user_id,score,n_leaf,rank,dissolve_how,score_col,selected
995171,394.22141101991326,2,1,sum,shift_l2,1
677651,394.15704478899585,2,2,sum,shift_l2,1
244153,384.3544693226535,1,3,sum,shift_l2,1
659353,381.32813404985484,1,4,sum,shift_l2,1
15242,376.9008602096006,1,5,sum,shift_l2,1
829018,366.8748464631695,1,6,sum,shift_l2,1
533492,363.7939104186774,1,7,sum,shift_l2,1
377967,362.4897458251364,1,8,sum,shift_l2,1
498375,215.79080672856702,2,9,sum,shift_l2,1
436263,212.66791765000391,2,10,sum,shift_l2,1
652352,210.49915743542255,4,11,sum,shift_l2,1
413897,204.8732662549518,1,12,sum,shift_l2,1
945217,204.66871129712314,5,13,sum,shift_l2,1
286057,204.12789868501787,2,14,sum,shift_l2,1
95491,195.60839352927763,1,15,sum,shift_l2,1
615722,189.82220107789982,1,16,sum,shift_l2,1
5675,189.67175533201763,5,17,sum,shift_l2,1
398700,188.1196045442627,1,18,sum,shift_l2,1
644100,182.75424495973027,5,19,sum,shift_l2,1
925158,180.49019148530292,1,20,sum,shift_l2,1
164355,179.14985359804635,1,21,sum,shift_l2,1
247730,177.08146470697682,1,22,sum,shift_l2,1
439552,170.7436134723377,4,23,sum,shift_l2,1
601777,167.2677558553931,5,24,sum,shift_l2,1
500173,165.70198709443207,6,25,sum,shift_l2,1
270628,159.58406527491377,2,26,sum,shift_l2,1
250341,156.2782185800986,4,27,sum,shift_l2,1
937073,152.52319758270406,2,28,sum,shift_l2,1
2675,151.91016285567,2,29,sum,shift_l2,1
1676,146.6353580405713,5,30,sum,shift_l2,1
611725,146.13021476825784,6,31,sum,shift_l2,1
152531,144.69004764457344,4,32,sum,shift_l2,1
296809,143.850967370895,5,33,sum,shift_l2,1
863245,143.67584104879413,3,34,sum,shift_l2,1
668371,136.80919809251517,4,35,sum,shift_l2,1
154853,136.38513889871479,1,36,sum,shift_l2,1
15618,136.37829805895927,1,37,sum,shift_l2,1
248548,135.26669835839562,3,38,sum,shift_l2,1
775277,133.87883633050592,4,39,sum,shift_l2,1
460376,133.68587076487185,1,40,sum,shift_l2,1
895091,133.29724512918744,4,41,sum,shift_l2,1
42333,133.19970903835778,5,42,sum,shift_l2,1
570849,132.30296042659245,3,43,sum,shift_l2,1
732194,130.66511201390122,2,44,sum,shift_l2,1
38846,126.7773784665543,5,45,sum,shift_l2,1
629155,125.18925281419311,4,46,sum,shift_l2,1
318,125.10921947970165,3,47,sum,shift_l2,1
499236,124.66544871013465,5,48,sum,shift_l2,1
897379,123.30856273389352,4,49,sum,shift_l2,1
520924,123.15227562282465,1,50,sum,shift_l2,1
828824,122.15714098367971,4,51,sum,shift_l2,0
9429,122.01621216955101,1,52,sum,shift_l2,0
860350,121.21475884800299,4,53,sum,shift_l2,0
463516,121.05137704794359,3,54,sum,shift_l2,0
944569,121.0093513549801,1,55,sum,shift_l2,0
935290,120.53603868795756,6,56,sum,shift_l2,0
499794,120.44067416800696,1,57,sum,shift_l2,0
580187,119.9387342293136,3,58,sum,shift_l2,0
987010,119.91308500210125,1,59,sum,shift_l2,0
114188,119.46622397585526,4,60,sum,shift_l2,0
34010,119.17921796465829,2,61,sum,shift_l2,0
558501,119.06465813868441,2,62,sum,shift_l2,0
219931,118.9380261282758,4,63,sum,shift_l2,0
363015,118.31287066940467,1,64,sum,shift_l2,0
944909,117.63460954588987,2,65,sum,shift_l2,0
702318,114.94447104677769,5,66,sum,shift_l2,0
627952,113.58347268074498,3,67,sum,shift_l2,0
368665,112.806135255536,3,68,sum,shift_l2,0
168989,112.79820147829963,1,69,sum,shift_l2,0
80678,112.26543409917377,6,70,sum,shift_l2,0
913552,112.00292659714239,4,71,sum,shift_l2,0
643972,112.001665744114,4,72,sum,shift_l2,0
210529,111.92578622003967,6,73,sum,shift_l2,0
334537,111.08867880854555,2,74,sum,shift_l2,0
53964,110.6678219607829,1,75,sum,shift_l2,0
563449,110.62844172175444,3,76,sum,shift_l2,0
484416,110.5846385725647,4,77,sum,shift_l2,0
786982,110.39494620373225,2,78,sum,shift_l2,0
908887,110.0937123506609,3,79,sum,shift_l2,0
11933,109.943157527549,3,80,sum,shift_l2,0
222964,109.9045802673723,3,81,sum,shift_l2,0
622021,109.31439615741456,5,82,sum,shift_l2,0
532505,108.97648699515555,4,83,sum,shift_l2,0
706995,108.16580099556732,4,84,sum,shift_l2,0
55127,107.90375935791528,3,85,sum,shift_l2,0
827695,107.73484316116803,3,86,sum,shift_l2,0
401025,107.07358541561487,6,87,sum,shift_l2,0
87460,106.77763639119841,3,88,sum,shift_l2,0
264799,106.58956546633172,4,89,sum,shift_l2,0
879496,106.5392262540051,1,90,sum,shift_l2,0
854380,106.51625880757938,6,91,sum,shift_l2,0
541352,106.34466188822068,3,92,sum,shift_l2,0
166029,106.14632283330985,3,93,sum,shift_l2,0
837110,105.78925890135031,7,94,sum,shift_l2,0
692866,104.74418714989007,1,95,sum,shift_l2,0
288038,104.11252488476418,5,96,sum,shift_l2,0
144310,104.10338207494213,4,97,sum,shift_l2,0
647371,103.74901212729145,5,98,sum,shift_l2,0
454222,103.51351065932084,3,99,sum,shift_l2,0
58601,103.45499559558093,3,100,sum,shift_l2,0
196238,103.24874600828738,4,101,sum,shift_l2,0
628959,103.23322264985971,3,102,sum,shift_l2,0
946911,103.13983514527963,3,103,sum,shift_l2,0
255517,102.88796047576025,4,104,sum,shift_l2,0
740934,102.8383876121492,4,105,sum,shift_l2,0
320935,102.12995088782486,3,106,sum,shift_l2,0
838316,101.9377198631913,3,107,sum,shift_l2,0
599941,101.86062295949111,4,108,sum,shift_l2,0
888238,101.41096954399033,3,109,sum,shift_l2,0
803443,101.08260145268653,3,110,sum,shift_l2,0
429800,100.4891057122103,2,111,sum,shift_l2,0
469672,100.4736216657861,1,112,sum,shift_l2,0
520796,100.37865407526307,6,113,sum,shift_l2,0
40805,100.11236216172435,3,114,sum,shift_l2,0
370541,99.9121743053198,2,115,sum,shift_l2,0
677945,99.81668129822478,3,116,sum,shift_l2,0
813711,99.26945508137152,3,117,sum,shift_l2,0
279904,98.00681662637434,3,118,sum,shift_l2,0
7709,97.8014252602592,4,119,sum,shift_l2,0
834626,97.6411075776307,4,120,sum,shift_l2,0
918292,97.59731968723653,3,121,sum,shift_l2,0
355436,97.06753460684212,4,122,sum,shift_l2,0
774916,96.95797686889523,4,123,sum,shift_l2,0
598942,96.77335973348787,3,124,sum,shift_l2,0
236107,96.73746461463601,3,125,sum,shift_l2,0
752318,96.69777661983709,3,126,sum,shift_l2,0
569894,96.51133165818452,3,127,sum,shift_l2,0
882183,96.40292668717426,3,128,sum,shift_l2,0
404689,96.14946792459793,4,129,sum,shift_l2,0
34996,95.98208746989123,3,130,sum,shift_l2,0
870651,95.84336360973622,2,131,sum,shift_l2,0
772308,95.84070595856454,5,132,sum,shift_l2,0
927790,95.54460879968352,3,133,sum,shift_l2,0
20777,95.5429460602463,5,134,sum,shift_l2,0
777513,95.5059427568801,3,135,sum,shift_l2,0
155019,95.44338751283777,3,136,sum,shift_l2,0
723277,95.3951480699851,4,137,sum,shift_l2,0
147438,95.25821196415833,4,138,sum,shift_l2,0
694741,95.2193235931406,3,139,sum,shift_l2,0
172328,95.18715095292768,3,140,sum,shift_l2,0
168351,94.77788800417683,3,141,sum,shift_l2,0
302436,94.73749301028049,3,142,sum,shift_l2,0
284998,94.70771712155442,3,143,sum,shift_l2,0
8638,94.50078914759482,4,144,sum,shift_l2,0
24717,94.38736269273838,4,145,sum,shift_l2,0
373209,93.85825967313419,3,146,sum,shift_l2,0
941959,93.73760683767406,2,147,sum,shift_l2,0
636981,93.31101448011302,3,148,sum,shift_l2,0
213117,93.25569761205065,4,149,sum,shift_l2,0
364019,93.17402190002974,4,150,sum,shift_l2,0
655871,92.8586642939733,2,151,sum,shift_l2,0
261653,92.76318839442166,3,152,sum,shift_l2,0
74230,92.58375979848748,3,153,sum,shift_l2,0
955479,92.52771187257491,3,154,sum,shift_l2,0
145110,92.39829162076695,5,155,sum,shift_l2,0
834193,92.25903944336588,3,156,sum,shift_l2,0
996187,92.07796541227097,2,157,sum,shift_l2,0
893439,91.80233387409407,3,158,sum,shift_l2,0
533564,91.60364052050662,6,159,sum,shift_l2,0
761458,91.34721728301702,3,160,sum,shift_l2,0
666870,91.17003903626497,4,161,sum,shift_l2,0
214013,91.15193122732954,3,162,sum,shift_l2,0
453057,91.06623793184585,2,163,sum,shift_l2,0
547167,90.90599597732691,3,164,sum,shift_l2,0
323384,90.9031613928432,3,165,sum,shift_l2,0
73088,90.89023870856457,3,166,sum,shift_l2,0
901934,90.6394691703123,3,167,sum,shift_l2,0
89788,90.38422560250308,3,168,sum,shift_l2,0
974498,90.35074300831491,3,169,sum,shift_l2,0
735123,90.16871574018701,3,170,sum,shift_l2,0
979786,90.15331663182457,3,171,sum,shift_l2,0
568530,89.37676201340345,3,172,sum,shift_l2,0
139954,89.19065149639005,1,173,sum,shift_l2,0
392106,89.16761631603835,1,174,sum,shift_l2,0
924141,88.88772187186188,3,175,sum,shift_l2,0
568571,88.79341842411036,1,176,sum,shift_l2,0
149048,88.70169357765057,3,177,sum,shift_l2,0
144558,88.6450131700988,3,178,sum,shift_l2,0
749371,88.43917462523238,1,179,sum,shift_l2,0
181150,88.16824612916443,3,180,sum,shift_l2,0
122363,87.72428909812417,3,181,sum,shift_l2,0
724062,87.69707570280153,2,182,sum,shift_l2,0
628990,87.66205332521554,4,183,sum,shift_l2,0
983360,87.59579564644808,3,184,sum,shift_l2,0
301162,87.57194415000627,3,185,sum,shift_l2,0
326993,87.55934370152168,3,186,sum,shift_l2,0
502457,87.50049547736832,1,187,sum,shift_l2,0
751000,87.21218786297555,3,188,sum,shift_l2,0
184100,86.65563011104949,2,189,sum,shift_l2,0
945448,85.98583247810615,3,190,sum,shift_l2,0
208735,85.9649580977506,3,191,sum,shift_l2,0
734732,85.83951888594433,3,192,sum,shift_l2,0
885755,85.79828398018003,3,193,sum,shift_l2,0
478094,85.70373811130432,3,194,sum,shift_l2,0
755161,85.61458158388785,4,195,sum,shift_l2,0
853645,85.5850257454993,2,196,sum,shift_l2,0
310758,85.46088702724155,3,197,sum,shift_l2,0
209024,85.19057023115448,3,198,sum,shift_l2,0
317105,85.00656182317928,3,199,sum,shift_l2,0
154406,84.8616388895433,1,200,sum,shift_l2,0
719749,84.60066751246237,3,201,sum,shift_l2,0
376838,84.45513233654103,4,202,sum,shift_l2,0
1000345,84.43915866145258,3,203,sum,shift_l2,0
901289,84.10849499378216,2,204,sum,shift_l2,0
216602,84.06285430424418,4,205,sum,shift_l2,0
946367,83.93431992362076,3,206,sum,shift_l2,0
874867,83.91470815269338,2,207,sum,shift_l2,0
721823,83.86701054374535,4,208,sum,shift_l2,0
602657,83.68445527476436,3,209,sum,shift_l2,0
623040,83.63063371099415,3,210,sum,shift_l2,0
499796,83.18326248924333,3,211,sum,shift_l2,0
64221,82.96474663913853,4,212,sum,shift_l2,0
353566,82.92648912277821,3,213,sum,shift_l2,0
829529,82.78098453659564,3,214,sum,shift_l2,0
489715,82.70698690178284,3,215,sum,shift_l2,0
268774,82.67662373229946,3,216,sum,shift_l2,0
87030,82.6536020140448,3,217,sum,shift_l2,0
71381,82.21504822689246,3,218,sum,shift_l2,0
153887,82.0823647167366,2,219,sum,shift_l2,0
282588,81.96726311800577,3,220,sum,shift_l2,0
297942,81.7686199130582,5,221,sum,shift_l2,0
598637,81.67717714846879,4,222,sum,shift_l2,0
236928,81.59708816478536,4,223,sum,shift_l2,0
472285,81.42198228410368,2,224,sum,shift_l2,0
102573,81.39079105275476,3,225,sum,shift_l2,0
990537,81.31843478044316,5,226,sum,shift_l2,0
253819,81.1489141413607,3,227,sum,shift_l2,0
33008,81.11537868634804,2,228,sum,shift_l2,0
824880,80.8546957741976,2,229,sum,shift_l2,0
363045,80.77771095795552,3,230,sum,shift_l2,0
326874,80.77115022460748,3,231,sum,shift_l2,0
609913,80.47183865080484,5,232,sum,shift_l2,0
603427,80.41911526125968,3,233,sum,shift_l2,0
824167,80.2567220728834,3,234,sum,shift_l2,0
557897,80.06850981411118,3,235,sum,shift_l2,0
953149,80.05508048235632,2,236,sum,shift_l2,0
938083,80.00244081984165,3,237,sum,shift_l2,0
275618,79.90910110261174,2,238,sum,shift_l2,0
633806,79.87051007845625,2,239,sum,shift_l2,0
360528,79.69573852791028,3,240,sum,shift_l2,0
467866,79.6895862893939,3,241,sum,shift_l2,0
402790,79.38796755537521,2,242,sum,shift_l2,0
791544,79.02803999136788,2,243,sum,shift_l2,0
556463,78.9696344598083,4,244,sum,shift_l2,0
159055,78.93715690794592,3,245,sum,shift_l2,0
3800,78.82492730218114,4,246,sum,shift_l2,0
496644,78.77418617326832,3,247,sum,shift_l2,0
435091,78.68222282325385,2,248,sum,shift_l2,0
512577,78.64672458878061,4,249,sum,shift_l2,0
424333,78.64568463457046,3,250,sum,shift_l2,0
889957,78.5794277505259,2,251,sum,shift_l2,0
94001,78.40547947543881,5,252,sum,shift_l2,0
196260,78.34664770302948,2,253,sum,shift_l2,0
5118,78.30083024057905,3,254,sum,shift_l2,0
185500,78.24699707575527,3,255,sum,shift_l2,0
873174,78.24096361294741,3,256,sum,shift_l2,0
692415,78.17083210354373,2,257,sum,shift_l2,0
321027,78.06958130177196,2,258,sum,shift_l2,0
669811,78.02808340290628,3,259,sum,shift_l2,0
89824,77.98574059460424,3,260,sum,shift_l2,0
344992,77.96446774481501,3,261,sum,shift_l2,0
547814,77.82237598081846,2,262,sum,shift_l2,0
723505,77.6625550896569,2,263,sum,shift_l2,0
95594,77.6047724617226,3,264,sum,shift_l2,0
789206,77.58968238725657,2,265,sum,shift_l2,0
92147,77.43221468741882,3,266,sum,shift_l2,0
454855,77.42674989684798,2,267,sum,shift_l2,0
358410,77.27458129180702,2,268,sum,shift_l2,0
554787,77.26980302990565,3,269,sum,shift_l2,0
788337,77.16924736806988,2,270,sum,shift_l2,0
841804,77.14946371001301,2,271,sum,shift_l2,0
663820,77.01976630058485,3,272,sum,shift_l2,0
844979,76.70462374713321,3,273,sum,shift_l2,0
914806,76.67100581705441,3,274,sum,shift_l2,0
776349,76.64178875590095,2,275,sum,shift_l2,0
428356,76.63931317072891,2,276,sum,shift_l2,0
622408,76.33332850305025,2,277,sum,shift_l2,0
289689,76.3288389409684,3,278,sum,shift_l2,0
741561,76.01755828951963,4,279,sum,shift_l2,0
628994,75.91372373759202,1,280,sum,shift_l2,0
410697,75.89095127324384,2,281,sum,shift_l2,0
222684,75.74248775718749,1,282,sum,shift_l2,0
658715,75.69329958723429,2,283,sum,shift_l2,0
687056,75.6328492094083,3,284,sum,shift_l2,0
370258,75.4054617302806,4,285,sum,shift_l2,0
999832,75.39157252524235,2,286,sum,shift_l2,0
89823,75.31254532420445,3,287,sum,shift_l2,0
724059,75.29043112290667,4,288,sum,shift_l2,0
762405,75.28434803704391,3,289,sum,shift_l2,0
378153,75.1315136008504,3,290,sum,shift_l2,0
397720,75.12296459443485,2,291,sum,shift_l2,0
191866,75.05817162762028,4,292,sum,shift_l2,0
643953,74.80450032062818,3,293,sum,shift_l2,0
607066,74.74819496947936,2,294,sum,shift_l2,0
378120,74.73323101564667,2,295,sum,shift_l2,0
853046,74.60173774934486,2,296,sum,shift_l2,0
459504,74.46490383512932,3,297,sum,shift_l2,0
389741,74.40386535045121,2,298,sum,shift_l2,0
781087,74.33440087274556,3,299,sum,shift_l2,0
982389,74.2033185812946,3,300,sum,shift_l2,0
652922,74.17963412479378,3,301,sum,shift_l2,0
460465,74.07739791261218,3,302,sum,shift_l2,0
906667,73.95278386823334,2,303,sum,shift_l2,0
447871,73.93880393439352,2,304,sum,shift_l2,0
601227,73.85030129944481,2,305,sum,shift_l2,0
72182,73.78479859797682,1,306,sum,shift_l2,0
380286,73.6725296247352,3,307,sum,shift_l2,0
331488,73.65354966801225,2,308,sum,shift_l2,0
161093,73.39677590547541,2,309,sum,shift_l2,0
217795,73.37995134909592,3,310,sum,shift_l2,0
354881,73.36342328134207,4,311,sum,shift_l2,0
87500,73.23279303908433,3,312,sum,shift_l2,0
75395,73.1413392460442,3,313,sum,shift_l2,0
819952,73.12613226160435,2,314,sum,shift_l2,0
581515,73.03038838004761,4,315,sum,shift_l2,0
41169,72.973318332166,2,316,sum,shift_l2,0
225633,72.81839686697074,2,317,sum,shift_l2,0
572203,72.78971774717184,2,318,sum,shift_l2,0
288039,72.72167596872238,2,319,sum,shift_l2,0
161743,72.70794281080052,4,320,sum,shift_l2,0
322614,72.70276597955214,2,321,sum,shift_l2,0
467432,72.55827348144564,3,322,sum,shift_l2,0
262920,72.52365365427926,3,323,sum,shift_l2,0
612236,72.50086262864355,2,324,sum,shift_l2,0
547802,72.48118920493238,2,325,sum,shift_l2,0
245062,72.33717281889147,3,326,sum,shift_l2,0
107108,72.31448510197656,3,327,sum,shift_l2,0
260636,72.2552643593504,2,328,sum,shift_l2,0
722103,72.13493378730348,2,329,sum,shift_l2,0
886185,72.06964626827863,3,330,sum,shift_l2,0
103934,71.81646126123644,2,331,sum,shift_l2,0
805579,71.69651434174705,3,332,sum,shift_l2,0
531384,71.69291574130897,2,333,sum,shift_l2,0
593662,71.64062903956327,2,334,sum,shift_l2,0
272114,71.44596178850365,3,335,sum,shift_l2,0
353563,71.39399045667412,4,336,sum,shift_l2,0
138138,71.34597844169606,3,337,sum,shift_l2,0
654085,71.17953621290987,2,338,sum,shift_l2,0
406280,71.16778426676419,4,339,sum,shift_l2,0
615007,71.15718007952565,3,340,sum,shift_l2,0
755649,71.10616895368152,1,341,sum,shift_l2,0
681065,71.07104034519402,3,342,sum,shift_l2,0
279195,70.78036187587898,3,343,sum,shift_l2,0
37499,70.70644730542159,3,344,sum,shift_l2,0
35902,70.67505345723984,3,345,sum,shift_l2,0
592933,70.63661134518007,2,346,sum,shift_l2,0
289849,70.61029380675512,1,347,sum,shift_l2,0
165357,70.60453876015953,3,348,sum,shift_l2,0
905423,70.57722969040108,2,349,sum,shift_l2,0
288489,70.51487636486598,2,350,sum,shift_l2,0
710452,70.4995381485705,2,351,sum,shift_l2,0
279100,70.49614813364319,3,352,sum,shift_l2,0
668654,70.47209682582707,2,353,sum,shift_l2,0
223605,70.39728305512071,4,354,sum,shift_l2,0
932436,70.39014788135394,2,355,sum,shift_l2,0
269790,70.35756332509676,2,356,sum,shift_l2,0
711884,70.14704667263574,1,357,sum,shift_l2,0
444234,70.10709301063821,2,358,sum,shift_l2,0
134369,70.09092325405553,3,359,sum,shift_l2,0
96762,70.0646388200899,3,360,sum,shift_l2,0
569688,70.06277372032967,2,361,sum,shift_l2,0
880145,70.01869887726971,3,362,sum,shift_l2,0
747476,69.96933969608975,2,363,sum,shift_l2,0
324401,69.9585524434199,4,364,sum,shift_l2,0
268922,69.92863022092777,2,365,sum,shift_l2,0
713601,69.90818160521447,2,366,sum,shift_l2,0
288649,69.90028226359274,3,367,sum,shift_l2,0
248985,69.76247950703612,3,368,sum,shift_l2,0
754271,69.71619675364752,2,369,sum,shift_l2,0
324079,69.71071527222438,4,370,sum,shift_l2,0
472088,69.6670328123214,2,371,sum,shift_l2,0
928645,69.65209902454718,2,372,sum,shift_l2,0
117674,69.58654799160914,2,373,sum,shift_l2,0
412387,69.54122007189801,4,374,sum,shift_l2,0
765961,69.54013988092849,2,375,sum,shift_l2,0
540554,69.47107368151046,5,376,sum,shift_l2,0
133948,69.46169150441489,3,377,sum,shift_l2,0
892725,69.46063731054352,2,378,sum,shift_l2,0
907726,69.40056138396707,2,379,sum,shift_l2,0
132692,69.32325578120138,2,380,sum,shift_l2,0
726561,69.28622048668707,1,381,sum,shift_l2,0
903098,69.22248044744447,2,382,sum,shift_l2,0
957693,69.11296114291895,2,383,sum,shift_l2,0
547507,69.11071472458038,2,384,sum,shift_l2,0
446679,69.1088389302457,3,385,sum,shift_l2,0
742741,69.08773718234156,2,386,sum,shift_l2,0
902021,68.97418985754841,3,387,sum,shift_l2,0
88823,68.95725578018477,2,388,sum,shift_l2,0
298841,68.95426875980279,2,389,sum,shift_l2,0
132970,68.90565739271089,2,390,sum,shift_l2,0
891995,68.90214254832945,2,391,sum,shift_l2,0
297786,68.64117234883565,3,392,sum,shift_l2,0
950986,68.55756586802644,2,393,sum,shift_l2,0
487014,68.50971899358919,2,394,sum,shift_l2,0
441421,68.47328425235126,2,395,sum,shift_l2,0
847405,68.46808802427468,3,396,sum,shift_l2,0
534834,68.33153534450558,3,397,sum,shift_l2,0
29361,68.2139396134896,2,398,sum,shift_l2,0
752038,68.20049334975751,3,399,sum,shift_l2,0
341493,68.18451009364364,2,400,sum,shift_l2,0
816766,68.03362842327243,2,401,sum,shift_l2,0
907837,68.02624357034955,4,402,sum,shift_l2,0
942734,68.0028241962014,2,403,sum,shift_l2,0
269164,67.99327740829504,2,404,sum,shift_l2,0
74574,67.98546288441261,2,405,sum,shift_l2,0
135817,67.9697135596519,2,406,sum,shift_l2,0
983189,67.95407641318766,2,407,sum,shift_l2,0
882178,67.93720350824985,3,408,sum,shift_l2,0
773753,67.91129438375644,3,409,sum,shift_l2,0
577393,67.82049170184229,2,410,sum,shift_l2,0
58322,67.80492591140003,2,411,sum,shift_l2,0
372149,67.79339636633793,2,412,sum,shift_l2,0
189268,67.77067939404512,4,413,sum,shift_l2,0
59400,67.75310799097565,2,414,sum,shift_l2,0
209473,67.66112266728317,3,415,sum,shift_l2,0
677917,67.64344848361549,2,416,sum,shift_l2,0
717995,67.64082388727928,2,417,sum,shift_l2,0
274112,67.63450777864362,4,418,sum,shift_l2,0
89054,67.61388194432905,2,419,sum,shift_l2,0
291544,67.58966292036959,2,420,sum,shift_l2,0
287217,67.53057683510184,3,421,sum,shift_l2,0
7472,67.5058043855015,2,422,sum,shift_l2,0
124837,67.4957801593839,2,423,sum,shift_l2,0
738186,67.4707813285704,4,424,sum,shift_l2,0
208310,67.4432881710482,2,425,sum,shift_l2,0
15311,67.42656695614566,1,426,sum,shift_l2,0
263111,67.4236692810486,1,427,sum,shift_l2,0
677950,67.41245490587067,2,428,sum,shift_l2,0
699745,67.4019277578422,2,429,sum,shift_l2,0
37657,67.38028097833069,3,430,sum,shift_l2,0
461629,67.37284111094432,2,431,sum,shift_l2,0
982206,67.26512434745815,2,432,sum,shift_l2,0
684553,67.18155445678556,3,433,sum,shift_l2,0
441869,67.18005199231007,3,434,sum,shift_l2,0
15847,67.13273234135335,2,435,sum,shift_l2,0
53764,66.87227028701133,3,436,sum,shift_l2,0
712443,66.86037210638173,2,437,sum,shift_l2,0
712170,66.80696826705584,2,438,sum,shift_l2,0
750959,66.7718598947678,3,439,sum,shift_l2,0
713821,66.76974293195244,2,440,sum,shift_l2,0
617371,66.75373236781134,3,441,sum,shift_l2,0
573073,66.7050862144024,3,442,sum,shift_l2,0
844354,66.65817199552761,2,443,sum,shift_l2,0
292688,66.65441319631297,3,444,sum,shift_l2,0
212784,66.65273384947787,2,445,sum,shift_l2,0
265961,66.5965634215377,2,446,sum,shift_l2,0
682407,66.56782078671483,3,447,sum,shift_l2,0
948695,66.5377280282916,2,448,sum,shift_l2,0
863504,66.5012872931138,2,449,sum,shift_l2,0
200890,66.47259322557971,2,450,sum,shift_l2,0
679635,66.46925359248145,2,451,sum,shift_l2,0
583186,66.4634411772276,2,452,sum,shift_l2,0
27034,66.42076089691733,2,453,sum,shift_l2,0
969330,66.3337323224954,2,454,sum,shift_l2,0
790365,66.3119951298803,2,455,sum,shift_l2,0
539485,66.28522870916004,4,456,sum,shift_l2,0
302326,66.28434394449121,3,457,sum,shift_l2,0
205808,66.24982511123159,2,458,sum,shift_l2,0
419059,66.23912794375417,3,459,sum,shift_l2,0
960313,66.21939129761755,2,460,sum,shift_l2,0
505972,66.17887378915894,2,461,sum,shift_l2,0
583836,66.15635374702222,2,462,sum,shift_l2,0
831037,66.09950174997735,2,463,sum,shift_l2,0
906225,66.06217371959663,1,464,sum,shift_l2,0
917127,66.0462885783437,2,465,sum,shift_l2,0
446412,65.99612599006952,2,466,sum,shift_l2,0
751948,65.93228937460339,3,467,sum,shift_l2,0
745149,65.9265948147203,2,468,sum,shift_l2,0
720645,65.87796976574418,3,469,sum,shift_l2,0
811300,65.75311791687348,2,470,sum,shift_l2,0
104805,65.74232804959826,2,471,sum,shift_l2,0
508110,65.65667447640705,2,472,sum,shift_l2,0
764818,65.6004190080613,4,473,sum,shift_l2,0
336043,65.57638181505573,2,474,sum,shift_l2,0
633423,65.49263534741696,2,475,sum,shift_l2,0
40806,65.49046258605392,3,476,sum,shift_l2,0
725829,65.43290345808818,1,477,sum,shift_l2,0
779055,65.37625175566183,2,478,sum,shift_l2,0
125804,65.3492666773767,2,479,sum,shift_l2,0
294295,65.33683676170979,4,480,sum,shift_l2,0
559421,65.28548160533464,2,481,sum,shift_l2,0
689805,65.2520837152251,3,482,sum,shift_l2,0
860621,65.24927501706345,2,483,sum,shift_l2,0
874134,65.23076657074125,5,484,sum,shift_l2,0
69598,65.18829165126488,2,485,sum,shift_l2,0
750877,65.01328589780572,2,486,sum,shift_l2,0
982629,64.99476602246506,2,487,sum,shift_l2,0
670781,64.98942223710068,2,488,sum,shift_l2,0
985255,64.9664809663694,4,489,sum,shift_l2,0
710719,64.87319222505779,3,490,sum,shift_l2,0
582041,64.86738861999291,2,491,sum,shift_l2,0
491408,64.78629020882119,4,492,sum,shift_l2,0
756322,64.78179153714616,3,493,sum,shift_l2,0
533670,64.71443321789226,2,494,sum,shift_l2,0
260426,64.64808721609226,2,495,sum,shift_l2,0
476554,64.64117206944451,3,496,sum,shift_l2,0
728149,64.60431119053374,2,497,sum,shift_l2,0
67911,64.60061097345255,2,498,sum,shift_l2,0
860923,64.56339629039684,3,499,sum,shift_l2,0
123644,64.54937892318755,2,500,sum,shift_l2,0
685458,64.53653477246897,2,501,sum,shift_l2,0
646278,64.51957609929616,2,502,sum,shift_l2,0
737747,64.44018306194037,2,503,sum,shift_l2,0
506854,64.43257590674975,2,504,sum,shift_l2,0
424601,64.42971298715256,2,505,sum,shift_l2,0
28915,64.35427085275883,2,506,sum,shift_l2,0
891116,64.29893879985855,3,507,sum,shift_l2,0
250050,64.26277089686354,3,508,sum,shift_l2,0
254826,64.24760754926558,3,509,sum,shift_l2,0
657041,64.24737401457611,2,510,sum,shift_l2,0
353111,64.24376281865172,2,511,sum,shift_l2,0
305918,64.24376214220129,3,512,sum,shift_l2,0
509998,64.13826220215951,3,513,sum,shift_l2,0
882307,64.07902151918975,2,514,sum,shift_l2,0
661488,64.01318398093757,2,515,sum,shift_l2,0
570122,64.01222847447224,4,516,sum,shift_l2,0
133838,63.996167558886114,3,517,sum,shift_l2,0
601797,63.94309729585973,3,518,sum,shift_l2,0
443463,63.856033903430074,2,519,sum,shift_l2,0
786991,63.84005540154949,2,520,sum,shift_l2,0
633790,63.8339292871089,3,521,sum,shift_l2,0
971010,63.75159275190602,2,522,sum,shift_l2,0
460033,63.7067254331955,2,523,sum,shift_l2,0
136090,63.66025412733968,3,524,sum,shift_l2,0
270882,63.60792619546204,2,525,sum,shift_l2,0
499793,63.58732823369814,3,526,sum,shift_l2,0
396102,63.579403645150435,2,527,sum,shift_l2,0
623335,63.57178931115823,2,528,sum,shift_l2,0
86303,63.499889812148496,2,529,sum,shift_l2,0
955475,63.47941547380754,2,530,sum,shift_l2,0
792793,63.45347651723138,2,531,sum,shift_l2,0
112848,63.40383857640819,2,532,sum,shift_l2,0
310462,63.356121384102636,2,533,sum,shift_l2,0
540643,63.349020904035925,4,534,sum,shift_l2,0
465826,63.335581899098,2,535,sum,shift_l2,0
159705,63.30043979633774,2,536,sum,shift_l2,0
33905,63.28875660975499,1,537,sum,shift_l2,0
934563,63.280381677154935,2,538,sum,shift_l2,0
118841,63.23664075772093,2,539,sum,shift_l2,0
837153,63.22332833300952,2,540,sum,shift_l2,0
491386,63.21804662331997,2,541,sum,shift_l2,0
984523,63.19643270555427,3,542,sum,shift_l2,0
930966,63.17400600745141,2,543,sum,shift_l2,0
528052,63.106864326847045,3,544,sum,shift_l2,0
117670,63.09250511516143,2,545,sum,shift_l2,0
915859,63.05552512639909,2,546,sum,shift_l2,0
8357,63.03070545346999,2,547,sum,shift_l2,0
460462,63.012213970327274,3,548,sum,shift_l2,0
157093,62.92829899051329,2,549,sum,shift_l2,0
490864,62.89204204641018,2,550,sum,shift_l2,0
483526,62.881071478578605,2,551,sum,shift_l2,0
4869,62.87389083155609,3,552,sum,shift_l2,0
15243,62.86379479927097,5,553,sum,shift_l2,0
576864,62.79983126414384,2,554,sum,shift_l2,0
714850,62.77887741030846,2,555,sum,shift_l2,0
489408,62.763656837799154,2,556,sum,shift_l2,0
136264,62.72462620593499,4,557,sum,shift_l2,0
811816,62.72357463121274,1,558,sum,shift_l2,0
561563,62.677455773053765,2,559,sum,shift_l2,0
431616,62.63134014383785,2,560,sum,shift_l2,0
621873,62.63116641468877,2,561,sum,shift_l2,0
940372,62.61513909848751,2,562,sum,shift_l2,0
840638,62.58532487026034,3,563,sum,shift_l2,0
881110,62.522163999602625,3,564,sum,shift_l2,0
228490,62.504874304682666,2,565,sum,shift_l2,0
962485,62.49580228773128,2,566,sum,shift_l2,0
378166,62.43766321276968,2,567,sum,shift_l2,0
39088,62.43601003146246,2,568,sum,shift_l2,0
610366,62.431459715912695,2,569,sum,shift_l2,0
316566,62.423057364448745,3,570,sum,shift_l2,0
365185,62.41135575090362,2,571,sum,shift_l2,0
952419,62.40004176704386,2,572,sum,shift_l2,0
14147,62.394560354984534,2,573,sum,shift_l2,0
724439,62.370742609389225,2,574,sum,shift_l2,0
197746,62.36395753993463,2,575,sum,shift_l2,0
672676,62.28597275209415,3,576,sum,shift_l2,0
216340,62.25886060846895,2,577,sum,shift_l2,0
515269,62.20156153043701,3,578,sum,shift_l2,0
315122,62.169464220778565,2,579,sum,shift_l2,0
39979,62.113392756724465,2,580,sum,shift_l2,0
474230,62.092592751364464,2,581,sum,shift_l2,0
814442,62.04789563263437,2,582,sum,shift_l2,0
921977,61.927450129726026,2,583,sum,shift_l2,0
30077,61.91476575511548,2,584,sum,shift_l2,0
490244,61.87596270734833,3,585,sum,shift_l2,0
71921,61.85175988250485,2,586,sum,shift_l2,0
332557,61.806598365705284,2,587,sum,shift_l2,0
395432,61.7471052399447,2,588,sum,shift_l2,0
978907,61.62108594412135,2,589,sum,shift_l2,0
77205,61.57799955207989,2,590,sum,shift_l2,0
754345,61.57660809057245,2,591,sum,shift_l2,0
575705,61.526867682676475,3,592,sum,shift_l2,0
557070,61.52635547830603,3,593,sum,shift_l2,0
304649,61.42982658068752,2,594,sum,shift_l2,0
469920,61.427521434413,2,595,sum,shift_l2,0
171330,61.41092615499401,2,596,sum,shift_l2,0
219968,61.40935568281718,1,597,sum,shift_l2,0
442582,61.39488384856159,2,598,sum,shift_l2,0
171035,61.387569560128654,2,599,sum,shift_l2,0
414022,61.35811220990894,2,600,sum,shift_l2,0
474304,61.263326409813814,2,601,sum,shift_l2,0
626452,61.23902785438629,2,602,sum,shift_l2,0
25882,61.1835921997002,2,603,sum,shift_l2,0
694455,61.10260543040386,2,604,sum,shift_l2,0
230549,61.101138643866356,2,605,sum,shift_l2,0
892641,60.987135642169434,3,606,sum,shift_l2,0
79328,60.983616798970004,2,607,sum,shift_l2,0
176846,60.92769798303753,2,608,sum,shift_l2,0
845277,60.90555913393528,2,609,sum,shift_l2,0
928641,60.88932331572042,2,610,sum,shift_l2,0
392620,60.88855827895607,1,611,sum,shift_l2,0
729311,60.87515076238924,2,612,sum,shift_l2,0
588288,60.788060004828374,2,613,sum,shift_l2,0
963651,60.78012975397013,2,614,sum,shift_l2,0
631273,60.7796512963791,2,615,sum,shift_l2,0
339528,60.775991781009495,2,616,sum,shift_l2,0
131613,60.76954806646043,4,617,sum,shift_l2,0
82725,60.71836119529101,2,618,sum,shift_l2,0
887901,60.70545713036632,2,619,sum,shift_l2,0
748551,60.70533235773861,2,620,sum,shift_l2,0
817627,60.65955208890625,2,621,sum,shift_l2,0
534655,60.635660897600786,2,622,sum,shift_l2,0
482742,60.62271102304176,2,623,sum,shift_l2,0
536031,60.58747946161293,3,624,sum,shift_l2,0
833017,60.561417213362006,2,625,sum,shift_l2,0
906669,60.55269519553416,3,626,sum,shift_l2,0
585527,60.552681801104896,2,627,sum,shift_l2,0
33904,60.549916178926665,2,628,sum,shift_l2,0
612876,60.520083185146454,2,629,sum,shift_l2,0
676164,60.505580039746675,3,630,sum,shift_l2,0
127698,60.48482287939832,2,631,sum,shift_l2,0
129206,60.478729635497785,2,632,sum,shift_l2,0
331051,60.475732705976625,2,633,sum,shift_l2,0
747372,60.436566734102605,2,634,sum,shift_l2,0
92297,60.39036938829476,2,635,sum,shift_l2,0
896406,60.377143594158404,2,636,sum,shift_l2,0
373140,60.30724754436941,3,637,sum,shift_l2,0
95799,60.21201662519482,2,638,sum,shift_l2,0
636637,60.19741169802889,2,639,sum,shift_l2,0
98975,60.10884296098058,2,640,sum,shift_l2,0
809492,60.09272555947696,2,641,sum,shift_l2,0
454813,60.0863309776219,2,642,sum,shift_l2,0
976304,60.084450719707014,2,643,sum,shift_l2,0
390740,60.06574369633057,2,644,sum,shift_l2,0
238413,60.065221260146515,2,645,sum,shift_l2,0
23443,60.02972125349778,2,646,sum,shift_l2,0
474600,59.99170595267533,2,647,sum,shift_l2,0
920805,59.98633723918933,2,648,sum,shift_l2,0
446069,59.98019016457265,2,649,sum,shift_l2,0
673018,59.87946925392399,2,650,sum,shift_l2,0
81812,59.86600311862318,2,651,sum,shift_l2,0
708396,59.86008791357807,2,652,sum,shift_l2,0
712186,59.73964428566778,2,653,sum,shift_l2,0
634759,59.72045909943199,2,654,sum,shift_l2,0
275743,59.708040395803216,3,655,sum,shift_l2,0
66706,59.704070501370225,2,656,sum,shift_l2,0
313962,59.69387450456661,3,657,sum,shift_l2,0
490502,59.67666134271322,2,658,sum,shift_l2,0
496484,59.63340524282922,2,659,sum,shift_l2,0
655571,59.61418618536267,2,660,sum,shift_l2,0
224615,59.581943278527746,2,661,sum,shift_l2,0
767421,59.57153839501915,2,662,sum,shift_l2,0
916698,59.538618634309955,2,663,sum,shift_l2,0
741667,59.50077373491741,2,664,sum,shift_l2,0
352589,59.46948506887,2,665,sum,shift_l2,0
539641,59.42562406814949,2,666,sum,shift_l2,0
59732,59.41770232659569,3,667,sum,shift_l2,0
560437,59.340977201453924,2,668,sum,shift_l2,0
871815,59.24818953721308,2,669,sum,shift_l2,0
645383,59.21557894871282,2,670,sum,shift_l2,0
338450,59.11938188612619,2,671,sum,shift_l2,0
600635,59.11882260119293,2,672,sum,shift_l2,0
789511,59.11106573336437,2,673,sum,shift_l2,0
539483,59.10271267368436,2,674,sum,shift_l2,0
213673,59.07437007523484,2,675,sum,shift_l2,0
831142,58.98193116084849,3,676,sum,shift_l2,0
826063,58.9677652801969,2,677,sum,shift_l2,0
626542,58.8904877840148,2,678,sum,shift_l2,0
723267,58.86459958536449,2,679,sum,shift_l2,0
201343,58.812155648007774,2,680,sum,shift_l2,0
149251,58.68822921360369,2,681,sum,shift_l2,0
691615,58.65297210284537,2,682,sum,shift_l2,0
708399,58.62964522728989,2,683,sum,shift_l2,0
963608,58.60543775106994,2,684,sum,shift_l2,0
658736,58.5289590762069,2,685,sum,shift_l2,0
805130,58.50532742640024,2,686,sum,shift_l2,0
35376,58.474770356782294,2,687,sum,shift_l2,0
860392,58.45952749037788,2,688,sum,shift_l2,0
156015,58.41221216107492,2,689,sum,shift_l2,0
582385,58.38665360801822,2,690,sum,shift_l2,0
616371,58.37806146626732,2,691,sum,shift_l2,0
674984,58.33450006916515,2,692,sum,shift_l2,0
255521,58.32137564586175,2,693,sum,shift_l2,0
662852,58.31507761357412,2,694,sum,shift_l2,0
988018,58.299099830642334,2,695,sum,shift_l2,0
23980,58.28950578048887,2,696,sum,shift_l2,0
847610,58.25204540306119,2,697,sum,shift_l2,0
701201,58.213131554367926,2,698,sum,shift_l2,0
30725,58.203911511649935,2,699,sum,shift_l2,0
600958,58.18971233392275,2,700,sum,shift_l2,0
176762,58.178795253818535,2,701,sum,shift_l2,0
865567,58.17870770039649,2,702,sum,shift_l2,0
935759,58.136152680248564,2,703,sum,shift_l2,0
586689,58.13018772855668,2,704,sum,shift_l2,0
220644,58.130137344608094,3,705,sum,shift_l2,0
157223,58.10035162409803,2,706,sum,shift_l2,0
323776,58.08492993092767,2,707,sum,shift_l2,0
620826,58.0821318308637,3,708,sum,shift_l2,0
998383,58.078037846573125,3,709,sum,shift_l2,0
366167,58.07358303202532,2,710,sum,shift_l2,0
434165,58.06153462816559,2,711,sum,shift_l2,0
509180,57.988941033159634,2,712,sum,shift_l2,0
933403,57.957303361920665,1,713,sum,shift_l2,0
693294,57.954124947815764,1,714,sum,shift_l2,0
905548,57.95162303487206,1,715,sum,shift_l2,0
625897,57.92685415534716,2,716,sum,shift_l2,0
398447,57.924115790433525,2,717,sum,shift_l2,0
446413,57.88349786573369,2,718,sum,shift_l2,0
970135,57.88022478719532,1,719,sum,shift_l2,0
675595,57.87046415908699,2,720,sum,shift_l2,0
363930,57.869042912151386,2,721,sum,shift_l2,0
625895,57.86870266601039,2,722,sum,shift_l2,0
685784,57.85594543524559,2,723,sum,shift_l2,0
907873,57.81636706210037,4,724,sum,shift_l2,0
79757,57.812010819681994,3,725,sum,shift_l2,0
983273,57.7798509861182,2,726,sum,shift_l2,0
766067,57.742646644210296,2,727,sum,shift_l2,0
258276,57.72743595706629,2,728,sum,shift_l2,0
167827,57.71580797044385,3,729,sum,shift_l2,0
813621,57.695355960723504,2,730,sum,shift_l2,0
43735,57.691661070225834,2,731,sum,shift_l2,0
131619,57.6880983288884,3,732,sum,shift_l2,0
144296,57.6605990542282,2,733,sum,shift_l2,0
697077,57.65962690884617,2,734,sum,shift_l2,0
421384,57.602484116353914,2,735,sum,shift_l2,0
726763,57.55537114392918,2,736,sum,shift_l2,0
716296,57.503820531172494,3,737,sum,shift_l2,0
529027,57.47129003189595,2,738,sum,shift_l2,0
351132,57.41251546467117,2,739,sum,shift_l2,0
140178,57.40938362652757,3,740,sum,shift_l2,0
333074,57.40781820270158,2,741,sum,shift_l2,0
105091,57.40009338593362,2,742,sum,shift_l2,0
877812,57.381620563943144,2,743,sum,shift_l2,0
282586,57.37837092059621,2,744,sum,shift_l2,0
274543,57.25641888177748,2,745,sum,shift_l2,0
415860,57.21480501849339,3,746,sum,shift_l2,0
713776,57.18469211993818,2,747,sum,shift_l2,0
209383,57.173948109102724,2,748,sum,shift_l2,0
226797,57.13571353557176,2,749,sum,shift_l2,0
356043,56.9552723087426,2,750,sum,shift_l2,0
926465,56.892220728850376,2,751,sum,shift_l2,0
820596,56.81329030631088,2,752,sum,shift_l2,0
640397,56.80600399738401,2,753,sum,shift_l2,0
607305,56.792517390237634,2,754,sum,shift_l2,0
896110,56.788040835616926,2,755,sum,shift_l2,0
999629,56.78660814905059,2,756,sum,shift_l2,0
512942,56.77014455524332,2,757,sum,shift_l2,0
185109,56.72638956573081,2,758,sum,shift_l2,0
224129,56.722835972858846,2,759,sum,shift_l2,0
396983,56.721632976646916,2,760,sum,shift_l2,0
618497,56.693232030125465,2,761,sum,shift_l2,0
245696,56.68998243680646,2,762,sum,shift_l2,0
122214,56.68897816118346,2,763,sum,shift_l2,0
949218,56.644524979672866,2,764,sum,shift_l2,0
71383,56.59274323403089,2,765,sum,shift_l2,0
831568,56.574625518374795,2,766,sum,shift_l2,0
120710,56.55792145212671,1,767,sum,shift_l2,0
595446,56.55428443784992,2,768,sum,shift_l2,0
212525,56.53340154529311,2,769,sum,shift_l2,0
971745,56.5326581390478,2,770,sum,shift_l2,0
932274,56.46552468746955,3,771,sum,shift_l2,0
345322,56.30774793840543,3,772,sum,shift_l2,0
254827,56.29713419805577,2,773,sum,shift_l2,0
317431,56.28820386336663,2,774,sum,shift_l2,0
248529,56.2537414490345,2,775,sum,shift_l2,0
438427,56.24274661010041,3,776,sum,shift_l2,0
211707,56.21638377595023,3,777,sum,shift_l2,0
660756,56.12404203392339,3,778,sum,shift_l2,0
484861,56.10202392420181,2,779,sum,shift_l2,0
657267,56.09946129820227,2,780,sum,shift_l2,0
230389,56.091339809373196,3,781,sum,shift_l2,0
637514,56.08763032993918,2,782,sum,shift_l2,0
466269,56.08028182600491,2,783,sum,shift_l2,0
105094,56.07757732464543,2,784,sum,shift_l2,0
507656,56.05590016766941,2,785,sum,shift_l2,0
149045,56.039771533905174,3,786,sum,shift_l2,0
463519,56.017014914607635,2,787,sum,shift_l2,0
65809,56.01083047933849,2,788,sum,shift_l2,0
621874,55.97859528737622,2,789,sum,shift_l2,0
113021,55.93236734105855,2,790,sum,shift_l2,0
156057,55.92830626346094,3,791,sum,shift_l2,0
390293,55.927773870664346,3,792,sum,shift_l2,0
953344,55.927344966170054,2,793,sum,shift_l2,0
179261,55.87974141236957,2,794,sum,shift_l2,0
511485,55.86334150255063,3,795,sum,shift_l2,0
92116,55.85700770889578,2,796,sum,shift_l2,0
485921,55.838365510181674,2,797,sum,shift_l2,0
287365,55.802065462285086,2,798,sum,shift_l2,0
970582,55.794935062961386,2,799,sum,shift_l2,0
193202,55.72207588572531,3,800,sum,shift_l2,0
494054,55.70450506159642,2,801,sum,shift_l2,0
696263,55.65538579705448,2,802,sum,shift_l2,0
150410,55.58842658552257,2,803,sum,shift_l2,0
212783,55.54557326994927,2,804,sum,shift_l2,0
306343,55.54177729893513,3,805,sum,shift_l2,0
896210,55.481289758634574,2,806,sum,shift_l2,0
557963,55.44730961729331,2,807,sum,shift_l2,0
795160,55.35675992342307,2,808,sum,shift_l2,0
325830,55.31281902326171,2,809,sum,shift_l2,0
448849,55.2810801896924,2,810,sum,shift_l2,0
336841,55.24053229188195,2,811,sum,shift_l2,0
369096,55.23308368451217,1,812,sum,shift_l2,0
232900,55.194831298651195,2,813,sum,shift_l2,0
980934,55.15776474813303,2,814,sum,shift_l2,0
342668,55.12646085025462,2,815,sum,shift_l2,0
703513,55.100872388630066,1,816,sum,shift_l2,0
226810,55.08903557490103,2,817,sum,shift_l2,0
96760,55.06014254417184,2,818,sum,shift_l2,0
656879,54.93962971754024,2,819,sum,shift_l2,0
356596,54.91427270141298,2,820,sum,shift_l2,0
435615,54.885486868687785,2,821,sum,shift_l2,0
581348,54.877489294513644,2,822,sum,shift_l2,0
58612,54.813977771526,2,823,sum,shift_l2,0
956639,54.796649967790344,2,824,sum,shift_l2,0
103732,54.77329907356753,2,825,sum,shift_l2,0
425600,54.75172297159857,1,826,sum,shift_l2,0
509997,54.747853271512966,2,827,sum,shift_l2,0
167548,54.72543493215103,2,828,sum,shift_l2,0
79220,54.68231562063454,2,829,sum,shift_l2,0
391907,54.67916395531816,2,830,sum,shift_l2,0
884752,54.675732825726996,2,831,sum,shift_l2,0
448413,54.669420816482386,2,832,sum,shift_l2,0
674309,54.64209058904325,2,833,sum,shift_l2,0
552156,54.60502479095038,2,834,sum,shift_l2,0
703360,54.57281489077345,2,835,sum,shift_l2,0
128028,54.56360488119704,2,836,sum,shift_l2,0
258467,54.464041921531475,2,837,sum,shift_l2,0
505782,54.46392352848541,2,838,sum,shift_l2,0
226166,54.4606481559795,2,839,sum,shift_l2,0
834181,54.45097094686106,1,840,sum,shift_l2,0
39085,54.43525056925937,2,841,sum,shift_l2,0
296188,54.42595222503917,2,842,sum,shift_l2,0
1295,54.4252567192639,2,843,sum,shift_l2,0
94626,54.40942477951405,2,844,sum,shift_l2,0
559964,54.36414898940057,2,845,sum,shift_l2,0
462697,54.3447945800074,2,846,sum,shift_l2,0
867170,54.31339129479407,2,847,sum,shift_l2,0
494350,54.28320818784746,2,848,sum,shift_l2,0
150122,54.211178581732085,2,849,sum,shift_l2,0
29550,54.19006485136197,2,850,sum,shift_l2,0
941735,54.17789926176066,2,851,sum,shift_l2,0
278025,54.168409273310616,2,852,sum,shift_l2,0
922941,54.1211803507469,2,853,sum,shift_l2,0
944058,54.11876412220426,1,854,sum,shift_l2,0
906863,54.08907930420306,1,855,sum,shift_l2,0
437654,54.076427372226526,2,856,sum,shift_l2,0
523416,54.049075113027875,2,857,sum,shift_l2,0
502333,54.032444718046406,3,858,sum,shift_l2,0
501335,53.98655271280872,2,859,sum,shift_l2,0
736018,53.98102516525738,3,860,sum,shift_l2,0
525736,53.97942803755477,3,861,sum,shift_l2,0
826489,53.96266298986813,2,862,sum,shift_l2,0
430256,53.95236147485879,2,863,sum,shift_l2,0
41021,53.94150156792936,2,864,sum,shift_l2,0
857134,53.93279749133199,2,865,sum,shift_l2,0
432735,53.83317818762295,2,866,sum,shift_l2,0
649873,53.82669483996362,2,867,sum,shift_l2,0
668500,53.82557986371408,2,868,sum,shift_l2,0
958785,53.82217062281601,3,869,sum,shift_l2,0
101445,53.798015850938214,2,870,sum,shift_l2,0
221281,53.77158994087654,2,871,sum,shift_l2,0
80920,53.737238713077694,2,872,sum,shift_l2,0
359281,53.693496179339625,2,873,sum,shift_l2,0
872970,53.681662763659126,2,874,sum,shift_l2,0
314054,53.676737531886964,2,875,sum,shift_l2,0
947344,53.659243510592646,2,876,sum,shift_l2,0
331672,53.628335160059876,2,877,sum,shift_l2,0
760155,53.591555731556895,2,878,sum,shift_l2,0
201232,53.556435313640364,2,879,sum,shift_l2,0
293031,53.50665802197544,2,880,sum,shift_l2,0
970151,53.506460479678054,2,881,sum,shift_l2,0
121155,53.50030565293095,2,882,sum,shift_l2,0
464679,53.49608736849943,4,883,sum,shift_l2,0
46357,53.47707911084915,2,884,sum,shift_l2,0
827662,53.45937029534507,2,885,sum,shift_l2,0
621979,53.39241797904356,2,886,sum,shift_l2,0
446946,53.382621280959675,2,887,sum,shift_l2,0
181152,53.34273268145745,2,888,sum,shift_l2,0
710186,53.330740587670164,2,889,sum,shift_l2,0
837682,53.32320019818368,2,890,sum,shift_l2,0
648708,53.321973151098334,2,891,sum,shift_l2,0
208204,53.29684686623297,2,892,sum,shift_l2,0
803679,53.293284050016354,3,893,sum,shift_l2,0
937074,53.2151253453754,2,894,sum,shift_l2,0
191609,53.192202099546776,2,895,sum,shift_l2,0
665136,53.063072970045695,2,896,sum,shift_l2,0
157386,53.04140522803745,2,897,sum,shift_l2,0
353752,53.01920874021717,3,898,sum,shift_l2,0
738092,52.95436572944348,2,899,sum,shift_l2,0
45539,52.91647506610769,2,900,sum,shift_l2,0
709134,52.81801105071035,2,901,sum,shift_l2,0
332680,52.770531765120026,2,902,sum,shift_l2,0
647456,52.764875857395225,2,903,sum,shift_l2,0
397265,52.72155414596271,2,904,sum,shift_l2,0
755815,52.69760526209171,2,905,sum,shift_l2,0
101401,52.69248067523987,2,906,sum,shift_l2,0
145457,52.68094064715213,2,907,sum,shift_l2,0
696776,52.67288556948819,2,908,sum,shift_l2,0
327908,52.66826242689626,2,909,sum,shift_l2,0
752122,52.66304050875158,2,910,sum,shift_l2,0
55910,52.65389562258163,2,911,sum,shift_l2,0
812462,52.609818976211244,2,912,sum,shift_l2,0
560595,52.60022748535734,2,913,sum,shift_l2,0
833359,52.56994788605946,2,914,sum,shift_l2,0
857760,52.54388423382103,2,915,sum,shift_l2,0
534381,52.51857759201911,2,916,sum,shift_l2,0
930338,52.51699885065494,2,917,sum,shift_l2,0
42183,52.51625295767236,2,918,sum,shift_l2,0
919007,52.46940701872203,2,919,sum,shift_l2,0
264123,52.43707117634808,3,920,sum,shift_l2,0
936435,52.35060421261428,2,921,sum,shift_l2,0
303635,52.343495504034316,2,922,sum,shift_l2,0
491879,52.280262294274635,3,923,sum,shift_l2,0
567259,52.18476592588078,2,924,sum,shift_l2,0
641289,52.138209448130716,2,925,sum,shift_l2,0
893459,52.1116436219816,2,926,sum,shift_l2,0
285004,52.05736393567513,2,927,sum,shift_l2,0
265072,52.031474802929026,2,928,sum,shift_l2,0
779579,52.024212642201135,3,929,sum,shift_l2,0
358247,52.01570516690774,2,930,sum,shift_l2,0
169515,51.96639963982614,2,931,sum,shift_l2,0
743544,51.94502069103243,2,932,sum,shift_l2,0
911358,51.934010948037034,2,933,sum,shift_l2,0
330145,51.86736483185037,2,934,sum,shift_l2,0
535818,51.81707007230497,2,935,sum,shift_l2,0
855584,51.79158206288322,2,936,sum,shift_l2,0
422846,51.754935721662605,2,937,sum,shift_l2,0
548043,51.74466352447885,2,938,sum,shift_l2,0
407999,51.74385703915654,2,939,sum,shift_l2,0
208740,51.72008522014055,2,940,sum,shift_l2,0
357759,51.70572616605372,2,941,sum,shift_l2,0
539477,51.69615456434946,2,942,sum,shift_l2,0
985891,51.66486431849957,2,943,sum,shift_l2,0
497644,51.63938384244152,2,944,sum,shift_l2,0
189544,51.60740413683955,2,945,sum,shift_l2,0
873173,51.563940298501336,2,946,sum,shift_l2,0
487231,51.54428050898877,2,947,sum,shift_l2,0
608765,51.46972289186575,2,948,sum,shift_l2,0
10591,51.46799420346043,2,949,sum,shift_l2,0
512954,51.44654735207361,2,950,sum,shift_l2,0
415039,51.40053548125648,2,951,sum,shift_l2,0
22284,51.38802432114707,2,952,sum,shift_l2,0
764176,51.26873931058235,3,953,sum,shift_l2,0
675257,51.23864048125514,2,954,sum,shift_l2,0
989086,51.234551922766485,2,955,sum,shift_l2,0
879513,51.19444037113211,1,956,sum,shift_l2,0
281554,51.17833840874586,2,957,sum,shift_l2,0
48941,51.12131042550418,2,958,sum,shift_l2,0
799926,51.02862021157155,2,959,sum,shift_l2,0
710119,51.025913355926335,2,960,sum,shift_l2,0
415149,51.00120306472054,2,961,sum,shift_l2,0
228493,50.99904458865174,3,962,sum,shift_l2,0
380282,50.99460994916289,2,963,sum,shift_l2,0
232871,50.991159856971855,2,964,sum,shift_l2,0
95492,50.979948164716156,2,965,sum,shift_l2,0
401240,50.97033263499225,2,966,sum,shift_l2,0
383767,50.9580505324986,2,967,sum,shift_l2,0
259638,50.94424669486685,2,968,sum,shift_l2,0
45526,50.867398863246855,2,969,sum,shift_l2,0
277853,50.85535689317115,2,970,sum,shift_l2,0
757758,50.82445845761291,2,971,sum,shift_l2,0
558111,50.82055174571165,2,972,sum,shift_l2,0
954350,50.78749173950133,2,973,sum,shift_l2,0
641627,50.771440938975275,2,974,sum,shift_l2,0
281425,50.75695724201087,2,975,sum,shift_l2,0
802805,50.74212975065271,3,976,sum,shift_l2,0
992660,50.67468820496528,2,977,sum,shift_l2,0
604448,50.674031201661855,3,978,sum,shift_l2,0
262922,50.64576471569767,2,979,sum,shift_l2,0
659354,50.64505541544286,1,980,sum,shift_l2,0
475567,50.61000377463269,2,981,sum,shift_l2,0
448848,50.59309958185321,2,982,sum,shift_l2,0
472813,50.577421444216874,2,983,sum,shift_l2,0
623571,50.57007979114991,2,984,sum,shift_l2,0
755811,50.513201386624985,2,985,sum,shift_l2,0
2636,50.498765144054005,2,986,sum,shift_l2,0
556459,50.49611609888015,2,987,sum,shift_l2,0
111903,50.494463809956216,2,988,sum,shift_l2,0
807168,50.48557634138026,3,989,sum,shift_l2,0
377226,50.48325358224574,2,990,sum,shift_l2,0
794942,50.48026269455367,2,991,sum,shift_l2,0
714983,50.438304512484514,2,992,sum,shift_l2,0
651460,50.41226919115465,2,993,sum,shift_l2,0
660517,50.37762849716212,2,994,sum,shift_l2,0
964340,50.35250512127186,2,995,sum,shift_l2,0
795016,50.34753531461578,2,996,sum,shift_l2,0
809254,50.32582207873212,2,997,sum,shift_l2,0
890591,50.28804093359811,2,998,sum,shift_l2,0
359572,50.2714194414131,2,999,sum,shift_l2,0
813902,50.230614034111184,2,1000,sum,shift_l2,0
776421,50.218125980319876,2,1001,sum,shift_l2,0
31577,50.21177154450535,2,1002,sum,shift_l2,0
641645,50.14571316343552,2,1003,sum,shift_l2,0
854418,50.12982522815336,3,1004,sum,shift_l2,0
705540,50.07814074340483,2,1005,sum,shift_l2,0
526592,50.059425517740095,2,1006,sum,shift_l2,0
408902,50.05423100916049,2,1007,sum,shift_l2,0
880133,50.02861503801042,2,1008,sum,shift_l2,0
373353,50.00423663331648,2,1009,sum,shift_l2,0
975660,49.98045180953197,2,1010,sum,shift_l2,0
442030,49.97088329833587,2,1011,sum,shift_l2,0
617492,49.904907328666525,2,1012,sum,shift_l2,0
357085,49.892973962012505,2,1013,sum,shift_l2,0
919275,49.89106707982175,3,1014,sum,shift_l2,0
730051,49.881226542112856,2,1015,sum,shift_l2,0
860233,49.84033866255835,2,1016,sum,shift_l2,0
371177,49.81138900205872,2,1017,sum,shift_l2,0
471994,49.73935613582048,2,1018,sum,shift_l2,0
714494,49.73862836541585,2,1019,sum,shift_l2,0
613670,49.64551805551396,2,1020,sum,shift_l2,0
368858,49.64215023106983,2,1021,sum,shift_l2,0
113741,49.62875629159593,2,1022,sum,shift_l2,0
592827,49.60710627516903,1,1023,sum,shift_l2,0
654677,49.57683575677491,2,1024,sum,shift_l2,0
103917,49.52231604148125,2,1025,sum,shift_l2,0
1001522,49.52020758167768,2,1026,sum,shift_l2,0
35359,49.484193792334466,2,1027,sum,shift_l2,0
254829,49.46521644662633,2,1028,sum,shift_l2,0
676147,49.443300515887984,4,1029,sum,shift_l2,0
24265,49.3946850880356,2,1030,sum,shift_l2,0
734736,49.39246279946693,2,1031,sum,shift_l2,0
318268,49.351353227067506,2,1032,sum,shift_l2,0
769551,49.33247662053405,3,1033,sum,shift_l2,0
968153,49.315906532489564,2,1034,sum,shift_l2,0
268775,49.29859544786919,2,1035,sum,shift_l2,0
199444,49.25327178468763,2,1036,sum,shift_l2,0
868365,49.21841346775224,2,1037,sum,shift_l2,0
292402,49.15262961768371,2,1038,sum,shift_l2,0
241050,49.14800258093445,2,1039,sum,shift_l2,0
687059,49.143309193242686,2,1040,sum,shift_l2,0
552465,49.13797439981779,2,1041,sum,shift_l2,0
805781,49.137295448593356,2,1042,sum,shift_l2,0
461827,49.12393088694122,2,1043,sum,shift_l2,0
69070,49.033468215171176,2,1044,sum,shift_l2,0
216633,49.01975238219214,2,1045,sum,shift_l2,0
977741,48.99506339343393,4,1046,sum,shift_l2,0
849894,48.94474784311384,2,1047,sum,shift_l2,0
447507,48.94428167883501,2,1048,sum,shift_l2,0
816240,48.91133810970242,2,1049,sum,shift_l2,0
64652,48.889896655330816,2,1050,sum,shift_l2,0
315107,48.819523308026575,3,1051,sum,shift_l2,0
262924,48.799495074616864,2,1052,sum,shift_l2,0
552992,48.79761620589369,2,1053,sum,shift_l2,0
607951,48.78265045431114,2,1054,sum,shift_l2,0
791825,48.78084899519083,3,1055,sum,shift_l2,0
739339,48.757541144979356,2,1056,sum,shift_l2,0
453531,48.710652992246594,2,1057,sum,shift_l2,0
831143,48.70509875553539,2,1058,sum,shift_l2,0
890831,48.695630808490094,2,1059,sum,shift_l2,0
411230,48.68437596657681,2,1060,sum,shift_l2,0
235766,48.62367330734635,4,1061,sum,shift_l2,0
88537,48.5721322930791,2,1062,sum,shift_l2,0
298514,48.52806666037377,2,1063,sum,shift_l2,0
923923,48.50433818993811,3,1064,sum,shift_l2,0
609927,48.500423539497966,2,1065,sum,shift_l2,0
298771,48.49987914140688,2,1066,sum,shift_l2,0
924098,48.48247218103354,2,1067,sum,shift_l2,0
17738,48.45732232976604,2,1068,sum,shift_l2,0
588282,48.441589315672076,3,1069,sum,shift_l2,0
832130,48.388878482185056,3,1070,sum,shift_l2,0
971637,48.32583681774381,2,1071,sum,shift_l2,0
471653,48.322302077883556,3,1072,sum,shift_l2,0
313319,48.308879684619896,2,1073,sum,shift_l2,0
861554,48.295393544991484,3,1074,sum,shift_l2,0
43466,48.29278604315282,2,1075,sum,shift_l2,0
964808,48.285135697529284,1,1076,sum,shift_l2,0
652087,48.26824102128511,2,1077,sum,shift_l2,0
714206,48.25188005051473,2,1078,sum,shift_l2,0
617230,48.23008982473094,2,1079,sum,shift_l2,0
160663,48.196440272183736,2,1080,sum,shift_l2,0
342143,48.184934459614865,3,1081,sum,shift_l2,0
210204,48.17819440351926,2,1082,sum,shift_l2,0
833506,48.140062946316924,2,1083,sum,shift_l2,0
681955,48.121243289764415,2,1084,sum,shift_l2,0
313874,48.073497039928526,2,1085,sum,shift_l2,0
268285,48.06565320455975,2,1086,sum,shift_l2,0
229653,48.05334774062307,2,1087,sum,shift_l2,0
578988,48.04495543138284,2,1088,sum,shift_l2,0
868327,48.034063124766504,2,1089,sum,shift_l2,0
795830,47.9985435361841,2,1090,sum,shift_l2,0
793999,47.9484609592096,2,1091,sum,shift_l2,0
825522,47.93829070430065,2,1092,sum,shift_l2,0
458566,47.93157644127612,2,1093,sum,shift_l2,0
562611,47.905754048129054,2,1094,sum,shift_l2,0
718857,47.85234385248498,2,1095,sum,shift_l2,0
905058,47.83651331797028,2,1096,sum,shift_l2,0
523638,47.82342636784535,2,1097,sum,shift_l2,0
401931,47.80339691264356,2,1098,sum,shift_l2,0
256111,47.74536125457169,2,1099,sum,shift_l2,0
916393,47.739133028121266,2,1100,sum,shift_l2,0
157076,47.71373212607476,2,1101,sum,shift_l2,0
48143,47.69848316184732,2,1102,sum,shift_l2,0
249711,47.67843226327492,2,1103,sum,shift_l2,0
184110,47.66838000230324,4,1104,sum,shift_l2,0
486232,47.66538541212937,2,1105,sum,shift_l2,0
20067,47.57083082169423,2,1106,sum,shift_l2,0
884635,47.56998050316773,2,1107,sum,shift_l2,0
126968,47.5548471067563,2,1108,sum,shift_l2,0
258477,47.55272580903734,2,1109,sum,shift_l2,0
483270,47.484789849247164,2,1110,sum,shift_l2,0
461785,47.45035854452375,2,1111,sum,shift_l2,0
923925,47.43209848194673,2,1112,sum,shift_l2,0
69060,47.409985536537086,2,1113,sum,shift_l2,0
731211,47.401919429578506,2,1114,sum,shift_l2,0
683392,47.279922484877375,2,1115,sum,shift_l2,0
696352,47.2501571134074,2,1116,sum,shift_l2,0
240886,47.23979739648361,2,1117,sum,shift_l2,0
192467,47.22230856650417,2,1118,sum,shift_l2,0
595149,47.220075953162635,2,1119,sum,shift_l2,0
397538,47.20215672953313,2,1120,sum,shift_l2,0
739770,47.1305937715405,2,1121,sum,shift_l2,0
344086,47.077713233674814,2,1122,sum,shift_l2,0
966362,46.99592486228669,2,1123,sum,shift_l2,0
18797,46.985246719016246,2,1124,sum,shift_l2,0
944046,46.98201964748947,1,1125,sum,shift_l2,0
568957,46.9667706497303,2,1126,sum,shift_l2,0
827207,46.95669130841644,3,1127,sum,shift_l2,0
17310,46.9395695029198,2,1128,sum,shift_l2,0
504442,46.92630493229831,2,1129,sum,shift_l2,0
685929,46.92234780732103,2,1130,sum,shift_l2,0
339652,46.91375321308782,1,1131,sum,shift_l2,0
397919,46.88908562794765,2,1132,sum,shift_l2,0
993823,46.880296402253855,3,1133,sum,shift_l2,0
503885,46.84979821383172,2,1134,sum,shift_l2,0
469581,46.833051655128614,2,1135,sum,shift_l2,0
682410,46.788991498303446,2,1136,sum,shift_l2,0
542534,46.773614754007184,2,1137,sum,shift_l2,0
928662,46.72804568364914,2,1138,sum,shift_l2,0
469918,46.69488158820897,1,1139,sum,shift_l2,0
806003,46.68364593396355,1,1140,sum,shift_l2,0
955384,46.67296206891038,2,1141,sum,shift_l2,0
931501,46.567601865651625,2,1142,sum,shift_l2,0
238434,46.562093763765496,2,1143,sum,shift_l2,0
835828,46.55943326672862,2,1144,sum,shift_l2,0
517601,46.55255059712239,2,1145,sum,shift_l2,0
164159,46.52208712406177,2,1146,sum,shift_l2,0
650600,46.495411895319286,3,1147,sum,shift_l2,0
319900,46.493759472547424,2,1148,sum,shift_l2,0
209384,46.491689641192266,2,1149,sum,shift_l2,0
78204,46.48244332868925,2,1150,sum,shift_l2,0
567556,46.42054987233086,2,1151,sum,shift_l2,0
822917,46.401971142557386,2,1152,sum,shift_l2,0
289560,46.37537206850148,1,1153,sum,shift_l2,0
917288,46.36697838076593,1,1154,sum,shift_l2,0
256140,46.348890954829045,2,1155,sum,shift_l2,0
209674,46.32286927810061,2,1156,sum,shift_l2,0
479255,46.30684045231308,1,1157,sum,shift_l2,0
596576,46.29750642084973,3,1158,sum,shift_l2,0
806736,46.287865139159734,2,1159,sum,shift_l2,0
413985,46.24370367455074,3,1160,sum,shift_l2,0
131817,46.23765519491728,2,1161,sum,shift_l2,0
917128,46.21472096385905,1,1162,sum,shift_l2,0
175324,46.20631388758342,2,1163,sum,shift_l2,0
301981,46.19806918521379,1,1164,sum,shift_l2,0
970774,46.1940825495878,1,1165,sum,shift_l2,0
145750,46.170066941251974,2,1166,sum,shift_l2,0
668887,46.149574082095754,2,1167,sum,shift_l2,0
427836,46.14837244282418,2,1168,sum,shift_l2,0
842658,46.130656509077134,1,1169,sum,shift_l2,0
609401,46.09624147471144,2,1170,sum,shift_l2,0
952418,46.08549733986784,2,1171,sum,shift_l2,0
498805,46.07480348124666,2,1172,sum,shift_l2,0
863231,46.07420093690412,1,1173,sum,shift_l2,0
716303,46.06885803447413,1,1174,sum,shift_l2,0
315373,46.063303519993,2,1175,sum,shift_l2,0
266569,46.06195793874898,2,1176,sum,shift_l2,0
554776,46.018484000503605,2,1177,sum,shift_l2,0
282717,46.01644989499381,1,1178,sum,shift_l2,0
297049,45.95188817462297,1,1179,sum,shift_l2,0
86295,45.94982596434555,1,1180,sum,shift_l2,0
972732,45.948509218479735,1,1181,sum,shift_l2,0
231752,45.93515517516063,2,1182,sum,shift_l2,0
238348,45.9279154297471,2,1183,sum,shift_l2,0
594826,45.92597576106559,2,1184,sum,shift_l2,0
332210,45.918060296445546,2,1185,sum,shift_l2,0
537359,45.905100756745895,2,1186,sum,shift_l2,0
910584,45.892695578349176,2,1187,sum,shift_l2,0
721805,45.86185322156771,2,1188,sum,shift_l2,0
919023,45.8319818520619,2,1189,sum,shift_l2,0
228253,45.807525895048585,1,1190,sum,shift_l2,0
578538,45.806280073349846,1,1191,sum,shift_l2,0
397611,45.80560054688006,1,1192,sum,shift_l2,0
276762,45.76758269397003,2,1193,sum,shift_l2,0
906675,45.73408872467254,1,1194,sum,shift_l2,0
931278,45.711444596509786,2,1195,sum,shift_l2,0
365371,45.66630273345719,2,1196,sum,shift_l2,0
435887,45.640520077015665,2,1197,sum,shift_l2,0
765095,45.59949725632354,2,1198,sum,shift_l2,0
565233,45.54776832465602,2,1199,sum,shift_l2,0
168069,45.54499742501285,2,1200,sum,shift_l2,0
547801,45.52555687840624,1,1201,sum,shift_l2,0
456544,45.52092261569784,2,1202,sum,shift_l2,0
627980,45.52049814940275,1,1203,sum,shift_l2,0
672661,45.51911037117941,2,1204,sum,shift_l2,0
426772,45.51244207478648,2,1205,sum,shift_l2,0
946381,45.502496376023906,2,1206,sum,shift_l2,0
570677,45.48862669237644,2,1207,sum,shift_l2,0
428985,45.46843686322953,3,1208,sum,shift_l2,0
900860,45.454372480937785,1,1209,sum,shift_l2,0
596421,45.40684159869336,1,1210,sum,shift_l2,0
506493,45.40527669092923,2,1211,sum,shift_l2,0
260425,45.3906125548276,2,1212,sum,shift_l2,0
316536,45.379674240367805,1,1213,sum,shift_l2,0
874562,45.37687333488244,2,1214,sum,shift_l2,0
63101,45.35716075785686,2,1215,sum,shift_l2,0
661493,45.34109435968246,2,1216,sum,shift_l2,0
489405,45.309913126800964,1,1217,sum,shift_l2,0
630826,45.306614121763374,2,1218,sum,shift_l2,0
265160,45.27864330210341,1,1219,sum,shift_l2,0
563777,45.24060649819059,2,1220,sum,shift_l2,0
249690,45.235886588669366,1,1221,sum,shift_l2,0
830408,45.227195092005545,2,1222,sum,shift_l2,0
394268,45.21462306005717,2,1223,sum,shift_l2,0
383682,45.18365068736865,2,1224,sum,shift_l2,0
877822,45.16074228478435,1,1225,sum,shift_l2,0
357049,45.15653299443943,2,1226,sum,shift_l2,0
911322,45.12891433475333,2,1227,sum,shift_l2,0
346413,45.101771057090644,2,1228,sum,shift_l2,0
971749,45.08217753559649,1,1229,sum,shift_l2,0
939208,45.05543565674224,2,1230,sum,shift_l2,0
359194,45.049397388167776,1,1231,sum,shift_l2,0
265406,45.046378766324125,1,1232,sum,shift_l2,0
720318,45.044595958814455,1,1233,sum,shift_l2,0
537193,45.03189745559933,2,1234,sum,shift_l2,0
733444,45.008149871395865,2,1235,sum,shift_l2,0
912373,44.99866429617464,2,1236,sum,shift_l2,0
473245,44.99571207949016,2,1237,sum,shift_l2,0
134672,44.98395146267168,2,1238,sum,shift_l2,0
936450,44.98363303755674,1,1239,sum,shift_l2,0
822558,44.96954300055665,1,1240,sum,shift_l2,0
23122,44.96908912609038,1,1241,sum,shift_l2,0
908999,44.92566131251855,1,1242,sum,shift_l2,0
952179,44.89950620435655,1,1243,sum,shift_l2,0
704490,44.897819736732686,2,1244,sum,shift_l2,0
373223,44.86005617507164,1,1245,sum,shift_l2,0
490675,44.80848355370972,1,1246,sum,shift_l2,0
544856,44.80673819146221,1,1247,sum,shift_l2,0
146616,44.80212447640292,1,1248,sum,shift_l2,0
325872,44.79011438697181,2,1249,sum,shift_l2,0
344266,44.72763824867863,1,1250,sum,shift_l2,0
988013,44.695762867023205,2,1251,sum,shift_l2,0
790367,44.65464408710774,1,1252,sum,shift_l2,0
768553,44.54697378039721,1,1253,sum,shift_l2,0
281513,44.5459498224021,2,1254,sum,shift_l2,0
203820,44.53725900224442,2,1255,sum,shift_l2,0
30562,44.536022017894915,1,1256,sum,shift_l2,0
308137,44.51962538449115,2,1257,sum,shift_l2,0
490717,44.51164214813814,2,1258,sum,shift_l2,0
759006,44.50068433278706,2,1259,sum,shift_l2,0
935926,44.488117713156655,2,1260,sum,shift_l2,0
345854,44.394602172633796,2,1261,sum,shift_l2,0
3691,44.35996911494941,1,1262,sum,shift_l2,0
350071,44.35730078017044,2,1263,sum,shift_l2,0
80690,44.35491310807318,1,1264,sum,shift_l2,0
657043,44.328840959668455,2,1265,sum,shift_l2,0
372150,44.29619235523312,2,1266,sum,shift_l2,0
653559,44.270361918135094,2,1267,sum,shift_l2,0
40246,44.26904499195725,1,1268,sum,shift_l2,0
234062,44.26878950324705,2,1269,sum,shift_l2,0
470918,44.25793479998313,1,1270,sum,shift_l2,0
135296,44.25485215875113,2,1271,sum,shift_l2,0
99793,44.226587486808405,1,1272,sum,shift_l2,0
737735,44.209899529534376,2,1273,sum,shift_l2,0
611682,44.15895745267659,2,1274,sum,shift_l2,0
25429,44.14985542711551,2,1275,sum,shift_l2,0
816464,44.118138764240136,2,1276,sum,shift_l2,0
546641,44.09448815175884,1,1277,sum,shift_l2,0
856705,44.08742606266946,2,1278,sum,shift_l2,0
118100,44.058254138471966,3,1279,sum,shift_l2,0
51640,44.02545037632878,2,1280,sum,shift_l2,0
580863,44.007887911370794,2,1281,sum,shift_l2,0
323240,43.97189143698048,1,1282,sum,shift_l2,0
290703,43.95421300354218,2,1283,sum,shift_l2,0
374384,43.93996639823339,2,1284,sum,shift_l2,0
188986,43.886647889132384,2,1285,sum,shift_l2,0
68908,43.884527008671625,2,1286,sum,shift_l2,0
948395,43.881014447584604,2,1287,sum,shift_l2,0
369867,43.874635972505544,2,1288,sum,shift_l2,0
475396,43.871167966540156,1,1289,sum,shift_l2,0
357087,43.855900953885666,2,1290,sum,shift_l2,0
814870,43.79522453437205,1,1291,sum,shift_l2,0
87457,43.79417929882731,1,1292,sum,shift_l2,0
415571,43.794109177272595,1,1293,sum,shift_l2,0
688641,43.78134793445778,2,1294,sum,shift_l2,0
494591,43.76287541152856,1,1295,sum,shift_l2,0
164581,43.76177770833257,3,1296,sum,shift_l2,0
741669,43.75712997046568,2,1297,sum,shift_l2,0
389587,43.753260850461125,1,1298,sum,shift_l2,0
869918,43.74399144493512,2,1299,sum,shift_l2,0
12134,43.72714090992844,2,1300,sum,shift_l2,0
679974,43.70625161901259,3,1301,sum,shift_l2,0
853131,43.70499955765581,2,1302,sum,shift_l2,0
361247,43.687874511813206,4,1303,sum,shift_l2,0
37407,43.6591333249487,1,1304,sum,shift_l2,0
663078,43.65781992095027,1,1305,sum,shift_l2,0
633762,43.65667645409052,1,1306,sum,shift_l2,0
939395,43.6556527032582,1,1307,sum,shift_l2,0
451897,43.652986331925916,1,1308,sum,shift_l2,0
941958,43.63829874953883,1,1309,sum,shift_l2,0
89945,43.58878311602473,3,1310,sum,shift_l2,0
928315,43.57301057249712,2,1311,sum,shift_l2,0
548667,43.55562980111418,2,1312,sum,shift_l2,0
218681,43.55322113909648,2,1313,sum,shift_l2,0
996152,43.549603721636956,2,1314,sum,shift_l2,0
684767,43.541449577411456,1,1315,sum,shift_l2,0
114615,43.52951535339263,2,1316,sum,shift_l2,0
966363,43.52075062166755,2,1317,sum,shift_l2,0
414024,43.513727378089094,1,1318,sum,shift_l2,0
395819,43.50876045442962,2,1319,sum,shift_l2,0
397264,43.499735088494766,1,1320,sum,shift_l2,0
735899,43.44297671772968,2,1321,sum,shift_l2,0
112936,43.44171598330427,2,1322,sum,shift_l2,0
65295,43.41445551663269,1,1323,sum,shift_l2,0
194567,43.41401699018242,2,1324,sum,shift_l2,0
482095,43.40174258372912,1,1325,sum,shift_l2,0
269896,43.384824170912616,2,1326,sum,shift_l2,0
102459,43.36925796216736,2,1327,sum,shift_l2,0
788351,43.36518652982731,3,1328,sum,shift_l2,0
155062,43.359848253014086,1,1329,sum,shift_l2,0
194568,43.33992747628474,2,1330,sum,shift_l2,0
271260,43.32454607652774,2,1331,sum,shift_l2,0
21265,43.26700465060202,2,1332,sum,shift_l2,0
914356,43.25378628604871,2,1333,sum,shift_l2,0
241560,43.24691386438843,2,1334,sum,shift_l2,0
232715,43.229853712388724,2,1335,sum,shift_l2,0
49847,43.186381145193494,2,1336,sum,shift_l2,0
316535,43.16956450767441,1,1337,sum,shift_l2,0
676636,43.16308865569555,1,1338,sum,shift_l2,0
655882,43.16259731725739,1,1339,sum,shift_l2,0
637291,43.15893378898919,1,1340,sum,shift_l2,0
965971,43.15807180456255,2,1341,sum,shift_l2,0
311278,43.15347244039951,2,1342,sum,shift_l2,0
248804,43.13328861325989,2,1343,sum,shift_l2,0
373518,43.07396754313551,1,1344,sum,shift_l2,0
39860,43.07211537233843,1,1345,sum,shift_l2,0
79332,43.07112706013038,1,1346,sum,shift_l2,0
874325,43.05959619625776,2,1347,sum,shift_l2,0
261671,43.055141726276695,1,1348,sum,shift_l2,0
239593,43.05213389627417,1,1349,sum,shift_l2,0
964974,43.01873442701027,2,1350,sum,shift_l2,0
687768,42.993513734668404,1,1351,sum,shift_l2,0
897564,42.992811339778484,1,1352,sum,shift_l2,0
221821,42.98850463582616,1,1353,sum,shift_l2,0
356938,42.96474997614921,1,1354,sum,shift_l2,0
269721,42.94368936605951,3,1355,sum,shift_l2,0
80916,42.93732392333752,2,1356,sum,shift_l2,0
4223,42.92509672584907,2,1357,sum,shift_l2,0
205881,42.917333814839,2,1358,sum,shift_l2,0
176831,42.9143686996817,2,1359,sum,shift_l2,0
960836,42.9139772774914,1,1360,sum,shift_l2,0
807903,42.8968365158486,2,1361,sum,shift_l2,0
253787,42.84373061720157,1,1362,sum,shift_l2,0
210793,42.84026223934566,2,1363,sum,shift_l2,0
294724,42.826711095358164,1,1364,sum,shift_l2,0
707968,42.826599578217966,2,1365,sum,shift_l2,0
884783,42.77291411756747,2,1366,sum,shift_l2,0
941961,42.76603392682357,2,1367,sum,shift_l2,0
991535,42.723908136169115,2,1368,sum,shift_l2,0
48683,42.70976847556918,1,1369,sum,shift_l2,0
974798,42.70858483777637,1,1370,sum,shift_l2,0
684930,42.701273101943556,1,1371,sum,shift_l2,0
424445,42.68932399796336,2,1372,sum,shift_l2,0
769467,42.67169151043462,2,1373,sum,shift_l2,0
561596,42.60552755332543,2,1374,sum,shift_l2,0
544553,42.597890978084536,2,1375,sum,shift_l2,0
551303,42.570319853195066,1,1376,sum,shift_l2,0
549503,42.54990264804133,1,1377,sum,shift_l2,0
731398,42.473064871227606,2,1378,sum,shift_l2,0
235228,42.47051526575137,3,1379,sum,shift_l2,0
26078,42.46296776584656,1,1380,sum,shift_l2,0
901288,42.45240343315842,1,1381,sum,shift_l2,0
193206,42.44991774806915,1,1382,sum,shift_l2,0
315641,42.44598557385869,3,1383,sum,shift_l2,0
469026,42.44371888757487,1,1384,sum,shift_l2,0
208315,42.4333500437854,3,1385,sum,shift_l2,0
775279,42.40468330031652,3,1386,sum,shift_l2,0
394419,42.338508588636714,1,1387,sum,shift_l2,0
154857,42.31759557062156,1,1388,sum,shift_l2,0
372884,42.30534125713338,1,1389,sum,shift_l2,0
922765,42.277177826104975,2,1390,sum,shift_l2,0
955517,42.27341190007697,1,1391,sum,shift_l2,0
606702,42.26961248801748,2,1392,sum,shift_l2,0
286205,42.26018292850034,2,1393,sum,shift_l2,0
197851,42.23596990794893,2,1394,sum,shift_l2,0
769381,42.189652923099686,1,1395,sum,shift_l2,0
11844,42.18908571673501,1,1396,sum,shift_l2,0
689803,42.17217358493146,2,1397,sum,shift_l2,0
786556,42.16222975561449,1,1398,sum,shift_l2,0
908261,42.159953529626385,1,1399,sum,shift_l2,0
69030,42.15478368072386,2,1400,sum,shift_l2,0
453317,42.14717922725803,1,1401,sum,shift_l2,0
289198,42.14355340434511,2,1402,sum,shift_l2,0
706967,42.142074478118666,1,1403,sum,shift_l2,0
527408,42.12767067775546,2,1404,sum,shift_l2,0
413989,42.11313995007629,2,1405,sum,shift_l2,0
279905,42.10492187320498,3,1406,sum,shift_l2,0
610361,42.061822898120816,2,1407,sum,shift_l2,0
218808,42.05616250653329,1,1408,sum,shift_l2,0
835682,42.052041381587415,1,1409,sum,shift_l2,0
360962,42.04658821575117,2,1410,sum,shift_l2,0
628506,42.04421094016271,1,1411,sum,shift_l2,0
415186,42.02862433708127,2,1412,sum,shift_l2,0
722342,42.01477138579257,1,1413,sum,shift_l2,0
990333,42.00494493276086,1,1414,sum,shift_l2,0
662564,41.92099205203266,2,1415,sum,shift_l2,0
49111,41.90051998926381,1,1416,sum,shift_l2,0
24913,41.89245639570057,2,1417,sum,shift_l2,0
474300,41.87919667076232,1,1418,sum,shift_l2,0
69072,41.865401982047786,1,1419,sum,shift_l2,0
463947,41.862612772350595,1,1420,sum,shift_l2,0
725591,41.85206989385664,1,1421,sum,shift_l2,0
511414,41.82349029236367,1,1422,sum,shift_l2,0
478607,41.818045737170074,1,1423,sum,shift_l2,0
395391,41.801832048716086,1,1424,sum,shift_l2,0
674460,41.777793009907555,2,1425,sum,shift_l2,0
367073,41.74155315530714,2,1426,sum,shift_l2,0
334010,41.73197983966651,1,1427,sum,shift_l2,0
632440,41.7319214971168,1,1428,sum,shift_l2,0
1673,41.71370878198666,1,1429,sum,shift_l2,0
529026,41.70835951689604,1,1430,sum,shift_l2,0
550128,41.70436885627266,1,1431,sum,shift_l2,0
99273,41.69604567470639,1,1432,sum,shift_l2,0
946607,41.69338416404667,2,1433,sum,shift_l2,0
10666,41.68293618923282,1,1434,sum,shift_l2,0
519918,41.61336147226133,2,1435,sum,shift_l2,0
962452,41.61268216275479,2,1436,sum,shift_l2,0
627792,41.59525134542281,1,1437,sum,shift_l2,0
18473,41.59336494432162,1,1438,sum,shift_l2,0
854586,41.59194651239714,1,1439,sum,shift_l2,0
798608,41.561724068719705,1,1440,sum,shift_l2,0
603429,41.555961307156664,2,1441,sum,shift_l2,0
609022,41.52826893735029,1,1442,sum,shift_l2,0
499238,41.5053455764793,1,1443,sum,shift_l2,0
9812,41.499151668507686,2,1444,sum,shift_l2,0
340968,41.49701193028281,2,1445,sum,shift_l2,0
333073,41.47794744955974,1,1446,sum,shift_l2,0
147454,41.4707187382759,2,1447,sum,shift_l2,0
476000,41.466573206953804,1,1448,sum,shift_l2,0
970494,41.45770513037699,2,1449,sum,shift_l2,0
716142,41.45745415933214,1,1450,sum,shift_l2,0
873403,41.453935528867774,3,1451,sum,shift_l2,0
809777,41.41838832956787,2,1452,sum,shift_l2,0
405117,41.40165090039078,2,1453,sum,shift_l2,0
933559,41.38242800069354,2,1454,sum,shift_l2,0
705470,41.37058865758638,2,1455,sum,shift_l2,0
809066,41.355557614590204,2,1456,sum,shift_l2,0
371148,41.35540538370251,1,1457,sum,shift_l2,0
579699,41.34563299435978,1,1458,sum,shift_l2,0
714938,41.34427448831834,1,1459,sum,shift_l2,0
93098,41.32945584359575,2,1460,sum,shift_l2,0
796191,41.32275892565926,1,1461,sum,shift_l2,0
889430,41.26504735614766,2,1462,sum,shift_l2,0
270087,41.264304812536366,2,1463,sum,shift_l2,0
835703,41.26356174031699,1,1464,sum,shift_l2,0
474444,41.25674243376422,1,1465,sum,shift_l2,0
375463,41.25496761706533,2,1466,sum,shift_l2,0
315253,41.23744249578604,1,1467,sum,shift_l2,0
460460,41.210147101147996,2,1468,sum,shift_l2,0
362895,41.203414798967756,1,1469,sum,shift_l2,0
472087,41.20126404009665,1,1470,sum,shift_l2,0
972476,41.18915400539154,2,1471,sum,shift_l2,0
107253,41.164240091692676,2,1472,sum,shift_l2,0
603580,41.157549198939066,1,1473,sum,shift_l2,0
614007,41.153162837055866,1,1474,sum,shift_l2,0
686079,41.122605421835296,1,1475,sum,shift_l2,0
926617,41.10478597310018,2,1476,sum,shift_l2,0
290970,41.103106529266135,1,1477,sum,shift_l2,0
452330,41.10048059573664,2,1478,sum,shift_l2,0
456529,41.084053758090874,3,1479,sum,shift_l2,0
835340,41.070143083448684,3,1480,sum,shift_l2,0
495234,41.04451578475868,1,1481,sum,shift_l2,0
604753,41.01715419615174,2,1482,sum,shift_l2,0
560220,41.01647101465961,1,1483,sum,shift_l2,0
94592,41.01318720606901,1,1484,sum,shift_l2,0
784227,40.99479570897577,1,1485,sum,shift_l2,0
80918,40.99032256068201,1,1486,sum,shift_l2,0
353386,40.98007712418028,1,1487,sum,shift_l2,0
680085,40.971847989432945,1,1488,sum,shift_l2,0
432400,40.96222577911583,1,1489,sum,shift_l2,0
654722,40.95621119954956,1,1490,sum,shift_l2,0
368557,40.920365333884575,1,1491,sum,shift_l2,0
877170,40.87397432772406,3,1492,sum,shift_l2,0
865555,40.87144460763099,3,1493,sum,shift_l2,0
769125,40.860110480150496,1,1494,sum,shift_l2,0
338641,40.84825905059005,1,1495,sum,shift_l2,0
968973,40.838177474849736,2,1496,sum,shift_l2,0
570856,40.83598518029604,1,1497,sum,shift_l2,0
130455,40.81915012428915,1,1498,sum,shift_l2,0
38818,40.807691969115815,2,1499,sum,shift_l2,0
124467,40.798326498366485,1,1500,sum,shift_l2,0
609389,40.7941651119083,2,1501,sum,shift_l2,0
652396,40.76812045449779,1,1502,sum,shift_l2,0
869692,40.76783638549618,1,1503,sum,shift_l2,0
75664,40.74706914351356,1,1504,sum,shift_l2,0
988016,40.741686347593635,1,1505,sum,shift_l2,0
906832,40.739907032314306,1,1506,sum,shift_l2,0
626523,40.69715032952985,1,1507,sum,shift_l2,0
186390,40.647363001559015,1,1508,sum,shift_l2,0
681284,40.63288954704978,2,1509,sum,shift_l2,0
358922,40.62586178983663,1,1510,sum,shift_l2,0
343291,40.606390208316036,1,1511,sum,shift_l2,0
437411,40.60169031806255,2,1512,sum,shift_l2,0
766107,40.59751876665214,1,1513,sum,shift_l2,0
295011,40.59613096680437,1,1514,sum,shift_l2,0
89977,40.594448138443376,1,1515,sum,shift_l2,0
36372,40.58363585056811,1,1516,sum,shift_l2,0
340777,40.577072405201406,2,1517,sum,shift_l2,0
566916,40.57564250663741,1,1518,sum,shift_l2,0
584800,40.57382105007668,1,1519,sum,shift_l2,0
501849,40.56317306233617,2,1520,sum,shift_l2,0
41173,40.53768868288112,2,1521,sum,shift_l2,0
657912,40.509490235764254,2,1522,sum,shift_l2,0
461521,40.49994350551835,1,1523,sum,shift_l2,0
308434,40.496384797502955,3,1524,sum,shift_l2,0
899266,40.49560396806003,2,1525,sum,shift_l2,0
469312,40.48416628484014,2,1526,sum,shift_l2,0
614274,40.443610997845894,1,1527,sum,shift_l2,0
142277,40.44037975950572,2,1528,sum,shift_l2,0
174177,40.42971535098288,1,1529,sum,shift_l2,0
273291,40.383698864288164,1,1530,sum,shift_l2,0
992699,40.3804463654017,2,1531,sum,shift_l2,0
151283,40.37948543282168,1,1532,sum,shift_l2,0
15844,40.371033767610875,1,1533,sum,shift_l2,0
819949,40.37062615790898,2,1534,sum,shift_l2,0
287324,40.36464118175506,2,1535,sum,shift_l2,0
245317,40.36283048128395,2,1536,sum,shift_l2,0
25428,40.34558617361911,1,1537,sum,shift_l2,0
279229,40.32884490115065,2,1538,sum,shift_l2,0
119890,40.32236859048171,1,1539,sum,shift_l2,0
742742,40.311795055244325,1,1540,sum,shift_l2,0
159056,40.28228756711999,2,1541,sum,shift_l2,0
589604,40.26230107478719,1,1542,sum,shift_l2,0
635928,40.20206450155448,1,1543,sum,shift_l2,0
70070,40.20134442358898,2,1544,sum,shift_l2,0
347660,40.189964898464744,2,1545,sum,shift_l2,0
637817,40.18496821146926,2,1546,sum,shift_l2,0
373135,40.17589368997093,1,1547,sum,shift_l2,0
71020,40.17390611463387,1,1548,sum,shift_l2,0
931110,40.16788620859706,2,1549,sum,shift_l2,0
578539,40.14671177220088,2,1550,sum,shift_l2,0
977590,40.14354882124851,1,1551,sum,shift_l2,0
764733,40.14347299264643,2,1552,sum,shift_l2,0
877814,40.1418796363902,1,1553,sum,shift_l2,0
772595,40.10017721598344,1,1554,sum,shift_l2,0
602140,40.090104868494436,1,1555,sum,shift_l2,0
855550,40.087176875091245,1,1556,sum,shift_l2,0
608767,40.085761338925394,2,1557,sum,shift_l2,0
33274,40.082333668701786,1,1558,sum,shift_l2,0
101832,40.03742249942257,2,1559,sum,shift_l2,0
978713,40.03404510662442,2,1560,sum,shift_l2,0
202495,40.033775702289105,1,1561,sum,shift_l2,0
399934,40.01001751031535,1,1562,sum,shift_l2,0
625466,40.00228223070827,1,1563,sum,shift_l2,0
190430,39.99264706696024,1,1564,sum,shift_l2,0
855736,39.988522684808686,1,1565,sum,shift_l2,0
326872,39.956683937172635,1,1566,sum,shift_l2,0
63261,39.94871660287841,1,1567,sum,shift_l2,0
376352,39.94750624310902,2,1568,sum,shift_l2,0
781181,39.94495648885581,2,1569,sum,shift_l2,0
198925,39.941316124237346,1,1570,sum,shift_l2,0
75751,39.92680916521918,2,1571,sum,shift_l2,0
224474,39.90869804739245,2,1572,sum,shift_l2,0
860383,39.900535476691694,2,1573,sum,shift_l2,0
640735,39.90019199182917,1,1574,sum,shift_l2,0
100242,39.89371260909438,1,1575,sum,shift_l2,0
625017,39.88062793591152,2,1576,sum,shift_l2,0
384972,39.86946199034423,2,1577,sum,shift_l2,0
463860,39.86005827222137,1,1578,sum,shift_l2,0
320574,39.85859583025068,2,1579,sum,shift_l2,0
359191,39.84712498824227,1,1580,sum,shift_l2,0
566245,39.84683024977241,1,1581,sum,shift_l2,0
895765,39.84000980693856,2,1582,sum,shift_l2,0
705848,39.81936410015613,2,1583,sum,shift_l2,0
656667,39.81659172621261,3,1584,sum,shift_l2,0
87661,39.81239241569079,1,1585,sum,shift_l2,0
270096,39.76643637054816,2,1586,sum,shift_l2,0
727884,39.743187633207725,1,1587,sum,shift_l2,0
70457,39.72757517734664,1,1588,sum,shift_l2,0
692864,39.71945517229487,1,1589,sum,shift_l2,0
948501,39.71557515025343,3,1590,sum,shift_l2,0
4000,39.69515588270849,1,1591,sum,shift_l2,0
389782,39.69145528370564,1,1592,sum,shift_l2,0
542874,39.690729821423325,1,1593,sum,shift_l2,0
83887,39.68938562132058,1,1594,sum,shift_l2,0
762588,39.68523158397312,1,1595,sum,shift_l2,0
817199,39.68243094601044,2,1596,sum,shift_l2,0
587313,39.67540702414648,2,1597,sum,shift_l2,0
808091,39.67204098517455,1,1598,sum,shift_l2,0
538356,39.66774863328402,1,1599,sum,shift_l2,0
408604,39.66649400429412,1,1600,sum,shift_l2,0
591665,39.66228908524777,1,1601,sum,shift_l2,0
447593,39.657309545248545,2,1602,sum,shift_l2,0
929806,39.656346867975245,2,1603,sum,shift_l2,0
145385,39.64585622376875,1,1604,sum,shift_l2,0
870198,39.627383995407676,2,1605,sum,shift_l2,0
320850,39.595196558174365,2,1606,sum,shift_l2,0
291865,39.573024983315364,1,1607,sum,shift_l2,0
274109,39.56217089464539,2,1608,sum,shift_l2,0
322191,39.55871326776152,2,1609,sum,shift_l2,0
724131,39.55391811358878,1,1610,sum,shift_l2,0
3694,39.552446037612,1,1611,sum,shift_l2,0
695184,39.53417241634553,1,1612,sum,shift_l2,0
270100,39.53255432511363,2,1613,sum,shift_l2,0
787185,39.532258985156744,1,1614,sum,shift_l2,0
707966,39.51887818616013,1,1615,sum,shift_l2,0
699744,39.5120457699589,1,1616,sum,shift_l2,0
781907,39.50852862460986,1,1617,sum,shift_l2,0
329157,39.49939975153891,2,1618,sum,shift_l2,0
77431,39.48031378110877,1,1619,sum,shift_l2,0
396556,39.47095237845153,1,1620,sum,shift_l2,0
24710,39.43807811597642,1,1621,sum,shift_l2,0
681976,39.43747806357494,1,1622,sum,shift_l2,0
746357,39.41846018795472,2,1623,sum,shift_l2,0
174649,39.41752288056103,1,1624,sum,shift_l2,0
868484,39.41147734795389,1,1625,sum,shift_l2,0
611716,39.40105949980637,1,1626,sum,shift_l2,0
669532,39.39627925149326,2,1627,sum,shift_l2,0
801645,39.391831981261284,1,1628,sum,shift_l2,0
602141,39.37789042937607,2,1629,sum,shift_l2,0
303794,39.36665044908607,3,1630,sum,shift_l2,0
661529,39.34376440995056,2,1631,sum,shift_l2,0
347788,39.337358083813,1,1632,sum,shift_l2,0
633606,39.32016515159126,1,1633,sum,shift_l2,0
546275,39.31825440832625,1,1634,sum,shift_l2,0
571012,39.311366217436,2,1635,sum,shift_l2,0
310766,39.30265102365585,2,1636,sum,shift_l2,0
369829,39.301990415272726,3,1637,sum,shift_l2,0
467865,39.29873053760036,1,1638,sum,shift_l2,0
998023,39.29610425739283,2,1639,sum,shift_l2,0
390745,39.28102113721473,1,1640,sum,shift_l2,0
609021,39.264115115458246,1,1641,sum,shift_l2,0
516443,39.262491251494595,2,1642,sum,shift_l2,0
294297,39.24504798294096,2,1643,sum,shift_l2,0
176486,39.22358116834011,2,1644,sum,shift_l2,0
289203,39.19763981700546,1,1645,sum,shift_l2,0
513180,39.17187828073181,2,1646,sum,shift_l2,0
397906,39.157449430300886,1,1647,sum,shift_l2,0
941722,39.149517074734035,1,1648,sum,shift_l2,0
355776,39.136561468804246,2,1649,sum,shift_l2,0
589606,39.13234263424736,1,1650,sum,shift_l2,0
402793,39.12987583851595,1,1651,sum,shift_l2,0
602225,39.128587946865295,1,1652,sum,shift_l2,0
615720,39.126788209879955,1,1653,sum,shift_l2,0
424439,39.12409768994203,1,1654,sum,shift_l2,0
738007,39.11673873465555,1,1655,sum,shift_l2,0
563707,39.11572586011191,1,1656,sum,shift_l2,0
228795,39.07299838067489,3,1657,sum,shift_l2,0
82365,39.07235158821187,2,1658,sum,shift_l2,0
363043,39.07090517324484,1,1659,sum,shift_l2,0
737734,39.067569252871095,1,1660,sum,shift_l2,0
667213,39.0606741603243,1,1661,sum,shift_l2,0
202926,39.057284000096715,1,1662,sum,shift_l2,0
635752,39.05280461278937,2,1663,sum,shift_l2,0
960851,39.01664224350971,2,1664,sum,shift_l2,0
873684,39.00318136556478,2,1665,sum,shift_l2,0
501025,38.998983508032374,2,1666,sum,shift_l2,0
232718,38.99202710275709,1,1667,sum,shift_l2,0
637276,38.989485264305515,3,1668,sum,shift_l2,0
684625,38.98944576099062,2,1669,sum,shift_l2,0
574344,38.98221687820909,1,1670,sum,shift_l2,0
492549,38.98091823784997,1,1671,sum,shift_l2,0
525537,38.980228190673586,2,1672,sum,shift_l2,0
522480,38.979310897974855,1,1673,sum,shift_l2,0
32416,38.95957328049496,1,1674,sum,shift_l2,0
340601,38.956534587695735,1,1675,sum,shift_l2,0
61894,38.9547634944254,1,1676,sum,shift_l2,0
180317,38.95472019163336,1,1677,sum,shift_l2,0
268731,38.94902181628826,1,1678,sum,shift_l2,0
313601,38.93510386425084,1,1679,sum,shift_l2,0
147456,38.92926030072039,1,1680,sum,shift_l2,0
176757,38.917584158868145,1,1681,sum,shift_l2,0
433743,38.913340539735536,1,1682,sum,shift_l2,0
444928,38.90290129751563,1,1683,sum,shift_l2,0
110738,38.87865262236951,1,1684,sum,shift_l2,0
472089,38.85478377772126,1,1685,sum,shift_l2,0
548936,38.84464452479952,1,1686,sum,shift_l2,0
237186,38.84379981685342,1,1687,sum,shift_l2,0
549759,38.840807254117166,1,1688,sum,shift_l2,0
380716,38.815221051941315,1,1689,sum,shift_l2,0
870201,38.80642424893495,1,1690,sum,shift_l2,0
543004,38.76779516206044,2,1691,sum,shift_l2,0
697064,38.74126589537804,1,1692,sum,shift_l2,0
87371,38.73207746039347,1,1693,sum,shift_l2,0
365179,38.72990063218567,2,1694,sum,shift_l2,0
30350,38.71943464845247,1,1695,sum,shift_l2,0
304305,38.716080418535775,1,1696,sum,shift_l2,0
792618,38.711450855166575,3,1697,sum,shift_l2,0
847451,38.70573440846243,2,1698,sum,shift_l2,0
505606,38.7049252834007,1,1699,sum,shift_l2,0
688947,38.70371692144202,1,1700,sum,shift_l2,0
781179,38.702749842829625,1,1701,sum,shift_l2,0
591959,38.678362558574456,1,1702,sum,shift_l2,0
455365,38.66215001921596,1,1703,sum,shift_l2,0
936881,38.657018093233845,2,1704,sum,shift_l2,0
671839,38.65105159699501,1,1705,sum,shift_l2,0
24281,38.633339504535364,2,1706,sum,shift_l2,0
644220,38.62519775789959,1,1707,sum,shift_l2,0
777730,38.6060071275594,1,1708,sum,shift_l2,0
986118,38.59003464554305,1,1709,sum,shift_l2,0
160220,38.58223126060931,1,1710,sum,shift_l2,0
877661,38.58100826325163,2,1711,sum,shift_l2,0
958855,38.5761680931182,1,1712,sum,shift_l2,0
366341,38.56730102801911,1,1713,sum,shift_l2,0
667298,38.566316217391076,1,1714,sum,shift_l2,0
782496,38.55163670768881,1,1715,sum,shift_l2,0
899249,38.53457871093969,1,1716,sum,shift_l2,0
479788,38.530197269147386,1,1717,sum,shift_l2,0
334968,38.52503440536412,1,1718,sum,shift_l2,0
478950,38.51308420862904,1,1719,sum,shift_l2,0
705212,38.5072141065053,2,1720,sum,shift_l2,0
128322,38.506852970484104,1,1721,sum,shift_l2,0
804326,38.504262551965226,1,1722,sum,shift_l2,0
373514,38.5026722933676,2,1723,sum,shift_l2,0
887121,38.493025786115595,1,1724,sum,shift_l2,0
367706,38.48141370837186,1,1725,sum,shift_l2,0
933590,38.47009707117835,1,1726,sum,shift_l2,0
728924,38.45466810884616,1,1727,sum,shift_l2,0
1023,38.42449413795124,1,1728,sum,shift_l2,0
818788,38.421840876931064,1,1729,sum,shift_l2,0
943851,38.40871123137195,2,1730,sum,shift_l2,0
994809,38.40513550357222,1,1731,sum,shift_l2,0
892888,38.40205066424395,1,1732,sum,shift_l2,0
777693,38.39079365969528,1,1733,sum,shift_l2,0
877534,38.383795951163506,2,1734,sum,shift_l2,0
713775,38.36690074329062,1,1735,sum,shift_l2,0
780728,38.33384009952194,1,1736,sum,shift_l2,0
969457,38.32117612755619,1,1737,sum,shift_l2,0
865554,38.32097473591206,2,1738,sum,shift_l2,0
521046,38.32042606436585,1,1739,sum,shift_l2,0
634672,38.314040614497486,1,1740,sum,shift_l2,0
79241,38.31376031163562,1,1741,sum,shift_l2,0
697553,38.308604798145346,1,1742,sum,shift_l2,0
158349,38.296777834210005,1,1743,sum,shift_l2,0
46789,38.28800142441146,2,1744,sum,shift_l2,0
850449,38.27665028012184,1,1745,sum,shift_l2,0
317106,38.25473113339142,1,1746,sum,shift_l2,0
840642,38.25238372055224,1,1747,sum,shift_l2,0
549490,38.24235388949229,2,1748,sum,shift_l2,0
462341,38.21025350769891,2,1749,sum,shift_l2,0
210640,38.208315520112905,2,1750,sum,shift_l2,0
704489,38.19563944527114,2,1751,sum,shift_l2,0
145475,38.16411965591691,1,1752,sum,shift_l2,0
173273,38.09684400511212,1,1753,sum,shift_l2,0
364015,38.095756205267506,1,1754,sum,shift_l2,0
261672,38.07980365155362,2,1755,sum,shift_l2,0
787971,38.074597155294875,1,1756,sum,shift_l2,0
476734,38.0744131096238,1,1757,sum,shift_l2,0
906223,38.06983284191263,1,1758,sum,shift_l2,0
898739,38.06692984750616,1,1759,sum,shift_l2,0
272424,38.065464613573475,1,1760,sum,shift_l2,0
774933,38.06537635516999,2,1761,sum,shift_l2,0
433632,38.06272154277858,1,1762,sum,shift_l2,0
837680,38.06189711165843,1,1763,sum,shift_l2,0
36762,38.0606811565627,1,1764,sum,shift_l2,0
307507,38.05978373379929,2,1765,sum,shift_l2,0
38224,38.05628760483016,1,1766,sum,shift_l2,0
604593,38.05319638641713,1,1767,sum,shift_l2,0
898433,38.05036361774668,1,1768,sum,shift_l2,0
852095,38.04552377266248,1,1769,sum,shift_l2,0
800966,38.04540489724803,1,1770,sum,shift_l2,0
738003,38.043882498656686,1,1771,sum,shift_l2,0
939248,38.04224110869688,2,1772,sum,shift_l2,0
157892,38.03901363511544,1,1773,sum,shift_l2,0
746504,38.037153653592455,1,1774,sum,shift_l2,0
779567,38.036516459996406,1,1775,sum,shift_l2,0
82852,38.01577794962905,1,1776,sum,shift_l2,0
348909,38.007065122258155,1,1777,sum,shift_l2,0
499880,37.99613363956704,1,1778,sum,shift_l2,0
143666,37.99105524170852,1,1779,sum,shift_l2,0
383810,37.972955243867716,1,1780,sum,shift_l2,0
115777,37.96581720061952,1,1781,sum,shift_l2,0
492826,37.95845388654945,1,1782,sum,shift_l2,0
216644,37.944676730186366,2,1783,sum,shift_l2,0
143665,37.92096555858701,1,1784,sum,shift_l2,0
141900,37.91349863963379,1,1785,sum,shift_l2,0
841600,37.90954426437496,2,1786,sum,shift_l2,0
981232,37.89280201715758,1,1787,sum,shift_l2,0
268284,37.88267813081219,2,1788,sum,shift_l2,0
737448,37.87843846704288,2,1789,sum,shift_l2,0
985726,37.839481991994475,1,1790,sum,shift_l2,0
762496,37.8350843924136,1,1791,sum,shift_l2,0
446072,37.82723425738434,1,1792,sum,shift_l2,0
976432,37.8254625198428,1,1793,sum,shift_l2,0
157074,37.825310979237216,2,1794,sum,shift_l2,0
532334,37.814361701112155,2,1795,sum,shift_l2,0
541370,37.812320179299896,1,1796,sum,shift_l2,0
287148,37.80896805384668,1,1797,sum,shift_l2,0
891567,37.803133201419165,1,1798,sum,shift_l2,0
558261,37.780846668746904,1,1799,sum,shift_l2,0
89785,37.76827528330285,1,1800,sum,shift_l2,0
319130,37.760649649191635,2,1801,sum,shift_l2,0
297680,37.747781724947565,1,1802,sum,shift_l2,0
603590,37.710963019185655,2,1803,sum,shift_l2,0
783538,37.705245384444886,1,1804,sum,shift_l2,0
90861,37.70508381950633,1,1805,sum,shift_l2,0
85047,37.703497296421254,1,1806,sum,shift_l2,0
750002,37.70318944430886,1,1807,sum,shift_l2,0
787413,37.69128988518561,2,1808,sum,shift_l2,0
996858,37.691108487323035,1,1809,sum,shift_l2,0
178139,37.682191152304036,1,1810,sum,shift_l2,0
763752,37.68205906207407,1,1811,sum,shift_l2,0
933600,37.67621752383579,2,1812,sum,shift_l2,0
64423,37.674602146019176,1,1813,sum,shift_l2,0
712807,37.663376950332676,2,1814,sum,shift_l2,0
6854,37.65561901332079,1,1815,sum,shift_l2,0
18905,37.65137065402685,1,1816,sum,shift_l2,0
613416,37.64626836835915,2,1817,sum,shift_l2,0
893460,37.63975648439483,2,1818,sum,shift_l2,0
235464,37.63862865324553,1,1819,sum,shift_l2,0
95417,37.62438147596595,1,1820,sum,shift_l2,0
911318,37.62209958904371,1,1821,sum,shift_l2,0
47866,37.61585315494462,1,1822,sum,shift_l2,0
722339,37.61374842131827,1,1823,sum,shift_l2,0
812587,37.61344297493957,1,1824,sum,shift_l2,0
399303,37.61095871317491,1,1825,sum,shift_l2,0
149088,37.59971054058286,2,1826,sum,shift_l2,0
434467,37.59260559799792,2,1827,sum,shift_l2,0
549848,37.58870655337224,1,1828,sum,shift_l2,0
691742,37.580299575150235,1,1829,sum,shift_l2,0
479057,37.57286608217433,2,1830,sum,shift_l2,0
733537,37.5700075165194,1,1831,sum,shift_l2,0
332194,37.56779274891334,1,1832,sum,shift_l2,0
728154,37.566619037194265,1,1833,sum,shift_l2,0
862557,37.557497817775605,2,1834,sum,shift_l2,0
806648,37.54690166885068,2,1835,sum,shift_l2,0
560400,37.54353397389538,2,1836,sum,shift_l2,0
363569,37.542524414021656,1,1837,sum,shift_l2,0
959392,37.54137256401173,1,1838,sum,shift_l2,0
585785,37.54112314274968,2,1839,sum,shift_l2,0
221002,37.532214647527645,1,1840,sum,shift_l2,0
819559,37.52049596972322,2,1841,sum,shift_l2,0
496485,37.519363071065996,1,1842,sum,shift_l2,0
525447,37.50931332874124,2,1843,sum,shift_l2,0
597133,37.50633017254207,1,1844,sum,shift_l2,0
833507,37.50548269037979,1,1845,sum,shift_l2,0
772305,37.49290958597813,2,1846,sum,shift_l2,0
568570,37.46306055169812,2,1847,sum,shift_l2,0
783701,37.45088252550781,2,1848,sum,shift_l2,0
78877,37.43880252982963,2,1849,sum,shift_l2,0
304652,37.43814514771451,2,1850,sum,shift_l2,0
998036,37.41935286711399,1,1851,sum,shift_l2,0
28108,37.417915840190844,1,1852,sum,shift_l2,0
541357,37.41772938096219,1,1853,sum,shift_l2,0
616084,37.40219807703617,1,1854,sum,shift_l2,0
526696,37.39134173053138,1,1855,sum,shift_l2,0
818366,37.39057886926264,1,1856,sum,shift_l2,0
3989,37.379447042516496,1,1857,sum,shift_l2,0
289686,37.372740372620456,1,1858,sum,shift_l2,0
155058,37.37019984447373,2,1859,sum,shift_l2,0
83885,37.36557780121814,1,1860,sum,shift_l2,0
152426,37.36228180817909,1,1861,sum,shift_l2,0
202410,37.36037503913764,1,1862,sum,shift_l2,0
566246,37.36037406834431,1,1863,sum,shift_l2,0
132045,37.35705289633062,2,1864,sum,shift_l2,0
120729,37.3545869476013,1,1865,sum,shift_l2,0
387973,37.35455606164779,1,1866,sum,shift_l2,0
544839,37.352494050182344,1,1867,sum,shift_l2,0
453061,37.34893040919934,1,1868,sum,shift_l2,0
827694,37.34462997784742,1,1869,sum,shift_l2,0
611073,37.344573315924386,1,1870,sum,shift_l2,0
619549,37.32971040641515,1,1871,sum,shift_l2,0
894079,37.31873322214457,1,1872,sum,shift_l2,0
64220,37.31720968325442,1,1873,sum,shift_l2,0
790467,37.315768514635096,1,1874,sum,shift_l2,0
430984,37.313174115070375,1,1875,sum,shift_l2,0
657825,37.31054553258913,1,1876,sum,shift_l2,0
432577,37.29996096488033,1,1877,sum,shift_l2,0
491877,37.29513479772646,2,1878,sum,shift_l2,0
381639,37.29241085853498,1,1879,sum,shift_l2,0
550926,37.290046073412945,1,1880,sum,shift_l2,0
588325,37.27986606604053,1,1881,sum,shift_l2,0
722072,37.27181310542817,1,1882,sum,shift_l2,0
687051,37.266232958411656,2,1883,sum,shift_l2,0
231590,37.264741394960524,1,1884,sum,shift_l2,0
776439,37.254534255194095,3,1885,sum,shift_l2,0
262919,37.24943761411001,1,1886,sum,shift_l2,0
110270,37.2484642100657,1,1887,sum,shift_l2,0
221283,37.239850363283296,1,1888,sum,shift_l2,0
553849,37.23875857317145,1,1889,sum,shift_l2,0
555640,37.23105987254063,1,1890,sum,shift_l2,0
44020,37.22433936701827,1,1891,sum,shift_l2,0
617535,37.21284518780725,1,1892,sum,shift_l2,0
771881,37.21158436957131,1,1893,sum,shift_l2,0
80915,37.21064571179842,1,1894,sum,shift_l2,0
524373,37.21054529860205,1,1895,sum,shift_l2,0
484864,37.20781524255464,3,1896,sum,shift_l2,0
184334,37.205071016748285,1,1897,sum,shift_l2,0
139660,37.2023792517537,2,1898,sum,shift_l2,0
308067,37.195025193515896,3,1899,sum,shift_l2,0
64953,37.162036564226426,1,1900,sum,shift_l2,0
655677,37.14089779759291,2,1901,sum,shift_l2,0
578025,37.139502894178,1,1902,sum,shift_l2,0
349337,37.132983279231844,1,1903,sum,shift_l2,0
544843,37.13114511992706,1,1904,sum,shift_l2,0
805768,37.118430935682454,2,1905,sum,shift_l2,0
719626,37.11737860119992,1,1906,sum,shift_l2,0
247976,37.108091048649186,3,1907,sum,shift_l2,0
440911,37.10228490741803,1,1908,sum,shift_l2,0
979428,37.10226262701233,1,1909,sum,shift_l2,0
910318,37.101802032085274,1,1910,sum,shift_l2,0
407049,37.09284169631867,2,1911,sum,shift_l2,0
169874,37.092376605051435,2,1912,sum,shift_l2,0
302340,37.08487520444687,1,1913,sum,shift_l2,0
853950,37.076678756329216,2,1914,sum,shift_l2,0
45669,37.062389608847475,2,1915,sum,shift_l2,0
324062,37.061831462523195,1,1916,sum,shift_l2,0
897412,37.05975035849062,2,1917,sum,shift_l2,0
898538,37.055922641642596,1,1918,sum,shift_l2,0
788861,37.04485493159674,2,1919,sum,shift_l2,0
186435,37.04310611973129,1,1920,sum,shift_l2,0
864390,37.041262201668644,1,1921,sum,shift_l2,0
469668,37.04066538485105,1,1922,sum,shift_l2,0
626522,37.03518239792228,1,1923,sum,shift_l2,0
75841,37.032631563336416,1,1924,sum,shift_l2,0
634673,37.03070655671424,1,1925,sum,shift_l2,0
36526,37.030596868288036,1,1926,sum,shift_l2,0
652189,37.02910352720398,1,1927,sum,shift_l2,0
37683,37.02780525087906,1,1928,sum,shift_l2,0
675593,37.02536461491401,1,1929,sum,shift_l2,0
182294,37.016402556483406,1,1930,sum,shift_l2,0
746355,37.00933355466191,1,1931,sum,shift_l2,0
565247,37.009017088408925,1,1932,sum,shift_l2,0
822272,37.0062299990185,1,1933,sum,shift_l2,0
385644,36.99829412500069,1,1934,sum,shift_l2,0
853225,36.99695220930481,1,1935,sum,shift_l2,0
566935,36.99681769423971,1,1936,sum,shift_l2,0
192230,36.99497327127051,1,1937,sum,shift_l2,0
632644,36.986829971173066,1,1938,sum,shift_l2,0
922848,36.966952961455476,1,1939,sum,shift_l2,0
288679,36.96652586847629,1,1940,sum,shift_l2,0
122146,36.96611498813741,1,1941,sum,shift_l2,0
429089,36.955574146375554,1,1942,sum,shift_l2,0
76271,36.94657135818238,1,1943,sum,shift_l2,0
368663,36.94624217898393,1,1944,sum,shift_l2,0
919021,36.93886520352393,2,1945,sum,shift_l2,0
362678,36.93621514502535,1,1946,sum,shift_l2,0
259639,36.93265393448557,1,1947,sum,shift_l2,0
428999,36.92845078350517,2,1948,sum,shift_l2,0
601104,36.92760137832598,1,1949,sum,shift_l2,0
904345,36.9154345716225,2,1950,sum,shift_l2,0
384846,36.9136776099778,1,1951,sum,shift_l2,0
509090,36.899924187660076,1,1952,sum,shift_l2,0
393259,36.89830980345571,1,1953,sum,shift_l2,0
303160,36.885728752904996,1,1954,sum,shift_l2,0
679122,36.87244014904034,1,1955,sum,shift_l2,0
405853,36.87084282613363,1,1956,sum,shift_l2,0
240113,36.86537692209457,2,1957,sum,shift_l2,0
124198,36.863921599205085,1,1958,sum,shift_l2,0
119819,36.853360844283614,2,1959,sum,shift_l2,0
227977,36.84636098456651,1,1960,sum,shift_l2,0
735411,36.83197327220763,1,1961,sum,shift_l2,0
607934,36.82925092134516,1,1962,sum,shift_l2,0
970407,36.80673638125197,1,1963,sum,shift_l2,0
163980,36.79959122152887,1,1964,sum,shift_l2,0
993646,36.799044481940506,1,1965,sum,shift_l2,0
538139,36.784685107608574,2,1966,sum,shift_l2,0
75409,36.75718427333174,2,1967,sum,shift_l2,0
375799,36.74275044047222,1,1968,sum,shift_l2,0
817094,36.740646151140105,1,1969,sum,shift_l2,0
969424,36.730174572725076,2,1970,sum,shift_l2,0
676506,36.72914536932181,1,1971,sum,shift_l2,0
864393,36.728854192219046,1,1972,sum,shift_l2,0
886742,36.7212419591208,3,1973,sum,shift_l2,0
16473,36.71923608269719,1,1974,sum,shift_l2,0
339618,36.713119803140984,2,1975,sum,shift_l2,0
343140,36.70724907149923,2,1976,sum,shift_l2,0
815585,36.70576032947978,1,1977,sum,shift_l2,0
260493,36.699304019738484,3,1978,sum,shift_l2,0
22303,36.69615008307393,1,1979,sum,shift_l2,0
386521,36.693958699820854,1,1980,sum,shift_l2,0
322899,36.68667385620427,1,1981,sum,shift_l2,0
736932,36.68358124826839,1,1982,sum,shift_l2,0
652925,36.67753374193305,2,1983,sum,shift_l2,0
322184,36.66821413128408,1,1984,sum,shift_l2,0
566918,36.66560816305603,4,1985,sum,shift_l2,0
360428,36.6654084441904,1,1986,sum,shift_l2,0
419998,36.65883174630589,1,1987,sum,shift_l2,0
71196,36.65583297763771,1,1988,sum,shift_l2,0
575506,36.65370235053481,1,1989,sum,shift_l2,0
66582,36.65286267683478,1,1990,sum,shift_l2,0
508266,36.648194306236874,3,1991,sum,shift_l2,0
870561,36.64252773043777,1,1992,sum,shift_l2,0
869528,36.640510168112236,1,1993,sum,shift_l2,0
176848,36.63717056744326,1,1994,sum,shift_l2,0
888079,36.63678300607717,1,1995,sum,shift_l2,0
40977,36.62335147902367,1,1996,sum,shift_l2,0
219825,36.62334892998515,2,1997,sum,shift_l2,0
709291,36.61699669176154,1,1998,sum,shift_l2,0
344456,36.604803813494456,1,1999,sum,shift_l2,0
571912,36.60472948327704,1,2000,sum,shift_l2,0
962874,36.6029091092451,1,2001,sum,shift_l2,0
327564,36.59733289167769,1,2002,sum,shift_l2,0
50319,36.591232024003546,2,2003,sum,shift_l2,0
454812,36.58904989878333,1,2004,sum,shift_l2,0
833031,36.581102571538466,4,2005,sum,shift_l2,0
983190,36.54228820173395,2,2006,sum,shift_l2,0
690361,36.54102499994687,2,2007,sum,shift_l2,0
817106,36.533349234759505,2,2008,sum,shift_l2,0
417361,36.52529258534065,1,2009,sum,shift_l2,0
386522,36.511539788223125,1,2010,sum,shift_l2,0
559235,36.50478465698633,2,2011,sum,shift_l2,0
384500,36.5023643678398,1,2012,sum,shift_l2,0
770715,36.49010529893337,1,2013,sum,shift_l2,0
392960,36.47798320514882,1,2014,sum,shift_l2,0
14456,36.46713722146028,1,2015,sum,shift_l2,0
182934,36.46424556801916,1,2016,sum,shift_l2,0
695379,36.45295067483568,1,2017,sum,shift_l2,0
990536,36.45289780870842,1,2018,sum,shift_l2,0
46361,36.45242223672505,1,2019,sum,shift_l2,0
706700,36.45095846382681,1,2020,sum,shift_l2,0
447842,36.44952911933823,1,2021,sum,shift_l2,0
866163,36.444685559584535,1,2022,sum,shift_l2,0
124838,36.44296605580264,1,2023,sum,shift_l2,0
500703,36.436173184938745,1,2024,sum,shift_l2,0
116335,36.43426503553554,1,2025,sum,shift_l2,0
796174,36.41520300584243,1,2026,sum,shift_l2,0
695614,36.40506511986717,3,2027,sum,shift_l2,0
568528,36.39805030004015,2,2028,sum,shift_l2,0
684297,36.37956292819077,1,2029,sum,shift_l2,0
450209,36.37837585802309,1,2030,sum,shift_l2,0
952976,36.375923725781796,1,2031,sum,shift_l2,0
601103,36.36094088965232,1,2032,sum,shift_l2,0
843926,36.35362000328968,1,2033,sum,shift_l2,0
393782,36.33534247420432,1,2034,sum,shift_l2,0
836215,36.33407479233374,2,2035,sum,shift_l2,0
805573,36.322259098192646,2,2036,sum,shift_l2,0
155932,36.31787393754774,1,2037,sum,shift_l2,0
301998,36.312767542687304,1,2038,sum,shift_l2,0
484903,36.3111172155697,1,2039,sum,shift_l2,0
180422,36.300846724315996,1,2040,sum,shift_l2,0
776532,36.300626125972414,2,2041,sum,shift_l2,0
430965,36.300591823453246,2,2042,sum,shift_l2,0
973981,36.29870725844525,1,2043,sum,shift_l2,0
377958,36.27505981412917,1,2044,sum,shift_l2,0
141984,36.27332951241142,1,2045,sum,shift_l2,0
594007,36.26852725316223,2,2046,sum,shift_l2,0
708957,36.25854762168642,1,2047,sum,shift_l2,0
940376,36.2540280480371,1,2048,sum,shift_l2,0
44016,36.25256370004661,1,2049,sum,shift_l2,0
566242,36.247542303708286,1,2050,sum,shift_l2,0
785824,36.244426618242976,1,2051,sum,shift_l2,0
158543,36.24355125150229,1,2052,sum,shift_l2,0
209671,36.23653510812201,1,2053,sum,shift_l2,0
303490,36.236309027536784,1,2054,sum,shift_l2,0
607035,36.23482983161981,1,2055,sum,shift_l2,0
388620,36.22868268027003,1,2056,sum,shift_l2,0
953064,36.22768543286223,1,2057,sum,shift_l2,0
118660,36.22396721163211,1,2058,sum,shift_l2,0
978268,36.22203841116066,1,2059,sum,shift_l2,0
847235,36.2108296071425,2,2060,sum,shift_l2,0
848466,36.18745277356765,1,2061,sum,shift_l2,0
614049,36.17788520305716,1,2062,sum,shift_l2,0
91675,36.1744206921942,2,2063,sum,shift_l2,0
51480,36.16635324089173,1,2064,sum,shift_l2,0
277941,36.15834321135982,1,2065,sum,shift_l2,0
969459,36.15504983463704,3,2066,sum,shift_l2,0
987040,36.15002148920716,1,2067,sum,shift_l2,0
303755,36.149921781206956,2,2068,sum,shift_l2,0
177095,36.14872220700261,1,2069,sum,shift_l2,0
205556,36.14837335713976,1,2070,sum,shift_l2,0
948502,36.144940295981804,1,2071,sum,shift_l2,0
642161,36.14353011034847,1,2072,sum,shift_l2,0
383321,36.138460328473066,1,2073,sum,shift_l2,0
561554,36.13568006453634,1,2074,sum,shift_l2,0
958786,36.13510725413569,1,2075,sum,shift_l2,0
235465,36.13506979452277,1,2076,sum,shift_l2,0
483599,36.134710647450724,1,2077,sum,shift_l2,0
931233,36.12664024915931,1,2078,sum,shift_l2,0
514120,36.12654701676921,2,2079,sum,shift_l2,0
418835,36.11584357421074,1,2080,sum,shift_l2,0
627687,36.09675546457595,1,2081,sum,shift_l2,0
87465,36.09360582920719,2,2082,sum,shift_l2,0
546001,36.084528018565116,1,2083,sum,shift_l2,0
945748,36.07328894168146,1,2084,sum,shift_l2,0
284567,36.06977132325031,1,2085,sum,shift_l2,0
178525,36.05786917930794,1,2086,sum,shift_l2,0
925996,36.05665499326523,1,2087,sum,shift_l2,0
476737,36.05468654509558,1,2088,sum,shift_l2,0
943678,36.04660780320216,1,2089,sum,shift_l2,0
615737,36.041294579709266,1,2090,sum,shift_l2,0
743560,36.04074626959577,2,2091,sum,shift_l2,0
436792,36.0314182899843,2,2092,sum,shift_l2,0
404684,36.021699879230084,1,2093,sum,shift_l2,0
933601,35.99822274116074,1,2094,sum,shift_l2,0
710333,35.99233705539994,1,2095,sum,shift_l2,0
231119,35.98612787336965,1,2096,sum,shift_l2,0
587034,35.97676521648964,2,2097,sum,shift_l2,0
586692,35.976564900238586,2,2098,sum,shift_l2,0
483706,35.9711101404413,1,2099,sum,shift_l2,0
252894,35.962237123649935,1,2100,sum,shift_l2,0
189876,35.95206710169195,2,2101,sum,shift_l2,0
582662,35.940116233123604,2,2102,sum,shift_l2,0
802517,35.93225424140743,1,2103,sum,shift_l2,0
83528,35.92641969047386,1,2104,sum,shift_l2,0
709040,35.924822785472884,1,2105,sum,shift_l2,0
341946,35.92178662280376,2,2106,sum,shift_l2,0
769986,35.914253821624854,2,2107,sum,shift_l2,0
721484,35.91319369085588,1,2108,sum,shift_l2,0
264818,35.91151189839303,1,2109,sum,shift_l2,0
316382,35.9068503065996,1,2110,sum,shift_l2,0
292134,35.904619922063915,1,2111,sum,shift_l2,0
540646,35.903865579427276,1,2112,sum,shift_l2,0
996349,35.90323937348708,1,2113,sum,shift_l2,0
882309,35.89936417624124,1,2114,sum,shift_l2,0
417472,35.89899674568205,1,2115,sum,shift_l2,0
243207,35.89433498539465,1,2116,sum,shift_l2,0
870851,35.881173953042605,2,2117,sum,shift_l2,0
549830,35.87941337567758,2,2118,sum,shift_l2,0
380323,35.87740542862696,1,2119,sum,shift_l2,0
487229,35.86862795104394,1,2120,sum,shift_l2,0
846250,35.86665341082492,1,2121,sum,shift_l2,0
475391,35.86558713472658,2,2122,sum,shift_l2,0
730047,35.85250202039872,1,2123,sum,shift_l2,0
339182,35.83953138024764,1,2124,sum,shift_l2,0
300108,35.83567511752434,2,2125,sum,shift_l2,0
68875,35.833744416418845,1,2126,sum,shift_l2,0
759285,35.83136253550973,1,2127,sum,shift_l2,0
303507,35.8212507917646,1,2128,sum,shift_l2,0
35210,35.817817210980714,1,2129,sum,shift_l2,0
708701,35.814829006982386,1,2130,sum,shift_l2,0
347949,35.811416086702145,1,2131,sum,shift_l2,0
314254,35.80847789071797,1,2132,sum,shift_l2,0
552086,35.80403761901602,1,2133,sum,shift_l2,0
667296,35.80297588199255,1,2134,sum,shift_l2,0
676787,35.79970992579979,1,2135,sum,shift_l2,0
250334,35.79460581316399,1,2136,sum,shift_l2,0
663366,35.79264027167942,1,2137,sum,shift_l2,0
808614,35.79027853660008,1,2138,sum,shift_l2,0
878789,35.78844804404036,1,2139,sum,shift_l2,0
565081,35.78233205203599,1,2140,sum,shift_l2,0
836951,35.781730922474964,1,2141,sum,shift_l2,0
894092,35.776076874187744,1,2142,sum,shift_l2,0
441874,35.7734305703071,1,2143,sum,shift_l2,0
718588,35.77004269528468,1,2144,sum,shift_l2,0
218959,35.764495053501875,1,2145,sum,shift_l2,0
933824,35.76235548321336,1,2146,sum,shift_l2,0
133982,35.7541837931587,1,2147,sum,shift_l2,0
88811,35.747445581624945,1,2148,sum,shift_l2,0
683116,35.742153784094945,3,2149,sum,shift_l2,0
803256,35.72342773714216,2,2150,sum,shift_l2,0
609236,35.71192061728812,2,2151,sum,shift_l2,0
752552,35.70308168573055,2,2152,sum,shift_l2,0
100068,35.68521530502981,1,2153,sum,shift_l2,0
830179,35.679711742286614,1,2154,sum,shift_l2,0
646383,35.67647878526119,1,2155,sum,shift_l2,0
892293,35.621503765367365,2,2156,sum,shift_l2,0
992555,35.59994033198116,1,2157,sum,shift_l2,0
688038,35.59397964768705,1,2158,sum,shift_l2,0
979773,35.59313728767665,1,2159,sum,shift_l2,0
322377,35.593039531926074,1,2160,sum,shift_l2,0
639612,35.59227462713894,1,2161,sum,shift_l2,0
639235,35.58875138540791,1,2162,sum,shift_l2,0
250571,35.587696738472125,2,2163,sum,shift_l2,0
949559,35.57420592886171,1,2164,sum,shift_l2,0
932427,35.5573969609882,2,2165,sum,shift_l2,0
858294,35.5570335437176,1,2166,sum,shift_l2,0
948509,35.54514542591123,1,2167,sum,shift_l2,0
795312,35.54356199486549,1,2168,sum,shift_l2,0
999200,35.53916958817752,1,2169,sum,shift_l2,0
371416,35.53735257418313,1,2170,sum,shift_l2,0
207577,35.53549316076664,1,2171,sum,shift_l2,0
269935,35.5329692760526,1,2172,sum,shift_l2,0
662544,35.53283155890546,1,2173,sum,shift_l2,0
878783,35.52768810964844,1,2174,sum,shift_l2,0
844651,35.51787437444835,1,2175,sum,shift_l2,0
170002,35.513609760750995,1,2176,sum,shift_l2,0
563882,35.513302385651286,1,2177,sum,shift_l2,0
885019,35.50851525964197,1,2178,sum,shift_l2,0
904172,35.50809044459297,1,2179,sum,shift_l2,0
358033,35.502415257627874,1,2180,sum,shift_l2,0
956460,35.499324876081374,1,2181,sum,shift_l2,0
467596,35.494411590698974,1,2182,sum,shift_l2,0
349969,35.48993447894369,1,2183,sum,shift_l2,0
982930,35.48710004653758,1,2184,sum,shift_l2,0
455079,35.485630057120396,2,2185,sum,shift_l2,0
552173,35.461156251453346,2,2186,sum,shift_l2,0
557110,35.45263792235663,1,2187,sum,shift_l2,0
975418,35.45146554417003,1,2188,sum,shift_l2,0
949216,35.448183881217524,2,2189,sum,shift_l2,0
919881,35.44479457555441,1,2190,sum,shift_l2,0
31252,35.44393364459546,1,2191,sum,shift_l2,0
748840,35.443824718664395,1,2192,sum,shift_l2,0
702361,35.43916388337065,1,2193,sum,shift_l2,0
967098,35.43558074848403,1,2194,sum,shift_l2,0
20104,35.43508112224913,2,2195,sum,shift_l2,0
456977,35.430234535027445,1,2196,sum,shift_l2,0
630024,35.430121723151274,1,2197,sum,shift_l2,0
364220,35.42676551735759,1,2198,sum,shift_l2,0
133493,35.42403218649116,1,2199,sum,shift_l2,0
398427,35.41972535978584,1,2200,sum,shift_l2,0
125703,35.414884293690484,1,2201,sum,shift_l2,0
420221,35.41368842998217,1,2202,sum,shift_l2,0
793528,35.41003897891282,1,2203,sum,shift_l2,0
691741,35.4068009733256,1,2204,sum,shift_l2,0
436061,35.40508128010706,1,2205,sum,shift_l2,0
676492,35.39352284034143,1,2206,sum,shift_l2,0
625667,35.38670267989474,2,2207,sum,shift_l2,0
440259,35.380399054687764,1,2208,sum,shift_l2,0
534827,35.37931263520467,1,2209,sum,shift_l2,0
972471,35.35398221675216,1,2210,sum,shift_l2,0
75407,35.3520020699055,1,2211,sum,shift_l2,0
66749,35.35170977177253,1,2212,sum,shift_l2,0
465109,35.3502986552618,1,2213,sum,shift_l2,0
13823,35.34674795595591,1,2214,sum,shift_l2,0
261760,35.34432639221101,1,2215,sum,shift_l2,0
251345,35.33962223805113,1,2216,sum,shift_l2,0
158769,35.306472864461924,1,2217,sum,shift_l2,0
740698,35.295620452414504,1,2218,sum,shift_l2,0
683571,35.28907654949887,1,2219,sum,shift_l2,0
599454,35.28814918940634,1,2220,sum,shift_l2,0
981198,35.27982936514928,1,2221,sum,shift_l2,0
390295,35.2749902240314,2,2222,sum,shift_l2,0
483525,35.268253264566965,1,2223,sum,shift_l2,0
449915,35.256173343068866,1,2224,sum,shift_l2,0
518564,35.25092380962785,1,2225,sum,shift_l2,0
228492,35.24604301559313,2,2226,sum,shift_l2,0
695224,35.23749155190361,1,2227,sum,shift_l2,0
50708,35.23323683670689,1,2228,sum,shift_l2,0
261028,35.224011597216005,1,2229,sum,shift_l2,0
314763,35.22244079393675,1,2230,sum,shift_l2,0
70068,35.218897515769875,1,2231,sum,shift_l2,0
696778,35.2148811500568,1,2232,sum,shift_l2,0
776441,35.21447444307807,1,2233,sum,shift_l2,0
928941,35.21089946601161,1,2234,sum,shift_l2,0
900755,35.21051080066035,1,2235,sum,shift_l2,0
272215,35.207587703568635,1,2236,sum,shift_l2,0
47955,35.2069323331469,1,2237,sum,shift_l2,0
549205,35.20552681111218,2,2238,sum,shift_l2,0
613888,35.20543961066391,1,2239,sum,shift_l2,0
527856,35.205012871289604,1,2240,sum,shift_l2,0
42331,35.199507263032814,1,2241,sum,shift_l2,0
573336,35.19924430727175,3,2242,sum,shift_l2,0
912681,35.197962064242596,1,2243,sum,shift_l2,0
353452,35.19497025725496,1,2244,sum,shift_l2,0
488352,35.19259260233687,1,2245,sum,shift_l2,0
426957,35.19245757461108,1,2246,sum,shift_l2,0
326875,35.19219169698662,1,2247,sum,shift_l2,0
347643,35.19022087057276,2,2248,sum,shift_l2,0
181137,35.174695964041916,1,2249,sum,shift_l2,0
698495,35.170048157750465,2,2250,sum,shift_l2,0
49542,35.1643757644328,1,2251,sum,shift_l2,0
851609,35.16424571107405,1,2252,sum,shift_l2,0
97924,35.162094088433555,1,2253,sum,shift_l2,0
578812,35.16064450833089,1,2254,sum,shift_l2,0
699877,35.14238891236615,1,2255,sum,shift_l2,0
337492,35.14008410794397,1,2256,sum,shift_l2,0
15848,35.139317322533586,1,2257,sum,shift_l2,0
837684,35.13861925869068,1,2258,sum,shift_l2,0
626199,35.138047973110126,1,2259,sum,shift_l2,0
508142,35.1344641565083,1,2260,sum,shift_l2,0
524284,35.13355236853686,2,2261,sum,shift_l2,0
205878,35.13021505282204,1,2262,sum,shift_l2,0
613852,35.127927232824874,1,2263,sum,shift_l2,0
916007,35.12534368883329,1,2264,sum,shift_l2,0
30712,35.118633252633465,1,2265,sum,shift_l2,0
773754,35.115576847946386,1,2266,sum,shift_l2,0
192038,35.10752601585103,2,2267,sum,shift_l2,0
150939,35.09942756294627,1,2268,sum,shift_l2,0
550367,35.088330081516055,1,2269,sum,shift_l2,0
315943,35.08724658349432,1,2270,sum,shift_l2,0
468595,35.08475390990416,1,2271,sum,shift_l2,0
224404,35.08467418745805,1,2272,sum,shift_l2,0
926319,35.08456468720966,1,2273,sum,shift_l2,0
168370,35.06530798434816,1,2274,sum,shift_l2,0
544123,35.06308999634397,1,2275,sum,shift_l2,0
993863,35.05865361655264,1,2276,sum,shift_l2,0
660324,35.05856620363958,1,2277,sum,shift_l2,0
192246,35.05831449443707,1,2278,sum,shift_l2,0
319128,35.05071410599466,1,2279,sum,shift_l2,0
589337,35.04811812316647,2,2280,sum,shift_l2,0
282719,35.04230605846086,1,2281,sum,shift_l2,0
849300,35.03824112633813,1,2282,sum,shift_l2,0
205551,35.03710484101118,1,2283,sum,shift_l2,0
45183,35.03454958485778,1,2284,sum,shift_l2,0
403714,35.03142378547846,1,2285,sum,shift_l2,0
16472,35.02545316538365,1,2286,sum,shift_l2,0
999670,35.02436744423852,1,2287,sum,shift_l2,0
132784,35.02313017993034,1,2288,sum,shift_l2,0
209364,35.01805637224537,1,2289,sum,shift_l2,0
292962,35.01513817959769,1,2290,sum,shift_l2,0
298945,35.01272051679087,1,2291,sum,shift_l2,0
634676,35.005730284667976,1,2292,sum,shift_l2,0
90516,35.00527250933485,1,2293,sum,shift_l2,0
370886,35.00331064742584,1,2294,sum,shift_l2,0
903378,34.989116688199374,1,2295,sum,shift_l2,0
191954,34.98893719720015,2,2296,sum,shift_l2,0
350789,34.98263756806975,1,2297,sum,shift_l2,0
921344,34.97790148308435,1,2298,sum,shift_l2,0
615211,34.97679961010635,1,2299,sum,shift_l2,0
210637,34.96463084599705,2,2300,sum,shift_l2,0
445559,34.960703773925765,1,2301,sum,shift_l2,0
633514,34.95630425187735,3,2302,sum,shift_l2,0
483892,34.92236401579984,1,2303,sum,shift_l2,0
802807,34.916589178622345,2,2304,sum,shift_l2,0
884415,34.89320384091801,1,2305,sum,shift_l2,0
726752,34.89247503180649,1,2306,sum,shift_l2,0
304915,34.88561604693213,1,2307,sum,shift_l2,0
32887,34.87569923787451,1,2308,sum,shift_l2,0
312927,34.874689928523004,1,2309,sum,shift_l2,0
678470,34.873123321613,1,2310,sum,shift_l2,0
75105,34.86630494122621,1,2311,sum,shift_l2,0
186234,34.85154872744105,1,2312,sum,shift_l2,0
965937,34.85003144341373,1,2313,sum,shift_l2,0
444092,34.8496098460203,1,2314,sum,shift_l2,0
731413,34.84862398803969,1,2315,sum,shift_l2,0
317697,34.84232212327216,1,2316,sum,shift_l2,0
539672,34.839469388231386,2,2317,sum,shift_l2,0
494349,34.83934072758049,1,2318,sum,shift_l2,0
614918,34.835805642582315,1,2319,sum,shift_l2,0
259436,34.83509303156828,1,2320,sum,shift_l2,0
390903,34.83111266309411,1,2321,sum,shift_l2,0
66113,34.82900047158303,1,2322,sum,shift_l2,0
930969,34.82344949739968,1,2323,sum,shift_l2,0
112850,34.809465303911566,2,2324,sum,shift_l2,0
842027,34.806635115421194,1,2325,sum,shift_l2,0
130026,34.799751085800025,1,2326,sum,shift_l2,0
452156,34.79746292835161,1,2327,sum,shift_l2,0
719499,34.795792566822726,1,2328,sum,shift_l2,0
905508,34.7953174153624,1,2329,sum,shift_l2,0
757757,34.793730284515476,1,2330,sum,shift_l2,0
767058,34.79350901950115,1,2331,sum,shift_l2,0
377872,34.78832693770716,1,2332,sum,shift_l2,0
975419,34.772902582705335,1,2333,sum,shift_l2,0
292404,34.77280366943208,1,2334,sum,shift_l2,0
509272,34.767957411419474,1,2335,sum,shift_l2,0
911214,34.767505821033076,1,2336,sum,shift_l2,0
909710,34.7645759766362,1,2337,sum,shift_l2,0
795550,34.76135131563083,1,2338,sum,shift_l2,0
947252,34.75789258066257,1,2339,sum,shift_l2,0
850720,34.7574751779489,2,2340,sum,shift_l2,0
900687,34.75336471846433,1,2341,sum,shift_l2,0
854292,34.74412893321597,1,2342,sum,shift_l2,0
631100,34.74341668003989,1,2343,sum,shift_l2,0
83799,34.741361883061025,1,2344,sum,shift_l2,0
543950,34.73848925905978,1,2345,sum,shift_l2,0
449575,34.738427527380665,2,2346,sum,shift_l2,0
979774,34.73763020968093,1,2347,sum,shift_l2,0
702160,34.73042183896963,1,2348,sum,shift_l2,0
860351,34.72480291473545,1,2349,sum,shift_l2,0
653249,34.7183000523691,1,2350,sum,shift_l2,0
376839,34.714435291104934,1,2351,sum,shift_l2,0
452335,34.712074919390474,1,2352,sum,shift_l2,0
671949,34.71123148889239,1,2353,sum,shift_l2,0
952973,34.710982981251504,1,2354,sum,shift_l2,0
23551,34.70048216388095,1,2355,sum,shift_l2,0
760970,34.70014209816053,1,2356,sum,shift_l2,0
946216,34.691886617777755,1,2357,sum,shift_l2,0
377531,34.69077648537792,1,2358,sum,shift_l2,0
716099,34.68836495328321,1,2359,sum,shift_l2,0
508308,34.688360475830294,1,2360,sum,shift_l2,0
920525,34.68546040212107,1,2361,sum,shift_l2,0
131531,34.657789630144094,1,2362,sum,shift_l2,0
10679,34.65588742638022,1,2363,sum,shift_l2,0
657029,34.65489391925212,1,2364,sum,shift_l2,0
797446,34.646692529206845,1,2365,sum,shift_l2,0
860922,34.646130937932334,1,2366,sum,shift_l2,0
706804,34.645508101434174,1,2367,sum,shift_l2,0
338021,34.640501043841454,1,2368,sum,shift_l2,0
400035,34.640103234111336,1,2369,sum,shift_l2,0
525724,34.63604573274343,1,2370,sum,shift_l2,0
91376,34.6291317077479,1,2371,sum,shift_l2,0
782374,34.619066567828476,1,2372,sum,shift_l2,0
63774,34.61864140121765,1,2373,sum,shift_l2,0
702590,34.61278808789693,1,2374,sum,shift_l2,0
63064,34.60981317736412,1,2375,sum,shift_l2,0
861263,34.606962313103715,1,2376,sum,shift_l2,0
590517,34.60039176676556,1,2377,sum,shift_l2,0
106258,34.60033189544863,1,2378,sum,shift_l2,0
515277,34.59745777267723,1,2379,sum,shift_l2,0
710289,34.59363543093426,1,2380,sum,shift_l2,0
838275,34.58565344017349,1,2381,sum,shift_l2,0
628957,34.58492097402676,1,2382,sum,shift_l2,0
637094,34.583658783310604,1,2383,sum,shift_l2,0
856599,34.576534696790524,1,2384,sum,shift_l2,0
799763,34.57557705302308,1,2385,sum,shift_l2,0
994022,34.57547374844247,1,2386,sum,shift_l2,0
418182,34.561331692571024,1,2387,sum,shift_l2,0
616172,34.551899251296696,1,2388,sum,shift_l2,0
648601,34.55132896114485,1,2389,sum,shift_l2,0
970491,34.54826808752617,1,2390,sum,shift_l2,0
730477,34.54807596929625,1,2391,sum,shift_l2,0
51336,34.54269414424594,1,2392,sum,shift_l2,0
749627,34.542276872433895,1,2393,sum,shift_l2,0
828082,34.537944618816184,2,2394,sum,shift_l2,0
237788,34.53736916333908,2,2395,sum,shift_l2,0
265673,34.53591889601615,1,2396,sum,shift_l2,0
205807,34.5308939181623,1,2397,sum,shift_l2,0
207144,34.52672135847472,1,2398,sum,shift_l2,0
444625,34.52563239603803,3,2399,sum,shift_l2,0
630116,34.52536095270764,1,2400,sum,shift_l2,0
815931,34.52361371087302,1,2401,sum,shift_l2,0
398428,34.51510444227826,1,2402,sum,shift_l2,0
685802,34.50429095270217,1,2403,sum,shift_l2,0
282878,34.50188494941744,1,2404,sum,shift_l2,0
222683,34.50046268303289,1,2405,sum,shift_l2,0
826407,34.499170764678,1,2406,sum,shift_l2,0
614277,34.49770818631303,1,2407,sum,shift_l2,0
677583,34.494235447333054,1,2408,sum,shift_l2,0
724060,34.487685670506124,1,2409,sum,shift_l2,0
695618,34.48431748890766,1,2410,sum,shift_l2,0
11931,34.48403689644089,2,2411,sum,shift_l2,0
520799,34.48312512762347,1,2412,sum,shift_l2,0
123481,34.48312161587419,1,2413,sum,shift_l2,0
264124,34.481867067503586,1,2414,sum,shift_l2,0
230546,34.481066261426896,1,2415,sum,shift_l2,0
638142,34.47614735582217,1,2416,sum,shift_l2,0
192245,34.475595509430995,1,2417,sum,shift_l2,0
738909,34.4713837888246,1,2418,sum,shift_l2,0
159707,34.47110344763649,1,2419,sum,shift_l2,0
34740,34.46653816737134,1,2420,sum,shift_l2,0
83244,34.46373270770854,2,2421,sum,shift_l2,0
698587,34.462590239198995,1,2422,sum,shift_l2,0
846156,34.4494972934807,1,2423,sum,shift_l2,0
217798,34.44624510713896,1,2424,sum,shift_l2,0
261330,34.444805827730164,1,2425,sum,shift_l2,0
822830,34.444532385480215,1,2426,sum,shift_l2,0
59466,34.44254973490249,2,2427,sum,shift_l2,0
973108,34.431305548516015,1,2428,sum,shift_l2,0
130648,34.42300908819005,1,2429,sum,shift_l2,0
316269,34.42225701738121,2,2430,sum,shift_l2,0
996186,34.42198373739662,1,2431,sum,shift_l2,0
444395,34.42156894546272,1,2432,sum,shift_l2,0
378163,34.42040167624213,1,2433,sum,shift_l2,0
186432,34.39506616289939,1,2434,sum,shift_l2,0
265252,34.39276737739366,1,2435,sum,shift_l2,0
461829,34.39228163620951,1,2436,sum,shift_l2,0
918493,34.38827579921903,1,2437,sum,shift_l2,0
3985,34.38256489529272,1,2438,sum,shift_l2,0
955663,34.377446687847126,1,2439,sum,shift_l2,0
673837,34.37467812137764,2,2440,sum,shift_l2,0
638290,34.359370969269655,1,2441,sum,shift_l2,0
462679,34.35849973061448,1,2442,sum,shift_l2,0
974799,34.35770528949718,1,2443,sum,shift_l2,0
134367,34.357472497131525,1,2444,sum,shift_l2,0
443222,34.34720696055151,1,2445,sum,shift_l2,0
217643,34.34138383854897,1,2446,sum,shift_l2,0
604102,34.33711163421012,2,2447,sum,shift_l2,0
367072,34.33614994970701,1,2448,sum,shift_l2,0
31234,34.33407309852906,1,2449,sum,shift_l2,0
885021,34.33240888788203,1,2450,sum,shift_l2,0
786981,34.33182756723369,1,2451,sum,shift_l2,0
335009,34.329866710391926,2,2452,sum,shift_l2,0
516281,34.32830944886352,1,2453,sum,shift_l2,0
560393,34.32788891687414,1,2454,sum,shift_l2,0
915974,34.32610664842331,1,2455,sum,shift_l2,0
664239,34.31837524086762,1,2456,sum,shift_l2,0
202536,34.30893370667369,1,2457,sum,shift_l2,0
606425,34.30858025532268,1,2458,sum,shift_l2,0
960549,34.307493739282904,2,2459,sum,shift_l2,0
978757,34.303863709318286,1,2460,sum,shift_l2,0
881312,34.295455727374545,1,2461,sum,shift_l2,0
532506,34.29499501380713,1,2462,sum,shift_l2,0
96761,34.290148306551075,1,2463,sum,shift_l2,0
429249,34.2828720127646,1,2464,sum,shift_l2,0
281086,34.27857931180014,1,2465,sum,shift_l2,0
939100,34.27812616525268,1,2466,sum,shift_l2,0
908038,34.26782124429575,1,2467,sum,shift_l2,0
440912,34.26355362556827,1,2468,sum,shift_l2,0
259626,34.251491296937125,1,2469,sum,shift_l2,0
19960,34.25010718887348,1,2470,sum,shift_l2,0
942587,34.227940385991964,1,2471,sum,shift_l2,0
678917,34.216170088192044,1,2472,sum,shift_l2,0
468593,34.21557852050791,1,2473,sum,shift_l2,0
386295,34.20376339289922,1,2474,sum,shift_l2,0
39083,34.200455135369396,1,2475,sum,shift_l2,0
379033,34.19987637708546,3,2476,sum,shift_l2,0
901291,34.19492580394636,1,2477,sum,shift_l2,0
928642,34.18761267710514,1,2478,sum,shift_l2,0
839101,34.187472133171106,1,2479,sum,shift_l2,0
571565,34.182904036354365,1,2480,sum,shift_l2,0
461196,34.18282217634011,2,2481,sum,shift_l2,0
63055,34.181516839348404,1,2482,sum,shift_l2,0
473975,34.16821547114448,1,2483,sum,shift_l2,0
732412,34.16397893672168,1,2484,sum,shift_l2,0
851611,34.15102824252352,2,2485,sum,shift_l2,0
617226,34.14627945783561,1,2486,sum,shift_l2,0
842030,34.12540949950086,2,2487,sum,shift_l2,0
640487,34.12200305038267,1,2488,sum,shift_l2,0
215284,34.092080194975146,1,2489,sum,shift_l2,0
585957,34.08909143457211,1,2490,sum,shift_l2,0
997303,34.08773640738177,1,2491,sum,shift_l2,0
566406,34.08117449571832,1,2492,sum,shift_l2,0
318860,34.07838246614796,1,2493,sum,shift_l2,0
206176,34.059646667403356,1,2494,sum,shift_l2,0
422030,34.057617268396854,1,2495,sum,shift_l2,0
405403,34.027760940214606,1,2496,sum,shift_l2,0
633789,34.02685868349511,1,2497,sum,shift_l2,0
542961,34.026789669963634,1,2498,sum,shift_l2,0
881108,34.024145959492046,1,2499,sum,shift_l2,0
527901,33.99273912454961,1,2500,sum,shift_l2,0
489705,33.98838853545088,1,2501,sum,shift_l2,0
990229,33.982225852475665,1,2502,sum,shift_l2,0
626456,33.9713464224736,1,2503,sum,shift_l2,0
270883,33.96168761983937,1,2504,sum,shift_l2,0
624129,33.95745544854064,2,2505,sum,shift_l2,0
722989,33.95715575182965,1,2506,sum,shift_l2,0
938233,33.94196388278839,1,2507,sum,shift_l2,0
130278,33.9398671462017,1,2508,sum,shift_l2,0
386285,33.93654229557402,2,2509,sum,shift_l2,0
467636,33.934674301348956,1,2510,sum,shift_l2,0
428643,33.93339650723879,1,2511,sum,shift_l2,0
884162,33.93215198252704,1,2512,sum,shift_l2,0
358118,33.92975567870086,1,2513,sum,shift_l2,0
734605,33.92401974672966,1,2514,sum,shift_l2,0
229231,33.91911766637321,1,2515,sum,shift_l2,0
13284,33.91335857724088,1,2516,sum,shift_l2,0
535815,33.90775136105512,1,2517,sum,shift_l2,0
502487,33.907425462704914,1,2518,sum,shift_l2,0
75878,33.90281343134048,1,2519,sum,shift_l2,0
759134,33.90132415621484,1,2520,sum,shift_l2,0
139952,33.900619875081716,1,2521,sum,shift_l2,0
636641,33.89983852663252,2,2522,sum,shift_l2,0
86304,33.89929557770376,1,2523,sum,shift_l2,0
306902,33.89691182213087,1,2524,sum,shift_l2,0
488390,33.89114265309856,1,2525,sum,shift_l2,0
53331,33.88995147679722,1,2526,sum,shift_l2,0
716832,33.888963027984275,1,2527,sum,shift_l2,0
232872,33.880350754117906,1,2528,sum,shift_l2,0
614578,33.87661369502793,1,2529,sum,shift_l2,0
878675,33.874972355869325,1,2530,sum,shift_l2,0
504514,33.866055938475164,2,2531,sum,shift_l2,0
713780,33.85851373475571,1,2532,sum,shift_l2,0
630308,33.85539587922047,1,2533,sum,shift_l2,0
589014,33.85217493639898,1,2534,sum,shift_l2,0
747518,33.845184931399864,1,2535,sum,shift_l2,0
293864,33.84381846619223,1,2536,sum,shift_l2,0
641774,33.84294251103157,1,2537,sum,shift_l2,0
709557,33.83071729780052,1,2538,sum,shift_l2,0
953147,33.828156604669125,1,2539,sum,shift_l2,0
542792,33.820818311972765,1,2540,sum,shift_l2,0
266613,33.81546002095443,1,2541,sum,shift_l2,0
536193,33.81313423157696,1,2542,sum,shift_l2,0
622713,33.80424449527919,2,2543,sum,shift_l2,0
639411,33.80181562137517,1,2544,sum,shift_l2,0
930071,33.800230074968695,1,2545,sum,shift_l2,0
698862,33.79423431774083,1,2546,sum,shift_l2,0
274733,33.78363478074007,1,2547,sum,shift_l2,0
166302,33.77117438632003,1,2548,sum,shift_l2,0
517313,33.76849121357324,1,2549,sum,shift_l2,0
817913,33.768028241622574,1,2550,sum,shift_l2,0
29367,33.765196861879076,1,2551,sum,shift_l2,0
449034,33.75793058106002,1,2552,sum,shift_l2,0
21957,33.753838292134986,1,2553,sum,shift_l2,0
577391,33.74954424141514,1,2554,sum,shift_l2,0
76896,33.74836562549095,1,2555,sum,shift_l2,0
126976,33.746591028114175,1,2556,sum,shift_l2,0
163418,33.73409947284506,1,2557,sum,shift_l2,0
182010,33.734077100035826,1,2558,sum,shift_l2,0
96649,33.72306933756619,1,2559,sum,shift_l2,0
23755,33.72244352508924,1,2560,sum,shift_l2,0
511750,33.71812975109252,1,2561,sum,shift_l2,0
765962,33.716646942175174,1,2562,sum,shift_l2,0
774100,33.70617915630073,1,2563,sum,shift_l2,0
913834,33.703032105551955,1,2564,sum,shift_l2,0
151571,33.69877982208093,1,2565,sum,shift_l2,0
583203,33.68225865372712,1,2566,sum,shift_l2,0
933222,33.68061173890501,1,2567,sum,shift_l2,0
183908,33.67456801309796,1,2568,sum,shift_l2,0
906709,33.672371489777646,1,2569,sum,shift_l2,0
682316,33.650820489233354,2,2570,sum,shift_l2,0
283661,33.638087246841636,1,2571,sum,shift_l2,0
305470,33.6163987548311,1,2572,sum,shift_l2,0
598943,33.60668511448036,2,2573,sum,shift_l2,0
253634,33.59433591316234,1,2574,sum,shift_l2,0
134654,33.59320883823135,1,2575,sum,shift_l2,0
186942,33.592937912161894,1,2576,sum,shift_l2,0
518566,33.59292764788569,1,2577,sum,shift_l2,0
904509,33.58546327788482,1,2578,sum,shift_l2,0
945014,33.58079180439576,1,2579,sum,shift_l2,0
342667,33.57945065481312,1,2580,sum,shift_l2,0
733724,33.574563492703156,1,2581,sum,shift_l2,0
403077,33.570797275640864,1,2582,sum,shift_l2,0
426657,33.56080882957554,1,2583,sum,shift_l2,0
440870,33.56062632174417,1,2584,sum,shift_l2,0
581501,33.56030177387167,1,2585,sum,shift_l2,0
672140,33.560127733058515,1,2586,sum,shift_l2,0
723079,33.55086395958597,1,2587,sum,shift_l2,0
295012,33.550577697004286,1,2588,sum,shift_l2,0
954739,33.54238967868718,1,2589,sum,shift_l2,0
979430,33.54179392805296,2,2590,sum,shift_l2,0
458328,33.54169261354864,1,2591,sum,shift_l2,0
644252,33.53909887359921,1,2592,sum,shift_l2,0
352395,33.53904151469383,1,2593,sum,shift_l2,0
634953,33.53713610286535,1,2594,sum,shift_l2,0
953581,33.535347668605844,2,2595,sum,shift_l2,0
662220,33.533740661077466,1,2596,sum,shift_l2,0
490681,33.53127385382904,1,2597,sum,shift_l2,0
277296,33.52348776995494,1,2598,sum,shift_l2,0
627979,33.52268690024517,1,2599,sum,shift_l2,0
731924,33.5101510316291,1,2600,sum,shift_l2,0
661694,33.510067114985084,1,2601,sum,shift_l2,0
921046,33.5094699353904,1,2602,sum,shift_l2,0
992569,33.50487868293682,1,2603,sum,shift_l2,0
90984,33.50047259761688,1,2604,sum,shift_l2,0
288401,33.49507610135185,1,2605,sum,shift_l2,0
304582,33.49470659518149,2,2606,sum,shift_l2,0
924528,33.491702067798236,1,2607,sum,shift_l2,0
11824,33.48834254676921,1,2608,sum,shift_l2,0
995175,33.482960473157995,2,2609,sum,shift_l2,0
585964,33.482693760169404,1,2610,sum,shift_l2,0
878987,33.48219089020987,1,2611,sum,shift_l2,0
847450,33.481772660857025,1,2612,sum,shift_l2,0
999671,33.481675592335776,1,2613,sum,shift_l2,0
370993,33.4810677621872,1,2614,sum,shift_l2,0
41183,33.47760404021927,1,2615,sum,shift_l2,0
364210,33.47227607082619,1,2616,sum,shift_l2,0
413533,33.46648690541594,1,2617,sum,shift_l2,0
60645,33.46181287049256,1,2618,sum,shift_l2,0
394125,33.46110256056887,2,2619,sum,shift_l2,0
60303,33.450185279318156,1,2620,sum,shift_l2,0
356314,33.448920876260964,1,2621,sum,shift_l2,0
535997,33.44726497970243,1,2622,sum,shift_l2,0
608242,33.44714443793196,1,2623,sum,shift_l2,0
597586,33.44456723825787,1,2624,sum,shift_l2,0
716816,33.43970286441921,3,2625,sum,shift_l2,0
92003,33.430506749049485,2,2626,sum,shift_l2,0
799680,33.42349409658544,1,2627,sum,shift_l2,0
280351,33.418226401155536,2,2628,sum,shift_l2,0
801121,33.415074502789096,2,2629,sum,shift_l2,0
757975,33.399584319365026,1,2630,sum,shift_l2,0
138586,33.394181699663605,2,2631,sum,shift_l2,0
963798,33.36746575875807,1,2632,sum,shift_l2,0
797480,33.354734191923114,2,2633,sum,shift_l2,0
482538,33.347831917680324,2,2634,sum,shift_l2,0
384932,33.34086353308286,1,2635,sum,shift_l2,0
210636,33.33627831388232,1,2636,sum,shift_l2,0
5672,33.33201319374823,1,2637,sum,shift_l2,0
273583,33.33143829847812,1,2638,sum,shift_l2,0
839189,33.330396623789376,1,2639,sum,shift_l2,0
887109,33.32903248174997,1,2640,sum,shift_l2,0
229651,33.32714927551822,1,2641,sum,shift_l2,0
888791,33.31544451786155,1,2642,sum,shift_l2,0
358369,33.315345795239274,1,2643,sum,shift_l2,0
317966,33.315120991434604,2,2644,sum,shift_l2,0
224616,33.31088831308374,1,2645,sum,shift_l2,0
321737,33.29885108215973,1,2646,sum,shift_l2,0
538313,33.28835245701935,1,2647,sum,shift_l2,0
182904,33.286695156456325,1,2648,sum,shift_l2,0
9501,33.265544331138656,2,2649,sum,shift_l2,0
168371,33.25866802035715,1,2650,sum,shift_l2,0
448847,33.2515341067968,1,2651,sum,shift_l2,0
470475,33.24982189568621,2,2652,sum,shift_l2,0
540801,33.249371469805894,1,2653,sum,shift_l2,0
627830,33.248808231776046,1,2654,sum,shift_l2,0
360690,33.23771423954912,1,2655,sum,shift_l2,0
734589,33.23695473688163,1,2656,sum,shift_l2,0
797335,33.23310314632671,1,2657,sum,shift_l2,0
835686,33.22377744859742,1,2658,sum,shift_l2,0
898967,33.22273045857392,1,2659,sum,shift_l2,0
755804,33.206180687569216,1,2660,sum,shift_l2,0
97959,33.205663377960434,1,2661,sum,shift_l2,0
184981,33.20454757238169,1,2662,sum,shift_l2,0
377514,33.20316684912627,1,2663,sum,shift_l2,0
26604,33.20182840289336,1,2664,sum,shift_l2,0
719139,33.20172000497257,1,2665,sum,shift_l2,0
955473,33.20131083765953,1,2666,sum,shift_l2,0
175769,33.19084556834232,1,2667,sum,shift_l2,0
462056,33.18981673423045,1,2668,sum,shift_l2,0
395429,33.18884529258842,1,2669,sum,shift_l2,0
391475,33.1867882563942,1,2670,sum,shift_l2,0
8271,33.186615531516,1,2671,sum,shift_l2,0
709045,33.18055359806811,1,2672,sum,shift_l2,0
946379,33.17998749523963,1,2673,sum,shift_l2,0
605710,33.179462939355666,1,2674,sum,shift_l2,0
605538,33.17737139429127,1,2675,sum,shift_l2,0
287529,33.17643475049039,1,2676,sum,shift_l2,0
905935,33.17419156453589,1,2677,sum,shift_l2,0
919653,33.1701499067333,1,2678,sum,shift_l2,0
209021,33.16825851504384,1,2679,sum,shift_l2,0
357471,33.16548716371895,2,2680,sum,shift_l2,0
755524,33.16317316219063,1,2681,sum,shift_l2,0
796104,33.159254184753415,2,2682,sum,shift_l2,0
408364,33.15741909954986,1,2683,sum,shift_l2,0
462793,33.154532640706265,2,2684,sum,shift_l2,0
909707,33.15144281118825,1,2685,sum,shift_l2,0
528572,33.14956260362724,1,2686,sum,shift_l2,0
127685,33.146161148015,1,2687,sum,shift_l2,0
473142,33.145898952046615,1,2688,sum,shift_l2,0
114380,33.14276815185747,1,2689,sum,shift_l2,0
886468,33.14068019508791,1,2690,sum,shift_l2,0
296531,33.13880279475582,2,2691,sum,shift_l2,0
670944,33.13547457721796,1,2692,sum,shift_l2,0
886811,33.128091271068726,1,2693,sum,shift_l2,0
309443,33.12363910289865,1,2694,sum,shift_l2,0
331033,33.121047158866006,1,2695,sum,shift_l2,0
641731,33.11955416890672,1,2696,sum,shift_l2,0
542877,33.11664127775663,2,2697,sum,shift_l2,0
126236,33.106673727741274,1,2698,sum,shift_l2,0
260491,33.10400806972365,1,2699,sum,shift_l2,0
882094,33.103847086109425,1,2700,sum,shift_l2,0
934763,33.09816164292553,1,2701,sum,shift_l2,0
860381,33.09556603157405,1,2702,sum,shift_l2,0
104157,33.08234246123566,1,2703,sum,shift_l2,0
860086,33.0714826782329,1,2704,sum,shift_l2,0
56124,33.05625304079627,1,2705,sum,shift_l2,0
977745,33.04600780430905,1,2706,sum,shift_l2,0
661530,33.04347964550928,1,2707,sum,shift_l2,0
467635,33.03606351311908,1,2708,sum,shift_l2,0
443460,33.01861531740305,1,2709,sum,shift_l2,0
122232,33.018221000472295,1,2710,sum,shift_l2,0
793221,33.01096929013388,1,2711,sum,shift_l2,0
724240,33.0108103303667,2,2712,sum,shift_l2,0
829986,33.010377459518516,1,2713,sum,shift_l2,0
727276,33.00199468070878,1,2714,sum,shift_l2,0
939210,32.993011091933894,1,2715,sum,shift_l2,0
495149,32.992790171257525,2,2716,sum,shift_l2,0
767272,32.986593705915546,3,2717,sum,shift_l2,0
862516,32.981889896572724,3,2718,sum,shift_l2,0
419800,32.97949603783833,1,2719,sum,shift_l2,0
389621,32.977905961775285,1,2720,sum,shift_l2,0
131654,32.969560943856536,2,2721,sum,shift_l2,0
327547,32.96091498910532,1,2722,sum,shift_l2,0
946890,32.933466762987045,1,2723,sum,shift_l2,0
734266,32.93187611603885,1,2724,sum,shift_l2,0
37684,32.92600872202812,1,2725,sum,shift_l2,0
753114,32.92582740386654,1,2726,sum,shift_l2,0
710204,32.899009154370034,1,2727,sum,shift_l2,0
535907,32.89152601473319,1,2728,sum,shift_l2,0
430292,32.891418107517815,1,2729,sum,shift_l2,0
305921,32.887318921477124,1,2730,sum,shift_l2,0
760460,32.88366658938372,1,2731,sum,shift_l2,0
557964,32.87230542028321,1,2732,sum,shift_l2,0
909001,32.87169967361093,1,2733,sum,shift_l2,0
533870,32.857002928820165,1,2734,sum,shift_l2,0
761420,32.85260148605147,1,2735,sum,shift_l2,0
30954,32.8519188872817,2,2736,sum,shift_l2,0
932131,32.85148129191396,1,2737,sum,shift_l2,0
524377,32.84698297200598,1,2738,sum,shift_l2,0
733087,32.845987860575406,1,2739,sum,shift_l2,0
659592,32.84098301506254,1,2740,sum,shift_l2,0
480257,32.833126212904865,1,2741,sum,shift_l2,0
134130,32.82598942164154,2,2742,sum,shift_l2,0
452369,32.824270261700306,1,2743,sum,shift_l2,0
511486,32.81621793268431,1,2744,sum,shift_l2,0
149477,32.816072187976964,1,2745,sum,shift_l2,0
408906,32.808279265818754,1,2746,sum,shift_l2,0
384482,32.798946223299986,1,2747,sum,shift_l2,0
814879,32.79510637769707,1,2748,sum,shift_l2,0
225003,32.79055131390594,1,2749,sum,shift_l2,0
644488,32.78690872166516,1,2750,sum,shift_l2,0
935763,32.78678999987512,1,2751,sum,shift_l2,0
961322,32.78497610282572,1,2752,sum,shift_l2,0
740075,32.779365164307464,1,2753,sum,shift_l2,0
533869,32.7778050668705,1,2754,sum,shift_l2,0
207574,32.77252535138544,2,2755,sum,shift_l2,0
803681,32.77118473759939,1,2756,sum,shift_l2,0
839313,32.77108159972328,1,2757,sum,shift_l2,0
439443,32.77078177404188,1,2758,sum,shift_l2,0
677916,32.76965360071563,1,2759,sum,shift_l2,0
948414,32.76614300928732,1,2760,sum,shift_l2,0
982360,32.76511028344832,1,2761,sum,shift_l2,0
822833,32.76394067205103,1,2762,sum,shift_l2,0
968985,32.76311535676453,1,2763,sum,shift_l2,0
734517,32.76286732895121,1,2764,sum,shift_l2,0
741869,32.76105801986235,1,2765,sum,shift_l2,0
475576,32.760733854524844,1,2766,sum,shift_l2,0
558500,32.76036366394872,1,2767,sum,shift_l2,0
726762,32.760344594886064,2,2768,sum,shift_l2,0
611723,32.759693676354985,1,2769,sum,shift_l2,0
73719,32.741494830243624,1,2770,sum,shift_l2,0
883591,32.7390990692086,1,2771,sum,shift_l2,0
471121,32.736671479828615,1,2772,sum,shift_l2,0
667501,32.7365824033422,1,2773,sum,shift_l2,0
125632,32.724025951949955,1,2774,sum,shift_l2,0
277297,32.71852992648402,1,2775,sum,shift_l2,0
337491,32.715252827798494,1,2776,sum,shift_l2,0
934384,32.71002563079229,1,2777,sum,shift_l2,0
249966,32.70910277754285,2,2778,sum,shift_l2,0
211708,32.708803737996476,1,2779,sum,shift_l2,0
838313,32.707978764065835,1,2780,sum,shift_l2,0
64650,32.70446964035461,1,2781,sum,shift_l2,0
685895,32.69807453443201,1,2782,sum,shift_l2,0
385124,32.68996378673783,1,2783,sum,shift_l2,0
56798,32.68703762511113,1,2784,sum,shift_l2,0
179987,32.68463347507248,1,2785,sum,shift_l2,0
650602,32.68412600976746,3,2786,sum,shift_l2,0
410498,32.683833939418406,2,2787,sum,shift_l2,0
745160,32.68182805225207,1,2788,sum,shift_l2,0
949824,32.68150443408076,1,2789,sum,shift_l2,0
726599,32.68120340258583,1,2790,sum,shift_l2,0
71922,32.67477550165555,1,2791,sum,shift_l2,0
340965,32.66019190935997,1,2792,sum,shift_l2,0
224130,32.65850220029659,2,2793,sum,shift_l2,0
995186,32.65251215487126,3,2794,sum,shift_l2,0
479247,32.64632430315908,1,2795,sum,shift_l2,0
537067,32.64593064667789,1,2796,sum,shift_l2,0
358395,32.6341368127853,1,2797,sum,shift_l2,0
999182,32.629044314399586,1,2798,sum,shift_l2,0
300148,32.62777327506339,2,2799,sum,shift_l2,0
394121,32.617321761685744,2,2800,sum,shift_l2,0
529023,32.615159666072394,1,2801,sum,shift_l2,0
685159,32.603107736716744,1,2802,sum,shift_l2,0
366235,32.600612761856624,1,2803,sum,shift_l2,0
808093,32.59600956267876,1,2804,sum,shift_l2,0
114228,32.590280718227426,1,2805,sum,shift_l2,0
706702,32.58426545995902,2,2806,sum,shift_l2,0
12662,32.58271671060487,2,2807,sum,shift_l2,0
245496,32.5745325660929,1,2808,sum,shift_l2,0
529732,32.564471040038676,2,2809,sum,shift_l2,0
471977,32.5641151617267,1,2810,sum,shift_l2,0
595256,32.55346474344233,1,2811,sum,shift_l2,0
766495,32.55025366028674,2,2812,sum,shift_l2,0
281521,32.544946095942024,1,2813,sum,shift_l2,0
572054,32.54299229713491,1,2814,sum,shift_l2,0
49112,32.54131434499716,1,2815,sum,shift_l2,0
450196,32.53783518971896,1,2816,sum,shift_l2,0
315927,32.53056135252134,1,2817,sum,shift_l2,0
179974,32.523658947513944,1,2818,sum,shift_l2,0
543694,32.515727143835136,1,2819,sum,shift_l2,0
723804,32.51534960985998,1,2820,sum,shift_l2,0
605623,32.51484680560676,1,2821,sum,shift_l2,0
83976,32.510571142273015,2,2822,sum,shift_l2,0
962359,32.50865134326265,1,2823,sum,shift_l2,0
491875,32.500388901282584,1,2824,sum,shift_l2,0
896122,32.49145599695937,2,2825,sum,shift_l2,0
230300,32.49142903966468,1,2826,sum,shift_l2,0
88824,32.490304688531594,1,2827,sum,shift_l2,0
771877,32.485648361208405,1,2828,sum,shift_l2,0
235035,32.48288726818342,1,2829,sum,shift_l2,0
439456,32.48051361540489,1,2830,sum,shift_l2,0
703318,32.47715977205458,1,2831,sum,shift_l2,0
705838,32.47713148201202,1,2832,sum,shift_l2,0
85139,32.47479035198376,1,2833,sum,shift_l2,0
601069,32.474188215711514,1,2834,sum,shift_l2,0
823994,32.47409904180062,1,2835,sum,shift_l2,0
935761,32.47068114899002,1,2836,sum,shift_l2,0
200377,32.46905863546248,1,2837,sum,shift_l2,0
42139,32.46796442634019,1,2838,sum,shift_l2,0
196582,32.46586300657746,1,2839,sum,shift_l2,0
733099,32.46529442339199,1,2840,sum,shift_l2,0
429817,32.46463568272767,1,2841,sum,shift_l2,0
662560,32.46299870323168,1,2842,sum,shift_l2,0
525357,32.45702297755888,2,2843,sum,shift_l2,0
294487,32.456995938490216,1,2844,sum,shift_l2,0
220133,32.456090862989704,1,2845,sum,shift_l2,0
576866,32.45576854659814,2,2846,sum,shift_l2,0
455384,32.45333565948269,1,2847,sum,shift_l2,0
253198,32.45240199384,1,2848,sum,shift_l2,0
258189,32.44858992657217,1,2849,sum,shift_l2,0
778678,32.443901546910276,1,2850,sum,shift_l2,0
434791,32.44352381211624,1,2851,sum,shift_l2,0
214324,32.44151767893028,1,2852,sum,shift_l2,0
58321,32.44095769591335,1,2853,sum,shift_l2,0
220660,32.43958113684225,2,2854,sum,shift_l2,0
181621,32.43938331269502,1,2855,sum,shift_l2,0
619662,32.437646230869255,1,2856,sum,shift_l2,0
470917,32.43672311002807,1,2857,sum,shift_l2,0
195351,32.431153545092016,1,2858,sum,shift_l2,0
57677,32.429434709491325,1,2859,sum,shift_l2,0
672677,32.42859776666256,1,2860,sum,shift_l2,0
406278,32.42790776987987,1,2861,sum,shift_l2,0
954502,32.42465331963154,1,2862,sum,shift_l2,0
659327,32.424408223565855,1,2863,sum,shift_l2,0
121319,32.42156870362721,1,2864,sum,shift_l2,0
912642,32.4106592808493,1,2865,sum,shift_l2,0
18944,32.40836126887341,1,2866,sum,shift_l2,0
72249,32.4069492439719,1,2867,sum,shift_l2,0
732268,32.40570596462612,1,2868,sum,shift_l2,0
856706,32.396701326442574,1,2869,sum,shift_l2,0
973336,32.38718108924172,1,2870,sum,shift_l2,0
111775,32.38324092976958,1,2871,sum,shift_l2,0
754019,32.37704427520852,1,2872,sum,shift_l2,0
321183,32.3745581750214,1,2873,sum,shift_l2,0
177361,32.365628835284284,1,2874,sum,shift_l2,0
61936,32.357287600199854,1,2875,sum,shift_l2,0
85325,32.348386604567125,1,2876,sum,shift_l2,0
725604,32.34165386530042,2,2877,sum,shift_l2,0
892552,32.33669395175891,1,2878,sum,shift_l2,0
204091,32.33137869208068,1,2879,sum,shift_l2,0
840003,32.322516245871995,2,2880,sum,shift_l2,0
710330,32.3211274278948,1,2881,sum,shift_l2,0
458053,32.31640650340797,1,2882,sum,shift_l2,0
754878,32.3117125904162,1,2883,sum,shift_l2,0
625362,32.30995372661654,1,2884,sum,shift_l2,0
493002,32.289137806645094,1,2885,sum,shift_l2,0
652393,32.27969931615536,2,2886,sum,shift_l2,0
457966,32.27404673775859,1,2887,sum,shift_l2,0
401202,32.27034471165997,2,2888,sum,shift_l2,0
775569,32.27027410011224,1,2889,sum,shift_l2,0
374635,32.26226958700956,1,2890,sum,shift_l2,0
403074,32.2531035891872,1,2891,sum,shift_l2,0
786537,32.251027720816865,1,2892,sum,shift_l2,0
26929,32.244957404180965,1,2893,sum,shift_l2,0
258989,32.24344689041268,1,2894,sum,shift_l2,0
939940,32.24106750097597,1,2895,sum,shift_l2,0
688256,32.23824331044554,1,2896,sum,shift_l2,0
545718,32.236488681168105,1,2897,sum,shift_l2,0
567560,32.22937217575981,1,2898,sum,shift_l2,0
385920,32.229145838620134,2,2899,sum,shift_l2,0
233141,32.2232515867573,1,2900,sum,shift_l2,0
813603,32.221491322568966,1,2901,sum,shift_l2,0
78366,32.215077640897725,1,2902,sum,shift_l2,0
717089,32.209850257979554,2,2903,sum,shift_l2,0
98905,32.20865340423406,1,2904,sum,shift_l2,0
190447,32.206843207797185,1,2905,sum,shift_l2,0
262929,32.20572426978481,1,2906,sum,shift_l2,0
129296,32.201722571087664,1,2907,sum,shift_l2,0
975269,32.19884981150846,1,2908,sum,shift_l2,0
876027,32.19716275792688,1,2909,sum,shift_l2,0
874295,32.19055361168968,2,2910,sum,shift_l2,0
982912,32.18901371404891,1,2911,sum,shift_l2,0
316575,32.18680683461102,1,2912,sum,shift_l2,0
211691,32.185394157662635,1,2913,sum,shift_l2,0
603426,32.184388593200545,2,2914,sum,shift_l2,0
776527,32.176813148128716,1,2915,sum,shift_l2,0
53657,32.17560734182503,1,2916,sum,shift_l2,0
376840,32.16740854045325,1,2917,sum,shift_l2,0
952181,32.16554977695291,1,2918,sum,shift_l2,0
221001,32.16190383554154,1,2919,sum,shift_l2,0
395394,32.15528481418974,1,2920,sum,shift_l2,0
567572,32.15097194396757,1,2921,sum,shift_l2,0
17007,32.14698432515319,1,2922,sum,shift_l2,0
279351,32.1460709051645,1,2923,sum,shift_l2,0
391945,32.145926838072455,1,2924,sum,shift_l2,0
42335,32.14361676573707,1,2925,sum,shift_l2,0
565234,32.141324806133575,1,2926,sum,shift_l2,0
14970,32.13930062986896,1,2927,sum,shift_l2,0
61164,32.137763129807404,1,2928,sum,shift_l2,0
546278,32.13051341761531,1,2929,sum,shift_l2,0
216445,32.12810244452115,1,2930,sum,shift_l2,0
93461,32.12537380657472,1,2931,sum,shift_l2,0
146885,32.12374582389029,1,2932,sum,shift_l2,0
825153,32.12194880426102,1,2933,sum,shift_l2,0
127158,32.11912040848111,2,2934,sum,shift_l2,0
261920,32.11753242878068,1,2935,sum,shift_l2,0
338653,32.11378211353372,2,2936,sum,shift_l2,0
337331,32.11061346439493,1,2937,sum,shift_l2,0
475121,32.10530430623808,1,2938,sum,shift_l2,0
802282,32.105291074853746,1,2939,sum,shift_l2,0
491874,32.10468731716711,1,2940,sum,shift_l2,0
956206,32.10390729667432,1,2941,sum,shift_l2,0
579973,32.103089528695875,2,2942,sum,shift_l2,0
598655,32.10106103410901,1,2943,sum,shift_l2,0
203230,32.09485236561385,1,2944,sum,shift_l2,0
814766,32.09293069005046,1,2945,sum,shift_l2,0
161833,32.09267504386092,1,2946,sum,shift_l2,0
147923,32.08937328959862,1,2947,sum,shift_l2,0
110268,32.08795375747677,1,2948,sum,shift_l2,0
248975,32.08729513759079,1,2949,sum,shift_l2,0
225928,32.086336449436956,1,2950,sum,shift_l2,0
273207,32.08494140858222,1,2951,sum,shift_l2,0
425174,32.08450871651431,1,2952,sum,shift_l2,0
88784,32.08333238086459,1,2953,sum,shift_l2,0
349103,32.082809110026986,1,2954,sum,shift_l2,0
709847,32.081147215707034,1,2955,sum,shift_l2,0
861265,32.07415858914963,1,2956,sum,shift_l2,0
195727,32.07141061223782,1,2957,sum,shift_l2,0
184618,32.06846114199445,1,2958,sum,shift_l2,0
967095,32.06603270673372,1,2959,sum,shift_l2,0
423317,32.05663743529228,1,2960,sum,shift_l2,0
303793,32.04684207644061,1,2961,sum,shift_l2,0
129190,32.04618215051349,1,2962,sum,shift_l2,0
159397,32.046034281822365,1,2963,sum,shift_l2,0
21233,32.04491023457942,2,2964,sum,shift_l2,0
748646,32.04361237446235,1,2965,sum,shift_l2,0
301695,32.04266069551297,1,2966,sum,shift_l2,0
265071,32.042054649634416,1,2967,sum,shift_l2,0
425610,32.03890133696845,1,2968,sum,shift_l2,0
488357,32.03678305992444,1,2969,sum,shift_l2,0
851099,32.03657245481801,1,2970,sum,shift_l2,0
496309,32.036359958656504,1,2971,sum,shift_l2,0
549206,32.02998390857136,1,2972,sum,shift_l2,0
472080,32.02666507341213,1,2973,sum,shift_l2,0
592937,32.026468646761565,1,2974,sum,shift_l2,0
254681,32.0262566486819,1,2975,sum,shift_l2,0
345855,32.02383982707614,1,2976,sum,shift_l2,0
419057,32.02205194842043,1,2977,sum,shift_l2,0
631705,32.01706664297876,1,2978,sum,shift_l2,0
5687,32.0164593366786,1,2979,sum,shift_l2,0
488391,32.01645583120166,1,2980,sum,shift_l2,0
960855,32.01520716530529,1,2981,sum,shift_l2,0
902028,32.01215161451758,1,2982,sum,shift_l2,0
433634,32.01163646794361,1,2983,sum,shift_l2,0
761332,32.01130773737574,1,2984,sum,shift_l2,0
491407,32.00832068275,1,2985,sum,shift_l2,0
229428,32.003831201183694,1,2986,sum,shift_l2,0
218928,32.00136401267922,1,2987,sum,shift_l2,0
303503,31.992878963822967,1,2988,sum,shift_l2,0
102117,31.987944846187307,1,2989,sum,shift_l2,0
991408,31.986664429105133,1,2990,sum,shift_l2,0
573177,31.985861748460227,1,2991,sum,shift_l2,0
248893,31.985256625448216,1,2992,sum,shift_l2,0
251495,31.982126529157057,1,2993,sum,shift_l2,0
649440,31.982010021891522,1,2994,sum,shift_l2,0
209673,31.980045458221355,3,2995,sum,shift_l2,0
312713,31.979978034687594,1,2996,sum,shift_l2,0
527682,31.979136560301534,1,2997,sum,shift_l2,0
571281,31.97529794494202,1,2998,sum,shift_l2,0
552264,31.970941860075342,1,2999,sum,shift_l2,0
553465,31.967346659811096,1,3000,sum,shift_l2,0
623056,31.965958875345066,1,3001,sum,shift_l2,0
322347,31.963670730028124,1,3002,sum,shift_l2,0
965757,31.95462090546943,1,3003,sum,shift_l2,0
557642,31.951099098792714,1,3004,sum,shift_l2,0
494057,31.949184442509466,1,3005,sum,shift_l2,0
214851,31.938282983337796,1,3006,sum,shift_l2,0
567374,31.931265372934444,1,3007,sum,shift_l2,0
789502,31.930707256824878,1,3008,sum,shift_l2,0
958514,31.92170594192925,1,3009,sum,shift_l2,0
516278,31.9207324136708,1,3010,sum,shift_l2,0
315252,31.919672256758517,1,3011,sum,shift_l2,0
167840,31.91963926464065,1,3012,sum,shift_l2,0
264275,31.919612847390514,1,3013,sum,shift_l2,0
369651,31.917330952474433,1,3014,sum,shift_l2,0
96325,31.916997509400183,1,3015,sum,shift_l2,0
597150,31.906246004017948,1,3016,sum,shift_l2,0
387166,31.905947586682284,1,3017,sum,shift_l2,0
81813,31.905079424434927,1,3018,sum,shift_l2,0
989889,31.89735972729379,1,3019,sum,shift_l2,0
694028,31.88669853113626,1,3020,sum,shift_l2,0
614008,31.883512863596028,1,3021,sum,shift_l2,0
891564,31.881881586351234,1,3022,sum,shift_l2,0
329890,31.88103144695426,2,3023,sum,shift_l2,0
236926,31.88096610731169,1,3024,sum,shift_l2,0
51333,31.879222219732263,1,3025,sum,shift_l2,0
303485,31.877247993242218,1,3026,sum,shift_l2,0
153898,31.872605315496678,1,3027,sum,shift_l2,0
733426,31.870449669846717,1,3028,sum,shift_l2,0
982208,31.869452303581333,1,3029,sum,shift_l2,0
527864,31.863736351390315,2,3030,sum,shift_l2,0
646572,31.862151921607772,1,3031,sum,shift_l2,0
869310,31.855917002572646,1,3032,sum,shift_l2,0
860617,31.832676066923067,1,3033,sum,shift_l2,0
886956,31.82737307162376,2,3034,sum,shift_l2,0
391947,31.82090474846892,1,3035,sum,shift_l2,0
77716,31.82012285870999,1,3036,sum,shift_l2,0
973977,31.817321215958234,2,3037,sum,shift_l2,0
724238,31.812941307806692,1,3038,sum,shift_l2,0
280249,31.800110720746456,1,3039,sum,shift_l2,0
109363,31.785802543531272,1,3040,sum,shift_l2,0
160708,31.78319084388305,2,3041,sum,shift_l2,0
906875,31.781246103866245,1,3042,sum,shift_l2,0
625893,31.778879054602513,1,3043,sum,shift_l2,0
775274,31.77685870421734,3,3044,sum,shift_l2,0
544286,31.77451717788314,1,3045,sum,shift_l2,0
3623,31.7699139232558,2,3046,sum,shift_l2,0
811296,31.761048164643753,1,3047,sum,shift_l2,0
172291,31.7600420230087,1,3048,sum,shift_l2,0
512956,31.757710772943813,1,3049,sum,shift_l2,0
38567,31.73071371965237,1,3050,sum,shift_l2,0
428119,31.728258689632195,1,3051,sum,shift_l2,0
534873,31.717434480287757,1,3052,sum,shift_l2,0
908822,31.715700855034886,1,3053,sum,shift_l2,0
505603,31.715579779704182,1,3054,sum,shift_l2,0
76897,31.698689713659142,1,3055,sum,shift_l2,0
568080,31.690815146845654,1,3056,sum,shift_l2,0
167210,31.684460836818367,1,3057,sum,shift_l2,0
942694,31.679350593017173,1,3058,sum,shift_l2,0
2205,31.679099851105295,1,3059,sum,shift_l2,0
692434,31.6781175882617,1,3060,sum,shift_l2,0
147888,31.670736431243267,1,3061,sum,shift_l2,0
16621,31.668655037432295,1,3062,sum,shift_l2,0
601493,31.668528945287875,1,3063,sum,shift_l2,0
22215,31.66789576230041,1,3064,sum,shift_l2,0
457407,31.665583632177757,1,3065,sum,shift_l2,0
195564,31.663978923358222,1,3066,sum,shift_l2,0
759096,31.660356686588713,1,3067,sum,shift_l2,0
66437,31.659164414479868,1,3068,sum,shift_l2,0
136998,31.657966478730568,1,3069,sum,shift_l2,0
322389,31.656074425862993,1,3070,sum,shift_l2,0
481417,31.65601818346586,1,3071,sum,shift_l2,0
987835,31.653548800957886,2,3072,sum,shift_l2,0
523037,31.652979471838215,1,3073,sum,shift_l2,0
702892,31.651597814898622,1,3074,sum,shift_l2,0
689807,31.647900262502635,1,3075,sum,shift_l2,0
298947,31.64736212830927,1,3076,sum,shift_l2,0
400045,31.647339974360953,1,3077,sum,shift_l2,0
699661,31.645248422844904,1,3078,sum,shift_l2,0
976550,31.628380078281946,1,3079,sum,shift_l2,0
675861,31.623043338715988,1,3080,sum,shift_l2,0
790366,31.621667007222086,1,3081,sum,shift_l2,0
124833,31.621535143970675,1,3082,sum,shift_l2,0
347938,31.619713292162682,1,3083,sum,shift_l2,0
239234,31.612100293443376,2,3084,sum,shift_l2,0
307077,31.607003415452553,3,3085,sum,shift_l2,0
378692,31.604907384075183,1,3086,sum,shift_l2,0
308150,31.603915356866544,1,3087,sum,shift_l2,0
1000794,31.591713499526314,1,3088,sum,shift_l2,0
642465,31.582852929536884,2,3089,sum,shift_l2,0
369649,31.582454629234327,1,3090,sum,shift_l2,0
838111,31.57720042288187,1,3091,sum,shift_l2,0
513466,31.569409113216867,1,3092,sum,shift_l2,0
69057,31.563437254206274,1,3093,sum,shift_l2,0
91680,31.556285645434446,1,3094,sum,shift_l2,0
819711,31.54978829203321,1,3095,sum,shift_l2,0
654720,31.54863363120445,1,3096,sum,shift_l2,0
74233,31.545507511466894,1,3097,sum,shift_l2,0
177921,31.540162701193577,1,3098,sum,shift_l2,0
784556,31.534876373193416,1,3099,sum,shift_l2,0
848776,31.520708720258572,1,3100,sum,shift_l2,0
846958,31.519912811905968,1,3101,sum,shift_l2,0
825492,31.518919855634937,1,3102,sum,shift_l2,0
216355,31.517855080529174,1,3103,sum,shift_l2,0
83973,31.4947565265186,1,3104,sum,shift_l2,0
85340,31.487263739926323,2,3105,sum,shift_l2,0
871970,31.484659955341694,1,3106,sum,shift_l2,0
385122,31.48124232222644,1,3107,sum,shift_l2,0
114011,31.480638901508534,1,3108,sum,shift_l2,0
697670,31.474555396297408,1,3109,sum,shift_l2,0
623572,31.470373329377203,1,3110,sum,shift_l2,0
200907,31.460102329903467,1,3111,sum,shift_l2,0
884591,31.458165230290213,1,3112,sum,shift_l2,0
238520,31.45460577895116,1,3113,sum,shift_l2,0
925468,31.44465788867836,1,3114,sum,shift_l2,0
501333,31.438830237846993,2,3115,sum,shift_l2,0
266405,31.438640663582483,1,3116,sum,shift_l2,0
408067,31.427640573910587,1,3117,sum,shift_l2,0
84017,31.425105101189747,1,3118,sum,shift_l2,0
606700,31.422169374823298,1,3119,sum,shift_l2,0
457017,31.421967597791586,1,3120,sum,shift_l2,0
412370,31.417096095375264,1,3121,sum,shift_l2,0
466310,31.402587570504867,2,3122,sum,shift_l2,0
230392,31.40086532641836,1,3123,sum,shift_l2,0
17294,31.394323176087987,2,3124,sum,shift_l2,0
247822,31.393255445858504,1,3125,sum,shift_l2,0
662201,31.38348434144137,1,3126,sum,shift_l2,0
624308,31.38039851150708,1,3127,sum,shift_l2,0
645382,31.36468162368754,1,3128,sum,shift_l2,0
871972,31.358392577765546,2,3129,sum,shift_l2,0
917043,31.35710237053237,1,3130,sum,shift_l2,0
409162,31.355842650541277,1,3131,sum,shift_l2,0
479486,31.34923353352802,1,3132,sum,shift_l2,0
31686,31.341454289829514,2,3133,sum,shift_l2,0
587163,31.33205224468887,1,3134,sum,shift_l2,0
991926,31.328049817117492,2,3135,sum,shift_l2,0
137853,31.32061924159584,1,3136,sum,shift_l2,0
521317,31.319655085501623,1,3137,sum,shift_l2,0
150940,31.30679206690247,2,3138,sum,shift_l2,0
268771,31.306207376219536,2,3139,sum,shift_l2,0
347644,31.297053154263587,2,3140,sum,shift_l2,0
344155,31.296991197813885,1,3141,sum,shift_l2,0
430964,31.296107032742913,1,3142,sum,shift_l2,0
470816,31.292757130937353,2,3143,sum,shift_l2,0
154769,31.268156179098423,1,3144,sum,shift_l2,0
53312,31.267641555749815,1,3145,sum,shift_l2,0
984718,31.26460139432897,1,3146,sum,shift_l2,0
707795,31.26436350267445,1,3147,sum,shift_l2,0
430441,31.263046220530516,1,3148,sum,shift_l2,0
667302,31.2629421762787,1,3149,sum,shift_l2,0
642934,31.2596386869691,1,3150,sum,shift_l2,0
957987,31.23604348921469,1,3151,sum,shift_l2,0
551106,31.228977586060065,1,3152,sum,shift_l2,0
222295,31.22850218240594,1,3153,sum,shift_l2,0
913535,31.226878917703264,1,3154,sum,shift_l2,0
820887,31.22373254448301,1,3155,sum,shift_l2,0
101402,31.223367128836042,1,3156,sum,shift_l2,0
904552,31.219167487201346,1,3157,sum,shift_l2,0
814426,31.219118568361964,1,3158,sum,shift_l2,0
57163,31.21865572280934,1,3159,sum,shift_l2,0
571582,31.218445063439585,1,3160,sum,shift_l2,0
489406,31.20849295793099,1,3161,sum,shift_l2,0
781903,31.204706004438037,2,3162,sum,shift_l2,0
765981,31.202577467572134,1,3163,sum,shift_l2,0
833504,31.202235920099415,1,3164,sum,shift_l2,0
238433,31.199576887580406,1,3165,sum,shift_l2,0
962342,31.196301786218566,1,3166,sum,shift_l2,0
947381,31.19262627863013,1,3167,sum,shift_l2,0
961713,31.19217750684694,1,3168,sum,shift_l2,0
700040,31.189323949475735,1,3169,sum,shift_l2,0
634313,31.186840852980243,1,3170,sum,shift_l2,0
942588,31.182850145787373,1,3171,sum,shift_l2,0
212527,31.178326263300594,1,3172,sum,shift_l2,0
759258,31.17417994620051,2,3173,sum,shift_l2,0
964681,31.172900664967813,1,3174,sum,shift_l2,0
845818,31.160440228216995,1,3175,sum,shift_l2,0
766073,31.159579066278646,1,3176,sum,shift_l2,0
921346,31.15924429713186,1,3177,sum,shift_l2,0
315928,31.157342745225154,1,3178,sum,shift_l2,0
174801,31.156797283179635,1,3179,sum,shift_l2,0
265285,31.152514280104477,2,3180,sum,shift_l2,0
384483,31.151249799671543,1,3181,sum,shift_l2,0
785718,31.150216164049294,1,3182,sum,shift_l2,0
455976,31.146024998757184,1,3183,sum,shift_l2,0
184983,31.127356993856154,1,3184,sum,shift_l2,0
961488,31.125193216187867,2,3185,sum,shift_l2,0
990336,31.110380532061424,1,3186,sum,shift_l2,0
471124,31.10774853826448,1,3187,sum,shift_l2,0
567567,31.103103269405565,1,3188,sum,shift_l2,0
460287,31.091556220575075,1,3189,sum,shift_l2,0
42140,31.0887508547287,1,3190,sum,shift_l2,0
103735,31.087515476294733,1,3191,sum,shift_l2,0
680811,31.086870742799604,1,3192,sum,shift_l2,0
758136,31.08612781202296,1,3193,sum,shift_l2,0
435089,31.085480693002566,1,3194,sum,shift_l2,0
403079,31.083707092901587,1,3195,sum,shift_l2,0
247821,31.083490831244752,1,3196,sum,shift_l2,0
146633,31.07811740606684,1,3197,sum,shift_l2,0
247367,31.077980020711067,1,3198,sum,shift_l2,0
156210,31.07380267123141,1,3199,sum,shift_l2,0
284553,31.072210239536112,1,3200,sum,shift_l2,0
136157,31.060766043572166,2,3201,sum,shift_l2,0
260492,31.057805798436394,1,3202,sum,shift_l2,0
655504,31.05353276970605,1,3203,sum,shift_l2,0
666867,31.05304948105236,1,3204,sum,shift_l2,0
490837,31.049238221112308,1,3205,sum,shift_l2,0
513829,31.04751894861614,1,3206,sum,shift_l2,0
507928,31.012294447968717,1,3207,sum,shift_l2,0
752853,31.011062078210564,2,3208,sum,shift_l2,0
821739,31.009125213048573,1,3209,sum,shift_l2,0
423102,31.009052863988174,1,3210,sum,shift_l2,0
264085,31.001972547761202,2,3211,sum,shift_l2,0
868516,30.993373779111177,1,3212,sum,shift_l2,0
711024,30.99293874227579,1,3213,sum,shift_l2,0
616081,30.98988463612836,1,3214,sum,shift_l2,0
285005,30.982839299743496,1,3215,sum,shift_l2,0
462356,30.981997760367992,1,3216,sum,shift_l2,0
148599,30.97672502953987,1,3217,sum,shift_l2,0
952703,30.97643695503205,1,3218,sum,shift_l2,0
846159,30.97454462569678,1,3219,sum,shift_l2,0
755162,30.972674320044696,1,3220,sum,shift_l2,0
873178,30.970437997443742,1,3221,sum,shift_l2,0
509265,30.970342875546713,2,3222,sum,shift_l2,0
226903,30.96624784648257,1,3223,sum,shift_l2,0
963160,30.963050275964505,1,3224,sum,shift_l2,0
717976,30.961042180941547,1,3225,sum,shift_l2,0
38859,30.95059650419533,1,3226,sum,shift_l2,0
18901,30.94683574971614,1,3227,sum,shift_l2,0
494320,30.941711386832992,1,3228,sum,shift_l2,0
91933,30.94059636547943,2,3229,sum,shift_l2,0
141901,30.937574083869542,1,3230,sum,shift_l2,0
194188,30.930045301896172,1,3231,sum,shift_l2,0
668285,30.928404717405453,1,3232,sum,shift_l2,0
774406,30.92026763096738,1,3233,sum,shift_l2,0
778119,30.91586589169915,1,3234,sum,shift_l2,0
260789,30.903707184323157,1,3235,sum,shift_l2,0
321752,30.901117004885414,1,3236,sum,shift_l2,0
234304,30.882260180452857,1,3237,sum,shift_l2,0
755178,30.88078170957434,1,3238,sum,shift_l2,0
203558,30.869622351467793,1,3239,sum,shift_l2,0
171839,30.867204572250323,1,3240,sum,shift_l2,0
775260,30.86544454393578,1,3241,sum,shift_l2,0
927483,30.86527773425718,1,3242,sum,shift_l2,0
491833,30.864639430178745,1,3243,sum,shift_l2,0
102728,30.864489119772923,2,3244,sum,shift_l2,0
51353,30.86256805948642,1,3245,sum,shift_l2,0
752553,30.848945788022636,1,3246,sum,shift_l2,0
160706,30.845030256235493,1,3247,sum,shift_l2,0
16781,30.844832848893972,1,3248,sum,shift_l2,0
636912,30.844654960111015,2,3249,sum,shift_l2,0
64261,30.84158452933598,1,3250,sum,shift_l2,0
183910,30.83515189568993,1,3251,sum,shift_l2,0
831853,30.832631590623432,1,3252,sum,shift_l2,0
355797,30.829792915310982,1,3253,sum,shift_l2,0
582474,30.829745660068838,1,3254,sum,shift_l2,0
925268,30.8285360191913,1,3255,sum,shift_l2,0
220988,30.825197099599716,1,3256,sum,shift_l2,0
79324,30.824553867437473,2,3257,sum,shift_l2,0
805736,30.82164529093717,1,3258,sum,shift_l2,0
565244,30.82044726110311,1,3259,sum,shift_l2,0
145991,30.81945978709794,1,3260,sum,shift_l2,0
864846,30.8171813402009,1,3261,sum,shift_l2,0
646810,30.80855537462658,1,3262,sum,shift_l2,0
161721,30.808115251406008,1,3263,sum,shift_l2,0
260496,30.805827182017335,1,3264,sum,shift_l2,0
434724,30.78599030240605,1,3265,sum,shift_l2,0
122327,30.78446427670607,1,3266,sum,shift_l2,0
598634,30.77715727918645,1,3267,sum,shift_l2,0
72514,30.777148761360507,1,3268,sum,shift_l2,0
264273,30.77390417062049,1,3269,sum,shift_l2,0
503648,30.77355641947243,1,3270,sum,shift_l2,0
658714,30.751993204320872,1,3271,sum,shift_l2,0
123676,30.75109508400975,1,3272,sum,shift_l2,0
243166,30.747258521483392,1,3273,sum,shift_l2,0
441909,30.746199923297592,1,3274,sum,shift_l2,0
9613,30.745252742590026,1,3275,sum,shift_l2,0
2676,30.74344294608468,1,3276,sum,shift_l2,0
947534,30.741476063997567,1,3277,sum,shift_l2,0
458052,30.740556609103916,1,3278,sum,shift_l2,0
724235,30.740369257195088,1,3279,sum,shift_l2,0
664545,30.739659210930135,1,3280,sum,shift_l2,0
490226,30.739062775638118,1,3281,sum,shift_l2,0
730050,30.738924295052104,1,3282,sum,shift_l2,0
424629,30.73599738168724,2,3283,sum,shift_l2,0
854293,30.728475631523104,1,3284,sum,shift_l2,0
739350,30.727103017041202,1,3285,sum,shift_l2,0
258478,30.714772651882512,1,3286,sum,shift_l2,0
53924,30.71395661919697,1,3287,sum,shift_l2,0
80679,30.71078009920739,1,3288,sum,shift_l2,0
670699,30.708557463861506,1,3289,sum,shift_l2,0
470815,30.706695733019686,1,3290,sum,shift_l2,0
674313,30.70444980674491,2,3291,sum,shift_l2,0
745050,30.703602178404672,1,3292,sum,shift_l2,0
634766,30.699862314221036,1,3293,sum,shift_l2,0
832492,30.699186987735654,1,3294,sum,shift_l2,0
689582,30.698819157188478,1,3295,sum,shift_l2,0
26588,30.696520687413464,1,3296,sum,shift_l2,0
58303,30.69437489977986,1,3297,sum,shift_l2,0
901573,30.69404434317026,1,3298,sum,shift_l2,0
665165,30.68928835432752,1,3299,sum,shift_l2,0
211797,30.687556774764367,1,3300,sum,shift_l2,0
77429,30.682019296076575,1,3301,sum,shift_l2,0
508296,30.681880830302436,1,3302,sum,shift_l2,0
497847,30.68120682343948,1,3303,sum,shift_l2,0
178810,30.662054566285583,1,3304,sum,shift_l2,0
648745,30.661409695300343,2,3305,sum,shift_l2,0
45451,30.647554617532595,1,3306,sum,shift_l2,0
592842,30.64447322206524,1,3307,sum,shift_l2,0
510591,30.64370386123674,1,3308,sum,shift_l2,0
308238,30.63519002483347,1,3309,sum,shift_l2,0
912376,30.63495564026723,1,3310,sum,shift_l2,0
949577,30.630629342311487,1,3311,sum,shift_l2,0
814699,30.623159949691694,1,3312,sum,shift_l2,0
949560,30.62281630501933,1,3313,sum,shift_l2,0
351967,30.61587652370803,1,3314,sum,shift_l2,0
333715,30.61396427996262,1,3315,sum,shift_l2,0
415151,30.61241911947236,1,3316,sum,shift_l2,0
44669,30.604319701277493,1,3317,sum,shift_l2,0
656664,30.599503813970934,1,3318,sum,shift_l2,0
861357,30.594801289794813,1,3319,sum,shift_l2,0
7289,30.594152130565515,1,3320,sum,shift_l2,0
653558,30.577305198613825,1,3321,sum,shift_l2,0
466984,30.576106399646694,1,3322,sum,shift_l2,0
516279,30.575517812584447,1,3323,sum,shift_l2,0
461830,30.563278057137797,1,3324,sum,shift_l2,0
134926,30.55778320627924,3,3325,sum,shift_l2,0
523122,30.54898313556131,1,3326,sum,shift_l2,0
848772,30.548613291471778,1,3327,sum,shift_l2,0
141072,30.546634530942168,1,3328,sum,shift_l2,0
267140,30.54511128651676,1,3329,sum,shift_l2,0
646206,30.543184212657117,1,3330,sum,shift_l2,0
33051,30.538322175223204,1,3331,sum,shift_l2,0
211621,30.532904017089777,1,3332,sum,shift_l2,0
912051,30.5314283595908,1,3333,sum,shift_l2,0
520710,30.526963086914943,1,3334,sum,shift_l2,0
796997,30.525739516634744,2,3335,sum,shift_l2,0
3986,30.52551756596834,1,3336,sum,shift_l2,0
305829,30.521068370645274,2,3337,sum,shift_l2,0
936451,30.51729538327764,2,3338,sum,shift_l2,0
293137,30.504316106862504,1,3339,sum,shift_l2,0
552158,30.497188098530014,1,3340,sum,shift_l2,0
859740,30.494177335052193,1,3341,sum,shift_l2,0
117570,30.490668458269795,1,3342,sum,shift_l2,0
450992,30.4809777117428,1,3343,sum,shift_l2,0
636639,30.47154894515771,1,3344,sum,shift_l2,0
616178,30.47116617279807,1,3345,sum,shift_l2,0
815605,30.462727177185393,1,3346,sum,shift_l2,0
640574,30.45350705065467,1,3347,sum,shift_l2,0
973110,30.44922028532175,1,3348,sum,shift_l2,0
484776,30.44587905599281,1,3349,sum,shift_l2,0
686082,30.427417289345637,1,3350,sum,shift_l2,0
348917,30.423811314708075,1,3351,sum,shift_l2,0
255220,30.41883616817217,1,3352,sum,shift_l2,0
644250,30.418756962045098,2,3353,sum,shift_l2,0
997344,30.41683783540288,1,3354,sum,shift_l2,0
700038,30.41207217300252,1,3355,sum,shift_l2,0
6850,30.411398220775897,1,3356,sum,shift_l2,0
308280,30.409470443436746,1,3357,sum,shift_l2,0
524369,30.409244212718495,1,3358,sum,shift_l2,0
500402,30.407280279664697,1,3359,sum,shift_l2,0
17638,30.405997972250475,1,3360,sum,shift_l2,0
856614,30.401693655909455,1,3361,sum,shift_l2,0
581203,30.396858435715792,1,3362,sum,shift_l2,0
294457,30.395358315291958,1,3363,sum,shift_l2,0
545289,30.39277586828735,2,3364,sum,shift_l2,0
403420,30.392520945785012,1,3365,sum,shift_l2,0
338278,30.391335661573308,1,3366,sum,shift_l2,0
438298,30.391146606414452,1,3367,sum,shift_l2,0
661526,30.388423517906062,1,3368,sum,shift_l2,0
951258,30.386759688880332,2,3369,sum,shift_l2,0
552259,30.379899860727853,1,3370,sum,shift_l2,0
94000,30.378606753104794,1,3371,sum,shift_l2,0
918113,30.37857760723306,1,3372,sum,shift_l2,0
387152,30.37797765171558,1,3373,sum,shift_l2,0
951255,30.367101042317948,1,3374,sum,shift_l2,0
473960,30.36490980078397,1,3375,sum,shift_l2,0
375827,30.364149726392903,1,3376,sum,shift_l2,0
187286,30.362776840830644,1,3377,sum,shift_l2,0
699840,30.358633125352927,1,3378,sum,shift_l2,0
849628,30.357677974558072,1,3379,sum,shift_l2,0
342997,30.352528073778696,1,3380,sum,shift_l2,0
251214,30.35197457998247,1,3381,sum,shift_l2,0
879950,30.35132061316515,1,3382,sum,shift_l2,0
293562,30.351269222417052,1,3383,sum,shift_l2,0
725404,30.348213074918785,1,3384,sum,shift_l2,0
26861,30.34741170427098,2,3385,sum,shift_l2,0
965936,30.34151632059718,1,3386,sum,shift_l2,0
88812,30.340048787622713,1,3387,sum,shift_l2,0
961292,30.3373882729797,1,3388,sum,shift_l2,0
515278,30.33432565709904,1,3389,sum,shift_l2,0
82816,30.329597505769787,1,3390,sum,shift_l2,0
782527,30.324456218506004,1,3391,sum,shift_l2,0
481383,30.32294669922527,1,3392,sum,shift_l2,0
898725,30.321832789939943,1,3393,sum,shift_l2,0
745580,30.321435505871488,1,3394,sum,shift_l2,0
616363,30.320534498019043,2,3395,sum,shift_l2,0
916006,30.307942193410405,1,3396,sum,shift_l2,0
975940,30.30672849505374,1,3397,sum,shift_l2,0
603298,30.306612356603843,2,3398,sum,shift_l2,0
311296,30.30587833242136,1,3399,sum,shift_l2,0
847838,30.304575714635575,1,3400,sum,shift_l2,0
589485,30.30150780418483,3,3401,sum,shift_l2,0
550650,30.29446699592078,1,3402,sum,shift_l2,0
547526,30.29297251796928,1,3403,sum,shift_l2,0
168962,30.2871774745702,1,3404,sum,shift_l2,0
418628,30.274772549643174,1,3405,sum,shift_l2,0
634655,30.27247587588155,1,3406,sum,shift_l2,0
547438,30.272047838132572,1,3407,sum,shift_l2,0
536155,30.264329023329367,2,3408,sum,shift_l2,0
849921,30.26252517707464,1,3409,sum,shift_l2,0
104894,30.260474082999146,1,3410,sum,shift_l2,0
297784,30.256558894223275,1,3411,sum,shift_l2,0
169876,30.25419768490552,1,3412,sum,shift_l2,0
644261,30.2510351317536,1,3413,sum,shift_l2,0
158545,30.248925624457648,1,3414,sum,shift_l2,0
747516,30.245290917316723,1,3415,sum,shift_l2,0
804417,30.23986550885313,1,3416,sum,shift_l2,0
227974,30.238659745465174,1,3417,sum,shift_l2,0
848574,30.237724476218734,1,3418,sum,shift_l2,0
322082,30.235076601367094,1,3419,sum,shift_l2,0
601256,30.234568006289187,3,3420,sum,shift_l2,0
781212,30.23111832863641,1,3421,sum,shift_l2,0
377515,30.22913539473414,1,3422,sum,shift_l2,0
270088,30.228540095173365,1,3423,sum,shift_l2,0
176974,30.226258565394748,1,3424,sum,shift_l2,0
494159,30.225381395433082,1,3425,sum,shift_l2,0
427840,30.225241518590213,1,3426,sum,shift_l2,0
58602,30.22487908390385,1,3427,sum,shift_l2,0
511630,30.22397312744257,1,3428,sum,shift_l2,0
453693,30.223698222193185,1,3429,sum,shift_l2,0
239844,30.22264123246341,1,3430,sum,shift_l2,0
623181,30.221352043409517,1,3431,sum,shift_l2,0
278068,30.22074574971746,1,3432,sum,shift_l2,0
928752,30.21425580169955,1,3433,sum,shift_l2,0
497560,30.212643002581284,1,3434,sum,shift_l2,0
87891,30.212039865913592,1,3435,sum,shift_l2,0
576664,30.212002961176843,1,3436,sum,shift_l2,0
144226,30.209585917271916,1,3437,sum,shift_l2,0
475394,30.20940114314081,1,3438,sum,shift_l2,0
688109,30.202091553361708,1,3439,sum,shift_l2,0
598740,30.199990815714852,1,3440,sum,shift_l2,0
791529,30.196087280582248,1,3441,sum,shift_l2,0
434901,30.19195242802598,1,3442,sum,shift_l2,0
801644,30.18728854248477,1,3443,sum,shift_l2,0
548689,30.184798676544425,1,3444,sum,shift_l2,0
828979,30.183163772019686,2,3445,sum,shift_l2,0
147709,30.18048531105654,1,3446,sum,shift_l2,0
400242,30.173937068758427,1,3447,sum,shift_l2,0
816239,30.17338836517102,1,3448,sum,shift_l2,0
642162,30.170284359919865,1,3449,sum,shift_l2,0
547164,30.168385441150946,1,3450,sum,shift_l2,0
236108,30.160130655931273,1,3451,sum,shift_l2,0
96795,30.15924507635772,1,3452,sum,shift_l2,0
286875,30.15698318570795,1,3453,sum,shift_l2,0
274539,30.155361988695716,1,3454,sum,shift_l2,0
419707,30.152177213783755,1,3455,sum,shift_l2,0
157092,30.1482003996194,1,3456,sum,shift_l2,0
697508,30.146449508112457,1,3457,sum,shift_l2,0
605625,30.144679455865138,2,3458,sum,shift_l2,0
7322,30.1394233602786,1,3459,sum,shift_l2,0
318266,30.1349716538694,1,3460,sum,shift_l2,0
925978,30.1338195179972,1,3461,sum,shift_l2,0
510617,30.129967278410366,1,3462,sum,shift_l2,0
161829,30.128738584091508,1,3463,sum,shift_l2,0
72515,30.123222297146178,2,3464,sum,shift_l2,0
758924,30.114227860978602,3,3465,sum,shift_l2,0
697420,30.110680829428027,1,3466,sum,shift_l2,0
282503,30.099548764570258,1,3467,sum,shift_l2,0
767947,30.094503441051895,1,3468,sum,shift_l2,0
575693,30.092703084665857,1,3469,sum,shift_l2,0
777690,30.09246721556282,1,3470,sum,shift_l2,0
451061,30.084158829479207,2,3471,sum,shift_l2,0
60774,30.072426527615058,1,3472,sum,shift_l2,0
326097,30.058833805845914,1,3473,sum,shift_l2,0
602420,30.052225656555905,1,3474,sum,shift_l2,0
33047,30.049068159185765,1,3475,sum,shift_l2,0
231738,30.04830592145216,1,3476,sum,shift_l2,0
636085,30.04806397282121,1,3477,sum,shift_l2,0
251216,30.04011707894428,1,3478,sum,shift_l2,0
802821,30.03696758463298,1,3479,sum,shift_l2,0
546021,30.03694582310848,1,3480,sum,shift_l2,0
401912,30.034866538830585,1,3481,sum,shift_l2,0
228065,30.030103560234853,2,3482,sum,shift_l2,0
581473,30.02690031263108,1,3483,sum,shift_l2,0
182783,30.021753537178217,1,3484,sum,shift_l2,0
835789,30.01864131964627,1,3485,sum,shift_l2,0
77007,30.002600599809327,1,3486,sum,shift_l2,0
319411,30.000982100466334,1,3487,sum,shift_l2,0
427192,29.99735558612455,1,3488,sum,shift_l2,0
130021,29.993674092833896,1,3489,sum,shift_l2,0
156734,29.980073710276713,1,3490,sum,shift_l2,0
681137,29.977842476629277,1,3491,sum,shift_l2,0
917025,29.97570346511844,1,3492,sum,shift_l2,0
115348,29.972054055488982,1,3493,sum,shift_l2,0
167828,29.970081807656676,2,3494,sum,shift_l2,0
642719,29.96493272123373,1,3495,sum,shift_l2,0
813538,29.959118354424895,1,3496,sum,shift_l2,0
505046,29.95634287730737,1,3497,sum,shift_l2,0
988215,29.956260738535132,1,3498,sum,shift_l2,0
811384,29.951089337958006,1,3499,sum,shift_l2,0
80043,29.946993705694272,1,3500,sum,shift_l2,0
407437,29.946264125593967,1,3501,sum,shift_l2,0
850791,29.9459095004749,1,3502,sum,shift_l2,0
985684,29.945021756085456,1,3503,sum,shift_l2,0
655231,29.943339280746258,1,3504,sum,shift_l2,0
862703,29.943332147584037,1,3505,sum,shift_l2,0
601067,29.939106840600445,1,3506,sum,shift_l2,0
55351,29.93893256741124,1,3507,sum,shift_l2,0
988741,29.93762079623574,1,3508,sum,shift_l2,0
264084,29.93373877719624,1,3509,sum,shift_l2,0
912052,29.932802043435593,1,3510,sum,shift_l2,0
654427,29.9322902139311,1,3511,sum,shift_l2,0
467438,29.929779976026722,1,3512,sum,shift_l2,0
377875,29.924697113708323,1,3513,sum,shift_l2,0
39818,29.92162629054076,1,3514,sum,shift_l2,0
171853,29.916765340510498,1,3515,sum,shift_l2,0
679975,29.912812680146246,1,3516,sum,shift_l2,0
358209,29.91279261393103,1,3517,sum,shift_l2,0
920620,29.908796116310338,1,3518,sum,shift_l2,0
811394,29.891199691737636,1,3519,sum,shift_l2,0
999791,29.890972435797174,1,3520,sum,shift_l2,0
811576,29.886124141032816,1,3521,sum,shift_l2,0
669448,29.87900992053682,1,3522,sum,shift_l2,0
501337,29.875320883487685,1,3523,sum,shift_l2,0
393069,29.87423402408731,1,3524,sum,shift_l2,0
56515,29.872749631210144,1,3525,sum,shift_l2,0
604374,29.86891297760613,1,3526,sum,shift_l2,0
629158,29.868085275159913,1,3527,sum,shift_l2,0
630827,29.86276889472485,1,3528,sum,shift_l2,0
867891,29.862760609756346,1,3529,sum,shift_l2,0
662565,29.85611644080047,2,3530,sum,shift_l2,0
503619,29.8537272473678,2,3531,sum,shift_l2,0
164883,29.85059946434122,1,3532,sum,shift_l2,0
354882,29.846620597625368,1,3533,sum,shift_l2,0
894090,29.84136870311258,1,3534,sum,shift_l2,0
655676,29.83664881438126,1,3535,sum,shift_l2,0
288647,29.83310237346351,1,3536,sum,shift_l2,0
846978,29.832533670357268,2,3537,sum,shift_l2,0
816237,29.830478833326787,1,3538,sum,shift_l2,0
747474,29.828978106384348,1,3539,sum,shift_l2,0
54750,29.82287699651464,1,3540,sum,shift_l2,0
998628,29.822191345301544,1,3541,sum,shift_l2,0
446345,29.821179708736583,1,3542,sum,shift_l2,0
69062,29.818748723706143,1,3543,sum,shift_l2,0
439369,29.81864680756255,1,3544,sum,shift_l2,0
746138,29.8157037456299,1,3545,sum,shift_l2,0
45668,29.812698840882433,1,3546,sum,shift_l2,0
904538,29.8115251932519,1,3547,sum,shift_l2,0
123688,29.811385791904236,1,3548,sum,shift_l2,0
518112,29.807102011241263,1,3549,sum,shift_l2,0
214011,29.805140635109623,1,3550,sum,shift_l2,0
60628,29.801931318117937,1,3551,sum,shift_l2,0
576577,29.788290524302568,1,3552,sum,shift_l2,0
932277,29.78580376514735,2,3553,sum,shift_l2,0
480258,29.784352245714068,1,3554,sum,shift_l2,0
902064,29.779083770090452,1,3555,sum,shift_l2,0
325831,29.77872759229039,1,3556,sum,shift_l2,0
422308,29.777291479372824,1,3557,sum,shift_l2,0
536705,29.777261813618036,2,3558,sum,shift_l2,0
81478,29.776564830194403,1,3559,sum,shift_l2,0
778405,29.774928005597456,1,3560,sum,shift_l2,0
148598,29.774463845453738,1,3561,sum,shift_l2,0
806305,29.77385681973581,1,3562,sum,shift_l2,0
211795,29.77030693079808,1,3563,sum,shift_l2,0
197849,29.769419974484155,1,3564,sum,shift_l2,0
313320,29.76660138555941,1,3565,sum,shift_l2,0
986400,29.76189821260608,1,3566,sum,shift_l2,0
285006,29.760304894879194,1,3567,sum,shift_l2,0
417473,29.747763628908256,1,3568,sum,shift_l2,0
195954,29.740346423313124,1,3569,sum,shift_l2,0
386256,29.73643812019746,1,3570,sum,shift_l2,0
377527,29.729392314527207,1,3571,sum,shift_l2,0
689201,29.720518105830763,2,3572,sum,shift_l2,0
424478,29.720153350917187,1,3573,sum,shift_l2,0
332214,29.718027539644833,1,3574,sum,shift_l2,0
122510,29.714306835661436,1,3575,sum,shift_l2,0
851095,29.711412318608303,1,3576,sum,shift_l2,0
84688,29.700697106328775,1,3577,sum,shift_l2,0
625037,29.700552451258847,1,3578,sum,shift_l2,0
54835,29.698757788097335,1,3579,sum,shift_l2,0
877623,29.688417432942252,2,3580,sum,shift_l2,0
709133,29.680496446770064,1,3581,sum,shift_l2,0
789514,29.678234516871974,1,3582,sum,shift_l2,0
913833,29.677824091148384,1,3583,sum,shift_l2,0
668663,29.676083792803997,1,3584,sum,shift_l2,0
449554,29.666643424057007,2,3585,sum,shift_l2,0
123479,29.666387685702475,1,3586,sum,shift_l2,0
613849,29.66324135827815,1,3587,sum,shift_l2,0
437221,29.650953533381195,1,3588,sum,shift_l2,0
554134,29.635634760804834,1,3589,sum,shift_l2,0
256377,29.63147835532576,1,3590,sum,shift_l2,0
212849,29.62749608250355,1,3591,sum,shift_l2,0
798809,29.61763924639435,1,3592,sum,shift_l2,0
931071,29.617345015549983,1,3593,sum,shift_l2,0
709859,29.613827613974994,1,3594,sum,shift_l2,0
59484,29.610373960911243,1,3595,sum,shift_l2,0
523120,29.606595911500385,1,3596,sum,shift_l2,0
394659,29.60512839398207,1,3597,sum,shift_l2,0
46687,29.604754609482377,1,3598,sum,shift_l2,0
520926,29.602019244979772,1,3599,sum,shift_l2,0
62971,29.59196198209797,2,3600,sum,shift_l2,0
922940,29.577035667996963,1,3601,sum,shift_l2,0
529737,29.57406250328731,1,3602,sum,shift_l2,0
290853,29.574014849970297,1,3603,sum,shift_l2,0
116079,29.57140482351168,1,3604,sum,shift_l2,0
975141,29.569774786205816,1,3605,sum,shift_l2,0
890608,29.568435839954994,1,3606,sum,shift_l2,0
678743,29.563270076014625,1,3607,sum,shift_l2,0
484691,29.555113506036726,1,3608,sum,shift_l2,0
96794,29.54251660159113,1,3609,sum,shift_l2,0
733534,29.53811939584367,1,3610,sum,shift_l2,0
1000360,29.53541783133695,1,3611,sum,shift_l2,0
482434,29.53338213653931,1,3612,sum,shift_l2,0
567193,29.532404650727262,1,3613,sum,shift_l2,0
801917,29.532158826844825,1,3614,sum,shift_l2,0
657034,29.528646080505283,1,3615,sum,shift_l2,0
695617,29.524590240379304,1,3616,sum,shift_l2,0
834668,29.519362342988675,1,3617,sum,shift_l2,0
217794,29.514200469481814,1,3618,sum,shift_l2,0
482107,29.510220758915523,2,3619,sum,shift_l2,0
363056,29.51004718846704,1,3620,sum,shift_l2,0
177123,29.509624554488152,1,3621,sum,shift_l2,0
821396,29.504378224438913,1,3622,sum,shift_l2,0
827653,29.503784565877574,1,3623,sum,shift_l2,0
166371,29.50328743449657,1,3624,sum,shift_l2,0
59486,29.496290926068763,1,3625,sum,shift_l2,0
985512,29.4934699791876,1,3626,sum,shift_l2,0
825334,29.492347731605513,1,3627,sum,shift_l2,0
259434,29.48929843265474,1,3628,sum,shift_l2,0
560306,29.488440661276314,2,3629,sum,shift_l2,0
186229,29.483845310654168,1,3630,sum,shift_l2,0
308403,29.480222766582607,1,3631,sum,shift_l2,0
269789,29.47691832980871,2,3632,sum,shift_l2,0
870218,29.471796215826554,1,3633,sum,shift_l2,0
458178,29.470664051386002,2,3634,sum,shift_l2,0
741828,29.469251278699016,1,3635,sum,shift_l2,0
57251,29.468201516398064,1,3636,sum,shift_l2,0
130022,29.46791825932344,2,3637,sum,shift_l2,0
719585,29.467821237037413,1,3638,sum,shift_l2,0
386254,29.465920958220956,1,3639,sum,shift_l2,0
89990,29.457495910951696,1,3640,sum,shift_l2,0
213160,29.45460272994621,1,3641,sum,shift_l2,0
873161,29.450448324572314,2,3642,sum,shift_l2,0
968986,29.444539839657367,1,3643,sum,shift_l2,0
165228,29.443013723644754,1,3644,sum,shift_l2,0
819417,29.438326719179774,1,3645,sum,shift_l2,0
333801,29.433254632336787,1,3646,sum,shift_l2,0
332645,29.43227734234241,1,3647,sum,shift_l2,0
30728,29.431567733538763,1,3648,sum,shift_l2,0
423707,29.42823580132612,1,3649,sum,shift_l2,0
387418,29.42755450707282,1,3650,sum,shift_l2,0
969333,29.42271457686172,1,3651,sum,shift_l2,0
403093,29.417031097710186,1,3652,sum,shift_l2,0
995187,29.402679606887016,1,3653,sum,shift_l2,0
328981,29.400970673484434,1,3654,sum,shift_l2,0
603816,29.380987028942748,1,3655,sum,shift_l2,0
511588,29.373511286825483,2,3656,sum,shift_l2,0
314242,29.371110252322264,2,3657,sum,shift_l2,0
16784,29.367088309765034,1,3658,sum,shift_l2,0
272133,29.366415956483866,1,3659,sum,shift_l2,0
521315,29.364968988982994,1,3660,sum,shift_l2,0
770921,29.361582446859167,1,3661,sum,shift_l2,0
304326,29.360204377745312,1,3662,sum,shift_l2,0
468604,29.359225043796854,2,3663,sum,shift_l2,0
950650,29.351206541122224,1,3664,sum,shift_l2,0
118401,29.35085304064485,1,3665,sum,shift_l2,0
348912,29.35078976295423,1,3666,sum,shift_l2,0
138749,29.3415853877154,1,3667,sum,shift_l2,0
979145,29.33469563948607,1,3668,sum,shift_l2,0
902215,29.33417065341749,1,3669,sum,shift_l2,0
608039,29.33221019638426,1,3670,sum,shift_l2,0
796283,29.32096836296161,1,3671,sum,shift_l2,0
31580,29.319493214779712,1,3672,sum,shift_l2,0
320920,29.317517423938153,2,3673,sum,shift_l2,0
1000619,29.31073284562451,1,3674,sum,shift_l2,0
635838,29.30938010413646,1,3675,sum,shift_l2,0
499537,29.305879030046587,1,3676,sum,shift_l2,0
423994,29.30028677100375,1,3677,sum,shift_l2,0
922488,29.296247358755632,1,3678,sum,shift_l2,0
288057,29.2909252216207,1,3679,sum,shift_l2,0
492029,29.28866069223069,1,3680,sum,shift_l2,0
341851,29.283133672011544,1,3681,sum,shift_l2,0
543167,29.28206639252591,1,3682,sum,shift_l2,0
280262,29.281994051568102,1,3683,sum,shift_l2,0
598007,29.280697974142775,1,3684,sum,shift_l2,0
655591,29.277192374592282,1,3685,sum,shift_l2,0
473248,29.27667244773982,1,3686,sum,shift_l2,0
626635,29.274251874554686,1,3687,sum,shift_l2,0
845286,29.272486803973692,1,3688,sum,shift_l2,0
115775,29.27240025944767,1,3689,sum,shift_l2,0
521619,29.270652753853195,1,3690,sum,shift_l2,0
367417,29.266459122123567,1,3691,sum,shift_l2,0
644066,29.263592873277663,1,3692,sum,shift_l2,0
592500,29.260297593380486,1,3693,sum,shift_l2,0
508002,29.258388050157205,1,3694,sum,shift_l2,0
749842,29.256299639985464,1,3695,sum,shift_l2,0
362408,29.255135803480847,1,3696,sum,shift_l2,0
938235,29.25137465327388,1,3697,sum,shift_l2,0
234032,29.249505170728185,1,3698,sum,shift_l2,0
338457,29.242946367619144,1,3699,sum,shift_l2,0
243372,29.242894652561983,1,3700,sum,shift_l2,0
934601,29.240971134537,2,3701,sum,shift_l2,0
361259,29.23650432431498,1,3702,sum,shift_l2,0
556458,29.23609795278005,1,3703,sum,shift_l2,0
770539,29.22860870183574,1,3704,sum,shift_l2,0
815862,29.226957954374722,1,3705,sum,shift_l2,0
788573,29.22037155823411,1,3706,sum,shift_l2,0
323538,29.21677599849913,1,3707,sum,shift_l2,0
688128,29.214994382710636,1,3708,sum,shift_l2,0
658005,29.213121434148857,1,3709,sum,shift_l2,0
287329,29.20921005351242,1,3710,sum,shift_l2,0
120428,29.208718057831085,1,3711,sum,shift_l2,0
36227,29.20224436519161,1,3712,sum,shift_l2,0
706813,29.201452955400423,1,3713,sum,shift_l2,0
998673,29.195189280001667,1,3714,sum,shift_l2,0
531549,29.195011605473546,1,3715,sum,shift_l2,0
761611,29.193001436522295,1,3716,sum,shift_l2,0
789134,29.192629118670393,1,3717,sum,shift_l2,0
111900,29.189756808879963,1,3718,sum,shift_l2,0
872799,29.189256750323363,1,3719,sum,shift_l2,0
434725,29.187938915253604,1,3720,sum,shift_l2,0
211704,29.184179109165893,1,3721,sum,shift_l2,0
188756,29.178614600755004,1,3722,sum,shift_l2,0
173875,29.168668421574328,1,3723,sum,shift_l2,0
477790,29.16304981161916,1,3724,sum,shift_l2,0
909154,29.1617646520022,1,3725,sum,shift_l2,0
915967,29.157173996840687,1,3726,sum,shift_l2,0
471083,29.148331779173315,1,3727,sum,shift_l2,0
290720,29.14823960916364,1,3728,sum,shift_l2,0
190450,29.14392521736158,1,3729,sum,shift_l2,0
737751,29.141352572568813,1,3730,sum,shift_l2,0
47994,29.140373242411812,2,3731,sum,shift_l2,0
234586,29.13403947386532,1,3732,sum,shift_l2,0
115537,29.12312412084193,1,3733,sum,shift_l2,0
670049,29.113727657078346,1,3734,sum,shift_l2,0
682597,29.11008352426159,1,3735,sum,shift_l2,0
23751,29.10735566739171,1,3736,sum,shift_l2,0
720019,29.104430112622737,1,3737,sum,shift_l2,0
316565,29.10366187151715,1,3738,sum,shift_l2,0
116671,29.103503976277953,1,3739,sum,shift_l2,0
926336,29.103221196020446,1,3740,sum,shift_l2,0
610186,29.101600678871232,1,3741,sum,shift_l2,0
821670,29.09965168799229,1,3742,sum,shift_l2,0
490836,29.099484541984825,1,3743,sum,shift_l2,0
677958,29.099154788617053,1,3744,sum,shift_l2,0
109106,29.093340927626237,1,3745,sum,shift_l2,0
145129,29.09172536690925,1,3746,sum,shift_l2,0
468600,29.090562996880973,1,3747,sum,shift_l2,0
96022,29.081821742463397,2,3748,sum,shift_l2,0
768288,29.08161017775368,1,3749,sum,shift_l2,0
80384,29.079429505662546,1,3750,sum,shift_l2,0
401239,29.07240025790086,1,3751,sum,shift_l2,0
299104,29.067233597014283,1,3752,sum,shift_l2,0
936776,29.06704809277739,2,3753,sum,shift_l2,0
875338,29.064324131749803,2,3754,sum,shift_l2,0
964597,29.06075330155783,2,3755,sum,shift_l2,0
718469,29.057131948086873,1,3756,sum,shift_l2,0
200891,29.05642132063126,1,3757,sum,shift_l2,0
872237,29.053375585011707,1,3758,sum,shift_l2,0
119266,29.051334765563826,2,3759,sum,shift_l2,0
442586,29.05019151315336,1,3760,sum,shift_l2,0
625360,29.038096435746432,1,3761,sum,shift_l2,0
883631,29.036000373616734,1,3762,sum,shift_l2,0
866428,29.033960726543498,2,3763,sum,shift_l2,0
736590,29.02877988256322,1,3764,sum,shift_l2,0
493158,29.017328147139864,1,3765,sum,shift_l2,0
7471,29.013382653635073,1,3766,sum,shift_l2,0
574231,29.013122061305026,1,3767,sum,shift_l2,0
904547,29.012747948230807,1,3768,sum,shift_l2,0
953152,29.01214680255424,1,3769,sum,shift_l2,0
366503,29.007860802809756,2,3770,sum,shift_l2,0
886184,28.996669081370552,1,3771,sum,shift_l2,0
265451,28.99391424592732,1,3772,sum,shift_l2,0
456869,28.99296008517267,1,3773,sum,shift_l2,0
560291,28.992399949428286,1,3774,sum,shift_l2,0
75109,28.985591348845603,1,3775,sum,shift_l2,0
692685,28.97786651480425,1,3776,sum,shift_l2,0
738340,28.973579467074995,1,3777,sum,shift_l2,0
920511,28.96986751633866,1,3778,sum,shift_l2,0
705837,28.96485533138479,1,3779,sum,shift_l2,0
771701,28.952596296186712,2,3780,sum,shift_l2,0
891387,28.95098422708448,1,3781,sum,shift_l2,0
843750,28.950601939215563,1,3782,sum,shift_l2,0
155843,28.944762866040755,1,3783,sum,shift_l2,0
749711,28.943226634864434,2,3784,sum,shift_l2,0
791203,28.943002738010925,1,3785,sum,shift_l2,0
819075,28.940550624494133,1,3786,sum,shift_l2,0
549763,28.940216767585284,1,3787,sum,shift_l2,0
613756,28.937954202646484,2,3788,sum,shift_l2,0
121888,28.937020165299696,1,3789,sum,shift_l2,0
494055,28.934473010632452,1,3790,sum,shift_l2,0
204647,28.926224519262536,1,3791,sum,shift_l2,0
315403,28.925259893833104,1,3792,sum,shift_l2,0
63771,28.92349773335132,1,3793,sum,shift_l2,0
351426,28.91531011877861,1,3794,sum,shift_l2,0
638408,28.913838957245197,1,3795,sum,shift_l2,0
829873,28.911330309036252,2,3796,sum,shift_l2,0
367510,28.907762778919242,1,3797,sum,shift_l2,0
819433,28.90715792973067,1,3798,sum,shift_l2,0
402363,28.901363553092654,1,3799,sum,shift_l2,0
794387,28.899159126746145,1,3800,sum,shift_l2,0
239876,28.89841457300179,1,3801,sum,shift_l2,0
516972,28.8971725204773,1,3802,sum,shift_l2,0
672107,28.89646671887036,1,3803,sum,shift_l2,0
888794,28.89532734133122,1,3804,sum,shift_l2,0
358637,28.894542858021754,1,3805,sum,shift_l2,0
117671,28.894342353949405,1,3806,sum,shift_l2,0
940374,28.893931092977574,2,3807,sum,shift_l2,0
747391,28.893640662433445,1,3808,sum,shift_l2,0
962451,28.89109846040134,1,3809,sum,shift_l2,0
159667,28.89060072457946,1,3810,sum,shift_l2,0
639321,28.889493191561677,1,3811,sum,shift_l2,0
956187,28.887562359327937,1,3812,sum,shift_l2,0
824062,28.883526325390307,1,3813,sum,shift_l2,0
811815,28.881957579457925,1,3814,sum,shift_l2,0
848731,28.88051429174314,1,3815,sum,shift_l2,0
153249,28.88046470695871,1,3816,sum,shift_l2,0
949236,28.87949188883771,1,3817,sum,shift_l2,0
62057,28.87774372821119,1,3818,sum,shift_l2,0
488542,28.874674852724887,1,3819,sum,shift_l2,0
900772,28.872055322054795,1,3820,sum,shift_l2,0
529452,28.87056266527526,2,3821,sum,shift_l2,0
827221,28.86925411470003,1,3822,sum,shift_l2,0
239843,28.86731474193938,1,3823,sum,shift_l2,0
179156,28.866415080192382,1,3824,sum,shift_l2,0
226468,28.864990710195052,2,3825,sum,shift_l2,0
157609,28.864928864263156,1,3826,sum,shift_l2,0
966646,28.86413600854986,1,3827,sum,shift_l2,0
235033,28.861721038266595,1,3828,sum,shift_l2,0
420223,28.860106702125435,1,3829,sum,shift_l2,0
673839,28.85565382177147,1,3830,sum,shift_l2,0
229228,28.85501471082949,1,3831,sum,shift_l2,0
622693,28.854718206789517,1,3832,sum,shift_l2,0
194371,28.85275247509636,1,3833,sum,shift_l2,0
717305,28.85142301112337,2,3834,sum,shift_l2,0
583838,28.851387002257592,1,3835,sum,shift_l2,0
635932,28.848653667491835,1,3836,sum,shift_l2,0
324670,28.84777414031023,1,3837,sum,shift_l2,0
575504,28.84469147194277,1,3838,sum,shift_l2,0
338643,28.842796486167835,1,3839,sum,shift_l2,0
258186,28.839821675566714,1,3840,sum,shift_l2,0
154898,28.839745412258093,1,3841,sum,shift_l2,0
733358,28.83867415302526,1,3842,sum,shift_l2,0
261768,28.83595116363242,1,3843,sum,shift_l2,0
948932,28.83467303904831,1,3844,sum,shift_l2,0
117875,28.831828153498005,1,3845,sum,shift_l2,0
614275,28.83147991001515,1,3846,sum,shift_l2,0
780050,28.827921582322773,1,3847,sum,shift_l2,0
697552,28.82210695832923,1,3848,sum,shift_l2,0
398919,28.821800129271384,1,3849,sum,shift_l2,0
127701,28.820341098952895,1,3850,sum,shift_l2,0
796279,28.817917585131298,1,3851,sum,shift_l2,0
311886,28.816204094275115,2,3852,sum,shift_l2,0
389406,28.81594253058012,1,3853,sum,shift_l2,0
975052,28.81497188336303,2,3854,sum,shift_l2,0
382523,28.814935695721076,1,3855,sum,shift_l2,0
297696,28.811312133534972,1,3856,sum,shift_l2,0
662218,28.80868383103776,1,3857,sum,shift_l2,0
877191,28.801972002675154,1,3858,sum,shift_l2,0
231587,28.801768565421632,1,3859,sum,shift_l2,0
258273,28.79339085934595,1,3860,sum,shift_l2,0
927136,28.78966233351065,1,3861,sum,shift_l2,0
333700,28.784648317268804,1,3862,sum,shift_l2,0
721954,28.77852535593411,1,3863,sum,shift_l2,0
608079,28.77558168517795,1,3864,sum,shift_l2,0
603385,28.773790971367323,1,3865,sum,shift_l2,0
894876,28.770676132552303,1,3866,sum,shift_l2,0
493983,28.77037333947538,1,3867,sum,shift_l2,0
747373,28.769411701619305,1,3868,sum,shift_l2,0
985582,28.768694593422275,2,3869,sum,shift_l2,0
716305,28.768075978291467,1,3870,sum,shift_l2,0
948694,28.767938591176534,1,3871,sum,shift_l2,0
391728,28.76686953779369,1,3872,sum,shift_l2,0
580149,28.764954608555854,1,3873,sum,shift_l2,0
929948,28.763394488377184,1,3874,sum,shift_l2,0
489551,28.762203462288525,2,3875,sum,shift_l2,0
600961,28.762085038433085,1,3876,sum,shift_l2,0
802822,28.761647314326936,1,3877,sum,shift_l2,0
326833,28.76124852472795,1,3878,sum,shift_l2,0
81219,28.7605141569323,1,3879,sum,shift_l2,0
335170,28.759732680959154,1,3880,sum,shift_l2,0
651742,28.759523365983988,1,3881,sum,shift_l2,0
273294,28.757443417664966,1,3882,sum,shift_l2,0
832504,28.75552228860704,1,3883,sum,shift_l2,0
578992,28.751712218394076,1,3884,sum,shift_l2,0
872239,28.74943143892893,1,3885,sum,shift_l2,0
921672,28.74163893285619,1,3886,sum,shift_l2,0
417631,28.741298369898434,1,3887,sum,shift_l2,0
337481,28.741024535476615,1,3888,sum,shift_l2,0
723788,28.741004869596022,1,3889,sum,shift_l2,0
459302,28.739459926057332,1,3890,sum,shift_l2,0
122482,28.739078482517115,1,3891,sum,shift_l2,0
96581,28.738827608698877,1,3892,sum,shift_l2,0
468798,28.738022895307385,1,3893,sum,shift_l2,0
886958,28.73068098191378,1,3894,sum,shift_l2,0
999638,28.730301111122856,1,3895,sum,shift_l2,0
900857,28.723072279251852,1,3896,sum,shift_l2,0
132979,28.72294433813972,1,3897,sum,shift_l2,0
379851,28.71886219981399,1,3898,sum,shift_l2,0
983365,28.71695328366712,1,3899,sum,shift_l2,0
912481,28.71611986483347,1,3900,sum,shift_l2,0
900756,28.715942236439226,1,3901,sum,shift_l2,0
817202,28.714701292752228,1,3902,sum,shift_l2,0
551290,28.71417823705493,2,3903,sum,shift_l2,0
22389,28.713476419208764,1,3904,sum,shift_l2,0
524534,28.71292304211886,1,3905,sum,shift_l2,0
297781,28.71285028705535,1,3906,sum,shift_l2,0
555658,28.707742389703157,1,3907,sum,shift_l2,0
109361,28.707640086854774,1,3908,sum,shift_l2,0
118661,28.70668982972493,1,3909,sum,shift_l2,0
785377,28.7066489924543,1,3910,sum,shift_l2,0
909034,28.70499013806159,1,3911,sum,shift_l2,0
523038,28.7049424930042,1,3912,sum,shift_l2,0
425152,28.70352794304159,1,3913,sum,shift_l2,0
13804,28.7021650989573,1,3914,sum,shift_l2,0
33037,28.70081125292399,1,3915,sum,shift_l2,0
505676,28.699632402222726,1,3916,sum,shift_l2,0
877517,28.698669920754405,1,3917,sum,shift_l2,0
559274,28.693436439995136,1,3918,sum,shift_l2,0
456800,28.692350184219997,1,3919,sum,shift_l2,0
729076,28.691627511718483,1,3920,sum,shift_l2,0
160563,28.69081873229022,1,3921,sum,shift_l2,0
947379,28.69034037319944,1,3922,sum,shift_l2,0
319864,28.689580059860592,1,3923,sum,shift_l2,0
853217,28.68691820790664,1,3924,sum,shift_l2,0
822903,28.686688826895526,1,3925,sum,shift_l2,0
128844,28.68381914216114,1,3926,sum,shift_l2,0
404728,28.68354137157901,1,3927,sum,shift_l2,0
935760,28.68332757950756,1,3928,sum,shift_l2,0
529022,28.682298111530127,1,3929,sum,shift_l2,0
200086,28.681042477411694,1,3930,sum,shift_l2,0
287220,28.680884884592555,1,3931,sum,shift_l2,0
422124,28.68049616614261,1,3932,sum,shift_l2,0
515282,28.678493144946486,1,3933,sum,shift_l2,0
450005,28.674038472310638,1,3934,sum,shift_l2,0
170692,28.67316711475687,1,3935,sum,shift_l2,0
362123,28.672407429187984,1,3936,sum,shift_l2,0
937044,28.67219734412624,1,3937,sum,shift_l2,0
125631,28.668092185162404,1,3938,sum,shift_l2,0
11972,28.66740416955948,1,3939,sum,shift_l2,0
527858,28.666240484564575,1,3940,sum,shift_l2,0
868485,28.664443479208224,1,3941,sum,shift_l2,0
338022,28.663997100370672,1,3942,sum,shift_l2,0
682445,28.663071808034694,1,3943,sum,shift_l2,0
939937,28.66297583389399,1,3944,sum,shift_l2,0
453060,28.662772159958397,1,3945,sum,shift_l2,0
414968,28.659982100740365,1,3946,sum,shift_l2,0
420224,28.654268421617054,1,3947,sum,shift_l2,0
414712,28.654255940932114,1,3948,sum,shift_l2,0
89789,28.650863523495392,1,3949,sum,shift_l2,0
424646,28.648797060966952,1,3950,sum,shift_l2,0
238712,28.648760171647535,1,3951,sum,shift_l2,0
426588,28.64123573961945,1,3952,sum,shift_l2,0
449556,28.63506984921463,1,3953,sum,shift_l2,0
704309,28.634103420949952,1,3954,sum,shift_l2,0
90501,28.63401612279748,1,3955,sum,shift_l2,0
943421,28.63299438334292,1,3956,sum,shift_l2,0
60301,28.627215631043775,1,3957,sum,shift_l2,0
734607,28.62511781307045,1,3958,sum,shift_l2,0
81688,28.622529813761602,1,3959,sum,shift_l2,0
254056,28.622514485680156,1,3960,sum,shift_l2,0
377854,28.613991061090882,1,3961,sum,shift_l2,0
620815,28.613642503136028,1,3962,sum,shift_l2,0
218031,28.60657532202626,1,3963,sum,shift_l2,0
188105,28.601366863137926,1,3964,sum,shift_l2,0
116939,28.596135246707686,1,3965,sum,shift_l2,0
174816,28.595973992410734,1,3966,sum,shift_l2,0
95796,28.584549454376596,1,3967,sum,shift_l2,0
463843,28.581610265452152,1,3968,sum,shift_l2,0
71017,28.58020600269968,1,3969,sum,shift_l2,0
349341,28.57365776187313,1,3970,sum,shift_l2,0
954740,28.572194996604786,1,3971,sum,shift_l2,0
525962,28.568029161047168,1,3972,sum,shift_l2,0
882470,28.56792231132295,1,3973,sum,shift_l2,0
597474,28.566847626860962,1,3974,sum,shift_l2,0
356595,28.563878023172965,1,3975,sum,shift_l2,0
297983,28.563559062773408,1,3976,sum,shift_l2,0
488243,28.563537274180742,1,3977,sum,shift_l2,0
108374,28.5596685655671,1,3978,sum,shift_l2,0
647747,28.556521003325287,1,3979,sum,shift_l2,0
401403,28.552937894842408,1,3980,sum,shift_l2,0
905936,28.551542316014086,1,3981,sum,shift_l2,0
737021,28.545191610491912,2,3982,sum,shift_l2,0
962650,28.544120730672507,2,3983,sum,shift_l2,0
151267,28.54259967116418,2,3984,sum,shift_l2,0
547182,28.537566433500242,2,3985,sum,shift_l2,0
484871,28.525478927650497,1,3986,sum,shift_l2,0
77000,28.523146435624373,1,3987,sum,shift_l2,0
114898,28.517941214279116,1,3988,sum,shift_l2,0
374668,28.515388786404095,1,3989,sum,shift_l2,0
340043,28.514568612375236,1,3990,sum,shift_l2,0
48158,28.50210849604757,1,3991,sum,shift_l2,0
370017,28.501787415025188,1,3992,sum,shift_l2,0
607606,28.49641927781741,1,3993,sum,shift_l2,0
916127,28.49400580396295,1,3994,sum,shift_l2,0
131510,28.486204748428435,2,3995,sum,shift_l2,0
647459,28.47394551698602,1,3996,sum,shift_l2,0
270881,28.469270063172516,1,3997,sum,shift_l2,0
230424,28.465245185925387,1,3998,sum,shift_l2,0
294124,28.46091861450674,1,3999,sum,shift_l2,0
201542,28.457155193677654,1,4000,sum,shift_l2,0
810430,28.45681930284597,1,4001,sum,shift_l2,0
886959,28.45592544268315,1,4002,sum,shift_l2,0
13825,28.45411474528381,1,4003,sum,shift_l2,0
717456,28.45108658300694,1,4004,sum,shift_l2,0
585784,28.447824013722045,1,4005,sum,shift_l2,0
976387,28.430546768470045,1,4006,sum,shift_l2,0
587158,28.4274164623205,1,4007,sum,shift_l2,0
519275,28.42267218370073,1,4008,sum,shift_l2,0
661682,28.420826979663968,1,4009,sum,shift_l2,0
842329,28.419348750047234,2,4010,sum,shift_l2,0
941529,28.419236402234137,1,4011,sum,shift_l2,0
177364,28.418069309282203,1,4012,sum,shift_l2,0
859025,28.416424349851315,1,4013,sum,shift_l2,0
174438,28.40791873305659,2,4014,sum,shift_l2,0
603428,28.406250634574242,1,4015,sum,shift_l2,0
178093,28.40536199432397,1,4016,sum,shift_l2,0
487917,28.40349557608793,1,4017,sum,shift_l2,0
380444,28.400180832549193,2,4018,sum,shift_l2,0
821411,28.399240756262575,1,4019,sum,shift_l2,0
827652,28.39824812897988,2,4020,sum,shift_l2,0
394945,28.39804640717212,1,4021,sum,shift_l2,0
632870,28.397681245013928,1,4022,sum,shift_l2,0
631990,28.395044375234853,1,4023,sum,shift_l2,0
367664,28.39321934412555,1,4024,sum,shift_l2,0
973979,28.391379318194005,1,4025,sum,shift_l2,0
776078,28.379655132475506,1,4026,sum,shift_l2,0
755506,28.37685464433709,1,4027,sum,shift_l2,0
591663,28.374940864211418,1,4028,sum,shift_l2,0
280783,28.374249710696873,1,4029,sum,shift_l2,0
457136,28.372768107633586,1,4030,sum,shift_l2,0
324711,28.372625224904983,1,4031,sum,shift_l2,0
942690,28.37108100328886,1,4032,sum,shift_l2,0
560394,28.370491377854968,1,4033,sum,shift_l2,0
286892,28.368278319555436,1,4034,sum,shift_l2,0
925174,28.35696583369949,2,4035,sum,shift_l2,0
713332,28.35569508781499,1,4036,sum,shift_l2,0
766273,28.34593228025966,1,4037,sum,shift_l2,0
827224,28.34524464938331,1,4038,sum,shift_l2,0
327024,28.34406673489313,1,4039,sum,shift_l2,0
496034,28.341021435635948,1,4040,sum,shift_l2,0
153604,28.33970643919406,1,4041,sum,shift_l2,0
160672,28.338356502798174,1,4042,sum,shift_l2,0
713675,28.33701562859645,1,4043,sum,shift_l2,0
819091,28.33666415075101,1,4044,sum,shift_l2,0
54193,28.33478203340388,1,4045,sum,shift_l2,0
126795,28.3278192215248,1,4046,sum,shift_l2,0
647587,28.322784552472655,1,4047,sum,shift_l2,0
805473,28.30939249593921,1,4048,sum,shift_l2,0
152737,28.30891760272582,1,4049,sum,shift_l2,0
742871,28.295576064668737,2,4050,sum,shift_l2,0
787176,28.293994679447117,1,4051,sum,shift_l2,0
481276,28.29335658583023,1,4052,sum,shift_l2,0
829532,28.287558854529323,1,4053,sum,shift_l2,0
168697,28.283429347741222,1,4054,sum,shift_l2,0
852099,28.281740606908762,1,4055,sum,shift_l2,0
360098,28.279522068223077,1,4056,sum,shift_l2,0
9605,28.273065016686797,1,4057,sum,shift_l2,0
396754,28.266818356926528,1,4058,sum,shift_l2,0
283388,28.266303656037014,1,4059,sum,shift_l2,0
159934,28.265871161005023,1,4060,sum,shift_l2,0
641287,28.261766105597317,1,4061,sum,shift_l2,0
330325,28.25848049048929,1,4062,sum,shift_l2,0
139305,28.25477880251274,1,4063,sum,shift_l2,0
94472,28.253732887282297,1,4064,sum,shift_l2,0
803964,28.248652366680826,1,4065,sum,shift_l2,0
912482,28.24459517049975,1,4066,sum,shift_l2,0
832506,28.241091698918016,1,4067,sum,shift_l2,0
354632,28.239501335952067,1,4068,sum,shift_l2,0
941424,28.2391703027932,1,4069,sum,shift_l2,0
142082,28.23201822830582,1,4070,sum,shift_l2,0
551139,28.22864881782174,1,4071,sum,shift_l2,0
490584,28.2279931362109,1,4072,sum,shift_l2,0
261951,28.221550180915376,2,4073,sum,shift_l2,0
36524,28.218171660046664,1,4074,sum,shift_l2,0
146617,28.21642147139582,1,4075,sum,shift_l2,0
486455,28.215375635679052,1,4076,sum,shift_l2,0
793994,28.206538069932584,1,4077,sum,shift_l2,0
886829,28.196720545542167,1,4078,sum,shift_l2,0
315642,28.18788291323365,1,4079,sum,shift_l2,0
893798,28.16339784466159,1,4080,sum,shift_l2,0
833670,28.158514684190177,1,4081,sum,shift_l2,0
677758,28.148907057000685,1,4082,sum,shift_l2,0
959694,28.14836342518008,2,4083,sum,shift_l2,0
958962,28.14793349694115,1,4084,sum,shift_l2,0
29398,28.14124400450396,1,4085,sum,shift_l2,0
764907,28.140595607218444,1,4086,sum,shift_l2,0
967006,28.13955685906811,1,4087,sum,shift_l2,0
219195,28.119843752263105,1,4088,sum,shift_l2,0
92821,28.117407070215275,1,4089,sum,shift_l2,0
270055,28.117214749275895,1,4090,sum,shift_l2,0
919453,28.111536287207926,1,4091,sum,shift_l2,0
334973,28.111352600873293,1,4092,sum,shift_l2,0
445560,28.09981843892437,1,4093,sum,shift_l2,0
754449,28.091177332061868,1,4094,sum,shift_l2,0
195349,28.09044173878759,1,4095,sum,shift_l2,0
116425,28.08137120713233,2,4096,sum,shift_l2,0
917844,28.080036130671747,1,4097,sum,shift_l2,0
227975,28.078661895912568,2,4098,sum,shift_l2,0
347301,28.076041396152668,1,4099,sum,shift_l2,0
878823,28.073882553638878,1,4100,sum,shift_l2,0
129335,28.072855625821887,1,4101,sum,shift_l2,0
30684,28.071303917293903,2,4102,sum,shift_l2,0
491836,28.06899633582155,1,4103,sum,shift_l2,0
530371,28.068125045721654,1,4104,sum,shift_l2,0
810264,28.061997734826924,1,4105,sum,shift_l2,0
615438,28.061210649424506,1,4106,sum,shift_l2,0
93184,28.056837679423534,1,4107,sum,shift_l2,0
273377,28.055467632358226,1,4108,sum,shift_l2,0
131805,28.053479272819782,1,4109,sum,shift_l2,0
419363,28.048131131138213,1,4110,sum,shift_l2,0
805486,28.03961589830816,1,4111,sum,shift_l2,0
630829,28.039610184213682,1,4112,sum,shift_l2,0
579146,28.039129136705487,1,4113,sum,shift_l2,0
182297,28.033966990043627,1,4114,sum,shift_l2,0
619818,28.03309217519099,1,4115,sum,shift_l2,0
17291,28.032580961154867,1,4116,sum,shift_l2,0
661495,28.032144717878694,2,4117,sum,shift_l2,0
181151,28.031582689612936,1,4118,sum,shift_l2,0
76917,28.0303294580435,1,4119,sum,shift_l2,0
382813,28.028680439385862,1,4120,sum,shift_l2,0
141102,28.023782882415645,1,4121,sum,shift_l2,0
627833,28.01721419480715,1,4122,sum,shift_l2,0
88625,28.011961972026807,1,4123,sum,shift_l2,0
534382,28.011522947014864,1,4124,sum,shift_l2,0
7475,28.011498297698942,1,4125,sum,shift_l2,0
919644,28.01088182658308,1,4126,sum,shift_l2,0
59469,28.006763493130432,1,4127,sum,shift_l2,0
909186,28.00583907992054,1,4128,sum,shift_l2,0
366168,28.003043583118725,1,4129,sum,shift_l2,0
561449,27.999970515646915,1,4130,sum,shift_l2,0
509164,27.999941771782968,1,4131,sum,shift_l2,0
139321,27.997099551483583,1,4132,sum,shift_l2,0
394943,27.995062003857292,1,4133,sum,shift_l2,0
854383,27.991950278774173,1,4134,sum,shift_l2,0
587280,27.988195534938423,1,4135,sum,shift_l2,0
611417,27.987561449614862,1,4136,sum,shift_l2,0
144603,27.986040964464117,1,4137,sum,shift_l2,0
374636,27.98296553344691,1,4138,sum,shift_l2,0
485291,27.97990765000127,1,4139,sum,shift_l2,0
333998,27.977278702612768,1,4140,sum,shift_l2,0
41142,27.976986797707564,1,4141,sum,shift_l2,0
957711,27.97535361836486,1,4142,sum,shift_l2,0
83001,27.971979238424854,1,4143,sum,shift_l2,0
697079,27.97127766613072,1,4144,sum,shift_l2,0
609197,27.969778386401615,1,4145,sum,shift_l2,0
882166,27.96570070173846,1,4146,sum,shift_l2,0
606785,27.959849866122035,1,4147,sum,shift_l2,0
322385,27.95925019456614,1,4148,sum,shift_l2,0
247858,27.954465165166088,1,4149,sum,shift_l2,0
246696,27.95376282324276,1,4150,sum,shift_l2,0
419617,27.95235698880193,1,4151,sum,shift_l2,0
597576,27.946086323971425,1,4152,sum,shift_l2,0
613740,27.94578167308443,1,4153,sum,shift_l2,0
315374,27.94481270523108,1,4154,sum,shift_l2,0
52428,27.942015075437176,1,4155,sum,shift_l2,0
29366,27.94164932895425,1,4156,sum,shift_l2,0
695080,27.93898595565588,1,4157,sum,shift_l2,0
182640,27.937847453272965,1,4158,sum,shift_l2,0
928658,27.937678482970608,1,4159,sum,shift_l2,0
564597,27.936994656636095,2,4160,sum,shift_l2,0
90213,27.93650232540909,1,4161,sum,shift_l2,0
253624,27.931095598993007,1,4162,sum,shift_l2,0
21427,27.92564144011879,1,4163,sum,shift_l2,0
44898,27.924073359898905,1,4164,sum,shift_l2,0
912308,27.92323915378123,1,4165,sum,shift_l2,0
785393,27.921235748476015,1,4166,sum,shift_l2,0
309440,27.919608605510913,1,4167,sum,shift_l2,0
474411,27.915522450406744,1,4168,sum,shift_l2,0
730475,27.914148804291568,1,4169,sum,shift_l2,0
695183,27.91362867366122,1,4170,sum,shift_l2,0
186057,27.909442634099847,2,4171,sum,shift_l2,0
798806,27.906543789949016,1,4172,sum,shift_l2,0
635189,27.89918596858562,1,4173,sum,shift_l2,0
598290,27.892274327600852,1,4174,sum,shift_l2,0
653266,27.88864359445746,2,4175,sum,shift_l2,0
795013,27.88787277507321,1,4176,sum,shift_l2,0
920510,27.882793201507617,1,4177,sum,shift_l2,0
822832,27.88119873761787,1,4178,sum,shift_l2,0
530375,27.879141014536952,1,4179,sum,shift_l2,0
775554,27.875117296500623,1,4180,sum,shift_l2,0
676596,27.874873386522555,1,4181,sum,shift_l2,0
371702,27.871063338320898,1,4182,sum,shift_l2,0
658001,27.86731204619998,2,4183,sum,shift_l2,0
157373,27.867025651340764,1,4184,sum,shift_l2,0
168799,27.86113008725865,1,4185,sum,shift_l2,0
114375,27.85681917335623,1,4186,sum,shift_l2,0
137465,27.853864476190456,1,4187,sum,shift_l2,0
95489,27.852338547388953,1,4188,sum,shift_l2,0
285717,27.84629909753909,2,4189,sum,shift_l2,0
555570,27.846097622187436,1,4190,sum,shift_l2,0
816228,27.842644088568598,1,4191,sum,shift_l2,0
575328,27.831127466336845,2,4192,sum,shift_l2,0
726990,27.82445576922081,1,4193,sum,shift_l2,0
203663,27.822253228558512,1,4194,sum,shift_l2,0
128321,27.821775544407014,1,4195,sum,shift_l2,0
49305,27.808714881245198,1,4196,sum,shift_l2,0
991925,27.80713175857563,2,4197,sum,shift_l2,0
126000,27.806132662952578,1,4198,sum,shift_l2,0
801987,27.803969255215513,1,4199,sum,shift_l2,0
130367,27.79877496128375,1,4200,sum,shift_l2,0
982932,27.783536798932857,3,4201,sum,shift_l2,0
519916,27.764792825489742,1,4202,sum,shift_l2,0
910362,27.76214519881779,1,4203,sum,shift_l2,0
582040,27.761620304718157,1,4204,sum,shift_l2,0
993370,27.75915076312835,2,4205,sum,shift_l2,0
478081,27.74910068012236,1,4206,sum,shift_l2,0
349625,27.73743099841442,1,4207,sum,shift_l2,0
473961,27.73590990370234,1,4208,sum,shift_l2,0
563430,27.729354084494528,1,4209,sum,shift_l2,0
406921,27.727897493148486,1,4210,sum,shift_l2,0
840442,27.727402244086296,1,4211,sum,shift_l2,0
544167,27.72604371109003,1,4212,sum,shift_l2,0
982361,27.719207910810553,1,4213,sum,shift_l2,0
266602,27.70952719666231,1,4214,sum,shift_l2,0
532549,27.70723607307227,1,4215,sum,shift_l2,0
988011,27.70446592867041,1,4216,sum,shift_l2,0
195419,27.70397493017036,1,4217,sum,shift_l2,0
503006,27.701252486348636,1,4218,sum,shift_l2,0
361734,27.699642912204194,2,4219,sum,shift_l2,0
813870,27.699310693746707,1,4220,sum,shift_l2,0
601778,27.695642591393792,2,4221,sum,shift_l2,0
581307,27.694275820075895,1,4222,sum,shift_l2,0
712618,27.687990533861896,1,4223,sum,shift_l2,0
149478,27.687653596728612,1,4224,sum,shift_l2,0
806293,27.686632873648737,1,4225,sum,shift_l2,0
529448,27.675317307760867,1,4226,sum,shift_l2,0
186659,27.675125295232796,2,4227,sum,shift_l2,0
469326,27.674427181371765,1,4228,sum,shift_l2,0
781365,27.67149034167298,1,4229,sum,shift_l2,0
504529,27.668388814431133,1,4230,sum,shift_l2,0
443233,27.668203191720288,1,4231,sum,shift_l2,0
522249,27.666985528541257,1,4232,sum,shift_l2,0
144308,27.663221237526756,1,4233,sum,shift_l2,0
394124,27.66019910051304,1,4234,sum,shift_l2,0
124850,27.659125288793952,1,4235,sum,shift_l2,0
202925,27.652205644530188,1,4236,sum,shift_l2,0
353109,27.650395979557565,1,4237,sum,shift_l2,0
898107,27.645137863239444,1,4238,sum,shift_l2,0
589354,27.644143377379677,1,4239,sum,shift_l2,0
814139,27.63920092828854,1,4240,sum,shift_l2,0
40981,27.636483983942636,1,4241,sum,shift_l2,0
131810,27.63632828140527,1,4242,sum,shift_l2,0
856615,27.63593327100549,1,4243,sum,shift_l2,0
472242,27.635761391256562,1,4244,sum,shift_l2,0
918332,27.631864062747184,1,4245,sum,shift_l2,0
938245,27.63049623415539,1,4246,sum,shift_l2,0
689577,27.62864637134701,1,4247,sum,shift_l2,0
732573,27.626874801510052,1,4248,sum,shift_l2,0
755179,27.626293515052815,1,4249,sum,shift_l2,0
72544,27.6229852551096,1,4250,sum,shift_l2,0
726388,27.621870692286553,1,4251,sum,shift_l2,0
296517,27.62081467453295,1,4252,sum,shift_l2,0
57960,27.620800980682066,1,4253,sum,shift_l2,0
247640,27.6174870268397,1,4254,sum,shift_l2,0
980607,27.616564466538417,1,4255,sum,shift_l2,0
768434,27.613097416115927,1,4256,sum,shift_l2,0
211619,27.611885317310524,1,4257,sum,shift_l2,0
528050,27.611198836874582,1,4258,sum,shift_l2,0
510428,27.60616463156696,1,4259,sum,shift_l2,0
238558,27.605437361489894,1,4260,sum,shift_l2,0
632628,27.604565827854866,1,4261,sum,shift_l2,0
324940,27.604147691287924,1,4262,sum,shift_l2,0
389740,27.603598292698322,1,4263,sum,shift_l2,0
700891,27.603549519670402,1,4264,sum,shift_l2,0
46362,27.60305302392646,1,4265,sum,shift_l2,0
286073,27.599063789186836,1,4266,sum,shift_l2,0
876009,27.588859259757037,1,4267,sum,shift_l2,0
596424,27.586662978173308,1,4268,sum,shift_l2,0
786014,27.58178195356485,1,4269,sum,shift_l2,0
254785,27.576819923170802,2,4270,sum,shift_l2,0
807797,27.576400111136085,1,4271,sum,shift_l2,0
473243,27.576279491452677,1,4272,sum,shift_l2,0
305913,27.57374911063981,1,4273,sum,shift_l2,0
831180,27.57060064306322,1,4274,sum,shift_l2,0
227612,27.570301365045644,1,4275,sum,shift_l2,0
285732,27.560745470654076,1,4276,sum,shift_l2,0
943764,27.55889269963871,1,4277,sum,shift_l2,0
137629,27.556696732058718,1,4278,sum,shift_l2,0
198054,27.55292154858206,1,4279,sum,shift_l2,0
595080,27.54743101176971,1,4280,sum,shift_l2,0
968084,27.546443516346237,1,4281,sum,shift_l2,0
410699,27.546075698435438,1,4282,sum,shift_l2,0
834180,27.54573288621904,1,4283,sum,shift_l2,0
467262,27.543925324553943,1,4284,sum,shift_l2,0
18910,27.531170931681395,1,4285,sum,shift_l2,0
28111,27.530894857094854,1,4286,sum,shift_l2,0
542862,27.528989293909692,1,4287,sum,shift_l2,0
198051,27.526835005609204,1,4288,sum,shift_l2,0
623143,27.523924057516062,1,4289,sum,shift_l2,0
703514,27.506658975562885,1,4290,sum,shift_l2,0
14448,27.50623045445301,1,4291,sum,shift_l2,0
480947,27.505072375776862,2,4292,sum,shift_l2,0
683121,27.500786909407818,1,4293,sum,shift_l2,0
840476,27.49555216245746,1,4294,sum,shift_l2,0
178300,27.491663459808116,1,4295,sum,shift_l2,0
581317,27.488401108867166,1,4296,sum,shift_l2,0
220659,27.482382164258436,1,4297,sum,shift_l2,0
484418,27.477869540528786,1,4298,sum,shift_l2,0
553461,27.47540579778789,1,4299,sum,shift_l2,0
715996,27.46912480419134,2,4300,sum,shift_l2,0
609402,27.463933328399623,1,4301,sum,shift_l2,0
364017,27.45807080740525,1,4302,sum,shift_l2,0
702073,27.45701409810834,2,4303,sum,shift_l2,0
278071,27.432541625589113,1,4304,sum,shift_l2,0
648912,27.43252201147002,1,4305,sum,shift_l2,0
558070,27.432056617499555,1,4306,sum,shift_l2,0
610187,27.43141183849277,2,4307,sum,shift_l2,0
547616,27.4193574414486,1,4308,sum,shift_l2,0
241035,27.407819977542818,1,4309,sum,shift_l2,0
739,27.39209278933698,1,4310,sum,shift_l2,0
156222,27.386539474689986,1,4311,sum,shift_l2,0
444906,27.385119887906065,1,4312,sum,shift_l2,0
587282,27.381437269532825,1,4313,sum,shift_l2,0
987904,27.377496716734434,1,4314,sum,shift_l2,0
205877,27.373834123446397,1,4315,sum,shift_l2,0
236397,27.373396418453346,1,4316,sum,shift_l2,0
588998,27.37261355122994,1,4317,sum,shift_l2,0
14445,27.37189601564657,1,4318,sum,shift_l2,0
489554,27.36940416961041,1,4319,sum,shift_l2,0
758990,27.367193046059466,1,4320,sum,shift_l2,0
89782,27.367059754746972,1,4321,sum,shift_l2,0
657556,27.360619000978957,1,4322,sum,shift_l2,0
52640,27.356200763990607,1,4323,sum,shift_l2,0
677962,27.350668017963486,2,4324,sum,shift_l2,0
918494,27.34632063646705,1,4325,sum,shift_l2,0
873176,27.34587638687401,1,4326,sum,shift_l2,0
295501,27.344696125220775,1,4327,sum,shift_l2,0
102477,27.343836474902325,1,4328,sum,shift_l2,0
620822,27.34372256168353,1,4329,sum,shift_l2,0
862337,27.343166375076972,1,4330,sum,shift_l2,0
582514,27.342635783022573,1,4331,sum,shift_l2,0
650599,27.33913517313453,1,4332,sum,shift_l2,0
403956,27.33882138864867,1,4333,sum,shift_l2,0
864844,27.337116768401597,1,4334,sum,shift_l2,0
561595,27.334603381776184,1,4335,sum,shift_l2,0
336040,27.334037417436114,1,4336,sum,shift_l2,0
203851,27.329483412343894,1,4337,sum,shift_l2,0
385138,27.32772897268388,1,4338,sum,shift_l2,0
88622,27.323133392327446,1,4339,sum,shift_l2,0
287527,27.322485072838898,1,4340,sum,shift_l2,0
965487,27.321381873753758,1,4341,sum,shift_l2,0
333803,27.321090327286566,1,4342,sum,shift_l2,0
850159,27.320122974131912,1,4343,sum,shift_l2,0
742655,27.319689444991372,1,4344,sum,shift_l2,0
824176,27.316916675430882,1,4345,sum,shift_l2,0
391798,27.316439714403312,1,4346,sum,shift_l2,0
315417,27.316126588784012,1,4347,sum,shift_l2,0
450718,27.3111047908926,1,4348,sum,shift_l2,0
7108,27.310352223953952,1,4349,sum,shift_l2,0
961486,27.309828689898065,2,4350,sum,shift_l2,0
494590,27.307909816102942,1,4351,sum,shift_l2,0
250055,27.307359693210007,1,4352,sum,shift_l2,0
725308,27.30704153488554,1,4353,sum,shift_l2,0
781175,27.306456273765733,1,4354,sum,shift_l2,0
564939,27.304882640886802,1,4355,sum,shift_l2,0
879767,27.301963756444014,1,4356,sum,shift_l2,0
752125,27.287397778454533,1,4357,sum,shift_l2,0
532548,27.28700843396539,1,4358,sum,shift_l2,0
99283,27.286137915387865,1,4359,sum,shift_l2,0
942853,27.28417757301279,1,4360,sum,shift_l2,0
603589,27.283102981324348,1,4361,sum,shift_l2,0
393227,27.283080333909503,1,4362,sum,shift_l2,0
696261,27.28306893108483,1,4363,sum,shift_l2,0
963769,27.282487824784376,1,4364,sum,shift_l2,0
907995,27.281091407998524,1,4365,sum,shift_l2,0
737060,27.273764227794565,1,4366,sum,shift_l2,0
197761,27.271832615175466,1,4367,sum,shift_l2,0
513807,27.271683317908902,1,4368,sum,shift_l2,0
184095,27.269048641012777,1,4369,sum,shift_l2,0
703213,27.268690665426384,1,4370,sum,shift_l2,0
621531,27.264773053527232,1,4371,sum,shift_l2,0
93460,27.264224369975917,1,4372,sum,shift_l2,0
306903,27.264133181666004,1,4373,sum,shift_l2,0
596423,27.26229599893119,1,4374,sum,shift_l2,0
367707,27.26096384906907,1,4375,sum,shift_l2,0
968151,27.256936809027636,1,4376,sum,shift_l2,0
412730,27.25684401503399,1,4377,sum,shift_l2,0
304792,27.25562964797279,2,4378,sum,shift_l2,0
169532,27.250133001755657,1,4379,sum,shift_l2,0
551141,27.249700068843282,1,4380,sum,shift_l2,0
467001,27.24903074631721,1,4381,sum,shift_l2,0
777241,27.24661008918489,1,4382,sum,shift_l2,0
604980,27.24505982617962,1,4383,sum,shift_l2,0
222290,27.242175469634407,1,4384,sum,shift_l2,0
996143,27.240083839508394,1,4385,sum,shift_l2,0
44896,27.239391083414088,1,4386,sum,shift_l2,0
693591,27.237903352098314,1,4387,sum,shift_l2,0
298767,27.234429135467288,1,4388,sum,shift_l2,0
740542,27.23025879736415,1,4389,sum,shift_l2,0
466699,27.228404154028354,1,4390,sum,shift_l2,0
891753,27.224062307016265,1,4391,sum,shift_l2,0
205025,27.219620371562435,1,4392,sum,shift_l2,0
571839,27.215984011841464,1,4393,sum,shift_l2,0
856896,27.214779156882877,1,4394,sum,shift_l2,0
470833,27.207157922116355,1,4395,sum,shift_l2,0
318740,27.206876319338974,1,4396,sum,shift_l2,0
605711,27.20641087325368,1,4397,sum,shift_l2,0
571837,27.20604894967607,2,4398,sum,shift_l2,0
939633,27.203038440516146,1,4399,sum,shift_l2,0
851950,27.202892184723876,1,4400,sum,shift_l2,0
646573,27.195953305005084,1,4401,sum,shift_l2,0
526250,27.194097519443602,1,4402,sum,shift_l2,0
303599,27.189693239642715,1,4403,sum,shift_l2,0
114917,27.188433896672592,1,4404,sum,shift_l2,0
491661,27.186837716765016,1,4405,sum,shift_l2,0
851883,27.18601286897176,1,4406,sum,shift_l2,0
283879,27.1859053978911,1,4407,sum,shift_l2,0
129482,27.18520781645931,1,4408,sum,shift_l2,0
350788,27.185079023494676,1,4409,sum,shift_l2,0
171285,27.182917805516702,1,4410,sum,shift_l2,0
975270,27.18251644849166,2,4411,sum,shift_l2,0
592972,27.180306477138878,1,4412,sum,shift_l2,0
933310,27.179590783402812,1,4413,sum,shift_l2,0
138139,27.175882055460185,1,4414,sum,shift_l2,0
746742,27.165375282126153,1,4415,sum,shift_l2,0
84406,27.164684631687006,1,4416,sum,shift_l2,0
146273,27.160221788540866,1,4417,sum,shift_l2,0
253631,27.15654097095642,2,4418,sum,shift_l2,0
547509,27.156268772851323,1,4419,sum,shift_l2,0
620712,27.15216504191666,1,4420,sum,shift_l2,0
271257,27.15103120013144,1,4421,sum,shift_l2,0
455382,27.15030788812679,1,4422,sum,shift_l2,0
161395,27.1497779116507,1,4423,sum,shift_l2,0
301271,27.14950515066268,1,4424,sum,shift_l2,0
832732,27.14876401007904,1,4425,sum,shift_l2,0
94429,27.147195026426008,1,4426,sum,shift_l2,0
727728,27.14689493510116,1,4427,sum,shift_l2,0
70036,27.145666456030384,1,4428,sum,shift_l2,0
819680,27.145019760841926,1,4429,sum,shift_l2,0
844981,27.14454634852525,1,4430,sum,shift_l2,0
157095,27.14418568417028,1,4431,sum,shift_l2,0
396447,27.143861902530478,1,4432,sum,shift_l2,0
714979,27.14218244454083,1,4433,sum,shift_l2,0
4511,27.141908838330902,1,4434,sum,shift_l2,0
262746,27.141278084906958,1,4435,sum,shift_l2,0
198583,27.140787608568008,1,4436,sum,shift_l2,0
856602,27.13999284844487,1,4437,sum,shift_l2,0
859234,27.1377483921592,1,4438,sum,shift_l2,0
280554,27.13736840514181,1,4439,sum,shift_l2,0
98631,27.137281917725215,1,4440,sum,shift_l2,0
331393,27.13656134350163,1,4441,sum,shift_l2,0
519294,27.13511951883055,1,4442,sum,shift_l2,0
634656,27.13495675219997,1,4443,sum,shift_l2,0
446089,27.134276350431662,1,4444,sum,shift_l2,0
668662,27.129430190296492,1,4445,sum,shift_l2,0
700893,27.12800891514242,1,4446,sum,shift_l2,0
322011,27.127401388838088,1,4447,sum,shift_l2,0
909726,27.127330357509393,1,4448,sum,shift_l2,0
773041,27.12617178334834,1,4449,sum,shift_l2,0
228059,27.126074560980854,1,4450,sum,shift_l2,0
653264,27.125744032337444,1,4451,sum,shift_l2,0
46343,27.12233183728559,1,4452,sum,shift_l2,0
530225,27.12115746045053,1,4453,sum,shift_l2,0
367692,27.119856786824585,1,4454,sum,shift_l2,0
894874,27.119312122810218,1,4455,sum,shift_l2,0
780018,27.118806425096274,1,4456,sum,shift_l2,0
337200,27.118035854643,1,4457,sum,shift_l2,0
691889,27.11614070828513,1,4458,sum,shift_l2,0
46616,27.114849855538885,1,4459,sum,shift_l2,0
79531,27.107509136655366,1,4460,sum,shift_l2,0
620083,27.10607402001238,1,4461,sum,shift_l2,0
347298,27.104306193282483,1,4462,sum,shift_l2,0
841636,27.099501536417147,1,4463,sum,shift_l2,0
838008,27.098067195451826,1,4464,sum,shift_l2,0
780203,27.09679793985215,1,4465,sum,shift_l2,0
646280,27.095495248543056,1,4466,sum,shift_l2,0
547610,27.094119017930844,1,4467,sum,shift_l2,0
597130,27.09386297279707,1,4468,sum,shift_l2,0
843923,27.086562826058127,2,4469,sum,shift_l2,0
319129,27.084895352383587,1,4470,sum,shift_l2,0
341491,27.08351114457756,1,4471,sum,shift_l2,0
189755,27.082938380351013,1,4472,sum,shift_l2,0
469585,27.082882113924114,1,4473,sum,shift_l2,0
904385,27.082684483141676,1,4474,sum,shift_l2,0
344464,27.082340414789588,1,4475,sum,shift_l2,0
948327,27.08116025543116,1,4476,sum,shift_l2,0
883470,27.075536452400872,1,4477,sum,shift_l2,0
274436,27.075239515605013,1,4478,sum,shift_l2,0
139015,27.07468469109546,1,4479,sum,shift_l2,0
959673,27.072563076175967,1,4480,sum,shift_l2,0
202496,27.072419131951225,1,4481,sum,shift_l2,0
792061,27.066768372551607,1,4482,sum,shift_l2,0
265408,27.066270763281764,2,4483,sum,shift_l2,0
208136,27.064934879634436,1,4484,sum,shift_l2,0
799338,27.063371212796465,1,4485,sum,shift_l2,0
331909,27.05920701583907,1,4486,sum,shift_l2,0
691702,27.056922422946034,1,4487,sum,shift_l2,0
485598,27.052333423478498,1,4488,sum,shift_l2,0
313605,27.05190217231874,1,4489,sum,shift_l2,0
155585,27.05043816970526,1,4490,sum,shift_l2,0
857417,27.050389383137865,1,4491,sum,shift_l2,0
380292,27.050071294015364,1,4492,sum,shift_l2,0
91109,27.050018437825337,1,4493,sum,shift_l2,0
698874,27.04999937522712,1,4494,sum,shift_l2,0
222453,27.045092912723288,1,4495,sum,shift_l2,0
552265,27.041361589215935,1,4496,sum,shift_l2,0
200212,27.037446400968847,2,4497,sum,shift_l2,0
778422,27.033342139317124,1,4498,sum,shift_l2,0
703512,27.03272680368216,1,4499,sum,shift_l2,0
631482,27.032221420333634,1,4500,sum,shift_l2,0
876010,27.028861387044554,1,4501,sum,shift_l2,0
301980,27.02533858033326,1,4502,sum,shift_l2,0
763946,27.023926651453756,1,4503,sum,shift_l2,0
121073,27.023063753100693,1,4504,sum,shift_l2,0
668666,27.0210842731067,2,4505,sum,shift_l2,0
549506,27.020633618057914,1,4506,sum,shift_l2,0
555641,27.019879558313004,1,4507,sum,shift_l2,0
587127,27.017603387888528,1,4508,sum,shift_l2,0
256155,27.017586956517214,1,4509,sum,shift_l2,0
695390,27.015293629629813,1,4510,sum,shift_l2,0
32413,27.01041989920825,1,4511,sum,shift_l2,0
285988,27.01041539069382,1,4512,sum,shift_l2,0
800496,27.005912530465537,1,4513,sum,shift_l2,0
340602,27.0019855159995,1,4514,sum,shift_l2,0
832496,27.00143748953527,1,4515,sum,shift_l2,0
575503,26.99786291758505,1,4516,sum,shift_l2,0
374517,26.990183039540746,1,4517,sum,shift_l2,0
205897,26.990114042103013,1,4518,sum,shift_l2,0
616882,26.989581664733432,1,4519,sum,shift_l2,0
705199,26.987364581105933,1,4520,sum,shift_l2,0
372343,26.986813882088974,1,4521,sum,shift_l2,0
900427,26.986078099769067,1,4522,sum,shift_l2,0
369834,26.978678730046738,1,4523,sum,shift_l2,0
54965,26.97836171226462,1,4524,sum,shift_l2,0
730775,26.97817555985631,1,4525,sum,shift_l2,0
146927,26.977044069300295,1,4526,sum,shift_l2,0
886744,26.975374210100117,1,4527,sum,shift_l2,0
774934,26.97525060005531,1,4528,sum,shift_l2,0
738185,26.970099613040396,1,4529,sum,shift_l2,0
13285,26.96934031249674,1,4530,sum,shift_l2,0
751391,26.967552507887348,1,4531,sum,shift_l2,0
885794,26.965278665425057,2,4532,sum,shift_l2,0
841511,26.961363111448378,1,4533,sum,shift_l2,0
704524,26.955578448893725,1,4534,sum,shift_l2,0
390565,26.95214588039854,1,4535,sum,shift_l2,0
285203,26.9520655182653,1,4536,sum,shift_l2,0
220117,26.95015609873605,1,4537,sum,shift_l2,0
897376,26.940011688619375,1,4538,sum,shift_l2,0
838846,26.934929889151505,2,4539,sum,shift_l2,0
840331,26.92458333350794,1,4540,sum,shift_l2,0
897416,26.912573498676924,1,4541,sum,shift_l2,0
206146,26.910353623610558,2,4542,sum,shift_l2,0
609392,26.900344373364756,1,4543,sum,shift_l2,0
126007,26.897950747788155,2,4544,sum,shift_l2,0
908022,26.8921616752162,2,4545,sum,shift_l2,0
255777,26.88981536857173,1,4546,sum,shift_l2,0
382768,26.88214274874502,1,4547,sum,shift_l2,0
473250,26.87792408674625,1,4548,sum,shift_l2,0
360353,26.87345784850941,1,4549,sum,shift_l2,0
431235,26.87284146696903,1,4550,sum,shift_l2,0
474609,26.870263870968575,1,4551,sum,shift_l2,0
814444,26.858710120375704,1,4552,sum,shift_l2,0
379836,26.85275025913692,1,4553,sum,shift_l2,0
44290,26.84832631697481,1,4554,sum,shift_l2,0
490863,26.84524828689244,1,4555,sum,shift_l2,0
425426,26.842809808289882,1,4556,sum,shift_l2,0
746142,26.8374539757186,1,4557,sum,shift_l2,0
656845,26.832405030276348,1,4558,sum,shift_l2,0
805131,26.830261031908982,1,4559,sum,shift_l2,0
697673,26.828787912479246,2,4560,sum,shift_l2,0
174182,26.82528087973359,1,4561,sum,shift_l2,0
552087,26.821187748339636,1,4562,sum,shift_l2,0
375640,26.820589088424246,1,4563,sum,shift_l2,0
622409,26.816368845265654,1,4564,sum,shift_l2,0
928908,26.814957786565,1,4565,sum,shift_l2,0
651073,26.81213607788827,1,4566,sum,shift_l2,0
806931,26.811334085350463,1,4567,sum,shift_l2,0
749698,26.810509973976938,1,4568,sum,shift_l2,0
969243,26.810131770396172,1,4569,sum,shift_l2,0
219498,26.805725701250097,1,4570,sum,shift_l2,0
739348,26.805591670709944,1,4571,sum,shift_l2,0
94326,26.803169524376123,2,4572,sum,shift_l2,0
133833,26.79890114072881,1,4573,sum,shift_l2,0
20105,26.79482759484678,1,4574,sum,shift_l2,0
744195,26.792185362331118,1,4575,sum,shift_l2,0
853949,26.78740006465849,1,4576,sum,shift_l2,0
595967,26.786718606725035,1,4577,sum,shift_l2,0
236385,26.782249582959583,1,4578,sum,shift_l2,0
947546,26.77639848653291,1,4579,sum,shift_l2,0
110613,26.76797545932528,1,4580,sum,shift_l2,0
855582,26.76676118006112,1,4581,sum,shift_l2,0
491390,26.766014764121454,1,4582,sum,shift_l2,0
985876,26.765316881971685,1,4583,sum,shift_l2,0
846439,26.762897248895662,1,4584,sum,shift_l2,0
43507,26.762063117926044,1,4585,sum,shift_l2,0
772867,26.76201462425152,1,4586,sum,shift_l2,0
996151,26.75746621487499,1,4587,sum,shift_l2,0
452759,26.75704187939535,1,4588,sum,shift_l2,0
107257,26.755409721179245,1,4589,sum,shift_l2,0
792999,26.754704772089852,1,4590,sum,shift_l2,0
154426,26.734446611448814,1,4591,sum,shift_l2,0
416738,26.733088721920012,1,4592,sum,shift_l2,0
650945,26.729663911507874,1,4593,sum,shift_l2,0
541713,26.724921407198934,1,4594,sum,shift_l2,0
190881,26.723822891375704,1,4595,sum,shift_l2,0
345613,26.723806522638625,1,4596,sum,shift_l2,0
671771,26.72184238071491,1,4597,sum,shift_l2,0
611526,26.707044039061152,1,4598,sum,shift_l2,0
64936,26.704806420452545,1,4599,sum,shift_l2,0
488392,26.704497053567362,1,4600,sum,shift_l2,0
226453,26.69503534199564,2,4601,sum,shift_l2,0
178137,26.685234810448687,1,4602,sum,shift_l2,0
531344,26.66761303968318,2,4603,sum,shift_l2,0
654718,26.654867186654027,1,4604,sum,shift_l2,0
971652,26.65311087811538,1,4605,sum,shift_l2,0
633494,26.650599903228247,2,4606,sum,shift_l2,0
706809,26.645453961060014,1,4607,sum,shift_l2,0
638249,26.632943392273937,1,4608,sum,shift_l2,0
626543,26.627005134957983,1,4609,sum,shift_l2,0
668457,26.62672660576423,1,4610,sum,shift_l2,0
996307,26.623274752462706,1,4611,sum,shift_l2,0
733737,26.61374911785924,1,4612,sum,shift_l2,0
172292,26.594953488722645,1,4613,sum,shift_l2,0
43510,26.582176863201937,1,4614,sum,shift_l2,0
411554,26.580744192411377,1,4615,sum,shift_l2,0
507102,26.56633675838517,1,4616,sum,shift_l2,0
713938,26.554558022749323,1,4617,sum,shift_l2,0
62883,26.552480502839682,1,4618,sum,shift_l2,0
756599,26.552151547860728,1,4619,sum,shift_l2,0
665401,26.541762215958563,1,4620,sum,shift_l2,0
604754,26.541372703371042,1,4621,sum,shift_l2,0
803290,26.536112685833082,1,4622,sum,shift_l2,0
924294,26.53179257497088,1,4623,sum,shift_l2,0
804308,26.53137246997634,1,4624,sum,shift_l2,0
561745,26.526565544435204,1,4625,sum,shift_l2,0
109969,26.51826575230349,1,4626,sum,shift_l2,0
288690,26.508254559951418,1,4627,sum,shift_l2,0
706076,26.508177222775767,1,4628,sum,shift_l2,0
459732,26.49879137284283,2,4629,sum,shift_l2,0
255505,26.494516202168267,1,4630,sum,shift_l2,0
541803,26.49323053506009,2,4631,sum,shift_l2,0
880932,26.493097870464474,2,4632,sum,shift_l2,0
53317,26.487704865545926,1,4633,sum,shift_l2,0
104785,26.4826531869686,1,4634,sum,shift_l2,0
431411,26.471020488788355,1,4635,sum,shift_l2,0
426770,26.46975985154665,1,4636,sum,shift_l2,0
706357,26.46189874030764,1,4637,sum,shift_l2,0
917130,26.428314265533434,1,4638,sum,shift_l2,0
32759,26.426717314954193,1,4639,sum,shift_l2,0
939099,26.421818111913154,2,4640,sum,shift_l2,0
85568,26.42044788853206,1,4641,sum,shift_l2,0
889429,26.418729748702855,1,4642,sum,shift_l2,0
993647,26.416571917920134,1,4643,sum,shift_l2,0
611685,26.416156933897437,1,4644,sum,shift_l2,0
238524,26.413706863380543,1,4645,sum,shift_l2,0
268937,26.41175622549065,1,4646,sum,shift_l2,0
900432,26.411312366935444,1,4647,sum,shift_l2,0
106254,26.410515090411565,2,4648,sum,shift_l2,0
598739,26.406792908247468,1,4649,sum,shift_l2,0
950824,26.406731492779986,1,4650,sum,shift_l2,0
841495,26.404355940227713,1,4651,sum,shift_l2,0
90946,26.39231300162075,1,4652,sum,shift_l2,0
788860,26.387773015475478,1,4653,sum,shift_l2,0
987009,26.386294835822202,1,4654,sum,shift_l2,0
275616,26.385202061781918,1,4655,sum,shift_l2,0
552299,26.37772858080904,1,4656,sum,shift_l2,0
717468,26.377589348163692,1,4657,sum,shift_l2,0
204377,26.375709115464797,1,4658,sum,shift_l2,0
746314,26.37053660624306,1,4659,sum,shift_l2,0
158548,26.36485548398111,1,4660,sum,shift_l2,0
649135,26.363228988668347,1,4661,sum,shift_l2,0
576217,26.36181971403979,1,4662,sum,shift_l2,0
302002,26.36076308260783,1,4663,sum,shift_l2,0
217642,26.358966314917197,1,4664,sum,shift_l2,0
31887,26.358459097382458,1,4665,sum,shift_l2,0
128333,26.354531325773788,1,4666,sum,shift_l2,0
913645,26.354427721947403,1,4667,sum,shift_l2,0
675256,26.351327810775725,1,4668,sum,shift_l2,0
147712,26.35116800216909,1,4669,sum,shift_l2,0
521872,26.34975283296239,1,4670,sum,shift_l2,0
551301,26.34707712147096,1,4671,sum,shift_l2,0
790384,26.34220644754123,1,4672,sum,shift_l2,0
818273,26.34011156113538,2,4673,sum,shift_l2,0
272421,26.338892426183627,1,4674,sum,shift_l2,0
830138,26.337481996635976,1,4675,sum,shift_l2,0
910345,26.33425207445563,1,4676,sum,shift_l2,0
840865,26.332468286511368,1,4677,sum,shift_l2,0
159509,26.3287652367684,1,4678,sum,shift_l2,0
934130,26.326481118407948,1,4679,sum,shift_l2,0
221822,26.323855829667117,1,4680,sum,shift_l2,0
293294,26.322042833114608,1,4681,sum,shift_l2,0
686966,26.31709622047251,1,4682,sum,shift_l2,0
81652,26.312211560457623,1,4683,sum,shift_l2,0
814782,26.312044273106686,1,4684,sum,shift_l2,0
125719,26.308779840260637,1,4685,sum,shift_l2,0
652232,26.3074264823495,1,4686,sum,shift_l2,0
225561,26.305429551810793,1,4687,sum,shift_l2,0
677755,26.3049071699114,1,4688,sum,shift_l2,0
531352,26.30250422960049,1,4689,sum,shift_l2,0
340686,26.302316437832758,1,4690,sum,shift_l2,0
72358,26.294200091322264,1,4691,sum,shift_l2,0
329345,26.285966862302228,1,4692,sum,shift_l2,0
816032,26.28288839624647,1,4693,sum,shift_l2,0
689377,26.27946326151896,1,4694,sum,shift_l2,0
30564,26.27360835017672,1,4695,sum,shift_l2,0
112063,26.27329722572632,1,4696,sum,shift_l2,0
500398,26.272876996859438,1,4697,sum,shift_l2,0
533496,26.272767066272955,1,4698,sum,shift_l2,0
191863,26.270405933587426,1,4699,sum,shift_l2,0
426803,26.266364542374937,1,4700,sum,shift_l2,0
793995,26.262174367864898,1,4701,sum,shift_l2,0
878678,26.261216417793296,1,4702,sum,shift_l2,0
35065,26.25903503962877,1,4703,sum,shift_l2,0
839276,26.258606841395153,1,4704,sum,shift_l2,0
138,26.25852045725571,1,4705,sum,shift_l2,0
169513,26.25504048666543,1,4706,sum,shift_l2,0
551010,26.240594582645283,1,4707,sum,shift_l2,0
54929,26.239285996309764,1,4708,sum,shift_l2,0
787714,26.235185731451423,1,4709,sum,shift_l2,0
591769,26.22733821385509,1,4710,sum,shift_l2,0
800823,26.226683652943134,1,4711,sum,shift_l2,0
464139,26.219903121520524,2,4712,sum,shift_l2,0
375190,26.211569374119534,1,4713,sum,shift_l2,0
251503,26.210218369658804,1,4714,sum,shift_l2,0
167193,26.208871969024937,1,4715,sum,shift_l2,0
620857,26.208009690368876,1,4716,sum,shift_l2,0
567558,26.205728619214206,1,4717,sum,shift_l2,0
482741,26.197442139260858,1,4718,sum,shift_l2,0
764457,26.19732624296715,2,4719,sum,shift_l2,0
825533,26.19656832344228,1,4720,sum,shift_l2,0
379854,26.19608774503194,1,4721,sum,shift_l2,0
388245,26.190808388355375,1,4722,sum,shift_l2,0
310564,26.1862431161918,1,4723,sum,shift_l2,0
613741,26.183819062459797,1,4724,sum,shift_l2,0
534830,26.182122586236822,1,4725,sum,shift_l2,0
271785,26.1806336185073,1,4726,sum,shift_l2,0
859742,26.1799554466844,1,4727,sum,shift_l2,0
763568,26.173055954439242,1,4728,sum,shift_l2,0
28391,26.172744610437867,1,4729,sum,shift_l2,0
131819,26.16301161537427,1,4730,sum,shift_l2,0
315644,26.161467457563102,1,4731,sum,shift_l2,0
898698,26.159969977202522,1,4732,sum,shift_l2,0
144397,26.157504120302242,2,4733,sum,shift_l2,0
303798,26.154350509733305,1,4734,sum,shift_l2,0
714937,26.151915019148465,1,4735,sum,shift_l2,0
833374,26.15054430266098,1,4736,sum,shift_l2,0
239842,26.146592558067788,1,4737,sum,shift_l2,0
28092,26.145370150041572,1,4738,sum,shift_l2,0
892731,26.13645412719236,1,4739,sum,shift_l2,0
117673,26.133123729653704,2,4740,sum,shift_l2,0
783321,26.13108757460774,1,4741,sum,shift_l2,0
389152,26.128870161605114,1,4742,sum,shift_l2,0
570120,26.120793192739818,1,4743,sum,shift_l2,0
742867,26.119022310996414,1,4744,sum,shift_l2,0
482437,26.105328570047405,1,4745,sum,shift_l2,0
990337,26.103268135893064,1,4746,sum,shift_l2,0
619661,26.090641603448773,1,4747,sum,shift_l2,0
575395,26.08723126959909,1,4748,sum,shift_l2,0
572728,26.085081491458634,1,4749,sum,shift_l2,0
853419,26.082163604830225,1,4750,sum,shift_l2,0
610254,26.080798712594266,1,4751,sum,shift_l2,0
412375,26.079499655457195,1,4752,sum,shift_l2,0
652191,26.07570757927963,2,4753,sum,shift_l2,0
295465,26.070137346172313,1,4754,sum,shift_l2,0
303419,26.070128972493023,1,4755,sum,shift_l2,0
1478,26.06076305969838,1,4756,sum,shift_l2,0
177665,26.05811742647317,1,4757,sum,shift_l2,0
474833,26.05232737779306,1,4758,sum,shift_l2,0
180849,26.047258611558874,2,4759,sum,shift_l2,0
516136,26.046680921766363,1,4760,sum,shift_l2,0
928747,26.04176945922413,1,4761,sum,shift_l2,0
205539,26.04062503603688,1,4762,sum,shift_l2,0
788859,26.039686361605913,1,4763,sum,shift_l2,0
626198,26.035059219681848,1,4764,sum,shift_l2,0
495512,26.033433254236428,1,4765,sum,shift_l2,0
974778,26.027659087330804,1,4766,sum,shift_l2,0
216485,26.027611483280086,1,4767,sum,shift_l2,0
154423,26.024910019419814,1,4768,sum,shift_l2,0
340328,26.021246780713113,1,4769,sum,shift_l2,0
183732,26.01483401168507,1,4770,sum,shift_l2,0
476934,26.01088492460834,1,4771,sum,shift_l2,0
933602,26.00839494316621,1,4772,sum,shift_l2,0
163179,26.00171905592304,1,4773,sum,shift_l2,0
625363,25.99610602825225,1,4774,sum,shift_l2,0
702890,25.99443848325197,1,4775,sum,shift_l2,0
444233,25.9883183195434,1,4776,sum,shift_l2,0
565773,25.973320027812882,1,4777,sum,shift_l2,0
411573,25.97174447601314,1,4778,sum,shift_l2,0
986115,25.966011472357586,1,4779,sum,shift_l2,0
491659,25.965779088228654,1,4780,sum,shift_l2,0
125630,25.963430805708487,1,4781,sum,shift_l2,0
217501,25.959388431035375,1,4782,sum,shift_l2,0
20266,25.958408081987898,1,4783,sum,shift_l2,0
35330,25.957268441114266,1,4784,sum,shift_l2,0
179299,25.934890010682327,1,4785,sum,shift_l2,0
807470,25.92854042562235,1,4786,sum,shift_l2,0
653556,25.925395989307308,1,4787,sum,shift_l2,0
932147,25.92433302305575,2,4788,sum,shift_l2,0
879941,25.921513193554503,1,4789,sum,shift_l2,0
638074,25.92099659507221,1,4790,sum,shift_l2,0
216643,25.915009345225013,1,4791,sum,shift_l2,0
750970,25.906403374250598,1,4792,sum,shift_l2,0
539478,25.904554898881162,1,4793,sum,shift_l2,0
876030,25.903432020932975,1,4794,sum,shift_l2,0
619857,25.897986753604794,1,4795,sum,shift_l2,0
701427,25.896418444249992,1,4796,sum,shift_l2,0
771775,25.89096220527335,2,4797,sum,shift_l2,0
540645,25.88606691881187,1,4798,sum,shift_l2,0
6282,25.88445748450225,1,4799,sum,shift_l2,0
304321,25.875113471675203,1,4800,sum,shift_l2,0
612256,25.87327790483395,1,4801,sum,shift_l2,0
194187,25.873191804614006,1,4802,sum,shift_l2,0
819725,25.86335495125422,1,4803,sum,shift_l2,0
967808,25.86281420783554,1,4804,sum,shift_l2,0
263994,25.857284266048172,1,4805,sum,shift_l2,0
17307,25.85633173621715,1,4806,sum,shift_l2,0
307279,25.855389225187373,1,4807,sum,shift_l2,0
914716,25.848019414066197,1,4808,sum,shift_l2,0
352439,25.837886726576883,1,4809,sum,shift_l2,0
891133,25.837351521230193,1,4810,sum,shift_l2,0
371179,25.829967555542765,1,4811,sum,shift_l2,0
468596,25.81800194553913,1,4812,sum,shift_l2,0
22214,25.79377092221776,2,4813,sum,shift_l2,0
618925,25.78917482433564,1,4814,sum,shift_l2,0
992666,25.78787683725744,1,4815,sum,shift_l2,0
926584,25.774248219174822,1,4816,sum,shift_l2,0
879982,25.768117854498165,1,4817,sum,shift_l2,0
815304,25.759176748772227,1,4818,sum,shift_l2,0
771883,25.754774637267552,1,4819,sum,shift_l2,0
824065,25.75060759792024,1,4820,sum,shift_l2,0
340784,25.74935689569422,1,4821,sum,shift_l2,0
665959,25.746257471092157,1,4822,sum,shift_l2,0
790676,25.744324720861812,1,4823,sum,shift_l2,0
111433,25.743186822573435,1,4824,sum,shift_l2,0
637084,25.74034521688817,1,4825,sum,shift_l2,0
607079,25.73936039801385,1,4826,sum,shift_l2,0
686967,25.738026580647578,1,4827,sum,shift_l2,0
983563,25.73583768322559,1,4828,sum,shift_l2,0
252362,25.729429154416557,1,4829,sum,shift_l2,0
200173,25.725368029635277,1,4830,sum,shift_l2,0
384844,25.71940201529893,1,4831,sum,shift_l2,0
104930,25.71851530684316,1,4832,sum,shift_l2,0
320292,25.71314137407578,1,4833,sum,shift_l2,0
988203,25.703493811780643,1,4834,sum,shift_l2,0
202048,25.699880634433644,1,4835,sum,shift_l2,0
790470,25.697289910130213,1,4836,sum,shift_l2,0
268894,25.69648828969978,1,4837,sum,shift_l2,0
82723,25.69153977058491,1,4838,sum,shift_l2,0
10593,25.675052841492082,2,4839,sum,shift_l2,0
828710,25.671415871196366,1,4840,sum,shift_l2,0
561746,25.666476719680176,1,4841,sum,shift_l2,0
801357,25.664113470720824,1,4842,sum,shift_l2,0
990766,25.6638628132751,1,4843,sum,shift_l2,0
803080,25.660993839158547,1,4844,sum,shift_l2,0
506765,25.651348686865916,1,4845,sum,shift_l2,0
123393,25.650187477624762,2,4846,sum,shift_l2,0
415152,25.648648851801685,1,4847,sum,shift_l2,0
317534,25.641040995835315,1,4848,sum,shift_l2,0
74503,25.636787506883188,1,4849,sum,shift_l2,0
304760,25.623988032028613,2,4850,sum,shift_l2,0
756040,25.610713908885092,1,4851,sum,shift_l2,0
245063,25.60575319328025,1,4852,sum,shift_l2,0
314093,25.600098827619398,1,4853,sum,shift_l2,0
922935,25.595290955476553,1,4854,sum,shift_l2,0
39712,25.58075727773837,1,4855,sum,shift_l2,0
345339,25.57903504914942,1,4856,sum,shift_l2,0
411821,25.578019792067963,1,4857,sum,shift_l2,0
909727,25.570614082807744,1,4858,sum,shift_l2,0
738077,25.562657664293667,1,4859,sum,shift_l2,0
859069,25.56135663837317,1,4860,sum,shift_l2,0
457167,25.55834059113707,2,4861,sum,shift_l2,0
178096,25.553690231218898,1,4862,sum,shift_l2,0
200376,25.552542933415026,1,4863,sum,shift_l2,0
508838,25.552061561333602,1,4864,sum,shift_l2,0
308400,25.54446861299929,1,4865,sum,shift_l2,0
520457,25.54346147899461,1,4866,sum,shift_l2,0
457168,25.538692098010586,1,4867,sum,shift_l2,0
435330,25.53642033098508,1,4868,sum,shift_l2,0
781214,25.535586711347893,1,4869,sum,shift_l2,0
446945,25.533851238607557,1,4870,sum,shift_l2,0
840627,25.52499588126892,1,4871,sum,shift_l2,0
838825,25.51619139699343,1,4872,sum,shift_l2,0
210528,25.515533310530365,1,4873,sum,shift_l2,0
653516,25.505942897216556,1,4874,sum,shift_l2,0
232533,25.504821206640973,1,4875,sum,shift_l2,0
250345,25.493908699855314,1,4876,sum,shift_l2,0
770876,25.490079936488698,1,4877,sum,shift_l2,0
431840,25.486175577775068,1,4878,sum,shift_l2,0
459303,25.4815998111593,2,4879,sum,shift_l2,0
674432,25.473761428076727,1,4880,sum,shift_l2,0
11500,25.470165083112832,1,4881,sum,shift_l2,0
542230,25.468921671760743,1,4882,sum,shift_l2,0
756773,25.460043724447306,1,4883,sum,shift_l2,0
420959,25.45896767561017,1,4884,sum,shift_l2,0
715103,25.458119548959186,1,4885,sum,shift_l2,0
909155,25.455820783118444,1,4886,sum,shift_l2,0
145115,25.45029297697572,2,4887,sum,shift_l2,0
396449,25.447875891363356,1,4888,sum,shift_l2,0
592756,25.446222867854377,1,4889,sum,shift_l2,0
646809,25.43955836106383,1,4890,sum,shift_l2,0
67617,25.437781166314128,1,4891,sum,shift_l2,0
785733,25.432819490727734,2,4892,sum,shift_l2,0
945017,25.43026062579726,2,4893,sum,shift_l2,0
88191,25.421030165764368,1,4894,sum,shift_l2,0
611715,25.41864507393763,1,4895,sum,shift_l2,0
355777,25.41721682942674,1,4896,sum,shift_l2,0
539033,25.41561342062001,1,4897,sum,shift_l2,0
274732,25.404656821298275,1,4898,sum,shift_l2,0
608033,25.400897085333416,1,4899,sum,shift_l2,0
517593,25.397522030446098,1,4900,sum,shift_l2,0
561718,25.394234538500385,1,4901,sum,shift_l2,0
619223,25.39116252715623,1,4902,sum,shift_l2,0
979700,25.391096197294033,1,4903,sum,shift_l2,0
612581,25.387139674372598,2,4904,sum,shift_l2,0
619479,25.361913908220995,1,4905,sum,shift_l2,0
89697,25.353186949588917,1,4906,sum,shift_l2,0
631317,25.34941469634861,1,4907,sum,shift_l2,0
552990,25.349250812031354,1,4908,sum,shift_l2,0
754488,25.34096641455226,1,4909,sum,shift_l2,0
449902,25.33540457379091,1,4910,sum,shift_l2,0
592481,25.327852359772645,1,4911,sum,shift_l2,0
998363,25.32044510802427,1,4912,sum,shift_l2,0
735683,25.31255670044634,1,4913,sum,shift_l2,0
283837,25.309900989378647,1,4914,sum,shift_l2,0
715928,25.30982449076472,2,4915,sum,shift_l2,0
884597,25.303103298465206,1,4916,sum,shift_l2,0
244520,25.285061506709944,2,4917,sum,shift_l2,0
479484,25.271706739737958,1,4918,sum,shift_l2,0
31599,25.268332138643906,1,4919,sum,shift_l2,0
397719,25.267228613613874,1,4920,sum,shift_l2,0
8645,25.2646196343154,1,4921,sum,shift_l2,0
327038,25.261278146932757,1,4922,sum,shift_l2,0
673108,25.256219342181282,1,4923,sum,shift_l2,0
130364,25.25571917296679,1,4924,sum,shift_l2,0
385921,25.25190838363304,1,4925,sum,shift_l2,0
532667,25.249531807694346,1,4926,sum,shift_l2,0
16585,25.247748333213924,1,4927,sum,shift_l2,0
594825,25.245654212509777,1,4928,sum,shift_l2,0
87888,25.24305992373869,1,4929,sum,shift_l2,0
377963,25.239463056206812,1,4930,sum,shift_l2,0
10962,25.238553319565366,1,4931,sum,shift_l2,0
933293,25.230958929676806,1,4932,sum,shift_l2,0
942895,25.21761682083212,1,4933,sum,shift_l2,0
97811,25.21720027478361,1,4934,sum,shift_l2,0
353601,25.20710157998049,1,4935,sum,shift_l2,0
80649,25.199540652217035,1,4936,sum,shift_l2,0
163182,25.19791592386701,1,4937,sum,shift_l2,0
939636,25.192598421041406,1,4938,sum,shift_l2,0
640124,25.191768485804356,1,4939,sum,shift_l2,0
297974,25.185039151693566,1,4940,sum,shift_l2,0
102994,25.184291514517383,1,4941,sum,shift_l2,0
612692,25.17123270615989,1,4942,sum,shift_l2,0
100250,25.16826003586042,1,4943,sum,shift_l2,0
511590,25.159612786111197,1,4944,sum,shift_l2,0
746517,25.15764313059206,1,4945,sum,shift_l2,0
480129,25.151024010220443,1,4946,sum,shift_l2,0
845278,25.148648084638715,2,4947,sum,shift_l2,0
325710,25.148157811773522,2,4948,sum,shift_l2,0
523209,25.14245124129279,1,4949,sum,shift_l2,0
916157,25.140773031049353,1,4950,sum,shift_l2,0
671498,25.12378708297479,1,4951,sum,shift_l2,0
55118,25.12297012500431,1,4952,sum,shift_l2,0
798517,25.11958018080743,1,4953,sum,shift_l2,0
631993,25.118804771457842,1,4954,sum,shift_l2,0
747482,25.114949230691188,1,4955,sum,shift_l2,0
817022,25.114751387500945,1,4956,sum,shift_l2,0
615436,25.112367225958913,1,4957,sum,shift_l2,0
226728,25.10636085058279,1,4958,sum,shift_l2,0
299146,25.102162269120317,1,4959,sum,shift_l2,0
897272,25.101187828024496,1,4960,sum,shift_l2,0
249707,25.093823825707247,1,4961,sum,shift_l2,0
358636,25.08529383610126,1,4962,sum,shift_l2,0
61893,25.08454702791167,1,4963,sum,shift_l2,0
446557,25.084326897564218,1,4964,sum,shift_l2,0
626820,25.0816718141622,1,4965,sum,shift_l2,0
975123,25.07954780276188,1,4966,sum,shift_l2,0
802283,25.073502895390973,1,4967,sum,shift_l2,0
980952,25.070755964668756,2,4968,sum,shift_l2,0
904259,25.06845769848632,1,4969,sum,shift_l2,0
918184,25.06245345515348,1,4970,sum,shift_l2,0
26951,25.05557815934783,1,4971,sum,shift_l2,0
319427,25.041261584433045,1,4972,sum,shift_l2,0
491664,25.038058776847436,2,4973,sum,shift_l2,0
833288,25.037365608998503,1,4974,sum,shift_l2,0
686605,25.03607018559868,1,4975,sum,shift_l2,0
237401,25.03554716194715,1,4976,sum,shift_l2,0
921045,25.034742674218688,1,4977,sum,shift_l2,0
769714,25.0326905110681,1,4978,sum,shift_l2,0
185270,25.031925596909176,1,4979,sum,shift_l2,0
515078,25.02371799036342,1,4980,sum,shift_l2,0
85136,25.023022270842887,1,4981,sum,shift_l2,0
912391,25.01764590490402,1,4982,sum,shift_l2,0
373506,25.008262154370954,1,4983,sum,shift_l2,0
528592,25.002789570146195,1,4984,sum,shift_l2,0
427493,24.996326390265285,1,4985,sum,shift_l2,0
97472,24.993275964740672,1,4986,sum,shift_l2,0
287219,24.992739795347777,1,4987,sum,shift_l2,0
772038,24.991810209531003,1,4988,sum,shift_l2,0
641285,24.99150792552578,1,4989,sum,shift_l2,0
699997,24.982647295547892,1,4990,sum,shift_l2,0
204391,24.97918776153578,1,4991,sum,shift_l2,0
65386,24.97433251228532,1,4992,sum,shift_l2,0
478096,24.96399376477849,1,4993,sum,shift_l2,0
602386,24.96374514303207,1,4994,sum,shift_l2,0
204088,24.96243040767203,1,4995,sum,shift_l2,0
565049,24.959114211911874,1,4996,sum,shift_l2,0
364448,24.958537173457575,1,4997,sum,shift_l2,0
789501,24.958204852667627,1,4998,sum,shift_l2,0
912519,24.95809017873683,1,4999,sum,shift_l2,0
126792,24.957567828892667,1,5000,sum,shift_l2,0
908024,24.95324956833347,1,5001,sum,shift_l2,0
653248,24.951080771255025,1,5002,sum,shift_l2,0
714836,24.944472102904644,1,5003,sum,shift_l2,0
968166,24.93906478077635,1,5004,sum,shift_l2,0
583460,24.93553239843241,1,5005,sum,shift_l2,0
661490,24.93186255482258,2,5006,sum,shift_l2,0
650944,24.930293853698966,2,5007,sum,shift_l2,0
997305,24.92543819551697,1,5008,sum,shift_l2,0
158345,24.915472036406335,1,5009,sum,shift_l2,0
53768,24.915013753527454,1,5010,sum,shift_l2,0
311731,24.90977169320618,2,5011,sum,shift_l2,0
330233,24.90758380468035,1,5012,sum,shift_l2,0
861245,24.900050968265266,1,5013,sum,shift_l2,0
252036,24.898691941215183,1,5014,sum,shift_l2,0
861392,24.895828591629186,1,5015,sum,shift_l2,0
228489,24.89045189882955,1,5016,sum,shift_l2,0
959123,24.88627578302174,1,5017,sum,shift_l2,0
254058,24.881012803479308,1,5018,sum,shift_l2,0
582382,24.873805027150006,1,5019,sum,shift_l2,0
667191,24.870144648867008,1,5020,sum,shift_l2,0
951018,24.870024432507613,1,5021,sum,shift_l2,0
686603,24.86957362087886,2,5022,sum,shift_l2,0
306629,24.869495823455402,1,5023,sum,shift_l2,0
677949,24.86670807865792,1,5024,sum,shift_l2,0
408903,24.85267386546012,2,5025,sum,shift_l2,0
416467,24.84029927265506,1,5026,sum,shift_l2,0
130659,24.831111121754,1,5027,sum,shift_l2,0
369091,24.829641426652014,1,5028,sum,shift_l2,0
864408,24.824739668795576,1,5029,sum,shift_l2,0
991496,24.821045262900263,1,5030,sum,shift_l2,0
37317,24.8197782761419,1,5031,sum,shift_l2,0
961473,24.817430681597695,1,5032,sum,shift_l2,0
332552,24.814662627474856,1,5033,sum,shift_l2,0
815061,24.81323402605303,1,5034,sum,shift_l2,0
505779,24.806243768915635,1,5035,sum,shift_l2,0
638251,24.802469061255813,1,5036,sum,shift_l2,0
580058,24.790717002781854,1,5037,sum,shift_l2,0
876466,24.789617019079287,1,5038,sum,shift_l2,0
453495,24.786264545157433,1,5039,sum,shift_l2,0
74681,24.780999108163645,1,5040,sum,shift_l2,0
698672,24.774912403419744,1,5041,sum,shift_l2,0
124846,24.769481150484005,1,5042,sum,shift_l2,0
759524,24.766864103767116,2,5043,sum,shift_l2,0
137423,24.762368449538787,1,5044,sum,shift_l2,0
74677,24.76034819669938,1,5045,sum,shift_l2,0
327993,24.760202945088345,1,5046,sum,shift_l2,0
820886,24.752524565890194,1,5047,sum,shift_l2,0
170394,24.75005939000033,1,5048,sum,shift_l2,0
286204,24.748173758869722,1,5049,sum,shift_l2,0
93271,24.746722338707325,1,5050,sum,shift_l2,0
915965,24.743196459609415,1,5051,sum,shift_l2,0
817389,24.74024108583773,1,5052,sum,shift_l2,0
494074,24.736974876878982,1,5053,sum,shift_l2,0
467003,24.736956632966784,1,5054,sum,shift_l2,0
940280,24.729869566363426,1,5055,sum,shift_l2,0
76916,24.727362916445777,1,5056,sum,shift_l2,0
681243,24.714602153224412,1,5057,sum,shift_l2,0
461828,24.711951726828374,2,5058,sum,shift_l2,0
316416,24.71007030443409,1,5059,sum,shift_l2,0
345338,24.7057040735664,1,5060,sum,shift_l2,0
453040,24.705549247516075,1,5061,sum,shift_l2,0
560304,24.69962178868265,1,5062,sum,shift_l2,0
158257,24.697486792978246,1,5063,sum,shift_l2,0
456801,24.694219439612493,1,5064,sum,shift_l2,0
765963,24.691098513395335,1,5065,sum,shift_l2,0
44469,24.689710075914945,1,5066,sum,shift_l2,0
195567,24.689152528068,1,5067,sum,shift_l2,0
620643,24.684592453577274,1,5068,sum,shift_l2,0
127131,24.682006512034622,1,5069,sum,shift_l2,0
634332,24.678146800239173,1,5070,sum,shift_l2,0
199999,24.678047639882344,1,5071,sum,shift_l2,0
740072,24.666938703897863,1,5072,sum,shift_l2,0
418455,24.664433903161832,1,5073,sum,shift_l2,0
814695,24.6638983601671,1,5074,sum,shift_l2,0
496678,24.663606223725964,1,5075,sum,shift_l2,0
721913,24.662879659203533,1,5076,sum,shift_l2,0
825520,24.655143725467322,1,5077,sum,shift_l2,0
823739,24.65397917450017,1,5078,sum,shift_l2,0
188468,24.65281381206879,1,5079,sum,shift_l2,0
786013,24.651369933470722,1,5080,sum,shift_l2,0
233869,24.650352347661926,1,5081,sum,shift_l2,0
955367,24.648789779421698,1,5082,sum,shift_l2,0
186268,24.645743639060463,1,5083,sum,shift_l2,0
399038,24.644880289237776,1,5084,sum,shift_l2,0
726115,24.64155900687005,1,5085,sum,shift_l2,0
48666,24.639148703092296,1,5086,sum,shift_l2,0
592199,24.638718457045854,1,5087,sum,shift_l2,0
762622,24.6333622283106,1,5088,sum,shift_l2,0
476731,24.627707380675677,1,5089,sum,shift_l2,0
548771,24.62585284674865,1,5090,sum,shift_l2,0
715370,24.625441733424445,1,5091,sum,shift_l2,0
243064,24.622430590141285,1,5092,sum,shift_l2,0
859030,24.617703436725705,1,5093,sum,shift_l2,0
838274,24.61766866761328,1,5094,sum,shift_l2,0
229267,24.614049777341513,1,5095,sum,shift_l2,0
428641,24.613678330818445,2,5096,sum,shift_l2,0
268283,24.611753180164744,1,5097,sum,shift_l2,0
927155,24.608739676062346,1,5098,sum,shift_l2,0
483598,24.60348727891914,1,5099,sum,shift_l2,0
39389,24.598759176113784,1,5100,sum,shift_l2,0
955675,24.59867145539631,1,5101,sum,shift_l2,0
232712,24.596607999014164,1,5102,sum,shift_l2,0
139750,24.595799590611545,1,5103,sum,shift_l2,0
66583,24.594559591649997,1,5104,sum,shift_l2,0
82708,24.594132423794886,1,5105,sum,shift_l2,0
44361,24.592960083550846,1,5106,sum,shift_l2,0
246660,24.590444598933352,1,5107,sum,shift_l2,0
518473,24.584469534573834,1,5108,sum,shift_l2,0
861513,24.576374387581875,1,5109,sum,shift_l2,0
517294,24.571315735971496,1,5110,sum,shift_l2,0
483703,24.56759398080549,1,5111,sum,shift_l2,0
285734,24.566763568740416,2,5112,sum,shift_l2,0
267773,24.56243703139654,1,5113,sum,shift_l2,0
942246,24.560569151954308,1,5114,sum,shift_l2,0
392963,24.55168633887793,1,5115,sum,shift_l2,0
43129,24.547427633437746,1,5116,sum,shift_l2,0
985847,24.54677146206441,1,5117,sum,shift_l2,0
125966,24.545822568071696,1,5118,sum,shift_l2,0
82364,24.541874754241697,1,5119,sum,shift_l2,0
704674,24.532291532990282,1,5120,sum,shift_l2,0
717996,24.52999171202602,1,5121,sum,shift_l2,0
755523,24.5287884385102,1,5122,sum,shift_l2,0
285713,24.521488153155374,1,5123,sum,shift_l2,0
177991,24.517388368027586,1,5124,sum,shift_l2,0
136306,24.502280322188035,2,5125,sum,shift_l2,0
565045,24.499353434158174,1,5126,sum,shift_l2,0
152572,24.498952639017094,1,5127,sum,shift_l2,0
661916,24.49208663717584,1,5128,sum,shift_l2,0
806941,24.488915052996937,1,5129,sum,shift_l2,0
343015,24.48124047691312,1,5130,sum,shift_l2,0
312784,24.474136440957906,1,5131,sum,shift_l2,0
337494,24.473176923276327,1,5132,sum,shift_l2,0
34994,24.470047900042132,1,5133,sum,shift_l2,0
638071,24.46582214276137,1,5134,sum,shift_l2,0
44894,24.46452196746269,1,5135,sum,shift_l2,0
356311,24.458905662575894,1,5136,sum,shift_l2,0
85141,24.455732786467625,1,5137,sum,shift_l2,0
482582,24.452741198547372,1,5138,sum,shift_l2,0
467626,24.452679118823326,1,5139,sum,shift_l2,0
114346,24.449476284300236,1,5140,sum,shift_l2,0
784553,24.44690587219282,1,5141,sum,shift_l2,0
414698,24.442377149934845,1,5142,sum,shift_l2,0
460651,24.43975580510635,1,5143,sum,shift_l2,0
767234,24.439111817305886,1,5144,sum,shift_l2,0
687783,24.43581602197183,1,5145,sum,shift_l2,0
895480,24.433358195192685,1,5146,sum,shift_l2,0
492910,24.43223887008755,1,5147,sum,shift_l2,0
78879,24.43184295001111,1,5148,sum,shift_l2,0
968419,24.4303029742522,1,5149,sum,shift_l2,0
269722,24.42897143763791,1,5150,sum,shift_l2,0
189266,24.425413707354828,1,5151,sum,shift_l2,0
503024,24.423485677673565,1,5152,sum,shift_l2,0
195568,24.419886580675506,1,5153,sum,shift_l2,0
586690,24.41416788997832,1,5154,sum,shift_l2,0
481580,24.411304750059042,1,5155,sum,shift_l2,0
590795,24.401484721978523,1,5156,sum,shift_l2,0
316381,24.40120464245271,2,5157,sum,shift_l2,0
704377,24.396813190728828,1,5158,sum,shift_l2,0
657044,24.390814353629388,1,5159,sum,shift_l2,0
46614,24.387967197940203,1,5160,sum,shift_l2,0
731637,24.387434781766196,1,5161,sum,shift_l2,0
989604,24.38637585259695,1,5162,sum,shift_l2,0
329156,24.383091512235765,1,5163,sum,shift_l2,0
806650,24.379451044917744,1,5164,sum,shift_l2,0
920816,24.378754319467305,1,5165,sum,shift_l2,0
449043,24.373447823694587,1,5166,sum,shift_l2,0
413892,24.371275723627004,1,5167,sum,shift_l2,0
574377,24.36688229093076,2,5168,sum,shift_l2,0
235072,24.363465739704555,1,5169,sum,shift_l2,0
826695,24.363075944243903,1,5170,sum,shift_l2,0
771771,24.362364061317013,1,5171,sum,shift_l2,0
161867,24.361986394793984,1,5172,sum,shift_l2,0
839463,24.35878145962696,1,5173,sum,shift_l2,0
136457,24.356202814455607,1,5174,sum,shift_l2,0
280360,24.35166451750824,2,5175,sum,shift_l2,0
533859,24.33169458294473,1,5176,sum,shift_l2,0
492893,24.330158894422826,1,5177,sum,shift_l2,0
808889,24.325898839972606,1,5178,sum,shift_l2,0
155286,24.318905755184286,1,5179,sum,shift_l2,0
592973,24.314405051766446,1,5180,sum,shift_l2,0
219753,24.312648695401606,1,5181,sum,shift_l2,0
21121,24.31264356360467,1,5182,sum,shift_l2,0
6013,24.31259432029729,1,5183,sum,shift_l2,0
339165,24.311902305614115,1,5184,sum,shift_l2,0
566367,24.309364244218102,1,5185,sum,shift_l2,0
663972,24.30732556048157,1,5186,sum,shift_l2,0
618064,24.305231997088022,1,5187,sum,shift_l2,0
202391,24.294936426793154,1,5188,sum,shift_l2,0
457709,24.285970963763678,1,5189,sum,shift_l2,0
268733,24.284802591212358,1,5190,sum,shift_l2,0
909157,24.27625016746001,1,5191,sum,shift_l2,0
575323,24.27550626410135,2,5192,sum,shift_l2,0
449572,24.27204262711075,2,5193,sum,shift_l2,0
515503,24.271742996815306,1,5194,sum,shift_l2,0
677961,24.266441161907224,1,5195,sum,shift_l2,0
403532,24.262512837891585,1,5196,sum,shift_l2,0
535989,24.258251666831065,1,5197,sum,shift_l2,0
244154,24.257537385223166,1,5198,sum,shift_l2,0
79326,24.256556387006768,1,5199,sum,shift_l2,0
19957,24.253504676459475,1,5200,sum,shift_l2,0
522477,24.252600412885464,1,5201,sum,shift_l2,0
975658,24.245601874289992,1,5202,sum,shift_l2,0
569730,24.244443611823865,1,5203,sum,shift_l2,0
58307,24.23502754076817,1,5204,sum,shift_l2,0
556735,24.231136391901853,1,5205,sum,shift_l2,0
476919,24.227762342403352,1,5206,sum,shift_l2,0
271099,24.22708048624594,1,5207,sum,shift_l2,0
901064,24.224064888074068,1,5208,sum,shift_l2,0
136454,24.22012024639614,1,5209,sum,shift_l2,0
450735,24.218634911732245,1,5210,sum,shift_l2,0
976305,24.21816318899492,1,5211,sum,shift_l2,0
548345,24.217848857214026,1,5212,sum,shift_l2,0
485578,24.215918101864133,1,5213,sum,shift_l2,0
642894,24.21142624232634,1,5214,sum,shift_l2,0
2641,24.210984256350805,1,5215,sum,shift_l2,0
381341,24.198672303714453,1,5216,sum,shift_l2,0
739383,24.195669645986886,1,5217,sum,shift_l2,0
339510,24.191372073789807,1,5218,sum,shift_l2,0
258099,24.188455602013384,1,5219,sum,shift_l2,0
958227,24.186635278847383,2,5220,sum,shift_l2,0
393071,24.185884536457458,2,5221,sum,shift_l2,0
701424,24.17952630631887,1,5222,sum,shift_l2,0
746317,24.178922016085394,2,5223,sum,shift_l2,0
35172,24.1765383979168,1,5224,sum,shift_l2,0
197888,24.175839040671914,1,5225,sum,shift_l2,0
344423,24.166278056460506,1,5226,sum,shift_l2,0
38660,24.157470997391165,1,5227,sum,shift_l2,0
40875,24.153276092106015,1,5228,sum,shift_l2,0
674166,24.151429425973102,1,5229,sum,shift_l2,0
960326,24.142631289034085,1,5230,sum,shift_l2,0
732370,24.139418231204168,1,5231,sum,shift_l2,0
327264,24.138362026898353,1,5232,sum,shift_l2,0
265675,24.130973898368683,1,5233,sum,shift_l2,0
571927,24.129694719983437,1,5234,sum,shift_l2,0
68136,24.125389092712624,1,5235,sum,shift_l2,0
154122,24.120969421023673,1,5236,sum,shift_l2,0
513464,24.114501505458797,2,5237,sum,shift_l2,0
325713,24.11199089775175,1,5238,sum,shift_l2,0
162901,24.109986391347586,1,5239,sum,shift_l2,0
541626,24.10778787634691,1,5240,sum,shift_l2,0
52601,24.091218458826862,1,5241,sum,shift_l2,0
485067,24.085918903948205,1,5242,sum,shift_l2,0
782234,24.085433874558557,1,5243,sum,shift_l2,0
412861,24.081780972223843,1,5244,sum,shift_l2,0
644770,24.080592884261915,1,5245,sum,shift_l2,0
511140,24.07920576678952,1,5246,sum,shift_l2,0
554477,24.071413836719476,2,5247,sum,shift_l2,0
678487,24.064513287087472,1,5248,sum,shift_l2,0
572176,24.060409265924903,1,5249,sum,shift_l2,0
412373,24.046282886380652,1,5250,sum,shift_l2,0
354759,24.04230396549917,1,5251,sum,shift_l2,0
430251,24.041845042630655,1,5252,sum,shift_l2,0
293866,24.04092132838758,1,5253,sum,shift_l2,0
382616,24.03937739799812,1,5254,sum,shift_l2,0
155572,24.03779524138075,1,5255,sum,shift_l2,0
386288,24.036749797484372,1,5256,sum,shift_l2,0
23447,24.020924368968423,1,5257,sum,shift_l2,0
605750,24.018161855505976,1,5258,sum,shift_l2,0
308431,24.018081677838683,1,5259,sum,shift_l2,0
722627,24.016291864122724,1,5260,sum,shift_l2,0
882310,24.01546733027667,1,5261,sum,shift_l2,0
908547,24.01428357499869,1,5262,sum,shift_l2,0
530613,24.0121496063531,1,5263,sum,shift_l2,0
692859,24.009248364107748,1,5264,sum,shift_l2,0
54476,23.999341320347334,1,5265,sum,shift_l2,0
281555,23.999244386408566,1,5266,sum,shift_l2,0
369653,23.998167629198388,1,5267,sum,shift_l2,0
523411,23.99791085729917,1,5268,sum,shift_l2,0
547166,23.99623061952741,1,5269,sum,shift_l2,0
46797,23.995529988644936,1,5270,sum,shift_l2,0
833034,23.994685959799867,1,5271,sum,shift_l2,0
949702,23.99194643154576,1,5272,sum,shift_l2,0
144439,23.988914476484773,1,5273,sum,shift_l2,0
265249,23.9777993477963,2,5274,sum,shift_l2,0
843837,23.971144890180657,1,5275,sum,shift_l2,0
523924,23.97017437834309,1,5276,sum,shift_l2,0
93274,23.96858057392271,1,5277,sum,shift_l2,0
917167,23.968342498147667,1,5278,sum,shift_l2,0
129117,23.964133061889026,1,5279,sum,shift_l2,0
352307,23.96375965732689,1,5280,sum,shift_l2,0
342671,23.96241238175519,1,5281,sum,shift_l2,0
205898,23.962044436596738,1,5282,sum,shift_l2,0
548327,23.961285930747618,1,5283,sum,shift_l2,0
893895,23.959605915940003,1,5284,sum,shift_l2,0
581135,23.95479688862875,1,5285,sum,shift_l2,0
632350,23.954228621839384,1,5286,sum,shift_l2,0
35899,23.951618439959752,2,5287,sum,shift_l2,0
444907,23.948110568819573,1,5288,sum,shift_l2,0
371703,23.948014396753933,1,5289,sum,shift_l2,0
723073,23.944643564609322,1,5290,sum,shift_l2,0
559661,23.942871787560897,1,5291,sum,shift_l2,0
483529,23.94230948437789,1,5292,sum,shift_l2,0
287322,23.93773328255314,1,5293,sum,shift_l2,0
459304,23.935689097713485,1,5294,sum,shift_l2,0
511594,23.93354831209038,2,5295,sum,shift_l2,0
140481,23.930946843989002,1,5296,sum,shift_l2,0
231555,23.92423925572003,1,5297,sum,shift_l2,0
17932,23.923344229434424,1,5298,sum,shift_l2,0
233787,23.921964858248764,1,5299,sum,shift_l2,0
147882,23.914214435992683,1,5300,sum,shift_l2,0
43343,23.911273918084536,1,5301,sum,shift_l2,0
175963,23.90807979181072,1,5302,sum,shift_l2,0
16149,23.902255729904685,1,5303,sum,shift_l2,0
615440,23.897742234014316,1,5304,sum,shift_l2,0
248801,23.892051970719116,1,5305,sum,shift_l2,0
736287,23.891540552724514,1,5306,sum,shift_l2,0
499797,23.891490389165867,1,5307,sum,shift_l2,0
450008,23.886472807631407,1,5308,sum,shift_l2,0
185075,23.883683553661573,1,5309,sum,shift_l2,0
960016,23.881935452190497,2,5310,sum,shift_l2,0
531239,23.881044556564927,1,5311,sum,shift_l2,0
566247,23.87772430232967,1,5312,sum,shift_l2,0
514629,23.87278516380406,1,5313,sum,shift_l2,0
96580,23.870302748490346,2,5314,sum,shift_l2,0
871810,23.868062740337898,1,5315,sum,shift_l2,0
304755,23.86704796222027,1,5316,sum,shift_l2,0
595296,23.86529776659406,1,5317,sum,shift_l2,0
835057,23.864698218449828,1,5318,sum,shift_l2,0
470959,23.856306867848488,1,5319,sum,shift_l2,0
322225,23.85477475167508,1,5320,sum,shift_l2,0
712441,23.84370852986124,1,5321,sum,shift_l2,0
899697,23.835911429437108,1,5322,sum,shift_l2,0
658734,23.835809577804962,1,5323,sum,shift_l2,0
16577,23.835718199041082,1,5324,sum,shift_l2,0
771921,23.835512879503767,1,5325,sum,shift_l2,0
533675,23.83318250104473,1,5326,sum,shift_l2,0
932148,23.832957134204108,1,5327,sum,shift_l2,0
621022,23.826528553140463,1,5328,sum,shift_l2,0
939935,23.82154539515566,1,5329,sum,shift_l2,0
487350,23.819577150524058,1,5330,sum,shift_l2,0
589356,23.816727517334563,1,5331,sum,shift_l2,0
422849,23.813035701280757,1,5332,sum,shift_l2,0
20103,23.812949416637405,1,5333,sum,shift_l2,0
486033,23.81114341621697,1,5334,sum,shift_l2,0
775188,23.810363219704755,1,5335,sum,shift_l2,0
360692,23.79522823767825,1,5336,sum,shift_l2,0
88814,23.79515263143766,1,5337,sum,shift_l2,0
93982,23.79470103461594,1,5338,sum,shift_l2,0
457688,23.784548080123376,1,5339,sum,shift_l2,0
157610,23.7775063354486,1,5340,sum,shift_l2,0
991698,23.776403168027908,1,5341,sum,shift_l2,0
648534,23.773780780149934,1,5342,sum,shift_l2,0
380111,23.770924244802178,1,5343,sum,shift_l2,0
916126,23.767925092848568,1,5344,sum,shift_l2,0
688642,23.764722195045078,1,5345,sum,shift_l2,0
115174,23.755874097058484,1,5346,sum,shift_l2,0
468164,23.75229133930033,1,5347,sum,shift_l2,0
327545,23.749337765194454,1,5348,sum,shift_l2,0
151530,23.74671020529794,1,5349,sum,shift_l2,0
835829,23.740075504060997,1,5350,sum,shift_l2,0
419831,23.739488869197736,1,5351,sum,shift_l2,0
532419,23.73631439048812,1,5352,sum,shift_l2,0
91677,23.732888511760645,1,5353,sum,shift_l2,0
70037,23.729018624259172,1,5354,sum,shift_l2,0
119994,23.72852031924849,1,5355,sum,shift_l2,0
765979,23.726597242225335,1,5356,sum,shift_l2,0
23374,23.72489783882129,1,5357,sum,shift_l2,0
362124,23.723257550304638,1,5358,sum,shift_l2,0
653786,23.72317198841311,1,5359,sum,shift_l2,0
295463,23.722413677843043,2,5360,sum,shift_l2,0
801134,23.72147896964975,1,5361,sum,shift_l2,0
660237,23.71203831415024,1,5362,sum,shift_l2,0
915010,23.709728005145656,1,5363,sum,shift_l2,0
23713,23.708052397167833,1,5364,sum,shift_l2,0
905332,23.707037024993834,1,5365,sum,shift_l2,0
493711,23.702158953897122,1,5366,sum,shift_l2,0
66459,23.698723486271412,1,5367,sum,shift_l2,0
267465,23.69248982375272,1,5368,sum,shift_l2,0
298516,23.690694211437282,1,5369,sum,shift_l2,0
545481,23.69030707199728,1,5370,sum,shift_l2,0
914632,23.689710228353146,1,5371,sum,shift_l2,0
83525,23.68684680818965,1,5372,sum,shift_l2,0
253829,23.686543626076762,1,5373,sum,shift_l2,0
541840,23.68604902388649,1,5374,sum,shift_l2,0
76552,23.685549096462406,1,5375,sum,shift_l2,0
339614,23.682521983224962,1,5376,sum,shift_l2,0
110894,23.68226499701225,1,5377,sum,shift_l2,0
422011,23.67948526341452,1,5378,sum,shift_l2,0
261030,23.678799756009816,1,5379,sum,shift_l2,0
883258,23.678242690084126,1,5380,sum,shift_l2,0
822901,23.677965425364444,1,5381,sum,shift_l2,0
829891,23.6648814222643,1,5382,sum,shift_l2,0
716016,23.663678196706478,1,5383,sum,shift_l2,0
601270,23.663654355327697,1,5384,sum,shift_l2,0
238951,23.663317780668724,1,5385,sum,shift_l2,0
479243,23.658475880968957,1,5386,sum,shift_l2,0
864410,23.655520287305958,1,5387,sum,shift_l2,0
468638,23.652159459302275,1,5388,sum,shift_l2,0
332467,23.650999127511664,1,5389,sum,shift_l2,0
308279,23.648919609003062,1,5390,sum,shift_l2,0
67745,23.644502533439773,1,5391,sum,shift_l2,0
637000,23.644283522177346,1,5392,sum,shift_l2,0
365610,23.640918022786625,1,5393,sum,shift_l2,0
551829,23.638434626702526,1,5394,sum,shift_l2,0
388419,23.63107918201091,1,5395,sum,shift_l2,0
462790,23.626292626244116,1,5396,sum,shift_l2,0
363931,23.626118207808226,1,5397,sum,shift_l2,0
199218,23.62460631540283,1,5398,sum,shift_l2,0
267610,23.623701610131015,2,5399,sum,shift_l2,0
548040,23.62257376741221,1,5400,sum,shift_l2,0
129300,23.621255292747616,1,5401,sum,shift_l2,0
547506,23.617891659866448,1,5402,sum,shift_l2,0
711660,23.611409052204333,2,5403,sum,shift_l2,0
659168,23.611127358868824,1,5404,sum,shift_l2,0
884796,23.608833819980987,1,5405,sum,shift_l2,0
678468,23.605637817236254,1,5406,sum,shift_l2,0
439374,23.590952237341444,1,5407,sum,shift_l2,0
144403,23.58545604370302,1,5408,sum,shift_l2,0
802521,23.582702264892866,1,5409,sum,shift_l2,0
673147,23.58224579483311,1,5410,sum,shift_l2,0
441878,23.581612475983505,1,5411,sum,shift_l2,0
871636,23.581476793463622,1,5412,sum,shift_l2,0
58407,23.57589936849364,1,5413,sum,shift_l2,0
197402,23.572645723265016,2,5414,sum,shift_l2,0
637246,23.569052395849077,1,5415,sum,shift_l2,0
985239,23.56471805997806,1,5416,sum,shift_l2,0
990527,23.554036047460144,1,5417,sum,shift_l2,0
905079,23.5528284528863,1,5418,sum,shift_l2,0
372153,23.548434750940178,1,5419,sum,shift_l2,0
631436,23.546727919870325,1,5420,sum,shift_l2,0
915972,23.541223643231216,1,5421,sum,shift_l2,0
114919,23.541179214825412,1,5422,sum,shift_l2,0
179686,23.53727511569392,1,5423,sum,shift_l2,0
584986,23.536857605067254,1,5424,sum,shift_l2,0
746520,23.5334329223587,1,5425,sum,shift_l2,0
167643,23.527890142168065,1,5426,sum,shift_l2,0
402256,23.526971694652673,1,5427,sum,shift_l2,0
181494,23.526868811818666,1,5428,sum,shift_l2,0
299145,23.522946202136314,1,5429,sum,shift_l2,0
101229,23.520975136162395,1,5430,sum,shift_l2,0
74589,23.50387923105133,1,5431,sum,shift_l2,0
874326,23.50144143961495,1,5432,sum,shift_l2,0
139019,23.49585388972384,1,5433,sum,shift_l2,0
236195,23.489649827594718,1,5434,sum,shift_l2,0
53800,23.489249889521364,1,5435,sum,shift_l2,0
200181,23.487204766110786,1,5436,sum,shift_l2,0
745358,23.486399573390216,1,5437,sum,shift_l2,0
65585,23.484999865680795,1,5438,sum,shift_l2,0
225743,23.477975337608246,1,5439,sum,shift_l2,0
369827,23.477286934699304,1,5440,sum,shift_l2,0
273810,23.47469980174137,1,5441,sum,shift_l2,0
999630,23.47435801297654,1,5442,sum,shift_l2,0
135835,23.470553539420965,1,5443,sum,shift_l2,0
409341,23.463561767334713,1,5444,sum,shift_l2,0
865569,23.463495530276695,1,5445,sum,shift_l2,0
487619,23.451609511513553,1,5446,sum,shift_l2,0
298842,23.444809970116758,1,5447,sum,shift_l2,0
562286,23.441800318960357,1,5448,sum,shift_l2,0
776566,23.435072385828146,1,5449,sum,shift_l2,0
907399,23.43432278822786,1,5450,sum,shift_l2,0
90857,23.42888046410556,1,5451,sum,shift_l2,0
478882,23.42612755921305,1,5452,sum,shift_l2,0
438296,23.425754303981442,1,5453,sum,shift_l2,0
767127,23.41523705749051,1,5454,sum,shift_l2,0
974779,23.411799453267893,1,5455,sum,shift_l2,0
621012,23.392295390395795,1,5456,sum,shift_l2,0
299136,23.38852029328473,1,5457,sum,shift_l2,0
885650,23.378147220261848,1,5458,sum,shift_l2,0
9811,23.369347291401777,1,5459,sum,shift_l2,0
290813,23.35516849538217,1,5460,sum,shift_l2,0
883620,23.349648917145604,1,5461,sum,shift_l2,0
240843,23.34588128873431,2,5462,sum,shift_l2,0
753492,23.34390739950164,1,5463,sum,shift_l2,0
923668,23.34367906854793,1,5464,sum,shift_l2,0
324937,23.33553669430819,1,5465,sum,shift_l2,0
610554,23.334549887770475,1,5466,sum,shift_l2,0
690365,23.33154555189447,1,5467,sum,shift_l2,0
821413,23.330997981565588,1,5468,sum,shift_l2,0
559966,23.32364393449391,1,5469,sum,shift_l2,0
190704,23.323453520380735,1,5470,sum,shift_l2,0
208201,23.322831489746324,1,5471,sum,shift_l2,0
515270,23.320416147383515,1,5472,sum,shift_l2,0
619697,23.318104515506406,2,5473,sum,shift_l2,0
208223,23.31710306292106,1,5474,sum,shift_l2,0
490672,23.316950245553212,1,5475,sum,shift_l2,0
798516,23.316797211114245,1,5476,sum,shift_l2,0
234075,23.313257722329297,1,5477,sum,shift_l2,0
167188,23.312163744364085,1,5478,sum,shift_l2,0
885664,23.309348304376293,2,5479,sum,shift_l2,0
270971,23.307713208335937,1,5480,sum,shift_l2,0
10336,23.303514789000193,1,5481,sum,shift_l2,0
879987,23.28949739661682,2,5482,sum,shift_l2,0
799662,23.28570954314183,1,5483,sum,shift_l2,0
632336,23.285333856844133,1,5484,sum,shift_l2,0
123912,23.28186915198722,1,5485,sum,shift_l2,0
899888,23.265165632434897,1,5486,sum,shift_l2,0
813260,23.264506368978413,2,5487,sum,shift_l2,0
475140,23.264217104569404,2,5488,sum,shift_l2,0
732409,23.25392120195003,1,5489,sum,shift_l2,0
172283,23.245022743318447,1,5490,sum,shift_l2,0
131529,23.244987554917696,1,5491,sum,shift_l2,0
94624,23.243396525992296,1,5492,sum,shift_l2,0
135109,23.242230613543526,1,5493,sum,shift_l2,0
889247,23.24018258920495,1,5494,sum,shift_l2,0
608465,23.23269630200918,1,5495,sum,shift_l2,0
60923,23.22435936516928,1,5496,sum,shift_l2,0
278026,23.216968347978362,1,5497,sum,shift_l2,0
464152,23.21501229803628,1,5498,sum,shift_l2,0
641644,23.214318317687816,1,5499,sum,shift_l2,0
792983,23.21218725886046,1,5500,sum,shift_l2,0
772936,23.206574763197075,1,5501,sum,shift_l2,0
542006,23.19975241209825,1,5502,sum,shift_l2,0
692755,23.19846630773774,1,5503,sum,shift_l2,0
583206,23.19815325899404,1,5504,sum,shift_l2,0
924291,23.197280447118107,1,5505,sum,shift_l2,0
272407,23.19715004588458,1,5506,sum,shift_l2,0
115356,23.19691734778393,1,5507,sum,shift_l2,0
948508,23.185215587811886,1,5508,sum,shift_l2,0
416307,23.184945945278834,1,5509,sum,shift_l2,0
935880,23.18094853458495,1,5510,sum,shift_l2,0
383341,23.173329762793234,1,5511,sum,shift_l2,0
547654,23.169741121655722,1,5512,sum,shift_l2,0
932240,23.16888062779393,1,5513,sum,shift_l2,0
748207,23.166054677189006,1,5514,sum,shift_l2,0
312894,23.163946596914393,1,5515,sum,shift_l2,0
906871,23.15299754862575,1,5516,sum,shift_l2,0
438387,23.15209305019892,1,5517,sum,shift_l2,0
302000,23.15123878791968,1,5518,sum,shift_l2,0
115171,23.15031613545374,1,5519,sum,shift_l2,0
808094,23.14125984253458,1,5520,sum,shift_l2,0
761417,23.133558488855396,1,5521,sum,shift_l2,0
841791,23.128550878404813,1,5522,sum,shift_l2,0
643611,23.12464971444449,1,5523,sum,shift_l2,0
409227,23.124072766138493,1,5524,sum,shift_l2,0
793869,23.122785756986556,1,5525,sum,shift_l2,0
853408,23.117999530344953,1,5526,sum,shift_l2,0
380487,23.11276986103992,1,5527,sum,shift_l2,0
615995,23.096321885938966,1,5528,sum,shift_l2,0
389131,23.082867536482233,1,5529,sum,shift_l2,0
258168,23.082768949908964,1,5530,sum,shift_l2,0
499970,23.07878638567749,1,5531,sum,shift_l2,0
221823,23.07629761406374,1,5532,sum,shift_l2,0
6125,23.072387279270167,1,5533,sum,shift_l2,0
601793,23.066736348712965,2,5534,sum,shift_l2,0
455711,23.061340767163074,1,5535,sum,shift_l2,0
664014,23.05733942149828,1,5536,sum,shift_l2,0
225744,23.055016804009053,1,5537,sum,shift_l2,0
109093,23.053581476468768,1,5538,sum,shift_l2,0
572744,23.05150006522827,1,5539,sum,shift_l2,0
554409,23.05002318012119,1,5540,sum,shift_l2,0
745884,23.04558043849696,1,5541,sum,shift_l2,0
524270,23.038315259933395,1,5542,sum,shift_l2,0
146277,23.02586589073181,1,5543,sum,shift_l2,0
286055,23.012854538774487,1,5544,sum,shift_l2,0
465113,23.009586517664207,1,5545,sum,shift_l2,0
5151,23.004827059895717,1,5546,sum,shift_l2,0
440749,23.002913914305193,1,5547,sum,shift_l2,0
90953,23.002587262041054,1,5548,sum,shift_l2,0
779838,23.000684481092545,1,5549,sum,shift_l2,0
327565,22.99396520622216,1,5550,sum,shift_l2,0
919451,22.98811760150748,2,5551,sum,shift_l2,0
342129,22.98579320226804,1,5552,sum,shift_l2,0
970490,22.982070464574676,1,5553,sum,shift_l2,0
883432,22.980538308964757,1,5554,sum,shift_l2,0
991537,22.97764512983657,1,5555,sum,shift_l2,0
451076,22.97123606330917,1,5556,sum,shift_l2,0
142080,22.971177771302084,1,5557,sum,shift_l2,0
507145,22.965849469311557,1,5558,sum,shift_l2,0
227105,22.965395587645908,1,5559,sum,shift_l2,0
556733,22.960032641077227,1,5560,sum,shift_l2,0
70762,22.950148708146056,1,5561,sum,shift_l2,0
162543,22.94624789731158,1,5562,sum,shift_l2,0
43494,22.94149391805618,1,5563,sum,shift_l2,0
466098,22.941016344110274,2,5564,sum,shift_l2,0
266304,22.939616358458757,1,5565,sum,shift_l2,0
553250,22.938137109939298,1,5566,sum,shift_l2,0
595456,22.936240811847767,1,5567,sum,shift_l2,0
372577,22.9343869945101,1,5568,sum,shift_l2,0
30563,22.934278382604933,1,5569,sum,shift_l2,0
27038,22.93396390032947,1,5570,sum,shift_l2,0
420781,22.928854966597736,1,5571,sum,shift_l2,0
512019,22.915701906288177,1,5572,sum,shift_l2,0
66975,22.909339278658557,1,5573,sum,shift_l2,0
266447,22.903194464284976,1,5574,sum,shift_l2,0
422276,22.902728557179678,1,5575,sum,shift_l2,0
400040,22.90091626935349,1,5576,sum,shift_l2,0
84401,22.89921176858858,1,5577,sum,shift_l2,0
570407,22.89477454956036,1,5578,sum,shift_l2,0
903345,22.8927211536352,1,5579,sum,shift_l2,0
681448,22.89012473087704,1,5580,sum,shift_l2,0
942602,22.881007105915458,1,5581,sum,shift_l2,0
50169,22.878669517045026,1,5582,sum,shift_l2,0
529212,22.869916926388893,1,5583,sum,shift_l2,0
297783,22.868529163718943,1,5584,sum,shift_l2,0
978542,22.86485240875099,1,5585,sum,shift_l2,0
436062,22.863707033651306,1,5586,sum,shift_l2,0
778847,22.85290754294101,1,5587,sum,shift_l2,0
267611,22.851360924455967,1,5588,sum,shift_l2,0
881297,22.85059678056831,1,5589,sum,shift_l2,0
731120,22.847774739754712,2,5590,sum,shift_l2,0
4224,22.83677175267811,1,5591,sum,shift_l2,0
210795,22.83385677606335,1,5592,sum,shift_l2,0
753716,22.83123614138786,1,5593,sum,shift_l2,0
292166,22.829530879916064,1,5594,sum,shift_l2,0
181480,22.82601164750735,2,5595,sum,shift_l2,0
409524,22.825848072549604,1,5596,sum,shift_l2,0
55084,22.825079910048473,1,5597,sum,shift_l2,0
868528,22.823703032014976,1,5598,sum,shift_l2,0
618320,22.819142505820952,1,5599,sum,shift_l2,0
274746,22.817393569041098,1,5600,sum,shift_l2,0
530220,22.81662174520506,1,5601,sum,shift_l2,0
697937,22.801911009697754,1,5602,sum,shift_l2,0
268647,22.801517396394736,1,5603,sum,shift_l2,0
198056,22.798406617182412,1,5604,sum,shift_l2,0
552973,22.796381999525128,1,5605,sum,shift_l2,0
900865,22.78950927522922,1,5606,sum,shift_l2,0
71354,22.78838272008423,1,5607,sum,shift_l2,0
122143,22.78770438264322,1,5608,sum,shift_l2,0
936882,22.778699350706916,1,5609,sum,shift_l2,0
894320,22.774514998437237,1,5610,sum,shift_l2,0
595966,22.77311877960298,2,5611,sum,shift_l2,0
539669,22.76797457949883,1,5612,sum,shift_l2,0
769122,22.766103948513017,1,5613,sum,shift_l2,0
237253,22.753699361629632,1,5614,sum,shift_l2,0
926337,22.751001803555493,1,5615,sum,shift_l2,0
213688,22.746878475130963,1,5616,sum,shift_l2,0
373136,22.74586441796481,1,5617,sum,shift_l2,0
382650,22.744710554543765,1,5618,sum,shift_l2,0
947382,22.74319790516799,1,5619,sum,shift_l2,0
170154,22.740808970271523,1,5620,sum,shift_l2,0
734887,22.740631157935074,1,5621,sum,shift_l2,0
925991,22.739966211297574,1,5622,sum,shift_l2,0
851968,22.730674751787838,1,5623,sum,shift_l2,0
752856,22.730609885019174,1,5624,sum,shift_l2,0
265979,22.724993805149733,1,5625,sum,shift_l2,0
971936,22.72457412949732,1,5626,sum,shift_l2,0
205552,22.714025346878042,1,5627,sum,shift_l2,0
344690,22.70920021048579,1,5628,sum,shift_l2,0
263978,22.70916728902482,1,5629,sum,shift_l2,0
566396,22.707175716403448,2,5630,sum,shift_l2,0
231548,22.706552888173533,1,5631,sum,shift_l2,0
197400,22.706552184150738,1,5632,sum,shift_l2,0
534828,22.705713600973077,1,5633,sum,shift_l2,0
256940,22.703412736372677,1,5634,sum,shift_l2,0
741234,22.702742233072307,1,5635,sum,shift_l2,0
850895,22.699449799327322,1,5636,sum,shift_l2,0
95599,22.696085041244796,1,5637,sum,shift_l2,0
687253,22.696030206374154,1,5638,sum,shift_l2,0
933306,22.693755404283635,2,5639,sum,shift_l2,0
774392,22.692025904409014,1,5640,sum,shift_l2,0
711882,22.688236870856574,1,5641,sum,shift_l2,0
388458,22.684356871670946,1,5642,sum,shift_l2,0
236909,22.682201144488626,1,5643,sum,shift_l2,0
835980,22.67722163415887,1,5644,sum,shift_l2,0
654946,22.674709289356713,1,5645,sum,shift_l2,0
265248,22.671479015164476,1,5646,sum,shift_l2,0
229227,22.667073108762366,2,5647,sum,shift_l2,0
752327,22.666540830309877,1,5648,sum,shift_l2,0
826919,22.65899211359263,1,5649,sum,shift_l2,0
424600,22.65803369014009,1,5650,sum,shift_l2,0
179685,22.65444514086439,2,5651,sum,shift_l2,0
888281,22.654142811197072,1,5652,sum,shift_l2,0
669629,22.653858001149864,1,5653,sum,shift_l2,0
19329,22.64854307973208,1,5654,sum,shift_l2,0
855970,22.646198226360237,1,5655,sum,shift_l2,0
954503,22.643795155993804,1,5656,sum,shift_l2,0
52512,22.643311203410597,1,5657,sum,shift_l2,0
621246,22.642199315067337,2,5658,sum,shift_l2,0
748191,22.638030213384734,1,5659,sum,shift_l2,0
144437,22.635581934863843,1,5660,sum,shift_l2,0
114193,22.634589753789072,2,5661,sum,shift_l2,0
710190,22.62945579511544,1,5662,sum,shift_l2,0
665016,22.6232122732165,1,5663,sum,shift_l2,0
167636,22.61404816759624,1,5664,sum,shift_l2,0
717272,22.611738350878266,1,5665,sum,shift_l2,0
459297,22.610617419319336,1,5666,sum,shift_l2,0
672150,22.609050321420696,1,5667,sum,shift_l2,0
365176,22.593519465169564,2,5668,sum,shift_l2,0
768304,22.59031770496274,1,5669,sum,shift_l2,0
619694,22.579813409683496,1,5670,sum,shift_l2,0
524372,22.570289376603284,2,5671,sum,shift_l2,0
454480,22.565972994979354,1,5672,sum,shift_l2,0
455369,22.56492105917814,1,5673,sum,shift_l2,0
286894,22.554183958930462,1,5674,sum,shift_l2,0
869383,22.552494654270923,2,5675,sum,shift_l2,0
699995,22.54911035819891,1,5676,sum,shift_l2,0
335951,22.535587023794232,1,5677,sum,shift_l2,0
620389,22.528501816679995,1,5678,sum,shift_l2,0
935273,22.526606226817897,1,5679,sum,shift_l2,0
7714,22.525146528437716,1,5680,sum,shift_l2,0
234604,22.524408686997965,1,5681,sum,shift_l2,0
687241,22.518332449776285,1,5682,sum,shift_l2,0
670351,22.517238579808502,1,5683,sum,shift_l2,0
625629,22.516314108516884,1,5684,sum,shift_l2,0
530092,22.514562176947233,1,5685,sum,shift_l2,0
969419,22.51452570363024,2,5686,sum,shift_l2,0
719412,22.51263083601161,2,5687,sum,shift_l2,0
136160,22.505669093655207,1,5688,sum,shift_l2,0
541625,22.500771622130333,1,5689,sum,shift_l2,0
290815,22.497689391496834,1,5690,sum,shift_l2,0
380715,22.49603405844404,1,5691,sum,shift_l2,0
658004,22.49226777988169,1,5692,sum,shift_l2,0
864839,22.490293279769343,1,5693,sum,shift_l2,0
860101,22.48588161628003,1,5694,sum,shift_l2,0
818401,22.481423700267438,1,5695,sum,shift_l2,0
720664,22.476700910498483,1,5696,sum,shift_l2,0
442060,22.472063049294363,1,5697,sum,shift_l2,0
212224,22.464733738068855,1,5698,sum,shift_l2,0
163721,22.46241803244117,1,5699,sum,shift_l2,0
935912,22.460651360379728,2,5700,sum,shift_l2,0
49027,22.458753142053673,1,5701,sum,shift_l2,0
816751,22.45775204480193,1,5702,sum,shift_l2,0
842768,22.45190697784882,1,5703,sum,shift_l2,0
856258,22.449137631195313,1,5704,sum,shift_l2,0
32847,22.447606712646152,1,5705,sum,shift_l2,0
630846,22.4468698593693,1,5706,sum,shift_l2,0
89944,22.44653124249613,1,5707,sum,shift_l2,0
712809,22.442771151408742,1,5708,sum,shift_l2,0
901589,22.438387872160256,1,5709,sum,shift_l2,0
33563,22.43787519177499,1,5710,sum,shift_l2,0
546448,22.434031691398136,1,5711,sum,shift_l2,0
666851,22.431491911600798,1,5712,sum,shift_l2,0
276134,22.42928364242411,1,5713,sum,shift_l2,0
678489,22.423623740430042,1,5714,sum,shift_l2,0
933308,22.418192625205798,1,5715,sum,shift_l2,0
306631,22.417382371577688,1,5716,sum,shift_l2,0
969623,22.41273136941529,1,5717,sum,shift_l2,0
383665,22.411719497297536,1,5718,sum,shift_l2,0
962878,22.408761688919974,1,5719,sum,shift_l2,0
784664,22.403975400090594,1,5720,sum,shift_l2,0
556819,22.39992191028819,1,5721,sum,shift_l2,0
930623,22.39813851469313,2,5722,sum,shift_l2,0
571908,22.396732866795187,1,5723,sum,shift_l2,0
657042,22.395959308358062,1,5724,sum,shift_l2,0
432576,22.394100258932838,1,5725,sum,shift_l2,0
171034,22.39374210488935,1,5726,sum,shift_l2,0
714767,22.383056543841302,1,5727,sum,shift_l2,0
417035,22.37799781638438,1,5728,sum,shift_l2,0
932965,22.370195012604487,1,5729,sum,shift_l2,0
719142,22.367705195128327,1,5730,sum,shift_l2,0
777515,22.36557648213577,1,5731,sum,shift_l2,0
899251,22.361476846251744,2,5732,sum,shift_l2,0
951902,22.359260340524642,1,5733,sum,shift_l2,0
59574,22.355781443162538,1,5734,sum,shift_l2,0
908890,22.35539118766842,1,5735,sum,shift_l2,0
796709,22.346980683991557,1,5736,sum,shift_l2,0
285190,22.345596897185654,1,5737,sum,shift_l2,0
327548,22.34329398250852,1,5738,sum,shift_l2,0
510323,22.340759725956435,1,5739,sum,shift_l2,0
164342,22.339295890940036,1,5740,sum,shift_l2,0
37686,22.338003191786743,1,5741,sum,shift_l2,0
859217,22.33746667343649,1,5742,sum,shift_l2,0
359408,22.337003189246893,1,5743,sum,shift_l2,0
661679,22.32549795249821,1,5744,sum,shift_l2,0
236236,22.318062050556044,1,5745,sum,shift_l2,0
96796,22.317694293012796,1,5746,sum,shift_l2,0
171315,22.31259156975369,1,5747,sum,shift_l2,0
921937,22.305728899115127,1,5748,sum,shift_l2,0
903387,22.304893910703655,1,5749,sum,shift_l2,0
744722,22.299939696010547,1,5750,sum,shift_l2,0
619860,22.292833687002823,1,5751,sum,shift_l2,0
348462,22.288627972582884,1,5752,sum,shift_l2,0
878972,22.270999782815853,1,5753,sum,shift_l2,0
467475,22.26861294628298,1,5754,sum,shift_l2,0
79515,22.262793053146062,1,5755,sum,shift_l2,0
239884,22.255165857956623,1,5756,sum,shift_l2,0
274734,22.25349026302476,1,5757,sum,shift_l2,0
590649,22.246067805243,1,5758,sum,shift_l2,0
735863,22.243934995377828,1,5759,sum,shift_l2,0
695347,22.240854530774484,1,5760,sum,shift_l2,0
859744,22.234772938983195,1,5761,sum,shift_l2,0
136691,22.232049700286804,1,5762,sum,shift_l2,0
606914,22.22418519257571,2,5763,sum,shift_l2,0
481809,22.221959076875507,1,5764,sum,shift_l2,0
361699,22.21810681595683,2,5765,sum,shift_l2,0
789309,22.201831559877288,1,5766,sum,shift_l2,0
602124,22.198441452188824,1,5767,sum,shift_l2,0
664979,22.196988176283657,1,5768,sum,shift_l2,0
307269,22.196817330126745,1,5769,sum,shift_l2,0
692759,22.18993904960836,1,5770,sum,shift_l2,0
347317,22.18625067276933,2,5771,sum,shift_l2,0
582384,22.184237914671222,2,5772,sum,shift_l2,0
464938,22.183011523356974,2,5773,sum,shift_l2,0
660532,22.18277310058881,1,5774,sum,shift_l2,0
866987,22.17985109289951,1,5775,sum,shift_l2,0
827817,22.177037188263135,1,5776,sum,shift_l2,0
708011,22.170500561417313,1,5777,sum,shift_l2,0
591682,22.170365390208232,1,5778,sum,shift_l2,0
283392,22.165895596016615,1,5779,sum,shift_l2,0
17745,22.159554477397332,1,5780,sum,shift_l2,0
224145,22.152908782296233,1,5781,sum,shift_l2,0
922976,22.146859946930164,1,5782,sum,shift_l2,0
201160,22.144590541591942,1,5783,sum,shift_l2,0
590519,22.142691553743294,1,5784,sum,shift_l2,0
893155,22.141514280946062,1,5785,sum,shift_l2,0
160670,22.140052401395057,1,5786,sum,shift_l2,0
856617,22.135726434571048,1,5787,sum,shift_l2,0
803969,22.13054034743836,1,5788,sum,shift_l2,0
406577,22.12970701056431,1,5789,sum,shift_l2,0
119996,22.11912026836637,1,5790,sum,shift_l2,0
678833,22.116567674234464,1,5791,sum,shift_l2,0
949662,22.10898176115292,1,5792,sum,shift_l2,0
298946,22.108382764817375,1,5793,sum,shift_l2,0
595983,22.106972398975433,1,5794,sum,shift_l2,0
1367,22.105926452246845,1,5795,sum,shift_l2,0
830168,22.102232093815402,1,5796,sum,shift_l2,0
683393,22.09845872002559,1,5797,sum,shift_l2,0
20781,22.097259244483634,1,5798,sum,shift_l2,0
520889,22.09506909424207,1,5799,sum,shift_l2,0
384935,22.091641698252715,1,5800,sum,shift_l2,0
387079,22.090352947649915,1,5801,sum,shift_l2,0
580861,22.079907286427105,1,5802,sum,shift_l2,0
374634,22.073790409750842,1,5803,sum,shift_l2,0
366530,22.073593038496817,1,5804,sum,shift_l2,0
868321,22.07234991442887,1,5805,sum,shift_l2,0
632331,22.070223283502457,1,5806,sum,shift_l2,0
114081,22.069782626912666,1,5807,sum,shift_l2,0
749067,22.069129023878045,1,5808,sum,shift_l2,0
825760,22.069126631959513,1,5809,sum,shift_l2,0
158347,22.064506326533632,1,5810,sum,shift_l2,0
64043,22.061447179279646,2,5811,sum,shift_l2,0
103552,22.046505266955823,1,5812,sum,shift_l2,0
416510,22.04472635621342,1,5813,sum,shift_l2,0
469027,22.041445733717183,1,5814,sum,shift_l2,0
256141,22.03925672202764,1,5815,sum,shift_l2,0
613115,22.035959318786798,1,5816,sum,shift_l2,0
478098,22.031001188354875,1,5817,sum,shift_l2,0
848610,22.024959440997332,1,5818,sum,shift_l2,0
56517,22.02364816443193,1,5819,sum,shift_l2,0
909035,22.001315766839227,1,5820,sum,shift_l2,0
147154,21.99791112369347,1,5821,sum,shift_l2,0
823736,21.99489047391345,1,5822,sum,shift_l2,0
431239,21.990214526243538,1,5823,sum,shift_l2,0
425513,21.987332181064225,1,5824,sum,shift_l2,0
728927,21.985938964460242,1,5825,sum,shift_l2,0
218768,21.97913449604291,1,5826,sum,shift_l2,0
326383,21.97909529539373,1,5827,sum,shift_l2,0
892551,21.968779124097004,1,5828,sum,shift_l2,0
992848,21.953575919199345,1,5829,sum,shift_l2,0
310117,21.95134601842449,1,5830,sum,shift_l2,0
296619,21.950056258087574,1,5831,sum,shift_l2,0
87462,21.94491276592847,1,5832,sum,shift_l2,0
350786,21.943763890149427,1,5833,sum,shift_l2,0
36329,21.940390464197346,1,5834,sum,shift_l2,0
253521,21.93777674134901,2,5835,sum,shift_l2,0
197421,21.935885949891905,1,5836,sum,shift_l2,0
427839,21.93437827084097,1,5837,sum,shift_l2,0
114903,21.921891527777607,1,5838,sum,shift_l2,0
635835,21.918657144310576,1,5839,sum,shift_l2,0
218805,21.917780729314345,1,5840,sum,shift_l2,0
408082,21.91537047571545,1,5841,sum,shift_l2,0
12091,21.915172222951636,1,5842,sum,shift_l2,0
399931,21.91475038536812,1,5843,sum,shift_l2,0
284911,21.908697858100425,1,5844,sum,shift_l2,0
912032,21.907384175757183,1,5845,sum,shift_l2,0
389408,21.90372791824703,1,5846,sum,shift_l2,0
79486,21.900744842381012,1,5847,sum,shift_l2,0
806778,21.90011951978302,1,5848,sum,shift_l2,0
650941,21.899790417635007,2,5849,sum,shift_l2,0
920611,21.8981785612971,1,5850,sum,shift_l2,0
600334,21.889337470079223,1,5851,sum,shift_l2,0
169873,21.88081935795254,1,5852,sum,shift_l2,0
583189,21.874105812279513,1,5853,sum,shift_l2,0
494056,21.870756823513812,1,5854,sum,shift_l2,0
266414,21.869173677776942,1,5855,sum,shift_l2,0
358032,21.867126875458705,1,5856,sum,shift_l2,0
989335,21.859271046768743,1,5857,sum,shift_l2,0
770905,21.853125804376198,1,5858,sum,shift_l2,0
573215,21.852527487077076,1,5859,sum,shift_l2,0
920442,21.8506006210559,1,5860,sum,shift_l2,0
529749,21.848697155257348,1,5861,sum,shift_l2,0
161094,21.84390112122691,1,5862,sum,shift_l2,0
370020,21.843173213819124,1,5863,sum,shift_l2,0
599902,21.842977877602507,2,5864,sum,shift_l2,0
699384,21.83943958143674,1,5865,sum,shift_l2,0
472274,21.83911056586048,2,5866,sum,shift_l2,0
818255,21.837411530844754,2,5867,sum,shift_l2,0
951901,21.83728892544201,1,5868,sum,shift_l2,0
96311,21.836339546972408,1,5869,sum,shift_l2,0
111432,21.826792443245505,1,5870,sum,shift_l2,0
88172,21.82663068391614,1,5871,sum,shift_l2,0
194557,21.8156037727177,1,5872,sum,shift_l2,0
220918,21.815287715842565,1,5873,sum,shift_l2,0
294498,21.807438090349187,1,5874,sum,shift_l2,0
410063,21.80174450056631,1,5875,sum,shift_l2,0
842763,21.801446880843383,1,5876,sum,shift_l2,0
560822,21.792950862402613,1,5877,sum,shift_l2,0
397281,21.78570314524287,1,5878,sum,shift_l2,0
901590,21.784529779161772,1,5879,sum,shift_l2,0
232277,21.782469970591208,1,5880,sum,shift_l2,0
953866,21.781987495772274,1,5881,sum,shift_l2,0
676145,21.778057915210034,1,5882,sum,shift_l2,0
898361,21.775604487832094,2,5883,sum,shift_l2,0
848393,21.77309423743301,1,5884,sum,shift_l2,0
966124,21.770123218981585,1,5885,sum,shift_l2,0
748635,21.768596324471787,1,5886,sum,shift_l2,0
716012,21.767819705986724,1,5887,sum,shift_l2,0
7443,21.753401883624615,1,5888,sum,shift_l2,0
861541,21.75189267403157,1,5889,sum,shift_l2,0
476284,21.744529232623155,1,5890,sum,shift_l2,0
334970,21.726648232989987,1,5891,sum,shift_l2,0
203484,21.724171335694002,1,5892,sum,shift_l2,0
717304,21.71916751040532,1,5893,sum,shift_l2,0
135834,21.71775975068752,1,5894,sum,shift_l2,0
388422,21.697794620308052,2,5895,sum,shift_l2,0
632598,21.695939680940892,1,5896,sum,shift_l2,0
922204,21.693214845720053,1,5897,sum,shift_l2,0
749715,21.685152774446767,1,5898,sum,shift_l2,0
451080,21.67446217385182,1,5899,sum,shift_l2,0
919458,21.67318395499504,1,5900,sum,shift_l2,0
610402,21.65307390372067,1,5901,sum,shift_l2,0
357778,21.6523709150629,1,5902,sum,shift_l2,0
748642,21.651047499572787,1,5903,sum,shift_l2,0
548687,21.647887098809413,1,5904,sum,shift_l2,0
97489,21.646100601468554,1,5905,sum,shift_l2,0
262187,21.644023855800068,1,5906,sum,shift_l2,0
364732,21.64191186510167,1,5907,sum,shift_l2,0
840005,21.641309529598864,1,5908,sum,shift_l2,0
249017,21.62580497706778,2,5909,sum,shift_l2,0
672679,21.61754546604414,1,5910,sum,shift_l2,0
78202,21.613970302638215,1,5911,sum,shift_l2,0
46980,21.610838825576252,1,5912,sum,shift_l2,0
797482,21.601004848608447,1,5913,sum,shift_l2,0
996573,21.599028578580384,2,5914,sum,shift_l2,0
613399,21.59475642420219,1,5915,sum,shift_l2,0
16492,21.593227458460465,1,5916,sum,shift_l2,0
294334,21.58261794280765,1,5917,sum,shift_l2,0
325497,21.5819358167248,1,5918,sum,shift_l2,0
322344,21.580170834450865,1,5919,sum,shift_l2,0
822276,21.57921565624866,1,5920,sum,shift_l2,0
450717,21.574796685353093,1,5921,sum,shift_l2,0
837683,21.569159088698445,1,5922,sum,shift_l2,0
237270,21.56121840129152,1,5923,sum,shift_l2,0
78164,21.560986019153457,1,5924,sum,shift_l2,0
59774,21.560468988854605,1,5925,sum,shift_l2,0
97916,21.56014452261969,1,5926,sum,shift_l2,0
355451,21.559216952891976,1,5927,sum,shift_l2,0
482452,21.555155239916584,1,5928,sum,shift_l2,0
578884,21.554897262980916,1,5929,sum,shift_l2,0
144223,21.54618942542587,1,5930,sum,shift_l2,0
681956,21.545924719694153,1,5931,sum,shift_l2,0
756687,21.544532331222605,1,5932,sum,shift_l2,0
260169,21.54307193793123,2,5933,sum,shift_l2,0
409334,21.523593258656067,1,5934,sum,shift_l2,0
984095,21.522668174310567,1,5935,sum,shift_l2,0
977556,21.516653956674457,1,5936,sum,shift_l2,0
63487,21.515079165124543,1,5937,sum,shift_l2,0
310388,21.513745798343628,1,5938,sum,shift_l2,0
852248,21.508161740067592,1,5939,sum,shift_l2,0
840330,21.50187823467433,1,5940,sum,shift_l2,0
943860,21.498648391651244,1,5941,sum,shift_l2,0
903007,21.498139032747666,1,5942,sum,shift_l2,0
584364,21.496462580566778,1,5943,sum,shift_l2,0
19062,21.496243005580588,1,5944,sum,shift_l2,0
129496,21.495505702424406,1,5945,sum,shift_l2,0
740544,21.494659654958287,1,5946,sum,shift_l2,0
50274,21.483274486043562,1,5947,sum,shift_l2,0
922205,21.48286282910053,1,5948,sum,shift_l2,0
207306,21.479973495121325,1,5949,sum,shift_l2,0
385990,21.479848773506937,1,5950,sum,shift_l2,0
401201,21.47775325037272,1,5951,sum,shift_l2,0
561126,21.470246434237133,2,5952,sum,shift_l2,0
599168,21.46524741439801,1,5953,sum,shift_l2,0
161871,21.463516238283372,1,5954,sum,shift_l2,0
853259,21.462254485959637,1,5955,sum,shift_l2,0
253623,21.461640111388373,1,5956,sum,shift_l2,0
515117,21.460799770655484,1,5957,sum,shift_l2,0
564592,21.454989282491262,1,5958,sum,shift_l2,0
499524,21.45320835476253,1,5959,sum,shift_l2,0
502500,21.453197082300708,1,5960,sum,shift_l2,0
790024,21.45184059998408,1,5961,sum,shift_l2,0
67744,21.451753060324066,1,5962,sum,shift_l2,0
452328,21.439153832578807,1,5963,sum,shift_l2,0
993732,21.438044573379173,1,5964,sum,shift_l2,0
218804,21.437209376040514,1,5965,sum,shift_l2,0
452242,21.43216983495656,1,5966,sum,shift_l2,0
863243,21.42657088072978,1,5967,sum,shift_l2,0
445788,21.426348375267743,1,5968,sum,shift_l2,0
567570,21.426100573821902,1,5969,sum,shift_l2,0
791186,21.421770118543424,1,5970,sum,shift_l2,0
882265,21.420504302210343,1,5971,sum,shift_l2,0
752121,21.417289106304406,1,5972,sum,shift_l2,0
629667,21.413153199612353,1,5973,sum,shift_l2,0
423190,21.41303776327174,1,5974,sum,shift_l2,0
882696,21.412262363880902,1,5975,sum,shift_l2,0
219822,21.41197088069313,1,5976,sum,shift_l2,0
14148,21.410047418474754,1,5977,sum,shift_l2,0
309,21.40735748654726,1,5978,sum,shift_l2,0
725828,21.40431821155733,1,5979,sum,shift_l2,0
509162,21.40101612183241,1,5980,sum,shift_l2,0
880106,21.39998217964188,1,5981,sum,shift_l2,0
102757,21.398028118228623,1,5982,sum,shift_l2,0
582022,21.390298376864866,1,5983,sum,shift_l2,0
857780,21.38963182242016,1,5984,sum,shift_l2,0
65588,21.387102738473892,1,5985,sum,shift_l2,0
632866,21.38325499665285,1,5986,sum,shift_l2,0
138141,21.379004043288802,1,5987,sum,shift_l2,0
88628,21.377485545831885,1,5988,sum,shift_l2,0
774025,21.376028239149626,1,5989,sum,shift_l2,0
748636,21.37197324337864,1,5990,sum,shift_l2,0
468758,21.371049687375635,1,5991,sum,shift_l2,0
439707,21.36967272532958,1,5992,sum,shift_l2,0
79753,21.368207778931968,1,5993,sum,shift_l2,0
531504,21.367936412311405,1,5994,sum,shift_l2,0
148073,21.367538286635206,1,5995,sum,shift_l2,0
64113,21.367517276131508,1,5996,sum,shift_l2,0
507133,21.36695947886589,2,5997,sum,shift_l2,0
158343,21.365851605083314,1,5998,sum,shift_l2,0
78172,21.364301768982255,1,5999,sum,shift_l2,0
182746,21.35433019134178,1,6000,sum,shift_l2,0
217764,21.350690522420987,1,6001,sum,shift_l2,0
340815,21.34914272286978,1,6002,sum,shift_l2,0
748830,21.348244363590915,1,6003,sum,shift_l2,0
417660,21.34103059565595,1,6004,sum,shift_l2,0
451170,21.338707904351555,1,6005,sum,shift_l2,0
655588,21.327385353499476,1,6006,sum,shift_l2,0
165314,21.324958578120274,1,6007,sum,shift_l2,0
591765,21.317346499441133,1,6008,sum,shift_l2,0
178299,21.317181867571264,2,6009,sum,shift_l2,0
238435,21.31708871312107,1,6010,sum,shift_l2,0
726455,21.30740375518899,1,6011,sum,shift_l2,0
987906,21.305182180937237,1,6012,sum,shift_l2,0
683120,21.30320028931688,1,6013,sum,shift_l2,0
581311,21.299732726284173,1,6014,sum,shift_l2,0
98348,21.296947201706963,1,6015,sum,shift_l2,0
172201,21.294606039521273,2,6016,sum,shift_l2,0
774115,21.294441438164025,1,6017,sum,shift_l2,0
730089,21.283646369298417,1,6018,sum,shift_l2,0
631437,21.281656362052562,1,6019,sum,shift_l2,0
791545,21.27133802155297,2,6020,sum,shift_l2,0
691699,21.265118502929283,1,6021,sum,shift_l2,0
378672,21.25921148420498,2,6022,sum,shift_l2,0
624494,21.25461663874559,1,6023,sum,shift_l2,0
485058,21.246729343646688,1,6024,sum,shift_l2,0
417022,21.24588160397428,1,6025,sum,shift_l2,0
486027,21.24416150506101,1,6026,sum,shift_l2,0
541699,21.242742837535914,1,6027,sum,shift_l2,0
703230,21.24207303726307,1,6028,sum,shift_l2,0
354635,21.233824964690445,1,6029,sum,shift_l2,0
220129,21.220479857161088,1,6030,sum,shift_l2,0
845083,21.216779414593553,1,6031,sum,shift_l2,0
460504,21.216015931909798,1,6032,sum,shift_l2,0
353565,21.213556147494096,1,6033,sum,shift_l2,0
515504,21.212976604772194,1,6034,sum,shift_l2,0
814424,21.207606862325115,1,6035,sum,shift_l2,0
181784,21.206388752035856,1,6036,sum,shift_l2,0
385133,21.196575849102203,1,6037,sum,shift_l2,0
655681,21.19295215356959,1,6038,sum,shift_l2,0
235463,21.190529805375785,1,6039,sum,shift_l2,0
659167,21.183333666014143,1,6040,sum,shift_l2,0
643626,21.179429873371518,1,6041,sum,shift_l2,0
729940,21.177614507660582,1,6042,sum,shift_l2,0
130883,21.170037339668095,1,6043,sum,shift_l2,0
778403,21.166584727437975,1,6044,sum,shift_l2,0
250036,21.16601420969268,1,6045,sum,shift_l2,0
324511,21.16222960781183,1,6046,sum,shift_l2,0
521087,21.157547530581553,1,6047,sum,shift_l2,0
967099,21.157054062318196,1,6048,sum,shift_l2,0
268734,21.14317247399197,1,6049,sum,shift_l2,0
803441,21.13849937082594,1,6050,sum,shift_l2,0
351948,21.129306765670965,1,6051,sum,shift_l2,0
765895,21.125878837392058,1,6052,sum,shift_l2,0
970477,21.125597909267682,1,6053,sum,shift_l2,0
559060,21.12022155923114,1,6054,sum,shift_l2,0
506497,21.119888166111622,1,6055,sum,shift_l2,0
664802,21.119818404053284,1,6056,sum,shift_l2,0
683567,21.114708634615155,1,6057,sum,shift_l2,0
297695,21.113937856902417,1,6058,sum,shift_l2,0
9645,21.111199419282322,1,6059,sum,shift_l2,0
757974,21.11038393662212,1,6060,sum,shift_l2,0
662548,21.10890329308559,1,6061,sum,shift_l2,0
543155,21.105248331271483,1,6062,sum,shift_l2,0
69853,21.10493501703514,1,6063,sum,shift_l2,0
581504,21.102455172495866,1,6064,sum,shift_l2,0
980069,21.10099419427557,1,6065,sum,shift_l2,0
375837,21.09965493093251,1,6066,sum,shift_l2,0
973893,21.09667126717389,1,6067,sum,shift_l2,0
662649,21.093104168198515,1,6068,sum,shift_l2,0
486034,21.089673063154386,1,6069,sum,shift_l2,0
3620,21.08947366781671,1,6070,sum,shift_l2,0
744703,21.0881047389881,1,6071,sum,shift_l2,0
753998,21.08798280904496,1,6072,sum,shift_l2,0
815604,21.08058674126918,1,6073,sum,shift_l2,0
510858,21.07992934136646,1,6074,sum,shift_l2,0
211688,21.076108378684555,1,6075,sum,shift_l2,0
760300,21.07406450059535,1,6076,sum,shift_l2,0
129291,21.072824780228128,1,6077,sum,shift_l2,0
926250,21.069251060347653,1,6078,sum,shift_l2,0
504780,21.064881969963135,1,6079,sum,shift_l2,0
649869,21.061050527861156,1,6080,sum,shift_l2,0
193028,21.060609708758868,2,6081,sum,shift_l2,0
170005,21.058165161954886,1,6082,sum,shift_l2,0
977550,21.057654187671268,1,6083,sum,shift_l2,0
410389,21.049442781283286,1,6084,sum,shift_l2,0
173343,21.04731732107978,1,6085,sum,shift_l2,0
458033,21.046778701859647,1,6086,sum,shift_l2,0
290638,21.046210953305245,1,6087,sum,shift_l2,0
834541,21.034963098187006,1,6088,sum,shift_l2,0
351661,21.033890648645176,1,6089,sum,shift_l2,0
593664,21.03107376910259,1,6090,sum,shift_l2,0
953867,21.022360950742787,1,6091,sum,shift_l2,0
647548,21.021474224778338,1,6092,sum,shift_l2,0
33558,21.01846627187091,1,6093,sum,shift_l2,0
232710,21.016694029029583,1,6094,sum,shift_l2,0
966647,21.01388644381898,1,6095,sum,shift_l2,0
90842,21.011037712204278,1,6096,sum,shift_l2,0
454858,21.01019389548503,1,6097,sum,shift_l2,0
831330,21.008343185343737,1,6098,sum,shift_l2,0
274367,21.001310023218416,1,6099,sum,shift_l2,0
125845,20.997705713802212,1,6100,sum,shift_l2,0
353471,20.994508219795787,1,6101,sum,shift_l2,0
103280,20.99419018918606,1,6102,sum,shift_l2,0
909198,20.987357764566294,1,6103,sum,shift_l2,0
87666,20.984539311922585,1,6104,sum,shift_l2,0
644251,20.983742213302047,1,6105,sum,shift_l2,0
298496,20.980076849424762,1,6106,sum,shift_l2,0
427927,20.97818055387775,1,6107,sum,shift_l2,0
413023,20.977670186936823,1,6108,sum,shift_l2,0
282675,20.971957331546353,1,6109,sum,shift_l2,0
637517,20.96956698820958,1,6110,sum,shift_l2,0
688213,20.967326279643263,1,6111,sum,shift_l2,0
977463,20.967246584581034,1,6112,sum,shift_l2,0
881003,20.96707885387387,1,6113,sum,shift_l2,0
304794,20.96588183488975,1,6114,sum,shift_l2,0
222256,20.95364305539158,1,6115,sum,shift_l2,0
678921,20.947368855866628,2,6116,sum,shift_l2,0
472283,20.94628131129655,1,6117,sum,shift_l2,0
539392,20.942079407208418,1,6118,sum,shift_l2,0
803454,20.937689960883592,1,6119,sum,shift_l2,0
162816,20.92832748460794,1,6120,sum,shift_l2,0
719486,20.924677297602916,1,6121,sum,shift_l2,0
93431,20.92136544683494,1,6122,sum,shift_l2,0
37492,20.921036103365836,1,6123,sum,shift_l2,0
691594,20.918267692211707,1,6124,sum,shift_l2,0
905080,20.915953497177497,1,6125,sum,shift_l2,0
280781,20.908503913790838,1,6126,sum,shift_l2,0
357758,20.908398772594992,1,6127,sum,shift_l2,0
873162,20.905552503201843,1,6128,sum,shift_l2,0
319772,20.90499093176114,2,6129,sum,shift_l2,0
506837,20.900734525823708,1,6130,sum,shift_l2,0
706075,20.899992355851666,1,6131,sum,shift_l2,0
944285,20.898193624254425,1,6132,sum,shift_l2,0
3797,20.89183956827761,1,6133,sum,shift_l2,0
713983,20.888109567132453,1,6134,sum,shift_l2,0
456016,20.887723289481556,1,6135,sum,shift_l2,0
438391,20.88015342315143,1,6136,sum,shift_l2,0
601798,20.879572580078996,1,6137,sum,shift_l2,0
436264,20.876392467569573,2,6138,sum,shift_l2,0
498077,20.87450816319417,2,6139,sum,shift_l2,0
965842,20.87350964255348,1,6140,sum,shift_l2,0
267764,20.87335471981214,1,6141,sum,shift_l2,0
200605,20.871875164327786,1,6142,sum,shift_l2,0
947237,20.869202200542006,1,6143,sum,shift_l2,0
503498,20.866480992475,1,6144,sum,shift_l2,0
554135,20.863049140459168,1,6145,sum,shift_l2,0
183904,20.860445985880514,1,6146,sum,shift_l2,0
480109,20.85977522167906,1,6147,sum,shift_l2,0
773046,20.850610404647345,1,6148,sum,shift_l2,0
566634,20.8499754260138,1,6149,sum,shift_l2,0
848468,20.849755958228155,1,6150,sum,shift_l2,0
832464,20.84632877688641,1,6151,sum,shift_l2,0
684922,20.842777940816042,1,6152,sum,shift_l2,0
40878,20.84260690885732,1,6153,sum,shift_l2,0
883621,20.842365075457213,1,6154,sum,shift_l2,0
556736,20.84074171156468,1,6155,sum,shift_l2,0
339655,20.836129602539526,1,6156,sum,shift_l2,0
593360,20.83379093229145,1,6157,sum,shift_l2,0
929949,20.83028024119158,1,6158,sum,shift_l2,0
100954,20.829192958038423,1,6159,sum,shift_l2,0
916009,20.82621496328157,1,6160,sum,shift_l2,0
679119,20.82543393403535,1,6161,sum,shift_l2,0
98347,20.820931162739274,1,6162,sum,shift_l2,0
837382,20.82020385215064,1,6163,sum,shift_l2,0
869649,20.819013858940558,1,6164,sum,shift_l2,0
90986,20.818116007395304,1,6165,sum,shift_l2,0
478624,20.81774523349385,1,6166,sum,shift_l2,0
295647,20.81473160995593,1,6167,sum,shift_l2,0
647705,20.813987118073637,1,6168,sum,shift_l2,0
874048,20.813979528323788,1,6169,sum,shift_l2,0
852064,20.8038188671823,1,6170,sum,shift_l2,0
753488,20.80369339776769,1,6171,sum,shift_l2,0
387260,20.802809372737972,1,6172,sum,shift_l2,0
66547,20.80238372421376,1,6173,sum,shift_l2,0
594523,20.801559371016523,1,6174,sum,shift_l2,0
934559,20.799381984192717,1,6175,sum,shift_l2,0
740076,20.798798612800987,1,6176,sum,shift_l2,0
154896,20.79754005825891,1,6177,sum,shift_l2,0
397627,20.797113885043824,1,6178,sum,shift_l2,0
908819,20.796691286925498,1,6179,sum,shift_l2,0
205879,20.79275711643402,1,6180,sum,shift_l2,0
286075,20.78786401957146,1,6181,sum,shift_l2,0
594520,20.78782987524084,1,6182,sum,shift_l2,0
572731,20.786406145504234,1,6183,sum,shift_l2,0
731920,20.78575642731163,1,6184,sum,shift_l2,0
637816,20.783778503709097,1,6185,sum,shift_l2,0
202049,20.773414679021176,1,6186,sum,shift_l2,0
758361,20.76966079966643,1,6187,sum,shift_l2,0
376067,20.76911048150415,1,6188,sum,shift_l2,0
820595,20.768456547059547,1,6189,sum,shift_l2,0
100448,20.759554626783125,1,6190,sum,shift_l2,0
633510,20.750005215044315,1,6191,sum,shift_l2,0
801641,20.749045508844045,1,6192,sum,shift_l2,0
168838,20.74897409892347,1,6193,sum,shift_l2,0
39823,20.748860858639116,1,6194,sum,shift_l2,0
278459,20.74871990480608,1,6195,sum,shift_l2,0
683757,20.74531412517837,1,6196,sum,shift_l2,0
715133,20.743858657836736,1,6197,sum,shift_l2,0
956828,20.743496411165946,1,6198,sum,shift_l2,0
574767,20.740611429867126,1,6199,sum,shift_l2,0
565755,20.7379257239809,1,6200,sum,shift_l2,0
876458,20.736080510992785,1,6201,sum,shift_l2,0
141342,20.734486258938034,2,6202,sum,shift_l2,0
116420,20.734403000619622,1,6203,sum,shift_l2,0
416508,20.73329963737461,1,6204,sum,shift_l2,0
787698,20.730587290707156,1,6205,sum,shift_l2,0
837151,20.72903612766346,1,6206,sum,shift_l2,0
297332,20.728121327411486,1,6207,sum,shift_l2,0
988050,20.726841487563384,1,6208,sum,shift_l2,0
476769,20.723081583555498,1,6209,sum,shift_l2,0
773231,20.71661780058638,1,6210,sum,shift_l2,0
935548,20.716271956647223,1,6211,sum,shift_l2,0
225739,20.71601810636629,1,6212,sum,shift_l2,0
441439,20.713027395639468,1,6213,sum,shift_l2,0
483745,20.710258484112444,1,6214,sum,shift_l2,0
786986,20.70969342507008,1,6215,sum,shift_l2,0
502496,20.709658957286646,1,6216,sum,shift_l2,0
569241,20.708292594632546,1,6217,sum,shift_l2,0
684919,20.70446873913188,1,6218,sum,shift_l2,0
727545,20.704080308932447,1,6219,sum,shift_l2,0
19105,20.702862217714962,1,6220,sum,shift_l2,0
714490,20.702282863496933,1,6221,sum,shift_l2,0
153696,20.70147246998453,1,6222,sum,shift_l2,0
470747,20.700130765434373,1,6223,sum,shift_l2,0
3351,20.69799785413748,1,6224,sum,shift_l2,0
40009,20.693536811356093,1,6225,sum,shift_l2,0
474413,20.693382997938684,1,6226,sum,shift_l2,0
95419,20.69037586225419,1,6227,sum,shift_l2,0
547620,20.689175408983267,1,6228,sum,shift_l2,0
275747,20.688865104147254,1,6229,sum,shift_l2,0
520440,20.687083982845493,2,6230,sum,shift_l2,0
684932,20.686427086431333,1,6231,sum,shift_l2,0
203849,20.679034959911586,1,6232,sum,shift_l2,0
100244,20.675017027605563,1,6233,sum,shift_l2,0
412734,20.674150492794098,1,6234,sum,shift_l2,0
13090,20.667859206618424,1,6235,sum,shift_l2,0
832303,20.658498439167815,1,6236,sum,shift_l2,0
715367,20.653604068489766,1,6237,sum,shift_l2,0
709137,20.6490411031174,1,6238,sum,shift_l2,0
21120,20.646444406317755,1,6239,sum,shift_l2,0
913209,20.64351993001741,1,6240,sum,shift_l2,0
346629,20.64339295864501,1,6241,sum,shift_l2,0
424335,20.64135249814103,1,6242,sum,shift_l2,0
22298,20.64086328448251,1,6243,sum,shift_l2,0
947769,20.63990344275835,1,6244,sum,shift_l2,0
644259,20.63781954569347,1,6245,sum,shift_l2,0
80526,20.637542306568903,1,6246,sum,shift_l2,0
293140,20.636574037451425,1,6247,sum,shift_l2,0
117585,20.62940257801279,1,6248,sum,shift_l2,0
304579,20.627852940653092,1,6249,sum,shift_l2,0
272935,20.62767293595719,1,6250,sum,shift_l2,0
745048,20.62731227830872,1,6251,sum,shift_l2,0
284999,20.623723014716212,1,6252,sum,shift_l2,0
258279,20.621305074638986,1,6253,sum,shift_l2,0
196239,20.618906066966826,1,6254,sum,shift_l2,0
778402,20.6172045222358,1,6255,sum,shift_l2,0
674182,20.61683346989652,1,6256,sum,shift_l2,0
151369,20.61651664406436,1,6257,sum,shift_l2,0
391171,20.612585545937502,1,6258,sum,shift_l2,0
370557,20.61145806542193,1,6259,sum,shift_l2,0
767660,20.60432678979299,1,6260,sum,shift_l2,0
503284,20.60275823541419,1,6261,sum,shift_l2,0
943409,20.600583981651607,1,6262,sum,shift_l2,0
970781,20.598350795747564,1,6263,sum,shift_l2,0
731248,20.597057324322567,1,6264,sum,shift_l2,0
865570,20.595641887647833,1,6265,sum,shift_l2,0
612726,20.59244111463779,1,6266,sum,shift_l2,0
901287,20.592267200155092,1,6267,sum,shift_l2,0
261025,20.59098099758897,1,6268,sum,shift_l2,0
724442,20.590823864648943,1,6269,sum,shift_l2,0
929952,20.59055243931306,1,6270,sum,shift_l2,0
988009,20.590488660405352,1,6271,sum,shift_l2,0
620645,20.585526859645547,1,6272,sum,shift_l2,0
428914,20.584584380521772,1,6273,sum,shift_l2,0
773469,20.58386038463563,1,6274,sum,shift_l2,0
609092,20.58317837365017,1,6275,sum,shift_l2,0
318265,20.582126903650458,1,6276,sum,shift_l2,0
594096,20.577641789649654,1,6277,sum,shift_l2,0
684735,20.577229434102055,1,6278,sum,shift_l2,0
60003,20.57592000705418,1,6279,sum,shift_l2,0
382504,20.57329567449643,1,6280,sum,shift_l2,0
519551,20.571628102743208,1,6281,sum,shift_l2,0
848569,20.570965604851523,1,6282,sum,shift_l2,0
801913,20.567962636905325,1,6283,sum,shift_l2,0
583184,20.567141225902464,1,6284,sum,shift_l2,0
935882,20.566096573327894,1,6285,sum,shift_l2,0
866008,20.56533253300292,1,6286,sum,shift_l2,0
999455,20.56381057371677,1,6287,sum,shift_l2,0
293136,20.563039946893,1,6288,sum,shift_l2,0
427925,20.5626609764753,1,6289,sum,shift_l2,0
603303,20.562576860634017,1,6290,sum,shift_l2,0
339184,20.5563392748201,1,6291,sum,shift_l2,0
598310,20.552684687634464,1,6292,sum,shift_l2,0
431418,20.55231395985284,1,6293,sum,shift_l2,0
2457,20.551647023359315,1,6294,sum,shift_l2,0
166636,20.551482419280976,1,6295,sum,shift_l2,0
307790,20.551336723656377,1,6296,sum,shift_l2,0
648714,20.550862739327325,1,6297,sum,shift_l2,0
294210,20.5500171104098,1,6298,sum,shift_l2,0
124652,20.546667561760238,1,6299,sum,shift_l2,0
958964,20.53684787481435,1,6300,sum,shift_l2,0
530373,20.531868844337737,1,6301,sum,shift_l2,0
402258,20.527871611038734,1,6302,sum,shift_l2,0
132776,20.5259958856654,1,6303,sum,shift_l2,0
674278,20.523534554469524,1,6304,sum,shift_l2,0
1674,20.515497193252806,1,6305,sum,shift_l2,0
455726,20.51505340796603,1,6306,sum,shift_l2,0
87464,20.51462708802855,1,6307,sum,shift_l2,0
763937,20.513846533774466,1,6308,sum,shift_l2,0
72352,20.512969150144507,1,6309,sum,shift_l2,0
47522,20.512899803028468,1,6310,sum,shift_l2,0
410324,20.508963996908925,1,6311,sum,shift_l2,0
125807,20.50476236179151,1,6312,sum,shift_l2,0
548772,20.50413396875791,1,6313,sum,shift_l2,0
608752,20.503887524405616,1,6314,sum,shift_l2,0
559144,20.502288986763816,1,6315,sum,shift_l2,0
102564,20.500222564678687,1,6316,sum,shift_l2,0
645218,20.500172326319028,1,6317,sum,shift_l2,0
501030,20.49994853930592,2,6318,sum,shift_l2,0
312928,20.498887269156345,1,6319,sum,shift_l2,0
8013,20.498415198875577,1,6320,sum,shift_l2,0
769759,20.49446692784998,1,6321,sum,shift_l2,0
568531,20.49212593330827,1,6322,sum,shift_l2,0
670974,20.48852147991741,1,6323,sum,shift_l2,0
697334,20.480870892234886,1,6324,sum,shift_l2,0
313945,20.478561345308027,1,6325,sum,shift_l2,0
284028,20.47834474479602,1,6326,sum,shift_l2,0
326384,20.473528276634475,1,6327,sum,shift_l2,0
759093,20.470974904606734,1,6328,sum,shift_l2,0
417896,20.466689541439482,1,6329,sum,shift_l2,0
300311,20.461943644988878,1,6330,sum,shift_l2,0
168798,20.461041516435905,1,6331,sum,shift_l2,0
227063,20.456336669909206,1,6332,sum,shift_l2,0
123486,20.452978736775936,1,6333,sum,shift_l2,0
556801,20.45265651525215,1,6334,sum,shift_l2,0
904260,20.45108456134862,1,6335,sum,shift_l2,0
658208,20.433044052578424,2,6336,sum,shift_l2,0
127007,20.43132446082652,1,6337,sum,shift_l2,0
1000342,20.416930107766934,1,6338,sum,shift_l2,0
281943,20.416774201839193,1,6339,sum,shift_l2,0
669627,20.406804620258086,1,6340,sum,shift_l2,0
643625,20.400190747961865,2,6341,sum,shift_l2,0
247383,20.399756354161855,1,6342,sum,shift_l2,0
821414,20.398162131174004,1,6343,sum,shift_l2,0
697404,20.38685988165528,1,6344,sum,shift_l2,0
412372,20.38639226083466,1,6345,sum,shift_l2,0
80314,20.38357774514141,1,6346,sum,shift_l2,0
4854,20.38033608764715,1,6347,sum,shift_l2,0
183173,20.380191418003474,1,6348,sum,shift_l2,0
579188,20.37868792549979,1,6349,sum,shift_l2,0
266233,20.37728195790921,1,6350,sum,shift_l2,0
549201,20.376119489178844,1,6351,sum,shift_l2,0
845816,20.359391023244235,1,6352,sum,shift_l2,0
974255,20.353222186109278,1,6353,sum,shift_l2,0
566098,20.347384701254608,1,6354,sum,shift_l2,0
330144,20.33082696474527,1,6355,sum,shift_l2,0
597577,20.32318630926564,1,6356,sum,shift_l2,0
823200,20.321417951636146,1,6357,sum,shift_l2,0
919364,20.321337762590584,1,6358,sum,shift_l2,0
971740,20.314731187952145,1,6359,sum,shift_l2,0
458327,20.31396165654105,1,6360,sum,shift_l2,0
95508,20.30995705106224,1,6361,sum,shift_l2,0
396981,20.30921758791729,2,6362,sum,shift_l2,0
24267,20.307829138531734,1,6363,sum,shift_l2,0
570406,20.30693711836834,1,6364,sum,shift_l2,0
499235,20.298097591881938,1,6365,sum,shift_l2,0
914998,20.291623917567502,1,6366,sum,shift_l2,0
247086,20.288928036276147,1,6367,sum,shift_l2,0
910161,20.28128487980864,1,6368,sum,shift_l2,0
247854,20.28002257519729,1,6369,sum,shift_l2,0
194189,20.26787799776561,1,6370,sum,shift_l2,0
909979,20.264101146263425,1,6371,sum,shift_l2,0
800967,20.25727016127726,1,6372,sum,shift_l2,0
819712,20.255651192536952,1,6373,sum,shift_l2,0
1024,20.25278972671182,1,6374,sum,shift_l2,0
540466,20.25253067710222,1,6375,sum,shift_l2,0
997309,20.251040498780476,1,6376,sum,shift_l2,0
222412,20.24254677581629,1,6377,sum,shift_l2,0
272260,20.23699266906461,1,6378,sum,shift_l2,0
830710,20.232863556322148,1,6379,sum,shift_l2,0
438812,20.223973985262514,1,6380,sum,shift_l2,0
447883,20.22164871630605,1,6381,sum,shift_l2,0
308952,20.22136448872957,1,6382,sum,shift_l2,0
893455,20.220461085830294,1,6383,sum,shift_l2,0
632353,20.220044973957602,1,6384,sum,shift_l2,0
493190,20.21724275341917,1,6385,sum,shift_l2,0
647099,20.21721087803309,1,6386,sum,shift_l2,0
89988,20.212447476306377,1,6387,sum,shift_l2,0
946891,20.20420183369349,2,6388,sum,shift_l2,0
701038,20.203930988697277,1,6389,sum,shift_l2,0
46983,20.197719543031823,1,6390,sum,shift_l2,0
914715,20.19695198227412,1,6391,sum,shift_l2,0
466987,20.196421499578808,1,6392,sum,shift_l2,0
51601,20.18634596624042,1,6393,sum,shift_l2,0
359411,20.1738401867196,1,6394,sum,shift_l2,0
594805,20.172488445769698,1,6395,sum,shift_l2,0
22213,20.16956314078344,1,6396,sum,shift_l2,0
797354,20.169457687089565,1,6397,sum,shift_l2,0
349070,20.1671916130457,1,6398,sum,shift_l2,0
509458,20.15976588129309,2,6399,sum,shift_l2,0
260602,20.157696691313248,2,6400,sum,shift_l2,0
985580,20.154540822564197,1,6401,sum,shift_l2,0
832128,20.154240216554975,1,6402,sum,shift_l2,0
851952,20.154114901336623,1,6403,sum,shift_l2,0
148940,20.154114748371008,1,6404,sum,shift_l2,0
946073,20.15337231772226,1,6405,sum,shift_l2,0
990496,20.147529478921477,1,6406,sum,shift_l2,0
160221,20.14676263958596,2,6407,sum,shift_l2,0
537357,20.145973395045914,1,6408,sum,shift_l2,0
130655,20.14476603388688,1,6409,sum,shift_l2,0
199217,20.138784810242836,1,6410,sum,shift_l2,0
262188,20.131392494089,1,6411,sum,shift_l2,0
530096,20.127040531929758,1,6412,sum,shift_l2,0
510338,20.119747147716556,1,6413,sum,shift_l2,0
443461,20.117505383102383,1,6414,sum,shift_l2,0
799972,20.115587875052118,1,6415,sum,shift_l2,0
831052,20.11305399481538,1,6416,sum,shift_l2,0
22594,20.106290350364944,2,6417,sum,shift_l2,0
845287,20.099335235540657,1,6418,sum,shift_l2,0
995021,20.094325636101818,1,6419,sum,shift_l2,0
684555,20.091216566101505,1,6420,sum,shift_l2,0
725396,20.089462953716197,1,6421,sum,shift_l2,0
913802,20.080304820217954,1,6422,sum,shift_l2,0
373139,20.080222120639906,1,6423,sum,shift_l2,0
589484,20.078849662723275,1,6424,sum,shift_l2,0
174610,20.0745274015194,1,6425,sum,shift_l2,0
822921,20.071970394213054,2,6426,sum,shift_l2,0
682229,20.066861816241804,1,6427,sum,shift_l2,0
971292,20.0620453790416,2,6428,sum,shift_l2,0
361246,20.061272009991637,1,6429,sum,shift_l2,0
111429,20.060577385152886,1,6430,sum,shift_l2,0
501848,20.058911108331646,1,6431,sum,shift_l2,0
962652,20.052330569333876,1,6432,sum,shift_l2,0
281085,20.051143165411947,1,6433,sum,shift_l2,0
628775,20.050710961430827,1,6434,sum,shift_l2,0
106781,20.04882948448222,1,6435,sum,shift_l2,0
262835,20.048296333169,1,6436,sum,shift_l2,0
438381,20.04732551872755,1,6437,sum,shift_l2,0
68437,20.04702230112772,2,6438,sum,shift_l2,0
979879,20.046900823035333,1,6439,sum,shift_l2,0
546490,20.046312860985676,1,6440,sum,shift_l2,0
851628,20.038115770127877,1,6441,sum,shift_l2,0
382608,20.035546505452263,1,6442,sum,shift_l2,0
952974,20.03305683860885,1,6443,sum,shift_l2,0
706699,20.031774826166107,1,6444,sum,shift_l2,0
516400,20.02537850193198,1,6445,sum,shift_l2,0
705539,20.019878529040504,2,6446,sum,shift_l2,0
114098,20.00872113399144,1,6447,sum,shift_l2,0
413894,20.00547640156911,1,6448,sum,shift_l2,0
32398,19.999129455540857,1,6449,sum,shift_l2,0
799589,19.99755881867744,1,6450,sum,shift_l2,0
79236,19.99548740572741,1,6451,sum,shift_l2,0
101605,19.99000569650749,1,6452,sum,shift_l2,0
696345,19.988382605720272,1,6453,sum,shift_l2,0
954311,19.987346848341424,1,6454,sum,shift_l2,0
984684,19.987137145838723,1,6455,sum,shift_l2,0
587159,19.98450513352161,1,6456,sum,shift_l2,0
158536,19.978708181647967,1,6457,sum,shift_l2,0
247728,19.97735447996005,1,6458,sum,shift_l2,0
835699,19.972311065794138,1,6459,sum,shift_l2,0
236387,19.97112815165525,1,6460,sum,shift_l2,0
816195,19.970397735733094,1,6461,sum,shift_l2,0
868222,19.95888535800535,1,6462,sum,shift_l2,0
776529,19.957435449537122,1,6463,sum,shift_l2,0
643059,19.956893610921192,1,6464,sum,shift_l2,0
217646,19.95491044853838,1,6465,sum,shift_l2,0
812099,19.953343574158698,1,6466,sum,shift_l2,0
674985,19.952152937853697,1,6467,sum,shift_l2,0
599904,19.94976860639683,1,6468,sum,shift_l2,0
633600,19.94795319651629,1,6469,sum,shift_l2,0
526594,19.939295574418644,1,6470,sum,shift_l2,0
872980,19.938048314297784,1,6471,sum,shift_l2,0
461536,19.933115810633502,1,6472,sum,shift_l2,0
128041,19.91850693143066,2,6473,sum,shift_l2,0
857762,19.91639909364274,1,6474,sum,shift_l2,0
627703,19.914838088760835,1,6475,sum,shift_l2,0
57964,19.91111004631026,1,6476,sum,shift_l2,0
235037,19.902065407087367,1,6477,sum,shift_l2,0
444017,19.89751092157303,1,6478,sum,shift_l2,0
910067,19.89474191770688,1,6479,sum,shift_l2,0
438386,19.89303064046841,1,6480,sum,shift_l2,0
271060,19.888686576687956,1,6481,sum,shift_l2,0
813277,19.88614595353319,1,6482,sum,shift_l2,0
953339,19.885218662232006,1,6483,sum,shift_l2,0
523125,19.876854846920065,1,6484,sum,shift_l2,0
818269,19.86733285465569,2,6485,sum,shift_l2,0
348908,19.859743665911537,1,6486,sum,shift_l2,0
451062,19.85785170982927,1,6487,sum,shift_l2,0
123685,19.856188473860723,1,6488,sum,shift_l2,0
121053,19.85095343334071,1,6489,sum,shift_l2,0
841595,19.85085604353986,1,6490,sum,shift_l2,0
27036,19.84935932018058,1,6491,sum,shift_l2,0
693066,19.84669439792613,1,6492,sum,shift_l2,0
795123,19.846526548744283,1,6493,sum,shift_l2,0
449558,19.837315279934472,1,6494,sum,shift_l2,0
896402,19.830487769088478,1,6495,sum,shift_l2,0
660753,19.828526870656667,1,6496,sum,shift_l2,0
710295,19.827837676783144,1,6497,sum,shift_l2,0
232753,19.82200753646209,1,6498,sum,shift_l2,0
484689,19.821851313637396,1,6499,sum,shift_l2,0
272422,19.82108478969413,2,6500,sum,shift_l2,0
387170,19.818947846863338,1,6501,sum,shift_l2,0
686050,19.816079039604432,1,6502,sum,shift_l2,0
984091,19.809074240223524,1,6503,sum,shift_l2,0
885305,19.802306178094295,2,6504,sum,shift_l2,0
612682,19.795865050751566,1,6505,sum,shift_l2,0
862410,19.794795046061704,1,6506,sum,shift_l2,0
450206,19.792819572997175,1,6507,sum,shift_l2,0
5945,19.786182152621564,1,6508,sum,shift_l2,0
512575,19.780573905006843,1,6509,sum,shift_l2,0
126970,19.776785222830597,1,6510,sum,shift_l2,0
621891,19.769995328537618,1,6511,sum,shift_l2,0
309405,19.76824841218385,1,6512,sum,shift_l2,0
356312,19.767556743310728,1,6513,sum,shift_l2,0
180421,19.766658050622123,1,6514,sum,shift_l2,0
289652,19.76664958911653,1,6515,sum,shift_l2,0
2461,19.76051196727959,1,6516,sum,shift_l2,0
976393,19.757345846122423,1,6517,sum,shift_l2,0
432737,19.753133514225144,1,6518,sum,shift_l2,0
311730,19.74814600597067,1,6519,sum,shift_l2,0
715144,19.73933855904021,1,6520,sum,shift_l2,0
424867,19.73678327623505,1,6521,sum,shift_l2,0
439543,19.724537092723782,1,6522,sum,shift_l2,0
963520,19.715013737475424,2,6523,sum,shift_l2,0
558784,19.710514161876535,1,6524,sum,shift_l2,0
771774,19.71007947754016,1,6525,sum,shift_l2,0
534743,19.696758777104293,2,6526,sum,shift_l2,0
499885,19.69470815443452,1,6527,sum,shift_l2,0
74883,19.691431429512644,1,6528,sum,shift_l2,0
478082,19.683756545151557,2,6529,sum,shift_l2,0
990538,19.682551477211746,1,6530,sum,shift_l2,0
272220,19.68248483215386,1,6531,sum,shift_l2,0
512914,19.681692216176142,1,6532,sum,shift_l2,0
748637,19.680091105990627,1,6533,sum,shift_l2,0
670051,19.674481846911362,1,6534,sum,shift_l2,0
695192,19.673796840651196,1,6535,sum,shift_l2,0
301430,19.672208359727442,1,6536,sum,shift_l2,0
495321,19.67075947008072,1,6537,sum,shift_l2,0
889137,19.670715175920975,1,6538,sum,shift_l2,0
725558,19.67047303294495,1,6539,sum,shift_l2,0
216481,19.670417555139956,1,6540,sum,shift_l2,0
394656,19.66639513441351,1,6541,sum,shift_l2,0
301183,19.665931814632437,1,6542,sum,shift_l2,0
306076,19.663589895642275,1,6543,sum,shift_l2,0
314090,19.656329065310054,1,6544,sum,shift_l2,0
334234,19.655557891309748,1,6545,sum,shift_l2,0
348911,19.653367879260003,1,6546,sum,shift_l2,0
959950,19.6513791235701,1,6547,sum,shift_l2,0
475568,19.65072874121136,1,6548,sum,shift_l2,0
603390,19.648247166112963,1,6549,sum,shift_l2,0
91152,19.64596238635335,1,6550,sum,shift_l2,0
402791,19.645325098670234,1,6551,sum,shift_l2,0
95509,19.64225332247263,1,6552,sum,shift_l2,0
46833,19.641968301643473,1,6553,sum,shift_l2,0
207185,19.64069252667182,1,6554,sum,shift_l2,0
120039,19.62855266356793,1,6555,sum,shift_l2,0
808887,19.625923736365255,1,6556,sum,shift_l2,0
660326,19.622668414275935,1,6557,sum,shift_l2,0
788040,19.62027223298089,1,6558,sum,shift_l2,0
937871,19.619809102159653,1,6559,sum,shift_l2,0
799804,19.61962978506817,1,6560,sum,shift_l2,0
89353,19.612551058351045,1,6561,sum,shift_l2,0
484130,19.610089048633473,1,6562,sum,shift_l2,0
529021,19.60705468038844,1,6563,sum,shift_l2,0
973962,19.60703326578148,1,6564,sum,shift_l2,0
87887,19.604341401690743,1,6565,sum,shift_l2,0
60647,19.602767637773333,1,6566,sum,shift_l2,0
614047,19.60134437912063,1,6567,sum,shift_l2,0
588714,19.599188678814816,1,6568,sum,shift_l2,0
567367,19.599077765946184,1,6569,sum,shift_l2,0
953155,19.595065261411584,1,6570,sum,shift_l2,0
368853,19.589805315249958,1,6571,sum,shift_l2,0
165317,19.588297729329472,1,6572,sum,shift_l2,0
905420,19.584577158927154,1,6573,sum,shift_l2,0
521962,19.583494558680492,1,6574,sum,shift_l2,0
546489,19.579233116423826,1,6575,sum,shift_l2,0
505982,19.57777410267195,1,6576,sum,shift_l2,0
659171,19.577687442472897,1,6577,sum,shift_l2,0
260167,19.57746925323411,1,6578,sum,shift_l2,0
695348,19.57560627352482,1,6579,sum,shift_l2,0
628849,19.573828657961748,1,6580,sum,shift_l2,0
813752,19.57049171299281,1,6581,sum,shift_l2,0
417471,19.567000459521584,1,6582,sum,shift_l2,0
235746,19.566204072288436,1,6583,sum,shift_l2,0
408377,19.562587427446783,1,6584,sum,shift_l2,0
544129,19.562431985253756,1,6585,sum,shift_l2,0
164864,19.56097927192705,1,6586,sum,shift_l2,0
594521,19.56091243158877,1,6587,sum,shift_l2,0
502121,19.559599648840948,1,6588,sum,shift_l2,0
890298,19.559476922521124,1,6589,sum,shift_l2,0
142503,19.558375070837528,1,6590,sum,shift_l2,0
572174,19.558295487829955,1,6591,sum,shift_l2,0
344451,19.557631286554713,1,6592,sum,shift_l2,0
399608,19.557279957896913,1,6593,sum,shift_l2,0
752839,19.557115058525408,1,6594,sum,shift_l2,0
965846,19.5554656127843,1,6595,sum,shift_l2,0
934555,19.554226694586603,1,6596,sum,shift_l2,0
462055,19.553700974131903,1,6597,sum,shift_l2,0
703147,19.551923013902154,1,6598,sum,shift_l2,0
514903,19.548347606365837,1,6599,sum,shift_l2,0
929803,19.547922049022198,1,6600,sum,shift_l2,0
232282,19.54710932307771,1,6601,sum,shift_l2,0
618698,19.54580012276335,1,6602,sum,shift_l2,0
151572,19.540850351536694,1,6603,sum,shift_l2,0
633511,19.540389206879425,1,6604,sum,shift_l2,0
800970,19.540180441676476,1,6605,sum,shift_l2,0
812551,19.53951540589926,1,6606,sum,shift_l2,0
907730,19.535130014347107,1,6607,sum,shift_l2,0
607933,19.532358999922682,2,6608,sum,shift_l2,0
433898,19.528815784640987,1,6609,sum,shift_l2,0
733425,19.52799609497733,1,6610,sum,shift_l2,0
651458,19.525018323970265,1,6611,sum,shift_l2,0
495329,19.523617478047257,2,6612,sum,shift_l2,0
193098,19.51911387597893,1,6613,sum,shift_l2,0
858599,19.515281472890475,1,6614,sum,shift_l2,0
994025,19.51482664061794,1,6615,sum,shift_l2,0
85046,19.51189332280646,1,6616,sum,shift_l2,0
15419,19.510683773241496,1,6617,sum,shift_l2,0
188981,19.508836016538286,1,6618,sum,shift_l2,0
282682,19.507777854068326,1,6619,sum,shift_l2,0
950832,19.50562173074272,1,6620,sum,shift_l2,0
454815,19.49906866675855,1,6621,sum,shift_l2,0
976395,19.49181972739048,1,6622,sum,shift_l2,0
3349,19.487824956297953,1,6623,sum,shift_l2,0
607861,19.484459816775306,1,6624,sum,shift_l2,0
981035,19.483539770872635,1,6625,sum,shift_l2,0
73427,19.481024515933427,1,6626,sum,shift_l2,0
718627,19.476557933470502,1,6627,sum,shift_l2,0
174607,19.47654396559215,1,6628,sum,shift_l2,0
147782,19.473858981747735,1,6629,sum,shift_l2,0
87029,19.47190078993575,1,6630,sum,shift_l2,0
303592,19.470031889376813,1,6631,sum,shift_l2,0
175975,19.46830134135294,1,6632,sum,shift_l2,0
214033,19.466805884025256,1,6633,sum,shift_l2,0
980308,19.46309639569408,1,6634,sum,shift_l2,0
39978,19.457303596170345,1,6635,sum,shift_l2,0
645936,19.451694225490595,1,6636,sum,shift_l2,0
504808,19.446785057780286,1,6637,sum,shift_l2,0
402187,19.44570403828597,1,6638,sum,shift_l2,0
320934,19.437811394478487,2,6639,sum,shift_l2,0
238724,19.436194108554826,1,6640,sum,shift_l2,0
501173,19.432510857625424,1,6641,sum,shift_l2,0
616176,19.43135349686823,1,6642,sum,shift_l2,0
753112,19.4290638210031,1,6643,sum,shift_l2,0
168625,19.425584746228598,1,6644,sum,shift_l2,0
471110,19.423142571070336,1,6645,sum,shift_l2,0
710485,19.420329253182018,1,6646,sum,shift_l2,0
221,19.418242630471784,1,6647,sum,shift_l2,0
527123,19.41188175107388,1,6648,sum,shift_l2,0
284032,19.400876120988173,1,6649,sum,shift_l2,0
306633,19.393593804832665,1,6650,sum,shift_l2,0
468507,19.391029528954764,1,6651,sum,shift_l2,0
201527,19.390292206245412,1,6652,sum,shift_l2,0
64421,19.388533884981005,1,6653,sum,shift_l2,0
189879,19.38331450752564,1,6654,sum,shift_l2,0
505942,19.38224641892308,1,6655,sum,shift_l2,0
101608,19.381702747435245,1,6656,sum,shift_l2,0
656409,19.380376016256537,1,6657,sum,shift_l2,0
582664,19.379884522158267,1,6658,sum,shift_l2,0
813916,19.378256521283525,1,6659,sum,shift_l2,0
789468,19.37560053120159,1,6660,sum,shift_l2,0
879209,19.37242285617953,1,6661,sum,shift_l2,0
879772,19.365110141856206,1,6662,sum,shift_l2,0
133507,19.361170417525045,1,6663,sum,shift_l2,0
910868,19.360967731632275,1,6664,sum,shift_l2,0
564593,19.36084931968894,1,6665,sum,shift_l2,0
188382,19.358598658885608,1,6666,sum,shift_l2,0
816764,19.35844135024673,1,6667,sum,shift_l2,0
569261,19.35579137799929,1,6668,sum,shift_l2,0
422850,19.354089134887197,2,6669,sum,shift_l2,0
799764,19.34680422636833,1,6670,sum,shift_l2,0
974064,19.34651496557742,1,6671,sum,shift_l2,0
283748,19.344626108458304,1,6672,sum,shift_l2,0
988008,19.343434104200927,2,6673,sum,shift_l2,0
65279,19.342691940406617,1,6674,sum,shift_l2,0
259597,19.337772148637793,2,6675,sum,shift_l2,0
299678,19.308843703937523,1,6676,sum,shift_l2,0
46340,19.308670892065564,1,6677,sum,shift_l2,0
576660,19.305213306539,1,6678,sum,shift_l2,0
173272,19.302958313966172,1,6679,sum,shift_l2,0
361263,19.29328705620922,1,6680,sum,shift_l2,0
552300,19.290023819967267,1,6681,sum,shift_l2,0
185107,19.280926957674044,2,6682,sum,shift_l2,0
516953,19.275462742875458,2,6683,sum,shift_l2,0
453058,19.27395035446901,1,6684,sum,shift_l2,0
606769,19.262170456294808,1,6685,sum,shift_l2,0
769123,19.26006195272573,1,6686,sum,shift_l2,0
99282,19.257333491122814,1,6687,sum,shift_l2,0
347752,19.253067265063628,1,6688,sum,shift_l2,0
685801,19.240056135166352,1,6689,sum,shift_l2,0
952417,19.2357595568763,1,6690,sum,shift_l2,0
350261,19.230108868439174,1,6691,sum,shift_l2,0
626633,19.228166910840617,1,6692,sum,shift_l2,0
872869,19.22511768967069,2,6693,sum,shift_l2,0
503617,19.222399691455006,1,6694,sum,shift_l2,0
474229,19.221895054923998,1,6695,sum,shift_l2,0
59612,19.215117151465165,1,6696,sum,shift_l2,0
207335,19.213510906618332,1,6697,sum,shift_l2,0
850902,19.20981819713886,2,6698,sum,shift_l2,0
797268,19.191100584824742,2,6699,sum,shift_l2,0
43345,19.188990868905986,1,6700,sum,shift_l2,0
940367,19.18866574319197,1,6701,sum,shift_l2,0
303596,19.188018546073987,1,6702,sum,shift_l2,0
123520,19.171247951318147,1,6703,sum,shift_l2,0
618499,19.167507783021712,1,6704,sum,shift_l2,0
480643,19.161778706343913,1,6705,sum,shift_l2,0
250344,19.159366456307712,1,6706,sum,shift_l2,0
177138,19.152883985549554,1,6707,sum,shift_l2,0
165224,19.146436476746153,1,6708,sum,shift_l2,0
727883,19.130280415317234,1,6709,sum,shift_l2,0
505780,19.127672140500767,1,6710,sum,shift_l2,0
882474,19.12417282013665,1,6711,sum,shift_l2,0
915790,19.117708916133626,1,6712,sum,shift_l2,0
614923,19.103061437698884,1,6713,sum,shift_l2,0
828729,19.10249829229542,2,6714,sum,shift_l2,0
987560,19.101037881759833,1,6715,sum,shift_l2,0
920164,19.09888725920416,1,6716,sum,shift_l2,0
99795,19.098279550151815,1,6717,sum,shift_l2,0
260792,19.097407185517426,2,6718,sum,shift_l2,0
586118,19.09638267196051,1,6719,sum,shift_l2,0
789131,19.08952845286865,1,6720,sum,shift_l2,0
494072,19.089066942654075,1,6721,sum,shift_l2,0
908889,19.07826260260388,1,6722,sum,shift_l2,0
823435,19.077330811770807,1,6723,sum,shift_l2,0
949491,19.072853224165335,1,6724,sum,shift_l2,0
416346,19.067808824746642,1,6725,sum,shift_l2,0
846286,19.05899668268709,1,6726,sum,shift_l2,0
885945,19.052771167393907,1,6727,sum,shift_l2,0
580577,19.04677554653865,1,6728,sum,shift_l2,0
34435,19.041830136555348,1,6729,sum,shift_l2,0
158168,19.040470098255568,1,6730,sum,shift_l2,0
778118,19.0296864697822,1,6731,sum,shift_l2,0
225930,19.027166989027606,1,6732,sum,shift_l2,0
243208,19.025901380191062,1,6733,sum,shift_l2,0
122144,19.02118234020923,1,6734,sum,shift_l2,0
572441,19.02114660744428,1,6735,sum,shift_l2,0
956635,19.016560207946338,1,6736,sum,shift_l2,0
688405,19.0162638717967,1,6737,sum,shift_l2,0
307795,19.012576119853087,1,6738,sum,shift_l2,0
57256,19.00943219427163,1,6739,sum,shift_l2,0
740693,19.006772452023274,1,6740,sum,shift_l2,0
109109,19.00300901119351,1,6741,sum,shift_l2,0
565757,19.00104857255119,1,6742,sum,shift_l2,0
981043,19.00063536216201,1,6743,sum,shift_l2,0
465107,18.99981701417351,1,6744,sum,shift_l2,0
912522,18.99939111333936,1,6745,sum,shift_l2,0
189542,18.995357275845755,1,6746,sum,shift_l2,0
347791,18.99306843739245,1,6747,sum,shift_l2,0
735428,18.988945349912758,1,6748,sum,shift_l2,0
219500,18.988422759831014,1,6749,sum,shift_l2,0
897565,18.985400601809086,1,6750,sum,shift_l2,0
21941,18.984781217133026,1,6751,sum,shift_l2,0
527897,18.984176888156615,1,6752,sum,shift_l2,0
665708,18.980634986256373,1,6753,sum,shift_l2,0
60773,18.977905162785714,1,6754,sum,shift_l2,0
31253,18.973356321831503,1,6755,sum,shift_l2,0
602417,18.972756735360523,1,6756,sum,shift_l2,0
302861,18.96991190705011,1,6757,sum,shift_l2,0
674461,18.96285414050178,1,6758,sum,shift_l2,0
765110,18.962167338002484,1,6759,sum,shift_l2,0
112594,18.9586544772917,1,6760,sum,shift_l2,0
482109,18.953909476037058,1,6761,sum,shift_l2,0
947338,18.95051024040192,1,6762,sum,shift_l2,0
181588,18.949597206734182,1,6763,sum,shift_l2,0
684729,18.94475255585486,1,6764,sum,shift_l2,0
3062,18.942714941981833,1,6765,sum,shift_l2,0
371419,18.941606685248953,1,6766,sum,shift_l2,0
920618,18.9380864269312,1,6767,sum,shift_l2,0
47863,18.93655421426056,1,6768,sum,shift_l2,0
146292,18.93545546417281,1,6769,sum,shift_l2,0
531346,18.93359612944683,1,6770,sum,shift_l2,0
945731,18.933369626612468,1,6771,sum,shift_l2,0
897803,18.928209327186952,1,6772,sum,shift_l2,0
827658,18.925549823837418,1,6773,sum,shift_l2,0
162883,18.924738090978753,1,6774,sum,shift_l2,0
41966,18.922458206195138,2,6775,sum,shift_l2,0
804239,18.92048082236606,1,6776,sum,shift_l2,0
427498,18.9203287459921,1,6777,sum,shift_l2,0
404255,18.917262113357992,1,6778,sum,shift_l2,0
611713,18.916587692728733,1,6779,sum,shift_l2,0
404582,18.91210187189029,1,6780,sum,shift_l2,0
917129,18.906311794572048,1,6781,sum,shift_l2,0
806631,18.88716005629667,1,6782,sum,shift_l2,0
794673,18.88613504106257,1,6783,sum,shift_l2,0
882472,18.87574179462908,1,6784,sum,shift_l2,0
507673,18.87435465972526,1,6785,sum,shift_l2,0
867205,18.87261187711278,1,6786,sum,shift_l2,0
361884,18.87034087168319,1,6787,sum,shift_l2,0
480128,18.867981267341495,1,6788,sum,shift_l2,0
532056,18.85848395277903,1,6789,sum,shift_l2,0
124647,18.85382984664837,1,6790,sum,shift_l2,0
362858,18.845083753331767,1,6791,sum,shift_l2,0
37390,18.843958849204416,1,6792,sum,shift_l2,0
710202,18.84377820109622,2,6793,sum,shift_l2,0
642904,18.84246778287223,1,6794,sum,shift_l2,0
974063,18.837288894498027,1,6795,sum,shift_l2,0
456888,18.832716121394927,1,6796,sum,shift_l2,0
863503,18.825998821150407,1,6797,sum,shift_l2,0
418630,18.8204888107162,1,6798,sum,shift_l2,0
381607,18.815120396070565,1,6799,sum,shift_l2,0
86499,18.811928107743345,1,6800,sum,shift_l2,0
436488,18.811509285042924,1,6801,sum,shift_l2,0
773756,18.81134047886668,1,6802,sum,shift_l2,0
390653,18.8106449427139,1,6803,sum,shift_l2,0
735753,18.806774232295183,1,6804,sum,shift_l2,0
554622,18.80321217478344,1,6805,sum,shift_l2,0
756600,18.79041871909484,1,6806,sum,shift_l2,0
622697,18.789504419698133,1,6807,sum,shift_l2,0
850164,18.785556166327417,1,6808,sum,shift_l2,0
68868,18.77850562461313,1,6809,sum,shift_l2,0
787970,18.776190021118744,1,6810,sum,shift_l2,0
915878,18.775563623251244,1,6811,sum,shift_l2,0
435088,18.766936878610714,1,6812,sum,shift_l2,0
853261,18.763743647842382,1,6813,sum,shift_l2,0
406907,18.75929335947771,1,6814,sum,shift_l2,0
109966,18.749526265569127,1,6815,sum,shift_l2,0
394388,18.74313194439838,1,6816,sum,shift_l2,0
691903,18.73716824798653,1,6817,sum,shift_l2,0
8605,18.73022028512399,2,6818,sum,shift_l2,0
839187,18.726587689947866,1,6819,sum,shift_l2,0
804422,18.72124327068215,1,6820,sum,shift_l2,0
133490,18.718090392473645,1,6821,sum,shift_l2,0
19633,18.716430937862558,1,6822,sum,shift_l2,0
630831,18.715712291541674,1,6823,sum,shift_l2,0
931113,18.715235085668095,1,6824,sum,shift_l2,0
183476,18.705217624121822,1,6825,sum,shift_l2,0
1000362,18.696999043541993,1,6826,sum,shift_l2,0
682831,18.68858190497155,1,6827,sum,shift_l2,0
902738,18.68796910862344,1,6828,sum,shift_l2,0
836846,18.682630988263952,1,6829,sum,shift_l2,0
846437,18.679995496647695,1,6830,sum,shift_l2,0
663725,18.67634485835742,1,6831,sum,shift_l2,0
824175,18.672536920443484,1,6832,sum,shift_l2,0
469796,18.67196038947649,2,6833,sum,shift_l2,0
338613,18.671449021195055,1,6834,sum,shift_l2,0
921814,18.668802400175895,1,6835,sum,shift_l2,0
323343,18.66008139069864,1,6836,sum,shift_l2,0
650029,18.65825741776433,1,6837,sum,shift_l2,0
978876,18.65540410365156,1,6838,sum,shift_l2,0
889150,18.653761574039184,1,6839,sum,shift_l2,0
659366,18.649256986290197,1,6840,sum,shift_l2,0
393498,18.64450233968228,1,6841,sum,shift_l2,0
426763,18.63947417636298,1,6842,sum,shift_l2,0
565470,18.632992893133764,1,6843,sum,shift_l2,0
158532,18.62236494607806,1,6844,sum,shift_l2,0
326744,18.618584162651015,1,6845,sum,shift_l2,0
344691,18.61383976903996,1,6846,sum,shift_l2,0
114618,18.61293158634479,1,6847,sum,shift_l2,0
159665,18.61147391317899,1,6848,sum,shift_l2,0
790363,18.609447439481873,1,6849,sum,shift_l2,0
828387,18.609102400529565,1,6850,sum,shift_l2,0
97925,18.604340364974277,1,6851,sum,shift_l2,0
312889,18.601922120986153,1,6852,sum,shift_l2,0
860015,18.600931406794036,1,6853,sum,shift_l2,0
446518,18.59843635643134,1,6854,sum,shift_l2,0
642898,18.596377610431585,1,6855,sum,shift_l2,0
102394,18.596032007276495,1,6856,sum,shift_l2,0
112918,18.594181662984166,1,6857,sum,shift_l2,0
177366,18.59124591696557,1,6858,sum,shift_l2,0
137341,18.590243441718854,1,6859,sum,shift_l2,0
997133,18.576179856888896,1,6860,sum,shift_l2,0
470491,18.57519924196278,1,6861,sum,shift_l2,0
774918,18.567776254020398,1,6862,sum,shift_l2,0
304651,18.56483338967105,1,6863,sum,shift_l2,0
413895,18.560053059741115,1,6864,sum,shift_l2,0
151375,18.558532629677515,1,6865,sum,shift_l2,0
647097,18.549583312332075,1,6866,sum,shift_l2,0
918495,18.54159086690519,1,6867,sum,shift_l2,0
308668,18.539576434178404,1,6868,sum,shift_l2,0
569259,18.53558246543627,1,6869,sum,shift_l2,0
248246,18.53413931325929,1,6870,sum,shift_l2,0
514990,18.53091317875822,1,6871,sum,shift_l2,0
957840,18.527968540733497,1,6872,sum,shift_l2,0
291974,18.526830112452323,1,6873,sum,shift_l2,0
898543,18.526747449740004,1,6874,sum,shift_l2,0
459502,18.52092611669349,1,6875,sum,shift_l2,0
23739,18.51951183941984,1,6876,sum,shift_l2,0
580864,18.514760716457786,1,6877,sum,shift_l2,0
789512,18.512565713736755,1,6878,sum,shift_l2,0
936796,18.511094824101782,2,6879,sum,shift_l2,0
678188,18.510895264790886,1,6880,sum,shift_l2,0
655682,18.50295754726123,1,6881,sum,shift_l2,0
183944,18.50014951443534,1,6882,sum,shift_l2,0
125704,18.49925699040169,1,6883,sum,shift_l2,0
468603,18.498520043285023,2,6884,sum,shift_l2,0
308401,18.493308432205332,1,6885,sum,shift_l2,0
713779,18.4901712733003,1,6886,sum,shift_l2,0
480377,18.488683504398328,1,6887,sum,shift_l2,0
684734,18.47750749955185,1,6888,sum,shift_l2,0
997738,18.47705294728826,1,6889,sum,shift_l2,0
431614,18.475029336976164,1,6890,sum,shift_l2,0
885762,18.46879372171136,1,6891,sum,shift_l2,0
458340,18.468337319426492,1,6892,sum,shift_l2,0
604547,18.464922581588215,1,6893,sum,shift_l2,0
140737,18.46372681813648,1,6894,sum,shift_l2,0
105876,18.46084956375419,1,6895,sum,shift_l2,0
703525,18.456122548514653,2,6896,sum,shift_l2,0
675255,18.453668857940002,1,6897,sum,shift_l2,0
444108,18.45316514819319,1,6898,sum,shift_l2,0
713784,18.448081779327666,1,6899,sum,shift_l2,0
388316,18.4394716081858,2,6900,sum,shift_l2,0
533668,18.439259585262985,1,6901,sum,shift_l2,0
417378,18.43559747303057,1,6902,sum,shift_l2,0
756966,18.435211697619792,1,6903,sum,shift_l2,0
281428,18.43344139872016,1,6904,sum,shift_l2,0
502455,18.43276983616606,1,6905,sum,shift_l2,0
714940,18.432378537963192,1,6906,sum,shift_l2,0
810429,18.430474487697563,1,6907,sum,shift_l2,0
551100,18.428462201086965,1,6908,sum,shift_l2,0
934472,18.423047502071388,1,6909,sum,shift_l2,0
839990,18.422715680998806,1,6910,sum,shift_l2,0
947345,18.42111629138493,1,6911,sum,shift_l2,0
171125,18.420268178962125,1,6912,sum,shift_l2,0
406561,18.416230451676352,1,6913,sum,shift_l2,0
577862,18.411936741122176,1,6914,sum,shift_l2,0
627829,18.41172654219222,1,6915,sum,shift_l2,0
840441,18.408780129451568,1,6916,sum,shift_l2,0
716306,18.408483332249983,1,6917,sum,shift_l2,0
824899,18.405416678526542,1,6918,sum,shift_l2,0
717161,18.397513107317362,1,6919,sum,shift_l2,0
21432,18.39529094502844,1,6920,sum,shift_l2,0
992209,18.39398242121291,1,6921,sum,shift_l2,0
850721,18.38695250144933,1,6922,sum,shift_l2,0
368870,18.386941776888843,1,6923,sum,shift_l2,0
745866,18.385442499285336,1,6924,sum,shift_l2,0
977557,18.383952737174056,1,6925,sum,shift_l2,0
776731,18.38183980023811,1,6926,sum,shift_l2,0
480418,18.376526739380935,1,6927,sum,shift_l2,0
216605,18.376113543592307,1,6928,sum,shift_l2,0
995185,18.375179148712917,1,6929,sum,shift_l2,0
506947,18.37361344088791,1,6930,sum,shift_l2,0
929825,18.373307376874,1,6931,sum,shift_l2,0
632265,18.365919226807076,1,6932,sum,shift_l2,0
650856,18.362127828665624,1,6933,sum,shift_l2,0
949217,18.356945616792675,1,6934,sum,shift_l2,0
118876,18.355972171627783,1,6935,sum,shift_l2,0
352824,18.352361047811364,1,6936,sum,shift_l2,0
370539,18.352021562911556,1,6937,sum,shift_l2,0
454202,18.351831179784913,1,6938,sum,shift_l2,0
524414,18.351078747634812,1,6939,sum,shift_l2,0
774027,18.344871132807505,1,6940,sum,shift_l2,0
775794,18.344569813487258,1,6941,sum,shift_l2,0
762787,18.342002242500286,1,6942,sum,shift_l2,0
432571,18.341306145366662,1,6943,sum,shift_l2,0
138501,18.333776363159064,1,6944,sum,shift_l2,0
107215,18.33159622180905,1,6945,sum,shift_l2,0
422310,18.328714250847113,1,6946,sum,shift_l2,0
552975,18.326414785285948,1,6947,sum,shift_l2,0
856895,18.325502235052788,1,6948,sum,shift_l2,0
881144,18.32328286282276,1,6949,sum,shift_l2,0
255219,18.32174046503119,1,6950,sum,shift_l2,0
336024,18.31119149514749,1,6951,sum,shift_l2,0
519276,18.309622809021054,1,6952,sum,shift_l2,0
7196,18.309415042981474,1,6953,sum,shift_l2,0
262832,18.309404991773693,1,6954,sum,shift_l2,0
367412,18.308682504623583,1,6955,sum,shift_l2,0
928937,18.308233274299663,1,6956,sum,shift_l2,0
402361,18.306357656918735,1,6957,sum,shift_l2,0
740073,18.30035404778776,1,6958,sum,shift_l2,0
7994,18.294371103985576,1,6959,sum,shift_l2,0
433305,18.286725584221966,1,6960,sum,shift_l2,0
929482,18.284860060934665,1,6961,sum,shift_l2,0
474446,18.282432886460114,1,6962,sum,shift_l2,0
728434,18.27612848429977,1,6963,sum,shift_l2,0
526886,18.273608035151803,1,6964,sum,shift_l2,0
477157,18.266883977200234,1,6965,sum,shift_l2,0
127128,18.265273599991247,1,6966,sum,shift_l2,0
499001,18.264239923017115,1,6967,sum,shift_l2,0
147710,18.262874200671913,1,6968,sum,shift_l2,0
3710,18.257972073773573,2,6969,sum,shift_l2,0
702159,18.240960986429805,1,6970,sum,shift_l2,0
662691,18.240790120220346,1,6971,sum,shift_l2,0
726129,18.239727570848732,1,6972,sum,shift_l2,0
326839,18.234402464525562,1,6973,sum,shift_l2,0
619566,18.22249448557643,1,6974,sum,shift_l2,0
136089,18.21921818807446,1,6975,sum,shift_l2,0
569694,18.21849577100315,1,6976,sum,shift_l2,0
94593,18.212285562740835,2,6977,sum,shift_l2,0
467258,18.211871871578698,1,6978,sum,shift_l2,0
363927,18.204592225461855,1,6979,sum,shift_l2,0
53956,18.203112986935064,1,6980,sum,shift_l2,0
680794,18.200632605277335,1,6981,sum,shift_l2,0
989888,18.200610092087842,1,6982,sum,shift_l2,0
415144,18.19641712313202,1,6983,sum,shift_l2,0
916680,18.19414181812091,1,6984,sum,shift_l2,0
904173,18.192043533665142,1,6985,sum,shift_l2,0
214278,18.184367174351543,1,6986,sum,shift_l2,0
251310,18.183297919009007,1,6987,sum,shift_l2,0
781089,18.177744303318637,1,6988,sum,shift_l2,0
262745,18.177476706523162,1,6989,sum,shift_l2,0
658044,18.17237809448983,1,6990,sum,shift_l2,0
452222,18.17030596681677,1,6991,sum,shift_l2,0
384199,18.166592505634068,1,6992,sum,shift_l2,0
143239,18.16279916556788,1,6993,sum,shift_l2,0
866205,18.149732014004233,2,6994,sum,shift_l2,0
625290,18.14251138624806,1,6995,sum,shift_l2,0
643973,18.137632373464058,1,6996,sum,shift_l2,0
88626,18.13277739220275,1,6997,sum,shift_l2,0
173609,18.1313900920019,1,6998,sum,shift_l2,0
125716,18.128196018494833,1,6999,sum,shift_l2,0
745584,18.1226321258882,1,7000,sum,shift_l2,0
653355,18.12121059730277,1,7001,sum,shift_l2,0
922766,18.10266054011941,1,7002,sum,shift_l2,0
934557,18.09986909187926,1,7003,sum,shift_l2,0
405673,18.097443534162043,1,7004,sum,shift_l2,0
938250,18.09351031582292,1,7005,sum,shift_l2,0
204649,18.092694449936346,2,7006,sum,shift_l2,0
376804,18.09211358386985,1,7007,sum,shift_l2,0
116713,18.090628387272904,1,7008,sum,shift_l2,0
574380,18.088041167472834,1,7009,sum,shift_l2,0
842921,18.087504469054284,1,7010,sum,shift_l2,0
358400,18.083462343638633,1,7011,sum,shift_l2,0
524265,18.083403015514552,1,7012,sum,shift_l2,0
525536,18.080506854669522,1,7013,sum,shift_l2,0
592498,18.077144812260514,1,7014,sum,shift_l2,0
928953,18.07619235602761,1,7015,sum,shift_l2,0
989177,18.072819070689704,1,7016,sum,shift_l2,0
142071,18.06492845733563,1,7017,sum,shift_l2,0
4527,18.063041804497768,1,7018,sum,shift_l2,0
558274,18.061674168500137,1,7019,sum,shift_l2,0
444193,18.06126985499986,1,7020,sum,shift_l2,0
511504,18.05673043651565,1,7021,sum,shift_l2,0
378161,18.05481966993175,1,7022,sum,shift_l2,0
247978,18.051060374478773,1,7023,sum,shift_l2,0
982914,18.04854365042048,1,7024,sum,shift_l2,0
530386,18.04336251689329,1,7025,sum,shift_l2,0
661043,18.042831490357162,1,7026,sum,shift_l2,0
965975,18.04243999460296,1,7027,sum,shift_l2,0
3834,18.038475425320375,1,7028,sum,shift_l2,0
838315,18.025223785238634,1,7029,sum,shift_l2,0
80381,18.023219455656815,1,7030,sum,shift_l2,0
258436,18.019162512182223,1,7031,sum,shift_l2,0
700035,18.01797928232877,1,7032,sum,shift_l2,0
301163,18.013743097872407,1,7033,sum,shift_l2,0
637089,18.00753186562111,1,7034,sum,shift_l2,0
754448,18.007378803547926,1,7035,sum,shift_l2,0
164049,18.006826804587067,1,7036,sum,shift_l2,0
149047,18.005038284472445,1,7037,sum,shift_l2,0
274581,18.0026975318014,1,7038,sum,shift_l2,0
312890,18.001016910127174,1,7039,sum,shift_l2,0
752858,17.999016771650034,1,7040,sum,shift_l2,0
361260,17.99773822444615,1,7041,sum,shift_l2,0
388460,17.997266948722565,1,7042,sum,shift_l2,0
351241,17.9942033699472,1,7043,sum,shift_l2,0
107222,17.986316524583863,1,7044,sum,shift_l2,0
456975,17.98394809879153,1,7045,sum,shift_l2,0
600332,17.98360600854711,1,7046,sum,shift_l2,0
573180,17.961717471072458,1,7047,sum,shift_l2,0
966921,17.95804274047323,1,7048,sum,shift_l2,0
446415,17.954202636734504,1,7049,sum,shift_l2,0
28931,17.95393521284808,1,7050,sum,shift_l2,0
855435,17.94645320256404,1,7051,sum,shift_l2,0
566408,17.946273324038124,1,7052,sum,shift_l2,0
85848,17.94478561074337,1,7053,sum,shift_l2,0
325581,17.942565406643215,1,7054,sum,shift_l2,0
840630,17.94049359585758,1,7055,sum,shift_l2,0
568533,17.939887888219744,1,7056,sum,shift_l2,0
344174,17.93792201874594,1,7057,sum,shift_l2,0
674276,17.931912051681117,1,7058,sum,shift_l2,0
494201,17.92912883957322,1,7059,sum,shift_l2,0
921817,17.925909614928276,1,7060,sum,shift_l2,0
792704,17.922785380219945,1,7061,sum,shift_l2,0
855539,17.919778213228103,1,7062,sum,shift_l2,0
385648,17.916919807758624,1,7063,sum,shift_l2,0
825536,17.916312451084465,1,7064,sum,shift_l2,0
634588,17.915822644874037,1,7065,sum,shift_l2,0
887650,17.915712819168842,1,7066,sum,shift_l2,0
757941,17.91514063017332,1,7067,sum,shift_l2,0
612724,17.914994600167205,1,7068,sum,shift_l2,0
192757,17.912855888986098,1,7069,sum,shift_l2,0
368219,17.905225905071323,1,7070,sum,shift_l2,0
175341,17.90479857612873,1,7071,sum,shift_l2,0
499973,17.90279042023437,1,7072,sum,shift_l2,0
289543,17.899748667769963,1,7073,sum,shift_l2,0
489082,17.8965178948264,1,7074,sum,shift_l2,0
275865,17.89187431338959,1,7075,sum,shift_l2,0
637092,17.888727989894264,1,7076,sum,shift_l2,0
963159,17.886005289988493,1,7077,sum,shift_l2,0
68438,17.883031072210457,1,7078,sum,shift_l2,0
590613,17.876134565199052,1,7079,sum,shift_l2,0
741578,17.864213662493945,1,7080,sum,shift_l2,0
352292,17.86090766237633,1,7081,sum,shift_l2,0
570762,17.860882316068206,1,7082,sum,shift_l2,0
168715,17.855609986567195,1,7083,sum,shift_l2,0
116670,17.850255709459738,1,7084,sum,shift_l2,0
337293,17.85001107852973,1,7085,sum,shift_l2,0
366502,17.84349011782089,1,7086,sum,shift_l2,0
18469,17.84097490051954,1,7087,sum,shift_l2,0
958532,17.82891850317569,1,7088,sum,shift_l2,0
212998,17.82882969143473,1,7089,sum,shift_l2,0
477898,17.828264880671405,1,7090,sum,shift_l2,0
62326,17.8282486993237,1,7091,sum,shift_l2,0
193210,17.82168397950148,1,7092,sum,shift_l2,0
813280,17.816234542798984,1,7093,sum,shift_l2,0
117862,17.81239090889954,1,7094,sum,shift_l2,0
523252,17.809117197030627,1,7095,sum,shift_l2,0
961287,17.80910671179104,1,7096,sum,shift_l2,0
425607,17.807140460943724,1,7097,sum,shift_l2,0
553584,17.797643717030557,1,7098,sum,shift_l2,0
951990,17.773880295597827,1,7099,sum,shift_l2,0
270954,17.77385392725778,1,7100,sum,shift_l2,0
907383,17.772680322256065,1,7101,sum,shift_l2,0
325711,17.77117366012257,1,7102,sum,shift_l2,0
154895,17.770886399659073,1,7103,sum,shift_l2,0
988048,17.7683225770974,1,7104,sum,shift_l2,0
736930,17.763046531308568,1,7105,sum,shift_l2,0
311887,17.76218418489589,1,7106,sum,shift_l2,0
324936,17.755005971229536,1,7107,sum,shift_l2,0
274113,17.754468173045268,1,7108,sum,shift_l2,0
888795,17.753315279786165,1,7109,sum,shift_l2,0
886923,17.75288645763093,1,7110,sum,shift_l2,0
867878,17.751949698376258,1,7111,sum,shift_l2,0
927583,17.749385422547476,1,7112,sum,shift_l2,0
768302,17.739631210120827,1,7113,sum,shift_l2,0
374905,17.73941882826229,1,7114,sum,shift_l2,0
965973,17.738070137496692,1,7115,sum,shift_l2,0
122215,17.737547575597347,1,7116,sum,shift_l2,0
586150,17.732994172095168,1,7117,sum,shift_l2,0
838844,17.72749917726751,1,7118,sum,shift_l2,0
383768,17.72559639742118,1,7119,sum,shift_l2,0
847449,17.722957342242523,1,7120,sum,shift_l2,0
894082,17.718004552763162,1,7121,sum,shift_l2,0
677666,17.717123885739362,1,7122,sum,shift_l2,0
601496,17.712765391865968,1,7123,sum,shift_l2,0
242197,17.70537562012016,1,7124,sum,shift_l2,0
119566,17.704792532961473,1,7125,sum,shift_l2,0
604555,17.703437222303894,1,7126,sum,shift_l2,0
265676,17.688989557386712,1,7127,sum,shift_l2,0
308151,17.688817735448314,1,7128,sum,shift_l2,0
266609,17.68790697841585,1,7129,sum,shift_l2,0
995696,17.68577360268161,1,7130,sum,shift_l2,0
315929,17.685406442850255,1,7131,sum,shift_l2,0
132778,17.684931137331166,1,7132,sum,shift_l2,0
709044,17.682535660448703,1,7133,sum,shift_l2,0
399082,17.681735927196105,1,7134,sum,shift_l2,0
506982,17.678774604064134,1,7135,sum,shift_l2,0
659897,17.674379929979786,1,7136,sum,shift_l2,0
756962,17.673997837039717,1,7137,sum,shift_l2,0
246205,17.673620009933177,1,7138,sum,shift_l2,0
101408,17.663957400918296,1,7139,sum,shift_l2,0
57159,17.66364776414621,1,7140,sum,shift_l2,0
484759,17.654375872612114,1,7141,sum,shift_l2,0
228778,17.6524092788957,1,7142,sum,shift_l2,0
142264,17.649898669747277,1,7143,sum,shift_l2,0
350078,17.649342753898566,1,7144,sum,shift_l2,0
778116,17.649197999600204,1,7145,sum,shift_l2,0
482968,17.64906046760473,1,7146,sum,shift_l2,0
358921,17.645333285407478,1,7147,sum,shift_l2,0
692773,17.644982052630233,1,7148,sum,shift_l2,0
175040,17.64416956153807,1,7149,sum,shift_l2,0
311636,17.6429925657582,1,7150,sum,shift_l2,0
82080,17.64200058519724,1,7151,sum,shift_l2,0
936793,17.629122880345196,1,7152,sum,shift_l2,0
79529,17.619957759528344,1,7153,sum,shift_l2,0
202688,17.615642899792327,1,7154,sum,shift_l2,0
105964,17.612172650336717,1,7155,sum,shift_l2,0
14252,17.60437397661188,1,7156,sum,shift_l2,0
984953,17.60381155722428,1,7157,sum,shift_l2,0
140825,17.594472956162644,1,7158,sum,shift_l2,0
20071,17.5929935921026,1,7159,sum,shift_l2,0
181407,17.588720735107273,1,7160,sum,shift_l2,0
766499,17.58491851165124,1,7161,sum,shift_l2,0
174799,17.584719326896884,1,7162,sum,shift_l2,0
839466,17.58359400234513,2,7163,sum,shift_l2,0
43215,17.5786187241492,1,7164,sum,shift_l2,0
642165,17.56717559948927,1,7165,sum,shift_l2,0
638979,17.566743083950463,1,7166,sum,shift_l2,0
926432,17.565010526461876,1,7167,sum,shift_l2,0
237548,17.563410658671277,1,7168,sum,shift_l2,0
368854,17.559510904886128,1,7169,sum,shift_l2,0
216632,17.559260713338865,1,7170,sum,shift_l2,0
298854,17.556895579034435,1,7171,sum,shift_l2,0
870653,17.554474798658028,1,7172,sum,shift_l2,0
492995,17.546908117512213,1,7173,sum,shift_l2,0
996182,17.546415093092904,1,7174,sum,shift_l2,0
760987,17.541562254992616,1,7175,sum,shift_l2,0
702363,17.53827026318936,2,7176,sum,shift_l2,0
342127,17.527804719605797,1,7177,sum,shift_l2,0
4873,17.524778338885195,1,7178,sum,shift_l2,0
103766,17.523323970515516,1,7179,sum,shift_l2,0
511483,17.52318157119985,1,7180,sum,shift_l2,0
260760,17.52315048514474,1,7181,sum,shift_l2,0
269448,17.516898853750206,1,7182,sum,shift_l2,0
482435,17.515387273757995,1,7183,sum,shift_l2,0
169228,17.513897463498,1,7184,sum,shift_l2,0
628521,17.50149625721259,1,7185,sum,shift_l2,0
554786,17.499782602890054,1,7186,sum,shift_l2,0
946074,17.499280169944925,2,7187,sum,shift_l2,0
484758,17.498633959506183,1,7188,sum,shift_l2,0
399068,17.490767830836457,1,7189,sum,shift_l2,0
163194,17.489786095033107,1,7190,sum,shift_l2,0
511791,17.48653825864376,2,7191,sum,shift_l2,0
471976,17.479127422186004,1,7192,sum,shift_l2,0
588484,17.47746228570343,1,7193,sum,shift_l2,0
379128,17.476697395984193,1,7194,sum,shift_l2,0
843494,17.47273121617684,1,7195,sum,shift_l2,0
970581,17.467644567728964,1,7196,sum,shift_l2,0
133854,17.467025424312393,1,7197,sum,shift_l2,0
88665,17.46354729502271,1,7198,sum,shift_l2,0
596416,17.45876180731348,1,7199,sum,shift_l2,0
797870,17.453166475181185,1,7200,sum,shift_l2,0
699103,17.448406034014734,1,7201,sum,shift_l2,0
232716,17.443484787854285,1,7202,sum,shift_l2,0
240416,17.441779517600267,1,7203,sum,shift_l2,0
409159,17.433919852020146,2,7204,sum,shift_l2,0
270951,17.4332039389922,1,7205,sum,shift_l2,0
318250,17.429719740757264,1,7206,sum,shift_l2,0
343104,17.428042148352375,1,7207,sum,shift_l2,0
14294,17.42796494984694,1,7208,sum,shift_l2,0
877174,17.42737786327115,1,7209,sum,shift_l2,0
498809,17.422756656600477,1,7210,sum,shift_l2,0
814914,17.419927180907152,2,7211,sum,shift_l2,0
606442,17.416141523887482,1,7212,sum,shift_l2,0
553245,17.414750515902828,1,7213,sum,shift_l2,0
818563,17.41107487109302,1,7214,sum,shift_l2,0
583188,17.407749787039073,1,7215,sum,shift_l2,0
150207,17.402669230255015,1,7216,sum,shift_l2,0
845797,17.401532645731063,1,7217,sum,shift_l2,0
107042,17.401124649451255,1,7218,sum,shift_l2,0
548341,17.39852351929982,1,7219,sum,shift_l2,0
201378,17.397655339626535,1,7220,sum,shift_l2,0
750874,17.395563146485728,1,7221,sum,shift_l2,0
981229,17.38431267725275,1,7222,sum,shift_l2,0
800839,17.38304617611845,1,7223,sum,shift_l2,0
209296,17.382580114010608,1,7224,sum,shift_l2,0
914846,17.378164837548933,1,7225,sum,shift_l2,0
571280,17.37725703466147,1,7226,sum,shift_l2,0
840475,17.36351402429118,1,7227,sum,shift_l2,0
817356,17.361706625062084,1,7228,sum,shift_l2,0
784702,17.360827195941766,1,7229,sum,shift_l2,0
675472,17.35066757996983,1,7230,sum,shift_l2,0
205536,17.349422921328408,1,7231,sum,shift_l2,0
13807,17.345230492210355,1,7232,sum,shift_l2,0
21141,17.344810408833872,1,7233,sum,shift_l2,0
655867,17.339122509162518,1,7234,sum,shift_l2,0
184619,17.33835412165467,1,7235,sum,shift_l2,0
109579,17.332949948210214,1,7236,sum,shift_l2,0
258271,17.328897637201525,1,7237,sum,shift_l2,0
229223,17.323766681312645,1,7238,sum,shift_l2,0
123909,17.322421928947886,1,7239,sum,shift_l2,0
46829,17.31573682978154,1,7240,sum,shift_l2,0
473071,17.311845146471715,1,7241,sum,shift_l2,0
530185,17.310608251387315,1,7242,sum,shift_l2,0
775565,17.303134418118265,1,7243,sum,shift_l2,0
698877,17.280859228654517,1,7244,sum,shift_l2,0
519548,17.276652624040477,1,7245,sum,shift_l2,0
435958,17.274195276051376,1,7246,sum,shift_l2,0
940196,17.271613986016742,1,7247,sum,shift_l2,0
215322,17.266114475006443,1,7248,sum,shift_l2,0
145472,17.263048116252488,1,7249,sum,shift_l2,0
942886,17.259244036734923,1,7250,sum,shift_l2,0
715141,17.24557685537766,1,7251,sum,shift_l2,0
211690,17.241065851124247,1,7252,sum,shift_l2,0
319902,17.229571108007335,1,7253,sum,shift_l2,0
118389,17.22814413495957,1,7254,sum,shift_l2,0
610788,17.226636742502958,1,7255,sum,shift_l2,0
303631,17.214709753697637,1,7256,sum,shift_l2,0
768216,17.208929951285743,1,7257,sum,shift_l2,0
937616,17.207917974056908,1,7258,sum,shift_l2,0
523940,17.206616457827298,1,7259,sum,shift_l2,0
513809,17.19867747994195,1,7260,sum,shift_l2,0
3066,17.178815961107375,1,7261,sum,shift_l2,0
74871,17.15891272257964,1,7262,sum,shift_l2,0
834664,17.138096777988963,1,7263,sum,shift_l2,0
883429,17.137896828036745,1,7264,sum,shift_l2,0
799960,17.129840470209736,2,7265,sum,shift_l2,0
84403,17.124506897436426,1,7266,sum,shift_l2,0
860622,17.12363589997592,1,7267,sum,shift_l2,0
238519,17.120111550814528,1,7268,sum,shift_l2,0
646207,17.109745882236865,1,7269,sum,shift_l2,0
652015,17.08889254901451,1,7270,sum,shift_l2,0
202703,17.088131107864932,1,7271,sum,shift_l2,0
36525,17.084981974475532,1,7272,sum,shift_l2,0
541068,17.07218408697104,1,7273,sum,shift_l2,0
216013,17.071659592571777,1,7274,sum,shift_l2,0
389130,17.069033154667693,1,7275,sum,shift_l2,0
457178,17.058723315406848,1,7276,sum,shift_l2,0
459198,17.052946479781657,1,7277,sum,shift_l2,0
449002,17.044744083178713,1,7278,sum,shift_l2,0
509427,17.042092468598156,1,7279,sum,shift_l2,0
289839,17.038867033852895,1,7280,sum,shift_l2,0
338460,17.03693528895625,1,7281,sum,shift_l2,0
580576,17.032228945921624,1,7282,sum,shift_l2,0
990764,17.025255038607007,1,7283,sum,shift_l2,0
904388,17.024968248378148,1,7284,sum,shift_l2,0
544168,17.01876365696954,1,7285,sum,shift_l2,0
152540,17.01541025515987,1,7286,sum,shift_l2,0
693056,17.014463472027607,1,7287,sum,shift_l2,0
866004,17.012898143018248,1,7288,sum,shift_l2,0
393796,17.0080304449009,1,7289,sum,shift_l2,0
510322,17.005375162555616,1,7290,sum,shift_l2,0
679652,17.001750494420616,1,7291,sum,shift_l2,0
861264,16.996818191357068,1,7292,sum,shift_l2,0
81562,16.993077213093247,1,7293,sum,shift_l2,0
931801,16.99303884772757,1,7294,sum,shift_l2,0
795311,16.984378531301406,1,7295,sum,shift_l2,0
467477,16.978907157582594,1,7296,sum,shift_l2,0
686962,16.960285702600473,1,7297,sum,shift_l2,0
348950,16.93586223031955,1,7298,sum,shift_l2,0
776567,16.927032121524167,1,7299,sum,shift_l2,0
568442,16.924872009205682,1,7300,sum,shift_l2,0
208205,16.91940873690535,1,7301,sum,shift_l2,0
236927,16.91898018935769,1,7302,sum,shift_l2,0
392889,16.917030690648108,1,7303,sum,shift_l2,0
584709,16.91564050277722,1,7304,sum,shift_l2,0
948396,16.91312347924442,1,7305,sum,shift_l2,0
124643,16.907525799085864,1,7306,sum,shift_l2,0
116704,16.906237589789754,1,7307,sum,shift_l2,0
270969,16.904573001245442,1,7308,sum,shift_l2,0
728891,16.90249575090942,1,7309,sum,shift_l2,0
841422,16.89779983581497,1,7310,sum,shift_l2,0
476935,16.885232590205522,1,7311,sum,shift_l2,0
751166,16.878921115754103,1,7312,sum,shift_l2,0
892549,16.873220375251606,1,7313,sum,shift_l2,0
808331,16.87123977135019,1,7314,sum,shift_l2,0
10033,16.867906624735042,1,7315,sum,shift_l2,0
296617,16.86192915806531,1,7316,sum,shift_l2,0
611090,16.860658003279703,1,7317,sum,shift_l2,0
111864,16.85784659389295,1,7318,sum,shift_l2,0
455854,16.8566125503225,1,7319,sum,shift_l2,0
871075,16.85350106211127,1,7320,sum,shift_l2,0
895093,16.850150532369575,1,7321,sum,shift_l2,0
641733,16.841906923640757,1,7322,sum,shift_l2,0
175600,16.831499665052085,1,7323,sum,shift_l2,0
569879,16.822087518124576,1,7324,sum,shift_l2,0
215103,16.821402999755392,1,7325,sum,shift_l2,0
203575,16.820561705663145,1,7326,sum,shift_l2,0
738074,16.813824769422624,2,7327,sum,shift_l2,0
360961,16.81139341255266,1,7328,sum,shift_l2,0
862720,16.80871306299451,1,7329,sum,shift_l2,0
446525,16.80615721881482,1,7330,sum,shift_l2,0
33831,16.80592022113572,1,7331,sum,shift_l2,0
297605,16.798071594456037,1,7332,sum,shift_l2,0
924816,16.797003892660594,1,7333,sum,shift_l2,0
230815,16.79414861400949,1,7334,sum,shift_l2,0
704523,16.79154153846159,1,7335,sum,shift_l2,0
893158,16.782067392177854,1,7336,sum,shift_l2,0
770759,16.77555920951203,1,7337,sum,shift_l2,0
492027,16.761172484728924,1,7338,sum,shift_l2,0
539375,16.755867336328258,1,7339,sum,shift_l2,0
148597,16.748403375345582,1,7340,sum,shift_l2,0
462613,16.746819371924243,1,7341,sum,shift_l2,0
174436,16.74059382431562,1,7342,sum,shift_l2,0
692128,16.716002547012224,1,7343,sum,shift_l2,0
416303,16.69490406806337,1,7344,sum,shift_l2,0
490834,16.686457715959897,1,7345,sum,shift_l2,0
709042,16.670274838736653,1,7346,sum,shift_l2,0
521076,16.659369536468713,1,7347,sum,shift_l2,0
700906,16.65801606716066,1,7348,sum,shift_l2,0
33561,16.64865917103306,1,7349,sum,shift_l2,0
102997,16.64743352546503,1,7350,sum,shift_l2,0
99087,16.64202333404255,1,7351,sum,shift_l2,0
847411,16.641722214482677,1,7352,sum,shift_l2,0
523103,16.636568974952617,1,7353,sum,shift_l2,0
190448,16.634223052256168,1,7354,sum,shift_l2,0
684623,16.63396717937513,2,7355,sum,shift_l2,0
87665,16.629581248434267,1,7356,sum,shift_l2,0
851624,16.624315390974367,1,7357,sum,shift_l2,0
517295,16.61060097687727,1,7358,sum,shift_l2,0
744179,16.60886964874347,1,7359,sum,shift_l2,0
444087,16.60646785451311,1,7360,sum,shift_l2,0
724397,16.595451367542278,1,7361,sum,shift_l2,0
752018,16.592726432725765,1,7362,sum,shift_l2,0
387083,16.579160467965263,1,7363,sum,shift_l2,0
37048,16.576742110384536,2,7364,sum,shift_l2,0
406009,16.564379432316915,1,7365,sum,shift_l2,0
52167,16.56308370184274,1,7366,sum,shift_l2,0
725601,16.538522284523278,1,7367,sum,shift_l2,0
795028,16.536762841297072,1,7368,sum,shift_l2,0
30075,16.525749513246442,1,7369,sum,shift_l2,0
738178,16.51855277009138,1,7370,sum,shift_l2,0
504512,16.51026254044587,1,7371,sum,shift_l2,0
898434,16.505538885423537,1,7372,sum,shift_l2,0
336127,16.504762477507292,1,7373,sum,shift_l2,0
605627,16.502311663456727,1,7374,sum,shift_l2,0
484762,16.50182949742672,1,7375,sum,shift_l2,0
251507,16.501443603187916,1,7376,sum,shift_l2,0
765964,16.499890490034478,1,7377,sum,shift_l2,0
627982,16.49911026498559,1,7378,sum,shift_l2,0
164314,16.497837158717246,1,7379,sum,shift_l2,0
43496,16.497835974987787,1,7380,sum,shift_l2,0
871079,16.49500131165072,1,7381,sum,shift_l2,0
587033,16.493946281174825,1,7382,sum,shift_l2,0
82710,16.48744744034942,1,7383,sum,shift_l2,0
632632,16.48273867158856,1,7384,sum,shift_l2,0
395397,16.47820875859972,1,7385,sum,shift_l2,0
728882,16.470991979591126,1,7386,sum,shift_l2,0
639600,16.453294126308883,1,7387,sum,shift_l2,0
389150,16.450802058015032,1,7388,sum,shift_l2,0
49316,16.44893341441212,1,7389,sum,shift_l2,0
734521,16.4442687709012,1,7390,sum,shift_l2,0
602228,16.437284374318757,1,7391,sum,shift_l2,0
565084,16.432523046066372,1,7392,sum,shift_l2,0
579719,16.430536556520327,1,7393,sum,shift_l2,0
386806,16.422575733232822,1,7394,sum,shift_l2,0
950723,16.416756446653643,1,7395,sum,shift_l2,0
839479,16.406840179052598,1,7396,sum,shift_l2,0
434453,16.40115239524836,1,7397,sum,shift_l2,0
551103,16.398012884200195,1,7398,sum,shift_l2,0
968458,16.39378116967391,1,7399,sum,shift_l2,0
921776,16.379566441590796,1,7400,sum,shift_l2,0
919277,16.378700831088082,1,7401,sum,shift_l2,0
150215,16.37494674165517,1,7402,sum,shift_l2,0
304022,16.36397626638671,1,7403,sum,shift_l2,0
491999,16.36380909063581,1,7404,sum,shift_l2,0
288680,16.363053748435057,1,7405,sum,shift_l2,0
418823,16.345937549589635,1,7406,sum,shift_l2,0
253626,16.343216907929744,1,7407,sum,shift_l2,0
993731,16.32891313074947,1,7408,sum,shift_l2,0
689382,16.31735576148331,1,7409,sum,shift_l2,0
868236,16.29231278423351,1,7410,sum,shift_l2,0
310726,16.290276794300766,1,7411,sum,shift_l2,0
782344,16.273511135657277,1,7412,sum,shift_l2,0
95421,16.271362761236418,1,7413,sum,shift_l2,0
598567,16.265797582047437,1,7414,sum,shift_l2,0
946380,16.264299050123263,1,7415,sum,shift_l2,0
110255,16.2615638287211,1,7416,sum,shift_l2,0
96652,16.25990465274695,1,7417,sum,shift_l2,0
934749,16.25431016969665,1,7418,sum,shift_l2,0
301699,16.252454974711068,1,7419,sum,shift_l2,0
968082,16.22669780155033,1,7420,sum,shift_l2,0
182948,16.216171768542743,1,7421,sum,shift_l2,0
746476,16.21426952780826,1,7422,sum,shift_l2,0
925160,16.208573197984407,1,7423,sum,shift_l2,0
255216,16.207535435946543,1,7424,sum,shift_l2,0
164045,16.20635161887497,1,7425,sum,shift_l2,0
353555,16.1991874075217,1,7426,sum,shift_l2,0
712513,16.184281087457272,1,7427,sum,shift_l2,0
83014,16.182915190861184,1,7428,sum,shift_l2,0
118834,16.176782160471667,1,7429,sum,shift_l2,0
755182,16.17367649059984,1,7430,sum,shift_l2,0
784214,16.170056045615727,1,7431,sum,shift_l2,0
705641,16.165185508730193,1,7432,sum,shift_l2,0
85867,16.163612094068984,1,7433,sum,shift_l2,0
943748,16.161309453252322,1,7434,sum,shift_l2,0
684933,16.152611042393136,1,7435,sum,shift_l2,0
300103,16.151990905936007,1,7436,sum,shift_l2,0
231739,16.14610622859747,1,7437,sum,shift_l2,0
84168,16.142597597118797,1,7438,sum,shift_l2,0
296535,16.139080190850347,1,7439,sum,shift_l2,0
327888,16.135209558528818,1,7440,sum,shift_l2,0
674180,16.132581988210735,1,7441,sum,shift_l2,0
352601,16.12298277215509,1,7442,sum,shift_l2,0
616171,16.102170300223886,1,7443,sum,shift_l2,0
620088,16.101780138119526,1,7444,sum,shift_l2,0
297976,16.099251070121436,1,7445,sum,shift_l2,0
13132,16.092039711027983,1,7446,sum,shift_l2,0
621876,16.08511845583312,1,7447,sum,shift_l2,0
207308,16.081471382396714,1,7448,sum,shift_l2,0
330316,16.079328040135334,1,7449,sum,shift_l2,0
117243,16.077938363524417,1,7450,sum,shift_l2,0
691739,16.072824085056936,1,7451,sum,shift_l2,0
885956,16.07061754924791,1,7452,sum,shift_l2,0
541962,16.064110804885978,1,7453,sum,shift_l2,0
168711,16.0602562662352,1,7454,sum,shift_l2,0
397542,16.056285174868897,1,7455,sum,shift_l2,0
716817,16.048915365548694,1,7456,sum,shift_l2,0
416495,16.04766593059062,1,7457,sum,shift_l2,0
10321,16.04139389960086,1,7458,sum,shift_l2,0
136,16.03353467905085,1,7459,sum,shift_l2,0
897269,16.033470457030802,1,7460,sum,shift_l2,0
704396,16.031030788029,1,7461,sum,shift_l2,0
381876,16.02963309403101,1,7462,sum,shift_l2,0
135013,16.018097259253235,1,7463,sum,shift_l2,0
235764,16.011917341106248,1,7464,sum,shift_l2,0
430148,16.01116591714668,1,7465,sum,shift_l2,0
244521,16.00308731185368,1,7466,sum,shift_l2,0
789223,16.000847464672795,1,7467,sum,shift_l2,0
327566,15.993883759379441,1,7468,sum,shift_l2,0
430443,15.985742122767993,1,7469,sum,shift_l2,0
469951,15.984307341046652,1,7470,sum,shift_l2,0
286591,15.98303279121513,1,7471,sum,shift_l2,0
967824,15.970218430167144,1,7472,sum,shift_l2,0
652020,15.969484061111324,1,7473,sum,shift_l2,0
700821,15.951457004955612,1,7474,sum,shift_l2,0
589338,15.9508188863156,1,7475,sum,shift_l2,0
17748,15.950547747880226,1,7476,sum,shift_l2,0
682299,15.949180973188652,1,7477,sum,shift_l2,0
381445,15.940554688552982,1,7478,sum,shift_l2,0
897372,15.939697244790713,1,7479,sum,shift_l2,0
989365,15.938751264861452,1,7480,sum,shift_l2,0
195957,15.938564095210559,1,7481,sum,shift_l2,0
947337,15.933075428045866,1,7482,sum,shift_l2,0
567557,15.932970960719553,1,7483,sum,shift_l2,0
917322,15.923611463873996,1,7484,sum,shift_l2,0
587119,15.918587394191881,1,7485,sum,shift_l2,0
229262,15.917901739097134,1,7486,sum,shift_l2,0
470928,15.91370577975372,1,7487,sum,shift_l2,0
709024,15.910060702634429,1,7488,sum,shift_l2,0
773047,15.896782598744807,1,7489,sum,shift_l2,0
78368,15.896492207495198,1,7490,sum,shift_l2,0
382610,15.888213433031817,1,7491,sum,shift_l2,0
912641,15.879524582244592,1,7492,sum,shift_l2,0
115390,15.871056048073141,1,7493,sum,shift_l2,0
663383,15.870274253735225,1,7494,sum,shift_l2,0
708170,15.860921023214678,1,7495,sum,shift_l2,0
419616,15.857762647811226,1,7496,sum,shift_l2,0
904344,15.853664858735872,1,7497,sum,shift_l2,0
749963,15.849794226162897,1,7498,sum,shift_l2,0
98120,15.843826684450294,1,7499,sum,shift_l2,0
73710,15.840621938316959,1,7500,sum,shift_l2,0
755607,15.834634990902433,1,7501,sum,shift_l2,0
496914,15.830472522950929,1,7502,sum,shift_l2,0
247369,15.828895789856775,1,7503,sum,shift_l2,0
238563,15.824189010148308,1,7504,sum,shift_l2,0
87653,15.821404256095626,1,7505,sum,shift_l2,0
669630,15.820304462819518,1,7506,sum,shift_l2,0
355888,15.817711100775051,1,7507,sum,shift_l2,0
533223,15.806432569656511,1,7508,sum,shift_l2,0
972728,15.796102337687763,1,7509,sum,shift_l2,0
113217,15.795157922179817,1,7510,sum,shift_l2,0
150104,15.793889428283247,1,7511,sum,shift_l2,0
85865,15.79145872700811,1,7512,sum,shift_l2,0
813749,15.790155370026648,1,7513,sum,shift_l2,0
956797,15.786962059762839,1,7514,sum,shift_l2,0
518133,15.783717988609915,1,7515,sum,shift_l2,0
48383,15.77553373145409,1,7516,sum,shift_l2,0
89694,15.774939597489404,1,7517,sum,shift_l2,0
803968,15.767842902804905,1,7518,sum,shift_l2,0
895481,15.766061387153545,1,7519,sum,shift_l2,0
113230,15.764124779805535,1,7520,sum,shift_l2,0
76570,15.749065495675051,1,7521,sum,shift_l2,0
846284,15.747912226385813,1,7522,sum,shift_l2,0
806633,15.733226268964366,1,7523,sum,shift_l2,0
164158,15.721089158354475,1,7524,sum,shift_l2,0
496522,15.715084930438687,1,7525,sum,shift_l2,0
400467,15.700260880405875,1,7526,sum,shift_l2,0
341936,15.694277035306511,1,7527,sum,shift_l2,0
615725,15.688558721866759,1,7528,sum,shift_l2,0
356597,15.682294058440538,1,7529,sum,shift_l2,0
751152,15.664241068685635,1,7530,sum,shift_l2,0
399067,15.663378384027592,1,7531,sum,shift_l2,0
691271,15.663323239076606,1,7532,sum,shift_l2,0
744707,15.658197963431848,1,7533,sum,shift_l2,0
878973,15.623758471089346,1,7534,sum,shift_l2,0
193204,15.615425051446373,1,7535,sum,shift_l2,0
749372,15.61155348810666,1,7536,sum,shift_l2,0
52760,15.607723859246516,1,7537,sum,shift_l2,0
755504,15.605731014245338,1,7538,sum,shift_l2,0
830182,15.599607376356477,1,7539,sum,shift_l2,0
705558,15.59167235128673,1,7540,sum,shift_l2,0
141103,15.582799076654988,1,7541,sum,shift_l2,0
688420,15.578697018708116,1,7542,sum,shift_l2,0
114190,15.577299393367142,1,7543,sum,shift_l2,0
362751,15.575804790800637,1,7544,sum,shift_l2,0
307271,15.572532057166919,1,7545,sum,shift_l2,0
678960,15.568539755585974,1,7546,sum,shift_l2,0
788061,15.567647680286164,1,7547,sum,shift_l2,0
135815,15.561643307900821,1,7548,sum,shift_l2,0
853116,15.560677341293616,1,7549,sum,shift_l2,0
83526,15.559400246233558,1,7550,sum,shift_l2,0
803412,15.557320846591164,1,7551,sum,shift_l2,0
954313,15.557165907001787,1,7552,sum,shift_l2,0
106256,15.556077924946996,1,7553,sum,shift_l2,0
220645,15.553055249700039,1,7554,sum,shift_l2,0
405761,15.550182913400214,1,7555,sum,shift_l2,0
919350,15.546724070719133,1,7556,sum,shift_l2,0
464660,15.536776827760763,1,7557,sum,shift_l2,0
900685,15.525102396376115,1,7558,sum,shift_l2,0
998506,15.519316184158983,1,7559,sum,shift_l2,0
183912,15.516046278062099,1,7560,sum,shift_l2,0
194366,15.512284239886634,1,7561,sum,shift_l2,0
201765,15.508657366287414,1,7562,sum,shift_l2,0
228100,15.508597842762592,1,7563,sum,shift_l2,0
755164,15.5028555855377,1,7564,sum,shift_l2,0
716529,15.49596928053352,1,7565,sum,shift_l2,0
758140,15.495966319036201,1,7566,sum,shift_l2,0
738184,15.49467207575889,1,7567,sum,shift_l2,0
894316,15.486780621029459,1,7568,sum,shift_l2,0
504621,15.478821632276665,1,7569,sum,shift_l2,0
38661,15.472304773289954,1,7570,sum,shift_l2,0
872525,15.471889602300136,1,7571,sum,shift_l2,0
66371,15.470425286783597,1,7572,sum,shift_l2,0
176931,15.467062485739746,1,7573,sum,shift_l2,0
873401,15.466275810597311,1,7574,sum,shift_l2,0
390313,15.465234579001521,1,7575,sum,shift_l2,0
926466,15.459232578353273,1,7576,sum,shift_l2,0
610792,15.454673210420477,1,7577,sum,shift_l2,0
838024,15.446547473664767,1,7578,sum,shift_l2,0
432486,15.4452480734331,1,7579,sum,shift_l2,0
402567,15.445238131315527,1,7580,sum,shift_l2,0
778418,15.433706928879364,1,7581,sum,shift_l2,0
751394,15.432346975275083,1,7582,sum,shift_l2,0
189543,15.424732128992053,1,7583,sum,shift_l2,0
580341,15.419203880342328,1,7584,sum,shift_l2,0
662689,15.413214899008276,1,7585,sum,shift_l2,0
396555,15.408511132366627,1,7586,sum,shift_l2,0
520152,15.405910044034215,1,7587,sum,shift_l2,0
138499,15.403260143813636,1,7588,sum,shift_l2,0
170151,15.400927340193023,1,7589,sum,shift_l2,0
210836,15.393412307844743,1,7590,sum,shift_l2,0
905701,15.393334673272236,1,7591,sum,shift_l2,0
482730,15.390832511981015,1,7592,sum,shift_l2,0
453400,15.390806796365105,1,7593,sum,shift_l2,0
845516,15.386770805473633,1,7594,sum,shift_l2,0
146763,15.38673596794966,1,7595,sum,shift_l2,0
108581,15.384652164685134,1,7596,sum,shift_l2,0
999637,15.378989582822754,1,7597,sum,shift_l2,0
612847,15.378713824983825,1,7598,sum,shift_l2,0
813710,15.377187910944826,1,7599,sum,shift_l2,0
656735,15.371012397577376,1,7600,sum,shift_l2,0
657999,15.369979177934365,1,7601,sum,shift_l2,0
891390,15.365802148327564,1,7602,sum,shift_l2,0
719631,15.364811868836307,1,7603,sum,shift_l2,0
355705,15.35695643269188,1,7604,sum,shift_l2,0
262475,15.355266816981663,1,7605,sum,shift_l2,0
28205,15.354039849491233,1,7606,sum,shift_l2,0
93987,15.352461427957694,1,7607,sum,shift_l2,0
601107,15.35023008893998,1,7608,sum,shift_l2,0
626526,15.349763488750993,1,7609,sum,shift_l2,0
921779,15.348667530718863,1,7610,sum,shift_l2,0
951882,15.347118805203927,1,7611,sum,shift_l2,0
512953,15.337293187509255,1,7612,sum,shift_l2,0
517442,15.333276461433623,1,7613,sum,shift_l2,0
743886,15.331898081923873,1,7614,sum,shift_l2,0
939412,15.331390648731514,1,7615,sum,shift_l2,0
276416,15.330990010065696,1,7616,sum,shift_l2,0
372879,15.323366104806901,1,7617,sum,shift_l2,0
956840,15.319607518255737,1,7618,sum,shift_l2,0
363926,15.315209508113208,1,7619,sum,shift_l2,0
766065,15.312187148854225,1,7620,sum,shift_l2,0
907387,15.30614977911836,1,7621,sum,shift_l2,0
965934,15.301208326862563,1,7622,sum,shift_l2,0
709127,15.294319839480352,2,7623,sum,shift_l2,0
664870,15.287628333533766,1,7624,sum,shift_l2,0
131618,15.285764925419626,1,7625,sum,shift_l2,0
511505,15.28565553483502,1,7626,sum,shift_l2,0
211957,15.28406902836128,1,7627,sum,shift_l2,0
350115,15.283146337729972,1,7628,sum,shift_l2,0
877171,15.283028202538924,1,7629,sum,shift_l2,0
58616,15.27835589260783,1,7630,sum,shift_l2,0
517440,15.272565168926544,1,7631,sum,shift_l2,0
216012,15.255327651438133,1,7632,sum,shift_l2,0
245686,15.25444611005458,1,7633,sum,shift_l2,0
54192,15.246224622215557,1,7634,sum,shift_l2,0
54922,15.24545756491909,1,7635,sum,shift_l2,0
227629,15.24038743525436,1,7636,sum,shift_l2,0
84959,15.239984070070127,1,7637,sum,shift_l2,0
44018,15.219549884985263,1,7638,sum,shift_l2,0
95592,15.218039442015423,1,7639,sum,shift_l2,0
452755,15.209342357396526,1,7640,sum,shift_l2,0
269892,15.205633884027293,1,7641,sum,shift_l2,0
536704,15.20380019007003,1,7642,sum,shift_l2,0
511144,15.201658474008733,1,7643,sum,shift_l2,0
222455,15.196919979801628,2,7644,sum,shift_l2,0
418453,15.195235739133272,1,7645,sum,shift_l2,0
137464,15.19519804725907,1,7646,sum,shift_l2,0
596578,15.19084850885097,1,7647,sum,shift_l2,0
393497,15.183737279740955,1,7648,sum,shift_l2,0
362423,15.179399129999002,1,7649,sum,shift_l2,0
834827,15.177072504923217,1,7650,sum,shift_l2,0
308970,15.16953007223791,1,7651,sum,shift_l2,0
17010,15.162904501988931,1,7652,sum,shift_l2,0
662693,15.15931025727441,1,7653,sum,shift_l2,0
817926,15.15029531218984,1,7654,sum,shift_l2,0
241920,15.149804954783864,1,7655,sum,shift_l2,0
783503,15.137115621937799,1,7656,sum,shift_l2,0
370885,15.129968524752421,1,7657,sum,shift_l2,0
867594,15.128371633751971,1,7658,sum,shift_l2,0
420956,15.118953171334802,1,7659,sum,shift_l2,0
853381,15.10594206512701,1,7660,sum,shift_l2,0
181788,15.098483304662917,1,7661,sum,shift_l2,0
645048,15.097721610981603,1,7662,sum,shift_l2,0
17741,15.09441431208862,1,7663,sum,shift_l2,0
470473,15.090111890546437,1,7664,sum,shift_l2,0
510588,15.082331249298338,1,7665,sum,shift_l2,0
488782,15.07599298944052,1,7666,sum,shift_l2,0
70192,15.07383494893053,1,7667,sum,shift_l2,0
589272,15.069710017259075,1,7668,sum,shift_l2,0
324333,15.063287851711646,1,7669,sum,shift_l2,0
235236,15.061785899982782,1,7670,sum,shift_l2,0
266597,15.056130730467148,1,7671,sum,shift_l2,0
734691,15.052215266368108,1,7672,sum,shift_l2,0
535261,15.050312727323876,1,7673,sum,shift_l2,0
887107,15.044171331109583,1,7674,sum,shift_l2,0
853948,15.041076862306396,1,7675,sum,shift_l2,0
300017,15.040943019362572,1,7676,sum,shift_l2,0
889401,15.037729626753256,1,7677,sum,shift_l2,0
141968,15.02746845166206,1,7678,sum,shift_l2,0
261313,15.025376506872984,1,7679,sum,shift_l2,0
206185,15.019642495043666,1,7680,sum,shift_l2,0
330317,15.010843800089937,1,7681,sum,shift_l2,0
834449,14.993496678235946,1,7682,sum,shift_l2,0
828713,14.99234171371507,1,7683,sum,shift_l2,0
66546,14.986099213134544,1,7684,sum,shift_l2,0
55355,14.985547709907568,1,7685,sum,shift_l2,0
150409,14.98548686412064,1,7686,sum,shift_l2,0
135816,14.984901113161182,1,7687,sum,shift_l2,0
317964,14.984143274255983,1,7688,sum,shift_l2,0
654071,14.979580177857358,1,7689,sum,shift_l2,0
306992,14.972903171364209,1,7690,sum,shift_l2,0
85566,14.957852917951215,1,7691,sum,shift_l2,0
753201,14.955700537479386,1,7692,sum,shift_l2,0
441780,14.953512977836985,1,7693,sum,shift_l2,0
206416,14.952336512714743,1,7694,sum,shift_l2,0
949234,14.95054710208609,1,7695,sum,shift_l2,0
535999,14.948205055159162,1,7696,sum,shift_l2,0
611683,14.944467358863761,1,7697,sum,shift_l2,0
612599,14.937965415124177,1,7698,sum,shift_l2,0
730780,14.937598163222363,1,7699,sum,shift_l2,0
408888,14.935881995285444,1,7700,sum,shift_l2,0
437118,14.934473594025068,1,7701,sum,shift_l2,0
217808,14.932028975011978,1,7702,sum,shift_l2,0
131807,14.92729033294852,1,7703,sum,shift_l2,0
878822,14.927038182437697,1,7704,sum,shift_l2,0
820580,14.923565688928027,1,7705,sum,shift_l2,0
221806,14.921822744222078,1,7706,sum,shift_l2,0
513182,14.907872782853936,1,7707,sum,shift_l2,0
500704,14.905104438824065,1,7708,sum,shift_l2,0
29401,14.901564873710244,1,7709,sum,shift_l2,0
888085,14.894373903055339,1,7710,sum,shift_l2,0
13007,14.892971030991273,1,7711,sum,shift_l2,0
914700,14.88327855726832,1,7712,sum,shift_l2,0
998629,14.858608331173896,1,7713,sum,shift_l2,0
284824,14.838419028512396,1,7714,sum,shift_l2,0
593121,14.837555816776206,1,7715,sum,shift_l2,0
559145,14.82222189982879,1,7716,sum,shift_l2,0
21956,14.817017611911536,1,7717,sum,shift_l2,0
33580,14.815270522045811,1,7718,sum,shift_l2,0
321029,14.79828587943424,1,7719,sum,shift_l2,0
13091,14.795022450447918,1,7720,sum,shift_l2,0
561559,14.788346000916198,1,7721,sum,shift_l2,0
374473,14.788229047752138,1,7722,sum,shift_l2,0
428358,14.785593652230816,1,7723,sum,shift_l2,0
703324,14.77812934137856,1,7724,sum,shift_l2,0
586688,14.772619833681027,1,7725,sum,shift_l2,0
362851,14.772397433810852,1,7726,sum,shift_l2,0
965755,14.769221495190488,1,7727,sum,shift_l2,0
144440,14.769179708367123,1,7728,sum,shift_l2,0
413551,14.769170445692346,1,7729,sum,shift_l2,0
805581,14.766556745145662,1,7730,sum,shift_l2,0
705651,14.732322208483954,1,7731,sum,shift_l2,0
792995,14.728504949495662,1,7732,sum,shift_l2,0
878693,14.726362443475914,1,7733,sum,shift_l2,0
480929,14.72258455507773,1,7734,sum,shift_l2,0
367329,14.711043937109533,1,7735,sum,shift_l2,0
402404,14.70719964545207,1,7736,sum,shift_l2,0
906220,14.703669625637357,1,7737,sum,shift_l2,0
887106,14.68828507455671,1,7738,sum,shift_l2,0
892724,14.687038830807479,1,7739,sum,shift_l2,0
246568,14.682213397968365,1,7740,sum,shift_l2,0
839701,14.68079579847652,1,7741,sum,shift_l2,0
649693,14.678781741419348,1,7742,sum,shift_l2,0
269901,14.670693974458276,1,7743,sum,shift_l2,0
553430,14.670203840531677,1,7744,sum,shift_l2,0
563708,14.664247382412677,1,7745,sum,shift_l2,0
58415,14.660536883680164,1,7746,sum,shift_l2,0
258280,14.660410257118725,1,7747,sum,shift_l2,0
250854,14.659966826101167,1,7748,sum,shift_l2,0
497544,14.651739924418996,1,7749,sum,shift_l2,0
863573,14.648093563227132,1,7750,sum,shift_l2,0
961997,14.644951643720795,1,7751,sum,shift_l2,0
826652,14.642185635966626,1,7752,sum,shift_l2,0
906496,14.641345109432807,1,7753,sum,shift_l2,0
671857,14.640612413936537,1,7754,sum,shift_l2,0
729960,14.627122063889017,1,7755,sum,shift_l2,0
827693,14.61176244143824,1,7756,sum,shift_l2,0
29792,14.607463110945842,1,7757,sum,shift_l2,0
571044,14.605767911045769,1,7758,sum,shift_l2,0
917135,14.601840736040975,1,7759,sum,shift_l2,0
469584,14.59478042578392,1,7760,sum,shift_l2,0
278230,14.59433176904168,1,7761,sum,shift_l2,0
516238,14.593580823130342,1,7762,sum,shift_l2,0
255956,14.575727888583568,1,7763,sum,shift_l2,0
282866,14.570347429374975,1,7764,sum,shift_l2,0
662221,14.568050417396949,1,7765,sum,shift_l2,0
396106,14.563311845322476,1,7766,sum,shift_l2,0
572217,14.562521842560924,1,7767,sum,shift_l2,0
501295,14.555534697058482,1,7768,sum,shift_l2,0
745156,14.548765617232648,1,7769,sum,shift_l2,0
463861,14.53914672389392,1,7770,sum,shift_l2,0
785375,14.53446791736221,1,7771,sum,shift_l2,0
933292,14.532926610229778,1,7772,sum,shift_l2,0
975056,14.52688085346849,1,7773,sum,shift_l2,0
525574,14.526768869364645,1,7774,sum,shift_l2,0
908891,14.526267611780561,1,7775,sum,shift_l2,0
197678,14.524922303080247,1,7776,sum,shift_l2,0
566211,14.52040382430449,1,7777,sum,shift_l2,0
867165,14.519796935343328,1,7778,sum,shift_l2,0
943767,14.51862612484405,1,7779,sum,shift_l2,0
423439,14.509107827996312,1,7780,sum,shift_l2,0
698227,14.498009072997228,1,7781,sum,shift_l2,0
708956,14.496576263819167,1,7782,sum,shift_l2,0
302623,14.489654811878728,1,7783,sum,shift_l2,0
910888,14.485277281924075,1,7784,sum,shift_l2,0
62951,14.478323092133808,1,7785,sum,shift_l2,0
395214,14.474731403611985,1,7786,sum,shift_l2,0
884418,14.473367106065028,1,7787,sum,shift_l2,0
371974,14.469484103474784,1,7788,sum,shift_l2,0
966663,14.458107454539796,1,7789,sum,shift_l2,0
884786,14.455516775090532,1,7790,sum,shift_l2,0
476301,14.446227714930208,1,7791,sum,shift_l2,0
715100,14.444348006087148,1,7792,sum,shift_l2,0
932234,14.42178176245145,1,7793,sum,shift_l2,0
403418,14.421781240640636,1,7794,sum,shift_l2,0
490714,14.41727191826253,1,7795,sum,shift_l2,0
190148,14.416820408463156,1,7796,sum,shift_l2,0
78896,14.414871179710035,1,7797,sum,shift_l2,0
680284,14.408835819585274,1,7798,sum,shift_l2,0
628779,14.405878670167787,1,7799,sum,shift_l2,0
252379,14.405075036107732,1,7800,sum,shift_l2,0
676635,14.404404684861913,1,7801,sum,shift_l2,0
511792,14.403616302440236,1,7802,sum,shift_l2,0
840347,14.399210039478193,1,7803,sum,shift_l2,0
511484,14.384172524453913,1,7804,sum,shift_l2,0
152085,14.379907667440266,1,7805,sum,shift_l2,0
512021,14.3746834433007,1,7806,sum,shift_l2,0
260599,14.37055514010045,1,7807,sum,shift_l2,0
889065,14.36921663664568,1,7808,sum,shift_l2,0
380196,14.368709158123592,1,7809,sum,shift_l2,0
197889,14.364951449730889,1,7810,sum,shift_l2,0
315946,14.358433430340991,1,7811,sum,shift_l2,0
160560,14.357752479963176,1,7812,sum,shift_l2,0
742829,14.354745010296623,1,7813,sum,shift_l2,0
716100,14.349929275280255,1,7814,sum,shift_l2,0
189878,14.349178794402832,1,7815,sum,shift_l2,0
549831,14.348272478531328,1,7816,sum,shift_l2,0
348738,14.338644214041345,1,7817,sum,shift_l2,0
885578,14.329636262239791,1,7818,sum,shift_l2,0
824082,14.327959136534524,1,7819,sum,shift_l2,0
445397,14.323123158942991,1,7820,sum,shift_l2,0
349113,14.322739904523482,1,7821,sum,shift_l2,0
362764,14.317759846752173,1,7822,sum,shift_l2,0
538517,14.31675749108661,1,7823,sum,shift_l2,0
561128,14.314096267388683,1,7824,sum,shift_l2,0
982114,14.311090286287769,1,7825,sum,shift_l2,0
280247,14.31066270900321,1,7826,sum,shift_l2,0
540553,14.296702029865362,1,7827,sum,shift_l2,0
542970,14.292222576598624,1,7828,sum,shift_l2,0
888811,14.292131386225169,1,7829,sum,shift_l2,0
818359,14.291682220709674,1,7830,sum,shift_l2,0
64932,14.29080597197338,1,7831,sum,shift_l2,0
600960,14.288861871637087,1,7832,sum,shift_l2,0
212222,14.288752105882363,1,7833,sum,shift_l2,0
630008,14.286600345543308,1,7834,sum,shift_l2,0
862429,14.281473777338991,1,7835,sum,shift_l2,0
261587,14.280984100043309,1,7836,sum,shift_l2,0
831302,14.275781580888825,1,7837,sum,shift_l2,0
518459,14.269203284569578,1,7838,sum,shift_l2,0
828815,14.266282061478835,1,7839,sum,shift_l2,0
281065,14.26533686897219,1,7840,sum,shift_l2,0
318591,14.265179608955957,1,7841,sum,shift_l2,0
947500,14.261193762627965,1,7842,sum,shift_l2,0
38551,14.260711347210046,1,7843,sum,shift_l2,0
290363,14.2543561656096,1,7844,sum,shift_l2,0
482579,14.250002434818649,1,7845,sum,shift_l2,0
774097,14.245899065248961,1,7846,sum,shift_l2,0
595457,14.245649178119807,1,7847,sum,shift_l2,0
415150,14.244362766624873,1,7848,sum,shift_l2,0
131440,14.243305994630981,1,7849,sum,shift_l2,0
130461,14.242687766745561,1,7850,sum,shift_l2,0
400229,14.239692275275122,1,7851,sum,shift_l2,0
687091,14.23913444795663,1,7852,sum,shift_l2,0
360444,14.235057829416204,1,7853,sum,shift_l2,0
159664,14.234434957528292,1,7854,sum,shift_l2,0
926628,14.233873212826959,1,7855,sum,shift_l2,0
548599,14.233275742740494,1,7856,sum,shift_l2,0
268300,14.231505542474764,1,7857,sum,shift_l2,0
911521,14.231380438206692,1,7858,sum,shift_l2,0
520441,14.23102355956471,1,7859,sum,shift_l2,0
371030,14.229329546158917,1,7860,sum,shift_l2,0
917132,14.22866916990393,1,7861,sum,shift_l2,0
410501,14.228524117369345,1,7862,sum,shift_l2,0
534726,14.2268088219874,1,7863,sum,shift_l2,0
175326,14.225200648576967,1,7864,sum,shift_l2,0
626196,14.222900359885209,1,7865,sum,shift_l2,0
16130,14.222415471632228,1,7866,sum,shift_l2,0
775257,14.221136542772008,1,7867,sum,shift_l2,0
407017,14.216956220717814,1,7868,sum,shift_l2,0
410701,14.202688761690448,1,7869,sum,shift_l2,0
553334,14.201750493899924,1,7870,sum,shift_l2,0
378000,14.19541311907203,1,7871,sum,shift_l2,0
927775,14.182283275497085,1,7872,sum,shift_l2,0
831871,14.179855668231093,1,7873,sum,shift_l2,0
97812,14.174745058447913,1,7874,sum,shift_l2,0
678471,14.173630153020358,1,7875,sum,shift_l2,0
726751,14.172477934693406,1,7876,sum,shift_l2,0
519549,14.169982695770907,1,7877,sum,shift_l2,0
307121,14.164885011663873,1,7878,sum,shift_l2,0
431572,14.162448031657767,1,7879,sum,shift_l2,0
52154,14.16223053074167,1,7880,sum,shift_l2,0
875335,14.15910654404,1,7881,sum,shift_l2,0
663367,14.157993163742992,1,7882,sum,shift_l2,0
886810,14.15792184576378,1,7883,sum,shift_l2,0
145127,14.156998760552408,1,7884,sum,shift_l2,0
560584,14.155139430815243,1,7885,sum,shift_l2,0
966134,14.154125130191762,1,7886,sum,shift_l2,0
904347,14.152204401870534,1,7887,sum,shift_l2,0
984420,14.146742582975072,1,7888,sum,shift_l2,0
192244,14.146054033360972,1,7889,sum,shift_l2,0
438388,14.14520658896889,1,7890,sum,shift_l2,0
447685,14.144527345518862,1,7891,sum,shift_l2,0
104801,14.142898908453832,1,7892,sum,shift_l2,0
998365,14.140496637102752,1,7893,sum,shift_l2,0
905515,14.135676799274803,1,7894,sum,shift_l2,0
310475,14.1327800118748,1,7895,sum,shift_l2,0
652926,14.132740958511642,1,7896,sum,shift_l2,0
711494,14.127636991912913,1,7897,sum,shift_l2,0
494053,14.12683767705648,1,7898,sum,shift_l2,0
756769,14.126618691501017,1,7899,sum,shift_l2,0
691528,14.124558259581208,1,7900,sum,shift_l2,0
729941,14.124523219624542,1,7901,sum,shift_l2,0
351437,14.121204345068334,1,7902,sum,shift_l2,0
411849,14.120294786984802,1,7903,sum,shift_l2,0
311766,14.115956562249929,1,7904,sum,shift_l2,0
335954,14.113267959565324,1,7905,sum,shift_l2,0
569851,14.108047545087551,1,7906,sum,shift_l2,0
793954,14.107685630962814,1,7907,sum,shift_l2,0
283103,14.097174646141873,1,7908,sum,shift_l2,0
126883,14.083883705660899,1,7909,sum,shift_l2,0
7713,14.075614292373508,1,7910,sum,shift_l2,0
339776,14.073965464105095,1,7911,sum,shift_l2,0
477160,14.073093721476901,1,7912,sum,shift_l2,0
394141,14.072745315797228,1,7913,sum,shift_l2,0
634924,14.060028344316338,1,7914,sum,shift_l2,0
386286,14.049539114895458,1,7915,sum,shift_l2,0
738218,14.04826778684647,1,7916,sum,shift_l2,0
629379,14.045763892070502,1,7917,sum,shift_l2,0
676783,14.045114731725636,1,7918,sum,shift_l2,0
748639,14.044463287992071,1,7919,sum,shift_l2,0
292133,14.043834825247623,1,7920,sum,shift_l2,0
60737,14.036247880598365,1,7921,sum,shift_l2,0
138778,14.035281392133871,1,7922,sum,shift_l2,0
795279,14.034183826650159,1,7923,sum,shift_l2,0
297677,14.033112750210059,1,7924,sum,shift_l2,0
384756,14.032668637648966,1,7925,sum,shift_l2,0
939368,14.026274448182079,1,7926,sum,shift_l2,0
959002,14.024043869112385,1,7927,sum,shift_l2,0
817925,14.018793261344896,1,7928,sum,shift_l2,0
957708,14.018574670429585,1,7929,sum,shift_l2,0
31876,14.018229982299026,1,7930,sum,shift_l2,0
121352,14.014743914814629,1,7931,sum,shift_l2,0
469669,14.01319272763421,1,7932,sum,shift_l2,0
864842,13.997757037438161,1,7933,sum,shift_l2,0
915517,13.99707262247997,1,7934,sum,shift_l2,0
348808,13.996997829903577,1,7935,sum,shift_l2,0
18726,13.98868510117514,1,7936,sum,shift_l2,0
301165,13.986368869819964,1,7937,sum,shift_l2,0
227957,13.972098967356862,1,7938,sum,shift_l2,0
231444,13.96739670649979,1,7939,sum,shift_l2,0
920819,13.962141506932971,1,7940,sum,shift_l2,0
721738,13.961957620812859,1,7941,sum,shift_l2,0
147889,13.960743281937907,1,7942,sum,shift_l2,0
216354,13.960115787387734,1,7943,sum,shift_l2,0
98349,13.959804667607711,1,7944,sum,shift_l2,0
915519,13.95589214805266,1,7945,sum,shift_l2,0
509306,13.952245332824988,1,7946,sum,shift_l2,0
823006,13.950009086482556,1,7947,sum,shift_l2,0
168350,13.947896063305743,1,7948,sum,shift_l2,0
250144,13.945253015507692,1,7949,sum,shift_l2,0
667727,13.94490765757952,1,7950,sum,shift_l2,0
879495,13.943917907702438,1,7951,sum,shift_l2,0
121158,13.941645813036128,1,7952,sum,shift_l2,0
418198,13.940430134398836,1,7953,sum,shift_l2,0
940530,13.938465356141924,1,7954,sum,shift_l2,0
925993,13.937068708414465,1,7955,sum,shift_l2,0
558800,13.935458779069439,1,7956,sum,shift_l2,0
548326,13.934668300206077,1,7957,sum,shift_l2,0
911319,13.931103108677071,1,7958,sum,shift_l2,0
925088,13.929740831835838,1,7959,sum,shift_l2,0
31877,13.926686476278768,1,7960,sum,shift_l2,0
316198,13.920791097527761,1,7961,sum,shift_l2,0
516236,13.907901048740063,1,7962,sum,shift_l2,0
859760,13.90572103086799,1,7963,sum,shift_l2,0
38210,13.89763934386869,1,7964,sum,shift_l2,0
649438,13.896291668059554,1,7965,sum,shift_l2,0
121873,13.894721209658412,1,7966,sum,shift_l2,0
587016,13.888163832332634,1,7967,sum,shift_l2,0
604978,13.88288182326438,1,7968,sum,shift_l2,0
189629,13.88029892719186,1,7969,sum,shift_l2,0
379123,13.873910845281738,1,7970,sum,shift_l2,0
486068,13.866467542452067,1,7971,sum,shift_l2,0
236930,13.866261606400391,1,7972,sum,shift_l2,0
325239,13.861022231673395,1,7973,sum,shift_l2,0
362768,13.859476874844995,1,7974,sum,shift_l2,0
36243,13.854489835112267,1,7975,sum,shift_l2,0
357042,13.853394004391445,1,7976,sum,shift_l2,0
689290,13.847126381525479,1,7977,sum,shift_l2,0
682447,13.845033213101692,1,7978,sum,shift_l2,0
756965,13.843787130032995,1,7979,sum,shift_l2,0
412817,13.839650504816795,1,7980,sum,shift_l2,0
493192,13.82441301205507,1,7981,sum,shift_l2,0
452240,13.823872437039139,1,7982,sum,shift_l2,0
197763,13.817220761829944,1,7983,sum,shift_l2,0
40007,13.811952100444998,1,7984,sum,shift_l2,0
756665,13.810735636602157,1,7985,sum,shift_l2,0
440620,13.808540101423118,1,7986,sum,shift_l2,0
408086,13.803948312679312,1,7987,sum,shift_l2,0
481275,13.796741319143573,1,7988,sum,shift_l2,0
345426,13.785434580909044,1,7989,sum,shift_l2,0
341510,13.780107248062308,1,7990,sum,shift_l2,0
810426,13.775047792416569,1,7991,sum,shift_l2,0
291542,13.774809856496782,1,7992,sum,shift_l2,0
567568,13.76569171423725,1,7993,sum,shift_l2,0
150921,13.764617146823882,1,7994,sum,shift_l2,0
812374,13.761925656631174,1,7995,sum,shift_l2,0
187554,13.757887508638753,1,7996,sum,shift_l2,0
966364,13.746927837065087,1,7997,sum,shift_l2,0
433937,13.746268956088162,1,7998,sum,shift_l2,0
259444,13.74130437721698,1,7999,sum,shift_l2,0
297972,13.735636334169255,1,8000,sum,shift_l2,0
225635,13.731448399199106,1,8001,sum,shift_l2,0
814696,13.731323495630402,1,8002,sum,shift_l2,0
453919,13.729209442137172,1,8003,sum,shift_l2,0
656846,13.717651898146155,1,8004,sum,shift_l2,0
518559,13.716424232571706,1,8005,sum,shift_l2,0
338656,13.714319676216,1,8006,sum,shift_l2,0
58841,13.71025888426243,1,8007,sum,shift_l2,0
112067,13.70974215849694,1,8008,sum,shift_l2,0
347755,13.709347134018739,1,8009,sum,shift_l2,0
169969,13.705765979280905,1,8010,sum,shift_l2,0
433733,13.704694225374913,1,8011,sum,shift_l2,0
603593,13.703058403591125,1,8012,sum,shift_l2,0
638075,13.698989426117363,1,8013,sum,shift_l2,0
910053,13.692461073098897,1,8014,sum,shift_l2,0
371705,13.690306804671305,1,8015,sum,shift_l2,0
721824,13.689210454541385,1,8016,sum,shift_l2,0
152570,13.679823049937333,1,8017,sum,shift_l2,0
512305,13.672074268750169,1,8018,sum,shift_l2,0
211954,13.668397402364644,1,8019,sum,shift_l2,0
670612,13.665272865171234,1,8020,sum,shift_l2,0
337202,13.663375158519795,1,8021,sum,shift_l2,0
22390,13.660836887900722,1,8022,sum,shift_l2,0
523403,13.660211223401458,1,8023,sum,shift_l2,0
20270,13.65598408175619,1,8024,sum,shift_l2,0
857133,13.642703389365863,1,8025,sum,shift_l2,0
387259,13.640156541539325,1,8026,sum,shift_l2,0
885325,13.631145600688525,1,8027,sum,shift_l2,0
7193,13.62831040860995,1,8028,sum,shift_l2,0
373351,13.620637066821091,1,8029,sum,shift_l2,0
29358,13.611607107658358,1,8030,sum,shift_l2,0
71620,13.609791482556796,1,8031,sum,shift_l2,0
513,13.605731867862223,1,8032,sum,shift_l2,0
723789,13.603556380452357,1,8033,sum,shift_l2,0
261584,13.599579221934897,1,8034,sum,shift_l2,0
334789,13.590809196388726,1,8035,sum,shift_l2,0
949562,13.587096877152613,1,8036,sum,shift_l2,0
611091,13.582971233095803,1,8037,sum,shift_l2,0
314089,13.58213069295387,1,8038,sum,shift_l2,0
614906,13.579979689213662,1,8039,sum,shift_l2,0
665962,13.57169500241561,1,8040,sum,shift_l2,0
976582,13.555037967185065,1,8041,sum,shift_l2,0
783704,13.552973827987069,1,8042,sum,shift_l2,0
222292,13.551955926485872,1,8043,sum,shift_l2,0
444356,13.546452102761164,1,8044,sum,shift_l2,0
679107,13.543864935013035,1,8045,sum,shift_l2,0
466433,13.539692759218179,1,8046,sum,shift_l2,0
47993,13.534389935913747,1,8047,sum,shift_l2,0
460890,13.523837974153956,1,8048,sum,shift_l2,0
781180,13.520249177823478,1,8049,sum,shift_l2,0
160561,13.513802288259265,1,8050,sum,shift_l2,0
409374,13.513762648486066,1,8051,sum,shift_l2,0
875300,13.511250102881048,1,8052,sum,shift_l2,0
472245,13.497455427982676,1,8053,sum,shift_l2,0
71107,13.492674466149563,1,8054,sum,shift_l2,0
588193,13.487267541124368,1,8055,sum,shift_l2,0
953881,13.475845620475761,1,8056,sum,shift_l2,0
57410,13.474859698704645,1,8057,sum,shift_l2,0
257275,13.471921444654111,1,8058,sum,shift_l2,0
377783,13.464785374994861,1,8059,sum,shift_l2,0
242436,13.457196932383175,1,8060,sum,shift_l2,0
498847,13.442171971497434,1,8061,sum,shift_l2,0
771793,13.439712355108743,1,8062,sum,shift_l2,0
791547,13.434555025897549,1,8063,sum,shift_l2,0
918201,13.421723881009076,1,8064,sum,shift_l2,0
899892,13.417429114891236,1,8065,sum,shift_l2,0
207057,13.400608965690445,1,8066,sum,shift_l2,0
159694,13.399116392718819,1,8067,sum,shift_l2,0
377856,13.397588663486335,1,8068,sum,shift_l2,0
599795,13.397305501135365,1,8069,sum,shift_l2,0
532708,13.387108614109668,1,8070,sum,shift_l2,0
889136,13.377149914111166,1,8071,sum,shift_l2,0
909187,13.370622491153776,1,8072,sum,shift_l2,0
995020,13.36763376844179,1,8073,sum,shift_l2,0
5120,13.36597971510314,1,8074,sum,shift_l2,0
981772,13.356584058694608,1,8075,sum,shift_l2,0
43304,13.340486833194998,1,8076,sum,shift_l2,0
440275,13.336692544388114,1,8077,sum,shift_l2,0
640610,13.334861942580382,1,8078,sum,shift_l2,0
441913,13.331014739386577,1,8079,sum,shift_l2,0
424010,13.31590405919994,1,8080,sum,shift_l2,0
601258,13.304562005970798,1,8081,sum,shift_l2,0
557101,13.303289906415353,1,8082,sum,shift_l2,0
982198,13.301056976372863,1,8083,sum,shift_l2,0
358919,13.300934916887398,1,8084,sum,shift_l2,0
267731,13.29226019355873,1,8085,sum,shift_l2,0
252468,13.292063808028526,1,8086,sum,shift_l2,0
490716,13.2919306774266,1,8087,sum,shift_l2,0
304580,13.291731433184065,1,8088,sum,shift_l2,0
109698,13.285960492081935,1,8089,sum,shift_l2,0
345318,13.28447631517545,1,8090,sum,shift_l2,0
687212,13.283819095190971,1,8091,sum,shift_l2,0
218971,13.281335404961819,1,8092,sum,shift_l2,0
55913,13.281055749894175,1,8093,sum,shift_l2,0
956839,13.276061495218451,1,8094,sum,shift_l2,0
597491,13.273969502383476,1,8095,sum,shift_l2,0
896943,13.269045763174343,1,8096,sum,shift_l2,0
196243,13.267154510310249,1,8097,sum,shift_l2,0
242738,13.260020808529067,1,8098,sum,shift_l2,0
6016,13.25502114145303,1,8099,sum,shift_l2,0
555639,13.250865817685257,1,8100,sum,shift_l2,0
347753,13.247846176543405,1,8101,sum,shift_l2,0
471637,13.240130601939068,1,8102,sum,shift_l2,0
548963,13.232499911598241,1,8103,sum,shift_l2,0
527124,13.23045016765549,1,8104,sum,shift_l2,0
993828,13.227590340937228,1,8105,sum,shift_l2,0
951031,13.220062458536542,1,8106,sum,shift_l2,0
788148,13.21362625909384,1,8107,sum,shift_l2,0
288309,13.211662493277286,1,8108,sum,shift_l2,0
514115,13.208440064644204,1,8109,sum,shift_l2,0
595255,13.203410238694723,1,8110,sum,shift_l2,0
579698,13.202283692528582,1,8111,sum,shift_l2,0
728778,13.200393770487842,1,8112,sum,shift_l2,0
331052,13.199792761027831,1,8113,sum,shift_l2,0
993644,13.199393407138377,1,8114,sum,shift_l2,0
240742,13.197502552361453,1,8115,sum,shift_l2,0
509159,13.19526308030745,1,8116,sum,shift_l2,0
438815,13.186945084845059,1,8117,sum,shift_l2,0
733084,13.186493379563093,1,8118,sum,shift_l2,0
86492,13.184101593330153,1,8119,sum,shift_l2,0
375634,13.180482314858704,1,8120,sum,shift_l2,0
239723,13.179655910680278,1,8121,sum,shift_l2,0
956637,13.176470584346067,1,8122,sum,shift_l2,0
856530,13.172620364407285,1,8123,sum,shift_l2,0
167205,13.172488235171027,1,8124,sum,shift_l2,0
615051,13.168913389693442,1,8125,sum,shift_l2,0
400077,13.166266235993941,1,8126,sum,shift_l2,0
40808,13.16590450455739,1,8127,sum,shift_l2,0
852218,13.161710578572677,1,8128,sum,shift_l2,0
814140,13.161003481386453,1,8129,sum,shift_l2,0
214120,13.15854203828784,1,8130,sum,shift_l2,0
736288,13.156749942745398,1,8131,sum,shift_l2,0
388311,13.15507811253895,1,8132,sum,shift_l2,0
113062,13.149083989591213,1,8133,sum,shift_l2,0
273581,13.144372580400443,1,8134,sum,shift_l2,0
143277,13.143173232207374,1,8135,sum,shift_l2,0
37387,13.136456696435332,1,8136,sum,shift_l2,0
621009,13.130641528074197,1,8137,sum,shift_l2,0
296516,13.130418665507129,1,8138,sum,shift_l2,0
598944,13.128907094250707,1,8139,sum,shift_l2,0
433897,13.126110411445307,1,8140,sum,shift_l2,0
431237,13.118169965723808,1,8141,sum,shift_l2,0
673838,13.11585366802339,1,8142,sum,shift_l2,0
268642,13.11557493439713,1,8143,sum,shift_l2,0
960312,13.110321391043968,1,8144,sum,shift_l2,0
66542,13.109550546150215,1,8145,sum,shift_l2,0
819726,13.106205081511911,1,8146,sum,shift_l2,0
237185,13.10484292793825,1,8147,sum,shift_l2,0
216010,13.103186248732142,1,8148,sum,shift_l2,0
116702,13.097065194435194,1,8149,sum,shift_l2,0
891992,13.094162023496843,1,8150,sum,shift_l2,0
313960,13.09000305835996,1,8151,sum,shift_l2,0
465541,13.088918116299348,1,8152,sum,shift_l2,0
706807,13.088547941936135,1,8153,sum,shift_l2,0
539681,13.08851326286839,1,8154,sum,shift_l2,0
555937,13.08600975397392,1,8155,sum,shift_l2,0
968295,13.085087522441448,1,8156,sum,shift_l2,0
288646,13.083456275393658,1,8157,sum,shift_l2,0
301270,13.082144160222429,1,8158,sum,shift_l2,0
23445,13.075837131819045,1,8159,sum,shift_l2,0
184962,13.074205295124884,1,8160,sum,shift_l2,0
328195,13.069384160205553,1,8161,sum,shift_l2,0
898087,13.06801260840516,1,8162,sum,shift_l2,0
178524,13.06324625932841,1,8163,sum,shift_l2,0
756963,13.060927718796666,1,8164,sum,shift_l2,0
319415,13.05902675765405,1,8165,sum,shift_l2,0
250331,13.057063939021415,1,8166,sum,shift_l2,0
952189,13.055957722100251,1,8167,sum,shift_l2,0
112051,13.055701032790891,1,8168,sum,shift_l2,0
238418,13.05530775343281,1,8169,sum,shift_l2,0
861353,13.055232612061578,1,8170,sum,shift_l2,0
182945,13.050127773606365,1,8171,sum,shift_l2,0
586946,13.046334074096672,1,8172,sum,shift_l2,0
40551,13.045034065871857,1,8173,sum,shift_l2,0
804607,13.041724748005013,1,8174,sum,shift_l2,0
390741,13.04153118709055,1,8175,sum,shift_l2,0
914807,13.040911695676176,1,8176,sum,shift_l2,0
688943,13.040602275125632,1,8177,sum,shift_l2,0
688374,13.03926141194213,1,8178,sum,shift_l2,0
998292,13.03860879370644,1,8179,sum,shift_l2,0
671952,13.038472832099217,1,8180,sum,shift_l2,0
283662,13.034294567813212,1,8181,sum,shift_l2,0
497556,13.032563559285325,1,8182,sum,shift_l2,0
518754,13.03089144508621,1,8183,sum,shift_l2,0
484904,13.030779433521923,1,8184,sum,shift_l2,0
66971,13.02882605843728,1,8185,sum,shift_l2,0
103891,13.028037213310919,1,8186,sum,shift_l2,0
338490,13.026599311789509,1,8187,sum,shift_l2,0
312798,13.026538045858826,1,8188,sum,shift_l2,0
658716,13.024061597334704,1,8189,sum,shift_l2,0
979446,13.019733941392403,1,8190,sum,shift_l2,0
37502,13.016415336218191,1,8191,sum,shift_l2,0
679345,13.01599798429403,1,8192,sum,shift_l2,0
55657,13.01373662116575,1,8193,sum,shift_l2,0
807167,13.013281894113964,1,8194,sum,shift_l2,0
604118,13.012735504174993,1,8195,sum,shift_l2,0
361698,13.011368212914316,1,8196,sum,shift_l2,0
401402,13.01032153600373,1,8197,sum,shift_l2,0
11200,13.009551729583974,1,8198,sum,shift_l2,0
298494,13.001100870013802,1,8199,sum,shift_l2,0
659370,12.99946328633651,1,8200,sum,shift_l2,0
212854,12.99879907395186,1,8201,sum,shift_l2,0
469963,12.99839983236519,1,8202,sum,shift_l2,0
536726,12.995513497733665,1,8203,sum,shift_l2,0
252016,12.990537517067462,1,8204,sum,shift_l2,0
722643,12.990074626044896,1,8205,sum,shift_l2,0
192769,12.987182333410917,1,8206,sum,shift_l2,0
73947,12.983798789674024,1,8207,sum,shift_l2,0
975656,12.982719296639885,1,8208,sum,shift_l2,0
723786,12.98238531317315,1,8209,sum,shift_l2,0
319127,12.97831632335036,1,8210,sum,shift_l2,0
859031,12.971478583096633,1,8211,sum,shift_l2,0
574765,12.969987336671668,1,8212,sum,shift_l2,0
568078,12.969044569871468,1,8213,sum,shift_l2,0
537160,12.967618349594781,1,8214,sum,shift_l2,0
415348,12.96736203570811,1,8215,sum,shift_l2,0
994250,12.964852998643453,1,8216,sum,shift_l2,0
32888,12.959460969463017,1,8217,sum,shift_l2,0
111870,12.957719620658114,1,8218,sum,shift_l2,0
183175,12.956293307501218,1,8219,sum,shift_l2,0
171019,12.953878371634461,1,8220,sum,shift_l2,0
819683,12.953512523474783,1,8221,sum,shift_l2,0
692862,12.951391870551094,1,8222,sum,shift_l2,0
553421,12.94562175912335,1,8223,sum,shift_l2,0
959675,12.9396476545655,1,8224,sum,shift_l2,0
623336,12.9346685421446,1,8225,sum,shift_l2,0
191935,12.933193437493136,1,8226,sum,shift_l2,0
6030,12.932929413929207,1,8227,sum,shift_l2,0
662657,12.928227186098397,1,8228,sum,shift_l2,0
351128,12.927758762723725,1,8229,sum,shift_l2,0
328708,12.926679252587348,1,8230,sum,shift_l2,0
450993,12.924456849794236,1,8231,sum,shift_l2,0
275894,12.922028144895833,1,8232,sum,shift_l2,0
774026,12.921993158869387,1,8233,sum,shift_l2,0
646542,12.92016143390427,1,8234,sum,shift_l2,0
470960,12.910898135390207,1,8235,sum,shift_l2,0
921602,12.90837664370396,1,8236,sum,shift_l2,0
906670,12.907085417845694,1,8237,sum,shift_l2,0
951543,12.905801976723016,1,8238,sum,shift_l2,0
646388,12.901291557917162,1,8239,sum,shift_l2,0
875207,12.893986596193033,1,8240,sum,shift_l2,0
116511,12.892540925893792,1,8241,sum,shift_l2,0
819071,12.891584383841979,1,8242,sum,shift_l2,0
528287,12.891332852081996,1,8243,sum,shift_l2,0
418668,12.888870392182518,1,8244,sum,shift_l2,0
673820,12.885584452887212,1,8245,sum,shift_l2,0
233782,12.884609682396942,1,8246,sum,shift_l2,0
963812,12.881939121932607,1,8247,sum,shift_l2,0
535542,12.881895630705188,1,8248,sum,shift_l2,0
408070,12.876148409802875,1,8249,sum,shift_l2,0
598902,12.86821040395905,1,8250,sum,shift_l2,0
983553,12.863158207676431,1,8251,sum,shift_l2,0
732284,12.862581752205037,1,8252,sum,shift_l2,0
839703,12.859829097447136,1,8253,sum,shift_l2,0
424440,12.857622968156582,1,8254,sum,shift_l2,0
423280,12.856244017973939,1,8255,sum,shift_l2,0
644062,12.855502561026823,1,8256,sum,shift_l2,0
64426,12.854048261385591,1,8257,sum,shift_l2,0
371721,12.85346546042217,1,8258,sum,shift_l2,0
961327,12.851835243858979,1,8259,sum,shift_l2,0
362769,12.851333853601815,1,8260,sum,shift_l2,0
430455,12.848531818760325,1,8261,sum,shift_l2,0
672151,12.844747387148931,1,8262,sum,shift_l2,0
519726,12.842444187600705,1,8263,sum,shift_l2,0
272218,12.839355768560308,1,8264,sum,shift_l2,0
812552,12.834231299726191,1,8265,sum,shift_l2,0
309225,12.832820840298071,1,8266,sum,shift_l2,0
885756,12.825695761785097,1,8267,sum,shift_l2,0
99511,12.821635335229042,1,8268,sum,shift_l2,0
930100,12.817466656632183,1,8269,sum,shift_l2,0
590606,12.816042573956606,1,8270,sum,shift_l2,0
732263,12.804473247250929,1,8271,sum,shift_l2,0
25875,12.79970391070098,1,8272,sum,shift_l2,0
685459,12.798457651532969,1,8273,sum,shift_l2,0
58614,12.797391666828156,1,8274,sum,shift_l2,0
358117,12.796666374220038,1,8275,sum,shift_l2,0
274435,12.794129825835235,1,8276,sum,shift_l2,0
492912,12.789280791917438,1,8277,sum,shift_l2,0
281338,12.78147633785779,1,8278,sum,shift_l2,0
456244,12.757665581677347,1,8279,sum,shift_l2,0
480645,12.757555468824448,1,8280,sum,shift_l2,0
81843,12.753542956589913,1,8281,sum,shift_l2,0
137324,12.753528378929058,1,8282,sum,shift_l2,0
238723,12.750536878837304,1,8283,sum,shift_l2,0
633169,12.749058502210183,1,8284,sum,shift_l2,0
436793,12.73410267589713,1,8285,sum,shift_l2,0
332539,12.734090815696243,1,8286,sum,shift_l2,0
312783,12.731185732676659,1,8287,sum,shift_l2,0
86340,12.727874172906315,1,8288,sum,shift_l2,0
344976,12.727482466475696,1,8289,sum,shift_l2,0
327992,12.72673095945773,1,8290,sum,shift_l2,0
496382,12.724106131659392,1,8291,sum,shift_l2,0
251301,12.723424713039925,1,8292,sum,shift_l2,0
479055,12.722216055669092,1,8293,sum,shift_l2,0
836952,12.721959425535253,1,8294,sum,shift_l2,0
812708,12.721402613541818,1,8295,sum,shift_l2,0
517560,12.72125708712853,1,8296,sum,shift_l2,0
401632,12.718101858121859,1,8297,sum,shift_l2,0
775361,12.717457802145232,1,8298,sum,shift_l2,0
977742,12.715628808041025,1,8299,sum,shift_l2,0
357235,12.715554587774298,1,8300,sum,shift_l2,0
581472,12.71289137175347,1,8301,sum,shift_l2,0
245498,12.712163216307893,1,8302,sum,shift_l2,0
627996,12.712083383269226,1,8303,sum,shift_l2,0
432778,12.707700218936067,1,8304,sum,shift_l2,0
786023,12.70739889080172,1,8305,sum,shift_l2,0
807795,12.706959990224576,1,8306,sum,shift_l2,0
927500,12.703977033235907,1,8307,sum,shift_l2,0
698569,12.69865626243028,1,8308,sum,shift_l2,0
248891,12.69761461290601,1,8309,sum,shift_l2,0
759302,12.692946265234342,1,8310,sum,shift_l2,0
352434,12.684534716552205,1,8311,sum,shift_l2,0
349338,12.682206761349576,1,8312,sum,shift_l2,0
227973,12.67421479467737,1,8313,sum,shift_l2,0
430145,12.66714106002741,1,8314,sum,shift_l2,0
175778,12.66488860213511,1,8315,sum,shift_l2,0
909980,12.664372879555817,1,8316,sum,shift_l2,0
121157,12.663478623375108,1,8317,sum,shift_l2,0
328032,12.657422518360775,1,8318,sum,shift_l2,0
450197,12.654877127268811,1,8319,sum,shift_l2,0
763314,12.653725269260406,1,8320,sum,shift_l2,0
157897,12.643836423885459,1,8321,sum,shift_l2,0
35085,12.639539947467348,1,8322,sum,shift_l2,0
869915,12.638397259970498,1,8323,sum,shift_l2,0
296623,12.634831231662876,1,8324,sum,shift_l2,0
798643,12.630740385469009,1,8325,sum,shift_l2,0
254788,12.627395003066129,1,8326,sum,shift_l2,0
89781,12.61301174149398,1,8327,sum,shift_l2,0
709170,12.61263765836357,1,8328,sum,shift_l2,0
289473,12.608066789258018,1,8329,sum,shift_l2,0
580578,12.602228072045678,1,8330,sum,shift_l2,0
561759,12.602205043217161,1,8331,sum,shift_l2,0
253832,12.593109728412246,1,8332,sum,shift_l2,0
606880,12.586736810242702,1,8333,sum,shift_l2,0
540843,12.583472474267634,1,8334,sum,shift_l2,0
279903,12.582402546942008,1,8335,sum,shift_l2,0
635837,12.580000441019637,1,8336,sum,shift_l2,0
258171,12.564338119841354,1,8337,sum,shift_l2,0
309313,12.559789657590894,1,8338,sum,shift_l2,0
521079,12.558683884844323,1,8339,sum,shift_l2,0
365607,12.558595085583672,1,8340,sum,shift_l2,0
429094,12.55759934665164,1,8341,sum,shift_l2,0
303143,12.55132222318691,1,8342,sum,shift_l2,0
644221,12.55031098338472,1,8343,sum,shift_l2,0
542518,12.5480914875193,1,8344,sum,shift_l2,0
760451,12.539842384963213,1,8345,sum,shift_l2,0
88624,12.53677173998679,1,8346,sum,shift_l2,0
473067,12.53629049967929,1,8347,sum,shift_l2,0
559663,12.530909373191111,1,8348,sum,shift_l2,0
855113,12.52078971341669,1,8349,sum,shift_l2,0
632352,12.517240406558713,1,8350,sum,shift_l2,0
783067,12.50729190892238,1,8351,sum,shift_l2,0
462698,12.506883888137754,1,8352,sum,shift_l2,0
904354,12.4983294906436,1,8353,sum,shift_l2,0
856257,12.495575816003429,1,8354,sum,shift_l2,0
272410,12.493700436277933,1,8355,sum,shift_l2,0
766799,12.491123237591793,1,8356,sum,shift_l2,0
984716,12.48998807667409,1,8357,sum,shift_l2,0
268646,12.486813420691924,1,8358,sum,shift_l2,0
742380,12.486444875690816,1,8359,sum,shift_l2,0
594295,12.485478051841353,1,8360,sum,shift_l2,0
365367,12.477264526581813,1,8361,sum,shift_l2,0
832213,12.476628858693724,1,8362,sum,shift_l2,0
777598,12.474369024593068,1,8363,sum,shift_l2,0
953065,12.474249580726624,1,8364,sum,shift_l2,0
895212,12.4718875042722,1,8365,sum,shift_l2,0
863683,12.470471583789278,1,8366,sum,shift_l2,0
925263,12.47017924539988,1,8367,sum,shift_l2,0
494157,12.464973894892143,1,8368,sum,shift_l2,0
189721,12.46387298802592,1,8369,sum,shift_l2,0
898105,12.458207529413235,1,8370,sum,shift_l2,0
799334,12.455586829091153,1,8371,sum,shift_l2,0
652105,12.449526930481168,1,8372,sum,shift_l2,0
231556,12.444092822820183,1,8373,sum,shift_l2,0
442032,12.44326804471874,1,8374,sum,shift_l2,0
734693,12.442499035831494,1,8375,sum,shift_l2,0
397717,12.436882401453243,1,8376,sum,shift_l2,0
928791,12.436799052956362,1,8377,sum,shift_l2,0
136465,12.424700858334498,1,8378,sum,shift_l2,0
517312,12.424333685956682,1,8379,sum,shift_l2,0
949670,12.420763126169199,1,8380,sum,shift_l2,0
909425,12.41945846529073,1,8381,sum,shift_l2,0
141969,12.416303420411941,1,8382,sum,shift_l2,0
79327,12.415878430912302,1,8383,sum,shift_l2,0
806929,12.41495868700158,1,8384,sum,shift_l2,0
208737,12.413923918881345,1,8385,sum,shift_l2,0
201528,12.41046476693307,1,8386,sum,shift_l2,0
683605,12.406479020565374,1,8387,sum,shift_l2,0
683993,12.40634198857196,1,8388,sum,shift_l2,0
940191,12.402956749187503,1,8389,sum,shift_l2,0
958871,12.401594025555028,1,8390,sum,shift_l2,0
937310,12.398912886700478,1,8391,sum,shift_l2,0
167465,12.391033521142353,1,8392,sum,shift_l2,0
163419,12.387776933458387,1,8393,sum,shift_l2,0
705646,12.381253388544842,1,8394,sum,shift_l2,0
121069,12.372259627272875,1,8395,sum,shift_l2,0
91139,12.369036973759417,1,8396,sum,shift_l2,0
72397,12.361682957270636,1,8397,sum,shift_l2,0
272258,12.355340722646828,1,8398,sum,shift_l2,0
599910,12.3419946270014,1,8399,sum,shift_l2,0
36760,12.340190554901595,1,8400,sum,shift_l2,0
943765,12.336625318440786,1,8401,sum,shift_l2,0
56817,12.336169826213316,1,8402,sum,shift_l2,0
577392,12.333861745227347,1,8403,sum,shift_l2,0
223309,12.331023577290653,1,8404,sum,shift_l2,0
705213,12.328008094125677,1,8405,sum,shift_l2,0
207151,12.308060854235475,1,8406,sum,shift_l2,0
844635,12.30411015898865,1,8407,sum,shift_l2,0
233910,12.300999574850756,1,8408,sum,shift_l2,0
131779,12.298663747729822,1,8409,sum,shift_l2,0
414176,12.297009247440995,1,8410,sum,shift_l2,0
358120,12.292213265850958,1,8411,sum,shift_l2,0
628951,12.283068555166414,1,8412,sum,shift_l2,0
359795,12.281929200971785,1,8413,sum,shift_l2,0
326098,12.25970864910367,1,8414,sum,shift_l2,0
129187,12.255287972447913,1,8415,sum,shift_l2,0
558264,12.255206340128726,1,8416,sum,shift_l2,0
606140,12.252280783932557,1,8417,sum,shift_l2,0
125812,12.250239343919889,1,8418,sum,shift_l2,0
181775,12.24622271193849,1,8419,sum,shift_l2,0
980039,12.234895836956083,1,8420,sum,shift_l2,0
772934,12.231275623677288,1,8421,sum,shift_l2,0
996040,12.221243097092412,1,8422,sum,shift_l2,0
569518,12.217753641428203,1,8423,sum,shift_l2,0
825534,12.21214652089047,1,8424,sum,shift_l2,0
48668,12.2102385940119,1,8425,sum,shift_l2,0
105966,12.205133075688169,1,8426,sum,shift_l2,0
581220,12.197010210078181,1,8427,sum,shift_l2,0
519722,12.191831684176888,1,8428,sum,shift_l2,0
130459,12.190367828658076,1,8429,sum,shift_l2,0
69297,12.188054746133654,1,8430,sum,shift_l2,0
760988,12.1736833441094,1,8431,sum,shift_l2,0
537314,12.16915051735493,1,8432,sum,shift_l2,0
673005,12.168551085529927,1,8433,sum,shift_l2,0
231101,12.162669560747474,1,8434,sum,shift_l2,0
16616,12.158330494247373,1,8435,sum,shift_l2,0
453691,12.15637957321178,1,8436,sum,shift_l2,0
920818,12.150325119269011,1,8437,sum,shift_l2,0
44470,12.146858476256776,1,8438,sum,shift_l2,0
573074,12.126145355188614,1,8439,sum,shift_l2,0
73426,12.117917880181702,1,8440,sum,shift_l2,0
210673,12.11667080843803,1,8441,sum,shift_l2,0
759010,12.112802764354043,1,8442,sum,shift_l2,0
227061,12.103252166312753,1,8443,sum,shift_l2,0
697422,12.103131409431406,1,8444,sum,shift_l2,0
903386,12.094989431162547,1,8445,sum,shift_l2,0
157342,12.087876213152937,1,8446,sum,shift_l2,0
852063,12.086409567880109,1,8447,sum,shift_l2,0
927480,12.08157930148652,1,8448,sum,shift_l2,0
290075,12.07591911350892,1,8449,sum,shift_l2,0
89791,12.071432869503708,1,8450,sum,shift_l2,0
933556,12.069391103709513,1,8451,sum,shift_l2,0
267762,12.065690311412977,1,8452,sum,shift_l2,0
369093,12.05784538090331,1,8453,sum,shift_l2,0
46790,12.057282481375532,1,8454,sum,shift_l2,0
384930,12.049631270960395,1,8455,sum,shift_l2,0
179258,12.047218590143762,1,8456,sum,shift_l2,0
887343,12.038668114940604,1,8457,sum,shift_l2,0
794147,12.027879461252384,1,8458,sum,shift_l2,0
448755,12.02664396062859,1,8459,sum,shift_l2,0
632443,12.026414571384471,1,8460,sum,shift_l2,0
768435,12.026081674486047,1,8461,sum,shift_l2,0
736842,12.021016878419402,1,8462,sum,shift_l2,0
568729,12.016646892869124,1,8463,sum,shift_l2,0
76829,12.0094241676883,1,8464,sum,shift_l2,0
667488,12.002979435545022,1,8465,sum,shift_l2,0
957621,11.99774869866674,1,8466,sum,shift_l2,0
23553,11.997378680087644,1,8467,sum,shift_l2,0
987579,11.994225001444905,1,8468,sum,shift_l2,0
855452,11.982946590572471,1,8469,sum,shift_l2,0
66586,11.981655528820939,1,8470,sum,shift_l2,0
202506,11.974780759552397,1,8471,sum,shift_l2,0
883473,11.968982923079142,1,8472,sum,shift_l2,0
71090,11.964328930559462,1,8473,sum,shift_l2,0
13093,11.962771425540124,1,8474,sum,shift_l2,0
209661,11.95267347594869,1,8475,sum,shift_l2,0
563434,11.950270120710105,1,8476,sum,shift_l2,0
575051,11.94716060025958,1,8477,sum,shift_l2,0
353761,11.94673310324777,1,8478,sum,shift_l2,0
628505,11.946558203777773,1,8479,sum,shift_l2,0
838305,11.946263022699444,1,8480,sum,shift_l2,0
978282,11.944187883132573,1,8481,sum,shift_l2,0
142505,11.940101499141232,1,8482,sum,shift_l2,0
426675,11.93862081919792,1,8483,sum,shift_l2,0
85564,11.937891696331782,1,8484,sum,shift_l2,0
625019,11.930844547255623,1,8485,sum,shift_l2,0
618535,11.921508853179278,1,8486,sum,shift_l2,0
606877,11.912034412034345,1,8487,sum,shift_l2,0
108287,11.907745415594324,1,8488,sum,shift_l2,0
29566,11.902046564187891,1,8489,sum,shift_l2,0
566636,11.901405675684204,1,8490,sum,shift_l2,0
583461,11.875369253851485,1,8491,sum,shift_l2,0
224737,11.871664399900146,1,8492,sum,shift_l2,0
810232,11.858563956789396,1,8493,sum,shift_l2,0
881818,11.854709242542025,1,8494,sum,shift_l2,0
766801,11.852229305503236,1,8495,sum,shift_l2,0
409232,11.85178799837918,1,8496,sum,shift_l2,0
43733,11.84759058261493,1,8497,sum,shift_l2,0
231547,11.840566324787025,1,8498,sum,shift_l2,0
670792,11.839174502138878,1,8499,sum,shift_l2,0
171132,11.831523599102749,1,8500,sum,shift_l2,0
267732,11.823361546019788,1,8501,sum,shift_l2,0
581742,11.823225594415208,1,8502,sum,shift_l2,0
476556,11.820837701791456,1,8503,sum,shift_l2,0
161724,11.819332453639506,1,8504,sum,shift_l2,0
143244,11.814714702302282,1,8505,sum,shift_l2,0
108286,11.804300443924538,1,8506,sum,shift_l2,0
37493,11.796903996196065,1,8507,sum,shift_l2,0
325677,11.78388338719221,1,8508,sum,shift_l2,0
905670,11.783068792344547,1,8509,sum,shift_l2,0
124807,11.772824632342381,1,8510,sum,shift_l2,0
466166,11.767973881558364,1,8511,sum,shift_l2,0
867592,11.766686107227677,1,8512,sum,shift_l2,0
104443,11.76554248209156,1,8513,sum,shift_l2,0
834630,11.76191092800259,1,8514,sum,shift_l2,0
386091,11.751587654821558,1,8515,sum,shift_l2,0
251198,11.75119268436946,1,8516,sum,shift_l2,0
361264,11.749214826976782,1,8517,sum,shift_l2,0
56127,11.744967407548385,1,8518,sum,shift_l2,0
50275,11.739563246904288,1,8519,sum,shift_l2,0
348916,11.720402614304035,1,8520,sum,shift_l2,0
992700,11.719906358205366,1,8521,sum,shift_l2,0
731401,11.689552904891425,1,8522,sum,shift_l2,0
112290,11.687257048816724,1,8523,sum,shift_l2,0
82705,11.686672832784536,1,8524,sum,shift_l2,0
127396,11.680099661700584,1,8525,sum,shift_l2,0
751122,11.68004096802328,1,8526,sum,shift_l2,0
897381,11.677122373543073,1,8527,sum,shift_l2,0
646293,11.672920988734893,1,8528,sum,shift_l2,0
705559,11.672512917111371,1,8529,sum,shift_l2,0
700265,11.669521172003034,1,8530,sum,shift_l2,0
944842,11.66700309375334,1,8531,sum,shift_l2,0
832304,11.664439569280612,1,8532,sum,shift_l2,0
249181,11.661314302080319,1,8533,sum,shift_l2,0
234585,11.657777609662626,1,8534,sum,shift_l2,0
245042,11.656288205784076,1,8535,sum,shift_l2,0
319758,11.65557218860516,1,8536,sum,shift_l2,0
474838,11.652790474171363,1,8537,sum,shift_l2,0
371027,11.650415195736894,1,8538,sum,shift_l2,0
285428,11.644792768022196,1,8539,sum,shift_l2,0
776424,11.632318832587035,1,8540,sum,shift_l2,0
457691,11.629957654534621,1,8541,sum,shift_l2,0
893457,11.628647407796771,1,8542,sum,shift_l2,0
934561,11.624953674751179,1,8543,sum,shift_l2,0
94625,11.618761056936613,1,8544,sum,shift_l2,0
659357,11.618335594369395,1,8545,sum,shift_l2,0
439751,11.611499782048439,1,8546,sum,shift_l2,0
476627,11.605418031077098,1,8547,sum,shift_l2,0
236386,11.602598792660801,1,8548,sum,shift_l2,0
291975,11.59813592423784,1,8549,sum,shift_l2,0
358245,11.59710804381635,1,8550,sum,shift_l2,0
928950,11.589622894949576,1,8551,sum,shift_l2,0
577865,11.58262090203734,1,8552,sum,shift_l2,0
177650,11.582116986164598,1,8553,sum,shift_l2,0
547163,11.575320273905126,1,8554,sum,shift_l2,0
294488,11.572532936889154,1,8555,sum,shift_l2,0
881103,11.569526629687699,1,8556,sum,shift_l2,0
385123,11.561598123323671,1,8557,sum,shift_l2,0
186228,11.558058446836705,1,8558,sum,shift_l2,0
226470,11.54915113672587,1,8559,sum,shift_l2,0
712511,11.523396184992995,1,8560,sum,shift_l2,0
265440,11.522233068511362,1,8561,sum,shift_l2,0
368577,11.520335254721012,1,8562,sum,shift_l2,0
816224,11.518939737763173,1,8563,sum,shift_l2,0
994892,11.512810179146653,1,8564,sum,shift_l2,0
467349,11.510384131382418,1,8565,sum,shift_l2,0
156024,11.491483662058531,1,8566,sum,shift_l2,0
265156,11.48592044357422,1,8567,sum,shift_l2,0
234065,11.482689443909788,1,8568,sum,shift_l2,0
38483,11.481228812820698,1,8569,sum,shift_l2,0
605715,11.477450320949169,1,8570,sum,shift_l2,0
92538,11.476413839882449,1,8571,sum,shift_l2,0
417474,11.46722287641862,1,8572,sum,shift_l2,0
649419,11.463485746651696,1,8573,sum,shift_l2,0
255988,11.461366555462243,1,8574,sum,shift_l2,0
414173,11.451522084981232,1,8575,sum,shift_l2,0
849733,11.444414126958986,1,8576,sum,shift_l2,0
486220,11.44303090457409,1,8577,sum,shift_l2,0
49827,11.44112317827097,1,8578,sum,shift_l2,0
20778,11.433948705328238,1,8579,sum,shift_l2,0
711659,11.42866485795639,1,8580,sum,shift_l2,0
361894,11.423279048484499,1,8581,sum,shift_l2,0
803293,11.42144154846197,1,8582,sum,shift_l2,0
745886,11.42063525080155,1,8583,sum,shift_l2,0
591971,11.418747183991877,1,8584,sum,shift_l2,0
963503,11.413255176328047,1,8585,sum,shift_l2,0
972904,11.406248090154225,1,8586,sum,shift_l2,0
58453,11.403174969127997,1,8587,sum,shift_l2,0
613413,11.401197824654506,1,8588,sum,shift_l2,0
299133,11.399913610332984,1,8589,sum,shift_l2,0
683389,11.392934157277018,1,8590,sum,shift_l2,0
589357,11.389408608824462,1,8591,sum,shift_l2,0
949669,11.387637895727156,1,8592,sum,shift_l2,0
307117,11.382565368517463,1,8593,sum,shift_l2,0
812711,11.38087222971698,1,8594,sum,shift_l2,0
596458,11.380125207900393,1,8595,sum,shift_l2,0
242014,11.377740101665731,1,8596,sum,shift_l2,0
381488,11.37245193205216,1,8597,sum,shift_l2,0
880148,11.369717017518386,1,8598,sum,shift_l2,0
47777,11.369257645860518,1,8599,sum,shift_l2,0
795309,11.354738506695117,1,8600,sum,shift_l2,0
162887,11.352150124727475,1,8601,sum,shift_l2,0
420220,11.348601037835111,1,8602,sum,shift_l2,0
855747,11.346928375134954,1,8603,sum,shift_l2,0
776096,11.341522128703234,1,8604,sum,shift_l2,0
194279,11.334055847252937,1,8605,sum,shift_l2,0
719140,11.329905295361028,1,8606,sum,shift_l2,0
252291,11.32700852088444,1,8607,sum,shift_l2,0
674986,11.326465040502892,1,8608,sum,shift_l2,0
417659,11.324129768879867,1,8609,sum,shift_l2,0
914358,11.324000218905082,1,8610,sum,shift_l2,0
898697,11.32109742020296,1,8611,sum,shift_l2,0
301306,11.32033398878439,1,8612,sum,shift_l2,0
446073,11.315659836817881,1,8613,sum,shift_l2,0
934761,11.304515136981362,1,8614,sum,shift_l2,0
711616,11.30188157553826,1,8615,sum,shift_l2,0
137627,11.298901037673163,1,8616,sum,shift_l2,0
522762,11.29276136667098,1,8617,sum,shift_l2,0
421146,11.290019739639467,1,8618,sum,shift_l2,0
712509,11.289778609093391,1,8619,sum,shift_l2,0
798611,11.286263306802795,1,8620,sum,shift_l2,0
148961,11.284408682693924,1,8621,sum,shift_l2,0
683608,11.282700485495461,1,8622,sum,shift_l2,0
184636,11.281605322129995,1,8623,sum,shift_l2,0
437414,11.271321266013796,1,8624,sum,shift_l2,0
598010,11.265801348952461,1,8625,sum,shift_l2,0
546347,11.26273330285835,1,8626,sum,shift_l2,0
591340,11.260908394148705,1,8627,sum,shift_l2,0
175343,11.240988818099792,1,8628,sum,shift_l2,0
506985,11.23818939416084,1,8629,sum,shift_l2,0
945055,11.231231174870285,1,8630,sum,shift_l2,0
646421,11.22490063913074,1,8631,sum,shift_l2,0
381484,11.223303125358706,1,8632,sum,shift_l2,0
994247,11.223112835771975,1,8633,sum,shift_l2,0
318608,11.21906361230987,1,8634,sum,shift_l2,0
65210,11.218168583629044,1,8635,sum,shift_l2,0
9177,11.208042124150865,1,8636,sum,shift_l2,0
969245,11.205041676159944,1,8637,sum,shift_l2,0
689579,11.195714027764865,1,8638,sum,shift_l2,0
954314,11.19442520733356,1,8639,sum,shift_l2,0
181586,11.192584219426076,1,8640,sum,shift_l2,0
289472,11.191610595252834,1,8641,sum,shift_l2,0
344268,11.179727400585548,1,8642,sum,shift_l2,0
260758,11.170791812053338,1,8643,sum,shift_l2,0
795014,11.168206686690674,1,8644,sum,shift_l2,0
153702,11.16391594263838,1,8645,sum,shift_l2,0
730476,11.161423059464536,1,8646,sum,shift_l2,0
31685,11.157691392652193,1,8647,sum,shift_l2,0
21266,11.154034968731157,1,8648,sum,shift_l2,0
39859,11.151911282597272,1,8649,sum,shift_l2,0
865029,11.144825482243293,1,8650,sum,shift_l2,0
364024,11.140566937177159,1,8651,sum,shift_l2,0
881112,11.140506452640691,1,8652,sum,shift_l2,0
732283,11.137298694723173,1,8653,sum,shift_l2,0
264276,11.129422921469548,1,8654,sum,shift_l2,0
155573,11.123632603411671,1,8655,sum,shift_l2,0
478966,11.123602750708512,1,8656,sum,shift_l2,0
53765,11.122995428011917,1,8657,sum,shift_l2,0
543954,11.12043750945932,1,8658,sum,shift_l2,0
828386,11.120203700980783,1,8659,sum,shift_l2,0
624312,11.11732166408727,1,8660,sum,shift_l2,0
724233,11.114009320526122,1,8661,sum,shift_l2,0
514344,11.113037357547837,1,8662,sum,shift_l2,0
57245,11.110944973196693,1,8663,sum,shift_l2,0
866732,11.110217782801676,1,8664,sum,shift_l2,0
475999,11.095881959220476,1,8665,sum,shift_l2,0
178812,11.081563321399878,1,8666,sum,shift_l2,0
920186,11.079294966868206,1,8667,sum,shift_l2,0
289841,11.07873862145421,1,8668,sum,shift_l2,0
518993,11.078544271605756,1,8669,sum,shift_l2,0
554499,11.075531252497655,1,8670,sum,shift_l2,0
26037,11.07343142847856,1,8671,sum,shift_l2,0
740502,11.065970363895556,1,8672,sum,shift_l2,0
508108,11.06476003519894,1,8673,sum,shift_l2,0
537052,11.063409597173841,1,8674,sum,shift_l2,0
333994,11.061875805894688,1,8675,sum,shift_l2,0
988199,11.061035421972845,1,8676,sum,shift_l2,0
104440,11.056457785863197,1,8677,sum,shift_l2,0
865032,11.054325582720717,1,8678,sum,shift_l2,0
203556,11.044126448310971,1,8679,sum,shift_l2,0
96945,11.036055905409201,1,8680,sum,shift_l2,0
110892,11.029244936165165,1,8681,sum,shift_l2,0
246548,11.024764512746549,1,8682,sum,shift_l2,0
311931,11.02468573791893,1,8683,sum,shift_l2,0
309565,11.022083433443319,1,8684,sum,shift_l2,0
686620,11.008361055332873,1,8685,sum,shift_l2,0
528573,10.998982139918992,1,8686,sum,shift_l2,0
303488,10.994412953622774,1,8687,sum,shift_l2,0
346778,10.991560291866772,1,8688,sum,shift_l2,0
858068,10.991495306326552,1,8689,sum,shift_l2,0
117679,10.990585204907157,1,8690,sum,shift_l2,0
17565,10.989318042438468,1,8691,sum,shift_l2,0
743998,10.986359848974306,1,8692,sum,shift_l2,0
230576,10.978397150743076,1,8693,sum,shift_l2,0
683118,10.976328141520142,1,8694,sum,shift_l2,0
310392,10.97619016320122,1,8695,sum,shift_l2,0
927479,10.973240878739139,1,8696,sum,shift_l2,0
537584,10.967177610524754,1,8697,sum,shift_l2,0
732376,10.96628684639434,1,8698,sum,shift_l2,0
478085,10.965787869297433,1,8699,sum,shift_l2,0
181133,10.951291847733886,1,8700,sum,shift_l2,0
395579,10.941782062529727,1,8701,sum,shift_l2,0
257154,10.934697121845215,1,8702,sum,shift_l2,0
883635,10.92146861378329,1,8703,sum,shift_l2,0
769746,10.91384077553857,1,8704,sum,shift_l2,0
17563,10.90925106594382,1,8705,sum,shift_l2,0
222443,10.907944316384777,1,8706,sum,shift_l2,0
306649,10.899511756216741,1,8707,sum,shift_l2,0
322376,10.89902316444047,1,8708,sum,shift_l2,0
909183,10.889107210046602,1,8709,sum,shift_l2,0
661527,10.888967672171855,1,8710,sum,shift_l2,0
562909,10.887414942250954,1,8711,sum,shift_l2,0
715654,10.886443247376585,1,8712,sum,shift_l2,0
928317,10.881995822360773,1,8713,sum,shift_l2,0
837112,10.881756046131457,1,8714,sum,shift_l2,0
923100,10.881734503220457,1,8715,sum,shift_l2,0
949232,10.880072589920518,1,8716,sum,shift_l2,0
152358,10.864883743082723,1,8717,sum,shift_l2,0
98977,10.848643028640444,1,8718,sum,shift_l2,0
390750,10.848098699002065,1,8719,sum,shift_l2,0
153264,10.845506255277506,1,8720,sum,shift_l2,0
962273,10.83409053270844,1,8721,sum,shift_l2,0
772593,10.833078313604439,1,8722,sum,shift_l2,0
915971,10.832931218546474,1,8723,sum,shift_l2,0
304325,10.82885968429514,1,8724,sum,shift_l2,0
611949,10.828781473771075,1,8725,sum,shift_l2,0
641628,10.82698440047558,1,8726,sum,shift_l2,0
626451,10.822776328626126,1,8727,sum,shift_l2,0
365071,10.822137986687885,1,8728,sum,shift_l2,0
880374,10.807864259864852,1,8729,sum,shift_l2,0
957841,10.806393027597398,1,8730,sum,shift_l2,0
92823,10.803321944599807,1,8731,sum,shift_l2,0
629937,10.802947281245759,1,8732,sum,shift_l2,0
614575,10.793172006463227,1,8733,sum,shift_l2,0
371978,10.784000585705515,1,8734,sum,shift_l2,0
567368,10.781603843418388,1,8735,sum,shift_l2,0
842759,10.781422835504229,1,8736,sum,shift_l2,0
481572,10.777825447180264,1,8737,sum,shift_l2,0
67619,10.774865820189497,1,8738,sum,shift_l2,0
272046,10.770842677006508,1,8739,sum,shift_l2,0
782378,10.76580007929259,1,8740,sum,shift_l2,0
340343,10.763039511519182,1,8741,sum,shift_l2,0
593646,10.755444612182142,1,8742,sum,shift_l2,0
524566,10.753801400508033,1,8743,sum,shift_l2,0
256665,10.745994674587491,1,8744,sum,shift_l2,0
428659,10.740161502081966,1,8745,sum,shift_l2,0
699660,10.732145997604713,1,8746,sum,shift_l2,0
92838,10.731142042421753,1,8747,sum,shift_l2,0
826064,10.72948822381014,1,8748,sum,shift_l2,0
462946,10.729035954588301,1,8749,sum,shift_l2,0
930968,10.728631480292504,1,8750,sum,shift_l2,0
483891,10.725727589044096,1,8751,sum,shift_l2,0
347571,10.722851066151602,1,8752,sum,shift_l2,0
929805,10.720683944629652,1,8753,sum,shift_l2,0
366529,10.712248171049426,1,8754,sum,shift_l2,0
661487,10.7090718635824,1,8755,sum,shift_l2,0
198580,10.703039553675001,1,8756,sum,shift_l2,0
181585,10.702743516972802,1,8757,sum,shift_l2,0
959151,10.700171696938721,1,8758,sum,shift_l2,0
110252,10.68029816611828,1,8759,sum,shift_l2,0
166667,10.671953201747348,1,8760,sum,shift_l2,0
10959,10.671564090986296,1,8761,sum,shift_l2,0
914701,10.671557231216585,1,8762,sum,shift_l2,0
629938,10.668801575718296,1,8763,sum,shift_l2,0
728708,10.654128265468437,1,8764,sum,shift_l2,0
617522,10.645488843420592,1,8765,sum,shift_l2,0
617329,10.639894067617536,1,8766,sum,shift_l2,0
892723,10.6391512666982,1,8767,sum,shift_l2,0
47951,10.633999145412597,1,8768,sum,shift_l2,0
315640,10.633154599544346,1,8769,sum,shift_l2,0
390635,10.63118384507738,1,8770,sum,shift_l2,0
913213,10.618261893961574,1,8771,sum,shift_l2,0
463775,10.614146905827505,1,8772,sum,shift_l2,0
230425,10.61403839329271,1,8773,sum,shift_l2,0
63061,10.587569289161134,1,8774,sum,shift_l2,0
922936,10.585899914129593,1,8775,sum,shift_l2,0
225290,10.585006162400926,1,8776,sum,shift_l2,0
796280,10.583893345230509,1,8777,sum,shift_l2,0
428087,10.583556490785273,1,8778,sum,shift_l2,0
821841,10.573094034205445,1,8779,sum,shift_l2,0
322080,10.569817180840861,1,8780,sum,shift_l2,0
973093,10.567148308088827,1,8781,sum,shift_l2,0
660151,10.561324010217689,1,8782,sum,shift_l2,0
318610,10.547760022189163,1,8783,sum,shift_l2,0
100241,10.53901967584444,1,8784,sum,shift_l2,0
346776,10.536962082257972,1,8785,sum,shift_l2,0
553625,10.535916778130751,1,8786,sum,shift_l2,0
214015,10.51920793269984,1,8787,sum,shift_l2,0
366768,10.51790644608526,1,8788,sum,shift_l2,0
596311,10.51380444202605,1,8789,sum,shift_l2,0
21960,10.51354187348121,1,8790,sum,shift_l2,0
881837,10.50707334866686,1,8791,sum,shift_l2,0
117222,10.491425900301866,1,8792,sum,shift_l2,0
225932,10.474539776591433,1,8793,sum,shift_l2,0
219928,10.474347926165633,1,8794,sum,shift_l2,0
565771,10.473268140295756,1,8795,sum,shift_l2,0
774405,10.467548058886164,1,8796,sum,shift_l2,0
726750,10.46611190618452,1,8797,sum,shift_l2,0
991927,10.463866719885047,1,8798,sum,shift_l2,0
637086,10.458140946484052,1,8799,sum,shift_l2,0
290723,10.448921074897354,1,8800,sum,shift_l2,0
104717,10.446151462793447,1,8801,sum,shift_l2,0
429822,10.43138189216013,1,8802,sum,shift_l2,0
95634,10.427664899370233,1,8803,sum,shift_l2,0
942606,10.420034394758797,1,8804,sum,shift_l2,0
941962,10.419496016914147,1,8805,sum,shift_l2,0
615050,10.418207652194091,1,8806,sum,shift_l2,0
287152,10.418064730423112,1,8807,sum,shift_l2,0
763658,10.41280183131289,1,8808,sum,shift_l2,0
376713,10.406120765257214,1,8809,sum,shift_l2,0
572206,10.405290815458624,1,8810,sum,shift_l2,0
817090,10.404263420723314,1,8811,sum,shift_l2,0
631102,10.397358967627007,1,8812,sum,shift_l2,0
26949,10.395789472053572,1,8813,sum,shift_l2,0
634312,10.389642577682176,1,8814,sum,shift_l2,0
400771,10.387106699305816,1,8815,sum,shift_l2,0
840864,10.383133557558583,1,8816,sum,shift_l2,0
482453,10.380889920331787,1,8817,sum,shift_l2,0
169534,10.377072165403217,1,8818,sum,shift_l2,0
758646,10.365790529803844,1,8819,sum,shift_l2,0
882162,10.36279766406416,1,8820,sum,shift_l2,0
622184,10.354502463868139,1,8821,sum,shift_l2,0
591678,10.352359713411666,1,8822,sum,shift_l2,0
187552,10.343828478480699,1,8823,sum,shift_l2,0
746353,10.341540960552411,1,8824,sum,shift_l2,0
827858,10.325368430342204,1,8825,sum,shift_l2,0
102460,10.31718510539574,1,8826,sum,shift_l2,0
514626,10.31322577675153,1,8827,sum,shift_l2,0
461538,10.300010091572078,1,8828,sum,shift_l2,0
915518,10.294329489672837,1,8829,sum,shift_l2,0
159417,10.290539133237766,1,8830,sum,shift_l2,0
746207,10.282252951952941,1,8831,sum,shift_l2,0
560399,10.269714980089187,1,8832,sum,shift_l2,0
668502,10.263442788767758,1,8833,sum,shift_l2,0
181495,10.258572405410103,1,8834,sum,shift_l2,0
706720,10.247269053230635,1,8835,sum,shift_l2,0
907829,10.24405014588277,1,8836,sum,shift_l2,0
798765,10.232799451556673,1,8837,sum,shift_l2,0
405741,10.22658984823168,1,8838,sum,shift_l2,0
444909,10.222008761008395,1,8839,sum,shift_l2,0
158385,10.218571278690096,1,8840,sum,shift_l2,0
983794,10.21655446941555,1,8841,sum,shift_l2,0
383036,10.214602541556458,1,8842,sum,shift_l2,0
914843,10.214246467478716,1,8843,sum,shift_l2,0
77430,10.194735758464432,1,8844,sum,shift_l2,0
658194,10.18968365062889,1,8845,sum,shift_l2,0
403951,10.184339418175439,1,8846,sum,shift_l2,0
628950,10.183641875664305,1,8847,sum,shift_l2,0
720301,10.183083911069486,1,8848,sum,shift_l2,0
605539,10.181549359052006,1,8849,sum,shift_l2,0
261315,10.17604716055538,1,8850,sum,shift_l2,0
611953,10.174709046435158,1,8851,sum,shift_l2,0
339524,10.171783758535437,1,8852,sum,shift_l2,0
132675,10.166654950734214,1,8853,sum,shift_l2,0
543124,10.166463138228366,1,8854,sum,shift_l2,0
70759,10.161989916887292,1,8855,sum,shift_l2,0
520797,10.157971505372021,1,8856,sum,shift_l2,0
373502,10.156662237911396,1,8857,sum,shift_l2,0
861543,10.145684123240807,1,8858,sum,shift_l2,0
351144,10.14422955997725,1,8859,sum,shift_l2,0
897536,10.136667925534244,1,8860,sum,shift_l2,0
812098,10.136012170504035,1,8861,sum,shift_l2,0
822834,10.135585441880407,1,8862,sum,shift_l2,0
496488,10.127349593186457,1,8863,sum,shift_l2,0
226940,10.118153144773178,1,8864,sum,shift_l2,0
549851,10.11246437742692,1,8865,sum,shift_l2,0
979882,10.10769021513587,1,8866,sum,shift_l2,0
924814,10.107307631552855,1,8867,sum,shift_l2,0
2546,10.105609395868518,1,8868,sum,shift_l2,0
280513,10.101961436963906,1,8869,sum,shift_l2,0
18909,10.099554213564847,1,8870,sum,shift_l2,0
909195,10.089807654407121,1,8871,sum,shift_l2,0
882428,10.087781176239185,1,8872,sum,shift_l2,0
665176,10.085444092962486,1,8873,sum,shift_l2,0
678746,10.081914661668623,1,8874,sum,shift_l2,0
739257,10.07686899288183,1,8875,sum,shift_l2,0
350787,10.067634203663621,1,8876,sum,shift_l2,0
193391,10.057920349963911,1,8877,sum,shift_l2,0
214121,10.051595486910525,1,8878,sum,shift_l2,0
466478,10.049073467177703,1,8879,sum,shift_l2,0
597578,10.04460619035643,1,8880,sum,shift_l2,0
73431,10.04170081819799,1,8881,sum,shift_l2,0
110905,10.037959231353733,1,8882,sum,shift_l2,0
748533,10.03412823536427,1,8883,sum,shift_l2,0
160219,10.025351214708083,1,8884,sum,shift_l2,0
922850,10.024204003621778,1,8885,sum,shift_l2,0
731640,10.024019690009169,1,8886,sum,shift_l2,0
232708,10.022594865444027,1,8887,sum,shift_l2,0
396450,10.021082506884463,1,8888,sum,shift_l2,0
670978,10.020698662796276,1,8889,sum,shift_l2,0
329068,10.017887034670151,1,8890,sum,shift_l2,0
922491,10.016324856257322,1,8891,sum,shift_l2,0
757937,10.015411030618194,1,8892,sum,shift_l2,0
55354,10.010590482012915,1,8893,sum,shift_l2,0
948398,10.010475081872778,1,8894,sum,shift_l2,0
259333,10.00880761244548,1,8895,sum,shift_l2,0
857132,10.005408199642067,1,8896,sum,shift_l2,0
155045,10.003723464958343,1,8897,sum,shift_l2,0
805616,10.003085243749334,1,8898,sum,shift_l2,0
432488,10.001614824431604,1,8899,sum,shift_l2,0
45455,10.001311829839807,1,8900,sum,shift_l2,0
153899,9.99937309384965,1,8901,sum,shift_l2,0
314091,9.992855772085795,1,8902,sum,shift_l2,0
379326,9.99220756777358,1,8903,sum,shift_l2,0
628956,9.98937437219976,1,8904,sum,shift_l2,0
886831,9.989043227549168,1,8905,sum,shift_l2,0
59482,9.981408209596964,1,8906,sum,shift_l2,0
677582,9.97661843138915,1,8907,sum,shift_l2,0
581502,9.96229615928794,1,8908,sum,shift_l2,0
932275,9.960394321778862,1,8909,sum,shift_l2,0
664243,9.956078065495472,1,8910,sum,shift_l2,0
370556,9.944190412088917,1,8911,sum,shift_l2,0
541991,9.935492131798483,1,8912,sum,shift_l2,0
527430,9.93524348138855,1,8913,sum,shift_l2,0
481376,9.935128188796039,1,8914,sum,shift_l2,0
237360,9.934432665935809,1,8915,sum,shift_l2,0
763570,9.929225334230445,1,8916,sum,shift_l2,0
463948,9.928564547982498,1,8917,sum,shift_l2,0
131168,9.927719451178914,1,8918,sum,shift_l2,0
720016,9.924034669203973,1,8919,sum,shift_l2,0
425601,9.915686669315551,1,8920,sum,shift_l2,0
619653,9.915047403838201,1,8921,sum,shift_l2,0
33922,9.901194692764173,1,8922,sum,shift_l2,0
817234,9.900995555063488,1,8923,sum,shift_l2,0
58604,9.897106824840504,1,8924,sum,shift_l2,0
862427,9.889860139945714,1,8925,sum,shift_l2,0
225741,9.8879231079779,1,8926,sum,shift_l2,0
725226,9.881267887854143,1,8927,sum,shift_l2,0
339166,9.880296770627313,1,8928,sum,shift_l2,0
867057,9.877835427271457,1,8929,sum,shift_l2,0
135295,9.877560616618918,1,8930,sum,shift_l2,0
411481,9.877078303133523,1,8931,sum,shift_l2,0
173018,9.873394739681764,1,8932,sum,shift_l2,0
655721,9.872981266265956,1,8933,sum,shift_l2,0
425516,9.869278881573136,1,8934,sum,shift_l2,0
77990,9.867170738365758,1,8935,sum,shift_l2,0
118102,9.866052630891419,1,8936,sum,shift_l2,0
868148,9.862842397872324,1,8937,sum,shift_l2,0
829550,9.860764004786171,1,8938,sum,shift_l2,0
46798,9.86071338475266,1,8939,sum,shift_l2,0
692417,9.857268608726518,1,8940,sum,shift_l2,0
905401,9.848813992746495,1,8941,sum,shift_l2,0
661312,9.847312606494848,1,8942,sum,shift_l2,0
277926,9.844885974539327,1,8943,sum,shift_l2,0
905550,9.84291081792717,1,8944,sum,shift_l2,0
950398,9.841582494956771,1,8945,sum,shift_l2,0
324546,9.840819060524911,1,8946,sum,shift_l2,0
799321,9.840326730099703,1,8947,sum,shift_l2,0
169960,9.839919707787129,1,8948,sum,shift_l2,0
837666,9.834836967737864,1,8949,sum,shift_l2,0
583672,9.832092184640972,1,8950,sum,shift_l2,0
956830,9.829411091247904,1,8951,sum,shift_l2,0
208349,9.827419828685898,1,8952,sum,shift_l2,0
108381,9.821168489071411,1,8953,sum,shift_l2,0
844911,9.82021843891918,1,8954,sum,shift_l2,0
379035,9.818091604226796,1,8955,sum,shift_l2,0
395285,9.817627890875071,1,8956,sum,shift_l2,0
966922,9.81749234386044,1,8957,sum,shift_l2,0
1633,9.81476151242425,1,8958,sum,shift_l2,0
658006,9.81432746181929,1,8959,sum,shift_l2,0
176505,9.813381993773591,1,8960,sum,shift_l2,0
251212,9.811670718393914,1,8961,sum,shift_l2,0
31512,9.811648415112451,1,8962,sum,shift_l2,0
101444,9.806712488131126,1,8963,sum,shift_l2,0
728711,9.803608385237704,1,8964,sum,shift_l2,0
794670,9.79115635941023,1,8965,sum,shift_l2,0
691526,9.791083689647557,1,8966,sum,shift_l2,0
696779,9.789369571753166,1,8967,sum,shift_l2,0
189917,9.788950113488045,1,8968,sum,shift_l2,0
543681,9.783657740782873,1,8969,sum,shift_l2,0
389491,9.783426924860612,1,8970,sum,shift_l2,0
174811,9.783317051538225,1,8971,sum,shift_l2,0
51437,9.78219686689958,1,8972,sum,shift_l2,0
683570,9.77822886588311,1,8973,sum,shift_l2,0
994026,9.775913200964599,1,8974,sum,shift_l2,0
744153,9.775523858783467,1,8975,sum,shift_l2,0
374516,9.774427333128093,1,8976,sum,shift_l2,0
222164,9.771253585738572,1,8977,sum,shift_l2,0
350805,9.767767824959725,1,8978,sum,shift_l2,0
792690,9.767135190710995,1,8979,sum,shift_l2,0
463987,9.766328381443836,1,8980,sum,shift_l2,0
769450,9.761098389013565,1,8981,sum,shift_l2,0
344694,9.75973185160745,1,8982,sum,shift_l2,0
695376,9.759250163341344,1,8983,sum,shift_l2,0
73557,9.758676809555688,1,8984,sum,shift_l2,0
300537,9.754835037247442,1,8985,sum,shift_l2,0
231120,9.75406464293638,1,8986,sum,shift_l2,0
869675,9.748961888711019,1,8987,sum,shift_l2,0
756326,9.737261015829217,1,8988,sum,shift_l2,0
862515,9.72755681502827,1,8989,sum,shift_l2,0
763949,9.725622736451353,1,8990,sum,shift_l2,0
712805,9.722394942617745,1,8991,sum,shift_l2,0
258987,9.71898072624973,1,8992,sum,shift_l2,0
14984,9.714632850660035,1,8993,sum,shift_l2,0
697511,9.712020291389397,1,8994,sum,shift_l2,0
611565,9.711354953365507,1,8995,sum,shift_l2,0
648620,9.71051921665244,1,8996,sum,shift_l2,0
934129,9.708562856041981,1,8997,sum,shift_l2,0
391473,9.70240177288054,1,8998,sum,shift_l2,0
115349,9.695191435970836,1,8999,sum,shift_l2,0
75108,9.691506033464165,1,9000,sum,shift_l2,0
932968,9.689941461525864,1,9001,sum,shift_l2,0
700823,9.68705003916103,1,9002,sum,shift_l2,0
319774,9.685027774090294,1,9003,sum,shift_l2,0
201344,9.68284566535905,1,9004,sum,shift_l2,0
34049,9.682178518374979,1,9005,sum,shift_l2,0
124849,9.67656576876679,1,9006,sum,shift_l2,0
383961,9.673464552752552,1,9007,sum,shift_l2,0
961178,9.661281982546233,1,9008,sum,shift_l2,0
143064,9.659031232770394,1,9009,sum,shift_l2,0
629156,9.658070682733252,1,9010,sum,shift_l2,0
864750,9.657598339965974,1,9011,sum,shift_l2,0
573182,9.655007093464759,1,9012,sum,shift_l2,0
844998,9.654681922656666,1,9013,sum,shift_l2,0
809060,9.653039191347935,1,9014,sum,shift_l2,0
532077,9.646531320858562,1,9015,sum,shift_l2,0
767230,9.645123190541169,1,9016,sum,shift_l2,0
120425,9.641788168921465,1,9017,sum,shift_l2,0
406560,9.633355432763288,1,9018,sum,shift_l2,0
44291,9.620870661964815,1,9019,sum,shift_l2,0
577093,9.620517563379742,1,9020,sum,shift_l2,0
505691,9.61137662274357,1,9021,sum,shift_l2,0
332470,9.610138144024534,1,9022,sum,shift_l2,0
392976,9.601291320075582,1,9023,sum,shift_l2,0
962608,9.59740534358182,1,9024,sum,shift_l2,0
189630,9.596360655524766,1,9025,sum,shift_l2,0
687767,9.596344894556294,1,9026,sum,shift_l2,0
633154,9.593307148813858,1,9027,sum,shift_l2,0
349340,9.59140007626145,1,9028,sum,shift_l2,0
363044,9.58995073778239,1,9029,sum,shift_l2,0
99085,9.575458460390955,1,9030,sum,shift_l2,0
784229,9.566030068630251,1,9031,sum,shift_l2,0
833287,9.561972124440953,1,9032,sum,shift_l2,0
383774,9.560433100608256,1,9033,sum,shift_l2,0
591594,9.55864442087902,1,9034,sum,shift_l2,0
434168,9.554272956725002,1,9035,sum,shift_l2,0
561467,9.53711149492393,1,9036,sum,shift_l2,0
291799,9.534585265643807,1,9037,sum,shift_l2,0
549762,9.534518272242927,1,9038,sum,shift_l2,0
349965,9.528358201216102,1,9039,sum,shift_l2,0
164579,9.524489889690363,1,9040,sum,shift_l2,0
73721,9.519826515532253,1,9041,sum,shift_l2,0
429085,9.517816217455573,1,9042,sum,shift_l2,0
205981,9.510562325767356,1,9043,sum,shift_l2,0
681240,9.506399801018102,1,9044,sum,shift_l2,0
264815,9.506052296253229,1,9045,sum,shift_l2,0
777514,9.503459650624968,1,9046,sum,shift_l2,0
35084,9.502216782170988,1,9047,sum,shift_l2,0
25784,9.501895332387713,1,9048,sum,shift_l2,0
410689,9.491422344130074,1,9049,sum,shift_l2,0
734520,9.477397827043918,1,9050,sum,shift_l2,0
51435,9.472821762692119,1,9051,sum,shift_l2,0
163195,9.468963232491063,1,9052,sum,shift_l2,0
137336,9.464236426384405,1,9053,sum,shift_l2,0
252292,9.456770404776945,1,9054,sum,shift_l2,0
393258,9.437602479176915,1,9055,sum,shift_l2,0
98906,9.43258767045733,1,9056,sum,shift_l2,0
218591,9.431896859389383,1,9057,sum,shift_l2,0
156448,9.427090213317719,1,9058,sum,shift_l2,0
884488,9.42499955084539,1,9059,sum,shift_l2,0
457181,9.424105418024242,1,9060,sum,shift_l2,0
790477,9.42030072119615,1,9061,sum,shift_l2,0
206971,9.420120748995567,1,9062,sum,shift_l2,0
10775,9.419437270717424,1,9063,sum,shift_l2,0
323239,9.416550042084607,1,9064,sum,shift_l2,0
904352,9.416134874529863,1,9065,sum,shift_l2,0
535819,9.408156626208262,1,9066,sum,shift_l2,0
785828,9.398943321988622,1,9067,sum,shift_l2,0
59467,9.398793079881793,1,9068,sum,shift_l2,0
286876,9.395564810764812,1,9069,sum,shift_l2,0
313878,9.394667391484496,1,9070,sum,shift_l2,0
83002,9.393964720525169,1,9071,sum,shift_l2,0
129292,9.393478601915334,1,9072,sum,shift_l2,0
85174,9.391925746014195,1,9073,sum,shift_l2,0
895049,9.383741902477603,1,9074,sum,shift_l2,0
611563,9.381333914865085,1,9075,sum,shift_l2,0
455812,9.374307746657898,1,9076,sum,shift_l2,0
235767,9.372787494553608,1,9077,sum,shift_l2,0
885665,9.371502041183923,1,9078,sum,shift_l2,0
11757,9.358286094888973,1,9079,sum,shift_l2,0
346501,9.355136284561734,1,9080,sum,shift_l2,0
347790,9.351866637923234,1,9081,sum,shift_l2,0
360736,9.350044475307467,1,9082,sum,shift_l2,0
666136,9.34585793789626,1,9083,sum,shift_l2,0
266451,9.340283727487433,1,9084,sum,shift_l2,0
500012,9.335863753176316,1,9085,sum,shift_l2,0
337328,9.327033018285807,1,9086,sum,shift_l2,0
893887,9.326960171215411,1,9087,sum,shift_l2,0
365177,9.323893592680662,1,9088,sum,shift_l2,0
575702,9.318766191974992,1,9089,sum,shift_l2,0
851954,9.31680624361204,1,9090,sum,shift_l2,0
653544,9.315574760114515,1,9091,sum,shift_l2,0
221519,9.311470399506845,1,9092,sum,shift_l2,0
998895,9.287416748387965,1,9093,sum,shift_l2,0
276907,9.280452101019707,1,9094,sum,shift_l2,0
965503,9.277407378268363,1,9095,sum,shift_l2,0
614835,9.273383810059567,1,9096,sum,shift_l2,0
886922,9.264062679246303,1,9097,sum,shift_l2,0
989179,9.255934592787582,1,9098,sum,shift_l2,0
924105,9.252189336750405,1,9099,sum,shift_l2,0
480420,9.250141132836918,1,9100,sum,shift_l2,0
207145,9.248400069604385,1,9101,sum,shift_l2,0
332641,9.246550397388763,1,9102,sum,shift_l2,0
955667,9.246049812062168,1,9103,sum,shift_l2,0
742991,9.24278453343176,1,9104,sum,shift_l2,0
164357,9.239025467973905,1,9105,sum,shift_l2,0
336842,9.23714539702135,1,9106,sum,shift_l2,0
26034,9.236156439584338,1,9107,sum,shift_l2,0
995967,9.236131646999342,1,9108,sum,shift_l2,0
173487,9.227958074278835,1,9109,sum,shift_l2,0
969423,9.225565049256709,1,9110,sum,shift_l2,0
942700,9.218366086461154,1,9111,sum,shift_l2,0
423277,9.20723745187037,1,9112,sum,shift_l2,0
480215,9.202025175246742,1,9113,sum,shift_l2,0
123035,9.197163127882995,1,9114,sum,shift_l2,0
26950,9.195101665788187,1,9115,sum,shift_l2,0
220916,9.19234014793786,1,9116,sum,shift_l2,0
357757,9.18548933326722,1,9117,sum,shift_l2,0
344301,9.18538536872477,1,9118,sum,shift_l2,0
868330,9.181442422935906,1,9119,sum,shift_l2,0
997201,9.180417927983171,1,9120,sum,shift_l2,0
925270,9.175414827370798,1,9121,sum,shift_l2,0
85868,9.173727660856073,1,9122,sum,shift_l2,0
440706,9.1726968272259,1,9123,sum,shift_l2,0
216011,9.169433632020315,1,9124,sum,shift_l2,0
840259,9.166963074370742,1,9125,sum,shift_l2,0
658204,9.161819269765468,1,9126,sum,shift_l2,0
547617,9.160428055219903,1,9127,sum,shift_l2,0
17900,9.157583207522077,1,9128,sum,shift_l2,0
699731,9.153130029598946,1,9129,sum,shift_l2,0
51265,9.152398594565792,1,9130,sum,shift_l2,0
42334,9.151621726322984,1,9131,sum,shift_l2,0
595294,9.14675485385701,1,9132,sum,shift_l2,0
475730,9.140326036132674,1,9133,sum,shift_l2,0
534725,9.131933123865707,1,9134,sum,shift_l2,0
301462,9.128718780539318,1,9135,sum,shift_l2,0
347941,9.123453328020835,1,9136,sum,shift_l2,0
363928,9.123239046591022,1,9137,sum,shift_l2,0
661039,9.122829731740236,1,9138,sum,shift_l2,0
404584,9.122238213757727,1,9139,sum,shift_l2,0
66973,9.12170107779798,1,9140,sum,shift_l2,0
504779,9.111232616984559,1,9141,sum,shift_l2,0
810955,9.092395900344883,1,9142,sum,shift_l2,0
506852,9.091816905308317,1,9143,sum,shift_l2,0
666029,9.08579450917595,1,9144,sum,shift_l2,0
592934,9.085738140804988,1,9145,sum,shift_l2,0
656394,9.085713858436938,1,9146,sum,shift_l2,0
683569,9.083968089965882,1,9147,sum,shift_l2,0
123306,9.082299529460148,1,9148,sum,shift_l2,0
275906,9.075148067880923,1,9149,sum,shift_l2,0
929477,9.068152473809066,1,9150,sum,shift_l2,0
374368,9.067894441137538,1,9151,sum,shift_l2,0
810958,9.06727103019683,1,9152,sum,shift_l2,0
160872,9.062545186146185,1,9153,sum,shift_l2,0
866190,9.058929152237658,1,9154,sum,shift_l2,0
638256,9.039477651466486,1,9155,sum,shift_l2,0
329160,9.034117527673853,1,9156,sum,shift_l2,0
946182,9.034055214825056,1,9157,sum,shift_l2,0
578013,9.032911434911346,1,9158,sum,shift_l2,0
947533,9.031578143031961,1,9159,sum,shift_l2,0
184337,9.030100050171363,1,9160,sum,shift_l2,0
591807,9.02958449823048,1,9161,sum,shift_l2,0
712512,9.027525541567103,1,9162,sum,shift_l2,0
454854,9.016637281290562,1,9163,sum,shift_l2,0
463845,9.009453680581524,1,9164,sum,shift_l2,0
867589,9.005134900584652,1,9165,sum,shift_l2,0
898576,8.992391389540154,1,9166,sum,shift_l2,0
180626,8.981955197475584,1,9167,sum,shift_l2,0
916953,8.981459518653528,1,9168,sum,shift_l2,0
718632,8.981074068029674,1,9169,sum,shift_l2,0
530076,8.97918185806157,1,9170,sum,shift_l2,0
145453,8.974516482612106,1,9171,sum,shift_l2,0
593920,8.97272662821106,1,9172,sum,shift_l2,0
752162,8.968338655221947,1,9173,sum,shift_l2,0
495363,8.965342458100029,1,9174,sum,shift_l2,0
315942,8.960258140943726,1,9175,sum,shift_l2,0
982112,8.960029015591797,1,9176,sum,shift_l2,0
643099,8.95581799838392,1,9177,sum,shift_l2,0
697712,8.954555210219961,1,9178,sum,shift_l2,0
469761,8.951879625172962,1,9179,sum,shift_l2,0
812977,8.95040802918108,1,9180,sum,shift_l2,0
754640,8.93844727713963,1,9181,sum,shift_l2,0
156748,8.932513133744312,1,9182,sum,shift_l2,0
454844,8.921033824697508,1,9183,sum,shift_l2,0
560292,8.919703731566923,1,9184,sum,shift_l2,0
971314,8.918914246346738,1,9185,sum,shift_l2,0
174504,8.918704052660233,1,9186,sum,shift_l2,0
232899,8.910132093187057,1,9187,sum,shift_l2,0
868234,8.908839654102978,1,9188,sum,shift_l2,0
273204,8.902612391819446,1,9189,sum,shift_l2,0
870558,8.897216270893466,1,9190,sum,shift_l2,0
817201,8.895466155707712,1,9191,sum,shift_l2,0
884630,8.893951288268914,1,9192,sum,shift_l2,0
849284,8.889673335686878,1,9193,sum,shift_l2,0
964772,8.883933697591761,1,9194,sum,shift_l2,0
674699,8.882547383650653,1,9195,sum,shift_l2,0
225943,8.88007427307034,1,9196,sum,shift_l2,0
978753,8.871878333705759,1,9197,sum,shift_l2,0
69582,8.863313926161917,1,9198,sum,shift_l2,0
533562,8.862741206035176,1,9199,sum,shift_l2,0
194363,8.860257261126627,1,9200,sum,shift_l2,0
238949,8.856798788514533,1,9201,sum,shift_l2,0
254795,8.841594132165872,1,9202,sum,shift_l2,0
682446,8.838120787724714,1,9203,sum,shift_l2,0
85135,8.810562647232205,1,9204,sum,shift_l2,0
297824,8.808696123055245,1,9205,sum,shift_l2,0
978915,8.805500218156022,1,9206,sum,shift_l2,0
757484,8.804503745594918,1,9207,sum,shift_l2,0
138748,8.801273609252448,1,9208,sum,shift_l2,0
925992,8.797420565441096,1,9209,sum,shift_l2,0
832129,8.796577000142301,1,9210,sum,shift_l2,0
908995,8.790839149079597,1,9211,sum,shift_l2,0
535022,8.788033649356283,1,9212,sum,shift_l2,0
607588,8.776309089671585,1,9213,sum,shift_l2,0
482438,8.773849411446845,1,9214,sum,shift_l2,0
223603,8.772046911477126,1,9215,sum,shift_l2,0
765336,8.770698267189024,1,9216,sum,shift_l2,0
246859,8.76413143706066,1,9217,sum,shift_l2,0
740707,8.762911007988892,1,9218,sum,shift_l2,0
618537,8.76242905777236,1,9219,sum,shift_l2,0
720792,8.761823089764686,1,9220,sum,shift_l2,0
53767,8.756441380362741,1,9221,sum,shift_l2,0
897580,8.750216507399234,1,9222,sum,shift_l2,0
658735,8.744157689077781,1,9223,sum,shift_l2,0
158238,8.740228180848721,1,9224,sum,shift_l2,0
136453,8.739891094863092,1,9225,sum,shift_l2,0
135106,8.739236701920523,1,9226,sum,shift_l2,0
679647,8.738352431872688,1,9227,sum,shift_l2,0
200378,8.73827737061315,1,9228,sum,shift_l2,0
721182,8.736953161246454,1,9229,sum,shift_l2,0
100157,8.724739341129636,1,9230,sum,shift_l2,0
257542,8.72471991859668,1,9231,sum,shift_l2,0
472244,8.723516956829794,1,9232,sum,shift_l2,0
908992,8.722335241903735,1,9233,sum,shift_l2,0
951557,8.720249482630269,1,9234,sum,shift_l2,0
855585,8.719552617092308,1,9235,sum,shift_l2,0
810118,8.719489082802108,1,9236,sum,shift_l2,0
831182,8.71776275401481,1,9237,sum,shift_l2,0
634314,8.714609115915303,1,9238,sum,shift_l2,0
718615,8.711281915040647,1,9239,sum,shift_l2,0
506495,8.70538422049119,1,9240,sum,shift_l2,0
533873,8.705067213609691,1,9241,sum,shift_l2,0
889431,8.702967079589035,1,9242,sum,shift_l2,0
593358,8.696229641302983,1,9243,sum,shift_l2,0
918115,8.670581756868065,1,9244,sum,shift_l2,0
562911,8.667357106003656,1,9245,sum,shift_l2,0
470186,8.666122825857846,1,9246,sum,shift_l2,0
18798,8.663289633174065,1,9247,sum,shift_l2,0
833656,8.660802235170515,1,9248,sum,shift_l2,0
67895,8.659723090129098,1,9249,sum,shift_l2,0
299107,8.65445995233786,1,9250,sum,shift_l2,0
388850,8.651282356980206,1,9251,sum,shift_l2,0
648603,8.650183338462092,1,9252,sum,shift_l2,0
376801,8.64573489444975,1,9253,sum,shift_l2,0
907659,8.644040449513778,1,9254,sum,shift_l2,0
252014,8.638548066217068,1,9255,sum,shift_l2,0
774099,8.636216689042959,1,9256,sum,shift_l2,0
193113,8.62763858360779,1,9257,sum,shift_l2,0
410656,8.626490252716419,1,9258,sum,shift_l2,0
782335,8.605088554517552,1,9259,sum,shift_l2,0
760170,8.601502699554503,1,9260,sum,shift_l2,0
289646,8.59138727662002,1,9261,sum,shift_l2,0
20257,8.5879163561553,1,9262,sum,shift_l2,0
502726,8.587287423539566,1,9263,sum,shift_l2,0
259008,8.58417147673508,1,9264,sum,shift_l2,0
268770,8.568023421318452,1,9265,sum,shift_l2,0
469758,8.567834821878103,1,9266,sum,shift_l2,0
542536,8.563022256930987,1,9267,sum,shift_l2,0
868518,8.561821764556253,1,9268,sum,shift_l2,0
499540,8.560511588307945,1,9269,sum,shift_l2,0
917329,8.554163291397446,1,9270,sum,shift_l2,0
727619,8.541719168480432,1,9271,sum,shift_l2,0
246662,8.535855995463073,1,9272,sum,shift_l2,0
312785,8.525305009473529,1,9273,sum,shift_l2,0
678829,8.519292202169728,1,9274,sum,shift_l2,0
72177,8.517494514469027,1,9275,sum,shift_l2,0
30726,8.511709434289292,1,9276,sum,shift_l2,0
126008,8.503657173312012,1,9277,sum,shift_l2,0
732561,8.498786197852919,1,9278,sum,shift_l2,0
925456,8.492187710589137,1,9279,sum,shift_l2,0
749696,8.491046585078303,1,9280,sum,shift_l2,0
46618,8.487400977706482,1,9281,sum,shift_l2,0
905403,8.482949834085163,1,9282,sum,shift_l2,0
894875,8.480861816201209,1,9283,sum,shift_l2,0
902026,8.47081576687183,1,9284,sum,shift_l2,0
491997,8.464917511192748,1,9285,sum,shift_l2,0
373320,8.461787212025557,1,9286,sum,shift_l2,0
633172,8.461749295634556,1,9287,sum,shift_l2,0
262189,8.440479076416267,1,9288,sum,shift_l2,0
330232,8.438105658475875,1,9289,sum,shift_l2,0
782164,8.431267168377149,1,9290,sum,shift_l2,0
381485,8.427718982309784,1,9291,sum,shift_l2,0
200886,8.424558867688773,1,9292,sum,shift_l2,0
172447,8.418798799385225,1,9293,sum,shift_l2,0
575694,8.417906828545378,1,9294,sum,shift_l2,0
97186,8.416725883774914,1,9295,sum,shift_l2,0
185780,8.412091242387056,1,9296,sum,shift_l2,0
109542,8.408789398446137,1,9297,sum,shift_l2,0
171022,8.405029370726949,1,9298,sum,shift_l2,0
66745,8.400082891756238,1,9299,sum,shift_l2,0
751151,8.39702110306797,1,9300,sum,shift_l2,0
361730,8.39289944803546,1,9301,sum,shift_l2,0
572177,8.387648926607973,1,9302,sum,shift_l2,0
274093,8.387492777610145,1,9303,sum,shift_l2,0
147881,8.387223547386075,1,9304,sum,shift_l2,0
707011,8.38033027477856,1,9305,sum,shift_l2,0
479059,8.372346736932057,1,9306,sum,shift_l2,0
50191,8.367329631232469,1,9307,sum,shift_l2,0
809070,8.365240679218633,1,9308,sum,shift_l2,0
679078,8.36149946596136,1,9309,sum,shift_l2,0
317729,8.339921379890919,1,9310,sum,shift_l2,0
303505,8.338641075630292,1,9311,sum,shift_l2,0
3988,8.33810508429117,1,9312,sum,shift_l2,0
976285,8.337884015963088,1,9313,sum,shift_l2,0
429096,8.332679005927467,1,9314,sum,shift_l2,0
781375,8.311452584250965,1,9315,sum,shift_l2,0
780204,8.3030808679329,1,9316,sum,shift_l2,0
696176,8.30278273346015,1,9317,sum,shift_l2,0
131184,8.300965438040636,1,9318,sum,shift_l2,0
889433,8.294682660758673,1,9319,sum,shift_l2,0
184964,8.294001874714557,1,9320,sum,shift_l2,0
645227,8.290143661270411,1,9321,sum,shift_l2,0
874049,8.283671987447415,1,9322,sum,shift_l2,0
908023,8.281381564825997,1,9323,sum,shift_l2,0
685893,8.277291329927687,1,9324,sum,shift_l2,0
462825,8.270096397124828,1,9325,sum,shift_l2,0
107646,8.26460174852836,1,9326,sum,shift_l2,0
647113,8.260118675900598,1,9327,sum,shift_l2,0
33901,8.251790631704175,1,9328,sum,shift_l2,0
213945,8.249198625806674,1,9329,sum,shift_l2,0
744191,8.240886876505646,1,9330,sum,shift_l2,0
357474,8.228797209653132,1,9331,sum,shift_l2,0
398914,8.220912736643728,1,9332,sum,shift_l2,0
801642,8.215718534439208,1,9333,sum,shift_l2,0
235075,8.214638839288787,1,9334,sum,shift_l2,0
116517,8.207242988862038,1,9335,sum,shift_l2,0
669190,8.205753321362065,1,9336,sum,shift_l2,0
474404,8.203349830536284,1,9337,sum,shift_l2,0
915236,8.201002946367966,1,9338,sum,shift_l2,0
768307,8.19904571974646,1,9339,sum,shift_l2,0
455727,8.197441475901707,1,9340,sum,shift_l2,0
831343,8.196787581046316,1,9341,sum,shift_l2,0
855731,8.19584308099986,1,9342,sum,shift_l2,0
672659,8.194600461904152,1,9343,sum,shift_l2,0
57450,8.193277828275644,1,9344,sum,shift_l2,0
939121,8.19093985944196,1,9345,sum,shift_l2,0
335160,8.188829354686364,1,9346,sum,shift_l2,0
220134,8.187720549612758,1,9347,sum,shift_l2,0
188380,8.184817767385887,1,9348,sum,shift_l2,0
367054,8.167349487527952,1,9349,sum,shift_l2,0
810136,8.167333557806547,1,9350,sum,shift_l2,0
259441,8.162988770318355,1,9351,sum,shift_l2,0
711656,8.147873595681153,1,9352,sum,shift_l2,0
718619,8.142365271062092,1,9353,sum,shift_l2,0
347318,8.141605842648769,1,9354,sum,shift_l2,0
140913,8.129019902826077,1,9355,sum,shift_l2,0
578027,8.112049728630213,1,9356,sum,shift_l2,0
517223,8.100280201066258,1,9357,sum,shift_l2,0
946072,8.09583817191668,1,9358,sum,shift_l2,0
483273,8.090100660687188,1,9359,sum,shift_l2,0
756598,8.073939747410746,1,9360,sum,shift_l2,0
852486,8.073837341713967,1,9361,sum,shift_l2,0
258275,8.065272476915423,1,9362,sum,shift_l2,0
670697,8.06358888284616,1,9363,sum,shift_l2,0
81691,8.059552939286702,1,9364,sum,shift_l2,0
138498,8.057614014645889,1,9365,sum,shift_l2,0
847233,8.052773269493994,1,9366,sum,shift_l2,0
374301,8.051123446392072,1,9367,sum,shift_l2,0
824064,8.048455914925738,1,9368,sum,shift_l2,0
794116,8.047481058708629,1,9369,sum,shift_l2,0
723264,8.04627402122345,1,9370,sum,shift_l2,0
645652,8.039687150838793,1,9371,sum,shift_l2,0
771882,8.034571383806943,1,9372,sum,shift_l2,0
95788,8.031287837684044,1,9373,sum,shift_l2,0
919614,8.02741175678162,1,9374,sum,shift_l2,0
790659,8.022446742688171,1,9375,sum,shift_l2,0
569583,8.020511696797659,1,9376,sum,shift_l2,0
866160,8.015509495366139,1,9377,sum,shift_l2,0
175773,8.009720699088453,1,9378,sum,shift_l2,0
900758,8.008858958318939,1,9379,sum,shift_l2,0
525105,8.004480996211804,1,9380,sum,shift_l2,0
282499,7.998256117238305,1,9381,sum,shift_l2,0
762478,7.995580832961105,1,9382,sum,shift_l2,0
790038,7.985607999138631,1,9383,sum,shift_l2,0
146548,7.985591287049656,1,9384,sum,shift_l2,0
739342,7.981712847232534,1,9385,sum,shift_l2,0
45181,7.972236919879607,1,9386,sum,shift_l2,0
23590,7.971028955638692,1,9387,sum,shift_l2,0
470834,7.970685468286875,1,9388,sum,shift_l2,0
68692,7.967917696280198,1,9389,sum,shift_l2,0
329869,7.966685474382968,1,9390,sum,shift_l2,0
786538,7.966207115563657,1,9391,sum,shift_l2,0
120427,7.963922176043981,1,9392,sum,shift_l2,0
292015,7.959170585819748,1,9393,sum,shift_l2,0
676507,7.958895827909128,1,9394,sum,shift_l2,0
880136,7.941422027848926,1,9395,sum,shift_l2,0
20256,7.9393456058226475,1,9396,sum,shift_l2,0
330523,7.937752472974984,1,9397,sum,shift_l2,0
200363,7.935141746027868,1,9398,sum,shift_l2,0
963609,7.928280901628829,1,9399,sum,shift_l2,0
10811,7.915694903550138,1,9400,sum,shift_l2,0
862704,7.910676643819642,1,9401,sum,shift_l2,0
744719,7.903708470074653,1,9402,sum,shift_l2,0
278034,7.901263433244837,1,9403,sum,shift_l2,0
636128,7.893799371261769,1,9404,sum,shift_l2,0
671944,7.891937063700382,1,9405,sum,shift_l2,0
10770,7.891484648414806,1,9406,sum,shift_l2,0
367326,7.8908802571716175,1,9407,sum,shift_l2,0
486759,7.887301983674376,1,9408,sum,shift_l2,0
367506,7.876449572013767,1,9409,sum,shift_l2,0
657915,7.862385276102986,1,9410,sum,shift_l2,0
388611,7.854816926158752,1,9411,sum,shift_l2,0
279197,7.848990673409395,1,9412,sum,shift_l2,0
744028,7.843513867699715,1,9413,sum,shift_l2,0
671214,7.841315533271635,1,9414,sum,shift_l2,0
828639,7.834510210912647,1,9415,sum,shift_l2,0
436772,7.832614634678957,1,9416,sum,shift_l2,0
229120,7.826189486108988,1,9417,sum,shift_l2,0
629143,7.803157662588955,1,9418,sum,shift_l2,0
72252,7.801985594528073,1,9419,sum,shift_l2,0
601268,7.801388013177294,1,9420,sum,shift_l2,0
473249,7.795803700907972,1,9421,sum,shift_l2,0
953579,7.790357933256586,1,9422,sum,shift_l2,0
958529,7.7838120686803896,1,9423,sum,shift_l2,0
680242,7.782728239397142,1,9424,sum,shift_l2,0
313620,7.7703471071997745,1,9425,sum,shift_l2,0
936453,7.765648344109618,1,9426,sum,shift_l2,0
811390,7.758864671868913,1,9427,sum,shift_l2,0
948504,7.758351533221789,1,9428,sum,shift_l2,0
957622,7.7545154690945814,1,9429,sum,shift_l2,0
56277,7.743986282407343,1,9430,sum,shift_l2,0
982630,7.7198237096876445,1,9431,sum,shift_l2,0
547524,7.7077371910195565,1,9432,sum,shift_l2,0
942604,7.6964041977322575,1,9433,sum,shift_l2,0
166303,7.687994067590055,1,9434,sum,shift_l2,0
993734,7.683320380489792,1,9435,sum,shift_l2,0
598295,7.657588592461544,1,9436,sum,shift_l2,0
224739,7.614052627332819,1,9437,sum,shift_l2,0
98124,7.600002653384094,1,9438,sum,shift_l2,0
604558,7.599162743460982,1,9439,sum,shift_l2,0
729088,7.579903430430701,1,9440,sum,shift_l2,0
233696,7.571954095293846,1,9441,sum,shift_l2,0
111758,7.5704355856589975,1,9442,sum,shift_l2,0
913844,7.569396328381622,1,9443,sum,shift_l2,0
290814,7.562966188094985,1,9444,sum,shift_l2,0
846243,7.553979456339049,1,9445,sum,shift_l2,0
913554,7.545374450243802,1,9446,sum,shift_l2,0
872001,7.53194800692682,1,9447,sum,shift_l2,0
538314,7.499517706278092,1,9448,sum,shift_l2,0
457403,7.478417419277398,1,9449,sum,shift_l2,0
102769,7.473031210409453,1,9450,sum,shift_l2,0
732369,7.468169632391466,1,9451,sum,shift_l2,0
629942,7.465758550954174,1,9452,sum,shift_l2,0
20798,7.455304551446968,1,9453,sum,shift_l2,0
963814,7.451548914085736,1,9454,sum,shift_l2,0
816075,7.437623840840465,1,9455,sum,shift_l2,0
458140,7.425628132463721,1,9456,sum,shift_l2,0
591771,7.3924924918598505,1,9457,sum,shift_l2,0
795156,7.372117028712301,1,9458,sum,shift_l2,0
416499,7.349775349900024,1,9459,sum,shift_l2,0
30682,7.1981188913165255,1,9460,sum,shift_l2,0
678957,7.193042604876923,1,9461,sum,shift_l2,0
517439,7.177875763585068,1,9462,sum,shift_l2,0
336136,7.1581750872418874,1,9463,sum,shift_l2,0
432775,7.124798055332508,1,9464,sum,shift_l2,0
625626,7.049772881394367,1,9465,sum,shift_l2,0
626821,6.990728276529467,1,9466,sum,shift_l2,0
793997,6.987300076756435,1,9467,sum,shift_l2,0
572022,6.98632346401059,1,9468,sum,shift_l2,0
426676,6.9486559584400505,1,9469,sum,shift_l2,0
895252,6.800895678999543,1,9470,sum,shift_l2,0
531348,6.670999275797142,1,9471,sum,shift_l2,0
522090,6.651425025928329,1,9472,sum,shift_l2,0
459124,6.616959618441128,1,9473,sum,shift_l2,0
818356,6.578276047647741,1,9474,sum,shift_l2,0
550669,6.513516293112992,1,9475,sum,shift_l2,0
808060,6.248820187314983,1,9476,sum,shift_l2,0
575412,6.2200840854292325,1,9477,sum,shift_l2,0
178102,6.1585391048802265,1,9478,sum,shift_l2,0
711497,5.789937712878954,1,9479,sum,shift_l2,0
136456,5.594575016963929,1,9480,sum,shift_l2,0
100403,5.495105734894061,1,9481,sum,shift_l2,0
640615,5.469706367245828,1,9482,sum,shift_l2,0
576558,5.460826391421575,1,9483,sum,shift_l2,0
721917,5.457818968643528,1,9484,sum,shift_l2,0
