user_id,score,n_leaf,rank,dissolve_how,score_col,selected
209473,8.844433191691886e-05,3,1,sum,tau2,1
42333,8.039531589685427e-05,5,2,sum,tau2,1
677651,7.7715073173273e-05,2,3,sum,tau2,1
377967,7.574161693461883e-05,1,4,sum,tau2,1
840347,7.56286807074683e-05,1,5,sum,tau2,1
251310,7.496872146925855e-05,1,6,sum,tau2,1
288680,7.358623374658564e-05,1,7,sum,tau2,1
164355,7.221995673441357e-05,1,8,sum,tau2,1
138499,7.210625489865167e-05,1,9,sum,tau2,1
112936,7.19650171280305e-05,2,10,sum,tau2,1
462613,7.133502568011843e-05,1,11,sum,tau2,1
247730,7.129295533010475e-05,1,12,sum,tau2,1
974063,7.074219870339283e-05,1,13,sum,tau2,1
590606,7.062827443861218e-05,1,14,sum,tau2,1
635752,7.02321012516663e-05,2,15,sum,tau2,1
83014,7.008972002972952e-05,1,16,sum,tau2,1
131619,7.002771684164302e-05,3,17,sum,tau2,1
270628,6.972661531252946e-05,2,18,sum,tau2,1
233910,6.966758951390538e-05,1,19,sum,tau2,1
168989,6.932051967439563e-05,1,20,sum,tau2,1
29401,6.794272958434797e-05,1,21,sum,tau2,1
26034,6.785113314719189e-05,1,22,sum,tau2,1
181495,6.757310421142654e-05,1,23,sum,tau2,1
132675,6.70242604616689e-05,1,24,sum,tau2,1
541991,6.679821867804097e-05,1,25,sum,tau2,1
977742,6.677082943853568e-05,1,26,sum,tau2,1
178812,6.64439290425421e-05,1,27,sum,tau2,1
660151,6.55161962496312e-05,1,28,sum,tau2,1
533492,6.471491435849826e-05,1,29,sum,tau2,1
601256,6.467923985105458e-05,3,30,sum,tau2,1
925992,6.337484715732455e-05,1,31,sum,tau2,1
9812,6.213467310418782e-05,2,32,sum,tau2,1
107108,6.141438554313463e-05,3,33,sum,tau2,1
788351,6.118649334154708e-05,3,34,sum,tau2,1
101832,6.034262108305285e-05,2,35,sum,tau2,1
569259,6.015217523398517e-05,1,36,sum,tau2,1
24913,5.955645317716168e-05,2,37,sum,tau2,1
457181,5.880172722811876e-05,1,38,sum,tau2,1
936793,5.82923560324899e-05,1,39,sum,tau2,1
156024,5.786101394479916e-05,1,40,sum,tau2,1
806648,5.741881461139602e-05,2,41,sum,tau2,1
790477,5.736635953888178e-05,1,42,sum,tau2,1
736018,5.685845685211051e-05,3,43,sum,tau2,1
841511,5.68556755357872e-05,1,44,sum,tau2,1
700265,5.684746007227145e-05,1,45,sum,tau2,1
897379,5.6630641795767306e-05,4,46,sum,tau2,1
508108,5.6356648631440145e-05,1,47,sum,tau2,1
47777,5.589229919454815e-05,1,48,sum,tau2,1
447593,5.502209704475997e-05,2,49,sum,tau2,1
76896,5.4958921659950634e-05,1,50,sum,tau2,1
462793,5.4927122263348125e-05,2,51,sum,tau2,0
473250,5.492535622132802e-05,1,52,sum,tau2,0
905701,5.4676251311532446e-05,1,53,sum,tau2,0
108581,5.4676251311532446e-05,1,54,sum,tau2,0
355776,5.435264170600787e-05,2,55,sum,tau2,0
925158,5.4262591665203576e-05,1,56,sum,tau2,0
829018,5.286465966241282e-05,1,57,sum,tau2,0
917128,5.244358996700778e-05,1,58,sum,tau2,0
22303,5.1690246746561715e-05,1,59,sum,tau2,0
891116,5.113729943827671e-05,3,60,sum,tau2,0
971292,5.094248150273068e-05,2,61,sum,tau2,0
482579,5.085596095665481e-05,1,62,sum,tau2,0
685458,5.062763665661816e-05,2,63,sum,tau2,0
870651,5.029114539831898e-05,2,64,sum,tau2,0
168370,5.021613754517596e-05,1,65,sum,tau2,0
520440,4.985963262223228e-05,2,66,sum,tau2,0
625667,4.899881669696932e-05,2,67,sum,tau2,0
150215,4.8648633196880466e-05,1,68,sum,tau2,0
302436,4.864399110508099e-05,3,69,sum,tau2,0
774918,4.816117997770947e-05,1,70,sum,tau2,0
771883,4.806445610189956e-05,1,71,sum,tau2,0
680794,4.801470116490742e-05,1,72,sum,tau2,0
477160,4.773281149911462e-05,1,73,sum,tau2,0
279100,4.730689171193316e-05,3,74,sum,tau2,0
987010,4.690571165195468e-05,1,75,sum,tau2,0
286057,4.6895620823491225e-05,2,76,sum,tau2,0
499794,4.629092822999425e-05,1,77,sum,tau2,0
587033,4.591791592793337e-05,1,78,sum,tau2,0
303160,4.5858777824984245e-05,1,79,sum,tau2,0
395819,4.528595385293884e-05,2,80,sum,tau2,0
966134,4.5227133830894255e-05,1,81,sum,tau2,0
9429,4.4707294308740163e-05,1,82,sum,tau2,0
684625,4.467048325335304e-05,2,83,sum,tau2,0
129291,4.465531142922538e-05,1,84,sum,tau2,0
499796,4.38212046640738e-05,3,85,sum,tau2,0
260167,4.3191213844461555e-05,1,86,sum,tau2,0
367054,4.304008459370325e-05,1,87,sum,tau2,0
363015,4.302229369982647e-05,1,88,sum,tau2,0
424333,4.2243164579657996e-05,3,89,sum,tau2,0
1000342,4.221128428204992e-05,1,90,sum,tau2,0
989365,4.21850803362609e-05,1,91,sum,tau2,0
897372,4.21850803362609e-05,1,92,sum,tau2,0
890298,4.2164087747895245e-05,1,93,sum,tau2,0
220129,4.21306689612131e-05,1,94,sum,tau2,0
297680,4.2101575659821795e-05,1,95,sum,tau2,0
889433,4.192974149692485e-05,1,96,sum,tau2,0
318,4.182776298968206e-05,3,97,sum,tau2,0
24717,4.1532458391690824e-05,4,98,sum,tau2,0
944569,4.136366606502625e-05,1,99,sum,tau2,0
500173,4.134225326853586e-05,6,100,sum,tau2,0
994892,4.123421028685565e-05,1,101,sum,tau2,0
392620,4.118979428255003e-05,1,102,sum,tau2,0
538314,4.1179974186180015e-05,1,103,sum,tau2,0
258279,4.111894018529545e-05,1,104,sum,tau2,0
219968,4.076610468050244e-05,1,105,sum,tau2,0
812462,4.035196611844641e-05,2,106,sum,tau2,0
752038,4.0351244801357984e-05,3,107,sum,tau2,0
570406,4.0202638728753854e-05,1,108,sum,tau2,0
903345,3.9737874468932496e-05,1,109,sum,tau2,0
919023,3.96497070309228e-05,2,110,sum,tau2,0
565084,3.95281522326389e-05,1,111,sum,tau2,0
520924,3.9522461118983795e-05,1,112,sum,tau2,0
782335,3.917330382771157e-05,1,113,sum,tau2,0
402791,3.9014277675262554e-05,1,114,sum,tau2,0
453058,3.899952039325915e-05,1,115,sum,tau2,0
58415,3.8969571706479045e-05,1,116,sum,tau2,0
592827,3.8895825400136904e-05,1,117,sum,tau2,0
559235,3.88207696527824e-05,2,118,sum,tau2,0
576660,3.8525589119976734e-05,1,119,sum,tau2,0
543167,3.836361536280416e-05,1,120,sum,tau2,0
76570,3.788420619920699e-05,1,121,sum,tau2,0
32888,3.7693326426283796e-05,1,122,sum,tau2,0
863245,3.761785033751594e-05,3,123,sum,tau2,0
886742,3.753721653546071e-05,3,124,sum,tau2,0
918495,3.752335665936619e-05,1,125,sum,tau2,0
922766,3.7340131802387924e-05,1,126,sum,tau2,0
73947,3.697182216591023e-05,1,127,sum,tau2,0
638979,3.6745072091208825e-05,1,128,sum,tau2,0
811816,3.631021422519565e-05,1,129,sum,tau2,0
132778,3.494652867748284e-05,1,130,sum,tau2,0
174799,3.49450372168936e-05,1,131,sum,tau2,0
133948,3.422476458265119e-05,3,132,sum,tau2,0
874325,3.420480271358997e-05,2,133,sum,tau2,0
817356,3.339907861954538e-05,1,134,sum,tau2,0
994026,3.339773224403524e-05,1,135,sum,tau2,0
37492,3.316516942653629e-05,1,136,sum,tau2,0
568571,3.287052511209248e-05,1,137,sum,tau2,0
435615,3.248462314964406e-05,2,138,sum,tau2,0
787698,3.2124934777218446e-05,1,139,sum,tau2,0
888085,3.206963404795626e-05,1,140,sum,tau2,0
101445,3.1742385362179764e-05,2,141,sum,tau2,0
977550,3.16319307633891e-05,1,142,sum,tau2,0
502457,3.16052925179655e-05,1,143,sum,tau2,0
944909,3.151678569487516e-05,2,144,sum,tau2,0
320934,3.137504766005668e-05,2,145,sum,tau2,0
314090,3.127780895645605e-05,1,146,sum,tau2,0
151572,3.127780895645605e-05,1,147,sum,tau2,0
558501,3.126500208176773e-05,2,148,sum,tau2,0
39088,3.1185355507050576e-05,2,149,sum,tau2,0
17741,3.084181060982694e-05,1,150,sum,tau2,0
626523,3.069532231070783e-05,1,151,sum,tau2,0
924816,3.06318459190937e-05,1,152,sum,tau2,0
700906,3.025375360831998e-05,1,153,sum,tau2,0
34996,3.0000412420138524e-05,3,154,sum,tau2,0
152531,2.9985084587533424e-05,4,155,sum,tau2,0
831853,2.9887395961439293e-05,1,156,sum,tau2,0
873174,2.9846136525717105e-05,3,157,sum,tau2,0
908889,2.9844691839730095e-05,1,158,sum,tau2,0
356312,2.9844691839730095e-05,1,159,sum,tau2,0
980069,2.9843836664523828e-05,1,160,sum,tau2,0
670051,2.984295755675351e-05,1,161,sum,tau2,0
154406,2.9761964459302354e-05,1,162,sum,tau2,0
5672,2.9683353912945713e-05,1,163,sum,tau2,0
481376,2.965739931829118e-05,1,164,sum,tau2,0
425600,2.921077056359841e-05,1,165,sum,tau2,0
15311,2.872082068647805e-05,1,166,sum,tau2,0
139954,2.867674515730735e-05,1,167,sum,tau2,0
976395,2.8007439847949853e-05,1,168,sum,tau2,0
680085,2.786793134234233e-05,1,169,sum,tau2,0
749371,2.7856844479833466e-05,1,170,sum,tau2,0
250341,2.7584611732299817e-05,4,171,sum,tau2,0
295463,2.7171671866283543e-05,2,172,sum,tau2,0
639600,2.7057430659517784e-05,1,173,sum,tau2,0
532505,2.6738593726924508e-05,4,174,sum,tau2,0
232872,2.6702131622246105e-05,1,175,sum,tau2,0
168799,2.6432242907564584e-05,1,176,sum,tau2,0
672676,2.6429468776525068e-05,3,177,sum,tau2,0
657042,2.6352651164501576e-05,1,178,sum,tau2,0
665959,2.633073505432573e-05,1,179,sum,tau2,0
413985,2.6310910939331586e-05,3,180,sum,tau2,0
838316,2.619328762546259e-05,3,181,sum,tau2,0
8357,2.6023381405717588e-05,2,182,sum,tau2,0
309565,2.599032219971124e-05,1,183,sum,tau2,0
392106,2.5981514114153465e-05,1,184,sum,tau2,0
995171,2.5618791250432983e-05,2,185,sum,tau2,0
263111,2.5551637463581395e-05,1,186,sum,tau2,0
524377,2.5084249039396675e-05,1,187,sum,tau2,0
922491,2.485847645679709e-05,1,188,sum,tau2,0
46687,2.4819388499513654e-05,1,189,sum,tau2,0
231120,2.4757107433547403e-05,1,190,sum,tau2,0
848393,2.4713356343791347e-05,1,191,sum,tau2,0
422846,2.4662341860966136e-05,2,192,sum,tau2,0
104805,2.4439881179078602e-05,2,193,sum,tau2,0
33922,2.4209893517165183e-05,1,194,sum,tau2,0
617492,2.4184362613218326e-05,2,195,sum,tau2,0
932427,2.4117506874864573e-05,2,196,sum,tau2,0
910318,2.3866870550204784e-05,1,197,sum,tau2,0
364448,2.3848365575890106e-05,1,198,sum,tau2,0
831302,2.382836199574313e-05,1,199,sum,tau2,0
755815,2.3782403285541653e-05,2,200,sum,tau2,0
112848,2.365155311255417e-05,2,201,sum,tau2,0
992699,2.362451925468692e-05,2,202,sum,tau2,0
42183,2.3608585524213738e-05,2,203,sum,tau2,0
941735,2.352294325502699e-05,2,204,sum,tau2,0
100403,2.3501259127021785e-05,1,205,sum,tau2,0
465113,2.3487648372002122e-05,1,206,sum,tau2,0
711884,2.323863074494709e-05,1,207,sum,tau2,0
580187,2.3187349446525553e-05,3,208,sum,tau2,0
374516,2.308626681555307e-05,1,209,sum,tau2,0
458140,2.30028205768489e-05,1,210,sum,tau2,0
446946,2.273279718036603e-05,2,211,sum,tau2,0
559966,2.2631245701748854e-05,1,212,sum,tau2,0
615050,2.2504017653776177e-05,1,213,sum,tau2,0
906225,2.24488379260096e-05,1,214,sum,tau2,0
211619,2.2426419097244073e-05,1,215,sum,tau2,0
865555,2.233520604686164e-05,3,216,sum,tau2,0
820887,2.219728681329209e-05,1,217,sum,tau2,0
278026,2.2173467239052322e-05,1,218,sum,tau2,0
226166,2.1971784853383507e-05,2,219,sum,tau2,0
1676,2.191414842246746e-05,5,220,sum,tau2,0
114193,2.1913931216037453e-05,2,221,sum,tau2,0
129292,2.1784635019591852e-05,1,222,sum,tau2,0
648620,2.1702588736578203e-05,1,223,sum,tau2,0
862427,2.1479474745574025e-05,1,224,sum,tau2,0
611565,2.1479474745574025e-05,1,225,sum,tau2,0
987906,2.135264895695047e-05,1,226,sum,tau2,0
884488,2.1266729559911936e-05,1,227,sum,tau2,0
570677,2.1147414976520953e-05,2,228,sum,tau2,0
453400,2.1137423453204665e-05,1,229,sum,tau2,0
631102,2.1048914488055854e-05,1,230,sum,tau2,0
208740,2.084707256001785e-05,2,231,sum,tau2,0
648708,2.0824429194643712e-05,2,232,sum,tau2,0
797354,2.0823195304019055e-05,1,233,sum,tau2,0
692417,2.0688007485103438e-05,1,234,sum,tau2,0
534828,2.06395736003032e-05,1,235,sum,tau2,0
221002,2.0554852792097284e-05,1,236,sum,tau2,0
101444,2.0462611295859118e-05,1,237,sum,tau2,0
58604,2.0462611295859118e-05,1,238,sum,tau2,0
334789,2.042206398775245e-05,1,239,sum,tau2,0
868148,2.029431519843187e-05,1,240,sum,tau2,0
408888,2.0290564660751025e-05,1,241,sum,tau2,0
853408,2.01686431406544e-05,1,242,sum,tau2,0
738218,2.011824484064812e-05,1,243,sum,tau2,0
432576,2.0115335062326036e-05,1,244,sum,tau2,0
350261,2.0018840944708092e-05,1,245,sum,tau2,0
145457,1.9993041949306364e-05,2,246,sum,tau2,0
799321,1.9714793370273135e-05,1,247,sum,tau2,0
398700,1.970304260735084e-05,1,248,sum,tau2,0
381607,1.9506295741922335e-05,1,249,sum,tau2,0
920442,1.9436308207342712e-05,1,250,sum,tau2,0
164314,1.9433952786606544e-05,1,251,sum,tau2,0
617230,1.9116887853969704e-05,2,252,sum,tau2,0
114188,1.9028870443509526e-05,4,253,sum,tau2,0
387079,1.9012243079917076e-05,1,254,sum,tau2,0
246548,1.898739427095747e-05,1,255,sum,tau2,0
270971,1.8866218802840045e-05,1,256,sum,tau2,0
950832,1.8850625550273884e-05,1,257,sum,tau2,0
403418,1.883852131287266e-05,1,258,sum,tau2,0
359408,1.8788694915042617e-05,1,259,sum,tau2,0
234604,1.8788694915042617e-05,1,260,sum,tau2,0
681955,1.8708010628338542e-05,2,261,sum,tau2,0
695376,1.869026240407349e-05,1,262,sum,tau2,0
278025,1.8641661693518242e-05,2,263,sum,tau2,0
69598,1.8608155607019253e-05,2,264,sum,tau2,0
581502,1.8599101890791803e-05,1,265,sum,tau2,0
109969,1.8502028072694207e-05,1,266,sum,tau2,0
946911,1.8466814369109083e-05,3,267,sum,tau2,0
886831,1.8459025610603086e-05,1,268,sum,tau2,0
275743,1.8386514669217617e-05,3,269,sum,tau2,0
993732,1.837179380691942e-05,1,270,sum,tau2,0
320935,1.8243133550907486e-05,3,271,sum,tau2,0
447507,1.822750520549575e-05,2,272,sum,tau2,0
713983,1.822612777033714e-05,1,273,sum,tau2,0
857132,1.8211766309111414e-05,1,274,sum,tau2,0
658006,1.8211766309111414e-05,1,275,sum,tau2,0
818255,1.812801807633582e-05,2,276,sum,tau2,0
499236,1.8118717217273515e-05,5,277,sum,tau2,0
92297,1.8065378060096996e-05,2,278,sum,tau2,0
464152,1.8037003827827412e-05,1,279,sum,tau2,0
89945,1.801285104898022e-05,3,280,sum,tau2,0
366529,1.7887006127186205e-05,1,281,sum,tau2,0
68908,1.7881961763375666e-05,2,282,sum,tau2,0
974064,1.7737222576985288e-05,1,283,sum,tau2,0
405741,1.7684994665215714e-05,1,284,sum,tau2,0
927790,1.7658095712070183e-05,3,285,sum,tau2,0
277853,1.754661324520925e-05,2,286,sum,tau2,0
515270,1.75362055089806e-05,1,287,sum,tau2,0
317105,1.7499640491345212e-05,3,288,sum,tau2,0
260169,1.7340460993101626e-05,2,289,sum,tau2,0
164045,1.729989301958697e-05,1,290,sum,tau2,0
735123,1.729894886223293e-05,3,291,sum,tau2,0
10591,1.7296243826306434e-05,2,292,sum,tau2,0
284999,1.72958510587779e-05,1,293,sum,tau2,0
683120,1.72958510587779e-05,1,294,sum,tau2,0
527123,1.713384018363819e-05,1,295,sum,tau2,0
688405,1.708717757665116e-05,1,296,sum,tau2,0
436263,1.6951682697647597e-05,2,297,sum,tau2,0
996307,1.6941295360770414e-05,1,298,sum,tau2,0
721917,1.693255276314171e-05,1,299,sum,tau2,0
18726,1.6850181805489106e-05,1,300,sum,tau2,0
693066,1.6819672261281534e-05,1,301,sum,tau2,0
207185,1.6819672261281534e-05,1,302,sum,tau2,0
413897,1.6774659130757257e-05,1,303,sum,tau2,0
244153,1.6675638021171504e-05,1,304,sum,tau2,0
659353,1.6636073190207643e-05,1,305,sum,tau2,0
841636,1.6545538334576334e-05,1,306,sum,tau2,0
15242,1.6527102010428722e-05,1,307,sum,tau2,0
225741,1.636809325309952e-05,1,308,sum,tau2,0
466478,1.6342676954939005e-05,1,309,sum,tau2,0
912373,1.629844611056422e-05,2,310,sum,tau2,0
929482,1.629764569212309e-05,1,311,sum,tau2,0
933559,1.626504543735059e-05,2,312,sum,tau2,0
58307,1.6221903985391157e-05,1,313,sum,tau2,0
657999,1.6189378886609313e-05,1,314,sum,tau2,0
66583,1.6165270804226278e-05,1,315,sum,tau2,0
904354,1.6104630322603232e-05,1,316,sum,tau2,0
462946,1.587795576559585e-05,1,317,sum,tau2,0
332552,1.5807154783611316e-05,1,318,sum,tau2,0
436793,1.5799281207346775e-05,1,319,sum,tau2,0
102460,1.576461775868584e-05,1,320,sum,tau2,0
615722,1.568114008534739e-05,1,321,sum,tau2,0
181480,1.563343769683252e-05,2,322,sum,tau2,0
88823,1.533201436445062e-05,2,323,sum,tau2,0
498375,1.5310391777737602e-05,2,324,sum,tau2,0
924105,1.5145664397744495e-05,1,325,sum,tau2,0
535818,1.5145515878022163e-05,2,326,sum,tau2,0
95491,1.511129505559588e-05,1,327,sum,tau2,0
691615,1.5019305479634206e-05,2,328,sum,tau2,0
769467,1.4937375578882821e-05,2,329,sum,tau2,0
250344,1.4772364894855532e-05,1,330,sum,tau2,0
826919,1.4771232409835539e-05,1,331,sum,tau2,0
127158,1.4728426773122257e-05,2,332,sum,tau2,0
80916,1.4724088984479089e-05,2,333,sum,tau2,0
527897,1.470405704973709e-05,1,334,sum,tau2,0
767272,1.4663591581222916e-05,3,335,sum,tau2,0
144558,1.4639222410489177e-05,3,336,sum,tau2,0
718619,1.4595305735842654e-05,1,337,sum,tau2,0
205981,1.4587838254091487e-05,1,338,sum,tau2,0
149045,1.4455969530770596e-05,3,339,sum,tau2,0
991925,1.4416139290964973e-05,2,340,sum,tau2,0
818356,1.428256104069814e-05,1,341,sum,tau2,0
914632,1.4272888803265366e-05,1,342,sum,tau2,0
829891,1.4272888803265366e-05,1,343,sum,tau2,0
232712,1.4257082319715832e-05,1,344,sum,tau2,0
515503,1.4239080466505526e-05,1,345,sum,tau2,0
327264,1.4239080466505526e-05,1,346,sum,tau2,0
865029,1.4174206653216859e-05,1,347,sum,tau2,0
719142,1.4102186359720954e-05,1,348,sum,tau2,0
838305,1.405568859327511e-05,1,349,sum,tau2,0
768435,1.3996300881429842e-05,1,350,sum,tau2,0
499793,1.3974028269789545e-05,3,351,sum,tau2,0
232900,1.3919543794683064e-05,2,352,sum,tau2,0
843923,1.3710428175162465e-05,2,353,sum,tau2,0
600635,1.3667668752525535e-05,2,354,sum,tau2,0
39712,1.3660606658788393e-05,1,355,sum,tau2,0
565045,1.360800421266953e-05,1,356,sum,tau2,0
993370,1.3569842390956776e-05,2,357,sum,tau2,0
533496,1.3451467218051486e-05,1,358,sum,tau2,0
20798,1.3429436689715363e-05,1,359,sum,tau2,0
776421,1.3423528757943495e-05,2,360,sum,tau2,0
611725,1.3421486484400296e-05,6,361,sum,tau2,0
963814,1.3363932473351456e-05,1,362,sum,tau2,0
269164,1.3360277545166937e-05,2,363,sum,tau2,0
576558,1.332659650967638e-05,1,364,sum,tau2,0
324546,1.3300536671529502e-05,1,365,sum,tau2,0
343015,1.3263936053163952e-05,1,366,sum,tau2,0
954313,1.3122653411527912e-05,1,367,sum,tau2,0
719412,1.307253514485267e-05,2,368,sum,tau2,0
733425,1.30700462033543e-05,1,369,sum,tau2,0
794670,1.3041211963922921e-05,1,370,sum,tau2,0
226940,1.3041211963922921e-05,1,371,sum,tau2,0
709127,1.2970617300985532e-05,2,372,sum,tau2,0
158385,1.296653143117352e-05,1,373,sum,tau2,0
720301,1.296653143117352e-05,1,374,sum,tau2,0
575503,1.2961216829069256e-05,1,375,sum,tau2,0
2675,1.2953629311538982e-05,2,376,sum,tau2,0
687783,1.2791902121753758e-05,1,377,sum,tau2,0
752327,1.2756010856026501e-05,1,378,sum,tau2,0
980607,1.2743792630068036e-05,1,379,sum,tau2,0
236385,1.2743792630068036e-05,1,380,sum,tau2,0
44291,1.2652026562867655e-05,1,381,sum,tau2,0
264815,1.2652026562867655e-05,1,382,sum,tau2,0
347644,1.2643982380547458e-05,2,383,sum,tau2,0
214015,1.2627394838562525e-05,1,384,sum,tau2,0
637086,1.2606580575058141e-05,1,385,sum,tau2,0
240113,1.2574796298256741e-05,2,386,sum,tau2,0
945217,1.2519632621999496e-05,5,387,sum,tau2,0
357235,1.2496919620910464e-05,1,388,sum,tau2,0
714767,1.2412910328587428e-05,1,389,sum,tau2,0
697937,1.2412910328587428e-05,1,390,sum,tau2,0
556819,1.2412910328587428e-05,1,391,sum,tau2,0
6125,1.2412910328587428e-05,1,392,sum,tau2,0
534725,1.2343873965264134e-05,1,393,sum,tau2,0
661488,1.2284647838325304e-05,2,394,sum,tau2,0
816075,1.2244219055082367e-05,1,395,sum,tau2,0
945448,1.2241618066224963e-05,3,396,sum,tau2,0
803968,1.2123729435271878e-05,1,397,sum,tau2,0
663725,1.2056975583276332e-05,1,398,sum,tau2,0
628505,1.19960093252351e-05,1,399,sum,tau2,0
961327,1.1851089731342242e-05,1,400,sum,tau2,0
83002,1.1840805813637495e-05,1,401,sum,tau2,0
505691,1.1840805813637495e-05,1,402,sum,tau2,0
365177,1.1729093438921892e-05,1,403,sum,tau2,0
172201,1.1695122933220528e-05,2,404,sum,tau2,0
872001,1.1679718264691591e-05,1,405,sum,tau2,0
797268,1.1660590458906138e-05,2,406,sum,tau2,0
323239,1.1643162207883688e-05,1,407,sum,tau2,0
370556,1.1623945022106493e-05,1,408,sum,tau2,0
1633,1.1623945022106493e-05,1,409,sum,tau2,0
515282,1.1609376335921119e-05,1,410,sum,tau2,0
201542,1.1609376335921119e-05,1,411,sum,tau2,0
647747,1.1609376335921119e-05,1,412,sum,tau2,0
810264,1.1569681265579122e-05,1,413,sum,tau2,0
833017,1.1561154566280561e-05,2,414,sum,tau2,0
895765,1.1520379125208685e-05,2,415,sum,tau2,0
120427,1.1509066554976282e-05,1,416,sum,tau2,0
508266,1.1441856959055854e-05,3,417,sum,tau2,0
484416,1.143371089271251e-05,4,418,sum,tau2,0
385138,1.1433504014874951e-05,1,419,sum,tau2,0
848731,1.1427981384655354e-05,1,420,sum,tau2,0
467262,1.1425384684535821e-05,1,421,sum,tau2,0
746742,1.1420015398789351e-05,1,422,sum,tau2,0
340602,1.1420015398789351e-05,1,423,sum,tau2,0
23445,1.1334537813713083e-05,1,424,sum,tau2,0
116517,1.1310899314732787e-05,1,425,sum,tau2,0
258275,1.1310899314732787e-05,1,426,sum,tau2,0
886959,1.1276831527374399e-05,1,427,sum,tau2,0
486455,1.1276831527374399e-05,1,428,sum,tau2,0
137629,1.1240111747665152e-05,1,429,sum,tau2,0
635189,1.1240111747665152e-05,1,430,sum,tau2,0
558070,1.1185531982533223e-05,1,431,sum,tau2,0
862337,1.1185531982533223e-05,1,432,sum,tau2,0
920805,1.1130241956637384e-05,2,433,sum,tau2,0
893798,1.1098063738654004e-05,1,434,sum,tau2,0
894874,1.1095504797616395e-05,1,435,sum,tau2,0
953579,1.1068044148628024e-05,1,436,sum,tau2,0
410498,1.0978731441220254e-05,2,437,sum,tau2,0
17291,1.0954376403435336e-05,1,438,sum,tau2,0
757937,1.0914720597648135e-05,1,439,sum,tau2,0
551301,1.0911681790290612e-05,1,440,sum,tau2,0
953581,1.0869103146535899e-05,2,441,sum,tau2,0
648912,1.077854200182142e-05,1,442,sum,tau2,0
102728,1.0751062699142357e-05,2,443,sum,tau2,0
926617,1.0732779399500558e-05,2,444,sum,tau2,0
652352,1.0706398859096905e-05,4,445,sum,tau2,0
204649,1.067978258107804e-05,2,446,sum,tau2,0
567368,1.0661428675214597e-05,1,447,sum,tau2,0
982630,1.0641778929044083e-05,1,448,sum,tau2,0
355451,1.0617084015922937e-05,1,449,sum,tau2,0
325497,1.0617084015922937e-05,1,450,sum,tau2,0
149048,1.0588704494008538e-05,3,451,sum,tau2,0
997305,1.0449709323100596e-05,1,452,sum,tau2,0
672659,1.0440586033148927e-05,1,453,sum,tau2,0
676507,1.0440586033148927e-05,1,454,sum,tau2,0
939121,1.0440586033148927e-05,1,455,sum,tau2,0
486759,1.0440586033148927e-05,1,456,sum,tau2,0
154853,1.0434546047245848e-05,1,457,sum,tau2,0
15618,1.0434546047245848e-05,1,458,sum,tau2,0
313620,1.0332335830893842e-05,1,459,sum,tau2,0
601268,1.0328545762432597e-05,1,460,sum,tau2,0
152572,1.0293576866312358e-05,1,461,sum,tau2,0
937073,1.0283732281117195e-05,2,462,sum,tau2,0
373514,1.024190728872096e-05,2,463,sum,tau2,0
996573,1.0169082161036306e-05,2,464,sum,tau2,0
178137,1.0116097808445694e-05,1,465,sum,tau2,0
460376,1.0103787975487385e-05,1,466,sum,tau2,0
924141,1.0026740200096505e-05,3,467,sum,tau2,0
619653,1.002003192522321e-05,1,468,sum,tau2,0
34994,9.98560442094874e-06,1,469,sum,tau2,0
416499,9.814135778636792e-06,1,470,sum,tau2,0
525736,9.713550897666974e-06,3,471,sum,tau2,0
942700,9.621336740740713e-06,1,472,sum,tau2,0
210529,9.614128823775515e-06,6,473,sum,tau2,0
591769,9.601745088266455e-06,1,474,sum,tau2,0
444625,9.550066994443318e-06,3,475,sum,tau2,0
334970,9.53033261624162e-06,1,476,sum,tau2,0
589485,9.489786025579763e-06,3,477,sum,tau2,0
482437,9.476241597414162e-06,1,478,sum,tau2,0
468638,9.448389987577071e-06,1,479,sum,tau2,0
671944,9.398786515192903e-06,1,480,sum,tau2,0
220134,9.398786515192903e-06,1,481,sum,tau2,0
309313,9.366928411915148e-06,1,482,sum,tau2,0
641627,9.357618700324751e-06,2,483,sum,tau2,0
351661,9.321546116267796e-06,1,484,sum,tau2,0
668502,9.211868470504572e-06,1,485,sum,tau2,0
768307,9.156775876909004e-06,1,486,sum,tau2,0
669190,9.156775876909004e-06,1,487,sum,tau2,0
496644,9.148738317769714e-06,3,488,sum,tau2,0
731640,9.146880228582352e-06,1,489,sum,tau2,0
552156,9.039404952372534e-06,2,490,sum,tau2,0
397719,8.990506145145333e-06,1,491,sum,tau2,0
592756,8.990506145145333e-06,1,492,sum,tau2,0
289689,8.917794565663283e-06,3,493,sum,tau2,0
506852,8.912060875453748e-06,1,494,sum,tau2,0
240843,8.895754349736815e-06,2,495,sum,tau2,0
159417,8.884142899918403e-06,1,496,sum,tau2,0
862704,8.87710726349065e-06,1,497,sum,tau2,0
790659,8.87710726349065e-06,1,498,sum,tau2,0
251301,8.813073949169796e-06,1,499,sum,tau2,0
799960,8.79280616983178e-06,2,500,sum,tau2,0
279229,8.78670339639712e-06,2,501,sum,tau2,0
209024,8.754487621248997e-06,3,502,sum,tau2,0
884635,8.691639315118557e-06,2,503,sum,tau2,0
436772,8.688061880217392e-06,1,504,sum,tau2,0
571837,8.658733594637372e-06,2,505,sum,tau2,0
960549,8.646380427958932e-06,2,506,sum,tau2,0
78879,8.635075761738808e-06,1,507,sum,tau2,0
625019,8.565091748037763e-06,1,508,sum,tau2,0
572728,8.456545807443265e-06,1,509,sum,tau2,0
466098,8.45282222383609e-06,2,510,sum,tau2,0
20256,8.409096358938075e-06,1,511,sum,tau2,0
751151,8.380489023123693e-06,1,512,sum,tau2,0
357474,8.380489023123693e-06,1,513,sum,tau2,0
471653,8.362609295344424e-06,3,514,sum,tau2,0
470834,8.359263414245419e-06,1,515,sum,tau2,0
723264,8.359263414245419e-06,1,516,sum,tau2,0
38660,8.332674335395445e-06,1,517,sum,tau2,0
710202,8.25660615770182e-06,2,518,sum,tau2,0
711656,8.246025444410805e-06,1,519,sum,tau2,0
900758,8.246025444410805e-06,1,520,sum,tau2,0
374301,8.246025444410805e-06,1,521,sum,tau2,0
81691,8.246025444410805e-06,1,522,sum,tau2,0
19329,8.113566426310203e-06,1,523,sum,tau2,0
420781,8.113566426310203e-06,1,524,sum,tau2,0
438387,8.113566426310203e-06,1,525,sum,tau2,0
775277,8.10655793431545e-06,4,526,sum,tau2,0
72358,8.050001110213805e-06,1,527,sum,tau2,0
62971,8.002300934145573e-06,2,528,sum,tau2,0
307077,7.975282823448505e-06,3,529,sum,tau2,0
911319,7.962686991115755e-06,1,530,sum,tau2,0
907837,7.959717982978978e-06,4,531,sum,tau2,0
160221,7.942585853278209e-06,2,532,sum,tau2,0
454844,7.925355397808643e-06,1,533,sum,tau2,0
872869,7.920199344820706e-06,2,534,sum,tau2,0
500012,7.891302289092324e-06,1,535,sum,tau2,0
329869,7.880265555621781e-06,1,536,sum,tau2,0
953866,7.874279668224895e-06,1,537,sum,tau2,0
707968,7.854415704815856e-06,2,538,sum,tau2,0
325677,7.826168788299141e-06,1,539,sum,tau2,0
719486,7.80127677855441e-06,1,540,sum,tau2,0
184110,7.777219598227532e-06,4,541,sum,tau2,0
833359,7.742211908920949e-06,2,542,sum,tau2,0
591807,7.729599351266244e-06,1,543,sum,tau2,0
160872,7.729599351266244e-06,1,544,sum,tau2,0
194568,7.643284692175981e-06,2,545,sum,tau2,0
607079,7.625591089000723e-06,1,546,sum,tau2,0
135817,7.618246081242462e-06,2,547,sum,tau2,0
581515,7.602974354852348e-06,4,548,sum,tau2,0
689803,7.538608222690405e-06,2,549,sum,tau2,0
601793,7.448971167111704e-06,2,550,sum,tau2,0
575694,7.447482400790891e-06,1,551,sum,tau2,0
483273,7.447482400790891e-06,1,552,sum,tau2,0
299107,7.447482400790891e-06,1,553,sum,tau2,0
268770,7.447482400790891e-06,1,554,sum,tau2,0
413023,7.343842426659683e-06,1,555,sum,tau2,0
252379,7.3426829104447915e-06,1,556,sum,tau2,0
482968,7.2639468088925216e-06,1,557,sum,tau2,0
38818,7.173396372002691e-06,2,558,sum,tau2,0
609389,7.173396372002691e-06,2,559,sum,tau2,0
572177,7.171723431453188e-06,1,560,sum,tau2,0
66745,7.171723431453188e-06,1,561,sum,tau2,0
677945,7.119089320433357e-06,3,562,sum,tau2,0
753492,7.006524040192895e-06,1,563,sum,tau2,0
768304,7.006524040192895e-06,1,564,sum,tau2,0
533564,7.001577294671022e-06,6,565,sum,tau2,0
603303,6.88335802409082e-06,1,566,sum,tau2,0
98124,6.8771705258917695e-06,1,567,sum,tau2,0
679652,6.8551399742824645e-06,1,568,sum,tau2,0
985239,6.835320667607154e-06,1,569,sum,tau2,0
604753,6.772624657835247e-06,2,570,sum,tau2,0
367326,6.764764479088225e-06,1,571,sum,tau2,0
880136,6.764764479088225e-06,1,572,sum,tau2,0
764176,6.76443462776945e-06,3,573,sum,tau2,0
449572,6.734527482049008e-06,2,574,sum,tau2,0
34049,6.674227379578633e-06,1,575,sum,tau2,0
383341,6.606638231264647e-06,1,576,sum,tau2,0
582384,6.585498736505724e-06,2,577,sum,tau2,0
684623,6.565488837806316e-06,2,578,sum,tau2,0
744028,6.557201956705579e-06,1,579,sum,tau2,0
968153,6.5456855359420146e-06,2,580,sum,tau2,0
718857,6.534727969911667e-06,2,581,sum,tau2,0
520889,6.534703457234935e-06,1,582,sum,tau2,0
540554,6.5173493862684295e-06,5,583,sum,tau2,0
591771,6.4951138432118084e-06,1,584,sum,tau2,0
304755,6.483428507925905e-06,1,585,sum,tau2,0
146548,6.388289983272278e-06,1,586,sum,tau2,0
828824,6.380511951848577e-06,4,587,sum,tau2,0
415186,6.3659574045215374e-06,2,588,sum,tau2,0
294488,6.362254152097488e-06,1,589,sum,tau2,0
274109,6.296120263422685e-06,2,590,sum,tau2,0
142082,6.288178623642201e-06,1,591,sum,tau2,0
204647,6.288178623642201e-06,1,592,sum,tau2,0
296809,6.270558111688141e-06,5,593,sum,tau2,0
273810,6.259786315405208e-06,1,594,sum,tau2,0
459504,6.180630897859322e-06,3,595,sum,tau2,0
213673,6.1499453418357355e-06,2,596,sum,tau2,0
610554,6.127400349518542e-06,1,597,sum,tau2,0
748191,6.127400349518542e-06,1,598,sum,tau2,0
833031,6.084799231498509e-06,4,599,sum,tau2,0
233696,6.074536427607102e-06,1,600,sum,tau2,0
102769,6.062534017595836e-06,1,601,sum,tau2,0
625626,6.0326567853496985e-06,1,602,sum,tau2,0
840630,6.010048273200133e-06,1,603,sum,tau2,0
657915,6.007430540595219e-06,1,604,sum,tau2,0
873161,6.005846651750518e-06,2,605,sum,tau2,0
452330,6.005846651750518e-06,2,606,sum,tau2,0
746317,6.005662477521828e-06,2,607,sum,tau2,0
279197,6.004173711201015e-06,1,608,sum,tau2,0
547524,6.004173711201015e-06,1,609,sum,tau2,0
919614,6.004173711201015e-06,1,610,sum,tau2,0
363931,5.989861478424577e-06,1,611,sum,tau2,0
327545,5.989861478424577e-06,1,612,sum,tau2,0
735863,5.911224765237887e-06,1,613,sum,tau2,0
417378,5.839798967322292e-06,1,614,sum,tau2,0
539485,5.839705436980503e-06,4,615,sum,tau2,0
332467,5.826921078456151e-06,1,616,sum,tau2,0
906669,5.8214941768709355e-06,3,617,sum,tau2,0
436264,5.819821236321433e-06,2,618,sum,tau2,0
78877,5.819031094591052e-06,2,619,sum,tau2,0
136453,5.8181482957719306e-06,1,620,sum,tau2,0
223603,5.8181482957719306e-06,1,621,sum,tau2,0
542536,5.8181482957719306e-06,1,622,sum,tau2,0
479059,5.8181482957719306e-06,1,623,sum,tau2,0
20257,5.8181482957719306e-06,1,624,sum,tau2,0
270100,5.8085908159945835e-06,2,625,sum,tau2,0
437654,5.7718290387064314e-06,2,626,sum,tau2,0
483598,5.771563120810906e-06,1,627,sum,tau2,0
388245,5.770200417029721e-06,1,628,sum,tau2,0
178299,5.766104837513767e-06,2,629,sum,tau2,0
880374,5.752260715306684e-06,1,630,sum,tau2,0
947344,5.7498787967731864e-06,2,631,sum,tau2,0
948504,5.718663456545055e-06,1,632,sum,tau2,0
312889,5.669564626157935e-06,1,633,sum,tau2,0
771793,5.644426191426917e-06,1,634,sum,tau2,0
730089,5.63522801943651e-06,1,635,sum,tau2,0
769986,5.616575097883742e-06,2,636,sum,tau2,0
88625,5.615437939277234e-06,1,637,sum,tau2,0
912308,5.615437939277234e-06,1,638,sum,tau2,0
382813,5.615437939277234e-06,1,639,sum,tau2,0
39389,5.611677728877175e-06,1,640,sum,tau2,0
620822,5.610824113676534e-06,1,641,sum,tau2,0
361247,5.605802305344724e-06,4,642,sum,tau2,0
179258,5.58244581170662e-06,1,643,sum,tau2,0
113021,5.552716216792076e-06,2,644,sum,tau2,0
102459,5.5340965027916974e-06,2,645,sum,tau2,0
254058,5.5221406725972075e-06,1,646,sum,tau2,0
957622,5.518551938923468e-06,1,647,sum,tau2,0
517439,5.477848497312718e-06,1,648,sum,tau2,0
645652,5.470988209590912e-06,1,649,sum,tau2,0
188380,5.470988209590912e-06,1,650,sum,tau2,0
751166,5.465599434893091e-06,1,651,sum,tau2,0
22594,5.428789541490239e-06,2,652,sum,tau2,0
704489,5.4282300967714224e-06,2,653,sum,tau2,0
197763,5.407897028579611e-06,1,654,sum,tau2,0
301980,5.40562419651714e-06,1,655,sum,tau2,0
74230,5.387074279408504e-06,3,656,sum,tau2,0
478882,5.375791071120906e-06,1,657,sum,tau2,0
776566,5.3748075266475814e-06,1,658,sum,tau2,0
975660,5.368147678560579e-06,2,659,sum,tau2,0
713821,5.319818487961076e-06,2,660,sum,tau2,0
539033,5.309877459371536e-06,1,661,sum,tau2,0
283837,5.309877459371536e-06,1,662,sum,tau2,0
249707,5.309877459371536e-06,1,663,sum,tau2,0
178102,5.242440301129867e-06,1,664,sum,tau2,0
457403,5.227780393536405e-06,1,665,sum,tau2,0
913844,5.227780393536405e-06,1,666,sum,tau2,0
142080,5.180383259563136e-06,1,667,sum,tau2,0
225744,5.180383259563136e-06,1,668,sum,tau2,0
88172,5.115919793276164e-06,1,669,sum,tau2,0
876010,5.101852801156905e-06,1,670,sum,tau2,0
735683,5.0893436587466285e-06,1,671,sum,tau2,0
315107,5.078751403439841e-06,3,672,sum,tau2,0
658208,5.077262637119028e-06,2,673,sum,tau2,0
3988,5.0755896965695255e-06,1,674,sum,tau2,0
402187,5.023857869189828e-06,1,675,sum,tau2,0
433305,5.006264946710302e-06,1,676,sum,tau2,0
971745,5.002497126467519e-06,2,677,sum,tau2,0
308279,5.001263235842861e-06,1,678,sum,tau2,0
837682,4.964062304105844e-06,2,679,sum,tau2,0
438296,4.962583875161541e-06,1,680,sum,tau2,0
114919,4.962583875161541e-06,1,681,sum,tau2,0
491997,4.949366293555338e-06,1,682,sum,tau2,0
67895,4.949366293555338e-06,1,683,sum,tau2,0
593358,4.949366293555338e-06,1,684,sum,tau2,0
10811,4.9429549686099705e-06,1,685,sum,tau2,0
298854,4.940137884433839e-06,1,686,sum,tau2,0
803443,4.9354278636516285e-06,3,687,sum,tau2,0
290814,4.905151755864838e-06,1,688,sum,tau2,0
680242,4.905151755864838e-06,1,689,sum,tau2,0
907399,4.904912984231325e-06,1,690,sum,tau2,0
117674,4.8997105149740435e-06,2,691,sum,tau2,0
356311,4.893980064821754e-06,1,692,sum,tau2,0
330523,4.863841823278359e-06,1,693,sum,tau2,0
68692,4.863841823278359e-06,1,694,sum,tau2,0
569583,4.863841823278359e-06,1,695,sum,tau2,0
621022,4.8294952624500185e-06,1,696,sum,tau2,0
595967,4.816038933087688e-06,1,697,sum,tau2,0
123909,4.778962853311301e-06,1,698,sum,tau2,0
604558,4.719587689667387e-06,1,699,sum,tau2,0
752318,4.716465765255337e-06,3,700,sum,tau2,0
373140,4.709031649443148e-06,3,701,sum,tau2,0
602657,4.670287930277777e-06,3,702,sum,tau2,0
942246,4.6558503715356715e-06,1,703,sum,tau2,0
268733,4.6423179361115765e-06,1,704,sum,tau2,0
661916,4.6423179361115765e-06,1,705,sum,tau2,0
687056,4.620399121980105e-06,3,706,sum,tau2,0
337494,4.5935683811845845e-06,1,707,sum,tau2,0
828639,4.59269549457145e-06,1,708,sum,tau2,0
294295,4.5900754127901425e-06,4,709,sum,tau2,0
540643,4.536363811772783e-06,4,710,sum,tau2,0
712513,4.50001634541063e-06,1,711,sum,tau2,0
188382,4.49243687484801e-06,1,712,sum,tau2,0
352439,4.481499199311403e-06,1,713,sum,tau2,0
958529,4.4764845637080775e-06,1,714,sum,tau2,0
202391,4.4362643297092045e-06,1,715,sum,tau2,0
505779,4.432110116878678e-06,1,716,sum,tau2,0
416495,4.400322090653383e-06,1,717,sum,tau2,0
235766,4.384217222630258e-06,4,718,sum,tau2,0
409159,4.347573281274566e-06,2,719,sum,tau2,0
575412,4.336195763181435e-06,1,720,sum,tau2,0
936453,4.2886011506952904e-06,1,721,sum,tau2,0
339510,4.273871047361241e-06,1,722,sum,tau2,0
517223,4.243899719382372e-06,1,723,sum,tau2,0
778847,4.236288653246328e-06,1,724,sum,tau2,0
164357,4.223628192262869e-06,1,725,sum,tau2,0
813870,4.1980907735336926e-06,1,726,sum,tau2,0
705539,4.1294168920622795e-06,2,727,sum,tau2,0
744191,4.1279281257414666e-06,1,728,sum,tau2,0
647113,4.1279281257414666e-06,1,729,sum,tau2,0
874049,4.1279281257414666e-06,1,730,sum,tau2,0
270055,4.111455202330492e-06,1,731,sum,tau2,0
473249,4.095648492172522e-06,1,732,sum,tau2,0
282717,4.085168947502863e-06,1,733,sum,tau2,0
619857,4.078143208033968e-06,1,734,sum,tau2,0
880145,4.0761714290646985e-06,3,735,sum,tau2,0
202688,4.058699336618908e-06,1,736,sum,tau2,0
342671,4.044295868607233e-06,1,737,sum,tau2,0
324936,3.997217027840807e-06,1,738,sum,tau2,0
120710,3.988045302852892e-06,1,739,sum,tau2,0
444233,3.967460198657224e-06,1,740,sum,tau2,0
775274,3.953933166673615e-06,3,741,sum,tau2,0
734607,3.9115134035432075e-06,1,742,sum,tau2,0
189917,3.8784448781566235e-06,1,743,sum,tau2,0
62883,3.8710902501299e-06,1,744,sum,tau2,0
360692,3.841129153816095e-06,1,745,sum,tau2,0
908992,3.836872258973826e-06,1,746,sum,tau2,0
889431,3.836872258973826e-06,1,747,sum,tau2,0
870558,3.836872258973826e-06,1,748,sum,tau2,0
191609,3.8021091160325875e-06,2,749,sum,tau2,0
16585,3.782210733529609e-06,1,750,sum,tau2,0
72252,3.7690500174319524e-06,1,751,sum,tau2,0
178300,3.759467437442842e-06,1,752,sum,tau2,0
489554,3.677951174302026e-06,1,753,sum,tau2,0
472244,3.6681933690666597e-06,1,754,sum,tau2,0
229120,3.6508101745273256e-06,1,755,sum,tau2,0
441421,3.6332562962151738e-06,2,756,sum,tau2,0
942895,3.596450163605404e-06,1,757,sum,tau2,0
963608,3.565451677430134e-06,2,758,sum,tau2,0
949702,3.5491787190704556e-06,1,759,sum,tau2,0
864750,3.5455349738502706e-06,1,760,sum,tau2,0
197889,3.5400748353761564e-06,1,761,sum,tau2,0
105964,3.5212242519209428e-06,1,762,sum,tau2,0
548771,3.5195215436021327e-06,1,763,sum,tau2,0
345854,3.5156810216772767e-06,2,764,sum,tau2,0
754271,3.5059835779058056e-06,2,765,sum,tau2,0
386288,3.4931252080506717e-06,1,766,sum,tau2,0
523638,3.4924357980919677e-06,2,767,sum,tau2,0
551141,3.492272946484434e-06,1,768,sum,tau2,0
235072,3.473448541959894e-06,1,769,sum,tau2,0
289849,3.46468644017096e-06,1,770,sum,tau2,0
917130,3.4594552968353737e-06,1,771,sum,tau2,0
874295,3.4519234254293844e-06,2,772,sum,tau2,0
39978,3.431997374150421e-06,1,773,sum,tau2,0
43215,3.4040046592062517e-06,1,774,sum,tau2,0
629143,3.3984224761058547e-06,1,775,sum,tau2,0
166303,3.3984224761058547e-06,1,776,sum,tau2,0
282499,3.390845121136541e-06,1,777,sum,tau2,0
606914,3.3781605649222387e-06,2,778,sum,tau2,0
559060,3.377367729919301e-06,1,779,sum,tau2,0
185075,3.369304911259633e-06,1,780,sum,tau2,0
718632,3.346818948113856e-06,1,781,sum,tau2,0
685801,3.3162851182173274e-06,1,782,sum,tau2,0
557963,3.3099888937915793e-06,2,783,sum,tau2,0
136457,3.2955291845373556e-06,1,784,sum,tau2,0
960326,3.2955291845373556e-06,1,785,sum,tau2,0
532667,3.2653328668556963e-06,1,786,sum,tau2,0
916953,3.2635087835061695e-06,1,787,sum,tau2,0
656394,3.2575252624795342e-06,1,788,sum,tau2,0
327993,3.255389700761336e-06,1,789,sum,tau2,0
95788,3.227795255538085e-06,1,790,sum,tau2,0
575702,3.195694585844566e-06,1,791,sum,tau2,0
102997,3.1619417361527386e-06,1,792,sum,tau2,0
586689,3.140612471315496e-06,2,793,sum,tau2,0
573336,3.1125436998304392e-06,3,794,sum,tau2,0
946072,3.067778504441438e-06,1,795,sum,tau2,0
856705,3.0528720276538886e-06,2,796,sum,tau2,0
160670,3.041355404229679e-06,1,797,sum,tau2,0
401025,3.0384057932164946e-06,6,798,sum,tau2,0
782234,3.01965230697261e-06,1,799,sum,tau2,0
175773,2.9837484707386464e-06,1,800,sum,tau2,0
638071,2.9520645528992036e-06,1,801,sum,tau2,0
5118,2.93969769617591e-06,3,802,sum,tau2,0
299678,2.9351974596630473e-06,1,803,sum,tau2,0
781375,2.9012648821687463e-06,1,804,sum,tau2,0
397919,2.871866615292048e-06,2,805,sum,tau2,0
530096,2.8643970408551356e-06,1,806,sum,tau2,0
793997,2.84713106327018e-06,1,807,sum,tau2,0
598943,2.8201927566882483e-06,2,808,sum,tau2,0
839466,2.8132855919027027e-06,2,809,sum,tau2,0
131184,2.8099043446735166e-06,1,810,sum,tau2,0
867170,2.8084075283620522e-06,2,811,sum,tau2,0
327908,2.8079794450229007e-06,2,812,sum,tau2,0
611715,2.8003909335168654e-06,1,813,sum,tau2,0
809777,2.799545278329635e-06,2,814,sum,tau2,0
455727,2.7970221109951303e-06,1,815,sum,tau2,0
406280,2.78035285470471e-06,4,816,sum,tau2,0
535819,2.754427183269398e-06,1,817,sum,tau2,0
886922,2.754427183269398e-06,1,818,sum,tau2,0
206971,2.754427183269398e-06,1,819,sum,tau2,0
658204,2.754427183269398e-06,1,820,sum,tau2,0
785828,2.754427183269398e-06,1,821,sum,tau2,0
633154,2.7514438932993558e-06,1,822,sum,tau2,0
462825,2.7406818300815166e-06,1,823,sum,tau2,0
666870,2.7355305299974935e-06,4,824,sum,tau2,0
131168,2.7316649653216374e-06,1,825,sum,tau2,0
876030,2.7246281284587663e-06,1,826,sum,tau2,0
271099,2.719317913853737e-06,1,827,sum,tau2,0
661039,2.682380501215386e-06,1,828,sum,tau2,0
426676,2.6784183825716867e-06,1,829,sum,tau2,0
907873,2.6749559321682318e-06,4,830,sum,tau2,0
738184,2.6692064875501345e-06,1,831,sum,tau2,0
200378,2.6672746583328455e-06,1,832,sum,tau2,0
752122,2.663921538066109e-06,2,833,sum,tau2,0
464938,2.663616392612573e-06,2,834,sum,tau2,0
550669,2.6528046963178105e-06,1,835,sum,tau2,0
46983,2.6315807363835805e-06,1,836,sum,tau2,0
22284,2.6268705904084232e-06,2,837,sum,tau2,0
92116,2.620794336164856e-06,2,838,sum,tau2,0
141103,2.6083339314283365e-06,1,839,sum,tau2,0
196238,2.5741740988226927e-06,4,840,sum,tau2,0
978713,2.5680299047868164e-06,2,841,sum,tau2,0
82365,2.5675986868778928e-06,2,842,sum,tau2,0
170154,2.552142100434077e-06,1,843,sum,tau2,0
818401,2.552142100434077e-06,1,844,sum,tau2,0
37499,2.5421512508601323e-06,3,845,sum,tau2,0
40806,2.511076441280074e-06,3,846,sum,tau2,0
819725,2.499915913999e-06,1,847,sum,tau2,0
653516,2.499915913999e-06,1,848,sum,tau2,0
97811,2.499915913999e-06,1,849,sum,tau2,0
224129,2.4961345013140487e-06,2,850,sum,tau2,0
531348,2.49363427180186e-06,1,851,sum,tau2,0
220117,2.485618923227782e-06,1,852,sum,tau2,0
38846,2.477276970133551e-06,5,853,sum,tau2,0
323384,2.4729625789258247e-06,3,854,sum,tau2,0
335951,2.4651207798527682e-06,1,855,sum,tau2,0
738092,2.4650149165632e-06,2,856,sum,tau2,0
861392,2.463787298010351e-06,1,857,sum,tau2,0
868518,2.4540239962372534e-06,1,858,sum,tau2,0
896402,2.453632345094389e-06,1,859,sum,tau2,0
186659,2.4351040414185973e-06,2,860,sum,tau2,0
118102,2.4278814925633323e-06,1,861,sum,tau2,0
255517,2.426107451567273e-06,4,862,sum,tau2,0
164579,2.4245433454657773e-06,1,863,sum,tau2,0
307279,2.4145696764931466e-06,1,864,sum,tau2,0
114190,2.4107675381144986e-06,1,865,sum,tau2,0
965934,2.4107675381144986e-06,1,866,sum,tau2,0
276134,2.3999672076136365e-06,1,867,sum,tau2,0
373136,2.3999672076136365e-06,1,868,sum,tau2,0
703324,2.372520024445029e-06,1,869,sum,tau2,0
917135,2.372520024445029e-06,1,870,sum,tau2,0
421384,2.351298806441543e-06,2,871,sum,tau2,0
957693,2.3512018754391533e-06,2,872,sum,tau2,0
828710,2.3493301500788893e-06,1,873,sum,tau2,0
449902,2.3493301500788893e-06,1,874,sum,tau2,0
30682,2.3369782427928384e-06,1,875,sum,tau2,0
336136,2.327283826351287e-06,1,876,sum,tau2,0
629379,2.223204794216091e-06,1,877,sum,tau2,0
175326,2.223204794216091e-06,1,878,sum,tau2,0
33901,2.21434645277761e-06,1,879,sum,tau2,0
119994,2.2102731327134743e-06,1,880,sum,tau2,0
958785,2.2079946714863855e-06,3,881,sum,tau2,0
80678,2.2058374670289475e-06,6,882,sum,tau2,0
237360,2.2056062853342324e-06,1,883,sum,tau2,0
394121,2.1994660320290387e-06,2,884,sum,tau2,0
373353,2.1919410611237688e-06,2,885,sum,tau2,0
93987,2.1809494181268365e-06,1,886,sum,tau2,0
824064,2.165838648921998e-06,1,887,sum,tau2,0
300103,2.1469187449763253e-06,1,888,sum,tau2,0
159665,2.143014025515366e-06,1,889,sum,tau2,0
388611,2.140436353737669e-06,1,890,sum,tau2,0
817201,2.139201325485803e-06,1,891,sum,tau2,0
868330,2.131611181572538e-06,1,892,sum,tau2,0
808060,2.1226821697974278e-06,1,893,sum,tau2,0
643972,2.1208137761352357e-06,4,894,sum,tau2,0
85135,2.1181474919414175e-06,1,895,sum,tau2,0
17745,2.1147246715345016e-06,1,896,sum,tau2,0
549830,2.1088101730183065e-06,2,897,sum,tau2,0
220645,2.0995148957209533e-06,1,898,sum,tau2,0
50275,2.0817366360708114e-06,1,899,sum,tau2,0
599910,2.0817366360708114e-06,1,900,sum,tau2,0
254795,2.080948720649588e-06,1,901,sum,tau2,0
162887,2.0660836157607313e-06,1,902,sum,tau2,0
730476,2.0660836157607313e-06,1,903,sum,tau2,0
566918,2.0660088942541248e-06,4,904,sum,tau2,0
14294,2.064967242858306e-06,1,905,sum,tau2,0
913554,2.0581389278538123e-06,1,906,sum,tau2,0
715103,2.0442196550288598e-06,1,907,sum,tau2,0
715144,2.0419575286096746e-06,1,908,sum,tau2,0
914806,2.027566619164315e-06,3,909,sum,tau2,0
145453,1.998052662073146e-06,1,910,sum,tau2,0
608765,1.9856085520985152e-06,2,911,sum,tau2,0
790038,1.9701937994789927e-06,1,912,sum,tau2,0
628990,1.9617530732447713e-06,4,913,sum,tau2,0
231739,1.9603759053001263e-06,1,914,sum,tau2,0
480643,1.935721429436374e-06,1,915,sum,tau2,0
675257,1.9278744038561527e-06,2,916,sum,tau2,0
292015,1.9261254765544137e-06,1,917,sum,tau2,0
892725,1.91572864837754e-06,2,918,sum,tau2,0
779579,1.9138206346396673e-06,3,919,sum,tau2,0
547167,1.911696290673834e-06,3,920,sum,tau2,0
116511,1.909933833791389e-06,1,921,sum,tau2,0
692862,1.909933833791389e-06,1,922,sum,tau2,0
315942,1.8937846942181086e-06,1,923,sum,tau2,0
224474,1.8776463036060027e-06,2,924,sum,tau2,0
347317,1.8755863257771931e-06,2,925,sum,tau2,0
755649,1.8712266864417747e-06,1,926,sum,tau2,0
386285,1.8707217524162363e-06,2,927,sum,tau2,0
429085,1.8468660506745677e-06,1,928,sum,tau2,0
439552,1.8435232974502026e-06,4,929,sum,tau2,0
470473,1.8413909778715063e-06,1,930,sum,tau2,0
889401,1.8413909778715063e-06,1,931,sum,tau2,0
159705,1.8350151783210185e-06,2,932,sum,tau2,0
341946,1.829572524091094e-06,2,933,sum,tau2,0
687212,1.8291743040026097e-06,1,934,sum,tau2,0
568729,1.8278995835415918e-06,1,935,sum,tau2,0
450993,1.8224662647058155e-06,1,936,sum,tau2,0
381445,1.8142304046194135e-06,1,937,sum,tau2,0
790363,1.7986474016732103e-06,1,938,sum,tau2,0
369867,1.7758580114846045e-06,2,939,sum,tau2,0
232715,1.7748616977456975e-06,2,940,sum,tau2,0
45181,1.770223235199104e-06,1,941,sum,tau2,0
607933,1.7685989261859492e-06,2,942,sum,tau2,0
623335,1.7682456781141336e-06,2,943,sum,tau2,0
422850,1.7543689281697257e-06,2,944,sum,tau2,0
222292,1.7489123915248985e-06,1,945,sum,tau2,0
984523,1.7432300220773756e-06,3,946,sum,tau2,0
963520,1.7404633580404991e-06,2,947,sum,tau2,0
632352,1.7400683152070606e-06,1,948,sum,tau2,0
524372,1.7317080469115663e-06,2,949,sum,tau2,0
315373,1.731664174429586e-06,2,950,sum,tau2,0
605715,1.7182232405296024e-06,1,951,sum,tau2,0
94625,1.7182232405296024e-06,1,952,sum,tau2,0
834630,1.7182232405296024e-06,1,953,sum,tau2,0
108286,1.7182232405296024e-06,1,954,sum,tau2,0
413895,1.7181018336423098e-06,1,955,sum,tau2,0
761458,1.7177366402328216e-06,3,956,sum,tau2,0
566636,1.7099542000540102e-06,1,957,sum,tau2,0
38551,1.7038657059886671e-06,1,958,sum,tau2,0
654071,1.6976999628556025e-06,1,959,sum,tau2,0
494350,1.689819594366142e-06,2,960,sum,tau2,0
547617,1.6883704152276915e-06,1,961,sum,tau2,0
347941,1.6883704152276915e-06,1,962,sum,tau2,0
137324,1.6674117703023266e-06,1,963,sum,tau2,0
575051,1.6674117703023266e-06,1,964,sum,tau2,0
428659,1.6574406922178965e-06,1,965,sum,tau2,0
794116,1.6474631907674447e-06,1,966,sum,tau2,0
650029,1.6444689426563596e-06,1,967,sum,tau2,0
468603,1.6403372402650088e-06,2,968,sum,tau2,0
982206,1.6319891423514767e-06,2,969,sum,tau2,0
303755,1.630561905755639e-06,2,970,sum,tau2,0
560292,1.6290928680951427e-06,1,971,sum,tau2,0
971314,1.6290928680951427e-06,1,972,sum,tau2,0
578013,1.6282980170249795e-06,1,973,sum,tau2,0
272046,1.6255303812855957e-06,1,974,sum,tau2,0
609913,1.6206229719115436e-06,5,975,sum,tau2,0
880133,1.5938316406500007e-06,2,976,sum,tau2,0
490244,1.5821166064462152e-06,3,977,sum,tau2,0
316198,1.5789548995759005e-06,1,978,sum,tau2,0
95421,1.56702390583383e-06,1,979,sum,tau2,0
766065,1.5618941029392046e-06,1,980,sum,tau2,0
15419,1.5615888240397745e-06,1,981,sum,tau2,0
594520,1.5557611571109588e-06,1,982,sum,tau2,0
314763,1.552669906534508e-06,1,983,sum,tau2,0
572203,1.54841282850309e-06,2,984,sum,tau2,0
915971,1.5477646035893764e-06,1,985,sum,tau2,0
772308,1.5352197549427572e-06,5,986,sum,tau2,0
40808,1.529313360993527e-06,1,987,sum,tau2,0
351128,1.529313360993527e-06,1,988,sum,tau2,0
130655,1.5281952177119686e-06,1,989,sum,tau2,0
111758,1.5221038835661136e-06,1,990,sum,tau2,0
17565,1.5159012586723822e-06,1,991,sum,tau2,0
999832,1.5009735202197676e-06,2,992,sum,tau2,0
30077,1.4930989397700171e-06,2,993,sum,tau2,0
840003,1.4861994285943887e-06,2,994,sum,tau2,0
327992,1.4852030531292817e-06,1,995,sum,tau2,0
933306,1.4829252121134378e-06,2,996,sum,tau2,0
572022,1.4824277399429439e-06,1,997,sum,tau2,0
269896,1.4811494042381748e-06,2,998,sum,tau2,0
816766,1.4787588053179108e-06,2,999,sum,tau2,0
786986,1.473067726138434e-06,1,1000,sum,tau2,0
24281,1.4726424747375078e-06,2,1001,sum,tau2,0
449915,1.4618237727828755e-06,1,1002,sum,tau2,0
723789,1.4586085620431079e-06,1,1003,sum,tau2,0
893460,1.4517532213370567e-06,2,1004,sum,tau2,0
463516,1.4381544731733277e-06,3,1005,sum,tau2,0
846243,1.435278587059062e-06,1,1006,sum,tau2,0
272114,1.4243998686682779e-06,3,1007,sum,tau2,0
142505,1.4109117354720532e-06,1,1008,sum,tau2,0
426675,1.4038201518632447e-06,1,1009,sum,tau2,0
837112,1.3980304496580095e-06,1,1010,sum,tau2,0
259597,1.390917201380271e-06,2,1011,sum,tau2,0
509998,1.3790520187303655e-06,3,1012,sum,tau2,0
29398,1.378796752645257e-06,1,1013,sum,tau2,0
695080,1.378796752645257e-06,1,1014,sum,tau2,0
121158,1.3778958166843605e-06,1,1015,sum,tau2,0
368665,1.3753276197629703e-06,3,1016,sum,tau2,0
919275,1.369160134534837e-06,3,1017,sum,tau2,0
900755,1.355771768476448e-06,1,1018,sum,tau2,0
866008,1.348404267230461e-06,1,1019,sum,tau2,0
729311,1.33733046602987e-06,2,1020,sum,tau2,0
617371,1.3359127543996336e-06,3,1021,sum,tau2,0
817106,1.3346081623075107e-06,2,1022,sum,tau2,0
237788,1.333790687996445e-06,2,1023,sum,tau2,0
585785,1.333221496866166e-06,2,1024,sum,tau2,0
940374,1.3325449317817707e-06,2,1025,sum,tau2,0
314242,1.3315526978015023e-06,2,1026,sum,tau2,0
161743,1.3241848850183616e-06,4,1027,sum,tau2,0
374635,1.3212436658488454e-06,1,1028,sum,tau2,0
801642,1.3034481822987665e-06,1,1029,sum,tau2,0
695224,1.2952463282487041e-06,1,1030,sum,tau2,0
698495,1.2948715177689202e-06,2,1031,sum,tau2,0
318608,1.2933827514481077e-06,1,1032,sum,tau2,0
507656,1.2906772383461114e-06,2,1033,sum,tau2,0
95634,1.2870027951650422e-06,1,1034,sum,tau2,0
376713,1.2870027951650422e-06,1,1035,sum,tau2,0
300537,1.2861219392697695e-06,1,1036,sum,tau2,0
261028,1.2666579797963853e-06,1,1037,sum,tau2,0
990537,1.262521017648004e-06,5,1038,sum,tau2,0
812099,1.2531084708942603e-06,1,1039,sum,tau2,0
439543,1.2437588081431237e-06,1,1040,sum,tau2,0
758924,1.2397431043814563e-06,3,1041,sum,tau2,0
237270,1.2283389255516493e-06,1,1042,sum,tau2,0
640615,1.225253506583277e-06,1,1043,sum,tau2,0
928941,1.2242100459953103e-06,1,1044,sum,tau2,0
725404,1.2185603643366516e-06,1,1045,sum,tau2,0
965936,1.2185603643366516e-06,1,1046,sum,tau2,0
636639,1.2185603643366516e-06,1,1047,sum,tau2,0
332645,1.2185603643366516e-06,1,1048,sum,tau2,0
604448,1.2109785805113033e-06,3,1049,sum,tau2,0
540466,1.2104919164602656e-06,1,1050,sum,tau2,0
114615,1.2069164111941738e-06,2,1051,sum,tau2,0
899251,1.2057982324076523e-06,2,1052,sum,tau2,0
306343,1.2049211725801882e-06,3,1053,sum,tau2,0
108381,1.203384258164643e-06,1,1054,sum,tau2,0
117670,1.1983837054394889e-06,2,1055,sum,tau2,0
39085,1.1965283026728974e-06,2,1056,sum,tau2,0
248548,1.1906750140729373e-06,3,1057,sum,tau2,0
193028,1.1872044416796793e-06,2,1058,sum,tau2,0
738186,1.1785634099261536e-06,4,1059,sum,tau2,0
816240,1.1734990445498237e-06,2,1060,sum,tau2,0
568957,1.1634141395245911e-06,2,1061,sum,tau2,0
861264,1.1596313163214977e-06,1,1062,sum,tau2,0
912681,1.155826628387098e-06,1,1063,sum,tau2,0
595966,1.149563903550662e-06,2,1064,sum,tau2,0
55127,1.1479734735944211e-06,3,1065,sum,tau2,0
72515,1.1469469877073952e-06,2,1066,sum,tau2,0
481572,1.135954183336055e-06,1,1067,sum,tau2,0
87500,1.1350879924830728e-06,3,1068,sum,tau2,0
684553,1.134600852161938e-06,3,1069,sum,tau2,0
216602,1.1313091742687978e-06,4,1070,sum,tau2,0
191954,1.1298824731638111e-06,2,1071,sum,tau2,0
400771,1.1282095326143089e-06,1,1072,sum,tau2,0
496034,1.1234800061897557e-06,1,1073,sum,tau2,0
323538,1.1124556268352026e-06,1,1074,sum,tau2,0
926336,1.1124556268352026e-06,1,1075,sum,tau2,0
599941,1.1102181052362685e-06,4,1076,sum,tau2,0
966646,1.1093824848763427e-06,1,1077,sum,tau2,0
883631,1.1093824848763427e-06,1,1078,sum,tau2,0
88628,1.108981907288488e-06,1,1079,sum,tau2,0
506497,1.108981907288488e-06,1,1080,sum,tau2,0
961322,1.1048188846712726e-06,1,1081,sum,tau2,0
189268,1.0993620077018919e-06,4,1082,sum,tau2,0
36526,1.097813635265477e-06,1,1083,sum,tau2,0
8638,1.0962119071732973e-06,4,1084,sum,tau2,0
213117,1.0936432706350173e-06,4,1085,sum,tau2,0
181152,1.0878479781973885e-06,2,1086,sum,tau2,0
895091,1.0854981138680972e-06,4,1087,sum,tau2,0
262920,1.085254173212413e-06,3,1088,sum,tau2,0
380487,1.0785294192327052e-06,1,1089,sum,tau2,0
626821,1.076153519120793e-06,1,1090,sum,tau2,0
173273,1.0749044160000726e-06,1,1091,sum,tau2,0
916007,1.0700160551220895e-06,1,1092,sum,tau2,0
88537,1.0665213403194502e-06,2,1093,sum,tau2,0
598637,1.0655357718677123e-06,4,1094,sum,tau2,0
502333,1.0600794700473137e-06,3,1095,sum,tau2,0
364019,1.059737903464195e-06,4,1096,sum,tau2,0
751948,1.056999427451717e-06,3,1097,sum,tau2,0
992555,1.0546685912908452e-06,1,1098,sum,tau2,0
708396,1.046732351535472e-06,2,1099,sum,tau2,0
42331,1.0422992430630848e-06,1,1100,sum,tau2,0
982932,1.0345559502378673e-06,3,1101,sum,tau2,0
490717,1.03147575787515e-06,2,1102,sum,tau2,0
401202,1.0309337334517182e-06,2,1103,sum,tau2,0
909035,1.0286396618380823e-06,1,1104,sum,tau2,0
365371,1.0272159956054447e-06,2,1105,sum,tau2,0
135296,1.0249775454379106e-06,2,1106,sum,tau2,0
922936,1.015818072647916e-06,1,1107,sum,tau2,0
565755,1.012285366066702e-06,1,1108,sum,tau2,0
696778,1.0113833059315294e-06,1,1109,sum,tau2,0
722072,1.0042093222603767e-06,1,1110,sum,tau2,0
512577,1.0041947011409747e-06,4,1111,sum,tau2,0
426957,1.002522503539706e-06,1,1112,sum,tau2,0
428356,1.0003075071679304e-06,2,1113,sum,tau2,0
706995,9.984300341268042e-07,4,1114,sum,tau2,0
64650,9.964105547994325e-07,1,1115,sum,tau2,0
3710,9.936804351265626e-07,2,1116,sum,tau2,0
182934,9.9213724240362e-07,1,1117,sum,tau2,0
483706,9.899291670806105e-07,1,1118,sum,tau2,0
911322,9.89857594829193e-07,2,1119,sum,tau2,0
37048,9.897812232207872e-07,2,1120,sum,tau2,0
370541,9.88947663114109e-07,2,1121,sum,tau2,0
759006,9.889084209697456e-07,2,1122,sum,tau2,0
222455,9.83966132650024e-07,2,1123,sum,tau2,0
301998,9.834499491578503e-07,1,1124,sum,tau2,0
578988,9.82918170955892e-07,2,1125,sum,tau2,0
191866,9.78575617356369e-07,4,1126,sum,tau2,0
929477,9.784021814768918e-07,1,1127,sum,tau2,0
548043,9.77772436360242e-07,2,1128,sum,tau2,0
347571,9.769606010364826e-07,1,1129,sum,tau2,0
342668,9.764537543033342e-07,2,1130,sum,tau2,0
434165,9.755760113318331e-07,2,1131,sum,tau2,0
460462,9.754687302496196e-07,3,1132,sum,tau2,0
475391,9.75405700276531e-07,2,1133,sum,tau2,0
802517,9.752269840641598e-07,1,1134,sum,tau2,0
136090,9.75166439112248e-07,3,1135,sum,tau2,0
722342,9.728068944828935e-07,1,1136,sum,tau2,0
552465,9.702639294109702e-07,2,1137,sum,tau2,0
711497,9.657178650038293e-07,1,1138,sum,tau2,0
245062,9.641643124337172e-07,3,1139,sum,tau2,0
588288,9.619755548807653e-07,2,1140,sum,tau2,0
265160,9.614067522026399e-07,1,1141,sum,tau2,0
885755,9.602192100577227e-07,3,1142,sum,tau2,0
811300,9.599570501000233e-07,2,1143,sum,tau2,0
939208,9.588549932888918e-07,2,1144,sum,tau2,0
931501,9.5568785692683e-07,2,1145,sum,tau2,0
30712,9.549812312318776e-07,1,1146,sum,tau2,0
935926,9.53207514098588e-07,2,1147,sum,tau2,0
538313,9.528165134923631e-07,1,1148,sum,tau2,0
837684,9.523843029645277e-07,1,1149,sum,tau2,0
92147,9.517236866012271e-07,3,1150,sum,tau2,0
623571,9.505663657472284e-07,2,1151,sum,tau2,0
488352,9.49925959903373e-07,1,1152,sum,tau2,0
326875,9.49925959903373e-07,1,1153,sum,tau2,0
999200,9.478805604906587e-07,1,1154,sum,tau2,0
508142,9.447645398119354e-07,1,1155,sum,tau2,0
372149,9.447556616805622e-07,2,1156,sum,tau2,0
797446,9.447034171650401e-07,1,1157,sum,tau2,0
303635,9.441629334586137e-07,2,1158,sum,tau2,0
358033,9.421272618310799e-07,1,1159,sum,tau2,0
613852,9.419690404527198e-07,1,1160,sum,tau2,0
756322,9.399082714654766e-07,3,1161,sum,tau2,0
626199,9.396677567615626e-07,1,1162,sum,tau2,0
131817,9.365653618869022e-07,2,1163,sum,tau2,0
805579,9.36427561463882e-07,3,1164,sum,tau2,0
541352,9.358436561965817e-07,3,1165,sum,tau2,0
1001522,9.34838088551074e-07,2,1166,sum,tau2,0
983189,9.338659351455468e-07,2,1167,sum,tau2,0
483526,9.330214434028342e-07,2,1168,sum,tau2,0
222164,9.3214013914723e-07,1,1169,sum,tau2,0
74574,9.263275403151783e-07,2,1170,sum,tau2,0
868365,9.256205041214588e-07,2,1171,sum,tau2,0
272422,9.245683952929489e-07,2,1172,sum,tau2,0
289646,9.228954547434465e-07,1,1173,sum,tau2,0
18798,9.228954547434465e-07,1,1174,sum,tau2,0
100157,9.228954547434465e-07,1,1175,sum,tau2,0
848466,9.224642131998259e-07,1,1176,sum,tau2,0
795830,9.160852371619607e-07,2,1177,sum,tau2,0
489405,9.145050488536309e-07,1,1178,sum,tau2,0
37657,9.100699792779498e-07,3,1179,sum,tau2,0
325581,9.09213292344783e-07,1,1180,sum,tau2,0
412387,9.084616728921227e-07,4,1181,sum,tau2,0
537359,9.059200529907261e-07,2,1182,sum,tau2,0
269935,9.022962572740477e-07,1,1183,sum,tau2,0
58322,9.011127738019661e-07,2,1184,sum,tau2,0
53964,8.963981429531936e-07,1,1185,sum,tau2,0
749627,8.96219139402444e-07,1,1186,sum,tau2,0
611949,8.958236821452558e-07,1,1187,sum,tau2,0
258477,8.947041166714469e-07,2,1188,sum,tau2,0
509090,8.939155961811474e-07,1,1189,sum,tau2,0
582041,8.921930359850442e-07,2,1190,sum,tau2,0
211707,8.921383378293875e-07,3,1191,sum,tau2,0
885019,8.909019258102495e-07,1,1192,sum,tau2,0
665136,8.881383297534169e-07,2,1193,sum,tau2,0
45526,8.871363930505475e-07,2,1194,sum,tau2,0
322899,8.852017944654637e-07,1,1195,sum,tau2,0
724060,8.823892737537986e-07,1,1196,sum,tau2,0
6854,8.795831210841681e-07,1,1197,sum,tau2,0
741561,8.77742681579622e-07,4,1198,sum,tau2,0
904172,8.742679479771722e-07,1,1199,sum,tau2,0
525357,8.723128973783986e-07,2,1200,sum,tau2,0
568530,8.699274467127396e-07,3,1201,sum,tau2,0
102573,8.692473227982407e-07,3,1202,sum,tau2,0
557070,8.683769773989807e-07,3,1203,sum,tau2,0
260491,8.679725459836264e-07,1,1204,sum,tau2,0
478082,8.675037422773261e-07,2,1205,sum,tau2,0
522090,8.659393350499878e-07,1,1206,sum,tau2,0
884415,8.641987817634362e-07,1,1207,sum,tau2,0
741669,8.639290780463881e-07,2,1208,sum,tau2,0
460033,8.626788104914466e-07,2,1209,sum,tau2,0
96761,8.61313912517347e-07,1,1210,sum,tau2,0
451076,8.580982339907446e-07,1,1211,sum,tau2,0
321027,8.537701344768451e-07,2,1212,sum,tau2,0
639612,8.528182346848221e-07,1,1213,sum,tau2,0
476734,8.515164488202997e-07,1,1214,sum,tau2,0
364017,8.512285424861471e-07,1,1215,sum,tau2,0
791186,8.506597718958692e-07,1,1216,sum,tau2,0
313874,8.499053457302792e-07,2,1217,sum,tau2,0
143665,8.492988202256852e-07,1,1218,sum,tau2,0
787971,8.486586288439508e-07,1,1219,sum,tau2,0
471994,8.474483039688222e-07,2,1220,sum,tau2,0
617226,8.462127756013522e-07,1,1221,sum,tau2,0
257542,8.449422200592976e-07,1,1222,sum,tau2,0
104157,8.445828788840599e-07,1,1223,sum,tau2,0
702363,8.441758436657701e-07,2,1224,sum,tau2,0
831343,8.434708566264632e-07,1,1225,sum,tau2,0
926319,8.420611697699862e-07,1,1226,sum,tau2,0
396556,8.414126099164053e-07,1,1227,sum,tau2,0
397265,8.408116286937566e-07,2,1228,sum,tau2,0
547801,8.403730651747014e-07,1,1229,sum,tau2,0
884752,8.400154499764705e-07,2,1230,sum,tau2,0
155932,8.369314703220633e-07,1,1231,sum,tau2,0
511505,8.354530767814385e-07,1,1232,sum,tau2,0
156057,8.348959275977145e-07,3,1233,sum,tau2,0
472813,8.332078909231968e-07,2,1234,sum,tau2,0
677917,8.313297646273657e-07,2,1235,sum,tau2,0
201232,8.305440281894243e-07,2,1236,sum,tau2,0
860233,8.301555980206066e-07,2,1237,sum,tau2,0
501335,8.301555980206066e-07,2,1238,sum,tau2,0
85047,8.299652553749792e-07,1,1239,sum,tau2,0
254829,8.274816058494728e-07,2,1240,sum,tau2,0
360962,8.262814650216743e-07,2,1241,sum,tau2,0
692864,8.257051512528655e-07,1,1242,sum,tau2,0
915974,8.255590958713587e-07,1,1243,sum,tau2,0
995696,8.255289895382024e-07,1,1244,sum,tau2,0
476935,8.255289895382024e-07,1,1245,sum,tau2,0
31577,8.252717182347473e-07,2,1246,sum,tau2,0
687059,8.243142232878956e-07,2,1247,sum,tau2,0
978268,8.235987776852449e-07,1,1248,sum,tau2,0
364220,8.235987776852449e-07,1,1249,sum,tau2,0
388620,8.235987776852449e-07,1,1250,sum,tau2,0
40805,8.235459582264364e-07,3,1251,sum,tau2,0
525105,8.224773947811698e-07,1,1252,sum,tau2,0
771882,8.224773947811698e-07,1,1253,sum,tau2,0
963609,8.224773947811698e-07,1,1254,sum,tau2,0
189544,8.154789412381996e-07,2,1255,sum,tau2,0
702361,8.134924754307655e-07,1,1256,sum,tau2,0
948502,8.134924754307655e-07,1,1257,sum,tau2,0
733537,8.127382673046465e-07,1,1258,sum,tau2,0
158543,8.116670925125595e-07,1,1259,sum,tau2,0
258276,8.088335810776625e-07,2,1260,sum,tau2,0
441869,8.084487636798258e-07,3,1261,sum,tau2,0
316535,8.076848747600903e-07,1,1262,sum,tau2,0
993734,8.075191979260116e-07,1,1263,sum,tau2,0
56277,8.075191979260116e-07,1,1264,sum,tau2,0
303507,8.071606405281601e-07,1,1265,sum,tau2,0
208735,8.068036708274466e-07,3,1266,sum,tau2,0
440912,8.058692118473207e-07,1,1267,sum,tau2,0
503885,8.049247462543302e-07,2,1268,sum,tau2,0
922850,8.045195155779549e-07,1,1269,sum,tau2,0
353752,8.038871907894577e-07,3,1270,sum,tau2,0
911358,8.033074309618876e-07,2,1271,sum,tau2,0
476554,8.032438230496952e-07,3,1272,sum,tau2,0
349969,8.016344904123852e-07,1,1273,sum,tau2,0
170002,8.016344904123852e-07,1,1274,sum,tau2,0
806778,8.015716582508236e-07,1,1275,sum,tau2,0
638142,8.0150146406046e-07,1,1276,sum,tau2,0
417361,8.014179141403889e-07,1,1277,sum,tau2,0
786982,8.013700826988936e-07,2,1278,sum,tau2,0
172328,7.999670268279106e-07,3,1279,sum,tau2,0
274543,7.981099120497185e-07,2,1280,sum,tau2,0
674699,7.972552069173712e-07,1,1281,sum,tau2,0
618537,7.972552069173712e-07,1,1282,sum,tau2,0
978915,7.972552069173712e-07,1,1283,sum,tau2,0
318860,7.967967985851552e-07,1,1284,sum,tau2,0
662544,7.966211457289059e-07,1,1285,sum,tau2,0
681976,7.963092269411759e-07,1,1286,sum,tau2,0
292688,7.955139957245019e-07,3,1287,sum,tau2,0
851099,7.952149577694855e-07,1,1288,sum,tau2,0
813621,7.946585294860655e-07,2,1289,sum,tau2,0
258467,7.946585294860655e-07,2,1290,sum,tau2,0
149251,7.946585294860655e-07,2,1291,sum,tau2,0
313319,7.946585294860655e-07,2,1292,sum,tau2,0
560595,7.946585294860655e-07,2,1293,sum,tau2,0
280249,7.944963816087128e-07,1,1294,sum,tau2,0
349337,7.940100118238599e-07,1,1295,sum,tau2,0
125804,7.938683877556846e-07,2,1296,sum,tau2,0
20777,7.93397342144851e-07,5,1297,sum,tau2,0
344456,7.929855889365632e-07,1,1298,sum,tau2,0
614049,7.929855889365632e-07,1,1299,sum,tau2,0
737021,7.92808252752301e-07,2,1300,sum,tau2,0
192245,7.919717745230673e-07,1,1301,sum,tau2,0
172447,7.913194864314884e-07,1,1302,sum,tau2,0
721484,7.906348044334793e-07,1,1303,sum,tau2,0
647371,7.903970391345719e-07,5,1304,sum,tau2,0
520796,7.901649808628488e-07,6,1305,sum,tau2,0
558261,7.89778565588509e-07,1,1306,sum,tau2,0
683392,7.884551925850223e-07,2,1307,sum,tau2,0
919350,7.882753685826542e-07,1,1308,sum,tau2,0
446412,7.878957478662061e-07,2,1309,sum,tau2,0
844979,7.875486468555366e-07,3,1310,sum,tau2,0
379854,7.871183125503622e-07,1,1311,sum,tau2,0
953064,7.868536697069728e-07,1,1312,sum,tau2,0
747372,7.868039163196947e-07,2,1313,sum,tau2,0
65809,7.868039163196947e-07,2,1314,sum,tau2,0
709291,7.853151499988822e-07,1,1315,sum,tau2,0
721805,7.851237686847975e-07,2,1316,sum,tau2,0
360528,7.839565862075784e-07,3,1317,sum,tau2,0
982930,7.833770836355974e-07,1,1318,sum,tau2,0
956460,7.8326986828337e-07,1,1319,sum,tau2,0
339524,7.831948827677653e-07,1,1320,sum,tau2,0
971637,7.829515113421247e-07,2,1321,sum,tau2,0
523416,7.827673371134349e-07,2,1322,sum,tau2,0
224615,7.827673371134349e-07,2,1323,sum,tau2,0
83528,7.822747976486052e-07,1,1324,sum,tau2,0
736932,7.819118747397921e-07,1,1325,sum,tau2,0
785824,7.812785707926223e-07,1,1326,sum,tau2,0
377958,7.812785707926223e-07,1,1327,sum,tau2,0
869528,7.812785707926223e-07,1,1328,sum,tau2,0
495363,7.812309363196066e-07,1,1329,sum,tau2,0
210640,7.808684193171259e-07,2,1330,sum,tau2,0
830182,7.793796529963133e-07,1,1331,sum,tau2,0
177361,7.788079713258303e-07,1,1332,sum,tau2,0
416467,7.788023280171398e-07,1,1333,sum,tau2,0
483892,7.78613800415436e-07,1,1334,sum,tau2,0
288649,7.785119730327941e-07,3,1335,sum,tau2,0
724059,7.781427931140127e-07,4,1336,sum,tau2,0
585527,7.78130688418591e-07,2,1337,sum,tau2,0
776439,7.780106478184688e-07,3,1338,sum,tau2,0
388316,7.778713234967156e-07,2,1339,sum,tau2,0
442030,7.777265621234016e-07,2,1340,sum,tau2,0
454812,7.764577478690887e-07,1,1341,sum,tau2,0
571912,7.764577478690887e-07,1,1342,sum,tau2,0
709040,7.759540686080672e-07,1,1343,sum,tau2,0
987040,7.759540686080672e-07,1,1344,sum,tau2,0
487231,7.757439790498522e-07,2,1345,sum,tau2,0
10679,7.755214284707469e-07,1,1346,sum,tau2,0
716099,7.755214284707469e-07,1,1347,sum,tau2,0
920525,7.755214284707469e-07,1,1348,sum,tau2,0
708957,7.753502661624792e-07,1,1349,sum,tau2,0
948509,7.752730884730042e-07,1,1350,sum,tau2,0
484903,7.744641441348394e-07,1,1351,sum,tau2,0
141984,7.742719979062695e-07,1,1352,sum,tau2,0
66582,7.742719979062695e-07,1,1353,sum,tau2,0
249690,7.740713679230159e-07,1,1354,sum,tau2,0
798643,7.733349812813576e-07,1,1355,sum,tau2,0
243207,7.721689617263231e-07,1,1356,sum,tau2,0
750002,7.714312972028338e-07,1,1357,sum,tau2,0
23590,7.713850458132987e-07,1,1358,sum,tau2,0
474404,7.709895413296412e-07,1,1359,sum,tau2,0
474304,7.702618289028824e-07,2,1360,sum,tau2,0
774916,7.701737402244935e-07,4,1361,sum,tau2,0
508308,7.701397039933554e-07,1,1362,sum,tau2,0
923925,7.701299042782065e-07,2,1363,sum,tau2,0
344992,7.686621582872278e-07,3,1364,sum,tau2,0
896110,7.686231500376349e-07,2,1365,sum,tau2,0
467596,7.669502094881325e-07,1,1366,sum,tau2,0
226810,7.663625965462758e-07,2,1367,sum,tau2,0
757758,7.661437388985427e-07,2,1368,sum,tau2,0
962650,7.657930249597696e-07,2,1369,sum,tau2,0
318591,7.655750225023812e-07,1,1370,sum,tau2,0
99085,7.653675316187993e-07,1,1371,sum,tau2,0
882309,7.648738302254632e-07,1,1372,sum,tau2,0
417472,7.648738302254632e-07,1,1373,sum,tau2,0
563882,7.648738302254632e-07,1,1374,sum,tau2,0
575506,7.648738302254632e-07,1,1375,sum,tau2,0
895252,7.647622337251386e-07,1,1376,sum,tau2,0
999629,7.645546019287521e-07,2,1377,sum,tau2,0
67911,7.633351575323684e-07,2,1378,sum,tau2,0
536031,7.623794950245922e-07,3,1379,sum,tau2,0
334537,7.588304196580066e-07,2,1380,sum,tau2,0
835686,7.576267747953306e-07,1,1381,sum,tau2,0
906670,7.565052851609149e-07,1,1382,sum,tau2,0
958871,7.565052851609149e-07,1,1383,sum,tau2,0
506493,7.554504387700866e-07,2,1384,sum,tau2,0
566935,7.539446271725377e-07,1,1385,sum,tau2,0
316566,7.535805669063333e-07,3,1386,sum,tau2,0
304915,7.534853452981613e-07,1,1387,sum,tau2,0
567556,7.527803294243163e-07,2,1388,sum,tau2,0
636641,7.523895002837599e-07,2,1389,sum,tau2,0
338653,7.523895002837599e-07,2,1390,sum,tau2,0
637817,7.515005451390452e-07,2,1391,sum,tau2,0
376838,7.50783174256257e-07,4,1392,sum,tau2,0
444092,7.481002048014528e-07,1,1393,sum,tau2,0
94593,7.460235321446264e-07,2,1394,sum,tau2,0
134672,7.454452545920604e-07,2,1395,sum,tau2,0
596421,7.429542155711957e-07,1,1396,sum,tau2,0
142277,7.428251068294884e-07,2,1397,sum,tau2,0
738178,7.415126546585438e-07,1,1398,sum,tau2,0
840330,7.412701517578786e-07,1,1399,sum,tau2,0
91376,7.373123547627829e-07,1,1400,sum,tau2,0
396450,7.371125770618876e-07,1,1401,sum,tau2,0
598567,7.347133165587811e-07,1,1402,sum,tau2,0
17010,7.347133165587811e-07,1,1403,sum,tau2,0
525724,7.341382076724146e-07,1,1404,sum,tau2,0
291865,7.336699407788992e-07,1,1405,sum,tau2,0
918115,7.328280343486059e-07,1,1406,sum,tau2,0
533562,7.328280343486059e-07,1,1407,sum,tau2,0
809492,7.325294167683068e-07,2,1408,sum,tau2,0
293031,7.321306414002345e-07,2,1409,sum,tau2,0
353452,7.295006165147929e-07,1,1410,sum,tau2,0
60645,7.286030070480004e-07,1,1411,sum,tau2,0
361260,7.259019244632004e-07,1,1412,sum,tau2,0
855539,7.259019244632004e-07,1,1413,sum,tau2,0
429800,7.229475438067056e-07,2,1414,sum,tau2,0
209671,7.223824204640873e-07,1,1415,sum,tau2,0
813280,7.200193557605386e-07,1,1416,sum,tau2,0
56798,7.198027832587145e-07,1,1417,sum,tau2,0
92003,7.191147260710646e-07,2,1418,sum,tau2,0
338021,7.190791029799233e-07,1,1419,sum,tau2,0
787413,7.186086436313376e-07,2,1420,sum,tau2,0
383961,7.174417855215622e-07,1,1421,sum,tau2,0
14984,7.174417855215622e-07,1,1422,sum,tau2,0
792690,7.174417855215622e-07,1,1423,sum,tau2,0
744153,7.174417855215622e-07,1,1424,sum,tau2,0
297824,7.162187189007195e-07,1,1425,sum,tau2,0
902026,7.162187189007195e-07,1,1426,sum,tau2,0
998036,7.113361049242866e-07,1,1427,sum,tau2,0
717305,7.105346652889933e-07,2,1428,sum,tau2,0
851624,7.104942740925484e-07,1,1429,sum,tau2,0
144310,7.089608232145373e-07,4,1430,sum,tau2,0
467866,7.086961622436338e-07,3,1431,sum,tau2,0
381639,7.074322748311324e-07,1,1432,sum,tau2,0
384500,7.073061164995797e-07,1,1433,sum,tau2,0
432735,7.072177332993309e-07,2,1434,sum,tau2,0
18797,7.072177332993309e-07,2,1435,sum,tau2,0
806736,7.072177332993309e-07,2,1436,sum,tau2,0
714490,7.057393043550281e-07,1,1437,sum,tau2,0
683757,7.057393043550281e-07,1,1438,sum,tau2,0
503498,7.057393043550281e-07,1,1439,sum,tau2,0
203484,7.057393043550281e-07,1,1440,sum,tau2,0
14148,7.057393043550281e-07,1,1441,sum,tau2,0
803454,7.057393043550281e-07,1,1442,sum,tau2,0
123520,7.046465734984301e-07,1,1443,sum,tau2,0
509265,7.043528737981999e-07,2,1444,sum,tau2,0
94626,7.035723508855925e-07,2,1445,sum,tau2,0
699744,7.034929487645794e-07,1,1446,sum,tau2,0
77431,7.032297961794529e-07,1,1447,sum,tau2,0
970151,7.029207772412497e-07,2,1448,sum,tau2,0
399067,7.020501131892981e-07,1,1449,sum,tau2,0
359194,7.020317922156124e-07,1,1450,sum,tau2,0
468595,7.014128872850546e-07,1,1451,sum,tau2,0
304326,7.006320674487157e-07,1,1452,sum,tau2,0
877822,7.003642068366831e-07,1,1453,sum,tau2,0
580863,6.988053697049006e-07,2,1454,sum,tau2,0
28108,6.964079311767798e-07,1,1455,sum,tau2,0
265406,6.960446866906034e-07,1,1456,sum,tau2,0
720318,6.960446866906034e-07,1,1457,sum,tau2,0
722989,6.947006673913671e-07,1,1458,sum,tau2,0
150122,6.87702294518704e-07,2,1459,sum,tau2,0
95492,6.836124208802024e-07,2,1460,sum,tau2,0
292134,6.823878730333383e-07,1,1461,sum,tau2,0
231119,6.823878730333383e-07,1,1462,sum,tau2,0
695618,6.82385321371933e-07,1,1463,sum,tau2,0
731120,6.781017259152647e-07,2,1464,sum,tau2,0
37686,6.769236932311132e-07,1,1465,sum,tau2,0
699995,6.769236932311132e-07,1,1466,sum,tau2,0
171315,6.769236932311132e-07,1,1467,sum,tau2,0
732194,6.726931950770363e-07,2,1468,sum,tau2,0
377514,6.706295055108468e-07,1,1469,sum,tau2,0
123481,6.678372952361985e-07,1,1470,sum,tau2,0
428119,6.67352607861224e-07,1,1471,sum,tau2,0
504514,6.661330531405634e-07,2,1472,sum,tau2,0
762588,6.657618714106975e-07,1,1473,sum,tau2,0
358395,6.655642648226157e-07,1,1474,sum,tau2,0
827695,6.654191578798973e-07,3,1475,sum,tau2,0
630116,6.650374508205185e-07,1,1476,sum,tau2,0
534827,6.645214028778385e-07,1,1477,sum,tau2,0
925263,6.644601125910611e-07,1,1478,sum,tau2,0
89781,6.644601125910611e-07,1,1479,sum,tau2,0
461521,6.590786753220431e-07,1,1480,sum,tau2,0
563449,6.567662874955177e-07,3,1481,sum,tau2,0
792704,6.566802017314292e-07,1,1482,sum,tau2,0
677962,6.563449982229081e-07,2,1483,sum,tau2,0
558264,6.562949196679344e-07,1,1484,sum,tau2,0
231101,6.562949196679344e-07,1,1485,sum,tau2,0
975418,6.560053586048795e-07,1,1486,sum,tau2,0
398428,6.556074745832788e-07,1,1487,sum,tau2,0
939210,6.554214470781676e-07,1,1488,sum,tau2,0
108374,6.515447421810847e-07,1,1489,sum,tau2,0
625895,6.515409872890633e-07,2,1490,sum,tau2,0
31252,6.513252668078099e-07,1,1491,sum,tau2,0
960313,6.496950074790891e-07,2,1492,sum,tau2,0
941722,6.493267692423467e-07,1,1493,sum,tau2,0
279904,6.485805911699746e-07,3,1494,sum,tau2,0
289198,6.474234755776823e-07,2,1495,sum,tau2,0
320574,6.469209636835318e-07,2,1496,sum,tau2,0
399082,6.467927512608236e-07,1,1497,sum,tau2,0
130455,6.459702239203968e-07,1,1498,sum,tau2,0
182904,6.459680677684593e-07,1,1499,sum,tau2,0
675593,6.455254970465755e-07,1,1500,sum,tau2,0
114228,6.447071068362434e-07,1,1501,sum,tau2,0
217798,6.444553173546244e-07,1,1502,sum,tau2,0
725591,6.443623134348828e-07,1,1503,sum,tau2,0
826407,6.428038340207868e-07,1,1504,sum,tau2,0
63771,6.408196093198398e-07,1,1505,sum,tau2,0
7471,6.408196093198398e-07,1,1506,sum,tau2,0
467635,6.40749469785092e-07,1,1507,sum,tau2,0
828979,6.391645022384124e-07,2,1508,sum,tau2,0
453057,6.387056576710524e-07,2,1509,sum,tau2,0
716296,6.376831930224432e-07,3,1510,sum,tau2,0
362895,6.368845100808798e-07,1,1511,sum,tau2,0
94592,6.368845100808798e-07,1,1512,sum,tau2,0
478094,6.356124549207752e-07,3,1513,sum,tau2,0
955663,6.353011027486461e-07,1,1514,sum,tau2,0
98905,6.346376796680182e-07,1,1515,sum,tau2,0
159055,6.327573560277367e-07,3,1516,sum,tau2,0
232708,6.32545159985466e-07,1,1517,sum,tau2,0
644100,6.322153608333176e-07,5,1518,sum,tau2,0
63261,6.311476076028831e-07,1,1519,sum,tau2,0
727884,6.30417739341921e-07,1,1520,sum,tau2,0
898967,6.302778069696021e-07,1,1521,sum,tau2,0
529027,6.3017980262739e-07,2,1522,sum,tau2,0
496484,6.291619742597685e-07,2,1523,sum,tau2,0
568080,6.250140057341908e-07,1,1524,sum,tau2,0
620826,6.24087296392044e-07,3,1525,sum,tau2,0
678921,6.234638004741128e-07,2,1526,sum,tau2,0
881110,6.234437779069963e-07,3,1527,sum,tau2,0
946367,6.222021384848074e-07,3,1528,sum,tau2,0
373209,6.222021384848074e-07,3,1529,sum,tau2,0
908999,6.214089031406586e-07,1,1530,sum,tau2,0
179261,6.211662726204232e-07,2,1531,sum,tau2,0
879496,6.209301081330825e-07,1,1532,sum,tau2,0
367506,6.205555251499598e-07,1,1533,sum,tau2,0
384756,6.202820710366814e-07,1,1534,sum,tau2,0
235464,6.194933320709208e-07,1,1535,sum,tau2,0
661043,6.192751683918777e-07,1,1536,sum,tau2,0
83887,6.190404316144925e-07,1,1537,sum,tau2,0
265961,6.189605663357025e-07,2,1538,sum,tau2,0
373223,6.15776823734846e-07,1,1539,sum,tau2,0
936450,6.15776823734846e-07,1,1540,sum,tau2,0
751000,6.153850701336575e-07,3,1541,sum,tau2,0
983360,6.149879883853616e-07,3,1542,sum,tau2,0
29550,6.140569301713321e-07,2,1543,sum,tau2,0
847610,6.139737876197365e-07,2,1544,sum,tau2,0
429817,6.135663345496523e-07,1,1545,sum,tau2,0
171330,6.131308736071695e-07,2,1546,sum,tau2,0
332210,6.129880560011703e-07,2,1547,sum,tau2,0
489715,6.128111761636303e-07,3,1548,sum,tau2,0
979428,6.127586626784937e-07,1,1549,sum,tau2,0
440911,6.127586626784937e-07,1,1550,sum,tau2,0
412817,6.123938400425041e-07,1,1551,sum,tau2,0
952419,6.120852006358997e-07,2,1552,sum,tau2,0
495234,6.111626253453243e-07,1,1553,sum,tau2,0
874134,6.093986914376697e-07,5,1554,sum,tau2,0
559421,6.07994869047291e-07,2,1555,sum,tau2,0
491879,6.074643022522216e-07,3,1556,sum,tau2,0
657043,6.071295261014249e-07,2,1557,sum,tau2,0
653559,6.071295261014249e-07,2,1558,sum,tau2,0
342667,6.065142990647648e-07,1,1559,sum,tau2,0
146616,6.064486401106553e-07,1,1560,sum,tau2,0
747476,6.061604892416223e-07,2,1561,sum,tau2,0
970135,6.059101990507396e-07,1,1562,sum,tau2,0
509180,6.052000919143481e-07,2,1563,sum,tau2,0
198925,6.048001609202206e-07,1,1564,sum,tau2,0
474444,6.047115386122468e-07,1,1565,sum,tau2,0
289203,6.046829466819698e-07,1,1566,sum,tau2,0
268285,6.045936375195321e-07,2,1567,sum,tau2,0
469672,6.042689410264323e-07,1,1568,sum,tau2,0
350071,6.042105834799753e-07,2,1569,sum,tau2,0
628994,6.017369288014966e-07,1,1570,sum,tau2,0
288401,6.006361612010161e-07,1,1571,sum,tau2,0
505972,6.0059193749583e-07,2,1572,sum,tau2,0
560220,5.999612131789714e-07,1,1573,sum,tau2,0
334010,5.999612131789714e-07,1,1574,sum,tau2,0
849894,5.998367840985494e-07,2,1575,sum,tau2,0
208310,5.996873294464364e-07,2,1576,sum,tau2,0
186234,5.983480177777368e-07,1,1577,sum,tau2,0
737735,5.983273986626347e-07,2,1578,sum,tau2,0
273291,5.98014388896934e-07,1,1579,sum,tau2,0
89977,5.98014388896934e-07,1,1580,sum,tau2,0
333715,5.971743076691476e-07,1,1581,sum,tau2,0
174649,5.955109675679773e-07,1,1582,sum,tau2,0
15844,5.953476423315528e-07,1,1583,sum,tau2,0
358922,5.953476423315528e-07,1,1584,sum,tau2,0
295011,5.953476423315528e-07,1,1585,sum,tau2,0
570849,5.951135375711313e-07,3,1586,sum,tau2,0
369829,5.950097681574476e-07,3,1587,sum,tau2,0
288038,5.945132414732664e-07,5,1588,sum,tau2,0
683571,5.939569297522085e-07,1,1589,sum,tau2,0
310462,5.937193808522017e-07,2,1590,sum,tau2,0
869692,5.920469117754618e-07,1,1591,sum,tau2,0
435088,5.918931865114878e-07,1,1592,sum,tau2,0
491386,5.915225409688307e-07,2,1593,sum,tau2,0
472087,5.913400499942809e-07,1,1594,sum,tau2,0
798608,5.913400499942809e-07,1,1595,sum,tau2,0
63774,5.900671254623195e-07,1,1596,sum,tau2,0
393259,5.894402757958043e-07,1,1597,sum,tau2,0
928641,5.891672195494219e-07,2,1598,sum,tau2,0
599454,5.891409101790675e-07,1,1599,sum,tau2,0
205878,5.891409101790675e-07,1,1600,sum,tau2,0
688038,5.8911031538709e-07,1,1601,sum,tau2,0
435091,5.884327512718537e-07,2,1602,sum,tau2,0
588714,5.880464441291849e-07,1,1603,sum,tau2,0
450209,5.878996246514266e-07,1,1604,sum,tau2,0
30562,5.878198596103873e-07,1,1605,sum,tau2,0
868484,5.876784532286093e-07,1,1606,sum,tau2,0
373135,5.876784532286093e-07,1,1607,sum,tau2,0
274112,5.869083998663001e-07,4,1608,sum,tau2,0
784227,5.859433937613537e-07,1,1609,sum,tau2,0
72182,5.858961979692711e-07,1,1610,sum,tau2,0
563707,5.845913747474632e-07,1,1611,sum,tau2,0
979773,5.843140251955624e-07,1,1612,sum,tau2,0
342143,5.842308045228937e-07,3,1613,sum,tau2,0
853046,5.841247664996446e-07,2,1614,sum,tau2,0
831037,5.836946485191253e-07,2,1615,sum,tau2,0
503619,5.83300860731714e-07,2,1616,sum,tau2,0
613888,5.832385609622469e-07,1,1617,sum,tau2,0
652189,5.830778377955513e-07,1,1618,sum,tau2,0
602225,5.830213287092116e-07,1,1619,sum,tau2,0
796191,5.830213287092116e-07,1,1620,sum,tau2,0
71020,5.825383613347908e-07,1,1621,sum,tau2,0
132692,5.825303163883066e-07,2,1622,sum,tau2,0
288039,5.817710847438692e-07,2,1623,sum,tau2,0
372884,5.810851454550372e-07,1,1624,sum,tau2,0
203556,5.810015551065429e-07,1,1625,sum,tau2,0
125631,5.808220534590927e-07,1,1626,sum,tau2,0
535022,5.80615903792275e-07,1,1627,sum,tau2,0
590517,5.803678559817121e-07,1,1628,sum,tau2,0
461629,5.798558422401116e-07,2,1629,sum,tau2,0
36372,5.79731349378002e-07,1,1630,sum,tau2,0
70068,5.796007854333172e-07,1,1631,sum,tau2,0
611716,5.793200500431637e-07,1,1632,sum,tau2,0
591665,5.793200500431637e-07,1,1633,sum,tau2,0
877814,5.793200500431637e-07,1,1634,sum,tau2,0
808091,5.793200500431637e-07,1,1635,sum,tau2,0
34010,5.790604794727212e-07,2,1636,sum,tau2,0
176757,5.782609024855652e-07,1,1637,sum,tau2,0
728149,5.780676035442474e-07,2,1638,sum,tau2,0
474300,5.779497655166601e-07,1,1639,sum,tau2,0
866163,5.772362995327616e-07,1,1640,sum,tau2,0
378672,5.766067827711505e-07,2,1641,sum,tau2,0
76271,5.758184284353685e-07,1,1642,sum,tau2,0
822830,5.750530426781056e-07,1,1643,sum,tau2,0
609022,5.750526399162647e-07,1,1644,sum,tau2,0
957841,5.743008337848788e-07,1,1645,sum,tau2,0
799763,5.742231860649837e-07,1,1646,sum,tau2,0
944058,5.738392276838968e-07,1,1647,sum,tau2,0
268922,5.733453879043129e-07,2,1648,sum,tau2,0
614007,5.72993055209574e-07,1,1649,sum,tau2,0
953344,5.729799250519544e-07,2,1650,sum,tau2,0
446069,5.727957508232647e-07,2,1651,sum,tau2,0
99273,5.726454929999131e-07,1,1652,sum,tau2,0
544839,5.725940027005199e-07,1,1653,sum,tau2,0
652396,5.72592912420841e-07,1,1654,sum,tau2,0
37683,5.724585320205183e-07,1,1655,sum,tau2,0
11844,5.720786725461235e-07,1,1656,sum,tau2,0
995967,5.708235098376268e-07,1,1657,sum,tau2,0
699877,5.706914074716778e-07,1,1658,sum,tau2,0
888238,5.70597596738282e-07,3,1659,sum,tau2,0
219931,5.70295673375518e-07,4,1660,sum,tau2,0
574344,5.701712238092215e-07,1,1661,sum,tau2,0
606702,5.70035159006736e-07,2,1662,sum,tau2,0
863504,5.697589439207625e-07,2,1663,sum,tau2,0
298841,5.695747696920727e-07,2,1664,sum,tau2,0
970407,5.688545847164792e-07,1,1665,sum,tau2,0
197746,5.683640537195123e-07,2,1666,sum,tau2,0
648601,5.682989266335533e-07,1,1667,sum,tau2,0
18944,5.678709667767791e-07,1,1668,sum,tau2,0
228490,5.675552125634013e-07,2,1669,sum,tau2,0
692866,5.67512388284473e-07,1,1670,sum,tau2,0
791544,5.671514201353286e-07,2,1671,sum,tau2,0
722339,5.669310758664384e-07,1,1672,sum,tau2,0
795160,5.667073750404658e-07,2,1673,sum,tau2,0
598942,5.661111036551032e-07,3,1674,sum,tau2,0
365185,5.660883268068915e-07,2,1675,sum,tau2,0
637094,5.657896480496822e-07,1,1676,sum,tau2,0
766107,5.645995604860789e-07,1,1677,sum,tau2,0
582385,5.640938584713254e-07,2,1678,sum,tau2,0
831142,5.633794547685913e-07,3,1679,sum,tau2,0
650602,5.633228260071345e-07,3,1680,sum,tau2,0
293136,5.623599172114384e-07,1,1681,sum,tau2,0
102564,5.623599172114384e-07,1,1682,sum,tau2,0
300311,5.623599172114384e-07,1,1683,sum,tau2,0
162901,5.620242783313747e-07,1,1684,sum,tau2,0
69072,5.618135944990702e-07,1,1685,sum,tau2,0
978907,5.614962309391078e-07,2,1686,sum,tau2,0
633423,5.610722578469e-07,2,1687,sum,tau2,0
80918,5.60867952215597e-07,1,1688,sum,tau2,0
621873,5.606777351956917e-07,2,1689,sum,tau2,0
744719,5.599910793515322e-07,1,1690,sum,tau2,0
428087,5.597764616540712e-07,1,1691,sum,tau2,0
64423,5.585514567692157e-07,1,1692,sum,tau2,0
550926,5.585514567692157e-07,1,1693,sum,tau2,0
161093,5.585273043655564e-07,2,1694,sum,tau2,0
703513,5.58128922188549e-07,1,1695,sum,tau2,0
973981,5.575690987301213e-07,1,1696,sum,tau2,0
469026,5.569711411368893e-07,1,1697,sum,tau2,0
106258,5.5686211414593e-07,1,1698,sum,tau2,0
353386,5.558467376420391e-07,1,1699,sum,tau2,0
488243,5.557977342932077e-07,1,1700,sum,tau2,0
32887,5.556942909862666e-07,1,1701,sum,tau2,0
103766,5.552567989366586e-07,1,1702,sum,tau2,0
966663,5.550084197500348e-07,1,1703,sum,tau2,0
901934,5.550032109066933e-07,3,1704,sum,tau2,0
515269,5.542669326814949e-07,3,1705,sum,tau2,0
948395,5.542215973722119e-07,2,1706,sum,tau2,0
279195,5.534381784555182e-07,3,1707,sum,tau2,0
167828,5.534336214012642e-07,2,1708,sum,tau2,0
693294,5.534290300771799e-07,1,1709,sum,tau2,0
391947,5.533794513668392e-07,1,1710,sum,tau2,0
77716,5.533794513668392e-07,1,1711,sum,tau2,0
308137,5.53346703799456e-07,2,1712,sum,tau2,0
1295,5.533302703571909e-07,2,1713,sum,tau2,0
368663,5.53306898668364e-07,1,1714,sum,tau2,0
804326,5.523569831329807e-07,1,1715,sum,tau2,0
861263,5.523400985507696e-07,1,1716,sum,tau2,0
236928,5.521929889428159e-07,4,1717,sum,tau2,0
548936,5.518531245846451e-07,1,1718,sum,tau2,0
63064,5.516573298076885e-07,1,1719,sum,tau2,0
603580,5.511296532792294e-07,1,1720,sum,tau2,0
739342,5.500157020159823e-07,1,1721,sum,tau2,0
168351,5.496088138388614e-07,3,1722,sum,tau2,0
432400,5.495082564151381e-07,1,1723,sum,tau2,0
584800,5.490545343988431e-07,1,1724,sum,tau2,0
679122,5.485831460969318e-07,1,1725,sum,tau2,0
908261,5.483542260772403e-07,1,1726,sum,tau2,0
638256,5.478684375423468e-07,1,1727,sum,tau2,0
359281,5.477024034128674e-07,2,1728,sum,tau2,0
630826,5.471382442399244e-07,2,1729,sum,tau2,0
965971,5.471382442399244e-07,2,1730,sum,tau2,0
954502,5.454881879537862e-07,1,1731,sum,tau2,0
211957,5.45465303690422e-07,1,1732,sum,tau2,0
627982,5.45465303690422e-07,1,1733,sum,tau2,0
932436,5.448680483736545e-07,2,1734,sum,tau2,0
154857,5.445951927746857e-07,1,1735,sum,tau2,0
2205,5.445744312007821e-07,1,1736,sum,tau2,0
654722,5.444961885930405e-07,1,1737,sum,tau2,0
686079,5.444961885930405e-07,1,1738,sum,tau2,0
511791,5.442286998255059e-07,2,1739,sum,tau2,0
714938,5.441155728901826e-07,1,1740,sum,tau2,0
993646,5.439394446891831e-07,1,1741,sum,tau2,0
110270,5.436660205169481e-07,1,1742,sum,tau2,0
723277,5.428099045195152e-07,4,1743,sum,tau2,0
955517,5.423080806677373e-07,1,1744,sum,tau2,0
990333,5.423080806677373e-07,1,1745,sum,tau2,0
367706,5.42037969486107e-07,1,1746,sum,tau2,0
355436,5.41770279178009e-07,4,1747,sum,tau2,0
640487,5.400577394263056e-07,1,1748,sum,tau2,0
80043,5.394695423185581e-07,1,1749,sum,tau2,0
169876,5.394695423185581e-07,1,1750,sum,tau2,0
303793,5.394097300841983e-07,1,1751,sum,tau2,0
616176,5.385359482567308e-07,1,1752,sum,tau2,0
980308,5.385359482567308e-07,1,1753,sum,tau2,0
702590,5.385008003132056e-07,1,1754,sum,tau2,0
474600,5.384243980790042e-07,2,1755,sum,tau2,0
150104,5.380696541507596e-07,1,1756,sum,tau2,0
628957,5.379752570996979e-07,1,1757,sum,tau2,0
856599,5.379752570996979e-07,1,1758,sum,tau2,0
838275,5.379752570996979e-07,1,1759,sum,tau2,0
348909,5.379660673231756e-07,1,1760,sum,tau2,0
389741,5.370433100590141e-07,2,1761,sum,tau2,0
657825,5.369356317581917e-07,1,1762,sum,tau2,0
922848,5.369356317581917e-07,1,1763,sum,tau2,0
619549,5.369356317581917e-07,1,1764,sum,tau2,0
865032,5.363329663813897e-07,1,1765,sum,tau2,0
463860,5.355054290183448e-07,1,1766,sum,tau2,0
746357,5.354154296797382e-07,2,1767,sum,tau2,0
2636,5.34951387964927e-07,2,1768,sum,tau2,0
642161,5.346884078047495e-07,1,1769,sum,tau2,0
130026,5.34250601683997e-07,1,1770,sum,tau2,0
706967,5.339859361333675e-07,1,1771,sum,tau2,0
852063,5.33049172861825e-07,1,1772,sum,tau2,0
909425,5.33049172861825e-07,1,1773,sum,tau2,0
583461,5.33049172861825e-07,1,1774,sum,tau2,0
268731,5.326188144924592e-07,1,1775,sum,tau2,0
222683,5.32261444655887e-07,1,1776,sum,tau2,0
95417,5.320229564943628e-07,1,1777,sum,tau2,0
595983,5.317897122254082e-07,1,1778,sum,tau2,0
892551,5.317897122254082e-07,1,1779,sum,tau2,0
371978,5.310424076939636e-07,1,1780,sum,tau2,0
971749,5.291869286244013e-07,1,1781,sum,tau2,0
658736,5.285757368755915e-07,2,1782,sum,tau2,0
950986,5.284766783256181e-07,2,1783,sum,tau2,0
886185,5.27292262920961e-07,3,1784,sum,tau2,0
216644,5.27227234653415e-07,2,1785,sum,tau2,0
655871,5.263728519020571e-07,2,1786,sum,tau2,0
583186,5.26131692978734e-07,2,1787,sum,tau2,0
993828,5.257384683326024e-07,1,1788,sum,tau2,0
129187,5.257384683326024e-07,1,1789,sum,tau2,0
118389,5.24708328354929e-07,1,1790,sum,tau2,0
904173,5.24708328354929e-07,1,1791,sum,tau2,0
745584,5.24708328354929e-07,1,1792,sum,tau2,0
930969,5.244529270627942e-07,1,1793,sum,tau2,0
668654,5.241353890488079e-07,2,1794,sum,tau2,0
262919,5.240716355444719e-07,1,1795,sum,tau2,0
356596,5.238369222940317e-07,2,1796,sum,tau2,0
323776,5.233425537968132e-07,2,1797,sum,tau2,0
366341,5.232563863654236e-07,1,1798,sum,tau2,0
391907,5.231046983560786e-07,2,1799,sum,tau2,0
33905,5.228966480640212e-07,1,1800,sum,tau2,0
266569,5.228565164803542e-07,2,1801,sum,tau2,0
831143,5.220091159369577e-07,2,1802,sum,tau2,0
614277,5.219508305962062e-07,1,1803,sum,tau2,0
663820,5.209292717355248e-07,3,1804,sum,tau2,0
205897,5.206455048066214e-07,1,1805,sum,tau2,0
934601,5.203378040991492e-07,2,1806,sum,tau2,0
264124,5.198785255987255e-07,1,1807,sum,tau2,0
520799,5.198785255987255e-07,1,1808,sum,tau2,0
945055,5.187734502810789e-07,1,1809,sum,tau2,0
4223,5.187193756838801e-07,2,1810,sum,tau2,0
98906,5.185002711070899e-07,1,1811,sum,tau2,0
710330,5.179505382712695e-07,1,1812,sum,tau2,0
632353,5.179008729775385e-07,1,1813,sum,tau2,0
996187,5.172469854451843e-07,2,1814,sum,tau2,0
640574,5.168603614323752e-07,1,1815,sum,tau2,0
78366,5.166943590781236e-07,1,1816,sum,tau2,0
486232,5.15927703105263e-07,2,1817,sum,tau2,0
10666,5.146106519408151e-07,1,1818,sum,tau2,0
994022,5.144389367844504e-07,1,1819,sum,tau2,0
544553,5.143328058404822e-07,2,1820,sum,tau2,0
25428,5.13485292365636e-07,1,1821,sum,tau2,0
346413,5.132576597374246e-07,2,1822,sum,tau2,0
897536,5.131502771922648e-07,1,1823,sum,tau2,0
763658,5.131502771922648e-07,1,1824,sum,tau2,0
9501,5.130734855087348e-07,2,1825,sum,tau2,0
649873,5.129671955316108e-07,2,1826,sum,tau2,0
965757,5.126165925368244e-07,1,1827,sum,tau2,0
415860,5.118786272224515e-07,3,1828,sum,tau2,0
95594,5.117050881542404e-07,3,1829,sum,tau2,0
221283,5.10923286495743e-07,1,1830,sum,tau2,0
539483,5.105626416385855e-07,2,1831,sum,tau2,0
253198,5.094683722851115e-07,1,1832,sum,tau2,0
76897,5.089591480324338e-07,1,1833,sum,tau2,0
916393,5.089054108319587e-07,2,1834,sum,tau2,0
826063,5.089054108319587e-07,2,1835,sum,tau2,0
956639,5.089054108319587e-07,2,1836,sum,tau2,0
554776,5.087212366032689e-07,2,1837,sum,tau2,0
809254,5.087212366032689e-07,2,1838,sum,tau2,0
200890,5.073448739336835e-07,2,1839,sum,tau2,0
377872,5.072324702824563e-07,1,1840,sum,tau2,0
292404,5.072324702824563e-07,1,1841,sum,tau2,0
905508,5.072324702824563e-07,1,1842,sum,tau2,0
322614,5.065378253427477e-07,2,1843,sum,tau2,0
671839,5.06057097013041e-07,1,1844,sum,tau2,0
622408,5.06056312370238e-07,2,1845,sum,tau2,0
882183,5.058796977787433e-07,3,1846,sum,tau2,0
755161,5.058732537618033e-07,4,1847,sum,tau2,0
468596,5.054098834053096e-07,1,1848,sum,tau2,0
246662,5.046409572898639e-07,1,1849,sum,tau2,0
458178,5.042773720942886e-07,2,1850,sum,tau2,0
786556,5.042019829805484e-07,1,1851,sum,tau2,0
279905,5.03984124480645e-07,3,1852,sum,tau2,0
480377,5.036533549455523e-07,1,1853,sum,tau2,0
743544,5.031309792971454e-07,2,1854,sum,tau2,0
849733,5.018598439878957e-07,1,1855,sum,tau2,0
777730,5.014321564434517e-07,1,1856,sum,tau2,0
714494,5.008722886681237e-07,2,1857,sum,tau2,0
377226,5.006196464915435e-07,2,1858,sum,tau2,0
769381,5.002205197423901e-07,1,1859,sum,tau2,0
847233,4.997643893286445e-07,1,1860,sum,tau2,0
160220,4.995050047045284e-07,1,1861,sum,tau2,0
188986,4.992041114705301e-07,2,1862,sum,tau2,0
488357,4.987218819344262e-07,1,1863,sum,tau2,0
230546,4.967459209327768e-07,1,1864,sum,tau2,0
725829,4.966812852842502e-07,1,1865,sum,tau2,0
941959,4.952045083438239e-07,2,1866,sum,tau2,0
945748,4.947507928925001e-07,1,1867,sum,tau2,0
842329,4.946775630493541e-07,2,1868,sum,tau2,0
481417,4.94440773147701e-07,1,1869,sum,tau2,0
241560,4.941003348939683e-07,2,1870,sum,tau2,0
70457,4.940038746580688e-07,1,1871,sum,tau2,0
837110,4.933218430799142e-07,7,1872,sum,tau2,0
138138,4.931835412178505e-07,3,1873,sum,tau2,0
443222,4.925601941297447e-07,1,1874,sum,tau2,0
865567,4.919781898069972e-07,2,1875,sum,tau2,0
124467,4.917923054786794e-07,1,1876,sum,tau2,0
312927,4.917535036340861e-07,1,1877,sum,tau2,0
59400,4.916858197827586e-07,2,1878,sum,tau2,0
291544,4.916760455518662e-07,2,1879,sum,tau2,0
933222,4.914992942960021e-07,1,1880,sum,tau2,0
6030,4.905108551185918e-07,1,1881,sum,tau2,0
678470,4.903391457043244e-07,1,1882,sum,tau2,0
384932,4.883593532852869e-07,1,1883,sum,tau2,0
910161,4.882735661178974e-07,1,1884,sum,tau2,0
644220,4.877013591251055e-07,1,1885,sum,tau2,0
905548,4.873102818636629e-07,1,1886,sum,tau2,0
134926,4.869742736377179e-07,3,1887,sum,tau2,0
913552,4.859814059531514e-07,4,1888,sum,tau2,0
652922,4.845756637003872e-07,3,1889,sum,tau2,0
444395,4.842710319013494e-07,1,1890,sum,tau2,0
152426,4.83498195656593e-07,1,1891,sum,tau2,0
933403,4.834377268970109e-07,1,1892,sum,tau2,0
499880,4.834166999047084e-07,1,1893,sum,tau2,0
147438,4.833825244651952e-07,4,1894,sum,tau2,0
996186,4.833047861467221e-07,1,1895,sum,tau2,0
935759,4.832570116692492e-07,2,1896,sum,tau2,0
203230,4.824988793675891e-07,1,1897,sum,tau2,0
610254,4.821263661233427e-07,1,1898,sum,tau2,0
780728,4.820472569124485e-07,1,1899,sum,tau2,0
722103,4.818453831237658e-07,2,1900,sum,tau2,0
698587,4.810135979184971e-07,1,1901,sum,tau2,0
986118,4.809625843046443e-07,1,1902,sum,tau2,0
893459,4.805343045311816e-07,2,1903,sum,tau2,0
383767,4.797234523806711e-07,2,1904,sum,tau2,0
731413,4.797150770233883e-07,1,1905,sum,tau2,0
264799,4.79157458114796e-07,4,1906,sum,tau2,0
364015,4.791505535796563e-07,1,1907,sum,tau2,0
908023,4.782300352860309e-07,1,1908,sum,tau2,0
918493,4.773408078273876e-07,1,1909,sum,tau2,0
543950,4.7585552644286805e-07,1,1910,sum,tau2,0
463947,4.758373752106337e-07,1,1911,sum,tau2,0
688947,4.758373752106337e-07,1,1912,sum,tau2,0
830408,4.7523049476731105e-07,2,1913,sum,tau2,0
556459,4.7424661302915477e-07,2,1914,sum,tau2,0
378163,4.7374891217297825e-07,1,1915,sum,tau2,0
699997,4.736041744622241e-07,1,1916,sum,tau2,0
991927,4.717473429348512e-07,1,1917,sum,tau2,0
724062,4.7093137160764766e-07,2,1918,sum,tau2,0
896122,4.7073300414733013e-07,2,1919,sum,tau2,0
35902,4.692991699758458e-07,3,1920,sum,tau2,0
448847,4.690679084895346e-07,1,1921,sum,tau2,0
249711,4.688798361625032e-07,2,1922,sum,tau2,0
546641,4.6841531299986024e-07,1,1923,sum,tau2,0
494349,4.673910698416906e-07,1,1924,sum,tau2,0
390903,4.673910698416906e-07,1,1925,sum,tau2,0
925468,4.673557694241609e-07,1,1926,sum,tau2,0
82725,4.6722839743688974e-07,2,1927,sum,tau2,0
353563,4.667606648966614e-07,4,1928,sum,tau2,0
501333,4.665450916954826e-07,2,1929,sum,tau2,0
419998,4.663622994860369e-07,1,1930,sum,tau2,0
851628,4.660088844180349e-07,1,1931,sum,tau2,0
913834,4.6576196962267526e-07,1,1932,sum,tau2,0
306992,4.656916308412597e-07,1,1933,sum,tau2,0
534834,4.6565593564009557e-07,3,1934,sum,tau2,0
183175,4.648721511459802e-07,1,1935,sum,tau2,0
943765,4.648721511459802e-07,1,1936,sum,tau2,0
202536,4.648411635774076e-07,1,1937,sum,tau2,0
627830,4.647891490021218e-07,1,1938,sum,tau2,0
738909,4.6441715040373075e-07,1,1939,sum,tau2,0
906863,4.637075044271373e-07,1,1940,sum,tau2,0
47955,4.63683583996155e-07,1,1941,sum,tau2,0
830179,4.630407126697177e-07,1,1942,sum,tau2,0
432775,4.6266203658873095e-07,1,1943,sum,tau2,0
99793,4.6238802029050966e-07,1,1944,sum,tau2,0
316382,4.6227641000855115e-07,1,1945,sum,tau2,0
52760,4.6168969855207613e-07,1,1946,sum,tau2,0
743886,4.6168969855207613e-07,1,1947,sum,tau2,0
367073,4.616860350791265e-07,2,1948,sum,tau2,0
267732,4.616643594412627e-07,1,1949,sum,tau2,0
789206,4.610297949862845e-07,2,1950,sum,tau2,0
662564,4.609992268045111e-07,2,1951,sum,tau2,0
453061,4.608235134739037e-07,1,1952,sum,tau2,0
105876,4.6078895777411825e-07,1,1953,sum,tau2,0
756600,4.6078895777411825e-07,1,1954,sum,tau2,0
632440,4.588872150756578e-07,1,1955,sum,tau2,0
281521,4.584615779714797e-07,1,1956,sum,tau2,0
840642,4.5754847079536624e-07,1,1957,sum,tau2,0
366167,4.5750819937165344e-07,2,1958,sum,tau2,0
601777,4.558918586836278e-07,5,1959,sum,tau2,0
964808,4.5585562105629937e-07,1,1960,sum,tau2,0
143666,4.557497532820615e-07,1,1961,sum,tau2,0
395391,4.5542960508352893e-07,1,1962,sum,tau2,0
34740,4.5532455566102296e-07,1,1963,sum,tau2,0
536193,4.5490757126723256e-07,1,1964,sum,tau2,0
684933,4.5488766199815e-07,1,1965,sum,tau2,0
130648,4.548413116116613e-07,1,1966,sum,tau2,0
44470,4.517951752232448e-07,1,1967,sum,tau2,0
932277,4.517501855461954e-07,2,1968,sum,tau2,0
879513,4.510111790638142e-07,1,1969,sum,tau2,0
79241,4.499015561415253e-07,1,1970,sum,tau2,0
430292,4.493652664958015e-07,1,1971,sum,tau2,0
369096,4.489253078130138e-07,1,1972,sum,tau2,0
547438,4.485997762739261e-07,1,1973,sum,tau2,0
979774,4.4829106588469224e-07,1,1974,sum,tau2,0
952179,4.477507128131351e-07,1,1975,sum,tau2,0
338641,4.473795277082075e-07,1,1976,sum,tau2,0
184964,4.4687857198978494e-07,1,1977,sum,tau2,0
184100,4.4684711848723896e-07,2,1978,sum,tau2,0
678957,4.458668728588773e-07,1,1979,sum,tau2,0
164159,4.458446317235575e-07,2,1980,sum,tau2,0
193202,4.4569291028195846e-07,3,1981,sum,tau2,0
818366,4.4530716581995277e-07,1,1982,sum,tau2,0
272215,4.4491569206341067e-07,1,1983,sum,tau2,0
558800,4.443558654027449e-07,1,1984,sum,tau2,0
939368,4.443558654027449e-07,1,1985,sum,tau2,0
944046,4.4372392511913757e-07,1,1986,sum,tau2,0
540646,4.435373122268716e-07,1,1987,sum,tau2,0
996349,4.435373122268716e-07,1,1988,sum,tau2,0
921344,4.426785740513354e-07,1,1989,sum,tau2,0
656879,4.4257274899204037e-07,2,1990,sum,tau2,0
873178,4.410294423776521e-07,1,1991,sum,tau2,0
227977,4.406166001181266e-07,1,1992,sum,tau2,0
870201,4.390249195583504e-07,1,1993,sum,tau2,0
854418,4.389328077047193e-07,3,1994,sum,tau2,0
304305,4.380094854529825e-07,1,1995,sum,tau2,0
860621,4.3763009710993923e-07,2,1996,sum,tau2,0
878973,4.363025674719465e-07,1,1997,sum,tau2,0
15848,4.3497475807601595e-07,1,1998,sum,tau2,0
657267,4.3449073820868827e-07,2,1999,sum,tau2,0
622713,4.342456195665276e-07,2,2000,sum,tau2,0
919653,4.340475441145308e-07,1,2001,sum,tau2,0
783538,4.340067292490167e-07,1,2002,sum,tau2,0
23122,4.331345325511957e-07,1,2003,sum,tau2,0
566246,4.330019718878757e-07,1,2004,sum,tau2,0
161724,4.317828895483661e-07,1,2005,sum,tau2,0
883473,4.317828895483661e-07,1,2006,sum,tau2,0
245498,4.317828895483661e-07,1,2007,sum,tau2,0
603427,4.2857975585971647e-07,3,2008,sum,tau2,0
906875,4.282727098825872e-07,1,2009,sum,tau2,0
222684,4.267336378310185e-07,1,2010,sum,tau2,0
365176,4.2606221178875927e-07,2,2011,sum,tau2,0
64221,4.258552462376558e-07,4,2012,sum,tau2,0
834626,4.2579922416215954e-07,4,2013,sum,tau2,0
22215,4.254016494874125e-07,1,2014,sum,tau2,0
64426,4.2520567959724487e-07,1,2015,sum,tau2,0
343104,4.2519237880275187e-07,1,2016,sum,tau2,0
319900,4.236510343141926e-07,2,2017,sum,tau2,0
339652,4.227539286642714e-07,1,2018,sum,tau2,0
673837,4.224352411169019e-07,2,2019,sum,tau2,0
297049,4.2206711225971256e-07,1,2020,sum,tau2,0
970774,4.2206711225971256e-07,1,2021,sum,tau2,0
990764,4.21643291559642e-07,1,2022,sum,tau2,0
633806,4.2089217317371465e-07,2,2023,sum,tau2,0
551303,4.20100642978955e-07,1,2024,sum,tau2,0
907829,4.198836191410421e-07,1,2025,sum,tau2,0
712170,4.1976954401460713e-07,2,2026,sum,tau2,0
842027,4.1962141082029273e-07,1,2027,sum,tau2,0
134130,4.188448615570514e-07,2,2028,sum,tau2,0
773754,4.1854553143871684e-07,1,2029,sum,tau2,0
769125,4.180729261180623e-07,1,2030,sum,tau2,0
217646,4.178906236256128e-07,1,2031,sum,tau2,0
954739,4.176290842179561e-07,1,2032,sum,tau2,0
738074,4.1734866692563585e-07,2,2033,sum,tau2,0
127698,4.172335849486901e-07,2,2034,sum,tau2,0
502726,4.170070484515985e-07,1,2035,sum,tau2,0
329157,4.1681700567319043e-07,2,2036,sum,tau2,0
119819,4.1663283144450065e-07,2,2037,sum,tau2,0
148599,4.159720807881268e-07,1,2038,sum,tau2,0
403951,4.1580834540707365e-07,1,2039,sum,tau2,0
615725,4.156590274974704e-07,1,2040,sum,tau2,0
210836,4.1514406512368806e-07,1,2041,sum,tau2,0
379128,4.1514406512368806e-07,1,2042,sum,tau2,0
265072,4.1445410910823216e-07,2,2043,sum,tau2,0
838313,4.141971338388017e-07,1,2044,sum,tau2,0
299146,4.1391457106329553e-07,1,2045,sum,tau2,0
289560,4.1345982859897883e-07,1,2046,sum,tau2,0
410697,4.129023639005272e-07,2,2047,sum,tau2,0
330232,4.120105250271399e-07,1,2048,sum,tau2,0
472285,4.117472219769379e-07,2,2049,sum,tau2,0
75841,4.1171959254199403e-07,1,2050,sum,tau2,0
453919,4.115059376124567e-07,1,2051,sum,tau2,0
311731,4.1119309567355395e-07,2,2052,sum,tau2,0
228253,4.111836823578852e-07,1,2053,sum,tau2,0
573073,4.110165754744009e-07,3,2054,sum,tau2,0
55657,4.107356288593813e-07,1,2055,sum,tau2,0
289686,4.106283576334625e-07,1,2056,sum,tau2,0
1000345,4.101851286493424e-07,3,2057,sum,tau2,0
917288,4.100397879492089e-07,1,2058,sum,tau2,0
479255,4.100397879492089e-07,1,2059,sum,tau2,0
777513,4.0997519399073384e-07,3,2060,sum,tau2,0
168962,4.0984664117901255e-07,1,2061,sum,tau2,0
995186,4.0949468258362506e-07,3,2062,sum,tau2,0
466269,4.0851218809984003e-07,2,2063,sum,tau2,0
223605,4.0744030358836093e-07,4,2064,sum,tau2,0
634673,4.072962879558125e-07,1,2065,sum,tau2,0
900860,4.0694611353850883e-07,1,2066,sum,tau2,0
192230,4.0683924755033766e-07,1,2067,sum,tau2,0
660756,4.059435560422962e-07,3,2068,sum,tau2,0
544856,4.056911675389772e-07,1,2069,sum,tau2,0
509997,4.056831936505602e-07,2,2070,sum,tau2,0
875338,4.055450006965019e-07,2,2071,sum,tau2,0
120729,4.0531317020673145e-07,1,2072,sum,tau2,0
202410,4.0531317020673145e-07,1,2073,sum,tau2,0
353566,4.0526760915058915e-07,3,2074,sum,tau2,0
362764,4.050856205576879e-07,1,2075,sum,tau2,0
646542,4.0482955509385123e-07,1,2076,sum,tau2,0
41966,4.03659873556441e-07,2,2077,sum,tau2,0
827694,4.0256440788874246e-07,1,2078,sum,tau2,0
611073,4.0256440788874246e-07,1,2079,sum,tau2,0
383682,4.022185792626773e-07,2,2080,sum,tau2,0
842658,4.021016440112619e-07,1,2081,sum,tau2,0
421146,4.013301271530539e-07,1,2082,sum,tau2,0
469918,4.011415784193527e-07,1,2083,sum,tau2,0
706804,4.0077337175427295e-07,1,2084,sum,tau2,0
822558,4.0057271167165396e-07,1,2085,sum,tau2,0
806003,3.99814254825529e-07,1,2086,sum,tau2,0
819952,3.989931665763703e-07,2,2087,sum,tau2,0
672140,3.984334385440032e-07,1,2088,sum,tau2,0
768553,3.971072935754777e-07,1,2089,sum,tau2,0
201527,3.9662755443795303e-07,1,2090,sum,tau2,0
860922,3.959078162523117e-07,1,2091,sum,tau2,0
276907,3.95856086250893e-07,1,2092,sum,tau2,0
627980,3.9569251703537023e-07,1,2093,sum,tau2,0
821739,3.942810685359733e-07,1,2094,sum,tau2,0
252894,3.941983875781457e-07,1,2095,sum,tau2,0
316536,3.940294372929618e-07,1,2096,sum,tau2,0
716303,3.93570455019482e-07,1,2097,sum,tau2,0
379033,3.932294625951016e-07,3,2098,sum,tau2,0
908887,3.927695070428953e-07,3,2099,sum,tau2,0
470918,3.9216324799590694e-07,1,2100,sum,tau2,0
153887,3.919364163942729e-07,2,2101,sum,tau2,0
86295,3.914804489973741e-07,1,2102,sum,tau2,0
636128,3.9133162729599765e-07,1,2103,sum,tau2,0
185270,3.90995867624616e-07,1,2104,sum,tau2,0
972732,3.9078101540201336e-07,1,2105,sum,tau2,0
578538,3.9078101540201336e-07,1,2106,sum,tau2,0
906675,3.9078101540201336e-07,1,2107,sum,tau2,0
457966,3.903050874336652e-07,1,2108,sum,tau2,0
289841,3.902605648362516e-07,1,2109,sum,tau2,0
652191,3.9023428583628966e-07,2,2110,sum,tau2,0
312713,3.897111625223002e-07,1,2111,sum,tau2,0
331488,3.883587457707333e-07,2,2112,sum,tau2,0
252014,3.882126581681938e-07,1,2113,sum,tau2,0
863231,3.8810885234660796e-07,1,2114,sum,tau2,0
301981,3.8810885234660796e-07,1,2115,sum,tau2,0
347949,3.864268893777052e-07,1,2116,sum,tau2,0
541699,3.862088145205675e-07,1,2117,sum,tau2,0
344266,3.8612159349040045e-07,1,2118,sum,tau2,0
397611,3.853135779420784e-07,1,2119,sum,tau2,0
633172,3.843278730587072e-07,1,2120,sum,tau2,0
916698,3.831861024358139e-07,2,2121,sum,tau2,0
490675,3.83011462824462e-07,1,2122,sum,tau2,0
414024,3.825125656053854e-07,1,2123,sum,tau2,0
667302,3.8074895380592965e-07,1,2124,sum,tau2,0
378120,3.7997842566087485e-07,2,2125,sum,tau2,0
261920,3.7942552042540933e-07,1,2126,sum,tau2,0
164581,3.7909605610168206e-07,3,2127,sum,tau2,0
467432,3.7909605610168206e-07,3,2128,sum,tau2,0
674985,3.789308411705818e-07,1,2129,sum,tau2,0
599904,3.789308411705818e-07,1,2130,sum,tau2,0
668666,3.772389413234899e-07,2,2131,sum,tau2,0
562909,3.757882288058083e-07,1,2132,sum,tau2,0
788337,3.725193119205683e-07,2,2133,sum,tau2,0
90861,3.7227580643238007e-07,1,2134,sum,tau2,0
248804,3.719573877875786e-07,2,2135,sum,tau2,0
537357,3.713859551558152e-07,1,2136,sum,tau2,0
654085,3.7137851223761136e-07,2,2137,sum,tau2,0
919021,3.7025748255555023e-07,2,2138,sum,tau2,0
463519,3.698600139552453e-07,2,2139,sum,tau2,0
983273,3.670779180248168e-07,2,2140,sum,tau2,0
812711,3.6697088364426807e-07,1,2141,sum,tau2,0
98120,3.6692918169452303e-07,1,2142,sum,tau2,0
668371,3.665187292147592e-07,4,2143,sum,tau2,0
388422,3.6572289849894433e-07,2,2144,sum,tau2,0
80690,3.655015122802685e-07,1,2145,sum,tau2,0
841595,3.6503300300643927e-07,1,2146,sum,tau2,0
236387,3.649942573185061e-07,1,2147,sum,tau2,0
953339,3.649942573185061e-07,1,2148,sum,tau2,0
224130,3.645949626727004e-07,2,2149,sum,tau2,0
3691,3.640443800300756e-07,1,2150,sum,tau2,0
260636,3.6336040685489324e-07,2,2151,sum,tau2,0
212784,3.633114534070181e-07,2,2152,sum,tau2,0
999670,3.632735887931512e-07,1,2153,sum,tau2,0
616371,3.62951708929721e-07,2,2154,sum,tau2,0
713775,3.62910419574111e-07,1,2155,sum,tau2,0
389587,3.6169842553876263e-07,1,2156,sum,tau2,0
494591,3.6169842553876263e-07,1,2157,sum,tau2,0
643953,3.6157519263374017e-07,3,2158,sum,tau2,0
790367,3.6091160753189177e-07,1,2159,sum,tau2,0
319902,3.6085192012836925e-07,1,2160,sum,tau2,0
212525,3.59734681582118e-07,2,2161,sum,tau2,0
901289,3.5955344267722275e-07,2,2162,sum,tau2,0
132784,3.589955453090563e-07,1,2163,sum,tau2,0
602417,3.589875472113035e-07,1,2164,sum,tau2,0
472088,3.588965941156654e-07,2,2165,sum,tau2,0
702073,3.5876890626496406e-07,2,2166,sum,tau2,0
910868,3.586964476644889e-07,1,2167,sum,tau2,0
406907,3.586964476644889e-07,1,2168,sum,tau2,0
905423,3.584685034241931e-07,2,2169,sum,tau2,0
83973,3.583806712285251e-07,1,2170,sum,tau2,0
297677,3.5747654551320896e-07,1,2171,sum,tau2,0
53765,3.574155942891281e-07,1,2172,sum,tau2,0
633762,3.572346127995348e-07,1,2173,sum,tau2,0
663078,3.572346127995348e-07,1,2174,sum,tau2,0
425426,3.562512076755443e-07,1,2175,sum,tau2,0
354881,3.55432825119086e-07,4,2176,sum,tau2,0
847405,3.5524180605887973e-07,3,2177,sum,tau2,0
196260,3.547219390204804e-07,2,2178,sum,tau2,0
819091,3.545351477864483e-07,1,2179,sum,tau2,0
452335,3.52407357091738e-07,1,2180,sum,tau2,0
261672,3.5227111824877103e-07,2,2181,sum,tau2,0
961997,3.514942522854887e-07,1,2182,sum,tau2,0
69030,3.513491391614256e-07,2,2183,sum,tau2,0
548963,3.5078235192795845e-07,1,2184,sum,tau2,0
527124,3.5078235192795845e-07,1,2185,sum,tau2,0
774405,3.5046634034230417e-07,1,2186,sum,tau2,0
376839,3.481939726578288e-07,1,2187,sum,tau2,0
658715,3.4798096195568897e-07,2,2188,sum,tau2,0
457709,3.4736522572208474e-07,1,2189,sum,tau2,0
716016,3.4723276836962517e-07,1,2190,sum,tau2,0
935290,3.4511686898599254e-07,6,2191,sum,tau2,0
777514,3.447320995063377e-07,1,2192,sum,tau2,0
953149,3.4446145153445526e-07,2,2193,sum,tau2,0
253787,3.440701591139575e-07,1,2194,sum,tau2,0
724238,3.436559865013151e-07,1,2195,sum,tau2,0
475396,3.4247996389363014e-07,1,2196,sum,tau2,0
58601,3.4220977182876547e-07,3,2197,sum,tau2,0
717089,3.411735825152002e-07,2,2198,sum,tau2,0
402790,3.405477905126348e-07,2,2199,sum,tau2,0
40246,3.3988903744927507e-07,1,2200,sum,tau2,0
87460,3.3950095798418486e-07,3,2201,sum,tau2,0
912051,3.389716526290566e-07,1,2202,sum,tau2,0
515078,3.3895243538225585e-07,1,2203,sum,tau2,0
37407,3.388858091965042e-07,1,2204,sum,tau2,0
48683,3.388858091965042e-07,1,2205,sum,tau2,0
939395,3.388858091965042e-07,1,2206,sum,tau2,0
303488,3.3826380385998524e-07,1,2207,sum,tau2,0
641628,3.3826380385998524e-07,1,2208,sum,tau2,0
765961,3.378730124544726e-07,2,2209,sum,tau2,0
170151,3.3786846554682836e-07,1,2210,sum,tau2,0
974798,3.376384580801097e-07,1,2211,sum,tau2,0
879987,3.372746566067081e-07,2,2212,sum,tau2,0
11933,3.3645773340577983e-07,3,2213,sum,tau2,0
5675,3.3629798681058524e-07,5,2214,sum,tau2,0
430964,3.3607086126279003e-07,1,2215,sum,tau2,0
874867,3.3606418295555426e-07,2,2216,sum,tau2,0
782374,3.358613053202542e-07,1,2217,sum,tau2,0
358410,3.3507620092655297e-07,2,2218,sum,tau2,0
444234,3.3507620092655297e-07,2,2219,sum,tau2,0
801357,3.3495045709654564e-07,1,2220,sum,tau2,0
230425,3.340863005390404e-07,1,2221,sum,tau2,0
439707,3.336233719401054e-07,1,2222,sum,tau2,0
601227,3.334153834166084e-07,2,2223,sum,tau2,0
482095,3.3341421961042236e-07,1,2224,sum,tau2,0
261671,3.3341421961042236e-07,1,2225,sum,tau2,0
684930,3.3341421961042236e-07,1,2226,sum,tau2,0
356938,3.3341421961042236e-07,1,2227,sum,tau2,0
624129,3.3335090560250666e-07,2,2228,sum,tau2,0
323240,3.326457013410848e-07,1,2229,sum,tau2,0
118660,3.322492189446067e-07,1,2230,sum,tau2,0
632632,3.320532565512907e-07,1,2231,sum,tau2,0
258271,3.320532565512907e-07,1,2232,sum,tau2,0
586150,3.320532565512907e-07,1,2233,sum,tau2,0
66371,3.320532565512907e-07,1,2234,sum,tau2,0
548667,3.31865693710444e-07,2,2235,sum,tau2,0
58612,3.3146328897797195e-07,2,2236,sum,tau2,0
711659,3.3132829534162395e-07,1,2237,sum,tau2,0
607606,3.310761919278924e-07,1,2238,sum,tau2,0
472245,3.309997842255932e-07,1,2239,sum,tau2,0
523403,3.2880036597508393e-07,1,2240,sum,tau2,0
134369,3.28600424979087e-07,3,2241,sum,tau2,0
50708,3.2855434378072566e-07,1,2242,sum,tau2,0
239593,3.2836548257580055e-07,1,2243,sum,tau2,0
483891,3.2830387309929885e-07,1,2244,sum,tau2,0
131779,3.281118424659456e-07,1,2245,sum,tau2,0
892888,3.280352506884452e-07,1,2246,sum,tau2,0
854380,3.2791263262041716e-07,6,2247,sum,tau2,0
7709,3.27714539551859e-07,4,2248,sum,tau2,0
527408,3.2648165216531347e-07,2,2249,sum,tau2,0
556463,3.263351603108189e-07,4,2250,sum,tau2,0
460287,3.2580165909395914e-07,1,2251,sum,tau2,0
684767,3.256784569037321e-07,1,2252,sum,tau2,0
828387,3.249928858445009e-07,1,2253,sum,tau2,0
678960,3.249928858445009e-07,1,2254,sum,tau2,0
235764,3.249928858445009e-07,1,2255,sum,tau2,0
211690,3.247159148613347e-07,1,2256,sum,tau2,0
145472,3.247159148613347e-07,1,2257,sum,tau2,0
993823,3.246979931166562e-07,3,2258,sum,tau2,0
575705,3.2437328234206243e-07,3,2259,sum,tau2,0
634672,3.241080016088214e-07,1,2260,sum,tau2,0
376801,3.241034014263618e-07,1,2261,sum,tau2,0
825492,3.238647907963022e-07,1,2262,sum,tau2,0
557897,3.2362655377018555e-07,3,2263,sum,tau2,0
17310,3.2358208596814027e-07,2,2264,sum,tau2,0
489408,3.230703712805235e-07,2,2265,sum,tau2,0
62951,3.230640663607315e-07,1,2266,sum,tau2,0
160219,3.2295654670539145e-07,1,2267,sum,tau2,0
903098,3.226792014928551e-07,2,2268,sum,tau2,0
824880,3.2219204049001787e-07,2,2269,sum,tau2,0
941958,3.218548966146906e-07,1,2270,sum,tau2,0
726751,3.2177484937611234e-07,1,2271,sum,tau2,0
810426,3.2177484937611234e-07,1,2272,sum,tau2,0
979446,3.2109372534363633e-07,1,2273,sum,tau2,0
547507,3.199852585526053e-07,2,2274,sum,tau2,0
563434,3.197111958515268e-07,1,2275,sum,tau2,0
29566,3.197111958515268e-07,1,2276,sum,tau2,0
867592,3.197111958515268e-07,1,2277,sum,tau2,0
898361,3.196150393102002e-07,2,2278,sum,tau2,0
6013,3.1909811819048256e-07,1,2279,sum,tau2,0
444108,3.1901551281322255e-07,1,2280,sum,tau2,0
476627,3.184286929899656e-07,1,2281,sum,tau2,0
447871,3.17775422393419e-07,2,2282,sum,tau2,0
516236,3.1610043587768084e-07,1,2283,sum,tau2,0
920819,3.1610043587768084e-07,1,2284,sum,tau2,0
378000,3.15827281226586e-07,1,2285,sum,tau2,0
625017,3.1448394781140125e-07,2,2286,sum,tau2,0
324079,3.1389876680393464e-07,4,2287,sum,tau2,0
773753,3.133674954299738e-07,3,2288,sum,tau2,0
600334,3.129994581525228e-07,1,2289,sum,tau2,0
180849,3.1175929109237863e-07,2,2290,sum,tau2,0
505606,3.105011519978848e-07,1,2291,sum,tau2,0
914700,3.1020578855965885e-07,1,2292,sum,tau2,0
512021,3.1020578855965885e-07,1,2293,sum,tau2,0
308403,3.0970782750009745e-07,1,2294,sum,tau2,0
509159,3.09537027689711e-07,1,2295,sum,tau2,0
814140,3.09537027689711e-07,1,2296,sum,tau2,0
143277,3.09537027689711e-07,1,2297,sum,tau2,0
637514,3.09428867069711e-07,2,2298,sum,tau2,0
157223,3.0916500764445946e-07,2,2299,sum,tau2,0
281085,3.090052155162887e-07,1,2300,sum,tau2,0
959694,3.066491953831828e-07,2,2301,sum,tau2,0
286591,3.0647039479213083e-07,1,2302,sum,tau2,0
700821,3.0647039479213083e-07,1,2303,sum,tau2,0
419800,3.0645339009149916e-07,1,2304,sum,tau2,0
660324,3.063320244489379e-07,1,2305,sum,tau2,0
105091,3.0581643525133824e-07,2,2306,sum,tau2,0
290723,3.0527506291379404e-07,1,2307,sum,tau2,0
157892,3.052314678197233e-07,1,2308,sum,tau2,0
259436,3.04747479392524e-07,1,2309,sum,tau2,0
743998,3.046989276686635e-07,1,2310,sum,tau2,0
122232,3.0438313442909145e-07,1,2311,sum,tau2,0
814914,3.0350345429738815e-07,2,2312,sum,tau2,0
738003,3.032764298824307e-07,1,2313,sum,tau2,0
852095,3.019590231199449e-07,1,2314,sum,tau2,0
604593,3.019590231199449e-07,1,2315,sum,tau2,0
68437,3.0172791588926135e-07,2,2316,sum,tau2,0
885305,3.0172791588926135e-07,2,2317,sum,tau2,0
833288,3.0159719594937024e-07,1,2318,sum,tau2,0
803679,3.01359016887611e-07,3,2319,sum,tau2,0
579973,3.0133161399116803e-07,2,2320,sum,tau2,0
383321,3.011703786379442e-07,1,2321,sum,tau2,0
975052,3.004682289212026e-07,2,2322,sum,tau2,0
461828,2.989351968546138e-07,2,2323,sum,tau2,0
712805,2.987107431798243e-07,1,2324,sum,tau2,0
499524,2.9839288982837626e-07,1,2325,sum,tau2,0
229653,2.9787249409289193e-07,2,2326,sum,tau2,0
410656,2.9745715754783293e-07,1,2327,sum,tau2,0
754640,2.9745715754783293e-07,1,2328,sum,tau2,0
374368,2.9745715754783293e-07,1,2329,sum,tau2,0
740707,2.9745715754783293e-07,1,2330,sum,tau2,0
757484,2.9745715754783293e-07,1,2331,sum,tau2,0
506495,2.9745715754783293e-07,1,2332,sum,tau2,0
360961,2.974019080994341e-07,1,2333,sum,tau2,0
285717,2.9717472434258495e-07,2,2334,sum,tau2,0
381484,2.965673457241133e-07,1,2335,sum,tau2,0
255988,2.965673457241133e-07,1,2336,sum,tau2,0
446073,2.965673457241133e-07,1,2337,sum,tau2,0
795014,2.965673457241133e-07,1,2338,sum,tau2,0
614918,2.963012262054876e-07,1,2339,sum,tau2,0
909979,2.962941640800276e-07,1,2340,sum,tau2,0
540801,2.962385724559487e-07,1,2341,sum,tau2,0
970490,2.9589767107175806e-07,1,2342,sum,tau2,0
430145,2.9532304633128063e-07,1,2343,sum,tau2,0
728882,2.9263391948422096e-07,1,2344,sum,tau2,0
427927,2.924681906095031e-07,1,2345,sum,tau2,0
644251,2.924681906095031e-07,1,2346,sum,tau2,0
339614,2.9246562866109264e-07,1,2347,sum,tau2,0
685459,2.913312681839874e-07,1,2348,sum,tau2,0
149088,2.9106277030639416e-07,2,2349,sum,tau2,0
166667,2.905453188044805e-07,1,2350,sum,tau2,0
21266,2.885152078455834e-07,1,2351,sum,tau2,0
823739,2.88185312881068e-07,1,2352,sum,tau2,0
682316,2.879628186698674e-07,2,2353,sum,tau2,0
289652,2.868335731887061e-07,1,2354,sum,tau2,0
962652,2.868335731887061e-07,1,2355,sum,tau2,0
74883,2.868335731887061e-07,1,2356,sum,tau2,0
46618,2.867180071127751e-07,1,2357,sum,tau2,0
681065,2.866376503350784e-07,3,2358,sum,tau2,0
565233,2.8663350885023985e-07,2,2359,sum,tau2,0
219825,2.8644933462155007e-07,2,2360,sum,tau2,0
118100,2.856719700703303e-07,3,2361,sum,tau2,0
96762,2.8501903587217705e-07,3,2362,sum,tau2,0
216605,2.849605683007375e-07,1,2363,sum,tau2,0
786013,2.842874976791108e-07,1,2364,sum,tau2,0
715370,2.842874976791108e-07,1,2365,sum,tau2,0
936435,2.8243603400000836e-07,2,2366,sum,tau2,0
140178,2.8186970429317786e-07,3,2367,sum,tau2,0
413533,2.8130623102336345e-07,1,2368,sum,tau2,0
882178,2.799835966454402e-07,3,2369,sum,tau2,0
107646,2.797816523320262e-07,1,2370,sum,tau2,0
526592,2.7946309384758223e-07,2,2371,sum,tau2,0
541803,2.791086446951856e-07,2,2372,sum,tau2,0
971740,2.7862394369916286e-07,1,2373,sum,tau2,0
715996,2.785961096673958e-07,2,2374,sum,tau2,0
925270,2.77619878374373e-07,1,2375,sum,tau2,0
420220,2.775449354837288e-07,1,2376,sum,tau2,0
674986,2.775449354837288e-07,1,2377,sum,tau2,0
914358,2.775449354837288e-07,1,2378,sum,tau2,0
49827,2.775449354837288e-07,1,2379,sum,tau2,0
417474,2.775449354837288e-07,1,2380,sum,tau2,0
972904,2.775449354837288e-07,1,2381,sum,tau2,0
260758,2.775449354837288e-07,1,2382,sum,tau2,0
724233,2.775449354837288e-07,1,2383,sum,tau2,0
969245,2.775449354837288e-07,1,2384,sum,tau2,0
591340,2.775449354837288e-07,1,2385,sum,tau2,0
467349,2.775449354837288e-07,1,2386,sum,tau2,0
766495,2.774949608770218e-07,2,2387,sum,tau2,0
534830,2.7725002368873387e-07,1,2388,sum,tau2,0
749842,2.7715870502042137e-07,1,2389,sum,tau2,0
797480,2.7682886032079527e-07,2,2390,sum,tau2,0
739257,2.760389005394222e-07,1,2391,sum,tau2,0
633169,2.760061945562092e-07,1,2392,sum,tau2,0
925993,2.7566781923853555e-07,1,2393,sum,tau2,0
979430,2.7502451770369963e-07,2,2394,sum,tau2,0
87457,2.737507766151974e-07,1,2395,sum,tau2,0
359795,2.7353575138288705e-07,1,2396,sum,tau2,0
714983,2.731814206869868e-07,2,2397,sum,tau2,0
921814,2.730792025056096e-07,1,2398,sum,tau2,0
173487,2.721508942514698e-07,1,2399,sum,tau2,0
432488,2.718053098886545e-07,1,2400,sum,tau2,0
476737,2.712851861709458e-07,1,2401,sum,tau2,0
430148,2.709731156493495e-07,1,2402,sum,tau2,0
265285,2.7094225294162316e-07,2,2403,sum,tau2,0
984953,2.6961172471630707e-07,1,2404,sum,tau2,0
752853,2.687261979402e-07,2,2405,sum,tau2,0
44894,2.684252092458277e-07,1,2406,sum,tau2,0
405117,2.6804964168956866e-07,2,2407,sum,tau2,0
595446,2.6767394292511056e-07,2,2408,sum,tau2,0
228795,2.6713263092865447e-07,3,2409,sum,tau2,0
806929,2.66969756097947e-07,1,2410,sum,tau2,0
520926,2.668864147067212e-07,1,2411,sum,tau2,0
970582,2.664278589133027e-07,2,2412,sum,tau2,0
839479,2.6573377861871816e-07,1,2413,sum,tau2,0
311931,2.652605314895732e-07,1,2414,sum,tau2,0
826489,2.652115575227785e-07,2,2415,sum,tau2,0
625897,2.641118570706877e-07,2,2416,sum,tau2,0
532077,2.639290502125413e-07,1,2417,sum,tau2,0
124849,2.639290502125413e-07,1,2418,sum,tau2,0
235465,2.637742721368168e-07,1,2419,sum,tau2,0
782164,2.6323775956054866e-07,1,2420,sum,tau2,0
621009,2.632332706567157e-07,1,2421,sum,tau2,0
109698,2.632332706567157e-07,1,2422,sum,tau2,0
218971,2.632332706567157e-07,1,2423,sum,tau2,0
692415,2.6302462430923106e-07,2,2424,sum,tau2,0
189721,2.6247272286449985e-07,1,2425,sum,tau2,0
908995,2.6156622995418506e-07,1,2426,sum,tau2,0
578884,2.61186155142991e-07,1,2427,sum,tau2,0
415571,2.603699689822537e-07,1,2428,sum,tau2,0
814870,2.600688635701147e-07,1,2429,sum,tau2,0
770921,2.5997208732598044e-07,1,2430,sum,tau2,0
704523,2.5934877905184325e-07,1,2431,sum,tau2,0
706702,2.591835233915426e-07,2,2432,sum,tau2,0
909198,2.5771341727759594e-07,1,2433,sum,tau2,0
58616,2.575199686235992e-07,1,2434,sum,tau2,0
552299,2.573469440397888e-07,1,2435,sum,tau2,0
197851,2.572496191539465e-07,2,2436,sum,tau2,0
220644,2.572048047338255e-07,3,2437,sum,tau2,0
660326,2.570671869393511e-07,1,2438,sum,tau2,0
428985,2.570064480172983e-07,3,2439,sum,tau2,0
452242,2.5694636339262055e-07,1,2440,sum,tau2,0
208315,2.5688547302438063e-07,3,2441,sum,tau2,0
570122,2.567061428141253e-07,4,2442,sum,tau2,0
440706,2.564669796258241e-07,1,2443,sum,tau2,0
451897,2.564511142555577e-07,1,2444,sum,tau2,0
436792,2.5640940829412565e-07,2,2445,sum,tau2,0
566396,2.5533350746779593e-07,2,2446,sum,tau2,0
817090,2.5404309786351057e-07,1,2447,sum,tau2,0
661490,2.5383363623693724e-07,2,2448,sum,tau2,0
506982,2.5377000190508486e-07,1,2449,sum,tau2,0
39859,2.5281604935916693e-07,1,2450,sum,tau2,0
732376,2.5281604935916693e-07,1,2451,sum,tau2,0
646421,2.5258690890209535e-07,1,2452,sum,tau2,0
338490,2.519473020908853e-07,1,2453,sum,tau2,0
377856,2.5018037595071853e-07,1,2454,sum,tau2,0
377963,2.478534880834775e-07,1,2455,sum,tau2,0
691528,2.4758503043134187e-07,1,2456,sum,tau2,0
729941,2.4758503043134187e-07,1,2457,sum,tau2,0
803256,2.4725033802049936e-07,2,2458,sum,tau2,0
106254,2.449407734448999e-07,2,2459,sum,tau2,0
969419,2.448503534008903e-07,2,2460,sum,tau2,0
337492,2.4464593824970594e-07,1,2461,sum,tau2,0
541068,2.443518554734423e-07,1,2462,sum,tau2,0
765981,2.4245456374672554e-07,1,2463,sum,tau2,0
549205,2.4106319884000397e-07,2,2464,sum,tau2,0
150940,2.404097088774164e-07,2,2465,sum,tau2,0
652925,2.402826872617796e-07,2,2466,sum,tau2,0
968973,2.39953913104671e-07,2,2467,sum,tau2,0
656667,2.395473626362305e-07,3,2468,sum,tau2,0
813260,2.3822887305830527e-07,2,2469,sum,tau2,0
347660,2.3634793558328322e-07,2,2470,sum,tau2,0
662565,2.3563621950072163e-07,2,2471,sum,tau2,0
400467,2.3525851367245235e-07,1,2472,sum,tau2,0
728891,2.3485916926247063e-07,1,2473,sum,tau2,0
344691,2.3485916926247063e-07,1,2474,sum,tau2,0
619566,2.3485916926247063e-07,1,2475,sum,tau2,0
419616,2.3485916926247063e-07,1,2476,sum,tau2,0
684729,2.3485916926247063e-07,1,2477,sum,tau2,0
323343,2.3485916926247063e-07,1,2478,sum,tau2,0
304022,2.3485916926247063e-07,1,2479,sum,tau2,0
662548,2.3457094187132648e-07,1,2480,sum,tau2,0
551139,2.3425551751319696e-07,1,2481,sum,tau2,0
381485,2.3414745317990904e-07,1,2482,sum,tau2,0
464139,2.3357861805403908e-07,2,2483,sum,tau2,0
159056,2.3264275442161894e-07,2,2484,sum,tau2,0
564593,2.309744677665206e-07,1,2485,sum,tau2,0
791545,2.3076530444582648e-07,2,2486,sum,tau2,0
297942,2.3064572055802753e-07,5,2487,sum,tau2,0
13091,2.3054217028469694e-07,1,2488,sum,tau2,0
769551,2.3026354535854446e-07,3,2489,sum,tau2,0
64043,2.29654769639474e-07,2,2490,sum,tau2,0
400229,2.2957482816294656e-07,1,2491,sum,tau2,0
716816,2.2913991958707136e-07,3,2492,sum,tau2,0
924814,2.2865590518077306e-07,1,2493,sum,tau2,0
96022,2.284727182679919e-07,2,2494,sum,tau2,0
957621,2.283265320049516e-07,1,2495,sum,tau2,0
157342,2.283265320049516e-07,1,2496,sum,tau2,0
538139,2.275852110494448e-07,2,2497,sum,tau2,0
456529,2.2736358092137068e-07,3,2498,sum,tau2,0
509306,2.273089984902047e-07,1,2499,sum,tau2,0
517442,2.273089984902047e-07,1,2500,sum,tau2,0
887106,2.273089984902047e-07,1,2501,sum,tau2,0
984420,2.273089984902047e-07,1,2502,sum,tau2,0
207057,2.2673657848271744e-07,1,2503,sum,tau2,0
791547,2.2673657848271744e-07,1,2504,sum,tau2,0
349338,2.2673657848271744e-07,1,2505,sum,tau2,0
119890,2.2635082722041284e-07,1,2506,sum,tau2,0
695614,2.262768252563894e-07,3,2507,sum,tau2,0
570120,2.2502759400094402e-07,1,2508,sum,tau2,0
202506,2.2449798422969058e-07,1,2509,sum,tau2,0
973093,2.238764745531265e-07,1,2510,sum,tau2,0
21960,2.238764745531265e-07,1,2511,sum,tau2,0
634312,2.238764745531265e-07,1,2512,sum,tau2,0
732283,2.226052055144065e-07,1,2513,sum,tau2,0
126007,2.1896215004483005e-07,2,2514,sum,tau2,0
160560,2.1743924571824874e-07,1,2515,sum,tau2,0
410701,2.1743924571824874e-07,1,2516,sum,tau2,0
792618,2.1560439608538805e-07,3,2517,sum,tau2,0
181586,2.1406228850462683e-07,1,2518,sum,tau2,0
104930,2.1365809288866825e-07,1,2519,sum,tau2,0
750970,2.1365809288866825e-07,1,2520,sum,tau2,0
626451,2.118215347665784e-07,1,2521,sum,tau2,0
676635,2.1179475406924564e-07,1,2522,sum,tau2,0
675472,2.110276924745042e-07,1,2523,sum,tau2,0
634314,2.1001607003565893e-07,1,2524,sum,tau2,0
835703,2.087111200055042e-07,1,2525,sum,tau2,0
580576,2.074960655910549e-07,1,2526,sum,tau2,0
78896,2.0461227519426393e-07,1,2527,sum,tau2,0
253521,2.042724550053647e-07,2,2528,sum,tau2,0
953065,2.0372734722483227e-07,1,2529,sum,tau2,0
517312,2.0372734722483227e-07,1,2530,sum,tau2,0
341936,2.0311382426162171e-07,1,2531,sum,tau2,0
186228,2.0310212170277376e-07,1,2532,sum,tau2,0
107253,1.9968084842680778e-07,2,2533,sum,tau2,0
474838,1.994438525001098e-07,1,2534,sum,tau2,0
273581,1.9850993491161968e-07,1,2535,sum,tau2,0
471637,1.9850993491161968e-07,1,2536,sum,tau2,0
267731,1.9850993491161968e-07,1,2537,sum,tau2,0
547814,1.9832487164136946e-07,2,2538,sum,tau2,0
471976,1.9823931637874164e-07,1,2539,sum,tau2,0
366503,1.9795991812793136e-07,2,2540,sum,tau2,0
644062,1.9721501251586943e-07,1,2541,sum,tau2,0
764818,1.9719373368771372e-07,4,2542,sum,tau2,0
499001,1.9672499402997167e-07,1,2543,sum,tau2,0
601797,1.9573709953193533e-07,3,2544,sum,tau2,0
259441,1.9426285129286454e-07,1,2545,sum,tau2,0
347790,1.923912184329306e-07,1,2546,sum,tau2,0
346501,1.923912184329306e-07,1,2547,sum,tau2,0
960312,1.9177145176270153e-07,1,2548,sum,tau2,0
167827,1.9127013759400122e-07,3,2549,sum,tau2,0
696176,1.8975453962536166e-07,1,2550,sum,tau2,0
398914,1.8975453962536166e-07,1,2551,sum,tau2,0
51265,1.8927312352623947e-07,1,2552,sum,tau2,0
383810,1.8926005012358434e-07,1,2553,sum,tau2,0
247822,1.8796005829092405e-07,1,2554,sum,tau2,0
63061,1.8787305240667135e-07,1,2555,sum,tau2,0
117222,1.8787305240667135e-07,1,2556,sum,tau2,0
561126,1.8771898258190047e-07,2,2557,sum,tau2,0
867057,1.8462045371734174e-07,1,2558,sum,tau2,0
396981,1.841480207648601e-07,2,2559,sum,tau2,0
626452,1.8299291987780872e-07,2,2560,sum,tau2,0
123393,1.8275464844154474e-07,2,2561,sum,tau2,0
480215,1.826124957781807e-07,1,2562,sum,tau2,0
494074,1.803572766952155e-07,1,2563,sum,tau2,0
796104,1.8031272605565588e-07,2,2564,sum,tau2,0
482107,1.7939777006086187e-07,2,2565,sum,tau2,0
235228,1.787471697958263e-07,3,2566,sum,tau2,0
209673,1.7828202260291938e-07,3,2567,sum,tau2,0
174438,1.775740118337487e-07,2,2568,sum,tau2,0
185107,1.7742980374752028e-07,2,2569,sum,tau2,0
473067,1.774069242422689e-07,1,2570,sum,tau2,0
50191,1.7724132845718608e-07,1,2571,sum,tau2,0
344694,1.7590107128424634e-07,1,2572,sum,tau2,0
968458,1.7517534523280956e-07,1,2573,sum,tau2,0
221519,1.750779609217181e-07,1,2574,sum,tau2,0
358245,1.7436709326765567e-07,1,2575,sum,tau2,0
548341,1.743423708577755e-07,1,2576,sum,tau2,0
606442,1.743423708577755e-07,1,2577,sum,tau2,0
703525,1.742615412614903e-07,2,2578,sum,tau2,0
186057,1.741149591693206e-07,2,2579,sum,tau2,0
936796,1.7312358502557728e-07,2,2580,sum,tau2,0
265408,1.7290754702902861e-07,2,2581,sum,tau2,0
57245,1.727498709539189e-07,1,2582,sum,tau2,0
31876,1.7271999891054977e-07,1,2583,sum,tau2,0
637276,1.7242445730752188e-07,3,2584,sum,tau2,0
917329,1.7123460647952625e-07,1,2585,sum,tau2,0
33561,1.7096789353312802e-07,1,2586,sum,tau2,0
727619,1.707349812181153e-07,1,2587,sum,tau2,0
407017,1.6967045918475086e-07,1,2588,sum,tau2,0
371030,1.6943232049501818e-07,1,2589,sum,tau2,0
310475,1.6943232049501818e-07,1,2590,sum,tau2,0
911521,1.6943232049501818e-07,1,2591,sum,tau2,0
650600,1.6903193302562393e-07,3,2592,sum,tau2,0
918201,1.6811428732116747e-07,1,2593,sum,tau2,0
736288,1.6799901066988938e-07,1,2594,sum,tau2,0
514115,1.6618462465248588e-07,1,2595,sum,tau2,0
953881,1.6492063118140678e-07,1,2596,sum,tau2,0
961488,1.6476988210466258e-07,2,2597,sum,tau2,0
728708,1.6469646331035342e-07,1,2598,sum,tau2,0
847235,1.6380163773706023e-07,2,2599,sum,tau2,0
174182,1.6378522566350524e-07,1,2600,sum,tau2,0
254785,1.6361746350837045e-07,2,2601,sum,tau2,0
905515,1.6344505037236502e-07,1,2602,sum,tau2,0
494053,1.6321132285190505e-07,1,2603,sum,tau2,0
394141,1.6321132285190505e-07,1,2604,sum,tau2,0
516953,1.6309795344556536e-07,2,2605,sum,tau2,0
524566,1.6236895288861612e-07,1,2606,sum,tau2,0
513464,1.620000694414474e-07,2,2607,sum,tau2,0
182945,1.6156055023641056e-07,1,2608,sum,tau2,0
802807,1.5939049633768218e-07,2,2609,sum,tau2,0
136264,1.5863870576103016e-07,4,2610,sum,tau2,0
907387,1.580379613712805e-07,1,2611,sum,tau2,0
28205,1.580379613712805e-07,1,2612,sum,tau2,0
954314,1.575881114560714e-07,1,2613,sum,tau2,0
860622,1.574610555514534e-07,1,2614,sum,tau2,0
919451,1.5728152128333805e-07,2,2615,sum,tau2,0
364024,1.5656039837173214e-07,1,2616,sum,tau2,0
303794,1.559240134333254e-07,3,2617,sum,tau2,0
977741,1.5569368828446987e-07,4,2618,sum,tau2,0
905670,1.5531447667792368e-07,1,2619,sum,tau2,0
951255,1.544804512659913e-07,1,2620,sum,tau2,0
793954,1.5403641105633796e-07,1,2621,sum,tau2,0
126008,1.5398823256990265e-07,1,2622,sum,tau2,0
171022,1.5398823256990265e-07,1,2623,sum,tau2,0
317431,1.5373796239341315e-07,2,2624,sum,tau2,0
937616,1.5032425718264073e-07,1,2625,sum,tau2,0
885756,1.4945853896893058e-07,1,2626,sum,tau2,0
549762,1.493049793074221e-07,1,2627,sum,tau2,0
338457,1.4868982518831736e-07,1,2628,sum,tau2,0
909154,1.4868982518831736e-07,1,2629,sum,tau2,0
870218,1.4868982518831736e-07,1,2630,sum,tau2,0
521315,1.4868982518831736e-07,1,2631,sum,tau2,0
950650,1.4868982518831736e-07,1,2632,sum,tau2,0
509458,1.4852511510204998e-07,2,2633,sum,tau2,0
511594,1.480027294191795e-07,2,2634,sum,tau2,0
335954,1.4798166430942532e-07,1,2635,sum,tau2,0
386286,1.477621481894361e-07,1,2636,sum,tau2,0
650944,1.4767048182495188e-07,2,2637,sum,tau2,0
261951,1.4765147098003942e-07,2,2638,sum,tau2,0
949560,1.4761260927489993e-07,1,2639,sum,tau2,0
827207,1.474960978360979e-07,3,2640,sum,tau2,0
862429,1.46839110988281e-07,1,2641,sum,tau2,0
514344,1.4659384235505983e-07,1,2642,sum,tau2,0
674313,1.4630972309055141e-07,2,2643,sum,tau2,0
498077,1.4477342614314026e-07,2,2644,sum,tau2,0
388850,1.438405397393077e-07,1,2645,sum,tau2,0
951031,1.4364725882962772e-07,1,2646,sum,tau2,0
956839,1.4364725882962772e-07,1,2647,sum,tau2,0
789514,1.435895164938368e-07,1,2648,sum,tau2,0
765336,1.432336849654962e-07,1,2649,sum,tau2,0
975270,1.426907545912634e-07,2,2650,sum,tau2,0
795309,1.4191835637384067e-07,1,2651,sum,tau2,0
97186,1.409531287484017e-07,1,2652,sum,tau2,0
498847,1.4095037409995974e-07,1,2653,sum,tau2,0
346778,1.4087108607227032e-07,1,2654,sum,tau2,0
119266,1.3963998493864368e-07,2,2655,sum,tau2,0
828729,1.3963998493864368e-07,2,2656,sum,tau2,0
606140,1.387308021734136e-07,1,2657,sum,tau2,0
699660,1.385150313840928e-07,1,2658,sum,tau2,0
676147,1.38228783718584e-07,4,2659,sum,tau2,0
318610,1.3763766811508678e-07,1,2660,sum,tau2,0
596576,1.3704885328867142e-07,3,2661,sum,tau2,0
253631,1.3643536320779686e-07,2,2662,sum,tau2,0
260602,1.3638591605056398e-07,2,2663,sum,tau2,0
624312,1.3507718232855033e-07,1,2664,sum,tau2,0
398447,1.3492458253474407e-07,2,2665,sum,tau2,0
810955,1.3480949612494048e-07,1,2666,sum,tau2,0
123306,1.3480949612494048e-07,1,2667,sum,tau2,0
915236,1.3402843698567385e-07,1,2668,sum,tau2,0
909980,1.3393968690947354e-07,1,2669,sum,tau2,0
860923,1.3390223020754254e-07,3,2670,sum,tau2,0
781903,1.337604837262216e-07,2,2671,sum,tau2,0
611953,1.3375109126440303e-07,1,2672,sum,tau2,0
746353,1.3193584897406894e-07,1,2673,sum,tau2,0
243372,1.319037460517809e-07,1,2674,sum,tau2,0
147889,1.308190043550635e-07,1,2675,sum,tau2,0
884630,1.305397523200634e-07,1,2676,sum,tau2,0
697712,1.305397523200634e-07,1,2677,sum,tau2,0
648603,1.305397523200634e-07,1,2678,sum,tau2,0
92838,1.295861018105367e-07,1,2679,sum,tau2,0
721823,1.2878006979214363e-07,4,2680,sum,tau2,0
662657,1.2841167833843063e-07,1,2681,sum,tau2,0
161829,1.281441503434009e-07,1,2682,sum,tau2,0
144226,1.281441503434009e-07,1,2683,sum,tau2,0
599902,1.2802394117219762e-07,2,2684,sum,tau2,0
554477,1.2802394117219762e-07,2,2685,sum,tau2,0
472274,1.2802394117219762e-07,2,2686,sum,tau2,0
200212,1.2790591078082467e-07,2,2687,sum,tau2,0
56817,1.2762767706829717e-07,1,2688,sum,tau2,0
414022,1.264211227880147e-07,2,2689,sum,tau2,0
694741,1.258713808410422e-07,3,2690,sum,tau2,0
247976,1.2585319872613624e-07,3,2691,sum,tau2,0
685893,1.257300546257655e-07,1,2692,sum,tau2,0
276416,1.2563022145451714e-07,1,2693,sum,tau2,0
670792,1.251819158746932e-07,1,2694,sum,tau2,0
222443,1.2501672049360806e-07,1,2695,sum,tau2,0
614575,1.2501672049360806e-07,1,2696,sum,tau2,0
406560,1.2491973833139702e-07,1,2697,sum,tau2,0
697511,1.2491973833139702e-07,1,2698,sum,tau2,0
176505,1.2491973833139702e-07,1,2699,sum,tau2,0
434168,1.2491973833139702e-07,1,2700,sum,tau2,0
193391,1.2491973833139702e-07,1,2701,sum,tau2,0
410689,1.2491973833139702e-07,1,2702,sum,tau2,0
45451,1.2481855960310743e-07,1,2703,sum,tau2,0
374384,1.2410065505154135e-07,2,2704,sum,tau2,0
534743,1.2298180060643782e-07,2,2705,sum,tau2,0
589357,1.22721911654225e-07,1,2706,sum,tau2,0
859760,1.2271952956817847e-07,1,2707,sum,tau2,0
894875,1.225073176271315e-07,1,2708,sum,tau2,0
561559,1.2248773455079203e-07,1,2709,sum,tau2,0
849284,1.2242771450203898e-07,1,2710,sum,tau2,0
390750,1.2141308058385235e-07,1,2711,sum,tau2,0
709859,1.2093715221161653e-07,1,2712,sum,tau2,0
988008,1.2051333494141834e-07,2,2713,sum,tau2,0
469796,1.2046681215854333e-07,2,2714,sum,tau2,0
818269,1.200413482926955e-07,2,2715,sum,tau2,0
480947,1.193196623096468e-07,2,2716,sum,tau2,0
683569,1.1902456862060576e-07,1,2717,sum,tau2,0
363928,1.1902456862060576e-07,1,2718,sum,tau2,0
174504,1.1902456862060576e-07,1,2719,sum,tau2,0
469761,1.1902456862060576e-07,1,2720,sum,tau2,0
194363,1.1902456862060576e-07,1,2721,sum,tau2,0
301462,1.1902456862060576e-07,1,2722,sum,tau2,0
210795,1.178703548208485e-07,1,2723,sum,tau2,0
711494,1.1783039761562397e-07,1,2724,sum,tau2,0
629942,1.162567434563826e-07,1,2725,sum,tau2,0
528573,1.1606211406862304e-07,1,2726,sum,tau2,0
921977,1.1601043939875517e-07,2,2727,sum,tau2,0
725226,1.1580554601481087e-07,1,2728,sum,tau2,0
759524,1.1470494241640383e-07,2,2729,sum,tau2,0
985255,1.1454477489301155e-07,4,2730,sum,tau2,0
882307,1.1405407497003321e-07,2,2731,sum,tau2,0
597578,1.1355757629022009e-07,1,2732,sum,tau2,0
249017,1.1347517855026965e-07,2,2733,sum,tau2,0
581472,1.1333252397176202e-07,1,2734,sum,tau2,0
482438,1.1279153598751291e-07,1,2735,sum,tau2,0
356043,1.1261149762900278e-07,2,2736,sum,tau2,0
783704,1.1235654200988379e-07,1,2737,sum,tau2,0
883620,1.1140411162490132e-07,1,2738,sum,tau2,0
776096,1.1122759127482224e-07,1,2739,sum,tau2,0
914701,1.1095329391003117e-07,1,2740,sum,tau2,0
23553,1.1082396159848248e-07,1,2741,sum,tau2,0
361699,1.0949566061885273e-07,2,2742,sum,tau2,0
337328,1.09160462964837e-07,1,2743,sum,tau2,0
349113,1.088503415183929e-07,1,2744,sum,tau2,0
267140,1.0775192145768429e-07,1,2745,sum,tau2,0
699731,1.0763898728037975e-07,1,2746,sum,tau2,0
66973,1.0763898728037975e-07,1,2747,sum,tau2,0
158238,1.0763898728037975e-07,1,2748,sum,tau2,0
679647,1.0763898728037975e-07,1,2749,sum,tau2,0
946182,1.0763898728037975e-07,1,2750,sum,tau2,0
216011,1.0763898728037975e-07,1,2751,sum,tau2,0
949669,1.0699039463564859e-07,1,2752,sum,tau2,0
185109,1.0686808138440543e-07,2,2753,sum,tau2,0
340343,1.0597321995060248e-07,1,2754,sum,tau2,0
995187,1.0584777496453105e-07,1,2755,sum,tau2,0
332214,1.0584777496453105e-07,1,2756,sum,tau2,0
251212,1.0476686493205889e-07,1,2757,sum,tau2,0
264085,1.0464044924743941e-07,2,2758,sum,tau2,0
683389,1.0338918405940953e-07,1,2759,sum,tau2,0
801917,1.0336354085931685e-07,1,2760,sum,tau2,0
195954,1.0336354085931685e-07,1,2761,sum,tau2,0
30728,1.0336354085931685e-07,1,2762,sum,tau2,0
482434,1.0336354085931685e-07,1,2763,sum,tau2,0
935912,1.0261989021227126e-07,2,2764,sum,tau2,0
610187,1.0256712837177195e-07,2,2765,sum,tau2,0
742871,1.0256712837177195e-07,2,2766,sum,tau2,0
961486,1.0256712837177195e-07,2,2767,sum,tau2,0
885664,1.0256712837177195e-07,2,2768,sum,tau2,0
459303,1.0256712837177195e-07,2,2769,sum,tau2,0
322191,1.025655916497768e-07,2,2770,sum,tau2,0
3800,1.0254348262934034e-07,4,2771,sum,tau2,0
401912,1.0248275138987823e-07,1,2772,sum,tau2,0
868234,1.0233860464246133e-07,1,2773,sum,tau2,0
866205,1.0160575430075972e-07,2,2774,sum,tau2,0
837666,1.0113112389145869e-07,1,2775,sum,tau2,0
10775,1.0068942676120864e-07,1,2776,sum,tau2,0
742991,1.0031034912595856e-07,1,2777,sum,tau2,0
414698,1.00119058070078e-07,1,2778,sum,tau2,0
260792,9.981778943150768e-08,2,2779,sum,tau2,0
697673,9.974752134962849e-08,2,2780,sum,tau2,0
429096,9.967090612441124e-08,1,2781,sum,tau2,0
751122,9.922365428849612e-08,1,2782,sum,tau2,0
850791,9.911848597531136e-08,1,2783,sum,tau2,0
228065,9.859686684385686e-08,2,2784,sum,tau2,0
571012,9.859686684385686e-08,2,2785,sum,tau2,0
805573,9.859686684385686e-08,2,2786,sum,tau2,0
340968,9.859686684385686e-08,2,2787,sum,tau2,0
543004,9.859686684385686e-08,2,2788,sum,tau2,0
529732,9.859686684385686e-08,2,2789,sum,tau2,0
207574,9.859686684385686e-08,2,2790,sum,tau2,0
991926,9.859686684385686e-08,2,2791,sum,tau2,0
136157,9.859686684385686e-08,2,2792,sum,tau2,0
712807,9.859686684385686e-08,2,2793,sum,tau2,0
112850,9.859686684385686e-08,2,2794,sum,tau2,0
93098,9.859686684385686e-08,2,2795,sum,tau2,0
774933,9.859686684385686e-08,2,2796,sum,tau2,0
603298,9.859686684385686e-08,2,2797,sum,tau2,0
805616,9.843762689248485e-08,1,2798,sum,tau2,0
904345,9.842686554451443e-08,2,2799,sum,tau2,0
520797,9.760045454548078e-08,1,2800,sum,tau2,0
313878,9.669706727367919e-08,1,2801,sum,tau2,0
115349,9.664353227805945e-08,1,2802,sum,tau2,0
137336,9.664353227805945e-08,1,2803,sum,tau2,0
956830,9.664353227805945e-08,1,2804,sum,tau2,0
73557,9.664353227805945e-08,1,2805,sum,tau2,0
862515,9.664353227805945e-08,1,2806,sum,tau2,0
784229,9.664353227805945e-08,1,2807,sum,tau2,0
349965,9.664353227805945e-08,1,2808,sum,tau2,0
946381,9.640165924612284e-08,2,2809,sum,tau2,0
733444,9.640165924612284e-08,2,2810,sum,tau2,0
425516,9.627642563634017e-08,1,2811,sum,tau2,0
379326,9.627642563634017e-08,1,2812,sum,tau2,0
807167,9.560487905814795e-08,1,2813,sum,tau2,0
783067,9.484250746621851e-08,1,2814,sum,tau2,0
303143,9.484250746621851e-08,1,2815,sum,tau2,0
304652,9.462660531594177e-08,2,2816,sum,tau2,0
783701,9.462660531594177e-08,2,2817,sum,tau2,0
532334,9.462660531594177e-08,2,2818,sum,tau2,0
218681,9.462660531594177e-08,2,2819,sum,tau2,0
465826,9.444103539423301e-08,2,2820,sum,tau2,0
681137,9.435551294656393e-08,1,2821,sum,tau2,0
938245,9.424487423874002e-08,1,2822,sum,tau2,0
228493,9.394162371916056e-08,3,2823,sum,tau2,0
877170,9.394162371916056e-08,3,2824,sum,tau2,0
224739,9.310783612376437e-08,1,2825,sum,tau2,0
315122,9.287060091316722e-08,2,2826,sum,tau2,0
17738,9.255174771827915e-08,2,2827,sum,tau2,0
209674,9.255174771827915e-08,2,2828,sum,tau2,0
652087,9.255174771827915e-08,2,2829,sum,tau2,0
789511,9.243139771820775e-08,2,2830,sum,tau2,0
980952,9.226868316965819e-08,2,2831,sum,tau2,0
560399,9.202682822659417e-08,1,2832,sum,tau2,0
311296,9.150275837724347e-08,1,2833,sum,tau2,0
318266,9.150275837724347e-08,1,2834,sum,tau2,0
746207,9.105509148798323e-08,1,2835,sum,tau2,0
208349,9.09561316539533e-08,1,2836,sum,tau2,0
47994,9.010509016687168e-08,2,2837,sum,tau2,0
536155,8.992091593818188e-08,2,2838,sum,tau2,0
809066,8.992091593818188e-08,2,2839,sum,tau2,0
262189,8.983717070337601e-08,1,2840,sum,tau2,0
423277,8.843214961736931e-08,1,2841,sum,tau2,0
614835,8.843214961736931e-08,1,2842,sum,tau2,0
530076,8.843214961736931e-08,1,2843,sum,tau2,0
855585,8.838804310602677e-08,1,2844,sum,tau2,0
166371,8.814029120959509e-08,1,2845,sum,tau2,0
955667,8.743827120223036e-08,1,2846,sum,tau2,0
961178,8.635542500085447e-08,1,2847,sum,tau2,0
238949,8.587528261657215e-08,1,2848,sum,tau2,0
7322,8.550550372994125e-08,1,2849,sum,tau2,0
231738,8.550550372994125e-08,1,2850,sum,tau2,0
407437,8.550550372994125e-08,1,2851,sum,tau2,0
123479,8.513431231257347e-08,1,2852,sum,tau2,0
184983,8.513431231257347e-08,1,2853,sum,tau2,0
867589,8.50378370426863e-08,1,2854,sum,tau2,0
226468,8.486647873324046e-08,2,2855,sum,tau2,0
997201,8.480322705477898e-08,1,2856,sum,tau2,0
726763,8.454623602415605e-08,2,2857,sum,tau2,0
975141,8.443385043188635e-08,1,2858,sum,tau2,0
245042,8.428650895173676e-08,1,2859,sum,tau2,0
540843,8.42143969498501e-08,1,2860,sum,tau2,0
776424,8.349467253144031e-08,1,2861,sum,tau2,0
457691,8.349467253144031e-08,1,2862,sum,tau2,0
470186,8.31935381837381e-08,1,2863,sum,tau2,0
948695,8.306747499923234e-08,2,2864,sum,tau2,0
605539,8.303620372746934e-08,1,2865,sum,tau2,0
391473,8.245319521364168e-08,1,2866,sum,tau2,0
484776,8.221340558859376e-08,1,2867,sum,tau2,0
501030,8.194706882237293e-08,2,2868,sum,tau2,0
489551,8.176289459368313e-08,2,2869,sum,tau2,0
851095,8.096736514714995e-08,1,2870,sum,tau2,0
484871,8.09589009177671e-08,1,2871,sum,tau2,0
291799,8.027412827287056e-08,1,2872,sum,tau2,0
392976,8.027412827287056e-08,1,2873,sum,tau2,0
666136,8.027412827287056e-08,1,2874,sum,tau2,0
734520,8.027412827287056e-08,1,2875,sum,tau2,0
163195,8.027412827287056e-08,1,2876,sum,tau2,0
767230,8.027412827287056e-08,1,2877,sum,tau2,0
807168,8.016590056537153e-08,3,2878,sum,tau2,0
140913,7.932580362013034e-08,1,2879,sum,tau2,0
468600,7.898726911409257e-08,1,2880,sum,tau2,0
145129,7.898726911409257e-08,1,2881,sum,tau2,0
909034,7.872673698871109e-08,1,2882,sum,tau2,0
945017,7.823373328472038e-08,2,2883,sum,tau2,0
866160,7.796867533680231e-08,1,2884,sum,tau2,0
595294,7.756447398781111e-08,1,2885,sum,tau2,0
357757,7.756447398781111e-08,1,2886,sum,tau2,0
548689,7.733107739972404e-08,1,2887,sum,tau2,0
319415,7.68337961472821e-08,1,2888,sum,tau2,0
37387,7.68337961472821e-08,1,2889,sum,tau2,0
72514,7.676812032773542e-08,1,2890,sum,tau2,0
389491,7.674037698631165e-08,1,2891,sum,tau2,0
670978,7.674037698631165e-08,1,2892,sum,tau2,0
748533,7.674037698631165e-08,1,2893,sum,tau2,0
882428,7.674037698631165e-08,1,2894,sum,tau2,0
77430,7.674037698631165e-08,1,2895,sum,tau2,0
893887,7.674037698631165e-08,1,2896,sum,tau2,0
189630,7.674037698631165e-08,1,2897,sum,tau2,0
966922,7.674037698631165e-08,1,2898,sum,tau2,0
664243,7.674037698631165e-08,1,2899,sum,tau2,0
314091,7.674037698631165e-08,1,2900,sum,tau2,0
979882,7.674037698631165e-08,1,2901,sum,tau2,0
351144,7.674037698631165e-08,1,2902,sum,tau2,0
329068,7.674037698631165e-08,1,2903,sum,tau2,0
763570,7.674037698631165e-08,1,2904,sum,tau2,0
280513,7.674037698631165e-08,1,2905,sum,tau2,0
463987,7.674037698631165e-08,1,2906,sum,tau2,0
31512,7.674037698631165e-08,1,2907,sum,tau2,0
861543,7.674037698631165e-08,1,2908,sum,tau2,0
306649,7.674037698631165e-08,1,2909,sum,tau2,0
45455,7.674037698631165e-08,1,2910,sum,tau2,0
155045,7.674037698631165e-08,1,2911,sum,tau2,0
350805,7.674037698631165e-08,1,2912,sum,tau2,0
425601,7.674037698631165e-08,1,2913,sum,tau2,0
948932,7.647058211414877e-08,1,2914,sum,tau2,0
774099,7.641560806602912e-08,1,2915,sum,tau2,0
192769,7.617481077910951e-08,1,2916,sum,tau2,0
464679,7.543545357424346e-08,4,2917,sum,tau2,0
1000619,7.542969012007488e-08,1,2918,sum,tau2,0
454854,7.535363927617143e-08,1,2919,sum,tau2,0
143064,7.489114592412781e-08,1,2920,sum,tau2,0
126968,7.434081781698958e-08,2,2921,sum,tau2,0
868327,7.321556477606037e-08,2,2922,sum,tau2,0
294297,7.321556477606037e-08,2,2923,sum,tau2,0
256111,7.321556477606037e-08,2,2924,sum,tau2,0
855731,7.261574738167281e-08,1,2925,sum,tau2,0
285006,7.255491959880417e-08,1,2926,sum,tau2,0
379035,7.250903637396463e-08,1,2927,sum,tau2,0
895049,7.229826236845809e-08,1,2928,sum,tau2,0
605625,7.227374670392853e-08,2,2929,sum,tau2,0
380444,7.21783781719019e-08,2,2930,sum,tau2,0
891992,7.21701793267738e-08,1,2931,sum,tau2,0
947534,7.156535570436766e-08,1,2932,sum,tau2,0
156448,7.154335591846149e-08,1,2933,sum,tau2,0
50319,7.153419620404536e-08,2,2934,sum,tau2,0
459124,7.133243167912835e-08,1,2935,sum,tau2,0
562911,7.092030060426594e-08,1,2936,sum,tau2,0
653544,7.085097643874955e-08,1,2937,sum,tau2,0
946891,7.082720955122942e-08,2,2938,sum,tau2,0
851954,7.078498038311596e-08,1,2939,sum,tau2,0
73721,7.078498038311596e-08,1,2940,sum,tau2,0
683570,7.078498038311596e-08,1,2941,sum,tau2,0
332470,7.078498038311596e-08,1,2942,sum,tau2,0
969423,7.078498038311596e-08,1,2943,sum,tau2,0
252292,7.078498038311596e-08,1,2944,sum,tau2,0
475730,7.078498038311596e-08,1,2945,sum,tau2,0
120425,7.078498038311596e-08,1,2946,sum,tau2,0
181775,7.071346708717464e-08,1,2947,sum,tau2,0
311886,7.064303532253963e-08,2,2948,sum,tau2,0
687767,7.023953157174785e-08,1,2949,sum,tau2,0
504779,7.020754856720364e-08,1,2950,sum,tau2,0
3834,7.017036637578187e-08,1,2951,sum,tau2,0
309225,7.005829114003555e-08,1,2952,sum,tau2,0
752162,7.00549654158723e-08,1,2953,sum,tau2,0
942604,6.966889439792574e-08,1,2954,sum,tau2,0
655721,6.915426900172706e-08,1,2955,sum,tau2,0
696779,6.915426900172706e-08,1,2956,sum,tau2,0
135295,6.915426900172706e-08,1,2957,sum,tau2,0
905401,6.915426900172706e-08,1,2958,sum,tau2,0
173018,6.915426900172706e-08,1,2959,sum,tau2,0
763949,6.915426900172706e-08,1,2960,sum,tau2,0
561467,6.915426900172706e-08,1,2961,sum,tau2,0
319774,6.915426900172706e-08,1,2962,sum,tau2,0
905550,6.915426900172706e-08,1,2963,sum,tau2,0
665176,6.915426900172706e-08,1,2964,sum,tau2,0
822834,6.915426900172706e-08,1,2965,sum,tau2,0
756326,6.915426900172706e-08,1,2966,sum,tau2,0
383036,6.915426900172706e-08,1,2967,sum,tau2,0
277926,6.915426900172706e-08,1,2968,sum,tau2,0
817234,6.915426900172706e-08,1,2969,sum,tau2,0
661312,6.915426900172706e-08,1,2970,sum,tau2,0
73431,6.915426900172706e-08,1,2971,sum,tau2,0
174811,6.915426900172706e-08,1,2972,sum,tau2,0
549851,6.915426900172706e-08,1,2973,sum,tau2,0
700823,6.915426900172706e-08,1,2974,sum,tau2,0
728711,6.915426900172706e-08,1,2975,sum,tau2,0
395285,6.915426900172706e-08,1,2976,sum,tau2,0
720016,6.915426900172706e-08,1,2977,sum,tau2,0
628950,6.915426900172706e-08,1,2978,sum,tau2,0
909195,6.915426900172706e-08,1,2979,sum,tau2,0
46798,6.915426900172706e-08,1,2980,sum,tau2,0
829550,6.915426900172706e-08,1,2981,sum,tau2,0
373502,6.915426900172706e-08,1,2982,sum,tau2,0
527430,6.915426900172706e-08,1,2983,sum,tau2,0
259333,6.915426900172706e-08,1,2984,sum,tau2,0
962608,6.915426900172706e-08,1,2985,sum,tau2,0
496488,6.915426900172706e-08,1,2986,sum,tau2,0
411481,6.915426900172706e-08,1,2987,sum,tau2,0
677582,6.915426900172706e-08,1,2988,sum,tau2,0
729088,6.899575863222787e-08,1,2989,sum,tau2,0
680811,6.841537790151522e-08,1,2990,sum,tau2,0
268646,6.719736139115941e-08,1,2991,sum,tau2,0
928950,6.719391170947839e-08,1,2992,sum,tau2,0
236386,6.719391170947839e-08,1,2993,sum,tau2,0
526886,6.633436065750729e-08,1,2994,sum,tau2,0
833287,6.532409062032327e-08,1,2995,sum,tau2,0
324401,6.525115384587405e-08,4,2996,sum,tau2,0
507133,6.477235651041544e-08,2,2997,sum,tau2,0
951557,6.461940425078341e-08,1,2998,sum,tau2,0
774406,6.417363553066637e-08,1,2999,sum,tau2,0
129206,6.382391183218079e-08,2,3000,sum,tau2,0
811390,6.371817936129095e-08,1,3001,sum,tau2,0
35084,6.358789403902941e-08,1,3002,sum,tau2,0
786537,6.354342330132211e-08,1,3003,sum,tau2,0
403074,6.354342330132211e-08,1,3004,sum,tau2,0
625893,6.354342330132211e-08,1,3005,sum,tau2,0
303505,6.337162515334884e-08,1,3006,sum,tau2,0
226903,6.32971886728295e-08,1,3007,sum,tau2,0
259008,6.309941596091307e-08,1,3008,sum,tau2,0
75108,6.288908502805351e-08,1,3009,sum,tau2,0
810958,6.251996689245921e-08,1,3010,sum,tau2,0
975940,6.236694400784887e-08,1,3011,sum,tau2,0
428641,6.208944697555912e-08,2,3012,sum,tau2,0
269789,6.200027575500318e-08,2,3013,sum,tau2,0
235767,6.119143934971762e-08,1,3014,sum,tau2,0
207145,6.078100166891408e-08,1,3015,sum,tau2,0
26950,6.060068065474655e-08,1,3016,sum,tau2,0
643099,6.060068065474655e-08,1,3017,sum,tau2,0
833656,6.060068065474655e-08,1,3018,sum,tau2,0
275906,6.060068065474655e-08,1,3019,sum,tau2,0
463948,6.051150943419061e-08,1,3020,sum,tau2,0
927480,6.012101697260834e-08,1,3021,sum,tau2,0
593920,5.973652807127354e-08,1,3022,sum,tau2,0
232899,5.973652807127354e-08,1,3023,sum,tau2,0
197402,5.902199207534548e-08,2,3024,sum,tau2,0
760170,5.859213371625869e-08,1,3025,sum,tau2,0
461830,5.8477200606167044e-08,1,3026,sum,tau2,0
116671,5.845400042059529e-08,1,3027,sum,tau2,0
141342,5.836952197864166e-08,2,3028,sum,tau2,0
428999,5.8365010254468977e-08,2,3029,sum,tau2,0
71381,5.824890195963849e-08,3,3030,sum,tau2,0
573182,5.816208645696183e-08,1,3031,sum,tau2,0
379851,5.783032105951267e-08,1,3032,sum,tau2,0
365071,5.7327146589468527e-08,1,3033,sum,tau2,0
175343,5.7327146589468527e-08,1,3034,sum,tau2,0
98977,5.7327146589468527e-08,1,3035,sum,tau2,0
683118,5.7327146589468527e-08,1,3036,sum,tau2,0
9177,5.7327146589468527e-08,1,3037,sum,tau2,0
883635,5.7327146589468527e-08,1,3038,sum,tau2,0
772593,5.7327146589468527e-08,1,3039,sum,tau2,0
96945,5.7327146589468527e-08,1,3040,sum,tau2,0
344268,5.7327146589468527e-08,1,3041,sum,tau2,0
10959,5.7327146589468527e-08,1,3042,sum,tau2,0
437414,5.7327146589468527e-08,1,3043,sum,tau2,0
726750,5.7327146589468527e-08,1,3044,sum,tau2,0
782378,5.7327146589468527e-08,1,3045,sum,tau2,0
366768,5.7327146589468527e-08,1,3046,sum,tau2,0
711616,5.7327146589468527e-08,1,3047,sum,tau2,0
826064,5.7327146589468527e-08,1,3048,sum,tau2,0
913213,5.7327146589468527e-08,1,3049,sum,tau2,0
712509,5.7327146589468527e-08,1,3050,sum,tau2,0
942606,5.7327146589468527e-08,1,3051,sum,tau2,0
852486,5.7258241315821055e-08,1,3052,sum,tau2,0
85174,5.7124719111762805e-08,1,3053,sum,tau2,0
578027,5.697383559704377e-08,1,3054,sum,tau2,0
136306,5.687273804422586e-08,2,3055,sum,tau2,0
495329,5.653801963043981e-08,2,3056,sum,tau2,0
789134,5.644389010268461e-08,1,3057,sum,tau2,0
671214,5.619092048097094e-08,1,3058,sum,tau2,0
10770,5.619092048097094e-08,1,3059,sum,tau2,0
57251,5.542061799020038e-08,1,3060,sum,tau2,0
866190,5.538397172341329e-08,1,3061,sum,tau2,0
339166,5.522111856560868e-08,1,3062,sum,tau2,0
612581,5.498327419604543e-08,2,3063,sum,tau2,0
905403,5.4651139222947005e-08,1,3064,sum,tau2,0
842759,5.452669646046701e-08,1,3065,sum,tau2,0
516443,5.45062446507003e-08,2,3066,sum,tau2,0
531344,5.4473565109216414e-08,2,3067,sum,tau2,0
408902,5.402418522682425e-08,2,3068,sum,tau2,0
157076,5.402418522682425e-08,2,3069,sum,tau2,0
688641,5.3497672359660415e-08,2,3070,sum,tau2,0
393258,5.340304325172475e-08,1,3071,sum,tau2,0
830710,5.3271709743352335e-08,1,3072,sum,tau2,0
813711,5.2890510482875976e-08,3,3073,sum,tau2,0
138749,5.173079071318293e-08,1,3074,sum,tau2,0
809060,5.128869165408833e-08,1,3075,sum,tau2,0
795279,5.128356418588598e-08,1,3076,sum,tau2,0
344976,5.128356418588598e-08,1,3077,sum,tau2,0
588193,5.128356418588598e-08,1,3078,sum,tau2,0
807795,5.128356418588598e-08,1,3079,sum,tau2,0
984716,5.128356418588598e-08,1,3080,sum,tau2,0
875207,5.128356418588598e-08,1,3081,sum,tau2,0
478966,5.128356418588598e-08,1,3082,sum,tau2,0
596458,5.128356418588598e-08,1,3083,sum,tau2,0
683605,5.128356418588598e-08,1,3084,sum,tau2,0
587016,5.128356418588598e-08,1,3085,sum,tau2,0
400077,5.128356418588598e-08,1,3086,sum,tau2,0
722643,5.128356418588598e-08,1,3087,sum,tau2,0
760988,5.128356418588598e-08,1,3088,sum,tau2,0
194366,5.128356418588598e-08,1,3089,sum,tau2,0
112290,5.128356418588598e-08,1,3090,sum,tau2,0
688943,5.128356418588598e-08,1,3091,sum,tau2,0
250144,5.128356418588598e-08,1,3092,sum,tau2,0
319758,5.128356418588598e-08,1,3093,sum,tau2,0
755504,5.128356418588598e-08,1,3094,sum,tau2,0
410501,5.128356418588598e-08,1,3095,sum,tau2,0
251198,5.128356418588598e-08,1,3096,sum,tau2,0
36760,5.128356418588598e-08,1,3097,sum,tau2,0
963812,5.128356418588598e-08,1,3098,sum,tau2,0
226470,5.128356418588598e-08,1,3099,sum,tau2,0
81843,5.128356418588598e-08,1,3100,sum,tau2,0
661527,5.128356418588598e-08,1,3101,sum,tau2,0
812708,5.128356418588598e-08,1,3102,sum,tau2,0
839703,5.128356418588598e-08,1,3103,sum,tau2,0
358117,5.128356418588598e-08,1,3104,sum,tau2,0
253832,5.128356418588598e-08,1,3105,sum,tau2,0
864842,5.128356418588598e-08,1,3106,sum,tau2,0
5120,5.128356418588598e-08,1,3107,sum,tau2,0
875335,5.128356418588598e-08,1,3108,sum,tau2,0
759010,5.128356418588598e-08,1,3109,sum,tau2,0
98349,5.128356418588598e-08,1,3110,sum,tau2,0
899892,5.128356418588598e-08,1,3111,sum,tau2,0
429094,5.128356418588598e-08,1,3112,sum,tau2,0
569851,5.128356418588598e-08,1,3113,sum,tau2,0
534726,5.128356418588598e-08,1,3114,sum,tau2,0
234585,5.128356418588598e-08,1,3115,sum,tau2,0
744707,5.128356418588598e-08,1,3116,sum,tau2,0
628951,5.128356418588598e-08,1,3117,sum,tau2,0
952189,5.128356418588598e-08,1,3118,sum,tau2,0
227973,5.128356418588598e-08,1,3119,sum,tau2,0
547163,5.128356418588598e-08,1,3120,sum,tau2,0
804607,5.128356418588598e-08,1,3121,sum,tau2,0
528287,5.128356418588598e-08,1,3122,sum,tau2,0
742380,5.128356418588598e-08,1,3123,sum,tau2,0
191935,5.128356418588598e-08,1,3124,sum,tau2,0
951543,5.128356418588598e-08,1,3125,sum,tau2,0
148961,5.128356418588598e-08,1,3126,sum,tau2,0
975656,5.128356418588598e-08,1,3127,sum,tau2,0
242014,5.128356418588598e-08,1,3128,sum,tau2,0
667488,5.128356418588598e-08,1,3129,sum,tau2,0
47951,5.128356418588598e-08,1,3130,sum,tau2,0
794147,5.128356418588598e-08,1,3131,sum,tau2,0
333994,5.128356418588598e-08,1,3132,sum,tau2,0
904347,5.128356418588598e-08,1,3133,sum,tau2,0
819683,5.128356418588598e-08,1,3134,sum,tau2,0
362769,5.128356418588598e-08,1,3135,sum,tau2,0
167465,5.128356418588598e-08,1,3136,sum,tau2,0
917132,5.128356418588598e-08,1,3137,sum,tau2,0
265156,5.128356418588598e-08,1,3138,sum,tau2,0
594295,5.128356418588598e-08,1,3139,sum,tau2,0
496382,5.128356418588598e-08,1,3140,sum,tau2,0
930100,5.128356418588598e-08,1,3141,sum,tau2,0
580341,5.128356418588598e-08,1,3142,sum,tau2,0
497556,5.128356418588598e-08,1,3143,sum,tau2,0
328032,5.128356418588598e-08,1,3144,sum,tau2,0
998365,5.128356418588598e-08,1,3145,sum,tau2,0
408070,5.128356418588598e-08,1,3146,sum,tau2,0
983553,5.128356418588598e-08,1,3147,sum,tau2,0
980039,5.128356418588598e-08,1,3148,sum,tau2,0
915519,5.128356418588598e-08,1,3149,sum,tau2,0
759302,5.128356418588598e-08,1,3150,sum,tau2,0
927500,5.128356418588598e-08,1,3151,sum,tau2,0
595255,5.128356418588598e-08,1,3152,sum,tau2,0
543954,5.128356418588598e-08,1,3153,sum,tau2,0
79327,5.128356418588598e-08,1,3154,sum,tau2,0
613413,5.128356418588598e-08,1,3155,sum,tau2,0
89694,5.128356418588598e-08,1,3156,sum,tau2,0
686620,5.128356418588598e-08,1,3157,sum,tau2,0
532708,5.128356418588598e-08,1,3158,sum,tau2,0
672151,5.128356418588598e-08,1,3159,sum,tau2,0
646388,5.128356418588598e-08,1,3160,sum,tau2,0
145127,5.128356418588598e-08,1,3161,sum,tau2,0
11200,5.128356418588598e-08,1,3162,sum,tau2,0
121352,5.128356418588598e-08,1,3163,sum,tau2,0
163419,5.128356418588598e-08,1,3164,sum,tau2,0
598944,5.128356418588598e-08,1,3165,sum,tau2,0
291975,5.128356418588598e-08,1,3166,sum,tau2,0
272258,5.128356418588598e-08,1,3167,sum,tau2,0
207151,5.128356418588598e-08,1,3168,sum,tau2,0
375634,5.128356418588598e-08,1,3169,sum,tau2,0
358919,5.128356418588598e-08,1,3170,sum,tau2,0
223309,5.128356418588598e-08,1,3171,sum,tau2,0
496522,5.128356418588598e-08,1,3172,sum,tau2,0
649438,5.128356418588598e-08,1,3173,sum,tau2,0
627996,5.128356418588598e-08,1,3174,sum,tau2,0
58614,5.128356418588598e-08,1,3175,sum,tau2,0
86340,5.128356418588598e-08,1,3176,sum,tau2,0
328195,5.128356418588598e-08,1,3177,sum,tau2,0
281338,5.128356418588598e-08,1,3178,sum,tau2,0
921602,5.128356418588598e-08,1,3179,sum,tau2,0
816224,5.128356418588598e-08,1,3180,sum,tau2,0
208737,5.128356418588598e-08,1,3181,sum,tau2,0
462698,5.128356418588598e-08,1,3182,sum,tau2,0
996040,5.128356418588598e-08,1,3183,sum,tau2,0
828386,5.128356418588598e-08,1,3184,sum,tau2,0
105966,5.128356418588598e-08,1,3185,sum,tau2,0
349340,5.040051675694593e-08,1,3186,sum,tau2,0
435887,4.958523915075926e-08,2,3187,sum,tau2,0
547620,4.895451483390062e-08,1,3188,sum,tau2,0
364732,4.895451483390062e-08,1,3189,sum,tau2,0
123644,4.785919513060363e-08,2,3190,sum,tau2,0
932147,4.7795839249187284e-08,2,3191,sum,tau2,0
844998,4.744740636704268e-08,1,3192,sum,tau2,0
741828,4.739468417881452e-08,1,3193,sum,tau2,0
780203,4.7313302657970884e-08,1,3194,sum,tau2,0
646280,4.7313302657970884e-08,1,3195,sum,tau2,0
835829,4.7313302657970884e-08,1,3196,sum,tau2,0
394656,4.7313302657970884e-08,1,3197,sum,tau2,0
937871,4.7313302657970884e-08,1,3198,sum,tau2,0
495321,4.7313302657970884e-08,1,3199,sum,tau2,0
632265,4.7313302657970884e-08,1,3200,sum,tau2,0
894082,4.7313302657970884e-08,1,3201,sum,tau2,0
157095,4.7313302657970884e-08,1,3202,sum,tau2,0
153696,4.7313302657970884e-08,1,3203,sum,tau2,0
307795,4.7313302657970884e-08,1,3204,sum,tau2,0
659171,4.7313302657970884e-08,1,3205,sum,tau2,0
907730,4.7313302657970884e-08,1,3206,sum,tau2,0
272220,4.7313302657970884e-08,1,3207,sum,tau2,0
713784,4.7313302657970884e-08,1,3208,sum,tau2,0
677666,4.7313302657970884e-08,1,3209,sum,tau2,0
124652,4.7313302657970884e-08,1,3210,sum,tau2,0
169228,4.7313302657970884e-08,1,3211,sum,tau2,0
117862,4.7313302657970884e-08,1,3212,sum,tau2,0
608752,4.7313302657970884e-08,1,3213,sum,tau2,0
848569,4.7313302657970884e-08,1,3214,sum,tau2,0
46343,4.7313302657970884e-08,1,3215,sum,tau2,0
731920,4.7313302657970884e-08,1,3216,sum,tau2,0
695192,4.7313302657970884e-08,1,3217,sum,tau2,0
594096,4.7313302657970884e-08,1,3218,sum,tau2,0
79531,4.7313302657970884e-08,1,3219,sum,tau2,0
492995,4.7313302657970884e-08,1,3220,sum,tau2,0
897565,4.7313302657970884e-08,1,3221,sum,tau2,0
80314,4.7313302657970884e-08,1,3222,sum,tau2,0
668662,4.7313302657970884e-08,1,3223,sum,tau2,0
154895,4.7313302657970884e-08,1,3224,sum,tau2,0
753488,4.7313302657970884e-08,1,3225,sum,tau2,0
183476,4.7313302657970884e-08,1,3226,sum,tau2,0
367412,4.7313302657970884e-08,1,3227,sum,tau2,0
274436,4.7313302657970884e-08,1,3228,sum,tau2,0
609092,4.7313302657970884e-08,1,3229,sum,tau2,0
596416,4.7313302657970884e-08,1,3230,sum,tau2,0
91677,4.7313302657970884e-08,1,3231,sum,tau2,0
491875,4.7313302657970884e-08,1,3232,sum,tau2,0
193210,4.7313302657970884e-08,1,3233,sum,tau2,0
702159,4.7313302657970884e-08,1,3234,sum,tau2,0
60003,4.7313302657970884e-08,1,3235,sum,tau2,0
865570,4.7313302657970884e-08,1,3236,sum,tau2,0
592972,4.7313302657970884e-08,1,3237,sum,tau2,0
53956,4.7313302657970884e-08,1,3238,sum,tau2,0
784702,4.7313302657970884e-08,1,3239,sum,tau2,0
773231,4.7313302657970884e-08,1,3240,sum,tau2,0
615440,4.7313302657970884e-08,1,3241,sum,tau2,0
485598,4.7313302657970884e-08,1,3242,sum,tau2,0
773469,4.7313302657970884e-08,1,3243,sum,tau2,0
100448,4.7313302657970884e-08,1,3244,sum,tau2,0
700893,4.7313302657970884e-08,1,3245,sum,tau2,0
247978,4.7313302657970884e-08,1,3246,sum,tau2,0
762787,4.7313302657970884e-08,1,3247,sum,tau2,0
505982,4.7313302657970884e-08,1,3248,sum,tau2,0
37390,4.7313302657970884e-08,1,3249,sum,tau2,0
425607,4.7313302657970884e-08,1,3250,sum,tau2,0
446089,4.7313302657970884e-08,1,3251,sum,tau2,0
313605,4.7313302657970884e-08,1,3252,sum,tau2,0
914846,4.7313302657970884e-08,1,3253,sum,tau2,0
326384,4.7313302657970884e-08,1,3254,sum,tau2,0
840475,4.7313302657970884e-08,1,3255,sum,tau2,0
2457,4.7313302657970884e-08,1,3256,sum,tau2,0
133854,4.7313302657970884e-08,1,3257,sum,tau2,0
703512,4.7313302657970884e-08,1,3258,sum,tau2,0
928953,4.7313302657970884e-08,1,3259,sum,tau2,0
886923,4.7313302657970884e-08,1,3260,sum,tau2,0
271257,4.7313302657970884e-08,1,3261,sum,tau2,0
229223,4.7313302657970884e-08,1,3262,sum,tau2,0
181588,4.7313302657970884e-08,1,3263,sum,tau2,0
116420,4.7313302657970884e-08,1,3264,sum,tau2,0
424867,4.7313302657970884e-08,1,3265,sum,tau2,0
769759,4.7313302657970884e-08,1,3266,sum,tau2,0
536704,4.7313302657970884e-08,1,3267,sum,tau2,0
727545,4.7313302657970884e-08,1,3268,sum,tau2,0
727728,4.7313302657970884e-08,1,3269,sum,tau2,0
142503,4.7313302657970884e-08,1,3270,sum,tau2,0
219500,4.7313302657970884e-08,1,3271,sum,tau2,0
341491,4.7313302657970884e-08,1,3272,sum,tau2,0
519276,4.7313302657970884e-08,1,3273,sum,tau2,0
150207,4.7313302657970884e-08,1,3274,sum,tau2,0
832303,4.7313302657970884e-08,1,3275,sum,tau2,0
91109,4.7313302657970884e-08,1,3276,sum,tau2,0
959673,4.7313302657970884e-08,1,3277,sum,tau2,0
529021,4.7313302657970884e-08,1,3278,sum,tau2,0
175341,4.7313302657970884e-08,1,3279,sum,tau2,0
856895,4.7313302657970884e-08,1,3280,sum,tau2,0
792061,4.7313302657970884e-08,1,3281,sum,tau2,0
91152,4.7313302657970884e-08,1,3282,sum,tau2,0
552975,4.7313302657970884e-08,1,3283,sum,tau2,0
267465,4.7313302657970884e-08,1,3284,sum,tau2,0
368870,4.7313302657970884e-08,1,3285,sum,tau2,0
331393,4.7313302657970884e-08,1,3286,sum,tau2,0
799338,4.7313302657970884e-08,1,3287,sum,tau2,0
933310,4.7313302657970884e-08,1,3288,sum,tau2,0
60647,4.7313302657970884e-08,1,3289,sum,tau2,0
367692,4.7313302657970884e-08,1,3290,sum,tau2,0
547610,4.7313302657970884e-08,1,3291,sum,tau2,0
412734,4.7313302657970884e-08,1,3292,sum,tau2,0
482109,4.7313302657970884e-08,1,3293,sum,tau2,0
593360,4.7313302657970884e-08,1,3294,sum,tau2,0
39823,4.7313302657970884e-08,1,3295,sum,tau2,0
168715,4.7313302657970884e-08,1,3296,sum,tau2,0
800496,4.7313302657970884e-08,1,3297,sum,tau2,0
209296,4.7313302657970884e-08,1,3298,sum,tau2,0
180421,4.7313302657970884e-08,1,3299,sum,tau2,0
161395,4.7313302657970884e-08,1,3300,sum,tau2,0
123486,4.7313302657970884e-08,1,3301,sum,tau2,0
336024,4.7313302657970884e-08,1,3302,sum,tau2,0
265676,4.7313302657970884e-08,1,3303,sum,tau2,0
452222,4.7313302657970884e-08,1,3304,sum,tau2,0
146273,4.7313302657970884e-08,1,3305,sum,tau2,0
519551,4.7313302657970884e-08,1,3306,sum,tau2,0
168798,4.7313302657970884e-08,1,3307,sum,tau2,0
838008,4.7313302657970884e-08,1,3308,sum,tau2,0
996182,4.7313302657970884e-08,1,3309,sum,tau2,0
961287,4.7313302657970884e-08,1,3310,sum,tau2,0
202496,4.7313302657970884e-08,1,3311,sum,tau2,0
991698,4.7313302657970884e-08,1,3312,sum,tau2,0
659354,4.7313302657970884e-08,1,3313,sum,tau2,0
554622,4.7313302657970884e-08,1,3314,sum,tau2,0
457688,4.7313302657970884e-08,1,3315,sum,tau2,0
659327,4.7313302657970884e-08,1,3316,sum,tau2,0
572731,4.7313302657970884e-08,1,3317,sum,tau2,0
8013,4.7313302657970884e-08,1,3318,sum,tau2,0
13090,4.7313302657970884e-08,1,3319,sum,tau2,0
532419,4.7313302657970884e-08,1,3320,sum,tau2,0
428914,4.7313302657970884e-08,1,3321,sum,tau2,0
820595,4.7313302657970884e-08,1,3322,sum,tau2,0
856602,4.7313302657970884e-08,1,3323,sum,tau2,0
247383,4.7313302657970884e-08,1,3324,sum,tau2,0
935882,4.7313302657970884e-08,1,3325,sum,tau2,0
417896,4.7313302657970884e-08,1,3326,sum,tau2,0
634656,4.7313302657970884e-08,1,3327,sum,tau2,0
183904,4.7313302657970884e-08,1,3328,sum,tau2,0
808887,4.7313302657970884e-08,1,3329,sum,tau2,0
135816,4.7313302657970884e-08,1,3330,sum,tau2,0
553245,4.7313302657970884e-08,1,3331,sum,tau2,0
774027,4.7313302657970884e-08,1,3332,sum,tau2,0
87464,4.7313302657970884e-08,1,3333,sum,tau2,0
283879,4.7313302657970884e-08,1,3334,sum,tau2,0
859234,4.7313302657970884e-08,1,3335,sum,tau2,0
94429,4.7313302657970884e-08,1,3336,sum,tau2,0
344464,4.7313302657970884e-08,1,3337,sum,tau2,0
402258,4.7313302657970884e-08,1,3338,sum,tau2,0
877174,4.7313302657970884e-08,1,3339,sum,tau2,0
262746,4.7313302657970884e-08,1,3340,sum,tau2,0
46829,4.7313302657970884e-08,1,3341,sum,tau2,0
939935,4.7313302657970884e-08,1,3342,sum,tau2,0
714979,4.7313302657970884e-08,1,3343,sum,tau2,0
517440,4.7313302657970884e-08,1,3344,sum,tau2,0
14252,4.7313302657970884e-08,1,3345,sum,tau2,0
851883,4.7313302657970884e-08,1,3346,sum,tau2,0
158168,4.7313302657970884e-08,1,3347,sum,tau2,0
556801,4.7313302657970884e-08,1,3348,sum,tau2,0
679119,4.7313302657970884e-08,1,3349,sum,tau2,0
474413,4.7313302657970884e-08,1,3350,sum,tau2,0
318740,4.7313302657970884e-08,1,3351,sum,tau2,0
824899,4.7313302657970884e-08,1,3352,sum,tau2,0
548772,4.7313302657970884e-08,1,3353,sum,tau2,0
583184,4.7313302657970884e-08,1,3354,sum,tau2,0
644259,4.7313302657970884e-08,1,3355,sum,tau2,0
988009,4.7313302657970884e-08,1,3356,sum,tau2,0
901287,4.7313302657970884e-08,1,3357,sum,tau2,0
904385,4.7313302657970884e-08,1,3358,sum,tau2,0
322225,4.7313302657970884e-08,1,3359,sum,tau2,0
53924,4.7313302657970884e-08,1,3360,sum,tau2,0
477157,4.7313302657970884e-08,1,3361,sum,tau2,0
781089,4.7313302657970884e-08,1,3362,sum,tau2,0
281428,4.7313302657970884e-08,1,3363,sum,tau2,0
325711,4.7313302657970884e-08,1,3364,sum,tau2,0
942694,4.724474786003282e-08,1,3365,sum,tau2,0
361730,4.712384391302705e-08,1,3366,sum,tau2,0
665401,4.699041861358108e-08,1,3367,sum,tau2,0
128041,4.679518296186413e-08,2,3368,sum,tau2,0
707011,4.667942565781572e-08,1,3369,sum,tau2,0
497847,4.642139548420912e-08,1,3370,sum,tau2,0
508296,4.642139548420912e-08,1,3371,sum,tau2,0
450992,4.642139548420912e-08,1,3372,sum,tau2,0
53767,4.625415607196751e-08,1,3373,sum,tau2,0
238434,4.609002602478711e-08,2,3374,sum,tau2,0
453531,4.5984783842970026e-08,2,3375,sum,tau2,0
543681,4.574885619157782e-08,1,3376,sum,tau2,0
529022,4.5238445060308273e-08,1,3377,sum,tau2,0
95796,4.5238445060308273e-08,1,3378,sum,tau2,0
122482,4.5238445060308273e-08,1,3379,sum,tau2,0
60301,4.5238445060308273e-08,1,3380,sum,tau2,0
937044,4.5238445060308273e-08,1,3381,sum,tau2,0
900756,4.5238445060308273e-08,1,3382,sum,tau2,0
868485,4.5238445060308273e-08,1,3383,sum,tau2,0
118661,4.5238445060308273e-08,1,3384,sum,tau2,0
580149,4.5238445060308273e-08,1,3385,sum,tau2,0
391728,4.5238445060308273e-08,1,3386,sum,tau2,0
96581,4.5238445060308273e-08,1,3387,sum,tau2,0
877517,4.5238445060308273e-08,1,3388,sum,tau2,0
414968,4.5238445060308273e-08,1,3389,sum,tau2,0
468798,4.5238445060308273e-08,1,3390,sum,tau2,0
337481,4.5238445060308273e-08,1,3391,sum,tau2,0
13804,4.5238445060308273e-08,1,3392,sum,tau2,0
89789,4.5238445060308273e-08,1,3393,sum,tau2,0
682445,4.5238445060308273e-08,1,3394,sum,tau2,0
128844,4.5238445060308273e-08,1,3395,sum,tau2,0
802822,4.5238445060308273e-08,1,3396,sum,tau2,0
578992,4.5238445060308273e-08,1,3397,sum,tau2,0
559274,4.5238445060308273e-08,1,3398,sum,tau2,0
170692,4.5238445060308273e-08,1,3399,sum,tau2,0
853217,4.5238445060308273e-08,1,3400,sum,tau2,0
912481,4.5238445060308273e-08,1,3401,sum,tau2,0
404728,4.5238445060308273e-08,1,3402,sum,tau2,0
426588,4.5238445060308273e-08,1,3403,sum,tau2,0
184618,4.511809506023686e-08,1,3404,sum,tau2,0
218928,4.511809506023686e-08,1,3405,sum,tau2,0
419057,4.511809506023686e-08,1,3406,sum,tau2,0
960855,4.511809506023686e-08,1,3407,sum,tau2,0
958514,4.511809506023686e-08,1,3408,sum,tau2,0
248893,4.511809506023686e-08,1,3409,sum,tau2,0
553465,4.511809506023686e-08,1,3410,sum,tau2,0
345855,4.511809506023686e-08,1,3411,sum,tau2,0
167840,4.511809506023686e-08,1,3412,sum,tau2,0
597150,4.511809506023686e-08,1,3413,sum,tau2,0
902028,4.511809506023686e-08,1,3414,sum,tau2,0
709847,4.511809506023686e-08,1,3415,sum,tau2,0
254681,4.511809506023686e-08,1,3416,sum,tau2,0
425610,4.511809506023686e-08,1,3417,sum,tau2,0
159397,4.511809506023686e-08,1,3418,sum,tau2,0
573177,4.511809506023686e-08,1,3419,sum,tau2,0
265071,4.511809506023686e-08,1,3420,sum,tau2,0
552264,4.511809506023686e-08,1,3421,sum,tau2,0
81813,4.511809506023686e-08,1,3422,sum,tau2,0
433634,4.511809506023686e-08,1,3423,sum,tau2,0
761332,4.511809506023686e-08,1,3424,sum,tau2,0
631705,4.511809506023686e-08,1,3425,sum,tau2,0
229428,4.511809506023686e-08,1,3426,sum,tau2,0
822921,4.509377426741405e-08,2,3427,sum,tau2,0
124837,4.483830282934255e-08,2,3428,sum,tau2,0
473960,4.457028298777661e-08,1,3429,sum,tau2,0
375827,4.457028298777661e-08,1,3430,sum,tau2,0
547164,4.457028298777661e-08,1,3431,sum,tau2,0
880106,4.450635489866715e-08,1,3432,sum,tau2,0
135834,4.450635489866715e-08,1,3433,sum,tau2,0
834193,4.438379056325831e-08,3,3434,sum,tau2,0
507928,4.411615860518859e-08,1,3435,sum,tau2,0
278034,4.385077833891571e-08,1,3436,sum,tau2,0
627952,4.366687786515699e-08,3,3437,sum,tau2,0
801121,4.349660691652493e-08,2,3438,sum,tau2,0
138498,4.343713690573163e-08,1,3439,sum,tau2,0
809070,4.3154999209455453e-08,1,3440,sum,tau2,0
679078,4.3154999209455453e-08,1,3441,sum,tau2,0
551290,4.300986292980974e-08,2,3442,sum,tau2,0
383774,4.2232334362578334e-08,1,3443,sum,tau2,0
254826,4.2136499084398903e-08,3,3444,sum,tau2,0
83976,4.205325626904398e-08,2,3445,sum,tau2,0
466984,4.136203949350002e-08,1,3446,sum,tau2,0
266451,4.133692238030738e-08,1,3447,sum,tau2,0
779838,4.118645517224761e-08,1,3448,sum,tau2,0
664014,4.118645517224761e-08,1,3449,sum,tau2,0
475576,4.091744273237376e-08,1,3450,sum,tau2,0
755162,4.09125049382462e-08,1,3451,sum,tau2,0
634313,4.048237408073695e-08,1,3452,sum,tau2,0
174801,4.048237408073695e-08,1,3453,sum,tau2,0
592937,3.8816149664040366e-08,1,3454,sum,tau2,0
301695,3.8816149664040366e-08,1,3455,sum,tau2,0
251495,3.8816149664040366e-08,1,3456,sum,tau2,0
814766,3.8816149664040366e-08,1,3457,sum,tau2,0
423317,3.8816149664040366e-08,1,3458,sum,tau2,0
322347,3.8816149664040366e-08,1,3459,sum,tau2,0
129190,3.8816149664040366e-08,1,3460,sum,tau2,0
5687,3.8816149664040366e-08,1,3461,sum,tau2,0
51333,3.8816149664040366e-08,1,3462,sum,tau2,0
349103,3.8816149664040366e-08,1,3463,sum,tau2,0
623056,3.8816149664040366e-08,1,3464,sum,tau2,0
69582,3.861845506227351e-08,1,3465,sum,tau2,0
897580,3.8586747213162434e-08,1,3466,sum,tau2,0
38859,3.786019493231614e-08,1,3467,sum,tau2,0
658735,3.748099218041001e-08,1,3468,sum,tau2,0
805736,3.7419063992467124e-08,1,3469,sum,tau2,0
735428,3.740180548931712e-08,1,3470,sum,tau2,0
601069,3.740180548931712e-08,1,3471,sum,tau2,0
404582,3.740180548931712e-08,1,3472,sum,tau2,0
47863,3.740180548931712e-08,1,3473,sum,tau2,0
476769,3.740180548931712e-08,1,3474,sum,tau2,0
387260,3.740180548931712e-08,1,3475,sum,tau2,0
286075,3.740180548931712e-08,1,3476,sum,tau2,0
40878,3.740180548931712e-08,1,3477,sum,tau2,0
929949,3.740180548931712e-08,1,3478,sum,tau2,0
95419,3.740180548931712e-08,1,3479,sum,tau2,0
205879,3.740180548931712e-08,1,3480,sum,tau2,0
801913,3.740180548931712e-08,1,3481,sum,tau2,0
202049,3.740180548931712e-08,1,3482,sum,tau2,0
132979,3.693901232767247e-08,1,3483,sum,tau2,0
90501,3.693901232767247e-08,1,3484,sum,tau2,0
297781,3.693901232767247e-08,1,3485,sum,tau2,0
524534,3.693901232767247e-08,1,3486,sum,tau2,0
456800,3.693901232767247e-08,1,3487,sum,tau2,0
338022,3.693901232767247e-08,1,3488,sum,tau2,0
729076,3.693901232767247e-08,1,3489,sum,tau2,0
33037,3.693901232767247e-08,1,3490,sum,tau2,0
935760,3.693901232767247e-08,1,3491,sum,tau2,0
420224,3.693901232767247e-08,1,3492,sum,tau2,0
947379,3.693901232767247e-08,1,3493,sum,tau2,0
894876,3.693901232767247e-08,1,3494,sum,tau2,0
872239,3.693901232767247e-08,1,3495,sum,tau2,0
326833,3.693901232767247e-08,1,3496,sum,tau2,0
697552,3.693901232767247e-08,1,3497,sum,tau2,0
11972,3.693901232767247e-08,1,3498,sum,tau2,0
900857,3.693901232767247e-08,1,3499,sum,tau2,0
493983,3.693901232767247e-08,1,3500,sum,tau2,0
335170,3.693901232767247e-08,1,3501,sum,tau2,0
716305,3.693901232767247e-08,1,3502,sum,tau2,0
260493,3.6180546536300266e-08,3,3503,sum,tau2,0
964772,3.605824038128238e-08,1,3504,sum,tau2,0
98631,3.581375928674325e-08,1,3505,sum,tau2,0
943409,3.581375928674325e-08,1,3506,sum,tau2,0
616882,3.581375928674325e-08,1,3507,sum,tau2,0
189755,3.581375928674325e-08,1,3508,sum,tau2,0
23713,3.581375928674325e-08,1,3509,sum,tau2,0
932148,3.581375928674325e-08,1,3510,sum,tau2,0
844981,3.581375928674325e-08,1,3511,sum,tau2,0
559144,3.581375928674325e-08,1,3512,sum,tau2,0
455726,3.581375928674325e-08,1,3513,sum,tau2,0
322011,3.581375928674325e-08,1,3514,sum,tau2,0
4511,3.581375928674325e-08,1,3515,sum,tau2,0
347298,3.581375928674325e-08,1,3516,sum,tau2,0
999455,3.581375928674325e-08,1,3517,sum,tau2,0
313945,3.581375928674325e-08,1,3518,sum,tau2,0
431418,3.581375928674325e-08,1,3519,sum,tau2,0
697334,3.581375928674325e-08,1,3520,sum,tau2,0
598310,3.581375928674325e-08,1,3521,sum,tau2,0
851950,3.581375928674325e-08,1,3522,sum,tau2,0
337200,3.581375928674325e-08,1,3523,sum,tau2,0
620083,3.581375928674325e-08,1,3524,sum,tau2,0
151530,3.581375928674325e-08,1,3525,sum,tau2,0
545481,3.581375928674325e-08,1,3526,sum,tau2,0
832732,3.581375928674325e-08,1,3527,sum,tau2,0
294210,3.581375928674325e-08,1,3528,sum,tau2,0
155585,3.581375928674325e-08,1,3529,sum,tau2,0
653264,3.581375928674325e-08,1,3530,sum,tau2,0
648714,3.581375928674325e-08,1,3531,sum,tau2,0
904260,3.581375928674325e-08,1,3532,sum,tau2,0
281943,3.581375928674325e-08,1,3533,sum,tau2,0
547506,3.581375928674325e-08,1,3534,sum,tau2,0
948327,3.581375928674325e-08,1,3535,sum,tau2,0
280554,3.581375928674325e-08,1,3536,sum,tau2,0
312928,3.581375928674325e-08,1,3537,sum,tau2,0
883470,3.581375928674325e-08,1,3538,sum,tau2,0
350788,3.581375928674325e-08,1,3539,sum,tau2,0
958964,3.581375928674325e-08,1,3540,sum,tau2,0
909726,3.581375928674325e-08,1,3541,sum,tau2,0
771921,3.581375928674325e-08,1,3542,sum,tau2,0
897416,3.581375928674325e-08,1,3543,sum,tau2,0
198583,3.581375928674325e-08,1,3544,sum,tau2,0
530373,3.581375928674325e-08,1,3545,sum,tau2,0
331909,3.581375928674325e-08,1,3546,sum,tau2,0
372343,3.581375928674325e-08,1,3547,sum,tau2,0
715367,3.581375928674325e-08,1,3548,sum,tau2,0
547509,3.581375928674325e-08,1,3549,sum,tau2,0
46616,3.581375928674325e-08,1,3550,sum,tau2,0
157610,3.581375928674325e-08,1,3551,sum,tau2,0
857417,3.581375928674325e-08,1,3552,sum,tau2,0
166636,3.581375928674325e-08,1,3553,sum,tau2,0
829986,3.576738314418579e-08,1,3554,sum,tau2,0
469758,3.574952978739648e-08,1,3555,sum,tau2,0
438391,3.573037123785668e-08,1,3556,sum,tau2,0
857762,3.573037123785668e-08,1,3557,sum,tau2,0
282588,3.55116503273709e-08,3,3558,sum,tau2,0
345322,3.532747609868111e-08,3,3559,sum,tau2,0
363045,3.53274760986811e-08,3,3560,sum,tau2,0
980934,3.5214998768586547e-08,2,3561,sum,tau2,0
721182,3.491398066568044e-08,1,3562,sum,tau2,0
316381,3.450760598679791e-08,2,3563,sum,tau2,0
17900,3.435490241190865e-08,1,3564,sum,tau2,0
212998,3.420397246147432e-08,1,3565,sum,tau2,0
862557,3.418518312868917e-08,2,3566,sum,tau2,0
947252,3.404023726732343e-08,1,3567,sum,tau2,0
205881,3.383870977786853e-08,2,3568,sum,tau2,0
231752,3.383870977786853e-08,2,3569,sum,tau2,0
317966,3.306538905970661e-08,2,3570,sum,tau2,0
434453,3.234994345705596e-08,1,3571,sum,tau2,0
382610,3.234994345705596e-08,1,3572,sum,tau2,0
317729,3.17236796866346e-08,1,3573,sum,tau2,0
130022,3.131490240496392e-08,2,3574,sum,tau2,0
831182,3.125735376349245e-08,1,3575,sum,tau2,0
972476,3.1075355604158786e-08,2,3576,sum,tau2,0
74503,3.090987998464708e-08,1,3577,sum,tau2,0
595149,3.067875070650392e-08,2,3578,sum,tau2,0
718615,3.06384019695119e-08,1,3579,sum,tau2,0
449554,3.06123883261994e-08,2,3580,sum,tau2,0
340777,3.049457647781413e-08,2,3581,sum,tau2,0
607588,3.043124022224631e-08,1,3582,sum,tau2,0
985582,3.037667928498712e-08,2,3583,sum,tau2,0
309405,3.037129966681207e-08,1,3584,sum,tau2,0
889137,3.037129966681207e-08,1,3585,sum,tau2,0
284032,3.037129966681207e-08,1,3586,sum,tau2,0
499885,3.037129966681207e-08,1,3587,sum,tau2,0
454815,3.037129966681207e-08,1,3588,sum,tau2,0
306076,3.037129966681207e-08,1,3589,sum,tau2,0
594826,3.026310263900163e-08,2,3590,sum,tau2,0
511484,2.9586589283346216e-08,1,3591,sum,tau2,0
879495,2.9380303819880178e-08,1,3592,sum,tau2,0
777598,2.9380303819880178e-08,1,3593,sum,tau2,0
635837,2.9380303819880178e-08,1,3594,sum,tau2,0
925456,2.93387884114047e-08,1,3595,sum,tau2,0
362858,2.9005810157001558e-08,1,3596,sum,tau2,0
55910,2.8992734825638442e-08,2,3597,sum,tau2,0
810136,2.8644224596875653e-08,1,3598,sum,tau2,0
645227,2.8644224596875653e-08,1,3599,sum,tau2,0
19960,2.860368309180819e-08,1,3600,sum,tau2,0
982112,2.8364091073461375e-08,1,3601,sum,tau2,0
904352,2.8330230109909076e-08,1,3602,sum,tau2,0
407049,2.8050079294087578e-08,2,3603,sum,tau2,0
30726,2.797918721787561e-08,1,3604,sum,tau2,0
75409,2.786590506539779e-08,2,3605,sum,tau2,0
259626,2.782991219608574e-08,1,3606,sum,tau2,0
111429,2.7319794276136082e-08,1,3607,sum,tau2,0
510322,2.7319794276136082e-08,1,3608,sum,tau2,0
392889,2.7319794276136082e-08,1,3609,sum,tau2,0
712512,2.7181667388195846e-08,1,3610,sum,tau2,0
262922,2.6458289125535382e-08,2,3611,sum,tau2,0
131531,2.637882212714983e-08,1,3612,sum,tau2,0
330316,2.637713874458522e-08,1,3613,sum,tau2,0
524265,2.637713874458522e-08,1,3614,sum,tau2,0
390653,2.637713874458522e-08,1,3615,sum,tau2,0
773756,2.637713874458522e-08,1,3616,sum,tau2,0
59612,2.637713874458522e-08,1,3617,sum,tau2,0
871079,2.637713874458522e-08,1,3618,sum,tau2,0
870653,2.637713874458522e-08,1,3619,sum,tau2,0
4527,2.637713874458522e-08,1,3620,sum,tau2,0
183944,2.637713874458522e-08,1,3621,sum,tau2,0
320850,2.6274114896845596e-08,2,3622,sum,tau2,0
655677,2.6269512438075477e-08,2,3623,sum,tau2,0
475121,2.6120337048208857e-08,1,3624,sum,tau2,0
491874,2.6120337048208857e-08,1,3625,sum,tau2,0
956206,2.6120337048208857e-08,1,3626,sum,tau2,0
230389,2.589884769711013e-08,3,3627,sum,tau2,0
42334,2.580563838433856e-08,1,3628,sum,tau2,0
243166,2.5677134684920078e-08,1,3629,sum,tau2,0
613756,2.5635518661120902e-08,2,3630,sum,tau2,0
426772,2.5479370707694573e-08,2,3631,sum,tau2,0
525537,2.5376641449566877e-08,2,3632,sum,tau2,0
85340,2.5156689383067198e-08,2,3633,sum,tau2,0
697670,2.4939927679958213e-08,1,3634,sum,tau2,0
670699,2.4939927679958213e-08,1,3635,sum,tau2,0
634655,2.4939927679958213e-08,1,3636,sum,tau2,0
418628,2.4939927679958213e-08,1,3637,sum,tau2,0
225003,2.4939927679958213e-08,1,3638,sum,tau2,0
745050,2.4939927679958213e-08,1,3639,sum,tau2,0
441913,2.4596571888573118e-08,1,3640,sum,tau2,0
196243,2.4596571888573118e-08,1,3641,sum,tau2,0
197678,2.4596571888573118e-08,1,3642,sum,tau2,0
476301,2.4596571888573118e-08,1,3643,sum,tau2,0
982198,2.4596571888573118e-08,1,3644,sum,tau2,0
305829,2.447128887220769e-08,2,3645,sum,tau2,0
810118,2.4308138181806268e-08,1,3646,sum,tau2,0
621246,2.4082328494806643e-08,2,3647,sum,tau2,0
441780,2.3887875128754304e-08,1,3648,sum,tau2,0
730780,2.3887875128754304e-08,1,3649,sum,tau2,0
926466,2.3887875128754304e-08,1,3650,sum,tau2,0
659370,2.3702554333426933e-08,1,3651,sum,tau2,0
275894,2.3702554333426933e-08,1,3652,sum,tau2,0
479055,2.3702554333426933e-08,1,3653,sum,tau2,0
20270,2.3702554333426933e-08,1,3654,sum,tau2,0
780204,2.3676357456610853e-08,1,3655,sum,tau2,0
147881,2.3460087889590047e-08,1,3656,sum,tau2,0
533873,2.339812530934588e-08,1,3657,sum,tau2,0
180626,2.338241013484361e-08,1,3658,sum,tau2,0
13093,2.2982522551395117e-08,1,3659,sum,tau2,0
679974,2.2874078621768984e-08,3,3660,sum,tau2,0
959123,2.278433525879499e-08,1,3661,sum,tau2,0
646293,2.2737140826795198e-08,1,3662,sum,tau2,0
893457,2.2737140826795198e-08,1,3663,sum,tau2,0
236108,2.248560274540486e-08,1,3664,sum,tau2,0
246859,2.2340430796455298e-08,1,3665,sum,tau2,0
814879,2.2307160169933054e-08,1,3666,sum,tau2,0
279351,2.2111397481370517e-08,1,3667,sum,tau2,0
712186,2.2000071198277083e-08,2,3668,sum,tau2,0
991408,2.194507475494819e-08,1,3669,sum,tau2,0
308238,2.1926404178906968e-08,1,3670,sum,tau2,0
136456,2.173960058884276e-08,1,3671,sum,tau2,0
314254,2.1425105872662184e-08,1,3672,sum,tau2,0
56124,2.141556141171449e-08,1,3673,sum,tau2,0
871972,2.04834129039294e-08,2,3674,sum,tau2,0
87661,2.0286752118252363e-08,1,3675,sum,tau2,0
171853,2.0192860118917006e-08,1,3676,sum,tau2,0
232871,1.998170155981411e-08,2,3677,sum,tau2,0
614578,1.99136840770509e-08,1,3678,sum,tau2,0
297332,1.9901513040511004e-08,1,3679,sum,tau2,0
732561,1.971237175145405e-08,1,3680,sum,tau2,0
749696,1.971237175145405e-08,1,3681,sum,tau2,0
381488,1.9274519172250292e-08,1,3682,sum,tau2,0
92538,1.9274519172250292e-08,1,3683,sum,tau2,0
8605,1.922932706467002e-08,2,3684,sum,tau2,0
892723,1.8994646583116826e-08,1,3685,sum,tau2,0
327547,1.870447636215921e-08,1,3686,sum,tau2,0
371027,1.8621501270276083e-08,1,3687,sum,tau2,0
517601,1.8567363647096293e-08,2,3688,sum,tau2,0
55118,1.8319720243683482e-08,1,3689,sum,tau2,0
188105,1.821061885542444e-08,1,3690,sum,tau2,0
607951,1.812295906947525e-08,2,3691,sum,tau2,0
15243,1.799184320111789e-08,5,3692,sum,tau2,0
166302,1.7497849396303354e-08,1,3693,sum,tau2,0
84017,1.7497849396303354e-08,1,3694,sum,tau2,0
715928,1.737058368476828e-08,2,3695,sum,tau2,0
7994,1.7104439161383182e-08,1,3696,sum,tau2,0
740073,1.7104439161383182e-08,1,3697,sum,tau2,0
402361,1.7104439161383182e-08,1,3698,sum,tau2,0
7196,1.7104439161383182e-08,1,3699,sum,tau2,0
143239,1.7104439161383182e-08,1,3700,sum,tau2,0
840441,1.7104439161383182e-08,1,3701,sum,tau2,0
577862,1.7104439161383182e-08,1,3702,sum,tau2,0
454202,1.7104439161383182e-08,1,3703,sum,tau2,0
580864,1.7104439161383182e-08,1,3704,sum,tau2,0
810429,1.7104439161383182e-08,1,3705,sum,tau2,0
934472,1.7104439161383182e-08,1,3706,sum,tau2,0
977557,1.7104439161383182e-08,1,3707,sum,tau2,0
947345,1.7104439161383182e-08,1,3708,sum,tau2,0
716306,1.7104439161383182e-08,1,3709,sum,tau2,0
127128,1.7104439161383182e-08,1,3710,sum,tau2,0
756966,1.7104439161383182e-08,1,3711,sum,tau2,0
285005,1.7104439161383182e-08,1,3712,sum,tau2,0
422310,1.7104439161383182e-08,1,3713,sum,tau2,0
171125,1.7104439161383182e-08,1,3714,sum,tau2,0
432571,1.7104439161383182e-08,1,3715,sum,tau2,0
370539,1.7104439161383182e-08,1,3716,sum,tau2,0
846159,1.7104439161383182e-08,1,3717,sum,tau2,0
989888,1.7104439161383182e-08,1,3718,sum,tau2,0
214278,1.7104439161383182e-08,1,3719,sum,tau2,0
305918,1.6954804191526917e-08,3,3720,sum,tau2,0
503024,1.6914889037186428e-08,1,3721,sum,tau2,0
576864,1.6677730532843776e-08,2,3722,sum,tau2,0
827652,1.647140225268398e-08,2,3723,sum,tau2,0
457017,1.6462932645161247e-08,1,3724,sum,tau2,0
109542,1.643779902583717e-08,1,3725,sum,tau2,0
194188,1.635964884510316e-08,1,3726,sum,tau2,0
930623,1.618218571779177e-08,2,3727,sum,tau2,0
851609,1.6166217911105534e-08,1,3728,sum,tau2,0
841600,1.597355351216747e-08,2,3729,sum,tau2,0
898576,1.5786476990623262e-08,1,3730,sum,tau2,0
200886,1.563148647393466e-08,1,3731,sum,tau2,0
225943,1.563148647393466e-08,1,3732,sum,tau2,0
907659,1.563148647393466e-08,1,3733,sum,tau2,0
993863,1.5238245525173556e-08,1,3734,sum,tau2,0
678829,1.5189573729881917e-08,1,3735,sum,tau2,0
578812,1.5117452642711634e-08,1,3736,sum,tau2,0
812587,1.5059615537766028e-08,1,3737,sum,tau2,0
138748,1.48688419747368e-08,1,3738,sum,tau2,0
124833,1.4606967169863717e-08,1,3739,sum,tau2,0
835828,1.4589476708024251e-08,2,3740,sum,tau2,0
418182,1.4439848027912738e-08,1,3741,sum,tau2,0
795156,1.430061296266511e-08,1,3742,sum,tau2,0
732369,1.430061296266511e-08,1,3743,sum,tau2,0
352434,1.410312809910977e-08,1,3744,sum,tau2,0
593662,1.4081329410659107e-08,2,3745,sum,tau2,0
49542,1.4060850395228825e-08,1,3746,sum,tau2,0
646383,1.3877654516324649e-08,1,3747,sum,tau2,0
998383,1.374242016132939e-08,3,3748,sum,tau2,0
484864,1.374242016132939e-08,3,3749,sum,tau2,0
335160,1.3655048932103129e-08,1,3750,sum,tau2,0
958227,1.3349583626503759e-08,2,3751,sum,tau2,0
769450,1.3344300687318102e-08,1,3752,sum,tau2,0
919453,1.3264951494696925e-08,1,3753,sum,tau2,0
529452,1.319630472664506e-08,2,3754,sum,tau2,0
527864,1.319630472664506e-08,2,3755,sum,tau2,0
475140,1.3157195781300599e-08,2,3756,sum,tau2,0
185780,1.314154093194115e-08,1,3757,sum,tau2,0
531346,1.3100710387211678e-08,1,3758,sum,tau2,0
216632,1.3100710387211678e-08,1,3759,sum,tau2,0
834664,1.3100710387211678e-08,1,3760,sum,tau2,0
605627,1.3100710387211678e-08,1,3761,sum,tau2,0
558274,1.3100710387211678e-08,1,3762,sum,tau2,0
260760,1.3100710387211678e-08,1,3763,sum,tau2,0
554786,1.3100710387211678e-08,1,3764,sum,tau2,0
484130,1.3100710387211678e-08,1,3765,sum,tau2,0
554787,1.3051572075976583e-08,3,3766,sum,tau2,0
703514,1.3043224674628824e-08,1,3767,sum,tau2,0
399303,1.3030140116308423e-08,1,3768,sum,tau2,0
653266,1.290984613953917e-08,2,3769,sum,tau2,0
200907,1.2578006426442447e-08,1,3770,sum,tau2,0
713332,1.2348513862068315e-08,1,3771,sum,tau2,0
368557,1.2316140012244287e-08,1,3772,sum,tau2,0
397264,1.196483354311563e-08,1,3773,sum,tau2,0
560306,1.1949587436666404e-08,2,3774,sum,tau2,0
67619,1.1914308524767583e-08,1,3775,sum,tau2,0
617329,1.1707538405832487e-08,1,3776,sum,tau2,0
682446,1.1668429460488026e-08,1,3777,sum,tau2,0
989179,1.1668429460488026e-08,1,3778,sum,tau2,0
360736,1.1668429460488026e-08,1,3779,sum,tau2,0
964340,1.1573143131673712e-08,2,3780,sum,tau2,0
200363,1.144486488032679e-08,1,3781,sum,tau2,0
786538,1.144486488032679e-08,1,3782,sum,tau2,0
577865,1.1414985041420016e-08,1,3783,sum,tau2,0
729960,1.1364617761479757e-08,1,3784,sum,tau2,0
428358,1.1364617761479757e-08,1,3785,sum,tau2,0
269901,1.1364617761479757e-08,1,3786,sum,tau2,0
939412,1.1364617761479757e-08,1,3787,sum,tau2,0
999637,1.1364617761479757e-08,1,3788,sum,tau2,0
424629,1.1302244399514472e-08,2,3789,sum,tau2,0
365607,1.1236905590036811e-08,1,3790,sum,tau2,0
279903,1.1236905590036811e-08,1,3791,sum,tau2,0
925088,1.1236905590036811e-08,1,3792,sum,tau2,0
580578,1.1236905590036811e-08,1,3793,sum,tau2,0
640735,1.1213489047047596e-08,1,3794,sum,tau2,0
880932,1.0581696538074253e-08,2,3795,sum,tau2,0
187552,1.0580713291014458e-08,1,3796,sum,tau2,0
169534,1.0580713291014458e-08,1,3797,sum,tau2,0
287152,1.0580713291014458e-08,1,3798,sum,tau2,0
720792,1.0073068187649276e-08,1,3799,sum,tau2,0
908038,9.976579329720823e-09,1,3800,sum,tau2,0
844635,9.94305264974217e-09,1,3801,sum,tau2,0
43494,9.911161815543083e-09,1,3802,sum,tau2,0
812977,9.8134780787019e-09,1,3803,sum,tau2,0
947533,9.803445710433557e-09,1,3804,sum,tau2,0
378692,9.721080564550668e-09,1,3805,sum,tau2,0
848776,9.721080564550668e-09,1,3806,sum,tau2,0
955479,9.36626805433222e-09,3,3807,sum,tau2,0
741234,9.23144379556605e-09,1,3808,sum,tau2,0
442060,9.23144379556605e-09,1,3809,sum,tau2,0
588282,9.128788653360057e-09,3,3810,sum,tau2,0
135106,9.019186260497746e-09,1,3811,sum,tau2,0
59467,8.908755988571893e-09,1,3812,sum,tau2,0
965503,8.908755988571893e-09,1,3813,sum,tau2,0
33008,8.849043940208516e-09,2,3814,sum,tau2,0
22389,8.83709738679857e-09,1,3815,sum,tau2,0
785377,8.83709738679857e-09,1,3816,sum,tau2,0
337491,8.77839423225171e-09,1,3817,sum,tau2,0
907383,8.516189198534066e-09,1,3818,sum,tau2,0
622021,8.442186554403396e-09,5,3819,sum,tau2,0
702318,8.442186554403395e-09,5,3820,sum,tau2,0
29361,8.335374582963483e-09,2,3821,sum,tau2,0
705837,8.313652701315756e-09,1,3822,sum,tau2,0
75109,8.313652701315756e-09,1,3823,sum,tau2,0
488391,8.219907716331338e-09,1,3824,sum,tau2,0
94001,8.180528518822013e-09,5,3825,sum,tau2,0
542877,7.446327037924198e-09,2,3826,sum,tau2,0
952181,7.376821049866682e-09,1,3827,sum,tau2,0
145110,7.375586032857802e-09,5,3828,sum,tau2,0
983365,7.299626368542896e-09,1,3829,sum,tau2,0
885665,7.221551044618686e-09,1,3830,sum,tau2,0
943678,7.213405008775196e-09,1,3831,sum,tau2,0
880148,7.16836874970213e-09,1,3832,sum,tau2,0
311636,7.166610923145608e-09,1,3833,sum,tau2,0
254788,7.155474536691884e-09,1,3834,sum,tau2,0
312783,7.155474536691884e-09,1,3835,sum,tau2,0
83799,7.06801959956136e-09,1,3836,sum,tau2,0
785718,6.917676619339812e-09,1,3837,sum,tau2,0
373320,6.851520723316336e-09,1,3838,sum,tau2,0
979786,6.84169894339405e-09,3,3839,sum,tau2,0
219928,6.770207576488828e-09,1,3840,sum,tau2,0
929805,6.770207576488828e-09,1,3841,sum,tau2,0
596311,6.770207576488828e-09,1,3842,sum,tau2,0
370258,6.769246004901035e-09,4,3843,sum,tau2,0
236107,6.696775928509291e-09,3,3844,sum,tau2,0
997303,6.619687028624752e-09,1,3845,sum,tau2,0
973108,6.57351005367338e-09,1,3846,sum,tau2,0
70036,6.563680213982135e-09,1,3847,sum,tau2,0
740934,6.507587969319652e-09,4,3848,sum,tau2,0
998895,6.487842500042907e-09,1,3849,sum,tau2,0
347318,6.406457568404331e-09,1,3850,sum,tau2,0
491408,6.323413740629865e-09,4,3851,sum,tau2,0
404689,6.323413740629865e-09,4,3852,sum,tau2,0
261653,6.300955587784986e-09,3,3853,sum,tau2,0
790365,6.279935526146324e-09,2,3854,sum,tau2,0
765095,6.249200205097449e-09,2,3855,sum,tau2,0
512942,6.0500854571592585e-09,2,3856,sum,tau2,0
564597,5.842668583111254e-09,2,3857,sum,tau2,0
340043,5.8313597286612605e-09,1,3858,sum,tau2,0
704309,5.8313597286612605e-09,1,3859,sum,tau2,0
832504,5.8313597286612605e-09,1,3860,sum,tau2,0
974498,5.760212232175922e-09,3,3861,sum,tau2,0
160708,5.759524662241002e-09,2,3862,sum,tau2,0
35899,5.759524662241002e-09,2,3863,sum,tau2,0
487014,5.733690209534958e-09,2,3864,sum,tau2,0
928645,5.733690209534958e-09,2,3865,sum,tau2,0
982629,5.548480104313068e-09,2,3866,sum,tau2,0
11931,5.4660538866896976e-09,2,3867,sum,tau2,0
131613,5.392949164202126e-09,4,3868,sum,tau2,0
312785,5.386749917140231e-09,1,3869,sum,tau2,0
48158,5.3700850571931106e-09,1,3870,sum,tau2,0
284998,5.136249539427002e-09,3,3871,sum,tau2,0
166029,5.1229122607369375e-09,3,3872,sum,tau2,0
969459,5.096305455398676e-09,3,3873,sum,tau2,0
4869,5.096305455398676e-09,3,3874,sum,tau2,0
89823,5.096305455398676e-09,3,3875,sum,tau2,0
932274,5.096305455398676e-09,3,3876,sum,tau2,0
712443,5.034794612378663e-09,2,3877,sum,tau2,0
7472,5.034794612378663e-09,2,3878,sum,tau2,0
583836,5.034794612378663e-09,2,3879,sum,tau2,0
791825,5.01882164850708e-09,3,3880,sum,tau2,0
419059,5.01882164850708e-09,3,3881,sum,tau2,0
390293,5.01882164850708e-09,3,3882,sum,tau2,0
248985,5.01882164850708e-09,3,3883,sum,tau2,0
303485,4.917727945239742e-09,1,3884,sum,tau2,0
133838,4.912131226708888e-09,3,3885,sum,tau2,0
840638,4.912131226708888e-09,3,3886,sum,tau2,0
615007,4.897846655589407e-09,3,3887,sum,tau2,0
713601,4.851242240550907e-09,2,3888,sum,tau2,0
569688,4.851242240550907e-09,2,3889,sum,tau2,0
720645,4.834647419817292e-09,3,3890,sum,tau2,0
781087,4.834647419817292e-09,3,3891,sum,tau2,0
378153,4.834647419817292e-09,3,3892,sum,tau2,0
310758,4.834647419817292e-09,3,3893,sum,tau2,0
253819,4.834647419817292e-09,3,3894,sum,tau2,0
79757,4.834647419817292e-09,3,3895,sum,tau2,0
511485,4.834647419817292e-09,3,3896,sum,tau2,0
185500,4.834647419817292e-09,3,3897,sum,tau2,0
762405,4.834647419817292e-09,3,3898,sum,tau2,0
832130,4.834647419817292e-09,3,3899,sum,tau2,0
446679,4.834647419817292e-09,3,3900,sum,tau2,0
268774,4.834647419817292e-09,3,3901,sum,tau2,0
734732,4.802391576564128e-09,3,3902,sum,tau2,0
824167,4.802391576564128e-09,3,3903,sum,tau2,0
829529,4.802391576564128e-09,3,3904,sum,tau2,0
976285,4.790038600039755e-09,1,3905,sum,tau2,0
287217,4.69217916020921e-09,3,3906,sum,tau2,0
438427,4.650473191127505e-09,3,3907,sum,tau2,0
682407,4.650473191127505e-09,3,3908,sum,tau2,0
264123,4.650473191127505e-09,3,3909,sum,tau2,0
775279,4.650473191127505e-09,3,3910,sum,tau2,0
89824,4.650473191127505e-09,3,3911,sum,tau2,0
892641,4.650473191127505e-09,3,3912,sum,tau2,0
217795,4.650473191127505e-09,3,3913,sum,tau2,0
297786,4.650473191127505e-09,3,3914,sum,tau2,0
873403,4.650473191127505e-09,3,3915,sum,tau2,0
982389,4.650473191127505e-09,3,3916,sum,tau2,0
308434,4.603950408252513e-09,3,3917,sum,tau2,0
313962,4.60113446936629e-09,3,3918,sum,tau2,0
978753,4.597271255042416e-09,1,3919,sum,tau2,0
85868,4.5724704440195e-09,1,3920,sum,tau2,0
308067,4.563700566473341e-09,3,3921,sum,tau2,0
59732,4.551411205101399e-09,3,3922,sum,tau2,0
99511,4.52581456692993e-09,1,3923,sum,tau2,0
397720,4.519051525661161e-09,2,3924,sum,tau2,0
835340,4.47769245418095e-09,3,3925,sum,tau2,0
315641,4.466996811024092e-09,3,3926,sum,tau2,0
676164,4.466298962437718e-09,3,3927,sum,tau2,0
165357,4.466298962437718e-09,3,3928,sum,tau2,0
181150,4.466298962437718e-09,3,3929,sum,tau2,0
628959,4.4352868329086165e-09,3,3930,sum,tau2,0
710719,4.430521124627827e-09,3,3931,sum,tau2,0
122363,4.430521124627827e-09,3,3932,sum,tau2,0
250050,4.430521124627827e-09,3,3933,sum,tau2,0
269721,4.430521124627827e-09,3,3934,sum,tau2,0
725604,4.428029430796905e-09,2,3935,sum,tau2,0
285734,4.428029430796905e-09,2,3936,sum,tau2,0
302326,4.416785049841673e-09,3,3937,sum,tau2,0
860350,4.408803398010315e-09,4,3938,sum,tau2,0
156748,4.3849825507318574e-09,1,3939,sum,tau2,0
850902,4.369197304432947e-09,2,3940,sum,tau2,0
712809,4.358610135951565e-09,1,3941,sum,tau2,0
123035,4.353902262298682e-09,1,3942,sum,tau2,0
616172,4.347176528969607e-09,1,3943,sum,tau2,0
236926,4.347176528969607e-09,1,3944,sum,tau2,0
699745,4.311944661262518e-09,2,3945,sum,tau2,0
547802,4.311944661262518e-09,2,3946,sum,tau2,0
176846,4.3017184600535265e-09,2,3947,sum,tau2,0
866732,4.27075834142843e-09,1,3948,sum,tau2,0
225290,4.27075834142843e-09,1,3949,sum,tau2,0
478085,4.27075834142843e-09,1,3950,sum,tau2,0
518993,4.27075834142843e-09,1,3951,sum,tau2,0
463775,4.27075834142843e-09,1,3952,sum,tau2,0
537584,4.27075834142843e-09,1,3953,sum,tau2,0
257154,4.27075834142843e-09,1,3954,sum,tau2,0
715654,4.27075834142843e-09,1,3955,sum,tau2,0
487229,4.263354186263498e-09,1,3956,sum,tau2,0
444928,4.255261265232086e-09,1,3957,sum,tau2,0
87371,4.255261265232086e-09,1,3958,sum,tau2,0
467865,4.255261265232086e-09,1,3959,sum,tau2,0
697064,4.255261265232086e-09,1,3960,sum,tau2,0
615720,4.255261265232086e-09,1,3961,sum,tau2,0
402793,4.255261265232086e-09,1,3962,sum,tau2,0
455365,4.255261265232086e-09,1,3963,sum,tau2,0
30350,4.255261265232086e-09,1,3964,sum,tau2,0
397906,4.255261265232086e-09,1,3965,sum,tau2,0
589606,4.255261265232086e-09,1,3966,sum,tau2,0
110738,4.255261265232086e-09,1,3967,sum,tau2,0
781907,4.255261265232086e-09,1,3968,sum,tau2,0
542874,4.255261265232086e-09,1,3969,sum,tau2,0
787185,4.255261265232086e-09,1,3970,sum,tau2,0
707966,4.255261265232086e-09,1,3971,sum,tau2,0
546275,4.255261265232086e-09,1,3972,sum,tau2,0
347788,4.255261265232086e-09,1,3973,sum,tau2,0
390745,4.255261265232086e-09,1,3974,sum,tau2,0
433743,4.255261265232086e-09,1,3975,sum,tau2,0
424439,4.255261265232086e-09,1,3976,sum,tau2,0
340601,4.255261265232086e-09,1,3977,sum,tau2,0
454855,4.2476559835992515e-09,2,3978,sum,tau2,0
723505,4.2476559835992515e-09,2,3979,sum,tau2,0
53764,4.24634689593804e-09,3,3980,sum,tau2,0
73088,4.228679918126176e-09,3,3981,sum,tau2,0
862516,4.21387916254287e-09,3,3982,sum,tau2,0
948501,4.192940066290279e-09,3,3983,sum,tau2,0
666029,4.19286666002414e-09,1,3984,sum,tau2,0
756598,4.187343513889847e-09,1,3985,sum,tau2,0
60628,4.107450754530118e-09,1,3986,sum,tau2,0
301162,4.0458935833153265e-09,3,3987,sum,tau2,0
238723,4.032732672539056e-09,1,3988,sum,tau2,0
175778,4.032732672539056e-09,1,3989,sum,tau2,0
750959,4.017173108751342e-09,3,3990,sum,tau2,0
528052,4.017173108751342e-09,3,3991,sum,tau2,0
689805,3.973908106732089e-09,3,3992,sum,tau2,0
633514,3.9685159958213195e-09,3,3993,sum,tau2,0
103732,3.931614826776578e-09,2,3994,sum,tau2,0
930338,3.931614826776578e-09,2,3995,sum,tau2,0
846250,3.88803464693087e-09,1,3996,sum,tau2,0
273204,3.878752579277134e-09,1,3997,sum,tau2,0
537067,3.875704633754826e-09,1,3998,sum,tau2,0
893439,3.860331460746601e-09,3,3999,sum,tau2,0
669811,3.860331460746601e-09,3,4000,sum,tau2,0
75395,3.860331460746601e-09,3,4001,sum,tau2,0
902021,3.860331460746601e-09,3,4002,sum,tau2,0
636981,3.82455362293671e-09,3,4003,sum,tau2,0
380323,3.817559095167932e-09,1,4004,sum,tau2,0
963159,3.813883461877101e-09,1,4005,sum,tau2,0
89788,3.802840850184929e-09,3,4006,sum,tau2,0
39083,3.789452342852644e-09,1,4007,sum,tau2,0
614008,3.789452342852644e-09,1,4008,sum,tau2,0
228492,3.747440598086791e-09,2,4009,sum,tau2,0
107222,3.7469930723535715e-09,1,4010,sum,tau2,0
623040,3.7118428921969224e-09,3,4011,sum,tau2,0
953147,3.693929178999472e-09,1,4012,sum,tau2,0
51435,3.664210265126111e-09,1,4013,sum,tau2,0
710452,3.6433056239571773e-09,2,4014,sum,tau2,0
908022,3.607539134586103e-09,2,4015,sum,tau2,0
43466,3.607539134586103e-09,2,4016,sum,tau2,0
372150,3.607539134586103e-09,2,4017,sum,tau2,0
131510,3.607539134586103e-09,2,4018,sum,tau2,0
227975,3.607539134586103e-09,2,4019,sum,tau2,0
290703,3.607539134586103e-09,2,4020,sum,tau2,0
819949,3.607539134586103e-09,2,4021,sum,tau2,0
936881,3.607539134586103e-09,2,4022,sum,tau2,0
633789,3.6044468569558355e-09,1,4023,sum,tau2,0
489705,3.6044468569558355e-09,1,4024,sum,tau2,0
886958,3.603887916157492e-09,1,4025,sum,tau2,0
274093,3.582002398291706e-09,1,4026,sum,tau2,0
683116,3.54350338503899e-09,3,4027,sum,tau2,0
66706,3.53490832567096e-09,2,4028,sum,tau2,0
41169,3.53490832567096e-09,2,4029,sum,tau2,0
889957,3.524806032483107e-09,2,4030,sum,tau2,0
275618,3.524806032483107e-09,2,4031,sum,tau2,0
981232,3.5218704694465858e-09,1,4032,sum,tau2,0
508110,3.4742682232963732e-09,2,4033,sum,tau2,0
361698,3.4498289324205987e-09,1,4034,sum,tau2,0
673838,3.4498289324205987e-09,1,4035,sum,tau2,0
298494,3.4498289324205987e-09,1,4036,sum,tau2,0
206146,3.4233649058963154e-09,2,4037,sum,tau2,0
805768,3.4233649058963154e-09,2,4038,sum,tau2,0
458566,3.4233649058963154e-09,2,4039,sum,tau2,0
699840,3.4176466377237404e-09,1,4040,sum,tau2,0
879950,3.4176466377237404e-09,1,4041,sum,tau2,0
619697,3.4090803347768344e-09,2,4042,sum,tau2,0
928315,3.4090803347768344e-09,2,4043,sum,tau2,0
614274,3.3728132962480348e-09,1,4044,sum,tau2,0
174177,3.3728132962480348e-09,1,4045,sum,tau2,0
742742,3.3728132962480348e-09,1,4046,sum,tau2,0
202495,3.3728132962480348e-09,1,4047,sum,tau2,0
589604,3.3728132962480348e-09,1,4048,sum,tau2,0
326872,3.3728132962480348e-09,1,4049,sum,tau2,0
566245,3.3728132962480348e-09,1,4050,sum,tau2,0
977590,3.3728132962480348e-09,1,4051,sum,tau2,0
408604,3.3728132962480348e-09,1,4052,sum,tau2,0
625466,3.3728132962480348e-09,1,4053,sum,tau2,0
359191,3.3728132962480348e-09,1,4054,sum,tau2,0
399934,3.3728132962480348e-09,1,4055,sum,tau2,0
190430,3.3728132962480348e-09,1,4056,sum,tau2,0
357087,3.3458810990047197e-09,2,4057,sum,tau2,0
256140,3.3458810990047197e-09,2,4058,sum,tau2,0
351132,3.3458810990047197e-09,2,4059,sum,tau2,0
668500,3.3458810990047197e-09,2,4060,sum,tau2,0
611682,3.3458810990047197e-09,2,4061,sum,tau2,0
604102,3.3458810990047197e-09,2,4062,sum,tau2,0
122214,3.3458810990047197e-09,2,4063,sum,tau2,0
45669,3.3458810990047197e-09,2,4064,sum,tau2,0
973977,3.3458810990047197e-09,2,4065,sum,tau2,0
621979,3.3458810990047197e-09,2,4066,sum,tau2,0
505782,3.3458810990047197e-09,2,4067,sum,tau2,0
813902,3.3458810990047197e-09,2,4068,sum,tau2,0
568528,3.3458810990047197e-09,2,4069,sum,tau2,0
940372,3.3458810990047197e-09,2,4070,sum,tau2,0
430965,3.3458810990047197e-09,2,4071,sum,tau2,0
15847,3.3458810990047197e-09,2,4072,sum,tau2,0
333074,3.3458810990047197e-09,2,4073,sum,tau2,0
701201,3.3458810990047197e-09,2,4074,sum,tau2,0
686603,3.3458810990047197e-09,2,4075,sum,tau2,0
855584,3.3458810990047197e-09,2,4076,sum,tau2,0
147454,3.3458810990047197e-09,2,4077,sum,tau2,0
825522,3.3458810990047197e-09,2,4078,sum,tau2,0
48143,3.3458810990047197e-09,2,4079,sum,tau2,0
495149,3.3458810990047197e-09,2,4080,sum,tau2,0
448413,3.3458810990047197e-09,2,4081,sum,tau2,0
189876,3.3458810990047197e-09,2,4082,sum,tau2,0
456544,3.3458810990047197e-09,2,4083,sum,tau2,0
837153,3.3458810990047197e-09,2,4084,sum,tau2,0
519918,3.3458810990047197e-09,2,4085,sum,tau2,0
966362,3.3458810990047197e-09,2,4086,sum,tau2,0
28915,3.3458810990047197e-09,2,4087,sum,tau2,0
101401,3.3458810990047197e-09,2,4088,sum,tau2,0
877623,3.3458810990047197e-09,2,4089,sum,tau2,0
268775,3.3458810990047197e-09,2,4090,sum,tau2,0
280360,3.3458810990047197e-09,2,4091,sum,tau2,0
943851,3.3458810990047197e-09,2,4092,sum,tau2,0
343140,3.3458810990047197e-09,2,4093,sum,tau2,0
282586,3.3458810990047197e-09,2,4094,sum,tau2,0
772305,3.3458810990047197e-09,2,4095,sum,tau2,0
506854,3.3458810990047197e-09,2,4096,sum,tau2,0
229227,3.3458810990047197e-09,2,4097,sum,tau2,0
319130,3.3458810990047197e-09,2,4098,sum,tau2,0
807903,3.3458810990047197e-09,2,4099,sum,tau2,0
941961,3.3458810990047197e-09,2,4100,sum,tau2,0
87465,3.3458810990047197e-09,2,4101,sum,tau2,0
610361,3.3458810990047197e-09,2,4102,sum,tau2,0
281554,3.3458810990047197e-09,2,4103,sum,tau2,0
462697,3.3458810990047197e-09,2,4104,sum,tau2,0
582662,3.3458810990047197e-09,2,4105,sum,tau2,0
25429,3.3458810990047197e-09,2,4106,sum,tau2,0
144296,3.3458810990047197e-09,2,4107,sum,tau2,0
390295,3.3458810990047197e-09,2,4108,sum,tau2,0
260426,3.3458810990047197e-09,2,4109,sum,tau2,0
30684,3.3458810990047197e-09,2,4110,sum,tau2,0
976304,3.3458810990047197e-09,2,4111,sum,tau2,0
371177,3.3458810990047197e-09,2,4112,sum,tau2,0
933600,3.3458810990047197e-09,2,4113,sum,tau2,0
504442,3.3458810990047197e-09,2,4114,sum,tau2,0
682410,3.3458810990047197e-09,2,4115,sum,tau2,0
587034,3.3458810990047197e-09,2,4116,sum,tau2,0
672661,3.3458810990047197e-09,2,4117,sum,tau2,0
983190,3.3458810990047197e-09,2,4118,sum,tau2,0
461827,3.3458810990047197e-09,2,4119,sum,tau2,0
105094,3.3458810990047197e-09,2,4120,sum,tau2,0
455079,3.3458810990047197e-09,2,4121,sum,tau2,0
820596,3.3458810990047197e-09,2,4122,sum,tau2,0
393071,3.3458810990047197e-09,2,4123,sum,tau2,0
919007,3.3458810990047197e-09,2,4124,sum,tau2,0
22214,3.3458810990047197e-09,2,4125,sum,tau2,0
212783,3.3458810990047197e-09,2,4126,sum,tau2,0
358247,3.3458810990047197e-09,2,4127,sum,tau2,0
939248,3.3458810990047197e-09,2,4128,sum,tau2,0
963651,3.3458810990047197e-09,2,4129,sum,tau2,0
285004,3.3458810990047197e-09,2,4130,sum,tau2,0
230549,3.3458810990047197e-09,2,4131,sum,tau2,0
539641,3.3239626322612567e-09,2,4132,sum,tau2,0
896210,3.3239626322612567e-09,2,4133,sum,tau2,0
171035,3.3239626322612567e-09,2,4134,sum,tau2,0
600958,3.3239626322612567e-09,2,4135,sum,tau2,0
98975,3.3239626322612567e-09,2,4136,sum,tau2,0
352589,3.3239626322612567e-09,2,4137,sum,tau2,0
703360,3.3239626322612567e-09,2,4138,sum,tau2,0
201343,3.3239626322612567e-09,2,4139,sum,tau2,0
674309,3.3239626322612567e-09,2,4140,sum,tau2,0
922941,3.3239626322612567e-09,2,4141,sum,tau2,0
23980,3.3239626322612567e-09,2,4142,sum,tau2,0
81812,3.3239626322612567e-09,2,4143,sum,tau2,0
860392,3.3239626322612567e-09,2,4144,sum,tau2,0
357759,3.3239626322612567e-09,2,4145,sum,tau2,0
3623,3.246819112978614e-09,2,4146,sum,tau2,0
829873,3.2249061060870474e-09,2,4147,sum,tau2,0
287324,3.2249061060870474e-09,2,4148,sum,tau2,0
760155,3.2249061060870474e-09,2,4149,sum,tau2,0
31686,3.2249061060870474e-09,2,4150,sum,tau2,0
838846,3.2249061060870474e-09,2,4151,sum,tau2,0
539672,3.2249061060870474e-09,2,4152,sum,tau2,0
802805,3.219321955805962e-09,3,4153,sum,tau2,0
633790,3.2005873885701655e-09,3,4154,sum,tau2,0
861554,3.1658483551534374e-09,3,4155,sum,tau2,0
319772,3.1624047189013065e-09,2,4156,sum,tau2,0
655571,3.1617068703149326e-09,2,4157,sum,tau2,0
270087,3.1617068703149326e-09,2,4158,sum,tau2,0
741667,3.1617068703149326e-09,2,4159,sum,tau2,0
946607,3.1617068703149326e-09,2,4160,sum,tau2,0
889430,3.1617068703149326e-09,2,4161,sum,tau2,0
890591,3.1617068703149326e-09,2,4162,sum,tau2,0
568570,3.1617068703149326e-09,2,4163,sum,tau2,0
833506,3.1617068703149326e-09,2,4164,sum,tau2,0
612876,3.1617068703149326e-09,2,4165,sum,tau2,0
818273,3.1617068703149326e-09,2,4166,sum,tau2,0
987835,3.1617068703149326e-09,2,4167,sum,tau2,0
238348,3.1617068703149326e-09,2,4168,sum,tau2,0
407999,3.1617068703149326e-09,2,4169,sum,tau2,0
648745,3.1617068703149326e-09,2,4170,sum,tau2,0
79220,3.1617068703149326e-09,2,4171,sum,tau2,0
10593,3.1617068703149326e-09,2,4172,sum,tau2,0
644250,3.1617068703149326e-09,2,4173,sum,tau2,0
710119,3.1617068703149326e-09,2,4174,sum,tau2,0
871815,3.1617068703149326e-09,2,4175,sum,tau2,0
359572,3.1617068703149326e-09,2,4176,sum,tau2,0
357049,3.1617068703149326e-09,2,4177,sum,tau2,0
365179,3.1617068703149326e-09,2,4178,sum,tau2,0
748551,3.1617068703149326e-09,2,4179,sum,tau2,0
395432,3.1617068703149326e-09,2,4180,sum,tau2,0
587313,3.1617068703149326e-09,2,4181,sum,tau2,0
689201,3.1617068703149326e-09,2,4182,sum,tau2,0
609927,3.1617068703149326e-09,2,4183,sum,tau2,0
96760,3.1617068703149326e-09,2,4184,sum,tau2,0
873684,3.1617068703149326e-09,2,4185,sum,tau2,0
931278,3.1617068703149326e-09,2,4186,sum,tau2,0
711660,3.1617068703149326e-09,2,4187,sum,tau2,0
709134,3.1617068703149326e-09,2,4188,sum,tau2,0
724240,3.1617068703149326e-09,2,4189,sum,tau2,0
668887,3.1617068703149326e-09,2,4190,sum,tau2,0
484861,3.1617068703149326e-09,2,4191,sum,tau2,0
560400,3.1617068703149326e-09,2,4192,sum,tau2,0
276762,3.1617068703149326e-09,2,4193,sum,tau2,0
817199,3.1617068703149326e-09,2,4194,sum,tau2,0
542534,3.1617068703149326e-09,2,4195,sum,tau2,0
194567,3.1617068703149326e-09,2,4196,sum,tau2,0
930966,3.1617068703149326e-09,2,4197,sum,tau2,0
657912,3.1617068703149326e-09,2,4198,sum,tau2,0
846978,3.1617068703149326e-09,2,4199,sum,tau2,0
936776,3.1617068703149326e-09,2,4200,sum,tau2,0
929806,3.1617068703149326e-09,2,4201,sum,tau2,0
822917,3.1617068703149326e-09,2,4202,sum,tau2,0
145115,3.1617068703149326e-09,2,4203,sum,tau2,0
339618,3.1617068703149326e-09,2,4204,sum,tau2,0
384972,3.1617068703149326e-09,2,4205,sum,tau2,0
603590,3.1617068703149326e-09,2,4206,sum,tau2,0
877661,3.1617068703149326e-09,2,4207,sum,tau2,0
69070,3.1617068703149326e-09,2,4208,sum,tau2,0
430256,3.1617068703149326e-09,2,4209,sum,tau2,0
216340,3.1617068703149326e-09,2,4210,sum,tau2,0
192038,3.1617068703149326e-09,2,4211,sum,tau2,0
870198,3.1617068703149326e-09,2,4212,sum,tau2,0
687051,3.1617068703149326e-09,2,4213,sum,tau2,0
576866,3.1617068703149326e-09,2,4214,sum,tau2,0
949216,3.1617068703149326e-09,2,4215,sum,tau2,0
259638,3.1617068703149326e-09,2,4216,sum,tau2,0
621874,3.1617068703149326e-09,2,4217,sum,tau2,0
248529,3.1617068703149326e-09,2,4218,sum,tau2,0
998023,3.1617068703149326e-09,2,4219,sum,tau2,0
696352,3.1617068703149326e-09,2,4220,sum,tau2,0
869918,3.1617068703149326e-09,2,4221,sum,tau2,0
17294,3.1617068703149326e-09,2,4222,sum,tau2,0
845278,3.1617068703149326e-09,2,4223,sum,tau2,0
226453,3.1617068703149326e-09,2,4224,sum,tau2,0
537193,3.1617068703149326e-09,2,4225,sum,tau2,0
713776,3.1617068703149326e-09,2,4226,sum,tau2,0
928662,3.1617068703149326e-09,2,4227,sum,tau2,0
850720,3.1617068703149326e-09,2,4228,sum,tau2,0
788861,3.1617068703149326e-09,2,4229,sum,tau2,0
483270,3.1617068703149326e-09,2,4230,sum,tau2,0
560437,3.1617068703149326e-09,2,4231,sum,tau2,0
21265,3.1617068703149326e-09,2,4232,sum,tau2,0
865554,3.1617068703149326e-09,2,4233,sum,tau2,0
536705,3.1617068703149326e-09,2,4234,sum,tau2,0
145750,3.1617068703149326e-09,2,4235,sum,tau2,0
357471,3.1617068703149326e-09,2,4236,sum,tau2,0
69060,3.1617068703149326e-09,2,4237,sum,tau2,0
394125,3.1617068703149326e-09,2,4238,sum,tau2,0
385920,3.1617068703149326e-09,2,4239,sum,tau2,0
954350,3.1617068703149326e-09,2,4240,sum,tau2,0
552992,3.1617068703149326e-09,2,4241,sum,tau2,0
176831,3.1617068703149326e-09,2,4242,sum,tau2,0
304649,3.1617068703149326e-09,2,4243,sum,tau2,0
514120,3.1617068703149326e-09,2,4244,sum,tau2,0
320920,3.1617068703149326e-09,2,4245,sum,tau2,0
401931,3.1617068703149326e-09,2,4246,sum,tau2,0
730051,3.1617068703149326e-09,2,4247,sum,tau2,0
296531,3.1617068703149326e-09,2,4248,sum,tau2,0
794942,3.1617068703149326e-09,2,4249,sum,tau2,0
287365,3.1617068703149326e-09,2,4250,sum,tau2,0
70070,3.1617068703149326e-09,2,4251,sum,tau2,0
332557,3.1617068703149326e-09,2,4252,sum,tau2,0
877534,3.1617068703149326e-09,2,4253,sum,tau2,0
95799,3.1617068703149326e-09,2,4254,sum,tau2,0
634759,3.1617068703149326e-09,2,4255,sum,tau2,0
607305,3.1617068703149326e-09,2,4256,sum,tau2,0
325830,3.1617068703149326e-09,2,4257,sum,tau2,0
249966,3.1617068703149326e-09,2,4258,sum,tau2,0
30954,3.1617068703149326e-09,2,4259,sum,tau2,0
448849,3.1617068703149326e-09,2,4260,sum,tau2,0
41021,3.1617068703149326e-09,2,4261,sum,tau2,0
168069,3.1617068703149326e-09,2,4262,sum,tau2,0
103917,3.1617068703149326e-09,2,4263,sum,tau2,0
964974,3.1617068703149326e-09,2,4264,sum,tau2,0
304760,3.1617068703149326e-09,2,4265,sum,tau2,0
885794,3.1617068703149326e-09,2,4266,sum,tau2,0
498805,3.1617068703149326e-09,2,4267,sum,tau2,0
513180,3.1617068703149326e-09,2,4268,sum,tau2,0
660517,3.1617068703149326e-09,2,4269,sum,tau2,0
75751,3.1617068703149326e-09,2,4270,sum,tau2,0
466310,3.1617068703149326e-09,2,4271,sum,tau2,0
281513,3.1617068703149326e-09,2,4272,sum,tau2,0
962485,3.1617068703149326e-09,2,4273,sum,tau2,0
270096,3.1617068703149326e-09,2,4274,sum,tau2,0
601778,3.1617068703149326e-09,2,4275,sum,tau2,0
344086,3.1617068703149326e-09,2,4276,sum,tau2,0
238413,3.1617068703149326e-09,2,4277,sum,tau2,0
575323,3.1617068703149326e-09,2,4278,sum,tau2,0
169515,3.1617068703149326e-09,2,4279,sum,tau2,0
831568,3.1617068703149326e-09,2,4280,sum,tau2,0
731211,3.1617068703149326e-09,2,4281,sum,tau2,0
549490,3.1617068703149326e-09,2,4282,sum,tau2,0
401240,3.1617068703149326e-09,2,4283,sum,tau2,0
696776,3.1617068703149326e-09,2,4284,sum,tau2,0
896406,3.1617068703149326e-09,2,4285,sum,tau2,0
937074,3.1617068703149326e-09,2,4286,sum,tau2,0
641645,3.1617068703149326e-09,2,4287,sum,tau2,0
853950,3.1617068703149326e-09,2,4288,sum,tau2,0
633494,3.1617068703149326e-09,2,4289,sum,tau2,0
59466,3.1617068703149326e-09,2,4290,sum,tau2,0
574377,3.1617068703149326e-09,2,4291,sum,tau2,0
260425,3.1617068703149326e-09,2,4292,sum,tau2,0
608767,3.1617068703149326e-09,2,4293,sum,tau2,0
618497,3.1617068703149326e-09,2,4294,sum,tau2,0
434467,3.1617068703149326e-09,2,4295,sum,tau2,0
501025,3.1617068703149326e-09,2,4296,sum,tau2,0
209384,3.1617068703149326e-09,2,4297,sum,tau2,0
714850,3.1617068703149326e-09,2,4298,sum,tau2,0
210637,3.1617068703149326e-09,2,4299,sum,tau2,0
216633,3.1617068703149326e-09,2,4300,sum,tau2,0
647456,3.1617068703149326e-09,2,4301,sum,tau2,0
469581,3.1617068703149326e-09,2,4302,sum,tau2,0
764457,3.1617068703149326e-09,2,4303,sum,tau2,0
847451,3.1617068703149326e-09,2,4304,sum,tau2,0
646278,3.1617068703149326e-09,2,4305,sum,tau2,0
26861,3.1617068703149326e-09,2,4306,sum,tau2,0
394268,3.1617068703149326e-09,2,4307,sum,tau2,0
819559,3.1617068703149326e-09,2,4308,sum,tau2,0
35376,3.1617068703149326e-09,2,4309,sum,tau2,0
131654,3.1617068703149326e-09,2,4310,sum,tau2,0
479057,3.1617068703149326e-09,2,4311,sum,tau2,0
781181,3.1617068703149326e-09,2,4312,sum,tau2,0
996152,3.1617068703149326e-09,2,4313,sum,tau2,0
589337,3.1617068703149326e-09,2,4314,sum,tau2,0
662852,3.1617068703149326e-09,2,4315,sum,tau2,0
654677,3.1617068703149326e-09,2,4316,sum,tau2,0
325872,3.1617068703149326e-09,2,4317,sum,tau2,0
332680,3.1617068703149326e-09,2,4318,sum,tau2,0
851611,3.1617068703149326e-09,2,4319,sum,tau2,0
704490,3.1617068703149326e-09,2,4320,sum,tau2,0
192467,3.1617068703149326e-09,2,4321,sum,tau2,0
205808,3.1404102604335004e-09,2,4322,sum,tau2,0
645383,3.1404102604335004e-09,2,4323,sum,tau2,0
396102,3.1404102604335004e-09,2,4324,sum,tau2,0
915859,3.1404102604335004e-09,2,4325,sum,tau2,0
378166,3.1404102604335004e-09,2,4326,sum,tau2,0
677950,3.1404102604335004e-09,2,4327,sum,tau2,0
475567,3.1404102604335004e-09,2,4328,sum,tau2,0
675595,3.1404102604335004e-09,2,4329,sum,tau2,0
245696,3.1404102604335004e-09,2,4330,sum,tau2,0
533670,3.1404102604335004e-09,2,4331,sum,tau2,0
673018,3.1404102604335004e-09,2,4332,sum,tau2,0
30725,3.1404102604335004e-09,2,4333,sum,tau2,0
288489,3.1404102604335004e-09,2,4334,sum,tau2,0
949218,3.1404102604335004e-09,2,4335,sum,tau2,0
293562,3.139967763073162e-09,1,4336,sum,tau2,0
116079,3.139967763073162e-09,1,4337,sum,tau2,0
186390,3.1238851474619962e-09,1,4338,sum,tau2,0
267610,3.1214570285357603e-09,2,4339,sum,tau2,0
960016,3.1151840874399403e-09,2,4340,sum,tau2,0
116425,3.1151840874399403e-09,2,4341,sum,tau2,0
482538,3.1123681485537168e-09,2,4342,sum,tau2,0
457167,3.1123681485537168e-09,2,4343,sum,tau2,0
304582,3.1123681485537168e-09,2,4344,sum,tau2,0
951258,3.1123681485537168e-09,2,4345,sum,tau2,0
828082,3.1121929577188875e-09,2,4346,sum,tau2,0
661493,3.1121929577188875e-09,2,4347,sum,tau2,0
569894,3.0850703113138642e-09,3,4348,sum,tau2,0
7475,3.0690752917546443e-09,1,4349,sum,tau2,0
220660,3.0626448842888263e-09,2,4350,sum,tau2,0
681284,3.0626448842888263e-09,2,4351,sum,tau2,0
759258,3.0626448842888263e-09,2,4352,sum,tau2,0
245317,3.0626448842888263e-09,2,4353,sum,tau2,0
462341,3.0626448842888263e-09,2,4354,sum,tau2,0
669532,3.0626448842888263e-09,2,4355,sum,tau2,0
437411,3.0626448842888263e-09,2,4356,sum,tau2,0
640397,3.036489711546433e-09,2,4357,sum,tau2,0
918292,3.0335874787074616e-09,3,4358,sum,tau2,0
460465,3.026598157027354e-09,3,4359,sum,tau2,0
955384,3.0229795204596847e-09,2,4360,sum,tau2,0
629155,3.019935530158938e-09,4,4361,sum,tau2,0
771775,2.9889261333683773e-09,2,4362,sum,tau2,0
325710,2.9889261333683773e-09,2,4363,sum,tau2,0
449575,2.9889261333683773e-09,2,4364,sum,tau2,0
892293,2.9889261333683773e-09,2,4365,sum,tau2,0
96580,2.9889261333683773e-09,2,4366,sum,tau2,0
657041,2.9789890440231097e-09,2,4367,sum,tau2,0
470475,2.9782304902115195e-09,2,4368,sum,tau2,0
169874,2.977532641625145e-09,2,4369,sum,tau2,0
91675,2.977532641625145e-09,2,4370,sum,tau2,0
234062,2.977532641625145e-09,2,4371,sum,tau2,0
262924,2.977532641625145e-09,2,4372,sum,tau2,0
960851,2.977532641625145e-09,2,4373,sum,tau2,0
240886,2.977532641625145e-09,2,4374,sum,tau2,0
971010,2.977532641625145e-09,2,4375,sum,tau2,0
602141,2.977532641625145e-09,2,4376,sum,tau2,0
292402,2.977532641625145e-09,2,4377,sum,tau2,0
603429,2.977532641625145e-09,2,4378,sum,tau2,0
771701,2.977532641625145e-09,2,4379,sum,tau2,0
613416,2.977532641625145e-09,2,4380,sum,tau2,0
737448,2.977532641625145e-09,2,4381,sum,tau2,0
111903,2.977532641625145e-09,2,4382,sum,tau2,0
561596,2.977532641625145e-09,2,4383,sum,tau2,0
415039,2.977532641625145e-09,2,4384,sum,tau2,0
78204,2.977532641625145e-09,2,4385,sum,tau2,0
12134,2.977532641625145e-09,2,4386,sum,tau2,0
988013,2.977532641625145e-09,2,4387,sum,tau2,0
743560,2.977532641625145e-09,2,4388,sum,tau2,0
873173,2.977532641625145e-09,2,4389,sum,tau2,0
167548,2.977532641625145e-09,2,4390,sum,tau2,0
138586,2.977532641625145e-09,2,4391,sum,tau2,0
255521,2.977532641625145e-09,2,4392,sum,tau2,0
411230,2.977532641625145e-09,2,4393,sum,tau2,0
910584,2.977532641625145e-09,2,4394,sum,tau2,0
176486,2.977532641625145e-09,2,4395,sum,tau2,0
210793,2.977532641625145e-09,2,4396,sum,tau2,0
685929,2.977532641625145e-09,2,4397,sum,tau2,0
764733,2.977532641625145e-09,2,4398,sum,tau2,0
155058,2.977532641625145e-09,2,4399,sum,tau2,0
468604,2.977532641625145e-09,2,4400,sum,tau2,0
241050,2.977532641625145e-09,2,4401,sum,tau2,0
705470,2.977532641625145e-09,2,4402,sum,tau2,0
739339,2.977532641625145e-09,2,4403,sum,tau2,0
361734,2.977532641625145e-09,2,4404,sum,tau2,0
922765,2.977532641625145e-09,2,4405,sum,tau2,0
742741,2.977532641625145e-09,2,4406,sum,tau2,0
64652,2.977532641625145e-09,2,4407,sum,tau2,0
460460,2.977532641625145e-09,2,4408,sum,tau2,0
884783,2.977532641625145e-09,2,4409,sum,tau2,0
931110,2.977532641625145e-09,2,4410,sum,tau2,0
46789,2.977532641625145e-09,2,4411,sum,tau2,0
338450,2.977532641625145e-09,2,4412,sum,tau2,0
567259,2.977532641625145e-09,2,4413,sum,tau2,0
20067,2.977532641625145e-09,2,4414,sum,tau2,0
91933,2.977532641625145e-09,2,4415,sum,tau2,0
94326,2.977532641625145e-09,2,4416,sum,tau2,0
641289,2.977532641625145e-09,2,4417,sum,tau2,0
836215,2.977532641625145e-09,2,4418,sum,tau2,0
731398,2.977532641625145e-09,2,4419,sum,tau2,0
491877,2.977532641625145e-09,2,4420,sum,tau2,0
132045,2.977532641625145e-09,2,4421,sum,tau2,0
616363,2.977532641625145e-09,2,4422,sum,tau2,0
51640,2.977532641625145e-09,2,4423,sum,tau2,0
63101,2.977532641625145e-09,2,4424,sum,tau2,0
300148,2.977532641625145e-09,2,4425,sum,tau2,0
562611,2.977532641625145e-09,2,4426,sum,tau2,0
268284,2.977532641625145e-09,2,4427,sum,tau2,0
300108,2.977532641625145e-09,2,4428,sum,tau2,0
552173,2.977532641625145e-09,2,4429,sum,tau2,0
737747,2.977532641625145e-09,2,4430,sum,tau2,0
446413,2.977532641625145e-09,2,4431,sum,tau2,0
988018,2.977532641625145e-09,2,4432,sum,tau2,0
250571,2.977532641625145e-09,2,4433,sum,tau2,0
281425,2.977532641625145e-09,2,4434,sum,tau2,0
298514,2.977532641625145e-09,2,4435,sum,tau2,0
578539,2.977532641625145e-09,2,4436,sum,tau2,0
210204,2.977532641625145e-09,2,4437,sum,tau2,0
735899,2.977532641625145e-09,2,4438,sum,tau2,0
966363,2.977532641625145e-09,2,4439,sum,tau2,0
20104,2.977532641625145e-09,2,4440,sum,tau2,0
924098,2.977532641625145e-09,2,4441,sum,tau2,0
726762,2.977532641625145e-09,2,4442,sum,tau2,0
524284,2.977532641625145e-09,2,4443,sum,tau2,0
280351,2.977532641625145e-09,2,4444,sum,tau2,0
473245,2.977532641625145e-09,2,4445,sum,tau2,0
991535,2.977532641625145e-09,2,4446,sum,tau2,0
24265,2.977532641625145e-09,2,4447,sum,tau2,0
239234,2.977532641625145e-09,2,4448,sum,tau2,0
755811,2.977532641625145e-09,2,4449,sum,tau2,0
368858,2.977532641625145e-09,2,4450,sum,tau2,0
603426,2.977532641625145e-09,2,4451,sum,tau2,0
886956,2.977532641625145e-09,2,4452,sum,tau2,0
160663,2.977532641625145e-09,2,4453,sum,tau2,0
501849,2.977532641625145e-09,2,4454,sum,tau2,0
799926,2.977532641625145e-09,2,4455,sum,tau2,0
661529,2.977532641625145e-09,2,4456,sum,tau2,0
827662,2.977532641625145e-09,2,4457,sum,tau2,0
952418,2.977532641625145e-09,2,4458,sum,tau2,0
752552,2.977532641625145e-09,2,4459,sum,tau2,0
199444,2.977532641625145e-09,2,4460,sum,tau2,0
874562,2.977532641625145e-09,2,4461,sum,tau2,0
897412,2.977532641625145e-09,2,4462,sum,tau2,0
376352,2.977532641625145e-09,2,4463,sum,tau2,0
316269,2.977532641625145e-09,2,4464,sum,tau2,0
842030,2.977532641625145e-09,2,4465,sum,tau2,0
511588,2.977532641625145e-09,2,4466,sum,tau2,0
793999,2.977532641625145e-09,2,4467,sum,tau2,0
335009,2.977532641625145e-09,2,4468,sum,tau2,0
964597,2.977532641625145e-09,2,4469,sum,tau2,0
989086,2.977532641625145e-09,2,4470,sum,tau2,0
714206,2.977532641625145e-09,2,4471,sum,tau2,0
866428,2.95833005374791e-09,2,4472,sum,tau2,0
891995,2.956857888605744e-09,2,4473,sum,tau2,0
814442,2.956857888605744e-09,2,4474,sum,tau2,0
118841,2.956857888605744e-09,2,4475,sum,tau2,0
269790,2.956857888605744e-09,2,4476,sum,tau2,0
717995,2.956857888605744e-09,2,4477,sum,tau2,0
887901,2.956857888605744e-09,2,4478,sum,tau2,0
697077,2.956857888605744e-09,2,4479,sum,tau2,0
156015,2.956857888605744e-09,2,4480,sum,tau2,0
103934,2.956857888605744e-09,2,4481,sum,tau2,0
482742,2.956857888605744e-09,2,4482,sum,tau2,0
25882,2.956857888605744e-09,2,4483,sum,tau2,0
14147,2.956857888605744e-09,2,4484,sum,tau2,0
767421,2.956857888605744e-09,2,4485,sum,tau2,0
592933,2.956857888605744e-09,2,4486,sum,tau2,0
853645,2.956857888605744e-09,2,4487,sum,tau2,0
431616,2.956857888605744e-09,2,4488,sum,tau2,0
363930,2.956857888605744e-09,2,4489,sum,tau2,0
612236,2.956857888605744e-09,2,4490,sum,tau2,0
917127,2.956857888605744e-09,2,4491,sum,tau2,0
661495,2.9499214156178984e-09,2,4492,sum,tau2,0
128028,2.9417548038152543e-09,2,4493,sum,tau2,0
796997,2.9417548038152543e-09,2,4494,sum,tau2,0
57450,2.9412461874007716e-09,1,4495,sum,tau2,0
909183,2.9392631099843324e-09,1,4496,sum,tau2,0
322376,2.9392631099843324e-09,1,4497,sum,tau2,0
151267,2.931009858750153e-09,2,4498,sum,tau2,0
642465,2.931009858750153e-09,2,4499,sum,tau2,0
304792,2.931009858750153e-09,2,4500,sum,tau2,0
652393,2.9280187290291e-09,2,4501,sum,tau2,0
860383,2.9280187290291e-09,2,4502,sum,tau2,0
347643,2.881225982525576e-09,2,4503,sum,tau2,0
708399,2.8700513484194515e-09,2,4504,sum,tau2,0
923923,2.839726095399953e-09,3,4505,sum,tau2,0
27034,2.825555230334822e-09,2,4506,sum,tau2,0
408903,2.8047519046785903e-09,2,4507,sum,tau2,0
144397,2.8047519046785903e-09,2,4508,sum,tau2,0
724439,2.804082383048986e-09,2,4509,sum,tau2,0
542792,2.8018443713094118e-09,1,4510,sum,tau2,0
424445,2.7870585693717606e-09,2,4511,sum,tau2,0
586692,2.7870585693717606e-09,2,4512,sum,tau2,0
670697,2.771855654191074e-09,1,4513,sum,tau2,0
209383,2.771647783383854e-09,2,4514,sum,tau2,0
512956,2.761666744176614e-09,1,4515,sum,tau2,0
375463,2.7575805751254673e-09,2,4516,sum,tau2,0
175324,2.7575805751254673e-09,2,4517,sum,tau2,0
307507,2.7575805751254673e-09,2,4518,sum,tau2,0
469312,2.7575805751254673e-09,2,4519,sum,tau2,0
705848,2.7575805751254673e-09,2,4520,sum,tau2,0
870851,2.7575805751254673e-09,2,4521,sum,tau2,0
749711,2.7575805751254673e-09,2,4522,sum,tau2,0
988016,2.746585305940206e-09,1,4523,sum,tau2,0
535542,2.7239237513748658e-09,1,4524,sum,tau2,0
272218,2.7239237513748658e-09,1,4525,sum,tau2,0
732263,2.7239237513748658e-09,1,4526,sum,tau2,0
898105,2.695621266361482e-09,1,4527,sum,tau2,0
150410,2.6864989765916947e-09,2,4528,sum,tau2,0
344301,2.6863926550717796e-09,1,4529,sum,tau2,0
609401,2.6718050082033e-09,2,4530,sum,tau2,0
636912,2.669316014609304e-09,2,4531,sum,tau2,0
41173,2.669316014609304e-09,2,4532,sum,tau2,0
696263,2.6652759079189467e-09,2,4533,sum,tau2,0
117673,2.6500441877343915e-09,2,4534,sum,tau2,0
75664,2.64996334513189e-09,1,4535,sum,tau2,0
18473,2.64996334513189e-09,1,4536,sum,tau2,0
499238,2.64996334513189e-09,1,4537,sum,tau2,0
566916,2.64996334513189e-09,1,4538,sum,tau2,0
529026,2.64996334513189e-09,1,4539,sum,tau2,0
854586,2.64996334513189e-09,1,4540,sum,tau2,0
627792,2.64996334513189e-09,1,4541,sum,tau2,0
716142,2.64996334513189e-09,1,4542,sum,tau2,0
453317,2.64996334513189e-09,1,4543,sum,tau2,0
476000,2.64996334513189e-09,1,4544,sum,tau2,0
218808,2.64996334513189e-09,1,4545,sum,tau2,0
343291,2.64996334513189e-09,1,4546,sum,tau2,0
371148,2.64996334513189e-09,1,4547,sum,tau2,0
1673,2.64996334513189e-09,1,4548,sum,tau2,0
570856,2.64996334513189e-09,1,4549,sum,tau2,0
478607,2.64996334513189e-09,1,4550,sum,tau2,0
579699,2.64996334513189e-09,1,4551,sum,tau2,0
315253,2.64996334513189e-09,1,4552,sum,tau2,0
550128,2.64996334513189e-09,1,4553,sum,tau2,0
906832,2.64996334513189e-09,1,4554,sum,tau2,0
628506,2.64996334513189e-09,1,4555,sum,tau2,0
642719,2.6485849293345057e-09,1,4556,sum,tau2,0
594007,2.639460142083979e-09,2,4557,sum,tau2,0
841804,2.6390869032517223e-09,2,4558,sum,tau2,0
225633,2.6390869032517223e-09,2,4559,sum,tau2,0
969330,2.635931816182783e-09,2,4560,sum,tau2,0
490864,2.635931816182783e-09,2,4561,sum,tau2,0
39979,2.635931816182783e-09,2,4562,sum,tau2,0
723267,2.635931816182783e-09,2,4563,sum,tau2,0
157093,2.635931816182783e-09,2,4564,sum,tau2,0
454813,2.635931816182783e-09,2,4565,sum,tau2,0
845277,2.610367249577733e-09,2,4566,sum,tau2,0
609236,2.602884340681973e-09,2,4567,sum,tau2,0
83244,2.602884340681973e-09,2,4568,sum,tau2,0
658001,2.602884340681973e-09,2,4569,sum,tau2,0
812552,2.571902984116286e-09,1,4570,sum,tau2,0
939099,2.570254028583198e-09,2,4571,sum,tau2,0
424601,2.5635029840361125e-09,2,4572,sum,tau2,0
905058,2.5557393686238155e-09,2,4573,sum,tau2,0
754345,2.5557393686238155e-09,2,4574,sum,tau2,0
443463,2.5557393686238155e-09,2,4575,sum,tau2,0
270882,2.5557393686238155e-09,2,4576,sum,tau2,0
77205,2.5557393686238155e-09,2,4577,sum,tau2,0
208204,2.5557393686238155e-09,2,4578,sum,tau2,0
336043,2.5557393686238155e-09,2,4579,sum,tau2,0
469920,2.5557393686238155e-09,2,4580,sum,tau2,0
357085,2.5557393686238155e-09,2,4581,sum,tau2,0
318268,2.5557393686238155e-09,2,4582,sum,tau2,0
577393,2.5557393686238155e-09,2,4583,sum,tau2,0
890831,2.5557393686238155e-09,2,4584,sum,tau2,0
226797,2.5557393686238155e-09,2,4585,sum,tau2,0
534381,2.5557393686238155e-09,2,4586,sum,tau2,0
779055,2.5557393686238155e-09,2,4587,sum,tau2,0
853131,2.5557393686238155e-09,2,4588,sum,tau2,0
899266,2.5557393686238155e-09,2,4589,sum,tau2,0
244520,2.54093861304051e-09,2,4590,sum,tau2,0
89054,2.5368240034818455e-09,2,4591,sum,tau2,0
531384,2.5368240034818455e-09,2,4592,sum,tau2,0
776349,2.5368240034818455e-09,2,4593,sum,tau2,0
844354,2.5368240034818455e-09,2,4594,sum,tau2,0
341493,2.5368240034818455e-09,2,4595,sum,tau2,0
132970,2.5368240034818455e-09,2,4596,sum,tau2,0
331672,2.5284067879387697e-09,2,4597,sum,tau2,0
739770,2.5284067879387697e-09,2,4598,sum,tau2,0
451061,2.5284067879387697e-09,2,4599,sum,tau2,0
49847,2.5284067879387697e-09,2,4600,sum,tau2,0
286205,2.5284067879387697e-09,2,4601,sum,tau2,0
87030,2.5265831554852054e-09,3,4602,sum,tau2,0
203820,2.519999516787919e-09,2,4603,sum,tau2,0
470816,2.519999516787919e-09,2,4604,sum,tau2,0
552087,2.516773445316054e-09,1,4605,sum,tau2,0
31887,2.516773445316054e-09,1,4606,sum,tau2,0
235075,2.490085114660928e-09,1,4607,sum,tau2,0
200377,2.4892770941212607e-09,1,4608,sum,tau2,0
525447,2.4851417859195167e-09,2,4609,sum,tau2,0
914356,2.4851417859195167e-09,2,4610,sum,tau2,0
336841,2.4817235360911903e-09,2,4611,sum,tau2,0
705212,2.4703869425354717e-09,2,4612,sum,tau2,0
474230,2.46778124931658e-09,2,4613,sum,tau2,0
561563,2.46778124931658e-09,2,4614,sum,tau2,0
494054,2.46778124931658e-09,2,4615,sum,tau2,0
970494,2.451585387925123e-09,2,4616,sum,tau2,0
271260,2.4434332128179e-09,2,4617,sum,tau2,0
795016,2.414456799602546e-09,2,4618,sum,tau2,0
938083,2.393899098026319e-09,3,4619,sum,tau2,0
664979,2.3922552036010467e-09,1,4620,sum,tau2,0
776532,2.3883861521530083e-09,2,4621,sum,tau2,0
311278,2.3883861521530083e-09,2,4622,sum,tau2,0
71383,2.3715651399340284e-09,2,4623,sum,tau2,0
448848,2.3715651399340284e-09,2,4624,sum,tau2,0
926465,2.3715651399340284e-09,2,4625,sum,tau2,0
816464,2.3715651399340284e-09,2,4626,sum,tau2,0
46357,2.3715651399340284e-09,2,4627,sum,tau2,0
636637,2.3715651399340284e-09,2,4628,sum,tau2,0
497644,2.3715651399340284e-09,2,4629,sum,tau2,0
792793,2.3715651399340284e-09,2,4630,sum,tau2,0
298771,2.3715651399340284e-09,2,4631,sum,tau2,0
396983,2.3715651399340284e-09,2,4632,sum,tau2,0
563777,2.3715651399340284e-09,2,4633,sum,tau2,0
45539,2.3715651399340284e-09,2,4634,sum,tau2,0
490502,2.3715651399340284e-09,2,4635,sum,tau2,0
805781,2.3715651399340284e-09,2,4636,sum,tau2,0
992660,2.3715651399340284e-09,2,4637,sum,tau2,0
427836,2.3715651399340284e-09,2,4638,sum,tau2,0
310766,2.3715651399340284e-09,2,4639,sum,tau2,0
79328,2.3715651399340284e-09,2,4640,sum,tau2,0
674460,2.3715651399340284e-09,2,4641,sum,tau2,0
413989,2.3715651399340284e-09,2,4642,sum,tau2,0
512954,2.3715651399340284e-09,2,4643,sum,tau2,0
23443,2.3715651399340284e-09,2,4644,sum,tau2,0
397538,2.3715651399340284e-09,2,4645,sum,tau2,0
113741,2.3715651399340284e-09,2,4646,sum,tau2,0
86303,2.3715651399340284e-09,2,4647,sum,tau2,0
613670,2.3715651399340284e-09,2,4648,sum,tau2,0
674984,2.3715651399340284e-09,2,4649,sum,tau2,0
71921,2.3715651399340284e-09,2,4650,sum,tau2,0
221281,2.3715651399340284e-09,2,4651,sum,tau2,0
547182,2.356764384350723e-09,2,4652,sum,tau2,0
745149,2.353271631654089e-09,2,4653,sum,tau2,0
995175,2.3442325592489826e-09,2,4654,sum,tau2,0
969424,2.3442325592489826e-09,2,4655,sum,tau2,0
668285,2.3385126544475914e-09,1,4656,sum,tau2,0
869383,2.335825288098132e-09,2,4657,sum,tau2,0
936451,2.335825288098132e-09,2,4658,sum,tau2,0
459732,2.335825288098132e-09,2,4659,sum,tau2,0
607066,2.334339845275028e-09,2,4660,sum,tau2,0
549503,2.3188298776879514e-09,1,4661,sum,tau2,0
193206,2.3188298776879514e-09,1,4662,sum,tau2,0
26078,2.3188298776879514e-09,1,4663,sum,tau2,0
901288,2.3188298776879514e-09,1,4664,sum,tau2,0
390740,2.3027338224673553e-09,2,4665,sum,tau2,0
710186,2.263876610549722e-09,2,4666,sum,tau2,0
21233,2.259258984128113e-09,2,4667,sum,tau2,0
825536,2.2586742772742183e-09,1,4668,sum,tau2,0
208205,2.2586742772742183e-09,1,4669,sum,tau2,0
813752,2.2586742772742183e-09,1,4670,sum,tau2,0
348911,2.2586742772742183e-09,1,4671,sum,tau2,0
650856,2.2586742772742183e-09,1,4672,sum,tau2,0
289543,2.2586742772742183e-09,1,4673,sum,tau2,0
893158,2.2586742772742183e-09,1,4674,sum,tau2,0
628775,2.2586742772742183e-09,1,4675,sum,tau2,0
696345,2.2586742772742183e-09,1,4676,sum,tau2,0
719749,2.257426450415753e-09,3,4677,sum,tau2,0
901573,2.253156833652904e-09,1,4678,sum,tau2,0
114011,2.253156833652904e-09,1,4679,sum,tau2,0
981198,2.253156833652904e-09,1,4680,sum,tau2,0
695184,2.253156833652904e-09,1,4681,sum,tau2,0
74233,2.253156833652904e-09,1,4682,sum,tau2,0
646206,2.253156833652904e-09,1,4683,sum,tau2,0
222964,2.2528515456401e-09,3,4684,sum,tau2,0
786991,2.244001029219494e-09,2,4685,sum,tau2,0
380286,2.2268819179979044e-09,3,4686,sum,tau2,0
193113,2.2256012367792953e-09,1,4687,sum,tau2,0
157074,2.2042119234632212e-09,2,4688,sum,tau2,0
575328,2.2042119234632212e-09,2,4689,sum,tau2,0
48941,2.2003598953569413e-09,2,4690,sum,tau2,0
643625,2.1937533601194084e-09,2,4691,sum,tau2,0
139660,2.1937533601194084e-09,2,4692,sum,tau2,0
179685,2.1937533601194084e-09,2,4693,sum,tau2,0
296188,2.181014768866483e-09,2,4694,sum,tau2,0
155062,2.1742483041299303e-09,1,4695,sum,tau2,0
353111,2.168061526432199e-09,2,4696,sum,tau2,0
785733,2.157689140588229e-09,2,4697,sum,tau2,0
296517,2.114750615895295e-09,1,4698,sum,tau2,0
795013,2.114750615895295e-09,1,4699,sum,tau2,0
155019,2.1018877042141855e-09,3,4700,sum,tau2,0
817627,2.0934998175324254e-09,2,4701,sum,tau2,0
394419,2.0928591497339443e-09,1,4702,sum,tau2,0
681240,2.0672102152229593e-09,1,4703,sum,tau2,0
928791,2.0589225056108705e-09,1,4704,sum,tau2,0
857134,2.055531766356226e-09,2,4705,sum,tau2,0
559964,2.049861576066294e-09,2,4706,sum,tau2,0
80920,2.0456943225528994e-09,2,4707,sum,tau2,0
326874,2.0139241171891937e-09,3,4708,sum,tau2,0
332641,1.974689311515049e-09,1,4709,sum,tau2,0
887109,1.9686563626536934e-09,1,4710,sum,tau2,0
839189,1.9686563626536934e-09,1,4711,sum,tau2,0
326993,1.9357584074013233e-09,3,4712,sum,tau2,0
250331,1.934598585083743e-09,1,4713,sum,tau2,0
285428,1.934598585083743e-09,1,4714,sum,tau2,0
593646,1.934598585083743e-09,1,4715,sum,tau2,0
303596,1.934598585083743e-09,1,4716,sum,tau2,0
584709,1.934598585083743e-09,1,4717,sum,tau2,0
649693,1.934598585083743e-09,1,4718,sum,tau2,0
819726,1.934598585083743e-09,1,4719,sum,tau2,0
591765,1.934598585083743e-09,1,4720,sum,tau2,0
127396,1.934598585083743e-09,1,4721,sum,tau2,0
682229,1.934598585083743e-09,1,4722,sum,tau2,0
339776,1.934598585083743e-09,1,4723,sum,tau2,0
399608,1.934598585083743e-09,1,4724,sum,tau2,0
729940,1.934598585083743e-09,1,4725,sum,tau2,0
414173,1.934598585083743e-09,1,4726,sum,tau2,0
678746,1.934598585083743e-09,1,4727,sum,tau2,0
881103,1.934598585083743e-09,1,4728,sum,tau2,0
934129,1.934598585083743e-09,1,4729,sum,tau2,0
788040,1.934598585083743e-09,1,4730,sum,tau2,0
346776,1.934598585083743e-09,1,4731,sum,tau2,0
896943,1.934598585083743e-09,1,4732,sum,tau2,0
43345,1.934598585083743e-09,1,4733,sum,tau2,0
492027,1.934598585083743e-09,1,4734,sum,tau2,0
357758,1.934598585083743e-09,1,4735,sum,tau2,0
235463,1.934598585083743e-09,1,4736,sum,tau2,0
629156,1.934598585083743e-09,1,4737,sum,tau2,0
676783,1.934598585083743e-09,1,4738,sum,tau2,0
78202,1.934598585083743e-09,1,4739,sum,tau2,0
54835,1.934555014800947e-09,1,4740,sum,tau2,0
308150,1.934555014800947e-09,1,4741,sum,tau2,0
846156,1.934555014800947e-09,1,4742,sum,tau2,0
121155,1.92394315593962e-09,2,4743,sum,tau2,0
906667,1.911318178879476e-09,2,4744,sum,tau2,0
955475,1.9087665441713636e-09,2,4745,sum,tau2,0
626542,1.9087665441713636e-09,2,4746,sum,tau2,0
972471,1.899533688313386e-09,1,4747,sum,tau2,0
13823,1.899533688313386e-09,1,4748,sum,tau2,0
694455,1.89758572957298e-09,2,4749,sum,tau2,0
43735,1.8888941640919297e-09,2,4750,sum,tau2,0
685784,1.8719793945284697e-09,2,4751,sum,tau2,0
65295,1.871725360264212e-09,1,4752,sum,tau2,0
79324,1.8605372390965947e-09,2,4753,sum,tau2,0
651460,1.8275994699528016e-09,2,4754,sum,tau2,0
650941,1.807363599764515e-09,2,4755,sum,tau2,0
465109,1.8056730800553317e-09,1,4756,sum,tau2,0
499540,1.801189409655036e-09,1,4757,sum,tau2,0
72177,1.801189409655036e-09,1,4758,sum,tau2,0
934563,1.7738463063667538e-09,2,4759,sum,tau2,0
339528,1.7738463063667538e-09,2,4760,sum,tau2,0
454222,1.7649669944772122e-09,3,4761,sum,tau2,0
610366,1.7406159773051603e-09,2,4762,sum,tau2,0
557101,1.7361397852744748e-09,1,4763,sum,tau2,0
242436,1.7361397852744748e-09,1,4764,sum,tau2,0
17563,1.7361397852744748e-09,1,4765,sum,tau2,0
77990,1.7361397852744748e-09,1,4766,sum,tau2,0
415144,1.7361397852744748e-09,1,4767,sum,tau2,0
990496,1.7361397852744748e-09,1,4768,sum,tau2,0
940191,1.7361397852744748e-09,1,4769,sum,tau2,0
304325,1.7361397852744748e-09,1,4770,sum,tau2,0
684735,1.7361397852744748e-09,1,4771,sum,tau2,0
915790,1.7361397852744748e-09,1,4772,sum,tau2,0
962273,1.7361397852744748e-09,1,4773,sum,tau2,0
82705,1.7361397852744748e-09,1,4774,sum,tau2,0
812098,1.7361397852744748e-09,1,4775,sum,tau2,0
647548,1.7361397852744748e-09,1,4776,sum,tau2,0
222256,1.7361397852744748e-09,1,4777,sum,tau2,0
889136,1.7361397852744748e-09,1,4778,sum,tau2,0
769746,1.7361397852744748e-09,1,4779,sum,tau2,0
703147,1.7361397852744748e-09,1,4780,sum,tau2,0
558784,1.7361397852744748e-09,1,4781,sum,tau2,0
491999,1.7361397852744748e-09,1,4782,sum,tau2,0
842921,1.7361397852744748e-09,1,4783,sum,tau2,0
431572,1.7361397852744748e-09,1,4784,sum,tau2,0
301430,1.7361397852744748e-09,1,4785,sum,tau2,0
269448,1.7361397852744748e-09,1,4786,sum,tau2,0
995020,1.7361397852744748e-09,1,4787,sum,tau2,0
131807,1.7361397852744748e-09,1,4788,sum,tau2,0
726455,1.7361397852744748e-09,1,4789,sum,tau2,0
354635,1.7361397852744748e-09,1,4790,sum,tau2,0
853948,1.7361397852744748e-09,1,4791,sum,tau2,0
272935,1.7361397852744748e-09,1,4792,sum,tau2,0
500704,1.7361397852744748e-09,1,4793,sum,tau2,0
595457,1.7361397852744748e-09,1,4794,sum,tau2,0
601258,1.7361397852744748e-09,1,4795,sum,tau2,0
317964,1.7361397852744748e-09,1,4796,sum,tau2,0
545289,1.7118210677575928e-09,2,4797,sum,tau2,0
690361,1.7118210677575928e-09,2,4798,sum,tau2,0
330145,1.7077332649382357e-09,2,4799,sum,tau2,0
268771,1.705587439850272e-09,2,4800,sum,tau2,0
872970,1.704391560610954e-09,2,4801,sum,tau2,0
581348,1.704391560610954e-09,2,4802,sum,tau2,0
946074,1.7014386189417344e-09,2,4803,sum,tau2,0
290970,1.6879244307720658e-09,1,4804,sum,tau2,0
329890,1.67625994837885e-09,2,4805,sum,tau2,0
130459,1.6729405495023599e-09,1,4806,sum,tau2,0
9811,1.6729405495023599e-09,1,4807,sum,tau2,0
847411,1.6729405495023599e-09,1,4808,sum,tau2,0
934555,1.6729405495023599e-09,1,4809,sum,tau2,0
155572,1.6729405495023599e-09,1,4810,sum,tau2,0
453495,1.6729405495023599e-09,1,4811,sum,tau2,0
493158,1.6729405495023599e-09,1,4812,sum,tau2,0
456869,1.6729405495023599e-09,1,4813,sum,tau2,0
309,1.6729405495023599e-09,1,4814,sum,tau2,0
816751,1.6729405495023599e-09,1,4815,sum,tau2,0
548599,1.6729405495023599e-09,1,4816,sum,tau2,0
269722,1.6729405495023599e-09,1,4817,sum,tau2,0
774115,1.6729405495023599e-09,1,4818,sum,tau2,0
531239,1.6729405495023599e-09,1,4819,sum,tau2,0
169969,1.6729405495023599e-09,1,4820,sum,tau2,0
608465,1.6729405495023599e-09,1,4821,sum,tau2,0
64220,1.6729405495023599e-09,1,4822,sum,tau2,0
170394,1.6729405495023599e-09,1,4823,sum,tau2,0
88811,1.6729405495023599e-09,1,4824,sum,tau2,0
32847,1.6729405495023599e-09,1,4825,sum,tau2,0
800970,1.6729405495023599e-09,1,4826,sum,tau2,0
255956,1.6729405495023599e-09,1,4827,sum,tau2,0
689290,1.6729405495023599e-09,1,4828,sum,tau2,0
31877,1.6729405495023599e-09,1,4829,sum,tau2,0
831871,1.6729405495023599e-09,1,4830,sum,tau2,0
296516,1.6729405495023599e-09,1,4831,sum,tau2,0
72249,1.6729405495023599e-09,1,4832,sum,tau2,0
224404,1.6729405495023599e-09,1,4833,sum,tau2,0
321183,1.6729405495023599e-09,1,4834,sum,tau2,0
634953,1.6729405495023599e-09,1,4835,sum,tau2,0
530225,1.6729405495023599e-09,1,4836,sum,tau2,0
839276,1.6729405495023599e-09,1,4837,sum,tau2,0
468593,1.6729405495023599e-09,1,4838,sum,tau2,0
678833,1.6729405495023599e-09,1,4839,sum,tau2,0
941962,1.6729405495023599e-09,1,4840,sum,tau2,0
778418,1.6729405495023599e-09,1,4841,sum,tau2,0
317106,1.6729405495023599e-09,1,4842,sum,tau2,0
268300,1.6729405495023599e-09,1,4843,sum,tau2,0
181133,1.6729405495023599e-09,1,4844,sum,tau2,0
615995,1.6729405495023599e-09,1,4845,sum,tau2,0
706700,1.6729405495023599e-09,1,4846,sum,tau2,0
494590,1.6729405495023599e-09,1,4847,sum,tau2,0
297976,1.6729405495023599e-09,1,4848,sum,tau2,0
914807,1.6729405495023599e-09,1,4849,sum,tau2,0
637000,1.6729405495023599e-09,1,4850,sum,tau2,0
125632,1.6729405495023599e-09,1,4851,sum,tau2,0
384482,1.6729405495023599e-09,1,4852,sum,tau2,0
162883,1.6729405495023599e-09,1,4853,sum,tau2,0
418668,1.6729405495023599e-09,1,4854,sum,tau2,0
41183,1.6729405495023599e-09,1,4855,sum,tau2,0
672679,1.6729405495023599e-09,1,4856,sum,tau2,0
172283,1.6729405495023599e-09,1,4857,sum,tau2,0
84168,1.6729405495023599e-09,1,4858,sum,tau2,0
469951,1.6729405495023599e-09,1,4859,sum,tau2,0
140825,1.6729405495023599e-09,1,4860,sum,tau2,0
409227,1.6729405495023599e-09,1,4861,sum,tau2,0
975269,1.6729405495023599e-09,1,4862,sum,tau2,0
181621,1.6729405495023599e-09,1,4863,sum,tau2,0
82710,1.6729405495023599e-09,1,4864,sum,tau2,0
931113,1.6729405495023599e-09,1,4865,sum,tau2,0
748840,1.6729405495023599e-09,1,4866,sum,tau2,0
815061,1.6729405495023599e-09,1,4867,sum,tau2,0
486068,1.6729405495023599e-09,1,4868,sum,tau2,0
786981,1.6729405495023599e-09,1,4869,sum,tau2,0
346629,1.6729405495023599e-09,1,4870,sum,tau2,0
163182,1.6729405495023599e-09,1,4871,sum,tau2,0
949824,1.6729405495023599e-09,1,4872,sum,tau2,0
430251,1.6729405495023599e-09,1,4873,sum,tau2,0
691741,1.6729405495023599e-09,1,4874,sum,tau2,0
521079,1.6729405495023599e-09,1,4875,sum,tau2,0
969333,1.6729405495023599e-09,1,4876,sum,tau2,0
853949,1.6729405495023599e-09,1,4877,sum,tau2,0
959675,1.6729405495023599e-09,1,4878,sum,tau2,0
836846,1.6729405495023599e-09,1,4879,sum,tau2,0
219498,1.6729405495023599e-09,1,4880,sum,tau2,0
152570,1.6729405495023599e-09,1,4881,sum,tau2,0
136691,1.6729405495023599e-09,1,4882,sum,tau2,0
822272,1.6729405495023599e-09,1,4883,sum,tau2,0
158345,1.6729405495023599e-09,1,4884,sum,tau2,0
318250,1.6729405495023599e-09,1,4885,sum,tau2,0
626522,1.6729405495023599e-09,1,4886,sum,tau2,0
274113,1.6729405495023599e-09,1,4887,sum,tau2,0
358921,1.6729405495023599e-09,1,4888,sum,tau2,0
209364,1.6729405495023599e-09,1,4889,sum,tau2,0
133982,1.6729405495023599e-09,1,4890,sum,tau2,0
721913,1.6729405495023599e-09,1,4891,sum,tau2,0
935548,1.6729405495023599e-09,1,4892,sum,tau2,0
929803,1.6729405495023599e-09,1,4893,sum,tau2,0
662220,1.6729405495023599e-09,1,4894,sum,tau2,0
486027,1.6729405495023599e-09,1,4895,sum,tau2,0
601107,1.6729405495023599e-09,1,4896,sum,tau2,0
983563,1.6729405495023599e-09,1,4897,sum,tau2,0
571280,1.6729405495023599e-09,1,4898,sum,tau2,0
480929,1.6729405495023599e-09,1,4899,sum,tau2,0
189629,1.6729405495023599e-09,1,4900,sum,tau2,0
790676,1.6729405495023599e-09,1,4901,sum,tau2,0
817389,1.6729405495023599e-09,1,4902,sum,tau2,0
425513,1.6729405495023599e-09,1,4903,sum,tau2,0
561554,1.6729405495023599e-09,1,4904,sum,tau2,0
790470,1.6729405495023599e-09,1,4905,sum,tau2,0
513809,1.6729405495023599e-09,1,4906,sum,tau2,0
388311,1.6729405495023599e-09,1,4907,sum,tau2,0
490672,1.6729405495023599e-09,1,4908,sum,tau2,0
467258,1.6729405495023599e-09,1,4909,sum,tau2,0
214120,1.6729405495023599e-09,1,4910,sum,tau2,0
775361,1.6729405495023599e-09,1,4911,sum,tau2,0
523103,1.6729405495023599e-09,1,4912,sum,tau2,0
61936,1.6729405495023599e-09,1,4913,sum,tau2,0
915517,1.6729405495023599e-09,1,4914,sum,tau2,0
875300,1.6729405495023599e-09,1,4915,sum,tau2,0
270969,1.6729405495023599e-09,1,4916,sum,tau2,0
819433,1.6729405495023599e-09,1,4917,sum,tau2,0
841422,1.6729405495023599e-09,1,4918,sum,tau2,0
781365,1.6729405495023599e-09,1,4919,sum,tau2,0
859742,1.6729405495023599e-09,1,4920,sum,tau2,0
790467,1.6729405495023599e-09,1,4921,sum,tau2,0
865569,1.6729405495023599e-09,1,4922,sum,tau2,0
632443,1.6729405495023599e-09,1,4923,sum,tau2,0
99282,1.6729405495023599e-09,1,4924,sum,tau2,0
912522,1.6729405495023599e-09,1,4925,sum,tau2,0
326383,1.6729405495023599e-09,1,4926,sum,tau2,0
776529,1.6729405495023599e-09,1,4927,sum,tau2,0
967098,1.6729405495023599e-09,1,4928,sum,tau2,0
150939,1.6729405495023599e-09,1,4929,sum,tau2,0
835699,1.6729405495023599e-09,1,4930,sum,tau2,0
236930,1.6729405495023599e-09,1,4931,sum,tau2,0
270954,1.6729405495023599e-09,1,4932,sum,tau2,0
541370,1.6729405495023599e-09,1,4933,sum,tau2,0
755524,1.6729405495023599e-09,1,4934,sum,tau2,0
125719,1.6729405495023599e-09,1,4935,sum,tau2,0
785375,1.6729405495023599e-09,1,4936,sum,tau2,0
82723,1.6729405495023599e-09,1,4937,sum,tau2,0
348916,1.6729405495023599e-09,1,4938,sum,tau2,0
998506,1.6729405495023599e-09,1,4939,sum,tau2,0
565247,1.6729405495023599e-09,1,4940,sum,tau2,0
352824,1.6729405495023599e-09,1,4941,sum,tau2,0
753112,1.6729405495023599e-09,1,4942,sum,tau2,0
153702,1.6729405495023599e-09,1,4943,sum,tau2,0
626820,1.6729405495023599e-09,1,4944,sum,tau2,0
765963,1.6729405495023599e-09,1,4945,sum,tau2,0
162816,1.6729405495023599e-09,1,4946,sum,tau2,0
763314,1.6729405495023599e-09,1,4947,sum,tau2,0
846286,1.6729405495023599e-09,1,4948,sum,tau2,0
216445,1.6729405495023599e-09,1,4949,sum,tau2,0
45183,1.6729405495023599e-09,1,4950,sum,tau2,0
650945,1.6729405495023599e-09,1,4951,sum,tau2,0
935761,1.6729405495023599e-09,1,4952,sum,tau2,0
582382,1.6729405495023599e-09,1,4953,sum,tau2,0
992569,1.6729405495023599e-09,1,4954,sum,tau2,0
705646,1.6729405495023599e-09,1,4955,sum,tau2,0
507145,1.6729405495023599e-09,1,4956,sum,tau2,0
8271,1.6729405495023599e-09,1,4957,sum,tau2,0
541962,1.6729405495023599e-09,1,4958,sum,tau2,0
977745,1.6729405495023599e-09,1,4959,sum,tau2,0
472283,1.6729405495023599e-09,1,4960,sum,tau2,0
653248,1.6729405495023599e-09,1,4961,sum,tau2,0
965975,1.6729405495023599e-09,1,4962,sum,tau2,0
850164,1.6729405495023599e-09,1,4963,sum,tau2,0
466166,1.6729405495023599e-09,1,4964,sum,tau2,0
348950,1.6729405495023599e-09,1,4965,sum,tau2,0
746504,1.6729405495023599e-09,1,4966,sum,tau2,0
660753,1.6729405495023599e-09,1,4967,sum,tau2,0
160672,1.6729405495023599e-09,1,4968,sum,tau2,0
552086,1.6729405495023599e-09,1,4969,sum,tau2,0
173609,1.6729405495023599e-09,1,4970,sum,tau2,0
883258,1.6729405495023599e-09,1,4971,sum,tau2,0
205556,1.6729405495023599e-09,1,4972,sum,tau2,0
898433,1.6729405495023599e-09,1,4973,sum,tau2,0
550367,1.6729405495023599e-09,1,4974,sum,tau2,0
190148,1.6729405495023599e-09,1,4975,sum,tau2,0
705838,1.6729405495023599e-09,1,4976,sum,tau2,0
351426,1.6729405495023599e-09,1,4977,sum,tau2,0
375799,1.6729405495023599e-09,1,4978,sum,tau2,0
258280,1.6729405495023599e-09,1,4979,sum,tau2,0
539375,1.6729405495023599e-09,1,4980,sum,tau2,0
422276,1.6729405495023599e-09,1,4981,sum,tau2,0
934559,1.6729405495023599e-09,1,4982,sum,tau2,0
837680,1.6729405495023599e-09,1,4983,sum,tau2,0
347753,1.6729405495023599e-09,1,4984,sum,tau2,0
371419,1.6729405495023599e-09,1,4985,sum,tau2,0
748637,1.6729405495023599e-09,1,4986,sum,tau2,0
414176,1.6729405495023599e-09,1,4987,sum,tau2,0
37502,1.6729405495023599e-09,1,4988,sum,tau2,0
327566,1.6729405495023599e-09,1,4989,sum,tau2,0
255219,1.6729405495023599e-09,1,4990,sum,tau2,0
990536,1.6729405495023599e-09,1,4991,sum,tau2,0
799804,1.6729405495023599e-09,1,4992,sum,tau2,0
16130,1.6729405495023599e-09,1,4993,sum,tau2,0
645936,1.6729405495023599e-09,1,4994,sum,tau2,0
114380,1.6729405495023599e-09,1,4995,sum,tau2,0
468164,1.6729405495023599e-09,1,4996,sum,tau2,0
338656,1.6729405495023599e-09,1,4997,sum,tau2,0
641733,1.6729405495023599e-09,1,4998,sum,tau2,0
799972,1.6729405495023599e-09,1,4999,sum,tau2,0
38224,1.6729405495023599e-09,1,5000,sum,tau2,0
408364,1.6729405495023599e-09,1,5001,sum,tau2,0
384930,1.6729405495023599e-09,1,5002,sum,tau2,0
808889,1.6729405495023599e-09,1,5003,sum,tau2,0
799764,1.6729405495023599e-09,1,5004,sum,tau2,0
504780,1.6729405495023599e-09,1,5005,sum,tau2,0
658044,1.6729405495023599e-09,1,5006,sum,tau2,0
832128,1.6729405495023599e-09,1,5007,sum,tau2,0
795311,1.6729405495023599e-09,1,5008,sum,tau2,0
951018,1.6729405495023599e-09,1,5009,sum,tau2,0
103891,1.6729405495023599e-09,1,5010,sum,tau2,0
324511,1.6729405495023599e-09,1,5011,sum,tau2,0
373351,1.6729405495023599e-09,1,5012,sum,tau2,0
103552,1.6729405495023599e-09,1,5013,sum,tau2,0
53800,1.6729405495023599e-09,1,5014,sum,tau2,0
337331,1.6729405495023599e-09,1,5015,sum,tau2,0
816195,1.6729405495023599e-09,1,5016,sum,tau2,0
275865,1.6729405495023599e-09,1,5017,sum,tau2,0
625290,1.6729405495023599e-09,1,5018,sum,tau2,0
135013,1.6729405495023599e-09,1,5019,sum,tau2,0
390313,1.6729405495023599e-09,1,5020,sum,tau2,0
288690,1.6729405495023599e-09,1,5021,sum,tau2,0
136089,1.6729405495023599e-09,1,5022,sum,tau2,0
825534,1.6729405495023599e-09,1,5023,sum,tau2,0
942587,1.6729405495023599e-09,1,5024,sum,tau2,0
902738,1.6729405495023599e-09,1,5025,sum,tau2,0
861513,1.6729405495023599e-09,1,5026,sum,tau2,0
572744,1.6729405495023599e-09,1,5027,sum,tau2,0
187554,1.6729405495023599e-09,1,5028,sum,tau2,0
881818,1.6729405495023599e-09,1,5029,sum,tau2,0
658734,1.6729405495023599e-09,1,5030,sum,tau2,0
133507,1.6729405495023599e-09,1,5031,sum,tau2,0
290075,1.6729405495023599e-09,1,5032,sum,tau2,0
146763,1.6729405495023599e-09,1,5033,sum,tau2,0
315252,1.6729405495023599e-09,1,5034,sum,tau2,0
520152,1.6729405495023599e-09,1,5035,sum,tau2,0
774026,1.6729405495023599e-09,1,5036,sum,tau2,0
460890,1.6729405495023599e-09,1,5037,sum,tau2,0
238435,1.6729405495023599e-09,1,5038,sum,tau2,0
304651,1.6729405495023599e-09,1,5039,sum,tau2,0
940280,1.6729405495023599e-09,1,5040,sum,tau2,0
353555,1.6729405495023599e-09,1,5041,sum,tau2,0
214851,1.6729405495023599e-09,1,5042,sum,tau2,0
402404,1.6729405495023599e-09,1,5043,sum,tau2,0
682831,1.6729405495023599e-09,1,5044,sum,tau2,0
53331,1.6729405495023599e-09,1,5045,sum,tau2,0
87887,1.6729405495023599e-09,1,5046,sum,tau2,0
524414,1.6729405495023599e-09,1,5047,sum,tau2,0
460651,1.6729405495023599e-09,1,5048,sum,tau2,0
926628,1.6729405495023599e-09,1,5049,sum,tau2,0
426657,1.6729405495023599e-09,1,5050,sum,tau2,0
724442,1.6729405495023599e-09,1,5051,sum,tau2,0
567558,1.6729405495023599e-09,1,5052,sum,tau2,0
734605,1.6729405495023599e-09,1,5053,sum,tau2,0
921776,1.6729405495023599e-09,1,5054,sum,tau2,0
815605,1.6729405495023599e-09,1,5055,sum,tau2,0
375640,1.6729405495023599e-09,1,5056,sum,tau2,0
804422,1.6729405495023599e-09,1,5057,sum,tau2,0
188981,1.6729405495023599e-09,1,5058,sum,tau2,0
948396,1.6729405495023599e-09,1,5059,sum,tau2,0
873401,1.6729405495023599e-09,1,5060,sum,tau2,0
252362,1.6729405495023599e-09,1,5061,sum,tau2,0
200891,1.6729405495023599e-09,1,5062,sum,tau2,0
433897,1.6729405495023599e-09,1,5063,sum,tau2,0
36762,1.6729405495023599e-09,1,5064,sum,tau2,0
244521,1.6729405495023599e-09,1,5065,sum,tau2,0
40981,1.6729405495023599e-09,1,5066,sum,tau2,0
470959,1.6729405495023599e-09,1,5067,sum,tau2,0
564592,1.6729405495023599e-09,1,5068,sum,tau2,0
656735,1.6729405495023599e-09,1,5069,sum,tau2,0
195351,1.6729405495023599e-09,1,5070,sum,tau2,0
20071,1.6729405495023599e-09,1,5071,sum,tau2,0
315943,1.6729405495023599e-09,1,5072,sum,tau2,0
116335,1.6729405495023599e-09,1,5073,sum,tau2,0
969457,1.6729405495023599e-09,1,5074,sum,tau2,0
134367,1.6729405495023599e-09,1,5075,sum,tau2,0
127131,1.6729405495023599e-09,1,5076,sum,tau2,0
124643,1.6729405495023599e-09,1,5077,sum,tau2,0
566098,1.6729405495023599e-09,1,5078,sum,tau2,0
546489,1.6729405495023599e-09,1,5079,sum,tau2,0
882162,1.6729405495023599e-09,1,5080,sum,tau2,0
530092,1.6729405495023599e-09,1,5081,sum,tau2,0
908547,1.6729405495023599e-09,1,5082,sum,tau2,0
864393,1.6729405495023599e-09,1,5083,sum,tau2,0
654718,1.6729405495023599e-09,1,5084,sum,tau2,0
250055,1.6729405495023599e-09,1,5085,sum,tau2,0
813277,1.6729405495023599e-09,1,5086,sum,tau2,0
808614,1.6729405495023599e-09,1,5087,sum,tau2,0
658004,1.6729405495023599e-09,1,5088,sum,tau2,0
159509,1.6729405495023599e-09,1,5089,sum,tau2,0
347791,1.6729405495023599e-09,1,5090,sum,tau2,0
101608,1.6729405495023599e-09,1,5091,sum,tau2,0
289473,1.6729405495023599e-09,1,5092,sum,tau2,0
277941,1.6729405495023599e-09,1,5093,sum,tau2,0
270883,1.6729405495023599e-09,1,5094,sum,tau2,0
850895,1.6729405495023599e-09,1,5095,sum,tau2,0
502487,1.6729405495023599e-09,1,5096,sum,tau2,0
548687,1.6729405495023599e-09,1,5097,sum,tau2,0
840442,1.6729405495023599e-09,1,5098,sum,tau2,0
571908,1.6729405495023599e-09,1,5099,sum,tau2,0
288646,1.6729405495023599e-09,1,5100,sum,tau2,0
483599,1.6729405495023599e-09,1,5101,sum,tau2,0
115171,1.6729405495023599e-09,1,5102,sum,tau2,0
506947,1.6729405495023599e-09,1,5103,sum,tau2,0
379123,1.6729405495023599e-09,1,5104,sum,tau2,0
887121,1.6729405495023599e-09,1,5105,sum,tau2,0
949491,1.6729405495023599e-09,1,5106,sum,tau2,0
242197,1.6729405495023599e-09,1,5107,sum,tau2,0
821413,1.6729405495023599e-09,1,5108,sum,tau2,0
549848,1.6729405495023599e-09,1,5109,sum,tau2,0
836952,1.6729405495023599e-09,1,5110,sum,tau2,0
397542,1.6729405495023599e-09,1,5111,sum,tau2,0
216485,1.6729405495023599e-09,1,5112,sum,tau2,0
919277,1.6729405495023599e-09,1,5113,sum,tau2,0
139952,1.6729405495023599e-09,1,5114,sum,tau2,0
272424,1.6729405495023599e-09,1,5115,sum,tau2,0
920511,1.6729405495023599e-09,1,5116,sum,tau2,0
838315,1.6729405495023599e-09,1,5117,sum,tau2,0
989177,1.6729405495023599e-09,1,5118,sum,tau2,0
693056,1.6729405495023599e-09,1,5119,sum,tau2,0
610792,1.6729405495023599e-09,1,5120,sum,tau2,0
438812,1.6729405495023599e-09,1,5121,sum,tau2,0
618064,1.6729405495023599e-09,1,5122,sum,tau2,0
745358,1.6729405495023599e-09,1,5123,sum,tau2,0
993644,1.6729405495023599e-09,1,5124,sum,tau2,0
926584,1.6729405495023599e-09,1,5125,sum,tau2,0
244154,1.6729405495023599e-09,1,5126,sum,tau2,0
85046,1.6729405495023599e-09,1,5127,sum,tau2,0
361263,1.6729405495023599e-09,1,5128,sum,tau2,0
803441,1.6729405495023599e-09,1,5129,sum,tau2,0
928937,1.6729405495023599e-09,1,5130,sum,tau2,0
776567,1.6729405495023599e-09,1,5131,sum,tau2,0
557110,1.6729405495023599e-09,1,5132,sum,tau2,0
436061,1.6729405495023599e-09,1,5133,sum,tau2,0
392963,1.6729405495023599e-09,1,5134,sum,tau2,0
445788,1.6729405495023599e-09,1,5135,sum,tau2,0
304580,1.6729405495023599e-09,1,5136,sum,tau2,0
620389,1.6729405495023599e-09,1,5137,sum,tau2,0
469585,1.6729405495023599e-09,1,5138,sum,tau2,0
342127,1.6729405495023599e-09,1,5139,sum,tau2,0
644488,1.6729405495023599e-09,1,5140,sum,tau2,0
13132,1.6729405495023599e-09,1,5141,sum,tau2,0
277297,1.6729405495023599e-09,1,5142,sum,tau2,0
580058,1.6729405495023599e-09,1,5143,sum,tau2,0
516281,1.6729405495023599e-09,1,5144,sum,tau2,0
574380,1.6729405495023599e-09,1,5145,sum,tau2,0
465107,1.6729405495023599e-09,1,5146,sum,tau2,0
906220,1.6729405495023599e-09,1,5147,sum,tau2,0
372577,1.6729405495023599e-09,1,5148,sum,tau2,0
119996,1.6729405495023599e-09,1,5149,sum,tau2,0
649869,1.6729405495023599e-09,1,5150,sum,tau2,0
394943,1.6729405495023599e-09,1,5151,sum,tau2,0
691702,1.6729405495023599e-09,1,5152,sum,tau2,0
260599,1.6729405495023599e-09,1,5153,sum,tau2,0
23447,1.6729405495023599e-09,1,5154,sum,tau2,0
371705,1.6729405495023599e-09,1,5155,sum,tau2,0
351948,1.6729405495023599e-09,1,5156,sum,tau2,0
446415,1.6729405495023599e-09,1,5157,sum,tau2,0
95592,1.6729405495023599e-09,1,5158,sum,tau2,0
725558,1.6729405495023599e-09,1,5159,sum,tau2,0
503617,1.6729405495023599e-09,1,5160,sum,tau2,0
490834,1.6729405495023599e-09,1,5161,sum,tau2,0
511792,1.6729405495023599e-09,1,5162,sum,tau2,0
193098,1.6729405495023599e-09,1,5163,sum,tau2,0
88824,1.6729405495023599e-09,1,5164,sum,tau2,0
664870,1.6729405495023599e-09,1,5165,sum,tau2,0
287148,1.6729405495023599e-09,1,5166,sum,tau2,0
899249,1.6729405495023599e-09,1,5167,sum,tau2,0
630831,1.6729405495023599e-09,1,5168,sum,tau2,0
837151,1.6729405495023599e-09,1,5169,sum,tau2,0
10033,1.6729405495023599e-09,1,5170,sum,tau2,0
742655,1.6729405495023599e-09,1,5171,sum,tau2,0
974255,1.6729405495023599e-09,1,5172,sum,tau2,0
412375,1.6729405495023599e-09,1,5173,sum,tau2,0
238418,1.6729405495023599e-09,1,5174,sum,tau2,0
755607,1.6729405495023599e-09,1,5175,sum,tau2,0
843837,1.6729405495023599e-09,1,5176,sum,tau2,0
340686,1.6729405495023599e-09,1,5177,sum,tau2,0
584364,1.6729405495023599e-09,1,5178,sum,tau2,0
519726,1.6729405495023599e-09,1,5179,sum,tau2,0
496485,1.6729405495023599e-09,1,5180,sum,tau2,0
569694,1.6729405495023599e-09,1,5181,sum,tau2,0
667296,1.6729405495023599e-09,1,5182,sum,tau2,0
367072,1.6729405495023599e-09,1,5183,sum,tau2,0
505942,1.6729405495023599e-09,1,5184,sum,tau2,0
1478,1.6729405495023599e-09,1,5185,sum,tau2,0
642165,1.6729405495023599e-09,1,5186,sum,tau2,0
418835,1.6729405495023599e-09,1,5187,sum,tau2,0
506765,1.6729405495023599e-09,1,5188,sum,tau2,0
940196,1.6729405495023599e-09,1,5189,sum,tau2,0
521962,1.6729405495023599e-09,1,5190,sum,tau2,0
499235,1.6729405495023599e-09,1,5191,sum,tau2,0
933824,1.6729405495023599e-09,1,5192,sum,tau2,0
604754,1.6729405495023599e-09,1,5193,sum,tau2,0
784214,1.6729405495023599e-09,1,5194,sum,tau2,0
189543,1.6729405495023599e-09,1,5195,sum,tau2,0
518754,1.6729405495023599e-09,1,5196,sum,tau2,0
362768,1.6729405495023599e-09,1,5197,sum,tau2,0
262187,1.6729405495023599e-09,1,5198,sum,tau2,0
358032,1.6729405495023599e-09,1,5199,sum,tau2,0
827693,1.6729405495023599e-09,1,5200,sum,tau2,0
778403,1.6729405495023599e-09,1,5201,sum,tau2,0
102394,1.6729405495023599e-09,1,5202,sum,tau2,0
876466,1.6729405495023599e-09,1,5203,sum,tau2,0
369653,1.6729405495023599e-09,1,5204,sum,tau2,0
23551,1.6729405495023599e-09,1,5205,sum,tau2,0
652926,1.6729405495023599e-09,1,5206,sum,tau2,0
752839,1.6729405495023599e-09,1,5207,sum,tau2,0
657029,1.6729405495023599e-09,1,5208,sum,tau2,0
920816,1.6729405495023599e-09,1,5209,sum,tau2,0
604118,1.6729405495023599e-09,1,5210,sum,tau2,0
663367,1.6729405495023599e-09,1,5211,sum,tau2,0
706699,1.6729405495023599e-09,1,5212,sum,tau2,0
539392,1.6729405495023599e-09,1,5213,sum,tau2,0
663972,1.6729405495023599e-09,1,5214,sum,tau2,0
311730,1.6729405495023599e-09,1,5215,sum,tau2,0
294498,1.6729405495023599e-09,1,5216,sum,tau2,0
143244,1.6729405495023599e-09,1,5217,sum,tau2,0
408086,1.6729405495023599e-09,1,5218,sum,tau2,0
423190,1.6729405495023599e-09,1,5219,sum,tau2,0
79529,1.6729405495023599e-09,1,5220,sum,tau2,0
558500,1.6729405495023599e-09,1,5221,sum,tau2,0
449556,1.6729405495023599e-09,1,5222,sum,tau2,0
334968,1.6729405495023599e-09,1,5223,sum,tau2,0
469668,1.6729405495023599e-09,1,5224,sum,tau2,0
906223,1.6729405495023599e-09,1,5225,sum,tau2,0
535261,1.6729405495023599e-09,1,5226,sum,tau2,0
853381,1.6729405495023599e-09,1,5227,sum,tau2,0
649419,1.6729405495023599e-09,1,5228,sum,tau2,0
395397,1.6729405495023599e-09,1,5229,sum,tau2,0
794673,1.6729405495023599e-09,1,5230,sum,tau2,0
281086,1.6729405495023599e-09,1,5231,sum,tau2,0
746476,1.6729405495023599e-09,1,5232,sum,tau2,0
261030,1.6729405495023599e-09,1,5233,sum,tau2,0
725828,1.6729405495023599e-09,1,5234,sum,tau2,0
920618,1.6729405495023599e-09,1,5235,sum,tau2,0
688642,1.6729405495023599e-09,1,5236,sum,tau2,0
196239,1.6729405495023599e-09,1,5237,sum,tau2,0
66975,1.6729405495023599e-09,1,5238,sum,tau2,0
315644,1.6729405495023599e-09,1,5239,sum,tau2,0
863573,1.6729405495023599e-09,1,5240,sum,tau2,0
209661,1.6729405495023599e-09,1,5241,sum,tau2,0
135835,1.6729405495023599e-09,1,5242,sum,tau2,0
246205,1.6729405495023599e-09,1,5243,sum,tau2,0
218768,1.6729405495023599e-09,1,5244,sum,tau2,0
953152,1.6729405495023599e-09,1,5245,sum,tau2,0
527901,1.6729405495023599e-09,1,5246,sum,tau2,0
970581,1.6729405495023599e-09,1,5247,sum,tau2,0
908891,1.6729405495023599e-09,1,5248,sum,tau2,0
616171,1.6729405495023599e-09,1,5249,sum,tau2,0
915518,1.6729405495023599e-09,1,5250,sum,tau2,0
597577,1.6729405495023599e-09,1,5251,sum,tau2,0
786023,1.6729405495023599e-09,1,5252,sum,tau2,0
889065,1.6729405495023599e-09,1,5253,sum,tau2,0
957840,1.6729405495023599e-09,1,5254,sum,tau2,0
471121,1.6729405495023599e-09,1,5255,sum,tau2,0
554409,1.6729405495023599e-09,1,5256,sum,tau2,0
666851,1.6729405495023599e-09,1,5257,sum,tau2,0
46361,1.6729405495023599e-09,1,5258,sum,tau2,0
399038,1.6729405495023599e-09,1,5259,sum,tau2,0
544167,1.6729405495023599e-09,1,5260,sum,tau2,0
766801,1.6729405495023599e-09,1,5261,sum,tau2,0
466433,1.6729405495023599e-09,1,5262,sum,tau2,0
901590,1.6729405495023599e-09,1,5263,sum,tau2,0
446525,1.6729405495023599e-09,1,5264,sum,tau2,0
173272,1.6729405495023599e-09,1,5265,sum,tau2,0
933590,1.6729405495023599e-09,1,5266,sum,tau2,0
653355,1.6729405495023599e-09,1,5267,sum,tau2,0
221823,1.6729405495023599e-09,1,5268,sum,tau2,0
796174,1.6729405495023599e-09,1,5269,sum,tau2,0
232282,1.6729405495023599e-09,1,5270,sum,tau2,0
981772,1.6729405495023599e-09,1,5271,sum,tau2,0
227957,1.6729405495023599e-09,1,5272,sum,tau2,0
398427,1.6729405495023599e-09,1,5273,sum,tau2,0
846437,1.6729405495023599e-09,1,5274,sum,tau2,0
992700,1.6729405495023599e-09,1,5275,sum,tau2,0
686962,1.6729405495023599e-09,1,5276,sum,tau2,0
308668,1.6729405495023599e-09,1,5277,sum,tau2,0
302861,1.6729405495023599e-09,1,5278,sum,tau2,0
95599,1.6729405495023599e-09,1,5279,sum,tau2,0
478081,1.6729405495023599e-09,1,5280,sum,tau2,0
620857,1.6729405495023599e-09,1,5281,sum,tau2,0
852218,1.6729405495023599e-09,1,5282,sum,tau2,0
96311,1.6729405495023599e-09,1,5283,sum,tau2,0
795028,1.6729405495023599e-09,1,5284,sum,tau2,0
799334,1.6729405495023599e-09,1,5285,sum,tau2,0
85848,1.6729405495023599e-09,1,5286,sum,tau2,0
366168,1.6729405495023599e-09,1,5287,sum,tau2,0
878693,1.6729405495023599e-09,1,5288,sum,tau2,0
601103,1.6729405495023599e-09,1,5289,sum,tau2,0
552265,1.6729405495023599e-09,1,5290,sum,tau2,0
592973,1.6729405495023599e-09,1,5291,sum,tau2,0
42335,1.6729405495023599e-09,1,5292,sum,tau2,0
567560,1.6729405495023599e-09,1,5293,sum,tau2,0
66542,1.6729405495023599e-09,1,5294,sum,tau2,0
186435,1.6729405495023599e-09,1,5295,sum,tau2,0
883591,1.6729405495023599e-09,1,5296,sum,tau2,0
885578,1.6729405495023599e-09,1,5297,sum,tau2,0
104801,1.6729405495023599e-09,1,5298,sum,tau2,0
741578,1.6729405495023599e-09,1,5299,sum,tau2,0
410063,1.6729405495023599e-09,1,5300,sum,tau2,0
847449,1.6729405495023599e-09,1,5301,sum,tau2,0
293137,1.6729405495023599e-09,1,5302,sum,tau2,0
643059,1.6729405495023599e-09,1,5303,sum,tau2,0
423439,1.6729405495023599e-09,1,5304,sum,tau2,0
932965,1.6729405495023599e-09,1,5305,sum,tau2,0
571927,1.6729405495023599e-09,1,5306,sum,tau2,0
348738,1.6729405495023599e-09,1,5307,sum,tau2,0
793994,1.6729405495023599e-09,1,5308,sum,tau2,0
806650,1.6729405495023599e-09,1,5309,sum,tau2,0
641731,1.6729405495023599e-09,1,5310,sum,tau2,0
33563,1.6729405495023599e-09,1,5311,sum,tau2,0
643611,1.6729405495023599e-09,1,5312,sum,tau2,0
582040,1.6729405495023599e-09,1,5313,sum,tau2,0
506837,1.6729405495023599e-09,1,5314,sum,tau2,0
138,1.6729405495023599e-09,1,5315,sum,tau2,0
478950,1.6729405495023599e-09,1,5316,sum,tau2,0
549201,1.6729405495023599e-09,1,5317,sum,tau2,0
446072,1.6729405495023599e-09,1,5318,sum,tau2,0
774025,1.6729405495023599e-09,1,5319,sum,tau2,0
218804,1.6729405495023599e-09,1,5320,sum,tau2,0
218959,1.6729405495023599e-09,1,5321,sum,tau2,0
832213,1.6729405495023599e-09,1,5322,sum,tau2,0
893895,1.6729405495023599e-09,1,5323,sum,tau2,0
627687,1.6729405495023599e-09,1,5324,sum,tau2,0
502121,1.6729405495023599e-09,1,5325,sum,tau2,0
988048,1.6729405495023599e-09,1,5326,sum,tau2,0
549831,1.6729405495023599e-09,1,5327,sum,tau2,0
771771,1.6729405495023599e-09,1,5328,sum,tau2,0
813710,1.6729405495023599e-09,1,5329,sum,tau2,0
360353,1.6729405495023599e-09,1,5330,sum,tau2,0
824176,1.6729405495023599e-09,1,5331,sum,tau2,0
225932,1.6729405495023599e-09,1,5332,sum,tau2,0
384844,1.6729405495023599e-09,1,5333,sum,tau2,0
766499,1.6729405495023599e-09,1,5334,sum,tau2,0
719139,1.6729405495023599e-09,1,5335,sum,tau2,0
483529,1.6729405495023599e-09,1,5336,sum,tau2,0
860351,1.6729405495023599e-09,1,5337,sum,tau2,0
37317,1.6729405495023599e-09,1,5338,sum,tau2,0
605750,1.6729405495023599e-09,1,5339,sum,tau2,0
921779,1.6729405495023599e-09,1,5340,sum,tau2,0
123912,1.6729405495023599e-09,1,5341,sum,tau2,0
19105,1.6729405495023599e-09,1,5342,sum,tau2,0
750874,1.6729405495023599e-09,1,5343,sum,tau2,0
203851,1.6729405495023599e-09,1,5344,sum,tau2,0
207335,1.6729405495023599e-09,1,5345,sum,tau2,0
577392,1.6729405495023599e-09,1,5346,sum,tau2,0
78172,1.6729405495023599e-09,1,5347,sum,tau2,0
386091,1.6729405495023599e-09,1,5348,sum,tau2,0
219753,1.6729405495023599e-09,1,5349,sum,tau2,0
990527,1.6729405495023599e-09,1,5350,sum,tau2,0
949662,1.6729405495023599e-09,1,5351,sum,tau2,0
97925,1.6729405495023599e-09,1,5352,sum,tau2,0
553421,1.6729405495023599e-09,1,5353,sum,tau2,0
126970,1.6729405495023599e-09,1,5354,sum,tau2,0
354882,1.6729405495023599e-09,1,5355,sum,tau2,0
467001,1.6729405495023599e-09,1,5356,sum,tau2,0
563430,1.6729405495023599e-09,1,5357,sum,tau2,0
815304,1.6729405495023599e-09,1,5358,sum,tau2,0
973962,1.6729405495023599e-09,1,5359,sum,tau2,0
70762,1.6729405495023599e-09,1,5360,sum,tau2,0
51480,1.6729405495023599e-09,1,5361,sum,tau2,0
888795,1.6729405495023599e-09,1,5362,sum,tau2,0
30563,1.6729405495023599e-09,1,5363,sum,tau2,0
763568,1.6729405495023599e-09,1,5364,sum,tau2,0
483745,1.6729405495023599e-09,1,5365,sum,tau2,0
862410,1.6729405495023599e-09,1,5366,sum,tau2,0
539681,1.6729405495023599e-09,1,5367,sum,tau2,0
124647,1.6729405495023599e-09,1,5368,sum,tau2,0
20778,1.6729405495023599e-09,1,5369,sum,tau2,0
581135,1.6729405495023599e-09,1,5370,sum,tau2,0
860381,1.6729405495023599e-09,1,5371,sum,tau2,0
168350,1.6729405495023599e-09,1,5372,sum,tau2,0
401632,1.6729405495023599e-09,1,5373,sum,tau2,0
456977,1.6729405495023599e-09,1,5374,sum,tau2,0
208136,1.6729405495023599e-09,1,5375,sum,tau2,0
493192,1.6729405495023599e-09,1,5376,sum,tau2,0
917167,1.6729405495023599e-09,1,5377,sum,tau2,0
235037,1.6729405495023599e-09,1,5378,sum,tau2,0
403714,1.6729405495023599e-09,1,5379,sum,tau2,0
144403,1.6729405495023599e-09,1,5380,sum,tau2,0
698672,1.6729405495023599e-09,1,5381,sum,tau2,0
35330,1.6729405495023599e-09,1,5382,sum,tau2,0
470917,1.6729405495023599e-09,1,5383,sum,tau2,0
498809,1.6729405495023599e-09,1,5384,sum,tau2,0
947382,1.6729405495023599e-09,1,5385,sum,tau2,0
448755,1.6729405495023599e-09,1,5386,sum,tau2,0
274435,1.6729405495023599e-09,1,5387,sum,tau2,0
504529,1.6729405495023599e-09,1,5388,sum,tau2,0
621012,1.6729405495023599e-09,1,5389,sum,tau2,0
692773,1.6729405495023599e-09,1,5390,sum,tau2,0
225561,1.6729405495023599e-09,1,5391,sum,tau2,0
220133,1.6729405495023599e-09,1,5392,sum,tau2,0
431239,1.6729405495023599e-09,1,5393,sum,tau2,0
882094,1.6729405495023599e-09,1,5394,sum,tau2,0
889247,1.6729405495023599e-09,1,5395,sum,tau2,0
129117,1.6729405495023599e-09,1,5396,sum,tau2,0
571044,1.6729405495023599e-09,1,5397,sum,tau2,0
747518,1.6729405495023599e-09,1,5398,sum,tau2,0
952973,1.6729405495023599e-09,1,5399,sum,tau2,0
154426,1.6729405495023599e-09,1,5400,sum,tau2,0
988011,1.6729405495023599e-09,1,5401,sum,tau2,0
760451,1.6729405495023599e-09,1,5402,sum,tau2,0
301270,1.6729405495023599e-09,1,5403,sum,tau2,0
90857,1.6729405495023599e-09,1,5404,sum,tau2,0
118834,1.6729405495023599e-09,1,5405,sum,tau2,0
16473,1.6729405495023599e-09,1,5406,sum,tau2,0
362423,1.6729405495023599e-09,1,5407,sum,tau2,0
681448,1.6729405495023599e-09,1,5408,sum,tau2,0
688420,1.6729405495023599e-09,1,5409,sum,tau2,0
548326,1.6729405495023599e-09,1,5410,sum,tau2,0
859031,1.6729405495023599e-09,1,5411,sum,tau2,0
740075,1.6729405495023599e-09,1,5412,sum,tau2,0
213688,1.6729405495023599e-09,1,5413,sum,tau2,0
262475,1.6729405495023599e-09,1,5414,sum,tau2,0
432778,1.6729405495023599e-09,1,5415,sum,tau2,0
137423,1.6729405495023599e-09,1,5416,sum,tau2,0
189266,1.6729405495023599e-09,1,5417,sum,tau2,0
47866,1.6729405495023599e-09,1,5418,sum,tau2,0
652020,1.6729405495023599e-09,1,5419,sum,tau2,0
200086,1.6729405495023599e-09,1,5420,sum,tau2,0
833374,1.6729405495023599e-09,1,5421,sum,tau2,0
586688,1.6729405495023599e-09,1,5422,sum,tau2,0
424646,1.6729405495023599e-09,1,5423,sum,tau2,0
572217,1.6729405495023599e-09,1,5424,sum,tau2,0
325239,1.6729405495023599e-09,1,5425,sum,tau2,0
630024,1.6729405495023599e-09,1,5426,sum,tau2,0
357042,1.6729405495023599e-09,1,5427,sum,tau2,0
155286,1.6729405495023599e-09,1,5428,sum,tau2,0
195727,1.6729405495023599e-09,1,5429,sum,tau2,0
872525,1.6729405495023599e-09,1,5430,sum,tau2,0
719140,1.6729405495023599e-09,1,5431,sum,tau2,0
66971,1.6729405495023599e-09,1,5432,sum,tau2,0
158349,1.6729405495023599e-09,1,5433,sum,tau2,0
65585,1.6729405495023599e-09,1,5434,sum,tau2,0
759285,1.6729405495023599e-09,1,5435,sum,tau2,0
530185,1.6729405495023599e-09,1,5436,sum,tau2,0
815585,1.6729405495023599e-09,1,5437,sum,tau2,0
885956,1.6729405495023599e-09,1,5438,sum,tau2,0
963503,1.6729405495023599e-09,1,5439,sum,tau2,0
19633,1.6729405495023599e-09,1,5440,sum,tau2,0
567570,1.6729405495023599e-09,1,5441,sum,tau2,0
919364,1.6729405495023599e-09,1,5442,sum,tau2,0
385124,1.6729405495023599e-09,1,5443,sum,tau2,0
430984,1.6729405495023599e-09,1,5444,sum,tau2,0
515117,1.6729405495023599e-09,1,5445,sum,tau2,0
914715,1.6729405495023599e-09,1,5446,sum,tau2,0
87653,1.6729405495023599e-09,1,5447,sum,tau2,0
567572,1.6729405495023599e-09,1,5448,sum,tau2,0
155843,1.6729405495023599e-09,1,5449,sum,tau2,0
183912,1.6729405495023599e-09,1,5450,sum,tau2,0
361894,1.6729405495023599e-09,1,5451,sum,tau2,0
478624,1.6729405495023599e-09,1,5452,sum,tau2,0
976432,1.6729405495023599e-09,1,5453,sum,tau2,0
124838,1.6729405495023599e-09,1,5454,sum,tau2,0
946380,1.6729405495023599e-09,1,5455,sum,tau2,0
117679,1.6729405495023599e-09,1,5456,sum,tau2,0
966124,1.6729405495023599e-09,1,5457,sum,tau2,0
301699,1.6729405495023599e-09,1,5458,sum,tau2,0
211708,1.6729405495023599e-09,1,5459,sum,tau2,0
43304,1.6729405495023599e-09,1,5460,sum,tau2,0
673005,1.6729405495023599e-09,1,5461,sum,tau2,0
857133,1.6729405495023599e-09,1,5462,sum,tau2,0
175040,1.6729405495023599e-09,1,5463,sum,tau2,0
579698,1.6729405495023599e-09,1,5464,sum,tau2,0
133833,1.6729405495023599e-09,1,5465,sum,tau2,0
555639,1.6729405495023599e-09,1,5466,sum,tau2,0
4224,1.6729405495023599e-09,1,5467,sum,tau2,0
127685,1.6729405495023599e-09,1,5468,sum,tau2,0
625360,1.6729405495023599e-09,1,5469,sum,tau2,0
382616,1.6729405495023599e-09,1,5470,sum,tau2,0
470928,1.6729405495023599e-09,1,5471,sum,tau2,0
11824,1.6729405495023599e-09,1,5472,sum,tau2,0
38210,1.6729405495023599e-09,1,5473,sum,tau2,0
594825,1.6729405495023599e-09,1,5474,sum,tau2,0
933293,1.6729405495023599e-09,1,5475,sum,tau2,0
433733,1.6729405495023599e-09,1,5476,sum,tau2,0
885021,1.6729405495023599e-09,1,5477,sum,tau2,0
256141,1.6729405495023599e-09,1,5478,sum,tau2,0
561718,1.6729405495023599e-09,1,5479,sum,tau2,0
476556,1.6729405495023599e-09,1,5480,sum,tau2,0
672677,1.6729405495023599e-09,1,5481,sum,tau2,0
255505,1.6729405495023599e-09,1,5482,sum,tau2,0
99283,1.6729405495023599e-09,1,5483,sum,tau2,0
771774,1.6729405495023599e-09,1,5484,sum,tau2,0
756962,1.6729405495023599e-09,1,5485,sum,tau2,0
686082,1.6729405495023599e-09,1,5486,sum,tau2,0
572441,1.6729405495023599e-09,1,5487,sum,tau2,0
341510,1.6729405495023599e-09,1,5488,sum,tau2,0
783503,1.6729405495023599e-09,1,5489,sum,tau2,0
677961,1.6729405495023599e-09,1,5490,sum,tau2,0
522477,1.6729405495023599e-09,1,5491,sum,tau2,0
265248,1.6729405495023599e-09,1,5492,sum,tau2,0
541626,1.6729405495023599e-09,1,5493,sum,tau2,0
387083,1.6729405495023599e-09,1,5494,sum,tau2,0
842763,1.6729405495023599e-09,1,5495,sum,tau2,0
546001,1.6729405495023599e-09,1,5496,sum,tau2,0
500703,1.6729405495023599e-09,1,5497,sum,tau2,0
619661,1.6729405495023599e-09,1,5498,sum,tau2,0
686967,1.6729405495023599e-09,1,5499,sum,tau2,0
993731,1.6729405495023599e-09,1,5500,sum,tau2,0
667727,1.6729405495023599e-09,1,5501,sum,tau2,0
43507,1.6729405495023599e-09,1,5502,sum,tau2,0
57677,1.6729405495023599e-09,1,5503,sum,tau2,0
61164,1.6729405495023599e-09,1,5504,sum,tau2,0
514990,1.6729405495023599e-09,1,5505,sum,tau2,0
847450,1.6729405495023599e-09,1,5506,sum,tau2,0
213160,1.6729405495023599e-09,1,5507,sum,tau2,0
228100,1.6729405495023599e-09,1,5508,sum,tau2,0
684297,1.6729405495023599e-09,1,5509,sum,tau2,0
695379,1.6729405495023599e-09,1,5510,sum,tau2,0
769122,1.6729405495023599e-09,1,5511,sum,tau2,0
665708,1.6729405495023599e-09,1,5512,sum,tau2,0
26037,1.6729405495023599e-09,1,5513,sum,tau2,0
788148,1.6729405495023599e-09,1,5514,sum,tau2,0
122144,1.6729405495023599e-09,1,5515,sum,tau2,0
147712,1.6729405495023599e-09,1,5516,sum,tau2,0
662649,1.6729405495023599e-09,1,5517,sum,tau2,0
629938,1.6729405495023599e-09,1,5518,sum,tau2,0
168711,1.6729405495023599e-09,1,5519,sum,tau2,0
385644,1.6729405495023599e-09,1,5520,sum,tau2,0
676492,1.6729405495023599e-09,1,5521,sum,tau2,0
976393,1.6729405495023599e-09,1,5522,sum,tau2,0
992848,1.6729405495023599e-09,1,5523,sum,tau2,0
217643,1.6729405495023599e-09,1,5524,sum,tau2,0
723786,1.6729405495023599e-09,1,5525,sum,tau2,0
432486,1.6729405495023599e-09,1,5526,sum,tau2,0
131618,1.6729405495023599e-09,1,5527,sum,tau2,0
324937,1.6729405495023599e-09,1,5528,sum,tau2,0
920611,1.6729405495023599e-09,1,5529,sum,tau2,0
427839,1.6729405495023599e-09,1,5530,sum,tau2,0
457407,1.6729405495023599e-09,1,5531,sum,tau2,0
923100,1.6729405495023599e-09,1,5532,sum,tau2,0
751394,1.6729405495023599e-09,1,5533,sum,tau2,0
935880,1.6729405495023599e-09,1,5534,sum,tau2,0
565081,1.6729405495023599e-09,1,5535,sum,tau2,0
988203,1.6729405495023599e-09,1,5536,sum,tau2,0
465541,1.6729405495023599e-09,1,5537,sum,tau2,0
746138,1.6729405495023599e-09,1,5538,sum,tau2,0
454480,1.6729405495023599e-09,1,5539,sum,tau2,0
202048,1.6729405495023599e-09,1,5540,sum,tau2,0
277296,1.6729405495023599e-09,1,5541,sum,tau2,0
625362,1.6729405495023599e-09,1,5542,sum,tau2,0
638251,1.6729405495023599e-09,1,5543,sum,tau2,0
88784,1.6729405495023599e-09,1,5544,sum,tau2,0
114081,1.6729405495023599e-09,1,5545,sum,tau2,0
612682,1.6729405495023599e-09,1,5546,sum,tau2,0
516278,1.6729405495023599e-09,1,5547,sum,tau2,0
184981,1.6729405495023599e-09,1,5548,sum,tau2,0
174610,1.6729405495023599e-09,1,5549,sum,tau2,0
109966,1.6729405495023599e-09,1,5550,sum,tau2,0
130278,1.6729405495023599e-09,1,5551,sum,tau2,0
438386,1.6729405495023599e-09,1,5552,sum,tau2,0
539669,1.6729405495023599e-09,1,5553,sum,tau2,0
54193,1.6729405495023599e-09,1,5554,sum,tau2,0
884162,1.6729405495023599e-09,1,5555,sum,tau2,0
128322,1.6729405495023599e-09,1,5556,sum,tau2,0
422849,1.6729405495023599e-09,1,5557,sum,tau2,0
731248,1.6729405495023599e-09,1,5558,sum,tau2,0
227105,1.6729405495023599e-09,1,5559,sum,tau2,0
948414,1.6729405495023599e-09,1,5560,sum,tau2,0
434791,1.6729405495023599e-09,1,5561,sum,tau2,0
322344,1.6729405495023599e-09,1,5562,sum,tau2,0
856706,1.6729405495023599e-09,1,5563,sum,tau2,0
631482,1.6729405495023599e-09,1,5564,sum,tau2,0
380292,1.6729405495023599e-09,1,5565,sum,tau2,0
767127,1.6729405495023599e-09,1,5566,sum,tau2,0
586946,1.6729405495023599e-09,1,5567,sum,tau2,0
451080,1.6729405495023599e-09,1,5568,sum,tau2,0
565470,1.6729405495023599e-09,1,5569,sum,tau2,0
425174,1.6729405495023599e-09,1,5570,sum,tau2,0
728154,1.6729405495023599e-09,1,5571,sum,tau2,0
894079,1.6729405495023599e-09,1,5572,sum,tau2,0
905079,1.6729405495023599e-09,1,5573,sum,tau2,0
552158,1.6729405495023599e-09,1,5574,sum,tau2,0
233869,1.6729405495023599e-09,1,5575,sum,tau2,0
344423,1.6729405495023599e-09,1,5576,sum,tau2,0
781180,1.6729405495023599e-09,1,5577,sum,tau2,0
308151,1.6729405495023599e-09,1,5578,sum,tau2,0
626526,1.6729405495023599e-09,1,5579,sum,tau2,0
842768,1.6729405495023599e-09,1,5580,sum,tau2,0
563708,1.6729405495023599e-09,1,5581,sum,tau2,0
644252,1.6729405495023599e-09,1,5582,sum,tau2,0
588325,1.6729405495023599e-09,1,5583,sum,tau2,0
261025,1.6729405495023599e-09,1,5584,sum,tau2,0
553250,1.6729405495023599e-09,1,5585,sum,tau2,0
322389,1.6729405495023599e-09,1,5586,sum,tau2,0
691742,1.6729405495023599e-09,1,5587,sum,tau2,0
110894,1.6729405495023599e-09,1,5588,sum,tau2,0
301165,1.6729405495023599e-09,1,5589,sum,tau2,0
476919,1.6729405495023599e-09,1,5590,sum,tau2,0
674180,1.6729405495023599e-09,1,5591,sum,tau2,0
175963,1.6729405495023599e-09,1,5592,sum,tau2,0
662221,1.6729405495023599e-09,1,5593,sum,tau2,0
987579,1.6729405495023599e-09,1,5594,sum,tau2,0
854292,1.6729405495023599e-09,1,5595,sum,tau2,0
267773,1.6729405495023599e-09,1,5596,sum,tau2,0
773041,1.6729405495023599e-09,1,5597,sum,tau2,0
919644,1.6729405495023599e-09,1,5598,sum,tau2,0
309443,1.6729405495023599e-09,1,5599,sum,tau2,0
181585,1.6729405495023599e-09,1,5600,sum,tau2,0
788061,1.6729405495023599e-09,1,5601,sum,tau2,0
943748,1.6729405495023599e-09,1,5602,sum,tau2,0
139019,1.6729405495023599e-09,1,5603,sum,tau2,0
111870,1.6729405495023599e-09,1,5604,sum,tau2,0
418630,1.6729405495023599e-09,1,5605,sum,tau2,0
138501,1.6729405495023599e-09,1,5606,sum,tau2,0
806631,1.6729405495023599e-09,1,5607,sum,tau2,0
36243,1.6729405495023599e-09,1,5608,sum,tau2,0
894320,1.6729405495023599e-09,1,5609,sum,tau2,0
946379,1.6729405495023599e-09,1,5610,sum,tau2,0
54476,1.6729405495023599e-09,1,5611,sum,tau2,0
209021,1.6729405495023599e-09,1,5612,sum,tau2,0
287529,1.6729405495023599e-09,1,5613,sum,tau2,0
982912,1.6729405495023599e-09,1,5614,sum,tau2,0
910053,1.6729405495023599e-09,1,5615,sum,tau2,0
89988,1.6729405495023599e-09,1,5616,sum,tau2,0
297972,1.6729405495023599e-09,1,5617,sum,tau2,0
574765,1.6729405495023599e-09,1,5618,sum,tau2,0
266233,1.6729405495023599e-09,1,5619,sum,tau2,0
406278,1.6729405495023599e-09,1,5620,sum,tau2,0
413894,1.6729405495023599e-09,1,5621,sum,tau2,0
849300,1.6729405495023599e-09,1,5622,sum,tau2,0
562286,1.6729405495023599e-09,1,5623,sum,tau2,0
96325,1.6729405495023599e-09,1,5624,sum,tau2,0
725396,1.6729405495023599e-09,1,5625,sum,tau2,0
288309,1.6729405495023599e-09,1,5626,sum,tau2,0
303419,1.6729405495023599e-09,1,5627,sum,tau2,0
233782,1.6729405495023599e-09,1,5628,sum,tau2,0
561745,1.6729405495023599e-09,1,5629,sum,tau2,0
320292,1.6729405495023599e-09,1,5630,sum,tau2,0
541625,1.6729405495023599e-09,1,5631,sum,tau2,0
732268,1.6729405495023599e-09,1,5632,sum,tau2,0
864390,1.6729405495023599e-09,1,5633,sum,tau2,0
682447,1.6729405495023599e-09,1,5634,sum,tau2,0
449002,1.6729405495023599e-09,1,5635,sum,tau2,0
85325,1.6729405495023599e-09,1,5636,sum,tau2,0
777515,1.6729405495023599e-09,1,5637,sum,tau2,0
442586,1.6729405495023599e-09,1,5638,sum,tau2,0
978876,1.6729405495023599e-09,1,5639,sum,tau2,0
262929,1.6729405495023599e-09,1,5640,sum,tau2,0
426763,1.6729405495023599e-09,1,5641,sum,tau2,0
469027,1.6729405495023599e-09,1,5642,sum,tau2,0
148597,1.6729405495023599e-09,1,5643,sum,tau2,0
79326,1.6729405495023599e-09,1,5644,sum,tau2,0
87029,1.6729405495023599e-09,1,5645,sum,tau2,0
596578,1.6729405495023599e-09,1,5646,sum,tau2,0
381341,1.6729405495023599e-09,1,5647,sum,tau2,0
71620,1.6729405495023599e-09,1,5648,sum,tau2,0
411821,1.6729405495023599e-09,1,5649,sum,tau2,0
164342,1.6729405495023599e-09,1,5650,sum,tau2,0
778405,1.6729405495023599e-09,1,5651,sum,tau2,0
895481,1.6729405495023599e-09,1,5652,sum,tau2,0
674276,1.6729405495023599e-09,1,5653,sum,tau2,0
615211,1.6729405495023599e-09,1,5654,sum,tau2,0
371721,1.6729405495023599e-09,1,5655,sum,tau2,0
889150,1.6729405495023599e-09,1,5656,sum,tau2,0
878678,1.6729405495023599e-09,1,5657,sum,tau2,0
450735,1.6729405495023599e-09,1,5658,sum,tau2,0
250854,1.6729405495023599e-09,1,5659,sum,tau2,0
968295,1.6729405495023599e-09,1,5660,sum,tau2,0
285203,1.6729405495023599e-09,1,5661,sum,tau2,0
54929,1.6729405495023599e-09,1,5662,sum,tau2,0
490584,1.6729405495023599e-09,1,5663,sum,tau2,0
315929,1.6729405495023599e-09,1,5664,sum,tau2,0
494157,1.6729405495023599e-09,1,5665,sum,tau2,0
824065,1.6729405495023599e-09,1,5666,sum,tau2,0
836951,1.6729405495023599e-09,1,5667,sum,tau2,0
697404,1.6729405495023599e-09,1,5668,sum,tau2,0
876027,1.6729405495023599e-09,1,5669,sum,tau2,0
749715,1.6729405495023599e-09,1,5670,sum,tau2,0
677758,1.6729405495023599e-09,1,5671,sum,tau2,0
104717,1.6729405495023599e-09,1,5672,sum,tau2,0
409374,1.6729405495023599e-09,1,5673,sum,tau2,0
760970,1.6729405495023599e-09,1,5674,sum,tau2,0
886468,1.6729405495023599e-09,1,5675,sum,tau2,0
620643,1.6729405495023599e-09,1,5676,sum,tau2,0
677916,1.6729405495023599e-09,1,5677,sum,tau2,0
194189,1.6729405495023599e-09,1,5678,sum,tau2,0
630829,1.6729405495023599e-09,1,5679,sum,tau2,0
228778,1.6729405495023599e-09,1,5680,sum,tau2,0
647587,1.6729405495023599e-09,1,5681,sum,tau2,0
154896,1.6729405495023599e-09,1,5682,sum,tau2,0
149477,1.6729405495023599e-09,1,5683,sum,tau2,0
516400,1.6729405495023599e-09,1,5684,sum,tau2,0
230815,1.6729405495023599e-09,1,5685,sum,tau2,0
537314,1.6729405495023599e-09,1,5686,sum,tau2,0
479484,1.6729405495023599e-09,1,5687,sum,tau2,0
385123,1.6729405495023599e-09,1,5688,sum,tau2,0
446518,1.6729405495023599e-09,1,5689,sum,tau2,0
638290,1.6729405495023599e-09,1,5690,sum,tau2,0
689582,1.6729405495023599e-09,1,5691,sum,tau2,0
111775,1.6729405495023599e-09,1,5692,sum,tau2,0
455854,1.6729405495023599e-09,1,5693,sum,tau2,0
962451,1.6729405495023599e-09,1,5694,sum,tau2,0
984091,1.6729405495023599e-09,1,5695,sum,tau2,0
566247,1.6729405495023599e-09,1,5696,sum,tau2,0
205551,1.6729405495023599e-09,1,5697,sum,tau2,0
512914,1.6729405495023599e-09,1,5698,sum,tau2,0
931233,1.6729405495023599e-09,1,5699,sum,tau2,0
440620,1.6729405495023599e-09,1,5700,sum,tau2,0
581504,1.6729405495023599e-09,1,5701,sum,tau2,0
934749,1.6729405495023599e-09,1,5702,sum,tau2,0
895093,1.6729405495023599e-09,1,5703,sum,tau2,0
882472,1.6729405495023599e-09,1,5704,sum,tau2,0
132776,1.6729405495023599e-09,1,5705,sum,tau2,0
339655,1.6729405495023599e-09,1,5706,sum,tau2,0
823200,1.6729405495023599e-09,1,5707,sum,tau2,0
266609,1.6729405495023599e-09,1,5708,sum,tau2,0
10336,1.6729405495023599e-09,1,5709,sum,tau2,0
904388,1.6729405495023599e-09,1,5710,sum,tau2,0
182294,1.6729405495023599e-09,1,5711,sum,tau2,0
590649,1.6729405495023599e-09,1,5712,sum,tau2,0
597474,1.6729405495023599e-09,1,5713,sum,tau2,0
991537,1.6729405495023599e-09,1,5714,sum,tau2,0
776527,1.6729405495023599e-09,1,5715,sum,tau2,0
459297,1.6729405495023599e-09,1,5716,sum,tau2,0
301163,1.6729405495023599e-09,1,5717,sum,tau2,0
57159,1.6729405495023599e-09,1,5718,sum,tau2,0
537160,1.6729405495023599e-09,1,5719,sum,tau2,0
383768,1.6729405495023599e-09,1,5720,sum,tau2,0
932240,1.6729405495023599e-09,1,5721,sum,tau2,0
590795,1.6729405495023599e-09,1,5722,sum,tau2,0
133490,1.6729405495023599e-09,1,5723,sum,tau2,0
853261,1.6729405495023599e-09,1,5724,sum,tau2,0
460504,1.6729405495023599e-09,1,5725,sum,tau2,0
741869,1.6729405495023599e-09,1,5726,sum,tau2,0
121873,1.6729405495023599e-09,1,5727,sum,tau2,0
428643,1.6729405495023599e-09,1,5728,sum,tau2,0
66437,1.6729405495023599e-09,1,5729,sum,tau2,0
444906,1.6729405495023599e-09,1,5730,sum,tau2,0
148073,1.6729405495023599e-09,1,5731,sum,tau2,0
17748,1.6729405495023599e-09,1,5732,sum,tau2,0
73719,1.6729405495023599e-09,1,5733,sum,tau2,0
938233,1.6729405495023599e-09,1,5734,sum,tau2,0
104443,1.6729405495023599e-09,1,5735,sum,tau2,0
130364,1.6729405495023599e-09,1,5736,sum,tau2,0
771877,1.6729405495023599e-09,1,5737,sum,tau2,0
243064,1.6729405495023599e-09,1,5738,sum,tau2,0
926337,1.6729405495023599e-09,1,5739,sum,tau2,0
441874,1.6729405495023599e-09,1,5740,sum,tau2,0
74677,1.6729405495023599e-09,1,5741,sum,tau2,0
433898,1.6729405495023599e-09,1,5742,sum,tau2,0
803080,1.6729405495023599e-09,1,5743,sum,tau2,0
296617,1.6729405495023599e-09,1,5744,sum,tau2,0
705213,1.6729405495023599e-09,1,5745,sum,tau2,0
987904,1.6729405495023599e-09,1,5746,sum,tau2,0
205552,1.6729405495023599e-09,1,5747,sum,tau2,0
912642,1.6729405495023599e-09,1,5748,sum,tau2,0
136454,1.6729405495023599e-09,1,5749,sum,tau2,0
169513,1.6729405495023599e-09,1,5750,sum,tau2,0
5945,1.6729405495023599e-09,1,5751,sum,tau2,0
813603,1.6729405495023599e-09,1,5752,sum,tau2,0
352307,1.6729405495023599e-09,1,5753,sum,tau2,0
146617,1.6729405495023599e-09,1,5754,sum,tau2,0
800966,1.6729405495023599e-09,1,5755,sum,tau2,0
746355,1.6729405495023599e-09,1,5756,sum,tau2,0
595456,1.6729405495023599e-09,1,5757,sum,tau2,0
532506,1.6729405495023599e-09,1,5758,sum,tau2,0
35172,1.6729405495023599e-09,1,5759,sum,tau2,0
297605,1.6729405495023599e-09,1,5760,sum,tau2,0
310564,1.6729405495023599e-09,1,5761,sum,tau2,0
432577,1.6729405495023599e-09,1,5762,sum,tau2,0
526594,1.6729405495023599e-09,1,5763,sum,tau2,0
35210,1.6729405495023599e-09,1,5764,sum,tau2,0
806931,1.6729405495023599e-09,1,5765,sum,tau2,0
530386,1.6729405495023599e-09,1,5766,sum,tau2,0
46797,1.6729405495023599e-09,1,5767,sum,tau2,0
792999,1.6729405495023599e-09,1,5768,sum,tau2,0
817926,1.6729405495023599e-09,1,5769,sum,tau2,0
363927,1.6729405495023599e-09,1,5770,sum,tau2,0
469584,1.6729405495023599e-09,1,5771,sum,tau2,0
906496,1.6729405495023599e-09,1,5772,sum,tau2,0
58321,1.6729405495023599e-09,1,5773,sum,tau2,0
882310,1.6729405495023599e-09,1,5774,sum,tau2,0
926250,1.6729405495023599e-09,1,5775,sum,tau2,0
789502,1.6729405495023599e-09,1,5776,sum,tau2,0
253623,1.6729405495023599e-09,1,5777,sum,tau2,0
874048,1.6729405495023599e-09,1,5778,sum,tau2,0
268647,1.6729405495023599e-09,1,5779,sum,tau2,0
916680,1.6729405495023599e-09,1,5780,sum,tau2,0
941424,1.6729405495023599e-09,1,5781,sum,tau2,0
179987,1.6729405495023599e-09,1,5782,sum,tau2,0
451062,1.6729405495023599e-09,1,5783,sum,tau2,0
878789,1.6729405495023599e-09,1,5784,sum,tau2,0
467003,1.6729405495023599e-09,1,5785,sum,tau2,0
234075,1.6729405495023599e-09,1,5786,sum,tau2,0
332194,1.6729405495023599e-09,1,5787,sum,tau2,0
3062,1.6729405495023599e-09,1,5788,sum,tau2,0
926432,1.6729405495023599e-09,1,5789,sum,tau2,0
144439,1.6729405495023599e-09,1,5790,sum,tau2,0
647099,1.6729405495023599e-09,1,5791,sum,tau2,0
681243,1.6729405495023599e-09,1,5792,sum,tau2,0
377854,1.6729405495023599e-09,1,5793,sum,tau2,0
523924,1.6729405495023599e-09,1,5794,sum,tau2,0
726129,1.6729405495023599e-09,1,5795,sum,tau2,0
102994,1.6729405495023599e-09,1,5796,sum,tau2,0
458053,1.6729405495023599e-09,1,5797,sum,tau2,0
859217,1.6729405495023599e-09,1,5798,sum,tau2,0
6016,1.6729405495023599e-09,1,5799,sum,tau2,0
993647,1.6729405495023599e-09,1,5800,sum,tau2,0
354632,1.6729405495023599e-09,1,5801,sum,tau2,0
286055,1.6729405495023599e-09,1,5802,sum,tau2,0
947546,1.6729405495023599e-09,1,5803,sum,tau2,0
299133,1.6729405495023599e-09,1,5804,sum,tau2,0
234065,1.6729405495023599e-09,1,5805,sum,tau2,0
567374,1.6729405495023599e-09,1,5806,sum,tau2,0
436488,1.6729405495023599e-09,1,5807,sum,tau2,0
951882,1.6729405495023599e-09,1,5808,sum,tau2,0
264275,1.6729405495023599e-09,1,5809,sum,tau2,0
347752,1.6729405495023599e-09,1,5810,sum,tau2,0
956797,1.6729405495023599e-09,1,5811,sum,tau2,0
423280,1.6729405495023599e-09,1,5812,sum,tau2,0
718469,1.6729405495023599e-09,1,5813,sum,tau2,0
516238,1.6729405495023599e-09,1,5814,sum,tau2,0
976550,1.6729405495023599e-09,1,5815,sum,tau2,0
775794,1.6729405495023599e-09,1,5816,sum,tau2,0
125703,1.6729405495023599e-09,1,5817,sum,tau2,0
670974,1.6729405495023599e-09,1,5818,sum,tau2,0
501173,1.6729405495023599e-09,1,5819,sum,tau2,0
799589,1.6729405495023599e-09,1,5820,sum,tau2,0
651073,1.6729405495023599e-09,1,5821,sum,tau2,0
973336,1.6729405495023599e-09,1,5822,sum,tau2,0
658716,1.6729405495023599e-09,1,5823,sum,tau2,0
726599,1.6729405495023599e-09,1,5824,sum,tau2,0
23739,1.6729405495023599e-09,1,5825,sum,tau2,0
901064,1.6729405495023599e-09,1,5826,sum,tau2,0
175769,1.6729405495023599e-09,1,5827,sum,tau2,0
517560,1.6729405495023599e-09,1,5828,sum,tau2,0
918494,1.6729405495023599e-09,1,5829,sum,tau2,0
566367,1.6729405495023599e-09,1,5830,sum,tau2,0
51601,1.6729405495023599e-09,1,5831,sum,tau2,0
981035,1.6729405495023599e-09,1,5832,sum,tau2,0
884796,1.6729405495023599e-09,1,5833,sum,tau2,0
217764,1.6729405495023599e-09,1,5834,sum,tau2,0
30075,1.6729405495023599e-09,1,5835,sum,tau2,0
982361,1.6729405495023599e-09,1,5836,sum,tau2,0
224737,1.6729405495023599e-09,1,5837,sum,tau2,0
752553,1.6729405495023599e-09,1,5838,sum,tau2,0
975056,1.6729405495023599e-09,1,5839,sum,tau2,0
296535,1.6729405495023599e-09,1,5840,sum,tau2,0
839463,1.6729405495023599e-09,1,5841,sum,tau2,0
140481,1.6729405495023599e-09,1,5842,sum,tau2,0
755804,1.6729405495023599e-09,1,5843,sum,tau2,0
182948,1.6729405495023599e-09,1,5844,sum,tau2,0
629667,1.6729405495023599e-09,1,5845,sum,tau2,0
492893,1.6729405495023599e-09,1,5846,sum,tau2,0
295012,1.6729405495023599e-09,1,5847,sum,tau2,0
423102,1.6716396998132083e-09,1,5848,sum,tau2,0
534655,1.671502867728475e-09,2,5849,sum,tau2,0
491661,1.6619813161306284e-09,1,5850,sum,tau2,0
255777,1.6619813161306284e-09,1,5851,sum,tau2,0
251345,1.6619813161306284e-09,1,5852,sum,tau2,0
527858,1.6619813161306284e-09,1,5853,sum,tau2,0
575395,1.6619813161306284e-09,1,5854,sum,tau2,0
327038,1.6619813161306284e-09,1,5855,sum,tau2,0
600961,1.6619813161306284e-09,1,5856,sum,tau2,0
190881,1.6619813161306284e-09,1,5857,sum,tau2,0
374668,1.6619813161306284e-09,1,5858,sum,tau2,0
284553,1.6619813161306284e-09,1,5859,sum,tau2,0
762622,1.6619813161306284e-09,1,5860,sum,tau2,0
308280,1.6619813161306284e-09,1,5861,sum,tau2,0
738185,1.6619813161306284e-09,1,5862,sum,tau2,0
32413,1.6619813161306284e-09,1,5863,sum,tau2,0
698874,1.6619813161306284e-09,1,5864,sum,tau2,0
822903,1.6619813161306284e-09,1,5865,sum,tau2,0
596423,1.6619813161306284e-09,1,5866,sum,tau2,0
516279,1.6619813161306284e-09,1,5867,sum,tau2,0
21427,1.6619813161306284e-09,1,5868,sum,tau2,0
619818,1.6619813161306284e-09,1,5869,sum,tau2,0
178810,1.6619813161306284e-09,1,5870,sum,tau2,0
195419,1.6619813161306284e-09,1,5871,sum,tau2,0
256155,1.6619813161306284e-09,1,5872,sum,tau2,0
606785,1.6619813161306284e-09,1,5873,sum,tau2,0
77000,1.6619813161306284e-09,1,5874,sum,tau2,0
733358,1.6619813161306284e-09,1,5875,sum,tau2,0
75105,1.6619813161306284e-09,1,5876,sum,tau2,0
571281,1.6619813161306284e-09,1,5877,sum,tau2,0
567567,1.6619813161306284e-09,1,5878,sum,tau2,0
781214,1.6619813161306284e-09,1,5879,sum,tau2,0
705199,1.6619813161306284e-09,1,5880,sum,tau2,0
205539,1.6619813161306284e-09,1,5881,sum,tau2,0
474609,1.6619813161306284e-09,1,5882,sum,tau2,0
661530,1.6619813161306284e-09,1,5883,sum,tau2,0
946890,1.6619813161306284e-09,1,5884,sum,tau2,0
879767,1.6619813161306284e-09,1,5885,sum,tau2,0
928747,1.6619813161306284e-09,1,5886,sum,tau2,0
92821,1.6619813161306284e-09,1,5887,sum,tau2,0
658714,1.6619813161306284e-09,1,5888,sum,tau2,0
266405,1.6619813161306284e-09,1,5889,sum,tau2,0
403093,1.6619813161306284e-09,1,5890,sum,tau2,0
321752,1.6619813161306284e-09,1,5891,sum,tau2,0
739,1.6619813161306284e-09,1,5892,sum,tau2,0
904547,1.6619813161306284e-09,1,5893,sum,tau2,0
639321,1.6619813161306284e-09,1,5894,sum,tau2,0
89990,1.6619813161306284e-09,1,5895,sum,tau2,0
544286,1.6619813161306284e-09,1,5896,sum,tau2,0
974778,1.6619813161306284e-09,1,5897,sum,tau2,0
784556,1.6619813161306284e-09,1,5898,sum,tau2,0
489406,1.6619813161306284e-09,1,5899,sum,tau2,0
931071,1.6619813161306284e-09,1,5900,sum,tau2,0
946216,1.6619813161306284e-09,1,5901,sum,tau2,0
37684,1.6619813161306284e-09,1,5902,sum,tau2,0
168697,1.6619813161306284e-09,1,5903,sum,tau2,0
411554,1.6619813161306284e-09,1,5904,sum,tau2,0
614275,1.6619813161306284e-09,1,5905,sum,tau2,0
36524,1.6619813161306284e-09,1,5906,sum,tau2,0
340784,1.6619813161306284e-09,1,5907,sum,tau2,0
491833,1.6619813161306284e-09,1,5908,sum,tau2,0
854293,1.6619813161306284e-09,1,5909,sum,tau2,0
308400,1.6619813161306284e-09,1,5910,sum,tau2,0
316565,1.6619813161306284e-09,1,5911,sum,tau2,0
144603,1.6619813161306284e-09,1,5912,sum,tau2,0
821670,1.6619813161306284e-09,1,5913,sum,tau2,0
184095,1.6619813161306284e-09,1,5914,sum,tau2,0
605538,1.6619813161306284e-09,1,5915,sum,tau2,0
30564,1.6619813161306284e-09,1,5916,sum,tau2,0
777241,1.6619813161306284e-09,1,5917,sum,tau2,0
94472,1.6619813161306284e-09,1,5918,sum,tau2,0
434901,1.6619813161306284e-09,1,5919,sum,tau2,0
611417,1.6619813161306284e-09,1,5920,sum,tau2,0
54750,1.6619813161306284e-09,1,5921,sum,tau2,0
406921,1.6619813161306284e-09,1,5922,sum,tau2,0
913535,1.6619813161306284e-09,1,5923,sum,tau2,0
811296,1.6619813161306284e-09,1,5924,sum,tau2,0
500402,1.6619813161306284e-09,1,5925,sum,tau2,0
445560,1.6619813161306284e-09,1,5926,sum,tau2,0
26588,1.6619813161306284e-09,1,5927,sum,tau2,0
146927,1.6619813161306284e-09,1,5928,sum,tau2,0
704524,1.6619813161306284e-09,1,5929,sum,tau2,0
160563,1.6619813161306284e-09,1,5930,sum,tau2,0
319129,1.6619813161306284e-09,1,5931,sum,tau2,0
449034,1.6619813161306284e-09,1,5932,sum,tau2,0
655591,1.6619813161306284e-09,1,5933,sum,tau2,0
93461,1.6619813161306284e-09,1,5934,sum,tau2,0
673839,1.6619813161306284e-09,1,5935,sum,tau2,0
200376,1.6619813161306284e-09,1,5936,sum,tau2,0
671771,1.6619813161306284e-09,1,5937,sum,tau2,0
204377,1.6619813161306284e-09,1,5938,sum,tau2,0
426770,1.6619813161306284e-09,1,5939,sum,tau2,0
273583,1.6619813161306284e-09,1,5940,sum,tau2,0
288647,1.6619813161306284e-09,1,5941,sum,tau2,0
64261,1.6619813161306284e-09,1,5942,sum,tau2,0
319411,1.6619813161306284e-09,1,5943,sum,tau2,0
44898,1.6619813161306284e-09,1,5944,sum,tau2,0
222453,1.6619813161306284e-09,1,5945,sum,tau2,0
371702,1.6619813161306284e-09,1,5946,sum,tau2,0
13285,1.6619813161306284e-09,1,5947,sum,tau2,0
908822,1.6619813161306284e-09,1,5948,sum,tau2,0
985876,1.6619813161306284e-09,1,5949,sum,tau2,0
700891,1.6619813161306284e-09,1,5950,sum,tau2,0
317697,1.6619813161306284e-09,1,5951,sum,tau2,0
592481,1.6619813161306284e-09,1,5952,sum,tau2,0
933602,1.6619813161306284e-09,1,5953,sum,tau2,0
264084,1.6619813161306284e-09,1,5954,sum,tau2,0
403077,1.6619813161306284e-09,1,5955,sum,tau2,0
963769,1.6619813161306284e-09,1,5956,sum,tau2,0
163418,1.6619813161306284e-09,1,5957,sum,tau2,0
90984,1.6619813161306284e-09,1,5958,sum,tau2,0
968084,1.6619813161306284e-09,1,5959,sum,tau2,0
394659,1.6619813161306284e-09,1,5960,sum,tau2,0
395429,1.6619813161306284e-09,1,5961,sum,tau2,0
16472,1.6619813161306284e-09,1,5962,sum,tau2,0
527682,1.6619813161306284e-09,1,5963,sum,tau2,0
81478,1.6619813161306284e-09,1,5964,sum,tau2,0
840476,1.6619813161306284e-09,1,5965,sum,tau2,0
221822,1.6619813161306284e-09,1,5966,sum,tau2,0
229651,1.6619813161306284e-09,1,5967,sum,tau2,0
788859,1.6619813161306284e-09,1,5968,sum,tau2,0
429249,1.6619813161306284e-09,1,5969,sum,tau2,0
933601,1.6619813161306284e-09,1,5970,sum,tau2,0
712618,1.6619813161306284e-09,1,5971,sum,tau2,0
616178,1.6619813161306284e-09,1,5972,sum,tau2,0
121319,1.6619813161306284e-09,1,5973,sum,tau2,0
109361,1.6619813161306284e-09,1,5974,sum,tau2,0
618925,1.6619813161306284e-09,1,5975,sum,tau2,0
677958,1.6619813161306284e-09,1,5976,sum,tau2,0
396449,1.6619813161306284e-09,1,5977,sum,tau2,0
264818,1.6619813161306284e-09,1,5978,sum,tau2,0
379836,1.6619813161306284e-09,1,5979,sum,tau2,0
401403,1.6619813161306284e-09,1,5980,sum,tau2,0
362123,1.6619813161306284e-09,1,5981,sum,tau2,0
475394,1.6619813161306284e-09,1,5982,sum,tau2,0
500398,1.6619813161306284e-09,1,5983,sum,tau2,0
66749,1.6619813161306284e-09,1,5984,sum,tau2,0
95489,1.6619813161306284e-09,1,5985,sum,tau2,0
943764,1.6619813161306284e-09,1,5986,sum,tau2,0
474833,1.6619813161306284e-09,1,5987,sum,tau2,0
528572,1.6619813161306284e-09,1,5988,sum,tau2,0
924528,1.6619813161306284e-09,1,5989,sum,tau2,0
111433,1.6619813161306284e-09,1,5990,sum,tau2,0
730477,1.6619813161306284e-09,1,5991,sum,tau2,0
210528,1.6619813161306284e-09,1,5992,sum,tau2,0
479486,1.6619813161306284e-09,1,5993,sum,tau2,0
505676,1.6619813161306284e-09,1,5994,sum,tau2,0
565049,1.6619813161306284e-09,1,5995,sum,tau2,0
623181,1.6619813161306284e-09,1,5996,sum,tau2,0
109363,1.6619813161306284e-09,1,5997,sum,tau2,0
115348,1.6619813161306284e-09,1,5998,sum,tau2,0
835789,1.6619813161306284e-09,1,5999,sum,tau2,0
476934,1.6619813161306284e-09,1,6000,sum,tau2,0
613741,1.6619813161306284e-09,1,6001,sum,tau2,0
957987,1.6619813161306284e-09,1,6002,sum,tau2,0
730047,1.6619813161306284e-09,1,6003,sum,tau2,0
234304,1.6619813161306284e-09,1,6004,sum,tau2,0
238433,1.6619813161306284e-09,1,6005,sum,tau2,0
422030,1.6619813161306284e-09,1,6006,sum,tau2,0
967006,1.6619813161306284e-09,1,6007,sum,tau2,0
929948,1.6619813161306284e-09,1,6008,sum,tau2,0
493002,1.6619813161306284e-09,1,6009,sum,tau2,0
560291,1.6619813161306284e-09,1,6010,sum,tau2,0
423994,1.6619813161306284e-09,1,6011,sum,tau2,0
473961,1.6619813161306284e-09,1,6012,sum,tau2,0
375190,1.6619813161306284e-09,1,6013,sum,tau2,0
126976,1.6619813161306284e-09,1,6014,sum,tau2,0
422308,1.6619813161306284e-09,1,6015,sum,tau2,0
653249,1.6619813161306284e-09,1,6016,sum,tau2,0
730050,1.6619813161306284e-09,1,6017,sum,tau2,0
93184,1.6619813161306284e-09,1,6018,sum,tau2,0
713675,1.6619813161306284e-09,1,6019,sum,tau2,0
785393,1.6619813161306284e-09,1,6020,sum,tau2,0
798809,1.6619813161306284e-09,1,6021,sum,tau2,0
739350,1.6619813161306284e-09,1,6022,sum,tau2,0
655504,1.6619813161306284e-09,1,6023,sum,tau2,0
85568,1.6619813161306284e-09,1,6024,sum,tau2,0
753114,1.6619813161306284e-09,1,6025,sum,tau2,0
16781,1.6619813161306284e-09,1,6026,sum,tau2,0
287220,1.6619813161306284e-09,1,6027,sum,tau2,0
36227,1.6619813161306284e-09,1,6028,sum,tau2,0
112063,1.6619813161306284e-09,1,6029,sum,tau2,0
963798,1.6619813161306284e-09,1,6030,sum,tau2,0
825533,1.6619813161306284e-09,1,6031,sum,tau2,0
247858,1.6619813161306284e-09,1,6032,sum,tau2,0
278068,1.6619813161306284e-09,1,6033,sum,tau2,0
726752,1.6619813161306284e-09,1,6034,sum,tau2,0
796280,1.6561256350874618e-09,1,6035,sum,tau2,0
256665,1.6326907077231876e-09,1,6036,sum,tau2,0
18909,1.6326907077231876e-09,1,6037,sum,tau2,0
691526,1.6326907077231876e-09,1,6038,sum,tau2,0
932275,1.6326907077231876e-09,1,6039,sum,tau2,0
51437,1.6326907077231876e-09,1,6040,sum,tau2,0
480420,1.6326907077231876e-09,1,6041,sum,tau2,0
184337,1.6326907077231876e-09,1,6042,sum,tau2,0
31685,1.6326907077231876e-09,1,6043,sum,tau2,0
881837,1.6326907077231876e-09,1,6044,sum,tau2,0
153899,1.6326907077231876e-09,1,6045,sum,tau2,0
336842,1.6326907077231876e-09,1,6046,sum,tau2,0
141969,1.6236018277411444e-09,1,6047,sum,tau2,0
928317,1.6236018277411444e-09,1,6048,sum,tau2,0
72397,1.6236018277411444e-09,1,6049,sum,tau2,0
591678,1.6236018277411444e-09,1,6050,sum,tau2,0
581742,1.6236018277411444e-09,1,6051,sum,tau2,0
2546,1.6236018277411444e-09,1,6052,sum,tau2,0
218591,1.6236018277411444e-09,1,6053,sum,tau2,0
395579,1.6236018277411444e-09,1,6054,sum,tau2,0
734693,1.6236018277411444e-09,1,6055,sum,tau2,0
455812,1.6236018277411444e-09,1,6056,sum,tau2,0
231547,1.6236018277411444e-09,1,6057,sum,tau2,0
930968,1.6236018277411444e-09,1,6058,sum,tau2,0
153264,1.6236018277411444e-09,1,6059,sum,tau2,0
629937,1.6236018277411444e-09,1,6060,sum,tau2,0
363044,1.6236018277411444e-09,1,6061,sum,tau2,0
897381,1.6236018277411444e-09,1,6062,sum,tau2,0
249181,1.6236018277411444e-09,1,6063,sum,tau2,0
658194,1.6236018277411444e-09,1,6064,sum,tau2,0
591594,1.6236018277411444e-09,1,6065,sum,tau2,0
121157,1.6236018277411444e-09,1,6066,sum,tau2,0
471124,1.6141231069389245e-09,1,6067,sum,tau2,0
877812,1.606641367010992e-09,2,6068,sum,tau2,0
33904,1.606641367010992e-09,2,6069,sum,tau2,0
485921,1.598244421772104e-09,2,6070,sum,tau2,0
160561,1.5738785634762538e-09,1,6071,sum,tau2,0
330317,1.5738785634762538e-09,1,6072,sum,tau2,0
66546,1.5738785634762538e-09,1,6073,sum,tau2,0
380196,1.5738785634762538e-09,1,6074,sum,tau2,0
57410,1.5738785634762538e-09,1,6075,sum,tau2,0
88624,1.5661744077645125e-09,1,6076,sum,tau2,0
12662,1.5524790272927053e-09,2,6077,sum,tau2,0
254827,1.552102860359314e-09,2,6078,sum,tau2,0
994250,1.5452337824819781e-09,1,6079,sum,tau2,0
294724,1.5285550080618822e-09,1,6080,sum,tau2,0
857760,1.5241808931104793e-09,2,6081,sum,tau2,0
157386,1.5241808931104793e-09,2,6082,sum,tau2,0
925174,1.5080518249506836e-09,2,6083,sum,tau2,0
265249,1.5058413386402183e-09,2,6084,sum,tau2,0
491664,1.5058413386402183e-09,2,6085,sum,tau2,0
461196,1.5058413386402183e-09,2,6086,sum,tau2,0
415149,1.5049509669438353e-09,2,6087,sum,tau2,0
461785,1.5049509669438353e-09,2,6088,sum,tau2,0
962452,1.4929078056510774e-09,2,6089,sum,tau2,0
369093,1.489464169398947e-09,1,6090,sum,tau2,0
201344,1.489464169398947e-09,1,6091,sum,tau2,0
65210,1.489464169398947e-09,1,6092,sum,tau2,0
230576,1.489464169398947e-09,1,6093,sum,tau2,0
261315,1.489464169398947e-09,1,6094,sum,tau2,0
104440,1.489464169398947e-09,1,6095,sum,tau2,0
706075,1.4887663208125726e-09,1,6096,sum,tau2,0
518459,1.4887663208125726e-09,1,6097,sum,tau2,0
733426,1.4887663208125726e-09,1,6098,sum,tau2,0
766799,1.4887663208125726e-09,1,6099,sum,tau2,0
322080,1.4887663208125726e-09,1,6100,sum,tau2,0
92823,1.4887663208125726e-09,1,6101,sum,tau2,0
675255,1.4887663208125726e-09,1,6102,sum,tau2,0
307269,1.4887663208125726e-09,1,6103,sum,tau2,0
808094,1.4887663208125726e-09,1,6104,sum,tau2,0
225930,1.4887663208125726e-09,1,6105,sum,tau2,0
123685,1.4887663208125726e-09,1,6106,sum,tau2,0
454858,1.4887663208125726e-09,1,6107,sum,tau2,0
412861,1.4887663208125726e-09,1,6108,sum,tau2,0
55355,1.4887663208125726e-09,1,6109,sum,tau2,0
101229,1.4887663208125726e-09,1,6110,sum,tau2,0
124850,1.4887663208125726e-09,1,6111,sum,tau2,0
734887,1.4887663208125726e-09,1,6112,sum,tau2,0
615051,1.4887663208125726e-09,1,6113,sum,tau2,0
910345,1.4887663208125726e-09,1,6114,sum,tau2,0
139750,1.4887663208125726e-09,1,6115,sum,tau2,0
725308,1.4887663208125726e-09,1,6116,sum,tau2,0
978542,1.4887663208125726e-09,1,6117,sum,tau2,0
452328,1.4887663208125726e-09,1,6118,sum,tau2,0
657034,1.4887663208125726e-09,1,6119,sum,tau2,0
85566,1.4887663208125726e-09,1,6120,sum,tau2,0
797870,1.4887663208125726e-09,1,6121,sum,tau2,0
978282,1.4887663208125726e-09,1,6122,sum,tau2,0
494201,1.4887663208125726e-09,1,6123,sum,tau2,0
393498,1.4887663208125726e-09,1,6124,sum,tau2,0
444193,1.4887663208125726e-09,1,6125,sum,tau2,0
644221,1.4887663208125726e-09,1,6126,sum,tau2,0
46790,1.4887663208125726e-09,1,6127,sum,tau2,0
435958,1.4887663208125726e-09,1,6128,sum,tau2,0
575504,1.4887663208125726e-09,1,6129,sum,tau2,0
433632,1.4887663208125726e-09,1,6130,sum,tau2,0
745884,1.4887663208125726e-09,1,6131,sum,tau2,0
602386,1.4887663208125726e-09,1,6132,sum,tau2,0
131810,1.4887663208125726e-09,1,6133,sum,tau2,0
281065,1.4887663208125726e-09,1,6134,sum,tau2,0
934561,1.4887663208125726e-09,1,6135,sum,tau2,0
9645,1.4887663208125726e-09,1,6136,sum,tau2,0
560584,1.4887663208125726e-09,1,6137,sum,tau2,0
832464,1.4887663208125726e-09,1,6138,sum,tau2,0
717272,1.4887663208125726e-09,1,6139,sum,tau2,0
410389,1.4887663208125726e-09,1,6140,sum,tau2,0
822276,1.4887663208125726e-09,1,6141,sum,tau2,0
871075,1.4887663208125726e-09,1,6142,sum,tau2,0
100954,1.4887663208125726e-09,1,6143,sum,tau2,0
311887,1.4887663208125726e-09,1,6144,sum,tau2,0
417473,1.4887663208125726e-09,1,6145,sum,tau2,0
814424,1.4887663208125726e-09,1,6146,sum,tau2,0
752858,1.4887663208125726e-09,1,6147,sum,tau2,0
365610,1.4887663208125726e-09,1,6148,sum,tau2,0
18910,1.4887663208125726e-09,1,6149,sum,tau2,0
416307,1.4887663208125726e-09,1,6150,sum,tau2,0
886744,1.4887663208125726e-09,1,6151,sum,tau2,0
633600,1.4887663208125726e-09,1,6152,sum,tau2,0
98347,1.4887663208125726e-09,1,6153,sum,tau2,0
559663,1.4887663208125726e-09,1,6154,sum,tau2,0
789223,1.4887663208125726e-09,1,6155,sum,tau2,0
348908,1.4887663208125726e-09,1,6156,sum,tau2,0
337202,1.4887663208125726e-09,1,6157,sum,tau2,0
678917,1.4887663208125726e-09,1,6158,sum,tau2,0
351967,1.4887663208125726e-09,1,6159,sum,tau2,0
953155,1.4887663208125726e-09,1,6160,sum,tau2,0
858068,1.4887663208125726e-09,1,6161,sum,tau2,0
972728,1.4887663208125726e-09,1,6162,sum,tau2,0
7193,1.4887663208125726e-09,1,6163,sum,tau2,0
324670,1.4887663208125726e-09,1,6164,sum,tau2,0
302623,1.4887663208125726e-09,1,6165,sum,tau2,0
73710,1.4887663208125726e-09,1,6166,sum,tau2,0
626198,1.4887663208125726e-09,1,6167,sum,tau2,0
356597,1.4887663208125726e-09,1,6168,sum,tau2,0
825520,1.4887663208125726e-09,1,6169,sum,tau2,0
816764,1.4887663208125726e-09,1,6170,sum,tau2,0
84403,1.4887663208125726e-09,1,6171,sum,tau2,0
940367,1.4887663208125726e-09,1,6172,sum,tau2,0
721824,1.4887663208125726e-09,1,6173,sum,tau2,0
600332,1.4887663208125726e-09,1,6174,sum,tau2,0
222412,1.4887663208125726e-09,1,6175,sum,tau2,0
192244,1.4887663208125726e-09,1,6176,sum,tau2,0
290363,1.4887663208125726e-09,1,6177,sum,tau2,0
888811,1.4887663208125726e-09,1,6178,sum,tau2,0
310392,1.4887663208125726e-09,1,6179,sum,tau2,0
417659,1.4887663208125726e-09,1,6180,sum,tau2,0
37493,1.4887663208125726e-09,1,6181,sum,tau2,0
604555,1.4887663208125726e-09,1,6182,sum,tau2,0
885650,1.4887663208125726e-09,1,6183,sum,tau2,0
73427,1.4887663208125726e-09,1,6184,sum,tau2,0
402363,1.4887663208125726e-09,1,6185,sum,tau2,0
510591,1.4887663208125726e-09,1,6186,sum,tau2,0
267611,1.4887663208125726e-09,1,6187,sum,tau2,0
582664,1.4887663208125726e-09,1,6188,sum,tau2,0
231555,1.4887663208125726e-09,1,6189,sum,tau2,0
286892,1.4887663208125726e-09,1,6190,sum,tau2,0
597491,1.4887663208125726e-09,1,6191,sum,tau2,0
945731,1.4887663208125726e-09,1,6192,sum,tau2,0
587159,1.4887663208125726e-09,1,6193,sum,tau2,0
821841,1.4887663208125726e-09,1,6194,sum,tau2,0
200181,1.4887663208125726e-09,1,6195,sum,tau2,0
47522,1.4887663208125726e-09,1,6196,sum,tau2,0
273377,1.4887663208125726e-09,1,6197,sum,tau2,0
482582,1.4887663208125726e-09,1,6198,sum,tau2,0
684919,1.4887663208125726e-09,1,6199,sum,tau2,0
418453,1.4887663208125726e-09,1,6200,sum,tau2,0
598902,1.4887663208125726e-09,1,6201,sum,tau2,0
444356,1.4887663208125726e-09,1,6202,sum,tau2,0
758136,1.4887663208125726e-09,1,6203,sum,tau2,0
258168,1.4887663208125726e-09,1,6204,sum,tau2,0
415151,1.4887663208125726e-09,1,6205,sum,tau2,0
221,1.4887663208125726e-09,1,6206,sum,tau2,0
97916,1.4887663208125726e-09,1,6207,sum,tau2,0
402256,1.4887663208125726e-09,1,6208,sum,tau2,0
637246,1.4887663208125726e-09,1,6209,sum,tau2,0
306629,1.4887663208125726e-09,1,6210,sum,tau2,0
70759,1.4887663208125726e-09,1,6211,sum,tau2,0
653786,1.4887663208125726e-09,1,6212,sum,tau2,0
879941,1.4887663208125726e-09,1,6213,sum,tau2,0
611683,1.4887663208125726e-09,1,6214,sum,tau2,0
659897,1.4887663208125726e-09,1,6215,sum,tau2,0
598290,1.4887663208125726e-09,1,6216,sum,tau2,0
513829,1.4887663208125726e-09,1,6217,sum,tau2,0
20266,1.4887663208125726e-09,1,6218,sum,tau2,0
43510,1.4887663208125726e-09,1,6219,sum,tau2,0
700035,1.4887663208125726e-09,1,6220,sum,tau2,0
112051,1.4887663208125726e-09,1,6221,sum,tau2,0
513807,1.4887663208125726e-09,1,6222,sum,tau2,0
542970,1.4887663208125726e-09,1,6223,sum,tau2,0
275747,1.4887663208125726e-09,1,6224,sum,tau2,0
497544,1.4887663208125726e-09,1,6225,sum,tau2,0
533668,1.4887663208125726e-09,1,6226,sum,tau2,0
325713,1.4887663208125726e-09,1,6227,sum,tau2,0
494056,1.4887663208125726e-09,1,6228,sum,tau2,0
583206,1.4887663208125726e-09,1,6229,sum,tau2,0
820580,1.4887663208125726e-09,1,6230,sum,tau2,0
855435,1.4887663208125726e-09,1,6231,sum,tau2,0
360444,1.4887663208125726e-09,1,6232,sum,tau2,0
127701,1.4887663208125726e-09,1,6233,sum,tau2,0
205898,1.4887663208125726e-09,1,6234,sum,tau2,0
959002,1.4887663208125726e-09,1,6235,sum,tau2,0
733084,1.4887663208125726e-09,1,6236,sum,tau2,0
49316,1.4887663208125726e-09,1,6237,sum,tau2,0
203849,1.4887663208125726e-09,1,6238,sum,tau2,0
622409,1.4887663208125726e-09,1,6239,sum,tau2,0
719631,1.4887663208125726e-09,1,6240,sum,tau2,0
399068,1.4887663208125726e-09,1,6241,sum,tau2,0
484762,1.4887663208125726e-09,1,6242,sum,tau2,0
181494,1.4887663208125726e-09,1,6243,sum,tau2,0
17007,1.4887663208125726e-09,1,6244,sum,tau2,0
420959,1.4887663208125726e-09,1,6245,sum,tau2,0
288057,1.4887663208125726e-09,1,6246,sum,tau2,0
248801,1.4887663208125726e-09,1,6247,sum,tau2,0
665016,1.4887663208125726e-09,1,6248,sum,tau2,0
44361,1.4887663208125726e-09,1,6249,sum,tau2,0
908024,1.4887663208125726e-09,1,6250,sum,tau2,0
184619,1.4887663208125726e-09,1,6251,sum,tau2,0
283662,1.4887663208125726e-09,1,6252,sum,tau2,0
927479,1.4887663208125726e-09,1,6253,sum,tau2,0
380111,1.4887663208125726e-09,1,6254,sum,tau2,0
46980,1.4887663208125726e-09,1,6255,sum,tau2,0
52154,1.4887663208125726e-09,1,6256,sum,tau2,0
869915,1.4887663208125726e-09,1,6257,sum,tau2,0
726388,1.4887663208125726e-09,1,6258,sum,tau2,0
384199,1.4887663208125726e-09,1,6259,sum,tau2,0
60737,1.4887663208125726e-09,1,6260,sum,tau2,0
572206,1.4887663208125726e-09,1,6261,sum,tau2,0
248246,1.4887663208125726e-09,1,6262,sum,tau2,0
626196,1.4887663208125726e-09,1,6263,sum,tau2,0
406009,1.4887663208125726e-09,1,6264,sum,tau2,0
358120,1.4887663208125726e-09,1,6265,sum,tau2,0
478098,1.4887663208125726e-09,1,6266,sum,tau2,0
197849,1.4887663208125726e-09,1,6267,sum,tau2,0
114098,1.4887663208125726e-09,1,6268,sum,tau2,0
473071,1.4887663208125726e-09,1,6269,sum,tau2,0
605623,1.4887663208125726e-09,1,6270,sum,tau2,0
107042,1.4887663208125726e-09,1,6271,sum,tau2,0
873162,1.4887663208125726e-09,1,6272,sum,tau2,0
601798,1.4887663208125726e-09,1,6273,sum,tau2,0
109106,1.4887663208125726e-09,1,6274,sum,tau2,0
708011,1.4887663208125726e-09,1,6275,sum,tau2,0
348808,1.4887663208125726e-09,1,6276,sum,tau2,0
391171,1.4887663208125726e-09,1,6277,sum,tau2,0
117243,1.4887663208125726e-09,1,6278,sum,tau2,0
177364,1.4887663208125726e-09,1,6279,sum,tau2,0
90986,1.4887663208125726e-09,1,6280,sum,tau2,0
87462,1.4887663208125726e-09,1,6281,sum,tau2,0
293294,1.4887663208125726e-09,1,6282,sum,tau2,0
709133,1.4887663208125726e-09,1,6283,sum,tau2,0
126795,1.4887663208125726e-09,1,6284,sum,tau2,0
137627,1.4887663208125726e-09,1,6285,sum,tau2,0
28391,1.4887663208125726e-09,1,6286,sum,tau2,0
123688,1.4887663208125726e-09,1,6287,sum,tau2,0
96652,1.4887663208125726e-09,1,6288,sum,tau2,0
765962,1.4887663208125726e-09,1,6289,sum,tau2,0
232277,1.4887663208125726e-09,1,6290,sum,tau2,0
374636,1.4887663208125726e-09,1,6291,sum,tau2,0
968082,1.4887663208125726e-09,1,6292,sum,tau2,0
240416,1.4887663208125726e-09,1,6293,sum,tau2,0
783321,1.4887663208125726e-09,1,6294,sum,tau2,0
678489,1.4887663208125726e-09,1,6295,sum,tau2,0
781212,1.4887663208125726e-09,1,6296,sum,tau2,0
603428,1.4887663208125726e-09,1,6297,sum,tau2,0
908819,1.4887663208125726e-09,1,6298,sum,tau2,0
751391,1.4887663208125726e-09,1,6299,sum,tau2,0
611713,1.4887663208125726e-09,1,6300,sum,tau2,0
823736,1.4887663208125726e-09,1,6301,sum,tau2,0
698569,1.4887663208125726e-09,1,6302,sum,tau2,0
992209,1.4887663208125726e-09,1,6303,sum,tau2,0
628849,1.4887663208125726e-09,1,6304,sum,tau2,0
655588,1.4887663208125726e-09,1,6305,sum,tau2,0
90213,1.4887663208125726e-09,1,6306,sum,tau2,0
373506,1.4887663208125726e-09,1,6307,sum,tau2,0
356314,1.4887663208125726e-09,1,6308,sum,tau2,0
673820,1.4887663208125726e-09,1,6309,sum,tau2,0
447685,1.4887663208125726e-09,1,6310,sum,tau2,0
557964,1.4887663208125726e-09,1,6311,sum,tau2,0
519548,1.4887663208125726e-09,1,6312,sum,tau2,0
841495,1.4887663208125726e-09,1,6313,sum,tau2,0
661694,1.4887663208125726e-09,1,6314,sum,tau2,0
863683,1.4887663208125726e-09,1,6315,sum,tau2,0
470491,1.4887663208125726e-09,1,6316,sum,tau2,0
863503,1.4887663208125726e-09,1,6317,sum,tau2,0
491659,1.4887663208125726e-09,1,6318,sum,tau2,0
898434,1.4887663208125726e-09,1,6319,sum,tau2,0
190448,1.4887663208125726e-09,1,6320,sum,tau2,0
543155,1.4887663208125726e-09,1,6321,sum,tau2,0
931801,1.4887663208125726e-09,1,6322,sum,tau2,0
768302,1.4887663208125726e-09,1,6323,sum,tau2,0
855582,1.4887663208125726e-09,1,6324,sum,tau2,0
949217,1.4887663208125726e-09,1,6325,sum,tau2,0
484759,1.4887663208125726e-09,1,6326,sum,tau2,0
456016,1.4887663208125726e-09,1,6327,sum,tau2,0
655681,1.4887663208125726e-09,1,6328,sum,tau2,0
897269,1.4887663208125726e-09,1,6329,sum,tau2,0
894316,1.4887663208125726e-09,1,6330,sum,tau2,0
631990,1.4887663208125726e-09,1,6331,sum,tau2,0
232533,1.4887663208125726e-09,1,6332,sum,tau2,0
48383,1.4887663208125726e-09,1,6333,sum,tau2,0
512953,1.4887663208125726e-09,1,6334,sum,tau2,0
137465,1.4887663208125726e-09,1,6335,sum,tau2,0
735753,1.4887663208125726e-09,1,6336,sum,tau2,0
389150,1.4887663208125726e-09,1,6337,sum,tau2,0
292133,1.4887663208125726e-09,1,6338,sum,tau2,0
752856,1.4887663208125726e-09,1,6339,sum,tau2,0
856530,1.4887663208125726e-09,1,6340,sum,tau2,0
913833,1.4887663208125726e-09,1,6341,sum,tau2,0
637517,1.4887663208125726e-09,1,6342,sum,tau2,0
717996,1.4887663208125726e-09,1,6343,sum,tau2,0
517593,1.4887663208125726e-09,1,6344,sum,tau2,0
110613,1.4887663208125726e-09,1,6345,sum,tau2,0
709042,1.4887663208125726e-09,1,6346,sum,tau2,0
108287,1.4887663208125726e-09,1,6347,sum,tau2,0
507673,1.4887663208125726e-09,1,6348,sum,tau2,0
305913,1.4887663208125726e-09,1,6349,sum,tau2,0
336127,1.4887663208125726e-09,1,6350,sum,tau2,0
504621,1.4887663208125726e-09,1,6351,sum,tau2,0
693591,1.4887663208125726e-09,1,6352,sum,tau2,0
235746,1.4887663208125726e-09,1,6353,sum,tau2,0
859069,1.4887663208125726e-09,1,6354,sum,tau2,0
745048,1.4887663208125726e-09,1,6355,sum,tau2,0
19062,1.4887663208125726e-09,1,6356,sum,tau2,0
922205,1.4887663208125726e-09,1,6357,sum,tau2,0
470833,1.4887663208125726e-09,1,6358,sum,tau2,0
994247,1.4887663208125726e-09,1,6359,sum,tau2,0
549506,1.4887663208125726e-09,1,6360,sum,tau2,0
912641,1.4887663208125726e-09,1,6361,sum,tau2,0
262835,1.4887663208125726e-09,1,6362,sum,tau2,0
804239,1.4887663208125726e-09,1,6363,sum,tau2,0
805486,1.4887663208125726e-09,1,6364,sum,tau2,0
528592,1.4887663208125726e-09,1,6365,sum,tau2,0
352292,1.4887663208125726e-09,1,6366,sum,tau2,0
459198,1.4887663208125726e-09,1,6367,sum,tau2,0
711882,1.4887663208125726e-09,1,6368,sum,tau2,0
684555,1.4887663208125726e-09,1,6369,sum,tau2,0
491836,1.4887663208125726e-09,1,6370,sum,tau2,0
544129,1.4887663208125726e-09,1,6371,sum,tau2,0
758361,1.4887663208125726e-09,1,6372,sum,tau2,0
560822,1.4887663208125726e-09,1,6373,sum,tau2,0
146277,1.4887663208125726e-09,1,6374,sum,tau2,0
154898,1.4887663208125726e-09,1,6375,sum,tau2,0
860617,1.4887663208125726e-09,1,6376,sum,tau2,0
490863,1.4887663208125726e-09,1,6377,sum,tau2,0
163194,1.4887663208125726e-09,1,6378,sum,tau2,0
798611,1.4887663208125726e-09,1,6379,sum,tau2,0
881112,1.4887663208125726e-09,1,6380,sum,tau2,0
55913,1.4887663208125726e-09,1,6381,sum,tau2,0
600960,1.4887663208125726e-09,1,6382,sum,tau2,0
530220,1.4887663208125726e-09,1,6383,sum,tau2,0
830168,1.4887663208125726e-09,1,6384,sum,tau2,0
83526,1.4887663208125726e-09,1,6385,sum,tau2,0
975123,1.4887663208125726e-09,1,6386,sum,tau2,0
317534,1.4887663208125726e-09,1,6387,sum,tau2,0
840627,1.4887663208125726e-09,1,6388,sum,tau2,0
545718,1.4887663208125726e-09,1,6389,sum,tau2,0
111432,1.4887663208125726e-09,1,6390,sum,tau2,0
886810,1.4887663208125726e-09,1,6391,sum,tau2,0
959950,1.4887663208125726e-09,1,6392,sum,tau2,0
431237,1.4887663208125726e-09,1,6393,sum,tau2,0
188756,1.4887663208125726e-09,1,6394,sum,tau2,0
898087,1.4887663208125726e-09,1,6395,sum,tau2,0
278071,1.4887663208125726e-09,1,6396,sum,tau2,0
116939,1.4887663208125726e-09,1,6397,sum,tau2,0
730775,1.4887663208125726e-09,1,6398,sum,tau2,0
38483,1.4887663208125726e-09,1,6399,sum,tau2,0
64932,1.4887663208125726e-09,1,6400,sum,tau2,0
723788,1.4887663208125726e-09,1,6401,sum,tau2,0
44018,1.4887663208125726e-09,1,6402,sum,tau2,0
624494,1.4887663208125726e-09,1,6403,sum,tau2,0
418198,1.4887663208125726e-09,1,6404,sum,tau2,0
140737,1.4887663208125726e-09,1,6405,sum,tau2,0
53657,1.4887663208125726e-09,1,6406,sum,tau2,0
859030,1.4887663208125726e-09,1,6407,sum,tau2,0
990336,1.4887663208125726e-09,1,6408,sum,tau2,0
921672,1.4887663208125726e-09,1,6409,sum,tau2,0
909187,1.4887663208125726e-09,1,6410,sum,tau2,0
7289,1.4887663208125726e-09,1,6411,sum,tau2,0
669630,1.4887663208125726e-09,1,6412,sum,tau2,0
897376,1.4887663208125726e-09,1,6413,sum,tau2,0
368577,1.4887663208125726e-09,1,6414,sum,tau2,0
389131,1.4887663208125726e-09,1,6415,sum,tau2,0
405403,1.4887663208125726e-09,1,6416,sum,tau2,0
80526,1.4887663208125726e-09,1,6417,sum,tau2,0
406561,1.4887663208125726e-09,1,6418,sum,tau2,0
580577,1.4887663208125726e-09,1,6419,sum,tau2,0
216481,1.4887663208125726e-09,1,6420,sum,tau2,0
712511,1.4887663208125726e-09,1,6421,sum,tau2,0
523209,1.4887663208125726e-09,1,6422,sum,tau2,0
17932,1.4887663208125726e-09,1,6423,sum,tau2,0
714940,1.4887663208125726e-09,1,6424,sum,tau2,0
518559,1.4887663208125726e-09,1,6425,sum,tau2,0
409232,1.4887663208125726e-09,1,6426,sum,tau2,0
147709,1.4887663208125726e-09,1,6427,sum,tau2,0
353109,1.4887663208125726e-09,1,6428,sum,tau2,0
282719,1.4887663208125726e-09,1,6429,sum,tau2,0
626633,1.4887663208125726e-09,1,6430,sum,tau2,0
852248,1.4887663208125726e-09,1,6431,sum,tau2,0
31599,1.4887663208125726e-09,1,6432,sum,tau2,0
922204,1.4887663208125726e-09,1,6433,sum,tau2,0
139321,1.4887663208125726e-09,1,6434,sum,tau2,0
767234,1.4887663208125726e-09,1,6435,sum,tau2,0
850721,1.4887663208125726e-09,1,6436,sum,tau2,0
14445,1.4887663208125726e-09,1,6437,sum,tau2,0
887107,1.4887663208125726e-09,1,6438,sum,tau2,0
102477,1.4887663208125726e-09,1,6439,sum,tau2,0
734521,1.4887663208125726e-09,1,6440,sum,tau2,0
16784,1.4887663208125726e-09,1,6441,sum,tau2,0
521872,1.4887663208125726e-09,1,6442,sum,tau2,0
510588,1.4887663208125726e-09,1,6443,sum,tau2,0
197888,1.4887663208125726e-09,1,6444,sum,tau2,0
909707,1.4887663208125726e-09,1,6445,sum,tau2,0
417471,1.4887663208125726e-09,1,6446,sum,tau2,0
262832,1.4887663208125726e-09,1,6447,sum,tau2,0
79486,1.4887663208125726e-09,1,6448,sum,tau2,0
951902,1.4887663208125726e-09,1,6449,sum,tau2,0
868236,1.4887663208125726e-09,1,6450,sum,tau2,0
594805,1.4887663208125726e-09,1,6451,sum,tau2,0
979879,1.4887663208125726e-09,1,6452,sum,tau2,0
46340,1.4887663208125726e-09,1,6453,sum,tau2,0
303599,1.4887663208125726e-09,1,6454,sum,tau2,0
294334,1.4887663208125726e-09,1,6455,sum,tau2,0
412372,1.4887663208125726e-09,1,6456,sum,tau2,0
115174,1.4887663208125726e-09,1,6457,sum,tau2,0
905080,1.4887663208125726e-09,1,6458,sum,tau2,0
749067,1.4887663208125726e-09,1,6459,sum,tau2,0
572174,1.4887663208125726e-09,1,6460,sum,tau2,0
417660,1.4887663208125726e-09,1,6461,sum,tau2,0
394124,1.4887663208125726e-09,1,6462,sum,tau2,0
951901,1.4887663208125726e-09,1,6463,sum,tau2,0
556736,1.4887663208125726e-09,1,6464,sum,tau2,0
879209,1.4887663208125726e-09,1,6465,sum,tau2,0
251507,1.4887663208125726e-09,1,6466,sum,tau2,0
71090,1.4887663208125726e-09,1,6467,sum,tau2,0
266597,1.4887663208125726e-09,1,6468,sum,tau2,0
427498,1.4887663208125726e-09,1,6469,sum,tau2,0
925991,1.4887663208125726e-09,1,6470,sum,tau2,0
122215,1.4887663208125726e-09,1,6471,sum,tau2,0
801644,1.4887663208125726e-09,1,6472,sum,tau2,0
635835,1.4887663208125726e-09,1,6473,sum,tau2,0
740502,1.4887663208125726e-09,1,6474,sum,tau2,0
282682,1.4887663208125726e-09,1,6475,sum,tau2,0
656845,1.4887663208125726e-09,1,6476,sum,tau2,0
601270,1.4887663208125726e-09,1,6477,sum,tau2,0
623143,1.4887663208125726e-09,1,6478,sum,tau2,0
165224,1.4887663208125726e-09,1,6479,sum,tau2,0
350078,1.4887663208125726e-09,1,6480,sum,tau2,0
246696,1.4887663208125726e-09,1,6481,sum,tau2,0
959151,1.4887663208125726e-09,1,6482,sum,tau2,0
441439,1.4887663208125726e-09,1,6483,sum,tau2,0
274746,1.4887663208125726e-09,1,6484,sum,tau2,0
103735,1.4887663208125726e-09,1,6485,sum,tau2,0
775565,1.4887663208125726e-09,1,6486,sum,tau2,0
29358,1.4887663208125726e-09,1,6487,sum,tau2,0
46614,1.4887663208125726e-09,1,6488,sum,tau2,0
298946,1.4887663208125726e-09,1,6489,sum,tau2,0
475568,1.4887663208125726e-09,1,6490,sum,tau2,0
736287,1.4887663208125726e-09,1,6491,sum,tau2,0
374473,1.4887663208125726e-09,1,6492,sum,tau2,0
291542,1.4887663208125726e-09,1,6493,sum,tau2,0
496678,1.4887663208125726e-09,1,6494,sum,tau2,0
43343,1.4887663208125726e-09,1,6495,sum,tau2,0
962878,1.4887663208125726e-09,1,6496,sum,tau2,0
942853,1.4887663208125726e-09,1,6497,sum,tau2,0
466987,1.4887663208125726e-09,1,6498,sum,tau2,0
226728,1.4887663208125726e-09,1,6499,sum,tau2,0
603593,1.4887663208125726e-09,1,6500,sum,tau2,0
101408,1.4887663208125726e-09,1,6501,sum,tau2,0
177665,1.4887663208125726e-09,1,6502,sum,tau2,0
351437,1.4887663208125726e-09,1,6503,sum,tau2,0
758140,1.4887663208125726e-09,1,6504,sum,tau2,0
285190,1.4887663208125726e-09,1,6505,sum,tau2,0
247854,1.4887663208125726e-09,1,6506,sum,tau2,0
54922,1.4887663208125726e-09,1,6507,sum,tau2,0
152540,1.4887663208125726e-09,1,6508,sum,tau2,0
520457,1.4887663208125726e-09,1,6509,sum,tau2,0
728778,1.4887663208125726e-09,1,6510,sum,tau2,0
559661,1.4887663208125726e-09,1,6511,sum,tau2,0
597576,1.4887663208125726e-09,1,6512,sum,tau2,0
131529,1.4887663208125726e-09,1,6513,sum,tau2,0
390635,1.4887663208125726e-09,1,6514,sum,tau2,0
776078,1.4887663208125726e-09,1,6515,sum,tau2,0
710295,1.4887663208125726e-09,1,6516,sum,tau2,0
207306,1.4887663208125726e-09,1,6517,sum,tau2,0
238712,1.4887663208125726e-09,1,6518,sum,tau2,0
883429,1.4887663208125726e-09,1,6519,sum,tau2,0
687091,1.4887663208125726e-09,1,6520,sum,tau2,0
718627,1.4887663208125726e-09,1,6521,sum,tau2,0
511750,1.4887663208125726e-09,1,6522,sum,tau2,0
831052,1.4887663208125726e-09,1,6523,sum,tau2,0
416510,1.4887663208125726e-09,1,6524,sum,tau2,0
103280,1.4887663208125726e-09,1,6525,sum,tau2,0
631437,1.4887663208125726e-09,1,6526,sum,tau2,0
463861,1.4887663208125726e-09,1,6527,sum,tau2,0
261313,1.4887663208125726e-09,1,6528,sum,tau2,0
857780,1.4887663208125726e-09,1,6529,sum,tau2,0
603816,1.4887663208125726e-09,1,6530,sum,tau2,0
655867,1.4887663208125726e-09,1,6531,sum,tau2,0
839701,1.4887663208125726e-09,1,6532,sum,tau2,0
201160,1.4887663208125726e-09,1,6533,sum,tau2,0
474446,1.4887663208125726e-09,1,6534,sum,tau2,0
817925,1.4887663208125726e-09,1,6535,sum,tau2,0
93431,1.4887663208125726e-09,1,6536,sum,tau2,0
38661,1.4887663208125726e-09,1,6537,sum,tau2,0
620645,1.4887663208125726e-09,1,6538,sum,tau2,0
216012,1.4887663208125726e-09,1,6539,sum,tau2,0
974779,1.4887663208125726e-09,1,6540,sum,tau2,0
315417,1.4887663208125726e-09,1,6541,sum,tau2,0
525536,1.4887663208125726e-09,1,6542,sum,tau2,0
691699,1.4887663208125726e-09,1,6543,sum,tau2,0
748642,1.4887663208125726e-09,1,6544,sum,tau2,0
219822,1.4887663208125726e-09,1,6545,sum,tau2,0
867594,1.4887663208125726e-09,1,6546,sum,tau2,0
619860,1.4887663208125726e-09,1,6547,sum,tau2,0
742829,1.4887663208125726e-09,1,6548,sum,tau2,0
162543,1.4887663208125726e-09,1,6549,sum,tau2,0
529448,1.4887663208125726e-09,1,6550,sum,tau2,0
936882,1.4887663208125726e-09,1,6551,sum,tau2,0
827817,1.4887663208125726e-09,1,6552,sum,tau2,0
701038,1.4887663208125726e-09,1,6553,sum,tau2,0
869649,1.4887663208125726e-09,1,6554,sum,tau2,0
247728,1.4887663208125726e-09,1,6555,sum,tau2,0
198056,1.4887663208125726e-09,1,6556,sum,tau2,0
349070,1.4887663208125726e-09,1,6557,sum,tau2,0
416303,1.4887663208125726e-09,1,6558,sum,tau2,0
923668,1.4887663208125726e-09,1,6559,sum,tau2,0
632598,1.4887663208125726e-09,1,6560,sum,tau2,0
793869,1.4887663208125726e-09,1,6561,sum,tau2,0
324333,1.4887663208125726e-09,1,6562,sum,tau2,0
367417,1.4887663208125726e-09,1,6563,sum,tau2,0
641644,1.4887663208125726e-09,1,6564,sum,tau2,0
50169,1.4887663208125726e-09,1,6565,sum,tau2,0
853225,1.4887663208125726e-09,1,6566,sum,tau2,0
523125,1.4887663208125726e-09,1,6567,sum,tau2,0
632350,1.4887663208125726e-09,1,6568,sum,tau2,0
60923,1.4887663208125726e-09,1,6569,sum,tau2,0
473975,1.4887663208125726e-09,1,6570,sum,tau2,0
290638,1.4887663208125726e-09,1,6571,sum,tau2,0
876009,1.4887663208125726e-09,1,6572,sum,tau2,0
593121,1.4887663208125726e-09,1,6573,sum,tau2,0
158532,1.4887663208125726e-09,1,6574,sum,tau2,0
161867,1.4887663208125726e-09,1,6575,sum,tau2,0
330144,1.4887663208125726e-09,1,6576,sum,tau2,0
93274,1.4887663208125726e-09,1,6577,sum,tau2,0
867205,1.4887663208125726e-09,1,6578,sum,tau2,0
438381,1.4887663208125726e-09,1,6579,sum,tau2,0
190704,1.4887663208125726e-09,1,6580,sum,tau2,0
33580,1.4887663208125726e-09,1,6581,sum,tau2,0
699384,1.4887663208125726e-09,1,6582,sum,tau2,0
265675,1.4887663208125726e-09,1,6583,sum,tau2,0
88626,1.4887663208125726e-09,1,6584,sum,tau2,0
171019,1.4887663208125726e-09,1,6585,sum,tau2,0
868222,1.4887663208125726e-09,1,6586,sum,tau2,0
841791,1.4887663208125726e-09,1,6587,sum,tau2,0
40875,1.4887663208125726e-09,1,6588,sum,tau2,0
457178,1.4887663208125726e-09,1,6589,sum,tau2,0
321029,1.4887663208125726e-09,1,6590,sum,tau2,0
522762,1.4887663208125726e-09,1,6591,sum,tau2,0
472242,1.4887663208125726e-09,1,6592,sum,tau2,0
997738,1.4887663208125726e-09,1,6593,sum,tau2,0
513182,1.4887663208125726e-09,1,6594,sum,tau2,0
606769,1.4887663208125726e-09,1,6595,sum,tau2,0
17307,1.4887663208125726e-09,1,6596,sum,tau2,0
553334,1.4887663208125726e-09,1,6597,sum,tau2,0
620088,1.4887663208125726e-09,1,6598,sum,tau2,0
634332,1.4887663208125726e-09,1,6599,sum,tau2,0
144440,1.4887663208125726e-09,1,6600,sum,tau2,0
286875,1.4887663208125726e-09,1,6601,sum,tau2,0
747516,1.4887663208125726e-09,1,6602,sum,tau2,0
587280,1.4887663208125726e-09,1,6603,sum,tau2,0
20781,1.4887663208125726e-09,1,6604,sum,tau2,0
252291,1.4887663208125726e-09,1,6605,sum,tau2,0
469963,1.4887663208125726e-09,1,6606,sum,tau2,0
745156,1.4887663208125726e-09,1,6607,sum,tau2,0
2641,1.4887663208125726e-09,1,6608,sum,tau2,0
429822,1.4887663208125726e-09,1,6609,sum,tau2,0
761417,1.4887663208125726e-09,1,6610,sum,tau2,0
399931,1.4887663208125726e-09,1,6611,sum,tau2,0
846284,1.4887663208125726e-09,1,6612,sum,tau2,0
231444,1.4887663208125726e-09,1,6613,sum,tau2,0
9605,1.4887663208125726e-09,1,6614,sum,tau2,0
480645,1.4887663208125726e-09,1,6615,sum,tau2,0
125704,1.4887663208125726e-09,1,6616,sum,tau2,0
927155,1.4887663208125726e-09,1,6617,sum,tau2,0
16149,1.4887663208125726e-09,1,6618,sum,tau2,0
905420,1.4887663208125726e-09,1,6619,sum,tau2,0
622697,1.4887663208125726e-09,1,6620,sum,tau2,0
573074,1.4887663208125726e-09,1,6621,sum,tau2,0
23374,1.4887663208125726e-09,1,6622,sum,tau2,0
183173,1.4887663208125726e-09,1,6623,sum,tau2,0
455384,1.4887663208125726e-09,1,6624,sum,tau2,0
387259,1.4887663208125726e-09,1,6625,sum,tau2,0
612599,1.4887663208125726e-09,1,6626,sum,tau2,0
205807,1.4887663208125726e-09,1,6627,sum,tau2,0
393497,1.4887663208125726e-09,1,6628,sum,tau2,0
120039,1.4887663208125726e-09,1,6629,sum,tau2,0
772867,1.4887663208125726e-09,1,6630,sum,tau2,0
920164,1.4887663208125726e-09,1,6631,sum,tau2,0
13807,1.4887663208125726e-09,1,6632,sum,tau2,0
95509,1.4887663208125726e-09,1,6633,sum,tau2,0
511140,1.4887663208125726e-09,1,6634,sum,tau2,0
864839,1.4887663208125726e-09,1,6635,sum,tau2,0
521619,1.4887663208125726e-09,1,6636,sum,tau2,0
691739,1.4887663208125726e-09,1,6637,sum,tau2,0
131440,1.4887663208125726e-09,1,6638,sum,tau2,0
756687,1.4887663208125726e-09,1,6639,sum,tau2,0
295647,1.4887663208125726e-09,1,6640,sum,tau2,0
97489,1.4887663208125726e-09,1,6641,sum,tau2,0
73426,1.4887663208125726e-09,1,6642,sum,tau2,0
79753,1.4887663208125726e-09,1,6643,sum,tau2,0
802283,1.4887663208125726e-09,1,6644,sum,tau2,0
65588,1.4887663208125726e-09,1,6645,sum,tau2,0
367664,1.4887663208125726e-09,1,6646,sum,tau2,0
756963,1.4887663208125726e-09,1,6647,sum,tau2,0
59774,1.4887663208125726e-09,1,6648,sum,tau2,0
138778,1.4887663208125726e-09,1,6649,sum,tau2,0
958532,1.4887663208125726e-09,1,6650,sum,tau2,0
312798,1.4887663208125726e-09,1,6651,sum,tau2,0
613115,1.4887663208125726e-09,1,6652,sum,tau2,0
431411,1.4887663208125726e-09,1,6653,sum,tau2,0
447883,1.4887663208125726e-09,1,6654,sum,tau2,0
297783,1.4887663208125726e-09,1,6655,sum,tau2,0
352601,1.4887663208125726e-09,1,6656,sum,tau2,0
52640,1.4887663208125726e-09,1,6657,sum,tau2,0
112067,1.4887663208125726e-09,1,6658,sum,tau2,0
688213,1.4887663208125726e-09,1,6659,sum,tau2,0
224145,1.4887663208125726e-09,1,6660,sum,tau2,0
511504,1.4887663208125726e-09,1,6661,sum,tau2,0
736842,1.4887663208125726e-09,1,6662,sum,tau2,0
492029,1.4887663208125726e-09,1,6663,sum,tau2,0
171132,1.4887663208125726e-09,1,6664,sum,tau2,0
834541,1.4887663208125726e-09,1,6665,sum,tau2,0
315640,1.4887663208125726e-09,1,6666,sum,tau2,0
66459,1.4887663208125726e-09,1,6667,sum,tau2,0
80384,1.4887663208125726e-09,1,6668,sum,tau2,0
297695,1.4887663208125726e-09,1,6669,sum,tau2,0
252468,1.4887663208125726e-09,1,6670,sum,tau2,0
93460,1.4887663208125726e-09,1,6671,sum,tau2,0
897272,1.4887663208125726e-09,1,6672,sum,tau2,0
850159,1.4887663208125726e-09,1,6673,sum,tau2,0
535907,1.4887663208125726e-09,1,6674,sum,tau2,0
918184,1.4887663208125726e-09,1,6675,sum,tau2,0
685159,1.4887663208125726e-09,1,6676,sum,tau2,0
922976,1.4887663208125726e-09,1,6677,sum,tau2,0
826695,1.4887663208125726e-09,1,6678,sum,tau2,0
452759,1.4887663208125726e-09,1,6679,sum,tau2,0
530371,1.4887663208125726e-09,1,6680,sum,tau2,0
546490,1.4887663208125726e-09,1,6681,sum,tau2,0
167193,1.4887663208125726e-09,1,6682,sum,tau2,0
581220,1.4887663208125726e-09,1,6683,sum,tau2,0
137341,1.4887663208125726e-09,1,6684,sum,tau2,0
189542,1.4887663208125726e-09,1,6685,sum,tau2,0
389406,1.4887663208125726e-09,1,6686,sum,tau2,0
159694,1.4887663208125726e-09,1,6687,sum,tau2,0
703213,1.4887663208125726e-09,1,6688,sum,tau2,0
839990,1.4887663208125726e-09,1,6689,sum,tau2,0
344451,1.4887663208125726e-09,1,6690,sum,tau2,0
975658,1.4887663208125726e-09,1,6691,sum,tau2,0
944285,1.4887663208125726e-09,1,6692,sum,tau2,0
157897,1.4887663208125726e-09,1,6693,sum,tau2,0
878972,1.4887663208125726e-09,1,6694,sum,tau2,0
763946,1.4887663208125726e-09,1,6695,sum,tau2,0
852064,1.4887663208125726e-09,1,6696,sum,tau2,0
400040,1.4887663208125726e-09,1,6697,sum,tau2,0
358637,1.4887663208125726e-09,1,6698,sum,tau2,0
110905,1.4887663208125726e-09,1,6699,sum,tau2,0
499973,1.4887663208125726e-09,1,6700,sum,tau2,0
46362,1.4887663208125726e-09,1,6701,sum,tau2,0
369827,1.4887663208125726e-09,1,6702,sum,tau2,0
716817,1.4887663208125726e-09,1,6703,sum,tau2,0
978757,1.4887663208125726e-09,1,6704,sum,tau2,0
540553,1.4887663208125726e-09,1,6705,sum,tau2,0
859744,1.4887663208125726e-09,1,6706,sum,tau2,0
150409,1.4887663208125726e-09,1,6707,sum,tau2,0
834449,1.4887663208125726e-09,1,6708,sum,tau2,0
232753,1.4887663208125726e-09,1,6709,sum,tau2,0
362408,1.4887663208125726e-09,1,6710,sum,tau2,0
194187,1.4887663208125726e-09,1,6711,sum,tau2,0
608242,1.4887663208125726e-09,1,6712,sum,tau2,0
413892,1.4887663208125726e-09,1,6713,sum,tau2,0
177366,1.4887663208125726e-09,1,6714,sum,tau2,0
621531,1.4887663208125726e-09,1,6715,sum,tau2,0
250334,1.4887663208125726e-09,1,6716,sum,tau2,0
999630,1.4887663208125726e-09,1,6717,sum,tau2,0
697422,1.4887663208125726e-09,1,6718,sum,tau2,0
695390,1.4887663208125726e-09,1,6719,sum,tau2,0
506985,1.4887663208125726e-09,1,6720,sum,tau2,0
912391,1.4887663208125726e-09,1,6721,sum,tau2,0
85139,1.4887663208125726e-09,1,6722,sum,tau2,0
800967,1.4887663208125726e-09,1,6723,sum,tau2,0
397627,1.4887663208125726e-09,1,6724,sum,tau2,0
745886,1.4887663208125726e-09,1,6725,sum,tau2,0
3349,1.4887663208125726e-09,1,6726,sum,tau2,0
471977,1.4887663208125726e-09,1,6727,sum,tau2,0
1000362,1.4887663208125726e-09,1,6728,sum,tau2,0
915972,1.4887663208125726e-09,1,6729,sum,tau2,0
475999,1.4887663208125726e-09,1,6730,sum,tau2,0
401402,1.4887663208125726e-09,1,6731,sum,tau2,0
18469,1.4887663208125726e-09,1,6732,sum,tau2,0
101605,1.4887663208125726e-09,1,6733,sum,tau2,0
665962,1.4887663208125726e-09,1,6734,sum,tau2,0
612724,1.4887663208125726e-09,1,6735,sum,tau2,0
72544,1.4887663208125726e-09,1,6736,sum,tau2,0
312784,1.4887663208125726e-09,1,6737,sum,tau2,0
565757,1.4887663208125726e-09,1,6738,sum,tau2,0
991496,1.4887663208125726e-09,1,6739,sum,tau2,0
775554,1.4887663208125726e-09,1,6740,sum,tau2,0
374905,1.4887663208125726e-09,1,6741,sum,tau2,0
816032,1.4887663208125726e-09,1,6742,sum,tau2,0
377527,1.4887663208125726e-09,1,6743,sum,tau2,0
147782,1.4887663208125726e-09,1,6744,sum,tau2,0
43496,1.4887663208125726e-09,1,6745,sum,tau2,0
909186,1.4887663208125726e-09,1,6746,sum,tau2,0
845816,1.4887663208125726e-09,1,6747,sum,tau2,0
350115,1.4887663208125726e-09,1,6748,sum,tau2,0
430455,1.4887663208125726e-09,1,6749,sum,tau2,0
487619,1.4887663208125726e-09,1,6750,sum,tau2,0
382504,1.4887663208125726e-09,1,6751,sum,tau2,0
44290,1.4887663208125726e-09,1,6752,sum,tau2,0
927136,1.4887663208125726e-09,1,6753,sum,tau2,0
365367,1.4887663208125726e-09,1,6754,sum,tau2,0
686966,1.4887663208125726e-09,1,6755,sum,tau2,0
396555,1.4887663208125726e-09,1,6756,sum,tau2,0
367329,1.4887663208125726e-09,1,6757,sum,tau2,0
672150,1.4887663208125726e-09,1,6758,sum,tau2,0
268734,1.4887663208125726e-09,1,6759,sum,tau2,0
751152,1.4887663208125726e-09,1,6760,sum,tau2,0
274367,1.4887663208125726e-09,1,6761,sum,tau2,0
293140,1.4887663208125726e-09,1,6762,sum,tau2,0
70037,1.4887663208125726e-09,1,6763,sum,tau2,0
394945,1.4887663208125726e-09,1,6764,sum,tau2,0
683393,1.4887663208125726e-09,1,6765,sum,tau2,0
211688,1.4887663208125726e-09,1,6766,sum,tau2,0
61893,1.4887663208125726e-09,1,6767,sum,tau2,0
554135,1.4887663208125726e-09,1,6768,sum,tau2,0
7443,1.4887663208125726e-09,1,6769,sum,tau2,0
68868,1.4887663208125726e-09,1,6770,sum,tau2,0
824175,1.4887663208125726e-09,1,6771,sum,tau2,0
728434,1.4887663208125726e-09,1,6772,sum,tau2,0
512575,1.4887663208125726e-09,1,6773,sum,tau2,0
736930,1.4887663208125726e-09,1,6774,sum,tau2,0
799680,1.4887663208125726e-09,1,6775,sum,tau2,0
129482,1.4887663208125726e-09,1,6776,sum,tau2,0
476284,1.4887663208125726e-09,1,6777,sum,tau2,0
765110,1.4887663208125726e-09,1,6778,sum,tau2,0
568531,1.4887663208125726e-09,1,6779,sum,tau2,0
903007,1.4887663208125726e-09,1,6780,sum,tau2,0
806293,1.4887663208125726e-09,1,6781,sum,tau2,0
357778,1.4887663208125726e-09,1,6782,sum,tau2,0
900427,1.4887663208125726e-09,1,6783,sum,tau2,0
765964,1.4887663208125726e-09,1,6784,sum,tau2,0
49305,1.4887663208125726e-09,1,6785,sum,tau2,0
159664,1.4887663208125726e-09,1,6786,sum,tau2,0
547526,1.4887663208125726e-09,1,6787,sum,tau2,0
165317,1.4887663208125726e-09,1,6788,sum,tau2,0
364210,1.4887663208125726e-09,1,6789,sum,tau2,0
326839,1.4887663208125726e-09,1,6790,sum,tau2,0
130461,1.4887663208125726e-09,1,6791,sum,tau2,0
474411,1.4887663208125726e-09,1,6792,sum,tau2,0
422124,1.4887663208125726e-09,1,6793,sum,tau2,0
916009,1.4887663208125726e-09,1,6794,sum,tau2,0
551829,1.4887663208125726e-09,1,6795,sum,tau2,0
838024,1.4887663208125726e-09,1,6796,sum,tau2,0
310388,1.4887663208125726e-09,1,6797,sum,tau2,0
315927,1.4887663208125726e-09,1,6798,sum,tau2,0
496914,1.4887663208125726e-09,1,6799,sum,tau2,0
468758,1.4887663208125726e-09,1,6800,sum,tau2,0
33558,1.4887663208125726e-09,1,6801,sum,tau2,0
749963,1.4887663208125726e-09,1,6802,sum,tau2,0
662693,1.4887663208125726e-09,1,6803,sum,tau2,0
532056,1.4887663208125726e-09,1,6804,sum,tau2,0
206416,1.4887663208125726e-09,1,6805,sum,tau2,0
1674,1.4887663208125726e-09,1,6806,sum,tau2,0
804308,1.4887663208125726e-09,1,6807,sum,tau2,0
689577,1.4887663208125726e-09,1,6808,sum,tau2,0
151369,1.4887663208125726e-09,1,6809,sum,tau2,0
74871,1.4887663208125726e-09,1,6810,sum,tau2,0
942602,1.4887663208125726e-09,1,6811,sum,tau2,0
956637,1.4887663208125726e-09,1,6812,sum,tau2,0
535999,1.4887663208125726e-09,1,6813,sum,tau2,0
243208,1.4887663208125726e-09,1,6814,sum,tau2,0
114903,1.4887663208125726e-09,1,6815,sum,tau2,0
359411,1.4887663208125726e-09,1,6816,sum,tau2,0
60773,1.4887663208125726e-09,1,6817,sum,tau2,0
674278,1.4887663208125726e-09,1,6818,sum,tau2,0
813749,1.4887663208125726e-09,1,6819,sum,tau2,0
253626,1.4887663208125726e-09,1,6820,sum,tau2,0
733087,1.4887663208125726e-09,1,6821,sum,tau2,0
678471,1.4887663208125726e-09,1,6822,sum,tau2,0
397717,1.4887663208125726e-09,1,6823,sum,tau2,0
182640,1.4887663208125726e-09,1,6824,sum,tau2,0
266414,1.4887663208125726e-09,1,6825,sum,tau2,0
987560,1.4887663208125726e-09,1,6826,sum,tau2,0
205877,1.4887663208125726e-09,1,6827,sum,tau2,0
646572,1.4887663208125726e-09,1,6828,sum,tau2,0
949562,1.4887663208125726e-09,1,6829,sum,tau2,0
239844,1.4887663208125726e-09,1,6830,sum,tau2,0
507102,1.4887663208125726e-09,1,6831,sum,tau2,0
304579,1.4887663208125726e-09,1,6832,sum,tau2,0
509164,1.4887663208125726e-09,1,6833,sum,tau2,0
338613,1.4887663208125726e-09,1,6834,sum,tau2,0
646809,1.4887663208125726e-09,1,6835,sum,tau2,0
342129,1.4887663208125726e-09,1,6836,sum,tau2,0
229262,1.4887663208125726e-09,1,6837,sum,tau2,0
330233,1.4887663208125726e-09,1,6838,sum,tau2,0
289839,1.4887663208125726e-09,1,6839,sum,tau2,0
824082,1.4887663208125726e-09,1,6840,sum,tau2,0
314093,1.4887663208125726e-09,1,6841,sum,tau2,0
732284,1.4887663208125726e-09,1,6842,sum,tau2,0
462055,1.4887663208125726e-09,1,6843,sum,tau2,0
427493,1.4887663208125726e-09,1,6844,sum,tau2,0
650599,1.4887663208125726e-09,1,6845,sum,tau2,0
142071,1.4887663208125726e-09,1,6846,sum,tau2,0
94624,1.4887663208125726e-09,1,6847,sum,tau2,0
3351,1.4887663208125726e-09,1,6848,sum,tau2,0
20105,1.4887663208125726e-09,1,6849,sum,tau2,0
834827,1.4887663208125726e-09,1,6850,sum,tau2,0
272407,1.4887663208125726e-09,1,6851,sum,tau2,0
175975,1.4887663208125726e-09,1,6852,sum,tau2,0
60303,1.4887663208125726e-09,1,6853,sum,tau2,0
405673,1.4887663208125726e-09,1,6854,sum,tau2,0
393227,1.4887663208125726e-09,1,6855,sum,tau2,0
14448,1.4887663208125726e-09,1,6856,sum,tau2,0
984095,1.4887663208125726e-09,1,6857,sum,tau2,0
897803,1.4887663208125726e-09,1,6858,sum,tau2,0
115390,1.4887663208125726e-09,1,6859,sum,tau2,0
278230,1.4887663208125726e-09,1,6860,sum,tau2,0
384935,1.4887663208125726e-09,1,6861,sum,tau2,0
125716,1.4887663208125726e-09,1,6862,sum,tau2,0
416738,1.4887663208125726e-09,1,6863,sum,tau2,0
197761,1.4887663208125726e-09,1,6864,sum,tau2,0
191863,1.4887663208125726e-09,1,6865,sum,tau2,0
33831,1.4887663208125726e-09,1,6866,sum,tau2,0
189878,1.4887663208125726e-09,1,6867,sum,tau2,0
200605,1.4887663208125726e-09,1,6868,sum,tau2,0
455711,1.4887663208125726e-09,1,6869,sum,tau2,0
803290,1.4887663208125726e-09,1,6870,sum,tau2,0
567367,1.4887663208125726e-09,1,6871,sum,tau2,0
341851,1.4887663208125726e-09,1,6872,sum,tau2,0
106781,1.4887663208125726e-09,1,6873,sum,tau2,0
189879,1.4887663208125726e-09,1,6874,sum,tau2,0
524270,1.4887663208125726e-09,1,6875,sum,tau2,0
767660,1.4887663208125726e-09,1,6876,sum,tau2,0
449043,1.4887663208125726e-09,1,6877,sum,tau2,0
333998,1.4887663208125726e-09,1,6878,sum,tau2,0
569261,1.4887663208125726e-09,1,6879,sum,tau2,0
876458,1.4887663208125726e-09,1,6880,sum,tau2,0
238951,1.4887663208125726e-09,1,6881,sum,tau2,0
914843,1.4887663208125726e-09,1,6882,sum,tau2,0
57964,1.4887663208125726e-09,1,6883,sum,tau2,0
968151,1.4887663208125726e-09,1,6884,sum,tau2,0
770905,1.4887663208125726e-09,1,6885,sum,tau2,0
485067,1.4887663208125726e-09,1,6886,sum,tau2,0
943767,1.4887663208125726e-09,1,6887,sum,tau2,0
211691,1.4887663208125726e-09,1,6888,sum,tau2,0
950723,1.4887663208125726e-09,1,6889,sum,tau2,0
405761,1.4887663208125726e-09,1,6890,sum,tau2,0
642898,1.4887663208125726e-09,1,6891,sum,tau2,0
715100,1.4887663208125726e-09,1,6892,sum,tau2,0
885325,1.4887663208125726e-09,1,6893,sum,tau2,0
538517,1.4887663208125726e-09,1,6894,sum,tau2,0
912376,1.4887663208125726e-09,1,6895,sum,tau2,0
113217,1.4887663208125726e-09,1,6896,sum,tau2,0
418455,1.4887663208125726e-09,1,6897,sum,tau2,0
433937,1.4887663208125726e-09,1,6898,sum,tau2,0
452240,1.4887663208125726e-09,1,6899,sum,tau2,0
194557,1.4887663208125726e-09,1,6900,sum,tau2,0
610402,1.4887663208125726e-09,1,6901,sum,tau2,0
482730,1.4887663208125726e-09,1,6902,sum,tau2,0
941529,1.4887663208125726e-09,1,6903,sum,tau2,0
214033,1.4887663208125726e-09,1,6904,sum,tau2,0
239723,1.4887663208125726e-09,1,6905,sum,tau2,0
839187,1.4887663208125726e-09,1,6906,sum,tau2,0
855970,1.4887663208125726e-09,1,6907,sum,tau2,0
551010,1.4887663208125726e-09,1,6908,sum,tau2,0
633511,1.4887663208125726e-09,1,6909,sum,tau2,0
362751,1.4887663208125726e-09,1,6910,sum,tau2,0
653556,1.4887663208125726e-09,1,6911,sum,tau2,0
757974,1.4887663208125726e-09,1,6912,sum,tau2,0
290813,1.4887663208125726e-09,1,6913,sum,tau2,0
174607,1.4887663208125726e-09,1,6914,sum,tau2,0
932234,1.4887663208125726e-09,1,6915,sum,tau2,0
262745,1.4887663208125726e-09,1,6916,sum,tau2,0
542006,1.4887663208125726e-09,1,6917,sum,tau2,0
62326,1.4887663208125726e-09,1,6918,sum,tau2,0
179686,1.4887663208125726e-09,1,6919,sum,tau2,0
152358,1.4887663208125726e-09,1,6920,sum,tau2,0
619694,1.4887663208125726e-09,1,6921,sum,tau2,0
789309,1.4887663208125726e-09,1,6922,sum,tau2,0
910067,1.4887663208125726e-09,1,6923,sum,tau2,0
950824,1.4887663208125726e-09,1,6924,sum,tau2,0
7713,1.4887663208125726e-09,1,6925,sum,tau2,0
232716,1.4887663208125726e-09,1,6926,sum,tau2,0
274581,1.4887663208125726e-09,1,6927,sum,tau2,0
532548,1.4887663208125726e-09,1,6928,sum,tau2,0
705641,1.4887663208125726e-09,1,6929,sum,tau2,0
868321,1.4887663208125726e-09,1,6930,sum,tau2,0
82364,1.4887663208125726e-09,1,6931,sum,tau2,0
148940,1.4887663208125726e-09,1,6932,sum,tau2,0
100250,1.4887663208125726e-09,1,6933,sum,tau2,0
78164,1.4887663208125726e-09,1,6934,sum,tau2,0
935273,1.4887663208125726e-09,1,6935,sum,tau2,0
299136,1.4887663208125726e-09,1,6936,sum,tau2,0
760987,1.4887663208125726e-09,1,6937,sum,tau2,0
231556,1.4887663208125726e-09,1,6938,sum,tau2,0
88622,1.4887663208125726e-09,1,6939,sum,tau2,0
412373,1.4887663208125726e-09,1,6940,sum,tau2,0
86499,1.4887663208125726e-09,1,6941,sum,tau2,0
7714,1.4887663208125726e-09,1,6942,sum,tau2,0
504512,1.4887663208125726e-09,1,6943,sum,tau2,0
632331,1.4887663208125726e-09,1,6944,sum,tau2,0
5151,1.4887663208125726e-09,1,6945,sum,tau2,0
205536,1.4887663208125726e-09,1,6946,sum,tau2,0
797482,1.4887663208125726e-09,1,6947,sum,tau2,0
891133,1.4887663208125726e-09,1,6948,sum,tau2,0
252036,1.4887663208125726e-09,1,6949,sum,tau2,0
301306,1.4887663208125726e-09,1,6950,sum,tau2,0
512019,1.4887663208125726e-09,1,6951,sum,tau2,0
176931,1.4887663208125726e-09,1,6952,sum,tau2,0
331052,1.4887663208125726e-09,1,6953,sum,tau2,0
671952,1.4887663208125726e-09,1,6954,sum,tau2,0
487917,1.4887663208125726e-09,1,6955,sum,tau2,0
717161,1.4887663208125726e-09,1,6956,sum,tau2,0
404255,1.4887663208125726e-09,1,6957,sum,tau2,0
709137,1.4887663208125726e-09,1,6958,sum,tau2,0
623572,1.4887663208125726e-09,1,6959,sum,tau2,0
67744,1.4887663208125726e-09,1,6960,sum,tau2,0
996143,1.4887663208125726e-09,1,6961,sum,tau2,0
828713,1.4887663208125726e-09,1,6962,sum,tau2,0
48668,1.4887663208125726e-09,1,6963,sum,tau2,0
521087,1.4887663208125726e-09,1,6964,sum,tau2,0
393796,1.4887663208125726e-09,1,6965,sum,tau2,0
456801,1.4887663208125726e-09,1,6966,sum,tau2,0
529749,1.4887663208125726e-09,1,6967,sum,tau2,0
453693,1.4887663208125726e-09,1,6968,sum,tau2,0
85136,1.4887663208125726e-09,1,6969,sum,tau2,0
889429,1.4887663208125726e-09,1,6970,sum,tau2,0
124846,1.4887663208125726e-09,1,6971,sum,tau2,0
856258,1.4887663208125726e-09,1,6972,sum,tau2,0
210673,1.4887663208125726e-09,1,6973,sum,tau2,0
58407,1.4887663208125726e-09,1,6974,sum,tau2,0
125807,1.4887663208125726e-09,1,6975,sum,tau2,0
711024,1.4887663208125726e-09,1,6976,sum,tau2,0
660532,1.4887663208125726e-09,1,6977,sum,tau2,0
192757,1.4887663208125726e-09,1,6978,sum,tau2,0
136160,1.4887663208125726e-09,1,6979,sum,tau2,0
641285,1.4887663208125726e-09,1,6980,sum,tau2,0
621891,1.4887663208125726e-09,1,6981,sum,tau2,0
770759,1.4887663208125726e-09,1,6982,sum,tau2,0
302002,1.4887663208125726e-09,1,6983,sum,tau2,0
612847,1.4887663208125726e-09,1,6984,sum,tau2,0
884418,1.4887663208125726e-09,1,6985,sum,tau2,0
849921,1.4887663208125726e-09,1,6986,sum,tau2,0
568078,1.4887663208125726e-09,1,6987,sum,tau2,0
96796,1.4887663208125726e-09,1,6988,sum,tau2,0
784553,1.4887663208125726e-09,1,6989,sum,tau2,0
881108,1.4887663208125726e-09,1,6990,sum,tau2,0
385648,1.4887663208125726e-09,1,6991,sum,tau2,0
370885,1.4887663208125726e-09,1,6992,sum,tau2,0
692128,1.4887663208125726e-09,1,6993,sum,tau2,0
599168,1.4887663208125726e-09,1,6994,sum,tau2,0
763937,1.4887663208125726e-09,1,6995,sum,tau2,0
54965,1.4887663208125726e-09,1,6996,sum,tau2,0
3797,1.4887663208125726e-09,1,6997,sum,tau2,0
66586,1.4887663208125726e-09,1,6998,sum,tau2,0
116702,1.4887663208125726e-09,1,6999,sum,tau2,0
712441,1.4887663208125726e-09,1,7000,sum,tau2,0
319127,1.4887663208125726e-09,1,7001,sum,tau2,0
308431,1.4887663208125726e-09,1,7002,sum,tau2,0
971936,1.4887663208125726e-09,1,7003,sum,tau2,0
643973,1.4887663208125726e-09,1,7004,sum,tau2,0
774097,1.4887663208125726e-09,1,7005,sum,tau2,0
307790,1.4887663208125726e-09,1,7006,sum,tau2,0
26951,1.4887663208125726e-09,1,7007,sum,tau2,0
53317,1.4887663208125726e-09,1,7008,sum,tau2,0
695348,1.4887663208125726e-09,1,7009,sum,tau2,0
431614,1.4887663208125726e-09,1,7010,sum,tau2,0
565771,1.4887663208125726e-09,1,7011,sum,tau2,0
458327,1.4887663208125726e-09,1,7012,sum,tau2,0
370557,1.4887663208125726e-09,1,7013,sum,tau2,0
603589,1.4887663208125726e-09,1,7014,sum,tau2,0
824062,1.4887663208125726e-09,1,7015,sum,tau2,0
798516,1.4887663208125726e-09,1,7016,sum,tau2,0
868528,1.4887663208125726e-09,1,7017,sum,tau2,0
925996,1.4887663208125726e-09,1,7018,sum,tau2,0
654946,1.4887663208125726e-09,1,7019,sum,tau2,0
684922,1.4887663208125726e-09,1,7020,sum,tau2,0
390741,1.4887663208125726e-09,1,7021,sum,tau2,0
686050,1.4887663208125726e-09,1,7022,sum,tau2,0
417631,1.4887663208125726e-09,1,7023,sum,tau2,0
114618,1.4887663208125726e-09,1,7024,sum,tau2,0
375837,1.4887663208125726e-09,1,7025,sum,tau2,0
957708,1.4887663208125726e-09,1,7026,sum,tau2,0
371974,1.4887663208125726e-09,1,7027,sum,tau2,0
184962,1.4887663208125726e-09,1,7028,sum,tau2,0
913645,1.4887663208125726e-09,1,7029,sum,tau2,0
760300,1.4887663208125726e-09,1,7030,sum,tau2,0
216643,1.4887663208125726e-09,1,7031,sum,tau2,0
965755,1.4887663208125726e-09,1,7032,sum,tau2,0
502455,1.4887663208125726e-09,1,7033,sum,tau2,0
340328,1.4887663208125726e-09,1,7034,sum,tau2,0
129496,1.4887663208125726e-09,1,7035,sum,tau2,0
990538,1.4887663208125726e-09,1,7036,sum,tau2,0
348912,1.4887663208125726e-09,1,7037,sum,tau2,0
287527,1.4887663208125726e-09,1,7038,sum,tau2,0
89353,1.4887663208125726e-09,1,7039,sum,tau2,0
661682,1.4887663208125726e-09,1,7040,sum,tau2,0
23755,1.4887663208125726e-09,1,7041,sum,tau2,0
202703,1.4887663208125726e-09,1,7042,sum,tau2,0
502500,1.4887663208125726e-09,1,7043,sum,tau2,0
70192,1.4887663208125726e-09,1,7044,sum,tau2,0
728927,1.4887663208125726e-09,1,7045,sum,tau2,0
927775,1.4887663208125726e-09,1,7046,sum,tau2,0
287219,1.4887663208125726e-09,1,7047,sum,tau2,0
235236,1.4887663208125726e-09,1,7048,sum,tau2,0
803293,1.4887663208125726e-09,1,7049,sum,tau2,0
193204,1.4887663208125726e-09,1,7050,sum,tau2,0
646573,1.4887663208125726e-09,1,7051,sum,tau2,0
236236,1.4887663208125726e-09,1,7052,sum,tau2,0
910888,1.4887663208125726e-09,1,7053,sum,tau2,0
374634,1.4887663208125726e-09,1,7054,sum,tau2,0
630008,1.4887663208125726e-09,1,7055,sum,tau2,0
949577,1.4887663208125726e-09,1,7056,sum,tau2,0
596424,1.4887663208125726e-09,1,7057,sum,tau2,0
327024,1.4887663208125726e-09,1,7058,sum,tau2,0
953867,1.4887663208125726e-09,1,7059,sum,tau2,0
800839,1.4887663208125726e-09,1,7060,sum,tau2,0
265440,1.4887663208125726e-09,1,7061,sum,tau2,0
576664,1.4887663208125726e-09,1,7062,sum,tau2,0
667501,1.4887663208125726e-09,1,7063,sum,tau2,0
772038,1.4887663208125726e-09,1,7064,sum,tau2,0
369091,1.4887663208125726e-09,1,7065,sum,tau2,0
391798,1.4887663208125726e-09,1,7066,sum,tau2,0
178093,1.4887663208125726e-09,1,7067,sum,tau2,0
84959,1.4887663208125726e-09,1,7068,sum,tau2,0
124807,1.4887663208125726e-09,1,7069,sum,tau2,0
590519,1.4887663208125726e-09,1,7070,sum,tau2,0
100244,1.4887663208125726e-09,1,7071,sum,tau2,0
765895,1.4887663208125726e-09,1,7072,sum,tau2,0
174436,1.4887663208125726e-09,1,7073,sum,tau2,0
954503,1.4887663208125726e-09,1,7074,sum,tau2,0
238519,1.4887663208125726e-09,1,7075,sum,tau2,0
322385,1.4887663208125726e-09,1,7076,sum,tau2,0
740076,1.4887663208125726e-09,1,7077,sum,tau2,0
11500,1.4887663208125726e-09,1,7078,sum,tau2,0
247369,1.4887663208125726e-09,1,7079,sum,tau2,0
583838,1.4887663208125726e-09,1,7080,sum,tau2,0
435330,1.4887663208125726e-09,1,7081,sum,tau2,0
470747,1.4887663208125726e-09,1,7082,sum,tau2,0
36329,1.4887663208125726e-09,1,7083,sum,tau2,0
229228,1.4887663208125726e-09,1,7084,sum,tau2,0
585964,1.4887663208125726e-09,1,7085,sum,tau2,0
451170,1.4887663208125726e-09,1,7086,sum,tau2,0
715133,1.4887663208125726e-09,1,7087,sum,tau2,0
41142,1.4887663208125726e-09,1,7088,sum,tau2,0
361259,1.4887663208125726e-09,1,7089,sum,tau2,0
647705,1.4887663208125726e-09,1,7090,sum,tau2,0
102757,1.4887663208125726e-09,1,7091,sum,tau2,0
867165,1.4887663208125726e-09,1,7092,sum,tau2,0
662691,1.4887663208125726e-09,1,7093,sum,tau2,0
723073,1.4887663208125726e-09,1,7094,sum,tau2,0
308970,1.4887663208125726e-09,1,7095,sum,tau2,0
862720,1.4887663208125726e-09,1,7096,sum,tau2,0
449558,1.4887663208125726e-09,1,7097,sum,tau2,0
858599,1.4887663208125726e-09,1,7098,sum,tau2,0
553430,1.4887663208125726e-09,1,7099,sum,tau2,0
231548,1.4887663208125726e-09,1,7100,sum,tau2,0
118876,1.4887663208125726e-09,1,7101,sum,tau2,0
755506,1.4887663208125726e-09,1,7102,sum,tau2,0
499970,1.4887663208125726e-09,1,7103,sum,tau2,0
63487,1.4887663208125726e-09,1,7104,sum,tau2,0
754449,1.4887663208125726e-09,1,7105,sum,tau2,0
569241,1.4887663208125726e-09,1,7106,sum,tau2,0
917129,1.4887663208125726e-09,1,7107,sum,tau2,0
358636,1.4887663208125726e-09,1,7108,sum,tau2,0
860101,1.4887663208125726e-09,1,7109,sum,tau2,0
523120,1.4887663208125726e-09,1,7110,sum,tau2,0
67745,1.4887663208125726e-09,1,7111,sum,tau2,0
810232,1.4887663208125726e-09,1,7112,sum,tau2,0
127007,1.4887663208125726e-09,1,7113,sum,tau2,0
982114,1.4887663208125726e-09,1,7114,sum,tau2,0
583189,1.4887663208125726e-09,1,7115,sum,tau2,0
333803,1.4887663208125726e-09,1,7116,sum,tau2,0
458340,1.4887663208125726e-09,1,7117,sum,tau2,0
848610,1.4887663208125726e-09,1,7118,sum,tau2,0
536726,1.4887663208125726e-09,1,7119,sum,tau2,0
985580,1.4887663208125726e-09,1,7120,sum,tau2,0
173343,1.4887663208125726e-09,1,7121,sum,tau2,0
568442,1.4887663208125726e-09,1,7122,sum,tau2,0
883432,1.4887663208125726e-09,1,7123,sum,tau2,0
270951,1.4887663208125726e-09,1,7124,sum,tau2,0
708170,1.4887663208125726e-09,1,7125,sum,tau2,0
459502,1.4887663208125726e-09,1,7126,sum,tau2,0
649135,1.4887663208125726e-09,1,7127,sum,tau2,0
111864,1.4887663208125726e-09,1,7128,sum,tau2,0
366502,1.4887663208125726e-09,1,7129,sum,tau2,0
199217,1.4887663208125726e-09,1,7130,sum,tau2,0
560394,1.4887663208125726e-09,1,7131,sum,tau2,0
468507,1.4887663208125726e-09,1,7132,sum,tau2,0
602124,1.4887663208125726e-09,1,7133,sum,tau2,0
866987,1.4887663208125726e-09,1,7134,sum,tau2,0
218805,1.4887663208125726e-09,1,7135,sum,tau2,0
776731,1.4887663208125726e-09,1,7136,sum,tau2,0
135815,1.4887663208125726e-09,1,7137,sum,tau2,0
645218,1.4887663208125726e-09,1,7138,sum,tau2,0
161094,1.4887663208125726e-09,1,7139,sum,tau2,0
966921,1.4887663208125726e-09,1,7140,sum,tau2,0
582022,1.4887663208125726e-09,1,7141,sum,tau2,0
969243,1.4887663208125726e-09,1,7142,sum,tau2,0
835980,1.4887663208125726e-09,1,7143,sum,tau2,0
467477,1.4887663208125726e-09,1,7144,sum,tau2,0
434725,1.4887663208125726e-09,1,7145,sum,tau2,0
666867,1.4887663208125726e-09,1,7146,sum,tau2,0
684932,1.4887663208125726e-09,1,7147,sum,tau2,0
853259,1.4887663208125726e-09,1,7148,sum,tau2,0
671498,1.4887663208125726e-09,1,7149,sum,tau2,0
531504,1.4887663208125726e-09,1,7150,sum,tau2,0
50274,1.4887663208125726e-09,1,7151,sum,tau2,0
965846,1.4887663208125726e-09,1,7152,sum,tau2,0
312890,1.4887663208125726e-09,1,7153,sum,tau2,0
93271,1.4887663208125726e-09,1,7154,sum,tau2,0
401239,1.4887663208125726e-09,1,7155,sum,tau2,0
19957,1.4887663208125726e-09,1,7156,sum,tau2,0
255216,1.4887663208125726e-09,1,7157,sum,tau2,0
618320,1.4887663208125726e-09,1,7158,sum,tau2,0
331033,1.4887663208125726e-09,1,7159,sum,tau2,0
977463,1.4887663208125726e-09,1,7160,sum,tau2,0
877171,1.4887663208125726e-09,1,7161,sum,tau2,0
348462,1.4887663208125726e-09,1,7162,sum,tau2,0
752121,1.4887663208125726e-09,1,7163,sum,tau2,0
90953,1.4887663208125726e-09,1,7164,sum,tau2,0
245496,1.4887663208125726e-09,1,7165,sum,tau2,0
891390,1.4887663208125726e-09,1,7166,sum,tau2,0
559145,1.4887663208125726e-09,1,7167,sum,tau2,0
915878,1.4887663208125726e-09,1,7168,sum,tau2,0
257275,1.4887663208125726e-09,1,7169,sum,tau2,0
385921,1.4887663208125726e-09,1,7170,sum,tau2,0
892549,1.4887663208125726e-09,1,7171,sum,tau2,0
480109,1.4887663208125726e-09,1,7172,sum,tau2,0
121069,1.4887663208125726e-09,1,7173,sum,tau2,0
129300,1.4887663208125726e-09,1,7174,sum,tau2,0
737060,1.4887663208125726e-09,1,7175,sum,tau2,0
388460,1.4887663208125726e-09,1,7176,sum,tau2,0
238724,1.4887663208125726e-09,1,7177,sum,tau2,0
457168,1.4887663208125726e-09,1,7178,sum,tau2,0
673147,1.4887663208125726e-09,1,7179,sum,tau2,0
606877,1.4887663208125726e-09,1,7180,sum,tau2,0
306631,1.4887663208125726e-09,1,7181,sum,tau2,0
815604,1.4887663208125726e-09,1,7182,sum,tau2,0
519722,1.4887663208125726e-09,1,7183,sum,tau2,0
778402,1.4887663208125726e-09,1,7184,sum,tau2,0
733737,1.4887663208125726e-09,1,7185,sum,tau2,0
366235,1.4887663208125726e-09,1,7186,sum,tau2,0
671857,1.4887663208125726e-09,1,7187,sum,tau2,0
380715,1.4887663208125726e-09,1,7188,sum,tau2,0
245686,1.4887663208125726e-09,1,7189,sum,tau2,0
22390,1.4887663208125726e-09,1,7190,sum,tau2,0
10321,1.4887663208125726e-09,1,7191,sum,tau2,0
72352,1.4887663208125726e-09,1,7192,sum,tau2,0
457136,1.4887663208125726e-09,1,7193,sum,tau2,0
818359,1.4887663208125726e-09,1,7194,sum,tau2,0
444087,1.4887663208125726e-09,1,7195,sum,tau2,0
154122,1.4887663208125726e-09,1,7196,sum,tau2,0
627829,1.4887663208125726e-09,1,7197,sum,tau2,0
643626,1.4887663208125726e-09,1,7198,sum,tau2,0
164049,1.4887663208125726e-09,1,7199,sum,tau2,0
509427,1.4887663208125726e-09,1,7200,sum,tau2,0
25875,1.4887663208125726e-09,1,7201,sum,tau2,0
229267,1.4887663208125726e-09,1,7202,sum,tau2,0
678487,1.4887663208125726e-09,1,7203,sum,tau2,0
555937,1.4887663208125726e-09,1,7204,sum,tau2,0
247821,1.4887663208125726e-09,1,7205,sum,tau2,0
480129,1.4887663208125726e-09,1,7206,sum,tau2,0
303631,1.4887663208125726e-09,1,7207,sum,tau2,0
490716,1.4887663208125726e-09,1,7208,sum,tau2,0
813916,1.4887663208125726e-09,1,7209,sum,tau2,0
21432,1.4887663208125726e-09,1,7210,sum,tau2,0
916126,1.4887663208125726e-09,1,7211,sum,tau2,0
21141,1.4887663208125726e-09,1,7212,sum,tau2,0
586118,1.4887663208125726e-09,1,7213,sum,tau2,0
444907,1.4887663208125726e-09,1,7214,sum,tau2,0
845516,1.4887663208125726e-09,1,7215,sum,tau2,0
901589,1.4887663208125726e-09,1,7216,sum,tau2,0
640610,1.4887663208125726e-09,1,7217,sum,tau2,0
327888,1.4887663208125726e-09,1,7218,sum,tau2,0
461536,1.4887663208125726e-09,1,7219,sum,tau2,0
881003,1.4887663208125726e-09,1,7220,sum,tau2,0
789501,1.4887663208125726e-09,1,7221,sum,tau2,0
631993,1.4887663208125726e-09,1,7222,sum,tau2,0
977556,1.4887663208125726e-09,1,7223,sum,tau2,0
754448,1.4887663208125726e-09,1,7224,sum,tau2,0
424478,1.4887663208125726e-09,1,7225,sum,tau2,0
31253,1.4887663208125726e-09,1,7226,sum,tau2,0
747373,1.4887663208125726e-09,1,7227,sum,tau2,0
203575,1.4887663208125726e-09,1,7228,sum,tau2,0
292166,1.4887663208125726e-09,1,7229,sum,tau2,0
82080,1.4887663208125726e-09,1,7230,sum,tau2,0
90842,1.4887663208125726e-09,1,7231,sum,tau2,0
999671,1.4887663208125726e-09,1,7232,sum,tau2,0
791529,1.4887663208125726e-09,1,7233,sum,tau2,0
999638,1.4887663208125726e-09,1,7234,sum,tau2,0
680284,1.4887663208125726e-09,1,7235,sum,tau2,0
1367,1.4887663208125726e-09,1,7236,sum,tau2,0
338460,1.4887663208125726e-09,1,7237,sum,tau2,0
917844,1.4887663208125726e-09,1,7238,sum,tau2,0
20103,1.4887663208125726e-09,1,7239,sum,tau2,0
594523,1.4887663208125726e-09,1,7240,sum,tau2,0
351241,1.4887663208125726e-09,1,7241,sum,tau2,0
71107,1.4887663208125726e-09,1,7242,sum,tau2,0
401201,1.4887663208125726e-09,1,7243,sum,tau2,0
628521,1.4887663208125726e-09,1,7244,sum,tau2,0
86492,1.4887663208125726e-09,1,7245,sum,tau2,0
519916,1.4887663208125726e-09,1,7246,sum,tau2,0
615436,1.4887663208125726e-09,1,7247,sum,tau2,0
424335,1.4887663208125726e-09,1,7248,sum,tau2,0
286894,1.4887663208125726e-09,1,7249,sum,tau2,0
895212,1.4887663208125726e-09,1,7250,sum,tau2,0
283392,1.4887663208125726e-09,1,7251,sum,tau2,0
948508,1.4887663208125726e-09,1,7252,sum,tau2,0
556733,1.4887663208125726e-09,1,7253,sum,tau2,0
21121,1.4887663208125726e-09,1,7254,sum,tau2,0
163721,1.4887663208125726e-09,1,7255,sum,tau2,0
408377,1.4887663208125726e-09,1,7256,sum,tau2,0
516136,1.4887663208125726e-09,1,7257,sum,tau2,0
691271,1.4887663208125726e-09,1,7258,sum,tau2,0
484904,1.4887663208125726e-09,1,7259,sum,tau2,0
319427,1.4887663208125726e-09,1,7260,sum,tau2,0
739383,1.4887663208125726e-09,1,7261,sum,tau2,0
591682,1.4887663208125726e-09,1,7262,sum,tau2,0
812551,1.4887663208125726e-09,1,7263,sum,tau2,0
337293,1.4887663208125726e-09,1,7264,sum,tau2,0
947338,1.4887663208125726e-09,1,7265,sum,tau2,0
918332,1.4887663208125726e-09,1,7266,sum,tau2,0
746520,1.4887663208125726e-09,1,7267,sum,tau2,0
52167,1.4887663208125726e-09,1,7268,sum,tau2,0
724397,1.4887663208125726e-09,1,7269,sum,tau2,0
796283,1.4887663208125726e-09,1,7270,sum,tau2,0
490837,1.4887663208125726e-09,1,7271,sum,tau2,0
592199,1.4887663208125726e-09,1,7272,sum,tau2,0
201378,1.4887663208125726e-09,1,7273,sum,tau2,0
807797,1.4887663208125726e-09,1,7274,sum,tau2,0
144308,1.4887663208125726e-09,1,7275,sum,tau2,0
252016,1.4887663208125726e-09,1,7276,sum,tau2,0
77429,1.4887663208125726e-09,1,7277,sum,tau2,0
376804,1.4887663208125726e-09,1,7278,sum,tau2,0
367510,1.4887663208125726e-09,1,7279,sum,tau2,0
606880,1.4887663208125726e-09,1,7280,sum,tau2,0
85867,1.4887663208125726e-09,1,7281,sum,tau2,0
900685,1.4887663208125726e-09,1,7282,sum,tau2,0
798517,1.4887663208125726e-09,1,7283,sum,tau2,0
116713,1.4887663208125726e-09,1,7284,sum,tau2,0
195957,1.4887663208125726e-09,1,7285,sum,tau2,0
156222,1.4887663208125726e-09,1,7286,sum,tau2,0
775257,1.4887663208125726e-09,1,7287,sum,tau2,0
579188,1.4887663208125726e-09,1,7288,sum,tau2,0
444017,1.4887663208125726e-09,1,7289,sum,tau2,0
104894,1.4887663208125726e-09,1,7290,sum,tau2,0
510338,1.4887663208125726e-09,1,7291,sum,tau2,0
377515,1.4887663208125726e-09,1,7292,sum,tau2,0
87891,1.4887663208125726e-09,1,7293,sum,tau2,0
672107,1.4887663208125726e-09,1,7294,sum,tau2,0
861353,1.4887663208125726e-09,1,7295,sum,tau2,0
529212,1.4887663208125726e-09,1,7296,sum,tau2,0
814699,1.4887663208125726e-09,1,7297,sum,tau2,0
917322,1.4887663208125726e-09,1,7298,sum,tau2,0
817094,1.4887663208125726e-09,1,7299,sum,tau2,0
474229,1.4887663208125726e-09,1,7300,sum,tau2,0
144437,1.4887663208125726e-09,1,7301,sum,tau2,0
726561,1.4887663208125726e-09,1,7302,sum,tau2,0
942690,1.4887663208125726e-09,1,7303,sum,tau2,0
289472,1.4887663208125726e-09,1,7304,sum,tau2,0
608033,1.4887663208125726e-09,1,7305,sum,tau2,0
634588,1.4887663208125726e-09,1,7306,sum,tau2,0
315374,1.4887663208125726e-09,1,7307,sum,tau2,0
85564,1.4887663208125726e-09,1,7308,sum,tau2,0
261587,1.4887663208125726e-09,1,7309,sum,tau2,0
517295,1.4887663208125726e-09,1,7310,sum,tau2,0
469326,1.4887663208125726e-09,1,7311,sum,tau2,0
46833,1.4887663208125726e-09,1,7312,sum,tau2,0
27038,1.4887663208125726e-09,1,7313,sum,tau2,0
184636,1.4887663208125726e-09,1,7314,sum,tau2,0
939937,1.4887663208125726e-09,1,7315,sum,tau2,0
674182,1.4887663208125726e-09,1,7316,sum,tau2,0
885945,1.4887663208125726e-09,1,7317,sum,tau2,0
410699,1.4887663208125726e-09,1,7318,sum,tau2,0
247640,1.4887663208125726e-09,1,7319,sum,tau2,0
756769,1.4887663208125726e-09,1,7320,sum,tau2,0
439751,1.4887663208125726e-09,1,7321,sum,tau2,0
12091,1.4887663208125726e-09,1,7322,sum,tau2,0
731401,1.4887663208125726e-09,1,7323,sum,tau2,0
947769,1.4887663208125726e-09,1,7324,sum,tau2,0
514903,1.4887663208125726e-09,1,7325,sum,tau2,0
416346,1.4887663208125726e-09,1,7326,sum,tau2,0
347755,1.4887663208125726e-09,1,7327,sum,tau2,0
989335,1.4887663208125726e-09,1,7328,sum,tau2,0
956635,1.4887663208125726e-09,1,7329,sum,tau2,0
861541,1.4887663208125726e-09,1,7330,sum,tau2,0
613740,1.4887663208125726e-09,1,7331,sum,tau2,0
683567,1.4887663208125726e-09,1,7332,sum,tau2,0
64936,1.4887663208125726e-09,1,7333,sum,tau2,0
444909,1.4887663208125726e-09,1,7334,sum,tau2,0
130883,1.4887663208125726e-09,1,7335,sum,tau2,0
353471,1.4887663208125726e-09,1,7336,sum,tau2,0
84401,1.4887663208125726e-09,1,7337,sum,tau2,0
107215,1.4887663208125726e-09,1,7338,sum,tau2,0
965973,1.4887663208125726e-09,1,7339,sum,tau2,0
892724,1.4887663208125726e-09,1,7340,sum,tau2,0
632870,1.4887663208125726e-09,1,7341,sum,tau2,0
587119,1.4887663208125726e-09,1,7342,sum,tau2,0
792983,1.4887663208125726e-09,1,7343,sum,tau2,0
542518,1.4887663208125726e-09,1,7344,sum,tau2,0
575693,1.4887663208125726e-09,1,7345,sum,tau2,0
452755,1.4887663208125726e-09,1,7346,sum,tau2,0
169532,1.4887663208125726e-09,1,7347,sum,tau2,0
704396,1.4887663208125726e-09,1,7348,sum,tau2,0
682299,1.4887663208125726e-09,1,7349,sum,tau2,0
663383,1.4887663208125726e-09,1,7350,sum,tau2,0
450197,1.4887663208125726e-09,1,7351,sum,tau2,0
52428,1.4887663208125726e-09,1,7352,sum,tau2,0
570762,1.4887663208125726e-09,1,7353,sum,tau2,0
211954,1.4887663208125726e-09,1,7354,sum,tau2,0
227629,1.4887663208125726e-09,1,7355,sum,tau2,0
823435,1.4887663208125726e-09,1,7356,sum,tau2,0
272410,1.4887663208125726e-09,1,7357,sum,tau2,0
748830,1.4887663208125726e-09,1,7358,sum,tau2,0
701424,1.4887663208125726e-09,1,7359,sum,tau2,0
612726,1.4887663208125726e-09,1,7360,sum,tau2,0
443461,1.4887663208125726e-09,1,7361,sum,tau2,0
782496,1.4887663208125726e-09,1,7362,sum,tau2,0
826652,1.4887663208125726e-09,1,7363,sum,tau2,0
349625,1.4887663208125726e-09,1,7364,sum,tau2,0
250036,1.4887663208125726e-09,1,7365,sum,tau2,0
240742,1.4887663208125726e-09,1,7366,sum,tau2,0
466699,1.4887663208125726e-09,1,7367,sum,tau2,0
284028,1.4887663208125726e-09,1,7368,sum,tau2,0
197421,1.4887663208125726e-09,1,7369,sum,tau2,0
473248,1.4887663208125726e-09,1,7370,sum,tau2,0
316416,1.4887663208125726e-09,1,7371,sum,tau2,0
212854,1.4887663208125726e-09,1,7372,sum,tau2,0
827658,1.4887663208125726e-09,1,7373,sum,tau2,0
21956,1.4887663208125726e-09,1,7374,sum,tau2,0
920186,1.4887663208125726e-09,1,7375,sum,tau2,0
592498,1.4887663208125726e-09,1,7376,sum,tau2,0
946073,1.4887663208125726e-09,1,7377,sum,tau2,0
927583,1.4887663208125726e-09,1,7378,sum,tau2,0
637816,1.4887663208125726e-09,1,7379,sum,tau2,0
283748,1.4887663208125726e-09,1,7380,sum,tau2,0
450718,1.4887663208125726e-09,1,7381,sum,tau2,0
437118,1.4887663208125726e-09,1,7382,sum,tau2,0
21957,1.4887663208125726e-09,1,7383,sum,tau2,0
752125,1.4887663208125726e-09,1,7384,sum,tau2,0
301183,1.4887663208125726e-09,1,7385,sum,tau2,0
568533,1.4887663208125726e-09,1,7386,sum,tau2,0
746314,1.4887663208125726e-09,1,7387,sum,tau2,0
630846,1.4887663208125726e-09,1,7388,sum,tau2,0
940530,1.4887663208125726e-09,1,7389,sum,tau2,0
154423,1.4887663208125726e-09,1,7390,sum,tau2,0
440259,1.4887663208125726e-09,1,7391,sum,tau2,0
480128,1.4887663208125726e-09,1,7392,sum,tau2,0
806941,1.4887663208125726e-09,1,7393,sum,tau2,0
242738,1.4887663208125726e-09,1,7394,sum,tau2,0
573215,1.4887663208125726e-09,1,7395,sum,tau2,0
236397,1.4887663208125726e-09,1,7396,sum,tau2,0
355888,1.4887663208125726e-09,1,7397,sum,tau2,0
855113,1.4887663208125726e-09,1,7398,sum,tau2,0
308952,1.4887663208125726e-09,1,7399,sum,tau2,0
717304,1.4887663208125726e-09,1,7400,sum,tau2,0
805131,1.4887663208125726e-09,1,7401,sum,tau2,0
882166,1.4887663208125726e-09,1,7402,sum,tau2,0
237185,1.4887663208125726e-09,1,7403,sum,tau2,0
756965,1.4887663208125726e-09,1,7404,sum,tau2,0
613399,1.4887663208125726e-09,1,7405,sum,tau2,0
298767,1.4887663208125726e-09,1,7406,sum,tau2,0
757941,1.4887663208125726e-09,1,7407,sum,tau2,0
412730,1.4887663208125726e-09,1,7408,sum,tau2,0
71354,1.4887663208125726e-09,1,7409,sum,tau2,0
274733,1.4887663208125726e-09,1,7410,sum,tau2,0
943860,1.4887663208125726e-09,1,7411,sum,tau2,0
409341,1.4887663208125726e-09,1,7412,sum,tau2,0
709044,1.4887663208125726e-09,1,7413,sum,tau2,0
152737,1.4887663208125726e-09,1,7414,sum,tau2,0
304794,1.4887663208125726e-09,1,7415,sum,tau2,0
164864,1.4887663208125726e-09,1,7416,sum,tau2,0
709024,1.4887663208125726e-09,1,7417,sum,tau2,0
64113,1.4887663208125726e-09,1,7418,sum,tau2,0
221806,1.4887663208125726e-09,1,7419,sum,tau2,0
534382,1.4887663208125726e-09,1,7420,sum,tau2,0
618698,1.4887663208125726e-09,1,7421,sum,tau2,0
845797,1.4887663208125726e-09,1,7422,sum,tau2,0
121053,1.4887663208125726e-09,1,7423,sum,tau2,0
787176,1.4887663208125726e-09,1,7424,sum,tau2,0
833670,1.4887663208125726e-09,1,7425,sum,tau2,0
732573,1.4887663208125726e-09,1,7426,sum,tau2,0
567568,1.4887663208125726e-09,1,7427,sum,tau2,0
970477,1.4887663208125726e-09,1,7428,sum,tau2,0
406577,1.4887663208125726e-09,1,7429,sum,tau2,0
296623,1.4887663208125726e-09,1,7430,sum,tau2,0
604980,1.4887663208125726e-09,1,7431,sum,tau2,0
16577,1.4887663208125726e-09,1,7432,sum,tau2,0
14970,1.4887663208125726e-09,1,7433,sum,tau2,0
800823,1.4887663208125726e-09,1,7434,sum,tau2,0
913802,1.4887663208125726e-09,1,7435,sum,tau2,0
408067,1.4887663208125726e-09,1,7436,sum,tau2,0
898543,1.4887663208125726e-09,1,7437,sum,tau2,0
74589,1.4887663208125726e-09,1,7438,sum,tau2,0
304321,1.4887663208125726e-09,1,7439,sum,tau2,0
367707,1.4887663208125726e-09,1,7440,sum,tau2,0
217808,1.4887663208125726e-09,1,7441,sum,tau2,0
888281,1.4887663208125726e-09,1,7442,sum,tau2,0
300017,1.4887663208125726e-09,1,7443,sum,tau2,0
966647,1.4887663208125726e-09,1,7444,sum,tau2,0
611090,1.4887663208125726e-09,1,7445,sum,tau2,0
85865,1.4887663208125726e-09,1,7446,sum,tau2,0
744179,1.4887663208125726e-09,1,7447,sum,tau2,0
225635,1.4887663208125726e-09,1,7448,sum,tau2,0
898697,1.4887663208125726e-09,1,7449,sum,tau2,0
1024,1.4887663208125726e-09,1,7450,sum,tau2,0
595296,1.4887663208125726e-09,1,7451,sum,tau2,0
664239,1.4887663208125726e-09,1,7452,sum,tau2,0
316575,1.4887663208125726e-09,1,7453,sum,tau2,0
611091,1.4887663208125726e-09,1,7454,sum,tau2,0
659366,1.4887663208125726e-09,1,7455,sum,tau2,0
424440,1.4887663208125726e-09,1,7456,sum,tau2,0
966364,1.4887663208125726e-09,1,7457,sum,tau2,0
396106,1.4887663208125726e-09,1,7458,sum,tau2,0
753998,1.4887663208125726e-09,1,7459,sum,tau2,0
801134,1.4887663208125726e-09,1,7460,sum,tau2,0
370020,1.4887663208125726e-09,1,7461,sum,tau2,0
542230,1.4887663208125726e-09,1,7462,sum,tau2,0
618535,1.4887663208125726e-09,1,7463,sum,tau2,0
976305,1.4887663208125726e-09,1,7464,sum,tau2,0
461538,1.4887663208125726e-09,1,7465,sum,tau2,0
937310,1.4887663208125726e-09,1,7466,sum,tau2,0
567557,1.4887663208125726e-09,1,7467,sum,tau2,0
450717,1.4887663208125726e-09,1,7468,sum,tau2,0
973893,1.4887663208125726e-09,1,7469,sum,tau2,0
814444,1.4887663208125726e-09,1,7470,sum,tau2,0
878987,1.4887663208125726e-09,1,7471,sum,tau2,0
594521,1.4887663208125726e-09,1,7472,sum,tau2,0
954311,1.4887663208125726e-09,1,7473,sum,tau2,0
756040,1.4887663208125726e-09,1,7474,sum,tau2,0
283103,1.4887663208125726e-09,1,7475,sum,tau2,0
167205,1.4887663208125726e-09,1,7476,sum,tau2,0
623336,1.4887663208125726e-09,1,7477,sum,tau2,0
832304,1.4887663208125726e-09,1,7478,sum,tau2,0
269892,1.4887663208125726e-09,1,7479,sum,tau2,0
220918,1.4887663208125726e-09,1,7480,sum,tau2,0
710485,1.4887663208125726e-09,1,7481,sum,tau2,0
642894,1.4887663208125726e-09,1,7482,sum,tau2,0
933292,1.4887663208125726e-09,1,7483,sum,tau2,0
57256,1.4887663208125726e-09,1,7484,sum,tau2,0
542961,1.4887663208125726e-09,1,7485,sum,tau2,0
564939,1.4887663208125726e-09,1,7486,sum,tau2,0
781175,1.4887663208125726e-09,1,7487,sum,tau2,0
403956,1.4887663208125726e-09,1,7488,sum,tau2,0
326744,1.4887663208125726e-09,1,7489,sum,tau2,0
161871,1.4887663208125726e-09,1,7490,sum,tau2,0
177991,1.4887663208125726e-09,1,7491,sum,tau2,0
177138,1.4887663208125726e-09,1,7492,sum,tau2,0
587282,1.4887663208125726e-09,1,7493,sum,tau2,0
684734,1.4887663208125726e-09,1,7494,sum,tau2,0
716100,1.4887663208125726e-09,1,7495,sum,tau2,0
939633,1.4887663208125726e-09,1,7496,sum,tau2,0
856257,1.4887663208125726e-09,1,7497,sum,tau2,0
268642,1.4887663208125726e-09,1,7498,sum,tau2,0
247086,1.4887663208125726e-09,1,7499,sum,tau2,0
756665,1.4887663208125726e-09,1,7500,sum,tau2,0
984684,1.4887663208125726e-09,1,7501,sum,tau2,0
566211,1.4887663208125726e-09,1,7502,sum,tau2,0
258436,1.4887663208125726e-09,1,7503,sum,tau2,0
904344,1.4887663208125726e-09,1,7504,sum,tau2,0
947237,1.4887663208125726e-09,1,7505,sum,tau2,0
585784,1.4887663208125726e-09,1,7506,sum,tau2,0
126236,1.4887663208125726e-09,1,7507,sum,tau2,0
851952,1.4887663208125726e-09,1,7508,sum,tau2,0
484758,1.4887663208125726e-09,1,7509,sum,tau2,0
390565,1.4887663208125726e-09,1,7510,sum,tau2,0
456888,1.4887663208125726e-09,1,7511,sum,tau2,0
40007,1.4887663208125726e-09,1,7512,sum,tau2,0
981043,1.4887663208125726e-09,1,7513,sum,tau2,0
382650,1.4887663208125726e-09,1,7514,sum,tau2,0
598740,1.4887663208125726e-09,1,7515,sum,tau2,0
238563,1.4887663208125726e-09,1,7516,sum,tau2,0
282675,1.4887663208125726e-09,1,7517,sum,tau2,0
828815,1.4887663208125726e-09,1,7518,sum,tau2,0
106256,1.4887663208125726e-09,1,7519,sum,tau2,0
378161,1.4887663208125726e-09,1,7520,sum,tau2,0
368219,1.4887663208125726e-09,1,7521,sum,tau2,0
74681,1.4887663208125726e-09,1,7522,sum,tau2,0
998628,1.4887663208125726e-09,1,7523,sum,tau2,0
345339,1.4887663208125726e-09,1,7524,sum,tau2,0
158769,1.4887663208125726e-09,1,7525,sum,tau2,0
168838,1.4887663208125726e-09,1,7526,sum,tau2,0
456975,1.4887663208125726e-09,1,7527,sum,tau2,0
997309,1.4887663208125726e-09,1,7528,sum,tau2,0
233141,1.4887663208125726e-09,1,7529,sum,tau2,0
197400,1.4887663208125726e-09,1,7530,sum,tau2,0
528050,1.4887663208125726e-09,1,7531,sum,tau2,0
725601,1.4887663208125726e-09,1,7532,sum,tau2,0
740542,1.4887663208125726e-09,1,7533,sum,tau2,0
819712,1.4887663208125726e-09,1,7534,sum,tau2,0
827858,1.4887663208125726e-09,1,7535,sum,tau2,0
121073,1.4887663208125726e-09,1,7536,sum,tau2,0
740693,1.4887663208125726e-09,1,7537,sum,tau2,0
149478,1.4887663208125726e-09,1,7538,sum,tau2,0
523252,1.4887663208125726e-09,1,7539,sum,tau2,0
29792,1.4887663208125726e-09,1,7540,sum,tau2,0
634924,1.4887663208125726e-09,1,7541,sum,tau2,0
967824,1.4887663208125726e-09,1,7542,sum,tau2,0
577391,1.4887663208125726e-09,1,7543,sum,tau2,0
463843,1.4887663208125726e-09,1,7544,sum,tau2,0
361264,1.4887663208125726e-09,1,7545,sum,tau2,0
266304,1.4887663208125726e-09,1,7546,sum,tau2,0
171285,1.4887663208125726e-09,1,7547,sum,tau2,0
939100,1.4887663208125726e-09,1,7548,sum,tau2,0
551100,1.4887663208125726e-09,1,7549,sum,tau2,0
848468,1.4887663208125726e-09,1,7550,sum,tau2,0
68438,1.4887663208125726e-09,1,7551,sum,tau2,0
587158,1.4887663208125726e-09,1,7552,sum,tau2,0
713779,1.4887663208125726e-09,1,7553,sum,tau2,0
339184,1.4887663208125726e-09,1,7554,sum,tau2,0
175600,1.4887663208125726e-09,1,7555,sum,tau2,0
755164,1.4887663208125726e-09,1,7556,sum,tau2,0
691903,1.4887663208125726e-09,1,7557,sum,tau2,0
501295,1.4887663208125726e-09,1,7558,sum,tau2,0
956840,1.4887663208125726e-09,1,7559,sum,tau2,0
523411,1.4887663208125726e-09,1,7560,sum,tau2,0
807470,1.4887663208125726e-09,1,7561,sum,tau2,0
952703,1.4887663208125726e-09,1,7562,sum,tau2,0
883621,1.4887663208125726e-09,1,7563,sum,tau2,0
590613,1.4887663208125726e-09,1,7564,sum,tau2,0
146292,1.4887663208125726e-09,1,7565,sum,tau2,0
247367,1.4887663208125726e-09,1,7566,sum,tau2,0
504808,1.4887663208125726e-09,1,7567,sum,tau2,0
56517,1.4887663208125726e-09,1,7568,sum,tau2,0
284911,1.4887663208125726e-09,1,7569,sum,tau2,0
88191,1.4887663208125726e-09,1,7570,sum,tau2,0
574767,1.4887663208125726e-09,1,7571,sum,tau2,0
167188,1.4887663208125726e-09,1,7572,sum,tau2,0
264276,1.4887663208125726e-09,1,7573,sum,tau2,0
503284,1.4887663208125726e-09,1,7574,sum,tau2,0
435089,1.4887663208125726e-09,1,7575,sum,tau2,0
225739,1.4887663208125726e-09,1,7576,sum,tau2,0
540645,1.4887663208125726e-09,1,7577,sum,tau2,0
884786,1.4887663208125726e-09,1,7578,sum,tau2,0
583188,1.4887663208125726e-09,1,7579,sum,tau2,0
928908,1.4887663208125726e-09,1,7580,sum,tau2,0
391945,1.4887663208125726e-09,1,7581,sum,tau2,0
282866,1.4887663208125726e-09,1,7582,sum,tau2,0
679107,1.4887663208125726e-09,1,7583,sum,tau2,0
759093,1.4887663208125726e-09,1,7584,sum,tau2,0
755179,1.4887663208125726e-09,1,7585,sum,tau2,0
89791,1.4887663208125726e-09,1,7586,sum,tau2,0
772936,1.4887663208125726e-09,1,7587,sum,tau2,0
90946,1.4887663208125726e-09,1,7588,sum,tau2,0
311766,1.4887663208125726e-09,1,7589,sum,tau2,0
803969,1.4887663208125726e-09,1,7590,sum,tau2,0
239876,1.4887663208125726e-09,1,7591,sum,tau2,0
796709,1.4887663208125726e-09,1,7592,sum,tau2,0
65279,1.4887663208125726e-09,1,7593,sum,tau2,0
628779,1.4887663208125726e-09,1,7594,sum,tau2,0
499797,1.4887663208125726e-09,1,7595,sum,tau2,0
863243,1.4887663208125726e-09,1,7596,sum,tau2,0
601496,1.4887663208125726e-09,1,7597,sum,tau2,0
49112,1.4887663208125726e-09,1,7598,sum,tau2,0
265451,1.4887663208125726e-09,1,7599,sum,tau2,0
237253,1.4887663208125726e-09,1,7600,sum,tau2,0
256940,1.4887663208125726e-09,1,7601,sum,tau2,0
169960,1.4887663208125726e-09,1,7602,sum,tau2,0
307121,1.4887663208125726e-09,1,7603,sum,tau2,0
362124,1.4887663208125726e-09,1,7604,sum,tau2,0
361884,1.4887663208125726e-09,1,7605,sum,tau2,0
299145,1.4887663208125726e-09,1,7606,sum,tau2,0
965842,1.4887663208125726e-09,1,7607,sum,tau2,0
26929,1.4887663208125726e-09,1,7608,sum,tau2,0
632336,1.4887663208125726e-09,1,7609,sum,tau2,0
52601,1.4887663208125726e-09,1,7610,sum,tau2,0
916127,1.4887663208125726e-09,1,7611,sum,tau2,0
591663,1.4887663208125726e-09,1,7612,sum,tau2,0
467626,1.4887663208125726e-09,1,7613,sum,tau2,0
207144,1.4887663208125726e-09,1,7614,sum,tau2,0
59574,1.4887663208125726e-09,1,7615,sum,tau2,0
967099,1.4887663208125726e-09,1,7616,sum,tau2,0
87666,1.4887663208125726e-09,1,7617,sum,tau2,0
79515,1.4887663208125726e-09,1,7618,sum,tau2,0
949670,1.4887663208125726e-09,1,7619,sum,tau2,0
267762,1.4887663208125726e-09,1,7620,sum,tau2,0
336040,1.4887663208125726e-09,1,7621,sum,tau2,0
942886,1.4887663208125726e-09,1,7622,sum,tau2,0
325831,1.4887663208125726e-09,1,7623,sum,tau2,0
691594,1.4887663208125726e-09,1,7624,sum,tau2,0
664802,1.4887663208125726e-09,1,7625,sum,tau2,0
642904,1.4887663208125726e-09,1,7626,sum,tau2,0
864410,1.4887663208125726e-09,1,7627,sum,tau2,0
802521,1.4887663208125726e-09,1,7628,sum,tau2,0
656409,1.4887663208125726e-09,1,7629,sum,tau2,0
823006,1.4887663208125726e-09,1,7630,sum,tau2,0
835057,1.4887663208125726e-09,1,7631,sum,tau2,0
4873,1.4887663208125726e-09,1,7632,sum,tau2,0
731637,1.4887663208125726e-09,1,7633,sum,tau2,0
345426,1.4887663208125726e-09,1,7634,sum,tau2,0
40009,1.4887663208125726e-09,1,7635,sum,tau2,0
614906,1.4887663208125726e-09,1,7636,sum,tau2,0
715141,1.4887663208125726e-09,1,7637,sum,tau2,0
227061,1.4887663208125726e-09,1,7638,sum,tau2,0
818563,1.4887663208125726e-09,1,7639,sum,tau2,0
241920,1.4887663208125726e-09,1,7640,sum,tau2,0
670612,1.4887663208125726e-09,1,7641,sum,tau2,0
16616,1.4887663208125726e-09,1,7642,sum,tau2,0
147154,1.4887663208125726e-09,1,7643,sum,tau2,0
539478,1.4887663208125726e-09,1,7644,sum,tau2,0
182746,1.4887663208125726e-09,1,7645,sum,tau2,0
744703,1.4887663208125726e-09,1,7646,sum,tau2,0
768216,1.4887663208125726e-09,1,7647,sum,tau2,0
473243,1.4887663208125726e-09,1,7648,sum,tau2,0
54192,1.4887663208125726e-09,1,7649,sum,tau2,0
893155,1.4887663208125726e-09,1,7650,sum,tau2,0
553625,1.4887663208125726e-09,1,7651,sum,tau2,0
43733,1.4887663208125726e-09,1,7652,sum,tau2,0
298516,1.4887663208125726e-09,1,7653,sum,tau2,0
831180,1.4887663208125726e-09,1,7654,sum,tau2,0
612692,1.4887663208125726e-09,1,7655,sum,tau2,0
652232,1.4887663208125726e-09,1,7656,sum,tau2,0
803412,1.4887663208125726e-09,1,7657,sum,tau2,0
681956,1.4887663208125726e-09,1,7658,sum,tau2,0
236927,1.4887663208125726e-09,1,7659,sum,tau2,0
769123,1.4887663208125726e-09,1,7660,sum,tau2,0
944842,1.4887663208125726e-09,1,7661,sum,tau2,0
78368,1.4887663208125726e-09,1,7662,sum,tau2,0
110252,1.4887663208125726e-09,1,7663,sum,tau2,0
687253,1.4887663208125726e-09,1,7664,sum,tau2,0
546347,1.4887663208125726e-09,1,7665,sum,tau2,0
678188,1.4887663208125726e-09,1,7666,sum,tau2,0
109093,1.4887663208125726e-09,1,7667,sum,tau2,0
871970,1.4887663208125726e-09,1,7668,sum,tau2,0
388458,1.4887663208125726e-09,1,7669,sum,tau2,0
232710,1.4887663208125726e-09,1,7670,sum,tau2,0
306633,1.4887663208125726e-09,1,7671,sum,tau2,0
662689,1.4887663208125726e-09,1,7672,sum,tau2,0
845083,1.4887663208125726e-09,1,7673,sum,tau2,0
2461,1.4887663208125726e-09,1,7674,sum,tau2,0
885762,1.4887663208125726e-09,1,7675,sum,tau2,0
376067,1.4887663208125726e-09,1,7676,sum,tau2,0
34435,1.4887663208125726e-09,1,7677,sum,tau2,0
655682,1.4887663208125726e-09,1,7678,sum,tau2,0
69853,1.4887663208125726e-09,1,7679,sum,tau2,0
591971,1.4887663208125726e-09,1,7680,sum,tau2,0
618499,1.4887663208125726e-09,1,7681,sum,tau2,0
225743,1.4887663208125726e-09,1,7682,sum,tau2,0
152085,1.4887663208125726e-09,1,7683,sum,tau2,0
481809,1.4887663208125726e-09,1,7684,sum,tau2,0
968166,1.4887663208125726e-09,1,7685,sum,tau2,0
385133,1.4887663208125726e-09,1,7686,sum,tau2,0
97472,1.4887663208125726e-09,1,7687,sum,tau2,0
838844,1.4887663208125726e-09,1,7688,sum,tau2,0
216010,1.4887663208125726e-09,1,7689,sum,tau2,0
898107,1.4887663208125726e-09,1,7690,sum,tau2,0
734691,1.4887663208125726e-09,1,7691,sum,tau2,0
315946,1.4887663208125726e-09,1,7692,sum,tau2,0
579719,1.4887663208125726e-09,1,7693,sum,tau2,0
340815,1.4887663208125726e-09,1,7694,sum,tau2,0
481275,1.4887663208125726e-09,1,7695,sum,tau2,0
982208,1.4887663208125726e-09,1,7696,sum,tau2,0
147710,1.4887663208125726e-09,1,7697,sum,tau2,0
745866,1.4887663208125726e-09,1,7698,sum,tau2,0
705559,1.4887663208125726e-09,1,7699,sum,tau2,0
683608,1.4887663208125726e-09,1,7700,sum,tau2,0
727883,1.4887663208125726e-09,1,7701,sum,tau2,0
122143,1.4887663208125726e-09,1,7702,sum,tau2,0
951990,1.4887663208125726e-09,1,7703,sum,tau2,0
453040,1.4887663208125726e-09,1,7704,sum,tau2,0
647459,1.4887663208125726e-09,1,7705,sum,tau2,0
238520,1.4887663208125726e-09,1,7706,sum,tau2,0
548327,1.4887663208125726e-09,1,7707,sum,tau2,0
167636,1.4887663208125726e-09,1,7708,sum,tau2,0
714836,1.4887663208125726e-09,1,7709,sum,tau2,0
902064,1.4887663208125726e-09,1,7710,sum,tau2,0
938250,1.4887663208125726e-09,1,7711,sum,tau2,0
486033,1.4887663208125726e-09,1,7712,sum,tau2,0
542862,1.4887663208125726e-09,1,7713,sum,tau2,0
952417,1.4887663208125726e-09,1,7714,sum,tau2,0
517313,1.4887663208125726e-09,1,7715,sum,tau2,0
843750,1.4887663208125726e-09,1,7716,sum,tau2,0
934557,1.4887663208125726e-09,1,7717,sum,tau2,0
933308,1.4887663208125726e-09,1,7718,sum,tau2,0
553584,1.4887663208125726e-09,1,7719,sum,tau2,0
99087,1.4887663208125726e-09,1,7720,sum,tau2,0
872980,1.4887663208125726e-09,1,7721,sum,tau2,0
786014,1.4887663208125726e-09,1,7722,sum,tau2,0
851968,1.4887663208125726e-09,1,7723,sum,tau2,0
372879,1.4887663208125726e-09,1,7724,sum,tau2,0
165314,1.4887663208125726e-09,1,7725,sum,tau2,0
705558,1.4887663208125726e-09,1,7726,sum,tau2,0
82708,1.4887663208125726e-09,1,7727,sum,tau2,0
646207,1.4887663208125726e-09,1,7728,sum,tau2,0
438815,1.4887663208125726e-09,1,7729,sum,tau2,0
418823,1.4887663208125726e-09,1,7730,sum,tau2,0
801987,1.4887663208125726e-09,1,7731,sum,tau2,0
190447,1.4887663208125726e-09,1,7732,sum,tau2,0
566634,1.4887663208125726e-09,1,7733,sum,tau2,0
139015,1.4887663208125726e-09,1,7734,sum,tau2,0
112594,1.4887663208125726e-09,1,7735,sum,tau2,0
109109,1.4887663208125726e-09,1,7736,sum,tau2,0
614047,1.4887663208125726e-09,1,7737,sum,tau2,0
81562,1.4887663208125726e-09,1,7738,sum,tau2,0
709170,1.4887663208125726e-09,1,7739,sum,tau2,0
482453,1.4887663208125726e-09,1,7740,sum,tau2,0
493711,1.4887663208125726e-09,1,7741,sum,tau2,0
921045,1.4887663208125726e-09,1,7742,sum,tau2,0
799662,1.4887663208125726e-09,1,7743,sum,tau2,0
488782,1.4887663208125726e-09,1,7744,sum,tau2,0
859025,1.4887663208125726e-09,1,7745,sum,tau2,0
831330,1.4887663208125726e-09,1,7746,sum,tau2,0
83525,1.4887663208125726e-09,1,7747,sum,tau2,0
327565,1.4887663208125726e-09,1,7748,sum,tau2,0
142264,1.4887663208125726e-09,1,7749,sum,tau2,0
908890,1.4887663208125726e-09,1,7750,sum,tau2,0
834181,1.4887663208125726e-09,1,7751,sum,tau2,0
947337,1.4887663208125726e-09,1,7752,sum,tau2,0
882696,1.4887663208125726e-09,1,7753,sum,tau2,0
598010,1.4887663208125726e-09,1,7754,sum,tau2,0
934761,1.4887663208125726e-09,1,7755,sum,tau2,0
158343,1.4887663208125726e-09,1,7756,sum,tau2,0
879982,1.4887663208125726e-09,1,7757,sum,tau2,0
479788,1.4887663208125726e-09,1,7758,sum,tau2,0
748207,1.4887663208125726e-09,1,7759,sum,tau2,0
489082,1.4887663208125726e-09,1,7760,sum,tau2,0
853116,1.4887663208125726e-09,1,7761,sum,tau2,0
396447,1.4887663208125726e-09,1,7762,sum,tau2,0
881297,1.4887663208125726e-09,1,7763,sum,tau2,0
494072,1.4887663208125726e-09,1,7764,sum,tau2,0
748636,1.4887663208125726e-09,1,7765,sum,tau2,0
76552,1.4887663208125726e-09,1,7766,sum,tau2,0
417035,1.4887663208125726e-09,1,7767,sum,tau2,0
307271,1.4887663208125726e-09,1,7768,sum,tau2,0
298496,1.4887663208125726e-09,1,7769,sum,tau2,0
13007,1.4887663208125726e-09,1,7770,sum,tau2,0
513,1.4887663208125726e-09,1,7771,sum,tau2,0
873176,1.4887663208125726e-09,1,7772,sum,tau2,0
112918,1.4887663208125726e-09,1,7773,sum,tau2,0
155573,1.4887663208125726e-09,1,7774,sum,tau2,0
599795,1.4887663208125726e-09,1,7775,sum,tau2,0
669629,1.4887663208125726e-09,1,7776,sum,tau2,0
879772,1.4887663208125726e-09,1,7777,sum,tau2,0
420956,1.4887663208125726e-09,1,7778,sum,tau2,0
181784,1.4887663208125726e-09,1,7779,sum,tau2,0
260492,1.4887663208125726e-09,1,7780,sum,tau2,0
703230,1.4887663208125726e-09,1,7781,sum,tau2,0
236195,1.4887663208125726e-09,1,7782,sum,tau2,0
861357,1.4887663208125726e-09,1,7783,sum,tau2,0
912519,1.4887663208125726e-09,1,7784,sum,tau2,0
115775,1.4887663208125726e-09,1,7785,sum,tau2,0
533223,1.4887663208125726e-09,1,7786,sum,tau2,0
717468,1.4887663208125726e-09,1,7787,sum,tau2,0
285732,1.4887663208125726e-09,1,7788,sum,tau2,0
80679,1.4887663208125726e-09,1,7789,sum,tau2,0
881144,1.4887663208125726e-09,1,7790,sum,tau2,0
952974,1.4887663208125726e-09,1,7791,sum,tau2,0
698227,1.4887663208125726e-09,1,7792,sum,tau2,0
415150,1.4887663208125726e-09,1,7793,sum,tau2,0
607861,1.4887663208125726e-09,1,7794,sum,tau2,0
912032,1.4887663208125726e-09,1,7795,sum,tau2,0
284824,1.4887663208125726e-09,1,7796,sum,tau2,0
471110,1.4887663208125726e-09,1,7797,sum,tau2,0
608039,1.4887663208125726e-09,1,7798,sum,tau2,0
114917,1.4887663208125726e-09,1,7799,sum,tau2,0
204088,1.4887663208125726e-09,1,7800,sum,tau2,0
214011,1.4887663208125726e-09,1,7801,sum,tau2,0
217501,1.4887663208125726e-09,1,7802,sum,tau2,0
629158,1.4887663208125726e-09,1,7803,sum,tau2,0
678468,1.4887663208125726e-09,1,7804,sum,tau2,0
326098,1.4887663208125726e-09,1,7805,sum,tau2,0
350786,1.4887663208125726e-09,1,7806,sum,tau2,0
840005,1.4887663208125726e-09,1,7807,sum,tau2,0
216355,1.4887663208125726e-09,1,7808,sum,tau2,0
947500,1.4887663208125726e-09,1,7809,sum,tau2,0
168625,1.4887663208125726e-09,1,7810,sum,tau2,0
708956,1.4887663208125726e-09,1,7811,sum,tau2,0
3620,1.4887663208125726e-09,1,7812,sum,tau2,0
609402,1.4887663208125726e-09,1,7813,sum,tau2,0
147882,1.4887663208125726e-09,1,7814,sum,tau2,0
789468,1.4887663208125726e-09,1,7815,sum,tau2,0
933556,1.4887663208125726e-09,1,7816,sum,tau2,0
551103,1.4887663208125726e-09,1,7817,sum,tau2,0
290815,1.4887663208125726e-09,1,7818,sum,tau2,0
819680,1.4887663208125726e-09,1,7819,sum,tau2,0
119566,1.4887663208125726e-09,1,7820,sum,tau2,0
632628,1.4887663208125726e-09,1,7821,sum,tau2,0
459304,1.4887663208125726e-09,1,7822,sum,tau2,0
358400,1.4887663208125726e-09,1,7823,sum,tau2,0
199218,1.4887663208125726e-09,1,7824,sum,tau2,0
438388,1.4887663208125726e-09,1,7825,sum,tau2,0
51336,1.4887663208125726e-09,1,7826,sum,tau2,0
477898,1.4887663208125726e-09,1,7827,sum,tau2,0
482452,1.4887663208125726e-09,1,7828,sum,tau2,0
248891,1.4887663208125726e-09,1,7829,sum,tau2,0
44896,1.4887663208125726e-09,1,7830,sum,tau2,0
157609,1.4887663208125726e-09,1,7831,sum,tau2,0
518133,1.4887663208125726e-09,1,7832,sum,tau2,0
362851,1.4887663208125726e-09,1,7833,sum,tau2,0
755182,1.4887663208125726e-09,1,7834,sum,tau2,0
995021,1.4887663208125726e-09,1,7835,sum,tau2,0
752018,1.4887663208125726e-09,1,7836,sum,tau2,0
443233,1.4887663208125726e-09,1,7837,sum,tau2,0
887650,1.4887663208125726e-09,1,7838,sum,tau2,0
58841,1.4887663208125726e-09,1,7839,sum,tau2,0
772934,1.4887663208125726e-09,1,7840,sum,tau2,0
821414,1.4887663208125726e-09,1,7841,sum,tau2,0
201528,1.4887663208125726e-09,1,7842,sum,tau2,0
235033,1.4887663208125726e-09,1,7843,sum,tau2,0
492912,1.4887663208125726e-09,1,7844,sum,tau2,0
280783,1.4887663208125726e-09,1,7845,sum,tau2,0
394388,1.4887663208125726e-09,1,7846,sum,tau2,0
694028,1.4887663208125726e-09,1,7847,sum,tau2,0
416508,1.4887663208125726e-09,1,7848,sum,tau2,0
417022,1.4887663208125726e-09,1,7849,sum,tau2,0
328708,1.4887663208125726e-09,1,7850,sum,tau2,0
749372,1.4887663208125726e-09,1,7851,sum,tau2,0
14456,1.4887663208125726e-09,1,7852,sum,tau2,0
271060,1.4887663208125726e-09,1,7853,sum,tau2,0
486034,1.4887663208125726e-09,1,7854,sum,tau2,0
270881,1.4887663208125726e-09,1,7855,sum,tau2,0
589272,1.4887663208125726e-09,1,7856,sum,tau2,0
853419,1.4887663208125726e-09,1,7857,sum,tau2,0
141968,1.4887663208125726e-09,1,7858,sum,tau2,0
631436,1.4887663208125726e-09,1,7859,sum,tau2,0
784664,1.4887663208125726e-09,1,7860,sum,tau2,0
604547,1.4887663208125726e-09,1,7861,sum,tau2,0
701427,1.4887663208125726e-09,1,7862,sum,tau2,0
856896,1.4887663208125726e-09,1,7863,sum,tau2,0
566408,1.4887663208125726e-09,1,7864,sum,tau2,0
620712,1.4887663208125726e-09,1,7865,sum,tau2,0
812374,1.4887663208125726e-09,1,7866,sum,tau2,0
158347,1.4887663208125726e-09,1,7867,sum,tau2,0
720664,1.4887663208125726e-09,1,7868,sum,tau2,0
795123,1.4887663208125726e-09,1,7869,sum,tau2,0
236909,1.4887663208125726e-09,1,7870,sum,tau2,0
479243,1.4887663208125726e-09,1,7871,sum,tau2,0
866004,1.4887663208125726e-09,1,7872,sum,tau2,0
501848,1.4887663208125726e-09,1,7873,sum,tau2,0
639411,1.4887663208125726e-09,1,7874,sum,tau2,0
410324,1.4887663208125726e-09,1,7875,sum,tau2,0
638075,1.4887663208125726e-09,1,7876,sum,tau2,0
262188,1.4887663208125726e-09,1,7877,sum,tau2,0
633510,1.4887663208125726e-09,1,7878,sum,tau2,0
569879,1.4887663208125726e-09,1,7879,sum,tau2,0
620815,1.4887663208125726e-09,1,7880,sum,tau2,0
814696,1.4887663208125726e-09,1,7881,sum,tau2,0
490714,1.4887663208125726e-09,1,7882,sum,tau2,0
441878,1.4887663208125726e-09,1,7883,sum,tau2,0
806633,1.4887663208125726e-09,1,7884,sum,tau2,0
57960,1.4887663208125726e-09,1,7885,sum,tau2,0
837683,1.4887663208125726e-09,1,7886,sum,tau2,0
544168,1.4887663208125726e-09,1,7887,sum,tau2,0
157092,1.4887663208125726e-09,1,7888,sum,tau2,0
381876,1.4887663208125726e-09,1,7889,sum,tau2,0
28931,1.4887663208125726e-09,1,7890,sum,tau2,0
801641,1.4887663208125726e-09,1,7891,sum,tau2,0
137464,1.4887663208125726e-09,1,7892,sum,tau2,0
146633,1.4887663208125726e-09,1,7893,sum,tau2,0
997133,1.4887663208125726e-09,1,7894,sum,tau2,0
485058,1.4887663208125726e-09,1,7895,sum,tau2,0
462056,1.4887663208125726e-09,1,7896,sum,tau2,0
411573,1.4887663208125726e-09,1,7897,sum,tau2,0
588484,1.4887663208125726e-09,1,7898,sum,tau2,0
22213,1.4887663208125726e-09,1,7899,sum,tau2,0
47993,1.4887663208125726e-09,1,7900,sum,tau2,0
511483,1.4887663208125726e-09,1,7901,sum,tau2,0
710190,1.4887663208125726e-09,1,7902,sum,tau2,0
314089,1.4887663208125726e-09,1,7903,sum,tau2,0
164158,1.4887663208125726e-09,1,7904,sum,tau2,0
981229,1.4887663208125726e-09,1,7905,sum,tau2,0
69062,1.4887663208125726e-09,1,7906,sum,tau2,0
458033,1.4887663208125726e-09,1,7907,sum,tau2,0
324711,1.4887663208125726e-09,1,7908,sum,tau2,0
713938,1.4887663208125726e-09,1,7909,sum,tau2,0
481580,1.4887663208125726e-09,1,7910,sum,tau2,0
789512,1.4887663208125726e-09,1,7911,sum,tau2,0
900865,1.4887663208125726e-09,1,7912,sum,tau2,0
280247,1.4887663208125726e-09,1,7913,sum,tau2,0
552973,1.4887663208125726e-09,1,7914,sum,tau2,0
382608,1.4887663208125726e-09,1,7915,sum,tau2,0
834180,1.4887663208125726e-09,1,7916,sum,tau2,0
467475,1.4887663208125726e-09,1,7917,sum,tau2,0
692755,1.4887663208125726e-09,1,7918,sum,tau2,0
519275,1.4887663208125726e-09,1,7919,sum,tau2,0
347301,1.4887663208125726e-09,1,7920,sum,tau2,0
758990,1.4887663208125726e-09,1,7921,sum,tau2,0
893455,1.4887663208125726e-09,1,7922,sum,tau2,0
688374,1.4887663208125726e-09,1,7923,sum,tau2,0
695183,1.4887663208125726e-09,1,7924,sum,tau2,0
181407,1.4887663208125726e-09,1,7925,sum,tau2,0
685802,1.4887663208125726e-09,1,7926,sum,tau2,0
560304,1.4887663208125726e-09,1,7927,sum,tau2,0
726115,1.4887663208125726e-09,1,7928,sum,tau2,0
205025,1.4887663208125726e-09,1,7929,sum,tau2,0
296619,1.4887663208125726e-09,1,7930,sum,tau2,0
53768,1.4887663208125726e-09,1,7931,sum,tau2,0
805473,1.4887663208125726e-09,1,7932,sum,tau2,0
692859,1.4887663208125726e-09,1,7933,sum,tau2,0
644066,1.4887663208125726e-09,1,7934,sum,tau2,0
756773,1.4887663208125726e-09,1,7935,sum,tau2,0
208223,1.4887663208125726e-09,1,7936,sum,tau2,0
237548,1.4887663208125726e-09,1,7937,sum,tau2,0
929825,1.4887663208125726e-09,1,7938,sum,tau2,0
706807,1.4887663208125726e-09,1,7939,sum,tau2,0
511144,1.4887663208125726e-09,1,7940,sum,tau2,0
970781,1.4887663208125726e-09,1,7941,sum,tau2,0
4854,1.4887663208125726e-09,1,7942,sum,tau2,0
627979,1.4887663208125726e-09,1,7943,sum,tau2,0
170005,1.4887663208125726e-09,1,7944,sum,tau2,0
676506,1.4887663208125726e-09,1,7945,sum,tau2,0
136,1.4887663208125726e-09,1,7946,sum,tau2,0
198051,1.4887663208125726e-09,1,7947,sum,tau2,0
988050,1.4887663208125726e-09,1,7948,sum,tau2,0
798806,1.4887663208125726e-09,1,7949,sum,tau2,0
554499,1.4887663208125726e-09,1,7950,sum,tau2,0
817022,1.4887663208125726e-09,1,7951,sum,tau2,0
748635,1.4887663208125726e-09,1,7952,sum,tau2,0
638408,1.4887663208125726e-09,1,7953,sum,tau2,0
389408,1.4887663208125726e-09,1,7954,sum,tau2,0
450206,1.4887663208125726e-09,1,7955,sum,tau2,0
778116,1.4887663208125726e-09,1,7956,sum,tau2,0
659357,1.4887663208125726e-09,1,7957,sum,tau2,0
692685,1.4887663208125726e-09,1,7958,sum,tau2,0
815931,1.4887663208125726e-09,1,7959,sum,tau2,0
925160,1.4887663208125726e-09,1,7960,sum,tau2,0
125966,1.4887663208125726e-09,1,7961,sum,tau2,0
657556,1.4887663208125726e-09,1,7962,sum,tau2,0
387170,1.4887663208125726e-09,1,7963,sum,tau2,0
16492,1.4887663208125726e-09,1,7964,sum,tau2,0
512305,1.4887663208125726e-09,1,7965,sum,tau2,0
368853,1.4887663208125726e-09,1,7966,sum,tau2,0
846958,1.4887663208125726e-09,1,7967,sum,tau2,0
261584,1.4887663208125726e-09,1,7968,sum,tau2,0
227063,1.4887663208125726e-09,1,7969,sum,tau2,0
125845,1.4887663208125726e-09,1,7970,sum,tau2,0
589484,1.4887663208125726e-09,1,7971,sum,tau2,0
924291,1.4887663208125726e-09,1,7972,sum,tau2,0
21941,1.4887663208125726e-09,1,7973,sum,tau2,0
688109,1.4887663208125726e-09,1,7974,sum,tau2,0
334234,1.4887663208125726e-09,1,7975,sum,tau2,0
361246,1.4887663208125726e-09,1,7976,sum,tau2,0
49027,1.4887663208125726e-09,1,7977,sum,tau2,0
638074,1.4887663208125726e-09,1,7978,sum,tau2,0
366530,1.4887663208125726e-09,1,7979,sum,tau2,0
169873,1.4887663208125726e-09,1,7980,sum,tau2,0
21120,1.4887663208125726e-09,1,7981,sum,tau2,0
537052,1.4887663208125726e-09,1,7982,sum,tau2,0
982914,1.4887663208125726e-09,1,7983,sum,tau2,0
117585,1.4887663208125726e-09,1,7984,sum,tau2,0
332539,1.4887663208125726e-09,1,7985,sum,tau2,0
95508,1.4887663208125726e-09,1,7986,sum,tau2,0
976582,1.4887663208125726e-09,1,7987,sum,tau2,0
821411,1.4887663208125726e-09,1,7988,sum,tau2,0
230424,1.4887663208125726e-09,1,7989,sum,tau2,0
570407,1.4887663208125726e-09,1,7990,sum,tau2,0
208201,1.4887663208125726e-09,1,7991,sum,tau2,0
837382,1.4887663208125726e-09,1,7992,sum,tau2,0
929952,1.4887663208125726e-09,1,7993,sum,tau2,0
647097,1.4887663208125726e-09,1,7994,sum,tau2,0
652015,1.4887663208125726e-09,1,7995,sum,tau2,0
389130,1.4887663208125726e-09,1,7996,sum,tau2,0
565773,1.4887663208125726e-09,1,7997,sum,tau2,0
822901,1.4887663208125726e-09,1,7998,sum,tau2,0
603390,1.4887663208125726e-09,1,7999,sum,tau2,0
172291,1.4887663208125726e-09,1,8000,sum,tau2,0
215103,1.4887663208125726e-09,1,8001,sum,tau2,0
344690,1.4887663208125726e-09,1,8002,sum,tau2,0
310117,1.4887663208125726e-09,1,8003,sum,tau2,0
956828,1.4887663208125726e-09,1,8004,sum,tau2,0
589338,1.4887663208125726e-09,1,8005,sum,tau2,0
856617,1.4887663208125726e-09,1,8006,sum,tau2,0
76829,1.4887663208125726e-09,1,8007,sum,tau2,0
988199,1.4887663208125726e-09,1,8008,sum,tau2,0
674461,1.4887663208125726e-09,1,8009,sum,tau2,0
919458,1.4887663208125726e-09,1,8010,sum,tau2,0
798765,1.4887663208125726e-09,1,8011,sum,tau2,0
212224,1.4887663208125726e-09,1,8012,sum,tau2,0
424010,1.4887663208125726e-09,1,8013,sum,tau2,0
308401,1.4887663208125726e-09,1,8014,sum,tau2,0
661487,1.4887663208125726e-09,1,8015,sum,tau2,0
493190,1.4887663208125726e-09,1,8016,sum,tau2,0
635932,1.4887663208125726e-09,1,8017,sum,tau2,0
266447,1.4887663208125726e-09,1,8018,sum,tau2,0
66547,1.4887663208125726e-09,1,8019,sum,tau2,0
309440,1.4887663208125726e-09,1,8020,sum,tau2,0
569730,1.4887663208125726e-09,1,8021,sum,tau2,0
267764,1.4887663208125726e-09,1,8022,sum,tau2,0
100241,1.4887663208125726e-09,1,8023,sum,tau2,0
692759,1.4887663208125726e-09,1,8024,sum,tau2,0
505780,1.4887663208125726e-09,1,8025,sum,tau2,0
561759,1.4887663208125726e-09,1,8026,sum,tau2,0
792995,1.4887663208125726e-09,1,8027,sum,tau2,0
552300,1.4887663208125726e-09,1,8028,sum,tau2,0
696261,1.4887663208125726e-09,1,8029,sum,tau2,0
408082,1.4887663208125726e-09,1,8030,sum,tau2,0
581311,1.4887663208125726e-09,1,8031,sum,tau2,0
766273,1.4887663208125726e-09,1,8032,sum,tau2,0
670351,1.4887663208125726e-09,1,8033,sum,tau2,0
592842,1.4887663208125726e-09,1,8034,sum,tau2,0
510858,1.4887663208125726e-09,1,8035,sum,tau2,0
645048,1.4887663208125726e-09,1,8036,sum,tau2,0
386806,1.4887663208125726e-09,1,8037,sum,tau2,0
89944,1.4887663208125726e-09,1,8038,sum,tau2,0
372153,1.4887663208125726e-09,1,8039,sum,tau2,0
669627,1.4887663208125726e-09,1,8040,sum,tau2,0
864844,1.4887663208125726e-09,1,8041,sum,tau2,0
76917,1.4887663208125726e-09,1,8042,sum,tau2,0
373139,1.4887663208125726e-09,1,8043,sum,tau2,0
310726,1.4887663208125726e-09,1,8044,sum,tau2,0
280781,1.4887663208125726e-09,1,8045,sum,tau2,0
150921,1.4887663208125726e-09,1,8046,sum,tau2,0
530375,1.4887663208125726e-09,1,8047,sum,tau2,0
891753,1.4887663208125726e-09,1,8048,sum,tau2,0
914716,1.4887663208125726e-09,1,8049,sum,tau2,0
697079,1.4887663208125726e-09,1,8050,sum,tau2,0
353761,1.4887663208125726e-09,1,8051,sum,tau2,0
808331,1.4887663208125726e-09,1,8052,sum,tau2,0
829532,1.4887663208125726e-09,1,8053,sum,tau2,0
520441,1.4887663208125726e-09,1,8054,sum,tau2,0
773046,1.4887663208125726e-09,1,8055,sum,tau2,0
480418,1.4887663208125726e-09,1,8056,sum,tau2,0
985891,1.4853667246358772e-09,2,8057,sum,tau2,0
668457,1.4823718145391746e-09,1,8058,sum,tau2,0
910362,1.478428944302872e-09,1,8059,sum,tau2,0
129335,1.478428944302872e-09,1,8060,sum,tau2,0
231590,1.478428944302872e-09,1,8061,sum,tau2,0
3985,1.478428944302872e-09,1,8062,sum,tau2,0
803681,1.478428944302872e-09,1,8063,sum,tau2,0
943421,1.478428944302872e-09,1,8064,sum,tau2,0
492826,1.478428944302872e-09,1,8065,sum,tau2,0
122146,1.478428944302872e-09,1,8066,sum,tau2,0
734517,1.478428944302872e-09,1,8067,sum,tau2,0
641287,1.478428944302872e-09,1,8068,sum,tau2,0
744195,1.478428944302872e-09,1,8069,sum,tau2,0
177921,1.478428944302872e-09,1,8070,sum,tau2,0
84688,1.478428944302872e-09,1,8071,sum,tau2,0
598739,1.478428944302872e-09,1,8072,sum,tau2,0
370017,1.478428944302872e-09,1,8073,sum,tau2,0
790384,1.478428944302872e-09,1,8074,sum,tau2,0
305470,1.478428944302872e-09,1,8075,sum,tau2,0
534873,1.478428944302872e-09,1,8076,sum,tau2,0
872237,1.478428944302872e-09,1,8077,sum,tau2,0
592500,1.478428944302872e-09,1,8078,sum,tau2,0
843926,1.478428944302872e-09,1,8079,sum,tau2,0
802282,1.478428944302872e-09,1,8080,sum,tau2,0
369649,1.478428944302872e-09,1,8081,sum,tau2,0
141072,1.478428944302872e-09,1,8082,sum,tau2,0
589354,1.478428944302872e-09,1,8083,sum,tau2,0
425152,1.478428944302872e-09,1,8084,sum,tau2,0
819075,1.478428944302872e-09,1,8085,sum,tau2,0
572054,1.478428944302872e-09,1,8086,sum,tau2,0
881312,1.478428944302872e-09,1,8087,sum,tau2,0
283388,1.478428944302872e-09,1,8088,sum,tau2,0
551106,1.478428944302872e-09,1,8089,sum,tau2,0
330325,1.478428944302872e-09,1,8090,sum,tau2,0
999182,1.478428944302872e-09,1,8091,sum,tau2,0
439443,1.478428944302872e-09,1,8092,sum,tau2,0
518566,1.478428944302872e-09,1,8093,sum,tau2,0
520710,1.478428944302872e-09,1,8094,sum,tau2,0
358369,1.478428944302872e-09,1,8095,sum,tau2,0
987009,1.478428944302872e-09,1,8096,sum,tau2,0
766073,1.478428944302872e-09,1,8097,sum,tau2,0
733099,1.478428944302872e-09,1,8098,sum,tau2,0
324940,1.478428944302872e-09,1,8099,sum,tau2,0
605710,1.478428944302872e-09,1,8100,sum,tau2,0
295501,1.478428944302872e-09,1,8101,sum,tau2,0
181151,1.478428944302872e-09,1,8102,sum,tau2,0
886829,1.478428944302872e-09,1,8103,sum,tau2,0
172292,1.478428944302872e-09,1,8104,sum,tau2,0
814139,1.478428944302872e-09,1,8105,sum,tau2,0
447842,1.478428944302872e-09,1,8106,sum,tau2,0
971652,1.478428944302872e-09,1,8107,sum,tau2,0
802821,1.478428944302872e-09,1,8108,sum,tau2,0
870561,1.478428944302872e-09,1,8109,sum,tau2,0
662201,1.478428944302872e-09,1,8110,sum,tau2,0
817913,1.478428944302872e-09,1,8111,sum,tau2,0
306903,1.478428944302872e-09,1,8112,sum,tau2,0
638249,1.478428944302872e-09,1,8113,sum,tau2,0
120428,1.478428944302872e-09,1,8114,sum,tau2,0
838111,1.478428944302872e-09,1,8115,sum,tau2,0
954740,1.478428944302872e-09,1,8116,sum,tau2,0
203663,1.478428944302872e-09,1,8117,sum,tau2,0
349341,1.478428944302872e-09,1,8118,sum,tau2,0
626543,1.478428944302872e-09,1,8119,sum,tau2,0
211795,1.478428944302872e-09,1,8120,sum,tau2,0
979145,1.478428944302872e-09,1,8121,sum,tau2,0
587163,1.478428944302872e-09,1,8122,sum,tau2,0
122510,1.478428944302872e-09,1,8123,sum,tau2,0
840331,1.478428944302872e-09,1,8124,sum,tau2,0
549759,1.478428944302872e-09,1,8125,sum,tau2,0
33051,1.478428944302872e-09,1,8126,sum,tau2,0
303798,1.478428944302872e-09,1,8127,sum,tau2,0
256377,1.478428944302872e-09,1,8128,sum,tau2,0
549206,1.478428944302872e-09,1,8129,sum,tau2,0
18905,1.478428944302872e-09,1,8130,sum,tau2,0
178096,1.478428944302872e-09,1,8131,sum,tau2,0
42140,1.478428944302872e-09,1,8132,sum,tau2,0
151571,1.478428944302872e-09,1,8133,sum,tau2,0
754878,1.478428944302872e-09,1,8134,sum,tau2,0
107257,1.478428944302872e-09,1,8135,sum,tau2,0
518112,1.478428944302872e-09,1,8136,sum,tau2,0
461829,1.478428944302872e-09,1,8137,sum,tau2,0
606425,1.478428944302872e-09,1,8138,sum,tau2,0
519294,1.478428944302872e-09,1,8139,sum,tau2,0
217642,1.478428944302872e-09,1,8140,sum,tau2,0
69057,1.478428944302872e-09,1,8141,sum,tau2,0
180422,1.478428944302872e-09,1,8142,sum,tau2,0
675861,1.478428944302872e-09,1,8143,sum,tau2,0
268937,1.478428944302872e-09,1,8144,sum,tau2,0
423707,1.478428944302872e-09,1,8145,sum,tau2,0
676787,1.478428944302872e-09,1,8146,sum,tau2,0
848772,1.478428944302872e-09,1,8147,sum,tau2,0
734266,1.478428944302872e-09,1,8148,sum,tau2,0
793528,1.478428944302872e-09,1,8149,sum,tau2,0
484418,1.478428944302872e-09,1,8150,sum,tau2,0
128333,1.478428944302872e-09,1,8151,sum,tau2,0
904552,1.478428944302872e-09,1,8152,sum,tau2,0
89782,1.478428944302872e-09,1,8153,sum,tau2,0
902215,1.478428944302872e-09,1,8154,sum,tau2,0
131819,1.478428944302872e-09,1,8155,sum,tau2,0
541713,1.478428944302872e-09,1,8156,sum,tau2,0
167210,1.478428944302872e-09,1,8157,sum,tau2,0
619479,1.478428944302872e-09,1,8158,sum,tau2,0
683121,1.478428944302872e-09,1,8159,sum,tau2,0
508002,1.478428944302872e-09,1,8160,sum,tau2,0
4000,1.478428944302872e-09,1,8161,sum,tau2,0
221001,1.478428944302872e-09,1,8162,sum,tau2,0
617535,1.478428944302872e-09,1,8163,sum,tau2,0
685895,1.478428944302872e-09,1,8164,sum,tau2,0
259434,1.478428944302872e-09,1,8165,sum,tau2,0
624308,1.478428944302872e-09,1,8166,sum,tau2,0
393782,1.478428944302872e-09,1,8167,sum,tau2,0
962359,1.478428944302872e-09,1,8168,sum,tau2,0
576577,1.478428944302872e-09,1,8169,sum,tau2,0
734589,1.478428944302872e-09,1,8170,sum,tau2,0
450196,1.478428944302872e-09,1,8171,sum,tau2,0
892552,1.478428944302872e-09,1,8172,sum,tau2,0
878823,1.478428944302872e-09,1,8173,sum,tau2,0
274539,1.478428944302872e-09,1,8174,sum,tau2,0
578025,1.478428944302872e-09,1,8175,sum,tau2,0
976387,1.478428944302872e-09,1,8176,sum,tau2,0
329345,1.478428944302872e-09,1,8177,sum,tau2,0
846439,1.478428944302872e-09,1,8178,sum,tau2,0
706809,1.478428944302872e-09,1,8179,sum,tau2,0
862703,1.478428944302872e-09,1,8180,sum,tau2,0
374517,1.478428944302872e-09,1,8181,sum,tau2,0
886184,1.478428944302872e-09,1,8182,sum,tau2,0
153898,1.478428944302872e-09,1,8183,sum,tau2,0
637084,1.478428944302872e-09,1,8184,sum,tau2,0
147888,1.478428944302872e-09,1,8185,sum,tau2,0
83885,1.478428944302872e-09,1,8186,sum,tau2,0
642162,1.478428944302872e-09,1,8187,sum,tau2,0
756599,1.478428944302872e-09,1,8188,sum,tau2,0
195349,1.478428944302872e-09,1,8189,sum,tau2,0
544843,1.478428944302872e-09,1,8190,sum,tau2,0
845818,1.478428944302872e-09,1,8191,sum,tau2,0
892731,1.478428944302872e-09,1,8192,sum,tau2,0
115777,1.478428944302872e-09,1,8193,sum,tau2,0
386256,1.478428944302872e-09,1,8194,sum,tau2,0
739348,1.478428944302872e-09,1,8195,sum,tau2,0
345613,1.478428944302872e-09,1,8196,sum,tau2,0
299104,1.478428944302872e-09,1,8197,sum,tau2,0
204091,1.478428944302872e-09,1,8198,sum,tau2,0
974799,1.478428944302872e-09,1,8199,sum,tau2,0
114375,1.478428944302872e-09,1,8200,sum,tau2,0
141901,1.478428944302872e-09,1,8201,sum,tau2,0
480258,1.478428944302872e-09,1,8202,sum,tau2,0
579146,1.478428944302872e-09,1,8203,sum,tau2,0
389621,1.478428944302872e-09,1,8204,sum,tau2,0
419363,1.478428944302872e-09,1,8205,sum,tau2,0
453060,1.478428944302872e-09,1,8206,sum,tau2,0
340965,1.478428944302872e-09,1,8207,sum,tau2,0
994809,1.478428944302872e-09,1,8208,sum,tau2,0
44669,1.478428944302872e-09,1,8209,sum,tau2,0
775569,1.478428944302872e-09,1,8210,sum,tau2,0
198054,1.478428944302872e-09,1,8211,sum,tau2,0
561449,1.478428944302872e-09,1,8212,sum,tau2,0
145991,1.478428944302872e-09,1,8213,sum,tau2,0
613849,1.478428944302872e-09,1,8214,sum,tau2,0
832496,1.478428944302872e-09,1,8215,sum,tau2,0
904509,1.478428944302872e-09,1,8216,sum,tau2,0
730475,1.478428944302872e-09,1,8217,sum,tau2,0
656664,1.478428944302872e-09,1,8218,sum,tau2,0
989889,1.478428944302872e-09,1,8219,sum,tau2,0
778678,1.478428944302872e-09,1,8220,sum,tau2,0
130021,1.478428944302872e-09,1,8221,sum,tau2,0
28092,1.478428944302872e-09,1,8222,sum,tau2,0
922935,1.478428944302872e-09,1,8223,sum,tau2,0
285988,1.478428944302872e-09,1,8224,sum,tau2,0
945014,1.478428944302872e-09,1,8225,sum,tau2,0
178139,1.478428944302872e-09,1,8226,sum,tau2,0
625363,1.478428944302872e-09,1,8227,sum,tau2,0
224616,1.478428944302872e-09,1,8228,sum,tau2,0
754019,1.478428944302872e-09,1,8229,sum,tau2,0
964681,1.478428944302872e-09,1,8230,sum,tau2,0
203558,1.478428944302872e-09,1,8231,sum,tau2,0
774100,1.478428944302872e-09,1,8232,sum,tau2,0
755178,1.478428944302872e-09,1,8233,sum,tau2,0
259639,1.478428944302872e-09,1,8234,sum,tau2,0
868516,1.478428944302872e-09,1,8235,sum,tau2,0
481383,1.478428944302872e-09,1,8236,sum,tau2,0
151283,1.478428944302872e-09,1,8237,sum,tau2,0
163980,1.478428944302872e-09,1,8238,sum,tau2,0
770715,1.478428944302872e-09,1,8239,sum,tau2,0
479247,1.478428944302872e-09,1,8240,sum,tau2,0
682597,1.478428944302872e-09,1,8241,sum,tau2,0
420221,1.478428944302872e-09,1,8242,sum,tau2,0
53312,1.478428944302872e-09,1,8243,sum,tau2,0
919881,1.478428944302872e-09,1,8244,sum,tau2,0
934130,1.478428944302872e-09,1,8245,sum,tau2,0
646810,1.478428944302872e-09,1,8246,sum,tau2,0
419617,1.478428944302872e-09,1,8247,sum,tau2,0
128321,1.478428944302872e-09,1,8248,sum,tau2,0
386522,1.478428944302872e-09,1,8249,sum,tau2,0
473142,1.478428944302872e-09,1,8250,sum,tau2,0
576217,1.478428944302872e-09,1,8251,sum,tau2,0
280262,1.478428944302872e-09,1,8252,sum,tau2,0
462356,1.478428944302872e-09,1,8253,sum,tau2,0
462679,1.478428944302872e-09,1,8254,sum,tau2,0
71017,1.478428944302872e-09,1,8255,sum,tau2,0
627833,1.478428944302872e-09,1,8256,sum,tau2,0
241035,1.478428944302872e-09,1,8257,sum,tau2,0
126000,1.478428944302872e-09,1,8258,sum,tau2,0
212849,1.478428944302872e-09,1,8259,sum,tau2,0
129296,1.478428944302872e-09,1,8260,sum,tau2,0
102117,1.478428944302872e-09,1,8261,sum,tau2,0
898739,1.478428944302872e-09,1,8262,sum,tau2,0
973110,1.478428944302872e-09,1,8263,sum,tau2,0
327564,1.478428944302872e-09,1,8264,sum,tau2,0
817202,1.478428944302872e-09,1,8265,sum,tau2,0
726990,1.478428944302872e-09,1,8266,sum,tau2,0
7108,1.478428944302872e-09,1,8267,sum,tau2,0
225928,1.478428944302872e-09,1,8268,sum,tau2,0
555640,1.478428944302872e-09,1,8269,sum,tau2,0
644261,1.478428944302872e-09,1,8270,sum,tau2,0
118401,1.478428944302872e-09,1,8271,sum,tau2,0
549763,1.478428944302872e-09,1,8272,sum,tau2,0
33047,1.478428944302872e-09,1,8273,sum,tau2,0
595080,1.478428944302872e-09,1,8274,sum,tau2,0
959392,1.478428944302872e-09,1,8275,sum,tau2,0
133493,1.478428944302872e-09,1,8276,sum,tau2,0
615438,1.478428944302872e-09,1,8277,sum,tau2,0
585957,1.478428944302872e-09,1,8278,sum,tau2,0
532549,1.478428944302872e-09,1,8279,sum,tau2,0
547616,1.478428944302872e-09,1,8280,sum,tau2,0
177095,1.478428944302872e-09,1,8281,sum,tau2,0
779567,1.478428944302872e-09,1,8282,sum,tau2,0
603385,1.478428944302872e-09,1,8283,sum,tau2,0
360098,1.478428944302872e-09,1,8284,sum,tau2,0
706357,1.478428944302872e-09,1,8285,sum,tau2,0
218031,1.478428944302872e-09,1,8286,sum,tau2,0
794387,1.478428944302872e-09,1,8287,sum,tau2,0
632644,1.478428944302872e-09,1,8288,sum,tau2,0
909727,1.478428944302872e-09,1,8289,sum,tau2,0
663366,1.478428944302872e-09,1,8290,sum,tau2,0
746142,1.478428944302872e-09,1,8291,sum,tau2,0
171839,1.478428944302872e-09,1,8292,sum,tau2,0
174816,1.478428944302872e-09,1,8293,sum,tau2,0
315928,1.478428944302872e-09,1,8294,sum,tau2,0
529023,1.478428944302872e-09,1,8295,sum,tau2,0
749698,1.478428944302872e-09,1,8296,sum,tau2,0
303503,1.478428944302872e-09,1,8297,sum,tau2,0
653558,1.478428944302872e-09,1,8298,sum,tau2,0
89785,1.478428944302872e-09,1,8299,sum,tau2,0
860086,1.478428944302872e-09,1,8300,sum,tau2,0
491407,1.478428944302872e-09,1,8301,sum,tau2,0
917043,1.478428944302872e-09,1,8302,sum,tau2,0
810430,1.478428944302872e-09,1,8303,sum,tau2,0
935763,1.478428944302872e-09,1,8304,sum,tau2,0
38567,1.478428944302872e-09,1,8305,sum,tau2,0
513466,1.478428944302872e-09,1,8306,sum,tau2,0
965487,1.478428944302872e-09,1,8307,sum,tau2,0
32759,1.478428944302872e-09,1,8308,sum,tau2,0
288679,1.478428944302872e-09,1,8309,sum,tau2,0
819417,1.478428944302872e-09,1,8310,sum,tau2,0
598007,1.478428944302872e-09,1,8311,sum,tau2,0
561595,1.478428944302872e-09,1,8312,sum,tau2,0
71196,1.478428944302872e-09,1,8313,sum,tau2,0
884591,1.478428944302872e-09,1,8314,sum,tau2,0
28111,1.478428944302872e-09,1,8315,sum,tau2,0
230392,1.478428944302872e-09,1,8316,sum,tau2,0
385122,1.478428944302872e-09,1,8317,sum,tau2,0
352395,1.478428944302872e-09,1,8318,sum,tau2,0
869310,1.478428944302872e-09,1,8319,sum,tau2,0
780018,1.478428944302872e-09,1,8320,sum,tau2,0
6850,1.478428944302872e-09,1,8321,sum,tau2,0
757975,1.478428944302872e-09,1,8322,sum,tau2,0
141102,1.478428944302872e-09,1,8323,sum,tau2,0
654720,1.478428944302872e-09,1,8324,sum,tau2,0
389152,1.478428944302872e-09,1,8325,sum,tau2,0
571839,1.478428944302872e-09,1,8326,sum,tau2,0
156210,1.478428944302872e-09,1,8327,sum,tau2,0
645382,1.478428944302872e-09,1,8328,sum,tau2,0
839313,1.478428944302872e-09,1,8329,sum,tau2,0
153604,1.478428944302872e-09,1,8330,sum,tau2,0
735411,1.478428944302872e-09,1,8331,sum,tau2,0
522249,1.478428944302872e-09,1,8332,sum,tau2,0
891567,1.478428944302872e-09,1,8333,sum,tau2,0
553849,1.478428944302872e-09,1,8334,sum,tau2,0
665165,1.478428944302872e-09,1,8335,sum,tau2,0
708701,1.478428944302872e-09,1,8336,sum,tau2,0
581203,1.478428944302872e-09,1,8337,sum,tau2,0
835682,1.478428944302872e-09,1,8338,sum,tau2,0
925978,1.478428944302872e-09,1,8339,sum,tau2,0
996151,1.478428944302872e-09,1,8340,sum,tau2,0
369834,1.478428944302872e-09,1,8341,sum,tau2,0
222290,1.478428944302872e-09,1,8342,sum,tau2,0
979700,1.478428944302872e-09,1,8343,sum,tau2,0
18901,1.478428944302872e-09,1,8344,sum,tau2,0
431235,1.478428944302872e-09,1,8345,sum,tau2,0
891564,1.478428944302872e-09,1,8346,sum,tau2,0
148598,1.478428944302872e-09,1,8347,sum,tau2,0
816228,1.478428944302872e-09,1,8348,sum,tau2,0
781179,1.478428944302872e-09,1,8349,sum,tau2,0
524369,1.478428944302872e-09,1,8350,sum,tau2,0
958786,1.478428944302872e-09,1,8351,sum,tau2,0
717976,1.478428944302872e-09,1,8352,sum,tau2,0
541357,1.478428944302872e-09,1,8353,sum,tau2,0
806305,1.478428944302872e-09,1,8354,sum,tau2,0
854383,1.478428944302872e-09,1,8355,sum,tau2,0
125630,1.478428944302872e-09,1,8356,sum,tau2,0
429089,1.478428944302872e-09,1,8357,sum,tau2,0
611723,1.478428944302872e-09,1,8358,sum,tau2,0
499537,1.478428944302872e-09,1,8359,sum,tau2,0
322377,1.478428944302872e-09,1,8360,sum,tau2,0
554134,1.478428944302872e-09,1,8361,sum,tau2,0
145475,1.478428944302872e-09,1,8362,sum,tau2,0
84406,1.478428944302872e-09,1,8363,sum,tau2,0
907995,1.478428944302872e-09,1,8364,sum,tau2,0
581317,1.478428944302872e-09,1,8365,sum,tau2,0
691889,1.478428944302872e-09,1,8366,sum,tau2,0
1000360,1.478428944302872e-09,1,8367,sum,tau2,0
697420,1.478428944302872e-09,1,8368,sum,tau2,0
258478,1.478428944302872e-09,1,8369,sum,tau2,0
182783,1.478428944302872e-09,1,8370,sum,tau2,0
497560,1.478428944302872e-09,1,8371,sum,tau2,0
3989,1.478428944302872e-09,1,8372,sum,tau2,0
3986,1.478428944302872e-09,1,8373,sum,tau2,0
471083,1.478428944302872e-09,1,8374,sum,tau2,0
81652,1.478428944302872e-09,1,8375,sum,tau2,0
494055,1.478428944302872e-09,1,8376,sum,tau2,0
134654,1.478428944302872e-09,1,8377,sum,tau2,0
833507,1.478428944302872e-09,1,8378,sum,tau2,0
49111,1.478428944302872e-09,1,8379,sum,tau2,0
494057,1.478428944302872e-09,1,8380,sum,tau2,0
131805,1.478428944302872e-09,1,8381,sum,tau2,0
437221,1.478428944302872e-09,1,8382,sum,tau2,0
360690,1.478428944302872e-09,1,8383,sum,tau2,0
555658,1.478428944302872e-09,1,8384,sum,tau2,0
227612,1.478428944302872e-09,1,8385,sum,tau2,0
921346,1.478428944302872e-09,1,8386,sum,tau2,0
238558,1.478428944302872e-09,1,8387,sum,tau2,0
778119,1.478428944302872e-09,1,8388,sum,tau2,0
611685,1.478428944302872e-09,1,8389,sum,tau2,0
891387,1.478428944302872e-09,1,8390,sum,tau2,0
761611,1.478428944302872e-09,1,8391,sum,tau2,0
322082,1.478428944302872e-09,1,8392,sum,tau2,0
636085,1.4530290618276852e-09,1,8393,sum,tau2,0
75407,1.4530290618276852e-09,1,8394,sum,tau2,0
136465,1.4422435379375805e-09,1,8395,sum,tau2,0
258171,1.4422435379375805e-09,1,8396,sum,tau2,0
177650,1.4422435379375805e-09,1,8397,sum,tau2,0
56127,1.4422435379375805e-09,1,8398,sum,tau2,0
617522,1.4422435379375805e-09,1,8399,sum,tau2,0
611563,1.4422435379375805e-09,1,8400,sum,tau2,0
652105,1.4422435379375805e-09,1,8401,sum,tau2,0
58453,1.4422435379375805e-09,1,8402,sum,tau2,0
569518,1.4422435379375805e-09,1,8403,sum,tau2,0
59482,1.4422435379375805e-09,1,8404,sum,tau2,0
689579,1.4422435379375805e-09,1,8405,sum,tau2,0
413551,1.4392524082165274e-09,1,8406,sum,tau2,0
995185,1.4392524082165274e-09,1,8407,sum,tau2,0
519549,1.4392524082165274e-09,1,8408,sum,tau2,0
502496,1.4392524082165274e-09,1,8409,sum,tau2,0
878822,1.4392524082165274e-09,1,8410,sum,tau2,0
109579,1.4392524082165274e-09,1,8411,sum,tau2,0
377783,1.4392524082165274e-09,1,8412,sum,tau2,0
621876,1.4392524082165274e-09,1,8413,sum,tau2,0
411849,1.4392524082165274e-09,1,8414,sum,tau2,0
787970,1.4392524082165274e-09,1,8415,sum,tau2,0
782344,1.4392524082165274e-09,1,8416,sum,tau2,0
430443,1.4392524082165274e-09,1,8417,sum,tau2,0
126883,1.4392524082165274e-09,1,8418,sum,tau2,0
469669,1.4392524082165274e-09,1,8419,sum,tau2,0
215322,1.4392524082165274e-09,1,8420,sum,tau2,0
355705,1.4392524082165274e-09,1,8421,sum,tau2,0
32398,1.4392524082165274e-09,1,8422,sum,tau2,0
805581,1.4392524082165274e-09,1,8423,sum,tau2,0
555570,1.4121084409296731e-09,1,8424,sum,tau2,0
16621,1.402041191524493e-09,1,8425,sum,tau2,0
533869,1.402041191524493e-09,1,8426,sum,tau2,0
215284,1.402041191524493e-09,1,8427,sum,tau2,0
546021,1.402041191524493e-09,1,8428,sum,tau2,0
412370,1.402041191524493e-09,1,8429,sum,tau2,0
816239,1.402041191524493e-09,1,8430,sum,tau2,0
477790,1.402041191524493e-09,1,8431,sum,tau2,0
723804,1.402041191524493e-09,1,8432,sum,tau2,0
96649,1.402041191524493e-09,1,8433,sum,tau2,0
202925,1.402041191524493e-09,1,8434,sum,tau2,0
59484,1.402041191524493e-09,1,8435,sum,tau2,0
852099,1.402041191524493e-09,1,8436,sum,tau2,0
574231,1.402041191524493e-09,1,8437,sum,tau2,0
339182,1.402041191524493e-09,1,8438,sum,tau2,0
455976,1.402041191524493e-09,1,8439,sum,tau2,0
384483,1.402041191524493e-09,1,8440,sum,tau2,0
938235,1.402041191524493e-09,1,8441,sum,tau2,0
949559,1.402041191524493e-09,1,8442,sum,tau2,0
450005,1.402041191524493e-09,1,8443,sum,tau2,0
543694,1.402041191524493e-09,1,8444,sum,tau2,0
609197,1.402041191524493e-09,1,8445,sum,tau2,0
968986,1.402041191524493e-09,1,8446,sum,tau2,0
775260,1.402041191524493e-09,1,8447,sum,tau2,0
595256,1.402041191524493e-09,1,8448,sum,tau2,0
511630,1.402041191524493e-09,1,8449,sum,tau2,0
606700,1.402041191524493e-09,1,8450,sum,tau2,0
764907,1.402041191524493e-09,1,8451,sum,tau2,0
51353,1.402041191524493e-09,1,8452,sum,tau2,0
819711,1.402041191524493e-09,1,8453,sum,tau2,0
258989,1.402041191524493e-09,1,8454,sum,tau2,0
626456,1.402041191524493e-09,1,8455,sum,tau2,0
777690,1.402041191524493e-09,1,8456,sum,tau2,0
796279,1.402041191524493e-09,1,8457,sum,tau2,0
939940,1.402041191524493e-09,1,8458,sum,tau2,0
331051,1.383952293493111e-09,2,8459,sum,tau2,0
539477,1.3831998003305557e-09,2,8460,sum,tau2,0
766067,1.3831998003305557e-09,2,8461,sum,tau2,0
734736,1.3831998003305557e-09,2,8462,sum,tau2,0
705540,1.3831998003305557e-09,2,8463,sum,tau2,0
558111,1.3831998003305557e-09,2,8464,sum,tau2,0
35359,1.3831998003305557e-09,2,8465,sum,tau2,0
59469,1.3774351586080797e-09,1,8466,sum,tau2,0
992666,1.3745083954158047e-09,1,8467,sum,tau2,0
67617,1.3745083954158047e-09,1,8468,sum,tau2,0
176762,1.3478215082935445e-09,2,8469,sum,tau2,0
380282,1.3239081152353395e-09,2,8470,sum,tau2,0
622184,1.3159855838660175e-09,1,8471,sum,tau2,0
220916,1.3159855838660175e-09,1,8472,sum,tau2,0
840259,1.3159855838660175e-09,1,8473,sum,tau2,0
198580,1.3159855838660175e-09,1,8474,sum,tau2,0
307117,1.3159855838660175e-09,1,8475,sum,tau2,0
194279,1.3159855838660175e-09,1,8476,sum,tau2,0
33274,1.296103416030032e-09,1,8477,sum,tau2,0
371179,1.2932188390809819e-09,1,8478,sum,tau2,0
87888,1.2932188390809819e-09,1,8479,sum,tau2,0
71922,1.2932188390809819e-09,1,8480,sum,tau2,0
934384,1.2932188390809819e-09,1,8481,sum,tau2,0
431840,1.2932188390809819e-09,1,8482,sum,tau2,0
745160,1.2932188390809819e-09,1,8483,sum,tau2,0
986400,1.2932188390809819e-09,1,8484,sum,tau2,0
446945,1.2932188390809819e-09,1,8485,sum,tau2,0
963160,1.2817514920180563e-09,1,8486,sum,tau2,0
400035,1.2817514920180563e-09,1,8487,sum,tau2,0
400242,1.2817514920180563e-09,1,8488,sum,tau2,0
535997,1.2817514920180563e-09,1,8489,sum,tau2,0
597586,1.2817514920180563e-09,1,8490,sum,tau2,0
403079,1.2817514920180563e-09,1,8491,sum,tau2,0
688256,1.2817514920180563e-09,1,8492,sum,tau2,0
920818,1.2769808661155388e-09,1,8493,sum,tau2,0
659167,1.2688142543128947e-09,1,8494,sum,tau2,0
151375,1.2688142543128947e-09,1,8495,sum,tau2,0
998629,1.2688142543128947e-09,1,8496,sum,tau2,0
345318,1.2688142543128947e-09,1,8497,sum,tau2,0
385990,1.2688142543128947e-09,1,8498,sum,tau2,0
698877,1.2688142543128947e-09,1,8499,sum,tau2,0
206185,1.2688142543128947e-09,1,8500,sum,tau2,0
998292,1.2688142543128947e-09,1,8501,sum,tau2,0
789131,1.2688142543128947e-09,1,8502,sum,tau2,0
278459,1.2688142543128947e-09,1,8503,sum,tau2,0
144223,1.2688142543128947e-09,1,8504,sum,tau2,0
484689,1.2688142543128947e-09,1,8505,sum,tau2,0
699103,1.2688142543128947e-09,1,8506,sum,tau2,0
427925,1.2688142543128947e-09,1,8507,sum,tau2,0
573180,1.2688142543128947e-09,1,8508,sum,tau2,0
790024,1.2688142543128947e-09,1,8509,sum,tau2,0
716529,1.2688142543128947e-09,1,8510,sum,tau2,0
740544,1.2688142543128947e-09,1,8511,sum,tau2,0
482435,1.2688142543128947e-09,1,8512,sum,tau2,0
949234,1.2688142543128947e-09,1,8513,sum,tau2,0
921817,1.2688142543128947e-09,1,8514,sum,tau2,0
402567,1.2688142543128947e-09,1,8515,sum,tau2,0
303592,1.2688142543128947e-09,1,8516,sum,tau2,0
88665,1.2688142543128947e-09,1,8517,sum,tau2,0
158536,1.2688142543128947e-09,1,8518,sum,tau2,0
748639,1.2688142543128947e-09,1,8519,sum,tau2,0
882265,1.2688142543128947e-09,1,8520,sum,tau2,0
515504,1.2688142543128947e-09,1,8521,sum,tau2,0
246568,1.2688142543128947e-09,1,8522,sum,tau2,0
705651,1.2688142543128947e-09,1,8523,sum,tau2,0
614923,1.2688142543128947e-09,1,8524,sum,tau2,0
40551,1.2688142543128947e-09,1,8525,sum,tau2,0
116704,1.2688142543128947e-09,1,8526,sum,tau2,0
432737,1.2688142543128947e-09,1,8527,sum,tau2,0
178524,1.2688142543128947e-09,1,8528,sum,tau2,0
637089,1.2688142543128947e-09,1,8529,sum,tau2,0
216354,1.2688142543128947e-09,1,8530,sum,tau2,0
464660,1.2688142543128947e-09,1,8531,sum,tau2,0
201765,1.2688142543128947e-09,1,8532,sum,tau2,0
149047,1.2688142543128947e-09,1,8533,sum,tau2,0
314054,1.2614486337172762e-09,2,8534,sum,tau2,0
233787,1.2433360172014387e-09,1,8535,sum,tau2,0
969623,1.237039954379762e-09,1,8536,sum,tau2,0
668663,1.23389062465829e-09,1,8537,sum,tau2,0
211621,1.23389062465829e-09,1,8538,sum,tau2,0
470815,1.23389062465829e-09,1,8539,sum,tau2,0
146885,1.23389062465829e-09,1,8540,sum,tau2,0
930071,1.23389062465829e-09,1,8541,sum,tau2,0
770539,1.23389062465829e-09,1,8542,sum,tau2,0
602420,1.23389062465829e-09,1,8543,sum,tau2,0
443460,1.23389062465829e-09,1,8544,sum,tau2,0
494159,1.23389062465829e-09,1,8545,sum,tau2,0
403420,1.23389062465829e-09,1,8546,sum,tau2,0
130367,1.23389062465829e-09,1,8547,sum,tau2,0
446345,1.23389062465829e-09,1,8548,sum,tau2,0
845286,1.23389062465829e-09,1,8549,sum,tau2,0
888791,1.23389062465829e-09,1,8550,sum,tau2,0
583203,1.23389062465829e-09,1,8551,sum,tau2,0
970491,1.23389062465829e-09,1,8552,sum,tau2,0
333801,1.23389062465829e-09,1,8553,sum,tau2,0
655231,1.23389062465829e-09,1,8554,sum,tau2,0
77007,1.23389062465829e-09,1,8555,sum,tau2,0
825153,1.23389062465829e-09,1,8556,sum,tau2,0
409162,1.23389062465829e-09,1,8557,sum,tau2,0
928658,1.23389062465829e-09,1,8558,sum,tau2,0
915967,1.23389062465829e-09,1,8559,sum,tau2,0
808093,1.23389062465829e-09,1,8560,sum,tau2,0
254056,1.23389062465829e-09,1,8561,sum,tau2,0
217794,1.23389062465829e-09,1,8562,sum,tau2,0
333073,1.23389062465829e-09,1,8563,sum,tau2,0
793221,1.23389062465829e-09,1,8564,sum,tau2,0
777693,1.23389062465829e-09,1,8565,sum,tau2,0
864846,1.23389062465829e-09,1,8566,sum,tau2,0
911318,1.23389062465829e-09,1,8567,sum,tau2,0
990229,1.23389062465829e-09,1,8568,sum,tau2,0
710204,1.23389062465829e-09,1,8569,sum,tau2,0
282878,1.23389062465829e-09,1,8570,sum,tau2,0
305921,1.23389062465829e-09,1,8571,sum,tau2,0
313320,1.23389062465829e-09,1,8572,sum,tau2,0
723079,1.23389062465829e-09,1,8573,sum,tau2,0
710289,1.23389062465829e-09,1,8574,sum,tau2,0
999791,1.23389062465829e-09,1,8575,sum,tau2,0
566406,1.23389062465829e-09,1,8576,sum,tau2,0
774934,1.23389062465829e-09,1,8577,sum,tau2,0
186432,1.23389062465829e-09,1,8578,sum,tau2,0
546278,1.23389062465829e-09,1,8579,sum,tau2,0
848574,1.23389062465829e-09,1,8580,sum,tau2,0
523038,1.23389062465829e-09,1,8581,sum,tau2,0
294124,1.23389062465829e-09,1,8582,sum,tau2,0
321737,1.23389062465829e-09,1,8583,sum,tau2,0
988215,1.23389062465829e-09,1,8584,sum,tau2,0
882470,1.23389062465829e-09,1,8585,sum,tau2,0
905936,1.23389062465829e-09,1,8586,sum,tau2,0
565234,1.23389062465829e-09,1,8587,sum,tau2,0
356595,1.23389062465829e-09,1,8588,sum,tau2,0
850449,1.23389062465829e-09,1,8589,sum,tau2,0
266613,1.23389062465829e-09,1,8590,sum,tau2,0
159934,1.23389062465829e-09,1,8591,sum,tau2,0
183908,1.23389062465829e-09,1,8592,sum,tau2,0
164883,1.23389062465829e-09,1,8593,sum,tau2,0
35085,1.232172120228975e-09,1,8594,sum,tau2,0
58303,1.2276185528489758e-09,1,8595,sum,tau2,0
982360,1.2276185528489758e-09,1,8596,sum,tau2,0
827224,1.2276185528489758e-09,1,8597,sum,tau2,0
709557,1.2276185528489758e-09,1,8598,sum,tau2,0
968985,1.2276185528489758e-09,1,8599,sum,tau2,0
811394,1.2276185528489758e-09,1,8600,sum,tau2,0
161833,1.2276185528489758e-09,1,8601,sum,tau2,0
616081,1.2276185528489758e-09,1,8602,sum,tau2,0
832492,1.2276185528489758e-09,1,8603,sum,tau2,0
231587,1.2276185528489758e-09,1,8604,sum,tau2,0
654427,1.2276185528489758e-09,1,8605,sum,tau2,0
822833,1.2276185528489758e-09,1,8606,sum,tau2,0
990766,1.2080700322888229e-09,1,8607,sum,tau2,0
158257,1.2080700322888229e-09,1,8608,sum,tau2,0
704377,1.2080700322888229e-09,1,8609,sum,tau2,0
228489,1.2080700322888229e-09,1,8610,sum,tau2,0
158548,1.2080700322888229e-09,1,8611,sum,tau2,0
788860,1.2080700322888229e-09,1,8612,sum,tau2,0
909155,1.2080700322888229e-09,1,8613,sum,tau2,0
488392,1.2080700322888229e-09,1,8614,sum,tau2,0
948398,1.154141664940201e-09,1,8615,sum,tau2,0
583672,1.154141664940201e-09,1,8616,sum,tau2,0
55354,1.154141664940201e-09,1,8617,sum,tau2,0
628956,1.154141664940201e-09,1,8618,sum,tau2,0
470960,1.1506938212714063e-09,1,8619,sum,tau2,0
91139,1.134668626227367e-09,1,8620,sum,tau2,0
89697,1.131938305274861e-09,1,8621,sum,tau2,0
776441,1.131938305274861e-09,1,8622,sum,tau2,0
527856,1.131938305274861e-09,1,8623,sum,tau2,0
626635,1.131938305274861e-09,1,8624,sum,tau2,0
900432,1.131938305274861e-09,1,8625,sum,tau2,0
183732,1.131938305274861e-09,1,8626,sum,tau2,0
675256,1.131938305274861e-09,1,8627,sum,tau2,0
667191,1.131938305274861e-09,1,8628,sum,tau2,0
295465,1.131938305274861e-09,1,8629,sum,tau2,0
922488,1.131938305274861e-09,1,8630,sum,tau2,0
117570,1.131938305274861e-09,1,8631,sum,tau2,0
745580,1.131938305274861e-09,1,8632,sum,tau2,0
859740,1.131938305274861e-09,1,8633,sum,tau2,0
856614,1.131938305274861e-09,1,8634,sum,tau2,0
861245,1.131938305274861e-09,1,8635,sum,tau2,0
706076,1.131938305274861e-09,1,8636,sum,tau2,0
849628,1.131938305274861e-09,1,8637,sum,tau2,0
181137,1.131938305274861e-09,1,8638,sum,tau2,0
286876,1.128412984045828e-09,1,8639,sum,tau2,0
855452,1.1208591146719564e-09,1,8640,sum,tau2,0
602228,1.1141180198694007e-09,1,8641,sum,tau2,0
80381,1.1141180198694007e-09,1,8642,sum,tau2,0
291974,1.1141180198694007e-09,1,8643,sum,tau2,0
721738,1.1141180198694007e-09,1,8644,sum,tau2,0
882474,1.1141180198694007e-09,1,8645,sum,tau2,0
99795,1.1141180198694007e-09,1,8646,sum,tau2,0
395214,1.1141180198694007e-09,1,8647,sum,tau2,0
113062,1.1141180198694007e-09,1,8648,sum,tau2,0
521076,1.1141180198694007e-09,1,8649,sum,tau2,0
523940,1.1141180198694007e-09,1,8650,sum,tau2,0
3066,1.1141180198694007e-09,1,8651,sum,tau2,0
525574,1.1141180198694007e-09,1,8652,sum,tau2,0
942734,1.0853592022714152e-09,2,8653,sum,tau2,0
456244,1.0735740778151604e-09,1,8654,sum,tau2,0
467636,1.070619781720427e-09,1,8655,sum,tau2,0
206176,1.070619781720427e-09,1,8656,sum,tau2,0
408906,1.070619781720427e-09,1,8657,sum,tau2,0
442032,1.0558333981279063e-09,1,8658,sum,tau2,0
965937,1.0444340292221626e-09,1,8659,sum,tau2,0
227974,1.0444340292221626e-09,1,8660,sum,tau2,0
541840,1.0412438301136115e-09,1,8661,sum,tau2,0
274734,1.0412438301136115e-09,1,8662,sum,tau2,0
924294,1.021099335702392e-09,1,8663,sum,tau2,0
228059,1.021099335702392e-09,1,8664,sum,tau2,0
404584,1.0098964547744076e-09,1,8665,sum,tau2,0
770876,1.0032945917883183e-09,1,8666,sum,tau2,0
955675,1.0032945917883183e-09,1,8667,sum,tau2,0
245063,1.0032945917883183e-09,1,8668,sum,tau2,0
382768,1.0032945917883183e-09,1,8669,sum,tau2,0
10962,1.0032945917883183e-09,1,8670,sum,tau2,0
714937,1.0032945917883183e-09,1,8671,sum,tau2,0
195567,1.0032945917883183e-09,1,8672,sum,tau2,0
955367,1.0032945917883183e-09,1,8673,sum,tau2,0
266602,1.0032945917883183e-09,1,8674,sum,tau2,0
199999,1.0032945917883183e-09,1,8675,sum,tau2,0
239842,1.0032945917883183e-09,1,8676,sum,tau2,0
597130,1.0032945917883183e-09,1,8677,sum,tau2,0
80649,1.0032945917883183e-09,1,8678,sum,tau2,0
631317,1.0032945917883183e-09,1,8679,sum,tau2,0
674432,1.0032945917883183e-09,1,8680,sum,tau2,0
552990,1.0032945917883183e-09,1,8681,sum,tau2,0
426803,1.0032945917883183e-09,1,8682,sum,tau2,0
6282,1.0032945917883183e-09,1,8683,sum,tau2,0
415152,1.0032945917883183e-09,1,8684,sum,tau2,0
612256,1.0032945917883183e-09,1,8685,sum,tau2,0
587127,1.0032945917883183e-09,1,8686,sum,tau2,0
740072,1.0032945917883183e-09,1,8687,sum,tau2,0
986115,1.0032945917883183e-09,1,8688,sum,tau2,0
246660,1.0032945917883183e-09,1,8689,sum,tau2,0
746517,1.0032945917883183e-09,1,8690,sum,tau2,0
495512,1.0032945917883183e-09,1,8691,sum,tau2,0
561746,1.0032945917883183e-09,1,8692,sum,tau2,0
125812,9.988644587009402e-10,1,8693,sum,tau2,0
581307,9.987584671359432e-10,1,8694,sum,tau2,0
334973,9.987584671359432e-10,1,8695,sum,tau2,0
181788,9.963754651069443e-10,1,8696,sum,tau2,0
368854,9.963754651069443e-10,1,8697,sum,tau2,0
753201,9.963754651069443e-10,1,8698,sum,tau2,0
860015,9.963754651069443e-10,1,8699,sum,tau2,0
843494,9.963754651069443e-10,1,8700,sum,tau2,0
689382,9.963754651069443e-10,1,8701,sum,tau2,0
445397,9.963754651069443e-10,1,8702,sum,tau2,0
651458,9.963754651069443e-10,1,8703,sum,tau2,0
914998,9.963754651069443e-10,1,8704,sum,tau2,0
778118,9.963754651069443e-10,1,8705,sum,tau2,0
216013,9.963754651069443e-10,1,8706,sum,tau2,0
994025,9.963754651069443e-10,1,8707,sum,tau2,0
913209,9.963754651069443e-10,1,8708,sum,tau2,0
627703,9.963754651069443e-10,1,8709,sum,tau2,0
110255,9.963754651069443e-10,1,8710,sum,tau2,0
832129,9.710810191650637e-10,1,8711,sum,tau2,0
601104,9.481966587441728e-10,1,8712,sum,tau2,0
695617,9.481966587441728e-10,1,8713,sum,tau2,0
31234,9.481966587441728e-10,1,8714,sum,tau2,0
510617,9.481966587441728e-10,1,8715,sum,tau2,0
419707,9.481966587441728e-10,1,8716,sum,tau2,0
762478,9.250413453402948e-10,1,8717,sum,tau2,0
213945,9.025577500042489e-10,1,8718,sum,tau2,0
547166,8.970773050082661e-10,1,8719,sum,tau2,0
774392,8.970773050082661e-10,1,8720,sum,tau2,0
52512,8.970773050082661e-10,1,8721,sum,tau2,0
403532,8.970773050082661e-10,1,8722,sum,tau2,0
874326,8.970773050082661e-10,1,8723,sum,tau2,0
921937,8.970773050082661e-10,1,8724,sum,tau2,0
135109,8.970773050082661e-10,1,8725,sum,tau2,0
795312,8.827988191214557e-10,1,8726,sum,tau2,0
440870,8.827988191214557e-10,1,8727,sum,tau2,0
518564,8.827988191214557e-10,1,8728,sum,tau2,0
844651,8.827988191214557e-10,1,8729,sum,tau2,0
211704,8.827988191214557e-10,1,8730,sum,tau2,0
523037,8.827988191214557e-10,1,8731,sum,tau2,0
703318,8.827988191214557e-10,1,8732,sum,tau2,0
59486,8.827988191214557e-10,1,8733,sum,tau2,0
702892,8.827988191214557e-10,1,8734,sum,tau2,0
780050,8.827988191214557e-10,1,8735,sum,tau2,0
319864,8.827988191214557e-10,1,8736,sum,tau2,0
833504,8.827988191214557e-10,1,8737,sum,tau2,0
839101,8.827988191214557e-10,1,8738,sum,tau2,0
62057,8.827988191214557e-10,1,8739,sum,tau2,0
757757,8.827988191214557e-10,1,8740,sum,tau2,0
921046,8.827988191214557e-10,1,8741,sum,tau2,0
287329,8.827988191214557e-10,1,8742,sum,tau2,0
689807,8.827988191214557e-10,1,8743,sum,tau2,0
363056,8.827988191214557e-10,1,8744,sum,tau2,0
23751,8.827988191214557e-10,1,8745,sum,tau2,0
732412,8.827988191214557e-10,1,8746,sum,tau2,0
386295,8.827988191214557e-10,1,8747,sum,tau2,0
550650,8.827988191214557e-10,1,8748,sum,tau2,0
39818,8.827988191214557e-10,1,8749,sum,tau2,0
700038,8.827988191214557e-10,1,8750,sum,tau2,0
110268,8.827988191214557e-10,1,8751,sum,tau2,0
659592,8.827988191214557e-10,1,8752,sum,tau2,0
101402,8.827988191214557e-10,1,8753,sum,tau2,0
928642,8.827988191214557e-10,1,8754,sum,tau2,0
905935,8.827988191214557e-10,1,8755,sum,tau2,0
293864,8.827988191214557e-10,1,8756,sum,tau2,0
984718,8.827988191214557e-10,1,8757,sum,tau2,0
438298,8.827988191214557e-10,1,8758,sum,tau2,0
634766,8.827988191214557e-10,1,8759,sum,tau2,0
292962,8.827988191214557e-10,1,8760,sum,tau2,0
56515,8.827988191214557e-10,1,8761,sum,tau2,0
901291,8.827988191214557e-10,1,8762,sum,tau2,0
165228,8.827988191214557e-10,1,8763,sum,tau2,0
371416,8.827988191214557e-10,1,8764,sum,tau2,0
916006,8.827988191214557e-10,1,8765,sum,tau2,0
821396,8.827988191214557e-10,1,8766,sum,tau2,0
220988,8.827988191214557e-10,1,8767,sum,tau2,0
186942,8.827988191214557e-10,1,8768,sum,tau2,0
692434,8.827988191214557e-10,1,8769,sum,tau2,0
811815,8.827988191214557e-10,1,8770,sum,tau2,0
290720,8.827988191214557e-10,1,8771,sum,tau2,0
719499,8.827988191214557e-10,1,8772,sum,tau2,0
740698,8.827988191214557e-10,1,8773,sum,tau2,0
622693,8.827988191214557e-10,1,8774,sum,tau2,0
679975,8.827988191214557e-10,1,8775,sum,tau2,0
639235,8.827988191214557e-10,1,8776,sum,tau2,0
737751,8.827988191214557e-10,1,8777,sum,tau2,0
918113,8.827988191214557e-10,1,8778,sum,tau2,0
239843,8.827988191214557e-10,1,8779,sum,tau2,0
338643,8.827988191214557e-10,1,8780,sum,tau2,0
88812,8.827988191214557e-10,1,8781,sum,tau2,0
858294,8.827988191214557e-10,1,8782,sum,tau2,0
212527,8.827988191214557e-10,1,8783,sum,tau2,0
179974,8.827988191214557e-10,1,8784,sum,tau2,0
298947,8.827988191214557e-10,1,8785,sum,tau2,0
922940,8.827988191214557e-10,1,8786,sum,tau2,0
434724,8.827988191214557e-10,1,8787,sum,tau2,0
531549,8.827988191214557e-10,1,8788,sum,tau2,0
344155,8.827988191214557e-10,1,8789,sum,tau2,0
147923,8.827988191214557e-10,1,8790,sum,tau2,0
333700,8.827988191214557e-10,1,8791,sum,tau2,0
75878,8.827988191214557e-10,1,8792,sum,tau2,0
610186,8.827988191214557e-10,1,8793,sum,tau2,0
678743,8.827988191214557e-10,1,8794,sum,tau2,0
55351,8.827988191214557e-10,1,8795,sum,tau2,0
662218,8.827988191214557e-10,1,8796,sum,tau2,0
662560,8.827988191214557e-10,1,8797,sum,tau2,0
878675,8.827988191214557e-10,1,8798,sum,tau2,0
400045,8.827988191214557e-10,1,8799,sum,tau2,0
97959,8.827988191214557e-10,1,8800,sum,tau2,0
630308,8.827988191214557e-10,1,8801,sum,tau2,0
214324,8.827988191214557e-10,1,8802,sum,tau2,0
13284,8.827988191214557e-10,1,8803,sum,tau2,0
748646,8.827988191214557e-10,1,8804,sum,tau2,0
811384,8.827988191214557e-10,1,8805,sum,tau2,0
533870,8.827988191214557e-10,1,8806,sum,tau2,0
94000,8.827988191214557e-10,1,8807,sum,tau2,0
909001,8.827988191214557e-10,1,8808,sum,tau2,0
630827,8.827988191214557e-10,1,8809,sum,tau2,0
91680,8.827988191214557e-10,1,8810,sum,tau2,0
355797,8.827988191214557e-10,1,8811,sum,tau2,0
196582,8.827988191214557e-10,1,8812,sum,tau2,0
386254,8.827988191214557e-10,1,8813,sum,tau2,0
122327,8.827988191214557e-10,1,8814,sum,tau2,0
658005,8.827988191214557e-10,1,8815,sum,tau2,0
834668,8.827988191214557e-10,1,8816,sum,tau2,0
967095,8.827988191214557e-10,1,8817,sum,tau2,0
813538,8.827988191214557e-10,1,8818,sum,tau2,0
713780,8.827988191214557e-10,1,8819,sum,tau2,0
439456,8.827988191214557e-10,1,8820,sum,tau2,0
483525,8.827988191214557e-10,1,8821,sum,tau2,0
319128,8.827988191214557e-10,1,8822,sum,tau2,0
894092,8.827988191214557e-10,1,8823,sum,tau2,0
598655,8.827988191214557e-10,1,8824,sum,tau2,0
342997,8.827988191214557e-10,1,8825,sum,tau2,0
427192,8.827988191214557e-10,1,8826,sum,tau2,0
827653,8.827988191214557e-10,1,8827,sum,tau2,0
956187,8.827988191214557e-10,1,8828,sum,tau2,0
720019,8.827988191214557e-10,1,8829,sum,tau2,0
26604,8.827988191214557e-10,1,8830,sum,tau2,0
306902,8.827988191214557e-10,1,8831,sum,tau2,0
192246,8.827988191214557e-10,1,8832,sum,tau2,0
358118,8.827988191214557e-10,1,8833,sum,tau2,0
761420,8.827988191214557e-10,1,8834,sum,tau2,0
571565,8.827988191214557e-10,1,8835,sum,tau2,0
699661,8.827988191214557e-10,1,8836,sum,tau2,0
136998,8.827988191214557e-10,1,8837,sum,tau2,0
718588,8.827988191214557e-10,1,8838,sum,tau2,0
582474,8.827988191214557e-10,1,8839,sum,tau2,0
472080,8.827988191214557e-10,1,8840,sum,tau2,0
264273,8.827988191214557e-10,1,8841,sum,tau2,0
265252,8.827988191214557e-10,1,8842,sum,tau2,0
207577,8.827988191214557e-10,1,8843,sum,tau2,0
733724,8.827988191214557e-10,1,8844,sum,tau2,0
670049,8.827988191214557e-10,1,8845,sum,tau2,0
589014,8.827988191214557e-10,1,8846,sum,tau2,0
867891,8.827988191214557e-10,1,8847,sum,tau2,0
988741,8.827988191214557e-10,1,8848,sum,tau2,0
370993,8.827988191214557e-10,1,8849,sum,tau2,0
503648,8.827988191214557e-10,1,8850,sum,tau2,0
258189,8.827988191214557e-10,1,8851,sum,tau2,0
29367,8.827988191214557e-10,1,8852,sum,tau2,0
261330,8.827988191214557e-10,1,8853,sum,tau2,0
688128,8.827988191214557e-10,1,8854,sum,tau2,0
890608,8.827988191214557e-10,1,8855,sum,tau2,0
581501,8.827988191214557e-10,1,8856,sum,tau2,0
797335,8.827988191214557e-10,1,8857,sum,tau2,0
814426,8.827988191214557e-10,1,8858,sum,tau2,0
888794,8.827988191214557e-10,1,8859,sum,tau2,0
68875,8.827988191214557e-10,1,8860,sum,tau2,0
63055,8.827988191214557e-10,1,8861,sum,tau2,0
509272,8.827988191214557e-10,1,8862,sum,tau2,0
925268,8.827988191214557e-10,1,8863,sum,tau2,0
273294,8.827988191214557e-10,1,8864,sum,tau2,0
608079,8.827988191214557e-10,1,8865,sum,tau2,0
173875,8.827988191214557e-10,1,8866,sum,tau2,0
348917,8.827988191214557e-10,1,8867,sum,tau2,0
985512,8.827988191214557e-10,1,8868,sum,tau2,0
661526,8.827988191214557e-10,1,8869,sum,tau2,0
641774,8.827988191214557e-10,1,8870,sum,tau2,0
949236,8.827988191214557e-10,1,8871,sum,tau2,0
827221,8.827988191214557e-10,1,8872,sum,tau2,0
168371,8.827988191214557e-10,1,8873,sum,tau2,0
248975,8.827988191214557e-10,1,8874,sum,tau2,0
998673,8.827988191214557e-10,1,8875,sum,tau2,0
782527,8.827988191214557e-10,1,8876,sum,tau2,0
452156,8.827988191214557e-10,1,8877,sum,tau2,0
557642,8.827988191214557e-10,1,8878,sum,tau2,0
788573,8.827988191214557e-10,1,8879,sum,tau2,0
121888,8.827988191214557e-10,1,8880,sum,tau2,0
706813,8.827988191214557e-10,1,8881,sum,tau2,0
898725,8.827988191214557e-10,1,8882,sum,tau2,0
253634,8.827988191214557e-10,1,8883,sum,tau2,0
791203,8.827988191214557e-10,1,8884,sum,tau2,0
467438,8.827988191214557e-10,1,8885,sum,tau2,0
387418,8.827988191214557e-10,1,8886,sum,tau2,0
604374,8.827988191214557e-10,1,8887,sum,tau2,0
736590,8.827988191214557e-10,1,8888,sum,tau2,0
709045,8.827988191214557e-10,1,8889,sum,tau2,0
759134,8.827988191214557e-10,1,8890,sum,tau2,0
877191,8.827988191214557e-10,1,8891,sum,tau2,0
571582,8.827988191214557e-10,1,8892,sum,tau2,0
234586,8.827988191214557e-10,1,8893,sum,tau2,0
909710,8.827988191214557e-10,1,8894,sum,tau2,0
677583,8.827988191214557e-10,1,8895,sum,tau2,0
488542,8.827988191214557e-10,1,8896,sum,tau2,0
96794,8.827988191214557e-10,1,8897,sum,tau2,0
183910,8.827988191214557e-10,1,8898,sum,tau2,0
565244,8.827988191214557e-10,1,8899,sum,tau2,0
273207,8.827988191214557e-10,1,8900,sum,tau2,0
358209,8.827988191214557e-10,1,8901,sum,tau2,0
496309,8.827988191214557e-10,1,8902,sum,tau2,0
45668,8.827988191214557e-10,1,8903,sum,tau2,0
501337,8.827988191214557e-10,1,8904,sum,tau2,0
651742,8.827988191214557e-10,1,8905,sum,tau2,0
997344,8.827988191214557e-10,1,8906,sum,tau2,0
153249,8.827988191214557e-10,1,8907,sum,tau2,0
631100,8.827988191214557e-10,1,8908,sum,tau2,0
117875,8.827988191214557e-10,1,8909,sum,tau2,0
190450,8.827988191214557e-10,1,8910,sum,tau2,0
222295,8.827988191214557e-10,1,8911,sum,tau2,0
123676,8.827988191214557e-10,1,8912,sum,tau2,0
261768,8.827988191214557e-10,1,8913,sum,tau2,0
393069,8.827988191214557e-10,1,8914,sum,tau2,0
955473,8.827988191214557e-10,1,8915,sum,tau2,0
297696,8.827988191214557e-10,1,8916,sum,tau2,0
567193,8.827988191214557e-10,1,8917,sum,tau2,0
811576,8.827988191214557e-10,1,8918,sum,tau2,0
195564,8.827988191214557e-10,1,8919,sum,tau2,0
17638,8.827988191214557e-10,1,8920,sum,tau2,0
505046,8.827988191214557e-10,1,8921,sum,tau2,0
115537,8.827988191214557e-10,1,8922,sum,tau2,0
347938,8.827988191214557e-10,1,8923,sum,tau2,0
861265,8.827988191214557e-10,1,8924,sum,tau2,0
556458,8.827988191214557e-10,1,8925,sum,tau2,0
544123,8.827988191214557e-10,1,8926,sum,tau2,0
261760,8.827988191214557e-10,1,8927,sum,tau2,0
815862,8.827988191214557e-10,1,8928,sum,tau2,0
490681,8.827988191214557e-10,1,8929,sum,tau2,0
452369,8.827988191214557e-10,1,8930,sum,tau2,0
760460,8.827988191214557e-10,1,8931,sum,tau2,0
187286,8.827988191214557e-10,1,8932,sum,tau2,0
90516,8.827988191214557e-10,1,8933,sum,tau2,0
82816,8.827988191214557e-10,1,8934,sum,tau2,0
480257,8.827988191214557e-10,1,8935,sum,tau2,0
947381,8.827988191214557e-10,1,8936,sum,tau2,0
601493,8.827988191214557e-10,1,8937,sum,tau2,0
642934,8.827988191214557e-10,1,8938,sum,tau2,0
458328,8.827988191214557e-10,1,8939,sum,tau2,0
294457,8.827988191214557e-10,1,8940,sum,tau2,0
387152,8.827988191214557e-10,1,8941,sum,tau2,0
942588,8.827988191214557e-10,1,8942,sum,tau2,0
251216,8.827988191214557e-10,1,8943,sum,tau2,0
516972,8.827988191214557e-10,1,8944,sum,tau2,0
159667,8.827988191214557e-10,1,8945,sum,tau2,0
161721,8.827988191214557e-10,1,8946,sum,tau2,0
194371,8.827988191214557e-10,1,8947,sum,tau2,0
724235,8.827988191214557e-10,1,8948,sum,tau2,0
186229,8.827988191214557e-10,1,8949,sum,tau2,0
179156,8.827988191214557e-10,1,8950,sum,tau2,0
927483,8.827988191214557e-10,1,8951,sum,tau2,0
490836,8.827988191214557e-10,1,8952,sum,tau2,0
515278,8.827988191214557e-10,1,8953,sum,tau2,0
290853,8.827988191214557e-10,1,8954,sum,tau2,0
823994,8.827988191214557e-10,1,8955,sum,tau2,0
1000794,8.827988191214557e-10,1,8956,sum,tau2,0
488390,8.827988191214557e-10,1,8957,sum,tau2,0
398919,8.827988191214557e-10,1,8958,sum,tau2,0
847838,8.827988191214557e-10,1,8959,sum,tau2,0
2676,8.827988191214557e-10,1,8960,sum,tau2,0
716832,8.827988191214557e-10,1,8961,sum,tau2,0
719585,8.827988191214557e-10,1,8962,sum,tau2,0
759096,8.827988191214557e-10,1,8963,sum,tau2,0
260496,8.827988191214557e-10,1,8964,sum,tau2,0
511486,8.827988191214557e-10,1,8965,sum,tau2,0
315403,8.827988191214557e-10,1,8966,sum,tau2,0
552259,8.827988191214557e-10,1,8967,sum,tau2,0
211797,8.827988191214557e-10,1,8968,sum,tau2,0
619662,8.827988191214557e-10,1,8969,sum,tau2,0
328981,8.827988191214557e-10,1,8970,sum,tau2,0
878783,8.827988191214557e-10,1,8971,sum,tau2,0
505603,8.827988191214557e-10,1,8972,sum,tau2,0
230300,8.827988191214557e-10,1,8973,sum,tau2,0
894090,8.827988191214557e-10,1,8974,sum,tau2,0
117671,8.827988191214557e-10,1,8975,sum,tau2,0
458052,8.827988191214557e-10,1,8976,sum,tau2,0
825334,8.827988191214557e-10,1,8977,sum,tau2,0
66113,8.827988191214557e-10,1,8978,sum,tau2,0
159707,8.827988191214557e-10,1,8979,sum,tau2,0
177123,8.827988191214557e-10,1,8980,sum,tau2,0
382523,8.827988191214557e-10,1,8981,sum,tau2,0
670944,8.827988191214557e-10,1,8982,sum,tau2,0
338278,8.827988191214557e-10,1,8983,sum,tau2,0
57163,8.827988191214557e-10,1,8984,sum,tau2,0
932131,8.827988191214557e-10,1,8985,sum,tau2,0
235035,8.827988191214557e-10,1,8986,sum,tau2,0
768288,8.827988191214557e-10,1,8987,sum,tau2,0
3694,8.748426873512171e-10,1,8988,sum,tau2,0
472089,8.748426873512171e-10,1,8989,sum,tau2,0
363569,8.748426873512171e-10,1,8990,sum,tau2,0
363043,8.748426873512171e-10,1,8991,sum,tau2,0
380716,8.748426873512171e-10,1,8992,sum,tau2,0
180317,8.748426873512171e-10,1,8993,sum,tau2,0
492549,8.748426873512171e-10,1,8994,sum,tau2,0
697553,8.748426873512171e-10,1,8995,sum,tau2,0
386521,8.748426873512171e-10,1,8996,sum,tau2,0
176848,8.748426873512171e-10,1,8997,sum,tau2,0
597133,8.748426873512171e-10,1,8998,sum,tau2,0
633606,8.748426873512171e-10,1,8999,sum,tau2,0
737734,8.748426873512171e-10,1,9000,sum,tau2,0
818788,8.748426873512171e-10,1,9001,sum,tau2,0
524373,8.748426873512171e-10,1,9002,sum,tau2,0
405853,8.748426873512171e-10,1,9003,sum,tau2,0
724131,8.748426873512171e-10,1,9004,sum,tau2,0
1023,8.748426873512171e-10,1,9005,sum,tau2,0
728924,8.748426873512171e-10,1,9006,sum,tau2,0
184334,8.748426873512171e-10,1,9007,sum,tau2,0
360428,8.748426873512171e-10,1,9008,sum,tau2,0
526696,8.748426873512171e-10,1,9009,sum,tau2,0
521046,8.748426873512171e-10,1,9010,sum,tau2,0
322184,8.748426873512171e-10,1,9011,sum,tau2,0
763752,8.748426873512171e-10,1,9012,sum,tau2,0
100242,8.748426873512171e-10,1,9013,sum,tau2,0
40977,8.748426873512171e-10,1,9014,sum,tau2,0
616084,8.748426873512171e-10,1,9015,sum,tau2,0
124198,8.748426873512171e-10,1,9016,sum,tau2,0
44020,8.748426873512171e-10,1,9017,sum,tau2,0
771881,8.748426873512171e-10,1,9018,sum,tau2,0
762496,8.748426873512171e-10,1,9019,sum,tau2,0
32416,8.748426873512171e-10,1,9020,sum,tau2,0
538356,8.748426873512171e-10,1,9021,sum,tau2,0
522480,8.748426873512171e-10,1,9022,sum,tau2,0
898538,8.748426873512171e-10,1,9023,sum,tau2,0
888079,8.748426873512171e-10,1,9024,sum,tau2,0
996858,8.748426873512171e-10,1,9025,sum,tau2,0
667298,8.748426873512171e-10,1,9026,sum,tau2,0
82852,8.748426873512171e-10,1,9027,sum,tau2,0
61894,8.748426873512171e-10,1,9028,sum,tau2,0
958855,8.748426873512171e-10,1,9029,sum,tau2,0
591959,8.748426873512171e-10,1,9030,sum,tau2,0
985726,8.748426873512171e-10,1,9031,sum,tau2,0
962874,8.748426873512171e-10,1,9032,sum,tau2,0
738007,8.748426873512171e-10,1,9033,sum,tau2,0
389782,8.748426873512171e-10,1,9034,sum,tau2,0
324062,8.748426873512171e-10,1,9035,sum,tau2,0
313601,8.748426873512171e-10,1,9036,sum,tau2,0
607934,8.748426873512171e-10,1,9037,sum,tau2,0
302340,8.748426873512171e-10,1,9038,sum,tau2,0
387973,8.748426873512171e-10,1,9039,sum,tau2,0
80915,8.748426873512171e-10,1,9040,sum,tau2,0
543124,8.679980635381501e-10,1,9041,sum,tau2,0
24267,8.554662384364098e-10,1,9042,sum,tau2,0
97812,8.554662384364098e-10,1,9043,sum,tau2,0
113230,8.554662384364098e-10,1,9044,sum,tau2,0
773047,8.554662384364098e-10,1,9045,sum,tau2,0
36525,8.554662384364098e-10,1,9046,sum,tau2,0
679345,8.554662384364098e-10,1,9047,sum,tau2,0
670781,8.548170582543492e-10,2,9048,sum,tau2,0
414712,8.524465652595247e-10,1,9049,sum,tau2,0
869675,8.470589672855593e-10,1,9050,sum,tau2,0
950398,8.470589672855593e-10,1,9051,sum,tau2,0
69297,8.470589672855593e-10,1,9052,sum,tau2,0
258987,8.470589672855593e-10,1,9053,sum,tau2,0
932968,8.470589672855593e-10,1,9054,sum,tau2,0
755523,8.243048781644832e-10,1,9055,sum,tau2,0
511590,8.243048781644832e-10,1,9056,sum,tau2,0
345338,8.243048781644832e-10,1,9057,sum,tau2,0
126792,8.243048781644832e-10,1,9058,sum,tau2,0
916157,8.243048781644832e-10,1,9059,sum,tau2,0
250345,8.243048781644832e-10,1,9060,sum,tau2,0
967808,8.243048781644832e-10,1,9061,sum,tau2,0
598634,8.108678179991696e-10,1,9062,sum,tau2,0
176974,8.108678179991696e-10,1,9063,sum,tau2,0
283661,8.108678179991696e-10,1,9064,sum,tau2,0
671949,8.108678179991696e-10,1,9065,sum,tau2,0
260789,8.108678179991696e-10,1,9066,sum,tau2,0
427840,8.108678179991696e-10,1,9067,sum,tau2,0
529737,8.108678179991696e-10,1,9068,sum,tau2,0
31580,8.108678179991696e-10,1,9069,sum,tau2,0
515277,8.108678179991696e-10,1,9070,sum,tau2,0
581473,8.108678179991696e-10,1,9071,sum,tau2,0
210636,8.108678179991696e-10,1,9072,sum,tau2,0
511414,8.108678179991696e-10,1,9073,sum,tau2,0
560393,8.057848372131461e-10,1,9074,sum,tau2,0
490226,8.057848372131461e-10,1,9075,sum,tau2,0
362678,8.057848372131461e-10,1,9076,sum,tau2,0
441909,8.057848372131461e-10,1,9077,sum,tau2,0
664545,8.057848372131461e-10,1,9078,sum,tau2,0
9613,8.057848372131461e-10,1,9079,sum,tau2,0
369651,8.057848372131461e-10,1,9080,sum,tau2,0
886811,8.057848372131461e-10,1,9081,sum,tau2,0
917025,8.057848372131461e-10,1,9082,sum,tau2,0
631273,7.855350570681852e-10,2,9083,sum,tau2,0
214121,7.704926633155403e-10,1,9084,sum,tau2,0
8645,7.524754834719176e-10,1,9085,sum,tau2,0
186268,7.524754834719176e-10,1,9086,sum,tau2,0
657044,7.524754834719176e-10,1,9087,sum,tau2,0
42139,7.524754834719176e-10,1,9088,sum,tau2,0
419831,7.524754834719176e-10,1,9089,sum,tau2,0
939636,7.524754834719176e-10,1,9090,sum,tau2,0
961473,7.524754834719176e-10,1,9091,sum,tau2,0
439374,7.524754834719176e-10,1,9092,sum,tau2,0
690365,7.524754834719176e-10,1,9093,sum,tau2,0
353601,7.524754834719176e-10,1,9094,sum,tau2,0
803964,7.524754834719176e-10,1,9095,sum,tau2,0
83001,7.524754834719176e-10,1,9096,sum,tau2,0
293866,7.524754834719176e-10,1,9097,sum,tau2,0
533675,7.524754834719176e-10,1,9098,sum,tau2,0
533859,7.524754834719176e-10,1,9099,sum,tau2,0
68136,7.524754834719176e-10,1,9100,sum,tau2,0
93982,7.524754834719176e-10,1,9101,sum,tau2,0
660237,7.524754834719176e-10,1,9102,sum,tau2,0
294487,7.524754834719176e-10,1,9103,sum,tau2,0
253829,7.524754834719176e-10,1,9104,sum,tau2,0
775188,7.524754834719176e-10,1,9105,sum,tau2,0
872799,7.524754834719176e-10,1,9106,sum,tau2,0
856615,7.524754834719176e-10,1,9107,sum,tau2,0
395394,7.524754834719176e-10,1,9108,sum,tau2,0
732370,7.524754834719176e-10,1,9109,sum,tau2,0
268283,7.524754834719176e-10,1,9110,sum,tau2,0
957711,7.524754834719176e-10,1,9111,sum,tau2,0
462790,7.524754834719176e-10,1,9112,sum,tau2,0
440749,7.524754834719176e-10,1,9113,sum,tau2,0
422011,7.524754834719176e-10,1,9114,sum,tau2,0
111900,7.524754834719176e-10,1,9115,sum,tau2,0
830138,7.524754834719176e-10,1,9116,sum,tau2,0
510428,7.524754834719176e-10,1,9117,sum,tau2,0
586690,7.524754834719176e-10,1,9118,sum,tau2,0
253624,7.524754834719176e-10,1,9119,sum,tau2,0
485291,7.524754834719176e-10,1,9120,sum,tau2,0
689377,7.524754834719176e-10,1,9121,sum,tau2,0
546448,7.524754834719176e-10,1,9122,sum,tau2,0
968419,7.524754834719176e-10,1,9123,sum,tau2,0
138139,7.524754834719176e-10,1,9124,sum,tau2,0
840865,7.524754834719176e-10,1,9125,sum,tau2,0
503006,7.524754834719176e-10,1,9126,sum,tau2,0
814782,7.524754834719176e-10,1,9127,sum,tau2,0
648534,7.524754834719176e-10,1,9128,sum,tau2,0
455382,7.524754834719176e-10,1,9129,sum,tau2,0
609392,7.524754834719176e-10,1,9130,sum,tau2,0
376840,7.524754834719176e-10,1,9131,sum,tau2,0
679635,7.289852494782332e-10,2,9132,sum,tau2,0
625629,7.219309510540693e-10,1,9133,sum,tau2,0
584986,7.219309510540693e-10,1,9134,sum,tau2,0
354759,7.219309510540693e-10,1,9135,sum,tau2,0
388419,7.219309510540693e-10,1,9136,sum,tau2,0
871810,7.219309510540693e-10,1,9137,sum,tau2,0
383665,7.219309510540693e-10,1,9138,sum,tau2,0
744722,7.219309510540693e-10,1,9139,sum,tau2,0
899888,7.219309510540693e-10,1,9140,sum,tau2,0
114346,7.219309510540693e-10,1,9141,sum,tau2,0
833034,7.219309510540693e-10,1,9142,sum,tau2,0
302000,7.219309510540693e-10,1,9143,sum,tau2,0
263978,7.219309510540693e-10,1,9144,sum,tau2,0
644770,7.219309510540693e-10,1,9145,sum,tau2,0
535989,7.219309510540693e-10,1,9146,sum,tau2,0
450008,7.219309510540693e-10,1,9147,sum,tau2,0
285713,7.219309510540693e-10,1,9148,sum,tau2,0
906871,7.219309510540693e-10,1,9149,sum,tau2,0
239884,7.219309510540693e-10,1,9150,sum,tau2,0
298842,7.219309510540693e-10,1,9151,sum,tau2,0
661679,7.219309510540693e-10,1,9152,sum,tau2,0
424600,7.219309510540693e-10,1,9153,sum,tau2,0
287322,7.219309510540693e-10,1,9154,sum,tau2,0
171034,7.219309510540693e-10,1,9155,sum,tau2,0
903387,7.219309510540693e-10,1,9156,sum,tau2,0
510323,7.219309510540693e-10,1,9157,sum,tau2,0
674166,7.219309510540693e-10,1,9158,sum,tau2,0
265979,7.219309510540693e-10,1,9159,sum,tau2,0
88814,7.219309510540693e-10,1,9160,sum,tau2,0
530613,7.219309510540693e-10,1,9161,sum,tau2,0
55084,7.219309510540693e-10,1,9162,sum,tau2,0
580861,7.219309510540693e-10,1,9163,sum,tau2,0
867878,7.154456026506485e-10,1,9164,sum,tau2,0
610788,7.154456026506485e-10,1,9165,sum,tau2,0
819071,7.154456026506485e-10,1,9166,sum,tau2,0
637092,7.154456026506485e-10,1,9167,sum,tau2,0
27036,7.154456026506485e-10,1,9168,sum,tau2,0
259444,7.154456026506485e-10,1,9169,sum,tau2,0
64421,7.154456026506485e-10,1,9170,sum,tau2,0
98348,7.154456026506485e-10,1,9171,sum,tau2,0
116670,7.154456026506485e-10,1,9172,sum,tau2,0
363926,7.154456026506485e-10,1,9173,sum,tau2,0
344174,7.154456026506485e-10,1,9174,sum,tau2,0
207308,7.154456026506485e-10,1,9175,sum,tau2,0
87665,7.154456026506485e-10,1,9176,sum,tau2,0
415348,7.154456026506485e-10,1,9177,sum,tau2,0
22298,7.154456026506485e-10,1,9178,sum,tau2,0
604978,7.154456026506485e-10,1,9179,sum,tau2,0
463845,7.049870393068357e-10,1,9180,sum,tau2,0
25784,7.049870393068357e-10,1,9181,sum,tau2,0
11757,7.049870393068357e-10,1,9182,sum,tau2,0
844911,7.049870393068357e-10,1,9183,sum,tau2,0
592934,7.049870393068357e-10,1,9184,sum,tau2,0
100068,7.006292347380619e-10,1,9185,sum,tau2,0
272133,7.006292347380619e-10,1,9186,sum,tau2,0
24710,6.892817132699488e-10,1,9187,sum,tau2,0
855736,6.892817132699488e-10,1,9188,sum,tau2,0
772595,6.892817132699488e-10,1,9189,sum,tau2,0
147456,6.892817132699488e-10,1,9190,sum,tau2,0
625037,6.79607792205797e-10,1,9191,sum,tau2,0
391475,6.79607792205797e-10,1,9192,sum,tau2,0
816237,6.79607792205797e-10,1,9193,sum,tau2,0
297974,6.685710563453238e-10,1,9194,sum,tau2,0
272421,6.550035394336397e-10,1,9195,sum,tau2,0
553461,6.550035394336397e-10,1,9196,sum,tau2,0
768434,6.550035394336397e-10,1,9197,sum,tau2,0
220659,6.550035394336397e-10,1,9198,sum,tau2,0
769714,6.307243168586381e-10,1,9199,sum,tau2,0
370886,6.307243168586381e-10,1,9200,sum,tau2,0
702890,6.307243168586381e-10,1,9201,sum,tau2,0
48666,6.307243168586381e-10,1,9202,sum,tau2,0
900687,6.307243168586381e-10,1,9203,sum,tau2,0
814695,6.307243168586381e-10,1,9204,sum,tau2,0
85141,6.307243168586381e-10,1,9205,sum,tau2,0
377531,6.307243168586381e-10,1,9206,sum,tau2,0
43129,6.307243168586381e-10,1,9207,sum,tau2,0
141900,6.307243168586381e-10,1,9208,sum,tau2,0
58602,6.307243168586381e-10,1,9209,sum,tau2,0
985684,6.307243168586381e-10,1,9210,sum,tau2,0
270088,6.307243168586381e-10,1,9211,sum,tau2,0
459302,6.307243168586381e-10,1,9212,sum,tau2,0
251503,6.307243168586381e-10,1,9213,sum,tau2,0
476731,6.307243168586381e-10,1,9214,sum,tau2,0
747482,6.307243168586381e-10,1,9215,sum,tau2,0
915965,6.307243168586381e-10,1,9216,sum,tau2,0
76916,6.307243168586381e-10,1,9217,sum,tau2,0
525962,6.307243168586381e-10,1,9218,sum,tau2,0
531352,6.307243168586381e-10,1,9219,sum,tau2,0
326097,6.307243168586381e-10,1,9220,sum,tau2,0
975419,6.307243168586381e-10,1,9221,sum,tau2,0
820886,6.307243168586381e-10,1,9222,sum,tau2,0
258186,6.307243168586381e-10,1,9223,sum,tau2,0
263994,6.307243168586381e-10,1,9224,sum,tau2,0
281555,6.307243168586381e-10,1,9225,sum,tau2,0
350789,6.307243168586381e-10,1,9226,sum,tau2,0
804417,6.307243168586381e-10,1,9227,sum,tau2,0
702160,6.307243168586381e-10,1,9228,sum,tau2,0
286204,6.307243168586381e-10,1,9229,sum,tau2,0
60774,6.307243168586381e-10,1,9230,sum,tau2,0
420223,6.307243168586381e-10,1,9231,sum,tau2,0
948694,6.307243168586381e-10,1,9232,sum,tau2,0
44469,6.307243168586381e-10,1,9233,sum,tau2,0
634676,6.307243168586381e-10,1,9234,sum,tau2,0
13825,6.307243168586381e-10,1,9235,sum,tau2,0
355777,6.307243168586381e-10,1,9236,sum,tau2,0
65386,6.307243168586381e-10,1,9237,sum,tau2,0
767947,6.307243168586381e-10,1,9238,sum,tau2,0
396754,6.307243168586381e-10,1,9239,sum,tau2,0
157373,6.307243168586381e-10,1,9240,sum,tau2,0
156734,6.307243168586381e-10,1,9241,sum,tau2,0
655676,6.307243168586381e-10,1,9242,sum,tau2,0
139305,6.307243168586381e-10,1,9243,sum,tau2,0
274732,6.307243168586381e-10,1,9244,sum,tau2,0
297983,6.307243168586381e-10,1,9245,sum,tau2,0
439369,6.307243168586381e-10,1,9246,sum,tau2,0
884597,6.307243168586381e-10,1,9247,sum,tau2,0
717456,6.307243168586381e-10,1,9248,sum,tau2,0
973979,6.307243168586381e-10,1,9249,sum,tau2,0
130659,6.307243168586381e-10,1,9250,sum,tau2,0
163179,6.307243168586381e-10,1,9251,sum,tau2,0
589356,6.307243168586381e-10,1,9252,sum,tau2,0
898698,6.307243168586381e-10,1,9253,sum,tau2,0
721954,6.307243168586381e-10,1,9254,sum,tau2,0
838825,6.307243168586381e-10,1,9255,sum,tau2,0
81219,6.307243168586381e-10,1,9256,sum,tau2,0
904538,6.307243168586381e-10,1,9257,sum,tau2,0
219195,6.307243168586381e-10,1,9258,sum,tau2,0
754488,6.307243168586381e-10,1,9259,sum,tau2,0
838274,6.307243168586381e-10,1,9260,sum,tau2,0
904259,6.307243168586381e-10,1,9261,sum,tau2,0
795550,6.307243168586381e-10,1,9262,sum,tau2,0
483703,6.307243168586381e-10,1,9263,sum,tau2,0
271785,6.307243168586381e-10,1,9264,sum,tau2,0
482741,6.307243168586381e-10,1,9265,sum,tau2,0
200173,6.307243168586381e-10,1,9266,sum,tau2,0
911214,6.307243168586381e-10,1,9267,sum,tau2,0
909157,6.307243168586381e-10,1,9268,sum,tau2,0
204391,6.307243168586381e-10,1,9269,sum,tau2,0
677949,6.307243168586381e-10,1,9270,sum,tau2,0
915010,6.307243168586381e-10,1,9271,sum,tau2,0
920510,6.307243168586381e-10,1,9272,sum,tau2,0
258273,6.307243168586381e-10,1,9273,sum,tau2,0
572176,6.307243168586381e-10,1,9274,sum,tau2,0
446557,6.307243168586381e-10,1,9275,sum,tau2,0
985847,6.307243168586381e-10,1,9276,sum,tau2,0
899697,6.307243168586381e-10,1,9277,sum,tau2,0
747474,6.307243168586381e-10,1,9278,sum,tau2,0
35065,6.307243168586381e-10,1,9279,sum,tau2,0
864408,6.307243168586381e-10,1,9280,sum,tau2,0
237401,6.307243168586381e-10,1,9281,sum,tau2,0
704674,6.307243168586381e-10,1,9282,sum,tau2,0
686605,6.307243168586381e-10,1,9283,sum,tau2,0
478096,6.307243168586381e-10,1,9284,sum,tau2,0
767058,6.307243168586381e-10,1,9285,sum,tau2,0
104785,6.307243168586381e-10,1,9286,sum,tau2,0
96795,6.307243168586381e-10,1,9287,sum,tau2,0
673108,6.307243168586381e-10,1,9288,sum,tau2,0
697508,6.307243168586381e-10,1,9289,sum,tau2,0
787714,6.307243168586381e-10,1,9290,sum,tau2,0
492910,6.307243168586381e-10,1,9291,sum,tau2,0
282503,6.307243168586381e-10,1,9292,sum,tau2,0
315642,6.307243168586381e-10,1,9293,sum,tau2,0
329156,6.307243168586381e-10,1,9294,sum,tau2,0
298945,6.307243168586381e-10,1,9295,sum,tau2,0
903378,6.307243168586381e-10,1,9296,sum,tau2,0
619223,6.307243168586381e-10,1,9297,sum,tau2,0
312894,6.307243168586381e-10,1,9298,sum,tau2,0
79332,6.295666868614197e-10,1,9299,sum,tau2,0
687768,6.295666868614197e-10,1,9300,sum,tau2,0
39860,6.295666868614197e-10,1,9301,sum,tau2,0
221821,6.295666868614197e-10,1,9302,sum,tau2,0
373518,6.295666868614197e-10,1,9303,sum,tau2,0
897564,6.295666868614197e-10,1,9304,sum,tau2,0
392960,6.13636460806752e-10,1,9305,sum,tau2,0
952976,6.13636460806752e-10,1,9306,sum,tau2,0
384846,5.765644085461401e-10,1,9307,sum,tau2,0
548040,5.714326317634219e-10,1,9308,sum,tau2,0
687241,5.714326317634219e-10,1,9309,sum,tau2,0
409524,5.714326317634219e-10,1,9310,sum,tau2,0
514629,5.714326317634219e-10,1,9311,sum,tau2,0
339165,5.714326317634219e-10,1,9312,sum,tau2,0
442582,5.591487301165383e-10,2,9313,sum,tau2,0
727276,5.462277535177781e-10,1,9314,sum,tau2,0
237186,5.462277535177781e-10,1,9315,sum,tau2,0
494320,5.462277535177781e-10,1,9316,sum,tau2,0
920620,5.462277535177781e-10,1,9317,sum,tau2,0
961292,5.462277535177781e-10,1,9318,sum,tau2,0
900772,5.462277535177781e-10,1,9319,sum,tau2,0
232718,5.462277535177781e-10,1,9320,sum,tau2,0
29366,5.462277535177781e-10,1,9321,sum,tau2,0
747391,5.462277535177781e-10,1,9322,sum,tau2,0
906709,5.462277535177781e-10,1,9323,sum,tau2,0
377875,5.462277535177781e-10,1,9324,sum,tau2,0
238524,5.194014230696827e-10,1,9325,sum,tau2,0
742867,5.067253526468704e-10,1,9326,sum,tau2,0
526250,5.067253526468704e-10,1,9327,sum,tau2,0
286073,5.067253526468704e-10,1,9328,sum,tau2,0
588998,5.067253526468704e-10,1,9329,sum,tau2,0
301271,5.067253526468704e-10,1,9330,sum,tau2,0
389740,5.067253526468704e-10,1,9331,sum,tau2,0
822832,5.067253526468704e-10,1,9332,sum,tau2,0
275616,5.067253526468704e-10,1,9333,sum,tau2,0
683993,4.920770690301191e-10,1,9334,sum,tau2,0
934763,4.706597668455694e-10,1,9335,sum,tau2,0
605711,4.461629729322046e-10,1,9336,sum,tau2,0
582514,4.461629729322046e-10,1,9337,sum,tau2,0
329160,4.3848027080584637e-10,1,9338,sum,tau2,0
154769,4.274085291271746e-10,1,9339,sum,tau2,0
430441,4.274085291271746e-10,1,9340,sum,tau2,0
677755,4.2489804886202804e-10,1,9341,sum,tau2,0
912482,4.0214147883772407e-10,1,9342,sum,tau2,0
598295,3.954513264398543e-10,1,9343,sum,tau2,0
518473,3.9355045022559773e-10,1,9344,sum,tau2,0
738077,3.9355045022559773e-10,1,9345,sum,tau2,0
793995,3.9355045022559773e-10,1,9346,sum,tau2,0
640124,3.9355045022559773e-10,1,9347,sum,tau2,0
517294,3.9355045022559773e-10,1,9348,sum,tau2,0
179299,3.9355045022559773e-10,1,9349,sum,tau2,0
990337,3.9355045022559773e-10,1,9350,sum,tau2,0
387166,3.927675285340926e-10,1,9351,sum,tau2,0
523122,3.927675285340926e-10,1,9352,sum,tau2,0
255220,3.927675285340926e-10,1,9353,sum,tau2,0
635928,3.8428296917009014e-10,1,9354,sum,tau2,0
110892,3.71770918284022e-10,1,9355,sum,tau2,0
949232,3.71770918284022e-10,1,9356,sum,tau2,0
182297,3.587993068487702e-10,1,9357,sum,tau2,0
907726,3.411634798652314e-10,2,9358,sum,tau2,0
733534,3.3018724988986656e-10,1,9359,sum,tau2,0
840864,3.1859727895194257e-10,1,9360,sum,tau2,0
577093,3.1859727895194257e-10,1,9361,sum,tau2,0
758646,3.1859727895194257e-10,1,9362,sum,tau2,0
26949,3.1859727895194257e-10,1,9363,sum,tau2,0
514626,3.1859727895194257e-10,1,9364,sum,tau2,0
706720,3.1859727895194257e-10,1,9365,sum,tau2,0
655882,3.051958779884967e-10,1,9366,sum,tau2,0
676636,3.051958779884967e-10,1,9367,sum,tau2,0
637291,3.051958779884967e-10,1,9368,sum,tau2,0
887343,2.881119291282287e-10,1,9369,sum,tau2,0
805130,2.8511232285002196e-10,2,9370,sum,tau2,0
521317,2.7957436505826914e-10,1,9371,sum,tau2,0
738340,2.7957436505826914e-10,1,9372,sum,tau2,0
202926,2.7957436505826914e-10,1,9373,sum,tau2,0
961713,2.7957436505826914e-10,1,9374,sum,tau2,0
962342,2.7957436505826914e-10,1,9375,sum,tau2,0
698862,2.7957436505826914e-10,1,9376,sum,tau2,0
635838,2.7957436505826914e-10,1,9377,sum,tau2,0
790366,2.7957436505826914e-10,1,9378,sum,tau2,0
669448,2.7957436505826914e-10,1,9379,sum,tau2,0
731924,2.7957436505826914e-10,1,9380,sum,tau2,0
609021,2.7957436505826914e-10,1,9381,sum,tau2,0
535815,2.7957436505826914e-10,1,9382,sum,tau2,0
667213,2.7957436505826914e-10,1,9383,sum,tau2,0
229231,2.7957436505826914e-10,1,9384,sum,tau2,0
234032,2.7957436505826914e-10,1,9385,sum,tau2,0
445559,2.7957436505826914e-10,1,9386,sum,tau2,0
960836,2.712727292525763e-10,1,9387,sum,tau2,0
615737,2.63790260429074e-10,1,9388,sum,tau2,0
404684,2.63790260429074e-10,1,9389,sum,tau2,0
44016,2.63790260429074e-10,1,9390,sum,tau2,0
566242,2.63790260429074e-10,1,9391,sum,tau2,0
284567,2.63790260429074e-10,1,9392,sum,tau2,0
940376,2.63790260429074e-10,1,9393,sum,tau2,0
607035,2.63790260429074e-10,1,9394,sum,tau2,0
178525,2.63790260429074e-10,1,9395,sum,tau2,0
303490,2.63790260429074e-10,1,9396,sum,tau2,0
710333,2.63790260429074e-10,1,9397,sum,tau2,0
440275,2.5957052972019013e-10,1,9398,sum,tau2,0
214013,2.5220042692358613e-10,3,9399,sum,tau2,0
481276,2.5152445305429767e-10,1,9400,sum,tau2,0
903386,2.4457171415541236e-10,1,9401,sum,tau2,0
453691,2.4457171415541236e-10,1,9402,sum,tau2,0
765979,2.2596261630808192e-10,1,9403,sum,tau2,0
371703,2.2596261630808192e-10,1,9404,sum,tau2,0
115356,2.2596261630808192e-10,1,9405,sum,tau2,0
732409,2.2596261630808192e-10,1,9406,sum,tau2,0
928752,2.1914449419148696e-10,1,9407,sum,tau2,0
145385,2.1021844070721014e-10,1,9408,sum,tau2,0
602140,2.1021844070721014e-10,1,9409,sum,tau2,0
855550,2.1021844070721014e-10,1,9410,sum,tau2,0
649440,2.0949345234204817e-10,1,9411,sum,tau2,0
158545,2.0949345234204817e-10,1,9412,sum,tau2,0
137853,2.0949345234204817e-10,1,9413,sum,tau2,0
700040,1.524208409320931e-10,1,9414,sum,tau2,0
611526,1.5006166883482087e-10,1,9415,sum,tau2,0
555641,1.5006166883482087e-10,1,9416,sum,tau2,0
491390,1.4300106570588963e-10,1,9417,sum,tau2,0
895480,1.2821242270812007e-10,1,9418,sum,tau2,0
436062,1.2821242270812007e-10,1,9419,sum,tau2,0
716012,1.2821242270812007e-10,1,9420,sum,tau2,0
409334,1.2821242270812007e-10,1,9421,sum,tau2,0
547654,1.2821242270812007e-10,1,9422,sum,tau2,0
905332,1.2821242270812007e-10,1,9423,sum,tau2,0
485578,1.2821242270812007e-10,1,9424,sum,tau2,0
258099,1.2821242270812007e-10,1,9425,sum,tau2,0
397281,1.2821242270812007e-10,1,9426,sum,tau2,0
583460,1.2821242270812007e-10,1,9427,sum,tau2,0
998363,1.2821242270812007e-10,1,9428,sum,tau2,0
676145,1.2821242270812007e-10,1,9429,sum,tau2,0
593664,1.2821242270812007e-10,1,9430,sum,tau2,0
81688,9.80669901106897e-11,1,9431,sum,tau2,0
486220,8.214204706665262e-11,1,9432,sum,tau2,0
509162,8.110859907574323e-11,1,9433,sum,tau2,0
455369,8.110859907574323e-11,1,9434,sum,tau2,0
195568,8.110859907574323e-11,1,9435,sum,tau2,0
753716,8.110859907574323e-11,1,9436,sum,tau2,0
750877,6.843004545531212e-11,2,9437,sum,tau2,0
79236,6.795273802658022e-11,1,9438,sum,tau2,0
86304,6.646311516383791e-11,1,9439,sum,tau2,0
695347,4.575194880760743e-11,1,9440,sum,tau2,0
353565,4.575194880760743e-11,1,9441,sum,tau2,0
268894,4.575194880760743e-11,1,9442,sum,tau2,0
659168,4.575194880760743e-11,1,9443,sum,tau2,0
188468,4.575194880760743e-11,1,9444,sum,tau2,0
182010,3.4879685156335784e-11,1,9445,sum,tau2,0
484691,3.4879685156335784e-11,1,9446,sum,tau2,0
801645,3.4879685156335784e-11,1,9447,sum,tau2,0
707795,3.4879685156335784e-11,1,9448,sum,tau2,0
297784,3.4879685156335784e-11,1,9449,sum,tau2,0
251214,3.317724865171259e-11,1,9450,sum,tau2,0
64953,3.317724865171259e-11,1,9451,sum,tau2,0
350787,3.2646890347912004e-11,1,9452,sum,tau2,0
983794,3.2646890347912004e-11,1,9453,sum,tau2,0
548345,2.4512676732284044e-11,1,9454,sum,tau2,0
327548,2.4512676732284044e-11,1,9455,sum,tau2,0
167643,2.4512676732284044e-11,1,9456,sum,tau2,0
138141,2.4512676732284044e-11,1,9457,sum,tau2,0
556735,2.4512676732284044e-11,1,9458,sum,tau2,0
632866,2.4512676732284044e-11,1,9459,sum,tau2,0
871636,2.4512676732284044e-11,1,9460,sum,tau2,0
487350,2.4512676732284044e-11,1,9461,sum,tau2,0
508838,2.4512676732284044e-11,1,9462,sum,tau2,0
825760,2.4512676732284044e-11,1,9463,sum,tau2,0
855747,1.7075017827645672e-11,1,9464,sum,tau2,0
97924,1.185361762164841e-11,1,9465,sum,tau2,0
912052,1.185361762164841e-11,1,9466,sum,tau2,0
601067,1.185361762164841e-11,1,9467,sum,tau2,0
778422,9.521551597846709e-12,1,9468,sum,tau2,0
160706,7.884957052802964e-12,1,9469,sum,tau2,0
722627,6.937780333005188e-12,1,9470,sum,tau2,0
989604,6.937780333005188e-12,1,9471,sum,tau2,0
832506,5.537957791752803e-12,1,9472,sum,tau2,0
958962,5.537957791752803e-12,1,9473,sum,tau2,0
114898,5.537957791752803e-12,1,9474,sum,tau2,0
561128,4.141484838504852e-12,1,9475,sum,tau2,0
318265,4.141484838504852e-12,1,9476,sum,tau2,0
212222,4.141484838504852e-12,1,9477,sum,tau2,0
272260,4.141484838504852e-12,1,9478,sum,tau2,0
313960,4.141484838504852e-12,1,9479,sum,tau2,0
656846,4.141484838504852e-12,1,9480,sum,tau2,0
845287,4.141484838504852e-12,1,9481,sum,tau2,0
719626,1.9192656804986978e-12,1,9482,sum,tau2,0
265673,1.9192656804986978e-12,1,9483,sum,tau2,0
676596,5.317172180153472e-13,1,9484,sum,tau2,0
