user_id,item_id,e_n_exp,e_n_clk,e_n_cnv,e_last_ts,e_ctr,y_convert,u_n_events,u_n_exp,u_n_clk,u_n_cnv,u_n_uniq_items,u_ctr,u_cvr,u_ctcvr,u_has_convert,u_span_sec,u_log1p_n_events,u_log1p_n_uniq_items,u_log1p_n_exp,u_log1p_n_clk,u_log1p_n_cnv,u_user_activity_rank,u_user_ctcvr_rank,i_n_exp,i_n_clk,i_n_cnv,i_n_users,i_ctr,i_cvr,i_ctcvr,i_n_as_convert_terminal,i_credit_first,i_credit_last,i_credit_linear,i_share_first,i_share_last,i_share_linear,i_n_covisit_neighbors,i_log1p_n_exp,i_log1p_n_clk,i_log1p_n_cnv,i_log1p_n_users,i_log1p_n_covisit_neighbors,i_log1p_credit_linear,i_item_pop_rank,i_item_credit_rank,i_item_cnv_rank,e_log1p_exp,e_log1p_clk,ui_pop_mismatch
9966000,129131,0,0,1,1745280724,0.0,1,100,66,11,23,100,0.16666666666666666,2.090909090909091,0.3484848484848485,1,6588058,4.61512051684126,4.61512051684126,4.204692619390966,2.4849066497880004,3.1780538303479458,1387.5,17.0,0,0,1,1,0.0,0.0,0.0,0,0.0,0.0,0.010309278350515464,0.0,0.0,6.075001974375641e-06,16,0.0,0.0,0.6931471805599453,0.6931471805599453,2.833213344056216,0.010256500167189098,115790.0,71056.5,3561.0,0.0,0.0,-3.9219733362813143
1334000,850665,0,0,1,1748150405,0.0,1,100,98,1,1,100,0.01020408163265306,1.0,0.01020408163265306,1,7690475,4.61512051684126,4.61512051684126,4.59511985013459,0.6931471805599453,0.6931471805599453,1387.5,1497.0,5,1,1,7,0.2,1.0,0.2,1,0.0,1.0,0.011904761904761904,0.0,0.0005892751915144372,7.0151808513623474e-06,109,1.791759469228055,0.6931471805599453,0.6931471805599453,2.0794415416798357,4.700480365792417,0.011834457647002838,2788.0,56950.0,3561.0,0.0,0.0,-2.535678975161424
3376000,15787948,0,0,1,1745928557,0.0,1,100,62,12,26,96,0.1935483870967742,2.1666666666666665,0.41935483870967744,1,4647148,4.61512051684126,4.574710978503383,4.143134726391533,2.5649493574615367,3.295836866004329,1387.5,11.0,0,0,1,1,0.0,0.0,0.0,0,0.0,0.0,0.010752688172043012,0.0,0.0,6.3362923818756694e-06,16,0.0,0.0,0.6931471805599453,0.6931471805599453,2.833213344056216,0.01069528911674796,115790.0,67219.5,3561.0,0.0,0.0,-3.8815637979434374
9298000,2978595,0,0,1,1739666738,0.0,1,100,77,8,15,100,0.1038961038961039,1.875,0.19480519480519481,1,8999173,4.61512051684126,4.61512051684126,4.356708826689592,2.1972245773362196,2.772588722239781,1387.5,64.5,0,0,1,1,0.0,0.0,0.0,0,0.0,0.0,0.02127659574468085,0.0,0.0,1.2537770032222069e-05,11,0.0,0.0,0.6931471805599453,0.6931471805599453,2.4849066497880004,0.021053409197832343,115790.0,22267.5,3561.0,0.0,0.0,-3.9219733362813143
3830000,244630,0,0,1,1745491003,0.0,1,100,76,18,6,100,0.23684210526315788,0.3333333333333333,0.07894736842105263,1,3859457,4.61512051684126,4.61512051684126,4.343805421853684,2.9444389791664403,1.9459101490553132,1387.5,294.0,0,0,1,1,0.0,0.0,0.0,0,0.0,0.0,0.012048192771084338,0.0,0.0,7.099701102583582e-06,16,0.0,0.0,0.6931471805599453,0.6931471805599453,2.833213344056216,0.011976191046715693,115790.0,55873.0,3561.0,0.0,0.0,-3.9219733362813143
3642000,7868240,0,0,1,1747817619,0.0,1,100,97,2,1,100,0.020618556701030927,0.5,0.010309278350515464,1,5273134,4.61512051684126,4.61512051684126,4.584967478670572,1.0986122886681098,0.6931471805599453,1387.5,1403.0,0,0,1,1,0.0,0.0,0.0,1,0.0,1.0,0.011494252873563218,0.0,0.0005892751915144372,6.773278063384336e-06,16,0.0,0.0,0.6931471805599453,0.6931471805599453,2.833213344056216,0.011428695823622754,115790.0,59728.5,3561.0,0.0,0.0,-3.9219733362813143
9674000,10064956,0,0,1,1736137160,0.0,1,100,73,9,18,100,0.1232876712328767,2.0,0.2465753424657534,1,15376371,4.61512051684126,4.61512051684126,4.30406509320417,2.302585092994046,2.9444389791664403,1387.5,39.0,0,0,1,1,0.0,0.0,0.0,0,0.0,0.0,0.012048192771084338,0.0,0.0,7.099701102583582e-06,16,0.0,0.0,0.6931471805599453,0.6931471805599453,2.833213344056216,0.011976191046715693,115790.0,55873.0,3561.0,0.0,0.0,-3.9219733362813143
2812000,7690041,0,0,1,1741084256,0.0,1,100,84,5,11,100,0.05952380952380952,2.2,0.13095238095238096,1,8641084,4.61512051684126,4.61512051684126,4.442651256490317,1.791759469228055,2.4849066497880004,1387.5,133.0,0,0,1,1,0.0,0.0,0.0,0,0.0,0.0,0.013157894736842105,0.0,0.0,7.753620940979438e-06,16,0.0,0.0,0.6931471805599453,0.6931471805599453,2.833213344056216,0.01307208156735277,115790.0,47497.5,3561.0,0.0,0.0,-3.9219733362813143
8822000,1363667,0,0,1,1746753936,0.0,1,100,87,8,5,100,0.09195402298850575,0.625,0.05747126436781609,1,4247359,4.61512051684126,4.61512051684126,4.477336814478207,2.1972245773362196,1.791759469228055,1387.5,429.5,1,0,2,3,0.0,0.0,2.0,1,0.0,1.0,0.06153846153846154,0.0,0.0005892751915144372,3.626308870858075e-05,48,0.6931471805599453,0.0,1.0986122886681098,1.3862943611198906,3.8918202981106265,0.05971923470162228,12635.5,3254.0,171.5,0.0,0.0,-3.228826155721369
9910000,6557496,0,0,1,1747344944,0.0,1,100,81,6,13,99,0.07407407407407407,2.1666666666666665,0.16049382716049382,1,2074567,4.61512051684126,4.605170185988092,4.406719247264253,1.9459101490553132,2.6390573296152584,1387.5,98.5,0,0,1,1,0.0,0.0,0.0,1,0.0,1.0,0.022222222222222223,0.0,0.0005892751915144372,1.3095004255876383e-05,16,0.0,0.0,0.6931471805599453,0.6931471805599453,2.833213344056216,0.021978906718775244,115790.0,20648.5,3561.0,0.0,0.0,-3.9120230054281464
5092000,3657473,0,0,1,1747240801,0.0,1,100,75,6,19,100,0.08,3.1666666666666665,0.25333333333333335,1,11956440,4.61512051684126,4.61512051684126,4.330733340286331,1.9459101490553132,2.995732273553991,1387.5,36.0,0,0,1,1,0.0,0.0,0.0,0,0.0,0.0,0.011111111111111112,0.0,0.0,6.547502127938192e-06,16,0.0,0.0,0.6931471805599453,0.6931471805599453,2.833213344056216,0.011049836186584975,115790.0,64646.5,3561.0,0.0,0.0,-3.9219733362813143
5880000,12177592,0,0,1,1748156838,0.0,1,100,97,1,2,100,0.010309278350515464,2.0,0.020618556701030927,1,4619334,4.61512051684126,4.61512051684126,4.584967478670572,0.6931471805599453,1.0986122886681098,1387.5,1108.0,0,0,1,1,0.0,0.0,0.0,1,0.0,1.0,0.02702702702702703,0.0,0.0005892751915144372,1.5926356527417225e-05,16,0.0,0.0,0.6931471805599453,0.6931471805599453,2.833213344056216,0.026668247082161325,115790.0,14814.5,3561.0,0.0,0.0,-3.9219733362813143
2454000,6737402,0,0,1,1746104561,0.0,1,100,91,1,8,100,0.01098901098901099,8.0,0.08791208791208792,1,7532446,4.61512051684126,4.61512051684126,4.5217885770490405,0.6931471805599453,2.1972245773362196,1387.5,256.0,0,0,1,1,0.0,0.0,0.0,0,0.0,0.0,0.011494252873563218,0.0,0.0,6.773278063384336e-06,16,0.0,0.0,0.6931471805599453,0.6931471805599453,2.833213344056216,0.011428695823622754,115790.0,59728.5,3561.0,0.0,0.0,-3.9219733362813143
9670000,144973,0,0,1,1744201488,0.0,1,100,80,5,15,100,0.0625,3.0,0.1875,1,4570982,4.61512051684126,4.61512051684126,4.394449154672439,1.791759469228055,2.772588722239781,1387.5,71.0,1,0,1,2,0.0,0.0,1.0,0,0.0,0.0,0.028061224489795915,0.0,0.0,1.6535783435354103e-05,26,0.6931471805599453,0.0,0.6931471805599453,1.0986122886681098,3.295836866004329,0.02767472215622044,26680.5,13566.0,3561.0,0.0,0.0,-3.5165082281731497
1214000,9963025,0,0,1,1747097658,0.0,1,100,94,3,3,100,0.031914893617021274,1.0,0.031914893617021274,1,3144976,4.61512051684126,4.61512051684126,4.553876891600541,1.3862943611198906,1.3862943611198906,1387.5,763.5,0,0,1,1,0.0,0.0,0.0,0,0.0,0.0,0.02631578947368421,0.0,0.0,1.5507241881958875e-05,16,0.0,0.0,0.6931471805599453,0.6931471805599453,2.833213344056216,0.025975486403260657,115790.0,15550.0,3561.0,0.0,0.0,-3.9219733362813143
5962000,6968439,0,0,1,1748066001,0.0,1,100,77,9,14,100,0.11688311688311688,1.5555555555555556,0.18181818181818182,1,15214219,4.61512051684126,4.61512051684126,4.356708826689592,2.302585092994046,2.70805020110221,1387.5,80.0,3,0,1,4,0.0,0.0,0.3333333333333333,0,0.0,0.0,0.03896424911074938,0.0,0.0,2.2960665356953084e-05,64,1.3862943611198906,0.0,0.6931471805599453,1.6094379124341003,4.174387269895637,0.03822430258452072,7577.5,7834.0,3561.0,0.0,0.0,-3.005682604407159
3120000,13013057,0,0,1,1748093646,0.0,1,100,86,2,12,95,0.023255813953488372,6.0,0.13953488372093023,1,1617897,4.61512051684126,4.564348191467836,4.465908118654584,1.0986122886681098,2.5649493574615367,1387.5,124.5,0,0,1,1,0.0,0.0,0.0,0,0.0,0.0,0.01282051282051282,0.0,0.0,7.55481014762099e-06,16,0.0,0.0,0.6931471805599453,0.6931471805599453,2.833213344056216,0.012739025777429757,115790.0,49831.0,3561.0,0.0,0.0,-3.8712010109078907
156000,8780244,0,0,1,1748143998,0.0,1,100,84,6,10,100,0.07142857142857142,1.6666666666666667,0.11904761904761904,1,3503009,4.61512051684126,4.61512051684126,4.442651256490317,1.9459101490553132,2.3978952727983707,1387.5,154.5,5,0,2,7,0.0,0.0,0.4,1,0.0,1.0,0.04098108046940083,0.0,0.0005892751915144372,2.4149134042074737e-05,112,1.791759469228055,0.0,1.0986122886681098,2.0794415416798357,4.727387818712341,0.04016361508669673,2788.0,7135.0,171.5,0.0,0.0,-2.535678975161424
462000,12323835,0,0,1,1745251929,0.0,1,100,88,7,5,100,0.07954545454545454,0.7142857142857143,0.056818181818181816,1,4463474,4.61512051684126,4.61512051684126,4.48863636973214,2.0794415416798357,1.791759469228055,1387.5,437.0,0,0,1,1,0.0,0.0,0.0,0,0.0,0.0,0.011494252873563218,0.0,0.0,6.773278063384336e-06,16,0.0,0.0,0.6931471805599453,0.6931471805599453,2.833213344056216,0.011428695823622754,115790.0,59728.5,3561.0,0.0,0.0,-3.9219733362813143
7002000,10709688,0,0,1,1746237481,0.0,1,100,95,1,4,100,0.010526315789473684,4.0,0.042105263157894736,1,2988073,4.61512051684126,4.61512051684126,4.564348191467836,0.6931471805599453,1.6094379124341003,1387.5,641.5,1,0,1,2,0.0,0.0,1.0,0,0.0,0.0,0.017857142857142856,0.0,0.0,1.0522771277043522e-05,32,0.6931471805599453,0.0,0.6931471805599453,1.0986122886681098,3.4965075614664802,0.017699577099400916,26680.5,28323.5,3561.0,0.0,0.0,-3.5165082281731497
5058000,6162693,0,0,1,1746255277,0.0,1,100,84,2,14,100,0.023809523809523808,7.0,0.16666666666666666,1,2830440,4.61512051684126,4.61512051684126,4.442651256490317,1.0986122886681098,2.70805020110221,1387.5,91.0,0,0,1,1,0.0,0.0,0.0,0,0.0,0.0,0.012345679012345678,0.0,0.0,7.275002364375768e-06,16,0.0,0.0,0.6931471805599453,0.6931471805599453,2.833213344056216,0.012270092591814347,115790.0,53239.5,3561.0,0.0,0.0,-3.9219733362813143
3790000,7746234,0,0,1,1748242966,0.0,1,100,80,14,6,100,0.175,0.42857142857142855,0.075,1,1816581,4.61512051684126,4.61512051684126,4.394449154672439,2.70805020110221,1.9459101490553132,1387.5,336.0,2,0,1,3,0.0,0.0,0.5,0,0.0,0.0,0.012195121951219513,0.0,0.0,7.186282823346796e-06,40,1.0986122886681098,0.0,0.6931471805599453,1.3862943611198906,3.713572066704308,0.01212136053234481,12635.5,54473.0,3561.0,0.0,0.0,-3.228826155721369
412000,244357,0,0,1,1747825182,0.0,1,100,47,21,32,99,0.44680851063829785,1.5238095238095237,0.6808510638297872,1,3615084,4.61512051684126,4.605170185988092,3.871201010907891,3.091042453358316,3.4965075614664802,1387.5,3.0,0,0,1,1,0.0,0.0,0.0,0,0.0,0.0,0.011235955056179775,0.0,0.0,6.621069567577946e-06,16,0.0,0.0,0.6931471805599453,0.6931471805599453,2.833213344056216,0.011173300598125229,115790.0,63278.5,3561.0,0.0,0.0,-3.9120230054281464
1214000,11499780,0,0,1,1747098547,0.0,1,100,94,3,3,100,0.031914893617021274,1.0,0.031914893617021274,1,3144976,4.61512051684126,4.61512051684126,4.553876891600541,1.3862943611198906,1.3862943611198906,1387.5,763.5,0,0,1,1,0.0,0.0,0.0,1,0.0,1.0,0.02631578947368421,0.0,0.0005892751915144372,1.5507241881958875e-05,16,0.0,0.0,0.6931471805599453,0.6931471805599453,2.833213344056216,0.025975486403260657,115790.0,15550.0,3561.0,0.0,0.0,-3.9219733362813143
9452000,10054136,0,0,1,1747550599,0.0,1,100,77,13,10,100,0.16883116883116883,0.7692307692307693,0.12987012987012986,1,2148352,4.61512051684126,4.61512051684126,4.356708826689592,2.6390573296152584,2.3978952727983707,1387.5,134.5,0,0,2,2,0.0,0.0,0.0,0,0.0,0.0,0.022214040255277366,0.0,0.0,1.3090182825737988e-05,30,0.0,0.0,1.0986122886681098,1.0986122886681098,3.4339872044851463,0.02197090258864405,26680.5,20985.0,171.5,0.0,0.0,-3.5165082281731497
8252000,7348816,0,0,1,1744347251,0.0,1,100,92,2,6,100,0.021739130434782608,3.0,0.06521739130434782,1,6415798,4.61512051684126,4.61512051684126,4.532599493153256,1.0986122886681098,1.9459101490553132,1387.5,382.0,0,0,1,1,0.0,0.0,0.0,0,0.0,0.0,0.034482758620689655,0.0,0.0,2.031983419015301e-05,16,0.0,0.0,0.6931471805599453,0.6931471805599453,2.833213344056216,0.033901551675681346,115790.0,9916.0,3561.0,0.0,0.0,-3.9219733362813143
7302000,9600125,0,0,1,1748156439,0.0,1,84,77,3,4,84,0.03896103896103896,1.3333333333333333,0.05194805194805195,1,1434639,4.442651256490317,4.442651256490317,4.356708826689592,1.3862943611198906,1.6094379124341003,2802.5,534.0,0,0,1,1,0.0,0.0,0.0,0,0.0,0.0,0.01694915254237288,0.0,0.0,9.98771511041419e-06,16,0.0,0.0,0.6931471805599453,0.6931471805599453,2.833213344056216,0.016807118316381233,115790.0,30682.0,3561.0,0.0,0.0,-3.7495040759303713
6780000,6000921,0,0,1,1740660862,0.0,1,100,90,5,5,100,0.05555555555555555,1.0,0.05555555555555555,1,8438700,4.61512051684126,4.61512051684126,4.51085950651685,1.791759469228055,1.791759469228055,1387.5,454.5,0,0,1,1,0.0,0.0,0.0,0,0.0,0.0,0.01098901098901099,0.0,0.0,6.4755515551037065e-06,9,0.0,0.0,0.6931471805599453,0.6931471805599453,2.302585092994046,0.01092907053219027,115790.0,65646.0,3561.0,0.0,0.0,-3.9219733362813143
9670000,9618949,0,0,1,1748567505,0.0,1,100,80,5,15,100,0.0625,3.0,0.1875,1,4570982,4.61512051684126,4.61512051684126,4.394449154672439,1.791759469228055,2.772588722239781,1387.5,71.0,0,0,1,1,0.0,0.0,0.0,1,0.0,1.0,0.01020408163265306,0.0,0.0005892751915144372,6.013012158310583e-06,10,0.0,0.0,0.6931471805599453,0.6931471805599453,2.3978952727983707,0.010152371464018007,115790.0,72117.5,3561.0,0.0,0.0,-3.9219733362813143
9656000,10780013,0,0,1,1747102787,0.0,1,100,90,5,5,100,0.05555555555555555,1.0,0.05555555555555555,1,2361880,4.61512051684126,4.61512051684126,4.51085950651685,1.791759469228055,1.791759469228055,1387.5,454.5,9,0,1,10,0.0,0.0,0.1111111111111111,0,0.0,0.0,0.08785316937490852,0.0,0.0,5.176969320854951e-05,143,2.302585092994046,0.0,0.6931471805599453,2.3978952727983707,4.969813299576001,0.0842061847079067,1420.5,1683.0,3561.0,0.0,0.0,-2.217225244042889
8100000,5967931,0,0,1,1745476377,0.0,1,100,89,4,7,100,0.0449438202247191,1.75,0.07865168539325842,1,3460432,4.61512051684126,4.61512051684126,4.499809670330265,1.6094379124341003,2.0794415416798357,1387.5,298.5,3,0,1,4,0.0,0.0,0.3333333333333333,0,0.0,0.0,0.060695116584306825,0.0,0.0,3.57661264492085e-05,64,1.3862943611198906,0.0,0.6931471805599453,1.6094379124341003,4.174387269895637,0.05892446356310033,7577.5,3307.0,3561.0,0.0,0.0,-3.005682604407159
9930000,14081590,0,0,1,1746452785,0.0,1,100,69,10,21,100,0.14492753623188406,2.1,0.30434782608695654,1,2487029,4.61512051684126,4.61512051684126,4.248495242049359,2.3978952727983707,3.091042453358316,1387.5,25.0,1,0,1,2,0.0,0.0,1.0,0,0.0,0.0,0.021874252928520202,0.0,0.0,1.2889954583688982e-05,32,0.6931471805599453,0.0,0.6931471805599453,1.0986122886681098,3.4965075614664802,0.021638444024089962,26680.5,21037.0,3561.0,0.0,0.0,-3.5165082281731497
572000,4944071,0,0,1,1745362302,0.0,1,100,94,4,2,100,0.0425531914893617,0.5,0.02127659574468085,1,3656955,4.61512051684126,4.61512051684126,4.553876891600541,1.6094379124341003,1.0986122886681098,1387.5,996.5,39,3,1,43,0.07692307692307693,0.3333333333333333,0.02564102564102564,0,0.0,0.0,0.19083478967348222,0.0,0.0,0.00011245420723245859,661,3.6888794541139363,1.3862943611198906,0.6931471805599453,3.784189633918261,6.495265555937008,0.17465456511186533,46.0,305.0,3561.0,0.0,0.0,-0.8309308829229987
3976000,2304350,0,0,1,1740923656,0.0,1,100,93,0,7,100,0.0,0.0,0.07526881720430108,1,15550508,4.61512051684126,4.61512051684126,4.543294782270004,0.0,2.0794415416798357,1387.5,333.0,0,0,1,1,0.0,0.0,0.0,0,0.0,0.0,0.02127659574468085,0.0,0.0,1.2537770032222069e-05,16,0.0,0.0,0.6931471805599453,0.6931471805599453,2.833213344056216,0.021053409197832343,115790.0,22267.5,3561.0,0.0,0.0,-3.9219733362813143
5288000,11440724,0,0,1,1746042820,0.0,1,100,60,16,24,100,0.26666666666666666,1.5,0.4,1,2489481,4.61512051684126,4.61512051684126,4.110873864173311,2.833213344056216,3.2188758248682006,1387.5,13.0,3,0,1,4,0.0,0.0,0.3333333333333333,0,1.0,0.0,0.027853137999638268,0.0005892751915144372,0.0,1.641316322901489e-05,50,1.3862943611198906,0.0,0.6931471805599453,1.6094379124341003,3.9318256327243257,0.027472294959188515,7577.5,13637.5,3561.0,0.0,0.0,-3.005682604407159
5916000,10140482,0,0,1,1737829309,0.0,1,100,77,4,19,100,0.05194805194805195,4.75,0.24675324675324675,1,11126187,4.61512051684126,4.61512051684126,4.356708826689592,1.6094379124341003,2.995732273553991,1387.5,38.0,4,0,1,5,0.0,0.0,0.25,0,0.0,0.0,0.10436808744781964,0.0,0.0,6.150152471880945e-05,79,1.6094379124341003,0.0,0.6931471805599453,1.791759469228055,4.382026634673881,0.09927330482860783,5102.5,1174.0,3561.0,0.0,0.0,-2.8233610476132047
5172000,4633644,0,0,1,1746718986,0.0,1,100,91,2,7,100,0.02197802197802198,3.5,0.07692307692307693,1,3256845,4.61512051684126,4.61512051684126,4.5217885770490405,1.0986122886681098,2.0794415416798357,1387.5,318.0,4,0,1,5,0.0,0.0,0.25,0,0.0,0.0,0.0674743927421715,0.0,0.0,3.9760985705463465e-05,78,1.6094379124341003,0.0,0.6931471805599453,1.791759469228055,4.3694478524670215,0.0652954777693848,5102.5,2598.0,3561.0,0.0,0.0,-2.8233610476132047
4808000,1807514,0,0,1,1747143898,0.0,1,100,87,4,9,100,0.04597701149425287,2.25,0.10344827586206896,1,15566958,4.61512051684126,4.61512051684126,4.477336814478207,1.6094379124341003,2.302585092994046,1387.5,193.5,0,0,1,1,0.0,0.0,0.0,1,0.0,1.0,0.0125,0.0,0.0005892751915144372,7.3659398939304655e-06,16,0.0,0.0,0.6931471805599453,0.6931471805599453,2.833213344056216,0.012422519998557154,115790.0,52083.0,3561.0,0.0,0.0,-3.9219733362813143
1720000,10316379,0,1,1,1747568031,0.0,1,100,94,1,5,96,0.010638297872340425,5.0,0.05319148936170213,1,2495412,4.61512051684126,4.574710978503383,4.553876891600541,0.6931471805599453,1.791759469228055,1387.5,512.5,0,1,1,1,0.0,1.0,0.0,0,0.0,0.0,0.020833333333333332,0.0,0.0,1.2276566489884108e-05,32,0.0,0.6931471805599453,0.6931471805599453,0.6931471805599453,3.4965075614664802,0.02061928720273568,115790.0,22971.5,3561.0,0.0,0.6931471805599453,-3.8815637979434374
9718000,10969450,0,0,1,1747607063,0.0,1,100,91,8,1,100,0.08791208791208792,0.125,0.01098901098901099,1,4148328,4.61512051684126,4.61512051684126,4.5217885770490405,2.1972245773362196,0.6931471805599453,1387.5,1253.0,0,0,1,1,0.0,0.0,0.0,1,0.0,1.0,0.012048192771084338,0.0,0.0005892751915144372,7.099701102583582e-06,16,0.0,0.0,0.6931471805599453,0.6931471805599453,2.833213344056216,0.011976191046715693,115790.0,55873.0,3561.0,0.0,0.0,-3.9219733362813143
3762000,14482258,0,0,1,1744545395,0.0,1,100,85,4,11,100,0.047058823529411764,2.75,0.12941176470588237,1,7985179,4.61512051684126,4.61512051684126,4.454347296253507,1.6094379124341003,2.4849066497880004,1387.5,136.5,1,0,1,2,0.0,0.0,1.0,0,0.0,0.0,0.023910582908885116,0.0,0.0,1.4089913322855106e-05,31,0.6931471805599453,0.0,0.6931471805599453,1.0986122886681098,3.4657359027997265,0.023629201426540673,26680.5,18027.0,3561.0,0.0,0.0,-3.5165082281731497
4166000,9638014,1,0,1,1742464699,0.0,1,100,96,0,4,95,0.0,0.0,0.041666666666666664,1,7885349,4.61512051684126,4.564348191467836,4.574710978503383,0.0,1.6094379124341003,1387.5,665.5,10,0,1,9,0.0,0.0,0.1,0,0.0,0.0,0.14130194518125552,0.0,0.0,8.326573080804686e-05,158,2.3978952727983707,0.0,0.6931471805599453,2.302585092994046,5.0689042022202315,0.1321696679317482,1727.5,637.0,3561.0,0.6931471805599453,0.0,-2.26176309847379
7318000,13622869,0,0,1,1739892704,0.0,1,61,56,2,3,61,0.03571428571428571,1.5,0.05357142857142857,1,19949756,4.127134385045092,4.127134385045092,4.04305126783455,1.0986122886681098,1.3862943611198906,2852.0,502.0,0,0,1,1,0.0,0.0,0.0,1,0.0,1.0,0.02702702702702703,0.0,0.0005892751915144372,1.5926356527417225e-05,16,0.0,0.0,0.6931471805599453,0.6931471805599453,2.833213344056216,0.026668247082161325,115790.0,14814.5,3561.0,0.0,0.0,-3.4339872044851463
9306000,1018712,0,0,1,1747120139,0.0,1,100,93,1,6,100,0.010752688172043012,6.0,0.06451612903225806,1,2214805,4.61512051684126,4.61512051684126,4.543294782270004,0.6931471805599453,1.9459101490553132,1387.5,395.5,0,0,1,1,0.0,0.0,0.0,0,0.0,0.0,0.016666666666666666,0.0,0.0,9.821253191907288e-06,16,0.0,0.0,0.6931471805599453,0.6931471805599453,2.833213344056216,0.016529301951210565,115790.0,31444.0,3561.0,0.0,0.0,-3.9219733362813143
7674000,11161505,0,0,1,1743949961,0.0,1,100,85,9,6,100,0.10588235294117647,0.6666666666666666,0.07058823529411765,1,6138750,4.61512051684126,4.61512051684126,4.454347296253507,2.302585092994046,1.9459101490553132,1387.5,347.5,0,0,1,1,0.0,0.0,0.0,0,0.0,0.0,0.01694915254237288,0.0,0.0,9.98771511041419e-06,16,0.0,0.0,0.6931471805599453,0.6931471805599453,2.833213344056216,0.016807118316381233,115790.0,30682.0,3561.0,0.0,0.0,-3.9219733362813143
9246000,989512,0,0,1,1747843226,0.0,1,100,68,11,21,100,0.16176470588235295,1.9090909090909092,0.3088235294117647,1,6769721,4.61512051684126,4.61512051684126,4.23410650459726,2.4849066497880004,3.091042453358316,1387.5,23.0,0,0,1,1,0.0,0.0,0.0,0,0.0,0.0,0.01020408163265306,0.0,0.0,6.013012158310583e-06,16,0.0,0.0,0.6931471805599453,0.6931471805599453,2.833213344056216,0.010152371464018007,115790.0,72117.5,3561.0,0.0,0.0,-3.9219733362813143
2680000,6291807,0,0,1,1748208679,0.0,1,100,80,6,14,100,0.075,2.3333333333333335,0.175,1,4786098,4.61512051684126,4.61512051684126,4.394449154672439,1.9459101490553132,2.70805020110221,1387.5,86.0,0,0,1,1,0.0,0.0,0.0,0,0.0,0.0,0.015625,0.0,0.0,9.207424867413082e-06,16,0.0,0.0,0.6931471805599453,0.6931471805599453,2.833213344056216,0.015504186535965254,115790.0,34848.5,3561.0,0.0,0.0,-3.9219733362813143
4928000,8899092,0,0,1,1742816334,0.0,1,100,73,6,21,100,0.0821917808219178,3.5,0.2876712328767123,1,6215438,4.61512051684126,4.61512051684126,4.30406509320417,1.9459101490553132,3.091042453358316,1387.5,28.0,0,0,1,1,0.0,0.0,0.0,0,0.0,0.0,0.01,0.0,0.0,5.892751915144372e-06,16,0.0,0.0,0.6931471805599453,0.6931471805599453,2.833213344056216,0.009950330853168083,115790.0,73080.0,3561.0,0.0,0.0,-3.9219733362813143
9320000,9905810,0,0,1,1745159558,0.0,1,100,94,1,5,100,0.010638297872340425,5.0,0.05319148936170213,1,4606200,4.61512051684126,4.61512051684126,4.553876891600541,0.6931471805599453,1.791759469228055,1387.5,512.5,0,0,1,1,0.0,0.0,0.0,0,0.0,0.0,0.058823529411764705,0.0,0.0,3.466324655967278e-05,16,0.0,0.0,0.6931471805599453,0.6931471805599453,2.833213344056216,0.05715841383994861,115790.0,3523.0,3561.0,0.0,0.0,-3.9219733362813143
6718000,13864441,0,0,1,1742544324,0.0,1,100,90,3,7,100,0.03333333333333333,2.3333333333333335,0.07777777777777778,1,7890148,4.61512051684126,4.61512051684126,4.51085950651685,1.3862943611198906,2.0794415416798357,1387.5,306.5,0,0,1,1,0.0,0.0,0.0,0,0.0,0.0,0.01639344262295082,0.0,0.0,9.660249041220283e-06,16,0.0,0.0,0.6931471805599453,0.6931471805599453,2.833213344056216,0.016260520871780308,115790.0,32125.0,3561.0,0.0,0.0,-3.9219733362813143
3820000,15124300,0,0,1,1734015339,0.0,1,100,66,2,32,99,0.030303030303030304,16.0,0.48484848484848486,1,18328625,4.61512051684126,4.605170185988092,4.204692619390966,1.0986122886681098,3.4965075614664802,1387.5,7.0,0,0,1,1,0.0,0.0,0.0,0,0.0,0.0,0.013157894736842105,0.0,0.0,7.753620940979438e-06,16,0.0,0.0,0.6931471805599453,0.6931471805599453,2.833213344056216,0.01307208156735277,115790.0,47497.5,3561.0,0.0,0.0,-3.9120230054281464
2562000,15821213,0,0,1,1745704895,0.0,1,100,95,1,4,100,0.010526315789473684,4.0,0.042105263157894736,1,5292399,4.61512051684126,4.61512051684126,4.564348191467836,0.6931471805599453,1.6094379124341003,1387.5,641.5,7,0,1,8,0.0,0.0,0.14285714285714285,0,0.0,0.0,0.0686531268620821,0.0,0.0,4.045558447971838e-05,124,2.0794415416798357,0.0,0.6931471805599453,2.1972245773362196,4.8283137373023015,0.0663990956280862,2162.5,2533.0,3561.0,0.0,0.0,-2.41789593950504
9628000,6476924,0,0,1,1746579949,0.0,1,100,90,5,5,100,0.05555555555555555,1.0,0.05555555555555555,1,2855890,4.61512051684126,4.61512051684126,4.51085950651685,1.791759469228055,1.791759469228055,1387.5,454.5,0,0,1,1,0.0,0.0,0.0,0,0.0,0.0,0.01282051282051282,0.0,0.0,7.55481014762099e-06,16,0.0,0.0,0.6931471805599453,0.6931471805599453,2.833213344056216,0.012739025777429757,115790.0,49831.0,3561.0,0.0,0.0,-3.9219733362813143
2948000,6272907,0,0,1,1741483143,0.0,1,100,91,4,5,100,0.04395604395604396,1.25,0.054945054945054944,1,9507213,4.61512051684126,4.61512051684126,4.5217885770490405,1.6094379124341003,1.791759469228055,1387.5,465.0,0,0,1,1,0.0,0.0,0.0,0,0.0,0.0,0.015384615384615385,0.0,0.0,9.065772177145188e-06,16,0.0,0.0,0.6931471805599453,0.6931471805599453,2.833213344056216,0.015267472130788435,115790.0,35808.0,3561.0,0.0,0.0,-3.9219733362813143
9802000,14127602,0,0,1,1744532533,0.0,1,100,91,1,8,99,0.01098901098901099,8.0,0.08791208791208792,1,4725370,4.61512051684126,4.605170185988092,4.5217885770490405,0.6931471805599453,2.1972245773362196,1387.5,256.0,0,1,1,2,0.0,1.0,0.0,0,0.0,0.0,0.02638888888888889,0.0,0.0,1.5550317553853207e-05,32,0.0,0.6931471805599453,0.6931471805599453,1.0986122886681098,3.4965075614664802,0.02604670893810078,26680.5,15354.5,3561.0,0.0,0.0,-3.506557897319982
9246000,6198938,0,0,1,1742995332,0.0,1,100,68,11,21,100,0.16176470588235295,1.9090909090909092,0.3088235294117647,1,6769721,4.61512051684126,4.61512051684126,4.23410650459726,2.4849066497880004,3.091042453358316,1387.5,23.0,0,0,1,1,0.0,0.0,0.0,0,0.0,0.0,0.01020408163265306,0.0,0.0,6.013012158310583e-06,16,0.0,0.0,0.6931471805599453,0.6931471805599453,2.833213344056216,0.010152371464018007,115790.0,72117.5,3561.0,0.0,0.0,-3.9219733362813143
6938000,11072969,0,0,1,1748530449,0.0,1,100,81,5,14,100,0.06172839506172839,2.8,0.1728395061728395,1,5504149,4.61512051684126,4.61512051684126,4.406719247264253,1.791759469228055,2.70805020110221,1387.5,87.0,26,0,1,27,0.0,0.0,0.038461538461538464,1,0.0,1.0,0.010416666666666666,0.0,0.0005892751915144372,6.138283244942054e-06,387,3.295836866004329,0.0,0.6931471805599453,3.332204510175204,5.961005339623274,0.010362787035546583,154.0,69880.5,3561.0,0.0,0.0,-1.2829160066660559
7984000,6786868,0,0,1,1745890832,0.0,1,100,78,9,13,100,0.11538461538461539,1.4444444444444444,0.16666666666666666,1,3954863,4.61512051684126,4.61512051684126,4.3694478524670215,2.302585092994046,2.6390573296152584,1387.5,91.0,0,0,1,1,0.0,0.0,0.0,0,0.0,0.0,0.015873015873015872,0.0,0.0,9.35357446848313e-06,16,0.0,0.0,0.6931471805599453,0.6931471805599453,2.833213344056216,0.015748356968139168,115790.0,33705.5,3561.0,0.0,0.0,-3.9219733362813143
2528000,14263160,0,0,1,1748228437,0.0,1,80,61,14,5,80,0.22950819672131148,0.35714285714285715,0.08196721311475409,1,1226696,4.394449154672439,4.394449154672439,4.127134385045092,2.70805020110221,1.791759469228055,2814.0,276.0,0,0,1,1,0.0,0.0,0.0,0,0.0,0.0,0.017857142857142856,0.0,0.0,1.0522771277043522e-05,16,0.0,0.0,0.6931471805599453,0.6931471805599453,2.833213344056216,0.017699577099400916,115790.0,28323.5,3561.0,0.0,0.0,-3.7013019741124937
5882000,2256789,0,0,1,1744689967,0.0,1,100,81,1,18,99,0.012345679012345678,18.0,0.2222222222222222,1,4266322,4.61512051684126,4.605170185988092,4.406719247264253,0.6931471805599453,2.9444389791664403,1387.5,50.5,1,0,1,2,0.0,0.0,1.0,0,0.0,0.0,0.02857142857142857,0.0,0.0,1.6836434043269635e-05,29,0.6931471805599453,0.0,0.6931471805599453,1.0986122886681098,3.4011973816621555,0.02817087696669632,26680.5,13217.5,3561.0,0.0,0.0,-3.506557897319982
6626000,8623639,0,0,1,1744527318,0.0,1,100,99,0,1,100,0.0,0.0,0.010101010101010102,1,7802367,4.61512051684126,4.61512051684126,4.605170185988092,0.0,0.6931471805599453,1387.5,1627.0,0,0,1,1,0.0,0.0,0.0,1,0.0,1.0,0.029411764705882353,0.0,0.0005892751915144372,1.733162327983639e-05,16,0.0,0.0,0.6931471805599453,0.6931471805599453,2.833213344056216,0.02898753687325229,115790.0,12603.0,3561.0,0.0,0.0,-3.9219733362813143
1664000,14883885,0,0,1,1744249142,0.0,1,100,93,1,6,100,0.010752688172043012,6.0,0.06451612903225806,1,9237541,4.61512051684126,4.61512051684126,4.543294782270004,0.6931471805599453,1.9459101490553132,1387.5,395.5,1,0,1,2,0.0,0.0,1.0,0,0.0,0.0,0.03620196887900921,0.0,0.0,2.1332922144377847e-05,32,0.6931471805599453,0.0,0.6931471805599453,1.0986122886681098,3.4965075614664802,0.03556207549229597,26680.5,8872.5,3561.0,0.0,0.0,-3.5165082281731497
4434000,15002851,0,0,1,1747694362,0.0,1,100,75,13,12,100,0.17333333333333334,0.9230769230769231,0.16,1,1951792,4.61512051684126,4.61512051684126,4.330733340286331,2.6390573296152584,2.5649493574615367,1387.5,100.0,0,0,1,1,0.0,0.0,0.0,0,0.0,0.0,0.011111111111111112,0.0,0.0,6.547502127938192e-06,16,0.0,0.0,0.6931471805599453,0.6931471805599453,2.833213344056216,0.011049836186584975,115790.0,64646.5,3561.0,0.0,0.0,-3.9219733362813143
850000,13714414,0,0,1,1743989676,0.0,1,100,84,4,12,100,0.047619047619047616,3.0,0.14285714285714285,1,4983983,4.61512051684126,4.61512051684126,4.442651256490317,1.6094379124341003,2.5649493574615367,1387.5,114.5,0,0,1,1,0.0,0.0,0.0,0,0.0,0.0,0.015384615384615385,0.0,0.0,9.065772177145188e-06,16,0.0,0.0,0.6931471805599453,0.6931471805599453,2.833213344056216,0.015267472130788435,115790.0,35808.0,3561.0,0.0,0.0,-3.9219733362813143
9406000,6453285,0,0,1,1747798860,0.0,1,100,90,9,1,100,0.1,0.1111111111111111,0.011111111111111112,1,2455816,4.61512051684126,4.61512051684126,4.51085950651685,2.302585092994046,0.6931471805599453,1387.5,1244.5,2,0,1,3,0.0,0.0,0.5,1,0.0,1.0,0.015384615384615385,0.0,0.0005892751915144372,9.065772177145188e-06,48,1.0986122886681098,0.0,0.6931471805599453,1.3862943611198906,3.8918202981106265,0.015267472130788435,12635.5,35808.0,3561.0,0.0,0.0,-3.228826155721369
4282000,8817642,0,0,1,1747818230,0.0,1,100,94,3,3,100,0.031914893617021274,1.0,0.031914893617021274,1,10678241,4.61512051684126,4.61512051684126,4.553876891600541,1.3862943611198906,1.3862943611198906,1387.5,763.5,1,0,2,3,0.0,0.0,2.0,2,0.0,2.0,0.02399425287356322,0.0,0.0011785503830288745,1.4139217957314802e-05,47,0.6931471805599453,0.0,1.0986122886681098,1.3862943611198906,3.871201010907891,0.02371091417340539,12635.5,17979.0,171.5,0.0,0.0,-3.228826155721369
3574000,13236214,0,0,1,1747199322,0.0,1,100,96,0,4,100,0.0,0.0,0.041666666666666664,1,3391368,4.61512051684126,4.61512051684126,4.574710978503383,0.0,1.6094379124341003,1387.5,665.5,0,0,1,1,0.0,0.0,0.0,0,0.0,0.0,0.018867924528301886,0.0,0.0,1.1118399839895042e-05,16,0.0,0.0,0.6931471805599453,0.6931471805599453,2.833213344056216,0.01869213301215255,115790.0,26376.0,3561.0,0.0,0.0,-3.9219733362813143
2550000,668110,0,0,1,1740114368,0.0,1,100,94,3,3,100,0.031914893617021274,1.0,0.031914893617021274,1,9250642,4.61512051684126,4.61512051684126,4.553876891600541,1.3862943611198906,1.3862943611198906,1387.5,763.5,0,0,1,1,0.0,0.0,0.0,0,0.0,0.0,0.02127659574468085,0.0,0.0,1.2537770032222069e-05,9,0.0,0.0,0.6931471805599453,0.6931471805599453,2.302585092994046,0.021053409197832343,115790.0,22267.5,3561.0,0.0,0.0,-3.9219733362813143
3376000,5295794,0,0,1,1745541804,0.0,1,100,62,12,26,96,0.1935483870967742,2.1666666666666665,0.41935483870967744,1,4647148,4.61512051684126,4.574710978503383,4.143134726391533,2.5649493574615367,3.295836866004329,1387.5,11.0,0,0,1,1,0.0,0.0,0.0,0,0.0,0.0,0.010752688172043012,0.0,0.0,6.3362923818756694e-06,16,0.0,0.0,0.6931471805599453,0.6931471805599453,2.833213344056216,0.01069528911674796,115790.0,67219.5,3561.0,0.0,0.0,-3.8815637979434374
4998000,14241470,0,0,1,1746722601,0.0,1,100,96,2,2,100,0.020833333333333332,1.0,0.020833333333333332,1,2660783,4.61512051684126,4.61512051684126,4.574710978503383,1.0986122886681098,1.0986122886681098,1387.5,1054.0,5,0,1,6,0.0,0.0,0.2,0,0.0,0.0,0.07651554556098814,0.0,0.0,4.508871276428293e-05,92,1.791759469228055,0.0,0.6931471805599453,1.9459101490553132,4.532599493153256,0.07372947855497343,3676.0,2154.0,3561.0,0.0,0.0,-2.6692103677859462
280000,5891066,0,0,1,1738391813,0.0,1,100,94,3,3,100,0.031914893617021274,1.0,0.031914893617021274,1,16234639,4.61512051684126,4.61512051684126,4.553876891600541,1.3862943611198906,1.3862943611198906,1387.5,763.5,0,0,1,1,0.0,0.0,0.0,0,0.0,0.0,0.014084507042253521,0.0,0.0,8.299650584710383e-06,16,0.0,0.0,0.6931471805599453,0.6931471805599453,2.833213344056216,0.01398624197473989,115790.0,41927.5,3561.0,0.0,0.0,-3.9219733362813143
7548000,9485283,0,0,1,1746717926,0.0,1,100,84,4,12,100,0.047619047619047616,3.0,0.14285714285714285,1,5337927,4.61512051684126,4.61512051684126,4.442651256490317,1.6094379124341003,2.5649493574615367,1387.5,114.5,2,0,1,3,0.0,0.0,0.5,0,0.0,0.0,0.026161328190508135,0.0,0.0,1.5416221679733726e-05,48,1.0986122886681098,0.0,0.6931471805599453,1.3862943611198906,3.8918202981106265,0.025824974339434627,12635.5,15764.0,3561.0,0.0,0.0,-3.228826155721369
9400000,15313592,0,0,1,1745646220,0.0,1,100,86,6,8,98,0.06976744186046512,1.3333333333333333,0.09302325581395349,1,3736035,4.61512051684126,4.59511985013459,4.465908118654584,1.9459101490553132,2.1972245773362196,1387.5,228.5,10,1,2,13,0.1,2.0,0.2,1,0.0,1.0,0.15763077851893642,0.0,0.0005892751915144372,9.28879072003161e-05,194,2.3978952727983707,0.6931471805599453,1.0986122886681098,2.6390573296152584,5.272999558563747,0.14637548419775862,841.0,483.0,171.5,0.0,0.0,-1.9560625205193314
7976000,10205640,0,0,1,1736942504,0.0,1,100,83,0,17,100,0.0,0.0,0.20481927710843373,1,16680994,4.61512051684126,4.61512051684126,4.430816798843313,0.0,2.8903717578961645,1387.5,60.0,13,0,2,15,0.0,0.0,0.15384615384615385,0,0.0,0.0,0.13769509441751934,0.0,0.0,8.114030313348222e-05,237,2.6390573296152584,0.0,1.0986122886681098,2.772588722239781,5.472270673671475,0.1290043687123808,629.0,680.0,171.5,0.0,0.0,-1.8425317946014785
790000,13133589,0,0,1,1740882424,0.0,1,100,82,3,15,100,0.036585365853658534,5.0,0.18292682926829268,1,8219194,4.61512051684126,4.61512051684126,4.418840607796598,1.3862943611198906,2.772588722239781,1387.5,78.0,0,0,1,1,0.0,0.0,0.0,0,1.0,0.0,0.01282051282051282,0.0005892751915144372,0.0,7.55481014762099e-06,8,0.0,0.0,0.6931471805599453,0.6931471805599453,2.1972245773362196,0.012739025777429757,115790.0,49831.0,3561.0,0.0,0.0,-3.9219733362813143
9966000,7693408,0,0,1,1743801902,0.0,1,100,66,11,23,100,0.16666666666666666,2.090909090909091,0.3484848484848485,1,6588058,4.61512051684126,4.61512051684126,4.204692619390966,2.4849066497880004,3.1780538303479458,1387.5,17.0,0,0,1,1,0.0,0.0,0.0,0,0.0,0.0,0.010309278350515464,0.0,0.0,6.075001974375641e-06,16,0.0,0.0,0.6931471805599453,0.6931471805599453,2.833213344056216,0.010256500167189098,115790.0,71056.5,3561.0,0.0,0.0,-3.9219733362813143
1762000,1684668,0,0,1,1745840068,0.0,1,100,77,5,18,100,0.06493506493506493,3.6,0.23376623376623376,1,9504053,4.61512051684126,4.61512051684126,4.356708826689592,1.791759469228055,2.9444389791664403,1387.5,46.0,1,0,2,3,0.0,0.0,2.0,0,0.0,0.0,0.03313810440735986,0.0,0.0,1.95274628210724e-05,48,0.6931471805599453,0.0,1.0986122886681098,1.3862943611198906,3.8918202981106265,0.032600873754555885,12635.5,10769.0,171.5,0.0,0.0,-3.228826155721369
6222000,10701940,0,0,1,1743395176,0.0,1,100,85,7,8,100,0.08235294117647059,1.1428571428571428,0.09411764705882353,1,9582497,4.61512051684126,4.61512051684126,4.454347296253507,2.0794415416798357,2.1972245773362196,1387.5,224.5,0,0,1,1,0.0,0.0,0.0,0,0.0,0.0,0.010416666666666666,0.0,0.0,6.138283244942054e-06,16,0.0,0.0,0.6931471805599453,0.6931471805599453,2.833213344056216,0.010362787035546583,115790.0,69880.5,3561.0,0.0,0.0,-3.9219733362813143
9390000,15782550,0,0,1,1748256547,0.0,1,100,58,22,20,100,0.3793103448275862,0.9090909090909091,0.3448275862068966,1,4596671,4.61512051684126,4.61512051684126,4.07753744390572,3.1354942159291497,3.044522437723423,1387.5,19.0,0,0,1,1,0.0,0.0,0.0,0,0.0,0.0,0.010752688172043012,0.0,0.0,6.3362923818756694e-06,16,0.0,0.0,0.6931471805599453,0.6931471805599453,2.833213344056216,0.01069528911674796,115790.0,67219.5,3561.0,0.0,0.0,-3.9219733362813143
4432000,15100191,0,0,1,1747054882,0.0,1,100,62,34,4,100,0.5483870967741935,0.11764705882352941,0.06451612903225806,1,1856430,4.61512051684126,4.61512051684126,4.143134726391533,3.5553480614894135,1.6094379124341003,1387.5,395.5,0,0,1,1,0.0,0.0,0.0,0,0.0,0.0,0.022222222222222223,0.0,0.0,1.3095004255876383e-05,16,0.0,0.0,0.6931471805599453,0.6931471805599453,2.833213344056216,0.021978906718775244,115790.0,20648.5,3561.0,0.0,0.0,-3.9219733362813143
9434000,5064015,0,0,1,1743007587,0.0,1,100,96,0,4,100,0.0,0.0,0.041666666666666664,1,7081776,4.61512051684126,4.61512051684126,4.574710978503383,0.0,1.6094379124341003,1387.5,665.5,0,1,1,2,0.0,1.0,0.0,0,0.0,0.0,0.03954248366013072,0.0,0.0,2.3301404631780033e-05,27,0.0,0.6931471805599453,0.6931471805599453,1.0986122886681098,3.332204510175204,0.03878069680271765,26680.5,7738.0,3561.0,0.0,0.0,-3.5165082281731497
2596000,6301473,0,0,1,1746687109,0.0,1,100,96,0,4,100,0.0,0.0,0.041666666666666664,1,3116528,4.61512051684126,4.61512051684126,4.574710978503383,0.0,1.6094379124341003,1387.5,665.5,6,0,1,7,0.0,0.0,0.16666666666666666,0,1.0,0.0,0.0806441570881226,0.0005892751915144372,0.0,4.752160111262381e-05,96,1.9459101490553132,0.0,0.6931471805599453,2.0794415416798357,4.574710978503383,0.07755730508370544,2788.0,1959.0,3561.0,0.0,0.0,-2.535678975161424
196000,4240175,0,0,1,1744244552,0.0,1,100,67,6,27,100,0.08955223880597014,4.5,0.40298507462686567,1,4679242,4.61512051684126,4.61512051684126,4.219507705176107,1.9459101490553132,3.332204510175204,1387.5,12.0,0,0,1,1,0.0,0.0,0.0,0,0.0,0.0,0.010416666666666666,0.0,0.0,6.138283244942054e-06,16,0.0,0.0,0.6931471805599453,0.6931471805599453,2.833213344056216,0.010362787035546583,115790.0,69880.5,3561.0,0.0,0.0,-3.9219733362813143
7474000,15210255,0,0,1,1741479141,0.0,1,100,95,0,5,100,0.0,0.0,0.05263157894736842,1,18923426,4.61512051684126,4.61512051684126,4.564348191467836,0.0,1.791759469228055,1387.5,527.5,0,0,1,1,0.0,0.0,0.0,0,0.0,0.0,0.015625,0.0,0.0,9.207424867413082e-06,16,0.0,0.0,0.6931471805599453,0.6931471805599453,2.833213344056216,0.015504186535965254,115790.0,34848.5,3561.0,0.0,0.0,-3.9219733362813143
8494000,13257284,0,0,1,1748218445,0.0,1,100,99,0,1,100,0.0,0.0,0.010101010101010102,1,5055444,4.61512051684126,4.61512051684126,4.605170185988092,0.0,0.6931471805599453,1387.5,1627.0,0,0,1,1,0.0,0.0,0.0,1,0.0,1.0,0.0125,0.0,0.0005892751915144372,7.3659398939304655e-06,16,0.0,0.0,0.6931471805599453,0.6931471805599453,2.833213344056216,0.012422519998557154,115790.0,52083.0,3561.0,0.0,0.0,-3.9219733362813143
1550000,3258594,0,0,1,1740907607,0.0,1,100,94,2,4,100,0.02127659574468085,2.0,0.0425531914893617,1,9470336,4.61512051684126,4.61512051684126,4.553876891600541,1.0986122886681098,1.6094379124341003,1387.5,616.0,0,0,1,1,0.0,0.0,0.0,0,0.0,0.0,0.017857142857142856,0.0,0.0,1.0522771277043522e-05,10,0.0,0.0,0.6931471805599453,0.6931471805599453,2.3978952727983707,0.017699577099400916,115790.0,28323.5,3561.0,0.0,0.0,-3.9219733362813143
9504000,2580660,0,0,1,1746518118,0.0,1,100,80,8,12,100,0.1,1.5,0.15,1,2290329,4.61512051684126,4.61512051684126,4.394449154672439,2.1972245773362196,2.5649493574615367,1387.5,108.5,0,0,1,1,0.0,0.0,0.0,0,0.0,0.0,0.011363636363636364,0.0,0.0,6.696308994482241e-06,10,0.0,0.0,0.6931471805599453,0.6931471805599453,2.3978952727983707,0.011299555253933367,115790.0,61498.0,3561.0,0.0,0.0,-3.9219733362813143
8412000,6619384,0,0,1,1747661664,0.0,1,100,86,2,12,96,0.023255813953488372,6.0,0.13953488372093023,1,3096859,4.61512051684126,4.574710978503383,4.465908118654584,1.0986122886681098,2.5649493574615367,1387.5,124.5,0,0,1,1,0.0,0.0,0.0,0,0.0,0.0,0.012195121951219513,0.0,0.0,7.186282823346796e-06,16,0.0,0.0,0.6931471805599453,0.6931471805599453,2.833213344056216,0.01212136053234481,115790.0,54473.0,3561.0,0.0,0.0,-3.8815637979434374
4808000,10274353,0,0,1,1737980476,0.0,1,100,87,4,9,100,0.04597701149425287,2.25,0.10344827586206896,1,15566958,4.61512051684126,4.61512051684126,4.477336814478207,1.6094379124341003,2.302585092994046,1387.5,193.5,0,0,1,1,0.0,0.0,0.0,0,0.0,0.0,0.0125,0.0,0.0,7.3659398939304655e-06,16,0.0,0.0,0.6931471805599453,0.6931471805599453,2.833213344056216,0.012422519998557154,115790.0,52083.0,3561.0,0.0,0.0,-3.9219733362813143
1152000,8037568,0,0,1,1748092163,0.0,1,100,99,0,1,100,0.0,0.0,0.010101010101010102,1,3711302,4.61512051684126,4.61512051684126,4.605170185988092,0.0,0.6931471805599453,1387.5,1627.0,17,1,1,19,0.058823529411764705,1.0,0.058823529411764705,1,0.0,1.0,0.23678491091979792,0.0,0.0005892751915144372,0.00013953147372999287,290,2.8903717578961645,0.6931471805599453,0.6931471805599453,2.995732273553991,5.673323267171493,0.2125151986794107,379.0,197.0,3561.0,0.0,0.0,-1.6193882432872688
2034000,7532265,0,0,1,1746609703,0.0,1,100,92,4,4,100,0.043478260869565216,1.0,0.043478260869565216,1,3168281,4.61512051684126,4.61512051684126,4.532599493153256,1.6094379124341003,1.6094379124341003,1387.5,582.5,2,0,1,3,0.0,0.0,0.5,0,0.0,0.0,0.010752688172043012,0.0,0.0,6.3362923818756694e-06,48,1.0986122886681098,0.0,0.6931471805599453,1.3862943611198906,3.8918202981106265,0.01069528911674796,12635.5,67219.5,3561.0,0.0,0.0,-3.228826155721369
9122000,1715265,0,0,1,1745333671,0.0,1,100,91,5,4,100,0.054945054945054944,0.8,0.04395604395604396,1,5010420,4.61512051684126,4.61512051684126,4.5217885770490405,1.791759469228055,1.6094379124341003,1387.5,571.0,1,0,1,2,0.0,0.0,1.0,0,0.0,0.0,0.054841897233201584,0.0,0.0,3.231696949510995e-05,32,0.6931471805599453,0.0,0.6931471805599453,1.0986122886681098,3.4965075614664802,0.05339089525536877,26680.5,4117.0,3561.0,0.0,0.0,-3.5165082281731497
8904000,14013179,0,0,1,1744513153,0.0,1,100,96,1,3,100,0.010416666666666666,3.0,0.03125,1,5205506,4.61512051684126,4.61512051684126,4.574710978503383,0.6931471805599453,1.3862943611198906,1387.5,834.0,0,0,1,1,0.0,0.0,0.0,0,0.0,0.0,0.027777777777777776,0.0,0.0,1.6368755319845477e-05,16,0.0,0.0,0.6931471805599453,0.6931471805599453,2.833213344056216,0.02739897418811444,115790.0,13935.0,3561.0,0.0,0.0,-3.9219733362813143
538000,4228277,0,0,1,1745586595,0.0,1,100,95,1,4,100,0.010526315789473684,4.0,0.042105263157894736,1,5432989,4.61512051684126,4.61512051684126,4.564348191467836,0.6931471805599453,1.6094379124341003,1387.5,641.5,0,0,1,1,0.0,0.0,0.0,0,0.0,0.0,0.010309278350515464,0.0,0.0,6.075001974375641e-06,16,0.0,0.0,0.6931471805599453,0.6931471805599453,2.833213344056216,0.010256500167189098,115790.0,71056.5,3561.0,0.0,0.0,-3.9219733362813143
9412000,5248324,0,0,1,1746716725,0.0,1,100,66,5,29,100,0.07575757575757576,5.8,0.4393939393939394,1,3796386,4.61512051684126,4.61512051684126,4.204692619390966,1.791759469228055,3.4011973816621555,1387.5,8.0,0,0,1,1,0.0,0.0,0.0,0,0.0,0.0,0.010752688172043012,0.0,0.0,6.3362923818756694e-06,16,0.0,0.0,0.6931471805599453,0.6931471805599453,2.833213344056216,0.01069528911674796,115790.0,67219.5,3561.0,0.0,0.0,-3.9219733362813143
3820000,7593674,0,0,1,1732720968,0.0,1,100,66,2,32,99,0.030303030303030304,16.0,0.48484848484848486,1,18328625,4.61512051684126,4.605170185988092,4.204692619390966,1.0986122886681098,3.4965075614664802,1387.5,7.0,1,0,1,2,0.0,0.0,1.0,0,0.0,0.0,0.013157894736842105,0.0,0.0,7.753620940979438e-06,27,0.6931471805599453,0.0,0.6931471805599453,1.0986122886681098,3.332204510175204,0.01307208156735277,26680.5,47497.5,3561.0,0.0,0.0,-3.506557897319982
4158000,1739308,0,0,1,1740843896,0.0,1,100,95,3,2,100,0.031578947368421054,0.6666666666666666,0.021052631578947368,1,14375644,4.61512051684126,4.61512051684126,4.564348191467836,1.3862943611198906,1.0986122886681098,1387.5,1019.0,1,0,2,3,0.0,0.0,2.0,1,0.0,1.0,0.05492424242424242,0.0,0.0005892751915144372,3.236549347333083e-05,44,0.6931471805599453,0.0,1.0986122886681098,1.3862943611198906,3.8066624897703196,0.05346895622102254,12635.5,4114.0,171.5,0.0,0.0,-3.228826155721369
8268000,11858242,0,0,1,1744985614,0.0,1,100,85,2,13,100,0.023529411764705882,6.5,0.15294117647058825,1,11790950,4.61512051684126,4.61512051684126,4.454347296253507,1.0986122886681098,2.6390573296152584,1387.5,104.0,0,0,2,2,0.0,0.0,0.0,0,0.0,0.0,0.025974025974025976,0.0,0.0,1.5305849130245125e-05,32,0.0,0.0,1.0986122886681098,1.0986122886681098,3.4965075614664802,0.025642430613337645,26680.5,15855.5,171.5,0.0,0.0,-3.5165082281731497
720000,12943377,0,0,1,1741521048,0.0,1,100,91,3,6,100,0.03296703296703297,2.0,0.06593406593406594,1,11379561,4.61512051684126,4.61512051684126,4.5217885770490405,1.3862943611198906,1.9459101490553132,1387.5,373.5,0,0,1,1,0.0,0.0,0.0,0,0.0,0.0,0.01639344262295082,0.0,0.0,9.660249041220283e-06,16,0.0,0.0,0.6931471805599453,0.6931471805599453,2.833213344056216,0.016260520871780308,115790.0,32125.0,3561.0,0.0,0.0,-3.9219733362813143
2578000,10087269,0,0,1,1747457452,0.0,1,100,78,6,16,100,0.07692307692307693,2.6666666666666665,0.20512820512820512,1,2507221,4.61512051684126,4.61512051684126,4.3694478524670215,1.9459101490553132,2.833213344056216,1387.5,59.0,1,0,1,2,0.0,0.0,1.0,0,0.0,0.0,0.011111111111111112,0.0,0.0,6.547502127938192e-06,32,0.6931471805599453,0.0,0.6931471805599453,1.0986122886681098,3.4965075614664802,0.011049836186584975,26680.5,64646.5,3561.0,0.0,0.0,-3.5165082281731497
2972000,9286858,0,0,1,1745676794,0.0,1,100,97,0,3,100,0.0,0.0,0.030927835051546393,1,5022341,4.61512051684126,4.61512051684126,4.584967478670572,0.0,1.3862943611198906,1387.5,873.5,0,0,1,1,0.0,0.0,0.0,0,0.0,0.0,0.014084507042253521,0.0,0.0,8.299650584710383e-06,16,0.0,0.0,0.6931471805599453,0.6931471805599453,2.833213344056216,0.01398624197473989,115790.0,41927.5,3561.0,0.0,0.0,-3.9219733362813143
4670000,11393187,0,0,1,1745879972,0.0,1,100,93,1,6,100,0.010752688172043012,6.0,0.06451612903225806,1,3654462,4.61512051684126,4.61512051684126,4.543294782270004,0.6931471805599453,1.9459101490553132,1387.5,395.5,0,0,1,1,0.0,0.0,0.0,0,0.0,0.0,0.021739130434782608,0.0,0.0,1.2810330250313852e-05,16,0.0,0.0,0.6931471805599453,0.6931471805599453,2.833213344056216,0.021506205220963585,115790.0,21473.5,3561.0,0.0,0.0,-3.9219733362813143
7956000,15400766,0,0,1,1745734003,0.0,1,100,96,1,3,91,0.010416666666666666,3.0,0.03125,1,4811785,4.61512051684126,4.5217885770490405,4.574710978503383,0.6931471805599453,1.3862943611198906,1387.5,834.0,4,0,1,5,0.0,0.0,0.25,0,0.0,0.0,0.017241379310344827,0.0,0.0,1.0159917095076505e-05,80,1.6094379124341003,0.0,0.6931471805599453,1.791759469228055,4.394449154672439,0.017094433359300113,5102.5,29921.0,3561.0,0.0,0.0,-2.7300291078209855
790000,13822359,0,0,1,1742659798,0.0,1,100,82,3,15,100,0.036585365853658534,5.0,0.18292682926829268,1,8219194,4.61512051684126,4.61512051684126,4.418840607796598,1.3862943611198906,2.772588722239781,1387.5,78.0,0,0,1,1,0.0,0.0,0.0,0,0.0,0.0,0.01282051282051282,0.0,0.0,7.55481014762099e-06,16,0.0,0.0,0.6931471805599453,0.6931471805599453,2.833213344056216,0.012739025777429757,115790.0,49831.0,3561.0,0.0,0.0,-3.9219733362813143
9674000,1412208,0,0,1,1743517563,0.0,1,100,73,9,18,100,0.1232876712328767,2.0,0.2465753424657534,1,15376371,4.61512051684126,4.61512051684126,4.30406509320417,2.302585092994046,2.9444389791664403,1387.5,39.0,0,0,1,1,0.0,0.0,0.0,0,0.0,0.0,0.012048192771084338,0.0,0.0,7.099701102583582e-06,16,0.0,0.0,0.6931471805599453,0.6931471805599453,2.833213344056216,0.011976191046715693,115790.0,55873.0,3561.0,0.0,0.0,-3.9219733362813143
1170000,13470891,0,0,1,1747816064,0.0,1,100,86,3,11,100,0.03488372093023256,3.6666666666666665,0.12790697674418605,1,7410991,4.61512051684126,4.61512051684126,4.465908118654584,1.3862943611198906,2.4849066497880004,1387.5,140.5,12,0,1,13,0.0,0.0,0.08333333333333333,0,0.0,0.0,0.08575131626106139,0.0,0.0,5.053112331235202e-05,208,2.5649493574615367,0.0,0.6931471805599453,2.6390573296152584,5.342334251964811,0.08227220473789532,841.0,1729.0,3561.0,0.0,0.0,-1.9760631872260013
2134000,10802446,0,0,1,1746002718,0.0,1,100,91,2,7,100,0.02197802197802198,3.5,0.07692307692307693,1,2772322,4.61512051684126,4.61512051684126,4.5217885770490405,1.0986122886681098,2.0794415416798357,1387.5,318.0,0,0,1,1,0.0,0.0,0.0,0,0.0,0.0,0.01020408163265306,0.0,0.0,6.013012158310583e-06,16,0.0,0.0,0.6931471805599453,0.6931471805599453,2.833213344056216,0.010152371464018007,115790.0,72117.5,3561.0,0.0,0.0,-3.9219733362813143
3700000,6195542,0,0,1,1746479085,0.0,1,100,79,4,17,100,0.05063291139240506,4.25,0.21518987341772153,1,4360074,4.61512051684126,4.61512051684126,4.382026634673881,1.6094379124341003,2.8903717578961645,1387.5,54.5,0,0,1,1,0.0,0.0,0.0,0,0.0,0.0,0.015151515151515152,0.0,0.0,8.928411992642989e-06,16,0.0,0.0,0.6931471805599453,0.6931471805599453,2.833213344056216,0.015037877364540516,115790.0,36747.5,3561.0,0.0,0.0,-3.9219733362813143
10038000,7289726,0,0,1,1745847433,0.0,1,100,78,8,14,100,0.10256410256410256,1.75,0.1794871794871795,1,3977563,4.61512051684126,4.61512051684126,4.3694478524670215,2.1972245773362196,2.70805020110221,1387.5,82.5,0,0,1,1,0.0,0.0,0.0,0,0.0,0.0,0.015625,0.0,0.0,9.207424867413082e-06,16,0.0,0.0,0.6931471805599453,0.6931471805599453,2.833213344056216,0.015504186535965254,115790.0,34848.5,3561.0,0.0,0.0,-3.9219733362813143
1362000,11714198,0,0,1,1748249600,0.0,1,100,93,5,2,100,0.053763440860215055,0.4,0.021505376344086023,1,2342605,4.61512051684126,4.61512051684126,4.543294782270004,1.791759469228055,1.0986122886681098,1387.5,976.0,0,0,1,1,0.0,0.0,0.0,1,0.0,1.0,0.0125,0.0,0.0005892751915144372,7.3659398939304655e-06,16,0.0,0.0,0.6931471805599453,0.6931471805599453,2.833213344056216,0.012422519998557154,115790.0,52083.0,3561.0,0.0,0.0,-3.9219733362813143
1996000,14209753,0,0,1,1748438872,0.0,1,100,95,2,3,100,0.021052631578947368,1.5,0.031578947368421054,1,2028878,4.61512051684126,4.61512051684126,4.564348191467836,1.0986122886681098,1.3862943611198906,1387.5,792.5,6,0,1,7,0.0,0.0,0.16666666666666666,1,0.0,1.0,0.025568181818181816,0.0,0.0005892751915144372,1.5066695237585043e-05,105,1.9459101490553132,0.0,0.6931471805599453,2.0794415416798357,4.663439094112067,0.025246782734783826,2788.0,16509.5,3561.0,0.0,0.0,-2.535678975161424
2092000,9868896,0,0,1,1745586657,0.0,1,100,86,0,14,100,0.0,0.0,0.16279069767441862,1,10202670,4.61512051684126,4.61512051684126,4.465908118654584,0.0,2.70805020110221,1387.5,97.0,0,0,2,2,0.0,0.0,0.0,0,0.0,0.0,0.021212121212121213,0.0,0.0,1.2499776789700185e-05,32,0.0,0.0,1.0986122886681098,1.0986122886681098,3.4965075614664802,0.020990275891835806,26680.5,22575.5,171.5,0.0,0.0,-3.5165082281731497
1830000,4193117,0,0,1,1745054191,0.0,1,100,79,3,18,100,0.0379746835443038,6.0,0.22784810126582278,1,8055307,4.61512051684126,4.61512051684126,4.382026634673881,1.3862943611198906,2.9444389791664403,1387.5,48.0,0,0,1,1,0.0,0.0,0.0,0,0.0,0.0,0.021739130434782608,0.0,0.0,1.2810330250313852e-05,16,0.0,0.0,0.6931471805599453,0.6931471805599453,2.833213344056216,0.021506205220963585,115790.0,21473.5,3561.0,0.0,0.0,-3.9219733362813143
8122000,9756960,0,0,1,1747745860,0.0,1,100,95,1,4,100,0.010526315789473684,4.0,0.042105263157894736,1,6385288,4.61512051684126,4.61512051684126,4.564348191467836,0.6931471805599453,1.6094379124341003,1387.5,641.5,0,0,1,1,0.0,0.0,0.0,0,0.0,0.0,0.0136986301369863,0.0,0.0,8.072262897458043e-06,16,0.0,0.0,0.6931471805599453,0.6931471805599453,2.833213344056216,0.013605652055778624,115790.0,43900.0,3561.0,0.0,0.0,-3.9219733362813143
10000000,4908410,0,0,1,1747889171,0.0,1,88,84,2,2,87,0.023809523809523808,1.0,0.023809523809523808,1,1395281,4.48863636973214,4.477336814478207,4.442651256490317,1.0986122886681098,1.0986122886681098,2794.5,909.0,3,0,1,4,0.0,0.0,0.3333333333333333,0,0.0,0.0,0.03889279574933583,0.0,0.0,2.2918559663721762e-05,64,1.3862943611198906,0.0,0.6931471805599453,1.6094379124341003,4.174387269895637,0.03815552657163911,7577.5,7843.0,3561.0,0.0,0.0,-2.8678989020441064
2096000,14053781,0,0,1,1747837789,0.0,1,100,94,3,3,100,0.031914893617021274,1.0,0.031914893617021274,1,2228625,4.61512051684126,4.61512051684126,4.553876891600541,1.3862943611198906,1.3862943611198906,1387.5,763.5,0,0,1,1,0.0,0.0,0.0,1,0.0,1.0,0.017241379310344827,0.0,0.0005892751915144372,1.0159917095076505e-05,16,0.0,0.0,0.6931471805599453,0.6931471805599453,2.833213344056216,0.017094433359300113,115790.0,29921.0,3561.0,0.0,0.0,-3.9219733362813143
5302000,6588584,0,0,1,1747308865,0.0,1,100,99,0,1,100,0.0,0.0,0.010101010101010102,1,5507851,4.61512051684126,4.61512051684126,4.605170185988092,0.0,0.6931471805599453,1387.5,1627.0,2,0,2,4,0.0,0.0,1.0,2,0.0,2.0,0.10033757092580622,0.0,0.0011785503830288745,5.912644132339789e-05,64,1.0986122886681098,0.0,1.0986122886681098,1.6094379124341003,4.174387269895637,0.0956170153852968,7577.5,1227.0,171.5,0.0,0.0,-3.005682604407159
2578000,10141993,0,0,1,1747960201,0.0,1,100,78,6,16,100,0.07692307692307693,2.6666666666666665,0.20512820512820512,1,2507221,4.61512051684126,4.61512051684126,4.3694478524670215,1.9459101490553132,2.833213344056216,1387.5,59.0,0,0,1,1,0.0,0.0,0.0,0,0.0,0.0,0.011111111111111112,0.0,0.0,6.547502127938192e-06,16,0.0,0.0,0.6931471805599453,0.6931471805599453,2.833213344056216,0.011049836186584975,115790.0,64646.5,3561.0,0.0,0.0,-3.9219733362813143
196000,8777989,0,0,1,1744163620,0.0,1,100,67,6,27,100,0.08955223880597014,4.5,0.40298507462686567,1,4679242,4.61512051684126,4.61512051684126,4.219507705176107,1.9459101490553132,3.332204510175204,1387.5,12.0,4,0,1,5,0.0,0.0,0.25,0,0.0,0.0,0.010416666666666666,0.0,0.0,6.138283244942054e-06,79,1.6094379124341003,0.0,0.6931471805599453,1.791759469228055,4.382026634673881,0.010362787035546583,5102.5,69880.5,3561.0,0.0,0.0,-2.8233610476132047
5620000,32182,0,0,1,1747913500,0.0,1,100,96,1,3,100,0.010416666666666666,3.0,0.03125,1,2714170,4.61512051684126,4.61512051684126,4.574710978503383,0.6931471805599453,1.3862943611198906,1387.5,834.0,12,0,2,14,0.0,0.0,0.16666666666666666,1,0.0,1.0,0.06186258722490606,0.0,0.0005892751915144372,3.64540879345351e-05,210,2.5649493574615367,0.0,1.0986122886681098,2.70805020110221,5.351858133476067,0.06002452388771428,721.5,3227.0,171.5,0.0,0.0,-1.9070703157390496
5880000,15740833,0,0,1,1747643499,0.0,1,100,97,1,2,100,0.010309278350515464,2.0,0.020618556701030927,1,4619334,4.61512051684126,4.61512051684126,4.584967478670572,0.6931471805599453,1.0986122886681098,1387.5,1108.0,2,0,1,3,0.0,0.0,0.5,0,0.0,0.0,0.02702702702702703,0.0,0.0,1.5926356527417225e-05,48,1.0986122886681098,0.0,0.6931471805599453,1.3862943611198906,3.8918202981106265,0.026668247082161325,12635.5,14814.5,3561.0,0.0,0.0,-3.228826155721369
2550000,3190902,0,0,1,1742266932,0.0,1,100,94,3,3,100,0.031914893617021274,1.0,0.031914893617021274,1,9250642,4.61512051684126,4.61512051684126,4.553876891600541,1.3862943611198906,1.3862943611198906,1387.5,763.5,0,0,1,1,0.0,0.0,0.0,0,0.0,0.0,0.02127659574468085,0.0,0.0,1.2537770032222069e-05,16,0.0,0.0,0.6931471805599453,0.6931471805599453,2.833213344056216,0.021053409197832343,115790.0,22267.5,3561.0,0.0,0.0,-3.9219733362813143
2880000,7342406,0,0,1,1745901165,0.0,1,100,98,0,2,100,0.0,0.0,0.02040816326530612,1,3248329,4.61512051684126,4.61512051684126,4.59511985013459,0.0,1.0986122886681098,1387.5,1177.0,9,0,1,10,0.0,0.0,0.1111111111111111,0,0.0,0.0,0.21007363476171112,0.0,0.0,0.00012379118135634126,155,2.302585092994046,0.0,0.6931471805599453,2.3978952727983707,5.049856007249537,0.19068121293201654,1420.5,243.0,3561.0,0.0,0.0,-2.217225244042889
9910000,4611198,0,0,1,1746618390,0.0,1,100,81,6,13,99,0.07407407407407407,2.1666666666666665,0.16049382716049382,1,2074567,4.61512051684126,4.605170185988092,4.406719247264253,1.9459101490553132,2.6390573296152584,1387.5,98.5,0,0,1,1,0.0,0.0,0.0,0,0.0,0.0,0.022222222222222223,0.0,0.0,1.3095004255876383e-05,16,0.0,0.0,0.6931471805599453,0.6931471805599453,2.833213344056216,0.021978906718775244,115790.0,20648.5,3561.0,0.0,0.0,-3.9120230054281464
9674000,2584636,0,0,1,1743687572,0.0,1,100,73,9,18,100,0.1232876712328767,2.0,0.2465753424657534,1,15376371,4.61512051684126,4.61512051684126,4.30406509320417,2.302585092994046,2.9444389791664403,1387.5,39.0,15,1,5,21,0.06666666666666667,5.0,0.3333333333333333,0,0.0,0.0,0.23020971252807448,0.0,0.0,0.00013565687243846463,313,2.772588722239781,0.6931471805599453,1.791759469228055,3.091042453358316,5.749392985908253,0.20718465284150012,297.5,207.0,4.0,0.0,0.0,-1.5240780634829436
7072000,13850941,0,0,1,1746593992,0.0,1,100,94,1,5,100,0.010638297872340425,5.0,0.05319148936170213,1,3343849,4.61512051684126,4.61512051684126,4.553876891600541,0.6931471805599453,1.791759469228055,1387.5,512.5,0,0,1,1,0.0,0.0,0.0,0,0.0,0.0,0.014925373134328358,0.0,0.0,8.79515211215578e-06,16,0.0,0.0,0.6931471805599453,0.6931471805599453,2.833213344056216,0.014815085785140639,115790.0,37765.0,3561.0,0.0,0.0,-3.9219733362813143
4136000,10760248,0,0,1,1747342085,0.0,1,100,86,3,11,100,0.03488372093023256,3.6666666666666665,0.12790697674418605,1,6719353,4.61512051684126,4.61512051684126,4.465908118654584,1.3862943611198906,2.4849066497880004,1387.5,140.5,7,0,1,8,0.0,0.0,0.14285714285714285,0,0.0,0.0,0.06018092656023691,0.0,0.0,3.546312702429989e-05,127,2.0794415416798357,0.0,0.6931471805599453,2.1972245773362196,4.852030263919617,0.05843957899306016,2162.5,3342.0,3561.0,0.0,0.0,-2.41789593950504
6100000,8338094,0,0,1,1737170953,0.0,1,100,93,1,6,100,0.010752688172043012,6.0,0.06451612903225806,1,14539349,4.61512051684126,4.61512051684126,4.543294782270004,0.6931471805599453,1.9459101490553132,1387.5,395.5,0,0,1,1,0.0,0.0,0.0,0,0.0,0.0,0.011627906976744186,0.0,0.0,6.852037110632991e-06,16,0.0,0.0,0.6931471805599453,0.6931471805599453,2.833213344056216,0.011560822401075985,115790.0,58650.5,3561.0,0.0,0.0,-3.9219733362813143
3134000,10354760,0,0,1,1748438635,0.0,1,100,93,0,7,100,0.0,0.0,0.07526881720430108,1,3568291,4.61512051684126,4.61512051684126,4.543294782270004,0.0,2.0794415416798357,1387.5,333.0,1,0,1,2,0.0,0.0,1.0,0,0.0,0.0,0.0136986301369863,0.0,0.0,8.072262897458043e-06,32,0.6931471805599453,0.0,0.6931471805599453,1.0986122886681098,3.4965075614664802,0.013605652055778624,26680.5,43900.0,3561.0,0.0,0.0,-3.5165082281731497
794000,12829360,0,0,1,1745844442,0.0,1,100,57,29,14,100,0.5087719298245614,0.4827586206896552,0.24561403508771928,1,3772599,4.61512051684126,4.61512051684126,4.060443010546419,3.4011973816621555,2.70805020110221,1387.5,41.0,0,0,1,1,0.0,0.0,0.0,0,0.0,0.0,0.011363636363636364,0.0,0.0,6.696308994482241e-06,16,0.0,0.0,0.6931471805599453,0.6931471805599453,2.833213344056216,0.011299555253933367,115790.0,61498.0,3561.0,0.0,0.0,-3.9219733362813143
9246000,13311817,0,0,1,1743618283,0.0,1,100,68,11,21,100,0.16176470588235295,1.9090909090909092,0.3088235294117647,1,6769721,4.61512051684126,4.61512051684126,4.23410650459726,2.4849066497880004,3.091042453358316,1387.5,23.0,0,0,1,1,0.0,0.0,0.0,0,0.0,0.0,0.01020408163265306,0.0,0.0,6.013012158310583e-06,16,0.0,0.0,0.6931471805599453,0.6931471805599453,2.833213344056216,0.010152371464018007,115790.0,72117.5,3561.0,0.0,0.0,-3.9219733362813143
8128000,6932075,0,0,1,1745206409,0.0,1,100,89,10,1,100,0.11235955056179775,0.1,0.011235955056179775,1,5564079,4.61512051684126,4.61512051684126,4.499809670330265,2.3978952727983707,0.6931471805599453,1387.5,1238.5,0,0,1,1,0.0,0.0,0.0,1,0.0,1.0,0.018518518518518517,0.0,0.0005892751915144372,1.0912503546563651e-05,16,0.0,0.0,0.6931471805599453,0.6931471805599453,2.833213344056216,0.018349138668196534,115790.0,27162.0,3561.0,0.0,0.0,-3.9219733362813143
2438000,6291083,0,0,1,1746237735,0.0,1,100,85,12,3,100,0.1411764705882353,0.25,0.03529411764705882,1,2524986,4.61512051684126,4.61512051684126,4.454347296253507,2.5649493574615367,1.3862943611198906,1387.5,690.5,0,0,1,1,0.0,0.0,0.0,0,1.0,0.0,0.03571428571428571,0.0005892751915144372,0.0,2.1045542554087045e-05,8,0.0,0.0,0.6931471805599453,0.6931471805599453,2.1972245773362196,0.0350913198112701,115790.0,9221.5,3561.0,0.0,0.0,-3.9219733362813143
4070000,3187523,0,0,1,1748142867,0.0,1,100,79,11,10,100,0.13924050632911392,0.9090909090909091,0.12658227848101267,1,4535001,4.61512051684126,4.61512051684126,4.382026634673881,2.4849066497880004,2.3978952727983707,1387.5,145.5,0,0,1,1,0.0,0.0,0.0,1,0.0,1.0,0.011494252873563218,0.0,0.0005892751915144372,6.773278063384336e-06,16,0.0,0.0,0.6931471805599453,0.6931471805599453,2.833213344056216,0.011428695823622754,115790.0,59728.5,3561.0,0.0,0.0,-3.9219733362813143
7800000,9141684,0,0,1,1745241152,0.0,1,100,97,1,2,99,0.010309278350515464,2.0,0.020618556701030927,1,7161599,4.61512051684126,4.605170185988092,4.584967478670572,0.6931471805599453,1.0986122886681098,1387.5,1108.0,0,0,1,1,0.0,0.0,0.0,0,0.0,0.0,0.030303030303030304,0.0,0.0,1.7856823985285978e-05,16,0.0,0.0,0.6931471805599453,0.6931471805599453,2.833213344056216,0.029852963149681156,115790.0,12025.5,3561.0,0.0,0.0,-3.9120230054281464
128000,585167,0,0,1,1742529978,0.0,1,100,84,4,12,100,0.047619047619047616,3.0,0.14285714285714285,1,11099215,4.61512051684126,4.61512051684126,4.442651256490317,1.6094379124341003,2.5649493574615367,1387.5,114.5,0,0,1,1,0.0,0.0,0.0,0,0.0,0.0,0.010416666666666666,0.0,0.0,6.138283244942054e-06,16,0.0,0.0,0.6931471805599453,0.6931471805599453,2.833213344056216,0.010362787035546583,115790.0,69880.5,3561.0,0.0,0.0,-3.9219733362813143
7610000,13318118,0,0,1,1744636033,0.0,1,100,94,1,5,99,0.010638297872340425,5.0,0.05319148936170213,1,5961824,4.61512051684126,4.605170185988092,4.553876891600541,0.6931471805599453,1.791759469228055,1387.5,512.5,0,0,1,1,0.0,0.0,0.0,0,0.0,0.0,0.012658227848101266,0.0,0.0,7.4591796394232565e-06,16,0.0,0.0,0.6931471805599453,0.6931471805599453,2.833213344056216,0.012578782206860118,115790.0,51034.0,3561.0,0.0,0.0,-3.9120230054281464
1762000,12014342,0,0,1,1745312654,0.0,1,100,77,5,18,100,0.06493506493506493,3.6,0.23376623376623376,1,9504053,4.61512051684126,4.61512051684126,4.356708826689592,1.791759469228055,2.9444389791664403,1387.5,46.0,1,1,1,3,1.0,1.0,1.0,0,0.0,0.0,0.02287199480181936,0.0,0.0,1.3477899117159316e-05,47,0.6931471805599453,0.6931471805599453,0.6931471805599453,1.3862943611198906,3.871201010907891,0.022614351869470552,12635.5,19504.0,3561.0,0.0,0.0,-3.228826155721369
3990000,10418578,0,0,1,1746611332,0.0,1,100,73,21,6,100,0.2876712328767123,0.2857142857142857,0.0821917808219178,1,2698621,4.61512051684126,4.61512051684126,4.30406509320417,3.091042453358316,1.9459101490553132,1387.5,275.0,0,0,1,1,0.0,0.0,0.0,0,0.0,0.0,0.011627906976744186,0.0,0.0,6.852037110632991e-06,16,0.0,0.0,0.6931471805599453,0.6931471805599453,2.833213344056216,0.011560822401075985,115790.0,58650.5,3561.0,0.0,0.0,-3.9219733362813143
4928000,7248621,0,0,1,1742303448,0.0,1,100,73,6,21,100,0.0821917808219178,3.5,0.2876712328767123,1,6215438,4.61512051684126,4.61512051684126,4.30406509320417,1.9459101490553132,3.091042453358316,1387.5,28.0,0,0,1,1,0.0,0.0,0.0,0,0.0,0.0,0.01,0.0,0.0,5.892751915144372e-06,16,0.0,0.0,0.6931471805599453,0.6931471805599453,2.833213344056216,0.009950330853168083,115790.0,73080.0,3561.0,0.0,0.0,-3.9219733362813143
8450000,139777,0,0,1,1746276429,0.0,1,100,87,3,10,100,0.034482758620689655,3.3333333333333335,0.11494252873563218,1,5191181,4.61512051684126,4.61512051684126,4.477336814478207,1.3862943611198906,2.3978952727983707,1387.5,174.5,0,0,1,1,0.0,0.0,0.0,0,0.0,0.0,0.018518518518518517,0.0,0.0,1.0912503546563651e-05,16,0.0,0.0,0.6931471805599453,0.6931471805599453,2.833213344056216,0.018349138668196534,115790.0,27162.0,3561.0,0.0,0.0,-3.9219733362813143
7072000,9958845,0,0,1,1748096348,0.0,1,100,94,1,5,100,0.010638297872340425,5.0,0.05319148936170213,1,3343849,4.61512051684126,4.61512051684126,4.553876891600541,0.6931471805599453,1.791759469228055,1387.5,512.5,3,0,1,4,0.0,0.0,0.3333333333333333,1,0.0,1.0,0.04150988017658188,0.0,0.0005892751915144372,2.446074259079663e-05,64,1.3862943611198906,0.0,0.6931471805599453,1.6094379124341003,4.174387269895637,0.04067146816124978,7577.5,7058.0,3561.0,0.0,0.0,-3.005682604407159
1506000,12289533,0,0,1,1747016397,0.0,1,100,83,14,3,100,0.1686746987951807,0.21428571428571427,0.03614457831325301,1,2006182,4.61512051684126,4.61512051684126,4.430816798843313,2.70805020110221,1.3862943611198906,1387.5,684.5,4,0,1,5,0.0,0.0,0.25,0,0.0,0.0,0.10465109850693617,0.0,0.0,6.166829611487105e-05,70,1.6094379124341003,0.0,0.6931471805599453,1.791759469228055,4.2626798770413155,0.09952953715331046,5102.5,1168.0,3561.0,0.0,0.0,-2.8233610476132047
4398000,338122,0,0,1,1747352714,0.0,1,100,93,2,5,100,0.021505376344086023,2.5,0.053763440860215055,1,2593346,4.61512051684126,4.61512051684126,4.543294782270004,1.0986122886681098,1.791759469228055,1387.5,492.0,2,0,2,4,0.0,0.0,1.0,1,0.0,1.0,0.07649428274428274,0.0,0.0005892751915144372,4.5076183113896726e-05,64,1.0986122886681098,0.0,1.0986122886681098,1.6094379124341003,4.174387269895637,0.07370972684141733,7577.5,2156.0,171.5,0.0,0.0,-3.005682604407159
6450000,9400314,0,0,1,1744133139,0.0,1,100,89,9,2,100,0.10112359550561797,0.2222222222222222,0.02247191011235955,1,8677161,4.61512051684126,4.61512051684126,4.499809670330265,2.302585092994046,1.0986122886681098,1387.5,926.5,5,0,2,7,0.0,0.0,0.4,1,0.0,1.0,0.08368758434547909,0.0,0.0005892751915144372,4.9315017292562806e-05,105,1.791759469228055,0.0,1.0986122886681098,2.0794415416798357,4.663439094112067,0.0803696551546718,2788.0,1781.0,171.5,0.0,0.0,-2.535678975161424
9412000,11793750,0,0,1,1745499746,0.0,1,100,66,5,29,100,0.07575757575757576,5.8,0.4393939393939394,1,3796386,4.61512051684126,4.61512051684126,4.204692619390966,1.791759469228055,3.4011973816621555,1387.5,8.0,2,0,1,3,0.0,0.0,0.5,0,0.0,0.0,0.03579109062980031,0.0,0.0,2.1090801785386154e-05,48,1.0986122886681098,0.0,0.6931471805599453,1.3862943611198906,3.8918202981106265,0.035165473531967015,12635.5,8946.0,3561.0,0.0,0.0,-3.228826155721369
3368000,1444114,0,0,1,1746751760,0.0,1,100,95,3,2,100,0.031578947368421054,0.6666666666666666,0.021052631578947368,1,2229266,4.61512051684126,4.61512051684126,4.564348191467836,1.3862943611198906,1.0986122886681098,1387.5,1019.0,1,0,1,2,0.0,0.0,1.0,0,0.0,0.0,0.013333333333333334,0.0,0.0,7.857002553525831e-06,32,0.6931471805599453,0.0,0.6931471805599453,1.0986122886681098,3.4965075614664802,0.013245226750020638,26680.5,46425.5,3561.0,0.0,0.0,-3.5165082281731497
878000,12552515,0,0,1,1745313192,0.0,1,100,88,1,11,100,0.011363636363636364,11.0,0.125,1,3982234,4.61512051684126,4.61512051684126,4.48863636973214,0.6931471805599453,2.4849066497880004,1387.5,150.5,0,0,1,1,0.0,0.0,0.0,0,0.0,0.0,0.014492753623188406,0.0,0.0,8.540220166875902e-06,12,0.0,0.0,0.6931471805599453,0.6931471805599453,2.5649493574615367,0.014388737452099606,115790.0,39705.5,3561.0,0.0,0.0,-3.9219733362813143
3010000,3783237,0,0,1,1747278140,0.0,1,100,86,4,10,100,0.046511627906976744,2.5,0.11627906976744186,1,3291662,4.61512051684126,4.61512051684126,4.465908118654584,1.6094379124341003,2.3978952727983707,1387.5,170.0,0,0,1,1,0.0,0.0,0.0,0,0.0,0.0,0.012987012987012988,0.0,0.0,7.652924565122562e-06,16,0.0,0.0,0.6931471805599453,0.6931471805599453,2.833213344056216,0.012903404835907888,115790.0,48479.0,3561.0,0.0,0.0,-3.9219733362813143
8306000,11162116,0,0,1,1747418899,0.0,1,100,93,3,4,100,0.03225806451612903,1.3333333333333333,0.043010752688172046,1,3006858,4.61512051684126,4.61512051684126,4.543294782270004,1.3862943611198906,1.6094379124341003,1387.5,596.5,10,0,2,12,0.0,0.0,0.2,0,0.0,0.0,0.11892615965522155,0.0,0.0,7.008023550690722e-05,183,2.3978952727983707,0.0,1.0986122886681098,2.5649493574615367,5.214935757608986,0.1123694393555554,995.0,898.0,171.5,0.0,0.0,-2.050171159379723
9488000,12370344,0,0,1,1745126785,0.0,1,100,72,13,15,100,0.18055555555555555,1.1538461538461537,0.20833333333333334,1,6173930,4.61512051684126,4.61512051684126,4.290459441148391,2.6390573296152584,2.772588722239781,1387.5,57.0,17,2,1,20,0.11764705882352941,0.5,0.058823529411764705,0,0.0,0.0,0.11807801234848612,0.0,0.0,6.958044334029825e-05,317,2.8903717578961645,1.0986122886681098,0.6931471805599453,3.044522437723423,5.762051382780177,0.11161115078552004,335.0,906.0,3561.0,0.0,0.0,-1.5705980791178367
5508000,12287580,0,0,1,1746615738,0.0,1,100,96,2,2,100,0.020833333333333332,1.0,0.020833333333333332,1,2873614,4.61512051684126,4.61512051684126,4.574710978503383,1.0986122886681098,1.0986122886681098,1387.5,1054.0,1,0,1,2,0.0,0.0,1.0,0,0.0,0.0,0.03411880216003927,0.0,0.0,2.0105363677100335e-05,32,0.6931471805599453,0.0,0.6931471805599453,1.0986122886681098,3.4965075614664802,0.033549665192265404,26680.5,10174.0,3561.0,0.0,0.0,-3.5165082281731497
6502000,240235,0,0,1,1746596510,0.0,1,100,58,30,12,100,0.5172413793103449,0.4,0.20689655172413793,1,2055733,4.61512051684126,4.61512051684126,4.07753744390572,3.4339872044851463,2.5649493574615367,1387.5,58.0,0,0,1,1,0.0,0.0,0.0,0,0.0,0.0,0.013888888888888888,0.0,0.0,8.184377659922739e-06,12,0.0,0.0,0.6931471805599453,0.6931471805599453,2.5649493574615367,0.013793322132335818,115790.0,42984.5,3561.0,0.0,0.0,-3.9219733362813143
8940000,2192265,0,0,1,1744801352,0.0,1,100,90,0,10,100,0.0,0.0,0.1111111111111111,1,4198500,4.61512051684126,4.61512051684126,4.51085950651685,0.0,2.3978952727983707,1387.5,181.0,0,0,1,1,0.0,0.0,0.0,0,0.0,0.0,0.011235955056179775,0.0,0.0,6.621069567577946e-06,16,0.0,0.0,0.6931471805599453,0.6931471805599453,2.833213344056216,0.011173300598125229,115790.0,63278.5,3561.0,0.0,0.0,-3.9219733362813143
9038000,1616840,0,0,1,1746047978,0.0,1,100,85,4,11,100,0.047058823529411764,2.75,0.12941176470588237,1,6550654,4.61512051684126,4.61512051684126,4.454347296253507,1.6094379124341003,2.4849066497880004,1387.5,136.5,0,0,2,2,0.0,0.0,0.0,0,0.0,0.0,0.04001404001404002,0.0,0.0,2.3579281092539787e-05,32,0.0,0.0,1.0986122886681098,1.0986122886681098,3.4965075614664802,0.03923421307565695,26680.5,7310.0,171.5,0.0,0.0,-3.5165082281731497
1714000,10411056,0,0,1,1745305978,0.0,1,100,77,11,12,100,0.14285714285714285,1.0909090909090908,0.15584415584415584,1,4663775,4.61512051684126,4.61512051684126,4.356708826689592,2.4849066497880004,2.5649493574615367,1387.5,101.0,0,0,1,1,0.0,0.0,0.0,0,0.0,0.0,0.01282051282051282,0.0,0.0,7.55481014762099e-06,16,0.0,0.0,0.6931471805599453,0.6931471805599453,2.833213344056216,0.012739025777429757,115790.0,49831.0,3561.0,0.0,0.0,-3.9219733362813143
3820000,15393914,0,0,1,1731413089,0.0,1,100,66,2,32,99,0.030303030303030304,16.0,0.48484848484848486,1,18328625,4.61512051684126,4.605170185988092,4.204692619390966,1.0986122886681098,3.4965075614664802,1387.5,7.0,0,0,1,1,0.0,0.0,0.0,0,0.0,0.0,0.013157894736842105,0.0,0.0,7.753620940979438e-06,16,0.0,0.0,0.6931471805599453,0.6931471805599453,2.833213344056216,0.01307208156735277,115790.0,47497.5,3561.0,0.0,0.0,-3.9120230054281464
2682000,3349448,0,0,1,1747443847,0.0,1,100,98,0,2,100,0.0,0.0,0.02040816326530612,1,1555855,4.61512051684126,4.61512051684126,4.59511985013459,0.0,1.0986122886681098,1387.5,1177.0,0,0,1,1,0.0,0.0,0.0,0,0.0,0.0,0.023255813953488372,0.0,0.0,1.3704074221265982e-05,16,0.0,0.0,0.6931471805599453,0.6931471805599453,2.833213344056216,0.02298951822469874,115790.0,19053.5,3561.0,0.0,0.0,-3.9219733362813143
10020000,4475125,0,0,1,1748083526,0.0,1,100,76,17,7,100,0.2236842105263158,0.4117647058823529,0.09210526315789473,1,2141499,4.61512051684126,4.61512051684126,4.343805421853684,2.8903717578961645,2.0794415416798357,1387.5,232.5,0,0,1,1,0.0,0.0,0.0,1,0.0,1.0,0.013333333333333334,0.0,0.0005892751915144372,7.857002553525831e-06,16,0.0,0.0,0.6931471805599453,0.6931471805599453,2.833213344056216,0.013245226750020638,115790.0,46425.5,3561.0,0.0,0.0,-3.9219733362813143
4950000,7975448,0,0,1,1746441477,0.0,1,100,90,3,7,100,0.03333333333333333,2.3333333333333335,0.07777777777777778,1,2876975,4.61512051684126,4.61512051684126,4.51085950651685,1.3862943611198906,2.0794415416798357,1387.5,306.5,0,0,1,1,0.0,0.0,0.0,1,0.0,1.0,0.04,0.0,0.0005892751915144372,2.357100766057749e-05,16,0.0,0.0,0.6931471805599453,0.6931471805599453,2.833213344056216,0.039220713153281295,115790.0,7479.5,3561.0,0.0,0.0,-3.9219733362813143
8268000,5391710,0,0,1,1745635412,0.0,1,100,85,2,13,100,0.023529411764705882,6.5,0.15294117647058825,1,11790950,4.61512051684126,4.61512051684126,4.454347296253507,1.0986122886681098,2.6390573296152584,1387.5,104.0,1,0,1,2,0.0,0.0,1.0,0,0.0,0.0,0.06850459482038429,0.0,0.0,4.036805823240088e-05,25,0.6931471805599453,0.0,0.6931471805599453,1.0986122886681098,3.258096538021482,0.06626009602086953,26680.5,2542.0,3561.0,0.0,0.0,-3.5165082281731497
4136000,4230242,0,0,1,1743846493,0.0,1,100,86,3,11,100,0.03488372093023256,3.6666666666666665,0.12790697674418605,1,6719353,4.61512051684126,4.61512051684126,4.465908118654584,1.3862943611198906,2.4849066497880004,1387.5,140.5,0,0,1,1,0.0,0.0,0.0,0,0.0,0.0,0.011494252873563218,0.0,0.0,6.773278063384336e-06,16,0.0,0.0,0.6931471805599453,0.6931471805599453,2.833213344056216,0.011428695823622754,115790.0,59728.5,3561.0,0.0,0.0,-3.9219733362813143
678000,6863211,0,0,1,1746057868,0.0,1,100,75,15,10,100,0.2,0.6666666666666666,0.13333333333333333,1,5253561,4.61512051684126,4.61512051684126,4.330733340286331,2.772588722239781,2.3978952727983707,1387.5,131.0,6,0,2,8,0.0,0.0,0.3333333333333333,1,0.0,1.0,0.14914148351648351,0.0,0.0005892751915144372,8.788537626192311e-05,121,1.9459101490553132,0.0,1.0986122886681098,2.1972245773362196,4.804021044733257,0.13901512750571857,2162.5,544.0,171.5,0.0,0.0,-2.41789593950504
9246000,1289880,0,0,1,1742387241,0.0,1,100,68,11,21,100,0.16176470588235295,1.9090909090909092,0.3088235294117647,1,6769721,4.61512051684126,4.61512051684126,4.23410650459726,2.4849066497880004,3.091042453358316,1387.5,23.0,0,0,1,1,0.0,0.0,0.0,0,0.0,0.0,0.01020408163265306,0.0,0.0,6.013012158310583e-06,15,0.0,0.0,0.6931471805599453,0.6931471805599453,2.772588722239781,0.010152371464018007,115790.0,72117.5,3561.0,0.0,0.0,-3.9219733362813143
8418000,1820391,0,0,1,1748495646,0.0,1,100,96,1,3,100,0.010416666666666666,3.0,0.03125,1,4485464,4.61512051684126,4.61512051684126,4.574710978503383,0.6931471805599453,1.3862943611198906,1387.5,834.0,0,0,1,1,0.0,0.0,0.0,1,0.0,1.0,0.05555555555555555,0.0,0.0005892751915144372,3.2737510639690954e-05,16,0.0,0.0,0.6931471805599453,0.6931471805599453,2.833213344056216,0.054067221270275766,115790.0,3966.5,3561.0,0.0,0.0,-3.9219733362813143
7162000,13929977,0,0,1,1748234814,0.0,1,100,96,1,3,100,0.010416666666666666,3.0,0.03125,1,5446929,4.61512051684126,4.61512051684126,4.574710978503383,0.6931471805599453,1.3862943611198906,1387.5,834.0,2,0,1,3,0.0,0.0,0.5,1,0.0,1.0,0.015873015873015872,0.0,0.0005892751915144372,9.35357446848313e-06,48,1.0986122886681098,0.0,0.6931471805599453,1.3862943611198906,3.8918202981106265,0.015748356968139168,12635.5,33705.5,3561.0,0.0,0.0,-3.228826155721369
482000,7654396,0,0,1,1747838045,0.0,1,100,95,4,1,100,0.042105263157894736,0.25,0.010526315789473684,1,3412770,4.61512051684126,4.61512051684126,4.564348191467836,1.6094379124341003,0.6931471805599453,1387.5,1321.0,1,0,1,2,0.0,0.0,1.0,1,0.0,1.0,0.03426360873169384,0.0,0.0005892751915144372,2.019069459734463e-05,32,0.6931471805599453,0.0,0.6931471805599453,1.0986122886681098,3.4965075614664802,0.03368968434068653,26680.5,10146.5,3561.0,0.0,0.0,-3.5165082281731497
1762000,11485301,0,0,1,1739444421,0.0,1,100,77,5,18,100,0.06493506493506493,3.6,0.23376623376623376,1,9504053,4.61512051684126,4.61512051684126,4.356708826689592,1.791759469228055,2.9444389791664403,1387.5,46.0,0,0,1,1,0.0,0.0,0.0,0,1.0,0.0,0.010526315789473684,0.0005892751915144372,0.0,6.20289675278355e-06,8,0.0,0.0,0.6931471805599453,0.6931471805599453,2.1972245773362196,0.010471299867295404,115790.0,69030.5,3561.0,0.0,0.0,-3.9219733362813143
5956000,7640401,0,0,1,1734439930,0.0,1,100,96,0,4,100,0.0,0.0,0.041666666666666664,1,15725112,4.61512051684126,4.61512051684126,4.574710978503383,0.0,1.6094379124341003,1387.5,665.5,1,0,1,2,0.0,0.0,1.0,0,0.0,0.0,0.03195352214960058,0.0,0.0,1.8829417884266696e-05,32,0.6931471805599453,0.0,0.6931471805599453,1.0986122886681098,3.4965075614664802,0.03145362936844579,26680.5,11258.5,3561.0,0.0,0.0,-3.5165082281731497
9674000,8553899,0,0,1,1739682506,0.0,1,100,73,9,18,100,0.1232876712328767,2.0,0.2465753424657534,1,15376371,4.61512051684126,4.61512051684126,4.30406509320417,2.302585092994046,2.9444389791664403,1387.5,39.0,1,0,2,3,0.0,0.0,2.0,0,0.0,0.0,0.05055910419598805,0.0,0.0,2.9793225807889247e-05,48,0.6931471805599453,0.0,1.0986122886681098,1.3862943611198906,3.8918202981106265,0.049322502638818225,12635.5,4646.0,171.5,0.0,0.0,-3.228826155721369
1130000,15351736,0,0,1,1745193958,0.0,1,100,90,3,7,100,0.03333333333333333,2.3333333333333335,0.07777777777777778,1,3937143,4.61512051684126,4.61512051684126,4.51085950651685,1.3862943611198906,2.0794415416798357,1387.5,306.5,0,0,1,1,0.0,0.0,0.0,0,0.0,0.0,0.015151515151515152,0.0,0.0,8.928411992642989e-06,9,0.0,0.0,0.6931471805599453,0.6931471805599453,2.302585092994046,0.015037877364540516,115790.0,36747.5,3561.0,0.0,0.0,-3.9219733362813143
6152000,4999078,0,0,1,1744002184,0.0,1,100,92,3,5,100,0.03260869565217391,1.6666666666666667,0.05434782608695652,1,5732621,4.61512051684126,4.61512051684126,4.532599493153256,1.3862943611198906,1.791759469228055,1387.5,476.5,0,0,1,1,0.0,0.0,0.0,0,0.0,0.0,0.014925373134328358,0.0,0.0,8.79515211215578e-06,16,0.0,0.0,0.6931471805599453,0.6931471805599453,2.833213344056216,0.014815085785140639,115790.0,37765.0,3561.0,0.0,0.0,-3.9219733362813143
4178000,12417671,0,0,1,1745537287,0.0,1,100,99,0,1,98,0.0,0.0,0.010101010101010102,1,4394138,4.61512051684126,4.59511985013459,4.605170185988092,0.0,0.6931471805599453,1387.5,1627.0,0,0,2,2,0.0,0.0,0.0,1,0.0,1.0,0.1794871794871795,0.0,0.0005892751915144372,0.00010576734206669386,29,0.0,0.0,1.0986122886681098,1.0986122886681098,3.4011973816621555,0.16507975035944858,26680.5,341.0,171.5,0.0,0.0,-3.49650756146648
7354000,946836,0,0,1,1745499782,0.0,1,100,87,2,11,100,0.022988505747126436,5.5,0.12643678160919541,1,3951291,4.61512051684126,4.61512051684126,4.477336814478207,1.0986122886681098,2.4849066497880004,1387.5,148.5,0,0,1,1,0.0,0.0,0.0,0,0.0,0.0,0.011363636363636364,0.0,0.0,6.696308994482241e-06,16,0.0,0.0,0.6931471805599453,0.6931471805599453,2.833213344056216,0.011299555253933367,115790.0,61498.0,3561.0,0.0,0.0,-3.9219733362813143
7668000,7477029,0,0,1,1742039044,0.0,1,100,88,10,2,100,0.11363636363636363,0.2,0.022727272727272728,1,6832716,4.61512051684126,4.61512051684126,4.48863636973214,2.3978952727983707,1.0986122886681098,1387.5,921.0,0,0,1,1,0.0,0.0,0.0,0,0.0,0.0,0.043478260869565216,0.0,0.0,2.5620660500627704e-05,13,0.0,0.0,0.6931471805599453,0.6931471805599453,2.6390573296152584,0.04255961441879593,115790.0,6322.0,3561.0,0.0,0.0,-3.9219733362813143
2686000,12587234,0,0,1,1748231081,0.0,1,100,88,3,9,100,0.03409090909090909,3.0,0.10227272727272728,1,2777956,4.61512051684126,4.61512051684126,4.48863636973214,1.3862943611198906,2.302585092994046,1387.5,200.0,1,0,1,2,0.0,0.0,1.0,0,0.0,0.0,0.025015634771732333,0.0,0.0,1.4741092970967786e-05,30,0.6931471805599453,0.0,0.6931471805599453,1.0986122886681098,3.4339872044851463,0.024707865909875455,26680.5,16712.0,3561.0,0.0,0.0,-3.5165082281731497
9572000,7929234,0,0,1,1747476067,0.0,1,100,60,37,3,100,0.6166666666666667,0.08108108108108109,0.05,1,3541432,4.61512051684126,4.61512051684126,4.110873864173311,3.6375861597263857,1.3862943611198906,1387.5,537.5,1,0,1,2,0.0,0.0,1.0,0,0.0,0.0,0.030362177401865104,0.0,0.0,1.7891677903279378e-05,32,0.6931471805599453,0.0,0.6931471805599453,1.0986122886681098,3.4965075614664802,0.029910368980215773,26680.5,11840.0,3561.0,0.0,0.0,-3.5165082281731497
8850000,11851226,0,0,1,1745732648,0.0,1,100,81,7,12,100,0.08641975308641975,1.7142857142857142,0.14814814814814814,1,2932658,4.61512051684126,4.61512051684126,4.406719247264253,2.0794415416798357,2.5649493574615367,1387.5,110.0,2,0,1,3,0.0,0.0,0.5,0,0.0,0.0,0.012048192771084338,0.0,0.0,7.099701102583582e-06,41,1.0986122886681098,0.0,0.6931471805599453,1.3862943611198906,3.7376696182833684,0.011976191046715693,12635.5,55873.0,3561.0,0.0,0.0,-3.228826155721369
7896000,12127533,0,0,1,1745495590,0.0,1,100,81,13,6,100,0.16049382716049382,0.46153846153846156,0.07407407407407407,1,6535263,4.61512051684126,4.61512051684126,4.406719247264253,2.6390573296152584,1.9459101490553132,1387.5,338.0,0,0,1,1,0.0,0.0,0.0,0,1.0,0.0,0.02857142857142857,0.0005892751915144372,0.0,1.6836434043269635e-05,8,0.0,0.0,0.6931471805599453,0.6931471805599453,2.1972245773362196,0.02817087696669632,115790.0,13217.5,3561.0,0.0,0.0,-3.9219733362813143
1608000,3376637,0,0,1,1744549372,0.0,1,100,94,2,4,100,0.02127659574468085,2.0,0.0425531914893617,1,5559641,4.61512051684126,4.61512051684126,4.553876891600541,1.0986122886681098,1.6094379124341003,1387.5,616.0,6,0,1,7,0.0,0.0,0.16666666666666666,0,0.0,0.0,0.07667097478758468,0.0,0.0,4.5180303351552554e-05,110,1.9459101490553132,0.0,0.6931471805599453,2.0794415416798357,4.709530201312334,0.07387384990914794,2788.0,2149.0,3561.0,0.0,0.0,-2.535678975161424
7474000,7761680,0,0,1,1743376309,0.0,1,100,95,0,5,100,0.0,0.0,0.05263157894736842,1,18923426,4.61512051684126,4.61512051684126,4.564348191467836,0.0,1.791759469228055,1387.5,527.5,0,0,1,1,0.0,0.0,0.0,0,0.0,0.0,0.015625,0.0,0.0,9.207424867413082e-06,16,0.0,0.0,0.6931471805599453,0.6931471805599453,2.833213344056216,0.015504186535965254,115790.0,34848.5,3561.0,0.0,0.0,-3.9219733362813143
1378000,1271003,0,0,1,1746866224,0.0,1,100,90,5,5,100,0.05555555555555555,1.0,0.05555555555555555,1,3623419,4.61512051684126,4.61512051684126,4.51085950651685,1.791759469228055,1.791759469228055,1387.5,454.5,1,0,1,2,0.0,0.0,1.0,0,0.0,0.0,0.025974025974025976,0.0,0.0,1.5305849130245125e-05,32,0.6931471805599453,0.0,0.6931471805599453,1.0986122886681098,3.4965075614664802,0.025642430613337645,26680.5,15855.5,3561.0,0.0,0.0,-3.5165082281731497
1822000,13357574,0,0,1,1745819648,0.0,1,100,91,1,8,100,0.01098901098901099,8.0,0.08791208791208792,1,3562540,4.61512051684126,4.61512051684126,4.5217885770490405,0.6931471805599453,2.1972245773362196,1387.5,256.0,0,0,1,1,0.0,0.0,0.0,1,0.0,1.0,0.04,0.0,0.0005892751915144372,2.357100766057749e-05,16,0.0,0.0,0.6931471805599453,0.6931471805599453,2.833213344056216,0.039220713153281295,115790.0,7479.5,3561.0,0.0,0.0,-3.9219733362813143
5852000,7288765,0,0,1,1747867812,0.0,1,100,78,9,13,100,0.11538461538461539,1.4444444444444444,0.16666666666666666,1,5324194,4.61512051684126,4.61512051684126,4.3694478524670215,2.302585092994046,2.6390573296152584,1387.5,91.0,2,0,1,3,0.0,0.0,0.5,1,0.0,1.0,0.04061962134251291,0.0,0.0005892751915144372,2.3936135145853217e-05,48,1.0986122886681098,0.0,0.6931471805599453,1.3862943611198906,3.8918202981106265,0.03981632549344645,12635.5,7196.0,3561.0,0.0,0.0,-3.228826155721369
9186000,12637841,0,0,1,1744692736,0.0,1,100,92,7,1,100,0.07608695652173914,0.14285714285714285,0.010869565217391304,1,5114344,4.61512051684126,4.61512051684126,4.532599493153256,2.0794415416798357,0.6931471805599453,1387.5,1260.5,1,0,1,2,0.0,0.0,1.0,1,0.0,1.0,0.045454545454545456,0.0,0.0005892751915144372,2.6785235977928965e-05,32,0.6931471805599453,0.0,0.6931471805599453,1.0986122886681098,3.4965075614664802,0.04445176257083384,26680.5,5778.0,3561.0,0.0,0.0,-3.5165082281731497
9352000,9602046,0,0,1,1746596093,0.0,1,100,83,7,10,100,0.08433734939759036,1.4285714285714286,0.12048192771084337,1,2188752,4.61512051684126,4.61512051684126,4.430816798843313,2.0794415416798357,2.3978952727983707,1387.5,153.0,0,0,1,1,0.0,0.0,0.0,0,0.0,0.0,0.012987012987012988,0.0,0.0,7.652924565122562e-06,11,0.0,0.0,0.6931471805599453,0.6931471805599453,2.4849066497880004,0.012903404835907888,115790.0,48479.0,3561.0,0.0,0.0,-3.9219733362813143
3904000,13025429,0,0,1,1742787017,0.0,1,100,86,6,8,100,0.06976744186046512,1.3333333333333333,0.09302325581395349,1,6396130,4.61512051684126,4.61512051684126,4.465908118654584,1.9459101490553132,2.1972245773362196,1387.5,228.5,1,0,1,2,0.0,0.0,1.0,0,0.0,0.0,0.011764705882352941,0.0,0.0,6.932649311934555e-06,30,0.6931471805599453,0.0,0.6931471805599453,1.0986122886681098,3.4339872044851463,0.011696039763191278,26680.5,57837.0,3561.0,0.0,0.0,-3.5165082281731497
1964000,10041610,0,0,1,1747975894,0.0,1,100,77,14,9,100,0.18181818181818182,0.6428571428571429,0.11688311688311688,1,1728029,4.61512051684126,4.61512051684126,4.356708826689592,2.70805020110221,2.302585092994046,1387.5,164.0,2,0,1,3,0.0,0.0,0.5,0,0.0,0.0,0.017857142857142856,0.0,0.0,1.0522771277043522e-05,47,1.0986122886681098,0.0,0.6931471805599453,1.3862943611198906,3.871201010907891,0.017699577099400916,12635.5,28323.5,3561.0,0.0,0.0,-3.228826155721369
140000,12928825,0,0,1,1746938032,0.0,1,100,83,9,8,100,0.10843373493975904,0.8888888888888888,0.0963855421686747,1,1887558,4.61512051684126,4.61512051684126,4.430816798843313,2.302585092994046,2.1972245773362196,1387.5,219.5,2,0,1,3,0.0,0.0,0.5,0,0.0,0.0,0.02882779686903398,0.0,0.0,1.6987505520939293e-05,43,1.0986122886681098,0.0,0.6931471805599453,1.3862943611198906,3.784189633918261,0.028420092865839484,12635.5,12959.5,3561.0,0.0,0.0,-3.228826155721369
2426000,13270343,0,0,1,1742651641,0.0,1,100,85,3,12,100,0.03529411764705882,4.0,0.1411764705882353,1,8785872,4.61512051684126,4.61512051684126,4.454347296253507,1.3862943611198906,2.5649493574615367,1387.5,117.5,0,0,1,1,0.0,0.0,0.0,0,0.0,0.0,0.012987012987012988,0.0,0.0,7.652924565122562e-06,16,0.0,0.0,0.6931471805599453,0.6931471805599453,2.833213344056216,0.012903404835907888,115790.0,48479.0,3561.0,0.0,0.0,-3.9219733362813143
4472000,5138896,0,0,1,1747292583,0.0,1,100,94,2,4,100,0.02127659574468085,2.0,0.0425531914893617,1,2980552,4.61512051684126,4.61512051684126,4.553876891600541,1.0986122886681098,1.6094379124341003,1387.5,616.0,1,0,1,2,0.0,0.0,1.0,0,0.0,0.0,0.04076479076479077,0.0,0.0,2.4021679884968043e-05,32,0.6931471805599453,0.0,0.6931471805599453,1.0986122886681098,3.4965075614664802,0.03995581863240609,26680.5,7171.5,3561.0,0.0,0.0,-3.5165082281731497
9852000,12720734,0,0,1,1746455577,0.0,1,100,93,3,4,100,0.03225806451612903,1.3333333333333333,0.043010752688172046,1,4198190,4.61512051684126,4.61512051684126,4.543294782270004,1.3862943611198906,1.6094379124341003,1387.5,596.5,1,0,1,2,0.0,0.0,1.0,1,0.0,1.0,0.036630036630036625,0.0,0.0005892751915144372,2.1585171850345685e-05,32,0.6931471805599453,0.0,0.6931471805599453,1.0986122886681098,3.4965075614664802,0.03597510245827789,26680.5,8787.0,3561.0,0.0,0.0,-3.5165082281731497
2836000,1050958,0,0,1,1747706508,0.0,1,100,96,0,4,100,0.0,0.0,0.041666666666666664,1,3320664,4.61512051684126,4.61512051684126,4.574710978503383,0.0,1.6094379124341003,1387.5,665.5,0,0,1,1,0.0,0.0,0.0,1,0.0,1.0,0.02127659574468085,0.0,0.0005892751915144372,1.2537770032222069e-05,16,0.0,0.0,0.6931471805599453,0.6931471805599453,2.833213344056216,0.021053409197832343,115790.0,22267.5,3561.0,0.0,0.0,-3.9219733362813143
156000,6764456,0,0,1,1747667416,0.0,1,100,84,6,10,100,0.07142857142857142,1.6666666666666667,0.11904761904761904,1,3503009,4.61512051684126,4.61512051684126,4.442651256490317,1.9459101490553132,2.3978952727983707,1387.5,154.5,0,0,1,1,0.0,0.0,0.0,0,0.0,0.0,0.010752688172043012,0.0,0.0,6.3362923818756694e-06,16,0.0,0.0,0.6931471805599453,0.6931471805599453,2.833213344056216,0.01069528911674796,115790.0,67219.5,3561.0,0.0,0.0,-3.9219733362813143
10020000,13537338,0,0,1,1747976559,0.0,1,100,76,17,7,100,0.2236842105263158,0.4117647058823529,0.09210526315789473,1,2141499,4.61512051684126,4.61512051684126,4.343805421853684,2.8903717578961645,2.0794415416798357,1387.5,232.5,3,2,1,6,0.6666666666666666,0.5,0.3333333333333333,0,0.0,0.0,0.07524490835582437,0.0,0.0,4.433995778186469e-05,96,1.3862943611198906,1.0986122886681098,0.6931471805599453,1.9459101490553132,4.574710978503383,0.07254845735854572,3676.0,2205.0,3561.0,0.0,0.0,-2.6692103677859462
1294000,7633592,0,0,1,1744809838,0.0,1,100,86,4,10,100,0.046511627906976744,2.5,0.11627906976744186,1,3729563,4.61512051684126,4.61512051684126,4.465908118654584,1.6094379124341003,2.3978952727983707,1387.5,170.0,0,0,1,1,0.0,0.0,0.0,0,0.0,0.0,0.01020408163265306,0.0,0.0,6.013012158310583e-06,10,0.0,0.0,0.6931471805599453,0.6931471805599453,2.3978952727983707,0.010152371464018007,115790.0,72117.5,3561.0,0.0,0.0,-3.9219733362813143
3112000,12917270,0,0,1,1746021039,0.0,1,100,94,2,4,94,0.02127659574468085,2.0,0.0425531914893617,1,5380058,4.61512051684126,4.553876891600541,4.553876891600541,1.0986122886681098,1.6094379124341003,1387.5,616.0,1,0,1,2,0.0,0.0,1.0,0,0.0,0.0,0.027417840375586856,0.0,0.0,1.6156653138236213e-05,32,0.6931471805599453,0.0,0.6931471805599453,1.0986122886681098,3.4965075614664802,0.027048703486200063,26680.5,14327.0,3561.0,0.0,0.0,-3.4552646029324308
1976000,6801287,0,0,1,1744635416,0.0,1,100,92,2,6,100,0.021739130434782608,3.0,0.06521739130434782,1,6487833,4.61512051684126,4.61512051684126,4.532599493153256,1.0986122886681098,1.9459101490553132,1387.5,382.0,1,0,1,2,0.0,0.0,1.0,1,0.0,1.0,0.038461538461538464,0.0,0.0005892751915144372,2.2664430442862972e-05,32,0.6931471805599453,0.0,0.6931471805599453,1.0986122886681098,3.4965075614664802,0.03774032798284703,26680.5,8060.0,3561.0,0.0,0.0,-3.5165082281731497
4114000,7779760,0,1,1,1748535855,0.0,1,100,94,3,3,99,0.031914893617021274,1.0,0.031914893617021274,1,3859110,4.61512051684126,4.605170185988092,4.553876891600541,1.3862943611198906,1.3862943611198906,1387.5,763.5,1,1,1,2,1.0,1.0,1.0,1,0.0,1.0,0.023346828609986506,0.0,0.0005892751915144372,1.3757706900404541e-05,30,0.6931471805599453,0.6931471805599453,0.6931471805599453,1.0986122886681098,3.4339872044851463,0.02307846041080296,26680.5,18664.0,3561.0,0.0,0.6931471805599453,-3.506557897319982
6404000,7298201,0,0,1,1747406918,0.0,1,100,90,3,7,100,0.03333333333333333,2.3333333333333335,0.07777777777777778,1,3198719,4.61512051684126,4.61512051684126,4.51085950651685,1.3862943611198906,2.0794415416798357,1387.5,306.5,1,0,1,2,0.0,0.0,1.0,0,0.0,0.0,0.025342039800995024,0.0,0.0,1.4933435357097834e-05,31,0.6931471805599453,0.0,0.6931471805599453,1.0986122886681098,3.4657359027997265,0.025026254292612675,26680.5,16579.0,3561.0,0.0,0.0,-3.5165082281731497
8890000,486384,1,0,0,1747152409,0.0,0,100,95,2,3,100,0.021052631578947368,1.5,0.031578947368421054,1,3216172,4.61512051684126,4.61512051684126,4.564348191467836,1.0986122886681098,1.3862943611198906,1387.5,792.5,6,0,0,6,0.0,0.0,0.0,0,0.0,0.0,0.06060640174115352,0.0,0.0,3.571384899301916e-05,92,1.9459101490553132,0.0,0.0,1.9459101490553132,4.532599493153256,0.05884082166454075,3676.0,3310.0,100589.5,0.6931471805599453,0.0,-2.6692103677859462
7780000,141584,1,0,0,1749599721,0.0,0,100,100,0,0,100,0.0,0.0,0.0,0,2652754,4.61512051684126,4.61512051684126,4.61512051684126,0.0,0.0,1387.5,2349.0,2,0,0,2,0.0,0.0,0.0,0,0.0,0.0,0.0,0.0,0.0,0.0,32,1.0986122886681098,0.0,0.0,1.0986122886681098,3.4965075614664802,0.0,26680.5,133760.5,100589.5,0.6931471805599453,0.0,-3.5165082281731497
6844000,4663243,1,0,0,1750494897,0.0,0,61,61,0,0,61,0.0,0.0,0.0,0,2491433,4.127134385045092,4.127134385045092,4.127134385045092,0.0,0.0,2852.0,2349.0,1,0,0,1,0.0,0.0,0.0,0,0.0,0.0,0.0,0.0,0.0,0.0,16,0.6931471805599453,0.0,0.0,0.6931471805599453,2.833213344056216,0.0,115790.0,133760.5,100589.5,0.6931471805599453,0.0,-3.4339872044851463
1136000,9887019,1,0,0,1748923716,0.0,0,100,98,2,0,100,0.02040816326530612,0.0,0.0,0,3048384,4.61512051684126,4.61512051684126,4.59511985013459,1.0986122886681098,0.0,1387.5,2349.0,1,0,0,1,0.0,0.0,0.0,0,0.0,0.0,0.0,0.0,0.0,0.0,16,0.6931471805599453,0.0,0.0,0.6931471805599453,2.833213344056216,0.0,115790.0,133760.5,100589.5,0.6931471805599453,0.0,-3.9219733362813143
1348000,10752518,1,0,0,1744985269,0.0,0,100,93,2,5,100,0.021505376344086023,2.5,0.053763440860215055,1,6516438,4.61512051684126,4.61512051684126,4.543294782270004,1.0986122886681098,1.791759469228055,1387.5,492.0,1,0,0,1,0.0,0.0,0.0,0,0.0,0.0,0.023255813953488372,0.0,0.0,1.3704074221265982e-05,16,0.6931471805599453,0.0,0.0,0.6931471805599453,2.833213344056216,0.02298951822469874,115790.0,19053.5,100589.5,0.6931471805599453,0.0,-3.9219733362813143
1034000,11938267,1,0,0,1740547859,0.0,0,100,93,0,7,100,0.0,0.0,0.07526881720430108,1,15797652,4.61512051684126,4.61512051684126,4.543294782270004,0.0,2.0794415416798357,1387.5,333.0,2,0,0,2,0.0,0.0,0.0,0,0.0,0.0,0.012658227848101266,0.0,0.0,7.4591796394232565e-06,32,1.0986122886681098,0.0,0.0,1.0986122886681098,3.4965075614664802,0.012578782206860118,26680.5,51034.0,100589.5,0.6931471805599453,0.0,-3.5165082281731497
3580000,24074,1,0,0,1747144398,0.0,0,100,80,9,11,100,0.1125,1.2222222222222223,0.1375,1,3187291,4.61512051684126,4.61512051684126,4.394449154672439,2.302585092994046,2.4849066497880004,1387.5,127.5,1,0,0,1,0.0,0.0,0.0,0,0.0,0.0,0.013513513513513514,0.0,0.0,7.963178263708612e-06,16,0.6931471805599453,0.0,0.0,0.6931471805599453,2.833213344056216,0.013423020332140687,115790.0,45044.5,100589.5,0.6931471805599453,0.0,-3.9219733362813143
8304000,15617214,1,0,0,1745650854,0.0,0,100,95,4,1,98,0.042105263157894736,0.25,0.010526315789473684,1,5980115,4.61512051684126,4.59511985013459,4.564348191467836,1.6094379124341003,0.6931471805599453,1387.5,1321.0,2,0,0,2,0.0,0.0,0.0,0,0.0,0.0,0.013513513513513514,0.0,0.0,7.963178263708612e-06,31,1.0986122886681098,0.0,0.0,1.0986122886681098,3.4657359027997265,0.013423020332140687,26680.5,45044.5,100589.5,0.6931471805599453,0.0,-3.49650756146648
1472000,3143225,1,0,0,1746873405,0.0,0,100,97,3,0,100,0.030927835051546393,0.0,0.0,0,4122113,4.61512051684126,4.61512051684126,4.584967478670572,1.3862943611198906,0.0,1387.5,2349.0,6,0,0,6,0.0,0.0,0.0,0,0.0,0.0,0.038880706921944036,0.0,0.0,2.2911436017645276e-05,96,1.9459101490553132,0.0,0.0,1.9459101490553132,4.574710978503383,0.03814389024325549,3676.0,7850.5,100589.5,0.6931471805599453,0.0,-2.6692103677859462
4506000,8405779,1,0,0,1749821686,0.0,0,100,93,4,3,100,0.043010752688172046,0.75,0.03225806451612903,1,2002877,4.61512051684126,4.61512051684126,4.543294782270004,1.6094379124341003,1.3862943611198906,1387.5,742.0,22,0,0,22,0.0,0.0,0.0,0,0.0,0.0,0.0,0.0,0.0,0.0,320,3.1354942159291497,0.0,0.0,3.1354942159291497,5.771441123130016,0.0,260.5,133760.5,100589.5,0.6931471805599453,0.0,-1.47962630091211
5574000,7593648,1,0,0,1748557632,0.0,0,100,100,0,0,100,0.0,0.0,0.0,0,2899903,4.61512051684126,4.61512051684126,4.61512051684126,0.0,0.0,1387.5,2349.0,2,0,0,2,0.0,0.0,0.0,0,0.0,0.0,0.0,0.0,0.0,0.0,29,1.0986122886681098,0.0,0.0,1.0986122886681098,3.4011973816621555,0.0,26680.5,133760.5,100589.5,0.6931471805599453,0.0,-3.5165082281731497
7372000,13776589,1,0,0,1749077621,0.0,0,100,99,1,0,100,0.010101010101010102,0.0,0.0,0,2210993,4.61512051684126,4.61512051684126,4.605170185988092,0.6931471805599453,0.0,1387.5,2349.0,1,0,0,1,0.0,0.0,0.0,0,0.0,0.0,0.0,0.0,0.0,0.0,16,0.6931471805599453,0.0,0.0,0.6931471805599453,2.833213344056216,0.0,115790.0,133760.5,100589.5,0.6931471805599453,0.0,-3.9219733362813143
776000,9756264,1,0,0,1744862096,0.0,0,100,83,14,3,100,0.1686746987951807,0.21428571428571427,0.03614457831325301,1,6625844,4.61512051684126,4.61512051684126,4.430816798843313,2.70805020110221,1.3862943611198906,1387.5,684.5,2,0,1,3,0.0,0.0,0.5,0,0.0,0.0,0.03816091954022989,0.0,0.0,2.2487283170436e-05,48,1.0986122886681098,0.0,0.6931471805599453,1.3862943611198906,3.8918202981106265,0.03745080118682286,12635.5,8262.0,3561.0,0.6931471805599453,0.0,-3.228826155721369
9824000,14745291,1,0,0,1747810684,0.0,0,100,96,2,2,100,0.020833333333333332,1.0,0.020833333333333332,1,1843150,4.61512051684126,4.61512051684126,4.574710978503383,1.0986122886681098,1.0986122886681098,1387.5,1054.0,2,0,0,2,0.0,0.0,0.0,0,0.0,0.0,0.013513513513513514,0.0,0.0,7.963178263708612e-06,32,1.0986122886681098,0.0,0.0,1.0986122886681098,3.4965075614664802,0.013423020332140687,26680.5,45044.5,100589.5,0.6931471805599453,0.0,-3.5165082281731497
4268000,1023345,1,0,0,1747933527,0.0,0,100,84,14,2,100,0.16666666666666666,0.14285714285714285,0.023809523809523808,1,2469317,4.61512051684126,4.61512051684126,4.442651256490317,2.70805020110221,1.0986122886681098,1387.5,909.0,1,1,0,2,1.0,0.0,0.0,0,0.0,0.0,0.02804284323271665,0.0,0.0,1.6524951816568443e-05,32,0.6931471805599453,0.6931471805599453,0.0,1.0986122886681098,3.4965075614664802,0.027656842460957627,26680.5,13571.5,100589.5,0.6931471805599453,0.0,-3.5165082281731497
1754000,12448184,1,0,0,1748566871,0.0,0,100,97,1,2,100,0.010309278350515464,2.0,0.020618556701030927,1,4059432,4.61512051684126,4.61512051684126,4.584967478670572,0.6931471805599453,1.0986122886681098,1387.5,1108.0,7,1,0,8,0.14285714285714285,0.0,0.0,0,0.0,0.0,0.0,0.0,0.0,0.0,127,2.0794415416798357,0.6931471805599453,0.0,2.1972245773362196,4.852030263919617,0.0,2162.5,133760.5,100589.5,0.6931471805599453,0.0,-2.41789593950504
1330000,1727068,1,0,0,1738750198,0.0,0,100,98,1,1,100,0.01020408163265306,1.0,0.01020408163265306,1,15556211,4.61512051684126,4.61512051684126,4.59511985013459,0.6931471805599453,0.6931471805599453,1387.5,1497.0,1,0,0,1,0.0,0.0,0.0,0,0.0,0.0,0.0,0.0,0.0,0.0,16,0.6931471805599453,0.0,0.0,0.6931471805599453,2.833213344056216,0.0,115790.0,133760.5,100589.5,0.6931471805599453,0.0,-3.9219733362813143
6116000,5720644,1,0,0,1748457747,0.0,0,100,98,2,0,100,0.02040816326530612,0.0,0.0,0,6096992,4.61512051684126,4.61512051684126,4.59511985013459,1.0986122886681098,0.0,1387.5,2349.0,27,0,2,29,0.0,0.0,0.07407407407407407,2,0.0,2.0,0.06269092441907197,0.0,0.0011785503830288745,3.6942206493265744e-05,438,3.332204510175204,0.0,1.0986122886681098,3.4011973816621555,6.0844994130751715,0.060804299244370225,127.0,3023.0,171.5,0.6931471805599453,0.0,-1.2139231351791042
9982000,10381631,1,0,0,1740600140,0.0,0,93,88,5,0,93,0.056818181818181816,0.0,0.0,0,20409891,4.543294782270004,4.543294782270004,4.48863636973214,1.791759469228055,0.0,2788.5,2349.0,16,1,1,18,0.0625,1.0,0.0625,0,0.0,0.0,0.11778825716165389,0.0,0.0,6.940969779708539e-05,276,2.833213344056216,0.6931471805599453,0.6931471805599453,2.9444389791664403,5.6240175061873385,0.11135196248574947,437.0,910.0,3561.0,0.6931471805599453,0.0,-1.5988558031035636
8662000,10307158,1,0,0,1748512078,0.0,0,100,100,0,0,100,0.0,0.0,0.0,0,4113029,4.61512051684126,4.61512051684126,4.61512051684126,0.0,0.0,1387.5,2349.0,14,0,0,14,0.0,0.0,0.0,0,0.0,0.0,0.012987012987012988,0.0,0.0,7.652924565122562e-06,217,2.70805020110221,0.0,0.0,2.70805020110221,5.384495062789089,0.012903404835907888,721.5,48479.0,100589.5,0.6931471805599453,0.0,-1.9070703157390496
6254000,5199366,1,0,0,1747148522,0.0,0,100,97,2,1,100,0.020618556701030927,0.5,0.010309278350515464,1,3269837,4.61512051684126,4.61512051684126,4.584967478670572,1.0986122886681098,0.6931471805599453,1387.5,1403.0,6,0,0,6,0.0,0.0,0.0,0,0.0,0.0,0.027730294396961064,0.0,0.0,1.6340774541520957e-05,95,1.9459101490553132,0.0,0.0,1.9459101490553132,4.564348191467836,0.02735277307465939,3676.0,14226.0,100589.5,0.6931471805599453,0.0,-2.6692103677859462
8268000,14732459,1,0,0,1750493730,0.0,0,100,85,2,13,100,0.023529411764705882,6.5,0.15294117647058825,1,11790950,4.61512051684126,4.61512051684126,4.454347296253507,1.0986122886681098,2.6390573296152584,1387.5,104.0,1,0,0,1,0.0,0.0,0.0,0,0.0,0.0,0.0,0.0,0.0,0.0,16,0.6931471805599453,0.0,0.0,0.6931471805599453,2.833213344056216,0.0,115790.0,133760.5,100589.5,0.6931471805599453,0.0,-3.9219733362813143
3624000,5816211,1,0,0,1735898675,0.0,0,59,56,3,0,59,0.05357142857142857,0.0,0.0,0,19637185,4.0943445622221,4.0943445622221,4.04305126783455,1.3862943611198906,0.0,2855.0,2349.0,2,0,0,2,0.0,0.0,0.0,0,0.0,0.0,0.0,0.0,0.0,0.0,32,1.0986122886681098,0.0,0.0,1.0986122886681098,3.4965075614664802,0.0,26680.5,133760.5,100589.5,0.6931471805599453,0.0,-2.9957322735539904
2086000,7377593,1,0,0,1746853600,0.0,0,100,86,14,0,100,0.16279069767441862,0.0,0.0,0,1817279,4.61512051684126,4.61512051684126,4.465908118654584,2.70805020110221,0.0,1387.5,2349.0,3,0,0,3,0.0,0.0,0.0,0,0.0,0.0,0.0,0.0,0.0,0.0,40,1.3862943611198906,0.0,0.0,1.3862943611198906,3.713572066704308,0.0,12635.5,133760.5,100589.5,0.6931471805599453,0.0,-3.228826155721369
8422000,12513541,1,0,0,1747918471,0.0,0,100,100,0,0,100,0.0,0.0,0.0,0,4967721,4.61512051684126,4.61512051684126,4.61512051684126,0.0,0.0,1387.5,2349.0,12,0,0,12,0.0,0.0,0.0,0,0.0,0.0,0.03571428571428571,0.0,0.0,2.1045542554087045e-05,188,2.5649493574615367,0.0,0.0,2.5649493574615367,5.241747015059643,0.0350913198112701,995.0,9221.5,100589.5,0.6931471805599453,0.0,-2.050171159379723
9590000,4505234,1,0,0,1747817790,0.0,0,100,88,6,6,100,0.06818181818181818,1.0,0.06818181818181818,1,3315434,4.61512051684126,4.61512051684126,4.48863636973214,1.9459101490553132,1.9459101490553132,1387.5,358.0,2,0,0,2,0.0,0.0,0.0,0,0.0,0.0,0.025158227848101268,0.0,0.0,1.4825119533353723e-05,32,1.0986122886681098,0.0,0.0,1.0986122886681098,3.4965075614664802,0.024846969309054147,26680.5,16662.0,100589.5,0.6931471805599453,0.0,-3.5165082281731497
5506000,811166,1,0,0,1747608246,0.0,0,100,89,6,5,100,0.06741573033707865,0.8333333333333334,0.056179775280898875,1,3248895,4.61512051684126,4.61512051684126,4.499809670330265,1.9459101490553132,1.791759469228055,1387.5,445.5,1,1,0,2,1.0,0.0,0.0,0,0.0,0.0,0.012195121951219513,0.0,0.0,7.186282823346796e-06,25,0.6931471805599453,0.6931471805599453,0.0,1.0986122886681098,3.258096538021482,0.01212136053234481,26680.5,54473.0,100589.5,0.6931471805599453,0.0,-3.5165082281731497
1742000,12875678,1,0,0,1745145328,0.0,0,100,100,0,0,100,0.0,0.0,0.0,0,5485134,4.61512051684126,4.61512051684126,4.61512051684126,0.0,0.0,1387.5,2349.0,1,0,0,1,0.0,0.0,0.0,0,0.0,0.0,0.0,0.0,0.0,0.0,16,0.6931471805599453,0.0,0.0,0.6931471805599453,2.833213344056216,0.0,115790.0,133760.5,100589.5,0.6931471805599453,0.0,-3.9219733362813143
6768000,4417093,1,0,0,1749788769,0.0,0,100,98,1,1,100,0.01020408163265306,1.0,0.01020408163265306,1,8483514,4.61512051684126,4.61512051684126,4.59511985013459,0.6931471805599453,0.6931471805599453,1387.5,1497.0,3,0,0,3,0.0,0.0,0.0,0,0.0,0.0,0.0,0.0,0.0,0.0,48,1.3862943611198906,0.0,0.0,1.3862943611198906,3.8918202981106265,0.0,12635.5,133760.5,100589.5,0.6931471805599453,0.0,-3.228826155721369
5370000,11495268,1,0,0,1748609155,0.0,0,100,91,9,0,100,0.0989010989010989,0.0,0.0,0,2883233,4.61512051684126,4.61512051684126,4.5217885770490405,2.302585092994046,0.0,1387.5,2349.0,1,0,0,1,0.0,0.0,0.0,0,0.0,0.0,0.0,0.0,0.0,0.0,16,0.6931471805599453,0.0,0.0,0.6931471805599453,2.833213344056216,0.0,115790.0,133760.5,100589.5,0.6931471805599453,0.0,-3.9219733362813143
2152000,7606095,1,0,0,1749114190,0.0,0,100,100,0,0,97,0.0,0.0,0.0,0,3696610,4.61512051684126,4.584967478670572,4.61512051684126,0.0,0.0,1387.5,2349.0,3,0,0,3,0.0,0.0,0.0,0,0.0,0.0,0.0,0.0,0.0,0.0,47,1.3862943611198906,0.0,0.0,1.3862943611198906,3.871201010907891,0.0,12635.5,133760.5,100589.5,0.6931471805599453,0.0,-3.1986731175506815
6046000,9946517,1,0,0,1749040918,0.0,0,100,99,0,1,100,0.0,0.0,0.010101010101010102,1,4083298,4.61512051684126,4.61512051684126,4.605170185988092,0.0,0.6931471805599453,1387.5,1627.0,8,0,0,8,0.0,0.0,0.0,0,0.0,0.0,0.03979511426319937,0.0,0.0,2.345027357878572e-05,121,2.1972245773362196,0.0,0.0,2.1972245773362196,4.804021044733257,0.0390236882289911,2162.5,7686.5,100589.5,0.6931471805599453,0.0,-2.41789593950504
500000,3908654,1,0,0,1748174419,0.0,0,100,95,4,1,100,0.042105263157894736,0.25,0.010526315789473684,1,2159957,4.61512051684126,4.61512051684126,4.564348191467836,1.6094379124341003,0.6931471805599453,1387.5,1321.0,1,1,0,2,1.0,0.0,0.0,0,0.0,0.0,0.0,0.0,0.0,0.0,32,0.6931471805599453,0.6931471805599453,0.0,1.0986122886681098,3.4965075614664802,0.0,26680.5,133760.5,100589.5,0.6931471805599453,0.0,-3.5165082281731497
7698000,3326121,1,0,0,1747033558,0.0,0,100,99,0,1,100,0.0,0.0,0.010101010101010102,1,4797767,4.61512051684126,4.61512051684126,4.605170185988092,0.0,0.6931471805599453,1387.5,1627.0,10,0,0,10,0.0,0.0,0.0,0,0.0,0.0,0.01694915254237288,0.0,0.0,9.98771511041419e-06,152,2.3978952727983707,0.0,0.0,2.3978952727983707,5.030437921392435,0.016807118316381233,1420.5,30682.0,100589.5,0.6931471805599453,0.0,-2.217225244042889
5034000,2379416,1,0,0,1743516338,0.0,0,100,92,6,2,100,0.06521739130434782,0.3333333333333333,0.021739130434782608,1,18354920,4.61512051684126,4.61512051684126,4.532599493153256,1.9459101490553132,1.0986122886681098,1387.5,959.0,1,0,0,1,0.0,0.0,0.0,0,0.0,0.0,0.0,0.0,0.0,0.0,16,0.6931471805599453,0.0,0.0,0.6931471805599453,2.833213344056216,0.0,115790.0,133760.5,100589.5,0.6931471805599453,0.0,-3.9219733362813143
9050000,5304680,1,0,0,1749893633,0.0,0,100,94,0,6,100,0.0,0.0,0.06382978723404255,1,6042775,4.61512051684126,4.61512051684126,4.553876891600541,0.0,1.9459101490553132,1387.5,409.5,1,0,0,1,0.0,0.0,0.0,0,0.0,0.0,0.0,0.0,0.0,0.0,16,0.6931471805599453,0.0,0.0,0.6931471805599453,2.833213344056216,0.0,115790.0,133760.5,100589.5,0.6931471805599453,0.0,-3.9219733362813143
7628000,7857109,1,0,0,1742142868,0.0,0,100,99,0,1,100,0.0,0.0,0.010101010101010102,1,10611392,4.61512051684126,4.61512051684126,4.605170185988092,0.0,0.6931471805599453,1387.5,1627.0,1,0,0,1,0.0,0.0,0.0,0,0.0,0.0,0.015625,0.0,0.0,9.207424867413082e-06,16,0.6931471805599453,0.0,0.0,0.6931471805599453,2.833213344056216,0.015504186535965254,115790.0,34848.5,100589.5,0.6931471805599453,0.0,-3.9219733362813143
7184000,10325735,1,0,0,1747349570,0.0,0,100,100,0,0,100,0.0,0.0,0.0,0,3054050,4.61512051684126,4.61512051684126,4.61512051684126,0.0,0.0,1387.5,2349.0,1,0,0,1,0.0,0.0,0.0,0,0.0,0.0,0.0,0.0,0.0,0.0,16,0.6931471805599453,0.0,0.0,0.6931471805599453,2.833213344056216,0.0,115790.0,133760.5,100589.5,0.6931471805599453,0.0,-3.9219733362813143
7900000,6004309,1,0,0,1748771607,0.0,0,100,95,0,5,100,0.0,0.0,0.05263157894736842,1,4777019,4.61512051684126,4.61512051684126,4.564348191467836,0.0,1.791759469228055,1387.5,527.5,3,0,0,3,0.0,0.0,0.0,0,0.0,0.0,0.0,0.0,0.0,0.0,48,1.3862943611198906,0.0,0.0,1.3862943611198906,3.8918202981106265,0.0,12635.5,133760.5,100589.5,0.6931471805599453,0.0,-3.228826155721369
8674000,4613957,1,0,0,1747369077,0.0,0,100,98,1,1,100,0.01020408163265306,1.0,0.01020408163265306,1,3407607,4.61512051684126,4.61512051684126,4.59511985013459,0.6931471805599453,0.6931471805599453,1387.5,1497.0,9,1,1,11,0.1111111111111111,1.0,0.1111111111111111,0,0.0,0.0,0.10579422899082341,0.0,0.0,6.23419145496897e-05,176,2.302585092994046,0.6931471805599453,0.6931471805599453,2.4849066497880004,5.176149732573829,0.1005638360536944,1187.0,1150.0,3561.0,0.6931471805599453,0.0,-2.1302138670532593
5826000,11310636,1,0,0,1748641066,0.0,0,100,95,5,0,100,0.05263157894736842,0.0,0.0,0,3608022,4.61512051684126,4.61512051684126,4.564348191467836,1.791759469228055,0.0,1387.5,2349.0,6,0,0,6,0.0,0.0,0.0,0,0.0,0.0,0.0,0.0,0.0,0.0,94,1.9459101490553132,0.0,0.0,1.9459101490553132,4.553876891600541,0.0,3676.0,133760.5,100589.5,0.6931471805599453,0.0,-2.6692103677859462
4558000,10781501,1,0,0,1748823647,0.0,0,100,96,4,0,100,0.041666666666666664,0.0,0.0,0,5709013,4.61512051684126,4.61512051684126,4.574710978503383,1.6094379124341003,0.0,1387.5,2349.0,1,0,0,1,0.0,0.0,0.0,0,0.0,0.0,0.0,0.0,0.0,0.0,13,0.6931471805599453,0.0,0.0,0.6931471805599453,2.6390573296152584,0.0,115790.0,133760.5,100589.5,0.6931471805599453,0.0,-3.9219733362813143
8166000,7123444,1,0,0,1740505171,0.0,0,97,91,1,5,97,0.01098901098901099,5.0,0.054945054945054944,1,17848145,4.584967478670572,4.584967478670572,4.5217885770490405,0.6931471805599453,1.791759469228055,2779.0,465.0,2,0,0,2,0.0,0.0,0.0,0,0.0,0.0,0.03537925489145002,0.0,0.0,2.08481172017973e-05,32,1.0986122886681098,0.0,0.0,1.0986122886681098,3.4965075614664802,0.034767789445123466,26680.5,9529.0,100589.5,0.6931471805599453,0.0,-3.4863551900024623
3822000,11035158,1,0,0,1749217539,0.0,0,100,98,1,1,100,0.01020408163265306,1.0,0.01020408163265306,1,6305086,4.61512051684126,4.61512051684126,4.59511985013459,0.6931471805599453,0.6931471805599453,1387.5,1497.0,5,0,0,5,0.0,0.0,0.0,0,0.0,0.0,0.0,0.0,0.0,0.0,78,1.791759469228055,0.0,0.0,1.791759469228055,4.3694478524670215,0.0,5102.5,133760.5,100589.5,0.6931471805599453,0.0,-2.8233610476132047
9634000,3248483,1,0,0,1748146138,0.0,0,100,98,2,0,100,0.02040816326530612,0.0,0.0,0,2671977,4.61512051684126,4.61512051684126,4.59511985013459,1.0986122886681098,0.0,1387.5,2349.0,1,0,0,1,0.0,0.0,0.0,0,0.0,0.0,0.0,0.0,0.0,0.0,16,0.6931471805599453,0.0,0.0,0.6931471805599453,2.833213344056216,0.0,115790.0,133760.5,100589.5,0.6931471805599453,0.0,-3.9219733362813143
7476000,5324291,1,0,0,1747440129,0.0,0,100,100,0,0,98,0.0,0.0,0.0,0,5159391,4.61512051684126,4.59511985013459,4.61512051684126,0.0,0.0,1387.5,2349.0,4,0,0,4,0.0,0.0,0.0,0,0.0,0.0,0.011111111111111112,0.0,0.0,6.547502127938192e-06,63,1.6094379124341003,0.0,0.0,1.6094379124341003,4.1588830833596715,0.011049836186584975,7577.5,64646.5,100589.5,0.6931471805599453,0.0,-2.9856819377004893
8192000,224730,1,0,0,1748498745,0.0,0,100,94,3,3,100,0.031914893617021274,1.0,0.031914893617021274,1,5046259,4.61512051684126,4.61512051684126,4.553876891600541,1.3862943611198906,1.3862943611198906,1387.5,763.5,1,0,0,1,0.0,0.0,0.0,0,0.0,0.0,0.0,0.0,0.0,0.0,16,0.6931471805599453,0.0,0.0,0.6931471805599453,2.833213344056216,0.0,115790.0,133760.5,100589.5,0.6931471805599453,0.0,-3.9219733362813143
7202000,2983123,1,0,0,1745996988,0.0,0,100,100,0,0,100,0.0,0.0,0.0,0,6232634,4.61512051684126,4.61512051684126,4.61512051684126,0.0,0.0,1387.5,2349.0,1,0,0,1,0.0,0.0,0.0,0,0.0,0.0,0.0,0.0,0.0,0.0,16,0.6931471805599453,0.0,0.0,0.6931471805599453,2.833213344056216,0.0,115790.0,133760.5,100589.5,0.6931471805599453,0.0,-3.9219733362813143
6798000,2878338,1,0,0,1748614759,0.0,0,82,82,0,0,82,0.0,0.0,0.0,0,2144780,4.418840607796598,4.418840607796598,4.418840607796598,0.0,0.0,2811.0,2349.0,1,0,0,1,0.0,0.0,0.0,0,0.0,0.0,0.0,0.0,0.0,0.0,16,0.6931471805599453,0.0,0.0,0.6931471805599453,2.833213344056216,0.0,115790.0,133760.5,100589.5,0.6931471805599453,0.0,-3.725693427236653
5838000,6239816,1,0,0,1746941714,0.0,0,100,99,1,0,100,0.010101010101010102,0.0,0.0,0,3913441,4.61512051684126,4.61512051684126,4.605170185988092,0.6931471805599453,0.0,1387.5,2349.0,4,0,0,4,0.0,0.0,0.0,0,0.0,0.0,0.018867924528301886,0.0,0.0,1.1118399839895042e-05,62,1.6094379124341003,0.0,0.0,1.6094379124341003,4.143134726391533,0.01869213301215255,7577.5,26376.0,100589.5,0.6931471805599453,0.0,-3.005682604407159
1654000,7309969,1,0,0,1747668746,0.0,0,39,34,3,2,39,0.08823529411764706,0.6666666666666666,0.058823529411764705,1,11721029,3.6888794541139363,3.6888794541139363,3.5553480614894135,1.3862943611198906,1.0986122886681098,2892.0,424.0,1,0,0,1,0.0,0.0,0.0,0,0.0,0.0,0.0,0.0,0.0,0.0,16,0.6931471805599453,0.0,0.0,0.6931471805599453,2.833213344056216,0.0,115790.0,133760.5,100589.5,0.6931471805599453,0.0,-2.995732273553991
7874000,5463520,1,0,0,1748862358,0.0,0,100,92,3,5,100,0.03260869565217391,1.6666666666666667,0.05434782608695652,1,3545793,4.61512051684126,4.61512051684126,4.532599493153256,1.3862943611198906,1.791759469228055,1387.5,476.5,1,0,0,1,0.0,0.0,0.0,0,0.0,0.0,0.0,0.0,0.0,0.0,16,0.6931471805599453,0.0,0.0,0.6931471805599453,2.833213344056216,0.0,115790.0,133760.5,100589.5,0.6931471805599453,0.0,-3.9219733362813143
8100000,6958521,1,0,0,1745490778,0.0,0,100,89,4,7,100,0.0449438202247191,1.75,0.07865168539325842,1,3460432,4.61512051684126,4.61512051684126,4.499809670330265,1.6094379124341003,2.0794415416798357,1387.5,298.5,2,0,0,2,0.0,0.0,0.0,0,0.0,0.0,0.03152709359605911,0.0,0.0,1.8578134116711322e-05,32,1.0986122886681098,0.0,0.0,1.0986122886681098,3.4965075614664802,0.031040319394649147,26680.5,11356.5,100589.5,0.6931471805599453,0.0,-3.5165082281731497
5180000,15654574,0,1,0,1746575121,0.0,0,100,87,7,6,100,0.08045977011494253,0.8571428571428571,0.06896551724137931,1,3542346,4.61512051684126,4.61512051684126,4.477336814478207,2.0794415416798357,1.9459101490553132,1387.5,353.0,0,1,0,1,0.0,0.0,0.0,0,0.0,0.0,0.011111111111111112,0.0,0.0,6.547502127938192e-06,16,0.0,0.6931471805599453,0.0,0.6931471805599453,2.833213344056216,0.011049836186584975,115790.0,64646.5,100589.5,0.0,0.6931471805599453,-3.9219733362813143
4672000,4870998,1,0,0,1745681954,0.0,0,100,99,1,0,100,0.010101010101010102,0.0,0.0,0,3369631,4.61512051684126,4.61512051684126,4.605170185988092,0.6931471805599453,0.0,1387.5,2349.0,6,0,1,7,0.0,0.0,0.16666666666666666,0,0.0,0.0,0.0747335244089768,0.0,0.0,4.403861190864868e-05,110,1.9459101490553132,0.0,0.6931471805599453,2.0794415416798357,4.709530201312334,0.07207274658052287,2788.0,2223.0,3561.0,0.6931471805599453,0.0,-2.535678975161424
2204000,12663689,1,0,0,1749978673,0.0,0,100,98,2,0,100,0.02040816326530612,0.0,0.0,0,2359015,4.61512051684126,4.61512051684126,4.59511985013459,1.0986122886681098,0.0,1387.5,2349.0,1,0,0,1,0.0,0.0,0.0,0,0.0,0.0,0.0,0.0,0.0,0.0,9,0.6931471805599453,0.0,0.0,0.6931471805599453,2.302585092994046,0.0,115790.0,133760.5,100589.5,0.6931471805599453,0.0,-3.9219733362813143
9538000,9198212,1,0,0,1749965853,0.0,0,100,99,1,0,100,0.010101010101010102,0.0,0.0,0,2539862,4.61512051684126,4.61512051684126,4.605170185988092,0.6931471805599453,0.0,1387.5,2349.0,1,0,0,1,0.0,0.0,0.0,0,0.0,0.0,0.0,0.0,0.0,0.0,16,0.6931471805599453,0.0,0.0,0.6931471805599453,2.833213344056216,0.0,115790.0,133760.5,100589.5,0.6931471805599453,0.0,-3.9219733362813143
8232000,4232963,1,0,0,1748355311,0.0,0,100,95,1,4,100,0.010526315789473684,4.0,0.042105263157894736,1,3179514,4.61512051684126,4.61512051684126,4.564348191467836,0.6931471805599453,1.6094379124341003,1387.5,641.5,4,0,0,4,0.0,0.0,0.0,0,0.0,0.0,0.0,0.0,0.0,0.0,61,1.6094379124341003,0.0,0.0,1.6094379124341003,4.127134385045092,0.0,7577.5,133760.5,100589.5,0.6931471805599453,0.0,-3.005682604407159
88000,930234,1,0,0,1746965975,0.0,0,100,89,4,7,100,0.0449438202247191,1.75,0.07865168539325842,1,2321044,4.61512051684126,4.61512051684126,4.499809670330265,1.6094379124341003,2.0794415416798357,1387.5,298.5,1,0,0,1,0.0,0.0,0.0,0,0.0,0.0,0.02,0.0,0.0,1.1785503830288745e-05,16,0.6931471805599453,0.0,0.0,0.6931471805599453,2.833213344056216,0.019802627296179712,115790.0,24262.5,100589.5,0.6931471805599453,0.0,-3.9219733362813143
7334000,9408474,1,0,0,1748231737,0.0,0,100,99,1,0,100,0.010101010101010102,0.0,0.0,0,4934397,4.61512051684126,4.61512051684126,4.605170185988092,0.6931471805599453,0.0,1387.5,2349.0,1,0,0,1,0.0,0.0,0.0,0,0.0,0.0,0.0,0.0,0.0,0.0,16,0.6931471805599453,0.0,0.0,0.6931471805599453,2.833213344056216,0.0,115790.0,133760.5,100589.5,0.6931471805599453,0.0,-3.9219733362813143
9128000,7485832,1,0,0,1749521991,0.0,0,100,100,0,0,100,0.0,0.0,0.0,0,4319383,4.61512051684126,4.61512051684126,4.61512051684126,0.0,0.0,1387.5,2349.0,1,0,0,1,0.0,0.0,0.0,0,0.0,0.0,0.0,0.0,0.0,0.0,16,0.6931471805599453,0.0,0.0,0.6931471805599453,2.833213344056216,0.0,115790.0,133760.5,100589.5,0.6931471805599453,0.0,-3.9219733362813143
8202000,2967816,1,0,0,1746256994,0.0,0,100,95,2,3,100,0.021052631578947368,1.5,0.031578947368421054,1,6496889,4.61512051684126,4.61512051684126,4.564348191467836,1.0986122886681098,1.3862943611198906,1387.5,792.5,1,0,0,1,0.0,0.0,0.0,0,0.0,0.0,0.0,0.0,0.0,0.0,16,0.6931471805599453,0.0,0.0,0.6931471805599453,2.833213344056216,0.0,115790.0,133760.5,100589.5,0.6931471805599453,0.0,-3.9219733362813143
3022000,13080729,1,0,0,1748847087,0.0,0,100,98,0,2,100,0.0,0.0,0.02040816326530612,1,3351722,4.61512051684126,4.61512051684126,4.59511985013459,0.0,1.0986122886681098,1387.5,1177.0,2,0,0,2,0.0,0.0,0.0,0,0.0,0.0,0.0,0.0,0.0,0.0,26,1.0986122886681098,0.0,0.0,1.0986122886681098,3.295836866004329,0.0,26680.5,133760.5,100589.5,0.6931471805599453,0.0,-3.5165082281731497
6298000,3166513,1,0,0,1748778546,0.0,0,100,97,3,0,100,0.030927835051546393,0.0,0.0,0,2026959,4.61512051684126,4.61512051684126,4.584967478670572,1.3862943611198906,0.0,1387.5,2349.0,1,0,0,1,0.0,0.0,0.0,0,0.0,0.0,0.0,0.0,0.0,0.0,16,0.6931471805599453,0.0,0.0,0.6931471805599453,2.833213344056216,0.0,115790.0,133760.5,100589.5,0.6931471805599453,0.0,-3.9219733362813143
8680000,15128255,1,0,0,1748632003,0.0,0,100,89,8,3,100,0.0898876404494382,0.375,0.033707865168539325,1,2381383,4.61512051684126,4.61512051684126,4.499809670330265,2.1972245773362196,1.3862943611198906,1387.5,705.0,1,0,0,1,0.0,0.0,0.0,0,0.0,0.0,0.0,0.0,0.0,0.0,11,0.6931471805599453,0.0,0.0,0.6931471805599453,2.4849066497880004,0.0,115790.0,133760.5,100589.5,0.6931471805599453,0.0,-3.9219733362813143
9812000,8376729,1,0,0,1749016081,0.0,0,100,97,3,0,100,0.030927835051546393,0.0,0.0,0,2521037,4.61512051684126,4.61512051684126,4.584967478670572,1.3862943611198906,0.0,1387.5,2349.0,4,0,0,4,0.0,0.0,0.0,0,0.0,0.0,0.0,0.0,0.0,0.0,56,1.6094379124341003,0.0,0.0,1.6094379124341003,4.04305126783455,0.0,7577.5,133760.5,100589.5,0.6931471805599453,0.0,-3.005682604407159
4654000,2693203,1,0,0,1742266352,0.0,0,100,97,2,1,96,0.020618556701030927,0.5,0.010309278350515464,1,9396955,4.61512051684126,4.574710978503383,4.584967478670572,1.0986122886681098,0.6931471805599453,1387.5,1403.0,2,0,0,2,0.0,0.0,0.0,0,0.0,0.0,0.09090909090909091,0.0,0.0,5.357047195585793e-05,26,1.0986122886681098,0.0,0.0,1.0986122886681098,3.295836866004329,0.08701137698962977,26680.5,1563.5,100589.5,0.6931471805599453,0.0,-3.476098689835273
9978000,15310039,1,0,0,1736035964,0.0,0,100,81,17,2,100,0.20987654320987653,0.11764705882352941,0.024691358024691357,1,12856538,4.61512051684126,4.61512051684126,4.406719247264253,2.8903717578961645,1.0986122886681098,1387.5,906.0,1,0,0,1,0.0,0.0,0.0,0,0.0,0.0,0.01020408163265306,0.0,0.0,6.013012158310583e-06,9,0.6931471805599453,0.0,0.0,0.6931471805599453,2.302585092994046,0.010152371464018007,115790.0,72117.5,100589.5,0.6931471805599453,0.0,-3.9219733362813143
34000,6673735,1,0,0,1741317597,0.0,0,100,86,1,13,100,0.011627906976744186,13.0,0.1511627906976744,1,11314447,4.61512051684126,4.61512051684126,4.465908118654584,0.6931471805599453,2.6390573296152584,1387.5,106.0,1,0,0,1,0.0,0.0,0.0,0,0.0,0.0,0.014925373134328358,0.0,0.0,8.79515211215578e-06,16,0.6931471805599453,0.0,0.0,0.6931471805599453,2.833213344056216,0.014815085785140639,115790.0,37765.0,100589.5,0.6931471805599453,0.0,-3.9219733362813143
2078000,8128149,0,1,0,1737963305,0.0,0,53,47,6,0,53,0.1276595744680851,0.0,0.0,0,21755665,3.9889840465642745,3.9889840465642745,3.871201010907891,1.9459101490553132,0.0,2863.0,2349.0,0,1,0,1,0.0,0.0,0.0,0,0.0,0.0,0.0,0.0,0.0,0.0,16,0.0,0.6931471805599453,0.0,0.6931471805599453,2.833213344056216,0.0,115790.0,133760.5,100589.5,0.0,0.6931471805599453,-3.295836866004329
3084000,2715439,1,0,0,1747575708,0.0,0,100,100,0,0,99,0.0,0.0,0.0,0,2322522,4.61512051684126,4.605170185988092,4.61512051684126,0.0,0.0,1387.5,2349.0,3,0,1,4,0.0,0.0,0.3333333333333333,0,0.0,0.0,0.016129032258064516,0.0,0.0,9.504438572813504e-06,58,1.3862943611198906,0.0,0.6931471805599453,1.6094379124341003,4.07753744390572,0.01600034134644113,7577.5,32725.5,3561.0,0.6931471805599453,0.0,-2.9957322735539913
6860000,13759142,1,0,0,1747721539,0.0,0,100,97,2,1,100,0.020618556701030927,0.5,0.010309278350515464,1,4908933,4.61512051684126,4.61512051684126,4.584967478670572,1.0986122886681098,0.6931471805599453,1387.5,1403.0,7,1,0,8,0.14285714285714285,0.0,0.0,0,0.0,0.0,0.010416666666666666,0.0,0.0,6.138283244942054e-06,127,2.0794415416798357,0.6931471805599453,0.0,2.1972245773362196,4.852030263919617,0.010362787035546583,2162.5,69880.5,100589.5,0.6931471805599453,0.0,-2.41789593950504
5944000,2641529,1,0,0,1747906447,0.0,0,100,86,2,12,100,0.023255813953488372,6.0,0.13953488372093023,1,3502931,4.61512051684126,4.61512051684126,4.465908118654584,1.0986122886681098,2.5649493574615367,1387.5,124.5,1,0,0,1,0.0,0.0,0.0,0,0.0,0.0,0.012658227848101266,0.0,0.0,7.4591796394232565e-06,16,0.6931471805599453,0.0,0.0,0.6931471805599453,2.833213344056216,0.012578782206860118,115790.0,51034.0,100589.5,0.6931471805599453,0.0,-3.9219733362813143
848000,13046285,1,0,0,1748430758,0.0,0,100,97,2,1,100,0.020618556701030927,0.5,0.010309278350515464,1,4001411,4.61512051684126,4.61512051684126,4.584967478670572,1.0986122886681098,0.6931471805599453,1387.5,1403.0,7,0,0,7,0.0,0.0,0.0,0,0.0,0.0,0.011627906976744186,0.0,0.0,6.852037110632991e-06,109,2.0794415416798357,0.0,0.0,2.0794415416798357,4.700480365792417,0.011560822401075985,2788.0,58650.5,100589.5,0.6931471805599453,0.0,-2.535678975161424
8456000,5097142,1,0,0,1749995159,0.0,0,100,100,0,0,99,0.0,0.0,0.0,0,2329489,4.61512051684126,4.605170185988092,4.61512051684126,0.0,0.0,1387.5,2349.0,1,0,0,1,0.0,0.0,0.0,0,0.0,0.0,0.0,0.0,0.0,0.0,16,0.6931471805599453,0.0,0.0,0.6931471805599453,2.833213344056216,0.0,115790.0,133760.5,100589.5,0.6931471805599453,0.0,-3.9120230054281464
2194000,14635565,1,0,0,1748442102,0.0,0,100,99,1,0,100,0.010101010101010102,0.0,0.0,0,2993758,4.61512051684126,4.61512051684126,4.605170185988092,0.6931471805599453,0.0,1387.5,2349.0,2,0,0,2,0.0,0.0,0.0,0,0.0,0.0,0.0,0.0,0.0,0.0,32,1.0986122886681098,0.0,0.0,1.0986122886681098,3.4965075614664802,0.0,26680.5,133760.5,100589.5,0.6931471805599453,0.0,-3.5165082281731497
7626000,11093217,1,0,0,1747263302,0.0,0,100,100,0,0,100,0.0,0.0,0.0,0,3047460,4.61512051684126,4.61512051684126,4.61512051684126,0.0,0.0,1387.5,2349.0,1,0,0,1,0.0,0.0,0.0,0,0.0,0.0,0.0,0.0,0.0,0.0,16,0.6931471805599453,0.0,0.0,0.6931471805599453,2.833213344056216,0.0,115790.0,133760.5,100589.5,0.6931471805599453,0.0,-3.9219733362813143
248000,14694999,1,0,0,1748253027,0.0,0,100,93,2,5,100,0.021505376344086023,2.5,0.053763440860215055,1,4274697,4.61512051684126,4.61512051684126,4.543294782270004,1.0986122886681098,1.791759469228055,1387.5,492.0,2,0,0,2,0.0,0.0,0.0,0,0.0,0.0,0.0,0.0,0.0,0.0,32,1.0986122886681098,0.0,0.0,1.0986122886681098,3.4965075614664802,0.0,26680.5,133760.5,100589.5,0.6931471805599453,0.0,-3.5165082281731497
1594000,1971665,1,0,0,1749158438,0.0,0,100,99,1,0,100,0.010101010101010102,0.0,0.0,0,3970224,4.61512051684126,4.61512051684126,4.605170185988092,0.6931471805599453,0.0,1387.5,2349.0,1,0,0,1,0.0,0.0,0.0,0,0.0,0.0,0.0,0.0,0.0,0.0,16,0.6931471805599453,0.0,0.0,0.6931471805599453,2.833213344056216,0.0,115790.0,133760.5,100589.5,0.6931471805599453,0.0,-3.9219733362813143
1100000,12334163,1,0,0,1747540594,0.0,0,100,98,2,0,100,0.02040816326530612,0.0,0.0,0,2591680,4.61512051684126,4.61512051684126,4.59511985013459,1.0986122886681098,0.0,1387.5,2349.0,1,0,0,1,0.0,0.0,0.0,0,0.0,0.0,0.0,0.0,0.0,0.0,16,0.6931471805599453,0.0,0.0,0.6931471805599453,2.833213344056216,0.0,115790.0,133760.5,100589.5,0.6931471805599453,0.0,-3.9219733362813143
1714000,219533,1,0,0,1745679341,0.0,0,100,77,11,12,100,0.14285714285714285,1.0909090909090908,0.15584415584415584,1,4663775,4.61512051684126,4.61512051684126,4.356708826689592,2.4849066497880004,2.5649493574615367,1387.5,101.0,1,0,0,1,0.0,0.0,0.0,0,0.0,0.0,0.01282051282051282,0.0,0.0,7.55481014762099e-06,16,0.6931471805599453,0.0,0.0,0.6931471805599453,2.833213344056216,0.012739025777429757,115790.0,49831.0,100589.5,0.6931471805599453,0.0,-3.9219733362813143
6672000,10026141,1,0,0,1748836519,0.0,0,100,91,7,2,100,0.07692307692307693,0.2857142857142857,0.02197802197802198,1,3039410,4.61512051684126,4.61512051684126,4.5217885770490405,2.0794415416798357,1.0986122886681098,1387.5,946.0,1,0,0,1,0.0,0.0,0.0,0,0.0,0.0,0.0,0.0,0.0,0.0,13,0.6931471805599453,0.0,0.0,0.6931471805599453,2.6390573296152584,0.0,115790.0,133760.5,100589.5,0.6931471805599453,0.0,-3.9219733362813143
6580000,10911071,1,0,0,1748188834,0.0,0,100,99,1,0,100,0.010101010101010102,0.0,0.0,0,1557972,4.61512051684126,4.61512051684126,4.605170185988092,0.6931471805599453,0.0,1387.5,2349.0,1,0,0,1,0.0,0.0,0.0,0,0.0,0.0,0.0,0.0,0.0,0.0,11,0.6931471805599453,0.0,0.0,0.6931471805599453,2.4849066497880004,0.0,115790.0,133760.5,100589.5,0.6931471805599453,0.0,-3.9219733362813143
5530000,8533560,1,0,0,1744169595,0.0,0,100,82,3,15,100,0.036585365853658534,5.0,0.18292682926829268,1,4480731,4.61512051684126,4.61512051684126,4.418840607796598,1.3862943611198906,2.772588722239781,1387.5,78.0,1,0,0,1,0.0,0.0,0.0,0,1.0,0.0,0.015151515151515152,0.0005892751915144372,0.0,8.928411992642989e-06,8,0.6931471805599453,0.0,0.0,0.6931471805599453,2.1972245773362196,0.015037877364540516,115790.0,36747.5,100589.5,0.6931471805599453,0.0,-3.9219733362813143
6496000,1282723,1,0,0,1746869680,0.0,0,100,96,1,3,100,0.010416666666666666,3.0,0.03125,1,5684794,4.61512051684126,4.61512051684126,4.574710978503383,0.6931471805599453,1.3862943611198906,1387.5,834.0,3,0,0,3,0.0,0.0,0.0,0,0.0,0.0,0.0,0.0,0.0,0.0,47,1.3862943611198906,0.0,0.0,1.3862943611198906,3.871201010907891,0.0,12635.5,133760.5,100589.5,0.6931471805599453,0.0,-3.228826155721369
2476000,7382169,1,0,0,1748897471,0.0,0,100,98,2,0,100,0.02040816326530612,0.0,0.0,0,2351250,4.61512051684126,4.61512051684126,4.59511985013459,1.0986122886681098,0.0,1387.5,2349.0,1,0,0,1,0.0,0.0,0.0,0,0.0,0.0,0.0,0.0,0.0,0.0,16,0.6931471805599453,0.0,0.0,0.6931471805599453,2.833213344056216,0.0,115790.0,133760.5,100589.5,0.6931471805599453,0.0,-3.9219733362813143
9562000,4697234,1,0,0,1745235604,0.0,0,100,39,23,38,100,0.5897435897435898,1.6521739130434783,0.9743589743589743,1,4644010,4.61512051684126,4.61512051684126,3.6888794541139363,3.1780538303479458,3.6635616461296463,1387.5,1.0,1,0,0,1,0.0,0.0,0.0,0,0.0,0.0,0.010101010101010102,0.0,0.0,5.952274661761993e-06,16,0.6931471805599453,0.0,0.0,0.6931471805599453,2.833213344056216,0.010050335853501442,115790.0,72781.5,100589.5,0.6931471805599453,0.0,-3.9219733362813143
8006000,10780613,1,0,0,1745878264,0.0,0,100,99,1,0,100,0.010101010101010102,0.0,0.0,0,5536043,4.61512051684126,4.61512051684126,4.605170185988092,0.6931471805599453,0.0,1387.5,2349.0,1,0,0,1,0.0,0.0,0.0,0,0.0,0.0,0.0,0.0,0.0,0.0,16,0.6931471805599453,0.0,0.0,0.6931471805599453,2.833213344056216,0.0,115790.0,133760.5,100589.5,0.6931471805599453,0.0,-3.9219733362813143
5924000,10594090,1,0,0,1748555925,0.0,0,100,100,0,0,98,0.0,0.0,0.0,0,1834217,4.61512051684126,4.59511985013459,4.61512051684126,0.0,0.0,1387.5,2349.0,2,0,0,2,0.0,0.0,0.0,0,0.0,0.0,0.010869565217391304,0.0,0.0,6.405165125156926e-06,32,1.0986122886681098,0.0,0.0,1.0986122886681098,3.4965075614664802,0.010810916104215628,26680.5,66299.0,100589.5,0.6931471805599453,0.0,-3.49650756146648
3042000,3066043,1,0,0,1745136731,0.0,0,100,98,2,0,100,0.02040816326530612,0.0,0.0,0,3607700,4.61512051684126,4.61512051684126,4.59511985013459,1.0986122886681098,0.0,1387.5,2349.0,1,0,0,1,0.0,0.0,0.0,0,0.0,0.0,0.0,0.0,0.0,0.0,9,0.6931471805599453,0.0,0.0,0.6931471805599453,2.302585092994046,0.0,115790.0,133760.5,100589.5,0.6931471805599453,0.0,-3.9219733362813143
3966000,14738489,1,0,0,1746376432,0.0,0,100,91,7,2,100,0.07692307692307693,0.2857142857142857,0.02197802197802198,1,4202192,4.61512051684126,4.61512051684126,4.5217885770490405,2.0794415416798357,1.0986122886681098,1387.5,946.0,1,0,0,1,0.0,0.0,0.0,0,0.0,0.0,0.0,0.0,0.0,0.0,16,0.6931471805599453,0.0,0.0,0.6931471805599453,2.833213344056216,0.0,115790.0,133760.5,100589.5,0.6931471805599453,0.0,-3.9219733362813143
5186000,13385728,0,1,0,1748252755,0.0,0,100,87,5,8,100,0.05747126436781609,1.6,0.09195402298850575,1,7319093,4.61512051684126,4.61512051684126,4.477336814478207,1.791759469228055,2.1972245773362196,1387.5,236.0,0,1,0,1,0.0,0.0,0.0,0,0.0,0.0,0.010752688172043012,0.0,0.0,6.3362923818756694e-06,16,0.0,0.6931471805599453,0.0,0.6931471805599453,2.833213344056216,0.01069528911674796,115790.0,67219.5,100589.5,0.0,0.6931471805599453,-3.9219733362813143
5852000,13067266,1,0,0,1745390535,0.0,0,100,78,9,13,100,0.11538461538461539,1.4444444444444444,0.16666666666666666,1,5324194,4.61512051684126,4.61512051684126,4.3694478524670215,2.302585092994046,2.6390573296152584,1387.5,91.0,1,0,0,1,0.0,0.0,0.0,0,0.0,0.0,0.012048192771084338,0.0,0.0,7.099701102583582e-06,16,0.6931471805599453,0.0,0.0,0.6931471805599453,2.833213344056216,0.011976191046715693,115790.0,55873.0,100589.5,0.6931471805599453,0.0,-3.9219733362813143
1442000,15554538,1,0,0,1747032139,0.0,0,100,98,0,2,100,0.0,0.0,0.02040816326530612,1,2527160,4.61512051684126,4.61512051684126,4.59511985013459,0.0,1.0986122886681098,1387.5,1177.0,1,0,0,1,0.0,0.0,0.0,0,0.0,0.0,0.0,0.0,0.0,0.0,16,0.6931471805599453,0.0,0.0,0.6931471805599453,2.833213344056216,0.0,115790.0,133760.5,100589.5,0.6931471805599453,0.0,-3.9219733362813143
3228000,426123,1,0,0,1747303524,0.0,0,100,97,2,1,100,0.020618556701030927,0.5,0.010309278350515464,1,6318618,4.61512051684126,4.61512051684126,4.584967478670572,1.0986122886681098,0.6931471805599453,1387.5,1403.0,2,0,0,2,0.0,0.0,0.0,0,0.0,0.0,0.011764705882352941,0.0,0.0,6.932649311934555e-06,32,1.0986122886681098,0.0,0.0,1.0986122886681098,3.4965075614664802,0.011696039763191278,26680.5,57837.0,100589.5,0.6931471805599453,0.0,-3.5165082281731497
6202000,11451664,1,0,0,1746794561,0.0,0,100,97,2,1,100,0.020618556701030927,0.5,0.010309278350515464,1,3893116,4.61512051684126,4.61512051684126,4.584967478670572,1.0986122886681098,0.6931471805599453,1387.5,1403.0,2,0,0,2,0.0,0.0,0.0,0,0.0,0.0,0.018867924528301886,0.0,0.0,1.1118399839895042e-05,31,1.0986122886681098,0.0,0.0,1.0986122886681098,3.4657359027997265,0.01869213301215255,26680.5,26376.0,100589.5,0.6931471805599453,0.0,-3.5165082281731497
6656000,2312093,1,0,0,1747538519,0.0,0,100,77,21,2,100,0.2727272727272727,0.09523809523809523,0.025974025974025976,1,2671066,4.61512051684126,4.61512051684126,4.356708826689592,3.091042453358316,1.0986122886681098,1387.5,901.5,3,0,0,3,0.0,0.0,0.0,0,0.0,0.0,0.02259959141981614,0.0,0.0,1.3317378562060188e-05,48,1.3862943611198906,0.0,0.0,1.3862943611198906,3.8918202981106265,0.022348004113335953,12635.5,20224.0,100589.5,0.6931471805599453,0.0,-3.228826155721369
6582000,5910513,1,0,0,1743807833,0.0,0,79,75,4,0,79,0.05333333333333334,0.0,0.0,0,21818781,4.382026634673881,4.382026634673881,4.330733340286331,1.6094379124341003,0.0,2816.0,2349.0,1,0,0,1,0.0,0.0,0.0,0,0.0,0.0,0.0,0.0,0.0,0.0,16,0.6931471805599453,0.0,0.0,0.6931471805599453,2.833213344056216,0.0,115790.0,133760.5,100589.5,0.6931471805599453,0.0,-3.688879454113936
5934000,15782293,1,0,0,1742822202,0.0,0,100,100,0,0,100,0.0,0.0,0.0,0,10541191,4.61512051684126,4.61512051684126,4.61512051684126,0.0,0.0,1387.5,2349.0,4,0,0,4,0.0,0.0,0.0,0,0.0,0.0,0.029857397504456328,0.0,0.0,1.7594223632561184e-05,61,1.6094379124341003,0.0,0.0,1.6094379124341003,4.127134385045092,0.029420343631793792,7577.5,12306.5,100589.5,0.6931471805599453,0.0,-3.005682604407159
8486000,6346814,1,0,0,1745907279,0.0,0,100,92,3,5,100,0.03260869565217391,1.6666666666666667,0.05434782608695652,1,4146820,4.61512051684126,4.61512051684126,4.532599493153256,1.3862943611198906,1.791759469228055,1387.5,476.5,1,0,0,1,0.0,0.0,0.0,0,0.0,0.0,0.015625,0.0,0.0,9.207424867413082e-06,16,0.6931471805599453,0.0,0.0,0.6931471805599453,2.833213344056216,0.015504186535965254,115790.0,34848.5,100589.5,0.6931471805599453,0.0,-3.9219733362813143
7342000,1507952,1,0,0,1746416883,0.0,0,100,96,1,3,97,0.010416666666666666,3.0,0.03125,1,4669404,4.61512051684126,4.584967478670572,4.574710978503383,0.6931471805599453,1.3862943611198906,1387.5,834.0,15,0,0,15,0.0,0.0,0.0,0,0.0,0.0,0.1568472790711118,0.0,0.0,9.242621041314779e-05,229,2.772588722239781,0.0,0.0,2.772588722239781,5.438079308923196,0.14569844215349814,629.0,492.0,100589.5,0.6931471805599453,0.0,-1.8123787564307912
3062000,12127322,1,0,0,1752222554,0.0,0,100,100,0,0,100,0.0,0.0,0.0,0,2198433,4.61512051684126,4.61512051684126,4.61512051684126,0.0,0.0,1387.5,2349.0,1,0,0,1,0.0,0.0,0.0,0,0.0,0.0,0.0,0.0,0.0,0.0,15,0.6931471805599453,0.0,0.0,0.6931471805599453,2.772588722239781,0.0,115790.0,133760.5,100589.5,0.6931471805599453,0.0,-3.9219733362813143
2478000,5578510,1,0,0,1747406837,0.0,0,100,92,6,2,100,0.06521739130434782,0.3333333333333333,0.021739130434782608,1,6690568,4.61512051684126,4.61512051684126,4.532599493153256,1.9459101490553132,1.0986122886681098,1387.5,959.0,1,0,0,1,0.0,0.0,0.0,0,0.0,0.0,0.0,0.0,0.0,0.0,16,0.6931471805599453,0.0,0.0,0.6931471805599453,2.833213344056216,0.0,115790.0,133760.5,100589.5,0.6931471805599453,0.0,-3.9219733362813143
1974000,13169113,1,0,0,1748083459,0.0,0,100,99,1,0,98,0.010101010101010102,0.0,0.0,0,2603776,4.61512051684126,4.59511985013459,4.605170185988092,0.6931471805599453,0.0,1387.5,2349.0,13,0,0,13,0.0,0.0,0.0,0,0.0,0.0,0.0,0.0,0.0,0.0,203,2.6390573296152584,0.0,0.0,2.6390573296152584,5.318119993844216,0.0,841.0,133760.5,100589.5,0.6931471805599453,0.0,-1.9560625205193314
7458000,15717305,1,0,0,1747975001,0.0,0,100,99,1,0,100,0.010101010101010102,0.0,0.0,0,3862146,4.61512051684126,4.61512051684126,4.605170185988092,0.6931471805599453,0.0,1387.5,2349.0,7,0,0,7,0.0,0.0,0.0,0,0.0,0.0,0.010752688172043012,0.0,0.0,6.3362923818756694e-06,103,2.0794415416798357,0.0,0.0,2.0794415416798357,4.6443908991413725,0.01069528911674796,2788.0,67219.5,100589.5,0.6931471805599453,0.0,-2.535678975161424
5786000,1712314,1,0,0,1745533249,0.0,0,100,98,1,1,99,0.01020408163265306,1.0,0.01020408163265306,1,5148813,4.61512051684126,4.605170185988092,4.59511985013459,0.6931471805599453,0.6931471805599453,1387.5,1497.0,1,0,0,1,0.0,0.0,0.0,0,0.0,0.0,0.05,0.0,0.0,2.9463759575721862e-05,16,0.6931471805599453,0.0,0.0,0.6931471805599453,2.833213344056216,0.04879016416943201,115790.0,4810.0,100589.5,0.6931471805599453,0.0,-3.9120230054281464
3872000,239153,1,0,0,1749042241,0.0,0,100,92,4,4,100,0.043478260869565216,1.0,0.043478260869565216,1,3078952,4.61512051684126,4.61512051684126,4.532599493153256,1.6094379124341003,1.6094379124341003,1387.5,582.5,8,0,0,8,0.0,0.0,0.0,0,0.0,0.0,0.0,0.0,0.0,0.0,103,2.1972245773362196,0.0,0.0,2.1972245773362196,4.6443908991413725,0.0,2162.5,133760.5,100589.5,0.6931471805599453,0.0,-2.41789593950504
5218000,7696839,1,0,0,1747902931,0.0,0,100,95,3,2,99,0.031578947368421054,0.6666666666666666,0.021052631578947368,1,3336490,4.61512051684126,4.605170185988092,4.564348191467836,1.3862943611198906,1.0986122886681098,1387.5,1019.0,1,0,0,1,0.0,0.0,0.0,0,0.0,0.0,0.013157894736842105,0.0,0.0,7.753620940979438e-06,16,0.6931471805599453,0.0,0.0,0.6931471805599453,2.833213344056216,0.01307208156735277,115790.0,47497.5,100589.5,0.6931471805599453,0.0,-3.9120230054281464
9760000,2312795,1,0,0,1747492418,0.0,0,100,100,0,0,100,0.0,0.0,0.0,0,4557861,4.61512051684126,4.61512051684126,4.61512051684126,0.0,0.0,1387.5,2349.0,4,0,0,4,0.0,0.0,0.0,0,0.0,0.0,0.0,0.0,0.0,0.0,61,1.6094379124341003,0.0,0.0,1.6094379124341003,4.127134385045092,0.0,7577.5,133760.5,100589.5,0.6931471805599453,0.0,-3.005682604407159
9504000,11600504,1,0,0,1747354909,0.0,0,100,80,8,12,100,0.1,1.5,0.15,1,2290329,4.61512051684126,4.61512051684126,4.394449154672439,2.1972245773362196,2.5649493574615367,1387.5,108.5,1,0,0,1,0.0,0.0,0.0,0,0.0,0.0,0.011363636363636364,0.0,0.0,6.696308994482241e-06,16,0.6931471805599453,0.0,0.0,0.6931471805599453,2.833213344056216,0.011299555253933367,115790.0,61498.0,100589.5,0.6931471805599453,0.0,-3.9219733362813143
4496000,10228564,1,0,0,1745910595,0.0,0,100,99,0,1,100,0.0,0.0,0.010101010101010102,1,5174340,4.61512051684126,4.61512051684126,4.605170185988092,0.0,0.6931471805599453,1387.5,1627.0,2,0,0,2,0.0,0.0,0.0,0,0.0,0.0,0.03125,0.0,0.0,1.8414849734826163e-05,32,1.0986122886681098,0.0,0.0,1.0986122886681098,3.4965075614664802,0.030771658666753687,26680.5,11515.5,100589.5,0.6931471805599453,0.0,-3.5165082281731497
2252000,8357328,1,0,0,1745762572,0.0,0,100,96,3,1,100,0.03125,0.3333333333333333,0.010416666666666666,1,6703995,4.61512051684126,4.61512051684126,4.574710978503383,1.3862943611198906,0.6931471805599453,1387.5,1350.0,1,0,0,1,0.0,0.0,0.0,0,0.0,0.0,0.0,0.0,0.0,0.0,16,0.6931471805599453,0.0,0.0,0.6931471805599453,2.833213344056216,0.0,115790.0,133760.5,100589.5,0.6931471805599453,0.0,-3.9219733362813143
3016000,12889890,1,0,0,1746937417,0.0,0,100,97,3,0,98,0.030927835051546393,0.0,0.0,0,5810300,4.61512051684126,4.59511985013459,4.584967478670572,1.3862943611198906,0.0,1387.5,2349.0,2,0,0,2,0.0,0.0,0.0,0,0.0,0.0,0.0125,0.0,0.0,7.3659398939304655e-06,32,1.0986122886681098,0.0,0.0,1.0986122886681098,3.4965075614664802,0.012422519998557154,26680.5,52083.0,100589.5,0.6931471805599453,0.0,-3.49650756146648
8628000,14162035,1,0,0,1749144410,0.0,0,100,92,5,3,100,0.05434782608695652,0.6,0.03260869565217391,1,3571132,4.61512051684126,4.61512051684126,4.532599493153256,1.791759469228055,1.3862943611198906,1387.5,725.5,1,0,0,1,0.0,0.0,0.0,0,0.0,0.0,0.0,0.0,0.0,0.0,13,0.6931471805599453,0.0,0.0,0.6931471805599453,2.6390573296152584,0.0,115790.0,133760.5,100589.5,0.6931471805599453,0.0,-3.9219733362813143
5486000,10577463,1,0,0,1745456595,0.0,0,100,98,1,1,100,0.01020408163265306,1.0,0.01020408163265306,1,6814419,4.61512051684126,4.61512051684126,4.59511985013459,0.6931471805599453,0.6931471805599453,1387.5,1497.0,1,0,0,1,0.0,0.0,0.0,0,0.0,0.0,0.0,0.0,0.0,0.0,16,0.6931471805599453,0.0,0.0,0.6931471805599453,2.833213344056216,0.0,115790.0,133760.5,100589.5,0.6931471805599453,0.0,-3.9219733362813143
4666000,4813411,1,0,0,1748471708,0.0,0,100,98,1,1,100,0.01020408163265306,1.0,0.01020408163265306,1,1640387,4.61512051684126,4.61512051684126,4.59511985013459,0.6931471805599453,0.6931471805599453,1387.5,1497.0,2,0,0,2,0.0,0.0,0.0,0,0.0,0.0,0.0,0.0,0.0,0.0,32,1.0986122886681098,0.0,0.0,1.0986122886681098,3.4965075614664802,0.0,26680.5,133760.5,100589.5,0.6931471805599453,0.0,-3.5165082281731497
4154000,10727486,1,0,0,1750100198,0.0,0,100,95,3,2,100,0.031578947368421054,0.6666666666666666,0.021052631578947368,1,4390820,4.61512051684126,4.61512051684126,4.564348191467836,1.3862943611198906,1.0986122886681098,1387.5,1019.0,2,0,0,2,0.0,0.0,0.0,0,0.0,0.0,0.0,0.0,0.0,0.0,25,1.0986122886681098,0.0,0.0,1.0986122886681098,3.258096538021482,0.0,26680.5,133760.5,100589.5,0.6931471805599453,0.0,-3.5165082281731497
9158000,14366333,0,1,0,1747556940,0.0,0,100,91,3,6,100,0.03296703296703297,2.0,0.06593406593406594,1,9802516,4.61512051684126,4.61512051684126,4.5217885770490405,1.3862943611198906,1.9459101490553132,1387.5,373.5,9,3,1,13,0.3333333333333333,0.3333333333333333,0.1111111111111111,0,1.0,0.0,0.08157729135146344,0.0005892751915144372,0.0,4.8071473984362665e-05,190,2.302585092994046,1.3862943611198906,0.6931471805599453,2.6390573296152584,5.25227342804663,0.07842043066406192,841.0,1923.0,3561.0,0.0,0.6931471805599453,-1.9760631872260013
6924000,9592712,1,0,0,1744117081,0.0,0,100,93,6,1,100,0.06451612903225806,0.16666666666666666,0.010752688172043012,1,5788213,4.61512051684126,4.61512051684126,4.543294782270004,1.9459101490553132,0.6931471805599453,1387.5,1272.5,1,0,0,1,0.0,0.0,0.0,0,0.0,0.0,0.0,0.0,0.0,0.0,16,0.6931471805599453,0.0,0.0,0.6931471805599453,2.833213344056216,0.0,115790.0,133760.5,100589.5,0.6931471805599453,0.0,-3.9219733362813143
2682000,14289637,1,0,0,1748387152,0.0,0,100,98,0,2,100,0.0,0.0,0.02040816326530612,1,1555855,4.61512051684126,4.61512051684126,4.59511985013459,0.0,1.0986122886681098,1387.5,1177.0,3,0,0,3,0.0,0.0,0.0,0,0.0,0.0,0.0,0.0,0.0,0.0,48,1.3862943611198906,0.0,0.0,1.3862943611198906,3.8918202981106265,0.0,12635.5,133760.5,100589.5,0.6931471805599453,0.0,-3.228826155721369
1338000,2258714,1,0,0,1748334922,0.0,0,100,99,1,0,100,0.010101010101010102,0.0,0.0,0,3853610,4.61512051684126,4.61512051684126,4.605170185988092,0.6931471805599453,0.0,1387.5,2349.0,1,0,0,1,0.0,0.0,0.0,0,0.0,0.0,0.0,0.0,0.0,0.0,16,0.6931471805599453,0.0,0.0,0.6931471805599453,2.833213344056216,0.0,115790.0,133760.5,100589.5,0.6931471805599453,0.0,-3.9219733362813143
8594000,2768744,1,0,0,1746934272,0.0,0,100,99,0,1,99,0.0,0.0,0.010101010101010102,1,5933619,4.61512051684126,4.605170185988092,4.605170185988092,0.0,0.6931471805599453,1387.5,1627.0,1,0,0,1,0.0,0.0,0.0,0,0.0,0.0,0.0,0.0,0.0,0.0,16,0.6931471805599453,0.0,0.0,0.6931471805599453,2.833213344056216,0.0,115790.0,133760.5,100589.5,0.6931471805599453,0.0,-3.9120230054281464
4880000,6047275,1,0,0,1747464109,0.0,0,100,99,0,1,100,0.0,0.0,0.010101010101010102,1,6091434,4.61512051684126,4.61512051684126,4.605170185988092,0.0,0.6931471805599453,1387.5,1627.0,1,0,0,1,0.0,0.0,0.0,0,0.0,0.0,0.0,0.0,0.0,0.0,16,0.6931471805599453,0.0,0.0,0.6931471805599453,2.833213344056216,0.0,115790.0,133760.5,100589.5,0.6931471805599453,0.0,-3.9219733362813143
3792000,12296822,1,0,0,1742468937,0.0,0,100,100,0,0,100,0.0,0.0,0.0,0,9845032,4.61512051684126,4.61512051684126,4.61512051684126,0.0,0.0,1387.5,2349.0,1,0,0,1,0.0,0.0,0.0,0,0.0,0.0,0.0,0.0,0.0,0.0,16,0.6931471805599453,0.0,0.0,0.6931471805599453,2.833213344056216,0.0,115790.0,133760.5,100589.5,0.6931471805599453,0.0,-3.9219733362813143
8794000,9805830,1,0,0,1747661087,0.0,0,100,98,2,0,100,0.02040816326530612,0.0,0.0,0,2433594,4.61512051684126,4.61512051684126,4.59511985013459,1.0986122886681098,0.0,1387.5,2349.0,5,0,0,5,0.0,0.0,0.0,0,0.0,0.0,0.0,0.0,0.0,0.0,79,1.791759469228055,0.0,0.0,1.791759469228055,4.382026634673881,0.0,5102.5,133760.5,100589.5,0.6931471805599453,0.0,-2.8233610476132047
1538000,12825186,1,0,0,1745239368,0.0,0,100,86,10,4,100,0.11627906976744186,0.4,0.046511627906976744,1,3409573,4.61512051684126,4.61512051684126,4.465908118654584,2.3978952727983707,1.6094379124341003,1387.5,546.5,3,0,0,3,0.0,0.0,0.0,0,0.0,0.0,0.042042660000406476,0.0,0.0,2.4774696523515897e-05,41,1.3862943611198906,0.0,0.0,1.3862943611198906,3.7376696182833684,0.0411828829925662,12635.5,6657.0,100589.5,0.6931471805599453,0.0,-3.228826155721369
174000,7672380,1,0,0,1749461181,0.0,0,100,100,0,0,100,0.0,0.0,0.0,0,2711539,4.61512051684126,4.61512051684126,4.61512051684126,0.0,0.0,1387.5,2349.0,29,0,0,29,0.0,0.0,0.0,0,0.0,0.0,0.0,0.0,0.0,0.0,395,3.4011973816621555,0.0,0.0,3.4011973816621555,5.981414211254481,0.0,127.0,133760.5,100589.5,0.6931471805599453,0.0,-1.2139231351791042
8492000,14854231,1,0,0,1750858404,0.0,0,100,99,1,0,100,0.010101010101010102,0.0,0.0,0,6490521,4.61512051684126,4.61512051684126,4.605170185988092,0.6931471805599453,0.0,1387.5,2349.0,2,0,0,2,0.0,0.0,0.0,0,0.0,0.0,0.0,0.0,0.0,0.0,31,1.0986122886681098,0.0,0.0,1.0986122886681098,3.4657359027997265,0.0,26680.5,133760.5,100589.5,0.6931471805599453,0.0,-3.5165082281731497
3318000,15022128,1,0,0,1752216157,0.0,0,100,100,0,0,100,0.0,0.0,0.0,0,3964465,4.61512051684126,4.61512051684126,4.61512051684126,0.0,0.0,1387.5,2349.0,1,0,0,1,0.0,0.0,0.0,0,0.0,0.0,0.0,0.0,0.0,0.0,9,0.6931471805599453,0.0,0.0,0.6931471805599453,2.302585092994046,0.0,115790.0,133760.5,100589.5,0.6931471805599453,0.0,-3.9219733362813143
3028000,3594125,1,0,0,1748837942,0.0,0,100,99,1,0,100,0.010101010101010102,0.0,0.0,0,1643950,4.61512051684126,4.61512051684126,4.605170185988092,0.6931471805599453,0.0,1387.5,2349.0,1,0,0,1,0.0,0.0,0.0,0,0.0,0.0,0.0,0.0,0.0,0.0,16,0.6931471805599453,0.0,0.0,0.6931471805599453,2.833213344056216,0.0,115790.0,133760.5,100589.5,0.6931471805599453,0.0,-3.9219733362813143
5516000,11475125,1,0,0,1748127010,0.0,0,100,94,2,4,100,0.02127659574468085,2.0,0.0425531914893617,1,5031693,4.61512051684126,4.61512051684126,4.553876891600541,1.0986122886681098,1.6094379124341003,1387.5,616.0,1,0,0,1,0.0,0.0,0.0,0,0.0,0.0,0.0,0.0,0.0,0.0,16,0.6931471805599453,0.0,0.0,0.6931471805599453,2.833213344056216,0.0,115790.0,133760.5,100589.5,0.6931471805599453,0.0,-3.9219733362813143
2070000,12251645,1,0,0,1749534819,0.0,0,100,99,1,0,100,0.010101010101010102,0.0,0.0,0,2286019,4.61512051684126,4.61512051684126,4.605170185988092,0.6931471805599453,0.0,1387.5,2349.0,6,0,0,6,0.0,0.0,0.0,0,0.0,0.0,0.022727272727272728,0.0,0.0,1.3392617988964482e-05,85,1.9459101490553132,0.0,0.0,1.9459101490553132,4.454347296253507,0.022472855852058594,3676.0,19869.0,100589.5,0.6931471805599453,0.0,-2.6692103677859462
1174000,14339627,1,0,0,1746094807,0.0,0,100,97,3,0,100,0.030927835051546393,0.0,0.0,0,7085533,4.61512051684126,4.61512051684126,4.584967478670572,1.3862943611198906,0.0,1387.5,2349.0,7,0,0,7,0.0,0.0,0.0,0,0.0,0.0,0.027777777777777776,0.0,0.0,1.6368755319845477e-05,110,2.0794415416798357,0.0,0.0,2.0794415416798357,4.709530201312334,0.02739897418811444,2788.0,13935.0,100589.5,0.6931471805599453,0.0,-2.535678975161424
9584000,2019762,1,0,0,1746256000,0.0,0,100,93,7,0,100,0.07526881720430108,0.0,0.0,0,2967094,4.61512051684126,4.61512051684126,4.543294782270004,2.0794415416798357,0.0,1387.5,2349.0,2,0,0,2,0.0,0.0,0.0,0,0.0,0.0,0.0,0.0,0.0,0.0,32,1.0986122886681098,0.0,0.0,1.0986122886681098,3.4965075614664802,0.0,26680.5,133760.5,100589.5,0.6931471805599453,0.0,-3.5165082281731497
550000,3579487,1,0,0,1748785204,0.0,0,100,99,0,1,100,0.0,0.0,0.010101010101010102,1,3116109,4.61512051684126,4.61512051684126,4.605170185988092,0.0,0.6931471805599453,1387.5,1627.0,2,0,0,2,0.0,0.0,0.0,0,0.0,0.0,0.0,0.0,0.0,0.0,32,1.0986122886681098,0.0,0.0,1.0986122886681098,3.4965075614664802,0.0,26680.5,133760.5,100589.5,0.6931471805599453,0.0,-3.5165082281731497
3170000,891509,1,0,0,1747216432,0.0,0,100,96,3,1,100,0.03125,0.3333333333333333,0.010416666666666666,1,3110159,4.61512051684126,4.61512051684126,4.574710978503383,1.3862943611198906,0.6931471805599453,1387.5,1350.0,1,0,0,1,0.0,0.0,0.0,0,0.0,0.0,0.0,0.0,0.0,0.0,16,0.6931471805599453,0.0,0.0,0.6931471805599453,2.833213344056216,0.0,115790.0,133760.5,100589.5,0.6931471805599453,0.0,-3.9219733362813143
2222000,4813199,1,0,0,1749715543,0.0,0,100,99,0,1,100,0.0,0.0,0.010101010101010102,1,2332991,4.61512051684126,4.61512051684126,4.605170185988092,0.0,0.6931471805599453,1387.5,1627.0,5,1,0,6,0.2,0.0,0.0,0,0.0,0.0,0.011363636363636364,0.0,0.0,6.696308994482241e-06,95,1.791759469228055,0.6931471805599453,0.0,1.9459101490553132,4.564348191467836,0.011299555253933367,3676.0,61498.0,100589.5,0.6931471805599453,0.0,-2.6692103677859462
7494000,4199851,1,0,0,1745501944,0.0,0,100,99,0,1,100,0.0,0.0,0.010101010101010102,1,4147868,4.61512051684126,4.61512051684126,4.605170185988092,0.0,0.6931471805599453,1387.5,1627.0,1,0,0,1,0.0,0.0,0.0,0,0.0,0.0,0.058823529411764705,0.0,0.0,3.466324655967278e-05,16,0.6931471805599453,0.0,0.0,0.6931471805599453,2.833213344056216,0.05715841383994861,115790.0,3523.0,100589.5,0.6931471805599453,0.0,-3.9219733362813143
4756000,2660678,1,0,0,1747033879,0.0,0,100,96,1,3,100,0.010416666666666666,3.0,0.03125,1,3767535,4.61512051684126,4.61512051684126,4.574710978503383,0.6931471805599453,1.3862943611198906,1387.5,834.0,1,0,0,1,0.0,0.0,0.0,0,0.0,0.0,0.0,0.0,0.0,0.0,16,0.6931471805599453,0.0,0.0,0.6931471805599453,2.833213344056216,0.0,115790.0,133760.5,100589.5,0.6931471805599453,0.0,-3.9219733362813143
6042000,14535761,1,0,0,1749358843,0.0,0,100,100,0,0,100,0.0,0.0,0.0,0,3924422,4.61512051684126,4.61512051684126,4.61512051684126,0.0,0.0,1387.5,2349.0,1,0,0,1,0.0,0.0,0.0,0,0.0,0.0,0.0,0.0,0.0,0.0,13,0.6931471805599453,0.0,0.0,0.6931471805599453,2.6390573296152584,0.0,115790.0,133760.5,100589.5,0.6931471805599453,0.0,-3.9219733362813143
4928000,4371903,1,0,0,1742817641,0.0,0,100,73,6,21,100,0.0821917808219178,3.5,0.2876712328767123,1,6215438,4.61512051684126,4.61512051684126,4.30406509320417,1.9459101490553132,3.091042453358316,1387.5,28.0,1,0,0,1,0.0,0.0,0.0,0,0.0,0.0,0.01,0.0,0.0,5.892751915144372e-06,16,0.6931471805599453,0.0,0.0,0.6931471805599453,2.833213344056216,0.009950330853168083,115790.0,73080.0,100589.5,0.6931471805599453,0.0,-3.9219733362813143
8612000,8602458,1,0,0,1747297210,0.0,0,40,37,0,3,40,0.0,0.0,0.08108108108108109,1,19538278,3.713572066704308,3.713572066704308,3.6375861597263857,0.0,1.3862943611198906,2890.0,279.0,2,0,0,2,0.0,0.0,0.0,0,0.0,0.0,0.0,0.0,0.0,0.0,32,1.0986122886681098,0.0,0.0,1.0986122886681098,3.4965075614664802,0.0,26680.5,133760.5,100589.5,0.6931471805599453,0.0,-2.614959778036198
2770000,9047921,1,0,0,1747142257,0.0,0,100,100,0,0,100,0.0,0.0,0.0,0,2534488,4.61512051684126,4.61512051684126,4.61512051684126,0.0,0.0,1387.5,2349.0,2,0,0,2,0.0,0.0,0.0,0,0.0,0.0,0.0,0.0,0.0,0.0,32,1.0986122886681098,0.0,0.0,1.0986122886681098,3.4965075614664802,0.0,26680.5,133760.5,100589.5,0.6931471805599453,0.0,-3.5165082281731497
5900000,2634370,1,0,0,1743153290,0.0,0,100,100,0,0,100,0.0,0.0,0.0,0,10354369,4.61512051684126,4.61512051684126,4.61512051684126,0.0,0.0,1387.5,2349.0,3,0,0,3,0.0,0.0,0.0,0,0.0,0.0,0.025383141762452106,0.0,0.0,1.4957655723307074e-05,40,1.3862943611198906,0.0,0.0,1.3862943611198906,3.713572066704308,0.025066339587153458,12635.5,16565.0,100589.5,0.6931471805599453,0.0,-3.228826155721369
2988000,2223750,1,0,0,1746977254,0.0,0,100,98,2,0,99,0.02040816326530612,0.0,0.0,0,2669633,4.61512051684126,4.605170185988092,4.59511985013459,1.0986122886681098,0.0,1387.5,2349.0,1,0,0,1,0.0,0.0,0.0,0,0.0,0.0,0.0,0.0,0.0,0.0,16,0.6931471805599453,0.0,0.0,0.6931471805599453,2.833213344056216,0.0,115790.0,133760.5,100589.5,0.6931471805599453,0.0,-3.9120230054281464
8810000,1732689,1,0,0,1749548192,0.0,0,100,100,0,0,89,0.0,0.0,0.0,0,1393249,4.61512051684126,4.499809670330265,4.61512051684126,0.0,0.0,1387.5,2349.0,2,0,0,2,0.0,0.0,0.0,0,0.0,0.0,0.0,0.0,0.0,0.0,31,1.0986122886681098,0.0,0.0,1.0986122886681098,3.4657359027997265,0.0,26680.5,133760.5,100589.5,0.6931471805599453,0.0,-3.401197381662155
7890000,1026232,1,0,0,1739960763,0.0,0,100,97,1,2,100,0.010309278350515464,2.0,0.020618556701030927,1,9542412,4.61512051684126,4.61512051684126,4.584967478670572,0.6931471805599453,1.0986122886681098,1387.5,1108.0,1,0,0,1,0.0,0.0,0.0,0,0.0,0.0,0.013513513513513514,0.0,0.0,7.963178263708612e-06,11,0.6931471805599453,0.0,0.0,0.6931471805599453,2.4849066497880004,0.013423020332140687,115790.0,45044.5,100589.5,0.6931471805599453,0.0,-3.9219733362813143
6622000,12799505,1,0,0,1738162946,0.0,0,100,95,5,0,100,0.05263157894736842,0.0,0.0,0,15045413,4.61512051684126,4.61512051684126,4.564348191467836,1.791759469228055,0.0,1387.5,2349.0,1,0,0,1,0.0,0.0,0.0,0,0.0,0.0,0.0,0.0,0.0,0.0,16,0.6931471805599453,0.0,0.0,0.6931471805599453,2.833213344056216,0.0,115790.0,133760.5,100589.5,0.6931471805599453,0.0,-3.9219733362813143
5524000,608943,1,0,0,1746823197,0.0,0,100,98,0,2,100,0.0,0.0,0.02040816326530612,1,4740993,4.61512051684126,4.61512051684126,4.59511985013459,0.0,1.0986122886681098,1387.5,1177.0,3,0,0,3,0.0,0.0,0.0,0,0.0,0.0,0.014705882352941176,0.0,0.0,8.665811639918195e-06,44,1.3862943611198906,0.0,0.0,1.3862943611198906,3.8066624897703196,0.014598799421152683,12635.5,38785.5,100589.5,0.6931471805599453,0.0,-3.228826155721369
5866000,1523989,1,0,0,1742694229,0.0,0,100,96,1,3,100,0.010416666666666666,3.0,0.03125,1,9541273,4.61512051684126,4.61512051684126,4.574710978503383,0.6931471805599453,1.3862943611198906,1387.5,834.0,1,0,0,1,0.0,0.0,0.0,0,0.0,0.0,0.014705882352941176,0.0,0.0,8.665811639918195e-06,16,0.6931471805599453,0.0,0.0,0.6931471805599453,2.833213344056216,0.014598799421152683,115790.0,38785.5,100589.5,0.6931471805599453,0.0,-3.9219733362813143
3232000,580034,1,0,0,1744555453,0.0,0,100,97,1,2,100,0.010309278350515464,2.0,0.020618556701030927,1,4217478,4.61512051684126,4.61512051684126,4.584967478670572,0.6931471805599453,1.0986122886681098,1387.5,1108.0,13,0,2,15,0.0,0.0,0.15384615384615385,1,0.0,1.0,0.1401366961850833,0.0,0.0005892751915144372,8.257907848266546e-05,223,2.6390573296152584,0.0,1.0986122886681098,2.772588722239781,5.4116460518550396,0.13114816415218605,629.0,654.0,171.5,0.6931471805599453,0.0,-1.8425317946014785
10074000,13925185,1,0,0,1749800106,0.0,0,100,96,4,0,100,0.041666666666666664,0.0,0.0,0,3827230,4.61512051684126,4.61512051684126,4.574710978503383,1.6094379124341003,0.0,1387.5,2349.0,1,0,0,1,0.0,0.0,0.0,0,0.0,0.0,0.0,0.0,0.0,0.0,16,0.6931471805599453,0.0,0.0,0.6931471805599453,2.833213344056216,0.0,115790.0,133760.5,100589.5,0.6931471805599453,0.0,-3.9219733362813143
8942000,39497,1,0,0,1749178982,0.0,0,100,99,1,0,99,0.010101010101010102,0.0,0.0,0,5228184,4.61512051684126,4.605170185988092,4.605170185988092,0.6931471805599453,0.0,1387.5,2349.0,24,0,0,24,0.0,0.0,0.0,0,0.0,0.0,0.11504150960303484,0.0,0.0,6.779110760343833e-05,358,3.2188758248682006,0.0,0.0,3.2188758248682006,5.883322388488279,0.10889163256265351,207.0,943.0,100589.5,0.6931471805599453,0.0,-1.3862943611198912
6896000,8180287,1,0,0,1749044386,0.0,0,100,100,0,0,100,0.0,0.0,0.0,0,9700182,4.61512051684126,4.61512051684126,4.61512051684126,0.0,0.0,1387.5,2349.0,2,0,0,2,0.0,0.0,0.0,0,0.0,0.0,0.0,0.0,0.0,0.0,32,1.0986122886681098,0.0,0.0,1.0986122886681098,3.4965075614664802,0.0,26680.5,133760.5,100589.5,0.6931471805599453,0.0,-3.5165082281731497
4296000,5292919,1,0,0,1748993874,0.0,0,100,100,0,0,100,0.0,0.0,0.0,0,2121097,4.61512051684126,4.61512051684126,4.61512051684126,0.0,0.0,1387.5,2349.0,1,0,0,1,0.0,0.0,0.0,0,0.0,0.0,0.0,0.0,0.0,0.0,16,0.6931471805599453,0.0,0.0,0.6931471805599453,2.833213344056216,0.0,115790.0,133760.5,100589.5,0.6931471805599453,0.0,-3.9219733362813143
7492000,14709547,1,0,0,1748703812,0.0,0,100,96,2,2,100,0.020833333333333332,1.0,0.020833333333333332,1,4962453,4.61512051684126,4.61512051684126,4.574710978503383,1.0986122886681098,1.0986122886681098,1387.5,1054.0,33,0,0,33,0.0,0.0,0.0,0,0.0,0.0,0.08404043912482127,0.0,0.0,4.952294586023646e-05,494,3.5263605246161616,0.0,0.0,3.5263605246161616,6.20455776256869,0.08069520778732517,91.5,1772.0,100589.5,0.6931471805599453,0.0,-1.0887599922250981
3242000,6975006,1,0,0,1743372136,0.0,0,100,92,3,5,98,0.03260869565217391,1.6666666666666667,0.05434782608695652,1,6830170,4.61512051684126,4.59511985013459,4.532599493153256,1.3862943611198906,1.791759469228055,1387.5,476.5,1,0,0,1,0.0,0.0,0.0,0,1.0,0.0,0.015873015873015872,0.0005892751915144372,0.0,9.35357446848313e-06,8,0.6931471805599453,0.0,0.0,0.6931471805599453,2.1972245773362196,0.015748356968139168,115790.0,33705.5,100589.5,0.6931471805599453,0.0,-3.9019726695746444
9502000,15241497,1,0,0,1748101131,0.0,0,100,100,0,0,100,0.0,0.0,0.0,0,1618127,4.61512051684126,4.61512051684126,4.61512051684126,0.0,0.0,1387.5,2349.0,3,0,0,3,0.0,0.0,0.0,0,0.0,0.0,0.0,0.0,0.0,0.0,48,1.3862943611198906,0.0,0.0,1.3862943611198906,3.8918202981106265,0.0,12635.5,133760.5,100589.5,0.6931471805599453,0.0,-3.228826155721369
4336000,2399337,1,0,0,1735590778,0.0,0,100,90,6,4,100,0.06666666666666667,0.6666666666666666,0.044444444444444446,1,13413392,4.61512051684126,4.61512051684126,4.51085950651685,1.9459101490553132,1.6094379124341003,1387.5,565.0,1,0,0,1,0.0,0.0,0.0,0,0.0,0.0,0.0125,0.0,0.0,7.3659398939304655e-06,11,0.6931471805599453,0.0,0.0,0.6931471805599453,2.4849066497880004,0.012422519998557154,115790.0,52083.0,100589.5,0.6931471805599453,0.0,-3.9219733362813143
8882000,2770210,1,0,0,1743591495,0.0,0,100,100,0,0,100,0.0,0.0,0.0,0,7397609,4.61512051684126,4.61512051684126,4.61512051684126,0.0,0.0,1387.5,2349.0,1,0,0,1,0.0,0.0,0.0,0,0.0,0.0,0.0,0.0,0.0,0.0,16,0.6931471805599453,0.0,0.0,0.6931471805599453,2.833213344056216,0.0,115790.0,133760.5,100589.5,0.6931471805599453,0.0,-3.9219733362813143
8434000,15090636,1,0,0,1746798353,0.0,0,100,93,5,2,100,0.053763440860215055,0.4,0.021505376344086023,1,4863417,4.61512051684126,4.61512051684126,4.543294782270004,1.791759469228055,1.0986122886681098,1387.5,976.0,1,0,0,1,0.0,0.0,0.0,0,0.0,0.0,0.0,0.0,0.0,0.0,16,0.6931471805599453,0.0,0.0,0.6931471805599453,2.833213344056216,0.0,115790.0,133760.5,100589.5,0.6931471805599453,0.0,-3.9219733362813143
7794000,12856772,1,0,0,1746850236,0.0,0,100,97,0,3,99,0.0,0.0,0.030927835051546393,1,6571643,4.61512051684126,4.605170185988092,4.584967478670572,0.0,1.3862943611198906,1387.5,873.5,2,0,0,2,0.0,0.0,0.0,0,0.0,0.0,0.020833333333333332,0.0,0.0,1.2276566489884108e-05,32,1.0986122886681098,0.0,0.0,1.0986122886681098,3.4965075614664802,0.02061928720273568,26680.5,22971.5,100589.5,0.6931471805599453,0.0,-3.506557897319982
2840000,11062922,1,0,0,1748530202,0.0,0,100,97,1,2,100,0.010309278350515464,2.0,0.020618556701030927,1,3251784,4.61512051684126,4.61512051684126,4.584967478670572,0.6931471805599453,1.0986122886681098,1387.5,1108.0,7,0,0,7,0.0,0.0,0.0,0,0.0,0.0,0.0,0.0,0.0,0.0,104,2.0794415416798357,0.0,0.0,2.0794415416798357,4.653960350157523,0.0,2788.0,133760.5,100589.5,0.6931471805599453,0.0,-2.535678975161424
9044000,5984165,1,0,0,1746831284,0.0,0,100,87,4,9,100,0.04597701149425287,2.25,0.10344827586206896,1,5680125,4.61512051684126,4.61512051684126,4.477336814478207,1.6094379124341003,2.302585092994046,1387.5,193.5,3,0,0,3,0.0,0.0,0.0,0,0.0,0.0,0.04469696969696969,0.0,0.0,2.6338815378296814e-05,47,1.3862943611198906,0.0,0.0,1.3862943611198906,3.871201010907891,0.04372686221288527,12635.5,6004.0,100589.5,0.6931471805599453,0.0,-3.228826155721369
6882000,9391857,1,0,0,1747757006,0.0,0,100,99,0,1,100,0.0,0.0,0.010101010101010102,1,3012986,4.61512051684126,4.61512051684126,4.605170185988092,0.0,0.6931471805599453,1387.5,1627.0,2,0,0,2,0.0,0.0,0.0,0,0.0,0.0,0.0,0.0,0.0,0.0,32,1.0986122886681098,0.0,0.0,1.0986122886681098,3.4965075614664802,0.0,26680.5,133760.5,100589.5,0.6931471805599453,0.0,-3.5165082281731497
1500000,12497790,1,0,0,1745964561,0.0,0,100,80,18,2,100,0.225,0.1111111111111111,0.025,1,3002478,4.61512051684126,4.61512051684126,4.394449154672439,2.9444389791664403,1.0986122886681098,1387.5,904.0,1,0,0,1,0.0,0.0,0.0,0,0.0,0.0,0.010101010101010102,0.0,0.0,5.952274661761993e-06,16,0.6931471805599453,0.0,0.0,0.6931471805599453,2.833213344056216,0.010050335853501442,115790.0,72781.5,100589.5,0.6931471805599453,0.0,-3.9219733362813143
698000,2125588,1,0,0,1746250676,0.0,0,100,98,0,2,100,0.0,0.0,0.02040816326530612,1,9502016,4.61512051684126,4.61512051684126,4.59511985013459,0.0,1.0986122886681098,1387.5,1177.0,1,0,0,1,0.0,0.0,0.0,0,0.0,0.0,0.0,0.0,0.0,0.0,16,0.6931471805599453,0.0,0.0,0.6931471805599453,2.833213344056216,0.0,115790.0,133760.5,100589.5,0.6931471805599453,0.0,-3.9219733362813143
6172000,11816749,1,0,0,1749279627,0.0,0,100,99,0,1,100,0.0,0.0,0.010101010101010102,1,1904139,4.61512051684126,4.61512051684126,4.605170185988092,0.0,0.6931471805599453,1387.5,1627.0,1,0,0,1,0.0,0.0,0.0,0,0.0,0.0,0.0,0.0,0.0,0.0,16,0.6931471805599453,0.0,0.0,0.6931471805599453,2.833213344056216,0.0,115790.0,133760.5,100589.5,0.6931471805599453,0.0,-3.9219733362813143
9202000,9634749,1,0,0,1746792989,0.0,0,100,99,1,0,100,0.010101010101010102,0.0,0.0,0,2652282,4.61512051684126,4.61512051684126,4.605170185988092,0.6931471805599453,0.0,1387.5,2349.0,2,0,0,2,0.0,0.0,0.0,0,0.0,0.0,0.010416666666666666,0.0,0.0,6.138283244942054e-06,32,1.0986122886681098,0.0,0.0,1.0986122886681098,3.4965075614664802,0.010362787035546583,26680.5,69880.5,100589.5,0.6931471805599453,0.0,-3.5165082281731497
5444000,8933048,1,0,0,1749002194,0.0,0,100,98,1,1,100,0.01020408163265306,1.0,0.01020408163265306,1,1742477,4.61512051684126,4.61512051684126,4.59511985013459,0.6931471805599453,0.6931471805599453,1387.5,1497.0,3,0,0,3,0.0,0.0,0.0,0,0.0,0.0,0.0,0.0,0.0,0.0,48,1.3862943611198906,0.0,0.0,1.3862943611198906,3.8918202981106265,0.0,12635.5,133760.5,100589.5,0.6931471805599453,0.0,-3.228826155721369
8504000,4960982,1,0,0,1748269133,0.0,0,100,97,0,3,100,0.0,0.0,0.030927835051546393,1,5510030,4.61512051684126,4.61512051684126,4.584967478670572,0.0,1.3862943611198906,1387.5,873.5,1,0,0,1,0.0,0.0,0.0,0,0.0,0.0,0.0,0.0,0.0,0.0,16,0.6931471805599453,0.0,0.0,0.6931471805599453,2.833213344056216,0.0,115790.0,133760.5,100589.5,0.6931471805599453,0.0,-3.9219733362813143
2534000,14015958,1,0,0,1740356267,0.0,0,100,95,3,2,100,0.031578947368421054,0.6666666666666666,0.021052631578947368,1,8677065,4.61512051684126,4.61512051684126,4.564348191467836,1.3862943611198906,1.0986122886681098,1387.5,1019.0,1,0,0,1,0.0,0.0,0.0,0,0.0,0.0,0.0196078431372549,0.0,0.0,1.1554415519890927e-05,16,0.6931471805599453,0.0,0.0,0.6931471805599453,2.833213344056216,0.019418085857101582,115790.0,24986.5,100589.5,0.6931471805599453,0.0,-3.9219733362813143
4494000,10299143,1,0,0,1747477858,0.0,0,100,95,5,0,100,0.05263157894736842,0.0,0.0,0,2413434,4.61512051684126,4.61512051684126,4.564348191467836,1.791759469228055,0.0,1387.5,2349.0,4,0,0,4,0.0,0.0,0.0,0,0.0,0.0,0.0,0.0,0.0,0.0,54,1.6094379124341003,0.0,0.0,1.6094379124341003,4.007333185232471,0.0,7577.5,133760.5,100589.5,0.6931471805599453,0.0,-3.005682604407159
6654000,14376146,1,0,0,1751391681,0.0,0,30,30,0,0,30,0.0,0.0,0.0,0,5208544,3.4339872044851463,3.4339872044851463,3.4339872044851463,0.0,0.0,2916.0,2349.0,1,0,0,1,0.0,0.0,0.0,0,0.0,0.0,0.0,0.0,0.0,0.0,16,0.6931471805599453,0.0,0.0,0.6931471805599453,2.833213344056216,0.0,115790.0,133760.5,100589.5,0.6931471805599453,0.0,-2.740840023925201
3432000,9064766,1,0,0,1749503911,0.0,0,100,100,0,0,100,0.0,0.0,0.0,0,3460116,4.61512051684126,4.61512051684126,4.61512051684126,0.0,0.0,1387.5,2349.0,1,0,0,1,0.0,0.0,0.0,0,0.0,0.0,0.0,0.0,0.0,0.0,16,0.6931471805599453,0.0,0.0,0.6931471805599453,2.833213344056216,0.0,115790.0,133760.5,100589.5,0.6931471805599453,0.0,-3.9219733362813143
6748000,15357290,1,0,0,1747987329,0.0,0,100,96,3,1,100,0.03125,0.3333333333333333,0.010416666666666666,1,2165864,4.61512051684126,4.61512051684126,4.574710978503383,1.3862943611198906,0.6931471805599453,1387.5,1350.0,5,0,0,5,0.0,0.0,0.0,0,0.0,0.0,0.0,0.0,0.0,0.0,79,1.791759469228055,0.0,0.0,1.791759469228055,4.382026634673881,0.0,5102.5,133760.5,100589.5,0.6931471805599453,0.0,-2.8233610476132047
7730000,14905112,1,0,0,1740409022,0.0,0,100,100,0,0,98,0.0,0.0,0.0,0,11390531,4.61512051684126,4.59511985013459,4.61512051684126,0.0,0.0,1387.5,2349.0,1,0,0,1,0.0,0.0,0.0,0,0.0,0.0,0.0,0.0,0.0,0.0,10,0.6931471805599453,0.0,0.0,0.6931471805599453,2.3978952727983707,0.0,115790.0,133760.5,100589.5,0.6931471805599453,0.0,-3.9019726695746444
10000,6730237,1,0,0,1748990535,0.0,0,100,99,1,0,100,0.010101010101010102,0.0,0.0,0,3468630,4.61512051684126,4.61512051684126,4.605170185988092,0.6931471805599453,0.0,1387.5,2349.0,1,0,0,1,0.0,0.0,0.0,0,0.0,0.0,0.0,0.0,0.0,0.0,16,0.6931471805599453,0.0,0.0,0.6931471805599453,2.833213344056216,0.0,115790.0,133760.5,100589.5,0.6931471805599453,0.0,-3.9219733362813143
3764000,12904318,1,0,0,1748759580,0.0,0,100,99,1,0,96,0.010101010101010102,0.0,0.0,0,3875244,4.61512051684126,4.574710978503383,4.605170185988092,0.6931471805599453,0.0,1387.5,2349.0,12,0,0,12,0.0,0.0,0.0,0,0.0,0.0,0.0,0.0,0.0,0.0,173,2.5649493574615367,0.0,0.0,2.5649493574615367,5.159055299214529,0.0,995.0,133760.5,100589.5,0.6931471805599453,0.0,-2.009761621041846
7952000,10768831,1,0,0,1747992919,0.0,0,100,94,5,1,100,0.05319148936170213,0.2,0.010638297872340425,1,4986096,4.61512051684126,4.61512051684126,4.553876891600541,1.791759469228055,0.6931471805599453,1387.5,1296.0,6,0,0,6,0.0,0.0,0.0,0,0.0,0.0,0.01639344262295082,0.0,0.0,9.660249041220283e-06,89,1.9459101490553132,0.0,0.0,1.9459101490553132,4.499809670330265,0.016260520871780308,3676.0,32125.0,100589.5,0.6931471805599453,0.0,-2.6692103677859462
1244000,11779958,1,0,0,1746677986,0.0,0,100,87,9,4,100,0.10344827586206896,0.4444444444444444,0.04597701149425287,1,3162334,4.61512051684126,4.61512051684126,4.477336814478207,2.302585092994046,1.6094379124341003,1387.5,551.0,10,1,0,11,0.1,0.0,0.0,0,0.0,0.0,0.06978304102195255,0.0,0.0,4.1121414862670924e-05,176,2.3978952727983707,0.6931471805599453,0.0,2.4849066497880004,5.176149732573829,0.0674558625140875,1187.0,2482.0,100589.5,0.6931471805599453,0.0,-2.1302138670532593
1676000,14916276,1,0,0,1748929575,0.0,0,100,100,0,0,100,0.0,0.0,0.0,0,2895220,4.61512051684126,4.61512051684126,4.61512051684126,0.0,0.0,1387.5,2349.0,1,0,0,1,0.0,0.0,0.0,0,0.0,0.0,0.0,0.0,0.0,0.0,16,0.6931471805599453,0.0,0.0,0.6931471805599453,2.833213344056216,0.0,115790.0,133760.5,100589.5,0.6931471805599453,0.0,-3.9219733362813143
1886000,12717759,1,0,0,1744950151,0.0,0,100,90,6,4,100,0.06666666666666667,0.6666666666666666,0.044444444444444446,1,6399514,4.61512051684126,4.61512051684126,4.51085950651685,1.9459101490553132,1.6094379124341003,1387.5,565.0,1,0,0,1,0.0,0.0,0.0,0,0.0,0.0,0.024390243902439025,0.0,0.0,1.4372565646693592e-05,16,0.6931471805599453,0.0,0.0,0.6931471805599453,2.833213344056216,0.024097551579060503,115790.0,17650.0,100589.5,0.6931471805599453,0.0,-3.9219733362813143
6532000,13461413,1,0,0,1744665989,0.0,0,100,98,0,2,100,0.0,0.0,0.02040816326530612,1,7159412,4.61512051684126,4.61512051684126,4.59511985013459,0.0,1.0986122886681098,1387.5,1177.0,1,0,0,1,0.0,0.0,0.0,0,0.0,0.0,0.0,0.0,0.0,0.0,16,0.6931471805599453,0.0,0.0,0.6931471805599453,2.833213344056216,0.0,115790.0,133760.5,100589.5,0.6931471805599453,0.0,-3.9219733362813143
4586000,9559523,1,0,0,1748580582,0.0,0,100,93,6,1,100,0.06451612903225806,0.16666666666666666,0.010752688172043012,1,2486877,4.61512051684126,4.61512051684126,4.543294782270004,1.9459101490553132,0.6931471805599453,1387.5,1272.5,1,0,0,1,0.0,0.0,0.0,0,0.0,0.0,0.0,0.0,0.0,0.0,16,0.6931471805599453,0.0,0.0,0.6931471805599453,2.833213344056216,0.0,115790.0,133760.5,100589.5,0.6931471805599453,0.0,-3.9219733362813143
5382000,2070998,1,0,0,1748410590,0.0,0,100,96,1,3,100,0.010416666666666666,3.0,0.03125,1,2072466,4.61512051684126,4.61512051684126,4.574710978503383,0.6931471805599453,1.3862943611198906,1387.5,834.0,4,0,0,4,0.0,0.0,0.0,0,0.0,0.0,0.0,0.0,0.0,0.0,56,1.6094379124341003,0.0,0.0,1.6094379124341003,4.04305126783455,0.0,7577.5,133760.5,100589.5,0.6931471805599453,0.0,-3.005682604407159
4024000,11867306,1,0,0,1746853918,0.0,0,100,100,0,0,100,0.0,0.0,0.0,0,4414663,4.61512051684126,4.61512051684126,4.61512051684126,0.0,0.0,1387.5,2349.0,1,0,0,1,0.0,0.0,0.0,0,0.0,0.0,0.0,0.0,0.0,0.0,16,0.6931471805599453,0.0,0.0,0.6931471805599453,2.833213344056216,0.0,115790.0,133760.5,100589.5,0.6931471805599453,0.0,-3.9219733362813143
6450000,12719336,1,0,0,1743065250,0.0,0,100,89,9,2,100,0.10112359550561797,0.2222222222222222,0.02247191011235955,1,8677161,4.61512051684126,4.61512051684126,4.499809670330265,2.302585092994046,1.0986122886681098,1387.5,926.5,1,0,0,1,0.0,0.0,0.0,0,0.0,0.0,0.02564102564102564,0.0,0.0,1.510962029524198e-05,16,0.6931471805599453,0.0,0.0,0.6931471805599453,2.833213344056216,0.025317807984289873,115790.0,16240.5,100589.5,0.6931471805599453,0.0,-3.9219733362813143
2134000,3746712,1,0,0,1748053143,0.0,0,100,91,2,7,100,0.02197802197802198,3.5,0.07692307692307693,1,2772322,4.61512051684126,4.61512051684126,4.5217885770490405,1.0986122886681098,2.0794415416798357,1387.5,318.0,2,0,0,2,0.0,0.0,0.0,0,0.0,0.0,0.01020408163265306,0.0,0.0,6.013012158310583e-06,32,1.0986122886681098,0.0,0.0,1.0986122886681098,3.4965075614664802,0.010152371464018007,26680.5,72117.5,100589.5,0.6931471805599453,0.0,-3.5165082281731497
3888000,9000826,2,0,0,1747714480,0.0,0,100,93,5,2,98,0.053763440860215055,0.4,0.021505376344086023,1,3097570,4.61512051684126,4.59511985013459,4.543294782270004,1.791759469228055,1.0986122886681098,1387.5,976.0,8,0,0,4,0.0,0.0,0.0,0,0.0,0.0,0.12445887445887446,0.0,0.0,7.334052708242455e-05,101,2.1972245773362196,0.0,0.0,1.6094379124341003,4.624972813284271,0.11730191945754324,7577.5,843.0,100589.5,1.0986122886681098,0.0,-2.9856819377004893
920000,12324232,1,0,0,1746416933,0.0,0,100,96,0,4,100,0.0,0.0,0.041666666666666664,1,8247350,4.61512051684126,4.61512051684126,4.574710978503383,0.0,1.6094379124341003,1387.5,665.5,2,0,0,2,0.0,0.0,0.0,0,0.0,0.0,0.018518518518518517,0.0,0.0,1.0912503546563651e-05,32,1.0986122886681098,0.0,0.0,1.0986122886681098,3.4965075614664802,0.018349138668196534,26680.5,27162.0,100589.5,0.6931471805599453,0.0,-3.5165082281731497
5048000,15311280,1,0,0,1747087854,0.0,0,100,87,9,4,100,0.10344827586206896,0.4444444444444444,0.04597701149425287,1,1740580,4.61512051684126,4.61512051684126,4.477336814478207,2.302585092994046,1.6094379124341003,1387.5,551.0,3,0,0,3,0.0,0.0,0.0,0,0.0,0.0,0.017543859649122806,0.0,0.0,1.033816125463925e-05,45,1.3862943611198906,0.0,0.0,1.3862943611198906,3.828641396489095,0.017391742711869183,12635.5,29104.0,100589.5,0.6931471805599453,0.0,-3.228826155721369
6364000,1267675,1,0,0,1747887903,0.0,0,100,97,3,0,100,0.030927835051546393,0.0,0.0,0,5030845,4.61512051684126,4.61512051684126,4.584967478670572,1.3862943611198906,0.0,1387.5,2349.0,1,0,0,1,0.0,0.0,0.0,0,0.0,0.0,0.0,0.0,0.0,0.0,16,0.6931471805599453,0.0,0.0,0.6931471805599453,2.833213344056216,0.0,115790.0,133760.5,100589.5,0.6931471805599453,0.0,-3.9219733362813143
3022000,4798676,1,0,0,1748691204,0.0,0,100,98,0,2,100,0.0,0.0,0.02040816326530612,1,3351722,4.61512051684126,4.61512051684126,4.59511985013459,0.0,1.0986122886681098,1387.5,1177.0,1,0,0,1,0.0,0.0,0.0,0,0.0,0.0,0.0,0.0,0.0,0.0,16,0.6931471805599453,0.0,0.0,0.6931471805599453,2.833213344056216,0.0,115790.0,133760.5,100589.5,0.6931471805599453,0.0,-3.9219733362813143
6328000,859239,1,0,0,1737889231,0.0,0,100,100,0,0,100,0.0,0.0,0.0,0,12560086,4.61512051684126,4.61512051684126,4.61512051684126,0.0,0.0,1387.5,2349.0,1,0,0,1,0.0,0.0,0.0,0,0.0,0.0,0.0,0.0,0.0,0.0,10,0.6931471805599453,0.0,0.0,0.6931471805599453,2.3978952727983707,0.0,115790.0,133760.5,100589.5,0.6931471805599453,0.0,-3.9219733362813143
982000,11808670,1,0,0,1746051247,0.0,0,100,98,0,2,100,0.0,0.0,0.02040816326530612,1,7594046,4.61512051684126,4.61512051684126,4.59511985013459,0.0,1.0986122886681098,1387.5,1177.0,1,0,0,1,0.0,0.0,0.0,0,0.0,0.0,0.0,0.0,0.0,0.0,16,0.6931471805599453,0.0,0.0,0.6931471805599453,2.833213344056216,0.0,115790.0,133760.5,100589.5,0.6931471805599453,0.0,-3.9219733362813143
3904000,6984986,1,0,0,1746964649,0.0,0,100,86,6,8,100,0.06976744186046512,1.3333333333333333,0.09302325581395349,1,6396130,4.61512051684126,4.61512051684126,4.465908118654584,1.9459101490553132,2.1972245773362196,1387.5,228.5,1,0,0,1,0.0,0.0,0.0,0,0.0,0.0,0.011764705882352941,0.0,0.0,6.932649311934555e-06,16,0.6931471805599453,0.0,0.0,0.6931471805599453,2.833213344056216,0.011696039763191278,115790.0,57837.0,100589.5,0.6931471805599453,0.0,-3.9219733362813143
5952000,14174492,1,0,0,1749252622,0.0,0,100,100,0,0,100,0.0,0.0,0.0,0,2557121,4.61512051684126,4.61512051684126,4.61512051684126,0.0,0.0,1387.5,2349.0,14,0,0,14,0.0,0.0,0.0,0,0.0,0.0,0.0,0.0,0.0,0.0,213,2.70805020110221,0.0,0.0,2.70805020110221,5.365976015021851,0.0,721.5,133760.5,100589.5,0.6931471805599453,0.0,-1.9070703157390496
1414000,7517414,1,0,0,1751457310,0.0,0,100,97,3,0,100,0.030927835051546393,0.0,0.0,0,13973732,4.61512051684126,4.61512051684126,4.584967478670572,1.3862943611198906,0.0,1387.5,2349.0,1,0,0,1,0.0,0.0,0.0,0,0.0,0.0,0.0,0.0,0.0,0.0,16,0.6931471805599453,0.0,0.0,0.6931471805599453,2.833213344056216,0.0,115790.0,133760.5,100589.5,0.6931471805599453,0.0,-3.9219733362813143
9818000,14291565,1,0,0,1748067692,0.0,0,100,86,13,1,100,0.1511627906976744,0.07692307692307693,0.011627906976744186,1,1847998,4.61512051684126,4.61512051684126,4.465908118654584,2.6390573296152584,0.6931471805599453,1387.5,1231.0,1,0,0,1,0.0,0.0,0.0,0,0.0,0.0,0.0,0.0,0.0,0.0,16,0.6931471805599453,0.0,0.0,0.6931471805599453,2.833213344056216,0.0,115790.0,133760.5,100589.5,0.6931471805599453,0.0,-3.9219733362813143
2408000,10397735,1,0,0,1747980866,0.0,0,100,90,3,7,100,0.03333333333333333,2.3333333333333335,0.07777777777777778,1,2423633,4.61512051684126,4.61512051684126,4.51085950651685,1.3862943611198906,2.0794415416798357,1387.5,306.5,1,0,0,1,0.0,0.0,0.0,0,0.0,0.0,0.011111111111111112,0.0,0.0,6.547502127938192e-06,16,0.6931471805599453,0.0,0.0,0.6931471805599453,2.833213344056216,0.011049836186584975,115790.0,64646.5,100589.5,0.6931471805599453,0.0,-3.9219733362813143
2538000,10532315,1,0,0,1750213399,0.0,0,43,43,0,0,43,0.0,0.0,0.0,0,3818855,3.784189633918261,3.784189633918261,3.784189633918261,0.0,0.0,2886.0,2349.0,2,0,0,2,0.0,0.0,0.0,0,0.0,0.0,0.0,0.0,0.0,0.0,31,1.0986122886681098,0.0,0.0,1.0986122886681098,3.4657359027997265,0.0,26680.5,133760.5,100589.5,0.6931471805599453,0.0,-2.6855773452501515
8798000,9417419,1,0,0,1744938726,0.0,0,100,96,4,0,100,0.041666666666666664,0.0,0.0,0,5970364,4.61512051684126,4.61512051684126,4.574710978503383,1.6094379124341003,0.0,1387.5,2349.0,1,0,0,1,0.0,0.0,0.0,0,0.0,0.0,0.0,0.0,0.0,0.0,16,0.6931471805599453,0.0,0.0,0.6931471805599453,2.833213344056216,0.0,115790.0,133760.5,100589.5,0.6931471805599453,0.0,-3.9219733362813143
616000,3451796,1,0,0,1751631532,0.0,0,100,100,0,0,100,0.0,0.0,0.0,0,8401389,4.61512051684126,4.61512051684126,4.61512051684126,0.0,0.0,1387.5,2349.0,2,0,0,2,0.0,0.0,0.0,0,0.0,0.0,0.0,0.0,0.0,0.0,24,1.0986122886681098,0.0,0.0,1.0986122886681098,3.2188758248682006,0.0,26680.5,133760.5,100589.5,0.6931471805599453,0.0,-3.5165082281731497
4530000,2970682,1,0,0,1749705954,0.0,0,100,99,1,0,100,0.010101010101010102,0.0,0.0,0,7176446,4.61512051684126,4.61512051684126,4.605170185988092,0.6931471805599453,0.0,1387.5,2349.0,3,0,0,3,0.0,0.0,0.0,0,0.0,0.0,0.0,0.0,0.0,0.0,42,1.3862943611198906,0.0,0.0,1.3862943611198906,3.7612001156935624,0.0,12635.5,133760.5,100589.5,0.6931471805599453,0.0,-3.228826155721369
9026000,3688956,1,0,0,1749031124,0.0,0,100,100,0,0,100,0.0,0.0,0.0,0,4158902,4.61512051684126,4.61512051684126,4.61512051684126,0.0,0.0,1387.5,2349.0,1,0,0,1,0.0,0.0,0.0,0,0.0,0.0,0.0,0.0,0.0,0.0,16,0.6931471805599453,0.0,0.0,0.6931471805599453,2.833213344056216,0.0,115790.0,133760.5,100589.5,0.6931471805599453,0.0,-3.9219733362813143
7516000,2997076,1,0,0,1746077969,0.0,0,100,99,1,0,100,0.010101010101010102,0.0,0.0,0,2915837,4.61512051684126,4.61512051684126,4.605170185988092,0.6931471805599453,0.0,1387.5,2349.0,1,0,0,1,0.0,0.0,0.0,0,0.0,0.0,0.0,0.0,0.0,0.0,16,0.6931471805599453,0.0,0.0,0.6931471805599453,2.833213344056216,0.0,115790.0,133760.5,100589.5,0.6931471805599453,0.0,-3.9219733362813143
9516000,8390189,1,0,0,1747903144,0.0,0,100,87,6,7,100,0.06896551724137931,1.1666666666666667,0.08045977011494253,1,2651695,4.61512051684126,4.61512051684126,4.477336814478207,1.9459101490553132,2.0794415416798357,1387.5,280.5,1,0,0,1,0.0,0.0,0.0,0,0.0,0.0,0.0125,0.0,0.0,7.3659398939304655e-06,16,0.6931471805599453,0.0,0.0,0.6931471805599453,2.833213344056216,0.012422519998557154,115790.0,52083.0,100589.5,0.6931471805599453,0.0,-3.9219733362813143
6810000,12622083,0,1,0,1747526268,0.0,0,100,96,3,1,98,0.03125,0.3333333333333333,0.010416666666666666,1,4476663,4.61512051684126,4.59511985013459,4.574710978503383,1.3862943611198906,0.6931471805599453,1387.5,1350.0,1,1,0,2,1.0,0.0,0.0,0,0.0,0.0,0.012195121951219513,0.0,0.0,7.186282823346796e-06,32,0.6931471805599453,0.6931471805599453,0.0,1.0986122886681098,3.4965075614664802,0.01212136053234481,26680.5,54473.0,100589.5,0.0,0.6931471805599453,-3.49650756146648
1114000,12795610,1,0,0,1747993367,0.0,0,100,100,0,0,100,0.0,0.0,0.0,0,1518031,4.61512051684126,4.61512051684126,4.61512051684126,0.0,0.0,1387.5,2349.0,11,1,0,12,0.09090909090909091,0.0,0.0,0,0.0,0.0,0.030677655677655676,0.0,0.0,1.807758142466451e-05,184,2.4849066497880004,0.6931471805599453,0.0,2.5649493574615367,5.220355825078324,0.03021650404193658,995.0,11762.0,100589.5,0.6931471805599453,0.0,-2.050171159379723
9152000,10230098,1,0,0,1743760225,0.0,0,100,94,4,2,97,0.0425531914893617,0.5,0.02127659574468085,1,14430456,4.61512051684126,4.584967478670572,4.553876891600541,1.6094379124341003,1.0986122886681098,1387.5,996.5,1,0,0,1,0.0,0.0,0.0,0,0.0,0.0,0.0,0.0,0.0,0.0,16,0.6931471805599453,0.0,0.0,0.6931471805599453,2.833213344056216,0.0,115790.0,133760.5,100589.5,0.6931471805599453,0.0,-3.891820298110627
2578000,8612457,1,0,0,1747558319,0.0,0,100,78,6,16,100,0.07692307692307693,2.6666666666666665,0.20512820512820512,1,2507221,4.61512051684126,4.61512051684126,4.3694478524670215,1.9459101490553132,2.833213344056216,1387.5,59.0,3,0,0,3,0.0,0.0,0.0,0,0.0,0.0,0.011111111111111112,0.0,0.0,6.547502127938192e-06,48,1.3862943611198906,0.0,0.0,1.3862943611198906,3.8918202981106265,0.011049836186584975,12635.5,64646.5,100589.5,0.6931471805599453,0.0,-3.228826155721369
5310000,7368702,1,0,0,1748422920,0.0,0,100,94,4,2,100,0.0425531914893617,0.5,0.02127659574468085,1,1934762,4.61512051684126,4.61512051684126,4.553876891600541,1.6094379124341003,1.0986122886681098,1387.5,996.5,2,0,0,2,0.0,0.0,0.0,0,0.0,0.0,0.0,0.0,0.0,0.0,32,1.0986122886681098,0.0,0.0,1.0986122886681098,3.4965075614664802,0.0,26680.5,133760.5,100589.5,0.6931471805599453,0.0,-3.5165082281731497
9538000,3767768,1,0,0,1747810727,0.0,0,100,99,1,0,100,0.010101010101010102,0.0,0.0,0,2539862,4.61512051684126,4.61512051684126,4.605170185988092,0.6931471805599453,0.0,1387.5,2349.0,3,0,0,3,0.0,0.0,0.0,0,0.0,0.0,0.016129032258064516,0.0,0.0,9.504438572813504e-06,42,1.3862943611198906,0.0,0.0,1.3862943611198906,3.7612001156935624,0.01600034134644113,12635.5,32725.5,100589.5,0.6931471805599453,0.0,-3.228826155721369
8860000,9558710,1,0,0,1749535606,0.0,0,100,100,0,0,100,0.0,0.0,0.0,0,3015639,4.61512051684126,4.61512051684126,4.61512051684126,0.0,0.0,1387.5,2349.0,12,0,0,12,0.0,0.0,0.0,0,0.0,0.0,0.0,0.0,0.0,0.0,176,2.5649493574615367,0.0,0.0,2.5649493574615367,5.176149732573829,0.0,995.0,133760.5,100589.5,0.6931471805599453,0.0,-2.050171159379723
2324000,14203626,1,0,0,1748216767,0.0,0,100,99,1,0,100,0.010101010101010102,0.0,0.0,0,3162259,4.61512051684126,4.61512051684126,4.605170185988092,0.6931471805599453,0.0,1387.5,2349.0,5,0,0,5,0.0,0.0,0.0,0,0.0,0.0,0.013888888888888888,0.0,0.0,8.184377659922739e-06,80,1.791759469228055,0.0,0.0,1.791759469228055,4.394449154672439,0.013793322132335818,5102.5,42984.5,100589.5,0.6931471805599453,0.0,-2.8233610476132047
7078000,6623648,1,0,0,1747801985,0.0,0,100,99,1,0,100,0.010101010101010102,0.0,0.0,0,2516529,4.61512051684126,4.61512051684126,4.605170185988092,0.6931471805599453,0.0,1387.5,2349.0,12,0,0,12,0.0,0.0,0.0,0,0.0,0.0,0.013157894736842105,0.0,0.0,7.753620940979438e-06,183,2.5649493574615367,0.0,0.0,2.5649493574615367,5.214935757608986,0.01307208156735277,995.0,47497.5,100589.5,0.6931471805599453,0.0,-2.050171159379723
4024000,13971189,1,0,0,1748337744,0.0,0,100,100,0,0,100,0.0,0.0,0.0,0,4414663,4.61512051684126,4.61512051684126,4.61512051684126,0.0,0.0,1387.5,2349.0,15,0,0,13,0.0,0.0,0.0,0,0.0,0.0,0.0,0.0,0.0,0.0,207,2.772588722239781,0.0,0.0,2.6390573296152584,5.337538079701318,0.0,841.0,133760.5,100589.5,0.6931471805599453,0.0,-1.9760631872260013
1622000,15092801,1,0,0,1747456662,0.0,0,100,100,0,0,100,0.0,0.0,0.0,0,2942544,4.61512051684126,4.61512051684126,4.61512051684126,0.0,0.0,1387.5,2349.0,1,0,0,1,0.0,0.0,0.0,0,0.0,0.0,0.0,0.0,0.0,0.0,16,0.6931471805599453,0.0,0.0,0.6931471805599453,2.833213344056216,0.0,115790.0,133760.5,100589.5,0.6931471805599453,0.0,-3.9219733362813143
3242000,7914061,1,0,0,1747061238,0.0,0,100,92,3,5,98,0.03260869565217391,1.6666666666666667,0.05434782608695652,1,6830170,4.61512051684126,4.59511985013459,4.532599493153256,1.3862943611198906,1.791759469228055,1387.5,476.5,1,0,0,1,0.0,0.0,0.0,0,0.0,0.0,0.015873015873015872,0.0,0.0,9.35357446848313e-06,16,0.6931471805599453,0.0,0.0,0.6931471805599453,2.833213344056216,0.015748356968139168,115790.0,33705.5,100589.5,0.6931471805599453,0.0,-3.9019726695746444
2000,1973762,1,0,0,1748617541,0.0,0,100,100,0,0,100,0.0,0.0,0.0,0,5341565,4.61512051684126,4.61512051684126,4.61512051684126,0.0,0.0,1387.5,2349.0,1,0,0,1,0.0,0.0,0.0,0,0.0,0.0,0.0,0.0,0.0,0.0,16,0.6931471805599453,0.0,0.0,0.6931471805599453,2.833213344056216,0.0,115790.0,133760.5,100589.5,0.6931471805599453,0.0,-3.9219733362813143
756000,2010292,1,0,0,1746602026,0.0,0,100,99,1,0,100,0.010101010101010102,0.0,0.0,0,4904477,4.61512051684126,4.61512051684126,4.605170185988092,0.6931471805599453,0.0,1387.5,2349.0,5,0,0,5,0.0,0.0,0.0,0,0.0,0.0,0.038377192982456135,0.0,0.0,2.2614727744523356e-05,80,1.791759469228055,0.0,0.0,1.791759469228055,4.394449154672439,0.03765910311174685,5102.5,8221.0,100589.5,0.6931471805599453,0.0,-2.8233610476132047
4770000,1752961,1,0,0,1746549204,0.0,0,100,85,9,6,100,0.10588235294117647,0.6666666666666666,0.07058823529411765,1,4065271,4.61512051684126,4.61512051684126,4.454347296253507,2.302585092994046,1.9459101490553132,1387.5,347.5,1,0,0,1,0.0,0.0,0.0,0,0.0,0.0,0.022222222222222223,0.0,0.0,1.3095004255876383e-05,16,0.6931471805599453,0.0,0.0,0.6931471805599453,2.833213344056216,0.021978906718775244,115790.0,20648.5,100589.5,0.6931471805599453,0.0,-3.9219733362813143
5400000,14197617,1,0,0,1747916743,0.0,0,100,95,2,3,100,0.021052631578947368,1.5,0.031578947368421054,1,2712968,4.61512051684126,4.61512051684126,4.564348191467836,1.0986122886681098,1.3862943611198906,1387.5,792.5,7,0,1,8,0.0,0.0,0.14285714285714285,1,0.0,1.0,0.1017687559354226,0.0,0.0005892751915144372,5.996980314403218e-05,127,2.0794415416798357,0.0,0.6931471805599453,2.1972245773362196,4.852030263919617,0.09691684836217496,2162.5,1213.0,3561.0,0.6931471805599453,0.0,-2.41789593950504
6156000,10691520,1,0,0,1752224317,0.0,0,100,100,0,0,100,0.0,0.0,0.0,0,7579017,4.61512051684126,4.61512051684126,4.61512051684126,0.0,0.0,1387.5,2349.0,1,0,0,1,0.0,0.0,0.0,0,0.0,0.0,0.0,0.0,0.0,0.0,16,0.6931471805599453,0.0,0.0,0.6931471805599453,2.833213344056216,0.0,115790.0,133760.5,100589.5,0.6931471805599453,0.0,-3.9219733362813143
6792000,11171326,1,0,0,1747721515,0.0,0,100,99,1,0,100,0.010101010101010102,0.0,0.0,0,2915013,4.61512051684126,4.61512051684126,4.605170185988092,0.6931471805599453,0.0,1387.5,2349.0,1,0,0,1,0.0,0.0,0.0,0,0.0,0.0,0.0,0.0,0.0,0.0,16,0.6931471805599453,0.0,0.0,0.6931471805599453,2.833213344056216,0.0,115790.0,133760.5,100589.5,0.6931471805599453,0.0,-3.9219733362813143
3688000,12960881,1,0,0,1742483168,0.0,0,100,99,1,0,100,0.010101010101010102,0.0,0.0,0,8265968,4.61512051684126,4.61512051684126,4.605170185988092,0.6931471805599453,0.0,1387.5,2349.0,1,0,0,1,0.0,0.0,0.0,0,0.0,0.0,0.0,0.0,0.0,0.0,16,0.6931471805599453,0.0,0.0,0.6931471805599453,2.833213344056216,0.0,115790.0,133760.5,100589.5,0.6931471805599453,0.0,-3.9219733362813143
384000,3805949,1,0,0,1749533077,0.0,0,100,98,1,1,100,0.01020408163265306,1.0,0.01020408163265306,1,2607899,4.61512051684126,4.61512051684126,4.59511985013459,0.6931471805599453,0.6931471805599453,1387.5,1497.0,4,0,0,4,0.0,0.0,0.0,0,0.0,0.0,0.0,0.0,0.0,0.0,56,1.6094379124341003,0.0,0.0,1.6094379124341003,4.04305126783455,0.0,7577.5,133760.5,100589.5,0.6931471805599453,0.0,-3.005682604407159
3994000,11623937,1,0,0,1748303357,0.0,0,100,91,9,0,100,0.0989010989010989,0.0,0.0,0,1819333,4.61512051684126,4.61512051684126,4.5217885770490405,2.302585092994046,0.0,1387.5,2349.0,1,0,0,1,0.0,0.0,0.0,0,0.0,0.0,0.0,0.0,0.0,0.0,16,0.6931471805599453,0.0,0.0,0.6931471805599453,2.833213344056216,0.0,115790.0,133760.5,100589.5,0.6931471805599453,0.0,-3.9219733362813143
1618000,7736888,1,0,0,1749994019,0.0,0,100,100,0,0,100,0.0,0.0,0.0,0,3947781,4.61512051684126,4.61512051684126,4.61512051684126,0.0,0.0,1387.5,2349.0,3,0,0,3,0.0,0.0,0.0,0,0.0,0.0,0.0,0.0,0.0,0.0,48,1.3862943611198906,0.0,0.0,1.3862943611198906,3.8918202981106265,0.0,12635.5,133760.5,100589.5,0.6931471805599453,0.0,-3.228826155721369
3306000,11363784,1,0,0,1749249036,0.0,0,100,95,5,0,100,0.05263157894736842,0.0,0.0,0,2818379,4.61512051684126,4.61512051684126,4.564348191467836,1.791759469228055,0.0,1387.5,2349.0,2,0,0,2,0.0,0.0,0.0,0,0.0,0.0,0.0,0.0,0.0,0.0,32,1.0986122886681098,0.0,0.0,1.0986122886681098,3.4965075614664802,0.0,26680.5,133760.5,100589.5,0.6931471805599453,0.0,-3.5165082281731497
3944000,1393782,1,0,0,1745996097,0.0,0,100,97,0,3,100,0.0,0.0,0.030927835051546393,1,4788374,4.61512051684126,4.61512051684126,4.584967478670572,0.0,1.3862943611198906,1387.5,873.5,4,0,0,4,0.0,0.0,0.0,0,0.0,0.0,0.0,0.0,0.0,0.0,64,1.6094379124341003,0.0,0.0,1.6094379124341003,4.174387269895637,0.0,7577.5,133760.5,100589.5,0.6931471805599453,0.0,-3.005682604407159
4544000,7549960,1,0,0,1748740897,0.0,0,100,85,10,5,100,0.11764705882352941,0.5,0.058823529411764705,1,2242289,4.61512051684126,4.61512051684126,4.454347296253507,2.3978952727983707,1.791759469228055,1387.5,424.0,1,0,0,1,0.0,0.0,0.0,0,0.0,0.0,0.0,0.0,0.0,0.0,8,0.6931471805599453,0.0,0.0,0.6931471805599453,2.1972245773362196,0.0,115790.0,133760.5,100589.5,0.6931471805599453,0.0,-3.9219733362813143
5956000,831708,1,0,0,1739262094,0.0,0,100,96,0,4,100,0.0,0.0,0.041666666666666664,1,15725112,4.61512051684126,4.61512051684126,4.574710978503383,0.0,1.6094379124341003,1387.5,665.5,1,0,0,1,0.0,0.0,0.0,0,0.0,0.0,0.012345679012345678,0.0,0.0,7.275002364375768e-06,16,0.6931471805599453,0.0,0.0,0.6931471805599453,2.833213344056216,0.012270092591814347,115790.0,53239.5,100589.5,0.6931471805599453,0.0,-3.9219733362813143
5290000,14742856,1,0,0,1748137602,0.0,0,100,96,0,4,100,0.0,0.0,0.041666666666666664,1,10536755,4.61512051684126,4.61512051684126,4.574710978503383,0.0,1.6094379124341003,1387.5,665.5,7,0,0,7,0.0,0.0,0.0,0,0.0,0.0,0.01282051282051282,0.0,0.0,7.55481014762099e-06,112,2.0794415416798357,0.0,0.0,2.0794415416798357,4.727387818712341,0.012739025777429757,2788.0,49831.0,100589.5,0.6931471805599453,0.0,-2.535678975161424
9658000,2042960,1,0,0,1748000770,0.0,0,100,87,4,9,100,0.04597701149425287,2.25,0.10344827586206896,1,1836126,4.61512051684126,4.61512051684126,4.477336814478207,1.6094379124341003,2.302585092994046,1387.5,193.5,1,0,0,1,0.0,0.0,0.0,0,0.0,0.0,0.0,0.0,0.0,0.0,16,0.6931471805599453,0.0,0.0,0.6931471805599453,2.833213344056216,0.0,115790.0,133760.5,100589.5,0.6931471805599453,0.0,-3.9219733362813143
4894000,10530471,3,0,0,1750821461,0.0,0,100,96,2,2,98,0.020833333333333332,1.0,0.020833333333333332,1,7070500,4.61512051684126,4.59511985013459,4.574710978503383,1.0986122886681098,1.0986122886681098,1387.5,1054.0,16,0,0,11,0.0,0.0,0.0,0,0.0,0.0,0.04139194139194139,0.0,0.0,2.4391244190890626e-05,225,2.833213344056216,0.0,0.0,2.4849066497880004,5.420534999272286,0.040558223471994365,1187.0,7078.5,100589.5,1.3862943611198906,0.0,-2.1102132003465894
5470000,4805657,1,0,0,1749000276,0.0,0,100,97,3,0,100,0.030927835051546393,0.0,0.0,0,1377272,4.61512051684126,4.61512051684126,4.584967478670572,1.3862943611198906,0.0,1387.5,2349.0,2,0,0,2,0.0,0.0,0.0,0,0.0,0.0,0.0,0.0,0.0,0.0,31,1.0986122886681098,0.0,0.0,1.0986122886681098,3.4657359027997265,0.0,26680.5,133760.5,100589.5,0.6931471805599453,0.0,-3.5165082281731497
7314000,12832003,1,0,0,1750099050,0.0,0,100,100,0,0,100,0.0,0.0,0.0,0,3051194,4.61512051684126,4.61512051684126,4.61512051684126,0.0,0.0,1387.5,2349.0,1,0,0,1,0.0,0.0,0.0,0,0.0,0.0,0.0,0.0,0.0,0.0,16,0.6931471805599453,0.0,0.0,0.6931471805599453,2.833213344056216,0.0,115790.0,133760.5,100589.5,0.6931471805599453,0.0,-3.9219733362813143
2618000,3429273,1,0,0,1749814974,0.0,0,100,94,0,6,100,0.0,0.0,0.06382978723404255,1,9301580,4.61512051684126,4.61512051684126,4.553876891600541,0.0,1.9459101490553132,1387.5,409.5,1,0,0,1,0.0,0.0,0.0,0,0.0,0.0,0.0,0.0,0.0,0.0,16,0.6931471805599453,0.0,0.0,0.6931471805599453,2.833213344056216,0.0,115790.0,133760.5,100589.5,0.6931471805599453,0.0,-3.9219733362813143
9474000,12370344,1,0,0,1748524657,0.0,0,100,85,10,5,100,0.11764705882352941,0.5,0.058823529411764705,1,3158327,4.61512051684126,4.61512051684126,4.454347296253507,2.3978952727983707,1.791759469228055,1387.5,424.0,17,2,1,20,0.11764705882352941,0.5,0.058823529411764705,0,0.0,0.0,0.11807801234848612,0.0,0.0,6.958044334029825e-05,317,2.8903717578961645,1.0986122886681098,0.6931471805599453,3.044522437723423,5.762051382780177,0.11161115078552004,335.0,906.0,3561.0,0.6931471805599453,0.0,-1.5705980791178367
7954000,4911464,1,0,0,1749304510,0.0,0,100,96,1,3,100,0.010416666666666666,3.0,0.03125,1,3132353,4.61512051684126,4.61512051684126,4.574710978503383,0.6931471805599453,1.3862943611198906,1387.5,834.0,15,0,0,15,0.0,0.0,0.0,0,0.0,0.0,0.0,0.0,0.0,0.0,212,2.772588722239781,0.0,0.0,2.772588722239781,5.3612921657094255,0.0,629.0,133760.5,100589.5,0.6931471805599453,0.0,-1.8425317946014785
6518000,14103216,1,0,0,1749020589,0.0,0,100,100,0,0,100,0.0,0.0,0.0,0,2558957,4.61512051684126,4.61512051684126,4.61512051684126,0.0,0.0,1387.5,2349.0,2,0,0,2,0.0,0.0,0.0,0,0.0,0.0,0.0,0.0,0.0,0.0,30,1.0986122886681098,0.0,0.0,1.0986122886681098,3.4339872044851463,0.0,26680.5,133760.5,100589.5,0.6931471805599453,0.0,-3.5165082281731497
1060000,12913097,1,0,0,1747528893,0.0,0,100,94,3,3,100,0.031914893617021274,1.0,0.031914893617021274,1,1737175,4.61512051684126,4.61512051684126,4.553876891600541,1.3862943611198906,1.3862943611198906,1387.5,763.5,1,0,0,1,0.0,0.0,0.0,0,0.0,0.0,0.02,0.0,0.0,1.1785503830288745e-05,14,0.6931471805599453,0.0,0.0,0.6931471805599453,2.70805020110221,0.019802627296179712,115790.0,24262.5,100589.5,0.6931471805599453,0.0,-3.9219733362813143
7440000,8662079,1,0,0,1751445503,0.0,0,100,100,0,0,100,0.0,0.0,0.0,0,2857197,4.61512051684126,4.61512051684126,4.61512051684126,0.0,0.0,1387.5,2349.0,1,0,0,1,0.0,0.0,0.0,0,0.0,0.0,0.0,0.0,0.0,0.0,16,0.6931471805599453,0.0,0.0,0.6931471805599453,2.833213344056216,0.0,115790.0,133760.5,100589.5,0.6931471805599453,0.0,-3.9219733362813143
1748000,2268710,1,0,0,1748959184,0.0,0,100,97,1,2,100,0.010309278350515464,2.0,0.020618556701030927,1,5719528,4.61512051684126,4.61512051684126,4.584967478670572,0.6931471805599453,1.0986122886681098,1387.5,1108.0,3,0,0,3,0.0,0.0,0.0,0,0.0,0.0,0.0,0.0,0.0,0.0,42,1.3862943611198906,0.0,0.0,1.3862943611198906,3.7612001156935624,0.0,12635.5,133760.5,100589.5,0.6931471805599453,0.0,-3.228826155721369
10028000,14532197,1,0,0,1745720626,0.0,0,100,100,0,0,100,0.0,0.0,0.0,0,3665548,4.61512051684126,4.61512051684126,4.61512051684126,0.0,0.0,1387.5,2349.0,2,0,0,2,0.0,0.0,0.0,0,0.0,0.0,0.0,0.0,0.0,0.0,24,1.0986122886681098,0.0,0.0,1.0986122886681098,3.2188758248682006,0.0,26680.5,133760.5,100589.5,0.6931471805599453,0.0,-3.5165082281731497
3158000,5843114,1,0,0,1747653801,0.0,0,100,93,5,2,100,0.053763440860215055,0.4,0.021505376344086023,1,2439112,4.61512051684126,4.61512051684126,4.543294782270004,1.791759469228055,1.0986122886681098,1387.5,976.0,1,0,0,1,0.0,0.0,0.0,0,0.0,0.0,0.015873015873015872,0.0,0.0,9.35357446848313e-06,16,0.6931471805599453,0.0,0.0,0.6931471805599453,2.833213344056216,0.015748356968139168,115790.0,33705.5,100589.5,0.6931471805599453,0.0,-3.9219733362813143
2222000,15168013,1,0,0,1750030100,0.0,0,100,99,0,1,100,0.0,0.0,0.010101010101010102,1,2332991,4.61512051684126,4.61512051684126,4.605170185988092,0.0,0.6931471805599453,1387.5,1627.0,2,0,0,2,0.0,0.0,0.0,0,0.0,0.0,0.0,0.0,0.0,0.0,32,1.0986122886681098,0.0,0.0,1.0986122886681098,3.4965075614664802,0.0,26680.5,133760.5,100589.5,0.6931471805599453,0.0,-3.5165082281731497
7376000,3986818,1,0,0,1747985568,0.0,0,100,99,1,0,100,0.010101010101010102,0.0,0.0,0,1894169,4.61512051684126,4.61512051684126,4.605170185988092,0.6931471805599453,0.0,1387.5,2349.0,1,0,0,1,0.0,0.0,0.0,0,0.0,0.0,0.0,0.0,0.0,0.0,10,0.6931471805599453,0.0,0.0,0.6931471805599453,2.3978952727983707,0.0,115790.0,133760.5,100589.5,0.6931471805599453,0.0,-3.9219733362813143
9210000,9926052,1,0,0,1744866632,0.0,0,100,96,4,0,100,0.041666666666666664,0.0,0.0,0,7400758,4.61512051684126,4.61512051684126,4.574710978503383,1.6094379124341003,0.0,1387.5,2349.0,1,0,0,1,0.0,0.0,0.0,0,0.0,0.0,0.0,0.0,0.0,0.0,16,0.6931471805599453,0.0,0.0,0.6931471805599453,2.833213344056216,0.0,115790.0,133760.5,100589.5,0.6931471805599453,0.0,-3.9219733362813143
7992000,11784509,1,0,0,1748409984,0.0,0,100,100,0,0,100,0.0,0.0,0.0,0,3480510,4.61512051684126,4.61512051684126,4.61512051684126,0.0,0.0,1387.5,2349.0,1,0,0,1,0.0,0.0,0.0,0,0.0,0.0,0.0,0.0,0.0,0.0,16,0.6931471805599453,0.0,0.0,0.6931471805599453,2.833213344056216,0.0,115790.0,133760.5,100589.5,0.6931471805599453,0.0,-3.9219733362813143
10010000,12050000,1,0,0,1747222699,0.0,0,84,84,0,0,84,0.0,0.0,0.0,0,19867405,4.442651256490317,4.442651256490317,4.442651256490317,0.0,0.0,2802.5,2349.0,1,0,0,1,0.0,0.0,0.0,0,0.0,0.0,0.0,0.0,0.0,0.0,16,0.6931471805599453,0.0,0.0,0.6931471805599453,2.833213344056216,0.0,115790.0,133760.5,100589.5,0.6931471805599453,0.0,-3.7495040759303713
5330000,657128,1,0,0,1750502974,0.0,0,100,100,0,0,100,0.0,0.0,0.0,0,4838431,4.61512051684126,4.61512051684126,4.61512051684126,0.0,0.0,1387.5,2349.0,2,0,0,2,0.0,0.0,0.0,0,0.0,0.0,0.0,0.0,0.0,0.0,32,1.0986122886681098,0.0,0.0,1.0986122886681098,3.4965075614664802,0.0,26680.5,133760.5,100589.5,0.6931471805599453,0.0,-3.5165082281731497
1272000,13845467,1,0,0,1743834494,0.0,0,100,96,2,2,100,0.020833333333333332,1.0,0.020833333333333332,1,7079366,4.61512051684126,4.61512051684126,4.574710978503383,1.0986122886681098,1.0986122886681098,1387.5,1054.0,1,0,0,1,0.0,0.0,0.0,0,0.0,0.0,0.012658227848101266,0.0,0.0,7.4591796394232565e-06,16,0.6931471805599453,0.0,0.0,0.6931471805599453,2.833213344056216,0.012578782206860118,115790.0,51034.0,100589.5,0.6931471805599453,0.0,-3.9219733362813143
9152000,15202412,1,0,0,1740712464,0.0,0,100,94,4,2,97,0.0425531914893617,0.5,0.02127659574468085,1,14430456,4.61512051684126,4.584967478670572,4.553876891600541,1.6094379124341003,1.0986122886681098,1387.5,996.5,1,0,0,1,0.0,0.0,0.0,0,0.0,0.0,0.023255813953488372,0.0,0.0,1.3704074221265982e-05,16,0.6931471805599453,0.0,0.0,0.6931471805599453,2.833213344056216,0.02298951822469874,115790.0,19053.5,100589.5,0.6931471805599453,0.0,-3.891820298110627
628000,1718442,1,0,0,1748263230,0.0,0,100,99,0,1,99,0.0,0.0,0.010101010101010102,1,3096995,4.61512051684126,4.605170185988092,4.605170185988092,0.0,0.6931471805599453,1387.5,1627.0,5,0,0,5,0.0,0.0,0.0,0,0.0,0.0,0.0,0.0,0.0,0.0,79,1.791759469228055,0.0,0.0,1.791759469228055,4.382026634673881,0.0,5102.5,133760.5,100589.5,0.6931471805599453,0.0,-2.813410716760037
9982000,1197710,1,0,0,1734794802,0.0,0,93,88,5,0,93,0.056818181818181816,0.0,0.0,0,20409891,4.543294782270004,4.543294782270004,4.48863636973214,1.791759469228055,0.0,2788.5,2349.0,1,0,0,1,0.0,0.0,0.0,0,0.0,0.0,0.0,0.0,0.0,0.0,16,0.6931471805599453,0.0,0.0,0.6931471805599453,2.833213344056216,0.0,115790.0,133760.5,100589.5,0.6931471805599453,0.0,-3.8501476017100584
3558000,13763284,1,0,0,1740419097,0.0,0,100,99,0,1,100,0.0,0.0,0.010101010101010102,1,11887039,4.61512051684126,4.61512051684126,4.605170185988092,0.0,0.6931471805599453,1387.5,1627.0,1,0,0,1,0.0,0.0,0.0,0,0.0,0.0,0.023255813953488372,0.0,0.0,1.3704074221265982e-05,16,0.6931471805599453,0.0,0.0,0.6931471805599453,2.833213344056216,0.02298951822469874,115790.0,19053.5,100589.5,0.6931471805599453,0.0,-3.9219733362813143
5820000,13174846,1,0,0,1747886516,0.0,0,100,99,0,1,99,0.0,0.0,0.010101010101010102,1,5186213,4.61512051684126,4.605170185988092,4.605170185988092,0.0,0.6931471805599453,1387.5,1627.0,2,0,0,2,0.0,0.0,0.0,0,0.0,0.0,0.0,0.0,0.0,0.0,32,1.0986122886681098,0.0,0.0,1.0986122886681098,3.4965075614664802,0.0,26680.5,133760.5,100589.5,0.6931471805599453,0.0,-3.506557897319982
216000,4697101,1,0,0,1748667800,0.0,0,100,92,6,2,100,0.06521739130434782,0.3333333333333333,0.021739130434782608,1,3357205,4.61512051684126,4.61512051684126,4.532599493153256,1.9459101490553132,1.0986122886681098,1387.5,959.0,1,0,0,1,0.0,0.0,0.0,0,0.0,0.0,0.0,0.0,0.0,0.0,16,0.6931471805599453,0.0,0.0,0.6931471805599453,2.833213344056216,0.0,115790.0,133760.5,100589.5,0.6931471805599453,0.0,-3.9219733362813143
6882000,4440804,1,0,0,1747799290,0.0,0,100,99,0,1,100,0.0,0.0,0.010101010101010102,1,3012986,4.61512051684126,4.61512051684126,4.605170185988092,0.0,0.6931471805599453,1387.5,1627.0,3,0,0,3,0.0,0.0,0.0,0,0.0,0.0,0.03306639111340739,0.0,0.0,1.9485203956044423e-05,47,1.3862943611198906,0.0,0.0,1.3862943611198906,3.871201010907891,0.032531458269170255,12635.5,10781.0,100589.5,0.6931471805599453,0.0,-3.228826155721369
9776000,11704511,1,0,0,1748834780,0.0,0,100,94,6,0,100,0.06382978723404255,0.0,0.0,0,3674783,4.61512051684126,4.61512051684126,4.553876891600541,1.9459101490553132,0.0,1387.5,2349.0,3,0,0,3,0.0,0.0,0.0,0,0.0,0.0,0.0,0.0,0.0,0.0,41,1.3862943611198906,0.0,0.0,1.3862943611198906,3.7376696182833684,0.0,12635.5,133760.5,100589.5,0.6931471805599453,0.0,-3.228826155721369
9282000,10656196,1,0,0,1747632390,0.0,0,100,88,5,7,100,0.056818181818181816,1.4,0.07954545454545454,1,4253541,4.61512051684126,4.61512051684126,4.48863636973214,1.791759469228055,2.0794415416798357,1387.5,286.5,2,0,0,2,0.0,0.0,0.0,0,0.0,0.0,0.03068181818181818,0.0,0.0,1.808003428510205e-05,32,1.0986122886681098,0.0,0.0,1.0986122886681098,3.4965075614664802,0.030220542642884447,26680.5,11754.5,100589.5,0.6931471805599453,0.0,-3.5165082281731497
10026000,4004527,1,0,0,1745794034,0.0,0,100,91,5,4,100,0.054945054945054944,0.8,0.04395604395604396,1,2966203,4.61512051684126,4.61512051684126,4.5217885770490405,1.791759469228055,1.6094379124341003,1387.5,571.0,1,0,0,1,0.0,0.0,0.0,0,0.0,0.0,0.014285714285714285,0.0,0.0,8.418217021634817e-06,12,0.6931471805599453,0.0,0.0,0.6931471805599453,2.5649493574615367,0.014184634991956432,115790.0,40766.0,100589.5,0.6931471805599453,0.0,-3.9219733362813143
646000,5878627,1,0,0,1748392449,0.0,0,100,99,1,0,100,0.010101010101010102,0.0,0.0,0,3591072,4.61512051684126,4.61512051684126,4.605170185988092,0.6931471805599453,0.0,1387.5,2349.0,2,0,0,2,0.0,0.0,0.0,0,0.0,0.0,0.0,0.0,0.0,0.0,32,1.0986122886681098,0.0,0.0,1.0986122886681098,3.4965075614664802,0.0,26680.5,133760.5,100589.5,0.6931471805599453,0.0,-3.5165082281731497
4438000,14382684,1,0,0,1747184587,0.0,0,100,98,2,0,100,0.02040816326530612,0.0,0.0,0,5783294,4.61512051684126,4.61512051684126,4.59511985013459,1.0986122886681098,0.0,1387.5,2349.0,10,1,0,11,0.1,0.0,0.0,0,0.0,0.0,0.05833844281771481,0.0,0.0,3.437739706406294e-05,175,2.3978952727983707,0.6931471805599453,0.0,2.4849066497880004,5.170483995038151,0.056700171524149294,1187.0,3639.0,100589.5,0.6931471805599453,0.0,-2.1302138670532593
932000,13670905,1,0,0,1748680237,0.0,0,100,100,0,0,100,0.0,0.0,0.0,0,2498904,4.61512051684126,4.61512051684126,4.61512051684126,0.0,0.0,1387.5,2349.0,6,0,0,6,0.0,0.0,0.0,0,0.0,0.0,0.0,0.0,0.0,0.0,94,1.9459101490553132,0.0,0.0,1.9459101490553132,4.553876891600541,0.0,3676.0,133760.5,100589.5,0.6931471805599453,0.0,-2.6692103677859462
5620000,2439176,1,0,0,1748062273,0.0,0,100,96,1,3,100,0.010416666666666666,3.0,0.03125,1,2714170,4.61512051684126,4.61512051684126,4.574710978503383,0.6931471805599453,1.3862943611198906,1387.5,834.0,2,0,0,2,0.0,0.0,0.0,0,0.0,0.0,0.021739130434782608,0.0,0.0,1.2810330250313852e-05,32,1.0986122886681098,0.0,0.0,1.0986122886681098,3.4965075614664802,0.021506205220963585,26680.5,21473.5,100589.5,0.6931471805599453,0.0,-3.5165082281731497
3334000,14335687,1,0,0,1746958259,0.0,0,100,96,4,0,100,0.041666666666666664,0.0,0.0,0,3590883,4.61512051684126,4.61512051684126,4.574710978503383,1.6094379124341003,0.0,1387.5,2349.0,5,0,0,5,0.0,0.0,0.0,0,0.0,0.0,0.04235122307411464,0.0,0.0,2.4956525087869557e-05,79,1.791759469228055,0.0,0.0,1.791759469228055,4.382026634673881,0.04147895282703243,5102.5,6610.5,100589.5,0.6931471805599453,0.0,-2.8233610476132047
5716000,3184349,1,0,0,1748875498,0.0,0,100,97,2,1,100,0.020618556701030927,0.5,0.010309278350515464,1,4230398,4.61512051684126,4.61512051684126,4.584967478670572,1.0986122886681098,0.6931471805599453,1387.5,1403.0,2,0,0,2,0.0,0.0,0.0,0,0.0,0.0,0.0,0.0,0.0,0.0,30,1.0986122886681098,0.0,0.0,1.0986122886681098,3.4339872044851463,0.0,26680.5,133760.5,100589.5,0.6931471805599453,0.0,-3.5165082281731497
3904000,1095518,0,1,0,1744708469,0.0,0,100,86,6,8,100,0.06976744186046512,1.3333333333333333,0.09302325581395349,1,6396130,4.61512051684126,4.61512051684126,4.465908118654584,1.9459101490553132,2.1972245773362196,1387.5,228.5,0,1,0,1,0.0,0.0,0.0,0,0.0,0.0,0.011764705882352941,0.0,0.0,6.932649311934555e-06,16,0.0,0.6931471805599453,0.0,0.6931471805599453,2.833213344056216,0.011696039763191278,115790.0,57837.0,100589.5,0.0,0.6931471805599453,-3.9219733362813143
9004000,1922160,1,0,0,1746226932,0.0,0,100,98,2,0,100,0.02040816326530612,0.0,0.0,0,6157512,4.61512051684126,4.61512051684126,4.59511985013459,1.0986122886681098,0.0,1387.5,2349.0,3,1,0,4,0.3333333333333333,0.0,0.0,0,0.0,0.0,0.04898523653866877,0.0,0.0,2.886578464270405e-05,61,1.3862943611198906,0.6931471805599453,0.0,1.6094379124341003,4.127134385045092,0.04782325547209957,7577.5,5008.0,100589.5,0.6931471805599453,0.0,-3.005682604407159
8776000,6157891,1,0,0,1748478015,0.0,0,100,100,0,0,100,0.0,0.0,0.0,0,1750334,4.61512051684126,4.61512051684126,4.61512051684126,0.0,0.0,1387.5,2349.0,1,0,0,1,0.0,0.0,0.0,0,0.0,0.0,0.0,0.0,0.0,0.0,16,0.6931471805599453,0.0,0.0,0.6931471805599453,2.833213344056216,0.0,115790.0,133760.5,100589.5,0.6931471805599453,0.0,-3.9219733362813143
1440000,613862,1,0,0,1747150915,0.0,0,100,86,11,3,100,0.12790697674418605,0.2727272727272727,0.03488372093023256,1,4983096,4.61512051684126,4.61512051684126,4.465908118654584,2.4849066497880004,1.3862943611198906,1387.5,692.5,4,0,0,4,0.0,0.0,0.0,0,0.0,0.0,0.01282051282051282,0.0,0.0,7.55481014762099e-06,51,1.6094379124341003,0.0,0.0,1.6094379124341003,3.9512437185814275,0.012739025777429757,7577.5,49831.0,100589.5,0.6931471805599453,0.0,-3.005682604407159
2420000,1363393,1,0,0,1748664853,0.0,0,100,100,0,0,100,0.0,0.0,0.0,0,5899242,4.61512051684126,4.61512051684126,4.61512051684126,0.0,0.0,1387.5,2349.0,1,0,0,1,0.0,0.0,0.0,0,0.0,0.0,0.0,0.0,0.0,0.0,16,0.6931471805599453,0.0,0.0,0.6931471805599453,2.833213344056216,0.0,115790.0,133760.5,100589.5,0.6931471805599453,0.0,-3.9219733362813143
3590000,7084719,1,0,0,1747043915,0.0,0,100,97,1,2,100,0.010309278350515464,2.0,0.020618556701030927,1,2610230,4.61512051684126,4.61512051684126,4.584967478670572,0.6931471805599453,1.0986122886681098,1387.5,1108.0,2,0,0,2,0.0,0.0,0.0,0,0.0,0.0,0.022222222222222223,0.0,0.0,1.3095004255876383e-05,32,1.0986122886681098,0.0,0.0,1.0986122886681098,3.4965075614664802,0.021978906718775244,26680.5,20648.5,100589.5,0.6931471805599453,0.0,-3.5165082281731497
3410000,10617220,1,0,0,1747454813,0.0,0,100,94,3,3,100,0.031914893617021274,1.0,0.031914893617021274,1,2900615,4.61512051684126,4.61512051684126,4.553876891600541,1.3862943611198906,1.3862943611198906,1387.5,763.5,3,0,0,3,0.0,0.0,0.0,0,0.0,0.0,0.04512105649303008,0.0,0.0,2.6588719206264043e-05,48,1.3862943611198906,0.0,0.0,1.3862943611198906,3.8918202981106265,0.04413272224143037,12635.5,5940.0,100589.5,0.6931471805599453,0.0,-3.228826155721369
3188000,1248854,1,0,0,1744607469,0.0,0,100,90,7,3,100,0.07777777777777778,0.42857142857142855,0.03333333333333333,1,4830254,4.61512051684126,4.61512051684126,4.51085950651685,2.0794415416798357,1.3862943611198906,1387.5,710.5,1,0,0,1,0.0,0.0,0.0,0,0.0,0.0,0.0,0.0,0.0,0.0,16,0.6931471805599453,0.0,0.0,0.6931471805599453,2.833213344056216,0.0,115790.0,133760.5,100589.5,0.6931471805599453,0.0,-3.9219733362813143
6912000,9524917,1,0,0,1742437613,0.0,0,100,100,0,0,100,0.0,0.0,0.0,0,7897021,4.61512051684126,4.61512051684126,4.61512051684126,0.0,0.0,1387.5,2349.0,1,0,0,1,0.0,0.0,0.0,0,0.0,0.0,0.0,0.0,0.0,0.0,14,0.6931471805599453,0.0,0.0,0.6931471805599453,2.70805020110221,0.0,115790.0,133760.5,100589.5,0.6931471805599453,0.0,-3.9219733362813143
8016000,4134976,1,0,0,1745991848,0.0,0,100,97,0,3,100,0.0,0.0,0.030927835051546393,1,6474272,4.61512051684126,4.61512051684126,4.584967478670572,0.0,1.3862943611198906,1387.5,873.5,8,0,0,8,0.0,0.0,0.0,0,0.0,0.0,0.1084280303030303,0.0,0.0,6.389394832235138e-05,117,2.1972245773362196,0.0,0.0,2.1972245773362196,4.770684624465665,0.10294282266475867,2162.5,1122.0,100589.5,0.6931471805599453,0.0,-2.41789593950504
8742000,12363827,1,0,0,1747560012,0.0,0,100,99,0,1,100,0.0,0.0,0.010101010101010102,1,4532893,4.61512051684126,4.61512051684126,4.605170185988092,0.0,0.6931471805599453,1387.5,1627.0,3,0,0,3,0.0,0.0,0.0,0,0.0,0.0,0.0,0.0,0.0,0.0,48,1.3862943611198906,0.0,0.0,1.3862943611198906,3.8918202981106265,0.0,12635.5,133760.5,100589.5,0.6931471805599453,0.0,-3.228826155721369
8004000,5111559,1,0,0,1747459342,0.0,0,100,99,0,1,100,0.0,0.0,0.010101010101010102,1,3836585,4.61512051684126,4.61512051684126,4.605170185988092,0.0,0.6931471805599453,1387.5,1627.0,1,0,0,1,0.0,0.0,0.0,0,0.0,0.0,0.0,0.0,0.0,0.0,16,0.6931471805599453,0.0,0.0,0.6931471805599453,2.833213344056216,0.0,115790.0,133760.5,100589.5,0.6931471805599453,0.0,-3.9219733362813143
3726000,2619801,0,1,0,1747373458,0.0,0,100,63,22,15,100,0.3492063492063492,0.6818181818181818,0.23809523809523808,1,2122301,4.61512051684126,4.61512051684126,4.1588830833596715,3.1354942159291497,2.772588722239781,1387.5,44.0,3,2,0,5,0.6666666666666666,0.0,0.0,0,0.0,0.0,0.05183415032679739,0.0,0.0,3.0544578860811665e-05,79,1.3862943611198906,1.0986122886681098,0.0,1.791759469228055,4.382026634673881,0.050535450106559056,5102.5,4510.0,100589.5,0.0,0.6931471805599453,-2.8233610476132047
3784000,5812255,1,0,0,1748596725,0.0,0,100,100,0,0,100,0.0,0.0,0.0,0,2468244,4.61512051684126,4.61512051684126,4.61512051684126,0.0,0.0,1387.5,2349.0,1,0,0,1,0.0,0.0,0.0,0,0.0,0.0,0.0,0.0,0.0,0.0,13,0.6931471805599453,0.0,0.0,0.6931471805599453,2.6390573296152584,0.0,115790.0,133760.5,100589.5,0.6931471805599453,0.0,-3.9219733362813143
4336000,4966525,1,0,0,1746617116,0.0,0,100,90,6,4,100,0.06666666666666667,0.6666666666666666,0.044444444444444446,1,13413392,4.61512051684126,4.61512051684126,4.51085950651685,1.9459101490553132,1.6094379124341003,1387.5,565.0,2,0,0,2,0.0,0.0,0.0,0,0.0,0.0,0.01694915254237288,0.0,0.0,9.98771511041419e-06,32,1.0986122886681098,0.0,0.0,1.0986122886681098,3.4965075614664802,0.016807118316381233,26680.5,30682.0,100589.5,0.6931471805599453,0.0,-3.5165082281731497
3112000,4850174,1,0,0,1747662344,0.0,0,100,94,2,4,94,0.02127659574468085,2.0,0.0425531914893617,1,5380058,4.61512051684126,4.553876891600541,4.553876891600541,1.0986122886681098,1.6094379124341003,1387.5,616.0,1,0,0,1,0.0,0.0,0.0,0,0.0,0.0,0.014084507042253521,0.0,0.0,8.299650584710383e-06,16,0.6931471805599453,0.0,0.0,0.6931471805599453,2.833213344056216,0.01398624197473989,115790.0,41927.5,100589.5,0.6931471805599453,0.0,-3.8607297110405954
7612000,885007,1,0,0,1748920413,0.0,0,100,93,3,4,100,0.03225806451612903,1.3333333333333333,0.043010752688172046,1,4254856,4.61512051684126,4.61512051684126,4.543294782270004,1.3862943611198906,1.6094379124341003,1387.5,596.5,1,0,0,1,0.0,0.0,0.0,0,0.0,0.0,0.0,0.0,0.0,0.0,16,0.6931471805599453,0.0,0.0,0.6931471805599453,2.833213344056216,0.0,115790.0,133760.5,100589.5,0.6931471805599453,0.0,-3.9219733362813143
6030000,6849595,1,0,0,1745494828,0.0,0,100,85,5,10,100,0.058823529411764705,2.0,0.11764705882352941,1,5878285,4.61512051684126,4.61512051684126,4.454347296253507,1.791759469228055,2.3978952727983707,1387.5,160.0,1,0,0,1,0.0,0.0,0.0,0,0.0,0.0,0.011363636363636364,0.0,0.0,6.696308994482241e-06,16,0.6931471805599453,0.0,0.0,0.6931471805599453,2.833213344056216,0.011299555253933367,115790.0,61498.0,100589.5,0.6931471805599453,0.0,-3.9219733362813143
5964000,11328254,1,0,0,1735716072,0.0,0,88,84,2,2,88,0.023809523809523808,1.0,0.023809523809523808,1,22118075,4.48863636973214,4.48863636973214,4.442651256490317,1.0986122886681098,1.0986122886681098,2794.5,909.0,1,0,0,1,0.0,0.0,0.0,0,0.0,0.0,0.02631578947368421,0.0,0.0,1.5507241881958875e-05,16,0.6931471805599453,0.0,0.0,0.6931471805599453,2.833213344056216,0.025975486403260657,115790.0,15550.0,100589.5,0.6931471805599453,0.0,-3.7954891891721942
5086000,7849211,1,0,0,1747643847,0.0,0,100,93,5,2,100,0.053763440860215055,0.4,0.021505376344086023,1,2237513,4.61512051684126,4.61512051684126,4.543294782270004,1.791759469228055,1.0986122886681098,1387.5,976.0,1,0,0,1,0.0,0.0,0.0,0,0.0,0.0,0.0,0.0,0.0,0.0,16,0.6931471805599453,0.0,0.0,0.6931471805599453,2.833213344056216,0.0,115790.0,133760.5,100589.5,0.6931471805599453,0.0,-3.9219733362813143
9494000,1741267,1,0,0,1747605761,0.0,0,100,99,1,0,100,0.010101010101010102,0.0,0.0,0,2333841,4.61512051684126,4.61512051684126,4.605170185988092,0.6931471805599453,0.0,1387.5,2349.0,1,0,0,1,0.0,0.0,0.0,0,0.0,0.0,0.0,0.0,0.0,0.0,16,0.6931471805599453,0.0,0.0,0.6931471805599453,2.833213344056216,0.0,115790.0,133760.5,100589.5,0.6931471805599453,0.0,-3.9219733362813143
9998000,1041435,1,0,0,1743136656,0.0,0,100,90,8,2,100,0.08888888888888889,0.25,0.022222222222222223,1,6587272,4.61512051684126,4.61512051684126,4.51085950651685,2.1972245773362196,1.0986122886681098,1387.5,934.0,1,0,0,1,0.0,0.0,0.0,0,0.0,0.0,0.0,0.0,0.0,0.0,16,0.6931471805599453,0.0,0.0,0.6931471805599453,2.833213344056216,0.0,115790.0,133760.5,100589.5,0.6931471805599453,0.0,-3.9219733362813143
2504000,492083,1,0,0,1748182625,0.0,0,100,100,0,0,100,0.0,0.0,0.0,0,2617411,4.61512051684126,4.61512051684126,4.61512051684126,0.0,0.0,1387.5,2349.0,1,0,0,1,0.0,0.0,0.0,0,0.0,0.0,0.0,0.0,0.0,0.0,16,0.6931471805599453,0.0,0.0,0.6931471805599453,2.833213344056216,0.0,115790.0,133760.5,100589.5,0.6931471805599453,0.0,-3.9219733362813143
1652000,2737916,1,0,0,1747477301,0.0,0,100,97,0,3,100,0.0,0.0,0.030927835051546393,1,16958726,4.61512051684126,4.61512051684126,4.584967478670572,0.0,1.3862943611198906,1387.5,873.5,1,0,0,1,0.0,0.0,0.0,0,0.0,0.0,0.0,0.0,0.0,0.0,16,0.6931471805599453,0.0,0.0,0.6931471805599453,2.833213344056216,0.0,115790.0,133760.5,100589.5,0.6931471805599453,0.0,-3.9219733362813143
4062000,8074674,1,0,0,1747805509,0.0,0,100,97,1,2,100,0.010309278350515464,2.0,0.020618556701030927,1,2454160,4.61512051684126,4.61512051684126,4.584967478670572,0.6931471805599453,1.0986122886681098,1387.5,1108.0,2,0,0,2,0.0,0.0,0.0,0,0.0,0.0,0.04866494401378122,0.0,0.0,2.8677044203760295e-05,32,1.0986122886681098,0.0,0.0,1.0986122886681098,3.4965075614664802,0.04751787325885336,26680.5,5047.5,100589.5,0.6931471805599453,0.0,-3.5165082281731497
5814000,1721349,1,0,0,1751703223,0.0,0,100,100,0,0,100,0.0,0.0,0.0,0,2792076,4.61512051684126,4.61512051684126,4.61512051684126,0.0,0.0,1387.5,2349.0,1,0,0,1,0.0,0.0,0.0,0,0.0,0.0,0.0,0.0,0.0,0.0,11,0.6931471805599453,0.0,0.0,0.6931471805599453,2.4849066497880004,0.0,115790.0,133760.5,100589.5,0.6931471805599453,0.0,-3.9219733362813143
9106000,9314283,1,0,0,1746895185,0.0,0,100,88,6,6,100,0.06818181818181818,1.0,0.06818181818181818,1,4061654,4.61512051684126,4.61512051684126,4.48863636973214,1.9459101490553132,1.9459101490553132,1387.5,358.0,11,3,0,14,0.2727272727272727,0.0,0.0,0,0.0,0.0,0.07137969347817666,0.0,0.0,4.2062282544594375e-05,209,2.4849066497880004,1.3862943611198906,0.0,2.70805020110221,5.3471075307174685,0.06894725102598559,721.5,2416.0,100589.5,0.6931471805599453,0.0,-1.9070703157390496
4214000,2446188,1,0,0,1751548931,0.0,0,100,100,0,0,96,0.0,0.0,0.0,0,2868651,4.61512051684126,4.574710978503383,4.61512051684126,0.0,0.0,1387.5,2349.0,15,0,0,15,0.0,0.0,0.0,0,0.0,0.0,0.0,0.0,0.0,0.0,233,2.772588722239781,0.0,0.0,2.772588722239781,5.455321115357702,0.0,629.0,133760.5,100589.5,0.6931471805599453,0.0,-1.8021222562636017
3688000,2252732,1,0,0,1744504660,0.0,0,100,99,1,0,100,0.010101010101010102,0.0,0.0,0,8265968,4.61512051684126,4.61512051684126,4.605170185988092,0.6931471805599453,0.0,1387.5,2349.0,1,0,0,1,0.0,0.0,0.0,0,0.0,0.0,0.0,0.0,0.0,0.0,16,0.6931471805599453,0.0,0.0,0.6931471805599453,2.833213344056216,0.0,115790.0,133760.5,100589.5,0.6931471805599453,0.0,-3.9219733362813143
34000,2841342,1,0,0,1741781365,0.0,0,100,86,1,13,100,0.011627906976744186,13.0,0.1511627906976744,1,11314447,4.61512051684126,4.61512051684126,4.465908118654584,0.6931471805599453,2.6390573296152584,1387.5,106.0,1,0,0,1,0.0,0.0,0.0,0,0.0,0.0,0.014925373134328358,0.0,0.0,8.79515211215578e-06,16,0.6931471805599453,0.0,0.0,0.6931471805599453,2.833213344056216,0.014815085785140639,115790.0,37765.0,100589.5,0.6931471805599453,0.0,-3.9219733362813143
4704000,8378410,1,0,0,1745660748,0.0,0,100,100,0,0,95,0.0,0.0,0.0,0,10235803,4.61512051684126,4.564348191467836,4.61512051684126,0.0,0.0,1387.5,2349.0,1,0,0,1,0.0,0.0,0.0,0,0.0,0.0,0.0,0.0,0.0,0.0,16,0.6931471805599453,0.0,0.0,0.6931471805599453,2.833213344056216,0.0,115790.0,133760.5,100589.5,0.6931471805599453,0.0,-3.8712010109078907
992000,11188223,1,0,0,1747133140,0.0,0,100,100,0,0,100,0.0,0.0,0.0,0,9432457,4.61512051684126,4.61512051684126,4.61512051684126,0.0,0.0,1387.5,2349.0,2,0,0,2,0.0,0.0,0.0,0,0.0,0.0,0.0125,0.0,0.0,7.3659398939304655e-06,32,1.0986122886681098,0.0,0.0,1.0986122886681098,3.4965075614664802,0.012422519998557154,26680.5,52083.0,100589.5,0.6931471805599453,0.0,-3.5165082281731497
7444000,13982073,1,0,0,1746938049,0.0,0,100,100,0,0,95,0.0,0.0,0.0,0,6298825,4.61512051684126,4.564348191467836,4.61512051684126,0.0,0.0,1387.5,2349.0,1,0,0,1,0.0,0.0,0.0,0,0.0,0.0,0.0,0.0,0.0,0.0,16,0.6931471805599453,0.0,0.0,0.6931471805599453,2.833213344056216,0.0,115790.0,133760.5,100589.5,0.6931471805599453,0.0,-3.8712010109078907
8414000,12511178,1,0,0,1747479734,0.0,0,100,94,4,2,100,0.0425531914893617,0.5,0.02127659574468085,1,2979698,4.61512051684126,4.61512051684126,4.553876891600541,1.6094379124341003,1.0986122886681098,1387.5,996.5,1,0,0,1,0.0,0.0,0.0,0,0.0,0.0,0.0,0.0,0.0,0.0,16,0.6931471805599453,0.0,0.0,0.6931471805599453,2.833213344056216,0.0,115790.0,133760.5,100589.5,0.6931471805599453,0.0,-3.9219733362813143
9106000,13085001,1,0,0,1746391021,0.0,0,100,88,6,6,100,0.06818181818181818,1.0,0.06818181818181818,1,4061654,4.61512051684126,4.61512051684126,4.48863636973214,1.9459101490553132,1.9459101490553132,1387.5,358.0,3,0,0,3,0.0,0.0,0.0,0,0.0,0.0,0.04613093236864401,0.0,0.0,2.7183814006272252e-05,48,1.3862943611198906,0.0,0.0,1.3862943611198906,3.8918202981106265,0.04509853215768413,12635.5,5579.0,100589.5,0.6931471805599453,0.0,-3.228826155721369
3684000,6082207,1,0,0,1749706843,0.0,0,100,100,0,0,100,0.0,0.0,0.0,0,2587115,4.61512051684126,4.61512051684126,4.61512051684126,0.0,0.0,1387.5,2349.0,3,0,0,3,0.0,0.0,0.0,0,0.0,0.0,0.0,0.0,0.0,0.0,48,1.3862943611198906,0.0,0.0,1.3862943611198906,3.8918202981106265,0.0,12635.5,133760.5,100589.5,0.6931471805599453,0.0,-3.228826155721369
7546000,6367292,0,1,0,1748439064,0.0,0,100,81,19,0,100,0.2345679012345679,0.0,0.0,0,1845906,4.61512051684126,4.61512051684126,4.406719247264253,2.995732273553991,0.0,1387.5,2349.0,6,3,0,9,0.5,0.0,0.0,0,0.0,0.0,0.0,0.0,0.0,0.0,135,1.9459101490553132,1.3862943611198906,0.0,2.302585092994046,4.912654885736052,0.0,1727.5,133760.5,100589.5,0.0,0.6931471805599453,-2.312535423847214
10138000,8255174,1,0,0,1748510524,0.0,0,100,98,1,1,100,0.01020408163265306,1.0,0.01020408163265306,1,2858608,4.61512051684126,4.61512051684126,4.59511985013459,0.6931471805599453,0.6931471805599453,1387.5,1497.0,1,0,0,1,0.0,0.0,0.0,0,0.0,0.0,0.0,0.0,0.0,0.0,16,0.6931471805599453,0.0,0.0,0.6931471805599453,2.833213344056216,0.0,115790.0,133760.5,100589.5,0.6931471805599453,0.0,-3.9219733362813143
5406000,7326999,1,0,0,1745366823,0.0,0,100,97,1,2,100,0.010309278350515464,2.0,0.020618556701030927,1,4360052,4.61512051684126,4.61512051684126,4.584967478670572,0.6931471805599453,1.0986122886681098,1387.5,1108.0,1,0,0,1,0.0,0.0,0.0,0,0.0,0.0,0.01694915254237288,0.0,0.0,9.98771511041419e-06,16,0.6931471805599453,0.0,0.0,0.6931471805599453,2.833213344056216,0.016807118316381233,115790.0,30682.0,100589.5,0.6931471805599453,0.0,-3.9219733362813143
2754000,11097005,1,0,0,1748919409,0.0,0,100,99,1,0,100,0.010101010101010102,0.0,0.0,0,2979259,4.61512051684126,4.61512051684126,4.605170185988092,0.6931471805599453,0.0,1387.5,2349.0,2,0,0,2,0.0,0.0,0.0,0,0.0,0.0,0.0,0.0,0.0,0.0,22,1.0986122886681098,0.0,0.0,1.0986122886681098,3.1354942159291497,0.0,26680.5,133760.5,100589.5,0.6931471805599453,0.0,-3.5165082281731497
2494000,88227,1,0,0,1752191481,0.0,0,100,100,0,0,100,0.0,0.0,0.0,0,1998292,4.61512051684126,4.61512051684126,4.61512051684126,0.0,0.0,1387.5,2349.0,5,0,0,5,0.0,0.0,0.0,0,0.0,0.0,0.0,0.0,0.0,0.0,80,1.791759469228055,0.0,0.0,1.791759469228055,4.394449154672439,0.0,5102.5,133760.5,100589.5,0.6931471805599453,0.0,-2.8233610476132047
6342000,7587235,1,0,0,1747712319,0.0,0,100,100,0,0,100,0.0,0.0,0.0,0,5276501,4.61512051684126,4.61512051684126,4.61512051684126,0.0,0.0,1387.5,2349.0,1,0,0,1,0.0,0.0,0.0,0,0.0,0.0,0.0,0.0,0.0,0.0,16,0.6931471805599453,0.0,0.0,0.6931471805599453,2.833213344056216,0.0,115790.0,133760.5,100589.5,0.6931471805599453,0.0,-3.9219733362813143
1112000,10448753,1,0,0,1745452313,0.0,0,100,93,1,6,100,0.010752688172043012,6.0,0.06451612903225806,1,4930454,4.61512051684126,4.61512051684126,4.543294782270004,0.6931471805599453,1.9459101490553132,1387.5,395.5,2,0,0,2,0.0,0.0,0.0,0,0.0,0.0,0.02564102564102564,0.0,0.0,1.510962029524198e-05,29,1.0986122886681098,0.0,0.0,1.0986122886681098,3.4011973816621555,0.025317807984289873,26680.5,16240.5,100589.5,0.6931471805599453,0.0,-3.5165082281731497
5336000,220923,1,0,0,1747173975,0.0,0,100,98,1,1,100,0.01020408163265306,1.0,0.01020408163265306,1,2857291,4.61512051684126,4.61512051684126,4.59511985013459,0.6931471805599453,0.6931471805599453,1387.5,1497.0,12,0,0,12,0.0,0.0,0.0,0,0.0,0.0,0.11443000199585711,0.0,0.0,6.743076134110614e-05,184,2.5649493574615367,0.0,0.0,2.5649493574615367,5.220355825078324,0.10834306522790065,995.0,953.0,100589.5,0.6931471805599453,0.0,-2.050171159379723
2482000,11090345,1,0,0,1748996349,0.0,0,100,98,1,1,100,0.01020408163265306,1.0,0.01020408163265306,1,3452131,4.61512051684126,4.61512051684126,4.59511985013459,0.6931471805599453,0.6931471805599453,1387.5,1497.0,1,0,0,1,0.0,0.0,0.0,0,0.0,0.0,0.0,0.0,0.0,0.0,16,0.6931471805599453,0.0,0.0,0.6931471805599453,2.833213344056216,0.0,115790.0,133760.5,100589.5,0.6931471805599453,0.0,-3.9219733362813143
3024000,2682890,1,0,0,1748794062,0.0,0,100,98,1,1,99,0.01020408163265306,1.0,0.01020408163265306,1,1747691,4.61512051684126,4.605170185988092,4.59511985013459,0.6931471805599453,0.6931471805599453,1387.5,1497.0,1,0,0,1,0.0,0.0,0.0,0,0.0,0.0,0.0,0.0,0.0,0.0,11,0.6931471805599453,0.0,0.0,0.6931471805599453,2.4849066497880004,0.0,115790.0,133760.5,100589.5,0.6931471805599453,0.0,-3.9120230054281464
8086000,15089557,1,0,0,1746063178,0.0,0,100,98,2,0,100,0.02040816326530612,0.0,0.0,0,5829957,4.61512051684126,4.61512051684126,4.59511985013459,1.0986122886681098,0.0,1387.5,2349.0,1,0,0,1,0.0,0.0,0.0,0,0.0,0.0,0.0,0.0,0.0,0.0,16,0.6931471805599453,0.0,0.0,0.6931471805599453,2.833213344056216,0.0,115790.0,133760.5,100589.5,0.6931471805599453,0.0,-3.9219733362813143
1352000,1728538,1,0,0,1748625576,0.0,0,100,96,4,0,100,0.041666666666666664,0.0,0.0,0,2381948,4.61512051684126,4.61512051684126,4.574710978503383,1.6094379124341003,0.0,1387.5,2349.0,6,0,0,6,0.0,0.0,0.0,0,0.0,0.0,0.0,0.0,0.0,0.0,84,1.9459101490553132,0.0,0.0,1.9459101490553132,4.442651256490317,0.0,3676.0,133760.5,100589.5,0.6931471805599453,0.0,-2.6692103677859462
1380000,3353200,1,0,0,1737121842,0.0,0,100,98,2,0,99,0.02040816326530612,0.0,0.0,0,21356962,4.61512051684126,4.605170185988092,4.59511985013459,1.0986122886681098,0.0,1387.5,2349.0,1,0,0,1,0.0,0.0,0.0,0,0.0,0.0,0.0,0.0,0.0,0.0,16,0.6931471805599453,0.0,0.0,0.6931471805599453,2.833213344056216,0.0,115790.0,133760.5,100589.5,0.6931471805599453,0.0,-3.9120230054281464
4056000,9570639,1,0,0,1746352979,0.0,0,100,98,0,2,100,0.0,0.0,0.02040816326530612,1,5555227,4.61512051684126,4.61512051684126,4.59511985013459,0.0,1.0986122886681098,1387.5,1177.0,1,0,0,1,0.0,0.0,0.0,0,0.0,0.0,0.0,0.0,0.0,0.0,16,0.6931471805599453,0.0,0.0,0.6931471805599453,2.833213344056216,0.0,115790.0,133760.5,100589.5,0.6931471805599453,0.0,-3.9219733362813143
8282000,7645409,1,0,0,1744090693,0.0,0,100,98,1,1,100,0.01020408163265306,1.0,0.01020408163265306,1,7626748,4.61512051684126,4.61512051684126,4.59511985013459,0.6931471805599453,0.6931471805599453,1387.5,1497.0,1,0,0,1,0.0,0.0,0.0,0,0.0,0.0,0.02564102564102564,0.0,0.0,1.510962029524198e-05,16,0.6931471805599453,0.0,0.0,0.6931471805599453,2.833213344056216,0.025317807984289873,115790.0,16240.5,100589.5,0.6931471805599453,0.0,-3.9219733362813143
6826000,3379446,1,0,0,1746608316,0.0,0,100,93,5,2,100,0.053763440860215055,0.4,0.021505376344086023,1,2440698,4.61512051684126,4.61512051684126,4.543294782270004,1.791759469228055,1.0986122886681098,1387.5,976.0,1,0,0,1,0.0,0.0,0.0,0,0.0,0.0,0.014285714285714285,0.0,0.0,8.418217021634817e-06,10,0.6931471805599453,0.0,0.0,0.6931471805599453,2.3978952727983707,0.014184634991956432,115790.0,40766.0,100589.5,0.6931471805599453,0.0,-3.9219733362813143
1506000,3175300,1,0,0,1747108582,0.0,0,100,83,14,3,100,0.1686746987951807,0.21428571428571427,0.03614457831325301,1,2006182,4.61512051684126,4.61512051684126,4.430816798843313,2.70805020110221,1.3862943611198906,1387.5,684.5,1,0,0,1,0.0,0.0,0.0,0,0.0,0.0,0.011764705882352941,0.0,0.0,6.932649311934555e-06,14,0.6931471805599453,0.0,0.0,0.6931471805599453,2.70805020110221,0.011696039763191278,115790.0,57837.0,100589.5,0.6931471805599453,0.0,-3.9219733362813143
5070000,14229826,1,0,0,1746551232,0.0,0,100,91,1,8,100,0.01098901098901099,8.0,0.08791208791208792,1,5305930,4.61512051684126,4.61512051684126,4.5217885770490405,0.6931471805599453,2.1972245773362196,1387.5,256.0,1,0,0,1,0.0,0.0,0.0,0,0.0,0.0,0.014492753623188406,0.0,0.0,8.540220166875902e-06,16,0.6931471805599453,0.0,0.0,0.6931471805599453,2.833213344056216,0.014388737452099606,115790.0,39705.5,100589.5,0.6931471805599453,0.0,-3.9219733362813143
4454000,283618,1,0,0,1747249010,0.0,0,100,100,0,0,100,0.0,0.0,0.0,0,2529116,4.61512051684126,4.61512051684126,4.61512051684126,0.0,0.0,1387.5,2349.0,4,0,0,4,0.0,0.0,0.0,0,0.0,0.0,0.0,0.0,0.0,0.0,64,1.6094379124341003,0.0,0.0,1.6094379124341003,4.174387269895637,0.0,7577.5,133760.5,100589.5,0.6931471805599453,0.0,-3.005682604407159
4830000,15360304,1,0,0,1749520936,0.0,0,100,93,6,1,100,0.06451612903225806,0.16666666666666666,0.010752688172043012,1,2819732,4.61512051684126,4.61512051684126,4.543294782270004,1.9459101490553132,0.6931471805599453,1387.5,1272.5,2,0,0,2,0.0,0.0,0.0,0,0.0,0.0,0.0,0.0,0.0,0.0,26,1.0986122886681098,0.0,0.0,1.0986122886681098,3.295836866004329,0.0,26680.5,133760.5,100589.5,0.6931471805599453,0.0,-3.5165082281731497
9896000,10288962,1,0,0,1743255527,0.0,0,100,88,0,12,100,0.0,0.0,0.13636363636363635,1,6613000,4.61512051684126,4.61512051684126,4.48863636973214,0.0,2.5649493574615367,1387.5,129.0,1,0,0,1,0.0,0.0,0.0,0,0.0,0.0,0.011363636363636364,0.0,0.0,6.696308994482241e-06,16,0.6931471805599453,0.0,0.0,0.6931471805599453,2.833213344056216,0.011299555253933367,115790.0,61498.0,100589.5,0.6931471805599453,0.0,-3.9219733362813143
3164000,2187278,1,0,0,1745409298,0.0,0,100,99,1,0,99,0.010101010101010102,0.0,0.0,0,4374703,4.61512051684126,4.605170185988092,4.605170185988092,0.6931471805599453,0.0,1387.5,2349.0,4,0,0,4,0.0,0.0,0.0,0,1.0,0.0,0.05094038061254831,0.0005892751915144372,0.0,3.001790254127773e-05,52,1.6094379124341003,0.0,0.0,1.6094379124341003,3.970291913552122,0.04968536394190201,7577.5,4595.0,100589.5,0.6931471805599453,0.0,-2.9957322735539913
4700000,14502937,1,0,0,1748442950,0.0,0,100,100,0,0,100,0.0,0.0,0.0,0,4670664,4.61512051684126,4.61512051684126,4.61512051684126,0.0,0.0,1387.5,2349.0,10,0,0,10,0.0,0.0,0.0,0,0.0,0.0,0.0264301860545992,0.0,0.0,1.5574652949086154e-05,160,2.3978952727983707,0.0,0.0,2.3978952727983707,5.081404364984463,0.02608694352693518,1420.5,15341.0,100589.5,0.6931471805599453,0.0,-2.217225244042889
590000,13557456,1,0,0,1748436594,0.0,0,100,88,6,6,100,0.06818181818181818,1.0,0.06818181818181818,1,2284522,4.61512051684126,4.61512051684126,4.48863636973214,1.9459101490553132,1.9459101490553132,1387.5,358.0,1,0,0,1,0.0,0.0,0.0,0,0.0,0.0,0.011363636363636364,0.0,0.0,6.696308994482241e-06,16,0.6931471805599453,0.0,0.0,0.6931471805599453,2.833213344056216,0.011299555253933367,115790.0,61498.0,100589.5,0.6931471805599453,0.0,-3.9219733362813143
1744000,4174660,1,0,0,1748845118,0.0,0,100,98,1,1,100,0.01020408163265306,1.0,0.01020408163265306,1,4058499,4.61512051684126,4.61512051684126,4.59511985013459,0.6931471805599453,0.6931471805599453,1387.5,1497.0,6,0,0,6,0.0,0.0,0.0,0,0.0,0.0,0.03734204392099129,0.0,0.0,2.200474008308267e-05,96,1.9459101490553132,0.0,0.0,1.9459101490553132,4.574710978503383,0.03666171470885136,3676.0,8416.0,100589.5,0.6931471805599453,0.0,-2.6692103677859462
8444000,6498450,1,0,0,1746367473,0.0,0,100,98,0,2,100,0.0,0.0,0.02040816326530612,1,4175162,4.61512051684126,4.61512051684126,4.59511985013459,0.0,1.0986122886681098,1387.5,1177.0,7,0,1,8,0.0,0.0,0.14285714285714285,0,0.0,0.0,0.038939713816561104,0.0,0.0,2.2946207316771423e-05,125,2.0794415416798357,0.0,0.6931471805599453,2.1972245773362196,4.836281906951478,0.03820068715798786,2162.5,7836.0,3561.0,0.6931471805599453,0.0,-2.41789593950504
9796000,5150538,1,0,0,1747354094,0.0,0,100,72,22,6,100,0.3055555555555556,0.2727272727272727,0.08333333333333333,1,2758200,4.61512051684126,4.61512051684126,4.290459441148391,3.1354942159291497,1.9459101490553132,1387.5,270.0,9,0,0,9,0.0,0.0,0.0,0,0.0,0.0,0.05475501011215297,0.0,0.0,3.226576907021389e-05,137,2.302585092994046,0.0,0.0,2.302585092994046,4.927253685157205,0.05330852205810514,1727.5,4126.0,100589.5,0.6931471805599453,0.0,-2.312535423847214
5650000,4175651,1,0,0,1748233840,0.0,0,100,97,2,1,100,0.020618556701030927,0.5,0.010309278350515464,1,4421288,4.61512051684126,4.61512051684126,4.584967478670572,1.0986122886681098,0.6931471805599453,1387.5,1403.0,6,0,0,6,0.0,0.0,0.0,0,0.0,0.0,0.01,0.0,0.0,5.892751915144372e-06,93,1.9459101490553132,0.0,0.0,1.9459101490553132,4.543294782270004,0.009950330853168083,3676.0,73080.0,100589.5,0.6931471805599453,0.0,-2.6692103677859462
510000,12882461,1,0,0,1745459714,0.0,0,100,98,1,1,100,0.01020408163265306,1.0,0.01020408163265306,1,8281839,4.61512051684126,4.61512051684126,4.59511985013459,0.6931471805599453,0.6931471805599453,1387.5,1497.0,1,0,0,1,0.0,0.0,0.0,0,0.0,0.0,0.016129032258064516,0.0,0.0,9.504438572813504e-06,16,0.6931471805599453,0.0,0.0,0.6931471805599453,2.833213344056216,0.01600034134644113,115790.0,32725.5,100589.5,0.6931471805599453,0.0,-3.9219733362813143
9498000,5347341,1,0,0,1747418807,0.0,0,100,93,1,6,100,0.010752688172043012,6.0,0.06451612903225806,1,6910358,4.61512051684126,4.61512051684126,4.543294782270004,0.6931471805599453,1.9459101490553132,1387.5,395.5,1,0,0,1,0.0,0.0,0.0,0,0.0,0.0,0.0,0.0,0.0,0.0,16,0.6931471805599453,0.0,0.0,0.6931471805599453,2.833213344056216,0.0,115790.0,133760.5,100589.5,0.6931471805599453,0.0,-3.9219733362813143
8094000,732228,1,0,0,1739014372,0.0,0,24,22,1,1,24,0.045454545454545456,1.0,0.045454545454545456,1,12221487,3.2188758248682006,3.2188758248682006,3.1354942159291497,0.6931471805599453,0.6931471805599453,2931.0,555.5,1,0,0,1,0.0,0.0,0.0,0,0.0,0.0,0.0625,0.0,0.0,3.682969946965233e-05,16,0.6931471805599453,0.0,0.0,0.6931471805599453,2.833213344056216,0.06062462181643484,115790.0,3107.0,100589.5,0.6931471805599453,0.0,-2.525728644308255
6566000,6310932,1,0,0,1747343607,0.0,0,100,99,1,0,100,0.010101010101010102,0.0,0.0,0,4215311,4.61512051684126,4.61512051684126,4.605170185988092,0.6931471805599453,0.0,1387.5,2349.0,3,1,0,4,0.3333333333333333,0.0,0.0,0,0.0,0.0,0.0364200678776795,0.0,0.0,2.1461442473588392e-05,64,1.3862943611198906,0.6931471805599453,0.0,1.6094379124341003,4.174387269895637,0.035772532580571066,7577.5,8828.5,100589.5,0.6931471805599453,0.0,-3.005682604407159
9172000,5951869,1,0,0,1750488228,0.0,0,100,99,1,0,100,0.010101010101010102,0.0,0.0,0,4485125,4.61512051684126,4.61512051684126,4.605170185988092,0.6931471805599453,0.0,1387.5,2349.0,5,0,0,5,0.0,0.0,0.0,0,0.0,0.0,0.0,0.0,0.0,0.0,78,1.791759469228055,0.0,0.0,1.791759469228055,4.3694478524670215,0.0,5102.5,133760.5,100589.5,0.6931471805599453,0.0,-2.8233610476132047
8248000,1778994,1,0,0,1746781705,0.0,0,100,98,2,0,100,0.02040816326530612,0.0,0.0,0,2483216,4.61512051684126,4.61512051684126,4.59511985013459,1.0986122886681098,0.0,1387.5,2349.0,3,0,0,3,0.0,0.0,0.0,0,0.0,0.0,0.010309278350515464,0.0,0.0,6.075001974375641e-06,48,1.3862943611198906,0.0,0.0,1.3862943611198906,3.8918202981106265,0.010256500167189098,12635.5,71056.5,100589.5,0.6931471805599453,0.0,-3.228826155721369
8856000,1449553,1,0,0,1749983019,0.0,0,100,99,1,0,100,0.010101010101010102,0.0,0.0,0,4053648,4.61512051684126,4.61512051684126,4.605170185988092,0.6931471805599453,0.0,1387.5,2349.0,2,0,0,2,0.0,0.0,0.0,0,0.0,0.0,0.0,0.0,0.0,0.0,32,1.0986122886681098,0.0,0.0,1.0986122886681098,3.4965075614664802,0.0,26680.5,133760.5,100589.5,0.6931471805599453,0.0,-3.5165082281731497
5414000,3027336,1,0,0,1748886092,0.0,0,100,99,1,0,100,0.010101010101010102,0.0,0.0,0,5871611,4.61512051684126,4.61512051684126,4.605170185988092,0.6931471805599453,0.0,1387.5,2349.0,1,0,0,1,0.0,0.0,0.0,0,0.0,0.0,0.0,0.0,0.0,0.0,16,0.6931471805599453,0.0,0.0,0.6931471805599453,2.833213344056216,0.0,115790.0,133760.5,100589.5,0.6931471805599453,0.0,-3.9219733362813143
4894000,13303104,1,0,0,1749908720,0.0,0,100,96,2,2,98,0.020833333333333332,1.0,0.020833333333333332,1,7070500,4.61512051684126,4.59511985013459,4.574710978503383,1.0986122886681098,1.0986122886681098,1387.5,1054.0,1,0,0,1,0.0,0.0,0.0,0,0.0,0.0,0.0,0.0,0.0,0.0,15,0.6931471805599453,0.0,0.0,0.6931471805599453,2.772588722239781,0.0,115790.0,133760.5,100589.5,0.6931471805599453,0.0,-3.9019726695746444
9294000,8819442,1,0,0,1746386317,0.0,0,100,97,1,2,100,0.010309278350515464,2.0,0.020618556701030927,1,3240531,4.61512051684126,4.61512051684126,4.584967478670572,0.6931471805599453,1.0986122886681098,1387.5,1108.0,16,0,0,16,0.0,0.0,0.0,0,0.0,0.0,0.06581676927448131,0.0,0.0,3.87841893190815e-05,251,2.833213344056216,0.0,0.0,2.833213344056216,5.529429087511423,0.063741424735451,560.5,2844.0,100589.5,0.6931471805599453,0.0,-1.7819071727850435
8856000,14968636,1,0,0,1750435935,0.0,0,100,99,1,0,100,0.010101010101010102,0.0,0.0,0,4053648,4.61512051684126,4.61512051684126,4.605170185988092,0.6931471805599453,0.0,1387.5,2349.0,3,0,0,3,0.0,0.0,0.0,0,0.0,0.0,0.0,0.0,0.0,0.0,38,1.3862943611198906,0.0,0.0,1.3862943611198906,3.6635616461296463,0.0,12635.5,133760.5,100589.5,0.6931471805599453,0.0,-3.228826155721369
1456000,4945125,1,0,0,1749362394,0.0,0,100,100,0,0,100,0.0,0.0,0.0,0,2166290,4.61512051684126,4.61512051684126,4.61512051684126,0.0,0.0,1387.5,2349.0,3,0,0,3,0.0,0.0,0.0,0,0.0,0.0,0.0,0.0,0.0,0.0,48,1.3862943611198906,0.0,0.0,1.3862943611198906,3.8918202981106265,0.0,12635.5,133760.5,100589.5,0.6931471805599453,0.0,-3.228826155721369
1914000,5081324,1,0,0,1747009989,0.0,0,100,93,1,6,100,0.010752688172043012,6.0,0.06451612903225806,1,3395001,4.61512051684126,4.61512051684126,4.543294782270004,0.6931471805599453,1.9459101490553132,1387.5,395.5,13,0,0,13,0.0,0.0,0.0,0,0.0,0.0,0.11555219220807808,0.0,0.0,6.809204019332828e-05,192,2.6390573296152584,0.0,0.0,2.6390573296152584,5.262690188904886,0.10934952196990072,841.0,938.0,100589.5,0.6931471805599453,0.0,-1.9760631872260013
2824000,5606725,1,0,0,1751581241,0.0,0,100,100,0,0,100,0.0,0.0,0.0,0,3132824,4.61512051684126,4.61512051684126,4.61512051684126,0.0,0.0,1387.5,2349.0,1,0,0,1,0.0,0.0,0.0,0,0.0,0.0,0.0,0.0,0.0,0.0,16,0.6931471805599453,0.0,0.0,0.6931471805599453,2.833213344056216,0.0,115790.0,133760.5,100589.5,0.6931471805599453,0.0,-3.9219733362813143
3852000,4058420,1,0,0,1744085877,0.0,0,100,100,0,0,100,0.0,0.0,0.0,0,7122734,4.61512051684126,4.61512051684126,4.61512051684126,0.0,0.0,1387.5,2349.0,1,0,0,1,0.0,0.0,0.0,0,0.0,0.0,0.0,0.0,0.0,0.0,16,0.6931471805599453,0.0,0.0,0.6931471805599453,2.833213344056216,0.0,115790.0,133760.5,100589.5,0.6931471805599453,0.0,-3.9219733362813143
7834000,8954840,1,0,0,1747201945,0.0,0,100,97,3,0,100,0.030927835051546393,0.0,0.0,0,3638628,4.61512051684126,4.61512051684126,4.584967478670572,1.3862943611198906,0.0,1387.5,2349.0,17,2,0,19,0.11764705882352941,0.0,0.0,0,0.0,0.0,0.1187004201088793,0.0,0.0,6.994721279250401e-05,281,2.8903717578961645,1.0986122886681098,0.0,2.995732273553991,5.641907070938114,0.11216767240377754,379.0,901.0,100589.5,0.6931471805599453,0.0,-1.6193882432872688
4888000,9647271,0,1,0,1748058197,0.0,0,100,92,4,4,100,0.043478260869565216,1.0,0.043478260869565216,1,3151226,4.61512051684126,4.61512051684126,4.532599493153256,1.6094379124341003,1.6094379124341003,1387.5,582.5,0,1,0,1,0.0,0.0,0.0,0,0.0,0.0,0.012658227848101266,0.0,0.0,7.4591796394232565e-06,16,0.0,0.6931471805599453,0.0,0.6931471805599453,2.833213344056216,0.012578782206860118,115790.0,51034.0,100589.5,0.0,0.6931471805599453,-3.9219733362813143
184000,7525150,1,0,0,1746345990,0.0,0,100,78,10,12,100,0.1282051282051282,1.2,0.15384615384615385,1,2949061,4.61512051684126,4.61512051684126,4.3694478524670215,2.3978952727983707,2.5649493574615367,1387.5,102.5,4,0,0,4,0.0,0.0,0.0,0,0.0,0.0,0.03137254901960784,0.0,0.0,1.8487064831825483e-05,63,1.6094379124341003,0.0,0.0,1.6094379124341003,4.1588830833596715,0.030890487019338404,7577.5,11396.5,100589.5,0.6931471805599453,0.0,-3.005682604407159
1976000,5858515,1,0,0,1746285233,0.0,0,100,92,2,6,100,0.021739130434782608,3.0,0.06521739130434782,1,6487833,4.61512051684126,4.61512051684126,4.532599493153256,1.0986122886681098,1.9459101490553132,1387.5,382.0,5,1,0,6,0.2,0.0,0.0,0,0.0,0.0,0.013157894736842105,0.0,0.0,7.753620940979438e-06,96,1.791759469228055,0.6931471805599453,0.0,1.9459101490553132,4.574710978503383,0.01307208156735277,3676.0,47497.5,100589.5,0.6931471805599453,0.0,-2.6692103677859462
9686000,12727797,1,0,0,1748525491,0.0,0,100,86,14,0,100,0.16279069767441862,0.0,0.0,0,3732679,4.61512051684126,4.61512051684126,4.465908118654584,2.70805020110221,0.0,1387.5,2349.0,1,0,0,1,0.0,0.0,0.0,0,0.0,0.0,0.0,0.0,0.0,0.0,16,0.6931471805599453,0.0,0.0,0.6931471805599453,2.833213344056216,0.0,115790.0,133760.5,100589.5,0.6931471805599453,0.0,-3.9219733362813143
7070000,11847804,1,0,0,1747595707,0.0,0,100,100,0,0,100,0.0,0.0,0.0,0,3033383,4.61512051684126,4.61512051684126,4.61512051684126,0.0,0.0,1387.5,2349.0,1,0,0,1,0.0,0.0,0.0,0,0.0,0.0,0.0,0.0,0.0,0.0,16,0.6931471805599453,0.0,0.0,0.6931471805599453,2.833213344056216,0.0,115790.0,133760.5,100589.5,0.6931471805599453,0.0,-3.9219733362813143
5956000,11529797,1,0,0,1740986101,0.0,0,100,96,0,4,100,0.0,0.0,0.041666666666666664,1,15725112,4.61512051684126,4.61512051684126,4.574710978503383,0.0,1.6094379124341003,1387.5,665.5,1,0,0,1,0.0,0.0,0.0,0,0.0,0.0,0.012345679012345678,0.0,0.0,7.275002364375768e-06,16,0.6931471805599453,0.0,0.0,0.6931471805599453,2.833213344056216,0.012270092591814347,115790.0,53239.5,100589.5,0.6931471805599453,0.0,-3.9219733362813143
424000,11481512,1,0,0,1745569331,0.0,0,100,91,2,7,100,0.02197802197802198,3.5,0.07692307692307693,1,7139446,4.61512051684126,4.61512051684126,4.5217885770490405,1.0986122886681098,2.0794415416798357,1387.5,318.0,13,0,1,14,0.0,0.0,0.07692307692307693,1,1.0,1.0,0.17604715897314122,0.0005892751915144372,0.0005892751915144372,0.00010374022331947037,214,2.6390573296152584,0.0,0.6931471805599453,2.70805020110221,5.3706380281276624,0.16215894984004195,721.5,358.0,3561.0,0.6931471805599453,0.0,-1.9070703157390496
2450000,2434947,1,0,0,1743304894,0.0,0,100,94,2,4,100,0.02127659574468085,2.0,0.0425531914893617,1,7286916,4.61512051684126,4.61512051684126,4.553876891600541,1.0986122886681098,1.6094379124341003,1387.5,616.0,1,0,0,1,0.0,0.0,0.0,0,0.0,0.0,0.013513513513513514,0.0,0.0,7.963178263708612e-06,12,0.6931471805599453,0.0,0.0,0.6931471805599453,2.5649493574615367,0.013423020332140687,115790.0,45044.5,100589.5,0.6931471805599453,0.0,-3.9219733362813143
9610000,9347739,1,0,0,1748084755,0.0,0,100,84,7,9,100,0.08333333333333333,1.2857142857142858,0.10714285714285714,1,3969138,4.61512051684126,4.61512051684126,4.442651256490317,2.0794415416798357,2.302585092994046,1387.5,185.5,1,0,0,1,0.0,0.0,0.0,0,0.0,0.0,0.0,0.0,0.0,0.0,16,0.6931471805599453,0.0,0.0,0.6931471805599453,2.833213344056216,0.0,115790.0,133760.5,100589.5,0.6931471805599453,0.0,-3.9219733362813143
7782000,11122672,1,0,0,1748877689,0.0,0,100,99,1,0,100,0.010101010101010102,0.0,0.0,0,5818441,4.61512051684126,4.61512051684126,4.605170185988092,0.6931471805599453,0.0,1387.5,2349.0,11,0,0,11,0.0,0.0,0.0,0,0.0,0.0,0.0,0.0,0.0,0.0,167,2.4849066497880004,0.0,0.0,2.4849066497880004,5.123963979403259,0.0,1187.0,133760.5,100589.5,0.6931471805599453,0.0,-2.1302138670532593
630000,7146371,1,0,0,1746678594,0.0,0,100,93,2,5,100,0.021505376344086023,2.5,0.053763440860215055,1,3302985,4.61512051684126,4.61512051684126,4.543294782270004,1.0986122886681098,1.791759469228055,1387.5,492.0,2,0,0,2,0.0,0.0,0.0,0,0.0,0.0,0.014285714285714285,0.0,0.0,8.418217021634817e-06,32,1.0986122886681098,0.0,0.0,1.0986122886681098,3.4965075614664802,0.014184634991956432,26680.5,40766.0,100589.5,0.6931471805599453,0.0,-3.5165082281731497
48000,13502542,1,0,0,1744575115,0.0,0,100,93,6,1,100,0.06451612903225806,0.16666666666666666,0.010752688172043012,1,5009885,4.61512051684126,4.61512051684126,4.543294782270004,1.9459101490553132,0.6931471805599453,1387.5,1272.5,1,0,0,1,0.0,0.0,0.0,0,0.0,0.0,0.0,0.0,0.0,0.0,16,0.6931471805599453,0.0,0.0,0.6931471805599453,2.833213344056216,0.0,115790.0,133760.5,100589.5,0.6931471805599453,0.0,-3.9219733362813143
1800000,11705419,0,1,0,1745018338,0.0,0,100,98,1,1,99,0.01020408163265306,1.0,0.01020408163265306,1,5876128,4.61512051684126,4.605170185988092,4.59511985013459,0.6931471805599453,0.6931471805599453,1387.5,1497.0,0,1,0,1,0.0,0.0,0.0,0,0.0,0.0,0.020833333333333332,0.0,0.0,1.2276566489884108e-05,9,0.0,0.6931471805599453,0.0,0.6931471805599453,2.302585092994046,0.02061928720273568,115790.0,22971.5,100589.5,0.0,0.6931471805599453,-3.9120230054281464
6634000,6170800,1,0,0,1747413708,0.0,0,100,99,1,0,100,0.010101010101010102,0.0,0.0,0,2520504,4.61512051684126,4.61512051684126,4.605170185988092,0.6931471805599453,0.0,1387.5,2349.0,1,0,0,1,0.0,0.0,0.0,0,0.0,0.0,0.0,0.0,0.0,0.0,14,0.6931471805599453,0.0,0.0,0.6931471805599453,2.70805020110221,0.0,115790.0,133760.5,100589.5,0.6931471805599453,0.0,-3.9219733362813143
8072000,6560820,1,0,0,1749209763,0.0,0,100,98,0,2,91,0.0,0.0,0.02040816326530612,1,7198995,4.61512051684126,4.5217885770490405,4.59511985013459,0.0,1.0986122886681098,1387.5,1177.0,2,0,0,2,0.0,0.0,0.0,0,0.0,0.0,0.0,0.0,0.0,0.0,32,1.0986122886681098,0.0,0.0,1.0986122886681098,3.4965075614664802,0.0,26680.5,133760.5,100589.5,0.6931471805599453,0.0,-3.4231762883809305
1164000,10875680,1,0,0,1748504936,0.0,0,100,100,0,0,100,0.0,0.0,0.0,0,2316448,4.61512051684126,4.61512051684126,4.61512051684126,0.0,0.0,1387.5,2349.0,1,0,0,1,0.0,0.0,0.0,0,0.0,0.0,0.0,0.0,0.0,0.0,16,0.6931471805599453,0.0,0.0,0.6931471805599453,2.833213344056216,0.0,115790.0,133760.5,100589.5,0.6931471805599453,0.0,-3.9219733362813143
7276000,9327052,0,1,0,1746093002,0.0,0,100,96,3,1,100,0.03125,0.3333333333333333,0.010416666666666666,1,2945501,4.61512051684126,4.61512051684126,4.574710978503383,1.3862943611198906,0.6931471805599453,1387.5,1350.0,2,1,0,3,0.5,0.0,0.0,0,0.0,0.0,0.06243824469630921,0.0,0.0,3.6793308601242906e-05,40,1.0986122886681098,0.6931471805599453,0.0,1.3862943611198906,3.713572066704308,0.060566497488481016,12635.5,3186.0,100589.5,0.0,0.6931471805599453,-3.228826155721369
8422000,15066081,1,0,0,1745585766,0.0,0,100,100,0,0,100,0.0,0.0,0.0,0,4967721,4.61512051684126,4.61512051684126,4.61512051684126,0.0,0.0,1387.5,2349.0,1,0,0,1,0.0,0.0,0.0,0,0.0,0.0,0.0,0.0,0.0,0.0,15,0.6931471805599453,0.0,0.0,0.6931471805599453,2.772588722239781,0.0,115790.0,133760.5,100589.5,0.6931471805599453,0.0,-3.9219733362813143
9032000,10597192,1,0,0,1748552451,0.0,0,100,99,1,0,100,0.010101010101010102,0.0,0.0,0,1807966,4.61512051684126,4.61512051684126,4.605170185988092,0.6931471805599453,0.0,1387.5,2349.0,2,0,0,2,0.0,0.0,0.0,0,0.0,0.0,0.0,0.0,0.0,0.0,30,1.0986122886681098,0.0,0.0,1.0986122886681098,3.4339872044851463,0.0,26680.5,133760.5,100589.5,0.6931471805599453,0.0,-3.5165082281731497
1148000,15564898,1,0,0,1748836831,0.0,0,100,89,11,0,100,0.12359550561797752,0.0,0.0,0,2641591,4.61512051684126,4.61512051684126,4.499809670330265,2.4849066497880004,0.0,1387.5,2349.0,2,0,0,2,0.0,0.0,0.0,0,0.0,0.0,0.012195121951219513,0.0,0.0,7.186282823346796e-06,26,1.0986122886681098,0.0,0.0,1.0986122886681098,3.295836866004329,0.01212136053234481,26680.5,54473.0,100589.5,0.6931471805599453,0.0,-3.5165082281731497
9684000,11665761,1,0,0,1747800074,0.0,0,100,98,1,1,100,0.01020408163265306,1.0,0.01020408163265306,1,2182824,4.61512051684126,4.61512051684126,4.59511985013459,0.6931471805599453,0.6931471805599453,1387.5,1497.0,2,0,0,2,0.0,0.0,0.0,0,0.0,0.0,0.02,0.0,0.0,1.1785503830288745e-05,32,1.0986122886681098,0.0,0.0,1.0986122886681098,3.4965075614664802,0.019802627296179712,26680.5,24262.5,100589.5,0.6931471805599453,0.0,-3.5165082281731497
9560000,14389824,1,0,0,1747657060,0.0,0,100,93,5,2,100,0.053763440860215055,0.4,0.021505376344086023,1,4830247,4.61512051684126,4.61512051684126,4.543294782270004,1.791759469228055,1.0986122886681098,1387.5,976.0,2,0,0,2,0.0,0.0,0.0,0,0.0,0.0,0.0,0.0,0.0,0.0,31,1.0986122886681098,0.0,0.0,1.0986122886681098,3.4657359027997265,0.0,26680.5,133760.5,100589.5,0.6931471805599453,0.0,-3.5165082281731497
2668000,5847591,0,1,0,1746097110,0.0,0,100,81,19,0,100,0.2345679012345679,0.0,0.0,0,3029465,4.61512051684126,4.61512051684126,4.406719247264253,2.995732273553991,0.0,1387.5,2349.0,1,1,0,2,1.0,0.0,0.0,0,0.0,0.0,0.0,0.0,0.0,0.0,32,0.6931471805599453,0.6931471805599453,0.0,1.0986122886681098,3.4965075614664802,0.0,26680.5,133760.5,100589.5,0.0,0.6931471805599453,-3.5165082281731497
7612000,14123154,1,0,0,1748816310,0.0,0,100,93,3,4,100,0.03225806451612903,1.3333333333333333,0.043010752688172046,1,4254856,4.61512051684126,4.61512051684126,4.543294782270004,1.3862943611198906,1.6094379124341003,1387.5,596.5,1,0,0,1,0.0,0.0,0.0,0,0.0,0.0,0.0,0.0,0.0,0.0,16,0.6931471805599453,0.0,0.0,0.6931471805599453,2.833213344056216,0.0,115790.0,133760.5,100589.5,0.6931471805599453,0.0,-3.9219733362813143
6404000,5162554,1,0,0,1746225751,0.0,0,100,90,3,7,100,0.03333333333333333,2.3333333333333335,0.07777777777777778,1,3198719,4.61512051684126,4.61512051684126,4.51085950651685,1.3862943611198906,2.0794415416798357,1387.5,306.5,1,0,0,1,0.0,0.0,0.0,0,0.0,0.0,0.014925373134328358,0.0,0.0,8.79515211215578e-06,12,0.6931471805599453,0.0,0.0,0.6931471805599453,2.5649493574615367,0.014815085785140639,115790.0,37765.0,100589.5,0.6931471805599453,0.0,-3.9219733362813143
3550000,9995528,1,0,0,1747008100,0.0,0,100,97,1,2,100,0.010309278350515464,2.0,0.020618556701030927,1,2174907,4.61512051684126,4.61512051684126,4.584967478670572,0.6931471805599453,1.0986122886681098,1387.5,1108.0,1,0,0,1,0.0,0.0,0.0,0,1.0,0.0,0.013513513513513514,0.0005892751915144372,0.0,7.963178263708612e-06,8,0.6931471805599453,0.0,0.0,0.6931471805599453,2.1972245773362196,0.013423020332140687,115790.0,45044.5,100589.5,0.6931471805599453,0.0,-3.9219733362813143
88000,8547478,1,0,0,1747189808,0.0,0,100,89,4,7,100,0.0449438202247191,1.75,0.07865168539325842,1,2321044,4.61512051684126,4.61512051684126,4.499809670330265,1.6094379124341003,2.0794415416798357,1387.5,298.5,1,0,0,1,0.0,0.0,0.0,0,0.0,0.0,0.02,0.0,0.0,1.1785503830288745e-05,16,0.6931471805599453,0.0,0.0,0.6931471805599453,2.833213344056216,0.019802627296179712,115790.0,24262.5,100589.5,0.6931471805599453,0.0,-3.9219733362813143
3488000,9308822,1,0,0,1745397216,0.0,0,100,99,0,1,100,0.0,0.0,0.010101010101010102,1,5688585,4.61512051684126,4.61512051684126,4.605170185988092,0.0,0.6931471805599453,1387.5,1627.0,2,0,0,2,0.0,0.0,0.0,0,0.0,0.0,0.04567901234567901,0.0,0.0,2.691750874819034e-05,30,1.0986122886681098,0.0,0.0,1.0986122886681098,3.4339872044851463,0.044666446985569944,26680.5,5632.0,100589.5,0.6931471805599453,0.0,-3.5165082281731497
4158000,13795194,1,0,0,1749881241,0.0,0,100,95,3,2,100,0.031578947368421054,0.6666666666666666,0.021052631578947368,1,14375644,4.61512051684126,4.61512051684126,4.564348191467836,1.3862943611198906,1.0986122886681098,1387.5,1019.0,5,0,0,4,0.0,0.0,0.0,0,0.0,0.0,0.0,0.0,0.0,0.0,63,1.791759469228055,0.0,0.0,1.6094379124341003,4.1588830833596715,0.0,7577.5,133760.5,100589.5,0.6931471805599453,0.0,-3.005682604407159
2016000,13302898,1,0,0,1748756967,0.0,0,100,99,1,0,100,0.010101010101010102,0.0,0.0,0,2619643,4.61512051684126,4.61512051684126,4.605170185988092,0.6931471805599453,0.0,1387.5,2349.0,1,0,0,1,0.0,0.0,0.0,0,0.0,0.0,0.0,0.0,0.0,0.0,16,0.6931471805599453,0.0,0.0,0.6931471805599453,2.833213344056216,0.0,115790.0,133760.5,100589.5,0.6931471805599453,0.0,-3.9219733362813143
1812000,13775084,1,0,0,1750049559,0.0,0,100,100,0,0,100,0.0,0.0,0.0,0,3645602,4.61512051684126,4.61512051684126,4.61512051684126,0.0,0.0,1387.5,2349.0,2,0,0,2,0.0,0.0,0.0,0,0.0,0.0,0.0,0.0,0.0,0.0,32,1.0986122886681098,0.0,0.0,1.0986122886681098,3.4965075614664802,0.0,26680.5,133760.5,100589.5,0.6931471805599453,0.0,-3.5165082281731497
7082000,8767886,1,0,0,1749445831,0.0,0,92,87,1,4,92,0.011494252873563218,4.0,0.04597701149425287,1,22447407,4.532599493153256,4.532599493153256,4.477336814478207,0.6931471805599453,1.6094379124341003,2790.5,551.0,2,0,0,2,0.0,0.0,0.0,0,0.0,0.0,0.0,0.0,0.0,0.0,32,1.0986122886681098,0.0,0.0,1.0986122886681098,3.4965075614664802,0.0,26680.5,133760.5,100589.5,0.6931471805599453,0.0,-3.4339872044851463
7020000,9880080,1,0,0,1748056955,0.0,0,100,92,6,2,100,0.06521739130434782,0.3333333333333333,0.021739130434782608,1,4296171,4.61512051684126,4.61512051684126,4.532599493153256,1.9459101490553132,1.0986122886681098,1387.5,959.0,1,0,0,1,0.0,0.0,0.0,0,0.0,0.0,0.0,0.0,0.0,0.0,16,0.6931471805599453,0.0,0.0,0.6931471805599453,2.833213344056216,0.0,115790.0,133760.5,100589.5,0.6931471805599453,0.0,-3.9219733362813143
2370000,64468,1,0,0,1749534360,0.0,0,100,99,1,0,100,0.010101010101010102,0.0,0.0,0,6628654,4.61512051684126,4.61512051684126,4.605170185988092,0.6931471805599453,0.0,1387.5,2349.0,1,0,0,1,0.0,0.0,0.0,0,0.0,0.0,0.0,0.0,0.0,0.0,16,0.6931471805599453,0.0,0.0,0.6931471805599453,2.833213344056216,0.0,115790.0,133760.5,100589.5,0.6931471805599453,0.0,-3.9219733362813143
7138000,3036761,1,0,0,1749376803,0.0,0,100,100,0,0,100,0.0,0.0,0.0,0,1780484,4.61512051684126,4.61512051684126,4.61512051684126,0.0,0.0,1387.5,2349.0,1,0,0,1,0.0,0.0,0.0,0,0.0,0.0,0.0,0.0,0.0,0.0,16,0.6931471805599453,0.0,0.0,0.6931471805599453,2.833213344056216,0.0,115790.0,133760.5,100589.5,0.6931471805599453,0.0,-3.9219733362813143
7934000,11182716,1,0,0,1750125843,0.0,0,100,99,0,1,100,0.0,0.0,0.010101010101010102,1,3305957,4.61512051684126,4.61512051684126,4.605170185988092,0.0,0.6931471805599453,1387.5,1627.0,1,0,0,1,0.0,0.0,0.0,0,0.0,0.0,0.0,0.0,0.0,0.0,16,0.6931471805599453,0.0,0.0,0.6931471805599453,2.833213344056216,0.0,115790.0,133760.5,100589.5,0.6931471805599453,0.0,-3.9219733362813143
3676000,4513845,1,0,0,1748429713,0.0,0,100,96,1,3,100,0.010416666666666666,3.0,0.03125,1,5276922,4.61512051684126,4.61512051684126,4.574710978503383,0.6931471805599453,1.3862943611198906,1387.5,834.0,2,0,0,2,0.0,0.0,0.0,0,0.0,0.0,0.0,0.0,0.0,0.0,27,1.0986122886681098,0.0,0.0,1.0986122886681098,3.332204510175204,0.0,26680.5,133760.5,100589.5,0.6931471805599453,0.0,-3.5165082281731497
5332000,5208105,1,0,0,1747023156,0.0,0,100,99,1,0,100,0.010101010101010102,0.0,0.0,0,3140558,4.61512051684126,4.61512051684126,4.605170185988092,0.6931471805599453,0.0,1387.5,2349.0,9,0,0,9,0.0,0.0,0.0,0,1.0,0.0,0.0843332742526291,0.0005892751915144372,0.0,4.9695506336257574e-05,136,2.302585092994046,0.0,0.0,2.302585092994046,4.919980925828125,0.08096530433736308,1727.5,1767.0,100589.5,0.6931471805599453,0.0,-2.312535423847214
7260000,1989750,1,0,0,1750420219,0.0,0,100,100,0,0,99,0.0,0.0,0.0,0,1572809,4.61512051684126,4.605170185988092,4.61512051684126,0.0,0.0,1387.5,2349.0,1,0,0,1,0.0,0.0,0.0,0,0.0,0.0,0.0,0.0,0.0,0.0,16,0.6931471805599453,0.0,0.0,0.6931471805599453,2.833213344056216,0.0,115790.0,133760.5,100589.5,0.6931471805599453,0.0,-3.9120230054281464
5434000,8969719,1,0,0,1746916723,0.0,0,100,99,1,0,100,0.010101010101010102,0.0,0.0,0,2839232,4.61512051684126,4.61512051684126,4.605170185988092,0.6931471805599453,0.0,1387.5,2349.0,2,0,0,2,0.0,0.0,0.0,0,0.0,0.0,0.0,0.0,0.0,0.0,32,1.0986122886681098,0.0,0.0,1.0986122886681098,3.4965075614664802,0.0,26680.5,133760.5,100589.5,0.6931471805599453,0.0,-3.5165082281731497
10050000,5227259,1,0,0,1748417619,0.0,0,100,93,6,1,100,0.06451612903225806,0.16666666666666666,0.010752688172043012,1,5001237,4.61512051684126,4.61512051684126,4.543294782270004,1.9459101490553132,0.6931471805599453,1387.5,1272.5,25,0,0,25,0.0,0.0,0.0,0,0.0,0.0,0.0,0.0,0.0,0.0,360,3.258096538021482,0.0,0.0,3.258096538021482,5.8888779583328805,0.0,185.5,133760.5,100589.5,0.6931471805599453,0.0,-1.3570239788197775
9744000,233086,1,0,0,1750245631,0.0,0,100,98,1,1,100,0.01020408163265306,1.0,0.01020408163265306,1,9347401,4.61512051684126,4.61512051684126,4.59511985013459,0.6931471805599453,0.6931471805599453,1387.5,1497.0,1,0,0,1,0.0,0.0,0.0,0,0.0,0.0,0.0,0.0,0.0,0.0,16,0.6931471805599453,0.0,0.0,0.6931471805599453,2.833213344056216,0.0,115790.0,133760.5,100589.5,0.6931471805599453,0.0,-3.9219733362813143
8056000,14423644,1,0,0,1746587216,0.0,0,100,93,4,3,100,0.043010752688172046,0.75,0.03225806451612903,1,3727713,4.61512051684126,4.61512051684126,4.543294782270004,1.6094379124341003,1.3862943611198906,1387.5,742.0,13,0,0,13,0.0,0.0,0.0,0,0.0,0.0,0.07523450468940433,0.0,0.0,4.4333827159342564e-05,199,2.6390573296152584,0.0,0.0,2.6390573296152584,5.298317366548036,0.07253878168682619,841.0,2207.0,100589.5,0.6931471805599453,0.0,-1.9760631872260013
7056000,4582595,1,0,0,1748513771,0.0,0,100,99,1,0,100,0.010101010101010102,0.0,0.0,0,4821091,4.61512051684126,4.61512051684126,4.605170185988092,0.6931471805599453,0.0,1387.5,2349.0,1,0,0,1,0.0,0.0,0.0,0,0.0,0.0,0.0,0.0,0.0,0.0,16,0.6931471805599453,0.0,0.0,0.6931471805599453,2.833213344056216,0.0,115790.0,133760.5,100589.5,0.6931471805599453,0.0,-3.9219733362813143
270000,7314886,1,0,0,1748822042,0.0,0,100,86,12,2,100,0.13953488372093023,0.16666666666666666,0.023255813953488372,1,9812700,4.61512051684126,4.61512051684126,4.465908118654584,2.5649493574615367,1.0986122886681098,1387.5,913.5,4,0,0,4,0.0,0.0,0.0,0,0.0,0.0,0.0,0.0,0.0,0.0,64,1.6094379124341003,0.0,0.0,1.6094379124341003,4.174387269895637,0.0,7577.5,133760.5,100589.5,0.6931471805599453,0.0,-3.005682604407159
4790000,6162751,1,0,0,1748218082,0.0,0,100,99,1,0,100,0.010101010101010102,0.0,0.0,0,2672446,4.61512051684126,4.61512051684126,4.605170185988092,0.6931471805599453,0.0,1387.5,2349.0,2,0,0,2,0.0,0.0,0.0,0,0.0,0.0,0.0,0.0,0.0,0.0,32,1.0986122886681098,0.0,0.0,1.0986122886681098,3.4965075614664802,0.0,26680.5,133760.5,100589.5,0.6931471805599453,0.0,-3.5165082281731497
5820000,15754345,1,0,0,1749229891,0.0,0,100,99,0,1,99,0.0,0.0,0.010101010101010102,1,5186213,4.61512051684126,4.605170185988092,4.605170185988092,0.0,0.6931471805599453,1387.5,1627.0,1,0,0,1,0.0,0.0,0.0,0,0.0,0.0,0.0,0.0,0.0,0.0,9,0.6931471805599453,0.0,0.0,0.6931471805599453,2.302585092994046,0.0,115790.0,133760.5,100589.5,0.6931471805599453,0.0,-3.9120230054281464
3046000,542947,1,0,0,1745758893,0.0,0,100,92,4,4,100,0.043478260869565216,1.0,0.043478260869565216,1,4252129,4.61512051684126,4.61512051684126,4.532599493153256,1.6094379124341003,1.6094379124341003,1387.5,582.5,1,0,0,1,0.0,0.0,0.0,0,0.0,0.0,0.014492753623188406,0.0,0.0,8.540220166875902e-06,16,0.6931471805599453,0.0,0.0,0.6931471805599453,2.833213344056216,0.014388737452099606,115790.0,39705.5,100589.5,0.6931471805599453,0.0,-3.9219733362813143
6018000,5031005,1,0,0,1751403962,0.0,0,100,100,0,0,100,0.0,0.0,0.0,0,1415158,4.61512051684126,4.61512051684126,4.61512051684126,0.0,0.0,1387.5,2349.0,1,0,0,1,0.0,0.0,0.0,0,0.0,0.0,0.0,0.0,0.0,0.0,16,0.6931471805599453,0.0,0.0,0.6931471805599453,2.833213344056216,0.0,115790.0,133760.5,100589.5,0.6931471805599453,0.0,-3.9219733362813143
322000,12753499,1,0,0,1747715867,0.0,0,100,98,1,1,100,0.01020408163265306,1.0,0.01020408163265306,1,2586163,4.61512051684126,4.61512051684126,4.59511985013459,0.6931471805599453,0.6931471805599453,1387.5,1497.0,1,0,0,1,0.0,0.0,0.0,0,0.0,0.0,0.0,0.0,0.0,0.0,16,0.6931471805599453,0.0,0.0,0.6931471805599453,2.833213344056216,0.0,115790.0,133760.5,100589.5,0.6931471805599453,0.0,-3.9219733362813143
10000,10154148,1,0,0,1749564857,0.0,0,100,99,1,0,100,0.010101010101010102,0.0,0.0,0,3468630,4.61512051684126,4.61512051684126,4.605170185988092,0.6931471805599453,0.0,1387.5,2349.0,3,0,0,3,0.0,0.0,0.0,0,0.0,0.0,0.0,0.0,0.0,0.0,42,1.3862943611198906,0.0,0.0,1.3862943611198906,3.7612001156935624,0.0,12635.5,133760.5,100589.5,0.6931471805599453,0.0,-3.228826155721369
9434000,12204922,1,0,0,1742791130,0.0,0,100,96,0,4,100,0.0,0.0,0.041666666666666664,1,7081776,4.61512051684126,4.61512051684126,4.574710978503383,0.0,1.6094379124341003,1387.5,665.5,1,0,0,1,0.0,0.0,0.0,0,0.0,0.0,0.027777777777777776,0.0,0.0,1.6368755319845477e-05,10,0.6931471805599453,0.0,0.0,0.6931471805599453,2.3978952727983707,0.02739897418811444,115790.0,13935.0,100589.5,0.6931471805599453,0.0,-3.9219733362813143
4308000,2727711,1,0,0,1747384769,0.0,0,100,100,0,0,100,0.0,0.0,0.0,0,3289403,4.61512051684126,4.61512051684126,4.61512051684126,0.0,0.0,1387.5,2349.0,1,0,0,1,0.0,0.0,0.0,0,0.0,0.0,0.0,0.0,0.0,0.0,16,0.6931471805599453,0.0,0.0,0.6931471805599453,2.833213344056216,0.0,115790.0,133760.5,100589.5,0.6931471805599453,0.0,-3.9219733362813143
4056000,9526398,1,0,0,1747047639,0.0,0,100,98,0,2,100,0.0,0.0,0.02040816326530612,1,5555227,4.61512051684126,4.61512051684126,4.59511985013459,0.0,1.0986122886681098,1387.5,1177.0,4,0,1,5,0.0,0.0,0.25,0,0.0,0.0,0.11601731601731602,0.0,0.0,6.836612611509488e-05,72,1.6094379124341003,0.0,0.6931471805599453,1.791759469228055,4.290459441148391,0.10976637998329347,5102.5,933.0,3561.0,0.6931471805599453,0.0,-2.8233610476132047
7348000,3711660,1,0,0,1744621267,0.0,0,100,95,2,3,100,0.021052631578947368,1.5,0.031578947368421054,1,5839334,4.61512051684126,4.61512051684126,4.564348191467836,1.0986122886681098,1.3862943611198906,1387.5,792.5,1,0,0,1,0.0,0.0,0.0,0,0.0,0.0,0.0196078431372549,0.0,0.0,1.1554415519890927e-05,16,0.6931471805599453,0.0,0.0,0.6931471805599453,2.833213344056216,0.019418085857101582,115790.0,24986.5,100589.5,0.6931471805599453,0.0,-3.9219733362813143
2404000,9160995,1,0,0,1745905847,0.0,0,100,87,4,9,100,0.04597701149425287,2.25,0.10344827586206896,1,7557965,4.61512051684126,4.61512051684126,4.477336814478207,1.6094379124341003,2.302585092994046,1387.5,193.5,1,0,0,1,0.0,0.0,0.0,0,0.0,0.0,0.014705882352941176,0.0,0.0,8.665811639918195e-06,16,0.6931471805599453,0.0,0.0,0.6931471805599453,2.833213344056216,0.014598799421152683,115790.0,38785.5,100589.5,0.6931471805599453,0.0,-3.9219733362813143
8190000,5209530,1,0,0,1751862120,0.0,0,100,97,0,3,99,0.0,0.0,0.030927835051546393,1,9705006,4.61512051684126,4.605170185988092,4.584967478670572,0.0,1.3862943611198906,1387.5,873.5,9,1,0,10,0.1111111111111111,0.0,0.0,0,0.0,0.0,0.06964636324461237,0.0,0.0,4.104087403925302e-05,160,2.302585092994046,0.6931471805599453,0.0,2.3978952727983707,5.081404364984463,0.06732809220556173,1420.5,2487.0,100589.5,0.6931471805599453,0.0,-2.207274913189721
5330000,8560666,1,0,0,1748111919,0.0,0,100,100,0,0,100,0.0,0.0,0.0,0,4838431,4.61512051684126,4.61512051684126,4.61512051684126,0.0,0.0,1387.5,2349.0,1,0,0,1,0.0,0.0,0.0,0,0.0,0.0,0.0,0.0,0.0,0.0,16,0.6931471805599453,0.0,0.0,0.6931471805599453,2.833213344056216,0.0,115790.0,133760.5,100589.5,0.6931471805599453,0.0,-3.9219733362813143
1310000,11732887,1,0,0,1749802383,0.0,0,100,99,1,0,100,0.010101010101010102,0.0,0.0,0,5813359,4.61512051684126,4.61512051684126,4.605170185988092,0.6931471805599453,0.0,1387.5,2349.0,17,0,0,15,0.0,0.0,0.0,0,0.0,0.0,0.05107488670319677,0.0,0.0,3.0097163643604462e-05,266,2.8903717578961645,0.0,0.0,2.772588722239781,5.58724865840025,0.049813342166345455,629.0,4576.0,100589.5,0.6931471805599453,0.0,-1.8425317946014785
9128000,9436603,1,0,0,1750426027,0.0,0,100,100,0,0,100,0.0,0.0,0.0,0,4319383,4.61512051684126,4.61512051684126,4.61512051684126,0.0,0.0,1387.5,2349.0,1,0,0,1,0.0,0.0,0.0,0,0.0,0.0,0.0,0.0,0.0,0.0,16,0.6931471805599453,0.0,0.0,0.6931471805599453,2.833213344056216,0.0,115790.0,133760.5,100589.5,0.6931471805599453,0.0,-3.9219733362813143
10102000,14089123,1,0,0,1748094013,0.0,0,100,98,2,0,100,0.02040816326530612,0.0,0.0,0,2160350,4.61512051684126,4.61512051684126,4.59511985013459,1.0986122886681098,0.0,1387.5,2349.0,1,0,0,1,0.0,0.0,0.0,0,0.0,0.0,0.0,0.0,0.0,0.0,16,0.6931471805599453,0.0,0.0,0.6931471805599453,2.833213344056216,0.0,115790.0,133760.5,100589.5,0.6931471805599453,0.0,-3.9219733362813143
8082000,1078822,1,0,0,1748701828,0.0,0,53,52,0,1,53,0.0,0.0,0.019230769230769232,1,1037198,3.9889840465642745,3.9889840465642745,3.970291913552122,0.0,0.6931471805599453,2863.0,1215.0,1,0,0,1,0.0,0.0,0.0,0,0.0,0.0,0.0,0.0,0.0,0.0,16,0.6931471805599453,0.0,0.0,0.6931471805599453,2.833213344056216,0.0,115790.0,133760.5,100589.5,0.6931471805599453,0.0,-3.295836866004329
8520000,2764242,1,0,0,1748269794,0.0,0,100,96,4,0,100,0.041666666666666664,0.0,0.0,0,4227083,4.61512051684126,4.61512051684126,4.574710978503383,1.6094379124341003,0.0,1387.5,2349.0,2,0,0,2,0.0,0.0,0.0,0,0.0,0.0,0.0,0.0,0.0,0.0,32,1.0986122886681098,0.0,0.0,1.0986122886681098,3.4965075614664802,0.0,26680.5,133760.5,100589.5,0.6931471805599453,0.0,-3.5165082281731497
5210000,13391009,1,0,0,1742961927,0.0,0,100,86,1,13,100,0.011627906976744186,13.0,0.1511627906976744,1,7836859,4.61512051684126,4.61512051684126,4.465908118654584,0.6931471805599453,2.6390573296152584,1387.5,106.0,1,0,0,1,0.0,0.0,0.0,0,0.0,0.0,0.011764705882352941,0.0,0.0,6.932649311934555e-06,16,0.6931471805599453,0.0,0.0,0.6931471805599453,2.833213344056216,0.011696039763191278,115790.0,57837.0,100589.5,0.6931471805599453,0.0,-3.9219733362813143
4222000,3626344,1,0,0,1748402145,0.0,0,100,96,4,0,100,0.041666666666666664,0.0,0.0,0,4627890,4.61512051684126,4.61512051684126,4.574710978503383,1.6094379124341003,0.0,1387.5,2349.0,5,1,0,6,0.2,0.0,0.0,0,0.0,0.0,0.0,0.0,0.0,0.0,95,1.791759469228055,0.6931471805599453,0.0,1.9459101490553132,4.564348191467836,0.0,3676.0,133760.5,100589.5,0.6931471805599453,0.0,-2.6692103677859462
7270000,13084546,1,0,0,1747210788,0.0,0,100,98,2,0,100,0.02040816326530612,0.0,0.0,0,5451454,4.61512051684126,4.61512051684126,4.59511985013459,1.0986122886681098,0.0,1387.5,2349.0,1,0,0,1,0.0,0.0,0.0,0,0.0,0.0,0.0,0.0,0.0,0.0,16,0.6931471805599453,0.0,0.0,0.6931471805599453,2.833213344056216,0.0,115790.0,133760.5,100589.5,0.6931471805599453,0.0,-3.9219733362813143
8402000,3376894,1,0,0,1748664182,0.0,0,100,99,0,1,100,0.0,0.0,0.010101010101010102,1,3544739,4.61512051684126,4.61512051684126,4.605170185988092,0.0,0.6931471805599453,1387.5,1627.0,3,0,0,3,0.0,0.0,0.0,0,0.0,0.0,0.0196078431372549,0.0,0.0,1.1554415519890927e-05,48,1.3862943611198906,0.0,0.0,1.3862943611198906,3.8918202981106265,0.019418085857101582,12635.5,24986.5,100589.5,0.6931471805599453,0.0,-3.228826155721369
6354000,7371845,1,0,0,1747611398,0.0,0,100,91,2,7,100,0.02197802197802198,3.5,0.07692307692307693,1,2415661,4.61512051684126,4.61512051684126,4.5217885770490405,1.0986122886681098,2.0794415416798357,1387.5,318.0,1,0,0,1,0.0,0.0,0.0,0,0.0,0.0,0.014705882352941176,0.0,0.0,8.665811639918195e-06,16,0.6931471805599453,0.0,0.0,0.6931471805599453,2.833213344056216,0.014598799421152683,115790.0,38785.5,100589.5,0.6931471805599453,0.0,-3.9219733362813143
2526000,4743285,1,0,0,1746501976,0.0,0,100,100,0,0,100,0.0,0.0,0.0,0,2451414,4.61512051684126,4.61512051684126,4.61512051684126,0.0,0.0,1387.5,2349.0,2,0,0,2,0.0,0.0,0.0,0,0.0,0.0,0.022222222222222223,0.0,0.0,1.3095004255876383e-05,24,1.0986122886681098,0.0,0.0,1.0986122886681098,3.2188758248682006,0.021978906718775244,26680.5,20648.5,100589.5,0.6931471805599453,0.0,-3.5165082281731497
1494000,4216282,1,0,0,1746818983,0.0,0,100,97,2,1,100,0.020618556701030927,0.5,0.010309278350515464,1,3154294,4.61512051684126,4.61512051684126,4.584967478670572,1.0986122886681098,0.6931471805599453,1387.5,1403.0,1,0,0,1,0.0,0.0,0.0,0,0.0,0.0,0.015151515151515152,0.0,0.0,8.928411992642989e-06,16,0.6931471805599453,0.0,0.0,0.6931471805599453,2.833213344056216,0.015037877364540516,115790.0,36747.5,100589.5,0.6931471805599453,0.0,-3.9219733362813143
2942000,717067,1,0,0,1746762559,0.0,0,100,81,6,13,100,0.07407407407407407,2.1666666666666665,0.16049382716049382,1,3108285,4.61512051684126,4.61512051684126,4.406719247264253,1.9459101490553132,2.6390573296152584,1387.5,98.5,2,0,0,2,0.0,0.0,0.0,0,0.0,0.0,0.010869565217391304,0.0,0.0,6.405165125156926e-06,32,1.0986122886681098,0.0,0.0,1.0986122886681098,3.4965075614664802,0.010810916104215628,26680.5,66299.0,100589.5,0.6931471805599453,0.0,-3.5165082281731497
356000,1645491,1,0,0,1746368910,0.0,0,100,98,1,1,100,0.01020408163265306,1.0,0.01020408163265306,1,4449940,4.61512051684126,4.61512051684126,4.59511985013459,0.6931471805599453,0.6931471805599453,1387.5,1497.0,1,0,0,1,0.0,0.0,0.0,0,0.0,0.0,0.05,0.0,0.0,2.9463759575721862e-05,16,0.6931471805599453,0.0,0.0,0.6931471805599453,2.833213344056216,0.04879016416943201,115790.0,4810.0,100589.5,0.6931471805599453,0.0,-3.9219733362813143
9554000,15203249,1,0,0,1748659011,0.0,0,100,97,3,0,100,0.030927835051546393,0.0,0.0,0,1919203,4.61512051684126,4.61512051684126,4.584967478670572,1.3862943611198906,0.0,1387.5,2349.0,24,0,0,24,0.0,0.0,0.0,0,0.0,0.0,0.0,0.0,0.0,0.0,359,3.2188758248682006,0.0,0.0,3.2188758248682006,5.886104031450156,0.0,207.0,133760.5,100589.5,0.6931471805599453,0.0,-1.3962446919730591
3028000,13424489,1,0,0,1748642139,0.0,0,100,99,1,0,100,0.010101010101010102,0.0,0.0,0,1643950,4.61512051684126,4.61512051684126,4.605170185988092,0.6931471805599453,0.0,1387.5,2349.0,1,0,0,1,0.0,0.0,0.0,0,0.0,0.0,0.0,0.0,0.0,0.0,16,0.6931471805599453,0.0,0.0,0.6931471805599453,2.833213344056216,0.0,115790.0,133760.5,100589.5,0.6931471805599453,0.0,-3.9219733362813143
6208000,3270986,1,0,0,1747185822,0.0,0,100,97,2,1,94,0.020618556701030927,0.5,0.010309278350515464,1,2846177,4.61512051684126,4.553876891600541,4.584967478670572,1.0986122886681098,0.6931471805599453,1387.5,1403.0,5,0,0,5,0.0,0.0,0.0,0,0.0,0.0,0.0,0.0,0.0,0.0,80,1.791759469228055,0.0,0.0,1.791759469228055,4.394449154672439,0.0,5102.5,133760.5,100589.5,0.6931471805599453,0.0,-2.762117422372486
10034000,2825184,1,0,0,1747202173,0.0,0,100,96,4,0,100,0.041666666666666664,0.0,0.0,0,3543175,4.61512051684126,4.61512051684126,4.574710978503383,1.6094379124341003,0.0,1387.5,2349.0,1,0,0,1,0.0,0.0,0.0,0,0.0,0.0,0.0,0.0,0.0,0.0,16,0.6931471805599453,0.0,0.0,0.6931471805599453,2.833213344056216,0.0,115790.0,133760.5,100589.5,0.6931471805599453,0.0,-3.9219733362813143
8992000,15431195,1,0,0,1748694352,0.0,0,100,91,5,4,100,0.054945054945054944,0.8,0.04395604395604396,1,2723793,4.61512051684126,4.61512051684126,4.5217885770490405,1.791759469228055,1.6094379124341003,1387.5,571.0,9,0,0,9,0.0,0.0,0.0,0,0.0,0.0,0.0,0.0,0.0,0.0,143,2.302585092994046,0.0,0.0,2.302585092994046,4.969813299576001,0.0,1727.5,133760.5,100589.5,0.6931471805599453,0.0,-2.312535423847214
6974000,235608,1,0,0,1745895818,0.0,0,100,98,0,2,100,0.0,0.0,0.02040816326530612,1,6731947,4.61512051684126,4.61512051684126,4.59511985013459,0.0,1.0986122886681098,1387.5,1177.0,1,0,0,1,0.0,0.0,0.0,0,0.0,0.0,0.0,0.0,0.0,0.0,16,0.6931471805599453,0.0,0.0,0.6931471805599453,2.833213344056216,0.0,115790.0,133760.5,100589.5,0.6931471805599453,0.0,-3.9219733362813143
616000,10397760,1,0,0,1748863449,0.0,0,100,100,0,0,100,0.0,0.0,0.0,0,8401389,4.61512051684126,4.61512051684126,4.61512051684126,0.0,0.0,1387.5,2349.0,2,0,0,2,0.0,0.0,0.0,0,0.0,0.0,0.0,0.0,0.0,0.0,32,1.0986122886681098,0.0,0.0,1.0986122886681098,3.4965075614664802,0.0,26680.5,133760.5,100589.5,0.6931471805599453,0.0,-3.5165082281731497
5326000,3116579,1,0,0,1747284197,0.0,0,100,100,0,0,100,0.0,0.0,0.0,0,5539358,4.61512051684126,4.61512051684126,4.61512051684126,0.0,0.0,1387.5,2349.0,1,0,0,1,0.0,0.0,0.0,0,0.0,0.0,0.0,0.0,0.0,0.0,16,0.6931471805599453,0.0,0.0,0.6931471805599453,2.833213344056216,0.0,115790.0,133760.5,100589.5,0.6931471805599453,0.0,-3.9219733362813143
6268000,11218450,1,0,0,1745703204,0.0,0,100,98,1,1,100,0.01020408163265306,1.0,0.01020408163265306,1,6188189,4.61512051684126,4.61512051684126,4.59511985013459,0.6931471805599453,0.6931471805599453,1387.5,1497.0,3,0,0,3,0.0,0.0,0.0,0,0.0,0.0,0.11363636363636365,0.0,0.0,6.696308994482243e-05,48,1.3862943611198906,0.0,0.0,1.3862943611198906,3.8918202981106265,0.10763066419236546,12635.5,967.0,100589.5,0.6931471805599453,0.0,-3.228826155721369
6168000,10412769,1,0,0,1747098740,0.0,0,100,97,3,0,100,0.030927835051546393,0.0,0.0,0,4821337,4.61512051684126,4.61512051684126,4.584967478670572,1.3862943611198906,0.0,1387.5,2349.0,6,0,0,6,0.0,0.0,0.0,0,0.0,0.0,0.0,0.0,0.0,0.0,95,1.9459101490553132,0.0,0.0,1.9459101490553132,4.564348191467836,0.0,3676.0,133760.5,100589.5,0.6931471805599453,0.0,-2.6692103677859462
3296000,11988832,1,0,0,1750540261,0.0,0,100,100,0,0,100,0.0,0.0,0.0,0,2474519,4.61512051684126,4.61512051684126,4.61512051684126,0.0,0.0,1387.5,2349.0,1,0,0,1,0.0,0.0,0.0,0,0.0,0.0,0.0,0.0,0.0,0.0,12,0.6931471805599453,0.0,0.0,0.6931471805599453,2.5649493574615367,0.0,115790.0,133760.5,100589.5,0.6931471805599453,0.0,-3.9219733362813143
5272000,15810421,1,0,0,1747969554,0.0,0,100,100,0,0,100,0.0,0.0,0.0,0,1976095,4.61512051684126,4.61512051684126,4.61512051684126,0.0,0.0,1387.5,2349.0,1,0,0,1,0.0,0.0,0.0,0,0.0,0.0,0.0,0.0,0.0,0.0,15,0.6931471805599453,0.0,0.0,0.6931471805599453,2.772588722239781,0.0,115790.0,133760.5,100589.5,0.6931471805599453,0.0,-3.9219733362813143
9978000,11372593,1,0,0,1744585389,0.0,0,100,81,17,2,100,0.20987654320987653,0.11764705882352941,0.024691358024691357,1,12856538,4.61512051684126,4.61512051684126,4.406719247264253,2.8903717578961645,1.0986122886681098,1387.5,906.0,1,0,0,1,0.0,0.0,0.0,0,0.0,0.0,0.01020408163265306,0.0,0.0,6.013012158310583e-06,16,0.6931471805599453,0.0,0.0,0.6931471805599453,2.833213344056216,0.010152371464018007,115790.0,72117.5,100589.5,0.6931471805599453,0.0,-3.9219733362813143
9202000,11541122,1,0,0,1746693713,0.0,0,100,99,1,0,100,0.010101010101010102,0.0,0.0,0,2652282,4.61512051684126,4.61512051684126,4.605170185988092,0.6931471805599453,0.0,1387.5,2349.0,2,0,0,2,0.0,0.0,0.0,0,0.0,0.0,0.011764705882352941,0.0,0.0,6.932649311934555e-06,32,1.0986122886681098,0.0,0.0,1.0986122886681098,3.4965075614664802,0.011696039763191278,26680.5,57837.0,100589.5,0.6931471805599453,0.0,-3.5165082281731497
8032000,6609857,1,0,0,1750871317,0.0,0,100,100,0,0,100,0.0,0.0,0.0,0,3113898,4.61512051684126,4.61512051684126,4.61512051684126,0.0,0.0,1387.5,2349.0,4,0,0,4,0.0,0.0,0.0,0,0.0,0.0,0.0,0.0,0.0,0.0,57,1.6094379124341003,0.0,0.0,1.6094379124341003,4.060443010546419,0.0,7577.5,133760.5,100589.5,0.6931471805599453,0.0,-3.005682604407159
6612000,1241214,1,0,0,1748849152,0.0,0,100,95,2,3,100,0.021052631578947368,1.5,0.031578947368421054,1,1810348,4.61512051684126,4.61512051684126,4.564348191467836,1.0986122886681098,1.3862943611198906,1387.5,792.5,1,0,0,1,0.0,0.0,0.0,0,0.0,0.0,0.0,0.0,0.0,0.0,16,0.6931471805599453,0.0,0.0,0.6931471805599453,2.833213344056216,0.0,115790.0,133760.5,100589.5,0.6931471805599453,0.0,-3.9219733362813143
3606000,10830126,1,0,0,1749114600,0.0,0,100,79,21,0,100,0.26582278481012656,0.0,0.0,0,5088922,4.61512051684126,4.61512051684126,4.382026634673881,3.091042453358316,0.0,1387.5,2349.0,1,0,0,1,0.0,0.0,0.0,0,0.0,0.0,0.0,0.0,0.0,0.0,11,0.6931471805599453,0.0,0.0,0.6931471805599453,2.4849066497880004,0.0,115790.0,133760.5,100589.5,0.6931471805599453,0.0,-3.9219733362813143
4732000,907774,1,0,0,1748117638,0.0,0,100,98,2,0,100,0.02040816326530612,0.0,0.0,0,2585909,4.61512051684126,4.61512051684126,4.59511985013459,1.0986122886681098,0.0,1387.5,2349.0,2,0,0,2,0.0,0.0,0.0,0,0.0,0.0,0.0,0.0,0.0,0.0,32,1.0986122886681098,0.0,0.0,1.0986122886681098,3.4965075614664802,0.0,26680.5,133760.5,100589.5,0.6931471805599453,0.0,-3.5165082281731497
9896000,1867562,1,0,0,1743229771,0.0,0,100,88,0,12,100,0.0,0.0,0.13636363636363635,1,6613000,4.61512051684126,4.61512051684126,4.48863636973214,0.0,2.5649493574615367,1387.5,129.0,1,0,0,1,0.0,0.0,0.0,0,0.0,0.0,0.011363636363636364,0.0,0.0,6.696308994482241e-06,16,0.6931471805599453,0.0,0.0,0.6931471805599453,2.833213344056216,0.011299555253933367,115790.0,61498.0,100589.5,0.6931471805599453,0.0,-3.9219733362813143
2884000,15838802,1,0,0,1749881670,0.0,0,89,87,1,1,89,0.011494252873563218,1.0,0.011494252873563218,1,17275612,4.499809670330265,4.499809670330265,4.477336814478207,0.6931471805599453,0.6931471805599453,2792.0,1233.0,3,0,0,3,0.0,0.0,0.0,0,0.0,0.0,0.0,0.0,0.0,0.0,42,1.3862943611198906,0.0,0.0,1.3862943611198906,3.7612001156935624,0.0,12635.5,133760.5,100589.5,0.6931471805599453,0.0,-3.1135153092103742
2728000,2437651,1,0,0,1746201643,0.0,0,100,89,11,0,100,0.12359550561797752,0.0,0.0,0,4957675,4.61512051684126,4.61512051684126,4.499809670330265,2.4849066497880004,0.0,1387.5,2349.0,1,0,0,1,0.0,0.0,0.0,0,0.0,0.0,0.0,0.0,0.0,0.0,16,0.6931471805599453,0.0,0.0,0.6931471805599453,2.833213344056216,0.0,115790.0,133760.5,100589.5,0.6931471805599453,0.0,-3.9219733362813143
5666000,8300524,1,0,0,1748092166,0.0,0,100,99,1,0,100,0.010101010101010102,0.0,0.0,0,2394695,4.61512051684126,4.61512051684126,4.605170185988092,0.6931471805599453,0.0,1387.5,2349.0,4,0,0,4,0.0,0.0,0.0,0,0.0,0.0,0.0,0.0,0.0,0.0,64,1.6094379124341003,0.0,0.0,1.6094379124341003,4.174387269895637,0.0,7577.5,133760.5,100589.5,0.6931471805599453,0.0,-3.005682604407159
4786000,4086317,1,0,0,1749247102,0.0,0,100,86,8,6,100,0.09302325581395349,0.75,0.06976744186046512,1,8119131,4.61512051684126,4.61512051684126,4.465908118654584,2.1972245773362196,1.9459101490553132,1387.5,350.5,28,0,0,28,0.0,0.0,0.0,0,0.0,0.0,0.0,0.0,0.0,0.0,407,3.367295829986474,0.0,0.0,3.367295829986474,6.0112671744041615,0.0,139.5,133760.5,100589.5,0.6931471805599453,0.0,-1.2478246868547855
7896000,14304239,1,0,0,1746570477,0.0,0,100,81,13,6,100,0.16049382716049382,0.46153846153846156,0.07407407407407407,1,6535263,4.61512051684126,4.61512051684126,4.406719247264253,2.6390573296152584,1.9459101490553132,1387.5,338.0,1,0,0,1,0.0,0.0,0.0,0,0.0,0.0,0.02857142857142857,0.0,0.0,1.6836434043269635e-05,16,0.6931471805599453,0.0,0.0,0.6931471805599453,2.833213344056216,0.02817087696669632,115790.0,13217.5,100589.5,0.6931471805599453,0.0,-3.9219733362813143
3198000,15397905,1,0,0,1749739825,0.0,0,100,98,0,2,100,0.0,0.0,0.02040816326530612,1,9167521,4.61512051684126,4.61512051684126,4.59511985013459,0.0,1.0986122886681098,1387.5,1177.0,1,0,0,1,0.0,0.0,0.0,0,0.0,0.0,0.0,0.0,0.0,0.0,16,0.6931471805599453,0.0,0.0,0.6931471805599453,2.833213344056216,0.0,115790.0,133760.5,100589.5,0.6931471805599453,0.0,-3.9219733362813143
9254000,12702583,0,1,0,1742694548,0.0,0,100,85,5,10,100,0.058823529411764705,2.0,0.11764705882352941,1,7983696,4.61512051684126,4.61512051684126,4.454347296253507,1.791759469228055,2.3978952727983707,1387.5,160.0,1,1,0,2,1.0,0.0,0.0,0,0.0,0.0,0.016129032258064516,0.0,0.0,9.504438572813504e-06,32,0.6931471805599453,0.6931471805599453,0.0,1.0986122886681098,3.4965075614664802,0.01600034134644113,26680.5,32725.5,100589.5,0.0,0.6931471805599453,-3.5165082281731497
4552000,7901340,1,0,0,1749006469,0.0,0,100,100,0,0,100,0.0,0.0,0.0,0,2460067,4.61512051684126,4.61512051684126,4.61512051684126,0.0,0.0,1387.5,2349.0,14,0,1,15,0.0,0.0,0.07142857142857142,1,0.0,1.0,0.10829476077446132,0.0,0.0005892751915144372,6.381541589538086e-05,239,2.70805020110221,0.0,0.6931471805599453,2.772588722239781,5.480638923341991,0.10282258252533667,629.0,1124.0,3561.0,0.6931471805599453,0.0,-1.8425317946014785
2156000,1160801,1,0,0,1747897533,0.0,0,100,98,1,1,100,0.01020408163265306,1.0,0.01020408163265306,1,1683026,4.61512051684126,4.61512051684126,4.59511985013459,0.6931471805599453,0.6931471805599453,1387.5,1497.0,1,0,0,1,0.0,0.0,0.0,0,0.0,0.0,0.010752688172043012,0.0,0.0,6.3362923818756694e-06,16,0.6931471805599453,0.0,0.0,0.6931471805599453,2.833213344056216,0.01069528911674796,115790.0,67219.5,100589.5,0.6931471805599453,0.0,-3.9219733362813143
628000,14756817,1,0,0,1745754273,0.0,0,100,99,0,1,99,0.0,0.0,0.010101010101010102,1,3096995,4.61512051684126,4.605170185988092,4.605170185988092,0.0,0.6931471805599453,1387.5,1627.0,1,0,0,1,0.0,0.0,0.0,0,0.0,0.0,0.0,0.0,0.0,0.0,11,0.6931471805599453,0.0,0.0,0.6931471805599453,2.4849066497880004,0.0,115790.0,133760.5,100589.5,0.6931471805599453,0.0,-3.9120230054281464
2178000,10108491,1,0,0,1748576275,0.0,0,100,95,4,1,100,0.042105263157894736,0.25,0.010526315789473684,1,3600265,4.61512051684126,4.61512051684126,4.564348191467836,1.6094379124341003,0.6931471805599453,1387.5,1321.0,1,0,0,1,0.0,0.0,0.0,0,0.0,0.0,0.0,0.0,0.0,0.0,14,0.6931471805599453,0.0,0.0,0.6931471805599453,2.70805020110221,0.0,115790.0,133760.5,100589.5,0.6931471805599453,0.0,-3.9219733362813143
1668000,6236116,1,0,0,1746512003,0.0,0,100,99,1,0,99,0.010101010101010102,0.0,0.0,0,6633818,4.61512051684126,4.605170185988092,4.605170185988092,0.6931471805599453,0.0,1387.5,2349.0,1,0,0,1,0.0,0.0,0.0,0,0.0,0.0,0.0,0.0,0.0,0.0,16,0.6931471805599453,0.0,0.0,0.6931471805599453,2.833213344056216,0.0,115790.0,133760.5,100589.5,0.6931471805599453,0.0,-3.9120230054281464
9210000,6621894,1,0,0,1747116555,0.0,0,100,96,4,0,100,0.041666666666666664,0.0,0.0,0,7400758,4.61512051684126,4.61512051684126,4.574710978503383,1.6094379124341003,0.0,1387.5,2349.0,7,3,0,10,0.42857142857142855,0.0,0.0,0,0.0,0.0,0.11405894440327725,0.0,0.0,6.721210630717576e-05,156,2.0794415416798357,1.3862943611198906,0.0,2.3978952727983707,5.056245805348308,0.10801005249601474,1420.5,960.0,100589.5,0.6931471805599453,0.0,-2.217225244042889
8328000,11413953,1,0,0,1747156246,0.0,0,100,99,0,1,100,0.0,0.0,0.010101010101010102,1,4967795,4.61512051684126,4.61512051684126,4.605170185988092,0.0,0.6931471805599453,1387.5,1627.0,27,2,1,30,0.07407407407407407,0.5,0.037037037037037035,0,0.0,0.0,0.1910503883283245,0.0,0.0,0.00011258125417108102,460,3.332204510175204,1.0986122886681098,0.6931471805599453,3.4339872044851463,6.133398042996649,0.1748355970586798,116.5,301.0,3561.0,0.6931471805599453,0.0,-1.1811333123561134
7122000,3793383,1,0,0,1748776044,0.0,0,100,100,0,0,98,0.0,0.0,0.0,0,15575148,4.61512051684126,4.59511985013459,4.61512051684126,0.0,0.0,1387.5,2349.0,3,0,0,3,0.0,0.0,0.0,0,0.0,0.0,0.0,0.0,0.0,0.0,48,1.3862943611198906,0.0,0.0,1.3862943611198906,3.8918202981106265,0.0,12635.5,133760.5,100589.5,0.6931471805599453,0.0,-3.208825489014699
5160000,3395252,1,0,0,1746063054,0.0,0,100,90,5,5,100,0.05555555555555555,1.0,0.05555555555555555,1,3093496,4.61512051684126,4.61512051684126,4.51085950651685,1.791759469228055,1.791759469228055,1387.5,454.5,1,0,0,1,0.0,0.0,0.0,0,0.0,0.0,0.011363636363636364,0.0,0.0,6.696308994482241e-06,16,0.6931471805599453,0.0,0.0,0.6931471805599453,2.833213344056216,0.011299555253933367,115790.0,61498.0,100589.5,0.6931471805599453,0.0,-3.9219733362813143
5458000,7811069,1,0,0,1746823106,0.0,0,100,97,0,3,100,0.0,0.0,0.030927835051546393,1,2438234,4.61512051684126,4.61512051684126,4.584967478670572,0.0,1.3862943611198906,1387.5,873.5,3,0,0,3,0.0,0.0,0.0,0,0.0,0.0,0.062178542178542184,0.0,0.0,3.664027235034896e-05,48,1.3862943611198906,0.0,0.0,1.3862943611198906,3.8918202981106265,0.0603220275015499,12635.5,3209.0,100589.5,0.6931471805599453,0.0,-3.228826155721369
474000,9528394,1,0,0,1751946320,0.0,0,100,100,0,0,100,0.0,0.0,0.0,0,3694264,4.61512051684126,4.61512051684126,4.61512051684126,0.0,0.0,1387.5,2349.0,1,0,0,1,0.0,0.0,0.0,0,0.0,0.0,0.0,0.0,0.0,0.0,16,0.6931471805599453,0.0,0.0,0.6931471805599453,2.833213344056216,0.0,115790.0,133760.5,100589.5,0.6931471805599453,0.0,-3.9219733362813143
7078000,9360035,1,0,0,1749187947,0.0,0,100,99,1,0,100,0.010101010101010102,0.0,0.0,0,2516529,4.61512051684126,4.61512051684126,4.605170185988092,0.6931471805599453,0.0,1387.5,2349.0,2,0,0,2,0.0,0.0,0.0,0,0.0,0.0,0.0,0.0,0.0,0.0,32,1.0986122886681098,0.0,0.0,1.0986122886681098,3.4965075614664802,0.0,26680.5,133760.5,100589.5,0.6931471805599453,0.0,-3.5165082281731497
4382000,9396208,1,0,0,1748179512,0.0,0,100,98,2,0,100,0.02040816326530612,0.0,0.0,0,1875646,4.61512051684126,4.61512051684126,4.59511985013459,1.0986122886681098,0.0,1387.5,2349.0,1,0,0,1,0.0,0.0,0.0,0,0.0,0.0,0.0,0.0,0.0,0.0,16,0.6931471805599453,0.0,0.0,0.6931471805599453,2.833213344056216,0.0,115790.0,133760.5,100589.5,0.6931471805599453,0.0,-3.9219733362813143
128000,14951284,1,0,0,1740232149,0.0,0,100,84,4,12,100,0.047619047619047616,3.0,0.14285714285714285,1,11099215,4.61512051684126,4.61512051684126,4.442651256490317,1.6094379124341003,2.5649493574615367,1387.5,114.5,2,0,0,2,0.0,0.0,0.0,0,0.0,0.0,0.010416666666666666,0.0,0.0,6.138283244942054e-06,29,1.0986122886681098,0.0,0.0,1.0986122886681098,3.4011973816621555,0.010362787035546583,26680.5,69880.5,100589.5,0.6931471805599453,0.0,-3.5165082281731497
9214000,9028397,1,0,0,1747540884,0.0,0,100,68,19,13,100,0.27941176470588236,0.6842105263157895,0.19117647058823528,1,1460831,4.61512051684126,4.61512051684126,4.23410650459726,2.995732273553991,2.6390573296152584,1387.5,68.0,4,3,0,7,0.75,0.0,0.0,0,0.0,0.0,0.03956393368158074,0.0,0.0,2.3314044597277982e-05,112,1.6094379124341003,1.3862943611198906,0.0,2.0794415416798357,4.727387818712341,0.03880133068780585,2788.0,7734.0,100589.5,0.6931471805599453,0.0,-2.535678975161424
602000,10112099,1,0,0,1738934264,0.0,0,100,93,1,6,100,0.010752688172043012,6.0,0.06451612903225806,1,17448073,4.61512051684126,4.61512051684126,4.543294782270004,0.6931471805599453,1.9459101490553132,1387.5,395.5,9,0,0,9,0.0,0.0,0.0,0,0.0,0.0,0.08054385315886144,0.0,0.0,4.746249449549878e-05,144,2.302585092994046,0.0,0.0,2.302585092994046,4.976733742420574,0.07746448212812952,1727.5,1971.0,100589.5,0.6931471805599453,0.0,-2.312535423847214
1578000,2539459,1,0,0,1749543380,0.0,0,100,77,13,10,100,0.16883116883116883,0.7692307692307693,0.12987012987012986,1,6224973,4.61512051684126,4.61512051684126,4.356708826689592,2.6390573296152584,2.3978952727983707,1387.5,134.5,3,0,0,3,0.0,0.0,0.0,0,0.0,0.0,0.0,0.0,0.0,0.0,28,1.3862943611198906,0.0,0.0,1.3862943611198906,3.367295829986474,0.0,12635.5,133760.5,100589.5,0.6931471805599453,0.0,-3.228826155721369
2032000,4151258,1,0,0,1747707902,0.0,0,100,95,5,0,100,0.05263157894736842,0.0,0.0,0,4138631,4.61512051684126,4.61512051684126,4.564348191467836,1.791759469228055,0.0,1387.5,2349.0,1,0,0,1,0.0,0.0,0.0,0,0.0,0.0,0.0,0.0,0.0,0.0,16,0.6931471805599453,0.0,0.0,0.6931471805599453,2.833213344056216,0.0,115790.0,133760.5,100589.5,0.6931471805599453,0.0,-3.9219733362813143
9152000,10127655,1,0,0,1748341102,0.0,0,100,94,4,2,97,0.0425531914893617,0.5,0.02127659574468085,1,14430456,4.61512051684126,4.584967478670572,4.553876891600541,1.6094379124341003,1.0986122886681098,1387.5,996.5,21,0,0,21,0.0,0.0,0.0,0,0.0,0.0,0.0,0.0,0.0,0.0,332,3.091042453358316,0.0,0.0,3.091042453358316,5.808142489980444,0.0,297.5,133760.5,100589.5,0.6931471805599453,0.0,-1.4939250253122562
4814000,8220684,1,0,0,1748253876,0.0,0,100,98,1,1,100,0.01020408163265306,1.0,0.01020408163265306,1,5584346,4.61512051684126,4.61512051684126,4.59511985013459,0.6931471805599453,0.6931471805599453,1387.5,1497.0,1,0,0,1,0.0,0.0,0.0,0,0.0,0.0,0.0,0.0,0.0,0.0,16,0.6931471805599453,0.0,0.0,0.6931471805599453,2.833213344056216,0.0,115790.0,133760.5,100589.5,0.6931471805599453,0.0,-3.9219733362813143
8444000,3108900,1,0,0,1748440352,0.0,0,100,98,0,2,100,0.0,0.0,0.02040816326530612,1,4175162,4.61512051684126,4.61512051684126,4.59511985013459,0.0,1.0986122886681098,1387.5,1177.0,2,0,0,2,0.0,0.0,0.0,0,0.0,0.0,0.0,0.0,0.0,0.0,24,1.0986122886681098,0.0,0.0,1.0986122886681098,3.2188758248682006,0.0,26680.5,133760.5,100589.5,0.6931471805599453,0.0,-3.5165082281731497
3962000,5083120,1,0,0,1743076032,0.0,0,100,100,0,0,97,0.0,0.0,0.0,0,6478895,4.61512051684126,4.584967478670572,4.61512051684126,0.0,0.0,1387.5,2349.0,3,0,0,3,0.0,0.0,0.0,0,0.0,0.0,0.02878726010616578,0.0,0.0,1.696361821223676e-05,47,1.3862943611198906,0.0,0.0,1.3862943611198906,3.871201010907891,0.028380691168485038,12635.5,12969.0,100589.5,0.6931471805599453,0.0,-3.1986731175506815
7558000,11319073,1,0,0,1747064269,0.0,0,100,100,0,0,100,0.0,0.0,0.0,0,5214701,4.61512051684126,4.61512051684126,4.61512051684126,0.0,0.0,1387.5,2349.0,16,0,0,16,0.0,0.0,0.0,0,0.0,0.0,0.025833333333333333,0.0,0.0,1.5222942447456296e-05,247,2.833213344056216,0.0,0.0,2.833213344056216,5.5134287461649825,0.02550529040836183,560.5,15911.5,100589.5,0.6931471805599453,0.0,-1.7819071727850435
5478000,12489394,1,0,0,1748104525,0.0,0,100,99,0,1,100,0.0,0.0,0.010101010101010102,1,3222865,4.61512051684126,4.61512051684126,4.605170185988092,0.0,0.6931471805599453,1387.5,1627.0,3,0,0,3,0.0,0.0,0.0,0,0.0,0.0,0.0196078431372549,0.0,0.0,1.1554415519890927e-05,46,1.3862943611198906,0.0,0.0,1.3862943611198906,3.8501476017100584,0.019418085857101582,12635.5,24986.5,100589.5,0.6931471805599453,0.0,-3.228826155721369
5150000,2222415,1,0,0,1749026379,0.0,0,100,96,4,0,100,0.041666666666666664,0.0,0.0,0,1682385,4.61512051684126,4.61512051684126,4.574710978503383,1.6094379124341003,0.0,1387.5,2349.0,2,0,0,2,0.0,0.0,0.0,0,0.0,0.0,0.0,0.0,0.0,0.0,32,1.0986122886681098,0.0,0.0,1.0986122886681098,3.4965075614664802,0.0,26680.5,133760.5,100589.5,0.6931471805599453,0.0,-3.5165082281731497
6200000,650167,1,0,0,1746970214,0.0,0,100,100,0,0,100,0.0,0.0,0.0,0,3347133,4.61512051684126,4.61512051684126,4.61512051684126,0.0,0.0,1387.5,2349.0,1,0,0,1,0.0,0.0,0.0,0,0.0,0.0,0.0,0.0,0.0,0.0,16,0.6931471805599453,0.0,0.0,0.6931471805599453,2.833213344056216,0.0,115790.0,133760.5,100589.5,0.6931471805599453,0.0,-3.9219733362813143
10058000,6006297,1,0,0,1747697840,0.0,0,100,94,1,5,100,0.010638297872340425,5.0,0.05319148936170213,1,3891618,4.61512051684126,4.61512051684126,4.553876891600541,0.6931471805599453,1.791759469228055,1387.5,512.5,1,0,0,1,0.0,0.0,0.0,0,0.0,0.0,0.013888888888888888,0.0,0.0,8.184377659922739e-06,16,0.6931471805599453,0.0,0.0,0.6931471805599453,2.833213344056216,0.013793322132335818,115790.0,42984.5,100589.5,0.6931471805599453,0.0,-3.9219733362813143
6086000,3441940,1,0,0,1747532490,0.0,0,100,99,0,1,98,0.0,0.0,0.010101010101010102,1,3800467,4.61512051684126,4.59511985013459,4.605170185988092,0.0,0.6931471805599453,1387.5,1627.0,4,0,0,4,0.0,0.0,0.0,0,0.0,0.0,0.010752688172043012,0.0,0.0,6.3362923818756694e-06,64,1.6094379124341003,0.0,0.0,1.6094379124341003,4.174387269895637,0.01069528911674796,7577.5,67219.5,100589.5,0.6931471805599453,0.0,-2.9856819377004893
8544000,1784241,1,0,0,1749279456,0.0,0,100,99,0,1,100,0.0,0.0,0.010101010101010102,1,4088926,4.61512051684126,4.61512051684126,4.605170185988092,0.0,0.6931471805599453,1387.5,1627.0,3,0,0,3,0.0,0.0,0.0,0,0.0,0.0,0.0,0.0,0.0,0.0,42,1.3862943611198906,0.0,0.0,1.3862943611198906,3.7612001156935624,0.0,12635.5,133760.5,100589.5,0.6931471805599453,0.0,-3.228826155721369
4596000,1617977,1,0,0,1741690572,0.0,0,100,96,2,2,100,0.020833333333333332,1.0,0.020833333333333332,1,7528998,4.61512051684126,4.61512051684126,4.574710978503383,1.0986122886681098,1.0986122886681098,1387.5,1054.0,1,0,0,1,0.0,0.0,0.0,0,0.0,0.0,0.01282051282051282,0.0,0.0,7.55481014762099e-06,13,0.6931471805599453,0.0,0.0,0.6931471805599453,2.6390573296152584,0.012739025777429757,115790.0,49831.0,100589.5,0.6931471805599453,0.0,-3.9219733362813143
1248000,11761670,1,0,0,1745015257,0.0,0,100,97,2,1,100,0.020618556701030927,0.5,0.010309278350515464,1,5855890,4.61512051684126,4.61512051684126,4.584967478670572,1.0986122886681098,0.6931471805599453,1387.5,1403.0,1,0,0,1,0.0,0.0,0.0,0,0.0,0.0,0.0,0.0,0.0,0.0,16,0.6931471805599453,0.0,0.0,0.6931471805599453,2.833213344056216,0.0,115790.0,133760.5,100589.5,0.6931471805599453,0.0,-3.9219733362813143
7560000,10785227,1,0,0,1748260185,0.0,0,100,99,0,1,100,0.0,0.0,0.010101010101010102,1,3075010,4.61512051684126,4.61512051684126,4.605170185988092,0.0,0.6931471805599453,1387.5,1627.0,2,0,0,2,0.0,0.0,0.0,0,0.0,0.0,0.0,0.0,0.0,0.0,32,1.0986122886681098,0.0,0.0,1.0986122886681098,3.4965075614664802,0.0,26680.5,133760.5,100589.5,0.6931471805599453,0.0,-3.5165082281731497
1152000,7144256,1,0,0,1747899955,0.0,0,100,99,0,1,100,0.0,0.0,0.010101010101010102,1,3711302,4.61512051684126,4.61512051684126,4.605170185988092,0.0,0.6931471805599453,1387.5,1627.0,23,0,0,23,0.0,0.0,0.0,0,0.0,0.0,0.14285714285714285,0.0,0.0,8.418217021634818e-05,334,3.1780538303479458,0.0,0.0,3.1780538303479458,5.814130531825066,0.13353139262452263,230.5,600.5,100589.5,0.6931471805599453,0.0,-1.437066686493314
9452000,14038504,1,0,0,1746929661,0.0,0,100,77,13,10,100,0.16883116883116883,0.7692307692307693,0.12987012987012986,1,2148352,4.61512051684126,4.61512051684126,4.356708826689592,2.6390573296152584,2.3978952727983707,1387.5,134.5,6,0,0,6,0.0,0.0,0.0,0,0.0,0.0,0.034830809450993934,0.0,0.0,2.0524931909837322e-05,93,1.9459101490553132,0.0,0.0,1.9459101490553132,4.543294782270004,0.03423794422532353,3676.0,9640.0,100589.5,0.6931471805599453,0.0,-2.6692103677859462
3260000,5274424,1,0,0,1748569329,0.0,0,100,99,1,0,100,0.010101010101010102,0.0,0.0,0,3831533,4.61512051684126,4.61512051684126,4.605170185988092,0.6931471805599453,0.0,1387.5,2349.0,3,0,0,3,0.0,0.0,0.0,0,0.0,0.0,0.0196078431372549,0.0,0.0,1.1554415519890927e-05,48,1.3862943611198906,0.0,0.0,1.3862943611198906,3.8918202981106265,0.019418085857101582,12635.5,24986.5,100589.5,0.6931471805599453,0.0,-3.228826155721369
6884000,10146113,1,0,0,1741878868,0.0,0,100,99,0,1,100,0.0,0.0,0.010101010101010102,1,7594129,4.61512051684126,4.61512051684126,4.605170185988092,0.0,0.6931471805599453,1387.5,1627.0,1,0,0,1,0.0,0.0,0.0,0,0.0,0.0,0.1111111111111111,0.0,0.0,6.547502127938191e-05,9,0.6931471805599453,0.0,0.0,0.6931471805599453,2.302585092994046,0.1053605156578263,115790.0,1043.0,100589.5,0.6931471805599453,0.0,-3.9219733362813143
2720000,14858942,1,0,0,1747113906,0.0,0,100,96,2,2,98,0.020833333333333332,1.0,0.020833333333333332,1,1994504,4.61512051684126,4.59511985013459,4.574710978503383,1.0986122886681098,1.0986122886681098,1387.5,1054.0,1,0,0,1,0.0,0.0,0.0,0,0.0,0.0,0.014285714285714285,0.0,0.0,8.418217021634817e-06,15,0.6931471805599453,0.0,0.0,0.6931471805599453,2.772588722239781,0.014184634991956432,115790.0,40766.0,100589.5,0.6931471805599453,0.0,-3.9019726695746444
1698000,7757151,1,0,0,1749308081,0.0,0,100,98,0,2,100,0.0,0.0,0.02040816326530612,1,12336924,4.61512051684126,4.61512051684126,4.59511985013459,0.0,1.0986122886681098,1387.5,1177.0,1,0,0,1,0.0,0.0,0.0,0,0.0,0.0,0.0,0.0,0.0,0.0,16,0.6931471805599453,0.0,0.0,0.6931471805599453,2.833213344056216,0.0,115790.0,133760.5,100589.5,0.6931471805599453,0.0,-3.9219733362813143
5728000,7505064,1,0,0,1741793028,0.0,0,100,100,0,0,100,0.0,0.0,0.0,0,8640771,4.61512051684126,4.61512051684126,4.61512051684126,0.0,0.0,1387.5,2349.0,1,0,0,1,0.0,0.0,0.0,0,0.0,0.0,0.0,0.0,0.0,0.0,16,0.6931471805599453,0.0,0.0,0.6931471805599453,2.833213344056216,0.0,115790.0,133760.5,100589.5,0.6931471805599453,0.0,-3.9219733362813143
726000,14823935,1,0,0,1746356703,0.0,0,100,96,3,1,100,0.03125,0.3333333333333333,0.010416666666666666,1,5438410,4.61512051684126,4.61512051684126,4.574710978503383,1.3862943611198906,0.6931471805599453,1387.5,1350.0,1,0,0,1,0.0,0.0,0.0,0,0.0,0.0,0.01818181818181818,0.0,0.0,1.0714094391171585e-05,16,0.6931471805599453,0.0,0.0,0.6931471805599453,2.833213344056216,0.018018505502678313,115790.0,27717.5,100589.5,0.6931471805599453,0.0,-3.9219733362813143
3494000,5188610,1,0,0,1745678330,0.0,0,100,80,18,2,100,0.225,0.1111111111111111,0.025,1,11779118,4.61512051684126,4.61512051684126,4.394449154672439,2.9444389791664403,1.0986122886681098,1387.5,904.0,10,1,1,12,0.1,1.0,0.1,0,0.0,0.0,0.14016899766899768,0.0,0.0,8.259811294578532e-05,182,2.3978952727983707,0.6931471805599453,0.6931471805599453,2.5649493574615367,5.209486152841421,0.1311764949887082,995.0,652.0,3561.0,0.6931471805599453,0.0,-2.050171159379723
1788000,13719585,1,0,0,1750737383,0.0,0,100,100,0,0,100,0.0,0.0,0.0,0,4083936,4.61512051684126,4.61512051684126,4.61512051684126,0.0,0.0,1387.5,2349.0,1,0,0,1,0.0,0.0,0.0,0,0.0,0.0,0.0,0.0,0.0,0.0,10,0.6931471805599453,0.0,0.0,0.6931471805599453,2.3978952727983707,0.0,115790.0,133760.5,100589.5,0.6931471805599453,0.0,-3.9219733362813143
9538000,13804932,1,0,0,1747595024,0.0,0,100,99,1,0,100,0.010101010101010102,0.0,0.0,0,2539862,4.61512051684126,4.61512051684126,4.605170185988092,0.6931471805599453,0.0,1387.5,2349.0,2,0,0,2,0.0,0.0,0.0,0,0.0,0.0,0.0,0.0,0.0,0.0,24,1.0986122886681098,0.0,0.0,1.0986122886681098,3.2188758248682006,0.0,26680.5,133760.5,100589.5,0.6931471805599453,0.0,-3.5165082281731497
9924000,14789586,1,0,0,1749303678,0.0,0,100,98,2,0,100,0.02040816326530612,0.0,0.0,0,2769285,4.61512051684126,4.61512051684126,4.59511985013459,1.0986122886681098,0.0,1387.5,2349.0,2,0,0,2,0.0,0.0,0.0,0,0.0,0.0,0.0,0.0,0.0,0.0,26,1.0986122886681098,0.0,0.0,1.0986122886681098,3.295836866004329,0.0,26680.5,133760.5,100589.5,0.6931471805599453,0.0,-3.5165082281731497
7874000,12838782,1,0,0,1746280457,0.0,0,100,92,3,5,100,0.03260869565217391,1.6666666666666667,0.05434782608695652,1,3545793,4.61512051684126,4.61512051684126,4.532599493153256,1.3862943611198906,1.791759469228055,1387.5,476.5,1,0,0,1,0.0,0.0,0.0,0,0.0,0.0,0.020833333333333332,0.0,0.0,1.2276566489884108e-05,10,0.6931471805599453,0.0,0.0,0.6931471805599453,2.3978952727983707,0.02061928720273568,115790.0,22971.5,100589.5,0.6931471805599453,0.0,-3.9219733362813143
7758000,12531788,1,0,0,1746662272,0.0,0,100,95,5,0,100,0.05263157894736842,0.0,0.0,0,2501743,4.61512051684126,4.61512051684126,4.564348191467836,1.791759469228055,0.0,1387.5,2349.0,1,0,0,1,0.0,0.0,0.0,0,0.0,0.0,0.0,0.0,0.0,0.0,16,0.6931471805599453,0.0,0.0,0.6931471805599453,2.833213344056216,0.0,115790.0,133760.5,100589.5,0.6931471805599453,0.0,-3.9219733362813143
5282000,15616448,1,0,0,1750667010,0.0,0,100,97,2,1,100,0.020618556701030927,0.5,0.010309278350515464,1,5798701,4.61512051684126,4.61512051684126,4.584967478670572,1.0986122886681098,0.6931471805599453,1387.5,1403.0,1,0,0,1,0.0,0.0,0.0,0,0.0,0.0,0.0,0.0,0.0,0.0,16,0.6931471805599453,0.0,0.0,0.6931471805599453,2.833213344056216,0.0,115790.0,133760.5,100589.5,0.6931471805599453,0.0,-3.9219733362813143
9764000,8942598,1,0,0,1744509653,0.0,0,100,91,7,2,98,0.07692307692307693,0.2857142857142857,0.02197802197802198,1,4947350,4.61512051684126,4.59511985013459,4.5217885770490405,2.0794415416798357,1.0986122886681098,1387.5,946.0,1,0,0,1,0.0,0.0,0.0,0,0.0,0.0,0.043478260869565216,0.0,0.0,2.5620660500627704e-05,16,0.6931471805599453,0.0,0.0,0.6931471805599453,2.833213344056216,0.04255961441879593,115790.0,6322.0,100589.5,0.6931471805599453,0.0,-3.9019726695746444
9022000,12795972,1,0,0,1746313986,0.0,0,100,99,1,0,100,0.010101010101010102,0.0,0.0,0,9158277,4.61512051684126,4.61512051684126,4.605170185988092,0.6931471805599453,0.0,1387.5,2349.0,7,0,0,7,0.0,0.0,0.0,0,0.0,0.0,0.02625745950554135,0.0,0.0,1.547286947881046e-05,106,2.0794415416798357,0.0,0.0,2.0794415416798357,4.672828834461906,0.025918650460194974,2788.0,15736.0,100589.5,0.6931471805599453,0.0,-2.535678975161424
2466000,350220,1,0,0,1747436293,0.0,0,100,98,2,0,99,0.02040816326530612,0.0,0.0,0,1874620,4.61512051684126,4.605170185988092,4.59511985013459,1.0986122886681098,0.0,1387.5,2349.0,2,0,0,2,0.0,0.0,0.0,0,0.0,0.0,0.0,0.0,0.0,0.0,32,1.0986122886681098,0.0,0.0,1.0986122886681098,3.4965075614664802,0.0,26680.5,133760.5,100589.5,0.6931471805599453,0.0,-3.506557897319982
7378000,2631119,1,0,0,1748763192,0.0,0,100,99,0,1,100,0.0,0.0,0.010101010101010102,1,3376395,4.61512051684126,4.61512051684126,4.605170185988092,0.0,0.6931471805599453,1387.5,1627.0,3,0,0,3,0.0,0.0,0.0,0,0.0,0.0,0.0,0.0,0.0,0.0,48,1.3862943611198906,0.0,0.0,1.3862943611198906,3.8918202981106265,0.0,12635.5,133760.5,100589.5,0.6931471805599453,0.0,-3.228826155721369
3762000,12578034,1,0,0,1747282579,0.0,0,100,85,4,11,100,0.047058823529411764,2.75,0.12941176470588237,1,7985179,4.61512051684126,4.61512051684126,4.454347296253507,1.6094379124341003,2.4849066497880004,1387.5,136.5,2,0,0,2,0.0,0.0,0.0,0,0.0,0.0,0.013157894736842105,0.0,0.0,7.753620940979438e-06,31,1.0986122886681098,0.0,0.0,1.0986122886681098,3.4657359027997265,0.01307208156735277,26680.5,47497.5,100589.5,0.6931471805599453,0.0,-3.5165082281731497
2346000,9713633,1,0,0,1752458755,0.0,0,100,100,0,0,99,0.0,0.0,0.0,0,2843349,4.61512051684126,4.605170185988092,4.61512051684126,0.0,0.0,1387.5,2349.0,1,0,0,1,0.0,0.0,0.0,0,0.0,0.0,0.0,0.0,0.0,0.0,11,0.6931471805599453,0.0,0.0,0.6931471805599453,2.4849066497880004,0.0,115790.0,133760.5,100589.5,0.6931471805599453,0.0,-3.9120230054281464
2910000,13715630,1,0,0,1746791521,0.0,0,100,99,1,0,100,0.010101010101010102,0.0,0.0,0,2219435,4.61512051684126,4.61512051684126,4.605170185988092,0.6931471805599453,0.0,1387.5,2349.0,10,0,0,10,0.0,0.0,0.0,0,0.0,0.0,0.10190356348251085,0.0,0.0,6.00492418871602e-05,151,2.3978952727983707,0.0,0.0,2.3978952727983707,5.0238805208462765,0.09703919645001773,1420.5,1211.0,100589.5,0.6931471805599453,0.0,-2.217225244042889
436000,12279502,1,0,0,1741911906,0.0,0,100,95,1,4,100,0.010526315789473684,4.0,0.042105263157894736,1,6976074,4.61512051684126,4.61512051684126,4.564348191467836,0.6931471805599453,1.6094379124341003,1387.5,641.5,1,0,0,1,0.0,0.0,0.0,0,0.0,0.0,0.010101010101010102,0.0,0.0,5.952274661761993e-06,16,0.6931471805599453,0.0,0.0,0.6931471805599453,2.833213344056216,0.010050335853501442,115790.0,72781.5,100589.5,0.6931471805599453,0.0,-3.9219733362813143
1600000,15284846,1,0,0,1746345169,0.0,0,45,43,2,0,44,0.046511627906976744,0.0,0.0,0,14067761,3.828641396489095,3.8066624897703196,3.784189633918261,1.0986122886681098,0.0,2880.0,2349.0,1,0,0,1,0.0,0.0,0.0,0,0.0,0.0,0.0,0.0,0.0,0.0,16,0.6931471805599453,0.0,0.0,0.6931471805599453,2.833213344056216,0.0,115790.0,133760.5,100589.5,0.6931471805599453,0.0,-3.1135153092103742
5218000,9687202,1,0,0,1748657268,0.0,0,100,95,3,2,99,0.031578947368421054,0.6666666666666666,0.021052631578947368,1,3336490,4.61512051684126,4.605170185988092,4.564348191467836,1.3862943611198906,1.0986122886681098,1387.5,1019.0,2,0,0,2,0.0,0.0,0.0,0,0.0,0.0,0.0,0.0,0.0,0.0,22,1.0986122886681098,0.0,0.0,1.0986122886681098,3.1354942159291497,0.0,26680.5,133760.5,100589.5,0.6931471805599453,0.0,-3.506557897319982
5326000,8120542,1,0,0,1749906381,0.0,0,100,100,0,0,100,0.0,0.0,0.0,0,5539358,4.61512051684126,4.61512051684126,4.61512051684126,0.0,0.0,1387.5,2349.0,1,0,0,1,0.0,0.0,0.0,0,0.0,0.0,0.0,0.0,0.0,0.0,16,0.6931471805599453,0.0,0.0,0.6931471805599453,2.833213344056216,0.0,115790.0,133760.5,100589.5,0.6931471805599453,0.0,-3.9219733362813143
2402000,12470714,1,0,0,1745587025,0.0,0,100,99,0,1,100,0.0,0.0,0.010101010101010102,1,3885096,4.61512051684126,4.61512051684126,4.605170185988092,0.0,0.6931471805599453,1387.5,1627.0,1,0,0,1,0.0,0.0,0.0,0,0.0,0.0,0.0,0.0,0.0,0.0,16,0.6931471805599453,0.0,0.0,0.6931471805599453,2.833213344056216,0.0,115790.0,133760.5,100589.5,0.6931471805599453,0.0,-3.9219733362813143
5120000,816930,1,0,0,1744636787,0.0,0,100,98,2,0,100,0.02040816326530612,0.0,0.0,0,7082639,4.61512051684126,4.61512051684126,4.59511985013459,1.0986122886681098,0.0,1387.5,2349.0,1,0,0,1,0.0,0.0,0.0,0,0.0,0.0,0.0,0.0,0.0,0.0,13,0.6931471805599453,0.0,0.0,0.6931471805599453,2.6390573296152584,0.0,115790.0,133760.5,100589.5,0.6931471805599453,0.0,-3.9219733362813143
9588000,1629145,0,1,0,1745210171,0.0,0,100,87,4,9,100,0.04597701149425287,2.25,0.10344827586206896,1,3645970,4.61512051684126,4.61512051684126,4.477336814478207,1.6094379124341003,2.302585092994046,1387.5,193.5,0,1,0,1,0.0,0.0,0.0,0,1.0,0.0,0.021739130434782608,0.0005892751915144372,0.0,1.2810330250313852e-05,8,0.0,0.6931471805599453,0.0,0.6931471805599453,2.1972245773362196,0.021506205220963585,115790.0,21473.5,100589.5,0.0,0.6931471805599453,-3.9219733362813143
7598000,5702247,1,0,0,1745572624,0.0,0,100,98,0,2,100,0.0,0.0,0.02040816326530612,1,8089654,4.61512051684126,4.61512051684126,4.59511985013459,0.0,1.0986122886681098,1387.5,1177.0,1,0,0,1,0.0,0.0,0.0,0,0.0,0.0,0.043478260869565216,0.0,0.0,2.5620660500627704e-05,16,0.6931471805599453,0.0,0.0,0.6931471805599453,2.833213344056216,0.04255961441879593,115790.0,6322.0,100589.5,0.6931471805599453,0.0,-3.9219733362813143
7752000,10653298,1,0,0,1730029612,0.0,0,54,54,0,0,54,0.0,0.0,0.0,0,20617865,4.007333185232471,4.007333185232471,4.007333185232471,0.0,0.0,2861.0,2349.0,1,0,0,1,0.0,0.0,0.0,0,0.0,0.0,0.0,0.0,0.0,0.0,11,0.6931471805599453,0.0,0.0,0.6931471805599453,2.4849066497880004,0.0,115790.0,133760.5,100589.5,0.6931471805599453,0.0,-3.3141860046725258
5888000,1573442,1,0,0,1749401437,0.0,0,100,98,1,1,100,0.01020408163265306,1.0,0.01020408163265306,1,2568367,4.61512051684126,4.61512051684126,4.59511985013459,0.6931471805599453,0.6931471805599453,1387.5,1497.0,1,0,0,1,0.0,0.0,0.0,0,0.0,0.0,0.0,0.0,0.0,0.0,16,0.6931471805599453,0.0,0.0,0.6931471805599453,2.833213344056216,0.0,115790.0,133760.5,100589.5,0.6931471805599453,0.0,-3.9219733362813143
1958000,12356185,1,0,0,1746798710,0.0,0,100,97,1,2,100,0.010309278350515464,2.0,0.020618556701030927,1,4011222,4.61512051684126,4.61512051684126,4.584967478670572,0.6931471805599453,1.0986122886681098,1387.5,1108.0,1,0,0,1,0.0,0.0,0.0,0,0.0,0.0,0.011111111111111112,0.0,0.0,6.547502127938192e-06,16,0.6931471805599453,0.0,0.0,0.6931471805599453,2.833213344056216,0.011049836186584975,115790.0,64646.5,100589.5,0.6931471805599453,0.0,-3.9219733362813143
2418000,4967277,1,0,0,1747550204,0.0,0,100,98,2,0,100,0.02040816326530612,0.0,0.0,0,1904245,4.61512051684126,4.61512051684126,4.59511985013459,1.0986122886681098,0.0,1387.5,2349.0,1,1,0,2,1.0,0.0,0.0,0,0.0,0.0,0.0,0.0,0.0,0.0,32,0.6931471805599453,0.6931471805599453,0.0,1.0986122886681098,3.4965075614664802,0.0,26680.5,133760.5,100589.5,0.6931471805599453,0.0,-3.5165082281731497
2324000,15107100,1,0,0,1746868885,0.0,0,100,99,1,0,100,0.010101010101010102,0.0,0.0,0,3162259,4.61512051684126,4.61512051684126,4.605170185988092,0.6931471805599453,0.0,1387.5,2349.0,2,1,0,3,0.5,0.0,0.0,0,0.0,0.0,0.022727272727272728,0.0,0.0,1.3392617988964482e-05,48,1.0986122886681098,0.6931471805599453,0.0,1.3862943611198906,3.8918202981106265,0.022472855852058594,12635.5,19869.0,100589.5,0.6931471805599453,0.0,-3.228826155721369
9970000,490768,1,0,0,1748582815,0.0,0,100,91,8,1,100,0.08791208791208792,0.125,0.01098901098901099,1,1782002,4.61512051684126,4.61512051684126,4.5217885770490405,2.1972245773362196,0.6931471805599453,1387.5,1253.0,2,0,0,2,0.0,0.0,0.0,0,0.0,0.0,0.0,0.0,0.0,0.0,29,1.0986122886681098,0.0,0.0,1.0986122886681098,3.4011973816621555,0.0,26680.5,133760.5,100589.5,0.6931471805599453,0.0,-3.5165082281731497
94000,1197405,1,0,0,1747338923,0.0,0,100,100,0,0,100,0.0,0.0,0.0,0,3442122,4.61512051684126,4.61512051684126,4.61512051684126,0.0,0.0,1387.5,2349.0,7,0,0,7,0.0,0.0,0.0,0,0.0,0.0,0.015625,0.0,0.0,9.207424867413082e-06,111,2.0794415416798357,0.0,0.0,2.0794415416798357,4.718498871295094,0.015504186535965254,2788.0,34848.5,100589.5,0.6931471805599453,0.0,-2.535678975161424
2250000,1963119,1,0,0,1750834979,0.0,0,100,100,0,0,100,0.0,0.0,0.0,0,4490779,4.61512051684126,4.61512051684126,4.61512051684126,0.0,0.0,1387.5,2349.0,3,0,0,3,0.0,0.0,0.0,0,0.0,0.0,0.0,0.0,0.0,0.0,38,1.3862943611198906,0.0,0.0,1.3862943611198906,3.6635616461296463,0.0,12635.5,133760.5,100589.5,0.6931471805599453,0.0,-3.228826155721369
1384000,7419175,0,1,0,1748235138,0.0,0,100,93,5,2,100,0.053763440860215055,0.4,0.021505376344086023,1,1779621,4.61512051684126,4.61512051684126,4.543294782270004,1.791759469228055,1.0986122886681098,1387.5,976.0,0,1,0,1,0.0,0.0,0.0,0,0.0,0.0,0.0,0.0,0.0,0.0,16,0.0,0.6931471805599453,0.0,0.6931471805599453,2.833213344056216,0.0,115790.0,133760.5,100589.5,0.0,0.6931471805599453,-3.9219733362813143
2792000,7050276,0,1,0,1747224244,0.0,0,100,84,13,3,100,0.15476190476190477,0.23076923076923078,0.03571428571428571,1,3104290,4.61512051684126,4.61512051684126,4.442651256490317,2.6390573296152584,1.3862943611198906,1387.5,687.5,0,1,0,1,0.0,0.0,0.0,0,0.0,0.0,0.010309278350515464,0.0,0.0,6.075001974375641e-06,16,0.0,0.6931471805599453,0.0,0.6931471805599453,2.833213344056216,0.010256500167189098,115790.0,71056.5,100589.5,0.0,0.6931471805599453,-3.9219733362813143
5212000,2872146,1,0,0,1746330098,0.0,0,100,98,1,1,98,0.01020408163265306,1.0,0.01020408163265306,1,2675515,4.61512051684126,4.59511985013459,4.59511985013459,0.6931471805599453,0.6931471805599453,1387.5,1497.0,1,0,0,1,0.0,0.0,0.0,0,1.0,0.0,0.025,0.0005892751915144372,0.0,1.4731879787860931e-05,8,0.6931471805599453,0.0,0.0,0.6931471805599453,2.1972245773362196,0.0246926125903715,115790.0,16972.0,100589.5,0.6931471805599453,0.0,-3.9019726695746444
3522000,14531037,1,0,0,1748577690,0.0,0,100,97,1,2,100,0.010309278350515464,2.0,0.020618556701030927,1,3248893,4.61512051684126,4.61512051684126,4.584967478670572,0.6931471805599453,1.0986122886681098,1387.5,1108.0,5,0,0,5,0.0,0.0,0.0,0,0.0,0.0,0.024877149877149878,0.0,0.0,1.4659487258190854e-05,80,1.791759469228055,0.0,0.0,1.791759469228055,4.394449154672439,0.024572751628943092,5102.5,17248.0,100589.5,0.6931471805599453,0.0,-2.8233610476132047
6588000,15427774,1,0,0,1748924344,0.0,0,100,96,1,3,100,0.010416666666666666,3.0,0.03125,1,3122631,4.61512051684126,4.61512051684126,4.574710978503383,0.6931471805599453,1.3862943611198906,1387.5,834.0,2,0,0,2,0.0,0.0,0.0,0,0.0,0.0,0.0,0.0,0.0,0.0,25,1.0986122886681098,0.0,0.0,1.0986122886681098,3.258096538021482,0.0,26680.5,133760.5,100589.5,0.6931471805599453,0.0,-3.5165082281731497
1630000,2965957,1,0,0,1746631925,0.0,0,100,88,8,4,100,0.09090909090909091,0.5,0.045454545454545456,1,2361598,4.61512051684126,4.61512051684126,4.48863636973214,2.1972245773362196,1.6094379124341003,1387.5,555.5,1,0,0,1,0.0,0.0,0.0,0,0.0,0.0,0.010416666666666666,0.0,0.0,6.138283244942054e-06,16,0.6931471805599453,0.0,0.0,0.6931471805599453,2.833213344056216,0.010362787035546583,115790.0,69880.5,100589.5,0.6931471805599453,0.0,-3.9219733362813143
4648000,9591994,1,0,0,1748589844,0.0,0,100,99,0,1,100,0.0,0.0,0.010101010101010102,1,2253186,4.61512051684126,4.61512051684126,4.605170185988092,0.0,0.6931471805599453,1387.5,1627.0,1,0,0,1,0.0,0.0,0.0,0,0.0,0.0,0.0,0.0,0.0,0.0,16,0.6931471805599453,0.0,0.0,0.6931471805599453,2.833213344056216,0.0,115790.0,133760.5,100589.5,0.6931471805599453,0.0,-3.9219733362813143
2910000,12320046,1,0,0,1747134640,0.0,0,100,99,1,0,100,0.010101010101010102,0.0,0.0,0,2219435,4.61512051684126,4.61512051684126,4.605170185988092,0.6931471805599453,0.0,1387.5,2349.0,1,0,0,1,0.0,0.0,0.0,0,0.0,0.0,0.0,0.0,0.0,0.0,16,0.6931471805599453,0.0,0.0,0.6931471805599453,2.833213344056216,0.0,115790.0,133760.5,100589.5,0.6931471805599453,0.0,-3.9219733362813143
186000,11621853,1,0,0,1742517095,0.0,0,100,61,36,3,100,0.5901639344262295,0.08333333333333333,0.04918032786885246,1,6678855,4.61512051684126,4.61512051684126,4.127134385045092,3.6109179126442243,1.3862943611198906,1387.5,539.0,1,0,0,1,0.0,0.0,0.0,0,0.0,0.0,0.02857142857142857,0.0,0.0,1.6836434043269635e-05,16,0.6931471805599453,0.0,0.0,0.6931471805599453,2.833213344056216,0.02817087696669632,115790.0,13217.5,100589.5,0.6931471805599453,0.0,-3.9219733362813143
3106000,8472551,1,0,0,1749615960,0.0,0,100,100,0,0,100,0.0,0.0,0.0,0,2140223,4.61512051684126,4.61512051684126,4.61512051684126,0.0,0.0,1387.5,2349.0,1,0,0,1,0.0,0.0,0.0,0,0.0,0.0,0.0,0.0,0.0,0.0,16,0.6931471805599453,0.0,0.0,0.6931471805599453,2.833213344056216,0.0,115790.0,133760.5,100589.5,0.6931471805599453,0.0,-3.9219733362813143
6252000,10808551,1,0,0,1741158450,0.0,0,86,86,0,0,82,0.0,0.0,0.0,0,20498670,4.465908118654584,4.418840607796598,4.465908118654584,0.0,0.0,2799.5,2349.0,1,0,0,1,0.0,0.0,0.0,0,0.0,0.0,0.0,0.0,0.0,0.0,16,0.6931471805599453,0.0,0.0,0.6931471805599453,2.833213344056216,0.0,115790.0,133760.5,100589.5,0.6931471805599453,0.0,-3.725693427236653
384000,14782387,1,0,0,1747455869,0.0,0,100,98,1,1,100,0.01020408163265306,1.0,0.01020408163265306,1,2607899,4.61512051684126,4.61512051684126,4.59511985013459,0.6931471805599453,0.6931471805599453,1387.5,1497.0,2,0,0,2,0.0,0.0,0.0,0,0.0,0.0,0.0695807314897413,0.0,0.0,4.100219887433194e-05,27,1.0986122886681098,0.0,0.0,1.0986122886681098,3.332204510175204,0.06726673195535433,26680.5,2490.0,100589.5,0.6931471805599453,0.0,-3.5165082281731497
6094000,885935,1,0,0,1750138993,0.0,0,100,100,0,0,100,0.0,0.0,0.0,0,2608385,4.61512051684126,4.61512051684126,4.61512051684126,0.0,0.0,1387.5,2349.0,22,0,0,22,0.0,0.0,0.0,0,0.0,0.0,0.0,0.0,0.0,0.0,335,3.1354942159291497,0.0,0.0,3.1354942159291497,5.817111159963204,0.0,260.5,133760.5,100589.5,0.6931471805599453,0.0,-1.47962630091211
5604000,1539579,1,0,0,1749375414,0.0,0,100,100,0,0,100,0.0,0.0,0.0,0,5761371,4.61512051684126,4.61512051684126,4.61512051684126,0.0,0.0,1387.5,2349.0,4,0,0,4,0.0,0.0,0.0,0,0.0,0.0,0.0,0.0,0.0,0.0,64,1.6094379124341003,0.0,0.0,1.6094379124341003,4.174387269895637,0.0,7577.5,133760.5,100589.5,0.6931471805599453,0.0,-3.005682604407159
5120000,2767921,1,0,0,1748160689,0.0,0,100,98,2,0,100,0.02040816326530612,0.0,0.0,0,7082639,4.61512051684126,4.61512051684126,4.59511985013459,1.0986122886681098,0.0,1387.5,2349.0,1,0,0,1,0.0,0.0,0.0,0,0.0,0.0,0.0,0.0,0.0,0.0,16,0.6931471805599453,0.0,0.0,0.6931471805599453,2.833213344056216,0.0,115790.0,133760.5,100589.5,0.6931471805599453,0.0,-3.9219733362813143
5794000,15750902,1,0,0,1746443197,0.0,0,100,87,12,1,100,0.13793103448275862,0.08333333333333333,0.011494252873563218,1,2427109,4.61512051684126,4.61512051684126,4.477336814478207,2.5649493574615367,0.6931471805599453,1387.5,1233.0,4,0,0,4,0.0,0.0,0.0,0,0.0,0.0,0.0,0.0,0.0,0.0,59,1.6094379124341003,0.0,0.0,1.6094379124341003,4.0943445622221,0.0,7577.5,133760.5,100589.5,0.6931471805599453,0.0,-3.005682604407159
2862000,2642426,1,0,0,1745631501,0.0,0,100,99,0,1,98,0.0,0.0,0.010101010101010102,1,4707035,4.61512051684126,4.59511985013459,4.605170185988092,0.0,0.6931471805599453,1387.5,1627.0,3,0,0,3,0.0,0.0,0.0,0,0.0,0.0,0.04001600640256102,0.0,0.0,2.3580439836512092e-05,48,1.3862943611198906,0.0,0.0,1.3862943611198906,3.8918202981106265,0.03923610380653787,12635.5,7306.5,100589.5,0.6931471805599453,0.0,-3.208825489014699
5838000,2212874,1,0,0,1746884091,0.0,0,100,99,1,0,100,0.010101010101010102,0.0,0.0,0,3913441,4.61512051684126,4.61512051684126,4.605170185988092,0.6931471805599453,0.0,1387.5,2349.0,1,0,0,1,0.0,0.0,0.0,0,0.0,0.0,0.0,0.0,0.0,0.0,16,0.6931471805599453,0.0,0.0,0.6931471805599453,2.833213344056216,0.0,115790.0,133760.5,100589.5,0.6931471805599453,0.0,-3.9219733362813143
5324000,3036517,1,0,0,1745561062,0.0,0,100,100,0,0,100,0.0,0.0,0.0,0,4389349,4.61512051684126,4.61512051684126,4.61512051684126,0.0,0.0,1387.5,2349.0,1,0,0,1,0.0,0.0,0.0,0,0.0,0.0,0.0,0.0,0.0,0.0,16,0.6931471805599453,0.0,0.0,0.6931471805599453,2.833213344056216,0.0,115790.0,133760.5,100589.5,0.6931471805599453,0.0,-3.9219733362813143
6596000,15737186,1,0,0,1746684741,0.0,0,100,97,2,1,100,0.020618556701030927,0.5,0.010309278350515464,1,3202713,4.61512051684126,4.61512051684126,4.584967478670572,1.0986122886681098,0.6931471805599453,1387.5,1403.0,9,0,0,9,0.0,0.0,0.0,0,0.0,0.0,0.08121585760904645,0.0,0.0,4.785849004658011e-05,137,2.302585092994046,0.0,0.0,2.302585092994046,4.927253685157205,0.07808620198763458,1727.5,1934.0,100589.5,0.6931471805599453,0.0,-2.312535423847214
3142000,14068259,1,0,0,1747804075,0.0,0,100,99,1,0,100,0.010101010101010102,0.0,0.0,0,2160495,4.61512051684126,4.61512051684126,4.605170185988092,0.6931471805599453,0.0,1387.5,2349.0,1,0,0,1,0.0,0.0,0.0,0,0.0,0.0,0.0,0.0,0.0,0.0,16,0.6931471805599453,0.0,0.0,0.6931471805599453,2.833213344056216,0.0,115790.0,133760.5,100589.5,0.6931471805599453,0.0,-3.9219733362813143
4922000,5082151,0,1,0,1743075391,0.0,0,100,90,8,2,100,0.08888888888888889,0.25,0.022222222222222223,1,9344895,4.61512051684126,4.61512051684126,4.51085950651685,2.1972245773362196,1.0986122886681098,1387.5,934.0,3,1,0,4,0.3333333333333333,0.0,0.0,0,0.0,0.0,0.02761904761904762,0.0,0.0,1.6275219575160648e-05,64,1.3862943611198906,0.6931471805599453,0.0,1.6094379124341003,4.174387269895637,0.027244522106565604,7577.5,14261.5,100589.5,0.0,0.6931471805599453,-3.005682604407159
5620000,1121965,1,0,0,1748781620,0.0,0,100,96,1,3,100,0.010416666666666666,3.0,0.03125,1,2714170,4.61512051684126,4.61512051684126,4.574710978503383,0.6931471805599453,1.3862943611198906,1387.5,834.0,12,0,0,12,0.0,0.0,0.0,0,0.0,0.0,0.010416666666666666,0.0,0.0,6.138283244942054e-06,170,2.5649493574615367,0.0,0.0,2.5649493574615367,5.14166355650266,0.010362787035546583,995.0,69880.5,100589.5,0.6931471805599453,0.0,-2.050171159379723
8988000,7631630,1,0,0,1751004080,0.0,0,100,100,0,0,100,0.0,0.0,0.0,0,3152175,4.61512051684126,4.61512051684126,4.61512051684126,0.0,0.0,1387.5,2349.0,1,0,0,1,0.0,0.0,0.0,0,0.0,0.0,0.0,0.0,0.0,0.0,16,0.6931471805599453,0.0,0.0,0.6931471805599453,2.833213344056216,0.0,115790.0,133760.5,100589.5,0.6931471805599453,0.0,-3.9219733362813143
4802000,6379017,1,0,0,1748851423,0.0,0,100,100,0,0,100,0.0,0.0,0.0,0,3790385,4.61512051684126,4.61512051684126,4.61512051684126,0.0,0.0,1387.5,2349.0,1,0,0,1,0.0,0.0,0.0,0,0.0,0.0,0.0,0.0,0.0,0.0,16,0.6931471805599453,0.0,0.0,0.6931471805599453,2.833213344056216,0.0,115790.0,133760.5,100589.5,0.6931471805599453,0.0,-3.9219733362813143
3834000,8307301,1,0,0,1735227822,0.0,0,100,94,6,0,100,0.06382978723404255,0.0,0.0,0,15816400,4.61512051684126,4.61512051684126,4.553876891600541,1.9459101490553132,0.0,1387.5,2349.0,1,0,0,1,0.0,0.0,0.0,0,0.0,0.0,0.0,0.0,0.0,0.0,16,0.6931471805599453,0.0,0.0,0.6931471805599453,2.833213344056216,0.0,115790.0,133760.5,100589.5,0.6931471805599453,0.0,-3.9219733362813143
4262000,14124660,1,0,0,1748005799,0.0,0,100,97,1,2,100,0.010309278350515464,2.0,0.020618556701030927,1,5804001,4.61512051684126,4.61512051684126,4.584967478670572,0.6931471805599453,1.0986122886681098,1387.5,1108.0,1,0,0,1,0.0,0.0,0.0,0,0.0,0.0,0.0,0.0,0.0,0.0,16,0.6931471805599453,0.0,0.0,0.6931471805599453,2.833213344056216,0.0,115790.0,133760.5,100589.5,0.6931471805599453,0.0,-3.9219733362813143
2152000,4347182,1,0,0,1747817206,0.0,0,100,100,0,0,97,0.0,0.0,0.0,0,3696610,4.61512051684126,4.584967478670572,4.61512051684126,0.0,0.0,1387.5,2349.0,8,0,0,8,0.0,0.0,0.0,0,0.0,0.0,0.027673192771084338,0.0,0.0,1.6307125969996663e-05,126,2.1972245773362196,0.0,0.0,2.1972245773362196,4.844187086458591,0.027297210625487827,2162.5,14236.5,100589.5,0.6931471805599453,0.0,-2.3877429013343527
6292000,4911573,1,0,0,1750039851,0.0,0,100,100,0,0,100,0.0,0.0,0.0,0,4445099,4.61512051684126,4.61512051684126,4.61512051684126,0.0,0.0,1387.5,2349.0,1,0,0,1,0.0,0.0,0.0,0,0.0,0.0,0.0,0.0,0.0,0.0,16,0.6931471805599453,0.0,0.0,0.6931471805599453,2.833213344056216,0.0,115790.0,133760.5,100589.5,0.6931471805599453,0.0,-3.9219733362813143
7196000,990520,1,0,0,1748127227,0.0,0,100,98,1,1,100,0.01020408163265306,1.0,0.01020408163265306,1,5995341,4.61512051684126,4.61512051684126,4.59511985013459,0.6931471805599453,0.6931471805599453,1387.5,1497.0,4,0,0,4,0.0,0.0,0.0,0,0.0,0.0,0.017543859649122806,0.0,0.0,1.033816125463925e-05,64,1.6094379124341003,0.0,0.0,1.6094379124341003,4.174387269895637,0.017391742711869183,7577.5,29104.0,100589.5,0.6931471805599453,0.0,-3.005682604407159
3274000,5587412,1,0,0,1747203442,0.0,0,100,96,2,2,100,0.020833333333333332,1.0,0.020833333333333332,1,3529297,4.61512051684126,4.61512051684126,4.574710978503383,1.0986122886681098,1.0986122886681098,1387.5,1054.0,7,0,0,7,0.0,0.0,0.0,0,0.0,0.0,0.02946912242686891,0.0,0.0,1.7365422761855573e-05,105,2.0794415416798357,0.0,0.0,2.0794415416798357,4.663439094112067,0.029043254249968797,2788.0,12394.0,100589.5,0.6931471805599453,0.0,-2.535678975161424
7262000,13058191,1,0,0,1744329993,0.0,0,100,98,0,2,100,0.0,0.0,0.02040816326530612,1,5379586,4.61512051684126,4.61512051684126,4.59511985013459,0.0,1.0986122886681098,1387.5,1177.0,1,0,0,1,0.0,0.0,0.0,0,0.0,0.0,0.03571428571428571,0.0,0.0,2.1045542554087045e-05,10,0.6931471805599453,0.0,0.0,0.6931471805599453,2.3978952727983707,0.0350913198112701,115790.0,9221.5,100589.5,0.6931471805599453,0.0,-3.9219733362813143
8130000,63256,1,0,0,1747778656,0.0,0,100,94,1,5,100,0.010638297872340425,5.0,0.05319148936170213,1,4094526,4.61512051684126,4.61512051684126,4.553876891600541,0.6931471805599453,1.791759469228055,1387.5,512.5,3,0,0,3,0.0,0.0,0.0,0,0.0,0.0,0.030717441615821586,0.0,0.0,1.810102629099681e-05,47,1.3862943611198906,0.0,0.0,1.3862943611198906,3.871201010907891,0.03025510502456537,12635.5,11747.0,100589.5,0.6931471805599453,0.0,-3.228826155721369
668000,11755596,1,0,0,1747760478,0.0,0,100,94,2,4,100,0.02127659574468085,2.0,0.0425531914893617,1,2617834,4.61512051684126,4.61512051684126,4.553876891600541,1.0986122886681098,1.6094379124341003,1387.5,616.0,1,0,0,1,0.0,0.0,0.0,0,0.0,0.0,0.012048192771084338,0.0,0.0,7.099701102583582e-06,16,0.6931471805599453,0.0,0.0,0.6931471805599453,2.833213344056216,0.011976191046715693,115790.0,55873.0,100589.5,0.6931471805599453,0.0,-3.9219733362813143
6436000,15582216,1,0,0,1747386013,0.0,0,100,96,2,2,100,0.020833333333333332,1.0,0.020833333333333332,1,4543043,4.61512051684126,4.61512051684126,4.574710978503383,1.0986122886681098,1.0986122886681098,1387.5,1054.0,9,0,0,9,0.0,0.0,0.0,0,0.0,0.0,0.05613389720890045,0.0,0.0,3.3078313028226547e-05,144,2.302585092994046,0.0,0.0,2.302585092994046,4.976733742420574,0.05461497384539793,1727.5,3829.0,100589.5,0.6931471805599453,0.0,-2.312535423847214
6946000,510893,1,0,0,1750071807,0.0,0,100,100,0,0,100,0.0,0.0,0.0,0,4005952,4.61512051684126,4.61512051684126,4.61512051684126,0.0,0.0,1387.5,2349.0,2,0,0,2,0.0,0.0,0.0,0,0.0,0.0,0.0,0.0,0.0,0.0,32,1.0986122886681098,0.0,0.0,1.0986122886681098,3.4965075614664802,0.0,26680.5,133760.5,100589.5,0.6931471805599453,0.0,-3.5165082281731497
2534000,3733877,1,0,0,1740368901,0.0,0,100,95,3,2,100,0.031578947368421054,0.6666666666666666,0.021052631578947368,1,8677065,4.61512051684126,4.61512051684126,4.564348191467836,1.3862943611198906,1.0986122886681098,1387.5,1019.0,1,0,0,1,0.0,0.0,0.0,0,0.0,0.0,0.0196078431372549,0.0,0.0,1.1554415519890927e-05,16,0.6931471805599453,0.0,0.0,0.6931471805599453,2.833213344056216,0.019418085857101582,115790.0,24986.5,100589.5,0.6931471805599453,0.0,-3.9219733362813143
4580000,8510790,1,0,0,1745457547,0.0,0,100,97,1,2,100,0.010309278350515464,2.0,0.020618556701030927,1,3649959,4.61512051684126,4.61512051684126,4.584967478670572,0.6931471805599453,1.0986122886681098,1387.5,1108.0,74,0,0,74,0.0,0.0,0.0,0,0.0,0.0,0.5729812677932361,0.0,0.0,0.00033764364631304425,1113,4.31748811353631,0.0,0.0,4.31748811353631,7.01571242048723,0.45297271541860623,10.0,16.0,100589.5,0.6931471805599453,0.0,-0.29763240330494956
7302000,7132609,1,0,0,1748219008,0.0,0,84,77,3,4,84,0.03896103896103896,1.3333333333333333,0.05194805194805195,1,1434639,4.442651256490317,4.442651256490317,4.356708826689592,1.3862943611198906,1.6094379124341003,2802.5,534.0,1,0,0,1,0.0,0.0,0.0,0,0.0,0.0,0.01694915254237288,0.0,0.0,9.98771511041419e-06,16,0.6931471805599453,0.0,0.0,0.6931471805599453,2.833213344056216,0.016807118316381233,115790.0,30682.0,100589.5,0.6931471805599453,0.0,-3.7495040759303713
5968000,13088814,1,0,0,1744782025,0.0,0,100,100,0,0,100,0.0,0.0,0.0,0,4483376,4.61512051684126,4.61512051684126,4.61512051684126,0.0,0.0,1387.5,2349.0,2,0,0,2,0.0,0.0,0.0,0,0.0,0.0,0.06666666666666667,0.0,0.0,3.928501276762915e-05,25,1.0986122886681098,0.0,0.0,1.0986122886681098,3.258096538021482,0.06453852113757116,26680.5,2728.0,100589.5,0.6931471805599453,0.0,-3.5165082281731497
10072000,3758971,1,0,0,1746767188,0.0,0,100,83,9,8,100,0.10843373493975904,0.8888888888888888,0.0963855421686747,1,3126137,4.61512051684126,4.61512051684126,4.430816798843313,2.302585092994046,2.1972245773362196,1387.5,219.5,1,0,0,1,0.0,0.0,0.0,0,0.0,0.0,0.011904761904761904,0.0,0.0,7.0151808513623474e-06,16,0.6931471805599453,0.0,0.0,0.6931471805599453,2.833213344056216,0.011834457647002838,115790.0,56950.0,100589.5,0.6931471805599453,0.0,-3.9219733362813143
498000,14553668,1,0,0,1747216739,0.0,0,100,100,0,0,100,0.0,0.0,0.0,0,1895199,4.61512051684126,4.61512051684126,4.61512051684126,0.0,0.0,1387.5,2349.0,1,0,0,1,0.0,0.0,0.0,0,0.0,0.0,0.0,0.0,0.0,0.0,9,0.6931471805599453,0.0,0.0,0.6931471805599453,2.302585092994046,0.0,115790.0,133760.5,100589.5,0.6931471805599453,0.0,-3.9219733362813143
8298000,15363750,1,0,0,1750171538,0.0,0,100,99,1,0,100,0.010101010101010102,0.0,0.0,0,4582541,4.61512051684126,4.61512051684126,4.605170185988092,0.6931471805599453,0.0,1387.5,2349.0,1,0,0,1,0.0,0.0,0.0,0,0.0,0.0,0.0,0.0,0.0,0.0,16,0.6931471805599453,0.0,0.0,0.6931471805599453,2.833213344056216,0.0,115790.0,133760.5,100589.5,0.6931471805599453,0.0,-3.9219733362813143
8986000,677091,1,0,0,1745274675,0.0,0,100,92,4,4,100,0.043478260869565216,1.0,0.043478260869565216,1,4497804,4.61512051684126,4.61512051684126,4.532599493153256,1.6094379124341003,1.6094379124341003,1387.5,582.5,1,0,0,1,0.0,0.0,0.0,0,0.0,0.0,0.020833333333333332,0.0,0.0,1.2276566489884108e-05,14,0.6931471805599453,0.0,0.0,0.6931471805599453,2.70805020110221,0.02061928720273568,115790.0,22971.5,100589.5,0.6931471805599453,0.0,-3.9219733362813143
7378000,2139255,1,0,0,1749464422,0.0,0,100,99,0,1,100,0.0,0.0,0.010101010101010102,1,3376395,4.61512051684126,4.61512051684126,4.605170185988092,0.0,0.6931471805599453,1387.5,1627.0,1,0,0,1,0.0,0.0,0.0,0,0.0,0.0,0.0,0.0,0.0,0.0,16,0.6931471805599453,0.0,0.0,0.6931471805599453,2.833213344056216,0.0,115790.0,133760.5,100589.5,0.6931471805599453,0.0,-3.9219733362813143
5682000,728232,1,0,0,1742877925,0.0,0,100,100,0,0,100,0.0,0.0,0.0,0,7410985,4.61512051684126,4.61512051684126,4.61512051684126,0.0,0.0,1387.5,2349.0,2,0,0,2,0.0,0.0,0.0,0,0.0,0.0,0.012345679012345678,0.0,0.0,7.275002364375768e-06,31,1.0986122886681098,0.0,0.0,1.0986122886681098,3.4657359027997265,0.012270092591814347,26680.5,53239.5,100589.5,0.6931471805599453,0.0,-3.5165082281731497
9908000,2407535,1,0,0,1747917752,0.0,0,100,84,13,3,100,0.15476190476190477,0.23076923076923078,0.03571428571428571,1,3191930,4.61512051684126,4.61512051684126,4.442651256490317,2.6390573296152584,1.3862943611198906,1387.5,687.5,1,0,0,1,0.0,0.0,0.0,0,0.0,0.0,0.016666666666666666,0.0,0.0,9.821253191907288e-06,16,0.6931471805599453,0.0,0.0,0.6931471805599453,2.833213344056216,0.016529301951210565,115790.0,31444.0,100589.5,0.6931471805599453,0.0,-3.9219733362813143
7496000,8926682,1,0,0,1751281683,0.0,0,100,100,0,0,100,0.0,0.0,0.0,0,3155099,4.61512051684126,4.61512051684126,4.61512051684126,0.0,0.0,1387.5,2349.0,1,0,0,1,0.0,0.0,0.0,0,0.0,0.0,0.0,0.0,0.0,0.0,16,0.6931471805599453,0.0,0.0,0.6931471805599453,2.833213344056216,0.0,115790.0,133760.5,100589.5,0.6931471805599453,0.0,-3.9219733362813143
10108000,3986109,1,0,0,1750062169,0.0,0,100,100,0,0,100,0.0,0.0,0.0,0,2209497,4.61512051684126,4.61512051684126,4.61512051684126,0.0,0.0,1387.5,2349.0,1,0,0,1,0.0,0.0,0.0,0,0.0,0.0,0.0,0.0,0.0,0.0,16,0.6931471805599453,0.0,0.0,0.6931471805599453,2.833213344056216,0.0,115790.0,133760.5,100589.5,0.6931471805599453,0.0,-3.9219733362813143
8192000,9463190,1,0,0,1744937055,0.0,0,100,94,3,3,100,0.031914893617021274,1.0,0.031914893617021274,1,5046259,4.61512051684126,4.61512051684126,4.553876891600541,1.3862943611198906,1.3862943611198906,1387.5,763.5,1,0,0,1,0.0,0.0,0.0,0,0.0,0.0,0.02127659574468085,0.0,0.0,1.2537770032222069e-05,16,0.6931471805599453,0.0,0.0,0.6931471805599453,2.833213344056216,0.021053409197832343,115790.0,22267.5,100589.5,0.6931471805599453,0.0,-3.9219733362813143
8298000,9517236,1,0,0,1749993509,0.0,0,100,99,1,0,100,0.010101010101010102,0.0,0.0,0,4582541,4.61512051684126,4.61512051684126,4.605170185988092,0.6931471805599453,0.0,1387.5,2349.0,1,0,0,1,0.0,0.0,0.0,0,0.0,0.0,0.0,0.0,0.0,0.0,16,0.6931471805599453,0.0,0.0,0.6931471805599453,2.833213344056216,0.0,115790.0,133760.5,100589.5,0.6931471805599453,0.0,-3.9219733362813143
334000,6944074,1,0,0,1747980747,0.0,0,100,98,2,0,100,0.02040816326530612,0.0,0.0,0,2085319,4.61512051684126,4.61512051684126,4.59511985013459,1.0986122886681098,0.0,1387.5,2349.0,3,0,0,3,0.0,0.0,0.0,0,0.0,0.0,0.0,0.0,0.0,0.0,47,1.3862943611198906,0.0,0.0,1.3862943611198906,3.871201010907891,0.0,12635.5,133760.5,100589.5,0.6931471805599453,0.0,-3.228826155721369
9210000,11911223,1,0,0,1746241925,0.0,0,100,96,4,0,100,0.041666666666666664,0.0,0.0,0,7400758,4.61512051684126,4.61512051684126,4.574710978503383,1.6094379124341003,0.0,1387.5,2349.0,1,0,0,1,0.0,0.0,0.0,0,0.0,0.0,0.0,0.0,0.0,0.0,16,0.6931471805599453,0.0,0.0,0.6931471805599453,2.833213344056216,0.0,115790.0,133760.5,100589.5,0.6931471805599453,0.0,-3.9219733362813143
5468000,12888938,1,0,0,1742481434,0.0,0,100,98,1,1,100,0.01020408163265306,1.0,0.01020408163265306,1,12440462,4.61512051684126,4.61512051684126,4.59511985013459,0.6931471805599453,0.6931471805599453,1387.5,1497.0,1,0,0,1,0.0,0.0,0.0,0,0.0,0.0,0.02702702702702703,0.0,0.0,1.5926356527417225e-05,16,0.6931471805599453,0.0,0.0,0.6931471805599453,2.833213344056216,0.026668247082161325,115790.0,14814.5,100589.5,0.6931471805599453,0.0,-3.9219733362813143
1356000,15425198,1,0,0,1748431502,0.0,0,100,100,0,0,99,0.0,0.0,0.0,0,5196828,4.61512051684126,4.605170185988092,4.61512051684126,0.0,0.0,1387.5,2349.0,1,0,0,1,0.0,0.0,0.0,0,0.0,0.0,0.0,0.0,0.0,0.0,16,0.6931471805599453,0.0,0.0,0.6931471805599453,2.833213344056216,0.0,115790.0,133760.5,100589.5,0.6931471805599453,0.0,-3.9120230054281464
4620000,13018416,1,0,0,1748817360,0.0,0,100,100,0,0,100,0.0,0.0,0.0,0,1454266,4.61512051684126,4.61512051684126,4.61512051684126,0.0,0.0,1387.5,2349.0,1,0,0,1,0.0,0.0,0.0,0,0.0,0.0,0.0,0.0,0.0,0.0,16,0.6931471805599453,0.0,0.0,0.6931471805599453,2.833213344056216,0.0,115790.0,133760.5,100589.5,0.6931471805599453,0.0,-3.9219733362813143
7422000,4681355,1,0,0,1748829571,0.0,0,95,95,0,0,95,0.0,0.0,0.0,0,1928450,4.564348191467836,4.564348191467836,4.564348191467836,0.0,0.0,2785.0,2349.0,1,0,0,1,0.0,0.0,0.0,0,0.0,0.0,0.0,0.0,0.0,0.0,16,0.6931471805599453,0.0,0.0,0.6931471805599453,2.833213344056216,0.0,115790.0,133760.5,100589.5,0.6931471805599453,0.0,-3.8712010109078907
5282000,7573295,1,0,0,1749004595,0.0,0,100,97,2,1,100,0.020618556701030927,0.5,0.010309278350515464,1,5798701,4.61512051684126,4.61512051684126,4.584967478670572,1.0986122886681098,0.6931471805599453,1387.5,1403.0,5,0,0,5,0.0,0.0,0.0,0,0.0,0.0,0.0,0.0,0.0,0.0,77,1.791759469228055,0.0,0.0,1.791759469228055,4.356708826689592,0.0,5102.5,133760.5,100589.5,0.6931471805599453,0.0,-2.8233610476132047
6582000,7069922,1,0,0,1729831056,0.0,0,79,75,4,0,79,0.05333333333333334,0.0,0.0,0,21818781,4.382026634673881,4.382026634673881,4.330733340286331,1.6094379124341003,0.0,2816.0,2349.0,1,0,0,1,0.0,0.0,0.0,0,0.0,0.0,0.0,0.0,0.0,0.0,14,0.6931471805599453,0.0,0.0,0.6931471805599453,2.70805020110221,0.0,115790.0,133760.5,100589.5,0.6931471805599453,0.0,-3.688879454113936
3792000,1409343,1,0,0,1745578948,0.0,0,100,100,0,0,100,0.0,0.0,0.0,0,9845032,4.61512051684126,4.61512051684126,4.61512051684126,0.0,0.0,1387.5,2349.0,3,0,0,3,0.0,0.0,0.0,0,0.0,0.0,0.0,0.0,0.0,0.0,48,1.3862943611198906,0.0,0.0,1.3862943611198906,3.8918202981106265,0.0,12635.5,133760.5,100589.5,0.6931471805599453,0.0,-3.228826155721369
2278000,10233744,1,0,0,1742784320,0.0,0,100,93,4,3,100,0.043010752688172046,0.75,0.03225806451612903,1,10154068,4.61512051684126,4.61512051684126,4.543294782270004,1.6094379124341003,1.3862943611198906,1387.5,742.0,1,0,0,1,0.0,0.0,0.0,0,0.0,0.0,0.011363636363636364,0.0,0.0,6.696308994482241e-06,16,0.6931471805599453,0.0,0.0,0.6931471805599453,2.833213344056216,0.011299555253933367,115790.0,61498.0,100589.5,0.6931471805599453,0.0,-3.9219733362813143
5752000,7311946,1,0,0,1745302872,0.0,0,100,99,1,0,100,0.010101010101010102,0.0,0.0,0,4510776,4.61512051684126,4.61512051684126,4.605170185988092,0.6931471805599453,0.0,1387.5,2349.0,3,0,0,3,0.0,0.0,0.0,0,0.0,0.0,0.013333333333333334,0.0,0.0,7.857002553525831e-06,44,1.3862943611198906,0.0,0.0,1.3862943611198906,3.8066624897703196,0.013245226750020638,12635.5,46425.5,100589.5,0.6931471805599453,0.0,-3.228826155721369
6304000,4699838,1,0,0,1748408498,0.0,0,100,92,3,5,100,0.03260869565217391,1.6666666666666667,0.05434782608695652,1,3674975,4.61512051684126,4.61512051684126,4.532599493153256,1.3862943611198906,1.791759469228055,1387.5,476.5,3,0,0,3,0.0,0.0,0.0,0,0.0,0.0,0.0,0.0,0.0,0.0,44,1.3862943611198906,0.0,0.0,1.3862943611198906,3.8066624897703196,0.0,12635.5,133760.5,100589.5,0.6931471805599453,0.0,-3.228826155721369
7378000,6624623,1,0,0,1749109397,0.0,0,100,99,0,1,100,0.0,0.0,0.010101010101010102,1,3376395,4.61512051684126,4.61512051684126,4.605170185988092,0.0,0.6931471805599453,1387.5,1627.0,5,0,0,5,0.0,0.0,0.0,0,0.0,0.0,0.0,0.0,0.0,0.0,78,1.791759469228055,0.0,0.0,1.791759469228055,4.3694478524670215,0.0,5102.5,133760.5,100589.5,0.6931471805599453,0.0,-2.8233610476132047
9208000,5828367,1,0,0,1747041449,0.0,0,100,86,4,10,100,0.046511627906976744,2.5,0.11627906976744186,1,3628961,4.61512051684126,4.61512051684126,4.465908118654584,1.6094379124341003,2.3978952727983707,1387.5,170.0,1,0,0,1,0.0,0.0,0.0,0,0.0,0.0,0.013513513513513514,0.0,0.0,7.963178263708612e-06,16,0.6931471805599453,0.0,0.0,0.6931471805599453,2.833213344056216,0.013423020332140687,115790.0,45044.5,100589.5,0.6931471805599453,0.0,-3.9219733362813143
2930000,13707042,1,0,0,1747755122,0.0,0,100,94,2,4,100,0.02127659574468085,2.0,0.0425531914893617,1,3956713,4.61512051684126,4.61512051684126,4.553876891600541,1.0986122886681098,1.6094379124341003,1387.5,616.0,1,0,0,1,0.0,0.0,0.0,0,0.0,0.0,0.012987012987012988,0.0,0.0,7.652924565122562e-06,16,0.6931471805599453,0.0,0.0,0.6931471805599453,2.833213344056216,0.012903404835907888,115790.0,48479.0,100589.5,0.6931471805599453,0.0,-3.9219733362813143
2112000,4046629,1,0,0,1747926597,0.0,0,100,99,1,0,100,0.010101010101010102,0.0,0.0,0,3629122,4.61512051684126,4.61512051684126,4.605170185988092,0.6931471805599453,0.0,1387.5,2349.0,18,0,0,18,0.0,0.0,0.0,0,0.0,0.0,0.08599592627052581,0.0,0.0,5.067526592252552e-05,286,2.9444389791664403,0.0,0.0,2.9444389791664403,5.659482215759621,0.08249747037259567,437.0,1722.0,100589.5,0.6931471805599453,0.0,-1.6706815376748194
2874000,14486877,1,0,0,1746863722,0.0,0,100,99,0,1,100,0.0,0.0,0.010101010101010102,1,3682410,4.61512051684126,4.61512051684126,4.605170185988092,0.0,0.6931471805599453,1387.5,1627.0,1,0,0,1,0.0,0.0,0.0,0,0.0,0.0,0.0,0.0,0.0,0.0,16,0.6931471805599453,0.0,0.0,0.6931471805599453,2.833213344056216,0.0,115790.0,133760.5,100589.5,0.6931471805599453,0.0,-3.9219733362813143
5598000,10485098,1,0,0,1748841505,0.0,0,100,99,1,0,100,0.010101010101010102,0.0,0.0,0,2351355,4.61512051684126,4.61512051684126,4.605170185988092,0.6931471805599453,0.0,1387.5,2349.0,1,0,0,1,0.0,0.0,0.0,0,0.0,0.0,0.0,0.0,0.0,0.0,16,0.6931471805599453,0.0,0.0,0.6931471805599453,2.833213344056216,0.0,115790.0,133760.5,100589.5,0.6931471805599453,0.0,-3.9219733362813143
3000000,13513999,1,0,0,1749014363,0.0,0,100,94,2,4,100,0.02127659574468085,2.0,0.0425531914893617,1,4398962,4.61512051684126,4.61512051684126,4.553876891600541,1.0986122886681098,1.6094379124341003,1387.5,616.0,8,0,0,8,0.0,0.0,0.0,0,0.0,0.0,0.0,0.0,0.0,0.0,112,2.1972245773362196,0.0,0.0,2.1972245773362196,4.727387818712341,0.0,2162.5,133760.5,100589.5,0.6931471805599453,0.0,-2.41789593950504
7690000,11474131,1,0,0,1745495670,0.0,0,100,76,17,7,100,0.2236842105263158,0.4117647058823529,0.09210526315789473,1,6421116,4.61512051684126,4.61512051684126,4.343805421853684,2.8903717578961645,2.0794415416798357,1387.5,232.5,18,2,1,21,0.1111111111111111,0.5,0.05555555555555555,1,0.0,1.0,0.43244019136455447,0.0,0.0005892751915144372,0.00025482627658488774,304,2.9444389791664403,1.0986122886681098,0.6931471805599453,3.091042453358316,5.720311776607412,0.35937941750621843,297.5,46.0,3561.0,0.6931471805599453,0.0,-1.5240780634829436
8134000,1848004,1,0,0,1740699215,0.0,0,100,99,1,0,100,0.010101010101010102,0.0,0.0,0,12060359,4.61512051684126,4.61512051684126,4.605170185988092,0.6931471805599453,0.0,1387.5,2349.0,5,0,0,5,0.0,0.0,0.0,0,0.0,0.0,0.0,0.0,0.0,0.0,80,1.791759469228055,0.0,0.0,1.791759469228055,4.394449154672439,0.0,5102.5,133760.5,100589.5,0.6931471805599453,0.0,-2.8233610476132047
4228000,4131926,1,0,0,1748840485,0.0,0,100,100,0,0,100,0.0,0.0,0.0,0,1609812,4.61512051684126,4.61512051684126,4.61512051684126,0.0,0.0,1387.5,2349.0,1,0,0,1,0.0,0.0,0.0,0,0.0,0.0,0.0,0.0,0.0,0.0,16,0.6931471805599453,0.0,0.0,0.6931471805599453,2.833213344056216,0.0,115790.0,133760.5,100589.5,0.6931471805599453,0.0,-3.9219733362813143
3990000,12060836,1,0,0,1748604678,0.0,0,100,73,21,6,100,0.2876712328767123,0.2857142857142857,0.0821917808219178,1,2698621,4.61512051684126,4.61512051684126,4.30406509320417,3.091042453358316,1.9459101490553132,1387.5,275.0,1,0,0,1,0.0,0.0,0.0,0,0.0,0.0,0.0,0.0,0.0,0.0,11,0.6931471805599453,0.0,0.0,0.6931471805599453,2.4849066497880004,0.0,115790.0,133760.5,100589.5,0.6931471805599453,0.0,-3.9219733362813143
1114000,15380956,1,0,0,1748021049,0.0,0,100,100,0,0,100,0.0,0.0,0.0,0,1518031,4.61512051684126,4.61512051684126,4.61512051684126,0.0,0.0,1387.5,2349.0,10,0,0,10,0.0,0.0,0.0,0,0.0,0.0,0.052667578659370724,0.0,0.0,3.103569750110237e-05,155,2.3978952727983707,0.0,0.0,2.3978952727983707,5.049856007249537,0.05132749352915541,1420.5,4300.0,100589.5,0.6931471805599453,0.0,-2.217225244042889
6108000,11232395,1,0,0,1748841746,0.0,0,100,97,0,3,100,0.0,0.0,0.030927835051546393,1,2464218,4.61512051684126,4.61512051684126,4.584967478670572,0.0,1.3862943611198906,1387.5,873.5,3,0,1,4,0.0,0.0,0.3333333333333333,1,0.0,1.0,0.015384615384615385,0.0,0.0005892751915144372,9.065772177145188e-06,57,1.3862943611198906,0.0,0.6931471805599453,1.6094379124341003,4.060443010546419,0.015267472130788435,7577.5,35808.0,3561.0,0.6931471805599453,0.0,-3.005682604407159
5472000,11878059,1,0,0,1748452142,0.0,0,100,81,11,8,100,0.13580246913580246,0.7272727272727273,0.09876543209876543,1,2167342,4.61512051684126,4.61512051684126,4.406719247264253,2.4849066497880004,2.1972245773362196,1387.5,216.0,5,1,0,6,0.2,0.0,0.0,0,0.0,0.0,0.0,0.0,0.0,0.0,96,1.791759469228055,0.6931471805599453,0.0,1.9459101490553132,4.574710978503383,0.0,3676.0,133760.5,100589.5,0.6931471805599453,0.0,-2.6692103677859462
6546000,8397476,1,0,0,1747288260,0.0,0,100,96,3,1,100,0.03125,0.3333333333333333,0.010416666666666666,1,7678268,4.61512051684126,4.61512051684126,4.574710978503383,1.3862943611198906,0.6931471805599453,1387.5,1350.0,2,0,0,2,0.0,0.0,0.0,0,0.0,0.0,0.01098901098901099,0.0,0.0,6.4755515551037065e-06,32,1.0986122886681098,0.0,0.0,1.0986122886681098,3.4965075614664802,0.01092907053219027,26680.5,65646.0,100589.5,0.6931471805599453,0.0,-3.5165082281731497
8918000,15606470,1,0,0,1746951600,0.0,0,100,99,1,0,100,0.010101010101010102,0.0,0.0,0,2974783,4.61512051684126,4.61512051684126,4.605170185988092,0.6931471805599453,0.0,1387.5,2349.0,70,2,0,72,0.02857142857142857,0.0,0.0,0,0.0,0.0,0.23691724846352474,0.0,0.0,0.00013960945696141707,1078,4.2626798770413155,1.0986122886681098,0.0,4.290459441148391,6.983789965258135,0.21262219421511097,11.0,196.0,100589.5,0.6931471805599453,0.0,-0.32466107569286873
7064000,14113741,1,0,0,1747395934,0.0,0,100,92,7,1,100,0.07608695652173914,0.14285714285714285,0.010869565217391304,1,3456101,4.61512051684126,4.61512051684126,4.532599493153256,2.0794415416798357,0.6931471805599453,1387.5,1260.5,1,0,0,1,0.0,0.0,0.0,0,0.0,0.0,0.0,0.0,0.0,0.0,16,0.6931471805599453,0.0,0.0,0.6931471805599453,2.833213344056216,0.0,115790.0,133760.5,100589.5,0.6931471805599453,0.0,-3.9219733362813143
2288000,950117,1,0,0,1747465574,0.0,0,100,98,2,0,100,0.02040816326530612,0.0,0.0,0,3042441,4.61512051684126,4.61512051684126,4.59511985013459,1.0986122886681098,0.0,1387.5,2349.0,1,0,0,1,0.0,0.0,0.0,0,0.0,0.0,0.0,0.0,0.0,0.0,16,0.6931471805599453,0.0,0.0,0.6931471805599453,2.833213344056216,0.0,115790.0,133760.5,100589.5,0.6931471805599453,0.0,-3.9219733362813143
4298000,1258707,1,0,0,1749564661,0.0,0,100,85,15,0,100,0.17647058823529413,0.0,0.0,0,9540252,4.61512051684126,4.61512051684126,4.454347296253507,2.772588722239781,0.0,1387.5,2349.0,5,0,0,5,0.0,0.0,0.0,0,0.0,0.0,0.0,0.0,0.0,0.0,63,1.791759469228055,0.0,0.0,1.791759469228055,4.1588830833596715,0.0,5102.5,133760.5,100589.5,0.6931471805599453,0.0,-2.8233610476132047
8344000,4108232,1,0,0,1746997512,0.0,0,100,99,1,0,100,0.010101010101010102,0.0,0.0,0,2799786,4.61512051684126,4.61512051684126,4.605170185988092,0.6931471805599453,0.0,1387.5,2349.0,3,0,0,3,0.0,0.0,0.0,0,0.0,0.0,0.0,0.0,0.0,0.0,48,1.3862943611198906,0.0,0.0,1.3862943611198906,3.8918202981106265,0.0,12635.5,133760.5,100589.5,0.6931471805599453,0.0,-3.228826155721369
2482000,7752199,1,0,0,1747885013,0.0,0,100,98,1,1,100,0.01020408163265306,1.0,0.01020408163265306,1,3452131,4.61512051684126,4.61512051684126,4.59511985013459,0.6931471805599453,0.6931471805599453,1387.5,1497.0,1,0,0,1,0.0,0.0,0.0,0,0.0,0.0,0.0,0.0,0.0,0.0,16,0.6931471805599453,0.0,0.0,0.6931471805599453,2.833213344056216,0.0,115790.0,133760.5,100589.5,0.6931471805599453,0.0,-3.9219733362813143
8000,3074396,1,0,0,1747088822,0.0,0,100,93,2,5,100,0.021505376344086023,2.5,0.053763440860215055,1,2959166,4.61512051684126,4.61512051684126,4.543294782270004,1.0986122886681098,1.791759469228055,1387.5,492.0,1,0,0,1,0.0,0.0,0.0,0,0.0,0.0,0.0,0.0,0.0,0.0,16,0.6931471805599453,0.0,0.0,0.6931471805599453,2.833213344056216,0.0,115790.0,133760.5,100589.5,0.6931471805599453,0.0,-3.9219733362813143
1146000,2740159,1,0,0,1748267107,0.0,0,100,94,2,4,100,0.02127659574468085,2.0,0.0425531914893617,1,7302995,4.61512051684126,4.61512051684126,4.553876891600541,1.0986122886681098,1.6094379124341003,1387.5,616.0,1,0,0,1,0.0,0.0,0.0,0,0.0,0.0,0.0,0.0,0.0,0.0,16,0.6931471805599453,0.0,0.0,0.6931471805599453,2.833213344056216,0.0,115790.0,133760.5,100589.5,0.6931471805599453,0.0,-3.9219733362813143
10014000,4094918,1,0,0,1747730298,0.0,0,100,84,2,14,100,0.023809523809523808,7.0,0.16666666666666666,1,9174277,4.61512051684126,4.61512051684126,4.442651256490317,1.0986122886681098,2.70805020110221,1387.5,91.0,1,0,0,1,0.0,0.0,0.0,0,0.0,0.0,0.0,0.0,0.0,0.0,16,0.6931471805599453,0.0,0.0,0.6931471805599453,2.833213344056216,0.0,115790.0,133760.5,100589.5,0.6931471805599453,0.0,-3.9219733362813143
4528000,10112447,1,0,0,1749256100,0.0,0,74,74,0,0,74,0.0,0.0,0.0,0,12375911,4.31748811353631,4.31748811353631,4.31748811353631,0.0,0.0,2826.0,2349.0,3,0,0,3,0.0,0.0,0.0,0,0.0,0.0,0.0,0.0,0.0,0.0,48,1.3862943611198906,0.0,0.0,1.3862943611198906,3.8918202981106265,0.0,12635.5,133760.5,100589.5,0.6931471805599453,0.0,-2.9311937524164193
1806000,15849940,1,0,0,1749168877,0.0,0,100,98,2,0,100,0.02040816326530612,0.0,0.0,0,1568645,4.61512051684126,4.61512051684126,4.59511985013459,1.0986122886681098,0.0,1387.5,2349.0,2,0,0,2,0.0,0.0,0.0,0,0.0,0.0,0.0,0.0,0.0,0.0,32,1.0986122886681098,0.0,0.0,1.0986122886681098,3.4965075614664802,0.0,26680.5,133760.5,100589.5,0.6931471805599453,0.0,-3.5165082281731497
9908000,12917723,1,0,0,1747111282,0.0,0,100,84,13,3,100,0.15476190476190477,0.23076923076923078,0.03571428571428571,1,3191930,4.61512051684126,4.61512051684126,4.442651256490317,2.6390573296152584,1.3862943611198906,1387.5,687.5,1,0,0,1,0.0,0.0,0.0,0,0.0,0.0,0.016666666666666666,0.0,0.0,9.821253191907288e-06,16,0.6931471805599453,0.0,0.0,0.6931471805599453,2.833213344056216,0.016529301951210565,115790.0,31444.0,100589.5,0.6931471805599453,0.0,-3.9219733362813143
4716000,4488597,1,0,0,1748229344,0.0,0,100,99,1,0,100,0.010101010101010102,0.0,0.0,0,2148831,4.61512051684126,4.61512051684126,4.605170185988092,0.6931471805599453,0.0,1387.5,2349.0,2,0,0,2,0.0,0.0,0.0,0,0.0,0.0,0.0,0.0,0.0,0.0,32,1.0986122886681098,0.0,0.0,1.0986122886681098,3.4965075614664802,0.0,26680.5,133760.5,100589.5,0.6931471805599453,0.0,-3.5165082281731497
8276000,5202306,1,0,0,1749030819,0.0,0,100,98,1,1,99,0.01020408163265306,1.0,0.01020408163265306,1,7175748,4.61512051684126,4.605170185988092,4.59511985013459,0.6931471805599453,0.6931471805599453,1387.5,1497.0,1,0,0,1,0.0,0.0,0.0,0,0.0,0.0,0.0,0.0,0.0,0.0,16,0.6931471805599453,0.0,0.0,0.6931471805599453,2.833213344056216,0.0,115790.0,133760.5,100589.5,0.6931471805599453,0.0,-3.9120230054281464
314000,3962437,1,0,0,1748588036,0.0,0,100,88,3,9,100,0.03409090909090909,3.0,0.10227272727272728,1,2852885,4.61512051684126,4.61512051684126,4.48863636973214,1.3862943611198906,2.302585092994046,1387.5,200.0,1,0,0,1,0.0,0.0,0.0,0,0.0,0.0,0.0,0.0,0.0,0.0,16,0.6931471805599453,0.0,0.0,0.6931471805599453,2.833213344056216,0.0,115790.0,133760.5,100589.5,0.6931471805599453,0.0,-3.9219733362813143
542000,8240977,1,0,0,1741860762,0.0,0,100,89,8,3,100,0.0898876404494382,0.375,0.033707865168539325,1,9101235,4.61512051684126,4.61512051684126,4.499809670330265,2.1972245773362196,1.3862943611198906,1387.5,705.0,1,0,0,1,0.0,0.0,0.0,0,0.0,0.0,0.012195121951219513,0.0,0.0,7.186282823346796e-06,16,0.6931471805599453,0.0,0.0,0.6931471805599453,2.833213344056216,0.01212136053234481,115790.0,54473.0,100589.5,0.6931471805599453,0.0,-3.9219733362813143
1120000,14441383,1,0,0,1748681541,0.0,0,100,85,14,1,100,0.16470588235294117,0.07142857142857142,0.011764705882352941,1,1796917,4.61512051684126,4.61512051684126,4.454347296253507,2.70805020110221,0.6931471805599453,1387.5,1229.0,1,0,0,1,0.0,0.0,0.0,0,0.0,0.0,0.0,0.0,0.0,0.0,16,0.6931471805599453,0.0,0.0,0.6931471805599453,2.833213344056216,0.0,115790.0,133760.5,100589.5,0.6931471805599453,0.0,-3.9219733362813143
1472000,4170092,1,0,0,1747047993,0.0,0,100,97,3,0,100,0.030927835051546393,0.0,0.0,0,4122113,4.61512051684126,4.61512051684126,4.584967478670572,1.3862943611198906,0.0,1387.5,2349.0,2,0,0,2,0.0,0.0,0.0,0,0.0,0.0,0.010638297872340425,0.0,0.0,6.268885016111034e-06,31,1.0986122886681098,0.0,0.0,1.0986122886681098,3.4657359027997265,0.010582109330536937,26680.5,68317.5,100589.5,0.6931471805599453,0.0,-3.5165082281731497
7598000,5575389,1,0,0,1750904020,0.0,0,100,98,0,2,100,0.0,0.0,0.02040816326530612,1,8089654,4.61512051684126,4.61512051684126,4.59511985013459,0.0,1.0986122886681098,1387.5,1177.0,1,0,0,1,0.0,0.0,0.0,0,0.0,0.0,0.0,0.0,0.0,0.0,16,0.6931471805599453,0.0,0.0,0.6931471805599453,2.833213344056216,0.0,115790.0,133760.5,100589.5,0.6931471805599453,0.0,-3.9219733362813143
8520000,12286479,1,0,0,1747457013,0.0,0,100,96,4,0,100,0.041666666666666664,0.0,0.0,0,4227083,4.61512051684126,4.61512051684126,4.574710978503383,1.6094379124341003,0.0,1387.5,2349.0,3,0,0,3,0.0,0.0,0.0,0,0.0,0.0,0.0,0.0,0.0,0.0,47,1.3862943611198906,0.0,0.0,1.3862943611198906,3.871201010907891,0.0,12635.5,133760.5,100589.5,0.6931471805599453,0.0,-3.228826155721369
3546000,12511522,1,0,0,1747535160,0.0,0,100,97,3,0,100,0.030927835051546393,0.0,0.0,0,1798233,4.61512051684126,4.61512051684126,4.584967478670572,1.3862943611198906,0.0,1387.5,2349.0,5,0,0,5,0.0,0.0,0.0,0,0.0,0.0,0.023284147827264113,0.0,0.0,1.3720770670161528e-05,74,1.791759469228055,0.0,0.0,1.791759469228055,4.31748811353631,0.023017207763438942,5102.5,18686.5,100589.5,0.6931471805599453,0.0,-2.8233610476132047
3882000,13121664,1,0,0,1747804747,0.0,0,100,80,13,7,100,0.1625,0.5384615384615384,0.0875,1,3591501,4.61512051684126,4.61512051684126,4.394449154672439,2.6390573296152584,2.0794415416798357,1387.5,261.5,2,0,0,2,0.0,0.0,0.0,0,0.0,0.0,0.024098124098124098,0.0,0.0,1.4200426693060753e-05,32,1.0986122886681098,0.0,0.0,1.0986122886681098,3.4965075614664802,0.023812346341033998,26680.5,17948.0,100589.5,0.6931471805599453,0.0,-3.5165082281731497
2412000,3698458,0,1,0,1747660189,0.0,0,100,63,14,23,100,0.2222222222222222,1.6428571428571428,0.36507936507936506,1,4490557,4.61512051684126,4.61512051684126,4.1588830833596715,2.70805020110221,3.1780538303479458,1387.5,14.0,3,1,0,4,0.3333333333333333,0.0,0.0,0,0.0,0.0,0.011627906976744186,0.0,0.0,6.852037110632991e-06,64,1.3862943611198906,0.6931471805599453,0.0,1.6094379124341003,4.174387269895637,0.011560822401075985,7577.5,58650.5,100589.5,0.0,0.6931471805599453,-3.005682604407159
9750000,8658011,1,0,0,1745060181,0.0,0,100,90,6,4,100,0.06666666666666667,0.6666666666666666,0.044444444444444446,1,5097616,4.61512051684126,4.61512051684126,4.51085950651685,1.9459101490553132,1.6094379124341003,1387.5,565.0,2,0,0,2,0.0,0.0,0.0,0,0.0,0.0,0.18253968253968253,0.0,0.0,0.000107566106387556,26,1.0986122886681098,0.0,0.0,1.0986122886681098,3.295836866004329,0.16766439899398114,26680.5,331.0,100589.5,0.6931471805599453,0.0,-3.5165082281731497
3050000,7396386,1,0,0,1750058093,0.0,0,100,99,0,1,100,0.0,0.0,0.010101010101010102,1,3081789,4.61512051684126,4.61512051684126,4.605170185988092,0.0,0.6931471805599453,1387.5,1627.0,1,0,0,1,0.0,0.0,0.0,0,0.0,0.0,0.0,0.0,0.0,0.0,16,0.6931471805599453,0.0,0.0,0.6931471805599453,2.833213344056216,0.0,115790.0,133760.5,100589.5,0.6931471805599453,0.0,-3.9219733362813143
7248000,14176810,1,0,0,1750581953,0.0,0,100,100,0,0,100,0.0,0.0,0.0,0,2827530,4.61512051684126,4.61512051684126,4.61512051684126,0.0,0.0,1387.5,2349.0,2,0,0,2,0.0,0.0,0.0,0,0.0,0.0,0.0,0.0,0.0,0.0,32,1.0986122886681098,0.0,0.0,1.0986122886681098,3.4965075614664802,0.0,26680.5,133760.5,100589.5,0.6931471805599453,0.0,-3.5165082281731497
4756000,5837756,1,0,0,1748632367,0.0,0,100,96,1,3,100,0.010416666666666666,3.0,0.03125,1,3767535,4.61512051684126,4.61512051684126,4.574710978503383,0.6931471805599453,1.3862943611198906,1387.5,834.0,1,0,0,1,0.0,0.0,0.0,0,0.0,0.0,0.0,0.0,0.0,0.0,16,0.6931471805599453,0.0,0.0,0.6931471805599453,2.833213344056216,0.0,115790.0,133760.5,100589.5,0.6931471805599453,0.0,-3.9219733362813143
5844000,15718829,1,0,0,1748383847,0.0,0,100,95,3,2,100,0.031578947368421054,0.6666666666666666,0.021052631578947368,1,10691740,4.61512051684126,4.61512051684126,4.564348191467836,1.3862943611198906,1.0986122886681098,1387.5,1019.0,1,0,0,1,0.0,0.0,0.0,0,0.0,0.0,0.0,0.0,0.0,0.0,16,0.6931471805599453,0.0,0.0,0.6931471805599453,2.833213344056216,0.0,115790.0,133760.5,100589.5,0.6931471805599453,0.0,-3.9219733362813143
856000,3893557,1,0,0,1748269332,0.0,0,100,78,17,5,100,0.21794871794871795,0.29411764705882354,0.0641025641025641,1,8553302,4.61512051684126,4.61512051684126,4.3694478524670215,2.8903717578961645,1.791759469228055,1387.5,403.0,10,0,0,10,0.0,0.0,0.0,0,0.0,0.0,0.0,0.0,0.0,0.0,158,2.3978952727983707,0.0,0.0,2.3978952727983707,5.0689042022202315,0.0,1420.5,133760.5,100589.5,0.6931471805599453,0.0,-2.217225244042889
2760000,1670091,1,0,0,1746661553,0.0,0,100,90,5,5,100,0.05555555555555555,1.0,0.05555555555555555,1,2903559,4.61512051684126,4.61512051684126,4.51085950651685,1.791759469228055,1.791759469228055,1387.5,454.5,4,0,0,4,0.0,0.0,0.0,0,0.0,0.0,0.017857142857142856,0.0,0.0,1.0522771277043522e-05,59,1.6094379124341003,0.0,0.0,1.6094379124341003,4.0943445622221,0.017699577099400916,7577.5,28323.5,100589.5,0.6931471805599453,0.0,-3.005682604407159
7916000,1217667,1,0,0,1746589729,0.0,0,100,88,9,3,100,0.10227272727272728,0.3333333333333333,0.03409090909090909,1,3055039,4.61512051684126,4.61512051684126,4.48863636973214,2.302585092994046,1.3862943611198906,1387.5,699.5,1,0,0,1,0.0,0.0,0.0,0,0.0,0.0,0.02127659574468085,0.0,0.0,1.2537770032222069e-05,16,0.6931471805599453,0.0,0.0,0.6931471805599453,2.833213344056216,0.021053409197832343,115790.0,22267.5,100589.5,0.6931471805599453,0.0,-3.9219733362813143
9776000,12765042,0,1,0,1748330449,0.0,0,100,94,6,0,100,0.06382978723404255,0.0,0.0,0,3674783,4.61512051684126,4.61512051684126,4.553876891600541,1.9459101490553132,0.0,1387.5,2349.0,1,1,0,2,1.0,0.0,0.0,0,0.0,0.0,0.0,0.0,0.0,0.0,32,0.6931471805599453,0.6931471805599453,0.0,1.0986122886681098,3.4965075614664802,0.0,26680.5,133760.5,100589.5,0.0,0.6931471805599453,-3.5165082281731497
8788000,8863195,1,0,0,1745155274,0.0,0,100,95,2,3,100,0.021052631578947368,1.5,0.031578947368421054,1,4061071,4.61512051684126,4.61512051684126,4.564348191467836,1.0986122886681098,1.3862943611198906,1387.5,792.5,1,0,0,1,0.0,0.0,0.0,0,0.0,0.0,0.013333333333333334,0.0,0.0,7.857002553525831e-06,16,0.6931471805599453,0.0,0.0,0.6931471805599453,2.833213344056216,0.013245226750020638,115790.0,46425.5,100589.5,0.6931471805599453,0.0,-3.9219733362813143
2728000,9946606,0,1,0,1747730265,0.0,0,100,89,11,0,100,0.12359550561797752,0.0,0.0,0,4957675,4.61512051684126,4.61512051684126,4.499809670330265,2.4849066497880004,0.0,1387.5,2349.0,0,1,0,1,0.0,0.0,0.0,0,0.0,0.0,0.0,0.0,0.0,0.0,16,0.0,0.6931471805599453,0.0,0.6931471805599453,2.833213344056216,0.0,115790.0,133760.5,100589.5,0.0,0.6931471805599453,-3.9219733362813143
6440000,1556939,1,0,0,1747290275,0.0,0,100,98,1,1,100,0.01020408163265306,1.0,0.01020408163265306,1,4339670,4.61512051684126,4.61512051684126,4.59511985013459,0.6931471805599453,0.6931471805599453,1387.5,1497.0,1,0,0,1,0.0,0.0,0.0,0,0.0,0.0,0.014925373134328358,0.0,0.0,8.79515211215578e-06,16,0.6931471805599453,0.0,0.0,0.6931471805599453,2.833213344056216,0.014815085785140639,115790.0,37765.0,100589.5,0.6931471805599453,0.0,-3.9219733362813143
536000,4031201,1,0,0,1747137690,0.0,0,100,84,8,8,100,0.09523809523809523,1.0,0.09523809523809523,1,4355672,4.61512051684126,4.61512051684126,4.442651256490317,2.1972245773362196,2.1972245773362196,1387.5,222.5,5,0,0,5,0.0,0.0,0.0,0,0.0,0.0,0.04363636363636364,0.0,0.0,2.571382653881181e-05,79,1.791759469228055,0.0,0.0,1.791759469228055,4.382026634673881,0.04271111809304982,5102.5,6155.5,100589.5,0.6931471805599453,0.0,-2.8233610476132047
1668000,14816061,1,0,0,1746765342,0.0,0,100,99,1,0,99,0.010101010101010102,0.0,0.0,0,6633818,4.61512051684126,4.605170185988092,4.605170185988092,0.6931471805599453,0.0,1387.5,2349.0,21,3,0,24,0.14285714285714285,0.0,0.0,0,0.0,0.0,0.05377520067683292,0.0,0.0,3.1688391677568016e-05,362,3.091042453358316,1.3862943611198906,0.0,3.2188758248682006,5.8944028342648505,0.05237914528101968,207.0,4204.0,100589.5,0.6931471805599453,0.0,-1.3862943611198912
7792000,9903405,1,0,0,1752423313,0.0,0,100,100,0,0,100,0.0,0.0,0.0,0,3264080,4.61512051684126,4.61512051684126,4.61512051684126,0.0,0.0,1387.5,2349.0,1,0,0,1,0.0,0.0,0.0,0,0.0,0.0,0.0,0.0,0.0,0.0,16,0.6931471805599453,0.0,0.0,0.6931471805599453,2.833213344056216,0.0,115790.0,133760.5,100589.5,0.6931471805599453,0.0,-3.9219733362813143
216000,11867918,1,0,0,1748334507,0.0,0,100,92,6,2,100,0.06521739130434782,0.3333333333333333,0.021739130434782608,1,3357205,4.61512051684126,4.61512051684126,4.532599493153256,1.9459101490553132,1.0986122886681098,1387.5,959.0,2,2,0,4,1.0,0.0,0.0,0,0.0,0.0,0.0,0.0,0.0,0.0,63,1.0986122886681098,1.0986122886681098,0.0,1.6094379124341003,4.1588830833596715,0.0,7577.5,133760.5,100589.5,0.6931471805599453,0.0,-3.005682604407159
498000,15102744,1,0,0,1747309224,0.0,0,100,100,0,0,100,0.0,0.0,0.0,0,1895199,4.61512051684126,4.61512051684126,4.61512051684126,0.0,0.0,1387.5,2349.0,1,0,0,1,0.0,0.0,0.0,0,0.0,0.0,0.0,0.0,0.0,0.0,13,0.6931471805599453,0.0,0.0,0.6931471805599453,2.6390573296152584,0.0,115790.0,133760.5,100589.5,0.6931471805599453,0.0,-3.9219733362813143
3790000,3589020,1,0,0,1746855515,0.0,0,100,80,14,6,100,0.175,0.42857142857142855,0.075,1,1816581,4.61512051684126,4.61512051684126,4.394449154672439,2.70805020110221,1.9459101490553132,1387.5,336.0,2,0,0,2,0.0,0.0,0.0,0,0.0,0.0,0.012195121951219513,0.0,0.0,7.186282823346796e-06,24,1.0986122886681098,0.0,0.0,1.0986122886681098,3.2188758248682006,0.01212136053234481,26680.5,54473.0,100589.5,0.6931471805599453,0.0,-3.5165082281731497
8224000,9905307,1,0,0,1744289907,0.0,0,100,98,2,0,96,0.02040816326530612,0.0,0.0,0,5421650,4.61512051684126,4.574710978503383,4.59511985013459,1.0986122886681098,0.0,1387.5,2349.0,1,0,0,1,0.0,0.0,0.0,0,0.0,0.0,0.0,0.0,0.0,0.0,16,0.6931471805599453,0.0,0.0,0.6931471805599453,2.833213344056216,0.0,115790.0,133760.5,100589.5,0.6931471805599453,0.0,-3.8815637979434374
6366000,15248162,1,0,0,1748329629,0.0,0,100,100,0,0,100,0.0,0.0,0.0,0,6937208,4.61512051684126,4.61512051684126,4.61512051684126,0.0,0.0,1387.5,2349.0,1,0,0,1,0.0,0.0,0.0,0,0.0,0.0,0.0,0.0,0.0,0.0,16,0.6931471805599453,0.0,0.0,0.6931471805599453,2.833213344056216,0.0,115790.0,133760.5,100589.5,0.6931471805599453,0.0,-3.9219733362813143
178000,1377555,1,0,0,1745810124,0.0,0,100,99,1,0,100,0.010101010101010102,0.0,0.0,0,5963125,4.61512051684126,4.61512051684126,4.605170185988092,0.6931471805599453,0.0,1387.5,2349.0,1,0,0,1,0.0,0.0,0.0,0,0.0,0.0,0.0,0.0,0.0,0.0,16,0.6931471805599453,0.0,0.0,0.6931471805599453,2.833213344056216,0.0,115790.0,133760.5,100589.5,0.6931471805599453,0.0,-3.9219733362813143
3608000,9458313,1,0,0,1748943942,0.0,0,100,99,1,0,100,0.010101010101010102,0.0,0.0,0,1740806,4.61512051684126,4.61512051684126,4.605170185988092,0.6931471805599453,0.0,1387.5,2349.0,7,0,0,7,0.0,0.0,0.0,0,0.0,0.0,0.0,0.0,0.0,0.0,107,2.0794415416798357,0.0,0.0,2.0794415416798357,4.68213122712422,0.0,2788.0,133760.5,100589.5,0.6931471805599453,0.0,-2.535678975161424
6260000,6263742,1,0,0,1749077425,0.0,0,100,100,0,0,100,0.0,0.0,0.0,0,1922475,4.61512051684126,4.61512051684126,4.61512051684126,0.0,0.0,1387.5,2349.0,1,0,0,1,0.0,0.0,0.0,0,0.0,0.0,0.0,0.0,0.0,0.0,16,0.6931471805599453,0.0,0.0,0.6931471805599453,2.833213344056216,0.0,115790.0,133760.5,100589.5,0.6931471805599453,0.0,-3.9219733362813143
8372000,9641584,1,0,0,1747884508,0.0,0,100,95,4,1,100,0.042105263157894736,0.25,0.010526315789473684,1,3280364,4.61512051684126,4.61512051684126,4.564348191467836,1.6094379124341003,0.6931471805599453,1387.5,1321.0,2,0,0,2,0.0,0.0,0.0,0,0.0,0.0,0.0,0.0,0.0,0.0,32,1.0986122886681098,0.0,0.0,1.0986122886681098,3.4965075614664802,0.0,26680.5,133760.5,100589.5,0.6931471805599453,0.0,-3.5165082281731497
6968000,7149138,0,1,0,1747106829,0.0,0,100,87,11,2,100,0.12643678160919541,0.18181818181818182,0.022988505747126436,1,1884790,4.61512051684126,4.61512051684126,4.477336814478207,2.4849066497880004,1.0986122886681098,1387.5,916.5,0,1,0,1,0.0,0.0,0.0,0,0.0,0.0,0.0136986301369863,0.0,0.0,8.072262897458043e-06,16,0.0,0.6931471805599453,0.0,0.6931471805599453,2.833213344056216,0.013605652055778624,115790.0,43900.0,100589.5,0.0,0.6931471805599453,-3.9219733362813143
1728000,4013686,1,0,0,1749714290,0.0,0,100,100,0,0,100,0.0,0.0,0.0,0,2738077,4.61512051684126,4.61512051684126,4.61512051684126,0.0,0.0,1387.5,2349.0,2,0,0,2,0.0,0.0,0.0,0,0.0,0.0,0.0,0.0,0.0,0.0,32,1.0986122886681098,0.0,0.0,1.0986122886681098,3.4965075614664802,0.0,26680.5,133760.5,100589.5,0.6931471805599453,0.0,-3.5165082281731497
7072000,4089108,1,0,0,1747060286,0.0,0,100,94,1,5,100,0.010638297872340425,5.0,0.05319148936170213,1,3343849,4.61512051684126,4.61512051684126,4.553876891600541,0.6931471805599453,1.791759469228055,1387.5,512.5,1,0,0,1,0.0,0.0,0.0,0,0.0,0.0,0.014925373134328358,0.0,0.0,8.79515211215578e-06,16,0.6931471805599453,0.0,0.0,0.6931471805599453,2.833213344056216,0.014815085785140639,115790.0,37765.0,100589.5,0.6931471805599453,0.0,-3.9219733362813143
3160000,10751000,0,1,0,1742106684,0.0,0,100,80,16,4,100,0.2,0.25,0.05,1,6529915,4.61512051684126,4.61512051684126,4.394449154672439,2.833213344056216,1.6094379124341003,1387.5,537.5,0,1,0,1,0.0,0.0,0.0,0,0.0,0.0,0.011363636363636364,0.0,0.0,6.696308994482241e-06,9,0.0,0.6931471805599453,0.0,0.6931471805599453,2.302585092994046,0.011299555253933367,115790.0,61498.0,100589.5,0.0,0.6931471805599453,-3.9219733362813143
6786000,3347053,1,0,0,1738668282,0.0,0,100,97,0,3,100,0.0,0.0,0.030927835051546393,1,12959909,4.61512051684126,4.61512051684126,4.584967478670572,0.0,1.3862943611198906,1387.5,873.5,1,0,0,1,0.0,0.0,0.0,0,0.0,0.0,0.012195121951219513,0.0,0.0,7.186282823346796e-06,16,0.6931471805599453,0.0,0.0,0.6931471805599453,2.833213344056216,0.01212136053234481,115790.0,54473.0,100589.5,0.6931471805599453,0.0,-3.9219733362813143
710000,707478,1,0,0,1751856905,0.0,0,100,99,1,0,100,0.010101010101010102,0.0,0.0,0,7943037,4.61512051684126,4.61512051684126,4.605170185988092,0.6931471805599453,0.0,1387.5,2349.0,1,0,0,1,0.0,0.0,0.0,0,0.0,0.0,0.0,0.0,0.0,0.0,13,0.6931471805599453,0.0,0.0,0.6931471805599453,2.6390573296152584,0.0,115790.0,133760.5,100589.5,0.6931471805599453,0.0,-3.9219733362813143
90000,13571919,1,0,0,1748606449,0.0,0,100,96,2,2,100,0.020833333333333332,1.0,0.020833333333333332,1,3341287,4.61512051684126,4.61512051684126,4.574710978503383,1.0986122886681098,1.0986122886681098,1387.5,1054.0,1,0,0,1,0.0,0.0,0.0,0,0.0,0.0,0.0,0.0,0.0,0.0,16,0.6931471805599453,0.0,0.0,0.6931471805599453,2.833213344056216,0.0,115790.0,133760.5,100589.5,0.6931471805599453,0.0,-3.9219733362813143
4984000,44465,1,0,0,1747474777,0.0,0,100,95,2,3,100,0.021052631578947368,1.5,0.031578947368421054,1,1719249,4.61512051684126,4.61512051684126,4.564348191467836,1.0986122886681098,1.3862943611198906,1387.5,792.5,1,0,0,1,0.0,0.0,0.0,0,0.0,0.0,0.023255813953488372,0.0,0.0,1.3704074221265982e-05,16,0.6931471805599453,0.0,0.0,0.6931471805599453,2.833213344056216,0.02298951822469874,115790.0,19053.5,100589.5,0.6931471805599453,0.0,-3.9219733362813143
3574000,2767111,1,0,0,1749068599,0.0,0,100,96,0,4,100,0.0,0.0,0.041666666666666664,1,3391368,4.61512051684126,4.61512051684126,4.574710978503383,0.0,1.6094379124341003,1387.5,665.5,1,0,0,1,0.0,0.0,0.0,0,0.0,0.0,0.0,0.0,0.0,0.0,9,0.6931471805599453,0.0,0.0,0.6931471805599453,2.302585092994046,0.0,115790.0,133760.5,100589.5,0.6931471805599453,0.0,-3.9219733362813143
4022000,6670558,1,0,0,1742466764,0.0,0,100,98,1,1,100,0.01020408163265306,1.0,0.01020408163265306,1,9310915,4.61512051684126,4.61512051684126,4.59511985013459,0.6931471805599453,0.6931471805599453,1387.5,1497.0,1,0,0,1,0.0,0.0,0.0,0,0.0,0.0,0.01098901098901099,0.0,0.0,6.4755515551037065e-06,16,0.6931471805599453,0.0,0.0,0.6931471805599453,2.833213344056216,0.01092907053219027,115790.0,65646.0,100589.5,0.6931471805599453,0.0,-3.9219733362813143
5458000,9339299,1,0,0,1748010400,0.0,0,100,97,0,3,100,0.0,0.0,0.030927835051546393,1,2438234,4.61512051684126,4.61512051684126,4.584967478670572,0.0,1.3862943611198906,1387.5,873.5,1,0,0,1,0.0,0.0,0.0,0,0.0,0.0,0.0,0.0,0.0,0.0,16,0.6931471805599453,0.0,0.0,0.6931471805599453,2.833213344056216,0.0,115790.0,133760.5,100589.5,0.6931471805599453,0.0,-3.9219733362813143
5470000,12476658,1,0,0,1749086894,0.0,0,100,97,3,0,100,0.030927835051546393,0.0,0.0,0,1377272,4.61512051684126,4.61512051684126,4.584967478670572,1.3862943611198906,0.0,1387.5,2349.0,1,0,0,1,0.0,0.0,0.0,0,0.0,0.0,0.0,0.0,0.0,0.0,16,0.6931471805599453,0.0,0.0,0.6931471805599453,2.833213344056216,0.0,115790.0,133760.5,100589.5,0.6931471805599453,0.0,-3.9219733362813143
5264000,12508800,1,0,0,1749748383,0.0,0,58,58,0,0,58,0.0,0.0,0.0,0,1573084,4.07753744390572,4.07753744390572,4.07753744390572,0.0,0.0,2858.5,2349.0,1,0,0,1,0.0,0.0,0.0,0,0.0,0.0,0.0,0.0,0.0,0.0,16,0.6931471805599453,0.0,0.0,0.6931471805599453,2.833213344056216,0.0,115790.0,133760.5,100589.5,0.6931471805599453,0.0,-3.3843902633457743
3732000,10112214,1,0,0,1748176283,0.0,0,100,99,1,0,100,0.010101010101010102,0.0,0.0,0,4043506,4.61512051684126,4.61512051684126,4.605170185988092,0.6931471805599453,0.0,1387.5,2349.0,2,0,0,2,0.0,0.0,0.0,0,0.0,0.0,0.0,0.0,0.0,0.0,32,1.0986122886681098,0.0,0.0,1.0986122886681098,3.4965075614664802,0.0,26680.5,133760.5,100589.5,0.6931471805599453,0.0,-3.5165082281731497
5928000,11221789,1,0,0,1748520813,0.0,0,100,100,0,0,98,0.0,0.0,0.0,0,4371421,4.61512051684126,4.59511985013459,4.61512051684126,0.0,0.0,1387.5,2349.0,1,0,0,1,0.0,0.0,0.0,0,0.0,0.0,0.0,0.0,0.0,0.0,13,0.6931471805599453,0.0,0.0,0.6931471805599453,2.6390573296152584,0.0,115790.0,133760.5,100589.5,0.6931471805599453,0.0,-3.9019726695746444
468000,9002903,1,0,0,1749098543,0.0,0,100,95,4,1,100,0.042105263157894736,0.25,0.010526315789473684,1,8084876,4.61512051684126,4.61512051684126,4.564348191467836,1.6094379124341003,0.6931471805599453,1387.5,1321.0,20,0,2,22,0.0,0.0,0.1,2,0.0,2.0,0.0494300307817204,0.0,0.0011785503830288745,2.9127890855462814e-05,326,3.044522437723423,0.0,1.0986122886681098,3.1354942159291497,5.7899601708972535,0.04824718895813557,260.5,4966.0,171.5,0.6931471805599453,0.0,-1.47962630091211
4206000,5122598,1,0,0,1747453306,0.0,0,100,82,14,4,100,0.17073170731707318,0.2857142857142857,0.04878048780487805,1,3009664,4.61512051684126,4.61512051684126,4.418840607796598,2.70805020110221,1.6094379124341003,1387.5,540.0,6,0,0,6,0.0,0.0,0.0,0,0.0,0.0,0.09997410142389923,0.0,0.0,5.891225776305199e-05,93,1.9459101490553132,0.0,0.0,1.9459101490553132,4.543294782270004,0.09528663536706516,3676.0,1337.0,100589.5,0.6931471805599453,0.0,-2.6692103677859462
4358000,15828666,1,0,0,1746744352,0.0,0,100,93,0,7,100,0.0,0.0,0.07526881720430108,1,3671019,4.61512051684126,4.61512051684126,4.543294782270004,0.0,2.0794415416798357,1387.5,333.0,2,0,0,2,0.0,0.0,0.0,0,0.0,0.0,0.024725274725274724,0.0,0.0,1.4569990998983338e-05,32,1.0986122886681098,0.0,0.0,1.0986122886681098,3.4965075614664802,0.02442455200707488,26680.5,17303.0,100589.5,0.6931471805599453,0.0,-3.5165082281731497
5348000,1333821,1,0,0,1750893715,0.0,0,100,100,0,0,100,0.0,0.0,0.0,0,2831594,4.61512051684126,4.61512051684126,4.61512051684126,0.0,0.0,1387.5,2349.0,1,0,0,1,0.0,0.0,0.0,0,0.0,0.0,0.0,0.0,0.0,0.0,16,0.6931471805599453,0.0,0.0,0.6931471805599453,2.833213344056216,0.0,115790.0,133760.5,100589.5,0.6931471805599453,0.0,-3.9219733362813143
566000,3344192,1,0,0,1747958419,0.0,0,100,96,4,0,100,0.041666666666666664,0.0,0.0,0,1877063,4.61512051684126,4.61512051684126,4.574710978503383,1.6094379124341003,0.0,1387.5,2349.0,1,0,0,1,0.0,0.0,0.0,0,0.0,0.0,0.0,0.0,0.0,0.0,16,0.6931471805599453,0.0,0.0,0.6931471805599453,2.833213344056216,0.0,115790.0,133760.5,100589.5,0.6931471805599453,0.0,-3.9219733362813143
4442000,8717653,1,0,0,1745825908,0.0,0,100,100,0,0,100,0.0,0.0,0.0,0,3629165,4.61512051684126,4.61512051684126,4.61512051684126,0.0,0.0,1387.5,2349.0,2,0,0,2,0.0,0.0,0.0,0,0.0,0.0,0.0,0.0,0.0,0.0,27,1.0986122886681098,0.0,0.0,1.0986122886681098,3.332204510175204,0.0,26680.5,133760.5,100589.5,0.6931471805599453,0.0,-3.5165082281731497
6882000,15185762,1,0,0,1748535907,0.0,0,100,99,0,1,100,0.0,0.0,0.010101010101010102,1,3012986,4.61512051684126,4.61512051684126,4.605170185988092,0.0,0.6931471805599453,1387.5,1627.0,1,0,0,1,0.0,0.0,0.0,0,0.0,0.0,0.0,0.0,0.0,0.0,11,0.6931471805599453,0.0,0.0,0.6931471805599453,2.4849066497880004,0.0,115790.0,133760.5,100589.5,0.6931471805599453,0.0,-3.9219733362813143
5620000,1622678,1,0,0,1749249446,0.0,0,100,96,1,3,100,0.010416666666666666,3.0,0.03125,1,2714170,4.61512051684126,4.61512051684126,4.574710978503383,0.6931471805599453,1.3862943611198906,1387.5,834.0,1,0,0,1,0.0,0.0,0.0,0,0.0,0.0,0.0,0.0,0.0,0.0,16,0.6931471805599453,0.0,0.0,0.6931471805599453,2.833213344056216,0.0,115790.0,133760.5,100589.5,0.6931471805599453,0.0,-3.9219733362813143
3956000,10781877,1,0,0,1746398438,0.0,0,100,100,0,0,100,0.0,0.0,0.0,0,3131518,4.61512051684126,4.61512051684126,4.61512051684126,0.0,0.0,1387.5,2349.0,1,0,0,1,0.0,0.0,0.0,0,0.0,0.0,0.0,0.0,0.0,0.0,9,0.6931471805599453,0.0,0.0,0.6931471805599453,2.302585092994046,0.0,115790.0,133760.5,100589.5,0.6931471805599453,0.0,-3.9219733362813143
9824000,8733496,1,0,0,1747367701,0.0,0,100,96,2,2,100,0.020833333333333332,1.0,0.020833333333333332,1,1843150,4.61512051684126,4.61512051684126,4.574710978503383,1.0986122886681098,1.0986122886681098,1387.5,1054.0,39,1,0,40,0.02564102564102564,0.0,0.0,0,0.0,0.0,0.16554204869137984,0.0,0.0,9.754982244630515e-05,610,3.6888794541139363,0.6931471805599453,0.0,3.713572066704308,6.415096959171596,0.15318625665616784,55.5,449.0,100589.5,0.6931471805599453,0.0,-0.9015484501369517
3416000,14892544,1,0,0,1748687388,0.0,0,100,100,0,0,100,0.0,0.0,0.0,0,2226944,4.61512051684126,4.61512051684126,4.61512051684126,0.0,0.0,1387.5,2349.0,4,0,1,5,0.0,0.0,0.25,0,0.0,0.0,0.03225806451612903,0.0,0.0,1.9008877145627007e-05,72,1.6094379124341003,0.0,0.6931471805599453,1.791759469228055,4.290459441148391,0.0317486983145803,5102.5,11078.0,3561.0,0.6931471805599453,0.0,-2.8233610476132047
5454000,4258441,1,0,0,1748325866,0.0,0,100,61,39,0,100,0.639344262295082,0.0,0.0,0,2277110,4.61512051684126,4.61512051684126,4.127134385045092,3.6888794541139363,0.0,1387.5,2349.0,3,0,0,3,0.0,0.0,0.0,0,0.0,0.0,0.0,0.0,0.0,0.0,47,1.3862943611198906,0.0,0.0,1.3862943611198906,3.871201010907891,0.0,12635.5,133760.5,100589.5,0.6931471805599453,0.0,-3.228826155721369
8254000,12825466,1,0,0,1748341878,0.0,0,100,94,5,1,100,0.05319148936170213,0.2,0.010638297872340425,1,2541471,4.61512051684126,4.61512051684126,4.553876891600541,1.791759469228055,0.6931471805599453,1387.5,1296.0,1,0,0,1,0.0,0.0,0.0,0,0.0,0.0,0.0,0.0,0.0,0.0,16,0.6931471805599453,0.0,0.0,0.6931471805599453,2.833213344056216,0.0,115790.0,133760.5,100589.5,0.6931471805599453,0.0,-3.9219733362813143
3482000,2404462,1,0,0,1746779700,0.0,0,100,86,6,8,100,0.06976744186046512,1.3333333333333333,0.09302325581395349,1,4589664,4.61512051684126,4.61512051684126,4.465908118654584,1.9459101490553132,2.1972245773362196,1387.5,228.5,4,0,0,4,0.0,0.0,0.0,0,0.0,0.0,0.0,0.0,0.0,0.0,64,1.6094379124341003,0.0,0.0,1.6094379124341003,4.174387269895637,0.0,7577.5,133760.5,100589.5,0.6931471805599453,0.0,-3.005682604407159
3420000,4067944,1,0,0,1748095996,0.0,0,100,86,8,6,100,0.09302325581395349,0.75,0.06976744186046512,1,2862808,4.61512051684126,4.61512051684126,4.465908118654584,2.1972245773362196,1.9459101490553132,1387.5,350.5,10,0,1,11,0.0,0.0,0.1,1,0.0,1.0,0.06635723431498079,0.0,0.0005892751915144372,3.9102671959328694e-05,174,2.3978952727983707,0.0,0.6931471805599453,2.4849066497880004,5.1647859739235145,0.06424838622280149,1187.0,2808.0,3561.0,0.6931471805599453,0.0,-2.1302138670532593
4194000,4269208,1,0,0,1744241160,0.0,0,100,89,3,8,100,0.033707865168539325,2.6666666666666665,0.0898876404494382,1,5396382,4.61512051684126,4.61512051684126,4.499809670330265,1.3862943611198906,2.1972245773362196,1387.5,244.5,1,0,0,1,0.0,0.0,0.0,0,0.0,0.0,0.011363636363636364,0.0,0.0,6.696308994482241e-06,16,0.6931471805599453,0.0,0.0,0.6931471805599453,2.833213344056216,0.011299555253933367,115790.0,61498.0,100589.5,0.6931471805599453,0.0,-3.9219733362813143
5052000,14284311,1,0,0,1744087309,0.0,0,100,92,4,4,100,0.043478260869565216,1.0,0.043478260869565216,1,5312793,4.61512051684126,4.61512051684126,4.532599493153256,1.6094379124341003,1.6094379124341003,1387.5,582.5,1,0,0,1,0.0,0.0,0.0,0,0.0,0.0,0.02631578947368421,0.0,0.0,1.5507241881958875e-05,16,0.6931471805599453,0.0,0.0,0.6931471805599453,2.833213344056216,0.025975486403260657,115790.0,15550.0,100589.5,0.6931471805599453,0.0,-3.9219733362813143
4472000,4308641,1,0,0,1748085112,0.0,0,100,94,2,4,100,0.02127659574468085,2.0,0.0425531914893617,1,2980552,4.61512051684126,4.61512051684126,4.553876891600541,1.0986122886681098,1.6094379124341003,1387.5,616.0,2,0,0,2,0.0,0.0,0.0,0,0.0,0.0,0.012987012987012988,0.0,0.0,7.652924565122562e-06,32,1.0986122886681098,0.0,0.0,1.0986122886681098,3.4965075614664802,0.012903404835907888,26680.5,48479.0,100589.5,0.6931471805599453,0.0,-3.5165082281731497
5518000,3241687,1,0,0,1746523439,0.0,0,100,90,8,2,100,0.08888888888888889,0.25,0.022222222222222223,1,9638174,4.61512051684126,4.61512051684126,4.51085950651685,2.1972245773362196,1.0986122886681098,1387.5,934.0,2,0,0,2,0.0,0.0,0.0,0,0.0,0.0,0.0,0.0,0.0,0.0,32,1.0986122886681098,0.0,0.0,1.0986122886681098,3.4965075614664802,0.0,26680.5,133760.5,100589.5,0.6931471805599453,0.0,-3.5165082281731497
7056000,11246,1,0,0,1747783032,0.0,0,100,99,1,0,100,0.010101010101010102,0.0,0.0,0,4821091,4.61512051684126,4.61512051684126,4.605170185988092,0.6931471805599453,0.0,1387.5,2349.0,1,0,0,1,0.0,0.0,0.0,0,0.0,0.0,0.0,0.0,0.0,0.0,16,0.6931471805599453,0.0,0.0,0.6931471805599453,2.833213344056216,0.0,115790.0,133760.5,100589.5,0.6931471805599453,0.0,-3.9219733362813143
484000,2990074,1,0,0,1749762729,0.0,0,100,96,1,3,100,0.010416666666666666,3.0,0.03125,1,4182662,4.61512051684126,4.61512051684126,4.574710978503383,0.6931471805599453,1.3862943611198906,1387.5,834.0,1,0,0,1,0.0,0.0,0.0,0,0.0,0.0,0.0,0.0,0.0,0.0,8,0.6931471805599453,0.0,0.0,0.6931471805599453,2.1972245773362196,0.0,115790.0,133760.5,100589.5,0.6931471805599453,0.0,-3.9219733362813143
6878000,11199381,0,1,0,1746854118,0.0,0,100,99,1,0,100,0.010101010101010102,0.0,0.0,0,3130958,4.61512051684126,4.61512051684126,4.605170185988092,0.6931471805599453,0.0,1387.5,2349.0,1,1,0,2,1.0,0.0,0.0,0,0.0,0.0,0.0,0.0,0.0,0.0,30,0.6931471805599453,0.6931471805599453,0.0,1.0986122886681098,3.4339872044851463,0.0,26680.5,133760.5,100589.5,0.0,0.6931471805599453,-3.5165082281731497
3828000,4233636,1,0,0,1745319753,0.0,0,100,87,3,10,100,0.034482758620689655,3.3333333333333335,0.11494252873563218,1,7508483,4.61512051684126,4.61512051684126,4.477336814478207,1.3862943611198906,2.3978952727983707,1387.5,174.5,2,0,0,2,0.0,0.0,0.0,0,0.0,0.0,0.0125,0.0,0.0,7.3659398939304655e-06,32,1.0986122886681098,0.0,0.0,1.0986122886681098,3.4965075614664802,0.012422519998557154,26680.5,52083.0,100589.5,0.6931471805599453,0.0,-3.5165082281731497
9620000,9626548,1,0,0,1748009242,0.0,0,92,88,1,3,91,0.011363636363636364,3.0,0.03409090909090909,1,1608897,4.532599493153256,4.5217885770490405,4.48863636973214,0.6931471805599453,1.3862943611198906,2790.5,699.5,89,0,2,91,0.0,0.0,0.02247191011235955,1,0.0,1.0,0.2794028104626731,0.0,0.0005892751915144372,0.00016464514464506371,1356,4.499809670330265,0.0,1.0986122886681098,4.5217885770490405,7.213031659834869,0.24639341473515566,4.0,114.0,171.5,0.6931471805599453,0.0,0.0
7218000,10794500,1,0,0,1749439771,0.0,0,100,100,0,0,100,0.0,0.0,0.0,0,4615316,4.61512051684126,4.61512051684126,4.61512051684126,0.0,0.0,1387.5,2349.0,5,0,0,5,0.0,0.0,0.0,0,0.0,0.0,0.0,0.0,0.0,0.0,79,1.791759469228055,0.0,0.0,1.791759469228055,4.382026634673881,0.0,5102.5,133760.5,100589.5,0.6931471805599453,0.0,-2.8233610476132047
1636000,1286973,1,0,0,1748317383,0.0,0,100,96,1,3,100,0.010416666666666666,3.0,0.03125,1,4685461,4.61512051684126,4.61512051684126,4.574710978503383,0.6931471805599453,1.3862943611198906,1387.5,834.0,8,0,0,8,0.0,0.0,0.0,0,0.0,0.0,0.026333907056798625,0.0,0.0,1.55179181242184e-05,128,2.1972245773362196,0.0,0.0,2.1972245773362196,4.859812404361672,0.025993139277148986,2162.5,15379.0,100589.5,0.6931471805599453,0.0,-2.41789593950504
1830000,7326818,1,0,0,1744632772,0.0,0,100,79,3,18,100,0.0379746835443038,6.0,0.22784810126582278,1,8055307,4.61512051684126,4.61512051684126,4.382026634673881,1.3862943611198906,2.9444389791664403,1387.5,48.0,1,0,0,1,0.0,0.0,0.0,0,0.0,0.0,0.021739130434782608,0.0,0.0,1.2810330250313852e-05,16,0.6931471805599453,0.0,0.0,0.6931471805599453,2.833213344056216,0.021506205220963585,115790.0,21473.5,100589.5,0.6931471805599453,0.0,-3.9219733362813143
7304000,1012161,1,0,0,1749640168,0.0,0,28,28,0,0,28,0.0,0.0,0.0,0,2334767,3.367295829986474,3.367295829986474,3.367295829986474,0.0,0.0,2921.5,2349.0,3,0,0,3,0.0,0.0,0.0,0,0.0,0.0,0.0,0.0,0.0,0.0,36,1.3862943611198906,0.0,0.0,1.3862943611198906,3.6109179126442243,0.0,12635.5,133760.5,100589.5,0.6931471805599453,0.0,-1.9810014688665836
1278000,11412279,1,0,0,1745805518,0.0,0,100,99,0,1,100,0.0,0.0,0.010101010101010102,1,4199014,4.61512051684126,4.61512051684126,4.605170185988092,0.0,0.6931471805599453,1387.5,1627.0,1,0,0,1,0.0,0.0,0.0,0,0.0,0.0,0.02564102564102564,0.0,0.0,1.510962029524198e-05,14,0.6931471805599453,0.0,0.0,0.6931471805599453,2.70805020110221,0.025317807984289873,115790.0,16240.5,100589.5,0.6931471805599453,0.0,-3.9219733362813143
1016000,12193301,1,0,0,1749105062,0.0,0,100,100,0,0,97,0.0,0.0,0.0,0,1719873,4.61512051684126,4.584967478670572,4.61512051684126,0.0,0.0,1387.5,2349.0,3,0,0,3,0.0,0.0,0.0,0,0.0,0.0,0.0,0.0,0.0,0.0,45,1.3862943611198906,0.0,0.0,1.3862943611198906,3.828641396489095,0.0,12635.5,133760.5,100589.5,0.6931471805599453,0.0,-3.1986731175506815
190000,10828386,1,0,0,1748678465,0.0,0,100,91,4,5,100,0.04395604395604396,1.25,0.054945054945054944,1,2791490,4.61512051684126,4.61512051684126,4.5217885770490405,1.6094379124341003,1.791759469228055,1387.5,465.0,2,0,0,2,0.0,0.0,0.0,0,0.0,0.0,0.0,0.0,0.0,0.0,32,1.0986122886681098,0.0,0.0,1.0986122886681098,3.4965075614664802,0.0,26680.5,133760.5,100589.5,0.6931471805599453,0.0,-3.5165082281731497
7152000,10268377,1,0,0,1750077834,0.0,0,100,100,0,0,100,0.0,0.0,0.0,0,5248600,4.61512051684126,4.61512051684126,4.61512051684126,0.0,0.0,1387.5,2349.0,1,0,0,1,0.0,0.0,0.0,0,0.0,0.0,0.0,0.0,0.0,0.0,16,0.6931471805599453,0.0,0.0,0.6931471805599453,2.833213344056216,0.0,115790.0,133760.5,100589.5,0.6931471805599453,0.0,-3.9219733362813143
994000,13926448,1,0,0,1748253509,0.0,0,100,99,0,1,100,0.0,0.0,0.010101010101010102,1,3833584,4.61512051684126,4.61512051684126,4.605170185988092,0.0,0.6931471805599453,1387.5,1627.0,3,0,0,3,0.0,0.0,0.0,0,0.0,0.0,0.0,0.0,0.0,0.0,48,1.3862943611198906,0.0,0.0,1.3862943611198906,3.8918202981106265,0.0,12635.5,133760.5,100589.5,0.6931471805599453,0.0,-3.228826155721369
5794000,8934119,1,0,0,1746840585,0.0,0,100,87,12,1,100,0.13793103448275862,0.08333333333333333,0.011494252873563218,1,2427109,4.61512051684126,4.61512051684126,4.477336814478207,2.5649493574615367,0.6931471805599453,1387.5,1233.0,1,0,0,1,0.0,0.0,0.0,0,0.0,0.0,0.0,0.0,0.0,0.0,16,0.6931471805599453,0.0,0.0,0.6931471805599453,2.833213344056216,0.0,115790.0,133760.5,100589.5,0.6931471805599453,0.0,-3.9219733362813143
7072000,573200,1,0,0,1748688043,0.0,0,100,94,1,5,100,0.010638297872340425,5.0,0.05319148936170213,1,3343849,4.61512051684126,4.61512051684126,4.553876891600541,0.6931471805599453,1.791759469228055,1387.5,512.5,1,1,0,2,1.0,0.0,0.0,0,0.0,0.0,0.0,0.0,0.0,0.0,32,0.6931471805599453,0.6931471805599453,0.0,1.0986122886681098,3.4965075614664802,0.0,26680.5,133760.5,100589.5,0.6931471805599453,0.0,-3.5165082281731497
1414000,14009003,1,0,0,1751698895,0.0,0,100,97,3,0,100,0.030927835051546393,0.0,0.0,0,13973732,4.61512051684126,4.61512051684126,4.584967478670572,1.3862943611198906,0.0,1387.5,2349.0,1,0,0,1,0.0,0.0,0.0,0,0.0,0.0,0.0,0.0,0.0,0.0,16,0.6931471805599453,0.0,0.0,0.6931471805599453,2.833213344056216,0.0,115790.0,133760.5,100589.5,0.6931471805599453,0.0,-3.9219733362813143
5952000,12886473,1,0,0,1748244267,0.0,0,100,100,0,0,100,0.0,0.0,0.0,0,2557121,4.61512051684126,4.61512051684126,4.61512051684126,0.0,0.0,1387.5,2349.0,1,0,0,1,0.0,0.0,0.0,0,0.0,0.0,0.0,0.0,0.0,0.0,16,0.6931471805599453,0.0,0.0,0.6931471805599453,2.833213344056216,0.0,115790.0,133760.5,100589.5,0.6931471805599453,0.0,-3.9219733362813143
9088000,9583050,1,0,0,1747884057,0.0,0,100,98,1,1,100,0.01020408163265306,1.0,0.01020408163265306,1,4431759,4.61512051684126,4.61512051684126,4.59511985013459,0.6931471805599453,0.6931471805599453,1387.5,1497.0,1,0,0,1,0.0,0.0,0.0,0,0.0,0.0,0.0,0.0,0.0,0.0,16,0.6931471805599453,0.0,0.0,0.6931471805599453,2.833213344056216,0.0,115790.0,133760.5,100589.5,0.6931471805599453,0.0,-3.9219733362813143
48000,14785089,1,0,0,1745937248,0.0,0,100,93,6,1,100,0.06451612903225806,0.16666666666666666,0.010752688172043012,1,5009885,4.61512051684126,4.61512051684126,4.543294782270004,1.9459101490553132,0.6931471805599453,1387.5,1272.5,2,0,1,3,0.0,0.0,0.5,0,0.0,0.0,0.041666666666666664,0.0,0.0,2.4553132979768216e-05,43,1.0986122886681098,0.0,0.6931471805599453,1.3862943611198906,3.784189633918261,0.040821994520255124,12635.5,6872.0,3561.0,0.6931471805599453,0.0,-3.228826155721369
3216000,5888873,1,0,0,1746407247,0.0,0,100,99,0,1,100,0.0,0.0,0.010101010101010102,1,3101083,4.61512051684126,4.61512051684126,4.605170185988092,0.0,0.6931471805599453,1387.5,1627.0,1,0,0,1,0.0,0.0,0.0,0,0.0,0.0,0.011764705882352941,0.0,0.0,6.932649311934555e-06,16,0.6931471805599453,0.0,0.0,0.6931471805599453,2.833213344056216,0.011696039763191278,115790.0,57837.0,100589.5,0.6931471805599453,0.0,-3.9219733362813143
8128000,1246132,1,0,0,1743883895,0.0,0,100,89,10,1,100,0.11235955056179775,0.1,0.011235955056179775,1,5564079,4.61512051684126,4.61512051684126,4.499809670330265,2.3978952727983707,0.6931471805599453,1387.5,1238.5,1,0,0,1,0.0,0.0,0.0,0,0.0,0.0,0.018518518518518517,0.0,0.0,1.0912503546563651e-05,16,0.6931471805599453,0.0,0.0,0.6931471805599453,2.833213344056216,0.018349138668196534,115790.0,27162.0,100589.5,0.6931471805599453,0.0,-3.9219733362813143
608000,2225933,1,0,0,1747108748,0.0,0,100,98,1,1,100,0.01020408163265306,1.0,0.01020408163265306,1,2268646,4.61512051684126,4.61512051684126,4.59511985013459,0.6931471805599453,0.6931471805599453,1387.5,1497.0,1,0,0,1,0.0,0.0,0.0,0,0.0,0.0,0.016129032258064516,0.0,0.0,9.504438572813504e-06,16,0.6931471805599453,0.0,0.0,0.6931471805599453,2.833213344056216,0.01600034134644113,115790.0,32725.5,100589.5,0.6931471805599453,0.0,-3.9219733362813143
9726000,7758361,1,0,0,1745035360,0.0,0,100,79,8,13,100,0.10126582278481013,1.625,0.16455696202531644,1,4449393,4.61512051684126,4.61512051684126,4.382026634673881,2.1972245773362196,2.6390573296152584,1387.5,95.0,1,0,0,1,0.0,0.0,0.0,0,0.0,0.0,0.01282051282051282,0.0,0.0,7.55481014762099e-06,16,0.6931471805599453,0.0,0.0,0.6931471805599453,2.833213344056216,0.012739025777429757,115790.0,49831.0,100589.5,0.6931471805599453,0.0,-3.9219733362813143
6138000,12727573,1,0,0,1748113580,0.0,0,100,100,0,0,100,0.0,0.0,0.0,0,2948391,4.61512051684126,4.61512051684126,4.61512051684126,0.0,0.0,1387.5,2349.0,30,3,1,34,0.1,0.3333333333333333,0.03333333333333333,1,0.0,1.0,0.1548309477696173,0.0,0.0005892751915144372,9.123803639930307e-05,518,3.4339872044851463,1.3862943611198906,0.6931471805599453,3.5553480614894135,6.251903883165888,0.143953967693841,85.5,501.0,3561.0,0.6931471805599453,0.0,-1.0597724553518462
5362000,267743,1,0,0,1748757709,0.0,0,100,99,1,0,100,0.010101010101010102,0.0,0.0,0,1825067,4.61512051684126,4.61512051684126,4.605170185988092,0.6931471805599453,0.0,1387.5,2349.0,1,0,0,1,0.0,0.0,0.0,0,0.0,0.0,0.0,0.0,0.0,0.0,16,0.6931471805599453,0.0,0.0,0.6931471805599453,2.833213344056216,0.0,115790.0,133760.5,100589.5,0.6931471805599453,0.0,-3.9219733362813143
8196000,5825576,1,0,0,1747520618,0.0,0,100,99,1,0,99,0.010101010101010102,0.0,0.0,0,2424620,4.61512051684126,4.605170185988092,4.605170185988092,0.6931471805599453,0.0,1387.5,2349.0,5,0,0,5,0.0,0.0,0.0,0,0.0,0.0,0.02765804597701149,0.0,0.0,1.6298200340018557e-05,79,1.791759469228055,0.0,0.0,1.791759469228055,4.382026634673881,0.027282471595799992,5102.5,14240.0,100589.5,0.6931471805599453,0.0,-2.813410716760037
5536000,2025267,1,0,0,1749822231,0.0,0,100,100,0,0,100,0.0,0.0,0.0,0,2578818,4.61512051684126,4.61512051684126,4.61512051684126,0.0,0.0,1387.5,2349.0,1,0,0,1,0.0,0.0,0.0,0,0.0,0.0,0.0,0.0,0.0,0.0,16,0.6931471805599453,0.0,0.0,0.6931471805599453,2.833213344056216,0.0,115790.0,133760.5,100589.5,0.6931471805599453,0.0,-3.9219733362813143
5218000,12312008,1,0,0,1747352438,0.0,0,100,95,3,2,99,0.031578947368421054,0.6666666666666666,0.021052631578947368,1,3336490,4.61512051684126,4.605170185988092,4.564348191467836,1.3862943611198906,1.0986122886681098,1387.5,1019.0,9,0,2,11,0.0,0.0,0.2222222222222222,0,0.0,0.0,0.07117621178152832,0.0,0.0,4.194237582883224e-05,163,2.302585092994046,0.0,1.0986122886681098,2.4849066497880004,5.099866427824199,0.06875730807349545,1187.0,2428.0,171.5,0.6931471805599453,0.0,-2.1202635362000914
2776000,12689246,1,0,0,1748478133,0.0,0,100,99,1,0,100,0.010101010101010102,0.0,0.0,0,2842179,4.61512051684126,4.61512051684126,4.605170185988092,0.6931471805599453,0.0,1387.5,2349.0,5,0,0,5,0.0,0.0,0.0,0,0.0,0.0,0.0,0.0,0.0,0.0,77,1.791759469228055,0.0,0.0,1.791759469228055,4.356708826689592,0.0,5102.5,133760.5,100589.5,0.6931471805599453,0.0,-2.8233610476132047
1692000,8831657,1,0,0,1747556933,0.0,0,100,90,10,0,100,0.1111111111111111,0.0,0.0,0,3367125,4.61512051684126,4.61512051684126,4.51085950651685,2.3978952727983707,0.0,1387.5,2349.0,1,0,0,1,0.0,0.0,0.0,0,0.0,0.0,0.0,0.0,0.0,0.0,16,0.6931471805599453,0.0,0.0,0.6931471805599453,2.833213344056216,0.0,115790.0,133760.5,100589.5,0.6931471805599453,0.0,-3.9219733362813143
8998000,11666719,1,0,0,1739165648,0.0,0,100,86,12,2,98,0.13953488372093023,0.16666666666666666,0.023255813953488372,1,9790181,4.61512051684126,4.59511985013459,4.465908118654584,2.5649493574615367,1.0986122886681098,1387.5,913.5,1,0,0,1,0.0,0.0,0.0,0,0.0,0.0,0.015873015873015872,0.0,0.0,9.35357446848313e-06,11,0.6931471805599453,0.0,0.0,0.6931471805599453,2.4849066497880004,0.015748356968139168,115790.0,33705.5,100589.5,0.6931471805599453,0.0,-3.9019726695746444
1596000,142037,1,0,0,1744890969,0.0,0,100,92,5,3,100,0.05434782608695652,0.6,0.03260869565217391,1,3754784,4.61512051684126,4.61512051684126,4.532599493153256,1.791759469228055,1.3862943611198906,1387.5,725.5,1,0,0,1,0.0,0.0,0.0,0,0.0,0.0,0.014925373134328358,0.0,0.0,8.79515211215578e-06,9,0.6931471805599453,0.0,0.0,0.6931471805599453,2.302585092994046,0.014815085785140639,115790.0,37765.0,100589.5,0.6931471805599453,0.0,-3.9219733362813143
8300000,8500882,1,0,0,1742389746,0.0,0,100,97,1,2,100,0.010309278350515464,2.0,0.020618556701030927,1,10847737,4.61512051684126,4.61512051684126,4.584967478670572,0.6931471805599453,1.0986122886681098,1387.5,1108.0,1,0,0,1,0.0,0.0,0.0,0,0.0,0.0,0.013333333333333334,0.0,0.0,7.857002553525831e-06,16,0.6931471805599453,0.0,0.0,0.6931471805599453,2.833213344056216,0.013245226750020638,115790.0,46425.5,100589.5,0.6931471805599453,0.0,-3.9219733362813143
9004000,12703251,1,0,0,1745317615,0.0,0,100,98,2,0,100,0.02040816326530612,0.0,0.0,0,6157512,4.61512051684126,4.61512051684126,4.59511985013459,1.0986122886681098,0.0,1387.5,2349.0,3,0,0,3,0.0,0.0,0.0,0,0.0,0.0,0.0,0.0,0.0,0.0,41,1.3862943611198906,0.0,0.0,1.3862943611198906,3.7376696182833684,0.0,12635.5,133760.5,100589.5,0.6931471805599453,0.0,-3.228826155721369
8998000,12075570,1,0,0,1742685674,0.0,0,100,86,12,2,98,0.13953488372093023,0.16666666666666666,0.023255813953488372,1,9790181,4.61512051684126,4.59511985013459,4.465908118654584,2.5649493574615367,1.0986122886681098,1387.5,913.5,1,0,0,1,0.0,0.0,0.0,0,0.0,0.0,0.015873015873015872,0.0,0.0,9.35357446848313e-06,16,0.6931471805599453,0.0,0.0,0.6931471805599453,2.833213344056216,0.015748356968139168,115790.0,33705.5,100589.5,0.6931471805599453,0.0,-3.9019726695746444
4128000,2661630,1,0,0,1743411415,0.0,0,100,94,5,1,100,0.05319148936170213,0.2,0.010638297872340425,1,8149587,4.61512051684126,4.61512051684126,4.553876891600541,1.791759469228055,0.6931471805599453,1387.5,1296.0,4,0,0,4,0.0,0.0,0.0,0,0.0,0.0,0.029386529386529386,0.0,0.0,1.731675273219174e-05,56,1.6094379124341003,0.0,0.0,1.6094379124341003,4.04305126783455,0.02896302226254308,7577.5,12790.5,100589.5,0.6931471805599453,0.0,-3.005682604407159
8300000,1577176,1,0,0,1746447613,0.0,0,100,97,1,2,100,0.010309278350515464,2.0,0.020618556701030927,1,10847737,4.61512051684126,4.61512051684126,4.584967478670572,0.6931471805599453,1.0986122886681098,1387.5,1108.0,2,0,1,3,0.0,0.0,0.5,0,0.0,0.0,0.04475806451612903,0.0,0.0,2.6374817039557472e-05,48,1.0986122886681098,0.0,0.6931471805599453,1.3862943611198906,3.8918202981106265,0.04378534140308211,12635.5,5992.0,3561.0,0.6931471805599453,0.0,-3.228826155721369
9908000,4829206,1,0,0,1748146549,0.0,0,100,84,13,3,100,0.15476190476190477,0.23076923076923078,0.03571428571428571,1,3191930,4.61512051684126,4.61512051684126,4.442651256490317,2.6390573296152584,1.3862943611198906,1387.5,687.5,1,0,0,1,0.0,0.0,0.0,0,0.0,0.0,0.016666666666666666,0.0,0.0,9.821253191907288e-06,16,0.6931471805599453,0.0,0.0,0.6931471805599453,2.833213344056216,0.016529301951210565,115790.0,31444.0,100589.5,0.6931471805599453,0.0,-3.9219733362813143
9060000,2740899,1,0,0,1746505470,0.0,0,100,99,0,1,100,0.0,0.0,0.010101010101010102,1,4948900,4.61512051684126,4.61512051684126,4.605170185988092,0.0,0.6931471805599453,1387.5,1627.0,1,0,0,1,0.0,0.0,0.0,0,0.0,0.0,0.03571428571428571,0.0,0.0,2.1045542554087045e-05,13,0.6931471805599453,0.0,0.0,0.6931471805599453,2.6390573296152584,0.0350913198112701,115790.0,9221.5,100589.5,0.6931471805599453,0.0,-3.9219733362813143
10036000,12701735,1,0,0,1745750569,0.0,0,100,78,11,11,100,0.14102564102564102,1.0,0.14102564102564102,1,3613844,4.61512051684126,4.61512051684126,4.3694478524670215,2.4849066497880004,2.4849066497880004,1387.5,119.5,2,0,0,2,0.0,0.0,0.0,0,0.0,0.0,0.021505376344086023,0.0,0.0,1.2672584763751339e-05,32,1.0986122886681098,0.0,0.0,1.0986122886681098,3.4965075614664802,0.0212773984472849,26680.5,21926.5,100589.5,0.6931471805599453,0.0,-3.5165082281731497
2972000,8682783,1,0,0,1745302684,0.0,0,100,97,0,3,100,0.0,0.0,0.030927835051546393,1,5022341,4.61512051684126,4.61512051684126,4.584967478670572,0.0,1.3862943611198906,1387.5,873.5,1,0,0,1,0.0,0.0,0.0,0,0.0,0.0,0.014084507042253521,0.0,0.0,8.299650584710383e-06,15,0.6931471805599453,0.0,0.0,0.6931471805599453,2.772588722239781,0.01398624197473989,115790.0,41927.5,100589.5,0.6931471805599453,0.0,-3.9219733362813143
9544000,10671873,1,0,0,1746281774,0.0,0,100,95,4,1,100,0.042105263157894736,0.25,0.010526315789473684,1,3922212,4.61512051684126,4.61512051684126,4.564348191467836,1.6094379124341003,0.6931471805599453,1387.5,1321.0,1,0,0,1,0.0,0.0,0.0,0,0.0,0.0,0.02564102564102564,0.0,0.0,1.510962029524198e-05,12,0.6931471805599453,0.0,0.0,0.6931471805599453,2.5649493574615367,0.025317807984289873,115790.0,16240.5,100589.5,0.6931471805599453,0.0,-3.9219733362813143
10074000,6372459,1,0,0,1750250656,0.0,0,100,96,4,0,100,0.041666666666666664,0.0,0.0,0,3827230,4.61512051684126,4.61512051684126,4.574710978503383,1.6094379124341003,0.0,1387.5,2349.0,1,0,0,1,0.0,0.0,0.0,0,0.0,0.0,0.0,0.0,0.0,0.0,16,0.6931471805599453,0.0,0.0,0.6931471805599453,2.833213344056216,0.0,115790.0,133760.5,100589.5,0.6931471805599453,0.0,-3.9219733362813143
8736000,3057360,1,0,0,1743566826,0.0,0,100,96,0,4,100,0.0,0.0,0.041666666666666664,1,8117488,4.61512051684126,4.61512051684126,4.574710978503383,0.0,1.6094379124341003,1387.5,665.5,12,0,0,12,0.0,0.0,0.0,0,0.0,0.0,0.07322456216754285,0.0,0.0,4.3149417894839626e-05,183,2.5649493574615367,0.0,0.0,2.5649493574615367,5.214935757608986,0.07066772615754653,995.0,2282.0,100589.5,0.6931471805599453,0.0,-2.050171159379723
2118000,14808170,1,0,0,1748650257,0.0,0,100,100,0,0,100,0.0,0.0,0.0,0,1234326,4.61512051684126,4.61512051684126,4.61512051684126,0.0,0.0,1387.5,2349.0,2,0,0,2,0.0,0.0,0.0,0,0.0,0.0,0.0,0.0,0.0,0.0,32,1.0986122886681098,0.0,0.0,1.0986122886681098,3.4965075614664802,0.0,26680.5,133760.5,100589.5,0.6931471805599453,0.0,-3.5165082281731497
7650000,6226442,1,0,0,1749663524,0.0,0,100,100,0,0,100,0.0,0.0,0.0,0,5261299,4.61512051684126,4.61512051684126,4.61512051684126,0.0,0.0,1387.5,2349.0,2,0,0,2,0.0,0.0,0.0,0,0.0,0.0,0.0,0.0,0.0,0.0,28,1.0986122886681098,0.0,0.0,1.0986122886681098,3.367295829986474,0.0,26680.5,133760.5,100589.5,0.6931471805599453,0.0,-3.5165082281731497
8362000,8531231,1,0,0,1749291037,0.0,0,100,100,0,0,100,0.0,0.0,0.0,0,3918522,4.61512051684126,4.61512051684126,4.61512051684126,0.0,0.0,1387.5,2349.0,1,0,0,1,0.0,0.0,0.0,0,0.0,0.0,0.0,0.0,0.0,0.0,16,0.6931471805599453,0.0,0.0,0.6931471805599453,2.833213344056216,0.0,115790.0,133760.5,100589.5,0.6931471805599453,0.0,-3.9219733362813143
2648000,11044804,1,0,0,1746883213,0.0,0,100,98,0,2,100,0.0,0.0,0.02040816326530612,1,5957190,4.61512051684126,4.61512051684126,4.59511985013459,0.0,1.0986122886681098,1387.5,1177.0,5,0,0,5,0.0,0.0,0.0,0,0.0,0.0,0.017543859649122806,0.0,0.0,1.033816125463925e-05,79,1.791759469228055,0.0,0.0,1.791759469228055,4.382026634673881,0.017391742711869183,5102.5,29104.0,100589.5,0.6931471805599453,0.0,-2.8233610476132047
8986000,5267583,1,0,0,1746738323,0.0,0,100,92,4,4,100,0.043478260869565216,1.0,0.043478260869565216,1,4497804,4.61512051684126,4.61512051684126,4.532599493153256,1.6094379124341003,1.6094379124341003,1387.5,582.5,1,1,0,2,1.0,0.0,0.0,0,0.0,0.0,0.0367063492063492,0.0,0.0,2.1630140958367237e-05,32,0.6931471805599453,0.6931471805599453,0.0,1.0986122886681098,3.4965075614664802,0.036048715767597446,26680.5,8774.5,100589.5,0.6931471805599453,0.0,-3.5165082281731497
1874000,5875342,1,0,0,1748221941,0.0,0,100,81,13,6,100,0.16049382716049382,0.46153846153846156,0.07407407407407407,1,4830005,4.61512051684126,4.61512051684126,4.406719247264253,2.6390573296152584,1.9459101490553132,1387.5,338.0,1,0,0,1,0.0,0.0,0.0,0,0.0,0.0,0.0,0.0,0.0,0.0,16,0.6931471805599453,0.0,0.0,0.6931471805599453,2.833213344056216,0.0,115790.0,133760.5,100589.5,0.6931471805599453,0.0,-3.9219733362813143
7640000,14827756,1,0,0,1748835115,0.0,0,100,99,0,1,100,0.0,0.0,0.010101010101010102,1,5030006,4.61512051684126,4.61512051684126,4.605170185988092,0.0,0.6931471805599453,1387.5,1627.0,2,0,0,2,0.0,0.0,0.0,0,0.0,0.0,0.0,0.0,0.0,0.0,30,1.0986122886681098,0.0,0.0,1.0986122886681098,3.4339872044851463,0.0,26680.5,133760.5,100589.5,0.6931471805599453,0.0,-3.5165082281731497
196000,214677,1,0,0,1744969639,0.0,0,100,67,6,27,100,0.08955223880597014,4.5,0.40298507462686567,1,4679242,4.61512051684126,4.61512051684126,4.219507705176107,1.9459101490553132,3.332204510175204,1387.5,12.0,1,0,0,1,0.0,0.0,0.0,0,0.0,0.0,0.010416666666666666,0.0,0.0,6.138283244942054e-06,16,0.6931471805599453,0.0,0.0,0.6931471805599453,2.833213344056216,0.010362787035546583,115790.0,69880.5,100589.5,0.6931471805599453,0.0,-3.9219733362813143
1226000,13514317,1,0,0,1741910658,0.0,0,100,94,0,6,100,0.0,0.0,0.06382978723404255,1,14322849,4.61512051684126,4.61512051684126,4.553876891600541,0.0,1.9459101490553132,1387.5,409.5,2,0,0,2,0.0,0.0,0.0,0,0.0,0.0,0.023129791171028286,0.0,0.0,1.3629812121996633e-05,32,1.0986122886681098,0.0,0.0,1.0986122886681098,3.4965075614664802,0.02286635201173886,26680.5,19446.0,100589.5,0.6931471805599453,0.0,-3.5165082281731497
8854000,3000562,1,0,0,1752373259,0.0,0,100,98,2,0,100,0.02040816326530612,0.0,0.0,0,13701438,4.61512051684126,4.61512051684126,4.59511985013459,1.0986122886681098,0.0,1387.5,2349.0,1,0,0,1,0.0,0.0,0.0,0,0.0,0.0,0.0,0.0,0.0,0.0,16,0.6931471805599453,0.0,0.0,0.6931471805599453,2.833213344056216,0.0,115790.0,133760.5,100589.5,0.6931471805599453,0.0,-3.9219733362813143
5662000,10413536,1,0,0,1748656700,0.0,0,100,100,0,0,99,0.0,0.0,0.0,0,2735710,4.61512051684126,4.605170185988092,4.61512051684126,0.0,0.0,1387.5,2349.0,2,0,0,2,0.0,0.0,0.0,0,0.0,0.0,0.0,0.0,0.0,0.0,32,1.0986122886681098,0.0,0.0,1.0986122886681098,3.4965075614664802,0.0,26680.5,133760.5,100589.5,0.6931471805599453,0.0,-3.506557897319982
8526000,12314875,1,0,0,1749788131,0.0,0,100,99,0,1,100,0.0,0.0,0.010101010101010102,1,4472887,4.61512051684126,4.61512051684126,4.605170185988092,0.0,0.6931471805599453,1387.5,1627.0,1,0,0,1,0.0,0.0,0.0,0,0.0,0.0,0.0,0.0,0.0,0.0,9,0.6931471805599453,0.0,0.0,0.6931471805599453,2.302585092994046,0.0,115790.0,133760.5,100589.5,0.6931471805599453,0.0,-3.9219733362813143
5976000,9798893,1,0,0,1741931917,0.0,0,100,98,2,0,98,0.02040816326530612,0.0,0.0,0,9248476,4.61512051684126,4.59511985013459,4.59511985013459,1.0986122886681098,0.0,1387.5,2349.0,1,0,0,1,0.0,0.0,0.0,0,0.0,0.0,0.0,0.0,0.0,0.0,16,0.6931471805599453,0.0,0.0,0.6931471805599453,2.833213344056216,0.0,115790.0,133760.5,100589.5,0.6931471805599453,0.0,-3.9019726695746444
288000,14045696,1,0,0,1749590405,0.0,0,100,100,0,0,100,0.0,0.0,0.0,0,2706232,4.61512051684126,4.61512051684126,4.61512051684126,0.0,0.0,1387.5,2349.0,1,0,0,1,0.0,0.0,0.0,0,0.0,0.0,0.0,0.0,0.0,0.0,16,0.6931471805599453,0.0,0.0,0.6931471805599453,2.833213344056216,0.0,115790.0,133760.5,100589.5,0.6931471805599453,0.0,-3.9219733362813143
6350000,7095078,1,0,0,1745290604,0.0,0,100,100,0,0,100,0.0,0.0,0.0,0,6065381,4.61512051684126,4.61512051684126,4.61512051684126,0.0,0.0,1387.5,2349.0,8,0,0,8,0.0,0.0,0.0,0,0.0,0.0,0.012048192771084338,0.0,0.0,7.099701102583582e-06,122,2.1972245773362196,0.0,0.0,2.1972245773362196,4.812184355372417,0.011976191046715693,2162.5,55873.0,100589.5,0.6931471805599453,0.0,-2.41789593950504
7236000,7146748,1,0,0,1748842903,0.0,0,9,9,0,0,9,0.0,0.0,0.0,0,141672,2.302585092994046,2.302585092994046,2.302585092994046,0.0,0.0,2968.5,2349.0,1,0,0,1,0.0,0.0,0.0,0,0.0,0.0,0.0,0.0,0.0,0.0,8,0.6931471805599453,0.0,0.0,0.6931471805599453,2.1972245773362196,0.0,115790.0,133760.5,100589.5,0.6931471805599453,0.0,-1.6094379124341005
3108000,11956517,1,0,0,1746366969,0.0,0,100,99,1,0,100,0.010101010101010102,0.0,0.0,0,4263375,4.61512051684126,4.61512051684126,4.605170185988092,0.6931471805599453,0.0,1387.5,2349.0,1,0,0,1,0.0,0.0,0.0,0,0.0,0.0,0.0,0.0,0.0,0.0,16,0.6931471805599453,0.0,0.0,0.6931471805599453,2.833213344056216,0.0,115790.0,133760.5,100589.5,0.6931471805599453,0.0,-3.9219733362813143
8276000,166211,1,0,0,1746665153,0.0,0,100,98,1,1,99,0.01020408163265306,1.0,0.01020408163265306,1,7175748,4.61512051684126,4.605170185988092,4.59511985013459,0.6931471805599453,0.6931471805599453,1387.5,1497.0,23,1,1,25,0.043478260869565216,1.0,0.043478260869565216,0,0.0,0.0,0.14641507877683713,0.0,0.0,8.627877358682211e-05,387,3.1780538303479458,0.6931471805599453,0.6931471805599453,3.258096538021482,5.961005339623274,0.1366397506002752,185.5,559.0,3561.0,0.6931471805599453,0.0,-1.3470736479666097
9116000,11134497,1,0,0,1743767871,0.0,0,100,95,1,4,100,0.010526315789473684,4.0,0.042105263157894736,1,5375710,4.61512051684126,4.61512051684126,4.564348191467836,0.6931471805599453,1.6094379124341003,1387.5,641.5,2,0,0,2,0.0,0.0,0.0,0,1.0,0.0,0.021739130434782608,0.0005892751915144372,0.0,1.2810330250313852e-05,24,1.0986122886681098,0.0,0.0,1.0986122886681098,3.2188758248682006,0.021506205220963585,26680.5,21473.5,100589.5,0.6931471805599453,0.0,-3.5165082281731497
9424000,3826823,1,0,0,1747308772,0.0,0,100,99,1,0,98,0.010101010101010102,0.0,0.0,0,1962826,4.61512051684126,4.59511985013459,4.605170185988092,0.6931471805599453,0.0,1387.5,2349.0,4,1,0,5,0.25,0.0,0.0,0,0.0,0.0,0.0,0.0,0.0,0.0,65,1.6094379124341003,0.6931471805599453,0.0,1.791759469228055,4.189654742026425,0.0,5102.5,133760.5,100589.5,0.6931471805599453,0.0,-2.803360380906535
1668000,4555020,1,0,0,1747308832,0.0,0,100,99,1,0,99,0.010101010101010102,0.0,0.0,0,6633818,4.61512051684126,4.605170185988092,4.605170185988092,0.6931471805599453,0.0,1387.5,2349.0,2,0,0,2,0.0,0.0,0.0,0,0.0,0.0,0.0,0.0,0.0,0.0,32,1.0986122886681098,0.0,0.0,1.0986122886681098,3.4965075614664802,0.0,26680.5,133760.5,100589.5,0.6931471805599453,0.0,-3.506557897319982
4414000,13828135,1,0,0,1748139174,0.0,0,100,89,10,1,100,0.11235955056179775,0.1,0.011235955056179775,1,4061906,4.61512051684126,4.61512051684126,4.499809670330265,2.3978952727983707,0.6931471805599453,1387.5,1238.5,8,1,0,9,0.125,0.0,0.0,0,0.0,0.0,0.03893178893178893,0.0,0.0,2.2941537378779573e-05,144,2.1972245773362196,0.6931471805599453,0.0,2.302585092994046,4.976733742420574,0.038193059270737156,1727.5,7838.5,100589.5,0.6931471805599453,0.0,-2.312535423847214
7218000,6969996,1,0,0,1747153692,0.0,0,100,100,0,0,100,0.0,0.0,0.0,0,4615316,4.61512051684126,4.61512051684126,4.61512051684126,0.0,0.0,1387.5,2349.0,7,0,0,7,0.0,0.0,0.0,0,0.0,0.0,0.026988636363636364,0.0,0.0,1.5903733861895325e-05,111,2.0794415416798357,0.0,0.0,2.0794415416798357,4.718498871295094,0.026630866000722286,2788.0,15154.5,100589.5,0.6931471805599453,0.0,-2.535678975161424
6752000,1969186,1,0,0,1748513156,0.0,0,100,90,3,7,98,0.03333333333333333,2.3333333333333335,0.07777777777777778,1,2703488,4.61512051684126,4.59511985013459,4.51085950651685,1.3862943611198906,2.0794415416798357,1387.5,306.5,8,0,0,8,0.0,0.0,0.0,0,0.0,0.0,0.07618869379792206,0.0,0.0,4.489610712900534e-05,127,2.1972245773362196,0.0,0.0,2.1972245773362196,4.852030263919617,0.07342581234797504,2162.5,2165.0,100589.5,0.6931471805599453,0.0,-2.3978952727983702
9976000,4116325,1,0,0,1747202944,0.0,0,100,99,1,0,100,0.010101010101010102,0.0,0.0,0,2755742,4.61512051684126,4.61512051684126,4.605170185988092,0.6931471805599453,0.0,1387.5,2349.0,1,0,0,1,0.0,0.0,0.0,0,0.0,0.0,0.0,0.0,0.0,0.0,16,0.6931471805599453,0.0,0.0,0.6931471805599453,2.833213344056216,0.0,115790.0,133760.5,100589.5,0.6931471805599453,0.0,-3.9219733362813143
500000,9825977,1,0,0,1748227841,0.0,0,100,95,4,1,100,0.042105263157894736,0.25,0.010526315789473684,1,2159957,4.61512051684126,4.61512051684126,4.564348191467836,1.6094379124341003,0.6931471805599453,1387.5,1321.0,2,0,0,2,0.0,0.0,0.0,0,0.0,0.0,0.0,0.0,0.0,0.0,32,1.0986122886681098,0.0,0.0,1.0986122886681098,3.4965075614664802,0.0,26680.5,133760.5,100589.5,0.6931471805599453,0.0,-3.5165082281731497
8516000,4061403,1,0,0,1744578413,0.0,0,100,100,0,0,100,0.0,0.0,0.0,0,15614181,4.61512051684126,4.61512051684126,4.61512051684126,0.0,0.0,1387.5,2349.0,18,0,0,18,0.0,0.0,0.0,0,0.0,0.0,0.0,0.0,0.0,0.0,281,2.9444389791664403,0.0,0.0,2.9444389791664403,5.641907070938114,0.0,437.0,133760.5,100589.5,0.6931471805599453,0.0,-1.6706815376748194
3840000,4212898,1,0,0,1748474943,0.0,0,100,80,5,15,100,0.0625,3.0,0.1875,1,6907008,4.61512051684126,4.61512051684126,4.394449154672439,1.791759469228055,2.772588722239781,1387.5,71.0,1,0,0,1,0.0,0.0,0.0,0,0.0,0.0,0.010309278350515464,0.0,0.0,6.075001974375641e-06,15,0.6931471805599453,0.0,0.0,0.6931471805599453,2.772588722239781,0.010256500167189098,115790.0,71056.5,100589.5,0.6931471805599453,0.0,-3.9219733362813143
6976000,566323,1,0,0,1746610598,0.0,0,100,97,1,2,100,0.010309278350515464,2.0,0.020618556701030927,1,5336907,4.61512051684126,4.61512051684126,4.584967478670572,0.6931471805599453,1.0986122886681098,1387.5,1108.0,2,0,0,2,0.0,0.0,0.0,0,0.0,0.0,0.011764705882352941,0.0,0.0,6.932649311934555e-06,32,1.0986122886681098,0.0,0.0,1.0986122886681098,3.4965075614664802,0.011696039763191278,26680.5,57837.0,100589.5,0.6931471805599453,0.0,-3.5165082281731497
8144000,13308564,1,0,0,1746249808,0.0,0,100,98,2,0,100,0.02040816326530612,0.0,0.0,0,4829471,4.61512051684126,4.61512051684126,4.59511985013459,1.0986122886681098,0.0,1387.5,2349.0,2,0,0,2,0.0,0.0,0.0,0,0.0,0.0,0.02857142857142857,0.0,0.0,1.6836434043269635e-05,32,1.0986122886681098,0.0,0.0,1.0986122886681098,3.4965075614664802,0.02817087696669632,26680.5,13217.5,100589.5,0.6931471805599453,0.0,-3.5165082281731497
9304000,4638621,1,0,0,1746449033,0.0,0,100,98,0,2,100,0.0,0.0,0.02040816326530612,1,3330504,4.61512051684126,4.61512051684126,4.59511985013459,0.0,1.0986122886681098,1387.5,1177.0,62,1,0,63,0.016129032258064516,0.0,0.0,0,1.0,0.0,0.5809190879034476,0.0005892751915144372,0.0,0.0003423212067786963,911,4.143134726391533,0.6931471805599453,0.0,4.1588830833596715,6.815639990074331,0.458006379121026,17.0,15.0,100589.5,0.6931471805599453,0.0,-0.4562374334815882
3342000,14340520,1,0,0,1748958971,0.0,0,100,97,1,2,100,0.010309278350515464,2.0,0.020618556701030927,1,2793917,4.61512051684126,4.61512051684126,4.584967478670572,0.6931471805599453,1.0986122886681098,1387.5,1108.0,4,0,0,4,0.0,0.0,0.0,0,0.0,0.0,0.0,0.0,0.0,0.0,64,1.6094379124341003,0.0,0.0,1.6094379124341003,4.174387269895637,0.0,7577.5,133760.5,100589.5,0.6931471805599453,0.0,-3.005682604407159
2636000,15011786,1,0,0,1748242473,0.0,0,100,90,8,2,100,0.08888888888888889,0.25,0.022222222222222223,1,2080885,4.61512051684126,4.61512051684126,4.51085950651685,2.1972245773362196,1.0986122886681098,1387.5,934.0,1,0,0,1,0.0,0.0,0.0,0,0.0,0.0,0.0,0.0,0.0,0.0,16,0.6931471805599453,0.0,0.0,0.6931471805599453,2.833213344056216,0.0,115790.0,133760.5,100589.5,0.6931471805599453,0.0,-3.9219733362813143
2766000,15363374,0,1,0,1747761684,0.0,0,100,81,19,0,100,0.2345679012345679,0.0,0.0,0,3391310,4.61512051684126,4.61512051684126,4.406719247264253,2.995732273553991,0.0,1387.5,2349.0,0,1,0,1,0.0,0.0,0.0,0,0.0,0.0,0.0,0.0,0.0,0.0,16,0.0,0.6931471805599453,0.0,0.6931471805599453,2.833213344056216,0.0,115790.0,133760.5,100589.5,0.0,0.6931471805599453,-3.9219733362813143
1158000,12361483,1,0,0,1746657357,0.0,0,100,88,3,9,86,0.03409090909090909,3.0,0.10227272727272728,1,4919435,4.61512051684126,4.465908118654584,4.48863636973214,1.3862943611198906,2.302585092994046,1387.5,200.0,5,0,0,5,0.0,0.0,0.0,0,0.0,0.0,0.03612908068566437,0.0,0.0,2.128997094028543e-05,79,1.791759469228055,0.0,0.0,1.791759469228055,4.382026634673881,0.035491731332379824,5102.5,8877.0,100589.5,0.6931471805599453,0.0,-2.6741486494265287
1856000,2917604,1,0,0,1747912063,0.0,0,100,100,0,0,95,0.0,0.0,0.0,0,6740517,4.61512051684126,4.564348191467836,4.61512051684126,0.0,0.0,1387.5,2349.0,2,0,0,2,0.0,0.0,0.0,0,0.0,0.0,0.0,0.0,0.0,0.0,30,1.0986122886681098,0.0,0.0,1.0986122886681098,3.4339872044851463,0.0,26680.5,133760.5,100589.5,0.6931471805599453,0.0,-3.465735902799726
2398000,4836378,1,0,0,1748268578,0.0,0,100,86,10,4,100,0.11627906976744186,0.4,0.046511627906976744,1,3574953,4.61512051684126,4.61512051684126,4.465908118654584,2.3978952727983707,1.6094379124341003,1387.5,546.5,1,0,0,1,0.0,0.0,0.0,0,0.0,0.0,0.0,0.0,0.0,0.0,16,0.6931471805599453,0.0,0.0,0.6931471805599453,2.833213344056216,0.0,115790.0,133760.5,100589.5,0.6931471805599453,0.0,-3.9219733362813143
5876000,11871987,1,0,0,1749700758,0.0,0,100,100,0,0,100,0.0,0.0,0.0,0,2416002,4.61512051684126,4.61512051684126,4.61512051684126,0.0,0.0,1387.5,2349.0,21,0,0,21,0.0,0.0,0.0,0,0.0,0.0,0.015151515151515152,0.0,0.0,8.928411992642989e-06,307,3.091042453358316,0.0,0.0,3.091042453358316,5.730099782973574,0.015037877364540516,297.5,36747.5,100589.5,0.6931471805599453,0.0,-1.5240780634829436
4206000,13859183,1,0,0,1745933807,0.0,0,100,82,14,4,100,0.17073170731707318,0.2857142857142857,0.04878048780487805,1,3009664,4.61512051684126,4.61512051684126,4.418840607796598,2.70805020110221,1.6094379124341003,1387.5,540.0,2,0,0,2,0.0,0.0,0.0,0,0.0,0.0,0.08512720156555773,0.0,0.0,5.016334800563213e-05,29,1.0986122886681098,0.0,0.0,1.0986122886681098,3.4011973816621555,0.08169721658671729,26680.5,1748.0,100589.5,0.6931471805599453,0.0,-3.5165082281731497
4130000,8161345,1,0,0,1746649830,0.0,0,100,100,0,0,100,0.0,0.0,0.0,0,3369181,4.61512051684126,4.61512051684126,4.61512051684126,0.0,0.0,1387.5,2349.0,6,0,0,6,0.0,0.0,0.0,0,0.0,0.0,0.027777777777777776,0.0,0.0,1.6368755319845477e-05,96,1.9459101490553132,0.0,0.0,1.9459101490553132,4.574710978503383,0.02739897418811444,3676.0,13935.0,100589.5,0.6931471805599453,0.0,-2.6692103677859462
8582000,8360188,1,0,0,1750501557,0.0,0,31,31,0,0,31,0.0,0.0,0.0,0,1633586,3.4657359027997265,3.4657359027997265,3.4657359027997265,0.0,0.0,2913.0,2349.0,8,2,0,10,0.25,0.0,0.0,0,0.0,0.0,0.010752688172043012,0.0,0.0,6.3362923818756694e-06,142,2.1972245773362196,1.0986122886681098,0.0,2.3978952727983707,4.962844630259907,0.01069528911674796,1420.5,67219.5,100589.5,0.6931471805599453,0.0,-1.0678406300013559
7314000,11461424,1,0,0,1750377658,0.0,0,100,100,0,0,100,0.0,0.0,0.0,0,3051194,4.61512051684126,4.61512051684126,4.61512051684126,0.0,0.0,1387.5,2349.0,9,0,0,9,0.0,0.0,0.0,0,0.0,0.0,0.017543859649122806,0.0,0.0,1.033816125463925e-05,141,2.302585092994046,0.0,0.0,2.302585092994046,4.955827057601261,0.017391742711869183,1727.5,29104.0,100589.5,0.6931471805599453,0.0,-2.312535423847214
6156000,4741640,1,0,0,1748047831,0.0,0,100,100,0,0,100,0.0,0.0,0.0,0,7579017,4.61512051684126,4.61512051684126,4.61512051684126,0.0,0.0,1387.5,2349.0,13,0,0,13,0.0,0.0,0.0,0,0.0,0.0,0.0325,0.0,0.0,1.915144372421921e-05,195,2.6390573296152584,0.0,0.0,2.6390573296152584,5.278114659230517,0.03198304585305077,841.0,10907.0,100589.5,0.6931471805599453,0.0,-1.9760631872260013
9322000,11681543,1,0,0,1749280811,0.0,0,100,100,0,0,100,0.0,0.0,0.0,0,3612532,4.61512051684126,4.61512051684126,4.61512051684126,0.0,0.0,1387.5,2349.0,2,0,0,2,0.0,0.0,0.0,0,0.0,0.0,0.0,0.0,0.0,0.0,32,1.0986122886681098,0.0,0.0,1.0986122886681098,3.4965075614664802,0.0,26680.5,133760.5,100589.5,0.6931471805599453,0.0,-3.5165082281731497
3130000,5488968,1,0,0,1746429526,0.0,0,93,88,2,3,93,0.022727272727272728,1.5,0.03409090909090909,1,16369337,4.543294782270004,4.543294782270004,4.48863636973214,1.0986122886681098,1.3862943611198906,2788.5,699.5,1,0,0,1,0.0,0.0,0.0,0,0.0,0.0,0.0136986301369863,0.0,0.0,8.072262897458043e-06,16,0.6931471805599453,0.0,0.0,0.6931471805599453,2.833213344056216,0.013605652055778624,115790.0,43900.0,100589.5,0.6931471805599453,0.0,-3.8501476017100584
8698000,11248965,1,0,0,1750577882,0.0,0,100,99,0,1,100,0.0,0.0,0.010101010101010102,1,4443827,4.61512051684126,4.61512051684126,4.605170185988092,0.0,0.6931471805599453,1387.5,1627.0,1,0,0,1,0.0,0.0,0.0,0,0.0,0.0,0.0,0.0,0.0,0.0,16,0.6931471805599453,0.0,0.0,0.6931471805599453,2.833213344056216,0.0,115790.0,133760.5,100589.5,0.6931471805599453,0.0,-3.9219733362813143
6714000,6777528,1,0,0,1742485089,0.0,0,100,97,2,1,100,0.020618556701030927,0.5,0.010309278350515464,1,13289518,4.61512051684126,4.61512051684126,4.584967478670572,1.0986122886681098,0.6931471805599453,1387.5,1403.0,8,0,1,9,0.0,0.0,0.125,0,0.0,0.0,0.11492475778190064,0.0,0.0,6.772230865167982e-05,135,2.1972245773362196,0.0,0.6931471805599453,2.302585092994046,4.912654885736052,0.10878692082512773,1727.5,945.0,3561.0,0.6931471805599453,0.0,-2.312535423847214
6536000,15015022,1,0,0,1742396395,0.0,0,100,100,0,0,100,0.0,0.0,0.0,0,8381432,4.61512051684126,4.61512051684126,4.61512051684126,0.0,0.0,1387.5,2349.0,1,0,0,1,0.0,0.0,0.0,0,0.0,0.0,0.0,0.0,0.0,0.0,12,0.6931471805599453,0.0,0.0,0.6931471805599453,2.5649493574615367,0.0,115790.0,133760.5,100589.5,0.6931471805599453,0.0,-3.9219733362813143
4016000,6070376,1,0,0,1744936107,0.0,0,100,95,5,0,100,0.05263157894736842,0.0,0.0,0,4505281,4.61512051684126,4.61512051684126,4.564348191467836,1.791759469228055,0.0,1387.5,2349.0,1,0,0,1,0.0,0.0,0.0,0,0.0,0.0,0.0,0.0,0.0,0.0,16,0.6931471805599453,0.0,0.0,0.6931471805599453,2.833213344056216,0.0,115790.0,133760.5,100589.5,0.6931471805599453,0.0,-3.9219733362813143
8678000,13954897,1,0,0,1744784762,0.0,0,100,100,0,0,100,0.0,0.0,0.0,0,6505352,4.61512051684126,4.61512051684126,4.61512051684126,0.0,0.0,1387.5,2349.0,1,0,0,1,0.0,0.0,0.0,0,0.0,0.0,0.0,0.0,0.0,0.0,16,0.6931471805599453,0.0,0.0,0.6931471805599453,2.833213344056216,0.0,115790.0,133760.5,100589.5,0.6931471805599453,0.0,-3.9219733362813143
600000,6210217,1,0,0,1748566866,0.0,0,100,100,0,0,100,0.0,0.0,0.0,0,2151684,4.61512051684126,4.61512051684126,4.61512051684126,0.0,0.0,1387.5,2349.0,1,0,0,1,0.0,0.0,0.0,0,0.0,0.0,0.0,0.0,0.0,0.0,16,0.6931471805599453,0.0,0.0,0.6931471805599453,2.833213344056216,0.0,115790.0,133760.5,100589.5,0.6931471805599453,0.0,-3.9219733362813143
1772000,10297880,1,0,0,1745912498,0.0,0,100,90,6,4,100,0.06666666666666667,0.6666666666666666,0.044444444444444446,1,3490865,4.61512051684126,4.61512051684126,4.51085950651685,1.9459101490553132,1.6094379124341003,1387.5,565.0,1,0,0,1,0.0,0.0,0.0,0,0.0,0.0,0.023255813953488372,0.0,0.0,1.3704074221265982e-05,16,0.6931471805599453,0.0,0.0,0.6931471805599453,2.833213344056216,0.02298951822469874,115790.0,19053.5,100589.5,0.6931471805599453,0.0,-3.9219733362813143
724000,14199505,1,0,0,1748065303,0.0,0,100,86,7,7,100,0.08139534883720931,1.0,0.08139534883720931,1,1642471,4.61512051684126,4.61512051684126,4.465908118654584,2.0794415416798357,2.0794415416798357,1387.5,277.5,1,0,0,1,0.0,0.0,0.0,0,0.0,0.0,0.011235955056179775,0.0,0.0,6.621069567577946e-06,16,0.6931471805599453,0.0,0.0,0.6931471805599453,2.833213344056216,0.011173300598125229,115790.0,63278.5,100589.5,0.6931471805599453,0.0,-3.9219733362813143
492000,13869734,1,0,0,1749611310,0.0,0,100,100,0,0,100,0.0,0.0,0.0,0,3634683,4.61512051684126,4.61512051684126,4.61512051684126,0.0,0.0,1387.5,2349.0,1,0,0,1,0.0,0.0,0.0,0,0.0,0.0,0.0,0.0,0.0,0.0,16,0.6931471805599453,0.0,0.0,0.6931471805599453,2.833213344056216,0.0,115790.0,133760.5,100589.5,0.6931471805599453,0.0,-3.9219733362813143
5720000,4669735,1,0,0,1752047199,0.0,0,100,100,0,0,97,0.0,0.0,0.0,0,2584714,4.61512051684126,4.584967478670572,4.61512051684126,0.0,0.0,1387.5,2349.0,1,0,0,1,0.0,0.0,0.0,0,0.0,0.0,0.0,0.0,0.0,0.0,11,0.6931471805599453,0.0,0.0,0.6931471805599453,2.4849066497880004,0.0,115790.0,133760.5,100589.5,0.6931471805599453,0.0,-3.891820298110627
9316000,15371248,1,0,0,1744675021,0.0,0,100,94,3,3,99,0.031914893617021274,1.0,0.031914893617021274,1,5099731,4.61512051684126,4.605170185988092,4.553876891600541,1.3862943611198906,1.3862943611198906,1387.5,763.5,1,0,0,1,0.0,0.0,0.0,0,0.0,0.0,0.020833333333333332,0.0,0.0,1.2276566489884108e-05,16,0.6931471805599453,0.0,0.0,0.6931471805599453,2.833213344056216,0.02061928720273568,115790.0,22971.5,100589.5,0.6931471805599453,0.0,-3.9120230054281464
6280000,15299617,1,0,0,1746322009,0.0,0,100,99,1,0,99,0.010101010101010102,0.0,0.0,0,4753812,4.61512051684126,4.605170185988092,4.605170185988092,0.6931471805599453,0.0,1387.5,2349.0,1,0,0,1,0.0,0.0,0.0,0,0.0,0.0,0.0,0.0,0.0,0.0,16,0.6931471805599453,0.0,0.0,0.6931471805599453,2.833213344056216,0.0,115790.0,133760.5,100589.5,0.6931471805599453,0.0,-3.9120230054281464
7502000,1406462,1,0,0,1750143037,0.0,0,100,100,0,0,100,0.0,0.0,0.0,0,1831861,4.61512051684126,4.61512051684126,4.61512051684126,0.0,0.0,1387.5,2349.0,3,0,0,3,0.0,0.0,0.0,0,0.0,0.0,0.0,0.0,0.0,0.0,47,1.3862943611198906,0.0,0.0,1.3862943611198906,3.871201010907891,0.0,12635.5,133760.5,100589.5,0.6931471805599453,0.0,-3.228826155721369
8000,5247026,1,0,0,1747176441,0.0,0,100,93,2,5,100,0.021505376344086023,2.5,0.053763440860215055,1,2959166,4.61512051684126,4.61512051684126,4.543294782270004,1.0986122886681098,1.791759469228055,1387.5,492.0,5,0,1,6,0.0,0.0,0.2,0,0.0,0.0,0.05510964912280702,0.0,0.0,3.247474904113554e-05,96,1.791759469228055,0.0,0.6931471805599453,1.9459101490553132,4.574710978503383,0.053644694345215266,3676.0,4088.0,3561.0,0.6931471805599453,0.0,-2.6692103677859462
3472000,1728538,1,0,0,1748623462,0.0,0,100,98,2,0,100,0.02040816326530612,0.0,0.0,0,6144552,4.61512051684126,4.61512051684126,4.59511985013459,1.0986122886681098,0.0,1387.5,2349.0,6,0,0,6,0.0,0.0,0.0,0,0.0,0.0,0.0,0.0,0.0,0.0,84,1.9459101490553132,0.0,0.0,1.9459101490553132,4.442651256490317,0.0,3676.0,133760.5,100589.5,0.6931471805599453,0.0,-2.6692103677859462
4112000,7757203,1,0,0,1749559581,0.0,0,100,96,3,1,100,0.03125,0.3333333333333333,0.010416666666666666,1,3873292,4.61512051684126,4.61512051684126,4.574710978503383,1.3862943611198906,0.6931471805599453,1387.5,1350.0,3,0,0,3,0.0,0.0,0.0,0,0.0,0.0,0.0,0.0,0.0,0.0,39,1.3862943611198906,0.0,0.0,1.3862943611198906,3.6888794541139363,0.0,12635.5,133760.5,100589.5,0.6931471805599453,0.0,-3.228826155721369
6954000,4127871,1,0,0,1748677673,0.0,0,100,100,0,0,100,0.0,0.0,0.0,0,2378237,4.61512051684126,4.61512051684126,4.61512051684126,0.0,0.0,1387.5,2349.0,1,0,0,1,0.0,0.0,0.0,0,0.0,0.0,0.0,0.0,0.0,0.0,16,0.6931471805599453,0.0,0.0,0.6931471805599453,2.833213344056216,0.0,115790.0,133760.5,100589.5,0.6931471805599453,0.0,-3.9219733362813143
2878000,7812097,1,0,0,1749593875,0.0,0,100,100,0,0,100,0.0,0.0,0.0,0,4005682,4.61512051684126,4.61512051684126,4.61512051684126,0.0,0.0,1387.5,2349.0,1,0,0,1,0.0,0.0,0.0,0,0.0,0.0,0.0,0.0,0.0,0.0,10,0.6931471805599453,0.0,0.0,0.6931471805599453,2.3978952727983707,0.0,115790.0,133760.5,100589.5,0.6931471805599453,0.0,-3.9219733362813143
8442000,15018058,1,0,0,1748551799,0.0,0,100,99,0,1,100,0.0,0.0,0.010101010101010102,1,2917928,4.61512051684126,4.61512051684126,4.605170185988092,0.0,0.6931471805599453,1387.5,1627.0,1,0,0,1,0.0,0.0,0.0,0,0.0,0.0,0.0,0.0,0.0,0.0,16,0.6931471805599453,0.0,0.0,0.6931471805599453,2.833213344056216,0.0,115790.0,133760.5,100589.5,0.6931471805599453,0.0,-3.9219733362813143
1016000,15058466,1,0,0,1748864382,0.0,0,100,100,0,0,97,0.0,0.0,0.0,0,1719873,4.61512051684126,4.584967478670572,4.61512051684126,0.0,0.0,1387.5,2349.0,1,0,0,1,0.0,0.0,0.0,0,0.0,0.0,0.0,0.0,0.0,0.0,15,0.6931471805599453,0.0,0.0,0.6931471805599453,2.772588722239781,0.0,115790.0,133760.5,100589.5,0.6931471805599453,0.0,-3.891820298110627
3362000,3679153,1,0,0,1748062868,0.0,0,100,78,10,12,100,0.1282051282051282,1.2,0.15384615384615385,1,4508434,4.61512051684126,4.61512051684126,4.3694478524670215,2.3978952727983707,2.5649493574615367,1387.5,102.5,2,1,0,3,0.5,0.0,0.0,0,0.0,0.0,0.010752688172043012,0.0,0.0,6.3362923818756694e-06,45,1.0986122886681098,0.6931471805599453,0.0,1.3862943611198906,3.828641396489095,0.01069528911674796,12635.5,67219.5,100589.5,0.6931471805599453,0.0,-3.228826155721369
5832000,12881448,1,0,0,1748677949,0.0,0,100,100,0,0,100,0.0,0.0,0.0,0,1672577,4.61512051684126,4.61512051684126,4.61512051684126,0.0,0.0,1387.5,2349.0,3,0,0,3,0.0,0.0,0.0,0,0.0,0.0,0.0,0.0,0.0,0.0,48,1.3862943611198906,0.0,0.0,1.3862943611198906,3.8918202981106265,0.0,12635.5,133760.5,100589.5,0.6931471805599453,0.0,-3.228826155721369
9572000,9381092,1,0,0,1748659722,0.0,0,100,60,37,3,100,0.6166666666666667,0.08108108108108109,0.05,1,3541432,4.61512051684126,4.61512051684126,4.110873864173311,3.6375861597263857,1.3862943611198906,1387.5,537.5,8,0,0,8,0.0,0.0,0.0,0,0.0,0.0,0.0,0.0,0.0,0.0,114,2.1972245773362196,0.0,0.0,2.1972245773362196,4.74493212836325,0.0,2162.5,133760.5,100589.5,0.6931471805599453,0.0,-2.41789593950504
5120000,6828447,1,0,0,1751375974,0.0,0,100,98,2,0,100,0.02040816326530612,0.0,0.0,0,7082639,4.61512051684126,4.61512051684126,4.59511985013459,1.0986122886681098,0.0,1387.5,2349.0,1,0,0,1,0.0,0.0,0.0,0,0.0,0.0,0.0,0.0,0.0,0.0,11,0.6931471805599453,0.0,0.0,0.6931471805599453,2.4849066497880004,0.0,115790.0,133760.5,100589.5,0.6931471805599453,0.0,-3.9219733362813143
3352000,7660766,1,0,0,1748443175,0.0,0,100,96,4,0,100,0.041666666666666664,0.0,0.0,0,4197300,4.61512051684126,4.61512051684126,4.574710978503383,1.6094379124341003,0.0,1387.5,2349.0,6,1,0,7,0.16666666666666666,0.0,0.0,0,0.0,0.0,0.0,0.0,0.0,0.0,101,1.9459101490553132,0.6931471805599453,0.0,2.0794415416798357,4.624972813284271,0.0,2788.0,133760.5,100589.5,0.6931471805599453,0.0,-2.535678975161424
10128000,6469826,1,0,0,1750318510,0.0,0,100,99,1,0,100,0.010101010101010102,0.0,0.0,0,2912406,4.61512051684126,4.61512051684126,4.605170185988092,0.6931471805599453,0.0,1387.5,2349.0,1,0,0,1,0.0,0.0,0.0,0,0.0,0.0,0.0,0.0,0.0,0.0,16,0.6931471805599453,0.0,0.0,0.6931471805599453,2.833213344056216,0.0,115790.0,133760.5,100589.5,0.6931471805599453,0.0,-3.9219733362813143
1732000,363631,1,0,0,1749505612,0.0,0,100,98,2,0,100,0.02040816326530612,0.0,0.0,0,2398725,4.61512051684126,4.61512051684126,4.59511985013459,1.0986122886681098,0.0,1387.5,2349.0,2,0,0,2,0.0,0.0,0.0,0,0.0,0.0,0.0,0.0,0.0,0.0,21,1.0986122886681098,0.0,0.0,1.0986122886681098,3.091042453358316,0.0,26680.5,133760.5,100589.5,0.6931471805599453,0.0,-3.5165082281731497
9896000,10900794,1,0,0,1746444003,0.0,0,100,88,0,12,100,0.0,0.0,0.13636363636363635,1,6613000,4.61512051684126,4.61512051684126,4.48863636973214,0.0,2.5649493574615367,1387.5,129.0,1,0,0,1,0.0,0.0,0.0,0,0.0,0.0,0.011363636363636364,0.0,0.0,6.696308994482241e-06,16,0.6931471805599453,0.0,0.0,0.6931471805599453,2.833213344056216,0.011299555253933367,115790.0,61498.0,100589.5,0.6931471805599453,0.0,-3.9219733362813143
5938000,2935183,1,0,0,1747547139,0.0,0,100,96,3,1,100,0.03125,0.3333333333333333,0.010416666666666666,1,3375252,4.61512051684126,4.61512051684126,4.574710978503383,1.3862943611198906,0.6931471805599453,1387.5,1350.0,2,0,0,2,0.0,0.0,0.0,0,0.0,0.0,0.0,0.0,0.0,0.0,32,1.0986122886681098,0.0,0.0,1.0986122886681098,3.4965075614664802,0.0,26680.5,133760.5,100589.5,0.6931471805599453,0.0,-3.5165082281731497
3170000,1138755,1,0,0,1747830204,0.0,0,100,96,3,1,100,0.03125,0.3333333333333333,0.010416666666666666,1,3110159,4.61512051684126,4.61512051684126,4.574710978503383,1.3862943611198906,0.6931471805599453,1387.5,1350.0,1,0,0,1,0.0,0.0,0.0,0,0.0,0.0,0.0,0.0,0.0,0.0,16,0.6931471805599453,0.0,0.0,0.6931471805599453,2.833213344056216,0.0,115790.0,133760.5,100589.5,0.6931471805599453,0.0,-3.9219733362813143
5728000,2839181,1,0,0,1741002478,0.0,0,100,100,0,0,100,0.0,0.0,0.0,0,8640771,4.61512051684126,4.61512051684126,4.61512051684126,0.0,0.0,1387.5,2349.0,1,0,0,1,0.0,0.0,0.0,0,0.0,0.0,0.0,0.0,0.0,0.0,13,0.6931471805599453,0.0,0.0,0.6931471805599453,2.6390573296152584,0.0,115790.0,133760.5,100589.5,0.6931471805599453,0.0,-3.9219733362813143
5360000,6865397,1,0,0,1748128721,0.0,0,100,98,0,2,100,0.0,0.0,0.02040816326530612,1,8877361,4.61512051684126,4.61512051684126,4.59511985013459,0.0,1.0986122886681098,1387.5,1177.0,3,0,0,3,0.0,0.0,0.0,0,0.0,0.0,0.0,0.0,0.0,0.0,45,1.3862943611198906,0.0,0.0,1.3862943611198906,3.828641396489095,0.0,12635.5,133760.5,100589.5,0.6931471805599453,0.0,-3.228826155721369
