user_id,n_events,n_exp,n_clk,n_cnv,n_uniq_items,ctr,cvr,ctcvr,has_convert,span_sec,log1p_n_events,log1p_n_uniq_items,log1p_n_exp,log1p_n_clk,log1p_n_cnv,user_activity_rank,user_ctcvr_rank
5362000,100,99,1,0,100,0.010101010101010102,0.0,0.0,0,1825067,4.61512051684126,4.61512051684126,4.605170185988092,0.6931471805599453,0.0,1387.5,2349.0
474000,100,100,0,0,100,0.0,0.0,0.0,0,3694264,4.61512051684126,4.61512051684126,4.61512051684126,0.0,0.0,1387.5,2349.0
196000,100,67,6,27,100,0.08955223880597014,4.5,0.40298507462686567,1,4679242,4.61512051684126,4.61512051684126,4.219507705176107,1.9459101490553132,3.332204510175204,1387.5,12.0
4704000,100,100,0,0,95,0.0,0.0,0.0,0,10235803,4.61512051684126,4.564348191467836,4.61512051684126,0.0,0.0,1387.5,2349.0
6852000,100,89,10,1,100,0.11235955056179775,0.1,0.011235955056179775,1,3170321,4.61512051684126,4.61512051684126,4.499809670330265,2.3978952727983707,0.6931471805599453,1387.5,1238.5
986000,100,98,1,1,100,0.01020408163265306,1.0,0.01020408163265306,1,9215329,4.61512051684126,4.61512051684126,4.59511985013459,0.6931471805599453,0.6931471805599453,1387.5,1497.0
5886000,100,98,2,0,100,0.02040816326530612,0.0,0.0,0,5811661,4.61512051684126,4.61512051684126,4.59511985013459,1.0986122886681098,0.0,1387.5,2349.0
6308000,100,96,0,4,100,0.0,0.0,0.041666666666666664,1,6438079,4.61512051684126,4.61512051684126,4.574710978503383,0.0,1.6094379124341003,1387.5,665.5
4504000,100,91,2,7,100,0.02197802197802198,3.5,0.07692307692307693,1,3137079,4.61512051684126,4.61512051684126,4.5217885770490405,1.0986122886681098,2.0794415416798357,1387.5,318.0
20000,100,89,7,4,100,0.07865168539325842,0.5714285714285714,0.0449438202247191,1,5322952,4.61512051684126,4.61512051684126,4.499809670330265,2.0794415416798357,1.6094379124341003,1387.5,560.0
258000,100,100,0,0,100,0.0,0.0,0.0,0,1672080,4.61512051684126,4.61512051684126,4.61512051684126,0.0,0.0,1387.5,2349.0
304000,100,98,2,0,100,0.02040816326530612,0.0,0.0,0,5859213,4.61512051684126,4.61512051684126,4.59511985013459,1.0986122886681098,0.0,1387.5,2349.0
5470000,100,97,3,0,100,0.030927835051546393,0.0,0.0,0,1377272,4.61512051684126,4.61512051684126,4.584967478670572,1.3862943611198906,0.0,1387.5,2349.0
5228000,100,98,1,1,98,0.01020408163265306,1.0,0.01020408163265306,1,1885057,4.61512051684126,4.59511985013459,4.59511985013459,0.6931471805599453,0.6931471805599453,1387.5,1497.0
4988000,100,93,5,2,100,0.053763440860215055,0.4,0.021505376344086023,1,1884957,4.61512051684126,4.61512051684126,4.543294782270004,1.791759469228055,1.0986122886681098,1387.5,976.0
1270000,100,91,9,0,100,0.0989010989010989,0.0,0.0,0,4546222,4.61512051684126,4.61512051684126,4.5217885770490405,2.302585092994046,0.0,1387.5,2349.0
5716000,100,97,2,1,100,0.020618556701030927,0.5,0.010309278350515464,1,4230398,4.61512051684126,4.61512051684126,4.584967478670572,1.0986122886681098,0.6931471805599453,1387.5,1403.0
4818000,100,97,3,0,100,0.030927835051546393,0.0,0.0,0,4748334,4.61512051684126,4.61512051684126,4.584967478670572,1.3862943611198906,0.0,1387.5,2349.0
5778000,100,93,7,0,100,0.07526881720430108,0.0,0.0,0,6251705,4.61512051684126,4.61512051684126,4.543294782270004,2.0794415416798357,0.0,1387.5,2349.0
5158000,100,94,4,2,100,0.0425531914893617,0.5,0.02127659574468085,1,3350846,4.61512051684126,4.61512051684126,4.553876891600541,1.6094379124341003,1.0986122886681098,1387.5,996.5
570000,100,97,1,2,100,0.010309278350515464,2.0,0.020618556701030927,1,4639410,4.61512051684126,4.61512051684126,4.584967478670572,0.6931471805599453,1.0986122886681098,1387.5,1108.0
4642000,100,100,0,0,100,0.0,0.0,0.0,0,8052134,4.61512051684126,4.61512051684126,4.61512051684126,0.0,0.0,1387.5,2349.0
1094000,100,80,11,9,100,0.1375,0.8181818181818182,0.1125,1,6392711,4.61512051684126,4.61512051684126,4.394449154672439,2.4849066497880004,2.302585092994046,1387.5,178.0
3914000,100,100,0,0,100,0.0,0.0,0.0,0,4022857,4.61512051684126,4.61512051684126,4.61512051684126,0.0,0.0,1387.5,2349.0
3668000,100,77,6,17,100,0.07792207792207792,2.8333333333333335,0.22077922077922077,1,5402507,4.61512051684126,4.61512051684126,4.356708826689592,1.9459101490553132,2.8903717578961645,1387.5,52.5
4396000,100,100,0,0,99,0.0,0.0,0.0,0,5480633,4.61512051684126,4.605170185988092,4.61512051684126,0.0,0.0,1387.5,2349.0
2060000,25,25,0,0,25,0.0,0.0,0.0,0,6272296,3.258096538021482,3.258096538021482,3.258096538021482,0.0,0.0,2927.5,2349.0
8814000,100,95,5,0,100,0.05263157894736842,0.0,0.0,0,2184998,4.61512051684126,4.61512051684126,4.564348191467836,1.791759469228055,0.0,1387.5,2349.0
4566000,100,91,8,1,100,0.08791208791208792,0.125,0.01098901098901099,1,5104281,4.61512051684126,4.61512051684126,4.5217885770490405,2.1972245773362196,0.6931471805599453,1387.5,1253.0
9236000,100,91,7,2,100,0.07692307692307693,0.2857142857142857,0.02197802197802198,1,5269705,4.61512051684126,4.61512051684126,4.5217885770490405,2.0794415416798357,1.0986122886681098,1387.5,946.0
612000,71,61,10,0,71,0.16393442622950818,0.0,0.0,0,22555383,4.276666119016055,4.276666119016055,4.127134385045092,2.3978952727983707,0.0,2836.5,2349.0
9610000,100,84,7,9,100,0.08333333333333333,1.2857142857142858,0.10714285714285714,1,3969138,4.61512051684126,4.61512051684126,4.442651256490317,2.0794415416798357,2.302585092994046,1387.5,185.5
9718000,100,91,8,1,100,0.08791208791208792,0.125,0.01098901098901099,1,4148328,4.61512051684126,4.61512051684126,4.5217885770490405,2.1972245773362196,0.6931471805599453,1387.5,1253.0
9604000,100,87,4,9,100,0.04597701149425287,2.25,0.10344827586206896,1,6958681,4.61512051684126,4.61512051684126,4.477336814478207,1.6094379124341003,2.302585092994046,1387.5,193.5
9406000,100,90,9,1,100,0.1,0.1111111111111111,0.011111111111111112,1,2455816,4.61512051684126,4.61512051684126,4.51085950651685,2.302585092994046,0.6931471805599453,1387.5,1244.5
6062000,100,100,0,0,100,0.0,0.0,0.0,0,1948559,4.61512051684126,4.61512051684126,4.61512051684126,0.0,0.0,1387.5,2349.0
8706000,100,98,1,1,100,0.01020408163265306,1.0,0.01020408163265306,1,3121402,4.61512051684126,4.61512051684126,4.59511985013459,0.6931471805599453,0.6931471805599453,1387.5,1497.0
1378000,100,90,5,5,100,0.05555555555555555,1.0,0.05555555555555555,1,3623419,4.61512051684126,4.61512051684126,4.51085950651685,1.791759469228055,1.791759469228055,1387.5,454.5
678000,100,75,15,10,100,0.2,0.6666666666666666,0.13333333333333333,1,5253561,4.61512051684126,4.61512051684126,4.330733340286331,2.772588722239781,2.3978952727983707,1387.5,131.0
5186000,100,87,5,8,100,0.05747126436781609,1.6,0.09195402298850575,1,7319093,4.61512051684126,4.61512051684126,4.477336814478207,1.791759469228055,2.1972245773362196,1387.5,236.0
9326000,77,52,3,22,76,0.057692307692307696,7.333333333333333,0.4230769230769231,1,18797627,4.356708826689592,4.343805421853684,3.970291913552122,1.3862943611198906,3.1354942159291497,2822.0,10.0
394000,100,100,0,0,100,0.0,0.0,0.0,0,5393827,4.61512051684126,4.61512051684126,4.61512051684126,0.0,0.0,1387.5,2349.0
1162000,100,99,1,0,99,0.010101010101010102,0.0,0.0,0,6565119,4.61512051684126,4.605170185988092,4.605170185988092,0.6931471805599453,0.0,1387.5,2349.0
82000,100,100,0,0,100,0.0,0.0,0.0,0,5355034,4.61512051684126,4.61512051684126,4.61512051684126,0.0,0.0,1387.5,2349.0
4288000,100,88,8,4,100,0.09090909090909091,0.5,0.045454545454545456,1,5104940,4.61512051684126,4.61512051684126,4.48863636973214,2.1972245773362196,1.6094379124341003,1387.5,555.5
9780000,100,94,3,3,100,0.031914893617021274,1.0,0.031914893617021274,1,3887319,4.61512051684126,4.61512051684126,4.553876891600541,1.3862943611198906,1.3862943611198906,1387.5,763.5
5512000,100,97,1,2,100,0.010309278350515464,2.0,0.020618556701030927,1,3959504,4.61512051684126,4.61512051684126,4.584967478670572,0.6931471805599453,1.0986122886681098,1387.5,1108.0
848000,100,97,2,1,100,0.020618556701030927,0.5,0.010309278350515464,1,4001411,4.61512051684126,4.61512051684126,4.584967478670572,1.0986122886681098,0.6931471805599453,1387.5,1403.0
9434000,100,96,0,4,100,0.0,0.0,0.041666666666666664,1,7081776,4.61512051684126,4.61512051684126,4.574710978503383,0.0,1.6094379124341003,1387.5,665.5
8024000,100,100,0,0,100,0.0,0.0,0.0,0,4650599,4.61512051684126,4.61512051684126,4.61512051684126,0.0,0.0,1387.5,2349.0
4084000,100,100,0,0,100,0.0,0.0,0.0,0,3662196,4.61512051684126,4.61512051684126,4.61512051684126,0.0,0.0,1387.5,2349.0
4112000,100,96,3,1,100,0.03125,0.3333333333333333,0.010416666666666666,1,3873292,4.61512051684126,4.61512051684126,4.574710978503383,1.3862943611198906,0.6931471805599453,1387.5,1350.0
5272000,100,100,0,0,100,0.0,0.0,0.0,0,1976095,4.61512051684126,4.61512051684126,4.61512051684126,0.0,0.0,1387.5,2349.0
3606000,100,79,21,0,100,0.26582278481012656,0.0,0.0,0,5088922,4.61512051684126,4.61512051684126,4.382026634673881,3.091042453358316,0.0,1387.5,2349.0
4572000,100,93,7,0,100,0.07526881720430108,0.0,0.0,0,3060058,4.61512051684126,4.61512051684126,4.543294782270004,2.0794415416798357,0.0,1387.5,2349.0
6194000,100,99,0,1,100,0.0,0.0,0.010101010101010102,1,7940598,4.61512051684126,4.61512051684126,4.605170185988092,0.0,0.6931471805599453,1387.5,1627.0
4022000,100,98,1,1,100,0.01020408163265306,1.0,0.01020408163265306,1,9310915,4.61512051684126,4.61512051684126,4.59511985013459,0.6931471805599453,0.6931471805599453,1387.5,1497.0
5954000,95,83,3,9,95,0.03614457831325301,3.0,0.10843373493975904,1,20641913,4.564348191467836,4.564348191467836,4.430816798843313,1.3862943611198906,2.302585092994046,2785.0,183.5
2948000,100,91,4,5,100,0.04395604395604396,1.25,0.054945054945054944,1,9507213,4.61512051684126,4.61512051684126,4.5217885770490405,1.6094379124341003,1.791759469228055,1387.5,465.0
190000,100,91,4,5,100,0.04395604395604396,1.25,0.054945054945054944,1,2791490,4.61512051684126,4.61512051684126,4.5217885770490405,1.6094379124341003,1.791759469228055,1387.5,465.0
4614000,100,97,2,1,100,0.020618556701030927,0.5,0.010309278350515464,1,7701488,4.61512051684126,4.61512051684126,4.584967478670572,1.0986122886681098,0.6931471805599453,1387.5,1403.0
480000,100,88,10,2,100,0.11363636363636363,0.2,0.022727272727272728,1,5462494,4.61512051684126,4.61512051684126,4.48863636973214,2.3978952727983707,1.0986122886681098,1387.5,921.0
9188000,100,95,5,0,100,0.05263157894736842,0.0,0.0,0,5835198,4.61512051684126,4.61512051684126,4.564348191467836,1.791759469228055,0.0,1387.5,2349.0
3738000,100,100,0,0,100,0.0,0.0,0.0,0,3176526,4.61512051684126,4.61512051684126,4.61512051684126,0.0,0.0,1387.5,2349.0
10134000,100,98,1,1,100,0.01020408163265306,1.0,0.01020408163265306,1,3797648,4.61512051684126,4.61512051684126,4.59511985013459,0.6931471805599453,0.6931471805599453,1387.5,1497.0
5096000,100,98,0,2,100,0.0,0.0,0.02040816326530612,1,5202300,4.61512051684126,4.61512051684126,4.59511985013459,0.0,1.0986122886681098,1387.5,1177.0
4812000,100,98,2,0,100,0.02040816326530612,0.0,0.0,0,4582355,4.61512051684126,4.61512051684126,4.59511985013459,1.0986122886681098,0.0,1387.5,2349.0
366000,100,59,10,31,100,0.1694915254237288,3.1,0.5254237288135594,1,7444162,4.61512051684126,4.61512051684126,4.0943445622221,2.3978952727983707,3.4657359027997265,1387.5,6.0
1360000,100,98,2,0,100,0.02040816326530612,0.0,0.0,0,2679615,4.61512051684126,4.61512051684126,4.59511985013459,1.0986122886681098,0.0,1387.5,2349.0
10026000,100,91,5,4,100,0.054945054945054944,0.8,0.04395604395604396,1,2966203,4.61512051684126,4.61512051684126,4.5217885770490405,1.791759469228055,1.6094379124341003,1387.5,571.0
10088000,58,42,9,7,58,0.21428571428571427,0.7777777777777778,0.16666666666666666,1,5290129,4.07753744390572,4.07753744390572,3.7612001156935624,2.302585092994046,2.0794415416798357,2858.5,91.0
9496000,100,84,9,7,100,0.10714285714285714,0.7777777777777778,0.08333333333333333,1,14781952,4.61512051684126,4.61512051684126,4.442651256490317,2.302585092994046,2.0794415416798357,1387.5,270.0
7098000,100,99,1,0,100,0.010101010101010102,0.0,0.0,0,4117025,4.61512051684126,4.61512051684126,4.605170185988092,0.6931471805599453,0.0,1387.5,2349.0
5404000,1,1,0,0,1,0.0,0.0,0.0,0,0,0.6931471805599453,0.6931471805599453,0.6931471805599453,0.0,0.0,2997.5,2349.0
9850000,100,85,5,10,100,0.058823529411764705,2.0,0.11764705882352941,1,2236235,4.61512051684126,4.61512051684126,4.454347296253507,1.791759469228055,2.3978952727983707,1387.5,160.0
5608000,100,95,2,3,100,0.021052631578947368,1.5,0.031578947368421054,1,2995471,4.61512051684126,4.61512051684126,4.564348191467836,1.0986122886681098,1.3862943611198906,1387.5,792.5
5880000,100,97,1,2,100,0.010309278350515464,2.0,0.020618556701030927,1,4619334,4.61512051684126,4.61512051684126,4.584967478670572,0.6931471805599453,1.0986122886681098,1387.5,1108.0
5534000,100,98,1,1,100,0.01020408163265306,1.0,0.01020408163265306,1,10322226,4.61512051684126,4.61512051684126,4.59511985013459,0.6931471805599453,0.6931471805599453,1387.5,1497.0
6916000,100,100,0,0,96,0.0,0.0,0.0,0,4498664,4.61512051684126,4.574710978503383,4.61512051684126,0.0,0.0,1387.5,2349.0
980000,100,87,8,5,100,0.09195402298850575,0.625,0.05747126436781609,1,1782074,4.61512051684126,4.61512051684126,4.477336814478207,2.1972245773362196,1.791759469228055,1387.5,429.5
5596000,100,97,0,3,100,0.0,0.0,0.030927835051546393,1,4425765,4.61512051684126,4.61512051684126,4.584967478670572,0.0,1.3862943611198906,1387.5,873.5
4256000,100,98,1,1,100,0.01020408163265306,1.0,0.01020408163265306,1,3864762,4.61512051684126,4.61512051684126,4.59511985013459,0.6931471805599453,0.6931471805599453,1387.5,1497.0
7980000,100,97,1,2,100,0.010309278350515464,2.0,0.020618556701030927,1,4277076,4.61512051684126,4.61512051684126,4.584967478670572,0.6931471805599453,1.0986122886681098,1387.5,1108.0
122000,100,96,3,1,100,0.03125,0.3333333333333333,0.010416666666666666,1,9852794,4.61512051684126,4.61512051684126,4.574710978503383,1.3862943611198906,0.6931471805599453,1387.5,1350.0
6234000,100,98,0,2,100,0.0,0.0,0.02040816326530612,1,4238586,4.61512051684126,4.61512051684126,4.59511985013459,0.0,1.0986122886681098,1387.5,1177.0
8524000,100,99,1,0,100,0.010101010101010102,0.0,0.0,0,8729132,4.61512051684126,4.61512051684126,4.605170185988092,0.6931471805599453,0.0,1387.5,2349.0
4186000,69,57,4,8,69,0.07017543859649122,2.0,0.14035087719298245,1,19497929,4.248495242049359,4.248495242049359,4.060443010546419,1.6094379124341003,2.1972245773362196,2841.0,122.0
4636000,100,99,1,0,100,0.010101010101010102,0.0,0.0,0,8955071,4.61512051684126,4.61512051684126,4.605170185988092,0.6931471805599453,0.0,1387.5,2349.0
9252000,100,99,1,0,100,0.010101010101010102,0.0,0.0,0,2783298,4.61512051684126,4.61512051684126,4.605170185988092,0.6931471805599453,0.0,1387.5,2349.0
5336000,100,98,1,1,100,0.01020408163265306,1.0,0.01020408163265306,1,2857291,4.61512051684126,4.61512051684126,4.59511985013459,0.6931471805599453,0.6931471805599453,1387.5,1497.0
9224000,100,79,8,13,100,0.10126582278481013,1.625,0.16455696202531644,1,3421527,4.61512051684126,4.61512051684126,4.382026634673881,2.1972245773362196,2.6390573296152584,1387.5,95.0
804000,100,100,0,0,100,0.0,0.0,0.0,0,1890568,4.61512051684126,4.61512051684126,4.61512051684126,0.0,0.0,1387.5,2349.0
4630000,100,96,1,3,100,0.010416666666666666,3.0,0.03125,1,13855085,4.61512051684126,4.61512051684126,4.574710978503383,0.6931471805599453,1.3862943611198906,1387.5,834.0
1196000,100,99,1,0,100,0.010101010101010102,0.0,0.0,0,2965134,4.61512051684126,4.61512051684126,4.605170185988092,0.6931471805599453,0.0,1387.5,2349.0
5052000,100,92,4,4,100,0.043478260869565216,1.0,0.043478260869565216,1,5312793,4.61512051684126,4.61512051684126,4.532599493153256,1.6094379124341003,1.6094379124341003,1387.5,582.5
3846000,100,99,0,1,100,0.0,0.0,0.010101010101010102,1,4234457,4.61512051684126,4.61512051684126,4.605170185988092,0.0,0.6931471805599453,1387.5,1627.0
1178000,100,95,4,1,100,0.042105263157894736,0.25,0.010526315789473684,1,4173997,4.61512051684126,4.61512051684126,4.564348191467836,1.6094379124341003,0.6931471805599453,1387.5,1321.0
4698000,100,97,0,3,100,0.0,0.0,0.030927835051546393,1,5850715,4.61512051684126,4.61512051684126,4.584967478670572,0.0,1.3862943611198906,1387.5,873.5
388000,100,99,0,1,100,0.0,0.0,0.010101010101010102,1,5537775,4.61512051684126,4.61512051684126,4.605170185988092,0.0,0.6931471805599453,1387.5,1627.0
5426000,100,100,0,0,98,0.0,0.0,0.0,0,2013384,4.61512051684126,4.59511985013459,4.61512051684126,0.0,0.0,1387.5,2349.0
9054000,100,94,2,4,100,0.02127659574468085,2.0,0.0425531914893617,1,5358463,4.61512051684126,4.61512051684126,4.553876891600541,1.0986122886681098,1.6094379124341003,1387.5,616.0
430000,100,100,0,0,98,0.0,0.0,0.0,0,4743063,4.61512051684126,4.59511985013459,4.61512051684126,0.0,0.0,1387.5,2349.0
3050000,100,99,0,1,100,0.0,0.0,0.010101010101010102,1,3081789,4.61512051684126,4.61512051684126,4.605170185988092,0.0,0.6931471805599453,1387.5,1627.0
4016000,100,95,5,0,100,0.05263157894736842,0.0,0.0,0,4505281,4.61512051684126,4.61512051684126,4.564348191467836,1.791759469228055,0.0,1387.5,2349.0
666000,100,95,5,0,100,0.05263157894736842,0.0,0.0,0,3189686,4.61512051684126,4.61512051684126,4.564348191467836,1.791759469228055,0.0,1387.5,2349.0
4328000,100,99,1,0,100,0.010101010101010102,0.0,0.0,0,3862084,4.61512051684126,4.61512051684126,4.605170185988092,0.6931471805599453,0.0,1387.5,2349.0
3948000,100,100,0,0,100,0.0,0.0,0.0,0,9091984,4.61512051684126,4.61512051684126,4.61512051684126,0.0,0.0,1387.5,2349.0
4914000,100,90,2,8,100,0.022222222222222223,4.0,0.08888888888888889,1,9421893,4.61512051684126,4.61512051684126,4.51085950651685,1.0986122886681098,2.1972245773362196,1387.5,250.0
4806000,100,97,3,0,100,0.030927835051546393,0.0,0.0,0,3981407,4.61512051684126,4.61512051684126,4.584967478670572,1.3862943611198906,0.0,1387.5,2349.0
9952000,95,88,4,3,95,0.045454545454545456,0.75,0.03409090909090909,1,1906604,4.564348191467836,4.564348191467836,4.48863636973214,1.6094379124341003,1.3862943611198906,2785.0,699.5
9422000,100,93,4,3,100,0.043010752688172046,0.75,0.03225806451612903,1,4975720,4.61512051684126,4.61512051684126,4.543294782270004,1.6094379124341003,1.3862943611198906,1387.5,742.0
8878000,100,97,3,0,100,0.030927835051546393,0.0,0.0,0,2295961,4.61512051684126,4.61512051684126,4.584967478670572,1.3862943611198906,0.0,1387.5,2349.0
8808000,100,100,0,0,99,0.0,0.0,0.0,0,3896097,4.61512051684126,4.605170185988092,4.61512051684126,0.0,0.0,1387.5,2349.0
2634000,100,93,5,2,100,0.053763440860215055,0.4,0.021505376344086023,1,3196618,4.61512051684126,4.61512051684126,4.543294782270004,1.791759469228055,1.0986122886681098,1387.5,976.0
496000,100,92,8,0,100,0.08695652173913043,0.0,0.0,0,2051595,4.61512051684126,4.61512051684126,4.532599493153256,2.1972245773362196,0.0,1387.5,2349.0
4390000,100,95,1,4,100,0.010526315789473684,4.0,0.042105263157894736,1,6076363,4.61512051684126,4.61512051684126,4.564348191467836,0.6931471805599453,1.6094379124341003,1387.5,641.5
2766000,100,81,19,0,100,0.2345679012345679,0.0,0.0,0,3391310,4.61512051684126,4.61512051684126,4.406719247264253,2.995732273553991,0.0,1387.5,2349.0
3424000,100,100,0,0,100,0.0,0.0,0.0,0,1827292,4.61512051684126,4.61512051684126,4.61512051684126,0.0,0.0,1387.5,2349.0
6126000,100,100,0,0,99,0.0,0.0,0.0,0,1946375,4.61512051684126,4.605170185988092,4.61512051684126,0.0,0.0,1387.5,2349.0
5704000,100,90,4,6,100,0.044444444444444446,1.5,0.06666666666666667,1,10554303,4.61512051684126,4.61512051684126,4.51085950651685,1.6094379124341003,1.9459101490553132,1387.5,366.0
5288000,100,60,16,24,100,0.26666666666666666,1.5,0.4,1,2489481,4.61512051684126,4.61512051684126,4.110873864173311,2.833213344056216,3.2188758248682006,1387.5,13.0
14000,100,91,7,2,100,0.07692307692307693,0.2857142857142857,0.02197802197802198,1,5112177,4.61512051684126,4.61512051684126,4.5217885770490405,2.0794415416798357,1.0986122886681098,1387.5,946.0
4106000,100,93,4,3,100,0.043010752688172046,0.75,0.03225806451612903,1,2507625,4.61512051684126,4.61512051684126,4.543294782270004,1.6094379124341003,1.3862943611198906,1387.5,742.0
3316000,100,79,17,4,100,0.21518987341772153,0.23529411764705882,0.05063291139240506,1,2315854,4.61512051684126,4.61512051684126,4.382026634673881,2.8903717578961645,1.6094379124341003,1387.5,536.0
8000,100,93,2,5,100,0.021505376344086023,2.5,0.053763440860215055,1,2959166,4.61512051684126,4.61512051684126,4.543294782270004,1.0986122886681098,1.791759469228055,1387.5,492.0
8570000,100,100,0,0,100,0.0,0.0,0.0,0,1984907,4.61512051684126,4.61512051684126,4.61512051684126,0.0,0.0,1387.5,2349.0
5222000,100,90,4,6,100,0.044444444444444446,1.5,0.06666666666666667,1,2827166,4.61512051684126,4.61512051684126,4.51085950651685,1.6094379124341003,1.9459101490553132,1387.5,366.0
9428000,100,83,9,8,100,0.10843373493975904,0.8888888888888888,0.0963855421686747,1,5674308,4.61512051684126,4.61512051684126,4.430816798843313,2.302585092994046,2.1972245773362196,1387.5,219.5
3556000,100,98,1,1,100,0.01020408163265306,1.0,0.01020408163265306,1,4319604,4.61512051684126,4.61512051684126,4.59511985013459,0.6931471805599453,0.6931471805599453,1387.5,1497.0
9536000,100,91,1,8,100,0.01098901098901099,8.0,0.08791208791208792,1,3653595,4.61512051684126,4.61512051684126,4.5217885770490405,0.6931471805599453,2.1972245773362196,1387.5,256.0
9910000,100,81,6,13,99,0.07407407407407407,2.1666666666666665,0.16049382716049382,1,2074567,4.61512051684126,4.605170185988092,4.406719247264253,1.9459101490553132,2.6390573296152584,1387.5,98.5
9674000,100,73,9,18,100,0.1232876712328767,2.0,0.2465753424657534,1,15376371,4.61512051684126,4.61512051684126,4.30406509320417,2.302585092994046,2.9444389791664403,1387.5,39.0
4460000,4,4,0,0,4,0.0,0.0,0.0,0,1174407,1.6094379124341003,1.6094379124341003,1.6094379124341003,0.0,0.0,2986.0,2349.0
4522000,100,92,4,4,100,0.043478260869565216,1.0,0.043478260869565216,1,4058855,4.61512051684126,4.61512051684126,4.532599493153256,1.6094379124341003,1.6094379124341003,1387.5,582.5
5330000,100,100,0,0,100,0.0,0.0,0.0,0,4838431,4.61512051684126,4.61512051684126,4.61512051684126,0.0,0.0,1387.5,2349.0
4540000,38,38,0,0,38,0.0,0.0,0.0,0,2409981,3.6635616461296463,3.6635616461296463,3.6635616461296463,0.0,0.0,2894.0,2349.0
4744000,100,94,5,1,100,0.05319148936170213,0.2,0.010638297872340425,1,3737163,4.61512051684126,4.61512051684126,4.553876891600541,1.791759469228055,0.6931471805599453,1387.5,1296.0
3930000,100,79,11,10,100,0.13924050632911392,0.9090909090909091,0.12658227848101267,1,3946150,4.61512051684126,4.61512051684126,4.382026634673881,2.4849066497880004,2.3978952727983707,1387.5,145.5
3732000,100,99,1,0,100,0.010101010101010102,0.0,0.0,0,4043506,4.61512051684126,4.61512051684126,4.605170185988092,0.6931471805599453,0.0,1387.5,2349.0
3840000,100,80,5,15,100,0.0625,3.0,0.1875,1,6907008,4.61512051684126,4.61512051684126,4.394449154672439,1.791759469228055,2.772588722239781,1387.5,71.0
4214000,100,100,0,0,96,0.0,0.0,0.0,0,2868651,4.61512051684126,4.574710978503383,4.61512051684126,0.0,0.0,1387.5,2349.0
4432000,100,62,34,4,100,0.5483870967741935,0.11764705882352941,0.06451612903225806,1,1856430,4.61512051684126,4.61512051684126,4.143134726391533,3.5553480614894135,1.6094379124341003,1387.5,395.5
3358000,43,43,0,0,43,0.0,0.0,0.0,0,2809324,3.784189633918261,3.784189633918261,3.784189633918261,0.0,0.0,2886.0,2349.0
9144000,100,100,0,0,100,0.0,0.0,0.0,0,2822777,4.61512051684126,4.61512051684126,4.61512051684126,0.0,0.0,1387.5,2349.0
10014000,100,84,2,14,100,0.023809523809523808,7.0,0.16666666666666666,1,9174277,4.61512051684126,4.61512051684126,4.442651256490317,1.0986122886681098,2.70805020110221,1387.5,91.0
10122000,100,92,1,7,99,0.010869565217391304,7.0,0.07608695652173914,1,6962641,4.61512051684126,4.605170185988092,4.532599493153256,0.6931471805599453,2.0794415416798357,1387.5,327.0
9320000,100,94,1,5,100,0.010638297872340425,5.0,0.05319148936170213,1,4606200,4.61512051684126,4.61512051684126,4.553876891600541,0.6931471805599453,1.791759469228055,1387.5,512.5
10128000,100,99,1,0,100,0.010101010101010102,0.0,0.0,0,2912406,4.61512051684126,4.61512051684126,4.605170185988092,0.6931471805599453,0.0,1387.5,2349.0
9844000,100,100,0,0,100,0.0,0.0,0.0,0,3062416,4.61512051684126,4.61512051684126,4.61512051684126,0.0,0.0,1387.5,2349.0
1088000,100,100,0,0,100,0.0,0.0,0.0,0,10480295,4.61512051684126,4.61512051684126,4.61512051684126,0.0,0.0,1387.5,2349.0
298000,100,98,1,1,100,0.01020408163265306,1.0,0.01020408163265306,1,6973484,4.61512051684126,4.61512051684126,4.59511985013459,0.6931471805599453,0.6931471805599453,1387.5,1497.0
8632000,35,35,0,0,35,0.0,0.0,0.0,0,4921331,3.58351893845611,3.58351893845611,3.58351893845611,0.0,0.0,2901.5,2349.0
5944000,100,86,2,12,100,0.023255813953488372,6.0,0.13953488372093023,1,3502931,4.61512051684126,4.61512051684126,4.465908118654584,1.0986122886681098,2.5649493574615367,1387.5,124.5
5636000,100,94,1,5,100,0.010638297872340425,5.0,0.05319148936170213,1,3661360,4.61512051684126,4.61512051684126,4.553876891600541,0.6931471805599453,1.791759469228055,1387.5,512.5
8872000,100,96,2,2,100,0.020833333333333332,1.0,0.020833333333333332,1,9883830,4.61512051684126,4.61512051684126,4.574710978503383,1.0986122886681098,1.0986122886681098,1387.5,1054.0
116000,100,98,0,2,100,0.0,0.0,0.02040816326530612,1,2097758,4.61512051684126,4.61512051684126,4.59511985013459,0.0,1.0986122886681098,1387.5,1177.0
8456000,100,100,0,0,99,0.0,0.0,0.0,0,2329489,4.61512051684126,4.605170185988092,4.61512051684126,0.0,0.0,1387.5,2349.0
7798000,100,100,0,0,99,0.0,0.0,0.0,0,3180389,4.61512051684126,4.605170185988092,4.61512051684126,0.0,0.0,1387.5,2349.0
8450000,100,87,3,10,100,0.034482758620689655,3.3333333333333335,0.11494252873563218,1,5191181,4.61512051684126,4.61512051684126,4.477336814478207,1.3862943611198906,2.3978952727983707,1387.5,174.5
9070000,100,97,1,2,99,0.010309278350515464,2.0,0.020618556701030927,1,4567644,4.61512051684126,4.605170185988092,4.584967478670572,0.6931471805599453,1.0986122886681098,1387.5,1108.0
314000,100,88,3,9,100,0.03409090909090909,3.0,0.10227272727272728,1,2852885,4.61512051684126,4.61512051684126,4.48863636973214,1.3862943611198906,2.302585092994046,1387.5,200.0
8626000,100,99,1,0,100,0.010101010101010102,0.0,0.0,0,5683787,4.61512051684126,4.61512051684126,4.605170185988092,0.6931471805599453,0.0,1387.5,2349.0
5106000,100,91,2,7,100,0.02197802197802198,3.5,0.07692307692307693,1,8134347,4.61512051684126,4.61512051684126,4.5217885770490405,1.0986122886681098,2.0794415416798357,1387.5,318.0
9138000,100,95,5,0,99,0.05263157894736842,0.0,0.0,0,4840150,4.61512051684126,4.605170185988092,4.564348191467836,1.791759469228055,0.0,1387.5,2349.0
8172000,100,100,0,0,100,0.0,0.0,0.0,0,2239420,4.61512051684126,4.61512051684126,4.61512051684126,0.0,0.0,1387.5,2349.0
4278000,100,98,1,1,100,0.01020408163265306,1.0,0.01020408163265306,1,3486197,4.61512051684126,4.61512051684126,4.59511985013459,0.6931471805599453,0.6931471805599453,1387.5,1497.0
5046000,100,100,0,0,100,0.0,0.0,0.0,0,3536300,4.61512051684126,4.61512051684126,4.61512051684126,0.0,0.0,1387.5,2349.0
9668000,100,97,2,1,100,0.020618556701030927,0.5,0.010309278350515464,1,7681781,4.61512051684126,4.61512051684126,4.584967478670572,1.0986122886681098,0.6931471805599453,1387.5,1403.0
9866000,100,84,10,6,100,0.11904761904761904,0.6,0.07142857142857142,1,2486934,4.61512051684126,4.61512051684126,4.442651256490317,2.3978952727983707,1.9459101490553132,1387.5,343.5
9974000,100,93,7,0,99,0.07526881720430108,0.0,0.0,0,5490336,4.61512051684126,4.605170185988092,4.543294782270004,2.0794415416798357,0.0,1387.5,2349.0
4624000,100,95,5,0,100,0.05263157894736842,0.0,0.0,0,3678770,4.61512051684126,4.61512051684126,4.564348191467836,1.791759469228055,0.0,1387.5,2349.0
2760000,100,90,5,5,100,0.05555555555555555,1.0,0.05555555555555555,1,2903559,4.61512051684126,4.61512051684126,4.51085950651685,1.791759469228055,1.791759469228055,1387.5,454.5
4074000,100,86,7,7,100,0.08139534883720931,1.0,0.08139534883720931,1,3660598,4.61512051684126,4.61512051684126,4.465908118654584,2.0794415416798357,2.0794415416798357,1387.5,277.5
9832000,100,100,0,0,100,0.0,0.0,0.0,0,2090357,4.61512051684126,4.61512051684126,4.61512051684126,0.0,0.0,1387.5,2349.0
4936000,100,93,4,3,99,0.043010752688172046,0.75,0.03225806451612903,1,3734144,4.61512051684126,4.605170185988092,4.543294782270004,1.6094379124341003,1.3862943611198906,1387.5,742.0
4340000,100,95,5,0,100,0.05263157894736842,0.0,0.0,0,3685265,4.61512051684126,4.61512051684126,4.564348191467836,1.791759469228055,0.0,1387.5,2349.0
5414000,100,99,1,0,100,0.010101010101010102,0.0,0.0,0,5871611,4.61512051684126,4.61512051684126,4.605170185988092,0.6931471805599453,0.0,1387.5,2349.0
5244000,100,99,1,0,100,0.010101010101010102,0.0,0.0,0,5068501,4.61512051684126,4.61512051684126,4.605170185988092,0.6931471805599453,0.0,1387.5,2349.0
3966000,100,91,7,2,100,0.07692307692307693,0.2857142857142857,0.02197802197802198,1,4202192,4.61512051684126,4.61512051684126,4.5217885770490405,2.0794415416798357,1.0986122886681098,1387.5,946.0
4146000,100,98,0,2,100,0.0,0.0,0.02040816326530612,1,3055984,4.61512051684126,4.61512051684126,4.59511985013459,0.0,1.0986122886681098,1387.5,1177.0
4562000,100,100,0,0,100,0.0,0.0,0.0,0,3365581,4.61512051684126,4.61512051684126,4.61512051684126,0.0,0.0,1387.5,2349.0
4358000,100,93,0,7,100,0.0,0.0,0.07526881720430108,1,3671019,4.61512051684126,4.61512051684126,4.543294782270004,0.0,2.0794415416798357,1387.5,333.0
3242000,100,92,3,5,98,0.03260869565217391,1.6666666666666667,0.05434782608695652,1,6830170,4.61512051684126,4.59511985013459,4.532599493153256,1.3862943611198906,1.791759469228055,1387.5,476.5
484000,100,96,1,3,100,0.010416666666666666,3.0,0.03125,1,4182662,4.61512051684126,4.61512051684126,4.574710978503383,0.6931471805599453,1.3862943611198906,1387.5,834.0
10036000,100,78,11,11,100,0.14102564102564102,1.0,0.14102564102564102,1,3613844,4.61512051684126,4.61512051684126,4.3694478524670215,2.4849066497880004,2.4849066497880004,1387.5,119.5
9940000,24,21,3,0,24,0.14285714285714285,0.0,0.0,0,310924,3.2188758248682006,3.2188758248682006,3.091042453358316,1.3862943611198906,0.0,2931.0,2349.0
9246000,100,68,11,21,100,0.16176470588235295,1.9090909090909092,0.3088235294117647,1,6769721,4.61512051684126,4.61512051684126,4.23410650459726,2.4849066497880004,3.091042453358316,1387.5,23.0
4870000,100,98,2,0,100,0.02040816326530612,0.0,0.0,0,4303930,4.61512051684126,4.61512051684126,4.59511985013459,1.0986122886681098,0.0,1387.5,2349.0
5698000,100,100,0,0,100,0.0,0.0,0.0,0,5152531,4.61512051684126,4.61512051684126,4.61512051684126,0.0,0.0,1387.5,2349.0
5148000,100,100,0,0,100,0.0,0.0,0.0,0,3415792,4.61512051684126,4.61512051684126,4.61512051684126,0.0,0.0,1387.5,2349.0
4032000,100,88,7,5,100,0.07954545454545454,0.7142857142857143,0.056818181818181816,1,4426633,4.61512051684126,4.61512051684126,4.48863636973214,2.0794415416798357,1.791759469228055,1387.5,437.0
3658000,100,91,1,8,100,0.01098901098901099,8.0,0.08791208791208792,1,4647309,4.61512051684126,4.61512051684126,4.5217885770490405,0.6931471805599453,2.1972245773362196,1387.5,256.0
622000,100,92,3,5,100,0.03260869565217391,1.6666666666666667,0.05434782608695652,1,4714140,4.61512051684126,4.61512051684126,4.532599493153256,1.3862943611198906,1.791759469228055,1387.5,476.5
4250000,100,92,2,6,100,0.021739130434782608,3.0,0.06521739130434782,1,2374299,4.61512051684126,4.61512051684126,4.532599493153256,1.0986122886681098,1.9459101490553132,1387.5,382.0
7750000,100,96,3,1,100,0.03125,0.3333333333333333,0.010416666666666666,1,1616571,4.61512051684126,4.61512051684126,4.574710978503383,1.3862943611198906,0.6931471805599453,1387.5,1350.0
8830000,28,28,0,0,28,0.0,0.0,0.0,0,2514990,3.367295829986474,3.367295829986474,3.367295829986474,0.0,0.0,2921.5,2349.0
9492000,100,100,0,0,100,0.0,0.0,0.0,0,2302010,4.61512051684126,4.61512051684126,4.61512051684126,0.0,0.0,1387.5,2349.0
3134000,100,93,0,7,100,0.0,0.0,0.07526881720430108,1,3568291,4.61512051684126,4.61512051684126,4.543294782270004,0.0,2.0794415416798357,1387.5,333.0
2868000,100,96,4,0,100,0.041666666666666664,0.0,0.0,0,4478601,4.61512051684126,4.61512051684126,4.574710978503383,1.6094379124341003,0.0,1387.5,2349.0
9662000,100,76,22,2,98,0.2894736842105263,0.09090909090909091,0.02631578947368421,1,3835602,4.61512051684126,4.59511985013459,4.343805421853684,3.1354942159291497,1.0986122886681098,1387.5,899.0
8980000,100,99,1,0,100,0.010101010101010102,0.0,0.0,0,11627293,4.61512051684126,4.61512051684126,4.605170185988092,0.6931471805599453,0.0,1387.5,2349.0
3664000,100,92,7,1,100,0.07608695652173914,0.14285714285714285,0.010869565217391304,1,2429091,4.61512051684126,4.61512051684126,4.532599493153256,2.0794415416798357,0.6931471805599453,1387.5,1260.5
3374000,100,96,1,3,100,0.010416666666666666,3.0,0.03125,1,2663906,4.61512051684126,4.61512051684126,4.574710978503383,0.6931471805599453,1.3862943611198906,1387.5,834.0
10078000,100,97,3,0,100,0.030927835051546393,0.0,0.0,0,2291917,4.61512051684126,4.61512051684126,4.584967478670572,1.3862943611198906,0.0,1387.5,2349.0
9838000,100,90,1,9,100,0.011111111111111112,9.0,0.1,1,4200408,4.61512051684126,4.61512051684126,4.51085950651685,0.6931471805599453,2.302585092994046,1387.5,207.5
9776000,100,94,6,0,100,0.06382978723404255,0.0,0.0,0,3674783,4.61512051684126,4.61512051684126,4.553876891600541,1.9459101490553132,0.0,1387.5,2349.0
8342000,100,100,0,0,100,0.0,0.0,0.0,0,8298598,4.61512051684126,4.61512051684126,4.61512051684126,0.0,0.0,1387.5,2349.0
8280000,100,100,0,0,100,0.0,0.0,0.0,0,2991118,4.61512051684126,4.61512051684126,4.61512051684126,0.0,0.0,1387.5,2349.0
9042000,100,100,0,0,100,0.0,0.0,0.0,0,2841799,4.61512051684126,4.61512051684126,4.61512051684126,0.0,0.0,1387.5,2349.0
3766000,100,91,8,1,100,0.08791208791208792,0.125,0.01098901098901099,1,4031695,4.61512051684126,4.61512051684126,4.5217885770490405,2.1972245773362196,0.6931471805599453,1387.5,1253.0
4208000,100,93,2,5,100,0.021505376344086023,2.5,0.053763440860215055,1,2592385,4.61512051684126,4.61512051684126,4.543294782270004,1.0986122886681098,1.791759469228055,1387.5,492.0
4142000,100,98,2,0,100,0.02040816326530612,0.0,0.0,0,3859694,4.61512051684126,4.61512051684126,4.59511985013459,1.0986122886681098,0.0,1387.5,2349.0
9240000,100,83,6,11,100,0.07228915662650602,1.8333333333333333,0.13253012048192772,1,4203579,4.61512051684126,4.61512051684126,4.430816798843313,1.9459101490553132,2.4849066497880004,1387.5,132.0
9156000,100,95,4,1,100,0.042105263157894736,0.25,0.010526315789473684,1,12176673,4.61512051684126,4.61512051684126,4.564348191467836,1.6094379124341003,0.6931471805599453,1387.5,1321.0
7552000,100,97,3,0,100,0.030927835051546393,0.0,0.0,0,8821830,4.61512051684126,4.61512051684126,4.584967478670572,1.3862943611198906,0.0,1387.5,2349.0
8388000,100,100,0,0,100,0.0,0.0,0.0,0,3172386,4.61512051684126,4.61512051684126,4.61512051684126,0.0,0.0,1387.5,2349.0
206000,100,93,6,1,100,0.06451612903225806,0.16666666666666666,0.010752688172043012,1,3980921,4.61512051684126,4.61512051684126,4.543294782270004,1.9459101490553132,0.6931471805599453,1387.5,1272.5
5154000,100,95,5,0,100,0.05263157894736842,0.0,0.0,0,4485772,4.61512051684126,4.61512051684126,4.564348191467836,1.791759469228055,0.0,1387.5,2349.0
5040000,100,99,1,0,100,0.010101010101010102,0.0,0.0,0,3470051,4.61512051684126,4.61512051684126,4.605170185988092,0.6931471805599453,0.0,1387.5,2349.0
3550000,100,97,1,2,100,0.010309278350515464,2.0,0.020618556701030927,1,2174907,4.61512051684126,4.61512051684126,4.584967478670572,0.6931471805599453,1.0986122886681098,1387.5,1108.0
4516000,100,100,0,0,100,0.0,0.0,0.0,0,3723953,4.61512051684126,4.61512051684126,4.61512051684126,0.0,0.0,1387.5,2349.0
9770000,100,96,4,0,100,0.041666666666666664,0.0,0.0,0,2429787,4.61512051684126,4.61512051684126,4.574710978503383,1.6094379124341003,0.0,1387.5,2349.0
2584000,100,99,1,0,100,0.010101010101010102,0.0,0.0,0,7057107,4.61512051684126,4.61512051684126,4.605170185988092,0.6931471805599453,0.0,1387.5,2349.0
9572000,100,60,37,3,100,0.6166666666666667,0.08108108108108109,0.05,1,3541432,4.61512051684126,4.61512051684126,4.110873864173311,3.6375861597263857,1.3862943611198906,1387.5,537.5
9354000,100,94,5,1,100,0.05319148936170213,0.2,0.010638297872340425,1,3541036,4.61512051684126,4.61512051684126,4.553876891600541,1.791759469228055,0.6931471805599453,1387.5,1296.0
4732000,100,98,2,0,100,0.02040816326530612,0.0,0.0,0,2585909,4.61512051684126,4.61512051684126,4.59511985013459,1.0986122886681098,0.0,1387.5,2349.0
3834000,100,94,6,0,100,0.06382978723404255,0.0,0.0,0,15816400,4.61512051684126,4.61512051684126,4.553876891600541,1.9459101490553132,0.0,1387.5,2349.0
9728000,100,92,3,5,100,0.03260869565217391,1.6666666666666667,0.05434782608695652,1,4158189,4.61512051684126,4.61512051684126,4.532599493153256,1.3862943611198906,1.791759469228055,1387.5,476.5
2958000,100,95,5,0,100,0.05263157894736842,0.0,0.0,0,2345806,4.61512051684126,4.61512051684126,4.564348191467836,1.791759469228055,0.0,1387.5,2349.0
4454000,100,100,0,0,100,0.0,0.0,0.0,0,2529116,4.61512051684126,4.61512051684126,4.61512051684126,0.0,0.0,1387.5,2349.0
9946000,100,96,2,2,100,0.020833333333333332,1.0,0.020833333333333332,1,11133080,4.61512051684126,4.61512051684126,4.574710978503383,1.0986122886681098,1.0986122886681098,1387.5,1054.0
3176000,100,97,2,1,100,0.020618556701030927,0.5,0.010309278350515464,1,2412700,4.61512051684126,4.61512051684126,4.584967478670572,1.0986122886681098,0.6931471805599453,1387.5,1403.0
9288000,100,93,7,0,100,0.07526881720430108,0.0,0.0,0,3444206,4.61512051684126,4.61512051684126,4.543294782270004,2.0794415416798357,0.0,1387.5,2349.0
8962000,100,100,0,0,100,0.0,0.0,0.0,0,3192427,4.61512051684126,4.61512051684126,4.61512051684126,0.0,0.0,1387.5,2349.0
8696000,11,11,0,0,11,0.0,0.0,0.0,0,1997453,2.4849066497880004,2.4849066497880004,2.4849066497880004,0.0,0.0,2961.0,2349.0
3060000,100,100,0,0,95,0.0,0.0,0.0,0,2997935,4.61512051684126,4.564348191467836,4.61512051684126,0.0,0.0,1387.5,2349.0
2686000,100,88,3,9,100,0.03409090909090909,3.0,0.10227272727272728,1,2777956,4.61512051684126,4.61512051684126,4.48863636973214,1.3862943611198906,2.302585092994046,1387.5,200.0
5654000,100,90,8,2,100,0.08888888888888889,0.25,0.022222222222222223,1,2815425,4.61512051684126,4.61512051684126,4.51085950651685,2.1972245773362196,1.0986122886681098,1387.5,934.0
3960000,100,86,12,2,100,0.13953488372093023,0.16666666666666666,0.023255813953488372,1,6647891,4.61512051684126,4.61512051684126,4.465908118654584,2.5649493574615367,1.0986122886681098,1387.5,913.5
8514000,100,98,2,0,100,0.02040816326530612,0.0,0.0,0,5125007,4.61512051684126,4.61512051684126,4.59511985013459,1.0986122886681098,0.0,1387.5,2349.0
8098000,100,99,1,0,99,0.010101010101010102,0.0,0.0,0,2494566,4.61512051684126,4.605170185988092,4.605170185988092,0.6931471805599453,0.0,1387.5,2349.0
7370000,100,99,0,1,100,0.0,0.0,0.010101010101010102,1,4374258,4.61512051684126,4.61512051684126,4.605170185988092,0.0,0.6931471805599453,1387.5,1627.0
7308000,100,85,3,12,100,0.03529411764705882,4.0,0.1411764705882353,1,5348441,4.61512051684126,4.61512051684126,4.454347296253507,1.3862943611198906,2.5649493574615367,1387.5,117.5
7616000,100,100,0,0,100,0.0,0.0,0.0,0,4722651,4.61512051684126,4.61512051684126,4.61512051684126,0.0,0.0,1387.5,2349.0
3278000,100,96,1,3,100,0.010416666666666666,3.0,0.03125,1,2353303,4.61512051684126,4.61512051684126,4.574710978503383,0.6931471805599453,1.3862943611198906,1387.5,834.0
8268000,100,85,2,13,100,0.023529411764705882,6.5,0.15294117647058825,1,11790950,4.61512051684126,4.61512051684126,4.454347296253507,1.0986122886681098,2.6390573296152584,1387.5,104.0
7900000,100,95,0,5,100,0.0,0.0,0.05263157894736842,1,4777019,4.61512051684126,4.61512051684126,4.564348191467836,0.0,1.791759469228055,1387.5,527.5
8798000,100,96,4,0,100,0.041666666666666664,0.0,0.0,0,5970364,4.61512051684126,4.61512051684126,4.574710978503383,1.6094379124341003,0.0,1387.5,2349.0
7858000,100,97,1,2,100,0.010309278350515464,2.0,0.020618556701030927,1,6166050,4.61512051684126,4.61512051684126,4.584967478670572,0.6931471805599453,1.0986122886681098,1387.5,1108.0
4688000,100,100,0,0,96,0.0,0.0,0.0,0,4911014,4.61512051684126,4.574710978503383,4.61512051684126,0.0,0.0,1387.5,2349.0
8444000,100,98,0,2,100,0.0,0.0,0.02040816326530612,1,4175162,4.61512051684126,4.61512051684126,4.59511985013459,0.0,1.0986122886681098,1387.5,1177.0
8070000,79,78,0,1,79,0.0,0.0,0.01282051282051282,1,19044341,4.382026634673881,4.382026634673881,4.3694478524670215,0.0,0.6931471805599453,2816.0,1222.5
3652000,100,100,0,0,100,0.0,0.0,0.0,0,3085147,4.61512051684126,4.61512051684126,4.61512051684126,0.0,0.0,1387.5,2349.0
7990000,100,93,7,0,100,0.07526881720430108,0.0,0.0,0,3099348,4.61512051684126,4.61512051684126,4.543294782270004,2.0794415416798357,0.0,1387.5,2349.0
1612000,100,93,5,2,100,0.053763440860215055,0.4,0.021505376344086023,1,4134418,4.61512051684126,4.61512051684126,4.543294782270004,1.791759469228055,1.0986122886681098,1387.5,976.0
9002000,100,98,1,1,100,0.01020408163265306,1.0,0.01020408163265306,1,4593392,4.61512051684126,4.61512051684126,4.59511985013459,0.6931471805599453,0.6931471805599453,1387.5,1497.0
8860000,100,100,0,0,100,0.0,0.0,0.0,0,3015639,4.61512051684126,4.61512051684126,4.61512051684126,0.0,0.0,1387.5,2349.0
9594000,100,93,4,3,100,0.043010752688172046,0.75,0.03225806451612903,1,5691557,4.61512051684126,4.61512051684126,4.543294782270004,1.6094379124341003,1.3862943611198906,1387.5,742.0
3964000,100,89,0,11,100,0.0,0.0,0.12359550561797752,1,6347120,4.61512051684126,4.61512051684126,4.499809670330265,0.0,2.4849066497880004,1387.5,152.0
9684000,100,98,1,1,100,0.01020408163265306,1.0,0.01020408163265306,1,2182824,4.61512051684126,4.61512051684126,4.59511985013459,0.6931471805599453,0.6931471805599453,1387.5,1497.0
2952000,100,96,0,4,100,0.0,0.0,0.041666666666666664,1,4200671,4.61512051684126,4.61512051684126,4.574710978503383,0.0,1.6094379124341003,1387.5,665.5
1504000,100,98,0,2,100,0.0,0.0,0.02040816326530612,1,3278109,4.61512051684126,4.61512051684126,4.59511985013459,0.0,1.0986122886681098,1387.5,1177.0
1986000,100,100,0,0,100,0.0,0.0,0.0,0,4232398,4.61512051684126,4.61512051684126,4.61512051684126,0.0,0.0,1387.5,2349.0
3590000,100,97,1,2,100,0.010309278350515464,2.0,0.020618556701030927,1,2610230,4.61512051684126,4.61512051684126,4.584967478670572,0.6931471805599453,1.0986122886681098,1387.5,1108.0
3066000,100,89,3,8,100,0.033707865168539325,2.6666666666666665,0.0898876404494382,1,4051207,4.61512051684126,4.61512051684126,4.499809670330265,1.3862943611198906,2.1972245773362196,1387.5,244.5
4068000,100,94,4,2,100,0.0425531914893617,0.5,0.02127659574468085,1,2812954,4.61512051684126,4.61512051684126,4.553876891600541,1.6094379124341003,1.0986122886681098,1387.5,996.5
9172000,100,99,1,0,100,0.010101010101010102,0.0,0.0,0,4485125,4.61512051684126,4.61512051684126,4.605170185988092,0.6931471805599453,0.0,1387.5,2349.0
5762000,100,92,1,7,100,0.010869565217391304,7.0,0.07608695652173914,1,5405103,4.61512051684126,4.61512051684126,4.532599493153256,0.6931471805599453,2.0794415416798357,1387.5,327.0
440000,100,87,10,3,100,0.11494252873563218,0.3,0.034482758620689655,1,6891064,4.61512051684126,4.61512051684126,4.477336814478207,2.3978952727983707,1.3862943611198906,1387.5,695.5
9106000,100,88,6,6,100,0.06818181818181818,1.0,0.06818181818181818,1,4061654,4.61512051684126,4.61512051684126,4.48863636973214,1.9459101490553132,1.9459101490553132,1387.5,358.0
2402000,100,99,0,1,100,0.0,0.0,0.010101010101010102,1,3885096,4.61512051684126,4.61512051684126,4.605170185988092,0.0,0.6931471805599453,1387.5,1627.0
4442000,100,100,0,0,100,0.0,0.0,0.0,0,3629165,4.61512051684126,4.61512051684126,4.61512051684126,0.0,0.0,1387.5,2349.0
2776000,100,99,1,0,100,0.010101010101010102,0.0,0.0,0,2842179,4.61512051684126,4.61512051684126,4.605170185988092,0.6931471805599453,0.0,1387.5,2349.0
3236000,100,97,1,2,100,0.010309278350515464,2.0,0.020618556701030927,1,7938917,4.61512051684126,4.61512051684126,4.584967478670572,0.6931471805599453,1.0986122886681098,1387.5,1108.0
4864000,100,100,0,0,97,0.0,0.0,0.0,0,2336099,4.61512051684126,4.584967478670572,4.61512051684126,0.0,0.0,1387.5,2349.0
4380000,100,100,0,0,100,0.0,0.0,0.0,0,1650515,4.61512051684126,4.61512051684126,4.61512051684126,0.0,0.0,1387.5,2349.0
3368000,100,95,3,2,100,0.031578947368421054,0.6666666666666666,0.021052631578947368,1,2229266,4.61512051684126,4.61512051684126,4.564348191467836,1.3862943611198906,1.0986122886681098,1387.5,1019.0
9418000,100,95,0,5,100,0.0,0.0,0.05263157894736842,1,2674695,4.61512051684126,4.61512051684126,4.564348191467836,0.0,1.791759469228055,1387.5,527.5
9896000,100,88,0,12,100,0.0,0.0,0.13636363636363635,1,6613000,4.61512051684126,4.61512051684126,4.48863636973214,0.0,2.5649493574615367,1387.5,129.0
9390000,100,58,22,20,100,0.3793103448275862,0.9090909090909091,0.3448275862068966,1,4596671,4.61512051684126,4.61512051684126,4.07753744390572,3.1354942159291497,3.044522437723423,1387.5,19.0
2578000,100,78,6,16,100,0.07692307692307693,2.6666666666666665,0.20512820512820512,1,2507221,4.61512051684126,4.61512051684126,4.3694478524670215,1.9459101490553132,2.833213344056216,1387.5,59.0
7200000,100,96,1,3,100,0.010416666666666666,3.0,0.03125,1,9714812,4.61512051684126,4.61512051684126,4.574710978503383,0.6931471805599453,1.3862943611198906,1387.5,834.0
8780000,100,100,0,0,99,0.0,0.0,0.0,0,5312314,4.61512051684126,4.605170185988092,4.61512051684126,0.0,0.0,1387.5,2349.0
4272000,100,93,2,5,100,0.021505376344086023,2.5,0.053763440860215055,1,13348043,4.61512051684126,4.61512051684126,4.543294782270004,1.0986122886681098,1.791759469228055,1387.5,492.0
24000,100,98,2,0,100,0.02040816326530612,0.0,0.0,0,4081004,4.61512051684126,4.61512051684126,4.59511985013459,1.0986122886681098,0.0,1387.5,2349.0
8752000,100,99,0,1,100,0.0,0.0,0.010101010101010102,1,2289859,4.61512051684126,4.61512051684126,4.605170185988092,0.0,0.6931471805599453,1387.5,1627.0
9310000,100,88,7,5,100,0.07954545454545454,0.7142857142857143,0.056818181818181816,1,3665264,4.61512051684126,4.61512051684126,4.48863636973214,2.0794415416798357,1.791759469228055,1387.5,437.0
4972000,100,90,2,8,100,0.022222222222222223,4.0,0.08888888888888889,1,3100626,4.61512051684126,4.61512051684126,4.51085950651685,1.0986122886681098,2.1972245773362196,1387.5,250.0
5454000,100,61,39,0,100,0.639344262295082,0.0,0.0,0,2277110,4.61512051684126,4.61512051684126,4.127134385045092,3.6888794541139363,0.0,1387.5,2349.0
8894000,100,99,0,1,99,0.0,0.0,0.010101010101010102,1,4666201,4.61512051684126,4.605170185988092,4.605170185988092,0.0,0.6931471805599453,1387.5,1627.0
8274000,100,100,0,0,100,0.0,0.0,0.0,0,4026194,4.61512051684126,4.61512051684126,4.61512051684126,0.0,0.0,1387.5,2349.0
4754000,100,97,2,1,100,0.020618556701030927,0.5,0.010309278350515464,1,6034535,4.61512051684126,4.61512051684126,4.584967478670572,1.0986122886681098,0.6931471805599453,1387.5,1403.0
3898000,100,81,4,15,100,0.04938271604938271,3.75,0.18518518518518517,1,6963703,4.61512051684126,4.61512051684126,4.406719247264253,1.6094379124341003,2.772588722239781,1387.5,74.5
2408000,100,90,3,7,100,0.03333333333333333,2.3333333333333335,0.07777777777777778,1,2423633,4.61512051684126,4.61512051684126,4.51085950651685,1.3862943611198906,2.0794415416798357,1387.5,306.5
4176000,100,94,4,2,100,0.0425531914893617,0.5,0.02127659574468085,1,5949142,4.61512051684126,4.61512051684126,4.553876891600541,1.6094379124341003,1.0986122886681098,1387.5,996.5
10138000,100,98,1,1,100,0.01020408163265306,1.0,0.01020408163265306,1,2858608,4.61512051684126,4.61512051684126,4.59511985013459,0.6931471805599453,0.6931471805599453,1387.5,1497.0
9656000,100,90,5,5,100,0.05555555555555555,1.0,0.05555555555555555,1,2361880,4.61512051684126,4.61512051684126,4.51085950651685,1.791759469228055,1.791759469228055,1387.5,454.5
3892000,100,100,0,0,100,0.0,0.0,0.0,0,13706825,4.61512051684126,4.61512051684126,4.61512051684126,0.0,0.0,1387.5,2349.0
9588000,100,87,4,9,100,0.04597701149425287,2.25,0.10344827586206896,1,3645970,4.61512051684126,4.61512051684126,4.477336814478207,1.6094379124341003,2.302585092994046,1387.5,193.5
4618000,100,100,0,0,100,0.0,0.0,0.0,0,1998507,4.61512051684126,4.61512051684126,4.61512051684126,0.0,0.0,1387.5,2349.0
3102000,100,100,0,0,100,0.0,0.0,0.0,0,3542119,4.61512051684126,4.61512051684126,4.61512051684126,0.0,0.0,1387.5,2349.0
2510000,100,99,1,0,99,0.010101010101010102,0.0,0.0,0,4622270,4.61512051684126,4.605170185988092,4.605170185988092,0.6931471805599453,0.0,1387.5,2349.0
8690000,100,100,0,0,100,0.0,0.0,0.0,0,2998875,4.61512051684126,4.61512051684126,4.61512051684126,0.0,0.0,1387.5,2349.0
8406000,100,100,0,0,100,0.0,0.0,0.0,0,6247086,4.61512051684126,4.61512051684126,4.61512051684126,0.0,0.0,1387.5,2349.0
3850000,100,93,7,0,100,0.07526881720430108,0.0,0.0,0,3917752,4.61512051684126,4.61512051684126,4.543294782270004,2.0794415416798357,0.0,1387.5,2349.0
9064000,100,97,1,2,100,0.010309278350515464,2.0,0.020618556701030927,1,5469901,4.61512051684126,4.61512051684126,4.584967478670572,0.6931471805599453,1.0986122886681098,1387.5,1108.0
3784000,100,100,0,0,100,0.0,0.0,0.0,0,2468244,4.61512051684126,4.61512051684126,4.61512051684126,0.0,0.0,1387.5,2349.0
9764000,100,91,7,2,98,0.07692307692307693,0.2857142857142857,0.02197802197802198,1,4947350,4.61512051684126,4.59511985013459,4.5217885770490405,2.0794415416798357,1.0986122886681098,1387.5,946.0
4158000,100,95,3,2,100,0.031578947368421054,0.6666666666666666,0.021052631578947368,1,14375644,4.61512051684126,4.61512051684126,4.564348191467836,1.3862943611198906,1.0986122886681098,1387.5,1019.0
3476000,51,45,3,3,51,0.06666666666666667,1.0,0.06666666666666667,1,22610890,3.9512437185814275,3.9512437185814275,3.828641396489095,1.3862943611198906,1.3862943611198906,2870.0,366.0
2994000,100,97,2,1,100,0.020618556701030927,0.5,0.010309278350515464,1,4875508,4.61512051684126,4.61512051684126,4.584967478670572,1.0986122886681098,0.6931471805599453,1387.5,1403.0
3482000,100,86,6,8,100,0.06976744186046512,1.3333333333333333,0.09302325581395349,1,4589664,4.61512051684126,4.61512051684126,4.465908118654584,1.9459101490553132,2.1972245773362196,1387.5,228.5
3306000,100,95,5,0,100,0.05263157894736842,0.0,0.0,0,2818379,4.61512051684126,4.61512051684126,4.564348191467836,1.791759469228055,0.0,1387.5,2349.0
9480000,100,89,6,5,100,0.06741573033707865,0.8333333333333334,0.056179775280898875,1,5772216,4.61512051684126,4.61512051684126,4.499809670330265,1.9459101490553132,1.791759469228055,1387.5,445.5
9486000,100,89,7,4,100,0.07865168539325842,0.5714285714285714,0.0449438202247191,1,5164957,4.61512051684126,4.61512051684126,4.499809670330265,2.0794415416798357,1.6094379124341003,1387.5,560.0
1878000,100,96,3,1,100,0.03125,0.3333333333333333,0.010416666666666666,1,3186088,4.61512051684126,4.61512051684126,4.574710978503383,1.3862943611198906,0.6931471805599453,1387.5,1350.0
2094000,5,5,0,0,5,0.0,0.0,0.0,0,2605364,1.791759469228055,1.791759469228055,1.791759469228055,0.0,0.0,2980.0,2349.0
8582000,31,31,0,0,31,0.0,0.0,0.0,0,1633586,3.4657359027997265,3.4657359027997265,3.4657359027997265,0.0,0.0,2913.0,2349.0
4550000,26,23,1,2,26,0.043478260869565216,2.0,0.08695652173913043,1,987755,3.295836866004329,3.295836866004329,3.1780538303479458,0.6931471805599453,1.0986122886681098,2925.0,263.5
8974000,12,11,1,0,12,0.09090909090909091,0.0,0.0,0,3413745,2.5649493574615367,2.5649493574615367,2.4849066497880004,0.6931471805599453,0.0,2957.5,2349.0
5062000,19,19,0,0,19,0.0,0.0,0.0,0,962785,2.995732273553991,2.995732273553991,2.995732273553991,0.0,0.0,2944.5,2349.0
4898000,100,100,0,0,100,0.0,0.0,0.0,0,5069648,4.61512051684126,4.61512051684126,4.61512051684126,0.0,0.0,1387.5,2349.0
8990000,100,97,0,3,100,0.0,0.0,0.030927835051546393,1,4857464,4.61512051684126,4.61512051684126,4.584967478670572,0.0,1.3862943611198906,1387.5,873.5
3498000,100,97,2,1,100,0.020618556701030927,0.5,0.010309278350515464,1,3088074,4.61512051684126,4.61512051684126,4.584967478670572,1.0986122886681098,0.6931471805599453,1387.5,1403.0
8332000,100,97,2,1,100,0.020618556701030927,0.5,0.010309278350515464,1,2598480,4.61512051684126,4.61512051684126,4.584967478670572,1.0986122886681098,0.6931471805599453,1387.5,1403.0
3192000,100,92,3,5,100,0.03260869565217391,1.6666666666666667,0.05434782608695652,1,3213519,4.61512051684126,4.61512051684126,4.532599493153256,1.3862943611198906,1.791759469228055,1387.5,476.5
8930000,100,100,0,0,100,0.0,0.0,0.0,0,5607959,4.61512051684126,4.61512051684126,4.61512051684126,0.0,0.0,1387.5,2349.0
4198000,100,100,0,0,100,0.0,0.0,0.0,0,2438242,4.61512051684126,4.61512051684126,4.61512051684126,0.0,0.0,1387.5,2349.0
8290000,100,100,0,0,100,0.0,0.0,0.0,0,4770642,4.61512051684126,4.61512051684126,4.61512051684126,0.0,0.0,1387.5,2349.0
7916000,100,88,9,3,100,0.10227272727272728,0.3333333333333333,0.03409090909090909,1,3055039,4.61512051684126,4.61512051684126,4.48863636973214,2.302585092994046,1.3862943611198906,1387.5,699.5
7542000,100,100,0,0,100,0.0,0.0,0.0,0,2597151,4.61512051684126,4.61512051684126,4.61512051684126,0.0,0.0,1387.5,2349.0
7888000,100,96,3,1,100,0.03125,0.3333333333333333,0.010416666666666666,1,5183852,4.61512051684126,4.61512051684126,4.574710978503383,1.3862943611198906,0.6931471805599453,1387.5,1350.0
8086000,100,98,2,0,100,0.02040816326530612,0.0,0.0,0,5829957,4.61512051684126,4.61512051684126,4.59511985013459,1.0986122886681098,0.0,1387.5,2349.0
8508000,100,84,16,0,100,0.19047619047619047,0.0,0.0,0,5534252,4.61512051684126,4.61512051684126,4.442651256490317,2.833213344056216,0.0,1387.5,2349.0
8924000,100,97,3,0,100,0.030927835051546393,0.0,0.0,0,9723879,4.61512051684126,4.61512051684126,4.584967478670572,1.3862943611198906,0.0,1387.5,2349.0
8026000,100,99,1,0,100,0.010101010101010102,0.0,0.0,0,9316572,4.61512051684126,4.61512051684126,4.605170185988092,0.6931471805599453,0.0,1387.5,2349.0
8134000,100,99,1,0,100,0.010101010101010102,0.0,0.0,0,12060359,4.61512051684126,4.61512051684126,4.605170185988092,0.6931471805599453,0.0,1387.5,2349.0
3186000,100,96,1,3,100,0.010416666666666666,3.0,0.03125,1,3146434,4.61512051684126,4.61512051684126,4.574710978503383,0.6931471805599453,1.3862943611198906,1387.5,834.0
6644000,82,81,1,0,82,0.012345679012345678,0.0,0.0,0,14675376,4.418840607796598,4.418840607796598,4.406719247264253,0.6931471805599453,0.0,2811.0,2349.0
8882000,100,100,0,0,100,0.0,0.0,0.0,0,7397609,4.61512051684126,4.61512051684126,4.61512051684126,0.0,0.0,1387.5,2349.0
6336000,100,99,1,0,100,0.010101010101010102,0.0,0.0,0,5296264,4.61512051684126,4.61512051684126,4.605170185988092,0.6931471805599453,0.0,1387.5,2349.0
8622000,100,100,0,0,100,0.0,0.0,0.0,0,2174839,4.61512051684126,4.61512051684126,4.61512051684126,0.0,0.0,1387.5,2349.0
2884000,89,87,1,1,89,0.011494252873563218,1.0,0.011494252873563218,1,17275612,4.499809670330265,4.499809670330265,4.477336814478207,0.6931471805599453,0.6931471805599453,2792.0,1233.0
6596000,100,97,2,1,100,0.020618556701030927,0.5,0.010309278350515464,1,3202713,4.61512051684126,4.61512051684126,4.584967478670572,1.0986122886681098,0.6931471805599453,1387.5,1403.0
1696000,100,96,2,2,99,0.020833333333333332,1.0,0.020833333333333332,1,4370361,4.61512051684126,4.605170185988092,4.574710978503383,1.0986122886681098,1.0986122886681098,1387.5,1054.0
7808000,100,99,0,1,98,0.0,0.0,0.010101010101010102,1,3631660,4.61512051684126,4.59511985013459,4.605170185988092,0.0,0.6931471805599453,1387.5,1627.0
2812000,100,84,5,11,100,0.05952380952380952,2.2,0.13095238095238096,1,8641084,4.61512051684126,4.61512051684126,4.442651256490317,1.791759469228055,2.4849066497880004,1387.5,133.0
1912000,100,96,2,2,99,0.020833333333333332,1.0,0.020833333333333332,1,3713509,4.61512051684126,4.605170185988092,4.574710978503383,1.0986122886681098,1.0986122886681098,1387.5,1054.0
7126000,100,98,2,0,100,0.02040816326530612,0.0,0.0,0,3804005,4.61512051684126,4.61512051684126,4.59511985013459,1.0986122886681098,0.0,1387.5,2349.0
4000000,100,99,0,1,100,0.0,0.0,0.010101010101010102,1,2047864,4.61512051684126,4.61512051684126,4.605170185988092,0.0,0.6931471805599453,1387.5,1627.0
4090000,100,91,7,2,100,0.07692307692307693,0.2857142857142857,0.02197802197802198,1,2586813,4.61512051684126,4.61512051684126,4.5217885770490405,2.0794415416798357,1.0986122886681098,1387.5,946.0
1804000,100,100,0,0,100,0.0,0.0,0.0,0,4627462,4.61512051684126,4.61512051684126,4.61512051684126,0.0,0.0,1387.5,2349.0
7718000,100,72,15,13,100,0.20833333333333334,0.8666666666666667,0.18055555555555555,1,2957011,4.61512051684126,4.61512051684126,4.290459441148391,2.772588722239781,2.6390573296152584,1387.5,81.0
2878000,100,100,0,0,100,0.0,0.0,0.0,0,4005682,4.61512051684126,4.61512051684126,4.61512051684126,0.0,0.0,1387.5,2349.0
3782000,100,95,1,4,100,0.010526315789473684,4.0,0.042105263157894736,1,8274548,4.61512051684126,4.61512051684126,4.564348191467836,0.6931471805599453,1.6094379124341003,1387.5,641.5
3294000,100,78,17,5,100,0.21794871794871795,0.29411764705882354,0.0641025641025641,1,4325817,4.61512051684126,4.61512051684126,4.3694478524670215,2.8903717578961645,1.791759469228055,1387.5,403.0
3408000,100,98,0,2,100,0.0,0.0,0.02040816326530612,1,2931667,4.61512051684126,4.61512051684126,4.59511985013459,0.0,1.0986122886681098,1387.5,1177.0
7188000,78,76,2,0,78,0.02631578947368421,0.0,0.0,0,14444580,4.3694478524670215,4.3694478524670215,4.343805421853684,1.0986122886681098,0.0,2819.0,2349.0
2594000,100,82,6,12,100,0.07317073170731707,2.0,0.14634146341463414,1,5155825,4.61512051684126,4.61512051684126,4.418840607796598,1.9459101490553132,2.5649493574615367,1387.5,111.5
9128000,100,100,0,0,100,0.0,0.0,0.0,0,4319383,4.61512051684126,4.61512051684126,4.61512051684126,0.0,0.0,1387.5,2349.0
3362000,100,78,10,12,100,0.1282051282051282,1.2,0.15384615384615385,1,4508434,4.61512051684126,4.61512051684126,4.3694478524670215,2.3978952727983707,2.5649493574615367,1387.5,102.5
1714000,100,77,11,12,100,0.14285714285714285,1.0909090909090908,0.15584415584415584,1,4663775,4.61512051684126,4.61512051684126,4.356708826689592,2.4849066497880004,2.5649493574615367,1387.5,101.0
3674000,100,96,4,0,100,0.041666666666666664,0.0,0.0,0,5905065,4.61512051684126,4.61512051684126,4.574710978503383,1.6094379124341003,0.0,1387.5,2349.0
9032000,100,99,1,0,100,0.010101010101010102,0.0,0.0,0,1807966,4.61512051684126,4.61512051684126,4.605170185988092,0.6931471805599453,0.0,1387.5,2349.0
3470000,100,96,4,0,100,0.041666666666666664,0.0,0.0,0,3013789,4.61512051684126,4.61512051684126,4.574710978503383,1.6094379124341003,0.0,1387.5,2349.0
3716000,100,67,20,13,100,0.29850746268656714,0.65,0.19402985074626866,1,2688473,4.61512051684126,4.61512051684126,4.219507705176107,3.044522437723423,2.6390573296152584,1387.5,66.0
2226000,100,99,0,1,100,0.0,0.0,0.010101010101010102,1,13128771,4.61512051684126,4.61512051684126,4.605170185988092,0.0,0.6931471805599453,1387.5,1627.0
7434000,100,100,0,0,100,0.0,0.0,0.0,0,2650751,4.61512051684126,4.61512051684126,4.61512051684126,0.0,0.0,1387.5,2349.0
8338000,100,96,4,0,100,0.041666666666666664,0.0,0.0,0,3031415,4.61512051684126,4.61512051684126,4.574710978503383,1.6094379124341003,0.0,1387.5,2349.0
1980000,100,99,1,0,100,0.010101010101010102,0.0,0.0,0,4664880,4.61512051684126,4.61512051684126,4.605170185988092,0.6931471805599453,0.0,1387.5,2349.0
10004000,100,99,1,0,100,0.010101010101010102,0.0,0.0,0,4239099,4.61512051684126,4.61512051684126,4.605170185988092,0.6931471805599453,0.0,1387.5,2349.0
9474000,100,85,10,5,100,0.11764705882352941,0.5,0.058823529411764705,1,3158327,4.61512051684126,4.61512051684126,4.454347296253507,2.3978952727983707,1.791759469228055,1387.5,424.0
9828000,100,85,8,7,100,0.09411764705882353,0.875,0.08235294117647059,1,2197635,4.61512051684126,4.61512051684126,4.454347296253507,2.1972245773362196,2.0794415416798357,1387.5,273.5
9304000,100,98,0,2,100,0.0,0.0,0.02040816326530612,1,3330504,4.61512051684126,4.61512051684126,4.59511985013459,0.0,1.0986122886681098,1387.5,1177.0
9714000,100,84,9,7,100,0.10714285714285714,0.7777777777777778,0.08333333333333333,1,1978590,4.61512051684126,4.61512051684126,4.442651256490317,2.302585092994046,2.0794415416798357,1387.5,270.0
9582000,100,98,2,0,100,0.02040816326530612,0.0,0.0,0,3592848,4.61512051684126,4.61512051684126,4.59511985013459,1.0986122886681098,0.0,1387.5,2349.0
8820000,100,92,4,4,100,0.043478260869565216,1.0,0.043478260869565216,1,3934085,4.61512051684126,4.61512051684126,4.532599493153256,1.6094379124341003,1.6094379124341003,1387.5,582.5
4374000,20,20,0,0,20,0.0,0.0,0.0,0,1333251,3.044522437723423,3.044522437723423,3.044522437723423,0.0,0.0,2942.5,2349.0
4260000,100,98,2,0,100,0.02040816326530612,0.0,0.0,0,3009442,4.61512051684126,4.61512051684126,4.59511985013459,1.0986122886681098,0.0,1387.5,2349.0
1430000,100,100,0,0,100,0.0,0.0,0.0,0,4920221,4.61512051684126,4.61512051684126,4.61512051684126,0.0,0.0,1387.5,2349.0
8092000,100,98,0,2,100,0.0,0.0,0.02040816326530612,1,3827129,4.61512051684126,4.61512051684126,4.59511985013459,0.0,1.0986122886681098,1387.5,1177.0
7018000,100,93,6,1,100,0.06451612903225806,0.16666666666666666,0.010752688172043012,1,4249110,4.61512051684126,4.61512051684126,4.543294782270004,1.9459101490553132,0.6931471805599453,1387.5,1272.5
3016000,100,97,3,0,98,0.030927835051546393,0.0,0.0,0,5810300,4.61512051684126,4.59511985013459,4.584967478670572,1.3862943611198906,0.0,1387.5,2349.0
3096000,100,99,1,0,100,0.010101010101010102,0.0,0.0,0,3177623,4.61512051684126,4.61512051684126,4.605170185988092,0.6931471805599453,0.0,1387.5,2349.0
3976000,100,93,0,7,100,0.0,0.0,0.07526881720430108,1,15550508,4.61512051684126,4.61512051684126,4.543294782270004,0.0,2.0794415416798357,1387.5,333.0
8616000,100,100,0,0,98,0.0,0.0,0.0,0,3235218,4.61512051684126,4.59511985013459,4.61512051684126,0.0,0.0,1387.5,2349.0
3390000,100,100,0,0,100,0.0,0.0,0.0,0,3600719,4.61512051684126,4.61512051684126,4.61512051684126,0.0,0.0,1387.5,2349.0
4506000,100,93,4,3,100,0.043010752688172046,0.75,0.03225806451612903,1,2002877,4.61512051684126,4.61512051684126,4.543294782270004,1.6094379124341003,1.3862943611198906,1387.5,742.0
2504000,100,100,0,0,100,0.0,0.0,0.0,0,2617411,4.61512051684126,4.61512051684126,4.61512051684126,0.0,0.0,1387.5,2349.0
9412000,100,66,5,29,100,0.07575757575757576,5.8,0.4393939393939394,1,3796386,4.61512051684126,4.61512051684126,4.204692619390966,1.791759469228055,3.4011973816621555,1387.5,8.0
10094000,100,98,0,2,100,0.0,0.0,0.02040816326530612,1,3858434,4.61512051684126,4.61512051684126,4.59511985013459,0.0,1.0986122886681098,1387.5,1177.0
3124000,100,99,1,0,100,0.010101010101010102,0.0,0.0,0,3640510,4.61512051684126,4.61512051684126,4.605170185988092,0.6931471805599453,0.0,1387.5,2349.0
8400000,100,96,2,2,100,0.020833333333333332,1.0,0.020833333333333332,1,4067481,4.61512051684126,4.61512051684126,4.574710978503383,1.0986122886681098,1.0986122886681098,1387.5,1054.0
1014000,100,98,0,2,100,0.0,0.0,0.02040816326530612,1,9599551,4.61512051684126,4.61512051684126,4.59511985013459,0.0,1.0986122886681098,1387.5,1177.0
8224000,100,98,2,0,96,0.02040816326530612,0.0,0.0,0,5421650,4.61512051684126,4.574710978503383,4.59511985013459,1.0986122886681098,0.0,1387.5,2349.0
2680000,100,80,6,14,100,0.075,2.3333333333333335,0.175,1,4786098,4.61512051684126,4.61512051684126,4.394449154672439,1.9459101490553132,2.70805020110221,1387.5,86.0
3054000,100,100,0,0,100,0.0,0.0,0.0,0,3381839,4.61512051684126,4.61512051684126,4.61512051684126,0.0,0.0,1387.5,2349.0
7676000,73,73,0,0,73,0.0,0.0,0.0,0,23436166,4.30406509320417,4.30406509320417,4.30406509320417,0.0,0.0,2830.5,2349.0
8598000,100,92,8,0,100,0.08695652173913043,0.0,0.0,0,2468363,4.61512051684126,4.61512051684126,4.532599493153256,2.1972245773362196,0.0,1387.5,2349.0
8712000,100,94,3,3,100,0.031914893617021274,1.0,0.031914893617021274,1,7007445,4.61512051684126,4.61512051684126,4.553876891600541,1.3862943611198906,1.3862943611198906,1387.5,763.5
3300000,100,81,4,15,100,0.04938271604938271,3.75,0.18518518518518517,1,4572116,4.61512051684126,4.61512051684126,4.406719247264253,1.6094379124341003,2.772588722239781,1387.5,74.5
2396000,100,86,1,13,100,0.011627906976744186,13.0,0.1511627906976744,1,5944154,4.61512051684126,4.61512051684126,4.465908118654584,0.6931471805599453,2.6390573296152584,1387.5,106.0
4464000,100,88,3,9,100,0.03409090909090909,3.0,0.10227272727272728,1,6726917,4.61512051684126,4.61512051684126,4.48863636973214,1.3862943611198906,2.302585092994046,1387.5,200.0
2770000,100,100,0,0,100,0.0,0.0,0.0,0,2534488,4.61512051684126,4.61512051684126,4.61512051684126,0.0,0.0,1387.5,2349.0
4880000,100,99,0,1,100,0.0,0.0,0.010101010101010102,1,6091434,4.61512051684126,4.61512051684126,4.605170185988092,0.0,0.6931471805599453,1387.5,1627.0
3602000,100,91,6,3,100,0.06593406593406594,0.5,0.03296703296703297,1,6864151,4.61512051684126,4.61512051684126,4.5217885770490405,1.9459101490553132,1.3862943611198906,1387.5,716.0
4790000,100,99,1,0,100,0.010101010101010102,0.0,0.0,0,2672446,4.61512051684126,4.61512051684126,4.605170185988092,0.6931471805599453,0.0,1387.5,2349.0
1322000,100,93,5,2,100,0.053763440860215055,0.4,0.021505376344086023,1,2282157,4.61512051684126,4.61512051684126,4.543294782270004,1.791759469228055,1.0986122886681098,1387.5,976.0
5164000,100,60,6,34,100,0.1,5.666666666666667,0.5666666666666667,1,13558765,4.61512051684126,4.61512051684126,4.110873864173311,1.9459101490553132,3.5553480614894135,1387.5,4.0
4368000,100,100,0,0,100,0.0,0.0,0.0,0,5002866,4.61512051684126,4.61512051684126,4.61512051684126,0.0,0.0,1387.5,2349.0
2220000,100,97,2,1,100,0.020618556701030927,0.5,0.010309278350515464,1,2895546,4.61512051684126,4.61512051684126,4.584967478670572,1.0986122886681098,0.6931471805599453,1387.5,1403.0
2920000,100,86,4,10,100,0.046511627906976744,2.5,0.11627906976744186,1,10690998,4.61512051684126,4.61512051684126,4.465908118654584,1.6094379124341003,2.3978952727983707,1387.5,170.0
4682000,17,17,0,0,17,0.0,0.0,0.0,0,668881,2.8903717578961645,2.8903717578961645,2.8903717578961645,0.0,0.0,2947.0,2349.0
9502000,100,100,0,0,100,0.0,0.0,0.0,0,1618127,4.61512051684126,4.61512051684126,4.61512051684126,0.0,0.0,1387.5,2349.0
9520000,100,87,11,2,100,0.12643678160919541,0.18181818181818182,0.022988505747126436,1,6520799,4.61512051684126,4.61512051684126,4.477336814478207,2.4849066497880004,1.0986122886681098,1387.5,916.5
9298000,100,77,8,15,100,0.1038961038961039,1.875,0.19480519480519481,1,8999173,4.61512051684126,4.61512051684126,4.356708826689592,2.1972245773362196,2.772588722239781,1387.5,64.5
2022000,100,91,2,7,99,0.02197802197802198,3.5,0.07692307692307693,1,7621480,4.61512051684126,4.605170185988092,4.5217885770490405,1.0986122886681098,2.0794415416798357,1387.5,318.0
3584000,100,96,2,2,100,0.020833333333333332,1.0,0.020833333333333332,1,4379779,4.61512051684126,4.61512051684126,4.574710978503383,1.0986122886681098,1.0986122886681098,1387.5,1054.0
3908000,100,91,1,8,100,0.01098901098901099,8.0,0.08791208791208792,1,4644606,4.61512051684126,4.61512051684126,4.5217885770490405,0.6931471805599453,2.1972245773362196,1387.5,256.0
8440000,100,100,0,0,95,0.0,0.0,0.0,0,1904354,4.61512051684126,4.564348191467836,4.61512051684126,0.0,0.0,1387.5,2349.0
7734000,100,98,0,2,100,0.0,0.0,0.02040816326530612,1,16028082,4.61512051684126,4.61512051684126,4.59511985013459,0.0,1.0986122886681098,1387.5,1177.0
8326000,100,74,26,0,100,0.35135135135135137,0.0,0.0,0,3289521,4.61512051684126,4.61512051684126,4.31748811353631,3.295836866004329,0.0,1387.5,2349.0
8946000,100,98,1,1,100,0.01020408163265306,1.0,0.01020408163265306,1,2262381,4.61512051684126,4.61512051684126,4.59511985013459,0.6931471805599453,0.6931471805599453,1387.5,1497.0
8042000,100,82,3,15,100,0.036585365853658534,5.0,0.18292682926829268,1,6766008,4.61512051684126,4.61512051684126,4.418840607796598,1.3862943611198906,2.772588722239781,1387.5,78.0
1868000,100,92,5,3,100,0.05434782608695652,0.6,0.03260869565217391,1,5386196,4.61512051684126,4.61512051684126,4.532599493153256,1.791759469228055,1.3862943611198906,1387.5,725.5
8700000,100,91,3,6,100,0.03296703296703297,2.0,0.06593406593406594,1,11194700,4.61512051684126,4.61512051684126,4.5217885770490405,1.3862943611198906,1.9459101490553132,1387.5,373.5
6836000,100,100,0,0,100,0.0,0.0,0.0,0,3065181,4.61512051684126,4.61512051684126,4.61512051684126,0.0,0.0,1387.5,2349.0
7252000,100,98,1,1,100,0.01020408163265306,1.0,0.01020408163265306,1,6414817,4.61512051684126,4.61512051684126,4.59511985013459,0.6931471805599453,0.6931471805599453,1387.5,1497.0
2696000,100,97,3,0,100,0.030927835051546393,0.0,0.0,0,2726711,4.61512051684126,4.61512051684126,4.584967478670572,1.3862943611198906,0.0,1387.5,2349.0
8638000,100,95,1,4,100,0.010526315789473684,4.0,0.042105263157894736,1,3128581,4.61512051684126,4.61512051684126,4.564348191467836,0.6931471805599453,1.6094379124341003,1387.5,641.5
3180000,22,22,0,0,22,0.0,0.0,0.0,0,7358340,3.1354942159291497,3.1354942159291497,3.1354942159291497,0.0,0.0,2937.0,2349.0
9230000,100,90,3,7,100,0.03333333333333333,2.3333333333333335,0.07777777777777778,1,4405041,4.61512051684126,4.61512051684126,4.51085950651685,1.3862943611198906,2.0794415416798357,1387.5,306.5
3420000,100,86,8,6,100,0.09302325581395349,0.75,0.06976744186046512,1,2862808,4.61512051684126,4.61512051684126,4.465908118654584,2.1972245773362196,1.9459101490553132,1387.5,350.5
1424000,100,98,2,0,100,0.02040816326530612,0.0,0.0,0,5295567,4.61512051684126,4.61512051684126,4.59511985013459,1.0986122886681098,0.0,1387.5,2349.0
1622000,100,100,0,0,100,0.0,0.0,0.0,0,2942544,4.61512051684126,4.61512051684126,4.61512051684126,0.0,0.0,1387.5,2349.0
4716000,100,99,1,0,100,0.010101010101010102,0.0,0.0,0,2148831,4.61512051684126,4.61512051684126,4.605170185988092,0.6931471805599453,0.0,1387.5,2349.0
3710000,100,95,3,2,100,0.031578947368421054,0.6666666666666666,0.021052631578947368,1,2821098,4.61512051684126,4.61512051684126,4.564348191467836,1.3862943611198906,1.0986122886681098,1387.5,1019.0
4500000,100,100,0,0,100,0.0,0.0,0.0,0,2385970,4.61512051684126,4.61512051684126,4.61512051684126,0.0,0.0,1387.5,2349.0
2044000,100,95,2,3,100,0.021052631578947368,1.5,0.031578947368421054,1,5877214,4.61512051684126,4.61512051684126,4.564348191467836,1.0986122886681098,1.3862943611198906,1387.5,792.5
2498000,100,96,2,2,99,0.020833333333333332,1.0,0.020833333333333332,1,4476684,4.61512051684126,4.605170185988092,4.574710978503383,1.0986122886681098,1.0986122886681098,1387.5,1054.0
2738000,100,99,0,1,97,0.0,0.0,0.010101010101010102,1,7285698,4.61512051684126,4.584967478670572,4.605170185988092,0.0,0.6931471805599453,1387.5,1627.0
2106000,100,95,2,3,100,0.021052631578947368,1.5,0.031578947368421054,1,4565287,4.61512051684126,4.61512051684126,4.564348191467836,1.0986122886681098,1.3862943611198906,1387.5,792.5
1798000,100,99,1,0,100,0.010101010101010102,0.0,0.0,0,11773663,4.61512051684126,4.61512051684126,4.605170185988092,0.6931471805599453,0.0,1387.5,2349.0
1840000,100,86,5,9,100,0.05813953488372093,1.8,0.10465116279069768,1,5790457,4.61512051684126,4.61512051684126,4.465908118654584,1.791759469228055,2.302585092994046,1387.5,188.5
9116000,100,95,1,4,100,0.010526315789473684,4.0,0.042105263157894736,1,5375710,4.61512051684126,4.61512051684126,4.564348191467836,0.6931471805599453,1.6094379124341003,1387.5,641.5
3492000,100,86,11,3,100,0.12790697674418605,0.2727272727272727,0.03488372093023256,1,2747905,4.61512051684126,4.61512051684126,4.465908118654584,2.4849066497880004,1.3862943611198906,1387.5,692.5
7904000,69,60,2,7,69,0.03333333333333333,3.5,0.11666666666666667,1,22203669,4.248495242049359,4.248495242049359,4.110873864173311,1.0986122886681098,2.0794415416798357,2841.0,165.5
1140000,100,94,0,6,96,0.0,0.0,0.06382978723404255,1,19947316,4.61512051684126,4.574710978503383,4.553876891600541,0.0,1.9459101490553132,1387.5,409.5
458000,100,98,2,0,100,0.02040816326530612,0.0,0.0,0,6771927,4.61512051684126,4.61512051684126,4.59511985013459,1.0986122886681098,0.0,1387.5,2349.0
8434000,100,93,5,2,100,0.053763440860215055,0.4,0.021505376344086023,1,4863417,4.61512051684126,4.61512051684126,4.543294782270004,1.791759469228055,1.0986122886681098,1387.5,976.0
4982000,100,100,0,0,100,0.0,0.0,0.0,0,2118011,4.61512051684126,4.61512051684126,4.61512051684126,0.0,0.0,1387.5,2349.0
9122000,100,91,5,4,100,0.054945054945054944,0.8,0.04395604395604396,1,5010420,4.61512051684126,4.61512051684126,4.5217885770490405,1.791759469228055,1.6094379124341003,1387.5,571.0
4192000,100,89,1,10,100,0.011235955056179775,10.0,0.11235955056179775,1,5151223,4.61512051684126,4.61512051684126,4.499809670330265,0.6931471805599453,2.3978952727983707,1387.5,179.0
2418000,100,98,2,0,100,0.02040816326530612,0.0,0.0,0,1904245,4.61512051684126,4.61512051684126,4.59511985013459,1.0986122886681098,0.0,1387.5,2349.0
3112000,100,94,2,4,94,0.02127659574468085,2.0,0.0425531914893617,1,5380058,4.61512051684126,4.553876891600541,4.553876891600541,1.0986122886681098,1.6094379124341003,1387.5,616.0
2526000,100,100,0,0,100,0.0,0.0,0.0,0,2451414,4.61512051684126,4.61512051684126,4.61512051684126,0.0,0.0,1387.5,2349.0
7952000,100,94,5,1,100,0.05319148936170213,0.2,0.010638297872340425,1,4986096,4.61512051684126,4.61512051684126,4.553876891600541,1.791759469228055,0.6931471805599453,1387.5,1296.0
8156000,100,95,4,1,100,0.042105263157894736,0.25,0.010526315789473684,1,3428010,4.61512051684126,4.61512051684126,4.564348191467836,1.6094379124341003,0.6931471805599453,1387.5,1321.0
6944000,100,100,0,0,100,0.0,0.0,0.0,0,3292517,4.61512051684126,4.61512051684126,4.61512051684126,0.0,0.0,1387.5,2349.0
1248000,100,97,2,1,100,0.020618556701030927,0.5,0.010309278350515464,1,5855890,4.61512051684126,4.61512051684126,4.584967478670572,1.0986122886681098,0.6931471805599453,1387.5,1403.0
10020000,100,76,17,7,100,0.2236842105263158,0.4117647058823529,0.09210526315789473,1,2141499,4.61512051684126,4.61512051684126,4.343805421853684,2.8903717578961645,2.0794415416798357,1387.5,232.5
9338000,100,95,5,0,100,0.05263157894736842,0.0,0.0,0,3049386,4.61512051684126,4.61512051684126,4.564348191467836,1.791759469228055,0.0,1387.5,2349.0
2038000,100,100,0,0,100,0.0,0.0,0.0,0,2397371,4.61512051684126,4.61512051684126,4.61512051684126,0.0,0.0,1387.5,2349.0
3004000,100,100,0,0,100,0.0,0.0,0.0,0,2504692,4.61512051684126,4.61512051684126,4.61512051684126,0.0,0.0,1387.5,2349.0
7536000,100,100,0,0,99,0.0,0.0,0.0,0,2941387,4.61512051684126,4.605170185988092,4.61512051684126,0.0,0.0,1387.5,2349.0
8742000,100,99,0,1,100,0.0,0.0,0.010101010101010102,1,4532893,4.61512051684126,4.61512051684126,4.605170185988092,0.0,0.6931471805599453,1387.5,1627.0
3226000,100,92,6,2,100,0.06521739130434782,0.3333333333333333,0.021739130434782608,1,5368910,4.61512051684126,4.61512051684126,4.532599493153256,1.9459101490553132,1.0986122886681098,1387.5,959.0
2942000,100,81,6,13,100,0.07407407407407407,2.1666666666666665,0.16049382716049382,1,3108285,4.61512051684126,4.61512051684126,4.406719247264253,1.9459101490553132,2.6390573296152584,1387.5,98.5
2702000,71,69,1,1,71,0.014492753623188406,1.0,0.014492753623188406,1,16540231,4.276666119016055,4.276666119016055,4.248495242049359,0.6931471805599453,0.6931471805599453,2836.5,1220.0
2214000,100,100,0,0,100,0.0,0.0,0.0,0,1732732,4.61512051684126,4.61512051684126,4.61512051684126,0.0,0.0,1387.5,2349.0
7740000,100,96,1,3,100,0.010416666666666666,3.0,0.03125,1,3369838,4.61512051684126,4.61512051684126,4.574710978503383,0.6931471805599453,1.3862943611198906,1387.5,834.0
832000,100,100,0,0,100,0.0,0.0,0.0,0,4075071,4.61512051684126,4.61512051684126,4.61512051684126,0.0,0.0,1387.5,2349.0
8218000,100,93,6,1,99,0.06451612903225806,0.16666666666666666,0.010752688172043012,1,6976448,4.61512051684126,4.605170185988092,4.543294782270004,1.9459101490553132,0.6931471805599453,1387.5,1272.5
724000,100,86,7,7,100,0.08139534883720931,1.0,0.08139534883720931,1,1642471,4.61512051684126,4.61512051684126,4.465908118654584,2.0794415416798357,2.0794415416798357,1387.5,277.5
2630000,100,96,2,2,100,0.020833333333333332,1.0,0.020833333333333332,1,4382367,4.61512051684126,4.61512051684126,4.574710978503383,1.0986122886681098,1.0986122886681098,1387.5,1054.0
3010000,100,86,4,10,100,0.046511627906976744,2.5,0.11627906976744186,1,3291662,4.61512051684126,4.61512051684126,4.465908118654584,1.6094379124341003,2.3978952727983707,1387.5,170.0
9930000,100,69,10,21,100,0.14492753623188406,2.1,0.30434782608695654,1,2487029,4.61512051684126,4.61512051684126,4.248495242049359,2.3978952727983707,3.091042453358316,1387.5,25.0
9292000,83,77,4,2,83,0.05194805194805195,0.5,0.025974025974025976,1,1878503,4.430816798843313,4.430816798843313,4.356708826689592,1.6094379124341003,1.0986122886681098,2806.5,901.5
9646000,100,100,0,0,100,0.0,0.0,0.0,0,10593778,4.61512051684126,4.61512051684126,4.61512051684126,0.0,0.0,1387.5,2349.0
9912000,100,100,0,0,100,0.0,0.0,0.0,0,2042030,4.61512051684126,4.61512051684126,4.61512051684126,0.0,0.0,1387.5,2349.0
7632000,100,96,2,2,100,0.020833333333333332,1.0,0.020833333333333332,1,3638871,4.61512051684126,4.61512051684126,4.574710978503383,1.0986122886681098,1.0986122886681098,1387.5,1054.0
7360000,100,83,13,4,100,0.1566265060240964,0.3076923076923077,0.04819277108433735,1,1943717,4.61512051684126,4.61512051684126,4.430816798843313,2.6390573296152584,1.6094379124341003,1387.5,541.5
7848000,100,99,1,0,100,0.010101010101010102,0.0,0.0,0,7582592,4.61512051684126,4.61512051684126,4.605170185988092,0.6931471805599453,0.0,1387.5,2349.0
7910000,100,99,1,0,100,0.010101010101010102,0.0,0.0,0,4415517,4.61512051684126,4.61512051684126,4.605170185988092,0.6931471805599453,0.0,1387.5,2349.0
5516000,100,94,2,4,100,0.02127659574468085,2.0,0.0425531914893617,1,5031693,4.61512051684126,4.61512051684126,4.553876891600541,1.0986122886681098,1.6094379124341003,1387.5,616.0
9400000,100,86,6,8,98,0.06976744186046512,1.3333333333333333,0.09302325581395349,1,3736035,4.61512051684126,4.59511985013459,4.465908118654584,1.9459101490553132,2.1972245773362196,1387.5,228.5
3534000,100,99,0,1,100,0.0,0.0,0.010101010101010102,1,3287071,4.61512051684126,4.61512051684126,4.605170185988092,0.0,0.6931471805599453,1387.5,1627.0
2834000,100,91,4,5,100,0.04395604395604396,1.25,0.054945054945054944,1,5341461,4.61512051684126,4.61512051684126,4.5217885770490405,1.6094379124341003,1.791759469228055,1387.5,465.0
7494000,100,99,0,1,100,0.0,0.0,0.010101010101010102,1,4147868,4.61512051684126,4.61512051684126,4.605170185988092,0.0,0.6931471805599453,1387.5,1627.0
8502000,100,95,5,0,100,0.05263157894736842,0.0,0.0,0,4386610,4.61512051684126,4.61512051684126,4.564348191467836,1.791759469228055,0.0,1387.5,2349.0
1514000,100,99,0,1,100,0.0,0.0,0.010101010101010102,1,4520513,4.61512051684126,4.61512051684126,4.605170185988092,0.0,0.6931471805599453,1387.5,1627.0
6462000,100,100,0,0,100,0.0,0.0,0.0,0,1532787,4.61512051684126,4.61512051684126,4.61512051684126,0.0,0.0,1387.5,2349.0
8748000,100,100,0,0,100,0.0,0.0,0.0,0,3082735,4.61512051684126,4.61512051684126,4.61512051684126,0.0,0.0,1387.5,2349.0
6660000,100,99,1,0,100,0.010101010101010102,0.0,0.0,0,3491868,4.61512051684126,4.61512051684126,4.605170185988092,0.6931471805599453,0.0,1387.5,2349.0
7318000,61,56,2,3,61,0.03571428571428571,1.5,0.05357142857142857,1,19949756,4.127134385045092,4.127134385045092,4.04305126783455,1.0986122886681098,1.3862943611198906,2852.0,502.0
3600000,100,99,0,1,100,0.0,0.0,0.010101010101010102,1,4095634,4.61512051684126,4.61512051684126,4.605170185988092,0.0,0.6931471805599453,1387.5,1627.0
3288000,32,32,0,0,32,0.0,0.0,0.0,0,2724265,3.4965075614664802,3.4965075614664802,3.4965075614664802,0.0,0.0,2909.0,2349.0
3118000,100,96,1,3,87,0.010416666666666666,3.0,0.03125,1,16251977,4.61512051684126,4.477336814478207,4.574710978503383,0.6931471805599453,1.3862943611198906,1387.5,834.0
7844000,100,81,19,0,100,0.2345679012345679,0.0,0.0,0,4742543,4.61512051684126,4.61512051684126,4.406719247264253,2.995732273553991,0.0,1387.5,2349.0
7120000,10,7,2,1,10,0.2857142857142857,0.5,0.14285714285714285,1,443906,2.3978952727983707,2.3978952727983707,2.0794415416798357,1.0986122886681098,0.6931471805599453,2965.0,114.5
8530000,100,94,0,6,100,0.0,0.0,0.06382978723404255,1,4788805,4.61512051684126,4.61512051684126,4.553876891600541,0.0,1.9459101490553132,1387.5,409.5
7802000,100,96,0,4,100,0.0,0.0,0.041666666666666664,1,5577913,4.61512051684126,4.61512051684126,4.574710978503383,0.0,1.6094379124341003,1387.5,665.5
3818000,100,90,5,5,100,0.05555555555555555,1.0,0.05555555555555555,1,3804957,4.61512051684126,4.61512051684126,4.51085950651685,1.791759469228055,1.791759469228055,1387.5,454.5
7626000,100,100,0,0,100,0.0,0.0,0.0,0,3047460,4.61512051684126,4.61512051684126,4.61512051684126,0.0,0.0,1387.5,2349.0
7006000,100,99,1,0,100,0.010101010101010102,0.0,0.0,0,3426535,4.61512051684126,4.61512051684126,4.605170185988092,0.6931471805599453,0.0,1387.5,2349.0
2322000,100,100,0,0,100,0.0,0.0,0.0,0,13104489,4.61512051684126,4.61512051684126,4.61512051684126,0.0,0.0,1387.5,2349.0
1338000,100,99,1,0,100,0.010101010101010102,0.0,0.0,0,3853610,4.61512051684126,4.61512051684126,4.605170185988092,0.6931471805599453,0.0,1387.5,2349.0
9822000,100,95,3,2,100,0.031578947368421054,0.6666666666666666,0.021052631578947368,1,3377989,4.61512051684126,4.61512051684126,4.564348191467836,1.3862943611198906,1.0986122886681098,1387.5,1019.0
4608000,100,97,2,1,100,0.020618556701030927,0.5,0.010309278350515464,1,1688139,4.61512051684126,4.61512051684126,4.584967478670572,1.0986122886681098,0.6931471805599453,1387.5,1403.0
2152000,100,100,0,0,97,0.0,0.0,0.0,0,3696610,4.61512051684126,4.584967478670572,4.61512051684126,0.0,0.0,1387.5,2349.0
4324000,2,2,0,0,2,0.0,0.0,0.0,0,108,1.0986122886681098,1.0986122886681098,1.0986122886681098,0.0,0.0,2992.0,2349.0
3208000,100,98,2,0,100,0.02040816326530612,0.0,0.0,0,1622148,4.61512051684126,4.61512051684126,4.59511985013459,1.0986122886681098,0.0,1387.5,2349.0
2328000,23,23,0,0,23,0.0,0.0,0.0,0,2597450,3.1780538303479458,3.1780538303479458,3.1780538303479458,0.0,0.0,2934.5,2349.0
7706000,14,14,0,0,14,0.0,0.0,0.0,0,1532457,2.70805020110221,2.70805020110221,2.70805020110221,0.0,0.0,2952.5,2349.0
2562000,100,95,1,4,100,0.010526315789473684,4.0,0.042105263157894736,1,5292399,4.61512051684126,4.61512051684126,4.564348191467836,0.6931471805599453,1.6094379124341003,1387.5,641.5
7974000,100,94,5,1,100,0.05319148936170213,0.2,0.010638297872340425,1,3982708,4.61512051684126,4.61512051684126,4.553876891600541,1.791759469228055,0.6931471805599453,1387.5,1296.0
3902000,100,97,0,3,100,0.0,0.0,0.030927835051546393,1,5567441,4.61512051684126,4.61512051684126,4.584967478670572,0.0,1.3862943611198906,1387.5,873.5
8144000,100,98,2,0,100,0.02040816326530612,0.0,0.0,0,4829471,4.61512051684126,4.61512051684126,4.59511985013459,1.0986122886681098,0.0,1387.5,2349.0
1942000,100,96,2,2,100,0.020833333333333332,1.0,0.020833333333333332,1,3651123,4.61512051684126,4.61512051684126,4.574710978503383,1.0986122886681098,1.0986122886681098,1387.5,1054.0
8348000,100,98,1,1,100,0.01020408163265306,1.0,0.01020408163265306,1,4036752,4.61512051684126,4.61512051684126,4.59511985013459,0.6931471805599453,0.6931471805599453,1387.5,1497.0
7662000,100,99,1,0,99,0.010101010101010102,0.0,0.0,0,3598032,4.61512051684126,4.605170185988092,4.605170185988092,0.6931471805599453,0.0,1387.5,2349.0
7450000,100,95,1,4,100,0.010526315789473684,4.0,0.042105263157894736,1,2461856,4.61512051684126,4.61512051684126,4.564348191467836,0.6931471805599453,1.6094379124341003,1387.5,641.5
7354000,100,87,2,11,100,0.022988505747126436,5.5,0.12643678160919541,1,3951291,4.61512051684126,4.61512051684126,4.477336814478207,1.0986122886681098,2.4849066497880004,1387.5,148.5
8320000,100,97,1,2,99,0.010309278350515464,2.0,0.020618556701030927,1,12094435,4.61512051684126,4.605170185988092,4.584967478670572,0.6931471805599453,1.0986122886681098,1387.5,1108.0
6034000,100,98,0,2,100,0.0,0.0,0.02040816326530612,1,3532748,4.61512051684126,4.61512051684126,4.59511985013459,0.0,1.0986122886681098,1387.5,1177.0
7184000,100,100,0,0,100,0.0,0.0,0.0,0,3054050,4.61512051684126,4.61512051684126,4.61512051684126,0.0,0.0,1387.5,2349.0
7070000,100,100,0,0,100,0.0,0.0,0.0,0,3033383,4.61512051684126,4.61512051684126,4.61512051684126,0.0,0.0,1387.5,2349.0
7178000,100,100,0,0,100,0.0,0.0,0.0,0,6022082,4.61512051684126,4.61512051684126,4.61512051684126,0.0,0.0,1387.5,2349.0
6388000,100,98,0,2,100,0.0,0.0,0.02040816326530612,1,8323552,4.61512051684126,4.61512051684126,4.59511985013459,0.0,1.0986122886681098,1387.5,1177.0
1440000,100,86,11,3,100,0.12790697674418605,0.2727272727272727,0.03488372093023256,1,4983096,4.61512051684126,4.61512051684126,4.465908118654584,2.4849066497880004,1.3862943611198906,1387.5,692.5
8566000,100,100,0,0,100,0.0,0.0,0.0,0,6127461,4.61512051684126,4.61512051684126,4.61512051684126,0.0,0.0,1387.5,2349.0
5864000,100,98,2,0,100,0.02040816326530612,0.0,0.0,0,4047562,4.61512051684126,4.61512051684126,4.59511985013459,1.0986122886681098,0.0,1387.5,2349.0
2936000,100,100,0,0,100,0.0,0.0,0.0,0,1974919,4.61512051684126,4.61512051684126,4.61512051684126,0.0,0.0,1387.5,2349.0
6546000,100,96,3,1,100,0.03125,0.3333333333333333,0.010416666666666666,1,7678268,4.61512051684126,4.61512051684126,4.574710978503383,1.3862943611198906,0.6931471805599453,1387.5,1350.0
8390000,100,97,3,0,98,0.030927835051546393,0.0,0.0,0,2939105,4.61512051684126,4.59511985013459,4.584967478670572,1.3862943611198906,0.0,1387.5,2349.0
7246000,100,99,0,1,100,0.0,0.0,0.010101010101010102,1,3233916,4.61512051684126,4.61512051684126,4.605170185988092,0.0,0.6931471805599453,1387.5,1627.0
3418000,100,85,10,5,100,0.11764705882352941,0.5,0.058823529411764705,1,11775563,4.61512051684126,4.61512051684126,4.454347296253507,2.3978952727983707,1.791759469228055,1387.5,424.0
9048000,100,100,0,0,100,0.0,0.0,0.0,0,2168073,4.61512051684126,4.61512051684126,4.61512051684126,0.0,0.0,1387.5,2349.0
1658000,100,98,1,1,100,0.01020408163265306,1.0,0.01020408163265306,1,5353995,4.61512051684126,4.61512051684126,4.59511985013459,0.6931471805599453,0.6931471805599453,1387.5,1497.0
2822000,100,95,1,4,100,0.010526315789473684,4.0,0.042105263157894736,1,12428644,4.61512051684126,4.61512051684126,4.564348191467836,0.6931471805599453,1.6094379124341003,1387.5,641.5
5580000,100,100,0,0,100,0.0,0.0,0.0,0,1878804,4.61512051684126,4.61512051684126,4.61512051684126,0.0,0.0,1387.5,2349.0
2316000,100,93,4,3,100,0.043010752688172046,0.75,0.03225806451612903,1,9247162,4.61512051684126,4.61512051684126,4.543294782270004,1.6094379124341003,1.3862943611198906,1387.5,742.0
8850000,100,81,7,12,100,0.08641975308641975,1.7142857142857142,0.14814814814814814,1,2932658,4.61512051684126,4.61512051684126,4.406719247264253,2.0794415416798357,2.5649493574615367,1387.5,110.0
2412000,100,63,14,23,100,0.2222222222222222,1.6428571428571428,0.36507936507936506,1,4490557,4.61512051684126,4.61512051684126,4.1588830833596715,2.70805020110221,3.1780538303479458,1387.5,14.0
4800000,100,96,1,3,100,0.010416666666666666,3.0,0.03125,1,5670303,4.61512051684126,4.61512051684126,4.574710978503383,0.6931471805599453,1.3862943611198906,1387.5,834.0
1970000,100,98,0,2,100,0.0,0.0,0.02040816326530612,1,3282269,4.61512051684126,4.61512051684126,4.59511985013459,0.0,1.0986122886681098,1387.5,1177.0
2236000,100,94,6,0,100,0.06382978723404255,0.0,0.0,0,2594761,4.61512051684126,4.61512051684126,4.553876891600541,1.9459101490553132,0.0,1387.5,2349.0
2448000,100,100,0,0,100,0.0,0.0,0.0,0,15879097,4.61512051684126,4.61512051684126,4.61512051684126,0.0,0.0,1387.5,2349.0
2146000,100,100,0,0,100,0.0,0.0,0.0,0,2420828,4.61512051684126,4.61512051684126,4.61512051684126,0.0,0.0,1387.5,2349.0
3106000,100,100,0,0,100,0.0,0.0,0.0,0,2140223,4.61512051684126,4.61512051684126,4.61512051684126,0.0,0.0,1387.5,2349.0
4010000,100,100,0,0,100,0.0,0.0,0.0,0,6893557,4.61512051684126,4.61512051684126,4.61512051684126,0.0,0.0,1387.5,2349.0
3044000,100,96,3,1,100,0.03125,0.3333333333333333,0.010416666666666666,1,5244012,4.61512051684126,4.61512051684126,4.574710978503383,1.3862943611198906,0.6931471805599453,1387.5,1350.0
1446000,100,80,5,15,100,0.0625,3.0,0.1875,1,2702150,4.61512051684126,4.61512051684126,4.394449154672439,1.791759469228055,2.772588722239781,1387.5,71.0
3026000,100,91,9,0,100,0.0989010989010989,0.0,0.0,0,3049237,4.61512051684126,4.61512051684126,4.5217885770490405,2.302585092994046,0.0,1387.5,2349.0
6938000,100,81,5,14,100,0.06172839506172839,2.8,0.1728395061728395,1,5504149,4.61512051684126,4.61512051684126,4.406719247264253,1.791759469228055,2.70805020110221,1387.5,87.0
6768000,100,98,1,1,100,0.01020408163265306,1.0,0.01020408163265306,1,8483514,4.61512051684126,4.61512051684126,4.59511985013459,0.6931471805599453,0.6931471805599453,1387.5,1497.0
8940000,100,90,0,10,100,0.0,0.0,0.1111111111111111,1,4198500,4.61512051684126,4.61512051684126,4.51085950651685,0.0,2.3978952727983707,1387.5,181.0
2344000,100,95,4,1,100,0.042105263157894736,0.25,0.010526315789473684,1,7696760,4.61512051684126,4.61512051684126,4.564348191467836,1.6094379124341003,0.6931471805599453,1387.5,1321.0
2556000,100,99,0,1,100,0.0,0.0,0.010101010101010102,1,2431075,4.61512051684126,4.61512051684126,4.605170185988092,0.0,0.6931471805599453,1387.5,1627.0
1554000,100,97,0,3,100,0.0,0.0,0.030927835051546393,1,19211530,4.61512051684126,4.61512051684126,4.584967478670572,0.0,1.3862943611198906,1387.5,873.5
3636000,100,95,0,5,98,0.0,0.0,0.05263157894736842,1,5328305,4.61512051684126,4.59511985013459,4.564348191467836,0.0,1.791759469228055,1387.5,527.5
8036000,100,100,0,0,100,0.0,0.0,0.0,0,2683768,4.61512051684126,4.61512051684126,4.61512051684126,0.0,0.0,1387.5,2349.0
1862000,100,96,2,2,100,0.020833333333333332,1.0,0.020833333333333332,1,4390372,4.61512051684126,4.61512051684126,4.574710978503383,1.0986122886681098,1.0986122886681098,1387.5,1054.0
8258000,100,100,0,0,100,0.0,0.0,0.0,0,6211245,4.61512051684126,4.61512051684126,4.61512051684126,0.0,0.0,1387.5,2349.0
2520000,100,97,1,2,100,0.010309278350515464,2.0,0.020618556701030927,1,4514679,4.61512051684126,4.61512051684126,4.584967478670572,0.6931471805599453,1.0986122886681098,1387.5,1108.0
1686000,100,88,7,5,100,0.07954545454545454,0.7142857142857143,0.056818181818181816,1,4848275,4.61512051684126,4.61512051684126,4.48863636973214,2.0794415416798357,1.791759469228055,1387.5,437.0
1072000,100,100,0,0,100,0.0,0.0,0.0,0,4116775,4.61512051684126,4.61512051684126,4.61512051684126,0.0,0.0,1387.5,2349.0
6478000,100,99,1,0,100,0.010101010101010102,0.0,0.0,0,3903849,4.61512051684126,4.61512051684126,4.605170185988092,0.6931471805599453,0.0,1387.5,2349.0
6762000,100,97,2,1,100,0.020618556701030927,0.5,0.010309278350515464,1,2831757,4.61512051684126,4.61512051684126,4.584967478670572,1.0986122886681098,0.6931471805599453,1387.5,1403.0
8252000,100,92,2,6,100,0.021739130434782608,3.0,0.06521739130434782,1,6415798,4.61512051684126,4.61512051684126,4.532599493153256,1.0986122886681098,1.9459101490553132,1387.5,382.0
8934000,100,100,0,0,99,0.0,0.0,0.0,0,4299818,4.61512051684126,4.605170185988092,4.61512051684126,0.0,0.0,1387.5,2349.0
7666000,100,93,1,6,100,0.010752688172043012,6.0,0.06451612903225806,1,4298249,4.61512051684126,4.61512051684126,4.543294782270004,0.6931471805599453,1.9459101490553132,1387.5,395.5
2454000,100,91,1,8,100,0.01098901098901099,8.0,0.08791208791208792,1,7532446,4.61512051684126,4.61512051684126,4.5217885770490405,0.6931471805599453,2.1972245773362196,1387.5,256.0
1332000,100,100,0,0,100,0.0,0.0,0.0,0,5351684,4.61512051684126,4.61512051684126,4.61512051684126,0.0,0.0,1387.5,2349.0
7860000,100,84,9,7,100,0.10714285714285714,0.7777777777777778,0.08333333333333333,1,3972140,4.61512051684126,4.61512051684126,4.442651256490317,2.302585092994046,2.0794415416798357,1387.5,270.0
8764000,100,96,1,3,100,0.010416666666666666,3.0,0.03125,1,6046726,4.61512051684126,4.61512051684126,4.574710978503383,0.6931471805599453,1.3862943611198906,1387.5,834.0
7558000,100,100,0,0,100,0.0,0.0,0.0,0,5214701,4.61512051684126,4.61512051684126,4.61512051684126,0.0,0.0,1387.5,2349.0
7444000,100,100,0,0,95,0.0,0.0,0.0,0,6298825,4.61512051684126,4.564348191467836,4.61512051684126,0.0,0.0,1387.5,2349.0
7770000,100,99,1,0,100,0.010101010101010102,0.0,0.0,0,1352168,4.61512051684126,4.61512051684126,4.605170185988092,0.6931471805599453,0.0,1387.5,2349.0
2828000,100,96,2,2,100,0.020833333333333332,1.0,0.020833333333333332,1,5448785,4.61512051684126,4.61512051684126,4.574710978503383,1.0986122886681098,1.0986122886681098,1387.5,1054.0
1242000,100,97,3,0,100,0.030927835051546393,0.0,0.0,0,2142848,4.61512051684126,4.61512051684126,4.584967478670572,1.3862943611198906,0.0,1387.5,2349.0
3352000,100,96,4,0,100,0.041666666666666664,0.0,0.0,0,4197300,4.61512051684126,4.61512051684126,4.574710978503383,1.6094379124341003,0.0,1387.5,2349.0
1766000,100,95,5,0,100,0.05263157894736842,0.0,0.0,0,2595352,4.61512051684126,4.61512051684126,4.564348191467836,1.791759469228055,0.0,1387.5,2349.0
9356000,100,100,0,0,100,0.0,0.0,0.0,0,3144705,4.61512051684126,4.61512051684126,4.61512051684126,0.0,0.0,1387.5,2349.0
8150000,100,98,2,0,100,0.02040816326530612,0.0,0.0,0,4903393,4.61512051684126,4.61512051684126,4.59511985013459,1.0986122886681098,0.0,1387.5,2349.0
5688000,100,100,0,0,100,0.0,0.0,0.0,0,2488186,4.61512051684126,4.61512051684126,4.61512051684126,0.0,0.0,1387.5,2349.0
6654000,30,30,0,0,30,0.0,0.0,0.0,0,5208544,3.4339872044851463,3.4339872044851463,3.4339872044851463,0.0,0.0,2916.0,2349.0
7136000,100,94,5,1,100,0.05319148936170213,0.2,0.010638297872340425,1,11065095,4.61512051684126,4.61512051684126,4.553876891600541,1.791759469228055,0.6931471805599453,1387.5,1296.0
1856000,100,100,0,0,95,0.0,0.0,0.0,0,6740517,4.61512051684126,4.564348191467836,4.61512051684126,0.0,0.0,1387.5,2349.0
1924000,100,99,1,0,100,0.010101010101010102,0.0,0.0,0,3448641,4.61512051684126,4.61512051684126,4.605170185988092,0.6931471805599453,0.0,1387.5,2349.0
9730000,100,90,9,1,100,0.1,0.1111111111111111,0.011111111111111112,1,2563078,4.61512051684126,4.61512051684126,4.51085950651685,2.302585092994046,0.6931471805599453,1387.5,1244.5
3528000,100,96,0,4,99,0.0,0.0,0.041666666666666664,1,3194748,4.61512051684126,4.605170185988092,4.574710978503383,0.0,1.6094379124341003,1387.5,665.5
3460000,100,99,1,0,100,0.010101010101010102,0.0,0.0,0,3533707,4.61512051684126,4.61512051684126,4.605170185988092,0.6931471805599453,0.0,1387.5,2349.0
168000,100,99,1,0,98,0.010101010101010102,0.0,0.0,0,3295190,4.61512051684126,4.59511985013459,4.605170185988092,0.6931471805599453,0.0,1387.5,2349.0
7728000,100,98,1,1,100,0.01020408163265306,1.0,0.01020408163265306,1,2217819,4.61512051684126,4.61512051684126,4.59511985013459,0.6931471805599453,0.6931471805599453,1387.5,1497.0
650000,100,99,1,0,100,0.010101010101010102,0.0,0.0,0,5066128,4.61512051684126,4.61512051684126,4.605170185988092,0.6931471805599453,0.0,1387.5,2349.0
2652000,100,100,0,0,100,0.0,0.0,0.0,0,2858496,4.61512051684126,4.61512051684126,4.61512051684126,0.0,0.0,1387.5,2349.0
6280000,100,99,1,0,99,0.010101010101010102,0.0,0.0,0,4753812,4.61512051684126,4.605170185988092,4.605170185988092,0.6931471805599453,0.0,1387.5,2349.0
3726000,100,63,22,15,100,0.3492063492063492,0.6818181818181818,0.23809523809523808,1,2122301,4.61512051684126,4.61512051684126,4.1588830833596715,3.1354942159291497,2.772588722239781,1387.5,44.0
5796000,100,92,3,5,100,0.03260869565217391,1.6666666666666667,0.05434782608695652,1,6740912,4.61512051684126,4.61512051684126,4.532599493153256,1.3862943611198906,1.791759469228055,1387.5,476.5
542000,100,89,8,3,100,0.0898876404494382,0.375,0.033707865168539325,1,9101235,4.61512051684126,4.61512051684126,4.499809670330265,2.1972245773362196,1.3862943611198906,1387.5,705.0
3310000,100,100,0,0,100,0.0,0.0,0.0,0,4024112,4.61512051684126,4.61512051684126,4.61512051684126,0.0,0.0,1387.5,2349.0
2032000,100,95,5,0,100,0.05263157894736842,0.0,0.0,0,4138631,4.61512051684126,4.61512051684126,4.564348191467836,1.791759469228055,0.0,1387.5,2349.0
1066000,100,99,1,0,100,0.010101010101010102,0.0,0.0,0,4799208,4.61512051684126,4.61512051684126,4.605170185988092,0.6931471805599453,0.0,1387.5,2349.0
9464000,100,93,2,5,100,0.021505376344086023,2.5,0.053763440860215055,1,1671608,4.61512051684126,4.61512051684126,4.543294782270004,1.0986122886681098,1.791759469228055,1387.5,492.0
2140000,100,100,0,0,100,0.0,0.0,0.0,0,3981892,4.61512051684126,4.61512051684126,4.61512051684126,0.0,0.0,1387.5,2349.0
6564000,100,100,0,0,100,0.0,0.0,0.0,0,4792166,4.61512051684126,4.61512051684126,4.61512051684126,0.0,0.0,1387.5,2349.0
1550000,100,94,2,4,100,0.02127659574468085,2.0,0.0425531914893617,1,9470336,4.61512051684126,4.61512051684126,4.553876891600541,1.0986122886681098,1.6094379124341003,1387.5,616.0
2514000,36,35,1,0,36,0.02857142857142857,0.0,0.0,0,4751756,3.6109179126442243,3.6109179126442243,3.58351893845611,0.6931471805599453,0.0,2899.0,2349.0
8082000,53,52,0,1,53,0.0,0.0,0.019230769230769232,1,1037198,3.9889840465642745,3.9889840465642745,3.970291913552122,0.0,0.6931471805599453,2863.0,1215.0
1616000,8,8,0,0,8,0.0,0.0,0.0,0,682347,2.1972245773362196,2.1972245773362196,2.1972245773362196,0.0,0.0,2970.5,2349.0
958000,12,12,0,0,12,0.0,0.0,0.0,0,3140566,2.5649493574615367,2.5649493574615367,2.5649493574615367,0.0,0.0,2957.5,2349.0
1730000,21,19,2,0,21,0.10526315789473684,0.0,0.0,0,1965142,3.091042453358316,3.091042453358316,2.995732273553991,1.0986122886681098,0.0,2940.0,2349.0
7286000,100,100,0,0,100,0.0,0.0,0.0,0,3495129,4.61512051684126,4.61512051684126,4.61512051684126,0.0,0.0,1387.5,2349.0
7092000,100,100,0,0,99,0.0,0.0,0.0,0,3510811,4.61512051684126,4.605170185988092,4.61512051684126,0.0,0.0,1387.5,2349.0
1368000,100,100,0,0,100,0.0,0.0,0.0,0,2456613,4.61512051684126,4.61512051684126,4.61512051684126,0.0,0.0,1387.5,2349.0
8492000,100,99,1,0,100,0.010101010101010102,0.0,0.0,0,6490521,4.61512051684126,4.61512051684126,4.605170185988092,0.6931471805599453,0.0,1387.5,2349.0
5682000,100,100,0,0,100,0.0,0.0,0.0,0,7410985,4.61512051684126,4.61512051684126,4.61512051684126,0.0,0.0,1387.5,2349.0
6798000,82,82,0,0,82,0.0,0.0,0.0,0,2144780,4.418840607796598,4.418840607796598,4.418840607796598,0.0,0.0,2811.0,2349.0
360000,100,94,0,6,99,0.0,0.0,0.06382978723404255,1,3632684,4.61512051684126,4.605170185988092,4.553876891600541,0.0,1.9459101490553132,1387.5,409.5
6894000,73,68,1,4,73,0.014705882352941176,4.0,0.058823529411764705,1,22464168,4.30406509320417,4.30406509320417,4.23410650459726,0.6931471805599453,1.6094379124341003,2830.5,424.0
8166000,97,91,1,5,97,0.01098901098901099,5.0,0.054945054945054944,1,17848145,4.584967478670572,4.584967478670572,4.5217885770490405,0.6931471805599453,1.791759469228055,2779.0,465.0
7594000,100,98,0,2,100,0.0,0.0,0.02040816326530612,1,8537188,4.61512051684126,4.61512051684126,4.59511985013459,0.0,1.0986122886681098,1387.5,1177.0
5990000,100,95,5,0,100,0.05263157894736842,0.0,0.0,0,3977913,4.61512051684126,4.61512051684126,4.564348191467836,1.791759469228055,0.0,1387.5,2349.0
7064000,100,92,7,1,100,0.07608695652173914,0.14285714285714285,0.010869565217391304,1,3456101,4.61512051684126,4.61512051684126,4.532599493153256,2.0794415416798357,0.6931471805599453,1387.5,1260.5
7854000,100,88,5,7,100,0.056818181818181816,1.4,0.07954545454545454,1,6351409,4.61512051684126,4.61512051684126,4.48863636973214,1.791759469228055,2.0794415416798357,1387.5,286.5
7678000,100,99,0,1,99,0.0,0.0,0.010101010101010102,1,10813196,4.61512051684126,4.605170185988092,4.605170185988092,0.0,0.6931471805599453,1387.5,1627.0
2338000,100,100,0,0,100,0.0,0.0,0.0,0,3781299,4.61512051684126,4.61512051684126,4.61512051684126,0.0,0.0,1387.5,2349.0
6206000,100,97,3,0,100,0.030927835051546393,0.0,0.0,0,3547092,4.61512051684126,4.61512051684126,4.584967478670572,1.3862943611198906,0.0,1387.5,2349.0
7484000,100,90,10,0,100,0.1111111111111111,0.0,0.0,0,4420524,4.61512051684126,4.61512051684126,4.51085950651685,2.3978952727983707,0.0,1387.5,2349.0
6580000,100,99,1,0,100,0.010101010101010102,0.0,0.0,0,1557972,4.61512051684126,4.61512051684126,4.605170185988092,0.6931471805599453,0.0,1387.5,2349.0
6586000,100,100,0,0,100,0.0,0.0,0.0,0,7009389,4.61512051684126,4.61512051684126,4.61512051684126,0.0,0.0,1387.5,2349.0
8758000,100,94,1,5,100,0.010638297872340425,5.0,0.05319148936170213,1,7987764,4.61512051684126,4.61512051684126,4.553876891600541,0.6931471805599453,1.791759469228055,1387.5,512.5
1156000,100,97,2,1,100,0.020618556701030927,0.5,0.010309278350515464,1,1989841,4.61512051684126,4.61512051684126,4.584967478670572,1.0986122886681098,0.6931471805599453,1387.5,1403.0
8384000,100,97,2,1,100,0.020618556701030927,0.5,0.010309278350515464,1,8908664,4.61512051684126,4.61512051684126,4.584967478670572,1.0986122886681098,0.6931471805599453,1387.5,1403.0
1476000,100,95,3,2,100,0.031578947368421054,0.6666666666666666,0.021052631578947368,1,5446488,4.61512051684126,4.61512051684126,4.564348191467836,1.3862943611198906,1.0986122886681098,1387.5,1019.0
6756000,100,99,1,0,100,0.010101010101010102,0.0,0.0,0,3298960,4.61512051684126,4.61512051684126,4.605170185988092,0.6931471805599453,0.0,1387.5,2349.0
1788000,100,100,0,0,100,0.0,0.0,0.0,0,4083936,4.61512051684126,4.61512051684126,4.61512051684126,0.0,0.0,1387.5,2349.0
8208000,100,98,1,1,86,0.01020408163265306,1.0,0.01020408163265306,1,6415286,4.61512051684126,4.465908118654584,4.59511985013459,0.6931471805599453,0.6931471805599453,1387.5,1497.0
1680000,100,99,1,0,100,0.010101010101010102,0.0,0.0,0,3803789,4.61512051684126,4.61512051684126,4.605170185988092,0.6931471805599453,0.0,1387.5,2349.0
5308000,100,97,0,3,100,0.0,0.0,0.030927835051546393,1,3367641,4.61512051684126,4.61512051684126,4.584967478670572,0.0,1.3862943611198906,1387.5,873.5
2646000,100,91,3,6,100,0.03296703296703297,2.0,0.06593406593406594,1,4386432,4.61512051684126,4.61512051684126,4.5217885770490405,1.3862943611198906,1.9459101490553132,1387.5,373.5
6954000,100,100,0,0,100,0.0,0.0,0.0,0,2378237,4.61512051684126,4.61512051684126,4.61512051684126,0.0,0.0,1387.5,2349.0
6364000,100,97,3,0,100,0.030927835051546393,0.0,0.0,0,5030845,4.61512051684126,4.61512051684126,4.584967478670572,1.3862943611198906,0.0,1387.5,2349.0
3170000,100,96,3,1,100,0.03125,0.3333333333333333,0.010416666666666666,1,3110159,4.61512051684126,4.61512051684126,4.574710978503383,1.3862943611198906,0.6931471805599453,1387.5,1350.0
7546000,100,81,19,0,100,0.2345679012345679,0.0,0.0,0,1845906,4.61512051684126,4.61512051684126,4.406719247264253,2.995732273553991,0.0,1387.5,2349.0
9282000,100,88,5,7,100,0.056818181818181816,1.4,0.07954545454545454,1,4253541,4.61512051684126,4.61512051684126,4.48863636973214,1.791759469228055,2.0794415416798357,1387.5,286.5
468000,100,95,4,1,100,0.042105263157894736,0.25,0.010526315789473684,1,8084876,4.61512051684126,4.61512051684126,4.564348191467836,1.6094379124341003,0.6931471805599453,1387.5,1321.0
1434000,100,70,9,21,100,0.12857142857142856,2.3333333333333335,0.3,1,17449054,4.61512051684126,4.61512051684126,4.2626798770413155,2.302585092994046,3.091042453358316,1387.5,27.0
2134000,100,91,2,7,100,0.02197802197802198,3.5,0.07692307692307693,1,2772322,4.61512051684126,4.61512051684126,4.5217885770490405,1.0986122886681098,2.0794415416798357,1387.5,318.0
3828000,100,87,3,10,100,0.034482758620689655,3.3333333333333335,0.11494252873563218,1,7508483,4.61512051684126,4.61512051684126,4.477336814478207,1.3862943611198906,2.3978952727983707,1387.5,174.5
1258000,100,100,0,0,100,0.0,0.0,0.0,0,1807005,4.61512051684126,4.61512051684126,4.61512051684126,0.0,0.0,1387.5,2349.0
2470000,100,96,2,2,100,0.020833333333333332,1.0,0.020833333333333332,1,3908742,4.61512051684126,4.61512051684126,4.574710978503383,1.0986122886681098,1.0986122886681098,1387.5,1054.0
1548000,100,98,2,0,100,0.02040816326530612,0.0,0.0,0,2642202,4.61512051684126,4.61512051684126,4.59511985013459,1.0986122886681098,0.0,1387.5,2349.0
2026000,100,99,1,0,100,0.010101010101010102,0.0,0.0,0,3389019,4.61512051684126,4.61512051684126,4.605170185988092,0.6931471805599453,0.0,1387.5,2349.0
2272000,100,96,2,2,100,0.020833333333333332,1.0,0.020833333333333332,1,4230732,4.61512051684126,4.61512051684126,4.574710978503383,1.0986122886681098,1.0986122886681098,1387.5,1054.0
1264000,100,94,6,0,100,0.06382978723404255,0.0,0.0,0,3286012,4.61512051684126,4.61512051684126,4.553876891600541,1.9459101490553132,0.0,1387.5,2349.0
8138000,100,100,0,0,100,0.0,0.0,0.0,0,3965335,4.61512051684126,4.61512051684126,4.61512051684126,0.0,0.0,1387.5,2349.0
2664000,100,100,0,0,99,0.0,0.0,0.0,0,18200089,4.61512051684126,4.605170185988092,4.61512051684126,0.0,0.0,1387.5,2349.0
1850000,100,100,0,0,100,0.0,0.0,0.0,0,2940513,4.61512051684126,4.61512051684126,4.61512051684126,0.0,0.0,1387.5,2349.0
1958000,100,97,1,2,100,0.010309278350515464,2.0,0.020618556701030927,1,4011222,4.61512051684126,4.61512051684126,4.584967478670572,0.6931471805599453,1.0986122886681098,1387.5,1108.0
7268000,100,98,0,2,100,0.0,0.0,0.02040816326530612,1,4376833,4.61512051684126,4.61512051684126,4.59511985013459,0.0,1.0986122886681098,1387.5,1177.0
2754000,100,99,1,0,100,0.010101010101010102,0.0,0.0,0,2979259,4.61512051684126,4.61512051684126,4.605170185988092,0.6931471805599453,0.0,1387.5,2349.0
1742000,100,100,0,0,100,0.0,0.0,0.0,0,5485134,4.61512051684126,4.61512051684126,4.61512051684126,0.0,0.0,1387.5,2349.0
686000,100,96,3,1,100,0.03125,0.3333333333333333,0.010416666666666666,1,3812478,4.61512051684126,4.61512051684126,4.574710978503383,1.3862943611198906,0.6931471805599453,1387.5,1350.0
776000,100,83,14,3,100,0.1686746987951807,0.21428571428571427,0.03614457831325301,1,6625844,4.61512051684126,4.61512051684126,4.430816798843313,2.70805020110221,1.3862943611198906,1387.5,684.5
6098000,100,97,0,3,100,0.0,0.0,0.030927835051546393,1,3402170,4.61512051684126,4.61512051684126,4.584967478670572,0.0,1.3862943611198906,1387.5,873.5
7792000,100,100,0,0,100,0.0,0.0,0.0,0,3264080,4.61512051684126,4.61512051684126,4.61512051684126,0.0,0.0,1387.5,2349.0
890000,100,95,1,4,100,0.010526315789473684,4.0,0.042105263157894736,1,3239278,4.61512051684126,4.61512051684126,4.564348191467836,0.6931471805599453,1.6094379124341003,1387.5,641.5
7172000,100,100,0,0,100,0.0,0.0,0.0,0,8948788,4.61512051684126,4.61512051684126,4.61512051684126,0.0,0.0,1387.5,2349.0
2054000,100,98,2,0,98,0.02040816326530612,0.0,0.0,0,3628219,4.61512051684126,4.59511985013459,4.59511985013459,1.0986122886681098,0.0,1387.5,2349.0
2380000,100,98,0,2,100,0.0,0.0,0.02040816326530612,1,10515939,4.61512051684126,4.61512051684126,4.59511985013459,0.0,1.0986122886681098,1387.5,1177.0
2096000,100,94,3,3,100,0.031914893617021274,1.0,0.031914893617021274,1,2228625,4.61512051684126,4.61512051684126,4.553876891600541,1.3862943611198906,1.3862943611198906,1387.5,763.5
3720000,100,100,0,0,100,0.0,0.0,0.0,0,4092471,4.61512051684126,4.61512051684126,4.61512051684126,0.0,0.0,1387.5,2349.0
1060000,100,94,3,3,100,0.031914893617021274,1.0,0.031914893617021274,1,1737175,4.61512051684126,4.61512051684126,4.553876891600541,1.3862943611198906,1.3862943611198906,1387.5,763.5
5506000,100,89,6,5,100,0.06741573033707865,0.8333333333333334,0.056179775280898875,1,3248895,4.61512051684126,4.61512051684126,4.499809670330265,1.9459101490553132,1.791759469228055,1387.5,445.5
7376000,100,99,1,0,100,0.010101010101010102,0.0,0.0,0,1894169,4.61512051684126,4.61512051684126,4.605170185988092,0.6931471805599453,0.0,1387.5,2349.0
7002000,100,95,1,4,100,0.010526315789473684,4.0,0.042105263157894736,1,2988073,4.61512051684126,4.61512051684126,4.564348191467836,0.6931471805599453,1.6094379124341003,1387.5,641.5
8866000,100,100,0,0,94,0.0,0.0,0.0,0,2322550,4.61512051684126,4.553876891600541,4.61512051684126,0.0,0.0,1387.5,2349.0
9174000,100,100,0,0,100,0.0,0.0,0.0,0,3578713,4.61512051684126,4.61512051684126,4.61512051684126,0.0,0.0,1387.5,2349.0
6056000,100,100,0,0,100,0.0,0.0,0.0,0,3868048,4.61512051684126,4.61512051684126,4.61512051684126,0.0,0.0,1387.5,2349.0
7968000,100,100,0,0,97,0.0,0.0,0.0,0,8295212,4.61512051684126,4.584967478670572,4.61512051684126,0.0,0.0,1387.5,2349.0
6888000,100,97,3,0,100,0.030927835051546393,0.0,0.0,0,2179667,4.61512051684126,4.61512051684126,4.584967478670572,1.3862943611198906,0.0,1387.5,2349.0
6188000,100,100,0,0,100,0.0,0.0,0.0,0,3259968,4.61512051684126,4.61512051684126,4.61512051684126,0.0,0.0,1387.5,2349.0
5614000,100,100,0,0,100,0.0,0.0,0.0,0,5163675,4.61512051684126,4.61512051684126,4.61512051684126,0.0,0.0,1387.5,2349.0
1372000,100,100,0,0,100,0.0,0.0,0.0,0,4470689,4.61512051684126,4.61512051684126,4.61512051684126,0.0,0.0,1387.5,2349.0
2162000,100,91,4,5,100,0.04395604395604396,1.25,0.054945054945054944,1,7153542,4.61512051684126,4.61512051684126,4.5217885770490405,1.6094379124341003,1.791759469228055,1387.5,465.0
714000,100,96,4,0,100,0.041666666666666664,0.0,0.0,0,1915094,4.61512051684126,4.61512051684126,4.574710978503383,1.6094379124341003,0.0,1387.5,2349.0
2230000,5,5,0,0,5,0.0,0.0,0.0,0,153871,1.791759469228055,1.791759469228055,1.791759469228055,0.0,0.0,2980.0,2349.0
5398000,100,98,1,1,100,0.01020408163265306,1.0,0.01020408163265306,1,4646595,4.61512051684126,4.61512051684126,4.59511985013459,0.6931471805599453,0.6931471805599453,1387.5,1497.0
2862000,100,99,0,1,98,0.0,0.0,0.010101010101010102,1,4707035,4.61512051684126,4.59511985013459,4.605170185988092,0.0,0.6931471805599453,1387.5,1627.0
8076000,100,100,0,0,96,0.0,0.0,0.0,0,9690285,4.61512051684126,4.574710978503383,4.61512051684126,0.0,0.0,1387.5,2349.0
2930000,100,94,2,4,100,0.02127659574468085,2.0,0.0425531914893617,1,3956713,4.61512051684126,4.61512051684126,4.553876891600541,1.0986122886681098,1.6094379124341003,1387.5,616.0
3544000,100,100,0,0,99,0.0,0.0,0.0,0,1664775,4.61512051684126,4.605170185988092,4.61512051684126,0.0,0.0,1387.5,2349.0
1964000,100,77,14,9,100,0.18181818181818182,0.6428571428571429,0.11688311688311688,1,1728029,4.61512051684126,4.61512051684126,4.356708826689592,2.70805020110221,2.302585092994046,1387.5,164.0
1566000,100,98,2,0,100,0.02040816326530612,0.0,0.0,0,1494973,4.61512051684126,4.61512051684126,4.59511985013459,1.0986122886681098,0.0,1387.5,2349.0
9548000,100,82,4,14,100,0.04878048780487805,3.5,0.17073170731707318,1,5069461,4.61512051684126,4.61512051684126,4.418840607796598,1.6094379124341003,2.70805020110221,1387.5,88.0
2924000,100,96,2,2,100,0.020833333333333332,1.0,0.020833333333333332,1,11168893,4.61512051684126,4.61512051684126,4.574710978503383,1.0986122886681098,1.0986122886681098,1387.5,1054.0
6382000,40,40,0,0,40,0.0,0.0,0.0,0,20129760,3.713572066704308,3.713572066704308,3.713572066704308,0.0,0.0,2890.0,2349.0
7962000,100,95,3,2,100,0.031578947368421054,0.6666666666666666,0.021052631578947368,1,6157490,4.61512051684126,4.61512051684126,4.564348191467836,1.3862943611198906,1.0986122886681098,1387.5,1019.0
644000,100,93,4,3,99,0.043010752688172046,0.75,0.03225806451612903,1,7659459,4.61512051684126,4.605170185988092,4.543294782270004,1.6094379124341003,1.3862943611198906,1387.5,742.0
7262000,100,98,0,2,100,0.0,0.0,0.02040816326530612,1,5379586,4.61512051684126,4.61512051684126,4.59511985013459,0.0,1.0986122886681098,1387.5,1177.0
6472000,17,15,2,0,17,0.13333333333333333,0.0,0.0,0,19776737,2.8903717578961645,2.8903717578961645,2.772588722239781,1.0986122886681098,0.0,2947.0,2349.0
6996000,1,1,0,0,1,0.0,0.0,0.0,0,0,0.6931471805599453,0.6931471805599453,0.6931471805599453,0.0,0.0,2997.5,2349.0
7894000,100,82,11,7,100,0.13414634146341464,0.6363636363636364,0.08536585365853659,1,3969840,4.61512051684126,4.61512051684126,4.418840607796598,2.4849066497880004,2.0794415416798357,1387.5,266.0
6200000,100,100,0,0,100,0.0,0.0,0.0,0,3347133,4.61512051684126,4.61512051684126,4.61512051684126,0.0,0.0,1387.5,2349.0
5808000,100,98,0,2,100,0.0,0.0,0.02040816326530612,1,3741614,4.61512051684126,4.61512051684126,4.59511985013459,0.0,1.0986122886681098,1387.5,1177.0
7786000,100,95,0,5,100,0.0,0.0,0.05263157894736842,1,12942928,4.61512051684126,4.61512051684126,4.564348191467836,0.0,1.791759469228055,1387.5,527.5
878000,100,88,1,11,100,0.011363636363636364,11.0,0.125,1,3982234,4.61512051684126,4.61512051684126,4.48863636973214,0.6931471805599453,2.4849066497880004,1387.5,150.5
7302000,84,77,3,4,84,0.03896103896103896,1.3333333333333333,0.05194805194805195,1,1434639,4.442651256490317,4.442651256490317,4.356708826689592,1.3862943611198906,1.6094379124341003,2802.5,534.0
6024000,100,92,6,2,100,0.06521739130434782,0.3333333333333333,0.021739130434782608,1,4686370,4.61512051684126,4.61512051684126,4.532599493153256,1.9459101490553132,1.0986122886681098,1387.5,959.0
6228000,100,88,7,5,100,0.07954545454545454,0.7142857142857143,0.056818181818181816,1,6220073,4.61512051684126,4.61512051684126,4.48863636973214,2.0794415416798357,1.791759469228055,1387.5,437.0
5324000,100,100,0,0,100,0.0,0.0,0.0,0,4389349,4.61512051684126,4.61512051684126,4.61512051684126,0.0,0.0,1387.5,2349.0
6882000,100,99,0,1,100,0.0,0.0,0.010101010101010102,1,3012986,4.61512051684126,4.61512051684126,4.605170185988092,0.0,0.6931471805599453,1387.5,1627.0
6006000,100,92,1,7,100,0.010869565217391304,7.0,0.07608695652173914,1,4736787,4.61512051684126,4.61512051684126,4.532599493153256,0.6931471805599453,2.0794415416798357,1387.5,327.0
816000,100,100,0,0,99,0.0,0.0,0.0,0,4499056,4.61512051684126,4.605170185988092,4.61512051684126,0.0,0.0,1387.5,2349.0
6296000,100,99,0,1,100,0.0,0.0,0.010101010101010102,1,3823420,4.61512051684126,4.61512051684126,4.605170185988092,0.0,0.6931471805599453,1387.5,1627.0
6616000,69,63,1,5,69,0.015873015873015872,5.0,0.07936507936507936,1,9116758,4.248495242049359,4.248495242049359,4.1588830833596715,0.6931471805599453,1.791759469228055,2841.0,292.0
2572000,100,92,0,8,100,0.0,0.0,0.08695652173913043,1,3630535,4.61512051684126,4.61512051684126,4.532599493153256,0.0,2.1972245773362196,1387.5,263.5
6120000,100,74,5,21,100,0.06756756756756757,4.2,0.28378378378378377,1,17629721,4.61512051684126,4.61512051684126,4.31748811353631,1.791759469228055,3.091042453358316,1387.5,32.0
8576000,100,100,0,0,100,0.0,0.0,0.0,0,4092552,4.61512051684126,4.61512051684126,4.61512051684126,0.0,0.0,1387.5,2349.0
178000,100,99,1,0,100,0.010101010101010102,0.0,0.0,0,5963125,4.61512051684126,4.61512051684126,4.605170185988092,0.6931471805599453,0.0,1387.5,2349.0
8310000,100,97,3,0,100,0.030927835051546393,0.0,0.0,0,4367576,4.61512051684126,4.61512051684126,4.584967478670572,1.3862943611198906,0.0,1387.5,2349.0
6990000,100,91,3,6,100,0.03296703296703297,2.0,0.06593406593406594,1,4588384,4.61512051684126,4.61512051684126,4.5217885770490405,1.3862943611198906,1.9459101490553132,1387.5,373.5
1294000,100,86,4,10,100,0.046511627906976744,2.5,0.11627906976744186,1,3729563,4.61512051684126,4.61512051684126,4.465908118654584,1.6094379124341003,2.3978952727983707,1387.5,170.0
7086000,100,99,0,1,100,0.0,0.0,0.010101010101010102,1,6063096,4.61512051684126,4.61512051684126,4.605170185988092,0.0,0.6931471805599453,1387.5,1627.0
6508000,100,100,0,0,100,0.0,0.0,0.0,0,5185771,4.61512051684126,4.61512051684126,4.61512051684126,0.0,0.0,1387.5,2349.0
6404000,100,90,3,7,100,0.03333333333333333,2.3333333333333335,0.07777777777777778,1,3198719,4.61512051684126,4.61512051684126,4.51085950651685,1.3862943611198906,2.0794415416798357,1387.5,306.5
2464000,100,92,7,1,100,0.07608695652173914,0.14285714285714285,0.010869565217391304,1,3374462,4.61512051684126,4.61512051684126,4.532599493153256,2.0794415416798357,0.6931471805599453,1387.5,1260.5
1606000,100,97,2,1,100,0.020618556701030927,0.5,0.010309278350515464,1,2324992,4.61512051684126,4.61512051684126,4.584967478670572,1.0986122886681098,0.6931471805599453,1387.5,1403.0
1498000,100,91,6,3,100,0.06593406593406594,0.5,0.03296703296703297,1,7272154,4.61512051684126,4.61512051684126,4.5217885770490405,1.9459101490553132,1.3862943611198906,1387.5,716.0
1408000,100,98,1,1,100,0.01020408163265306,1.0,0.01020408163265306,1,4622771,4.61512051684126,4.61512051684126,4.59511985013459,0.6931471805599453,0.6931471805599453,1387.5,1497.0
7610000,100,94,1,5,99,0.010638297872340425,5.0,0.05319148936170213,1,5961824,4.61512051684126,4.605170185988092,4.553876891600541,0.6931471805599453,1.791759469228055,1387.5,512.5
1384000,100,93,5,2,100,0.053763440860215055,0.4,0.021505376344086023,1,1779621,4.61512051684126,4.61512051684126,4.543294782270004,1.791759469228055,1.0986122886681098,1387.5,976.0
5126000,100,98,0,2,100,0.0,0.0,0.02040816326530612,1,8044770,4.61512051684126,4.61512051684126,4.59511985013459,0.0,1.0986122886681098,1387.5,1177.0
6290000,100,95,2,3,100,0.021052631578947368,1.5,0.031578947368421054,1,5389349,4.61512051684126,4.61512051684126,4.564348191467836,1.0986122886681098,1.3862943611198906,1387.5,792.5
992000,100,100,0,0,100,0.0,0.0,0.0,0,9432457,4.61512051684126,4.61512051684126,4.61512051684126,0.0,0.0,1387.5,2349.0
906000,100,99,1,0,99,0.010101010101010102,0.0,0.0,0,6185885,4.61512051684126,4.605170185988092,4.605170185988092,0.6931471805599453,0.0,1387.5,2349.0
5084000,100,97,1,2,100,0.010309278350515464,2.0,0.020618556701030927,1,3181641,4.61512051684126,4.61512051684126,4.584967478670572,0.6931471805599453,1.0986122886681098,1387.5,1108.0
286000,100,96,3,1,100,0.03125,0.3333333333333333,0.010416666666666666,1,16164670,4.61512051684126,4.61512051684126,4.574710978503383,1.3862943611198906,0.6931471805599453,1387.5,1350.0
7412000,100,94,2,4,100,0.02127659574468085,2.0,0.0425531914893617,1,5944742,4.61512051684126,4.61512051684126,4.553876891600541,1.0986122886681098,1.6094379124341003,1387.5,616.0
6398000,28,28,0,0,28,0.0,0.0,0.0,0,782195,3.367295829986474,3.367295829986474,3.367295829986474,0.0,0.0,2921.5,2349.0
1190000,100,98,2,0,100,0.02040816326530612,0.0,0.0,0,4788304,4.61512051684126,4.61512051684126,4.59511985013459,1.0986122886681098,0.0,1387.5,2349.0
2748000,100,98,2,0,100,0.02040816326530612,0.0,0.0,0,8475732,4.61512051684126,4.61512051684126,4.59511985013459,1.0986122886681098,0.0,1387.5,2349.0
2988000,100,98,2,0,99,0.02040816326530612,0.0,0.0,0,2669633,4.61512051684126,4.605170185988092,4.59511985013459,1.0986122886681098,0.0,1387.5,2349.0
770000,100,92,4,4,100,0.043478260869565216,1.0,0.043478260869565216,1,1592174,4.61512051684126,4.61512051684126,4.532599493153256,1.6094379124341003,1.6094379124341003,1387.5,582.5
974000,100,92,8,0,100,0.08695652173913043,0.0,0.0,0,3570221,4.61512051684126,4.61512051684126,4.532599493153256,2.1972245773362196,0.0,1387.5,2349.0
532000,100,95,2,3,100,0.021052631578947368,1.5,0.031578947368421054,1,6309551,4.61512051684126,4.61512051684126,4.564348191467836,1.0986122886681098,1.3862943611198906,1387.5,792.5
5746000,100,86,3,11,100,0.03488372093023256,3.6666666666666665,0.12790697674418605,1,5429726,4.61512051684126,4.61512051684126,4.465908118654584,1.3862943611198906,2.4849066497880004,1387.5,140.5
2288000,100,98,2,0,100,0.02040816326530612,0.0,0.0,0,3042441,4.61512051684126,4.61512051684126,4.59511985013459,1.0986122886681098,0.0,1387.5,2349.0
2090000,100,98,1,1,100,0.01020408163265306,1.0,0.01020408163265306,1,4145489,4.61512051684126,4.61512051684126,4.59511985013459,0.6931471805599453,0.6931471805599453,1387.5,1497.0
7440000,100,100,0,0,100,0.0,0.0,0.0,0,2857197,4.61512051684126,4.61512051684126,4.61512051684126,0.0,0.0,1387.5,2349.0
7984000,100,78,9,13,100,0.11538461538461539,1.4444444444444444,0.16666666666666666,1,3954863,4.61512051684126,4.61512051684126,4.3694478524670215,2.302585092994046,2.6390573296152584,1387.5,91.0
7236000,9,9,0,0,9,0.0,0.0,0.0,0,141672,2.302585092994046,2.302585092994046,2.302585092994046,0.0,0.0,2968.5,2349.0
7194000,49,49,0,0,48,0.0,0.0,0.0,0,1034861,3.912023005428146,3.8918202981106265,3.912023005428146,0.0,0.0,2872.5,2349.0
1782000,100,93,3,4,100,0.03225806451612903,1.3333333333333333,0.043010752688172046,1,4340816,4.61512051684126,4.61512051684126,4.543294782270004,1.3862943611198906,1.6094379124341003,1387.5,596.5
462000,100,88,7,5,100,0.07954545454545454,0.7142857142857143,0.056818181818181816,1,4463474,4.61512051684126,4.61512051684126,4.48863636973214,2.0794415416798357,1.791759469228055,1387.5,437.0
2306000,100,96,3,1,100,0.03125,0.3333333333333333,0.010416666666666666,1,2269561,4.61512051684126,4.61512051684126,4.574710978503383,1.3862943611198906,0.6931471805599453,1387.5,1350.0
4426000,100,88,5,7,100,0.056818181818181816,1.4,0.07954545454545454,1,5462940,4.61512051684126,4.61512051684126,4.48863636973214,1.791759469228055,2.0794415416798357,1387.5,286.5
2156000,100,98,1,1,100,0.01020408163265306,1.0,0.01020408163265306,1,1683026,4.61512051684126,4.61512051684126,4.59511985013459,0.6931471805599453,0.6931471805599453,1387.5,1497.0
6712000,100,100,0,0,100,0.0,0.0,0.0,0,5534203,4.61512051684126,4.61512051684126,4.61512051684126,0.0,0.0,1387.5,2349.0
1872000,100,92,8,0,100,0.08695652173913043,0.0,0.0,0,2937362,4.61512051684126,4.61512051684126,4.532599493153256,2.1972245773362196,0.0,1387.5,2349.0
1366000,100,100,0,0,100,0.0,0.0,0.0,0,4333450,4.61512051684126,4.61512051684126,4.61512051684126,0.0,0.0,1387.5,2349.0
708000,100,100,0,0,99,0.0,0.0,0.0,0,6578116,4.61512051684126,4.605170185988092,4.61512051684126,0.0,0.0,1387.5,2349.0
1776000,100,98,2,0,100,0.02040816326530612,0.0,0.0,0,2992599,4.61512051684126,4.61512051684126,4.59511985013459,1.0986122886681098,0.0,1387.5,2349.0
8684000,94,91,3,0,94,0.03296703296703297,0.0,0.0,0,1599577,4.553876891600541,4.553876891600541,4.5217885770490405,1.3862943611198906,0.0,2787.0,2349.0
6536000,100,100,0,0,100,0.0,0.0,0.0,0,8381432,4.61512051684126,4.61512051684126,4.61512051684126,0.0,0.0,1387.5,2349.0
2198000,5,5,0,0,5,0.0,0.0,0.0,0,1128055,1.791759469228055,1.791759469228055,1.791759469228055,0.0,0.0,2980.0,2349.0
6706000,100,94,1,5,100,0.010638297872340425,5.0,0.05319148936170213,1,20387044,4.61512051684126,4.61512051684126,4.553876891600541,0.6931471805599453,1.791759469228055,1387.5,512.5
1082000,100,91,2,7,100,0.02197802197802198,3.5,0.07692307692307693,1,3778357,4.61512051684126,4.61512051684126,4.5217885770490405,1.0986122886681098,2.0794415416798357,1387.5,318.0
5500000,100,93,5,2,100,0.053763440860215055,0.4,0.021505376344086023,1,2732254,4.61512051684126,4.61512051684126,4.543294782270004,1.791759469228055,1.0986122886681098,1387.5,976.0
2818000,100,93,4,3,100,0.043010752688172046,0.75,0.03225806451612903,1,9267870,4.61512051684126,4.61512051684126,4.543294782270004,1.6094379124341003,1.3862943611198906,1387.5,742.0
1914000,100,93,1,6,100,0.010752688172043012,6.0,0.06451612903225806,1,3395001,4.61512051684126,4.61512051684126,4.543294782270004,0.6931471805599453,1.9459101490553132,1387.5,395.5
4534000,100,88,5,7,100,0.056818181818181816,1.4,0.07954545454545454,1,2560437,4.61512051684126,4.61512051684126,4.48863636973214,1.791759469228055,2.0794415416798357,1387.5,286.5
6820000,100,96,3,1,99,0.03125,0.3333333333333333,0.010416666666666666,1,1651580,4.61512051684126,4.605170185988092,4.574710978503383,1.3862943611198906,0.6931471805599453,1387.5,1350.0
504000,100,100,0,0,100,0.0,0.0,0.0,0,2120766,4.61512051684126,4.61512051684126,4.61512051684126,0.0,0.0,1387.5,2349.0
1674000,100,94,2,4,100,0.02127659574468085,2.0,0.0425531914893617,1,17825367,4.61512051684126,4.61512051684126,4.553876891600541,1.0986122886681098,1.6094379124341003,1387.5,616.0
88000,100,89,4,7,100,0.0449438202247191,1.75,0.07865168539325842,1,2321044,4.61512051684126,4.61512051684126,4.499809670330265,1.6094379124341003,2.0794415416798357,1387.5,298.5
5216000,100,95,2,3,100,0.021052631578947368,1.5,0.031578947368421054,1,6509947,4.61512051684126,4.61512051684126,4.564348191467836,1.0986122886681098,1.3862943611198906,1387.5,792.5
6910000,73,73,0,0,73,0.0,0.0,0.0,0,17994897,4.30406509320417,4.30406509320417,4.30406509320417,0.0,0.0,2830.5,2349.0
1668000,100,99,1,0,99,0.010101010101010102,0.0,0.0,0,6633818,4.61512051684126,4.605170185988092,4.605170185988092,0.6931471805599453,0.0,1387.5,2349.0
1186000,100,86,6,8,100,0.06976744186046512,1.3333333333333333,0.09302325581395349,1,7082064,4.61512051684126,4.61512051684126,4.465908118654584,1.9459101490553132,2.1972245773362196,1387.5,228.5
8202000,100,95,2,3,100,0.021052631578947368,1.5,0.031578947368421054,1,6496889,4.61512051684126,4.61512051684126,4.564348191467836,1.0986122886681098,1.3862943611198906,1387.5,792.5
292000,100,79,11,10,100,0.13924050632911392,0.9090909090909091,0.12658227848101267,1,5876676,4.61512051684126,4.61512051684126,4.382026634673881,2.4849066497880004,2.3978952727983707,1387.5,145.5
7780000,100,100,0,0,100,0.0,0.0,0.0,0,2652754,4.61512051684126,4.61512051684126,4.61512051684126,0.0,0.0,1387.5,2349.0
6466000,100,98,2,0,100,0.02040816326530612,0.0,0.0,0,2953085,4.61512051684126,4.61512051684126,4.59511985013459,1.0986122886681098,0.0,1387.5,2349.0
1124000,100,78,16,6,100,0.20512820512820512,0.375,0.07692307692307693,1,20995849,4.61512051684126,4.61512051684126,4.3694478524670215,2.833213344056216,1.9459101490553132,1387.5,318.0
5916000,100,77,4,19,100,0.05194805194805195,4.75,0.24675324675324675,1,11126187,4.61512051684126,4.61512051684126,4.356708826689592,1.6094379124341003,2.995732273553991,1387.5,38.0
9748000,86,70,14,2,86,0.2,0.14285714285714285,0.02857142857142857,1,19489848,4.465908118654584,4.465908118654584,4.2626798770413155,2.70805020110221,1.0986122886681098,2799.5,893.0
3646000,100,100,0,0,100,0.0,0.0,0.0,0,1476639,4.61512051684126,4.61512051684126,4.61512051684126,0.0,0.0,1387.5,2349.0
594000,10,10,0,0,10,0.0,0.0,0.0,0,427712,2.3978952727983707,2.3978952727983707,2.3978952727983707,0.0,0.0,2965.0,2349.0
3464000,100,99,0,1,100,0.0,0.0,0.010101010101010102,1,3326574,4.61512051684126,4.61512051684126,4.605170185988092,0.0,0.6931471805599453,1387.5,1627.0
1226000,100,94,0,6,100,0.0,0.0,0.06382978723404255,1,14322849,4.61512051684126,4.61512051684126,4.553876891600541,0.0,1.9459101490553132,1387.5,409.5
810000,100,99,1,0,100,0.010101010101010102,0.0,0.0,0,7174634,4.61512051684126,4.61512051684126,4.605170185988092,0.6931471805599453,0.0,1387.5,2349.0
6156000,100,100,0,0,100,0.0,0.0,0.0,0,7579017,4.61512051684126,4.61512051684126,4.61512051684126,0.0,0.0,1387.5,2349.0
8394000,58,56,0,2,58,0.0,0.0,0.03571428571428571,1,14431799,4.07753744390572,4.07753744390572,4.04305126783455,0.0,1.0986122886681098,2858.5,687.5
4528000,74,74,0,0,74,0.0,0.0,0.0,0,12375911,4.31748811353631,4.31748811353631,4.31748811353631,0.0,0.0,2826.0,2349.0
7598000,100,98,0,2,100,0.0,0.0,0.02040816326530612,1,8089654,4.61512051684126,4.61512051684126,4.59511985013459,0.0,1.0986122886681098,1387.5,1177.0
6108000,100,97,0,3,100,0.0,0.0,0.030927835051546393,1,2464218,4.61512051684126,4.61512051684126,4.584967478670572,0.0,1.3862943611198906,1387.5,873.5
6222000,100,85,7,8,100,0.08235294117647059,1.1428571428571428,0.09411764705882353,1,9582497,4.61512051684126,4.61512051684126,4.454347296253507,2.0794415416798357,2.1972245773362196,1387.5,224.5
6700000,100,99,1,0,100,0.010101010101010102,0.0,0.0,0,13485667,4.61512051684126,4.61512051684126,4.605170185988092,0.6931471805599453,0.0,1387.5,2349.0
6114000,77,73,0,4,76,0.0,0.0,0.0547945205479452,1,19960910,4.356708826689592,4.343805421853684,4.30406509320417,0.0,1.6094379124341003,2822.0,470.0
6354000,100,91,2,7,100,0.02197802197802198,3.5,0.07692307692307693,1,2415661,4.61512051684126,4.61512051684126,4.5217885770490405,1.0986122886681098,2.0794415416798357,1387.5,318.0
5034000,100,92,6,2,100,0.06521739130434782,0.3333333333333333,0.021739130434782608,1,18354920,4.61512051684126,4.61512051684126,4.532599493153256,1.9459101490553132,1.0986122886681098,1387.5,959.0
110000,100,100,0,0,100,0.0,0.0,0.0,0,4237537,4.61512051684126,4.61512051684126,4.61512051684126,0.0,0.0,1387.5,2349.0
1076000,100,99,1,0,100,0.010101010101010102,0.0,0.0,0,3424066,4.61512051684126,4.61512051684126,4.605170185988092,0.6931471805599453,0.0,1387.5,2349.0
6808000,100,99,1,0,100,0.010101010101010102,0.0,0.0,0,5198712,4.61512051684126,4.61512051684126,4.605170185988092,0.6931471805599453,0.0,1387.5,2349.0
5564000,100,95,0,5,100,0.0,0.0,0.05263157894736842,1,7149753,4.61512051684126,4.61512051684126,4.564348191467836,0.0,1.791759469228055,1387.5,527.5
1118000,100,97,2,1,100,0.020618556701030927,0.5,0.010309278350515464,1,17897866,4.61512051684126,4.61512051684126,4.584967478670572,1.0986122886681098,0.6931471805599453,1387.5,1403.0
5626000,100,100,0,0,100,0.0,0.0,0.0,0,2585499,4.61512051684126,4.61512051684126,4.61512051684126,0.0,0.0,1387.5,2349.0
2390000,100,99,0,1,100,0.0,0.0,0.010101010101010102,1,5186061,4.61512051684126,4.61512051684126,4.605170185988092,0.0,0.6931471805599453,1387.5,1627.0
5142000,100,98,2,0,100,0.02040816326530612,0.0,0.0,0,6540096,4.61512051684126,4.61512051684126,4.59511985013459,1.0986122886681098,0.0,1387.5,2349.0
696000,100,93,2,5,100,0.021505376344086023,2.5,0.053763440860215055,1,2331460,4.61512051684126,4.61512051684126,4.543294782270004,1.0986122886681098,1.791759469228055,1387.5,492.0
4902000,100,92,1,7,100,0.010869565217391304,7.0,0.07608695652173914,1,3766183,4.61512051684126,4.61512051684126,4.532599493153256,0.6931471805599453,2.0794415416798357,1387.5,327.0
350000,100,99,1,0,100,0.010101010101010102,0.0,0.0,0,1697224,4.61512051684126,4.61512051684126,4.605170185988092,0.6931471805599453,0.0,1387.5,2349.0
6216000,100,94,3,3,100,0.031914893617021274,1.0,0.031914893617021274,1,3220159,4.61512051684126,4.61512051684126,4.553876891600541,1.3862943611198906,1.3862943611198906,1387.5,763.5
104000,100,100,0,0,100,0.0,0.0,0.0,0,4439734,4.61512051684126,4.61512051684126,4.61512051684126,0.0,0.0,1387.5,2349.0
7012000,100,94,4,2,100,0.0425531914893617,0.5,0.02127659574468085,1,7482173,4.61512051684126,4.61512051684126,4.553876891600541,1.6094379124341003,1.0986122886681098,1387.5,996.5
4244000,100,98,1,1,100,0.01020408163265306,1.0,0.01020408163265306,1,20733879,4.61512051684126,4.61512051684126,4.59511985013459,0.6931471805599453,0.6931471805599453,1387.5,1497.0
2282000,100,97,3,0,100,0.030927835051546393,0.0,0.0,0,2714376,4.61512051684126,4.61512051684126,4.584967478670572,1.3862943611198906,0.0,1387.5,2349.0
7230000,100,94,6,0,100,0.06382978723404255,0.0,0.0,0,6210359,4.61512051684126,4.61512051684126,4.553876891600541,1.9459101490553132,0.0,1387.5,2349.0
5318000,100,94,5,1,100,0.05319148936170213,0.2,0.010638297872340425,1,5097428,4.61512051684126,4.61512051684126,4.553876891600541,1.791759469228055,0.6931471805599453,1387.5,1296.0
4944000,100,88,11,1,100,0.125,0.09090909090909091,0.011363636363636364,1,2697475,4.61512051684126,4.61512051684126,4.48863636973214,2.4849066497880004,0.6931471805599453,1387.5,1235.5
1008000,100,90,9,1,100,0.1,0.1111111111111111,0.011111111111111112,1,7336091,4.61512051684126,4.61512051684126,4.51085950651685,2.302585092994046,0.6931471805599453,1387.5,1244.5
1600000,45,43,2,0,44,0.046511627906976744,0.0,0.0,0,14067761,3.828641396489095,3.8066624897703196,3.784189633918261,1.0986122886681098,0.0,2880.0,2349.0
418000,100,95,0,5,100,0.0,0.0,0.05263157894736842,1,2882616,4.61512051684126,4.61512051684126,4.564348191467836,0.0,1.791759469228055,1387.5,527.5
2636000,100,90,8,2,100,0.08888888888888889,0.25,0.022222222222222223,1,2080885,4.61512051684126,4.61512051684126,4.51085950651685,2.1972245773362196,1.0986122886681098,1387.5,934.0
900000,100,77,18,5,100,0.23376623376623376,0.2777777777777778,0.06493506493506493,1,7463768,4.61512051684126,4.61512051684126,4.356708826689592,2.9444389791664403,1.791759469228055,1387.5,388.0
526000,96,95,1,0,96,0.010526315789473684,0.0,0.0,0,22928680,4.574710978503383,4.574710978503383,4.564348191467836,0.6931471805599453,0.0,2782.0,2349.0
1486000,100,100,0,0,100,0.0,0.0,0.0,0,9390727,4.61512051684126,4.61512051684126,4.61512051684126,0.0,0.0,1387.5,2349.0
280000,100,94,3,3,100,0.031914893617021274,1.0,0.031914893617021274,1,16234639,4.61512051684126,4.61512051684126,4.553876891600541,1.3862943611198906,1.3862943611198906,1387.5,763.5
4352000,100,98,2,0,100,0.02040816326530612,0.0,0.0,0,2039301,4.61512051684126,4.61512051684126,4.59511985013459,1.0986122886681098,0.0,1387.5,2349.0
1908000,100,81,4,15,100,0.04938271604938271,3.75,0.18518518518518517,1,10113355,4.61512051684126,4.61512051684126,4.406719247264253,1.6094379124341003,2.772588722239781,1387.5,74.5
9566000,100,94,5,1,100,0.05319148936170213,0.2,0.010638297872340425,1,2891982,4.61512051684126,4.61512051684126,4.553876891600541,1.791759469228055,0.6931471805599453,1387.5,1296.0
9874000,100,89,9,2,100,0.10112359550561797,0.2222222222222222,0.02247191011235955,1,2514219,4.61512051684126,4.61512051684126,4.499809670330265,2.302585092994046,1.0986122886681098,1387.5,926.5
7054000,100,100,0,0,100,0.0,0.0,0.0,0,3495904,4.61512051684126,4.61512051684126,4.61512051684126,0.0,0.0,1387.5,2349.0
5910000,100,99,1,0,100,0.010101010101010102,0.0,0.0,0,4093523,4.61512051684126,4.61512051684126,4.605170185988092,0.6931471805599453,0.0,1387.5,2349.0
6046000,100,99,0,1,100,0.0,0.0,0.010101010101010102,1,4083298,4.61512051684126,4.61512051684126,4.605170185988092,0.0,0.6931471805599453,1387.5,1627.0
5432000,100,98,2,0,100,0.02040816326530612,0.0,0.0,0,3894782,4.61512051684126,4.61512051684126,4.59511985013459,1.0986122886681098,0.0,1387.5,2349.0
5848000,100,100,0,0,100,0.0,0.0,0.0,0,2932607,4.61512051684126,4.61512051684126,4.61512051684126,0.0,0.0,1387.5,2349.0
6728000,100,100,0,0,98,0.0,0.0,0.0,0,1629370,4.61512051684126,4.59511985013459,4.61512051684126,0.0,0.0,1387.5,2349.0
7258000,100,100,0,0,100,0.0,0.0,0.0,0,3676968,4.61512051684126,4.61512051684126,4.61512051684126,0.0,0.0,1387.5,2349.0
2016000,100,99,1,0,100,0.010101010101010102,0.0,0.0,0,2619643,4.61512051684126,4.61512051684126,4.605170185988092,0.6931471805599453,0.0,1387.5,2349.0
5210000,100,86,1,13,100,0.011627906976744186,13.0,0.1511627906976744,1,7836859,4.61512051684126,4.61512051684126,4.465908118654584,0.6931471805599453,2.6390573296152584,1387.5,106.0
3562000,100,96,2,2,100,0.020833333333333332,1.0,0.020833333333333332,1,1990533,4.61512051684126,4.61512051684126,4.574710978503383,1.0986122886681098,1.0986122886681098,1387.5,1054.0
616000,100,100,0,0,100,0.0,0.0,0.0,0,8401389,4.61512051684126,4.61512051684126,4.61512051684126,0.0,0.0,1387.5,2349.0
1146000,100,94,2,4,100,0.02127659574468085,2.0,0.0425531914893617,1,7302995,4.61512051684126,4.61512051684126,4.553876891600541,1.0986122886681098,1.6094379124341003,1387.5,616.0
7712000,100,97,1,2,100,0.010309278350515464,2.0,0.020618556701030927,1,2857602,4.61512051684126,4.61512051684126,4.584967478670572,0.6931471805599453,1.0986122886681098,1387.5,1108.0
2124000,100,100,0,0,100,0.0,0.0,0.0,0,9957027,4.61512051684126,4.61512051684126,4.61512051684126,0.0,0.0,1387.5,2349.0
1732000,100,98,2,0,100,0.02040816326530612,0.0,0.0,0,2398725,4.61512051684126,4.61512051684126,4.59511985013459,1.0986122886681098,0.0,1387.5,2349.0
6638000,72,60,5,7,72,0.08333333333333333,1.4,0.11666666666666667,1,10552056,4.290459441148391,4.290459441148391,4.110873864173311,1.791759469228055,2.0794415416798357,2834.0,165.5
5842000,100,100,0,0,100,0.0,0.0,0.0,0,9654647,4.61512051684126,4.61512051684126,4.61512051684126,0.0,0.0,1387.5,2349.0
6746000,100,89,2,9,100,0.02247191011235955,4.5,0.10112359550561797,1,17960565,4.61512051684126,4.61512051684126,4.499809670330265,1.0986122886681098,2.302585092994046,1387.5,203.5
1254000,52,49,0,3,52,0.0,0.0,0.061224489795918366,1,19629972,3.970291913552122,3.970291913552122,3.912023005428146,0.0,1.3862943611198906,2866.5,417.0
588000,100,99,1,0,100,0.010101010101010102,0.0,0.0,0,3222339,4.61512051684126,4.61512051684126,4.605170185988092,0.6931471805599453,0.0,1387.5,2349.0
6814000,70,70,0,0,70,0.0,0.0,0.0,0,3367762,4.2626798770413155,4.2626798770413155,4.2626798770413155,0.0,0.0,2839.0,2349.0
6530000,100,98,0,2,100,0.0,0.0,0.02040816326530612,1,5270990,4.61512051684126,4.61512051684126,4.59511985013459,0.0,1.0986122886681098,1387.5,1177.0
6524000,100,100,0,0,100,0.0,0.0,0.0,0,3706409,4.61512051684126,4.61512051684126,4.61512051684126,0.0,0.0,1387.5,2349.0
5734000,100,100,0,0,96,0.0,0.0,0.0,0,2541264,4.61512051684126,4.574710978503383,4.61512051684126,0.0,0.0,1387.5,2349.0
1184000,100,90,4,6,100,0.044444444444444446,1.5,0.06666666666666667,1,4288507,4.61512051684126,4.61512051684126,4.51085950651685,1.6094379124341003,1.9459101490553132,1387.5,366.0
634000,100,100,0,0,100,0.0,0.0,0.0,0,5887188,4.61512051684126,4.61512051684126,4.61512051684126,0.0,0.0,1387.5,2349.0
5644000,100,100,0,0,100,0.0,0.0,0.0,0,6342584,4.61512051684126,4.61512051684126,4.61512051684126,0.0,0.0,1387.5,2349.0
1974000,100,99,1,0,98,0.010101010101010102,0.0,0.0,0,2603776,4.61512051684126,4.59511985013459,4.605170185988092,0.6931471805599453,0.0,1387.5,2349.0
6018000,100,100,0,0,100,0.0,0.0,0.0,0,1415158,4.61512051684126,4.61512051684126,4.61512051684126,0.0,0.0,1387.5,2349.0
7496000,100,100,0,0,100,0.0,0.0,0.0,0,3155099,4.61512051684126,4.61512051684126,4.61512051684126,0.0,0.0,1387.5,2349.0
6904000,14,14,0,0,14,0.0,0.0,0.0,0,1984087,2.70805020110221,2.70805020110221,2.70805020110221,0.0,0.0,2952.5,2349.0
792000,100,98,1,1,100,0.01020408163265306,1.0,0.01020408163265306,1,2833487,4.61512051684126,4.61512051684126,4.59511985013459,0.6931471805599453,0.6931471805599453,1387.5,1497.0
2566000,100,98,0,2,100,0.0,0.0,0.02040816326530612,1,3593605,4.61512051684126,4.61512051684126,4.59511985013459,0.0,1.0986122886681098,1387.5,1177.0
7338000,100,100,0,0,99,0.0,0.0,0.0,0,6262480,4.61512051684126,4.605170185988092,4.61512051684126,0.0,0.0,1387.5,2349.0
7604000,100,98,2,0,90,0.02040816326530612,0.0,0.0,0,2607556,4.61512051684126,4.51085950651685,4.59511985013459,1.0986122886681098,0.0,1387.5,2349.0
7428000,100,97,0,3,100,0.0,0.0,0.030927835051546393,1,17011776,4.61512051684126,4.61512051684126,4.584967478670572,0.0,1.3862943611198906,1387.5,873.5
1492000,100,93,5,2,100,0.053763440860215055,0.4,0.021505376344086023,1,4011587,4.61512051684126,4.61512051684126,4.543294782270004,1.791759469228055,1.0986122886681098,1387.5,976.0
5938000,100,96,3,1,100,0.03125,0.3333333333333333,0.010416666666666666,1,3375252,4.61512051684126,4.61512051684126,4.574710978503383,1.3862943611198906,0.6931471805599453,1387.5,1350.0
942000,100,100,0,0,100,0.0,0.0,0.0,0,5203135,4.61512051684126,4.61512051684126,4.61512051684126,0.0,0.0,1387.5,2349.0
1316000,100,98,2,0,100,0.02040816326530612,0.0,0.0,0,2082233,4.61512051684126,4.61512051684126,4.59511985013459,1.0986122886681098,0.0,1387.5,2349.0
9982000,93,88,5,0,93,0.056818181818181816,0.0,0.0,0,20409891,4.543294782270004,4.543294782270004,4.48863636973214,1.791759469228055,0.0,2788.5,2349.0
2208000,100,90,4,6,100,0.044444444444444446,1.5,0.06666666666666667,1,6427660,4.61512051684126,4.61512051684126,4.51085950651685,1.6094379124341003,1.9459101490553132,1387.5,366.0
1044000,100,95,3,2,100,0.031578947368421054,0.6666666666666666,0.021052631578947368,1,12086385,4.61512051684126,4.61512051684126,4.564348191467836,1.3862943611198906,1.0986122886681098,1387.5,1019.0
7076000,100,98,2,0,100,0.02040816326530612,0.0,0.0,0,3786810,4.61512051684126,4.61512051684126,4.59511985013459,1.0986122886681098,0.0,1387.5,2349.0
6286000,100,94,1,5,100,0.010638297872340425,5.0,0.05319148936170213,1,5532410,4.61512051684126,4.61512051684126,4.553876891600541,0.6931471805599453,1.791759469228055,1387.5,512.5
8212000,100,96,3,1,100,0.03125,0.3333333333333333,0.010416666666666666,1,14785431,4.61512051684126,4.61512051684126,4.574710978503383,1.3862943611198906,0.6931471805599453,1387.5,1350.0
6872000,100,95,5,0,100,0.05263157894736842,0.0,0.0,0,5868898,4.61512051684126,4.61512051684126,4.564348191467836,1.791759469228055,0.0,1387.5,2349.0
5660000,100,73,25,2,100,0.3424657534246575,0.08,0.0273972602739726,1,2811003,4.61512051684126,4.61512051684126,4.30406509320417,3.258096538021482,1.0986122886681098,1387.5,894.0
4960000,100,98,2,0,100,0.02040816326530612,0.0,0.0,0,2056441,4.61512051684126,4.61512051684126,4.59511985013459,1.0986122886681098,0.0,1387.5,2349.0
5444000,100,98,1,1,100,0.01020408163265306,1.0,0.01020408163265306,1,1742477,4.61512051684126,4.61512051684126,4.59511985013459,0.6931471805599453,0.6931471805599453,1387.5,1497.0
9100000,100,98,2,0,100,0.02040816326530612,0.0,0.0,0,6664208,4.61512051684126,4.61512051684126,4.59511985013459,1.0986122886681098,0.0,1387.5,2349.0
5558000,100,100,0,0,100,0.0,0.0,0.0,0,2836168,4.61512051684126,4.61512051684126,4.61512051684126,0.0,0.0,1387.5,2349.0
3380000,100,96,2,2,100,0.020833333333333332,1.0,0.020833333333333332,1,5194830,4.61512051684126,4.61512051684126,4.574710978503383,1.0986122886681098,1.0986122886681098,1387.5,1054.0
514000,100,97,2,1,100,0.020618556701030927,0.5,0.010309278350515464,1,4689867,4.61512051684126,4.61512051684126,4.584967478670572,1.0986122886681098,0.6931471805599453,1387.5,1403.0
4170000,100,86,5,9,99,0.05813953488372093,1.8,0.10465116279069768,1,5183269,4.61512051684126,4.605170185988092,4.465908118654584,1.791759469228055,2.302585092994046,1387.5,188.5
4654000,100,97,2,1,96,0.020618556701030927,0.5,0.010309278350515464,1,9396955,4.61512051684126,4.574710978503383,4.584967478670572,1.0986122886681098,0.6931471805599453,1387.5,1403.0
4762000,100,100,0,0,100,0.0,0.0,0.0,0,1594168,4.61512051684126,4.61512051684126,4.61512051684126,0.0,0.0,1387.5,2349.0
4062000,100,97,1,2,100,0.010309278350515464,2.0,0.020618556701030927,1,2454160,4.61512051684126,4.61512051684126,4.584967478670572,0.6931471805599453,1.0986122886681098,1387.5,1108.0
1834000,100,98,2,0,100,0.02040816326530612,0.0,0.0,0,7845726,4.61512051684126,4.61512051684126,4.59511985013459,1.0986122886681098,0.0,1387.5,2349.0
6258000,100,94,6,0,100,0.06382978723404255,0.0,0.0,0,4829550,4.61512051684126,4.61512051684126,4.553876891600541,1.9459101490553132,0.0,1387.5,2349.0
5666000,100,99,1,0,100,0.010101010101010102,0.0,0.0,0,2394695,4.61512051684126,4.61512051684126,4.605170185988092,0.6931471805599453,0.0,1387.5,2349.0
760000,100,95,2,3,100,0.021052631578947368,1.5,0.031578947368421054,1,4720516,4.61512051684126,4.61512051684126,4.564348191467836,1.0986122886681098,1.3862943611198906,1387.5,792.5
4346000,100,99,0,1,99,0.0,0.0,0.010101010101010102,1,7402274,4.61512051684126,4.605170185988092,4.605170185988092,0.0,0.6931471805599453,1387.5,1627.0
434000,100,76,18,6,100,0.23684210526315788,0.3333333333333333,0.07894736842105263,1,2994956,4.61512051684126,4.61512051684126,4.343805421853684,2.9444389791664403,1.9459101490553132,1387.5,294.0
718000,100,96,1,3,100,0.010416666666666666,3.0,0.03125,1,4278396,4.61512051684126,4.61512051684126,4.574710978503383,0.6931471805599453,1.3862943611198906,1387.5,834.0
628000,100,99,0,1,99,0.0,0.0,0.010101010101010102,1,3096995,4.61512051684126,4.605170185988092,4.605170185988092,0.0,0.6931471805599453,1387.5,1627.0
1310000,100,99,1,0,100,0.010101010101010102,0.0,0.0,0,5813359,4.61512051684126,4.61512051684126,4.605170185988092,0.6931471805599453,0.0,1387.5,2349.0
5074000,100,98,1,1,100,0.01020408163265306,1.0,0.01020408163265306,1,4657586,4.61512051684126,4.61512051684126,4.59511985013459,0.6931471805599453,0.6931471805599453,1387.5,1497.0
5728000,100,100,0,0,100,0.0,0.0,0.0,0,8640771,4.61512051684126,4.61512051684126,4.61512051684126,0.0,0.0,1387.5,2349.0
6348000,100,98,2,0,100,0.02040816326530612,0.0,0.0,0,7305474,4.61512051684126,4.61512051684126,4.59511985013459,1.0986122886681098,0.0,1387.5,2349.0
6040000,100,95,0,5,100,0.0,0.0,0.05263157894736842,1,5323317,4.61512051684126,4.61512051684126,4.564348191467836,0.0,1.791759469228055,1387.5,527.5
7138000,100,100,0,0,100,0.0,0.0,0.0,0,1780484,4.61512051684126,4.61512051684126,4.61512051684126,0.0,0.0,1387.5,2349.0
9650000,100,100,0,0,100,0.0,0.0,0.0,0,3025143,4.61512051684126,4.61512051684126,4.61512051684126,0.0,0.0,1387.5,2349.0
9800000,100,91,2,7,100,0.02197802197802198,3.5,0.07692307692307693,1,4672689,4.61512051684126,4.61512051684126,4.5217885770490405,1.0986122886681098,2.0794415416798357,1387.5,318.0
9758000,100,98,2,0,100,0.02040816326530612,0.0,0.0,0,2769412,4.61512051684126,4.61512051684126,4.59511985013459,1.0986122886681098,0.0,1387.5,2349.0
174000,100,100,0,0,100,0.0,0.0,0.0,0,2711539,4.61512051684126,4.61512051684126,4.61512051684126,0.0,0.0,1387.5,2349.0
2384000,100,94,6,0,100,0.06382978723404255,0.0,0.0,0,6857319,4.61512051684126,4.61512051684126,4.553876891600541,1.9459101490553132,0.0,1387.5,2349.0
5932000,100,100,0,0,100,0.0,0.0,0.0,0,8076954,4.61512051684126,4.61512051684126,4.61512051684126,0.0,0.0,1387.5,2349.0
5836000,100,92,6,2,100,0.06521739130434782,0.3333333333333333,0.021739130434782608,1,4304721,4.61512051684126,4.61512051684126,4.532599493153256,1.9459101490553132,1.0986122886681098,1387.5,959.0
5798000,100,97,3,0,100,0.030927835051546393,0.0,0.0,0,4237690,4.61512051684126,4.61512051684126,4.584967478670572,1.3862943611198906,0.0,1387.5,2349.0
1418000,100,98,0,2,100,0.0,0.0,0.02040816326530612,1,2467807,4.61512051684126,4.61512051684126,4.59511985013459,0.0,1.0986122886681098,1387.5,1177.0
5250000,100,100,0,0,100,0.0,0.0,0.0,0,5451713,4.61512051684126,4.61512051684126,4.61512051684126,0.0,0.0,1387.5,2349.0
4858000,100,78,7,15,100,0.08974358974358974,2.142857142857143,0.19230769230769232,1,9674948,4.61512051684126,4.61512051684126,4.3694478524670215,2.0794415416798357,2.772588722239781,1387.5,67.0
344000,100,100,0,0,100,0.0,0.0,0.0,0,12168479,4.61512051684126,4.61512051684126,4.61512051684126,0.0,0.0,1387.5,2349.0
7422000,95,95,0,0,95,0.0,0.0,0.0,0,1928450,4.564348191467836,4.564348191467836,4.564348191467836,0.0,0.0,2785.0,2349.0
1726000,100,69,14,17,100,0.2028985507246377,1.2142857142857142,0.2463768115942029,1,3940976,4.61512051684126,4.61512051684126,4.248495242049359,2.70805020110221,2.8903717578961645,1387.5,40.0
4852000,100,100,0,0,100,0.0,0.0,0.0,0,3294155,4.61512051684126,4.61512051684126,4.61512051684126,0.0,0.0,1387.5,2349.0
5974000,100,100,0,0,100,0.0,0.0,0.0,0,3489261,4.61512051684126,4.61512051684126,4.61512051684126,0.0,0.0,1387.5,2349.0
452000,71,69,2,0,71,0.028985507246376812,0.0,0.0,0,12540064,4.276666119016055,4.276666119016055,4.248495242049359,1.0986122886681098,0.0,2836.5,2349.0
9384000,100,91,4,5,100,0.04395604395604396,1.25,0.054945054945054944,1,3100708,4.61512051684126,4.61512051684126,4.5217885770490405,1.6094379124341003,1.791759469228055,1387.5,465.0
10084000,83,80,1,2,83,0.0125,2.0,0.025,1,18748100,4.430816798843313,4.430816798843313,4.394449154672439,0.6931471805599453,1.0986122886681098,2806.5,904.0
4966000,100,100,0,0,100,0.0,0.0,0.0,0,2765959,4.61512051684126,4.61512051684126,4.61512051684126,0.0,0.0,1387.5,2349.0
6518000,100,100,0,0,100,0.0,0.0,0.0,0,2558957,4.61512051684126,4.61512051684126,4.61512051684126,0.0,0.0,1387.5,2349.0
6172000,100,99,0,1,100,0.0,0.0,0.010101010101010102,1,1904139,4.61512051684126,4.61512051684126,4.605170185988092,0.0,0.6931471805599453,1387.5,1627.0
5382000,100,96,1,3,100,0.010416666666666666,3.0,0.03125,1,2072466,4.61512051684126,4.61512051684126,4.574710978503383,0.6931471805599453,1.3862943611198906,1387.5,834.0
6456000,100,99,0,1,99,0.0,0.0,0.010101010101010102,1,5506191,4.61512051684126,4.605170185988092,4.605170185988092,0.0,0.6931471805599453,1387.5,1627.0
936000,100,94,5,1,100,0.05319148936170213,0.2,0.010638297872340425,1,2673986,4.61512051684126,4.61512051684126,4.553876891600541,1.791759469228055,0.6931471805599453,1387.5,1296.0
1664000,100,93,1,6,100,0.010752688172043012,6.0,0.06451612903225806,1,9237541,4.61512051684126,4.61512051684126,4.543294782270004,0.6931471805599453,1.9459101490553132,1387.5,395.5
236000,100,90,5,5,100,0.05555555555555555,1.0,0.05555555555555555,1,9067423,4.61512051684126,4.61512051684126,4.51085950651685,1.791759469228055,1.791759469228055,1387.5,454.5
1594000,100,99,1,0,100,0.010101010101010102,0.0,0.0,0,3970224,4.61512051684126,4.61512051684126,4.605170185988092,0.6931471805599453,0.0,1387.5,2349.0
826000,100,97,3,0,100,0.030927835051546393,0.0,0.0,0,8348129,4.61512051684126,4.61512051684126,4.584967478670572,1.3862943611198906,0.0,1387.5,2349.0
766000,100,96,4,0,100,0.041666666666666664,0.0,0.0,0,5973087,4.61512051684126,4.61512051684126,4.574710978503383,1.6094379124341003,0.0,1387.5,2349.0
3954000,100,90,8,2,100,0.08888888888888889,0.25,0.022222222222222223,1,6161894,4.61512051684126,4.61512051684126,4.51085950651685,2.1972245773362196,1.0986122886681098,1387.5,934.0
6626000,100,99,0,1,100,0.0,0.0,0.010101010101010102,1,7802367,4.61512051684126,4.61512051684126,4.605170185988092,0.0,0.6931471805599453,1387.5,1627.0
6830000,100,87,7,6,100,0.08045977011494253,0.8571428571428571,0.06896551724137931,1,11544421,4.61512051684126,4.61512051684126,4.477336814478207,2.0794415416798357,1.9459101490553132,1387.5,353.0
5490000,100,96,2,2,100,0.020833333333333332,1.0,0.020833333333333332,1,3224011,4.61512051684126,4.61512051684126,4.574710978503383,1.0986122886681098,1.0986122886681098,1387.5,1054.0
6342000,100,100,0,0,100,0.0,0.0,0.0,0,5276501,4.61512051684126,4.61512051684126,4.61512051684126,0.0,0.0,1387.5,2349.0
3272000,100,99,0,1,100,0.0,0.0,0.010101010101010102,1,4136064,4.61512051684126,4.61512051684126,4.605170185988092,0.0,0.6931471805599453,1387.5,1627.0
4544000,100,85,10,5,100,0.11764705882352941,0.5,0.058823529411764705,1,2242289,4.61512051684126,4.61512051684126,4.454347296253507,2.3978952727983707,1.791759469228055,1387.5,424.0
5136000,100,98,1,1,100,0.01020408163265306,1.0,0.01020408163265306,1,11952952,4.61512051684126,4.61512051684126,4.59511985013459,0.6931471805599453,0.6931471805599453,1387.5,1497.0
1356000,100,100,0,0,99,0.0,0.0,0.0,0,5196828,4.61512051684126,4.605170185988092,4.61512051684126,0.0,0.0,1387.5,2349.0
868000,100,87,13,0,100,0.14942528735632185,0.0,0.0,0,9410171,4.61512051684126,4.61512051684126,4.477336814478207,2.6390573296152584,0.0,1387.5,2349.0
6632000,100,95,2,3,100,0.021052631578947368,1.5,0.031578947368421054,1,3410456,4.61512051684126,4.61512051684126,4.564348191467836,1.0986122886681098,1.3862943611198906,1387.5,792.5
5756000,100,99,1,0,100,0.010101010101010102,0.0,0.0,0,4447216,4.61512051684126,4.61512051684126,4.605170185988092,0.6931471805599453,0.0,1387.5,2349.0
5552000,100,92,5,3,100,0.05434782608695652,0.6,0.03260869565217391,1,6319530,4.61512051684126,4.61512051684126,4.532599493153256,1.791759469228055,1.3862943611198906,1387.5,725.5
7314000,100,100,0,0,100,0.0,0.0,0.0,0,3051194,4.61512051684126,4.61512051684126,4.61512051684126,0.0,0.0,1387.5,2349.0
1134000,2,2,0,0,2,0.0,0.0,0.0,0,38359,1.0986122886681098,1.0986122886681098,1.0986122886681098,0.0,0.0,2992.0,2349.0
9692000,100,98,2,0,100,0.02040816326530612,0.0,0.0,0,4325381,4.61512051684126,4.61512051684126,4.59511985013459,1.0986122886681098,0.0,1387.5,2349.0
10066000,100,92,8,0,99,0.08695652173913043,0.0,0.0,0,2074339,4.61512051684126,4.605170185988092,4.532599493153256,2.1972245773362196,0.0,1387.5,2349.0
964000,100,95,3,2,100,0.031578947368421054,0.6666666666666666,0.021052631578947368,1,6858778,4.61512051684126,4.61512051684126,4.564348191467836,1.3862943611198906,1.0986122886681098,1387.5,1019.0
7530000,10,10,0,0,10,0.0,0.0,0.0,0,2923640,2.3978952727983707,2.3978952727983707,2.3978952727983707,0.0,0.0,2965.0,2349.0
8786000,100,93,3,4,100,0.03225806451612903,1.3333333333333333,0.043010752688172046,1,12870534,4.61512051684126,4.61512051684126,4.543294782270004,1.3862943611198906,1.6094379124341003,1387.5,596.5
1412000,38,38,0,0,38,0.0,0.0,0.0,0,3045860,3.6635616461296463,3.6635616461296463,3.6635616461296463,0.0,0.0,2894.0,2349.0
162000,100,99,0,1,100,0.0,0.0,0.010101010101010102,1,1821344,4.61512051684126,4.61512051684126,4.605170185988092,0.0,0.6931471805599453,1387.5,1627.0
3198000,100,98,0,2,100,0.0,0.0,0.02040816326530612,1,9167521,4.61512051684126,4.61512051684126,4.59511985013459,0.0,1.0986122886681098,1387.5,1177.0
4954000,100,92,5,3,100,0.05434782608695652,0.6,0.03260869565217391,1,4512910,4.61512051684126,4.61512051684126,4.532599493153256,1.791759469228055,1.3862943611198906,1387.5,725.5
6696000,100,100,0,0,100,0.0,0.0,0.0,0,3379139,4.61512051684126,4.61512051684126,4.61512051684126,0.0,0.0,1387.5,2349.0
7348000,100,95,2,3,100,0.021052631578947368,1.5,0.031578947368421054,1,5839334,4.61512051684126,4.61512051684126,4.564348191467836,1.0986122886681098,1.3862943611198906,1387.5,792.5
6690000,100,98,0,2,96,0.0,0.0,0.02040816326530612,1,2141728,4.61512051684126,4.574710978503383,4.59511985013459,0.0,1.0986122886681098,1387.5,1177.0
5792000,100,100,0,0,100,0.0,0.0,0.0,0,2620096,4.61512051684126,4.61512051684126,4.61512051684126,0.0,0.0,1387.5,2349.0
9202000,100,99,1,0,100,0.010101010101010102,0.0,0.0,0,2652282,4.61512051684126,4.61512051684126,4.605170185988092,0.6931471805599453,0.0,1387.5,2349.0
6166000,100,99,0,1,100,0.0,0.0,0.010101010101010102,1,3986995,4.61512051684126,4.61512051684126,4.605170185988092,0.0,0.6931471805599453,1387.5,1627.0
276000,100,96,0,4,100,0.0,0.0,0.041666666666666664,1,4404768,4.61512051684126,4.61512051684126,4.574710978503383,0.0,1.6094379124341003,1387.5,665.5
3790000,100,80,14,6,100,0.175,0.42857142857142855,0.075,1,1816581,4.61512051684126,4.61512051684126,4.394449154672439,2.70805020110221,1.9459101490553132,1387.5,336.0
4694000,79,76,1,2,79,0.013157894736842105,2.0,0.02631578947368421,1,9337888,4.382026634673881,4.382026634673881,4.343805421853684,0.6931471805599453,1.0986122886681098,2816.0,899.0
5616000,100,97,3,0,100,0.030927835051546393,0.0,0.0,0,3209786,4.61512051684126,4.61512051684126,4.584967478670572,1.3862943611198906,0.0,1387.5,2349.0
4164000,100,98,2,0,100,0.02040816326530612,0.0,0.0,0,18187735,4.61512051684126,4.61512051684126,4.59511985013459,1.0986122886681098,0.0,1387.5,2349.0
5900000,100,100,0,0,100,0.0,0.0,0.0,0,10354369,4.61512051684126,4.61512051684126,4.61512051684126,0.0,0.0,1387.5,2349.0
6648000,100,96,2,2,100,0.020833333333333332,1.0,0.020833333333333332,1,4975337,4.61512051684126,4.61512051684126,4.574710978503383,1.0986122886681098,1.0986122886681098,1387.5,1054.0
1482000,100,100,0,0,100,0.0,0.0,0.0,0,3797254,4.61512051684126,4.61512051684126,4.61512051684126,0.0,0.0,1387.5,2349.0
754000,100,96,3,1,100,0.03125,0.3333333333333333,0.010416666666666666,1,5270107,4.61512051684126,4.61512051684126,4.574710978503383,1.3862943611198906,0.6931471805599453,1387.5,1350.0
4580000,100,97,1,2,100,0.010309278350515464,2.0,0.020618556701030927,1,3649959,4.61512051684126,4.61512051684126,4.584967478670572,0.6931471805599453,1.0986122886681098,1387.5,1108.0
338000,100,91,6,3,100,0.06593406593406594,0.5,0.03296703296703297,1,4405861,4.61512051684126,4.61512051684126,4.5217885770490405,1.9459101490553132,1.3862943611198906,1387.5,716.0
3880000,100,97,2,1,99,0.020618556701030927,0.5,0.010309278350515464,1,13581118,4.61512051684126,4.605170185988092,4.584967478670572,1.0986122886681098,0.6931471805599453,1387.5,1403.0
1236000,100,94,6,0,100,0.06382978723404255,0.0,0.0,0,2525131,4.61512051684126,4.61512051684126,4.553876891600541,1.9459101490553132,0.0,1387.5,2349.0
862000,100,91,8,1,100,0.08791208791208792,0.125,0.01098901098901099,1,2570186,4.61512051684126,4.61512051684126,4.5217885770490405,2.1972245773362196,0.6931471805599453,1387.5,1253.0
4784000,100,100,0,0,100,0.0,0.0,0.0,0,5720677,4.61512051684126,4.61512051684126,4.61512051684126,0.0,0.0,1387.5,2349.0
6956000,100,98,0,2,100,0.0,0.0,0.02040816326530612,1,3804162,4.61512051684126,4.61512051684126,4.59511985013459,0.0,1.0986122886681098,1387.5,1177.0
3994000,100,91,9,0,100,0.0989010989010989,0.0,0.0,0,1819333,4.61512051684126,4.61512051684126,4.5217885770490405,2.302585092994046,0.0,1387.5,2349.0
6274000,100,93,6,1,100,0.06451612903225806,0.16666666666666666,0.010752688172043012,1,5965727,4.61512051684126,4.61512051684126,4.543294782270004,1.9459101490553132,0.6931471805599453,1387.5,1272.5
782000,100,96,0,4,99,0.0,0.0,0.041666666666666664,1,5872667,4.61512051684126,4.605170185988092,4.574710978503383,0.0,1.6094379124341003,1387.5,665.5
54000,100,99,1,0,100,0.010101010101010102,0.0,0.0,0,3650696,4.61512051684126,4.61512051684126,4.605170185988092,0.6931471805599453,0.0,1387.5,2349.0
5200000,100,97,2,1,100,0.020618556701030927,0.5,0.010309278350515464,1,8044693,4.61512051684126,4.61512051684126,4.584967478670572,1.0986122886681098,0.6931471805599453,1387.5,1403.0
3988000,100,94,4,2,99,0.0425531914893617,0.5,0.02127659574468085,1,2238966,4.61512051684126,4.605170185988092,4.553876891600541,1.6094379124341003,1.0986122886681098,1387.5,996.5
446000,100,97,2,1,100,0.020618556701030927,0.5,0.010309278350515464,1,2980007,4.61512051684126,4.61512051684126,4.584967478670572,1.0986122886681098,0.6931471805599453,1387.5,1403.0
9998000,100,90,8,2,100,0.08888888888888889,0.25,0.022222222222222223,1,6587272,4.61512051684126,4.61512051684126,4.51085950651685,2.1972245773362196,1.0986122886681098,1387.5,934.0
9576000,100,95,2,3,100,0.021052631578947368,1.5,0.031578947368421054,1,5128477,4.61512051684126,4.61512051684126,4.564348191467836,1.0986122886681098,1.3862943611198906,1387.5,792.5
5068000,100,96,4,0,100,0.041666666666666664,0.0,0.0,0,5621913,4.61512051684126,4.61512051684126,4.574710978503383,1.6094379124341003,0.0,1387.5,2349.0
4676000,100,90,1,9,100,0.011111111111111112,9.0,0.1,1,7746882,4.61512051684126,4.61512051684126,4.51085950651685,0.6931471805599453,2.302585092994046,1387.5,207.5
7486000,100,99,0,1,99,0.0,0.0,0.010101010101010102,1,1750709,4.61512051684126,4.605170185988092,4.605170185988092,0.0,0.6931471805599453,1387.5,1627.0
6104000,100,100,0,0,100,0.0,0.0,0.0,0,4220088,4.61512051684126,4.61512051684126,4.61512051684126,0.0,0.0,1387.5,2349.0
5858000,100,97,2,1,100,0.020618556701030927,0.5,0.010309278350515464,1,4025095,4.61512051684126,4.61512051684126,4.584967478670572,1.0986122886681098,0.6931471805599453,1387.5,1403.0
6076000,100,99,0,1,100,0.0,0.0,0.010101010101010102,1,20469370,4.61512051684126,4.61512051684126,4.605170185988092,0.0,0.6931471805599453,1387.5,1627.0
5546000,100,100,0,0,100,0.0,0.0,0.0,0,5185732,4.61512051684126,4.61512051684126,4.61512051684126,0.0,0.0,1387.5,2349.0
6450000,100,89,9,2,100,0.10112359550561797,0.2222222222222222,0.02247191011235955,1,8677161,4.61512051684126,4.61512051684126,4.499809670330265,2.302585092994046,1.0986122886681098,1387.5,926.5
72000,100,98,2,0,100,0.02040816326530612,0.0,0.0,0,3445468,4.61512051684126,4.61512051684126,4.59511985013459,1.0986122886681098,0.0,1387.5,2349.0
270000,100,86,12,2,100,0.13953488372093023,0.16666666666666666,0.023255813953488372,1,9812700,4.61512051684126,4.61512051684126,4.465908118654584,2.5649493574615367,1.0986122886681098,1387.5,913.5
9094000,100,99,1,0,100,0.010101010101010102,0.0,0.0,0,7422144,4.61512051684126,4.61512051684126,4.605170185988092,0.6931471805599453,0.0,1387.5,2349.0
4472000,100,94,2,4,100,0.02127659574468085,2.0,0.0425531914893617,1,2980552,4.61512051684126,4.61512051684126,4.553876891600541,1.0986122886681098,1.6094379124341003,1387.5,616.0
5484000,100,99,1,0,100,0.010101010101010102,0.0,0.0,0,3630868,4.61512051684126,4.61512051684126,4.605170185988092,0.6931471805599453,0.0,1387.5,2349.0
5574000,100,100,0,0,100,0.0,0.0,0.0,0,2899903,4.61512051684126,4.61512051684126,4.61512051684126,0.0,0.0,1387.5,2349.0
5002000,100,94,1,5,100,0.010638297872340425,5.0,0.05319148936170213,1,4633164,4.61512051684126,4.61512051684126,4.553876891600541,0.6931471805599453,1.791759469228055,1387.5,512.5
3772000,100,87,8,5,100,0.09195402298850575,0.625,0.05747126436781609,1,2012357,4.61512051684126,4.61512051684126,4.477336814478207,2.1972245773362196,1.791759469228055,1387.5,429.5
332000,100,100,0,0,100,0.0,0.0,0.0,0,1484012,4.61512051684126,4.61512051684126,4.61512051684126,0.0,0.0,1387.5,2349.0
5206000,100,98,2,0,100,0.02040816326530612,0.0,0.0,0,7079231,4.61512051684126,4.61512051684126,4.59511985013459,1.0986122886681098,0.0,1387.5,2349.0
5262000,100,100,0,0,100,0.0,0.0,0.0,0,2381700,4.61512051684126,4.61512051684126,4.61512051684126,0.0,0.0,1387.5,2349.0
10106000,100,91,5,4,100,0.054945054945054944,0.8,0.04395604395604396,1,2559718,4.61512051684126,4.61512051684126,4.5217885770490405,1.791759469228055,1.6094379124341003,1387.5,571.0
9992000,100,94,2,4,100,0.02127659574468085,2.0,0.0425531914893617,1,3170896,4.61512051684126,4.61512051684126,4.553876891600541,1.0986122886681098,1.6094379124341003,1387.5,616.0
10100000,100,79,12,9,100,0.1518987341772152,0.75,0.11392405063291139,1,3200214,4.61512051684126,4.61512051684126,4.382026634673881,2.5649493574615367,2.302585092994046,1387.5,176.0
9902000,100,93,2,5,100,0.021505376344086023,2.5,0.053763440860215055,1,3898040,4.61512051684126,4.61512051684126,4.543294782270004,1.0986122886681098,1.791759469228055,1387.5,492.0
578000,100,100,0,0,100,0.0,0.0,0.0,0,2183405,4.61512051684126,4.61512051684126,4.61512051684126,0.0,0.0,1387.5,2349.0
3090000,100,85,6,9,100,0.07058823529411765,1.5,0.10588235294117647,1,2826633,4.61512051684126,4.61512051684126,4.454347296253507,1.9459101490553132,2.302585092994046,1387.5,187.0
5370000,100,91,9,0,100,0.0989010989010989,0.0,0.0,0,2883233,4.61512051684126,4.61512051684126,4.5217885770490405,2.302585092994046,0.0,1387.5,2349.0
7240000,100,76,9,15,100,0.11842105263157894,1.6666666666666667,0.19736842105263158,1,9770188,4.61512051684126,4.61512051684126,4.343805421853684,2.302585092994046,2.772588722239781,1387.5,62.0
5750000,47,47,0,0,47,0.0,0.0,0.0,0,2829484,3.871201010907891,3.871201010907891,3.871201010907891,0.0,0.0,2876.0,2349.0
1174000,100,97,3,0,100,0.030927835051546393,0.0,0.0,0,7085533,4.61512051684126,4.61512051684126,4.584967478670572,1.3862943611198906,0.0,1387.5,2349.0
584000,100,100,0,0,99,0.0,0.0,0.0,0,1900005,4.61512051684126,4.605170185988092,4.61512051684126,0.0,0.0,1387.5,2349.0
5376000,100,100,0,0,100,0.0,0.0,0.0,0,3379334,4.61512051684126,4.61512051684126,4.61512051684126,0.0,0.0,1387.5,2349.0
4410000,100,97,1,2,100,0.010309278350515464,2.0,0.020618556701030927,1,15096982,4.61512051684126,4.61512051684126,4.584967478670572,0.6931471805599453,1.0986122886681098,1387.5,1108.0
8412000,100,86,2,12,96,0.023255813953488372,6.0,0.13953488372093023,1,3096859,4.61512051684126,4.574710978503383,4.465908118654584,1.0986122886681098,2.5649493574615367,1387.5,124.5
4670000,100,93,1,6,100,0.010752688172043012,6.0,0.06451612903225806,1,3654462,4.61512051684126,4.61512051684126,4.543294782270004,0.6931471805599453,1.9459101490553132,1387.5,395.5
952000,100,97,3,0,100,0.030927835051546393,0.0,0.0,0,4668556,4.61512051684126,4.61512051684126,4.584967478670572,1.3862943611198906,0.0,1387.5,2349.0
9884000,100,98,2,0,99,0.02040816326530612,0.0,0.0,0,2123807,4.61512051684126,4.605170185988092,4.59511985013459,1.0986122886681098,0.0,1387.5,2349.0
1128000,100,99,1,0,100,0.010101010101010102,0.0,0.0,0,4932162,4.61512051684126,4.61512051684126,4.605170185988092,0.6931471805599453,0.0,1387.5,2349.0
4362000,100,99,1,0,100,0.010101010101010102,0.0,0.0,0,5602509,4.61512051684126,4.61512051684126,4.605170185988092,0.6931471805599453,0.0,1387.5,2349.0
536000,100,84,8,8,100,0.09523809523809523,1.0,0.09523809523809523,1,4355672,4.61512051684126,4.61512051684126,4.442651256490317,2.1972245773362196,2.1972245773362196,1387.5,222.5
4302000,100,87,10,3,100,0.11494252873563218,0.3,0.034482758620689655,1,5882518,4.61512051684126,4.61512051684126,4.477336814478207,2.3978952727983707,1.3862943611198906,1387.5,695.5
9510000,83,78,5,0,83,0.0641025641025641,0.0,0.0,0,2093416,4.430816798843313,4.430816798843313,4.3694478524670215,1.791759469228055,0.0,2806.5,2349.0
4892000,5,5,0,0,5,0.0,0.0,0.0,0,862723,1.791759469228055,1.791759469228055,1.791759469228055,0.0,0.0,2980.0,2349.0
9708000,1,1,0,0,1,0.0,0.0,0.0,0,0,0.6931471805599453,0.6931471805599453,0.6931471805599453,0.0,0.0,2997.5,2349.0
1300000,100,89,4,7,100,0.0449438202247191,1.75,0.07865168539325842,1,4102985,4.61512051684126,4.61512051684126,4.499809670330265,1.6094379124341003,2.0794415416798357,1387.5,298.5
9134000,100,100,0,0,100,0.0,0.0,0.0,0,2093974,4.61512051684126,4.61512051684126,4.61512051684126,0.0,0.0,1387.5,2349.0
9020000,100,97,3,0,100,0.030927835051546393,0.0,0.0,0,13906702,4.61512051684126,4.61512051684126,4.584967478670572,1.3862943611198906,0.0,1387.5,2349.0
4318000,100,84,10,6,100,0.11904761904761904,0.6,0.07142857142857142,1,2577786,4.61512051684126,4.61512051684126,4.442651256490317,2.3978952727983707,1.9459101490553132,1387.5,343.5
5434000,100,99,1,0,100,0.010101010101010102,0.0,0.0,0,2839232,4.61512051684126,4.61512051684126,4.605170185988092,0.6931471805599453,0.0,1387.5,2349.0
8230000,100,98,1,1,100,0.01020408163265306,1.0,0.01020408163265306,1,4593367,4.61512051684126,4.61512051684126,4.59511985013459,0.6931471805599453,0.6931471805599453,1387.5,1497.0
5922000,100,100,0,0,100,0.0,0.0,0.0,0,2675882,4.61512051684126,4.61512051684126,4.61512051684126,0.0,0.0,1387.5,2349.0
6268000,100,98,1,1,100,0.01020408163265306,1.0,0.01020408163265306,1,6188189,4.61512051684126,4.61512051684126,4.59511985013459,0.6931471805599453,0.6931471805599453,1387.5,1497.0
6092000,100,84,15,1,100,0.17857142857142858,0.06666666666666667,0.011904761904761904,1,12347547,4.61512051684126,4.61512051684126,4.442651256490317,2.772588722239781,0.6931471805599453,1387.5,1226.5
6514000,100,90,5,5,100,0.05555555555555555,1.0,0.05555555555555555,1,3953653,4.61512051684126,4.61512051684126,4.51085950651685,1.791759469228055,1.791759469228055,1387.5,454.5
184000,100,78,10,12,100,0.1282051282051282,1.2,0.15384615384615385,1,2949061,4.61512051684126,4.61512051684126,4.3694478524670215,2.3978952727983707,2.5649493574615367,1387.5,102.5
4228000,100,100,0,0,100,0.0,0.0,0.0,0,1609812,4.61512051684126,4.61512051684126,4.61512051684126,0.0,0.0,1387.5,2349.0
226000,100,81,3,16,98,0.037037037037037035,5.333333333333333,0.19753086419753085,1,4610800,4.61512051684126,4.59511985013459,4.406719247264253,1.3862943611198906,2.833213344056216,1387.5,61.0
3874000,100,100,0,0,100,0.0,0.0,0.0,0,3207774,4.61512051684126,4.61512051684126,4.61512051684126,0.0,0.0,1387.5,2349.0
156000,100,84,6,10,100,0.07142857142857142,1.6666666666666667,0.11904761904761904,1,3503009,4.61512051684126,4.61512051684126,4.442651256490317,1.9459101490553132,2.3978952727983707,1387.5,154.5
6160000,100,91,1,8,100,0.01098901098901099,8.0,0.08791208791208792,1,6523972,4.61512051684126,4.61512051684126,4.5217885770490405,0.6931471805599453,2.1972245773362196,1387.5,256.0
5478000,100,99,0,1,100,0.0,0.0,0.010101010101010102,1,3222865,4.61512051684126,4.61512051684126,4.605170185988092,0.0,0.6931471805599453,1387.5,1627.0
946000,100,94,4,2,100,0.0425531914893617,0.5,0.02127659574468085,1,5202435,4.61512051684126,4.61512051684126,4.553876891600541,1.6094379124341003,1.0986122886681098,1387.5,996.5
7058000,100,100,0,0,100,0.0,0.0,0.0,0,7803049,4.61512051684126,4.61512051684126,4.61512051684126,0.0,0.0,1387.5,2349.0
9720000,100,90,9,1,100,0.1,0.1111111111111111,0.011111111111111112,1,2858134,4.61512051684126,4.61512051684126,4.51085950651685,2.302585092994046,0.6931471805599453,1387.5,1244.5
4710000,100,100,0,0,99,0.0,0.0,0.0,0,2154330,4.61512051684126,4.605170185988092,4.61512051684126,0.0,0.0,1387.5,2349.0
2908000,100,97,2,1,100,0.020618556701030927,0.5,0.010309278350515464,1,7089668,4.61512051684126,4.61512051684126,4.584967478670572,1.0986122886681098,0.6931471805599453,1387.5,1403.0
4602000,51,49,0,2,51,0.0,0.0,0.04081632653061224,1,13366457,3.9512437185814275,3.9512437185814275,3.912023005428146,0.0,1.0986122886681098,2870.0,678.0
9394000,100,47,37,16,99,0.7872340425531915,0.43243243243243246,0.3404255319148936,1,1907678,4.61512051684126,4.605170185988092,3.871201010907891,3.6375861597263857,2.833213344056216,1387.5,21.0
5018000,100,89,3,8,100,0.033707865168539325,2.6666666666666665,0.0898876404494382,1,10513657,4.61512051684126,4.61512051684126,4.499809670330265,1.3862943611198906,2.1972245773362196,1387.5,244.5
5718000,100,100,0,0,100,0.0,0.0,0.0,0,3546188,4.61512051684126,4.61512051684126,4.61512051684126,0.0,0.0,1387.5,2349.0
3698000,100,97,0,3,100,0.0,0.0,0.030927835051546393,1,8379648,4.61512051684126,4.61512051684126,4.584967478670572,0.0,1.3862943611198906,1387.5,873.5
5302000,100,99,0,1,100,0.0,0.0,0.010101010101010102,1,5507851,4.61512051684126,4.61512051684126,4.605170185988092,0.0,0.6931471805599453,1387.5,1627.0
5610000,100,90,7,3,100,0.07777777777777778,0.42857142857142855,0.03333333333333333,1,2590593,4.61512051684126,4.61512051684126,4.51085950651685,2.0794415416798357,1.3862943611198906,1387.5,710.5
4772000,100,98,2,0,100,0.02040816326530612,0.0,0.0,0,2698660,4.61512051684126,4.61512051684126,4.59511985013459,1.0986122886681098,0.0,1387.5,2349.0
402000,100,100,0,0,100,0.0,0.0,0.0,0,1816977,4.61512051684126,4.61512051684126,4.61512051684126,0.0,0.0,1387.5,2349.0
4820000,100,100,0,0,100,0.0,0.0,0.0,0,1411518,4.61512051684126,4.61512051684126,4.61512051684126,0.0,0.0,1387.5,2349.0
4512000,100,99,1,0,100,0.010101010101010102,0.0,0.0,0,5291133,4.61512051684126,4.61512051684126,4.605170185988092,0.6931471805599453,0.0,1387.5,2349.0
5080000,100,88,7,5,100,0.07954545454545454,0.7142857142857143,0.056818181818181816,1,2205043,4.61512051684126,4.61512051684126,4.48863636973214,2.0794415416798357,1.791759469228055,1387.5,437.0
4886000,100,100,0,0,100,0.0,0.0,0.0,0,4827960,4.61512051684126,4.61512051684126,4.61512051684126,0.0,0.0,1387.5,2349.0
396000,100,98,1,1,100,0.01020408163265306,1.0,0.01020408163265306,1,1935501,4.61512051684126,4.61512051684126,4.59511985013459,0.6931471805599453,0.6931471805599453,1387.5,1497.0
7838000,100,93,2,5,100,0.021505376344086023,2.5,0.053763440860215055,1,9226086,4.61512051684126,4.61512051684126,4.543294782270004,1.0986122886681098,1.791759469228055,1387.5,492.0
5194000,100,91,9,0,100,0.0989010989010989,0.0,0.0,0,5183514,4.61512051684126,4.61512051684126,4.5217885770490405,2.302585092994046,0.0,1387.5,2349.0
9816000,100,96,1,3,100,0.010416666666666666,3.0,0.03125,1,3999090,4.61512051684126,4.61512051684126,4.574710978503383,0.6931471805599453,1.3862943611198906,1387.5,834.0
9810000,100,87,8,5,100,0.09195402298850575,0.625,0.05747126436781609,1,2050783,4.61512051684126,4.61512051684126,4.477336814478207,2.1972245773362196,1.791759469228055,1387.5,429.5
10056000,100,100,0,0,100,0.0,0.0,0.0,0,1560711,4.61512051684126,4.61512051684126,4.61512051684126,0.0,0.0,1387.5,2349.0
9612000,100,88,11,1,100,0.125,0.09090909090909091,0.011363636363636364,1,5272746,4.61512051684126,4.61512051684126,4.48863636973214,2.4849066497880004,0.6931471805599453,1387.5,1235.5
9986000,100,93,0,7,100,0.0,0.0,0.07526881720430108,1,4006697,4.61512051684126,4.61512051684126,4.543294782270004,0.0,2.0794415416798357,1387.5,333.0
7166000,100,95,4,1,100,0.042105263157894736,0.25,0.010526315789473684,1,7075430,4.61512051684126,4.61512051684126,4.564348191467836,1.6094379124341003,0.6931471805599453,1387.5,1321.0
6774000,100,99,1,0,100,0.010101010101010102,0.0,0.0,0,8411535,4.61512051684126,4.61512051684126,4.605170185988092,0.6931471805599453,0.0,1387.5,2349.0
4848000,100,100,0,0,100,0.0,0.0,0.0,0,3007523,4.61512051684126,4.61512051684126,4.61512051684126,0.0,0.0,1387.5,2349.0
3704000,100,100,0,0,100,0.0,0.0,0.0,0,5596263,4.61512051684126,4.61512051684126,4.61512051684126,0.0,0.0,1387.5,2349.0
5188000,100,99,1,0,100,0.010101010101010102,0.0,0.0,0,2930579,4.61512051684126,4.61512051684126,4.605170185988092,0.6931471805599453,0.0,1387.5,2349.0
3608000,100,99,1,0,100,0.010101010101010102,0.0,0.0,0,1740806,4.61512051684126,4.61512051684126,4.605170185988092,0.6931471805599453,0.0,1387.5,2349.0
4778000,100,97,3,0,100,0.030927835051546393,0.0,0.0,0,5526139,4.61512051684126,4.61512051684126,4.584967478670572,1.3862943611198906,0.0,1387.5,2349.0
5852000,100,78,9,13,100,0.11538461538461539,1.4444444444444444,0.16666666666666666,1,5324194,4.61512051684126,4.61512051684126,4.3694478524670215,2.302585092994046,2.6390573296152584,1387.5,91.0
4494000,100,95,5,0,100,0.05263157894736842,0.0,0.0,0,2413434,4.61512051684126,4.61512051684126,4.564348191467836,1.791759469228055,0.0,1387.5,2349.0
4120000,100,94,5,1,100,0.05319148936170213,0.2,0.010638297872340425,1,1824511,4.61512051684126,4.61512051684126,4.553876891600541,1.791759469228055,0.6931471805599453,1387.5,1296.0
5392000,100,100,0,0,100,0.0,0.0,0.0,0,2364025,4.61512051684126,4.61512051684126,4.61512051684126,0.0,0.0,1387.5,2349.0
9924000,100,98,2,0,100,0.02040816326530612,0.0,0.0,0,2769285,4.61512051684126,4.61512051684126,4.59511985013459,1.0986122886681098,0.0,1387.5,2349.0
9640000,100,84,12,4,100,0.14285714285714285,0.3333333333333333,0.047619047619047616,1,3793089,4.61512051684126,4.61512051684126,4.442651256490317,2.5649493574615367,1.6094379124341003,1387.5,543.5
9328000,100,99,1,0,100,0.010101010101010102,0.0,0.0,0,3369654,4.61512051684126,4.61512051684126,4.605170185988092,0.6931471805599453,0.0,1387.5,2349.0
8604000,100,100,0,0,100,0.0,0.0,0.0,0,3263048,4.61512051684126,4.61512051684126,4.61512051684126,0.0,0.0,1387.5,2349.0
9442000,100,81,1,18,100,0.012345679012345678,18.0,0.2222222222222222,1,3978597,4.61512051684126,4.61512051684126,4.406719247264253,0.6931471805599453,2.9444389791664403,1387.5,50.5
3982000,100,98,0,2,100,0.0,0.0,0.02040816326530612,1,5962123,4.61512051684126,4.61512051684126,4.59511985013459,0.0,1.0986122886681098,1387.5,1177.0
884000,100,99,0,1,100,0.0,0.0,0.010101010101010102,1,2675776,4.61512051684126,4.61512051684126,4.605170185988092,0.0,0.6931471805599453,1387.5,1627.0
1054000,100,100,0,0,100,0.0,0.0,0.0,0,2889310,4.61512051684126,4.61512051684126,4.61512051684126,0.0,0.0,1387.5,2349.0
3812000,100,86,4,10,100,0.046511627906976744,2.5,0.11627906976744186,1,4314186,4.61512051684126,4.61512051684126,4.465908118654584,1.6094379124341003,2.3978952727983707,1387.5,170.0
5676000,100,98,1,1,100,0.01020408163265306,1.0,0.01020408163265306,1,3606618,4.61512051684126,4.61512051684126,4.59511985013459,0.6931471805599453,0.6931471805599453,1387.5,1497.0
5984000,100,96,4,0,100,0.041666666666666664,0.0,0.0,0,2859919,4.61512051684126,4.61512051684126,4.574710978503383,1.6094379124341003,0.0,1387.5,2349.0
8912000,45,39,6,0,45,0.15384615384615385,0.0,0.0,0,19101995,3.828641396489095,3.828641396489095,3.6888794541139363,1.9459101490553132,0.0,2880.0,2349.0
94000,100,100,0,0,100,0.0,0.0,0.0,0,3442122,4.61512051684126,4.61512051684126,4.61512051684126,0.0,0.0,1387.5,2349.0
1584000,100,96,4,0,100,0.041666666666666664,0.0,0.0,0,2486605,4.61512051684126,4.61512051684126,4.574710978503383,1.6094379124341003,0.0,1387.5,2349.0
3806000,100,98,1,1,100,0.01020408163265306,1.0,0.01020408163265306,1,2429745,4.61512051684126,4.61512051684126,4.59511985013459,0.6931471805599453,0.6931471805599453,1387.5,1497.0
4290000,100,91,2,7,100,0.02197802197802198,3.5,0.07692307692307693,1,5656014,4.61512051684126,4.61512051684126,4.5217885770490405,1.0986122886681098,2.0794415416798357,1387.5,318.0
5568000,100,90,4,6,100,0.044444444444444446,1.5,0.06666666666666667,1,1905701,4.61512051684126,4.61512051684126,4.51085950651685,1.6094379124341003,1.9459101490553132,1387.5,366.0
5024000,38,38,0,0,38,0.0,0.0,0.0,0,2811291,3.6635616461296463,3.6635616461296463,3.6635616461296463,0.0,0.0,2894.0,2349.0
600000,100,100,0,0,100,0.0,0.0,0.0,0,2151684,4.61512051684126,4.61512051684126,4.61512051684126,0.0,0.0,1387.5,2349.0
4398000,100,93,2,5,100,0.021505376344086023,2.5,0.053763440860215055,1,2593346,4.61512051684126,4.61512051684126,4.543294782270004,1.0986122886681098,1.791759469228055,1387.5,492.0
9702000,100,88,6,6,100,0.06818181818181818,1.0,0.06818181818181818,1,5263094,4.61512051684126,4.61512051684126,4.48863636973214,1.9459101490553132,1.9459101490553132,1387.5,358.0
7304000,28,28,0,0,28,0.0,0.0,0.0,0,2334767,3.367295829986474,3.367295829986474,3.367295829986474,0.0,0.0,2921.5,2349.0
2000,100,100,0,0,100,0.0,0.0,0.0,0,5341565,4.61512051684126,4.61512051684126,4.61512051684126,0.0,0.0,1387.5,2349.0
4004000,100,96,4,0,100,0.041666666666666664,0.0,0.0,0,1593393,4.61512051684126,4.61512051684126,4.574710978503383,1.6094379124341003,0.0,1387.5,2349.0
4154000,100,95,3,2,100,0.031578947368421054,0.6666666666666666,0.021052631578947368,1,4390820,4.61512051684126,4.61512051684126,4.564348191467836,1.3862943611198906,1.0986122886681098,1387.5,1019.0
2310000,100,91,3,6,100,0.03296703296703297,2.0,0.06593406593406594,1,2812692,4.61512051684126,4.61512051684126,4.5217885770490405,1.3862943611198906,1.9459101490553132,1387.5,373.5
8422000,100,100,0,0,100,0.0,0.0,0.0,0,4967721,4.61512051684126,4.61512051684126,4.61512051684126,0.0,0.0,1387.5,2349.0
702000,100,100,0,0,100,0.0,0.0,0.0,0,7251657,4.61512051684126,4.61512051684126,4.61512051684126,0.0,0.0,1387.5,2349.0
4596000,100,96,2,2,100,0.020833333333333332,1.0,0.020833333333333332,1,7528998,4.61512051684126,4.61512051684126,4.574710978503383,1.0986122886681098,1.0986122886681098,1387.5,1054.0
8838000,100,98,1,1,100,0.01020408163265306,1.0,0.01020408163265306,1,5171666,4.61512051684126,4.61512051684126,4.59511985013459,0.6931471805599453,0.6931471805599453,1387.5,1497.0
6440000,100,98,1,1,100,0.01020408163265306,1.0,0.01020408163265306,1,4339670,4.61512051684126,4.61512051684126,4.59511985013459,0.6931471805599453,0.6931471805599453,1387.5,1497.0
8730000,100,98,2,0,100,0.02040816326530612,0.0,0.0,0,3869621,4.61512051684126,4.61512051684126,4.59511985013459,1.0986122886681098,0.0,1387.5,2349.0
5802000,100,97,2,1,100,0.020618556701030927,0.5,0.010309278350515464,1,2583927,4.61512051684126,4.61512051684126,4.584967478670572,1.0986122886681098,0.6931471805599453,1387.5,1403.0
4046000,100,97,2,1,100,0.020618556701030927,0.5,0.010309278350515464,1,5854304,4.61512051684126,4.61512051684126,4.584967478670572,1.0986122886681098,0.6931471805599453,1387.5,1403.0
3522000,100,97,1,2,100,0.010309278350515464,2.0,0.020618556701030927,1,3248893,4.61512051684126,4.61512051684126,4.584967478670572,0.6931471805599453,1.0986122886681098,1387.5,1108.0
4462000,100,99,1,0,100,0.010101010101010102,0.0,0.0,0,8128876,4.61512051684126,4.61512051684126,4.605170185988092,0.6931471805599453,0.0,1387.5,2349.0
5428000,100,99,1,0,100,0.010101010101010102,0.0,0.0,0,2249912,4.61512051684126,4.61512051684126,4.605170185988092,0.6931471805599453,0.0,1387.5,2349.0
3516000,100,93,7,0,100,0.07526881720430108,0.0,0.0,0,3198411,4.61512051684126,4.61512051684126,4.543294782270004,2.0794415416798357,0.0,1387.5,2349.0
7122000,100,100,0,0,98,0.0,0.0,0.0,0,15575148,4.61512051684126,4.59511985013459,4.61512051684126,0.0,0.0,1387.5,2349.0
44000,63,63,0,0,63,0.0,0.0,0.0,0,4457618,4.1588830833596715,4.1588830833596715,4.1588830833596715,0.0,0.0,2849.0,2349.0
3346000,17,17,0,0,17,0.0,0.0,0.0,0,788330,2.8903717578961645,2.8903717578961645,2.8903717578961645,0.0,0.0,2947.0,2349.0
2972000,100,97,0,3,100,0.0,0.0,0.030927835051546393,1,5022341,4.61512051684126,4.61512051684126,4.584967478670572,0.0,1.3862943611198906,1387.5,873.5
4836000,100,83,9,8,100,0.10843373493975904,0.8888888888888888,0.0963855421686747,1,8162335,4.61512051684126,4.61512051684126,4.430816798843313,2.302585092994046,2.1972245773362196,1387.5,219.5
9084000,100,98,1,1,100,0.01020408163265306,1.0,0.01020408163265306,1,10018517,4.61512051684126,4.61512051684126,4.59511985013459,0.6931471805599453,0.6931471805599453,1387.5,1497.0
4420000,100,88,7,5,100,0.07954545454545454,0.7142857142857143,0.056818181818181816,1,9918425,4.61512051684126,4.61512051684126,4.48863636973214,2.0794415416798357,1.791759469228055,1387.5,437.0
3426000,100,97,3,0,100,0.030927835051546393,0.0,0.0,0,2024659,4.61512051684126,4.61512051684126,4.584967478670572,1.3862943611198906,0.0,1387.5,2349.0
3454000,100,100,0,0,100,0.0,0.0,0.0,0,3972616,4.61512051684126,4.61512051684126,4.61512051684126,0.0,0.0,1387.5,2349.0
4392000,100,97,3,0,100,0.030927835051546393,0.0,0.0,0,2866515,4.61512051684126,4.61512051684126,4.584967478670572,1.3862943611198906,0.0,1387.5,2349.0
4216000,100,93,7,0,100,0.07526881720430108,0.0,0.0,0,10163474,4.61512051684126,4.61512051684126,4.543294782270004,2.0794415416798357,0.0,1387.5,2349.0
2840000,100,97,1,2,100,0.010309278350515464,2.0,0.020618556701030927,1,3251784,4.61512051684126,4.61512051684126,4.584967478670572,0.6931471805599453,1.0986122886681098,1387.5,1108.0
4666000,100,98,1,1,100,0.01020408163265306,1.0,0.01020408163265306,1,1640387,4.61512051684126,4.61512051684126,4.59511985013459,0.6931471805599453,0.6931471805599453,1387.5,1497.0
4904000,100,94,1,5,100,0.010638297872340425,5.0,0.05319148936170213,1,4885387,4.61512051684126,4.61512051684126,4.553876891600541,0.6931471805599453,1.791759469228055,1387.5,512.5
5006000,100,92,3,5,100,0.03260869565217391,1.6666666666666667,0.05434782608695652,1,2936568,4.61512051684126,4.61512051684126,4.532599493153256,1.3862943611198906,1.791759469228055,1387.5,476.5
5740000,78,78,0,0,78,0.0,0.0,0.0,0,11447717,4.3694478524670215,4.3694478524670215,4.3694478524670215,0.0,0.0,2819.0,2349.0
4222000,100,96,4,0,100,0.041666666666666664,0.0,0.0,0,4627890,4.61512051684126,4.61512051684126,4.574710978503383,1.6094379124341003,0.0,1387.5,2349.0
8776000,100,100,0,0,100,0.0,0.0,0.0,0,1750334,4.61512051684126,4.61512051684126,4.61512051684126,0.0,0.0,1387.5,2349.0
4136000,100,86,3,11,100,0.03488372093023256,3.6666666666666665,0.12790697674418605,1,6719353,4.61512051684126,4.61512051684126,4.465908118654584,1.3862943611198906,2.4849066497880004,1387.5,140.5
5494000,100,96,4,0,100,0.041666666666666664,0.0,0.0,0,5887053,4.61512051684126,4.61512051684126,4.574710978503383,1.6094379124341003,0.0,1387.5,2349.0
3256000,100,98,1,1,100,0.01020408163265306,1.0,0.01020408163265306,1,4670810,4.61512051684126,4.61512051684126,4.59511985013459,0.6931471805599453,0.6931471805599453,1387.5,1497.0
9260000,100,79,7,14,100,0.08860759493670886,2.0,0.17721518987341772,1,6219286,4.61512051684126,4.61512051684126,4.382026634673881,2.0794415416798357,2.70805020110221,1387.5,85.0
3800000,66,62,3,1,66,0.04838709677419355,0.3333333333333333,0.016129032258064516,1,15209863,4.204692619390966,4.204692619390966,4.143134726391533,1.3862943611198906,0.6931471805599453,2844.5,1218.0
220000,100,84,12,4,100,0.14285714285714285,0.3333333333333333,0.047619047619047616,1,3771816,4.61512051684126,4.61512051684126,4.442651256490317,2.5649493574615367,1.6094379124341003,1387.5,543.5
3630000,100,95,1,4,100,0.010526315789473684,4.0,0.042105263157894736,1,5931278,4.61512051684126,4.61512051684126,4.564348191467836,0.6931471805599453,1.6094379124341003,1387.5,641.5
9538000,100,99,1,0,100,0.010101010101010102,0.0,0.0,0,2539862,4.61512051684126,4.61512051684126,4.605170185988092,0.6931471805599453,0.0,1387.5,2349.0
9526000,100,78,11,11,100,0.14102564102564102,1.0,0.14102564102564102,1,7690008,4.61512051684126,4.61512051684126,4.3694478524670215,2.4849066497880004,2.4849066497880004,1387.5,119.5
9742000,100,91,0,9,100,0.0,0.0,0.0989010989010989,1,4634214,4.61512051684126,4.61512051684126,4.5217885770490405,0.0,2.302585092994046,1387.5,213.0
9458000,100,95,4,1,100,0.042105263157894736,0.25,0.010526315789473684,1,9610839,4.61512051684126,4.61512051684126,4.564348191467836,1.6094379124341003,0.6931471805599453,1387.5,1321.0
9430000,100,96,1,3,100,0.010416666666666666,3.0,0.03125,1,4797058,4.61512051684126,4.61512051684126,4.574710978503383,0.6931471805599453,1.3862943611198906,1387.5,834.0
10112000,100,96,3,1,100,0.03125,0.3333333333333333,0.010416666666666666,1,4322130,4.61512051684126,4.61512051684126,4.574710978503383,1.3862943611198906,0.6931471805599453,1387.5,1350.0
1402000,100,97,3,0,100,0.030927835051546393,0.0,0.0,0,4952704,4.61512051684126,4.61512051684126,4.584967478670572,1.3862943611198906,0.0,1387.5,2349.0
3938000,100,94,5,1,100,0.05319148936170213,0.2,0.010638297872340425,1,12272519,4.61512051684126,4.61512051684126,4.553876891600541,1.791759469228055,0.6931471805599453,1387.5,1296.0
1936000,100,100,0,0,100,0.0,0.0,0.0,0,5180526,4.61512051684126,4.61512051684126,4.61512051684126,0.0,0.0,1387.5,2349.0
6086000,100,99,0,1,98,0.0,0.0,0.010101010101010102,1,3800467,4.61512051684126,4.59511985013459,4.605170185988092,0.0,0.6931471805599453,1387.5,1627.0
8560000,100,96,3,1,100,0.03125,0.3333333333333333,0.010416666666666666,1,2795652,4.61512051684126,4.61512051684126,4.574710978503383,1.3862943611198906,0.6931471805599453,1387.5,1350.0
9218000,100,100,0,0,100,0.0,0.0,0.0,0,2475052,4.61512051684126,4.61512051684126,4.61512051684126,0.0,0.0,1387.5,2349.0
2618000,100,94,0,6,100,0.0,0.0,0.06382978723404255,1,9301580,4.61512051684126,4.61512051684126,4.553876891600541,0.0,1.9459101490553132,1387.5,409.5
328000,100,98,0,2,100,0.0,0.0,0.02040816326530612,1,3882583,4.61512051684126,4.61512051684126,4.59511985013459,0.0,1.0986122886681098,1387.5,1177.0
4950000,100,90,3,7,100,0.03333333333333333,2.3333333333333335,0.07777777777777778,1,2876975,4.61512051684126,4.61512051684126,4.51085950651685,1.3862943611198906,2.0794415416798357,1387.5,306.5
8668000,100,97,2,1,100,0.020618556701030927,0.5,0.010309278350515464,1,4157271,4.61512051684126,4.61512051684126,4.584967478670572,1.0986122886681098,0.6931471805599453,1387.5,1403.0
6332000,100,100,0,0,96,0.0,0.0,0.0,0,1445345,4.61512051684126,4.574710978503383,4.61512051684126,0.0,0.0,1387.5,2349.0
4312000,100,81,12,7,100,0.14814814814814814,0.5833333333333334,0.08641975308641975,1,2413630,4.61512051684126,4.61512051684126,4.406719247264253,2.5649493574615367,2.0794415416798357,1387.5,265.0
4638000,100,96,3,1,100,0.03125,0.3333333333333333,0.010416666666666666,1,3111496,4.61512051684126,4.61512051684126,4.574710978503383,1.3862943611198906,0.6931471805599453,1387.5,1350.0
4108000,100,100,0,0,98,0.0,0.0,0.0,0,4248624,4.61512051684126,4.59511985013459,4.61512051684126,0.0,0.0,1387.5,2349.0
9804000,100,86,2,12,100,0.023255813953488372,6.0,0.13953488372093023,1,8412245,4.61512051684126,4.61512051684126,4.465908118654584,1.0986122886681098,2.5649493574615367,1387.5,124.5
9634000,100,98,2,0,100,0.02040816326530612,0.0,0.0,0,2671977,4.61512051684126,4.61512051684126,4.59511985013459,1.0986122886681098,0.0,1387.5,2349.0
9918000,100,95,2,3,100,0.021052631578947368,1.5,0.031578947368421054,1,2065996,4.61512051684126,4.61512051684126,4.564348191467836,1.0986122886681098,1.3862943611198906,1387.5,792.5
2726000,100,93,3,4,100,0.03225806451612903,1.3333333333333333,0.043010752688172046,1,10103643,4.61512051684126,4.61512051684126,4.543294782270004,1.3862943611198906,1.6094379124341003,1387.5,596.5
8186000,11,11,0,0,11,0.0,0.0,0.0,0,1464727,2.4849066497880004,2.4849066497880004,2.4849066497880004,0.0,0.0,2961.0,2349.0
5012000,100,95,4,1,100,0.042105263157894736,0.25,0.010526315789473684,1,13562693,4.61512051684126,4.61512051684126,4.564348191467836,1.6094379124341003,0.6931471805599453,1387.5,1321.0
214000,100,100,0,0,100,0.0,0.0,0.0,0,6592817,4.61512051684126,4.61512051684126,4.61512051684126,0.0,0.0,1387.5,2349.0
5296000,100,92,5,3,98,0.05434782608695652,0.6,0.03260869565217391,1,3366399,4.61512051684126,4.59511985013459,4.532599493153256,1.791759469228055,1.3862943611198906,1387.5,725.5
3564000,100,98,2,0,100,0.02040816326530612,0.0,0.0,0,3859619,4.61512051684126,4.61512051684126,4.59511985013459,1.0986122886681098,0.0,1387.5,2349.0
8952000,100,100,0,0,100,0.0,0.0,0.0,0,3498421,4.61512051684126,4.61512051684126,4.61512051684126,0.0,0.0,1387.5,2349.0
9628000,100,90,5,5,100,0.05555555555555555,1.0,0.05555555555555555,1,2855890,4.61512051684126,4.61512051684126,4.51085950651685,1.791759469228055,1.791759469228055,1387.5,454.5
5670000,100,100,0,0,100,0.0,0.0,0.0,0,2606906,4.61512051684126,4.61512051684126,4.61512051684126,0.0,0.0,1387.5,2349.0
4330000,100,94,6,0,100,0.06382978723404255,0.0,0.0,0,6437122,4.61512051684126,4.61512051684126,4.553876891600541,1.9459101490553132,0.0,1387.5,2349.0
9014000,100,98,2,0,100,0.02040816326530612,0.0,0.0,0,2745522,4.61512051684126,4.61512051684126,4.59511985013459,1.0986122886681098,0.0,1387.5,2349.0
872000,100,70,10,20,100,0.14285714285714285,2.0,0.2857142857142857,1,10519966,4.61512051684126,4.61512051684126,4.2626798770413155,2.3978952727983707,3.044522437723423,1387.5,30.0
5120000,100,98,2,0,100,0.02040816326530612,0.0,0.0,0,7082639,4.61512051684126,4.61512051684126,4.59511985013459,1.0986122886681098,0.0,1387.5,2349.0
10050000,100,93,6,1,100,0.06451612903225806,0.16666666666666666,0.010752688172043012,1,5001237,4.61512051684126,4.61512051684126,4.543294782270004,1.9459101490553132,0.6931471805599453,1387.5,1272.5
5536000,100,100,0,0,100,0.0,0.0,0.0,0,2578818,4.61512051684126,4.61512051684126,4.61512051684126,0.0,0.0,1387.5,2349.0
10116000,100,91,5,4,100,0.054945054945054944,0.8,0.04395604395604396,1,3382012,4.61512051684126,4.61512051684126,4.5217885770490405,1.791759469228055,1.6094379124341003,1387.5,571.0
8048000,31,31,0,0,31,0.0,0.0,0.0,0,3586435,3.4657359027997265,3.4657359027997265,3.4657359027997265,0.0,0.0,2913.0,2349.0
4842000,100,98,1,1,100,0.01020408163265306,1.0,0.01020408163265306,1,3046441,4.61512051684126,4.61512051684126,4.59511985013459,0.6931471805599453,0.6931471805599453,1387.5,1497.0
4052000,100,94,4,2,100,0.0425531914893617,0.5,0.02127659574468085,1,4760442,4.61512051684126,4.61512051684126,4.553876891600541,1.6094379124341003,1.0986122886681098,1387.5,996.5
4722000,100,92,6,2,100,0.06521739130434782,0.3333333333333333,0.021739130434782608,1,8984582,4.61512051684126,4.61512051684126,4.532599493153256,1.9459101490553132,1.0986122886681098,1387.5,959.0
8486000,100,92,3,5,100,0.03260869565217391,1.6666666666666667,0.05434782608695652,1,4146820,4.61512051684126,4.61512051684126,4.532599493153256,1.3862943611198906,1.791759469228055,1387.5,476.5
3074000,100,95,2,3,100,0.021052631578947368,1.5,0.031578947368421054,1,7848500,4.61512051684126,4.61512051684126,4.564348191467836,1.0986122886681098,1.3862943611198906,1387.5,792.5
8770000,100,98,2,0,100,0.02040816326530612,0.0,0.0,0,3480742,4.61512051684126,4.61512051684126,4.59511985013459,1.0986122886681098,0.0,1387.5,2349.0
8902000,100,100,0,0,100,0.0,0.0,0.0,0,1994226,4.61512051684126,4.61512051684126,4.61512051684126,0.0,0.0,1387.5,2349.0
8594000,100,99,0,1,99,0.0,0.0,0.010101010101010102,1,5933619,4.61512051684126,4.605170185988092,4.605170185988092,0.0,0.6931471805599453,1387.5,1627.0
2374000,100,88,10,2,100,0.11363636363636363,0.2,0.022727272727272728,1,9584977,4.61512051684126,4.61512051684126,4.48863636973214,2.3978952727983707,1.0986122886681098,1387.5,921.0
8548000,100,99,1,0,100,0.010101010101010102,0.0,0.0,0,3152053,4.61512051684126,4.61512051684126,4.605170185988092,0.6931471805599453,0.0,1387.5,2349.0
7696000,100,100,0,0,100,0.0,0.0,0.0,0,3541252,4.61512051684126,4.61512051684126,4.61512051684126,0.0,0.0,1387.5,2349.0
8378000,100,99,1,0,100,0.010101010101010102,0.0,0.0,0,4941378,4.61512051684126,4.61512051684126,4.605170185988092,0.6931471805599453,0.0,1387.5,2349.0
3334000,100,96,4,0,100,0.041666666666666664,0.0,0.0,0,3590883,4.61512051684126,4.61512051684126,4.574710978503383,1.6094379124341003,0.0,1387.5,2349.0
7758000,100,95,5,0,100,0.05263157894736842,0.0,0.0,0,2501743,4.61512051684126,4.61512051684126,4.564348191467836,1.791759469228055,0.0,1387.5,2349.0
322000,100,98,1,1,100,0.01020408163265306,1.0,0.01020408163265306,1,2586163,4.61512051684126,4.61512051684126,4.59511985013459,0.6931471805599453,0.6931471805599453,1387.5,1497.0
3580000,100,80,9,11,100,0.1125,1.2222222222222223,0.1375,1,3187291,4.61512051684126,4.61512051684126,4.394449154672439,2.302585092994046,2.4849066497880004,1387.5,127.5
3164000,100,99,1,0,99,0.010101010101010102,0.0,0.0,0,4374703,4.61512051684126,4.605170185988092,4.605170185988092,0.6931471805599453,0.0,1387.5,2349.0
3244000,100,99,0,1,100,0.0,0.0,0.010101010101010102,1,3019125,4.61512051684126,4.61512051684126,4.605170185988092,0.0,0.6931471805599453,1387.5,1627.0
9276000,100,94,3,3,100,0.031914893617021274,1.0,0.031914893617021274,1,2562341,4.61512051684126,4.61512051684126,4.553876891600541,1.3862943611198906,1.3862943611198906,1387.5,763.5
38000,100,99,0,1,100,0.0,0.0,0.010101010101010102,1,3500430,4.61512051684126,4.61512051684126,4.605170185988092,0.0,0.6931471805599453,1387.5,1627.0
9186000,100,92,7,1,100,0.07608695652173914,0.14285714285714285,0.010869565217391304,1,5114344,4.61512051684126,4.61512051684126,4.532599493153256,2.0794415416798357,0.6931471805599453,1387.5,1260.5
2128000,100,99,0,1,100,0.0,0.0,0.010101010101010102,1,3881051,4.61512051684126,4.61512051684126,4.605170185988092,0.0,0.6931471805599453,1387.5,1627.0
2436000,100,97,2,1,100,0.020618556701030927,0.5,0.010309278350515464,1,3491981,4.61512051684126,4.61512051684126,4.584967478670572,1.0986122886681098,0.6931471805599453,1387.5,1403.0
3382000,100,98,1,1,100,0.01020408163265306,1.0,0.01020408163265306,1,3946416,4.61512051684126,4.61512051684126,4.59511985013459,0.6931471805599453,0.6931471805599453,1387.5,1497.0
8662000,100,100,0,0,100,0.0,0.0,0.0,0,4113029,4.61512051684126,4.61512051684126,4.61512051684126,0.0,0.0,1387.5,2349.0
3756000,100,95,1,4,100,0.010526315789473684,4.0,0.042105263157894736,1,3383982,4.61512051684126,4.61512051684126,4.564348191467836,0.6931471805599453,1.6094379124341003,1387.5,641.5
2658000,100,93,6,1,100,0.06451612903225806,0.16666666666666666,0.010752688172043012,1,4893430,4.61512051684126,4.61512051684126,4.543294782270004,1.9459101490553132,0.6931471805599453,1387.5,1272.5
5114000,100,99,1,0,100,0.010101010101010102,0.0,0.0,0,2152353,4.61512051684126,4.61512051684126,4.605170185988092,0.6931471805599453,0.0,1387.5,2349.0
3864000,100,100,0,0,100,0.0,0.0,0.0,0,2297803,4.61512051684126,4.61512051684126,4.61512051684126,0.0,0.0,1387.5,2349.0
3618000,100,97,0,3,100,0.0,0.0,0.030927835051546393,1,2588386,4.61512051684126,4.61512051684126,4.584967478670572,0.0,1.3862943611198906,1387.5,873.5
7956000,100,96,1,3,91,0.010416666666666666,3.0,0.03125,1,4811785,4.61512051684126,4.5217885770490405,4.574710978503383,0.6931471805599453,1.3862943611198906,1387.5,834.0
412000,100,47,21,32,99,0.44680851063829785,1.5238095238095237,0.6808510638297872,1,3615084,4.61512051684126,4.605170185988092,3.871201010907891,3.091042453358316,3.4965075614664802,1387.5,3.0
4938000,100,93,4,3,100,0.043010752688172046,0.75,0.03225806451612903,1,3072601,4.61512051684126,4.61512051684126,4.543294782270004,1.6094379124341003,1.3862943611198906,1387.5,742.0
4456000,100,94,6,0,100,0.06382978723404255,0.0,0.0,0,4001259,4.61512051684126,4.61512051684126,4.553876891600541,1.9459101490553132,0.0,1387.5,2349.0
4148000,100,97,2,1,100,0.020618556701030927,0.5,0.010309278350515464,1,4907958,4.61512051684126,4.61512051684126,4.584967478670572,1.0986122886681098,0.6931471805599453,1387.5,1403.0
3972000,86,85,1,0,86,0.011764705882352941,0.0,0.0,0,22271606,4.465908118654584,4.465908118654584,4.454347296253507,0.6931471805599453,0.0,2799.5,2349.0
5620000,100,96,1,3,100,0.010416666666666666,3.0,0.03125,1,2714170,4.61512051684126,4.61512051684126,4.574710978503383,0.6931471805599453,1.3862943611198906,1387.5,834.0
4768000,100,98,2,0,100,0.02040816326530612,0.0,0.0,0,4271567,4.61512051684126,4.61512051684126,4.59511985013459,1.0986122886681098,0.0,1387.5,2349.0
4484000,100,96,0,4,100,0.0,0.0,0.041666666666666664,1,2829524,4.61512051684126,4.61512051684126,4.574710978503383,0.0,1.6094379124341003,1387.5,665.5
9560000,100,93,5,2,100,0.053763440860215055,0.4,0.021505376344086023,1,4830247,4.61512051684126,4.61512051684126,4.543294782270004,1.791759469228055,1.0986122886681098,1387.5,976.0
9934000,100,100,0,0,100,0.0,0.0,0.0,0,2184269,4.61512051684126,4.61512051684126,4.61512051684126,0.0,0.0,1387.5,2349.0
5360000,100,98,0,2,100,0.0,0.0,0.02040816326530612,1,8877361,4.61512051684126,4.61512051684126,4.59511985013459,0.0,1.0986122886681098,1387.5,1177.0
4414000,100,89,10,1,100,0.11235955056179775,0.1,0.011235955056179775,1,4061906,4.61512051684126,4.61512051684126,4.499809670330265,2.3978952727983707,0.6931471805599453,1387.5,1238.5
7866000,100,99,0,1,91,0.0,0.0,0.010101010101010102,1,4738463,4.61512051684126,4.5217885770490405,4.605170185988092,0.0,0.6931471805599453,1387.5,1627.0
8240000,100,100,0,0,100,0.0,0.0,0.0,0,3060362,4.61512051684126,4.61512051684126,4.61512051684126,0.0,0.0,1387.5,2349.0
3136000,100,100,0,0,100,0.0,0.0,0.0,0,1943357,4.61512051684126,4.61512051684126,4.61512051684126,0.0,0.0,1387.5,2349.0
520000,100,89,8,3,99,0.0898876404494382,0.375,0.033707865168539325,1,3543954,4.61512051684126,4.605170185988092,4.499809670330265,2.1972245773362196,1.3862943611198906,1387.5,705.0
2482000,100,98,1,1,100,0.01020408163265306,1.0,0.01020408163265306,1,3452131,4.61512051684126,4.61512051684126,4.59511985013459,0.6931471805599453,0.6931471805599453,1387.5,1497.0
4564000,100,91,3,6,100,0.03296703296703297,2.0,0.06593406593406594,1,6823569,4.61512051684126,4.61512051684126,4.5217885770490405,1.3862943611198906,1.9459101490553132,1387.5,373.5
2966000,100,100,0,0,100,0.0,0.0,0.0,0,4979053,4.61512051684126,4.61512051684126,4.61512051684126,0.0,0.0,1387.5,2349.0
5252000,100,95,2,3,100,0.021052631578947368,1.5,0.031578947368421054,1,2757873,4.61512051684126,4.61512051684126,4.564348191467836,1.0986122886681098,1.3862943611198906,1387.5,792.5
2790000,100,89,9,2,100,0.10112359550561797,0.2222222222222222,0.02247191011235955,1,2871728,4.61512051684126,4.61512051684126,4.499809670330265,2.302585092994046,1.0986122886681098,1387.5,926.5
4238000,100,89,3,8,100,0.033707865168539325,2.6666666666666665,0.0898876404494382,1,14092885,4.61512051684126,4.61512051684126,4.499809670330265,1.3862943611198906,2.1972245773362196,1387.5,244.5
9868000,100,98,0,2,100,0.0,0.0,0.02040816326530612,1,2626776,4.61512051684126,4.61512051684126,4.59511985013459,0.0,1.0986122886681098,1387.5,1177.0
9736000,100,98,1,1,100,0.01020408163265306,1.0,0.01020408163265306,1,5564231,4.61512051684126,4.61512051684126,4.59511985013459,0.6931471805599453,0.6931471805599453,1387.5,1497.0
5312000,100,100,0,0,100,0.0,0.0,0.0,0,1669223,4.61512051684126,4.61512051684126,4.61512051684126,0.0,0.0,1387.5,2349.0
4034000,100,99,0,1,100,0.0,0.0,0.010101010101010102,1,5854774,4.61512051684126,4.61512051684126,4.605170185988092,0.0,0.6931471805599453,1387.5,1627.0
4830000,100,93,6,1,100,0.06451612903225806,0.16666666666666666,0.010752688172043012,1,2819732,4.61512051684126,4.61512051684126,4.543294782270004,1.9459101490553132,0.6931471805599453,1387.5,1272.5
3448000,100,100,0,0,100,0.0,0.0,0.0,0,1559193,4.61512051684126,4.61512051684126,4.61512051684126,0.0,0.0,1387.5,2349.0
4660000,100,100,0,0,99,0.0,0.0,0.0,0,3765403,4.61512051684126,4.605170185988092,4.61512051684126,0.0,0.0,1387.5,2349.0
146000,100,93,3,4,100,0.03225806451612903,1.3333333333333333,0.043010752688172046,1,13543167,4.61512051684126,4.61512051684126,4.543294782270004,1.3862943611198906,1.6094379124341003,1387.5,596.5
9248000,100,100,0,0,100,0.0,0.0,0.0,0,1993659,4.61512051684126,4.61512051684126,4.61512051684126,0.0,0.0,1387.5,2349.0
4280000,100,100,0,0,100,0.0,0.0,0.0,0,7631784,4.61512051684126,4.61512051684126,4.61512051684126,0.0,0.0,1387.5,2349.0
2266000,100,97,2,1,99,0.020618556701030927,0.5,0.010309278350515464,1,2192504,4.61512051684126,4.605170185988092,4.584967478670572,1.0986122886681098,0.6931471805599453,1387.5,1403.0
8656000,100,87,4,9,100,0.04597701149425287,2.25,0.10344827586206896,1,15505950,4.61512051684126,4.61512051684126,4.477336814478207,1.6094379124341003,2.302585092994046,1387.5,193.5
9036000,100,97,2,1,100,0.020618556701030927,0.5,0.010309278350515464,1,8807618,4.61512051684126,4.61512051684126,4.584967478670572,1.0986122886681098,0.6931471805599453,1387.5,1403.0
8832000,100,98,2,0,100,0.02040816326530612,0.0,0.0,0,9870876,4.61512051684126,4.61512051684126,4.59511985013459,1.0986122886681098,0.0,1387.5,2349.0
4040000,45,43,2,0,45,0.046511627906976744,0.0,0.0,0,2631840,3.828641396489095,3.828641396489095,3.784189633918261,1.0986122886681098,0.0,2880.0,2349.0
3926000,100,51,12,37,100,0.23529411764705882,3.0833333333333335,0.7254901960784313,1,3828751,4.61512051684126,4.61512051684126,3.9512437185814275,2.5649493574615367,3.6375861597263857,1387.5,2.0
6150000,100,90,5,5,100,0.05555555555555555,1.0,0.05555555555555555,1,4577853,4.61512051684126,4.61512051684126,4.51085950651685,1.791759469228055,1.791759469228055,1387.5,454.5
3340000,100,100,0,0,100,0.0,0.0,0.0,0,3311711,4.61512051684126,4.61512051684126,4.61512051684126,0.0,0.0,1387.5,2349.0
9362000,100,70,13,17,100,0.18571428571428572,1.3076923076923077,0.24285714285714285,1,4222969,4.61512051684126,4.61512051684126,4.2626798770413155,2.6390573296152584,2.8903717578961645,1387.5,42.0
3822000,100,98,1,1,100,0.01020408163265306,1.0,0.01020408163265306,1,6305086,4.61512051684126,4.61512051684126,4.59511985013459,0.6931471805599453,0.6931471805599453,1387.5,1497.0
828000,100,86,3,11,100,0.03488372093023256,3.6666666666666665,0.12790697674418605,1,5463915,4.61512051684126,4.61512051684126,4.465908118654584,1.3862943611198906,2.4849066497880004,1387.5,140.5
3870000,45,43,0,2,45,0.0,0.0,0.046511627906976744,1,10880473,3.828641396489095,3.828641396489095,3.784189633918261,0.0,1.0986122886681098,2880.0,546.5
9976000,100,99,1,0,100,0.010101010101010102,0.0,0.0,0,2755742,4.61512051684126,4.61512051684126,4.605170185988092,0.6931471805599453,0.0,1387.5,2349.0
9494000,100,99,1,0,100,0.010101010101010102,0.0,0.0,0,2333841,4.61512051684126,4.61512051684126,4.605170185988092,0.6931471805599453,0.0,1387.5,2349.0
9452000,100,77,13,10,100,0.16883116883116883,0.7692307692307693,0.12987012987012986,1,2148352,4.61512051684126,4.61512051684126,4.356708826689592,2.6390573296152584,2.3978952727983707,1387.5,134.5
10044000,100,87,5,8,100,0.05747126436781609,1.6,0.09195402298850575,1,1993567,4.61512051684126,4.61512051684126,4.477336814478207,1.791759469228055,2.1972245773362196,1387.5,236.0
4130000,100,100,0,0,100,0.0,0.0,0.0,0,3369181,4.61512051684126,4.61512051684126,4.61512051684126,0.0,0.0,1387.5,2349.0
9344000,100,98,2,0,100,0.02040816326530612,0.0,0.0,0,2583973,4.61512051684126,4.61512051684126,4.59511985013459,1.0986122886681098,0.0,1387.5,2349.0
4348000,100,97,2,1,100,0.020618556701030927,0.5,0.010309278350515464,1,4937775,4.61512051684126,4.61512051684126,4.584967478670572,1.0986122886681098,0.6931471805599453,1387.5,1403.0
8004000,100,99,0,1,100,0.0,0.0,0.010101010101010102,1,3836585,4.61512051684126,4.61512051684126,4.605170185988092,0.0,0.6931471805599453,1387.5,1627.0
10038000,100,78,8,14,100,0.10256410256410256,1.75,0.1794871794871795,1,3977563,4.61512051684126,4.61512051684126,4.3694478524670215,2.1972245773362196,2.70805020110221,1387.5,82.5
9078000,8,8,0,0,8,0.0,0.0,0.0,0,582852,2.1972245773362196,2.1972245773362196,2.1972245773362196,0.0,0.0,2970.5,2349.0
9446000,3,3,0,0,3,0.0,0.0,0.0,0,100850,1.3862943611198906,1.3862943611198906,1.3862943611198906,0.0,0.0,2988.5,2349.0
9208000,100,86,4,10,100,0.046511627906976744,2.5,0.11627906976744186,1,3628961,4.61512051684126,4.61512051684126,4.465908118654584,1.6094379124341003,2.3978952727983707,1387.5,170.0
3442000,100,97,3,0,100,0.030927835051546393,0.0,0.0,0,7510925,4.61512051684126,4.61512051684126,4.584967478670572,1.3862943611198906,0.0,1387.5,2349.0
2300000,100,94,0,6,99,0.0,0.0,0.06382978723404255,1,16923485,4.61512051684126,4.605170185988092,4.553876891600541,0.0,1.9459101490553132,1387.5,409.5
5268000,100,100,0,0,100,0.0,0.0,0.0,0,11945853,4.61512051684126,4.61512051684126,4.61512051684126,0.0,0.0,1387.5,2349.0
2954000,100,93,6,1,100,0.06451612903225806,0.16666666666666666,0.010752688172043012,1,1893931,4.61512051684126,4.61512051684126,4.543294782270004,1.9459101490553132,0.6931471805599453,1387.5,1272.5
8788000,100,95,2,3,100,0.021052631578947368,1.5,0.031578947368421054,1,4061071,4.61512051684126,4.61512051684126,4.564348191467836,1.0986122886681098,1.3862943611198906,1387.5,792.5
6984000,100,99,1,0,100,0.010101010101010102,0.0,0.0,0,4577446,4.61512051684126,4.61512051684126,4.605170185988092,0.6931471805599453,0.0,1387.5,2349.0
8678000,100,100,0,0,100,0.0,0.0,0.0,0,6505352,4.61512051684126,4.61512051684126,4.61512051684126,0.0,0.0,1387.5,2349.0
8276000,100,98,1,1,99,0.01020408163265306,1.0,0.01020408163265306,1,7175748,4.61512051684126,4.605170185988092,4.59511985013459,0.6931471805599453,0.6931471805599453,1387.5,1497.0
8720000,100,98,0,2,100,0.0,0.0,0.02040816326530612,1,6745565,4.61512051684126,4.61512051684126,4.59511985013459,0.0,1.0986122886681098,1387.5,1177.0
8196000,100,99,1,0,99,0.010101010101010102,0.0,0.0,0,2424620,4.61512051684126,4.605170185988092,4.605170185988092,0.6931471805599453,0.0,1387.5,2349.0
7822000,73,73,0,0,73,0.0,0.0,0.0,0,1041290,4.30406509320417,4.30406509320417,4.30406509320417,0.0,0.0,2830.5,2349.0
8854000,100,98,2,0,100,0.02040816326530612,0.0,0.0,0,13701438,4.61512051684126,4.61512051684126,4.59511985013459,1.0986122886681098,0.0,1387.5,2349.0
9004000,100,98,2,0,100,0.02040816326530612,0.0,0.0,0,6157512,4.61512051684126,4.61512051684126,4.59511985013459,1.0986122886681098,0.0,1387.5,2349.0
7576000,100,77,23,0,100,0.2987012987012987,0.0,0.0,0,9257055,4.61512051684126,4.61512051684126,4.356708826689592,3.1780538303479458,0.0,1387.5,2349.0
4098000,100,97,2,1,100,0.020618556701030927,0.5,0.010309278350515464,1,3793771,4.61512051684126,4.61512051684126,4.584967478670572,1.0986122886681098,0.6931471805599453,1387.5,1403.0
3688000,100,99,1,0,100,0.010101010101010102,0.0,0.0,0,8265968,4.61512051684126,4.61512051684126,4.605170185988092,0.6931471805599453,0.0,1387.5,2349.0
2476000,100,98,2,0,100,0.02040816326530612,0.0,0.0,0,2351250,4.61512051684126,4.61512051684126,4.59511985013459,1.0986122886681098,0.0,1387.5,2349.0
3574000,100,96,0,4,100,0.0,0.0,0.041666666666666664,1,3391368,4.61512051684126,4.61512051684126,4.574710978503383,0.0,1.6094379124341003,1387.5,665.5
8588000,100,98,2,0,100,0.02040816326530612,0.0,0.0,0,3413573,4.61512051684126,4.61512051684126,4.59511985013459,1.0986122886681098,0.0,1387.5,2349.0
3266000,100,94,4,2,100,0.0425531914893617,0.5,0.02127659574468085,1,4236200,4.61512051684126,4.61512051684126,4.553876891600541,1.6094379124341003,1.0986122886681098,1387.5,996.5
4648000,100,99,0,1,100,0.0,0.0,0.010101010101010102,1,2253186,4.61512051684126,4.61512051684126,4.605170185988092,0.0,0.6931471805599453,1387.5,1627.0
3682000,100,100,0,0,100,0.0,0.0,0.0,0,2320778,4.61512051684126,4.61512051684126,4.61512051684126,0.0,0.0,1387.5,2349.0
4586000,100,93,6,1,100,0.06451612903225806,0.16666666666666666,0.010752688172043012,1,2486877,4.61512051684126,4.61512051684126,4.543294782270004,1.9459101490553132,0.6931471805599453,1387.5,1272.5
2892000,100,100,0,0,100,0.0,0.0,0.0,0,5255672,4.61512051684126,4.61512051684126,4.61512051684126,0.0,0.0,1387.5,2349.0
4056000,100,98,0,2,100,0.0,0.0,0.02040816326530612,1,5555227,4.61512051684126,4.61512051684126,4.59511985013459,0.0,1.0986122886681098,1387.5,1177.0
2538000,43,43,0,0,43,0.0,0.0,0.0,0,3818855,3.784189633918261,3.784189633918261,3.784189633918261,0.0,0.0,2886.0,2349.0
2614000,100,94,0,6,100,0.0,0.0,0.06382978723404255,1,4229134,4.61512051684126,4.61512051684126,4.553876891600541,0.0,1.9459101490553132,1387.5,409.5
3484000,100,97,1,2,100,0.010309278350515464,2.0,0.020618556701030927,1,4005359,4.61512051684126,4.61512051684126,4.584967478670572,0.6931471805599453,1.0986122886681098,1387.5,1108.0
3858000,100,97,1,2,100,0.010309278350515464,2.0,0.020618556701030927,1,5113076,4.61512051684126,4.61512051684126,4.584967478670572,0.6931471805599453,1.0986122886681098,1387.5,1108.0
3158000,100,93,5,2,100,0.053763440860215055,0.4,0.021505376344086023,1,2439112,4.61512051684126,4.61512051684126,4.543294782270004,1.791759469228055,1.0986122886681098,1387.5,976.0
5968000,100,100,0,0,100,0.0,0.0,0.0,0,4483376,4.61512051684126,4.61512051684126,4.61512051684126,0.0,0.0,1387.5,2349.0
4932000,100,99,0,1,100,0.0,0.0,0.010101010101010102,1,3692467,4.61512051684126,4.61512051684126,4.605170185988092,0.0,0.6931471805599453,1387.5,1627.0
1818000,100,98,1,1,100,0.01020408163265306,1.0,0.01020408163265306,1,3373036,4.61512051684126,4.61512051684126,4.59511985013459,0.6931471805599453,0.6931471805599453,1387.5,1497.0
9180000,100,99,1,0,100,0.010101010101010102,0.0,0.0,0,7607486,4.61512051684126,4.61512051684126,4.605170185988092,0.6931471805599453,0.0,1387.5,2349.0
9862000,100,89,7,4,100,0.07865168539325842,0.5714285714285714,0.0449438202247191,1,5409823,4.61512051684126,4.61512051684126,4.499809670330265,2.0794415416798357,1.6094379124341003,1387.5,560.0
8650000,73,68,5,0,73,0.07352941176470588,0.0,0.0,0,19786734,4.30406509320417,4.30406509320417,4.23410650459726,1.791759469228055,0.0,2830.5,2349.0
8058000,100,97,3,0,100,0.030927835051546393,0.0,0.0,0,3132974,4.61512051684126,4.61512051684126,4.584967478670572,1.3862943611198906,0.0,1387.5,2349.0
8304000,100,95,4,1,98,0.042105263157894736,0.25,0.010526315789473684,1,5980115,4.61512051684126,4.59511985013459,4.564348191467836,1.6094379124341003,0.6931471805599453,1387.5,1321.0
7684000,100,98,2,0,100,0.02040816326530612,0.0,0.0,0,4539048,4.61512051684126,4.61512051684126,4.59511985013459,1.0986122886681098,0.0,1387.5,2349.0
8958000,100,100,0,0,100,0.0,0.0,0.0,0,2211658,4.61512051684126,4.61512051684126,4.61512051684126,0.0,0.0,1387.5,2349.0
1710000,100,100,0,0,100,0.0,0.0,0.0,0,2364542,4.61512051684126,4.61512051684126,4.61512051684126,0.0,0.0,1387.5,2349.0
3512000,100,97,1,2,100,0.010309278350515464,2.0,0.020618556701030927,1,1755624,4.61512051684126,4.61512051684126,4.584967478670572,0.6931471805599453,1.0986122886681098,1387.5,1108.0
3886000,100,93,4,3,100,0.043010752688172046,0.75,0.03225806451612903,1,2149101,4.61512051684126,4.61512051684126,4.543294782270004,1.6094379124341003,1.3862943611198906,1387.5,742.0
7406000,100,100,0,0,100,0.0,0.0,0.0,0,5622254,4.61512051684126,4.61512051684126,4.61512051684126,0.0,0.0,1387.5,2349.0
8896000,100,90,0,10,100,0.0,0.0,0.1111111111111111,1,3379062,4.61512051684126,4.61512051684126,4.51085950651685,0.0,2.3978952727983707,1387.5,181.0
9378000,100,89,6,5,100,0.06741573033707865,0.8333333333333334,0.056179775280898875,1,3092704,4.61512051684126,4.61512051684126,4.499809670330265,1.9459101490553132,1.791759469228055,1387.5,445.5
9794000,100,99,0,1,100,0.0,0.0,0.010101010101010102,1,12450396,4.61512051684126,4.61512051684126,4.605170185988092,0.0,0.6931471805599453,1387.5,1627.0
2608000,100,100,0,0,100,0.0,0.0,0.0,0,2392243,4.61512051684126,4.61512051684126,4.61512051684126,0.0,0.0,1387.5,2349.0
8474000,100,100,0,0,100,0.0,0.0,0.0,0,4501317,4.61512051684126,4.61512051684126,4.61512051684126,0.0,0.0,1387.5,2349.0
9066000,100,97,2,1,100,0.020618556701030927,0.5,0.010309278350515464,1,3095386,4.61512051684126,4.61512051684126,4.584967478670572,1.0986122886681098,0.6931471805599453,1387.5,1403.0
9162000,100,98,1,1,99,0.01020408163265306,1.0,0.01020408163265306,1,3281701,4.61512051684126,4.605170185988092,4.59511985013459,0.6931471805599453,0.6931471805599453,1387.5,1497.0
2084000,100,100,0,0,100,0.0,0.0,0.0,0,4576874,4.61512051684126,4.61512051684126,4.61512051684126,0.0,0.0,1387.5,2349.0
2716000,100,99,1,0,100,0.010101010101010102,0.0,0.0,0,4266031,4.61512051684126,4.61512051684126,4.605170185988092,0.6931471805599453,0.0,1387.5,2349.0
8480000,100,90,5,5,100,0.05555555555555555,1.0,0.05555555555555555,1,3105730,4.61512051684126,4.61512051684126,4.51085950651685,1.791759469228055,1.791759469228055,1387.5,454.5
4756000,100,96,1,3,100,0.010416666666666666,3.0,0.03125,1,3767535,4.61512051684126,4.61512051684126,4.574710978503383,0.6931471805599453,1.3862943611198906,1387.5,834.0
7514000,100,68,9,23,100,0.1323529411764706,2.5555555555555554,0.3382352941176471,1,3846948,4.61512051684126,4.61512051684126,4.23410650459726,2.302585092994046,3.1780538303479458,1387.5,22.0
5178000,100,97,0,3,100,0.0,0.0,0.030927835051546393,1,4892017,4.61512051684126,4.61512051684126,4.584967478670572,0.0,1.3862943611198906,1387.5,873.5
4478000,25,24,1,0,25,0.041666666666666664,0.0,0.0,0,14078296,3.258096538021482,3.258096538021482,3.2188758248682006,0.6931471805599453,0.0,2927.5,2349.0
2982000,58,54,4,0,58,0.07407407407407407,0.0,0.0,0,10365233,4.07753744390572,4.07753744390572,4.007333185232471,1.6094379124341003,0.0,2858.5,2349.0
8106000,100,99,0,1,100,0.0,0.0,0.010101010101010102,1,2015632,4.61512051684126,4.61512051684126,4.605170185988092,0.0,0.6931471805599453,1387.5,1627.0
8020000,100,94,4,2,100,0.0425531914893617,0.5,0.02127659574468085,1,10941156,4.61512051684126,4.61512051684126,4.553876891600541,1.6094379124341003,1.0986122886681098,1387.5,996.5
2192000,100,100,0,0,100,0.0,0.0,0.0,0,3791280,4.61512051684126,4.61512051684126,4.61512051684126,0.0,0.0,1387.5,2349.0
9554000,100,97,3,0,100,0.030927835051546393,0.0,0.0,0,1919203,4.61512051684126,4.61512051684126,4.584967478670572,1.3862943611198906,0.0,1387.5,2349.0
9970000,100,91,8,1,100,0.08791208791208792,0.125,0.01098901098901099,1,1782002,4.61512051684126,4.61512051684126,4.5217885770490405,2.1972245773362196,0.6931471805599453,1387.5,1253.0
2784000,34,27,6,1,34,0.2222222222222222,0.16666666666666666,0.037037037037037035,1,16153516,3.5553480614894135,3.5553480614894135,3.332204510175204,1.9459101490553132,0.6931471805599453,2904.5,683.0
8064000,100,68,8,24,100,0.11764705882352941,3.0,0.35294117647058826,1,6276470,4.61512051684126,4.61512051684126,4.23410650459726,2.1972245773362196,3.2188758248682006,1387.5,16.0
230000,100,98,0,2,95,0.0,0.0,0.02040816326530612,1,3276457,4.61512051684126,4.564348191467836,4.59511985013459,0.0,1.0986122886681098,1387.5,1177.0
9686000,100,86,14,0,100,0.16279069767441862,0.0,0.0,0,3732679,4.61512051684126,4.61512051684126,4.465908118654584,2.70805020110221,0.0,1387.5,2349.0
8366000,23,16,0,7,23,0.0,0.0,0.4375,1,3797532,3.1780538303479458,3.1780538303479458,2.833213344056216,0.0,2.0794415416798357,2934.5,9.0
2850000,100,91,7,2,100,0.07692307692307693,0.2857142857142857,0.02197802197802198,1,2729230,4.61512051684126,4.61512051684126,4.5217885770490405,2.0794415416798357,1.0986122886681098,1387.5,946.0
646000,100,99,1,0,100,0.010101010101010102,0.0,0.0,0,3591072,4.61512051684126,4.61512051684126,4.605170185988092,0.6931471805599453,0.0,1387.5,2349.0
9270000,100,92,8,0,100,0.08695652173913043,0.0,0.0,0,2675731,4.61512051684126,4.61512051684126,4.532599493153256,2.1972245773362196,0.0,1387.5,2349.0
5070000,100,91,1,8,100,0.01098901098901099,8.0,0.08791208791208792,1,5305930,4.61512051684126,4.61512051684126,4.5217885770490405,0.6931471805599453,2.1972245773362196,1387.5,256.0
9312000,100,97,2,1,97,0.020618556701030927,0.5,0.010309278350515464,1,2339152,4.61512051684126,4.584967478670572,4.584967478670572,1.0986122886681098,0.6931471805599453,1387.5,1403.0
4824000,31,31,0,0,31,0.0,0.0,0.0,0,10368766,3.4657359027997265,3.4657359027997265,3.4657359027997265,0.0,0.0,2913.0,2349.0
3200000,1,1,0,0,1,0.0,0.0,0.0,0,0,0.6931471805599453,0.6931471805599453,0.6931471805599453,0.0,0.0,2997.5,2349.0
9088000,100,98,1,1,100,0.01020408163265306,1.0,0.01020408163265306,1,4431759,4.61512051684126,4.61512051684126,4.59511985013459,0.6931471805599453,0.6931471805599453,1387.5,1497.0
3022000,100,98,0,2,100,0.0,0.0,0.02040816326530612,1,3351722,4.61512051684126,4.61512051684126,4.59511985013459,0.0,1.0986122886681098,1387.5,1177.0
2186000,100,87,13,0,100,0.14942528735632185,0.0,0.0,0,3315623,4.61512051684126,4.61512051684126,4.477336814478207,2.6390573296152584,0.0,1387.5,2349.0
9238000,100,100,0,0,100,0.0,0.0,0.0,0,2871601,4.61512051684126,4.61512051684126,4.61512051684126,0.0,0.0,1387.5,2349.0
9130000,100,93,6,1,100,0.06451612903225806,0.16666666666666666,0.010752688172043012,1,3945219,4.61512051684126,4.61512051684126,4.543294782270004,1.9459101490553132,0.6931471805599453,1387.5,1272.5
3330000,100,99,0,1,100,0.0,0.0,0.010101010101010102,1,5841045,4.61512051684126,4.61512051684126,4.605170185988092,0.0,0.6931471805599453,1387.5,1627.0
8822000,100,87,8,5,100,0.09195402298850575,0.625,0.05747126436781609,1,4247359,4.61512051684126,4.61512051684126,4.477336814478207,2.1972245773362196,1.791759469228055,1387.5,429.5
6850000,100,83,8,9,100,0.0963855421686747,1.125,0.10843373493975904,1,6938331,4.61512051684126,4.61512051684126,4.430816798843313,2.1972245773362196,2.302585092994046,1387.5,183.5
3392000,100,87,13,0,100,0.14942528735632185,0.0,0.0,0,11781913,4.61512051684126,4.61512051684126,4.477336814478207,2.6390573296152584,0.0,1387.5,2349.0
7394000,100,94,6,0,100,0.06382978723404255,0.0,0.0,0,3933350,4.61512051684126,4.61512051684126,4.553876891600541,1.9459101490553132,0.0,1387.5,2349.0
4206000,100,82,14,4,100,0.17073170731707318,0.2857142857142857,0.04878048780487805,1,3009664,4.61512051684126,4.61512051684126,4.418840607796598,2.70805020110221,1.6094379124341003,1387.5,540.0
48000,100,93,6,1,100,0.06451612903225806,0.16666666666666666,0.010752688172043012,1,5009885,4.61512051684126,4.61512051684126,4.543294782270004,1.9459101490553132,0.6931471805599453,1387.5,1272.5
8538000,100,98,1,1,100,0.01020408163265306,1.0,0.01020408163265306,1,3575938,4.61512051684126,4.61512051684126,4.59511985013459,0.6931471805599453,0.6931471805599453,1387.5,1497.0
3126000,87,85,1,1,87,0.011764705882352941,1.0,0.011764705882352941,1,19524547,4.477336814478207,4.477336814478207,4.454347296253507,0.6931471805599453,0.6931471805599453,2797.0,1229.0
2806000,100,100,0,0,100,0.0,0.0,0.0,0,5259560,4.61512051684126,4.61512051684126,4.61512051684126,0.0,0.0,1387.5,2349.0
7882000,100,100,0,0,100,0.0,0.0,0.0,0,2261847,4.61512051684126,4.61512051684126,4.61512051684126,0.0,0.0,1387.5,2349.0
3676000,100,96,1,3,100,0.010416666666666666,3.0,0.03125,1,5276922,4.61512051684126,4.61512051684126,4.574710978503383,0.6931471805599453,1.3862943611198906,1387.5,834.0
2914000,100,99,1,0,100,0.010101010101010102,0.0,0.0,0,4749963,4.61512051684126,4.61512051684126,4.605170185988092,0.6931471805599453,0.0,1387.5,2349.0
8496000,100,99,0,1,99,0.0,0.0,0.010101010101010102,1,14689343,4.61512051684126,4.605170185988092,4.605170185988092,0.0,0.6931471805599453,1387.5,1627.0
8544000,100,99,0,1,100,0.0,0.0,0.010101010101010102,1,4088926,4.61512051684126,4.61512051684126,4.605170185988092,0.0,0.6931471805599453,1387.5,1627.0
8998000,100,86,12,2,98,0.13953488372093023,0.16666666666666666,0.023255813953488372,1,9790181,4.61512051684126,4.59511985013459,4.465908118654584,2.5649493574615367,1.0986122886681098,1387.5,913.5
2010000,100,100,0,0,100,0.0,0.0,0.0,0,3459849,4.61512051684126,4.61512051684126,4.61512051684126,0.0,0.0,1387.5,2349.0
9788000,100,96,2,2,100,0.020833333333333332,1.0,0.020833333333333332,1,2412295,4.61512051684126,4.61512051684126,4.574710978503383,1.0986122886681098,1.0986122886681098,1387.5,1054.0
2800000,100,98,1,1,94,0.01020408163265306,1.0,0.01020408163265306,1,3287701,4.61512051684126,4.553876891600541,4.59511985013459,0.6931471805599453,0.6931471805599453,1387.5,1497.0
7224000,100,98,1,1,100,0.01020408163265306,1.0,0.01020408163265306,1,8216606,4.61512051684126,4.61512051684126,4.59511985013459,0.6931471805599453,0.6931471805599453,1387.5,1497.0
3506000,67,64,3,0,67,0.046875,0.0,0.0,0,1075521,4.219507705176107,4.219507705176107,4.174387269895637,1.3862943611198906,0.0,2843.0,2349.0
3260000,100,99,1,0,100,0.010101010101010102,0.0,0.0,0,3831533,4.61512051684126,4.61512051684126,4.605170185988092,0.6931471805599453,0.0,1387.5,2349.0
3302000,100,100,0,0,100,0.0,0.0,0.0,0,4874743,4.61512051684126,4.61512051684126,4.61512051684126,0.0,0.0,1387.5,2349.0
2976000,100,98,1,1,100,0.01020408163265306,1.0,0.01020408163265306,1,3899670,4.61512051684126,4.61512051684126,4.59511985013459,0.6931471805599453,0.6931471805599453,1387.5,1497.0
1636000,100,96,1,3,100,0.010416666666666666,3.0,0.03125,1,4685461,4.61512051684126,4.61512051684126,4.574710978503383,0.6931471805599453,1.3862943611198906,1387.5,834.0
3922000,100,99,1,0,99,0.010101010101010102,0.0,0.0,0,2749430,4.61512051684126,4.605170185988092,4.605170185988092,0.6931471805599453,0.0,1387.5,2349.0
1528000,100,100,0,0,100,0.0,0.0,0.0,0,7948205,4.61512051684126,4.61512051684126,4.61512051684126,0.0,0.0,1387.5,2349.0
5104000,100,100,0,0,100,0.0,0.0,0.0,0,8909418,4.61512051684126,4.61512051684126,4.61512051684126,0.0,0.0,1387.5,2349.0
3614000,100,95,3,2,100,0.031578947368421054,0.6666666666666666,0.021052631578947368,1,5296369,4.61512051684126,4.61512051684126,4.564348191467836,1.3862943611198906,1.0986122886681098,1387.5,1019.0
1902000,100,78,18,4,100,0.23076923076923078,0.2222222222222222,0.05128205128205128,1,5514610,4.61512051684126,4.61512051684126,4.3694478524670215,2.9444389791664403,1.6094379124341003,1387.5,535.0
8128000,100,89,10,1,100,0.11235955056179775,0.1,0.011235955056179775,1,5564079,4.61512051684126,4.61512051684126,4.499809670330265,2.3978952727983707,0.6931471805599453,1387.5,1238.5
1920000,100,96,4,0,100,0.041666666666666664,0.0,0.0,0,14628158,4.61512051684126,4.61512051684126,4.574710978503383,1.6094379124341003,0.0,1387.5,2349.0
2602000,100,70,25,5,100,0.35714285714285715,0.2,0.07142857142857142,1,2963115,4.61512051684126,4.61512051684126,4.2626798770413155,3.258096538021482,1.791759469228055,1387.5,343.5
2886000,100,94,1,5,99,0.010638297872340425,5.0,0.05319148936170213,1,2696940,4.61512051684126,4.605170185988092,4.553876891600541,0.6931471805599453,1.791759469228055,1387.5,512.5
3084000,100,100,0,0,99,0.0,0.0,0.0,0,2322522,4.61512051684126,4.605170185988092,4.61512051684126,0.0,0.0,1387.5,2349.0
2668000,100,81,19,0,100,0.2345679012345679,0.0,0.0,0,3029465,4.61512051684126,4.61512051684126,4.406719247264253,2.995732273553991,0.0,1387.5,2349.0
8340000,100,98,0,2,100,0.0,0.0,0.02040816326530612,1,4052214,4.61512051684126,4.61512051684126,4.59511985013459,0.0,1.0986122886681098,1387.5,1177.0
2772000,100,76,15,9,100,0.19736842105263158,0.6,0.11842105263157894,1,4275030,4.61512051684126,4.61512051684126,4.343805421853684,2.772588722239781,2.302585092994046,1387.5,156.0
9372000,100,87,6,7,100,0.06896551724137931,1.1666666666666667,0.08045977011494253,1,9925448,4.61512051684126,4.61512051684126,4.477336814478207,1.9459101490553132,2.0794415416798357,1387.5,280.5
9680000,100,91,5,4,100,0.054945054945054944,0.8,0.04395604395604396,1,1895493,4.61512051684126,4.61512051684126,4.5217885770490405,1.791759469228055,1.6094379124341003,1387.5,571.0
7048000,100,100,0,0,100,0.0,0.0,0.0,0,13631211,4.61512051684126,4.61512051684126,4.61512051684126,0.0,0.0,1387.5,2349.0
7332000,100,100,0,0,100,0.0,0.0,0.0,0,3685607,4.61512051684126,4.61512051684126,4.61512051684126,0.0,0.0,1387.5,2349.0
7502000,100,100,0,0,100,0.0,0.0,0.0,0,1831861,4.61512051684126,4.61512051684126,4.61512051684126,0.0,0.0,1387.5,2349.0
8292000,100,89,6,5,100,0.06741573033707865,0.8333333333333334,0.056179775280898875,1,5182058,4.61512051684126,4.61512051684126,4.499809670330265,1.9459101490553132,1.791759469228055,1387.5,445.5
7640000,100,99,0,1,100,0.0,0.0,0.010101010101010102,1,5030006,4.61512051684126,4.61512051684126,4.605170185988092,0.0,0.6931471805599453,1387.5,1627.0
8094000,24,22,1,1,24,0.045454545454545456,1.0,0.045454545454545456,1,12221487,3.2188758248682006,3.2188758248682006,3.1354942159291497,0.6931471805599453,0.6931471805599453,2931.0,555.5
9026000,100,100,0,0,100,0.0,0.0,0.0,0,4158902,4.61512051684126,4.61512051684126,4.61512051684126,0.0,0.0,1387.5,2349.0
3568000,100,97,1,2,100,0.010309278350515464,2.0,0.020618556701030927,1,4096816,4.61512051684126,4.61512051684126,4.584967478670572,0.6931471805599453,1.0986122886681098,1387.5,1108.0
2426000,100,85,3,12,100,0.03529411764705882,4.0,0.1411764705882353,1,8785872,4.61512051684126,4.61512051684126,4.454347296253507,1.3862943611198906,2.5649493574615367,1387.5,117.5
4296000,100,100,0,0,100,0.0,0.0,0.0,0,2121097,4.61512051684126,4.61512051684126,4.61512051684126,0.0,0.0,1387.5,2349.0
8714000,100,87,7,6,100,0.08045977011494253,0.8571428571428571,0.06896551724137931,1,6335465,4.61512051684126,4.61512051684126,4.477336814478207,2.0794415416798357,1.9459101490553132,1387.5,353.0
2294000,100,98,0,2,100,0.0,0.0,0.02040816326530612,1,3536067,4.61512051684126,4.61512051684126,4.59511985013459,0.0,1.0986122886681098,1387.5,1177.0
3500000,100,99,1,0,100,0.010101010101010102,0.0,0.0,0,4495427,4.61512051684126,4.61512051684126,4.605170185988092,0.6931471805599453,0.0,1387.5,2349.0
9726000,100,79,8,13,100,0.10126582278481013,1.625,0.16455696202531644,1,4449393,4.61512051684126,4.61512051684126,4.382026634673881,2.1972245773362196,2.6390573296152584,1387.5,95.0
3410000,100,94,3,3,100,0.031914893617021274,1.0,0.031914893617021274,1,2900615,4.61512051684126,4.61512051684126,4.553876891600541,1.3862943611198906,1.3862943611198906,1387.5,763.5
3398000,100,89,6,5,100,0.06741573033707865,0.8333333333333334,0.056179775280898875,1,11543366,4.61512051684126,4.61512051684126,4.499809670330265,1.9459101490553132,1.791759469228055,1387.5,445.5
9618000,100,84,10,6,100,0.11904761904761904,0.6,0.07142857142857142,1,1947208,4.61512051684126,4.61512051684126,4.442651256490317,2.3978952727983707,1.9459101490553132,1387.5,343.5
2118000,100,100,0,0,100,0.0,0.0,0.0,0,1234326,4.61512051684126,4.61512051684126,4.61512051684126,0.0,0.0,1387.5,2349.0
2432000,53,48,1,4,53,0.020833333333333332,4.0,0.08333333333333333,1,10731016,3.9889840465642745,3.9889840465642745,3.8918202981106265,0.6931471805599453,1.6094379124341003,2863.0,270.0
9504000,100,80,8,12,100,0.1,1.5,0.15,1,2290329,4.61512051684126,4.61512051684126,4.394449154672439,2.1972245773362196,2.5649493574615367,1387.5,108.5
9196000,100,95,5,0,100,0.05263157894736842,0.0,0.0,0,5178577,4.61512051684126,4.61512051684126,4.564348191467836,1.791759469228055,0.0,1387.5,2349.0
4996000,100,94,5,1,100,0.05319148936170213,0.2,0.010638297872340425,1,2413622,4.61512051684126,4.61512051684126,4.553876891600541,1.791759469228055,0.6931471805599453,1387.5,1296.0
4404000,100,97,3,0,100,0.030927835051546393,0.0,0.0,0,2900498,4.61512051684126,4.61512051684126,4.584967478670572,1.3862943611198906,0.0,1387.5,2349.0
6542000,100,98,0,2,100,0.0,0.0,0.02040816326530612,1,5777378,4.61512051684126,4.61512051684126,4.59511985013459,0.0,1.0986122886681098,1387.5,1177.0
7748000,100,99,1,0,100,0.010101010101010102,0.0,0.0,0,3864911,4.61512051684126,4.61512051684126,4.605170185988092,0.6931471805599453,0.0,1387.5,2349.0
2710000,100,98,2,0,100,0.02040816326530612,0.0,0.0,0,2173582,4.61512051684126,4.61512051684126,4.59511985013459,1.0986122886681098,0.0,1387.5,2349.0
4888000,100,92,4,4,100,0.043478260869565216,1.0,0.043478260869565216,1,3151226,4.61512051684126,4.61512051684126,4.532599493153256,1.6094379124341003,1.6094379124341003,1387.5,582.5
8298000,100,99,1,0,100,0.010101010101010102,0.0,0.0,0,4582541,4.61512051684126,4.61512051684126,4.605170185988092,0.6931471805599453,0.0,1387.5,2349.0
8918000,100,99,1,0,100,0.010101010101010102,0.0,0.0,0,2974783,4.61512051684126,4.61512051684126,4.605170185988092,0.6931471805599453,0.0,1387.5,2349.0
8606000,100,97,0,3,100,0.0,0.0,0.030927835051546393,1,3706711,4.61512051684126,4.61512051684126,4.584967478670572,0.0,1.3862943611198906,1387.5,873.5
8236000,100,97,3,0,100,0.030927835051546393,0.0,0.0,0,4196105,4.61512051684126,4.61512051684126,4.584967478670572,1.3862943611198906,0.0,1387.5,2349.0
5086000,100,93,5,2,100,0.053763440860215055,0.4,0.021505376344086023,1,2237513,4.61512051684126,4.61512051684126,4.543294782270004,1.791759469228055,1.0986122886681098,1387.5,976.0
1328000,100,98,1,1,100,0.01020408163265306,1.0,0.01020408163265306,1,3624420,4.61512051684126,4.61512051684126,4.59511985013459,0.6931471805599453,0.6931471805599453,1387.5,1497.0
7924000,100,99,1,0,100,0.010101010101010102,0.0,0.0,0,2928531,4.61512051684126,4.61512051684126,4.605170185988092,0.6931471805599453,0.0,1387.5,2349.0
3018000,52,50,0,2,52,0.0,0.0,0.04,1,21315894,3.970291913552122,3.970291913552122,3.9318256327243257,0.0,1.0986122886681098,2866.5,679.5
4574000,100,97,0,3,99,0.0,0.0,0.030927835051546393,1,2224876,4.61512051684126,4.605170185988092,4.584967478670572,0.0,1.3862943611198906,1387.5,873.5
4466000,100,91,0,9,100,0.0,0.0,0.0989010989010989,1,5440164,4.61512051684126,4.61512051684126,4.5217885770490405,0.0,2.302585092994046,1387.5,213.0
8122000,100,95,1,4,100,0.010526315789473684,4.0,0.042105263157894736,1,6385288,4.61512051684126,4.61512051684126,4.564348191467836,0.6931471805599453,1.6094379124341003,1387.5,641.5
10034000,100,96,4,0,100,0.041666666666666664,0.0,0.0,0,3543175,4.61512051684126,4.61512051684126,4.574710978503383,1.6094379124341003,0.0,1387.5,2349.0
2228000,100,98,2,0,100,0.02040816326530612,0.0,0.0,0,3970532,4.61512051684126,4.61512051684126,4.59511985013459,1.0986122886681098,0.0,1387.5,2349.0
1220000,100,97,1,2,100,0.010309278350515464,2.0,0.020618556701030927,1,2162277,4.61512051684126,4.61512051684126,4.584967478670572,0.6931471805599453,1.0986122886681098,1387.5,1108.0
8014000,34,33,0,1,34,0.0,0.0,0.030303030303030304,1,20059630,3.5553480614894135,3.5553480614894135,3.5263605246161616,0.0,0.6931471805599453,2904.5,890.5
6012000,2,2,0,0,2,0.0,0.0,0.0,0,248914,1.0986122886681098,1.0986122886681098,1.0986122886681098,0.0,0.0,2992.0,2349.0
6802000,24,24,0,0,24,0.0,0.0,0.0,0,21835564,3.2188758248682006,3.2188758248682006,3.2188758248682006,0.0,0.0,2931.0,2349.0
2004000,100,100,0,0,100,0.0,0.0,0.0,0,7393096,4.61512051684126,4.61512051684126,4.61512051684126,0.0,0.0,1387.5,2349.0
3318000,100,100,0,0,100,0.0,0.0,0.0,0,3964465,4.61512051684126,4.61512051684126,4.61512051684126,0.0,0.0,1387.5,2349.0
4114000,100,94,3,3,99,0.031914893617021274,1.0,0.031914893617021274,1,3859110,4.61512051684126,4.605170185988092,4.553876891600541,1.3862943611198906,1.3862943611198906,1387.5,763.5
1720000,100,94,1,5,96,0.010638297872340425,5.0,0.05319148936170213,1,2495412,4.61512051684126,4.574710978503383,4.553876891600541,0.6931471805599453,1.791759469228055,1387.5,512.5
7940000,100,100,0,0,100,0.0,0.0,0.0,0,4314272,4.61512051684126,4.61512051684126,4.61512051684126,0.0,0.0,1387.5,2349.0
7320000,100,98,1,1,100,0.01020408163265306,1.0,0.01020408163265306,1,3823445,4.61512051684126,4.61512051684126,4.59511985013459,0.6931471805599453,0.6931471805599453,1387.5,1497.0
8816000,100,90,4,6,100,0.044444444444444446,1.5,0.06666666666666667,1,5525549,4.61512051684126,4.61512051684126,4.51085950651685,1.6094379124341003,1.9459101490553132,1387.5,366.0
8736000,100,96,0,4,100,0.0,0.0,0.041666666666666664,1,8117488,4.61512051684126,4.61512051684126,4.574710978503383,0.0,1.6094379124341003,1387.5,665.5
7042000,100,89,7,4,100,0.07865168539325842,0.5714285714285714,0.0449438202247191,1,14845153,4.61512051684126,4.61512051684126,4.499809670330265,2.0794415416798357,1.6094379124341003,1387.5,560.0
8844000,100,98,2,0,100,0.02040816326530612,0.0,0.0,0,3554397,4.61512051684126,4.61512051684126,4.59511985013459,1.0986122886681098,0.0,1387.5,2349.0
6668000,100,95,1,4,100,0.010526315789473684,4.0,0.042105263157894736,1,3637140,4.61512051684126,4.61512051684126,4.564348191467836,0.6931471805599453,1.6094379124341003,1387.5,641.5
7416000,100,95,2,3,100,0.021052631578947368,1.5,0.031578947368421054,1,1931989,4.61512051684126,4.61512051684126,4.564348191467836,1.0986122886681098,1.3862943611198906,1387.5,792.5
8158000,100,100,0,0,99,0.0,0.0,0.0,0,2880670,4.61512051684126,4.605170185988092,4.61512051684126,0.0,0.0,1387.5,2349.0
7566000,100,100,0,0,100,0.0,0.0,0.0,0,6309121,4.61512051684126,4.61512051684126,4.61512051684126,0.0,0.0,1387.5,2349.0
1588000,100,95,2,3,100,0.021052631578947368,1.5,0.031578947368421054,1,4046261,4.61512051684126,4.61512051684126,4.564348191467836,1.0986122886681098,1.3862943611198906,1387.5,792.5
1828000,100,98,0,2,100,0.0,0.0,0.02040816326530612,1,4179872,4.61512051684126,4.61512051684126,4.59511985013459,0.0,1.0986122886681098,1387.5,1177.0
8640000,100,95,3,2,100,0.031578947368421054,0.6666666666666666,0.021052631578947368,1,5901276,4.61512051684126,4.61512051684126,4.564348191467836,1.3862943611198906,1.0986122886681098,1387.5,1019.0
2704000,100,98,1,1,100,0.01020408163265306,1.0,0.01020408163265306,1,5351076,4.61512051684126,4.61512051684126,4.59511985013459,0.6931471805599453,0.6931471805599453,1387.5,1497.0
1630000,100,88,8,4,100,0.09090909090909091,0.5,0.045454545454545456,1,2361598,4.61512051684126,4.61512051684126,4.48863636973214,2.1972245773362196,1.6094379124341003,1387.5,555.5
2944000,100,99,0,1,100,0.0,0.0,0.010101010101010102,1,4561880,4.61512051684126,4.61512051684126,4.605170185988092,0.0,0.6931471805599453,1387.5,1627.0
3432000,100,100,0,0,100,0.0,0.0,0.0,0,3460116,4.61512051684126,4.61512051684126,4.61512051684126,0.0,0.0,1387.5,2349.0
8954000,36,36,0,0,36,0.0,0.0,0.0,0,681042,3.6109179126442243,3.6109179126442243,3.6109179126442243,0.0,0.0,2899.0,2349.0
2112000,100,99,1,0,100,0.010101010101010102,0.0,0.0,0,3629122,4.61512051684126,4.61512051684126,4.605170185988092,0.6931471805599453,0.0,1387.5,2349.0
9190000,100,100,0,0,100,0.0,0.0,0.0,0,3636369,4.61512051684126,4.61512051684126,4.61512051684126,0.0,0.0,1387.5,2349.0
4530000,100,99,1,0,100,0.010101010101010102,0.0,0.0,0,7176446,4.61512051684126,4.61512051684126,4.605170185988092,0.6931471805599453,0.0,1387.5,2349.0
2250000,100,100,0,0,100,0.0,0.0,0.0,0,4490779,4.61512051684126,4.61512051684126,4.61512051684126,0.0,0.0,1387.5,2349.0
7742000,100,94,2,4,100,0.02127659574468085,2.0,0.0425531914893617,1,17511400,4.61512051684126,4.61512051684126,4.553876891600541,1.0986122886681098,1.6094379124341003,1387.5,616.0
3148000,100,78,15,7,100,0.19230769230769232,0.4666666666666667,0.08974358974358974,1,1765728,4.61512051684126,4.61512051684126,4.3694478524670215,2.772588722239781,2.0794415416798357,1387.5,248.0
5722000,100,92,6,2,100,0.06521739130434782,0.3333333333333333,0.021739130434782608,1,3206885,4.61512051684126,4.61512051684126,4.532599493153256,1.9459101490553132,1.0986122886681098,1387.5,959.0
7850000,100,99,1,0,100,0.010101010101010102,0.0,0.0,0,1995108,4.61512051684126,4.61512051684126,4.605170185988092,0.6931471805599453,0.0,1387.5,2349.0
8906000,100,90,1,9,100,0.011111111111111112,9.0,0.1,1,5002232,4.61512051684126,4.61512051684126,4.51085950651685,0.6931471805599453,2.302585092994046,1387.5,207.5
3216000,100,99,0,1,100,0.0,0.0,0.010101010101010102,1,3101083,4.61512051684126,4.61512051684126,4.605170185988092,0.0,0.6931471805599453,1387.5,1627.0
7326000,100,96,1,3,100,0.010416666666666666,3.0,0.03125,1,2695036,4.61512051684126,4.61512051684126,4.574710978503383,0.6931471805599453,1.3862943611198906,1387.5,834.0
7458000,100,99,1,0,100,0.010101010101010102,0.0,0.0,0,3862146,4.61512051684126,4.61512051684126,4.605170185988092,0.6931471805599453,0.0,1387.5,2349.0
1454000,100,85,12,3,100,0.1411764705882353,0.25,0.03529411764705882,1,3045725,4.61512051684126,4.61512051684126,4.454347296253507,2.5649493574615367,1.3862943611198906,1387.5,690.5
1738000,100,91,5,4,100,0.054945054945054944,0.8,0.04395604395604396,1,2075202,4.61512051684126,4.61512051684126,4.5217885770490405,1.791759469228055,1.6094379124341003,1387.5,571.0
2420000,100,100,0,0,100,0.0,0.0,0.0,0,5899242,4.61512051684126,4.61512051684126,4.61512051684126,0.0,0.0,1387.5,2349.0
2836000,100,96,0,4,100,0.0,0.0,0.041666666666666664,1,3320664,4.61512051684126,4.61512051684126,4.574710978503383,0.0,1.6094379124341003,1387.5,665.5
248000,100,93,2,5,100,0.021505376344086023,2.5,0.053763440860215055,1,4274697,4.61512051684126,4.61512051684126,4.543294782270004,1.0986122886681098,1.791759469228055,1387.5,492.0
2358000,100,100,0,0,100,0.0,0.0,0.0,0,11064489,4.61512051684126,4.61512051684126,4.61512051684126,0.0,0.0,1387.5,2349.0
3386000,100,100,0,0,100,0.0,0.0,0.0,0,4176666,4.61512051684126,4.61512051684126,4.61512051684126,0.0,0.0,1387.5,2349.0
9544000,100,95,4,1,100,0.042105263157894736,0.25,0.010526315789473684,1,3922212,4.61512051684126,4.61512051684126,4.564348191467836,1.6094379124341003,0.6931471805599453,1387.5,1321.0
9498000,100,93,1,6,100,0.010752688172043012,6.0,0.06451612903225806,1,6910358,4.61512051684126,4.61512051684126,4.543294782270004,0.6931471805599453,1.9459101490553132,1387.5,395.5
9436000,100,93,3,4,100,0.03225806451612903,1.3333333333333333,0.043010752688172046,1,3487017,4.61512051684126,4.61512051684126,4.543294782270004,1.3862943611198906,1.6094379124341003,1387.5,596.5
4284000,100,100,0,0,100,0.0,0.0,0.0,0,2864551,4.61512051684126,4.61512051684126,4.61512051684126,0.0,0.0,1387.5,2349.0
2902000,100,91,6,3,100,0.06593406593406594,0.5,0.03296703296703297,1,7346818,4.61512051684126,4.61512051684126,4.5217885770490405,1.9459101490553132,1.3862943611198906,1387.5,716.0
1038000,100,60,26,14,100,0.43333333333333335,0.5384615384615384,0.23333333333333334,1,2802357,4.61512051684126,4.61512051684126,4.110873864173311,3.295836866004329,2.70805020110221,1387.5,47.0
8008000,100,98,1,1,98,0.01020408163265306,1.0,0.01020408163265306,1,4407578,4.61512051684126,4.59511985013459,4.59511985013459,0.6931471805599453,0.6931471805599453,1387.5,1497.0
7156000,100,100,0,0,100,0.0,0.0,0.0,0,3893643,4.61512051684126,4.61512051684126,4.61512051684126,0.0,0.0,1387.5,2349.0
7832000,100,100,0,0,100,0.0,0.0,0.0,0,1631341,4.61512051684126,4.61512051684126,4.61512051684126,0.0,0.0,1387.5,2349.0
8110000,100,97,1,2,100,0.010309278350515464,2.0,0.020618556701030927,1,3021822,4.61512051684126,4.61512051684126,4.584967478670572,0.6931471805599453,1.0986122886681098,1387.5,1108.0
8116000,100,100,0,0,100,0.0,0.0,0.0,0,5328283,4.61512051684126,4.61512051684126,4.61512051684126,0.0,0.0,1387.5,2349.0
3078000,100,84,0,16,100,0.0,0.0,0.19047619047619047,1,12772705,4.61512051684126,4.61512051684126,4.442651256490317,0.0,2.833213344056216,1387.5,69.0
8424000,100,96,1,3,100,0.010416666666666666,3.0,0.03125,1,4746803,4.61512051684126,4.61512051684126,4.574710978503383,0.6931471805599453,1.3862943611198906,1387.5,834.0
2534000,100,95,3,2,100,0.031578947368421054,0.6666666666666666,0.021052631578947368,1,8677065,4.61512051684126,4.61512051684126,4.564348191467836,1.3862943611198906,1.0986122886681098,1387.5,1019.0
6620000,100,100,0,0,100,0.0,0.0,0.0,0,3137004,4.61512051684126,4.61512051684126,4.61512051684126,0.0,0.0,1387.5,2349.0
4024000,100,100,0,0,100,0.0,0.0,0.0,0,4414663,4.61512051684126,4.61512051684126,4.61512051684126,0.0,0.0,1387.5,2349.0
8646000,100,100,0,0,100,0.0,0.0,0.0,0,1575208,4.61512051684126,4.61512051684126,4.61512051684126,0.0,0.0,1387.5,2349.0
7946000,100,99,0,1,100,0.0,0.0,0.010101010101010102,1,2001604,4.61512051684126,4.61512051684126,4.605170185988092,0.0,0.6931471805599453,1387.5,1627.0
8532000,100,99,0,1,100,0.0,0.0,0.010101010101010102,1,2936216,4.61512051684126,4.61512051684126,4.605170185988092,0.0,0.6931471805599453,1387.5,1627.0
9322000,100,100,0,0,100,0.0,0.0,0.0,0,3612532,4.61512051684126,4.61512051684126,4.61512051684126,0.0,0.0,1387.5,2349.0
1346000,100,95,3,2,100,0.031578947368421054,0.6666666666666666,0.021052631578947368,1,2030573,4.61512051684126,4.61512051684126,4.564348191467836,1.3862943611198906,1.0986122886681098,1387.5,1019.0
1562000,100,92,6,2,97,0.06521739130434782,0.3333333333333333,0.021739130434782608,1,1979303,4.61512051684126,4.584967478670572,4.532599493153256,1.9459101490553132,1.0986122886681098,1387.5,959.0
9852000,100,93,3,4,100,0.03225806451612903,1.3333333333333333,0.043010752688172046,1,4198190,4.61512051684126,4.61512051684126,4.543294782270004,1.3862943611198906,1.6094379124341003,1387.5,596.5
7700000,100,95,3,2,100,0.031578947368421054,0.6666666666666666,0.021052631578947368,1,3560028,4.61512051684126,4.61512051684126,4.564348191467836,1.3862943611198906,1.0986122886681098,1387.5,1019.0
6866000,63,61,1,1,63,0.01639344262295082,1.0,0.01639344262295082,1,11109938,4.1588830833596715,4.1588830833596715,4.127134385045092,0.6931471805599453,0.6931471805599453,2849.0,1217.0
3740000,47,44,2,1,47,0.045454545454545456,0.5,0.022727272727272728,1,23678420,3.871201010907891,3.871201010907891,3.8066624897703196,1.0986122886681098,0.6931471805599453,2876.0,921.0
3494000,100,80,18,2,100,0.225,0.1111111111111111,0.025,1,11779118,4.61512051684126,4.61512051684126,4.394449154672439,2.9444389791664403,1.0986122886681098,1387.5,904.0
3210000,100,100,0,0,100,0.0,0.0,0.0,0,7621330,4.61512051684126,4.61512051684126,4.61512051684126,0.0,0.0,1387.5,2349.0
8708000,35,34,1,0,35,0.029411764705882353,0.0,0.0,0,8634072,3.58351893845611,3.58351893845611,3.5553480614894135,0.6931471805599453,0.0,2901.5,2349.0
8050000,100,99,1,0,100,0.010101010101010102,0.0,0.0,0,4246794,4.61512051684126,4.61512051684126,4.605170185988092,0.6931471805599453,0.0,1387.5,2349.0
6360000,37,37,0,0,37,0.0,0.0,0.0,0,11948952,3.6375861597263857,3.6375861597263857,3.6375861597263857,0.0,0.0,2896.5,2349.0
930000,100,100,0,0,100,0.0,0.0,0.0,0,1461434,4.61512051684126,4.61512051684126,4.61512051684126,0.0,0.0,1387.5,2349.0
7150000,100,98,0,2,100,0.0,0.0,0.02040816326530612,1,4210798,4.61512051684126,4.61512051684126,4.59511985013459,0.0,1.0986122886681098,1387.5,1177.0
5830000,100,90,9,1,100,0.1,0.1111111111111111,0.011111111111111112,1,18483614,4.61512051684126,4.61512051684126,4.51085950651685,2.302585092994046,0.6931471805599453,1387.5,1244.5
8362000,100,100,0,0,100,0.0,0.0,0.0,0,3918522,4.61512051684126,4.61512051684126,4.61512051684126,0.0,0.0,1387.5,2349.0
2732000,100,95,3,2,100,0.031578947368421054,0.6666666666666666,0.021052631578947368,1,3383000,4.61512051684126,4.61512051684126,4.564348191467836,1.3862943611198906,1.0986122886681098,1387.5,1019.0
3916000,100,98,0,2,100,0.0,0.0,0.02040816326530612,1,5015707,4.61512051684126,4.61512051684126,4.59511985013459,0.0,1.0986122886681098,1387.5,1177.0
7524000,88,88,0,0,88,0.0,0.0,0.0,0,12315526,4.48863636973214,4.48863636973214,4.48863636973214,0.0,0.0,2794.5,2349.0
2624000,100,95,2,3,100,0.021052631578947368,1.5,0.031578947368421054,1,3926689,4.61512051684126,4.61512051684126,4.564348191467836,1.0986122886681098,1.3862943611198906,1387.5,792.5
7212000,100,100,0,0,100,0.0,0.0,0.0,0,2459386,4.61512051684126,4.61512051684126,4.61512051684126,0.0,0.0,1387.5,2349.0
8054000,100,100,0,0,99,0.0,0.0,0.0,0,4542255,4.61512051684126,4.605170185988092,4.61512051684126,0.0,0.0,1387.5,2349.0
2244000,5,5,0,0,5,0.0,0.0,0.0,0,1611784,1.791759469228055,1.791759469228055,1.791759469228055,0.0,0.0,2980.0,2349.0
2528000,80,61,14,5,80,0.22950819672131148,0.35714285714285715,0.08196721311475409,1,1226696,4.394449154672439,4.394449154672439,4.127134385045092,2.70805020110221,1.791759469228055,2814.0,276.0
3324000,100,97,1,2,100,0.010309278350515464,2.0,0.020618556701030927,1,5283904,4.61512051684126,4.61512051684126,4.584967478670572,0.6931471805599453,1.0986122886681098,1387.5,1108.0
9606000,100,92,2,6,100,0.021739130434782608,3.0,0.06521739130434782,1,16744344,4.61512051684126,4.61512051684126,4.532599493153256,1.0986122886681098,1.9459101490553132,1387.5,382.0
2046000,100,92,8,0,100,0.08695652173913043,0.0,0.0,0,5966397,4.61512051684126,4.61512051684126,4.532599493153256,2.1972245773362196,0.0,1387.5,2349.0
6002000,100,100,0,0,100,0.0,0.0,0.0,0,2405769,4.61512051684126,4.61512051684126,4.61512051684126,0.0,0.0,1387.5,2349.0
6968000,100,87,11,2,100,0.12643678160919541,0.18181818181818182,0.022988505747126436,1,1884790,4.61512051684126,4.61512051684126,4.477336814478207,2.4849066497880004,1.0986122886681098,1387.5,916.5
7656000,100,97,0,3,100,0.0,0.0,0.030927835051546393,1,6236989,4.61512051684126,4.61512051684126,4.584967478670572,0.0,1.3862943611198906,1387.5,873.5
6770000,100,94,3,3,100,0.031914893617021274,1.0,0.031914893617021274,1,8301140,4.61512051684126,4.61512051684126,4.553876891600541,1.3862943611198906,1.3862943611198906,1387.5,763.5
6444000,100,100,0,0,100,0.0,0.0,0.0,0,2162406,4.61512051684126,4.61512051684126,4.61512051684126,0.0,0.0,1387.5,2349.0
7342000,100,96,1,3,97,0.010416666666666666,3.0,0.03125,1,4669404,4.61512051684126,4.584967478670572,4.574710978503383,0.6931471805599453,1.3862943611198906,1387.5,834.0
7588000,100,94,3,3,100,0.031914893617021274,1.0,0.031914893617021274,1,3859627,4.61512051684126,4.61512051684126,4.553876891600541,1.3862943611198906,1.3862943611198906,1387.5,763.5
8464000,100,100,0,0,100,0.0,0.0,0.0,0,7253132,4.61512051684126,4.61512051684126,4.61512051684126,0.0,0.0,1387.5,2349.0
7082000,92,87,1,4,92,0.011494252873563218,4.0,0.04597701149425287,1,22447407,4.532599493153256,4.532599493153256,4.477336814478207,0.6931471805599453,1.6094379124341003,2790.5,551.0
7384000,100,97,2,1,100,0.020618556701030927,0.5,0.010309278350515464,1,7547241,4.61512051684126,4.61512051684126,4.584967478670572,1.0986122886681098,0.6931471805599453,1387.5,1403.0
7668000,100,88,10,2,100,0.11363636363636363,0.2,0.022727272727272728,1,6832716,4.61512051684126,4.61512051684126,4.48863636973214,2.3978952727983707,1.0986122886681098,1387.5,921.0
6974000,100,98,0,2,100,0.0,0.0,0.02040816326530612,1,6731947,4.61512051684126,4.61512051684126,4.59511985013459,0.0,1.0986122886681098,1387.5,1177.0
8356000,100,100,0,0,100,0.0,0.0,0.0,0,2018413,4.61512051684126,4.61512051684126,4.61512051684126,0.0,0.0,1387.5,2349.0
8554000,100,99,1,0,100,0.010101010101010102,0.0,0.0,0,2437680,4.61512051684126,4.61512051684126,4.605170185988092,0.6931471805599453,0.0,1387.5,2349.0
8350000,100,94,6,0,100,0.06382978723404255,0.0,0.0,0,5905827,4.61512051684126,4.61512051684126,4.553876891600541,1.9459101490553132,0.0,1387.5,2349.0
6070000,100,100,0,0,100,0.0,0.0,0.0,0,2896392,4.61512051684126,4.61512051684126,4.61512051684126,0.0,0.0,1387.5,2349.0
1448000,100,92,4,4,100,0.043478260869565216,1.0,0.043478260869565216,1,2978314,4.61512051684126,4.61512051684126,4.532599493153256,1.6094379124341003,1.6094379124341003,1387.5,582.5
7976000,100,83,0,17,100,0.0,0.0,0.20481927710843373,1,16680994,4.61512051684126,4.61512051684126,4.430816798843313,0.0,2.8903717578961645,1387.5,60.0
8526000,100,99,0,1,100,0.0,0.0,0.010101010101010102,1,4472887,4.61512051684126,4.61512051684126,4.605170185988092,0.0,0.6931471805599453,1387.5,1627.0
3142000,100,99,1,0,100,0.010101010101010102,0.0,0.0,0,2160495,4.61512051684126,4.61512051684126,4.605170185988092,0.6931471805599453,0.0,1387.5,2349.0
9008000,100,100,0,0,100,0.0,0.0,0.0,0,1899383,4.61512051684126,4.61512051684126,4.61512051684126,0.0,0.0,1387.5,2349.0
9146000,100,92,8,0,100,0.08695652173913043,0.0,0.0,0,4408133,4.61512051684126,4.61512051684126,4.532599493153256,2.1972245773362196,0.0,1387.5,2349.0
1230000,100,80,9,11,100,0.1125,1.2222222222222223,0.1375,1,13911859,4.61512051684126,4.61512051684126,4.394449154672439,2.302585092994046,2.4849066497880004,1387.5,127.5
3558000,100,99,0,1,100,0.0,0.0,0.010101010101010102,1,11887039,4.61512051684126,4.61512051684126,4.605170185988092,0.0,0.6931471805599453,1387.5,1627.0
7390000,100,94,2,4,100,0.02127659574468085,2.0,0.0425531914893617,1,6735553,4.61512051684126,4.61512051684126,4.553876891600541,1.0986122886681098,1.6094379124341003,1387.5,616.0
6860000,100,97,2,1,100,0.020618556701030927,0.5,0.010309278350515464,1,4908933,4.61512051684126,4.61512051684126,4.584967478670572,1.0986122886681098,0.6931471805599453,1387.5,1403.0
5648000,100,91,4,5,100,0.04395604395604396,1.25,0.054945054945054944,1,5197022,4.61512051684126,4.61512051684126,4.5217885770490405,1.6094379124341003,1.791759469228055,1387.5,465.0
8458000,100,95,1,4,100,0.010526315789473684,4.0,0.042105263157894736,1,6371538,4.61512051684126,4.61512051684126,4.564348191467836,0.6931471805599453,1.6094379124341003,1387.5,641.5
5786000,100,98,1,1,99,0.01020408163265306,1.0,0.01020408163265306,1,5148813,4.61512051684126,4.605170185988092,4.59511985013459,0.6931471805599453,0.6931471805599453,1387.5,1497.0
2460000,100,91,0,9,100,0.0,0.0,0.0989010989010989,1,4482969,4.61512051684126,4.61512051684126,4.5217885770490405,0.0,2.302585092994046,1387.5,213.0
9254000,100,85,5,10,100,0.058823529411764705,2.0,0.11764705882352941,1,7983696,4.61512051684126,4.61512051684126,4.454347296253507,1.791759469228055,2.3978952727983707,1387.5,160.0
748000,100,100,0,0,100,0.0,0.0,0.0,0,2110983,4.61512051684126,4.61512051684126,4.61512051684126,0.0,0.0,1387.5,2349.0
2660000,100,97,2,1,100,0.020618556701030927,0.5,0.010309278350515464,1,3644716,4.61512051684126,4.61512051684126,4.584967478670572,1.0986122886681098,0.6931471805599453,1387.5,1403.0
2068000,100,91,3,6,100,0.03296703296703297,2.0,0.06593406593406594,1,3314530,4.61512051684126,4.61512051684126,4.5217885770490405,1.3862943611198906,1.9459101490553132,1387.5,373.5
2768000,100,100,0,0,94,0.0,0.0,0.0,0,4143727,4.61512051684126,4.553876891600541,4.61512051684126,0.0,0.0,1387.5,2349.0
1380000,100,98,2,0,99,0.02040816326530612,0.0,0.0,0,21356962,4.61512051684126,4.605170185988092,4.59511985013459,1.0986122886681098,0.0,1387.5,2349.0
6552000,100,100,0,0,100,0.0,0.0,0.0,0,4659522,4.61512051684126,4.61512051684126,4.61512051684126,0.0,0.0,1387.5,2349.0
1556000,100,94,2,4,100,0.02127659574468085,2.0,0.0425531914893617,1,3540422,4.61512051684126,4.61512051684126,4.553876891600541,1.0986122886681098,1.6094379124341003,1387.5,616.0
8970000,100,100,0,0,100,0.0,0.0,0.0,0,2837934,4.61512051684126,4.61512051684126,4.61512051684126,0.0,0.0,1387.5,2349.0
1272000,100,96,2,2,100,0.020833333333333332,1.0,0.020833333333333332,1,7079366,4.61512051684126,4.61512051684126,4.574710978503383,1.0986122886681098,1.0986122886681098,1387.5,1054.0
374000,100,100,0,0,100,0.0,0.0,0.0,0,6507301,4.61512051684126,4.61512051684126,4.61512051684126,0.0,0.0,1387.5,2349.0
6752000,100,90,3,7,98,0.03333333333333333,2.3333333333333335,0.07777777777777778,1,2703488,4.61512051684126,4.59511985013459,4.51085950651685,1.3862943611198906,2.0794415416798357,1387.5,306.5
6310000,100,100,0,0,100,0.0,0.0,0.0,0,3835205,4.61512051684126,4.61512051684126,4.61512051684126,0.0,0.0,1387.5,2349.0
2442000,100,98,1,1,98,0.01020408163265306,1.0,0.01020408163265306,1,4911342,4.61512051684126,4.59511985013459,4.59511985013459,0.6931471805599453,0.6931471805599453,1387.5,1497.0
2762000,100,95,4,1,100,0.042105263157894736,0.25,0.010526315789473684,1,2534311,4.61512051684126,4.61512051684126,4.564348191467836,1.6094379124341003,0.6931471805599453,1387.5,1321.0
2062000,100,98,1,1,100,0.01020408163265306,1.0,0.01020408163265306,1,3923768,4.61512051684126,4.61512051684126,4.59511985013459,0.6931471805599453,0.6931471805599453,1387.5,1497.0
7868000,100,94,3,3,100,0.031914893617021274,1.0,0.031914893617021274,1,3576378,4.61512051684126,4.61512051684126,4.553876891600541,1.3862943611198906,1.3862943611198906,1387.5,763.5
856000,100,78,17,5,100,0.21794871794871795,0.29411764705882354,0.0641025641025641,1,8553302,4.61512051684126,4.61512051684126,4.3694478524670215,2.8903717578961645,1.791759469228055,1387.5,403.0
7560000,100,99,0,1,100,0.0,0.0,0.010101010101010102,1,3075010,4.61512051684126,4.61512051684126,4.605170185988092,0.0,0.6931471805599453,1387.5,1627.0
3932000,100,100,0,0,100,0.0,0.0,0.0,0,2548514,4.61512051684126,4.61512051684126,4.61512051684126,0.0,0.0,1387.5,2349.0
9670000,100,80,5,15,100,0.0625,3.0,0.1875,1,4570982,4.61512051684126,4.61512051684126,4.394449154672439,1.791759469228055,2.772588722239781,1387.5,71.0
6178000,100,94,4,2,100,0.0425531914893617,0.5,0.02127659574468085,1,5692832,4.61512051684126,4.61512051684126,4.553876891600541,1.6094379124341003,1.0986122886681098,1387.5,996.5
1538000,100,86,10,4,100,0.11627906976744186,0.4,0.046511627906976744,1,3409573,4.61512051684126,4.61512051684126,4.465908118654584,2.3978952727983707,1.6094379124341003,1387.5,546.5
6594000,100,100,0,0,100,0.0,0.0,0.0,0,3920129,4.61512051684126,4.61512051684126,4.61512051684126,0.0,0.0,1387.5,2349.0
3028000,100,99,1,0,100,0.010101010101010102,0.0,0.0,0,1643950,4.61512051684126,4.61512051684126,4.605170185988092,0.6931471805599453,0.0,1387.5,2349.0
6240000,100,93,4,3,100,0.043010752688172046,0.75,0.03225806451612903,1,5878608,4.61512051684126,4.61512051684126,4.543294782270004,1.6094379124341003,1.3862943611198906,1387.5,742.0
7934000,100,99,0,1,100,0.0,0.0,0.010101010101010102,1,3305957,4.61512051684126,4.61512051684126,4.605170185988092,0.0,0.6931471805599453,1387.5,1627.0
7276000,100,96,3,1,100,0.03125,0.3333333333333333,0.010416666666666666,1,2945501,4.61512051684126,4.61512051684126,4.574710978503383,1.3862943611198906,0.6931471805599453,1387.5,1350.0
5412000,100,98,0,2,99,0.0,0.0,0.02040816326530612,1,4329936,4.61512051684126,4.605170185988092,4.59511985013459,0.0,1.0986122886681098,1387.5,1177.0
3034000,100,100,0,0,100,0.0,0.0,0.0,0,6020606,4.61512051684126,4.61512051684126,4.61512051684126,0.0,0.0,1387.5,2349.0
1930000,100,100,0,0,97,0.0,0.0,0.0,0,2417993,4.61512051684126,4.584967478670572,4.61512051684126,0.0,0.0,1387.5,2349.0
2720000,100,96,2,2,98,0.020833333333333332,1.0,0.020833333333333332,1,1994504,4.61512051684126,4.59511985013459,4.574710978503383,1.0986122886681098,1.0986122886681098,1387.5,1054.0
1646000,100,99,0,1,100,0.0,0.0,0.010101010101010102,1,8470701,4.61512051684126,4.61512051684126,4.605170185988092,0.0,0.6931471805599453,1387.5,1627.0
2654000,100,100,0,0,100,0.0,0.0,0.0,0,5181319,4.61512051684126,4.61512051684126,4.61512051684126,0.0,0.0,1387.5,2349.0
3250000,100,86,6,8,100,0.06976744186046512,1.3333333333333333,0.09302325581395349,1,11852424,4.61512051684126,4.61512051684126,4.465908118654584,1.9459101490553132,2.1972245773362196,1387.5,228.5
2238000,100,91,0,9,100,0.0,0.0,0.0989010989010989,1,4507799,4.61512051684126,4.61512051684126,4.5217885770490405,0.0,2.302585092994046,1387.5,213.0
8180000,100,100,0,0,100,0.0,0.0,0.0,0,14208667,4.61512051684126,4.61512051684126,4.61512051684126,0.0,0.0,1387.5,2349.0
7872000,100,100,0,0,100,0.0,0.0,0.0,0,2070653,4.61512051684126,4.61512051684126,4.61512051684126,0.0,0.0,1387.5,2349.0
8242000,100,100,0,0,98,0.0,0.0,0.0,0,2566726,4.61512051684126,4.59511985013459,4.61512051684126,0.0,0.0,1387.5,2349.0
2550000,100,94,3,3,100,0.031914893617021274,1.0,0.031914893617021274,1,9250642,4.61512051684126,4.61512051684126,4.553876891600541,1.3862943611198906,1.3862943611198906,1387.5,763.5
1164000,100,100,0,0,100,0.0,0.0,0.0,0,2316448,4.61512051684126,4.61512051684126,4.61512051684126,0.0,0.0,1387.5,2349.0
2346000,100,100,0,0,99,0.0,0.0,0.0,0,2843349,4.61512051684126,4.605170185988092,4.61512051684126,0.0,0.0,1387.5,2349.0
6684000,100,100,0,0,100,0.0,0.0,0.0,0,3219631,4.61512051684126,4.61512051684126,4.61512051684126,0.0,0.0,1387.5,2349.0
2352000,100,98,1,1,100,0.01020408163265306,1.0,0.01020408163265306,1,4773590,4.61512051684126,4.61512051684126,4.59511985013459,0.6931471805599453,0.6931471805599453,1387.5,1497.0
7144000,100,91,6,3,100,0.06593406593406594,0.5,0.03296703296703297,1,8116605,4.61512051684126,4.61512051684126,4.5217885770490405,1.9459101490553132,1.3862943611198906,1387.5,716.0
1760000,100,92,5,3,100,0.05434782608695652,0.6,0.03260869565217391,1,2493360,4.61512051684126,4.61512051684126,4.532599493153256,1.791759469228055,1.3862943611198906,1387.5,725.5
3666000,100,99,1,0,99,0.010101010101010102,0.0,0.0,0,10053446,4.61512051684126,4.605170185988092,4.605170185988092,0.6931471805599453,0.0,1387.5,2349.0
8772000,100,100,0,0,100,0.0,0.0,0.0,0,2907407,4.61512051684126,4.61512051684126,4.61512051684126,0.0,0.0,1387.5,2349.0
2522000,100,99,1,0,100,0.010101010101010102,0.0,0.0,0,1651142,4.61512051684126,4.61512051684126,4.605170185988092,0.6931471805599453,0.0,1387.5,2349.0
66000,100,92,5,3,100,0.05434782608695652,0.6,0.03260869565217391,1,4085453,4.61512051684126,4.61512051684126,4.532599493153256,1.791759469228055,1.3862943611198906,1387.5,725.5
572000,100,94,4,2,100,0.0425531914893617,0.5,0.02127659574468085,1,3656955,4.61512051684126,4.61512051684126,4.553876891600541,1.6094379124341003,1.0986122886681098,1387.5,996.5
482000,100,95,4,1,100,0.042105263157894736,0.25,0.010526315789473684,1,3412770,4.61512051684126,4.61512051684126,4.564348191467836,1.6094379124341003,0.6931471805599453,1387.5,1321.0
7650000,100,100,0,0,100,0.0,0.0,0.0,0,5261299,4.61512051684126,4.61512051684126,4.61512051684126,0.0,0.0,1387.5,2349.0
7764000,44,43,1,0,44,0.023255813953488372,0.0,0.0,0,19231713,3.8066624897703196,3.8066624897703196,3.784189633918261,0.6931471805599453,0.0,2883.5,2349.0
6902000,100,99,1,0,100,0.010101010101010102,0.0,0.0,0,2238374,4.61512051684126,4.61512051684126,4.605170185988092,0.6931471805599453,0.0,1387.5,2349.0
2176000,100,96,1,3,100,0.010416666666666666,3.0,0.03125,1,8943498,4.61512051684126,4.61512051684126,4.574710978503383,0.6931471805599453,1.3862943611198906,1387.5,834.0
7452000,100,90,10,0,100,0.1111111111111111,0.0,0.0,0,3047580,4.61512051684126,4.61512051684126,4.51085950651685,2.3978952727983707,0.0,1387.5,2349.0
1652000,100,97,0,3,100,0.0,0.0,0.030927835051546393,1,16958726,4.61512051684126,4.61512051684126,4.584967478670572,0.0,1.3862943611198906,1387.5,873.5
3624000,59,56,3,0,59,0.05357142857142857,0.0,0.0,0,19637185,4.0943445622221,4.0943445622221,4.04305126783455,1.3862943611198906,0.0,2855.0,2349.0
6486000,7,7,0,0,7,0.0,0.0,0.0,0,4321845,2.0794415416798357,2.0794415416798357,2.0794415416798357,0.0,0.0,2972.5,2349.0
1972000,100,81,18,1,100,0.2222222222222222,0.05555555555555555,0.012345679012345678,1,2686021,4.61512051684126,4.61512051684126,4.406719247264253,2.9444389791664403,0.6931471805599453,1387.5,1224.0
1864000,100,97,1,2,100,0.010309278350515464,2.0,0.020618556701030927,1,5335862,4.61512051684126,4.61512051684126,4.584967478670572,0.6931471805599453,1.0986122886681098,1387.5,1108.0
2130000,100,100,0,0,100,0.0,0.0,0.0,0,2984618,4.61512051684126,4.61512051684126,4.61512051684126,0.0,0.0,1387.5,2349.0
1278000,100,99,0,1,100,0.0,0.0,0.010101010101010102,1,4199014,4.61512051684126,4.61512051684126,4.605170185988092,0.0,0.6931471805599453,1387.5,1627.0
3312000,100,100,0,0,100,0.0,0.0,0.0,0,4309064,4.61512051684126,4.61512051684126,4.61512051684126,0.0,0.0,1387.5,2349.0
1822000,100,91,1,8,100,0.01098901098901099,8.0,0.08791208791208792,1,3562540,4.61512051684126,4.61512051684126,4.5217885770490405,0.6931471805599453,2.1972245773362196,1387.5,256.0
5894000,21,21,0,0,21,0.0,0.0,0.0,0,6432517,3.091042453358316,3.091042453358316,3.091042453358316,0.0,0.0,2940.0,2349.0
9140000,7,7,0,0,7,0.0,0.0,0.0,0,1390572,2.0794415416798357,2.0794415416798357,2.0794415416798357,0.0,0.0,2972.5,2349.0
8634000,24,24,0,0,24,0.0,0.0,0.0,0,3629633,3.2188758248682006,3.2188758248682006,3.2188758248682006,0.0,0.0,2931.0,2349.0
8288000,28,28,0,0,27,0.0,0.0,0.0,0,4069208,3.367295829986474,3.332204510175204,3.367295829986474,0.0,0.0,2921.5,2349.0
2368000,100,98,1,1,99,0.01020408163265306,1.0,0.01020408163265306,1,1931652,4.61512051684126,4.605170185988092,4.59511985013459,0.6931471805599453,0.6931471805599453,1387.5,1497.0
4922000,100,90,8,2,100,0.08888888888888889,0.25,0.022222222222222223,1,9344895,4.61512051684126,4.61512051684126,4.51085950651685,2.1972245773362196,1.0986122886681098,1387.5,934.0
566000,100,96,4,0,100,0.041666666666666664,0.0,0.0,0,1877063,4.61512051684126,4.61512051684126,4.574710978503383,1.6094379124341003,0.0,1387.5,2349.0
7004000,100,89,5,6,97,0.056179775280898875,1.2,0.06741573033707865,1,10142725,4.61512051684126,4.584967478670572,4.499809670330265,1.791759469228055,1.9459101490553132,1387.5,361.5
8590000,100,100,0,0,100,0.0,0.0,0.0,0,2639415,4.61512051684126,4.61512051684126,4.61512051684126,0.0,0.0,1387.5,2349.0
3376000,100,62,12,26,96,0.1935483870967742,2.1666666666666665,0.41935483870967744,1,4647148,4.61512051684126,4.574710978503383,4.143134726391533,2.5649493574615367,3.295836866004329,1387.5,11.0
982000,100,98,0,2,100,0.0,0.0,0.02040816326530612,1,7594046,4.61512051684126,4.61512051684126,4.59511985013459,0.0,1.0986122886681098,1387.5,1177.0
8964000,100,97,3,0,99,0.030927835051546393,0.0,0.0,0,2867214,4.61512051684126,4.605170185988092,4.584967478670572,1.3862943611198906,0.0,1387.5,2349.0
6792000,100,99,1,0,100,0.010101010101010102,0.0,0.0,0,2915013,4.61512051684126,4.61512051684126,4.605170185988092,0.6931471805599453,0.0,1387.5,2349.0
7752000,54,54,0,0,54,0.0,0.0,0.0,0,20617865,4.007333185232471,4.007333185232471,4.007333185232471,0.0,0.0,2861.0,2349.0
7202000,100,100,0,0,100,0.0,0.0,0.0,0,6232634,4.61512051684126,4.61512051684126,4.61512051684126,0.0,0.0,1387.5,2349.0
7160000,100,99,0,1,100,0.0,0.0,0.010101010101010102,1,4407266,4.61512051684126,4.61512051684126,4.605170185988092,0.0,0.6931471805599453,1387.5,1627.0
5996000,100,97,3,0,100,0.030927835051546393,0.0,0.0,0,3377386,4.61512051684126,4.61512051684126,4.584967478670572,1.3862943611198906,0.0,1387.5,2349.0
2232000,100,100,0,0,100,0.0,0.0,0.0,0,4689725,4.61512051684126,4.61512051684126,4.61512051684126,0.0,0.0,1387.5,2349.0
8174000,100,95,1,4,100,0.010526315789473684,4.0,0.042105263157894736,1,12188584,4.61512051684126,4.61512051684126,4.564348191467836,0.6931471805599453,1.6094379124341003,1387.5,641.5
5712000,100,99,0,1,100,0.0,0.0,0.010101010101010102,1,4518765,4.61512051684126,4.61512051684126,4.605170185988092,0.0,0.6931471805599453,1387.5,1627.0
8698000,100,99,0,1,100,0.0,0.0,0.010101010101010102,1,4443827,4.61512051684126,4.61512051684126,4.605170185988092,0.0,0.6931471805599453,1387.5,1627.0
1754000,100,97,1,2,100,0.010309278350515464,2.0,0.020618556701030927,1,4059432,4.61512051684126,4.61512051684126,4.584967478670572,0.6931471805599453,1.0986122886681098,1387.5,1108.0
7800000,100,97,1,2,99,0.010309278350515464,2.0,0.020618556701030927,1,7161599,4.61512051684126,4.605170185988092,4.584967478670572,0.6931471805599453,1.0986122886681098,1387.5,1108.0
7100000,100,98,2,0,100,0.02040816326530612,0.0,0.0,0,2627746,4.61512051684126,4.61512051684126,4.59511985013459,1.0986122886681098,0.0,1387.5,2349.0
7270000,100,98,2,0,100,0.02040816326530612,0.0,0.0,0,5451454,4.61512051684126,4.61512051684126,4.59511985013459,1.0986122886681098,0.0,1387.5,2349.0
6678000,100,93,3,4,100,0.03225806451612903,1.3333333333333333,0.043010752688172046,1,5093930,4.61512051684126,4.61512051684126,4.543294782270004,1.3862943611198906,1.6094379124341003,1387.5,596.5
2278000,100,93,4,3,100,0.043010752688172046,0.75,0.03225806451612903,1,10154068,4.61512051684126,4.61512051684126,4.543294782270004,1.6094379124341003,1.3862943611198906,1387.5,742.0
3750000,100,96,1,3,99,0.010416666666666666,3.0,0.03125,1,4454217,4.61512051684126,4.605170185988092,4.574710978503383,0.6931471805599453,1.3862943611198906,1387.5,834.0
4814000,100,98,1,1,100,0.01020408163265306,1.0,0.01020408163265306,1,5584346,4.61512051684126,4.61512051684126,4.59511985013459,0.6931471805599453,0.6931471805599453,1387.5,1497.0
7690000,100,76,17,7,100,0.2236842105263158,0.4117647058823529,0.09210526315789473,1,6421116,4.61512051684126,4.61512051684126,4.343805421853684,2.8903717578961645,2.0794415416798357,1387.5,232.5
7492000,100,96,2,2,100,0.020833333333333332,1.0,0.020833333333333332,1,4962453,4.61512051684126,4.61512051684126,4.574710978503383,1.0986122886681098,1.0986122886681098,1387.5,1054.0
300000,100,98,0,2,100,0.0,0.0,0.02040816326530612,1,3466736,4.61512051684126,4.61512051684126,4.59511985013459,0.0,1.0986122886681098,1387.5,1177.0
5514000,100,83,11,6,100,0.13253012048192772,0.5454545454545454,0.07228915662650602,1,2995329,4.61512051684126,4.61512051684126,4.430816798843313,2.4849066497880004,1.9459101490553132,1387.5,341.0
6900000,100,96,0,4,99,0.0,0.0,0.041666666666666664,1,6475538,4.61512051684126,4.605170185988092,4.574710978503383,0.0,1.6094379124341003,1387.5,665.5
2164000,100,87,10,3,100,0.11494252873563218,0.3,0.034482758620689655,1,3889212,4.61512051684126,4.61512051684126,4.477336814478207,2.3978952727983707,1.3862943611198906,1387.5,695.5
5230000,100,92,8,0,100,0.08695652173913043,0.0,0.0,0,1570462,4.61512051684126,4.61512051684126,4.532599493153256,2.1972245773362196,0.0,1387.5,2349.0
6058000,100,100,0,0,100,0.0,0.0,0.0,0,2705178,4.61512051684126,4.61512051684126,4.61512051684126,0.0,0.0,1387.5,2349.0
9072000,100,99,0,1,100,0.0,0.0,0.010101010101010102,1,3935751,4.61512051684126,4.61512051684126,4.605170185988092,0.0,0.6931471805599453,1387.5,1627.0
8282000,100,98,1,1,100,0.01020408163265306,1.0,0.01020408163265306,1,7626748,4.61512051684126,4.61512051684126,4.59511985013459,0.6931471805599453,0.6931471805599453,1387.5,1497.0
2586000,100,89,3,8,100,0.033707865168539325,2.6666666666666665,0.0898876404494382,1,2320391,4.61512051684126,4.61512051684126,4.499809670330265,1.3862943611198906,2.1972245773362196,1387.5,244.5
1790000,100,97,3,0,100,0.030927835051546393,0.0,0.0,0,10624819,4.61512051684126,4.61512051684126,4.584967478670572,1.3862943611198906,0.0,1387.5,2349.0
1886000,100,90,6,4,100,0.06666666666666667,0.6666666666666666,0.044444444444444446,1,6399514,4.61512051684126,4.61512051684126,4.51085950651685,1.9459101490553132,1.6094379124341003,1387.5,565.0
1748000,100,97,1,2,100,0.010309278350515464,2.0,0.020618556701030927,1,5719528,4.61512051684126,4.61512051684126,4.584967478670572,0.6931471805599453,1.0986122886681098,1387.5,1108.0
2056000,100,99,1,0,100,0.010101010101010102,0.0,0.0,0,4338116,4.61512051684126,4.61512051684126,4.605170185988092,0.6931471805599453,0.0,1387.5,2349.0
2260000,100,87,12,1,100,0.13793103448275862,0.08333333333333333,0.011494252873563218,1,7861297,4.61512051684126,4.61512051684126,4.477336814478207,2.5649493574615367,0.6931471805599453,1387.5,1233.0
7468000,100,97,1,2,100,0.010309278350515464,2.0,0.020618556701030927,1,14770992,4.61512051684126,4.61512051684126,4.584967478670572,0.6931471805599453,1.0986122886681098,1387.5,1108.0
6570000,100,100,0,0,100,0.0,0.0,0.0,0,2221598,4.61512051684126,4.61512051684126,4.61512051684126,0.0,0.0,1387.5,2349.0
920000,100,96,0,4,100,0.0,0.0,0.041666666666666664,1,8247350,4.61512051684126,4.61512051684126,4.574710978503383,0.0,1.6094379124341003,1387.5,665.5
2870000,100,94,3,3,100,0.031914893617021274,1.0,0.031914893617021274,1,12265259,4.61512051684126,4.61512051684126,4.553876891600541,1.3862943611198906,1.3862943611198906,1387.5,763.5
892000,100,99,1,0,100,0.010101010101010102,0.0,0.0,0,2718237,4.61512051684126,4.61512051684126,4.605170185988092,0.6931471805599453,0.0,1387.5,2349.0
192000,100,97,3,0,100,0.030927835051546393,0.0,0.0,0,1786049,4.61512051684126,4.61512051684126,4.584967478670572,1.3862943611198906,0.0,1387.5,2349.0
8168000,100,91,0,9,100,0.0,0.0,0.0989010989010989,1,10340506,4.61512051684126,4.61512051684126,4.5217885770490405,0.0,2.302585092994046,1387.5,213.0
2960000,100,100,0,0,100,0.0,0.0,0.0,0,2186818,4.61512051684126,4.61512051684126,4.61512051684126,0.0,0.0,1387.5,2349.0
680000,100,100,0,0,100,0.0,0.0,0.0,0,2725397,4.61512051684126,4.61512051684126,4.61512051684126,0.0,0.0,1387.5,2349.0
674000,100,100,0,0,100,0.0,0.0,0.0,0,10324090,4.61512051684126,4.61512051684126,4.61512051684126,0.0,0.0,1387.5,2349.0
7582000,99,91,6,2,99,0.06593406593406594,0.3333333333333333,0.02197802197802198,1,20576665,4.605170185988092,4.605170185988092,4.5217885770490405,1.9459101490553132,1.0986122886681098,2776.0,946.0
6370000,100,100,0,0,99,0.0,0.0,0.0,0,7374353,4.61512051684126,4.605170185988092,4.61512051684126,0.0,0.0,1387.5,2349.0
2544000,100,88,5,7,100,0.056818181818181816,1.4,0.07954545454545454,1,8348976,4.61512051684126,4.61512051684126,4.48863636973214,1.791759469228055,2.0794415416798357,1387.5,286.5
2478000,100,92,6,2,100,0.06521739130434782,0.3333333333333333,0.021739130434782608,1,6690568,4.61512051684126,4.61512051684126,4.532599493153256,1.9459101490553132,1.0986122886681098,1387.5,959.0
1096000,100,95,1,4,100,0.010526315789473684,4.0,0.042105263157894736,1,1935539,4.61512051684126,4.61512051684126,4.564348191467836,0.6931471805599453,1.6094379124341003,1387.5,641.5
390000,100,100,0,0,100,0.0,0.0,0.0,0,2986704,4.61512051684126,4.61512051684126,4.61512051684126,0.0,0.0,1387.5,2349.0
7094000,100,86,3,11,100,0.03488372093023256,3.6666666666666665,0.12790697674418605,1,13623509,4.61512051684126,4.61512051684126,4.465908118654584,1.3862943611198906,2.4849066497880004,1387.5,140.5
1682000,100,98,1,1,92,0.01020408163265306,1.0,0.01020408163265306,1,5025300,4.61512051684126,4.532599493153256,4.59511985013459,0.6931471805599453,0.6931471805599453,1387.5,1497.0
7208000,100,100,0,0,100,0.0,0.0,0.0,0,2994473,4.61512051684126,4.61512051684126,4.61512051684126,0.0,0.0,1387.5,2349.0
6588000,100,96,1,3,100,0.010416666666666666,3.0,0.03125,1,3122631,4.61512051684126,4.61512051684126,4.574710978503383,0.6931471805599453,1.3862943611198906,1387.5,834.0
8060000,100,94,2,4,100,0.02127659574468085,2.0,0.0425531914893617,1,8506415,4.61512051684126,4.61512051684126,4.553876891600541,1.0986122886681098,1.6094379124341003,1387.5,616.0
6720000,100,94,4,2,100,0.0425531914893617,0.5,0.02127659574468085,1,5817296,4.61512051684126,4.61512051684126,4.553876891600541,1.6094379124341003,1.0986122886681098,1387.5,996.5
1994000,100,62,32,6,100,0.5161290322580645,0.1875,0.0967741935483871,1,1769953,4.61512051684126,4.61512051684126,4.143134726391533,3.4965075614664802,1.9459101490553132,1387.5,217.0
1374000,100,71,19,10,100,0.2676056338028169,0.5263157894736842,0.14084507042253522,1,6789717,4.61512051684126,4.61512051684126,4.276666119016055,2.995732273553991,2.3978952727983707,1387.5,121.0
7474000,100,95,0,5,100,0.0,0.0,0.05263157894736842,1,18923426,4.61512051684126,4.61512051684126,4.564348191467836,0.0,1.791759469228055,1387.5,527.5
6262000,100,85,5,10,100,0.058823529411764705,2.0,0.11764705882352941,1,4019591,4.61512051684126,4.61512051684126,4.454347296253507,1.791759469228055,2.3978952727983707,1387.5,160.0
6412000,100,99,0,1,100,0.0,0.0,0.010101010101010102,1,2488018,4.61512051684126,4.61512051684126,4.605170185988092,0.0,0.6931471805599453,1387.5,1627.0
6786000,100,97,0,3,100,0.0,0.0,0.030927835051546393,1,12959909,4.61512051684126,4.61512051684126,4.584967478670572,0.0,1.3862943611198906,1387.5,873.5
2170000,100,100,0,0,100,0.0,0.0,0.0,0,4047898,4.61512051684126,4.61512051684126,4.61512051684126,0.0,0.0,1387.5,2349.0
850000,100,84,4,12,100,0.047619047619047616,3.0,0.14285714285714285,1,4983983,4.61512051684126,4.61512051684126,4.442651256490317,1.6094379124341003,2.5649493574615367,1387.5,114.5
1948000,100,96,1,3,100,0.010416666666666666,3.0,0.03125,1,5421597,4.61512051684126,4.61512051684126,4.574710978503383,0.6931471805599453,1.3862943611198906,1387.5,834.0
5888000,100,98,1,1,100,0.01020408163265306,1.0,0.01020408163265306,1,2568367,4.61512051684126,4.61512051684126,4.59511985013459,0.6931471805599453,0.6931471805599453,1387.5,1497.0
6304000,100,92,3,5,100,0.03260869565217391,1.6666666666666667,0.05434782608695652,1,3674975,4.61512051684126,4.61512051684126,4.532599493153256,1.3862943611198906,1.791759469228055,1387.5,476.5
5466000,100,96,4,0,100,0.041666666666666664,0.0,0.0,0,3510070,4.61512051684126,4.61512051684126,4.574710978503383,1.6094379124341003,0.0,1387.5,2349.0
1470000,100,91,7,2,100,0.07692307692307693,0.2857142857142857,0.02197802197802198,1,3739510,4.61512051684126,4.61512051684126,4.5217885770490405,2.0794415416798357,1.0986122886681098,1387.5,946.0
1640000,100,100,0,0,100,0.0,0.0,0.0,0,4399600,4.61512051684126,4.61512051684126,4.61512051684126,0.0,0.0,1387.5,2349.0
6962000,100,89,5,6,100,0.056179775280898875,1.2,0.06741573033707865,1,4161248,4.61512051684126,4.61512051684126,4.499809670330265,1.791759469228055,1.9459101490553132,1387.5,361.5
7998000,100,91,1,8,100,0.01098901098901099,8.0,0.08791208791208792,1,2444777,4.61512051684126,4.61512051684126,4.5217885770490405,0.6931471805599453,2.1972245773362196,1387.5,256.0
2852000,100,100,0,0,100,0.0,0.0,0.0,0,2612068,4.61512051684126,4.61512051684126,4.61512051684126,0.0,0.0,1387.5,2349.0
2846000,100,94,6,0,100,0.06382978723404255,0.0,0.0,0,2827299,4.61512051684126,4.61512051684126,4.553876891600541,1.9459101490553132,0.0,1387.5,2349.0
5604000,100,100,0,0,100,0.0,0.0,0.0,0,5761371,4.61512051684126,4.61512051684126,4.61512051684126,0.0,0.0,1387.5,2349.0
1090000,97,81,11,5,97,0.13580246913580246,0.45454545454545453,0.06172839506172839,1,12990234,4.584967478670572,4.584967478670572,4.406719247264253,2.4849066497880004,1.791759469228055,2779.0,416.0
1266000,100,95,1,4,99,0.010526315789473684,4.0,0.042105263157894736,1,3723828,4.61512051684126,4.605170185988092,4.564348191467836,0.6931471805599453,1.6094379124341003,1387.5,641.5
8372000,100,95,4,1,100,0.042105263157894736,0.25,0.010526315789473684,1,3280364,4.61512051684126,4.61512051684126,4.564348191467836,1.6094379124341003,0.6931471805599453,1387.5,1321.0
7378000,100,99,0,1,100,0.0,0.0,0.010101010101010102,1,3376395,4.61512051684126,4.61512051684126,4.605170185988092,0.0,0.6931471805599453,1387.5,1627.0
1578000,100,77,13,10,100,0.16883116883116883,0.7692307692307693,0.12987012987012986,1,6224973,4.61512051684126,4.61512051684126,4.356708826689592,2.6390573296152584,2.3978952727983707,1387.5,134.5
2340000,100,94,5,1,100,0.05319148936170213,0.2,0.010638297872340425,1,5334522,4.61512051684126,4.61512051684126,4.553876891600541,1.791759469228055,0.6931471805599453,1387.5,1296.0
788000,100,96,1,3,100,0.010416666666666666,3.0,0.03125,1,5477251,4.61512051684126,4.61512051684126,4.574710978503383,0.6931471805599453,1.3862943611198906,1387.5,834.0
3068000,49,49,0,0,49,0.0,0.0,0.0,0,22956021,3.912023005428146,3.912023005428146,3.912023005428146,0.0,0.0,2872.5,2349.0
1464000,9,9,0,0,9,0.0,0.0,0.0,0,2127611,2.302585092994046,2.302585092994046,2.302585092994046,0.0,0.0,2968.5,2349.0
3852000,100,100,0,0,100,0.0,0.0,0.0,0,7122734,4.61512051684126,4.61512051684126,4.61512051684126,0.0,0.0,1387.5,2349.0
384000,100,98,1,1,100,0.01020408163265306,1.0,0.01020408163265306,1,2607899,4.61512051684126,4.61512051684126,4.59511985013459,0.6931471805599453,0.6931471805599453,1387.5,1497.0
7310000,100,100,0,0,100,0.0,0.0,0.0,0,3794560,4.61512051684126,4.61512051684126,4.61512051684126,0.0,0.0,1387.5,2349.0
6122000,100,100,0,0,98,0.0,0.0,0.0,0,5945410,4.61512051684126,4.59511985013459,4.61512051684126,0.0,0.0,1387.5,2349.0
7292000,100,100,0,0,100,0.0,0.0,0.0,0,3125293,4.61512051684126,4.61512051684126,4.61512051684126,0.0,0.0,1387.5,2349.0
8408000,100,100,0,0,100,0.0,0.0,0.0,0,3094051,4.61512051684126,4.61512051684126,4.61512051684126,0.0,0.0,1387.5,2349.0
1704000,100,92,2,6,100,0.021739130434782608,3.0,0.06521739130434782,1,2172163,4.61512051684126,4.61512051684126,4.532599493153256,1.0986122886681098,1.9459101490553132,1387.5,382.0
6918000,100,97,2,1,100,0.020618556701030927,0.5,0.010309278350515464,1,5630346,4.61512051684126,4.61512051684126,4.584967478670572,1.0986122886681098,0.6931471805599453,1387.5,1403.0
5904000,100,98,0,2,100,0.0,0.0,0.02040816326530612,1,2675087,4.61512051684126,4.61512051684126,4.59511985013459,0.0,1.0986122886681098,1387.5,1177.0
5814000,100,100,0,0,100,0.0,0.0,0.0,0,2792076,4.61512051684126,4.61512051684126,4.61512051684126,0.0,0.0,1387.5,2349.0
7570000,100,99,1,0,100,0.010101010101010102,0.0,0.0,0,2024367,4.61512051684126,4.61512051684126,4.605170185988092,0.6931471805599453,0.0,1387.5,2349.0
7196000,100,98,1,1,100,0.01020408163265306,1.0,0.01020408163265306,1,5995341,4.61512051684126,4.61512051684126,4.59511985013459,0.6931471805599453,0.6931471805599453,1387.5,1497.0
8100000,100,89,4,7,100,0.0449438202247191,1.75,0.07865168539325842,1,3460432,4.61512051684126,4.61512051684126,4.499809670330265,1.6094379124341003,2.0794415416798357,1387.5,298.5
7400000,100,94,6,0,100,0.06382978723404255,0.0,0.0,0,2210614,4.61512051684126,4.61512051684126,4.553876891600541,1.9459101490553132,0.0,1387.5,2349.0
5952000,100,100,0,0,100,0.0,0.0,0.0,0,2557121,4.61512051684126,4.61512051684126,4.61512051684126,0.0,0.0,1387.5,2349.0
5706000,100,97,3,0,100,0.030927835051546393,0.0,0.0,0,4798932,4.61512051684126,4.61512051684126,4.584967478670572,1.3862943611198906,0.0,1387.5,2349.0
7026000,100,100,0,0,100,0.0,0.0,0.0,0,3974980,4.61512051684126,4.61512051684126,4.61512051684126,0.0,0.0,1387.5,2349.0
976000,100,99,1,0,100,0.010101010101010102,0.0,0.0,0,1891270,4.61512051684126,4.61512051684126,4.605170185988092,0.6931471805599453,0.0,1387.5,2349.0
6912000,100,100,0,0,100,0.0,0.0,0.0,0,7897021,4.61512051684126,4.61512051684126,4.61512051684126,0.0,0.0,1387.5,2349.0
6406000,100,96,2,2,100,0.020833333333333332,1.0,0.020833333333333332,1,2443910,4.61512051684126,4.61512051684126,4.574710978503383,1.0986122886681098,1.0986122886681098,1387.5,1054.0
7878000,100,100,0,0,100,0.0,0.0,0.0,0,2048727,4.61512051684126,4.61512051684126,4.61512051684126,0.0,0.0,1387.5,2349.0
294000,34,32,0,2,34,0.0,0.0,0.0625,1,16754459,3.5553480614894135,3.5553480614894135,3.4965075614664802,0.0,1.0986122886681098,2904.5,415.0
10000,100,99,1,0,100,0.010101010101010102,0.0,0.0,0,3468630,4.61512051684126,4.61512051684126,4.605170185988092,0.6931471805599453,0.0,1387.5,2349.0
1330000,100,98,1,1,100,0.01020408163265306,1.0,0.01020408163265306,1,15556211,4.61512051684126,4.61512051684126,4.59511985013459,0.6931471805599453,0.6931471805599453,1387.5,1497.0
6718000,100,90,3,7,100,0.03333333333333333,2.3333333333333335,0.07777777777777778,1,7890148,4.61512051684126,4.61512051684126,4.51085950651685,1.3862943611198906,2.0794415416798357,1387.5,306.5
3062000,100,100,0,0,100,0.0,0.0,0.0,0,2198433,4.61512051684126,4.61512051684126,4.61512051684126,0.0,0.0,1387.5,2349.0
1288000,100,92,4,4,100,0.043478260869565216,1.0,0.043478260869565216,1,3598194,4.61512051684126,4.61512051684126,4.532599493153256,1.6094379124341003,1.6094379124341003,1387.5,582.5
738000,100,100,0,0,100,0.0,0.0,0.0,0,4049533,4.61512051684126,4.61512051684126,4.61512051684126,0.0,0.0,1387.5,2349.0
6496000,100,96,1,3,100,0.010416666666666666,3.0,0.03125,1,5684794,4.61512051684126,4.61512051684126,4.574710978503383,0.6931471805599453,1.3862943611198906,1387.5,834.0
2404000,100,87,4,9,100,0.04597701149425287,2.25,0.10344827586206896,1,7557965,4.61512051684126,4.61512051684126,4.477336814478207,1.6094379124341003,2.302585092994046,1387.5,193.5
1982000,100,70,6,24,100,0.08571428571428572,4.0,0.34285714285714286,1,6832114,4.61512051684126,4.61512051684126,4.2626798770413155,1.9459101490553132,3.2188758248682006,1387.5,20.0
1396000,100,97,3,0,100,0.030927835051546393,0.0,0.0,0,6770452,4.61512051684126,4.61512051684126,4.584967478670572,1.3862943611198906,0.0,1387.5,2349.0
7992000,100,100,0,0,100,0.0,0.0,0.0,0,3480510,4.61512051684126,4.61512051684126,4.61512051684126,0.0,0.0,1387.5,2349.0
8890000,100,95,2,3,100,0.021052631578947368,1.5,0.031578947368421054,1,3216172,4.61512051684126,4.61512051684126,4.564348191467836,1.0986122886681098,1.3862943611198906,1387.5,792.5
908000,100,99,1,0,100,0.010101010101010102,0.0,0.0,0,3875184,4.61512051684126,4.61512051684126,4.605170185988092,0.6931471805599453,0.0,1387.5,2349.0
492000,100,100,0,0,100,0.0,0.0,0.0,0,3634683,4.61512051684126,4.61512051684126,4.61512051684126,0.0,0.0,1387.5,2349.0
1874000,100,81,13,6,100,0.16049382716049382,0.46153846153846156,0.07407407407407407,1,4830005,4.61512051684126,4.61512051684126,4.406719247264253,2.6390573296152584,1.9459101490553132,1387.5,338.0
1084000,100,99,1,0,100,0.010101010101010102,0.0,0.0,0,4737129,4.61512051684126,4.61512051684126,4.605170185988092,0.6931471805599453,0.0,1387.5,2349.0
5422000,100,97,2,1,100,0.020618556701030927,0.5,0.010309278350515464,1,14781753,4.61512051684126,4.61512051684126,4.584967478670572,1.0986122886681098,0.6931471805599453,1387.5,1403.0
3194000,100,100,0,0,100,0.0,0.0,0.0,0,1419875,4.61512051684126,4.61512051684126,4.61512051684126,0.0,0.0,1387.5,2349.0
8190000,100,97,0,3,99,0.0,0.0,0.030927835051546393,1,9705006,4.61512051684126,4.605170185988092,4.584967478670572,0.0,1.3862943611198906,1387.5,873.5
1770000,100,99,0,1,100,0.0,0.0,0.010101010101010102,1,3214345,4.61512051684126,4.61512051684126,4.605170185988092,0.0,0.6931471805599453,1387.5,1627.0
2670000,100,93,2,5,100,0.021505376344086023,2.5,0.053763440860215055,1,3903816,4.61512051684126,4.61512051684126,4.543294782270004,1.0986122886681098,1.791759469228055,1387.5,492.0
2512000,100,87,10,3,100,0.11494252873563218,0.3,0.034482758620689655,1,3969756,4.61512051684126,4.61512051684126,4.477336814478207,2.3978952727983707,1.3862943611198906,1387.5,695.5
2078000,53,47,6,0,53,0.1276595744680851,0.0,0.0,0,21755665,3.9889840465642745,3.9889840465642745,3.871201010907891,1.9459101490553132,0.0,2863.0,2349.0
6230000,100,100,0,0,100,0.0,0.0,0.0,0,3111196,4.61512051684126,4.61512051684126,4.61512051684126,0.0,0.0,1387.5,2349.0
1022000,100,99,0,1,100,0.0,0.0,0.010101010101010102,1,2123562,4.61512051684126,4.61512051684126,4.605170185988092,0.0,0.6931471805599453,1387.5,1627.0
5332000,100,99,1,0,100,0.010101010101010102,0.0,0.0,0,3140558,4.61512051684126,4.61512051684126,4.605170185988092,0.6931471805599453,0.0,1387.5,2349.0
606000,100,95,5,0,100,0.05263157894736842,0.0,0.0,0,2956298,4.61512051684126,4.61512051684126,4.564348191467836,1.791759469228055,0.0,1387.5,2349.0
9954000,100,92,8,0,100,0.08695652173913043,0.0,0.0,0,2280835,4.61512051684126,4.61512051684126,4.532599493153256,2.1972245773362196,0.0,1387.5,2349.0
2050000,100,100,0,0,100,0.0,0.0,0.0,0,5397686,4.61512051684126,4.61512051684126,4.61512051684126,0.0,0.0,1387.5,2349.0
118000,100,75,9,16,100,0.12,1.7777777777777777,0.21333333333333335,1,5048953,4.61512051684126,4.61512051684126,4.330733340286331,2.302585092994046,2.833213344056216,1387.5,56.0
8782000,100,100,0,0,100,0.0,0.0,0.0,0,2446262,4.61512051684126,4.61512051684126,4.61512051684126,0.0,0.0,1387.5,2349.0
7088000,100,97,3,0,100,0.030927835051546393,0.0,0.0,0,1953055,4.61512051684126,4.61512051684126,4.584967478670572,1.3862943611198906,0.0,1387.5,2349.0
6672000,100,91,7,2,100,0.07692307692307693,0.2857142857142857,0.02197802197802198,1,3039410,4.61512051684126,4.61512051684126,4.5217885770490405,2.0794415416798357,1.0986122886681098,1387.5,946.0
6538000,100,88,5,7,100,0.056818181818181816,1.4,0.07954545454545454,1,15624579,4.61512051684126,4.61512051684126,4.48863636973214,1.791759469228055,2.0794415416798357,1387.5,286.5
208000,100,92,6,2,100,0.06521739130434782,0.3333333333333333,0.021739130434782608,1,3854711,4.61512051684126,4.61512051684126,4.532599493153256,1.9459101490553132,1.0986122886681098,1387.5,959.0
7816000,100,99,0,1,100,0.0,0.0,0.010101010101010102,1,10561889,4.61512051684126,4.61512051684126,4.605170185988092,0.0,0.6931471805599453,1387.5,1627.0
7986000,100,99,0,1,100,0.0,0.0,0.010101010101010102,1,8590170,4.61512051684126,4.61512051684126,4.605170185988092,0.0,0.6931471805599453,1387.5,1627.0
2778000,100,99,1,0,100,0.010101010101010102,0.0,0.0,0,3129751,4.61512051684126,4.61512051684126,4.605170185988092,0.6931471805599453,0.0,1387.5,2349.0
1180000,100,100,0,0,100,0.0,0.0,0.0,0,3035823,4.61512051684126,4.61512051684126,4.61512051684126,0.0,0.0,1387.5,2349.0
1880000,100,100,0,0,100,0.0,0.0,0.0,0,4451427,4.61512051684126,4.61512051684126,4.61512051684126,0.0,0.0,1387.5,2349.0
5530000,100,82,3,15,100,0.036585365853658534,5.0,0.18292682926829268,1,4480731,4.61512051684126,4.61512051684126,4.418840607796598,1.3862943611198906,2.772588722239781,1387.5,78.0
7508000,100,100,0,0,100,0.0,0.0,0.0,0,2684023,4.61512051684126,4.61512051684126,4.61512051684126,0.0,0.0,1387.5,2349.0
7618000,100,96,2,2,100,0.020833333333333332,1.0,0.020833333333333332,1,9875569,4.61512051684126,4.61512051684126,4.574710978503383,1.0986122886681098,1.0986122886681098,1387.5,1054.0
5820000,100,99,0,1,99,0.0,0.0,0.010101010101010102,1,5186213,4.61512051684126,4.605170185988092,4.605170185988092,0.0,0.6931471805599453,1387.5,1627.0
5876000,100,100,0,0,100,0.0,0.0,0.0,0,2416002,4.61512051684126,4.61512051684126,4.61512051684126,0.0,0.0,1387.5,2349.0
6604000,100,98,1,1,100,0.01020408163265306,1.0,0.01020408163265306,1,4003748,4.61512051684126,4.61512051684126,4.59511985013459,0.6931471805599453,0.6931471805599453,1387.5,1497.0
498000,100,100,0,0,100,0.0,0.0,0.0,0,1895199,4.61512051684126,4.61512051684126,4.61512051684126,0.0,0.0,1387.5,2349.0
6434000,100,90,8,2,100,0.08888888888888889,0.25,0.022222222222222223,1,3129252,4.61512051684126,4.61512051684126,4.51085950651685,2.1972245773362196,1.0986122886681098,1387.5,934.0
668000,100,94,2,4,100,0.02127659574468085,2.0,0.0425531914893617,1,2617834,4.61512051684126,4.61512051684126,4.553876891600541,1.0986122886681098,1.6094379124341003,1387.5,616.0
6502000,100,58,30,12,100,0.5172413793103449,0.4,0.20689655172413793,1,2055733,4.61512051684126,4.61512051684126,4.07753744390572,3.4339872044851463,2.5649493574615367,1387.5,58.0
6780000,100,90,5,5,100,0.05555555555555555,1.0,0.05555555555555555,1,8438700,4.61512051684126,4.61512051684126,4.51085950651685,1.791759469228055,1.791759469228055,1387.5,454.5
1198000,100,99,0,1,99,0.0,0.0,0.010101010101010102,1,4753263,4.61512051684126,4.605170185988092,4.605170185988092,0.0,0.6931471805599453,1387.5,1627.0
5048000,100,87,9,4,100,0.10344827586206896,0.4444444444444444,0.04597701149425287,1,1740580,4.61512051684126,4.61512051684126,4.477336814478207,2.302585092994046,1.6094379124341003,1387.5,551.0
800000,100,95,3,2,100,0.031578947368421054,0.6666666666666666,0.021052631578947368,1,6613195,4.61512051684126,4.61512051684126,4.564348191467836,1.3862943611198906,1.0986122886681098,1387.5,1019.0
8516000,100,100,0,0,100,0.0,0.0,0.0,0,15614181,4.61512051684126,4.61512051684126,4.61512051684126,0.0,0.0,1387.5,2349.0
1112000,100,93,1,6,100,0.010752688172043012,6.0,0.06451612903225806,1,4930454,4.61512051684126,4.61512051684126,4.543294782270004,0.6931471805599453,1.9459101490553132,1387.5,395.5
4740000,100,100,0,0,100,0.0,0.0,0.0,0,3921959,4.61512051684126,4.61512051684126,4.61512051684126,0.0,0.0,1387.5,2349.0
5290000,100,96,0,4,100,0.0,0.0,0.041666666666666664,1,10536755,4.61512051684126,4.61512051684126,4.574710978503383,0.0,1.6094379124341003,1387.5,665.5
914000,100,88,3,9,100,0.03409090909090909,3.0,0.10227272727272728,1,3409384,4.61512051684126,4.61512051684126,4.48863636973214,1.3862943611198906,2.302585092994046,1387.5,200.0
2296000,100,89,4,7,100,0.0449438202247191,1.75,0.07865168539325842,1,4184412,4.61512051684126,4.61512051684126,4.499809670330265,1.6094379124341003,2.0794415416798357,1387.5,298.5
2362000,100,89,2,9,100,0.02247191011235955,4.5,0.10112359550561797,1,6025115,4.61512051684126,4.61512051684126,4.499809670330265,1.0986122886681098,2.302585092994046,1387.5,203.5
1572000,100,94,6,0,100,0.06382978723404255,0.0,0.0,0,3789517,4.61512051684126,4.61512051684126,4.553876891600541,1.9459101490553132,0.0,1387.5,2349.0
1192000,100,98,0,2,100,0.0,0.0,0.02040816326530612,1,2613039,4.61512051684126,4.61512051684126,4.59511985013459,0.0,1.0986122886681098,1387.5,1177.0
1988000,100,100,0,0,100,0.0,0.0,0.0,0,3740327,4.61512051684126,4.61512051684126,4.61512051684126,0.0,0.0,1387.5,2349.0
6326000,100,100,0,0,100,0.0,0.0,0.0,0,6772651,4.61512051684126,4.61512051684126,4.61512051684126,0.0,0.0,1387.5,2349.0
6610000,100,94,5,1,100,0.05319148936170213,0.2,0.010638297872340425,1,6955061,4.61512051684126,4.61512051684126,4.553876891600541,1.791759469228055,0.6931471805599453,1387.5,1296.0
1812000,100,100,0,0,100,0.0,0.0,0.0,0,3645602,4.61512051684126,4.61512051684126,4.61512051684126,0.0,0.0,1387.5,2349.0
710000,100,99,1,0,100,0.010101010101010102,0.0,0.0,0,7943037,4.61512051684126,4.61512051684126,4.605170185988092,0.6931471805599453,0.0,1387.5,2349.0
76000,16,16,0,0,16,0.0,0.0,0.0,0,849939,2.833213344056216,2.833213344056216,2.833213344056216,0.0,0.0,2949.5,2349.0
4632000,13,13,0,0,13,0.0,0.0,0.0,0,941301,2.6390573296152584,2.6390573296152584,2.6390573296152584,0.0,0.0,2955.0,2349.0
6314000,100,99,1,0,100,0.010101010101010102,0.0,0.0,0,9224519,4.61512051684126,4.61512051684126,4.605170185988092,0.6931471805599453,0.0,1387.5,2349.0
5348000,100,100,0,0,100,0.0,0.0,0.0,0,2831594,4.61512051684126,4.61512051684126,4.61512051684126,0.0,0.0,1387.5,2349.0
6252000,86,86,0,0,82,0.0,0.0,0.0,0,20498670,4.465908118654584,4.418840607796598,4.465908118654584,0.0,0.0,2799.5,2349.0
6116000,100,98,2,0,100,0.02040816326530612,0.0,0.0,0,6096992,4.61512051684126,4.61512051684126,4.59511985013459,1.0986122886681098,0.0,1387.5,2349.0
6598000,100,99,1,0,100,0.010101010101010102,0.0,0.0,0,3248558,4.61512051684126,4.61512051684126,4.605170185988092,0.6931471805599453,0.0,1387.5,2349.0
6730000,100,92,3,5,100,0.03260869565217391,1.6666666666666667,0.05434782608695652,1,3973218,4.61512051684126,4.61512051684126,4.532599493153256,1.3862943611198906,1.791759469228055,1387.5,476.5
7020000,100,92,6,2,100,0.06521739130434782,0.3333333333333333,0.021739130434782608,1,4296171,4.61512051684126,4.61512051684126,4.532599493153256,1.9459101490553132,1.0986122886681098,1387.5,959.0
7544000,100,99,0,1,100,0.0,0.0,0.010101010101010102,1,2702558,4.61512051684126,4.61512051684126,4.605170185988092,0.0,0.6931471805599453,1387.5,1627.0
1282000,100,99,1,0,97,0.010101010101010102,0.0,0.0,0,2535353,4.61512051684126,4.584967478670572,4.605170185988092,0.6931471805599453,0.0,1387.5,2349.0
6320000,100,97,3,0,100,0.030927835051546393,0.0,0.0,0,10290615,4.61512051684126,4.61512051684126,4.584967478670572,1.3862943611198906,0.0,1387.5,2349.0
6144000,100,98,1,1,100,0.01020408163265306,1.0,0.01020408163265306,1,7689434,4.61512051684126,4.61512051684126,4.59511985013459,0.6931471805599453,0.6931471805599453,1387.5,1497.0
5832000,100,100,0,0,100,0.0,0.0,0.0,0,1672577,4.61512051684126,4.61512051684126,4.61512051684126,0.0,0.0,1387.5,2349.0
6356000,100,93,6,1,100,0.06451612903225806,0.16666666666666666,0.010752688172043012,1,7538334,4.61512051684126,4.61512051684126,4.543294782270004,1.9459101490553132,0.6931471805599453,1387.5,1272.5
7260000,100,100,0,0,99,0.0,0.0,0.0,0,1572809,4.61512051684126,4.605170185988092,4.61512051684126,0.0,0.0,1387.5,2349.0
316000,100,98,1,1,100,0.01020408163265306,1.0,0.01020408163265306,1,2767533,4.61512051684126,4.61512051684126,4.59511985013459,0.6931471805599453,0.6931471805599453,1387.5,1497.0
6224000,100,90,3,7,100,0.03333333333333333,2.3333333333333335,0.07777777777777778,1,7686314,4.61512051684126,4.61512051684126,4.51085950651685,1.3862943611198906,2.0794415416798357,1387.5,306.5
5462000,100,96,4,0,100,0.041666666666666664,0.0,0.0,0,2905926,4.61512051684126,4.61512051684126,4.574710978503383,1.6094379124341003,0.0,1387.5,2349.0
7436000,100,95,4,1,100,0.042105263157894736,0.25,0.010526315789473684,1,3998631,4.61512051684126,4.61512051684126,4.564348191467836,1.6094379124341003,0.6931471805599453,1387.5,1321.0
1010000,100,83,17,0,100,0.20481927710843373,0.0,0.0,0,1695125,4.61512051684126,4.61512051684126,4.430816798843313,2.8903717578961645,0.0,1387.5,2349.0
1390000,100,94,2,4,100,0.02127659574468085,2.0,0.0425531914893617,1,2966832,4.61512051684126,4.61512051684126,4.553876891600541,1.0986122886681098,1.6094379124341003,1387.5,616.0
7702000,100,93,5,2,100,0.053763440860215055,0.4,0.021505376344086023,1,9559092,4.61512051684126,4.61512051684126,4.543294782270004,1.791759469228055,1.0986122886681098,1387.5,976.0
7634000,100,98,1,1,100,0.01020408163265306,1.0,0.01020408163265306,1,6589520,4.61512051684126,4.61512051684126,4.59511985013459,0.6931471805599453,0.6931471805599453,1387.5,1497.0
2880000,100,98,0,2,100,0.0,0.0,0.02040816326530612,1,3248329,4.61512051684126,4.61512051684126,4.59511985013459,0.0,1.0986122886681098,1387.5,1177.0
5108000,100,93,6,1,100,0.06451612903225806,0.16666666666666666,0.010752688172043012,1,3092092,4.61512051684126,4.61512051684126,4.543294782270004,1.9459101490553132,0.6931471805599453,1387.5,1272.5
7810000,100,98,2,0,100,0.02040816326530612,0.0,0.0,0,2811599,4.61512051684126,4.61512051684126,4.59511985013459,1.0986122886681098,0.0,1387.5,2349.0
6362000,100,99,1,0,100,0.010101010101010102,0.0,0.0,0,3541100,4.61512051684126,4.61512051684126,4.605170185988092,0.6931471805599453,0.0,1387.5,2349.0
840000,100,89,8,3,100,0.0898876404494382,0.375,0.033707865168539325,1,2290992,4.61512051684126,4.61512051684126,4.499809670330265,2.1972245773362196,1.3862943611198906,1387.5,705.0
4558000,100,96,4,0,100,0.041666666666666664,0.0,0.0,0,5709013,4.61512051684126,4.61512051684126,4.574710978503383,1.6094379124341003,0.0,1387.5,2349.0
1806000,100,98,2,0,100,0.02040816326530612,0.0,0.0,0,1568645,4.61512051684126,4.61512051684126,4.59511985013459,1.0986122886681098,0.0,1387.5,2349.0
6736000,100,95,4,1,100,0.042105263157894736,0.25,0.010526315789473684,1,5424931,4.61512051684126,4.61512051684126,4.564348191467836,1.6094379124341003,0.6931471805599453,1387.5,1321.0
1148000,100,89,11,0,100,0.12359550561797752,0.0,0.0,0,2641591,4.61512051684126,4.61512051684126,4.499809670330265,2.4849066497880004,0.0,1387.5,2349.0
726000,100,96,3,1,100,0.03125,0.3333333333333333,0.010416666666666666,1,5438410,4.61512051684126,4.61512051684126,4.574710978503383,1.3862943611198906,0.6931471805599453,1387.5,1350.0
2596000,100,96,0,4,100,0.0,0.0,0.041666666666666664,1,3116528,4.61512051684126,4.61512051684126,4.574710978503383,0.0,1.6094379124341003,1387.5,665.5
1324000,100,96,3,1,100,0.03125,0.3333333333333333,0.010416666666666666,1,3027021,4.61512051684126,4.61512051684126,4.574710978503383,1.3862943611198906,0.6931471805599453,1387.5,1350.0
5770000,100,90,3,7,100,0.03333333333333333,2.3333333333333335,0.07777777777777778,1,7805325,4.61512051684126,4.61512051684126,4.51085950651685,1.3862943611198906,2.0794415416798357,1387.5,306.5
1698000,100,98,0,2,100,0.0,0.0,0.02040816326530612,1,12336924,4.61512051684126,4.61512051684126,4.59511985013459,0.0,1.0986122886681098,1387.5,1177.0
794000,100,57,29,14,100,0.5087719298245614,0.4827586206896552,0.24561403508771928,1,3772599,4.61512051684126,4.61512051684126,4.060443010546419,3.4011973816621555,2.70805020110221,1387.5,41.0
7918000,100,100,0,0,100,0.0,0.0,0.0,0,4013734,4.61512051684126,4.61512051684126,4.61512051684126,0.0,0.0,1387.5,2349.0
6054000,100,97,3,0,100,0.030927835051546393,0.0,0.0,0,14571778,4.61512051684126,4.61512051684126,4.584967478670572,1.3862943611198906,0.0,1387.5,2349.0
140000,100,83,9,8,100,0.10843373493975904,0.8888888888888888,0.0963855421686747,1,1887558,4.61512051684126,4.61512051684126,4.430816798843313,2.302585092994046,2.1972245773362196,1387.5,219.5
1214000,100,94,3,3,100,0.031914893617021274,1.0,0.031914893617021274,1,3144976,4.61512051684126,4.61512051684126,4.553876891600541,1.3862943611198906,1.3862943611198906,1387.5,763.5
1522000,100,99,1,0,100,0.010101010101010102,0.0,0.0,0,3222088,4.61512051684126,4.61512051684126,4.605170185988092,0.6931471805599453,0.0,1387.5,2349.0
424000,100,91,2,7,100,0.02197802197802198,3.5,0.07692307692307693,1,7139446,4.61512051684126,4.61512051684126,4.5217885770490405,1.0986122886681098,2.0794415416798357,1387.5,318.0
2488000,100,90,8,2,100,0.08888888888888889,0.25,0.022222222222222223,1,6744146,4.61512051684126,4.61512051684126,4.51085950651685,2.1972245773362196,1.0986122886681098,1387.5,934.0
202000,100,94,1,5,100,0.010638297872340425,5.0,0.05319148936170213,1,3796334,4.61512051684126,4.61512051684126,4.553876891600541,0.6931471805599453,1.791759469228055,1387.5,512.5
5638000,100,99,1,0,100,0.010101010101010102,0.0,0.0,0,2592017,4.61512051684126,4.61512051684126,4.605170185988092,0.6931471805599453,0.0,1387.5,2349.0
310000,100,93,5,2,100,0.053763440860215055,0.4,0.021505376344086023,1,1963544,4.61512051684126,4.61512051684126,4.543294782270004,1.791759469228055,1.0986122886681098,1387.5,976.0
9772000,100,91,9,0,100,0.0989010989010989,0.0,0.0,0,2702978,4.61512051684126,4.61512051684126,4.5217885770490405,2.302585092994046,0.0,1387.5,2349.0
9596000,100,96,2,2,100,0.020833333333333332,1.0,0.020833333333333332,1,3557531,4.61512051684126,4.61512051684126,4.574710978503383,1.0986122886681098,1.0986122886681098,1387.5,1054.0
5524000,100,98,0,2,100,0.0,0.0,0.02040816326530612,1,4740993,4.61512051684126,4.61512051684126,4.59511985013459,0.0,1.0986122886681098,1387.5,1177.0
6422000,100,99,0,1,96,0.0,0.0,0.010101010101010102,1,1860714,4.61512051684126,4.574710978503383,4.605170185988092,0.0,0.6931471805599453,1387.5,1627.0
6952000,100,97,1,2,100,0.010309278350515464,2.0,0.020618556701030927,1,8690163,4.61512051684126,4.61512051684126,4.584967478670572,0.6931471805599453,1.0986122886681098,1387.5,1108.0
6048000,100,99,0,1,100,0.0,0.0,0.010101010101010102,1,4847160,4.61512051684126,4.61512051684126,4.605170185988092,0.0,0.6931471805599453,1387.5,1627.0
6906000,100,99,0,1,100,0.0,0.0,0.010101010101010102,1,3560964,4.61512051684126,4.61512051684126,4.605170185988092,0.0,0.6931471805599453,1387.5,1627.0
7014000,100,99,0,1,100,0.0,0.0,0.010101010101010102,1,4012409,4.61512051684126,4.61512051684126,4.605170185988092,0.0,0.6931471805599453,1387.5,1627.0
7110000,100,97,2,1,100,0.020618556701030927,0.5,0.010309278350515464,1,1632813,4.61512051684126,4.61512051684126,4.584967478670572,1.0986122886681098,0.6931471805599453,1387.5,1403.0
1106000,100,99,0,1,100,0.0,0.0,0.010101010101010102,1,2680354,4.61512051684126,4.61512051684126,4.605170185988092,0.0,0.6931471805599453,1387.5,1627.0
2114000,100,99,1,0,100,0.010101010101010102,0.0,0.0,0,7601539,4.61512051684126,4.61512051684126,4.605170185988092,0.6931471805599453,0.0,1387.5,2349.0
486000,100,100,0,0,100,0.0,0.0,0.0,0,1804863,4.61512051684126,4.61512051684126,4.61512051684126,0.0,0.0,1387.5,2349.0
556000,100,100,0,0,100,0.0,0.0,0.0,0,2425858,4.61512051684126,4.61512051684126,4.61512051684126,0.0,0.0,1387.5,2349.0
2330000,100,100,0,0,100,0.0,0.0,0.0,0,9758891,4.61512051684126,4.61512051684126,4.61512051684126,0.0,0.0,1387.5,2349.0
1896000,100,86,4,10,100,0.046511627906976744,2.5,0.11627906976744186,1,3235816,4.61512051684126,4.61512051684126,4.465908118654584,1.6094379124341003,2.3978952727983707,1387.5,170.0
9880000,100,93,3,4,100,0.03225806451612903,1.3333333333333333,0.043010752688172046,1,5349585,4.61512051684126,4.61512051684126,4.543294782270004,1.3862943611198906,1.6094379124341003,1387.5,596.5
9488000,100,72,13,15,100,0.18055555555555555,1.1538461538461537,0.20833333333333334,1,6173930,4.61512051684126,4.61512051684126,4.290459441148391,2.6390573296152584,2.772588722239781,1387.5,57.0
2222000,100,99,0,1,100,0.0,0.0,0.010101010101010102,1,2332991,4.61512051684126,4.61512051684126,4.605170185988092,0.0,0.6931471805599453,1387.5,1627.0
618000,100,73,22,5,100,0.3013698630136986,0.22727272727272727,0.0684931506849315,1,2793744,4.61512051684126,4.61512051684126,4.30406509320417,3.1354942159291497,1.791759469228055,1387.5,355.0
32000,100,97,1,2,100,0.010309278350515464,2.0,0.020618556701030927,1,4513905,4.61512051684126,4.61512051684126,4.584967478670572,0.6931471805599453,1.0986122886681098,1387.5,1108.0
5240000,100,91,7,2,100,0.07692307692307693,0.2857142857142857,0.02197802197802198,1,17135216,4.61512051684126,4.61512051684126,4.5217885770490405,2.0794415416798357,1.0986122886681098,1387.5,946.0
6844000,61,61,0,0,61,0.0,0.0,0.0,0,2491433,4.127134385045092,4.127134385045092,4.127134385045092,0.0,0.0,2852.0,2349.0
5258000,100,89,9,2,98,0.10112359550561797,0.2222222222222222,0.02247191011235955,1,2009471,4.61512051684126,4.59511985013459,4.499809670330265,2.302585092994046,1.0986122886681098,1387.5,926.5
1692000,100,90,10,0,100,0.1111111111111111,0.0,0.0,0,3367125,4.61512051684126,4.61512051684126,4.51085950651685,2.3978952727983707,0.0,1387.5,2349.0
1016000,100,100,0,0,97,0.0,0.0,0.0,0,1719873,4.61512051684126,4.584967478670572,4.61512051684126,0.0,0.0,1387.5,2349.0
998000,100,82,18,0,100,0.21951219512195122,0.0,0.0,0,1617245,4.61512051684126,4.61512051684126,4.418840607796598,2.9444389791664403,0.0,1387.5,2349.0
3768000,100,78,2,20,100,0.02564102564102564,10.0,0.2564102564102564,1,7257439,4.61512051684126,4.61512051684126,4.3694478524670215,1.0986122886681098,3.044522437723423,1387.5,35.0
112000,100,96,4,0,100,0.041666666666666664,0.0,0.0,0,10604017,4.61512051684126,4.61512051684126,4.574710978503383,1.6094379124341003,0.0,1387.5,2349.0
8600000,100,97,1,2,100,0.010309278350515464,2.0,0.020618556701030927,1,1532221,4.61512051684126,4.61512051684126,4.584967478670572,0.6931471805599453,1.0986122886681098,1387.5,1108.0
5416000,100,100,0,0,100,0.0,0.0,0.0,0,8667843,4.61512051684126,4.61512051684126,4.61512051684126,0.0,0.0,1387.5,2349.0
1432000,100,87,5,8,100,0.05747126436781609,1.6,0.09195402298850575,1,4728459,4.61512051684126,4.61512051684126,4.477336814478207,1.791759469228055,2.1972245773362196,1387.5,236.0
5632000,100,98,2,0,100,0.02040816326530612,0.0,0.0,0,3012198,4.61512051684126,4.61512051684126,4.59511985013459,1.0986122886681098,0.0,1387.5,2349.0
7218000,100,100,0,0,100,0.0,0.0,0.0,0,4615316,4.61512051684126,4.61512051684126,4.61512051684126,0.0,0.0,1387.5,2349.0
798000,21,20,1,0,21,0.05,0.0,0.0,0,14348454,3.091042453358316,3.091042453358316,3.044522437723423,0.6931471805599453,0.0,2940.0,2349.0
7128000,100,97,1,2,100,0.010309278350515464,2.0,0.020618556701030927,1,16315737,4.61512051684126,4.61512051684126,4.584967478670572,0.6931471805599453,1.0986122886681098,1387.5,1108.0
4734000,100,96,0,4,100,0.0,0.0,0.041666666666666664,1,1550485,4.61512051684126,4.61512051684126,4.574710978503383,0.0,1.6094379124341003,1387.5,665.5
732000,100,97,3,0,100,0.030927835051546393,0.0,0.0,0,1980799,4.61512051684126,4.61512051684126,4.584967478670572,1.3862943611198906,0.0,1387.5,2349.0
6428000,100,97,2,1,100,0.020618556701030927,0.5,0.010309278350515464,1,3082879,4.61512051684126,4.61512051684126,4.584967478670572,1.0986122886681098,0.6931471805599453,1387.5,1403.0
5150000,100,96,4,0,100,0.041666666666666664,0.0,0.0,0,1682385,4.61512051684126,4.61512051684126,4.574710978503383,1.6094379124341003,0.0,1387.5,2349.0
902000,43,43,0,0,43,0.0,0.0,0.0,0,2700516,3.784189633918261,3.784189633918261,3.784189633918261,0.0,0.0,2886.0,2349.0
4450000,100,91,9,0,100,0.0989010989010989,0.0,0.0,0,3426252,4.61512051684126,4.61512051684126,4.5217885770490405,2.302585092994046,0.0,1387.5,2349.0
2180000,100,95,5,0,100,0.05263157894736842,0.0,0.0,0,2954533,4.61512051684126,4.61512051684126,4.564348191467836,1.791759469228055,0.0,1387.5,2349.0
5354000,14,14,0,0,14,0.0,0.0,0.0,0,2513075,2.70805020110221,2.70805020110221,2.70805020110221,0.0,0.0,2952.5,2349.0
5940000,5,5,0,0,5,0.0,0.0,0.0,0,2500511,1.791759469228055,1.791759469228055,1.791759469228055,0.0,0.0,2980.0,2349.0
690000,5,5,0,0,5,0.0,0.0,0.0,0,2573225,1.791759469228055,1.791759469228055,1.791759469228055,0.0,0.0,2980.0,2349.0
1250000,100,88,6,6,100,0.06818181818181818,1.0,0.06818181818181818,1,2098832,4.61512051684126,4.61512051684126,4.48863636973214,1.9459101490553132,1.9459101490553132,1387.5,358.0
5172000,100,91,2,7,100,0.02197802197802198,3.5,0.07692307692307693,1,3256845,4.61512051684126,4.61512051684126,4.5217885770490405,1.0986122886681098,2.0794415416798357,1387.5,318.0
6662000,100,100,0,0,100,0.0,0.0,0.0,0,2425240,4.61512051684126,4.61512051684126,4.61512051684126,0.0,0.0,1387.5,2349.0
7036000,100,94,2,4,100,0.02127659574468085,2.0,0.0425531914893617,1,9099883,4.61512051684126,4.61512051684126,4.553876891600541,1.0986122886681098,1.6094379124341003,1387.5,616.0
26000,100,100,0,0,100,0.0,0.0,0.0,0,3396427,4.61512051684126,4.61512051684126,4.61512051684126,0.0,0.0,1387.5,2349.0
5962000,100,77,9,14,100,0.11688311688311688,1.5555555555555556,0.18181818181818182,1,15214219,4.61512051684126,4.61512051684126,4.356708826689592,2.302585092994046,2.70805020110221,1387.5,80.0
6928000,100,97,1,2,100,0.010309278350515464,2.0,0.020618556701030927,1,4018302,4.61512051684126,4.61512051684126,4.584967478670572,0.6931471805599453,1.0986122886681098,1387.5,1108.0
966000,100,100,0,0,100,0.0,0.0,0.0,0,1564442,4.61512051684126,4.61512051684126,4.61512051684126,0.0,0.0,1387.5,2349.0
6180000,100,100,0,0,99,0.0,0.0,0.0,0,2263588,4.61512051684126,4.605170185988092,4.61512051684126,0.0,0.0,1387.5,2349.0
6464000,100,100,0,0,100,0.0,0.0,0.0,0,3706743,4.61512051684126,4.61512051684126,4.61512051684126,0.0,0.0,1387.5,2349.0
436000,100,95,1,4,100,0.010526315789473684,4.0,0.042105263157894736,1,6976074,4.61512051684126,4.61512051684126,4.564348191467836,0.6931471805599453,1.6094379124341003,1387.5,641.5
5758000,100,100,0,0,96,0.0,0.0,0.0,0,4714657,4.61512051684126,4.574710978503383,4.61512051684126,0.0,0.0,1387.5,2349.0
834000,100,93,5,2,100,0.053763440860215055,0.4,0.021505376344086023,1,3088727,4.61512051684126,4.61512051684126,4.543294782270004,1.791759469228055,1.0986122886681098,1387.5,976.0
5342000,100,99,0,1,100,0.0,0.0,0.010101010101010102,1,4031721,4.61512051684126,4.61512051684126,4.605170185988092,0.0,0.6931471805599453,1387.5,1627.0
5588000,100,92,2,6,100,0.021739130434782608,3.0,0.06521739130434782,1,2936704,4.61512051684126,4.61512051684126,4.532599493153256,1.0986122886681098,1.9459101490553132,1387.5,382.0
4376000,100,99,0,1,100,0.0,0.0,0.010101010101010102,1,6554641,4.61512051684126,4.61512051684126,4.605170185988092,0.0,0.6931471805599453,1387.5,1627.0
5866000,100,96,1,3,100,0.010416666666666666,3.0,0.03125,1,9541273,4.61512051684126,4.61512051684126,4.574710978503383,0.6931471805599453,1.3862943611198906,1387.5,834.0
720000,100,91,3,6,100,0.03296703296703297,2.0,0.06593406593406594,1,11379561,4.61512051684126,4.61512051684126,4.5217885770490405,1.3862943611198906,1.9459101490553132,1387.5,373.5
1624000,100,98,0,2,100,0.0,0.0,0.02040816326530612,1,3350792,4.61512051684126,4.61512051684126,4.59511985013459,0.0,1.0986122886681098,1387.5,1177.0
9856000,100,84,14,2,100,0.16666666666666666,0.14285714285714285,0.023809523809523808,1,1583664,4.61512051684126,4.61512051684126,4.442651256490317,2.70805020110221,1.0986122886681098,1387.5,909.0
9590000,100,88,6,6,100,0.06818181818181818,1.0,0.06818181818181818,1,3315434,4.61512051684126,4.61512051684126,4.48863636973214,1.9459101490553132,1.9459101490553132,1387.5,358.0
442000,100,98,2,0,100,0.02040816326530612,0.0,0.0,0,2855338,4.61512051684126,4.61512051684126,4.59511985013459,1.0986122886681098,0.0,1387.5,2349.0
4552000,100,100,0,0,100,0.0,0.0,0.0,0,2460067,4.61512051684126,4.61512051684126,4.61512051684126,0.0,0.0,1387.5,2349.0
4926000,100,98,1,1,100,0.01020408163265306,1.0,0.01020408163265306,1,2198525,4.61512051684126,4.61512051684126,4.59511985013459,0.6931471805599453,0.6931471805599453,1387.5,1497.0
5234000,100,96,1,3,100,0.010416666666666666,3.0,0.03125,1,3216389,4.61512051684126,4.61512051684126,4.574710978503383,0.6931471805599453,1.3862943611198906,1387.5,834.0
3478000,100,95,2,3,100,0.021052631578947368,1.5,0.031578947368421054,1,2389507,4.61512051684126,4.61512051684126,4.564348191467836,1.0986122886681098,1.3862943611198906,1387.5,792.5
7628000,100,99,0,1,100,0.0,0.0,0.010101010101010102,1,10611392,4.61512051684126,4.61512051684126,4.605170185988092,0.0,0.6931471805599453,1387.5,1627.0
4382000,100,98,2,0,100,0.02040816326530612,0.0,0.0,0,1875646,4.61512051684126,4.61512051684126,4.59511985013459,1.0986122886681098,0.0,1387.5,2349.0
5058000,100,84,2,14,100,0.023809523809523808,7.0,0.16666666666666666,1,2830440,4.61512051684126,4.61512051684126,4.442651256490317,1.0986122886681098,2.70805020110221,1387.5,91.0
5934000,100,100,0,0,100,0.0,0.0,0.0,0,10541191,4.61512051684126,4.61512051684126,4.61512051684126,0.0,0.0,1387.5,2349.0
5280000,100,93,1,6,100,0.010752688172043012,6.0,0.06451612903225806,1,3801689,4.61512051684126,4.61512051684126,4.543294782270004,0.6931471805599453,1.9459101490553132,1387.5,395.5
1100000,100,98,2,0,100,0.02040816326530612,0.0,0.0,0,2591680,4.61512051684126,4.61512051684126,4.59511985013459,1.0986122886681098,0.0,1387.5,2349.0
1032000,100,100,0,0,100,0.0,0.0,0.0,0,1150584,4.61512051684126,4.61512051684126,4.61512051684126,0.0,0.0,1387.5,2349.0
4968000,100,96,2,2,100,0.020833333333333332,1.0,0.020833333333333332,1,5432500,4.61512051684126,4.61512051684126,4.574710978503383,1.0986122886681098,1.0986122886681098,1387.5,1054.0
9414000,52,38,13,1,52,0.34210526315789475,0.07692307692307693,0.02631578947368421,1,1391559,3.970291913552122,3.970291913552122,3.6635616461296463,2.6390573296152584,0.6931471805599453,2866.5,899.0
10006000,100,97,1,2,100,0.010309278350515464,2.0,0.020618556701030927,1,7258842,4.61512051684126,4.61512051684126,4.584967478670572,0.6931471805599453,1.0986122886681098,1387.5,1108.0
242000,100,99,0,1,98,0.0,0.0,0.010101010101010102,1,4545228,4.61512051684126,4.59511985013459,4.605170185988092,0.0,0.6931471805599453,1387.5,1627.0
1208000,100,99,0,1,100,0.0,0.0,0.010101010101010102,1,2940171,4.61512051684126,4.61512051684126,4.605170185988092,0.0,0.6931471805599453,1387.5,1627.0
8418000,100,96,1,3,100,0.010416666666666666,3.0,0.03125,1,4485464,4.61512051684126,4.61512051684126,4.574710978503383,0.6931471805599453,1.3862943611198906,1387.5,834.0
7520000,100,100,0,0,100,0.0,0.0,0.0,0,2483080,4.61512051684126,4.61512051684126,4.61512051684126,0.0,0.0,1387.5,2349.0
5764000,100,95,3,2,100,0.031578947368421054,0.6666666666666666,0.021052631578947368,1,2653249,4.61512051684126,4.61512051684126,4.564348191467836,1.3862943611198906,1.0986122886681098,1387.5,1019.0
6946000,100,100,0,0,100,0.0,0.0,0.0,0,4005952,4.61512051684126,4.61512051684126,4.61512051684126,0.0,0.0,1387.5,2349.0
658000,100,98,0,2,100,0.0,0.0,0.02040816326530612,1,4744344,4.61512051684126,4.61512051684126,4.59511985013459,0.0,1.0986122886681098,1387.5,1177.0
6138000,100,100,0,0,100,0.0,0.0,0.0,0,2948391,4.61512051684126,4.61512051684126,4.61512051684126,0.0,0.0,1387.5,2349.0
6838000,100,99,1,0,100,0.010101010101010102,0.0,0.0,0,3467037,4.61512051684126,4.61512051684126,4.605170185988092,0.6931471805599453,0.0,1387.5,2349.0
6042000,100,100,0,0,100,0.0,0.0,0.0,0,3924422,4.61512051684126,4.61512051684126,4.61512051684126,0.0,0.0,1387.5,2349.0
128000,100,84,4,12,100,0.047619047619047616,3.0,0.14285714285714285,1,11099215,4.61512051684126,4.61512051684126,4.442651256490317,1.6094379124341003,2.5649493574615367,1387.5,114.5
1074000,59,58,1,0,59,0.017241379310344827,0.0,0.0,0,19441053,4.0943445622221,4.0943445622221,4.07753744390572,0.6931471805599453,0.0,2855.0,2349.0
1340000,100,100,0,0,100,0.0,0.0,0.0,0,4709100,4.61512051684126,4.61512051684126,4.61512051684126,0.0,0.0,1387.5,2349.0
1516000,100,89,10,1,100,0.11235955056179775,0.1,0.011235955056179775,1,3805908,4.61512051684126,4.61512051684126,4.499809670330265,2.3978952727983707,0.6931471805599453,1387.5,1238.5
5076000,100,94,6,0,100,0.06382978723404255,0.0,0.0,0,2418060,4.61512051684126,4.61512051684126,4.553876891600541,1.9459101490553132,0.0,1387.5,2349.0
5650000,100,97,2,1,100,0.020618556701030927,0.5,0.010309278350515464,1,4421288,4.61512051684126,4.61512051684126,4.584967478670572,1.0986122886681098,0.6931471805599453,1387.5,1403.0
9964000,100,88,4,8,100,0.045454545454545456,2.0,0.09090909090909091,1,6359488,4.61512051684126,4.61512051684126,4.48863636973214,1.6094379124341003,2.1972245773362196,1387.5,240.0
6724000,100,95,0,5,100,0.0,0.0,0.05263157894736842,1,11299667,4.61512051684126,4.61512051684126,4.564348191467836,0.0,1.791759469228055,1387.5,527.5
6832000,100,100,0,0,100,0.0,0.0,0.0,0,6480075,4.61512051684126,4.61512051684126,4.61512051684126,0.0,0.0,1387.5,2349.0
5872000,100,95,2,3,100,0.021052631578947368,1.5,0.031578947368421054,1,5786466,4.61512051684126,4.61512051684126,4.564348191467836,1.0986122886681098,1.3862943611198906,1387.5,792.5
4268000,100,84,14,2,100,0.16666666666666666,0.14285714285714285,0.023809523809523808,1,2469317,4.61512051684126,4.61512051684126,4.442651256490317,2.70805020110221,1.0986122886681098,1387.5,909.0
7736000,100,98,0,2,100,0.0,0.0,0.02040816326530612,1,5057176,4.61512051684126,4.61512051684126,4.59511985013459,0.0,1.0986122886681098,1387.5,1177.0
7078000,100,99,1,0,100,0.010101010101010102,0.0,0.0,0,2516529,4.61512051684126,4.61512051684126,4.605170185988092,0.6931471805599453,0.0,1387.5,2349.0
5456000,100,98,0,2,100,0.0,0.0,0.02040816326530612,1,4427328,4.61512051684126,4.61512051684126,4.59511985013459,0.0,1.0986122886681098,1387.5,1177.0
4750000,100,88,10,2,100,0.11363636363636363,0.2,0.022727272727272728,1,1620369,4.61512051684126,4.61512051684126,4.48863636973214,2.3978952727983707,1.0986122886681098,1387.5,921.0
3586000,100,100,0,0,100,0.0,0.0,0.0,0,5755995,4.61512051684126,4.61512051684126,4.61512051684126,0.0,0.0,1387.5,2349.0
6548000,100,99,0,1,100,0.0,0.0,0.010101010101010102,1,3031390,4.61512051684126,4.61512051684126,4.605170185988092,0.0,0.6931471805599453,1387.5,1627.0
9306000,100,93,1,6,100,0.010752688172043012,6.0,0.06451612903225806,1,2214805,4.61512051684126,4.61512051684126,4.543294782270004,0.6931471805599453,1.9459101490553132,1387.5,395.5
1800000,100,98,1,1,99,0.01020408163265306,1.0,0.01020408163265306,1,5876128,4.61512051684126,4.605170185988092,4.59511985013459,0.6931471805599453,0.6931471805599453,1387.5,1497.0
4860000,100,91,2,7,100,0.02197802197802198,3.5,0.07692307692307693,1,3655178,4.61512051684126,4.61512051684126,4.5217885770490405,1.0986122886681098,2.0794415416798357,1387.5,318.0
1142000,100,100,0,0,100,0.0,0.0,0.0,0,2273395,4.61512051684126,4.61512051684126,4.61512051684126,0.0,0.0,1387.5,2349.0
2414000,100,95,3,2,100,0.031578947368421054,0.6666666666666666,0.021052631578947368,1,2075149,4.61512051684126,4.61512051684126,4.564348191467836,1.3862943611198906,1.0986122886681098,1387.5,1019.0
134000,100,96,4,0,100,0.041666666666666664,0.0,0.0,0,1529624,4.61512051684126,4.61512051684126,4.574710978503383,1.6094379124341003,0.0,1387.5,2349.0
1870000,100,99,0,1,99,0.0,0.0,0.010101010101010102,1,3708960,4.61512051684126,4.605170185988092,4.605170185988092,0.0,0.6931471805599453,1387.5,1627.0
10072000,100,83,9,8,100,0.10843373493975904,0.8888888888888888,0.0963855421686747,1,3126137,4.61512051684126,4.61512051684126,4.430816798843313,2.302585092994046,2.1972245773362196,1387.5,219.5
6554000,100,96,0,4,99,0.0,0.0,0.041666666666666664,1,2918473,4.61512051684126,4.605170185988092,4.574710978503383,0.0,1.6094379124341003,1387.5,665.5
924000,34,34,0,0,34,0.0,0.0,0.0,0,19180619,3.5553480614894135,3.5553480614894135,3.5553480614894135,0.0,0.0,2904.5,2349.0
6416000,100,98,0,2,100,0.0,0.0,0.02040816326530612,1,4338267,4.61512051684126,4.61512051684126,4.59511985013459,0.0,1.0986122886681098,1387.5,1177.0
550000,100,99,0,1,100,0.0,0.0,0.010101010101010102,1,3116109,4.61512051684126,4.61512051684126,4.605170185988092,0.0,0.6931471805599453,1387.5,1627.0
380000,41,41,0,0,41,0.0,0.0,0.0,0,5341715,3.7376696182833684,3.7376696182833684,3.7376696182833684,0.0,0.0,2888.0,2349.0
9698000,100,83,16,1,100,0.1927710843373494,0.0625,0.012048192771084338,1,5052292,4.61512051684126,4.61512051684126,4.430816798843313,2.833213344056216,0.6931471805599453,1387.5,1225.0
6246000,6,5,1,0,6,0.2,0.0,0.0,0,1468221,1.9459101490553132,1.9459101490553132,1.791759469228055,0.6931471805599453,0.0,2974.5,2349.0
5450000,11,11,0,0,11,0.0,0.0,0.0,0,1398249,2.4849066497880004,2.4849066497880004,2.4849066497880004,0.0,0.0,2961.0,2349.0
7554000,100,96,3,1,100,0.03125,0.3333333333333333,0.010416666666666666,1,1837669,4.61512051684126,4.61512051684126,4.574710978503383,1.3862943611198906,0.6931471805599453,1387.5,1350.0
1688000,100,92,8,0,100,0.08695652173913043,0.0,0.0,0,3716266,4.61512051684126,4.61512051684126,4.532599493153256,2.1972245773362196,0.0,1387.5,2349.0
6896000,100,100,0,0,100,0.0,0.0,0.0,0,9700182,4.61512051684126,4.61512051684126,4.61512051684126,0.0,0.0,1387.5,2349.0
8334000,100,100,0,0,100,0.0,0.0,0.0,0,3821683,4.61512051684126,4.61512051684126,4.61512051684126,0.0,0.0,1387.5,2349.0
8618000,100,99,1,0,100,0.010101010101010102,0.0,0.0,0,2482174,4.61512051684126,4.61512051684126,4.605170185988092,0.6931471805599453,0.0,1387.5,2349.0
6372000,14,14,0,0,14,0.0,0.0,0.0,0,1130362,2.70805020110221,2.70805020110221,2.70805020110221,0.0,0.0,2952.5,2349.0
8992000,100,91,5,4,100,0.054945054945054944,0.8,0.04395604395604396,1,2723793,4.61512051684126,4.61512051684126,4.5217885770490405,1.791759469228055,1.6094379124341003,1387.5,571.0
544000,32,29,3,0,32,0.10344827586206896,0.0,0.0,0,2722544,3.4965075614664802,3.4965075614664802,3.4011973816621555,1.3862943611198906,0.0,2909.0,2349.0
6656000,100,77,21,2,100,0.2727272727272727,0.09523809523809523,0.025974025974025976,1,2671066,4.61512051684126,4.61512051684126,4.356708826689592,3.091042453358316,1.0986122886681098,1387.5,901.5
4370000,100,95,5,0,100,0.05263157894736842,0.0,0.0,0,2165937,4.61512051684126,4.61512051684126,4.564348191467836,1.791759469228055,0.0,1387.5,2349.0
5860000,100,94,6,0,100,0.06382978723404255,0.0,0.0,0,4777778,4.61512051684126,4.61512051684126,4.553876891600541,1.9459101490553132,0.0,1387.5,2349.0
652000,100,99,1,0,100,0.010101010101010102,0.0,0.0,0,5614269,4.61512051684126,4.61512051684126,4.605170185988092,0.6931471805599453,0.0,1387.5,2349.0
790000,100,82,3,15,100,0.036585365853658534,5.0,0.18292682926829268,1,8219194,4.61512051684126,4.61512051684126,4.418840607796598,1.3862943611198906,2.772588722239781,1387.5,78.0
3670000,100,96,2,2,100,0.020833333333333332,1.0,0.020833333333333332,1,1982364,4.61512051684126,4.61512051684126,4.574710978503383,1.0986122886681098,1.0986122886681098,1387.5,1054.0
1026000,100,98,2,0,100,0.02040816326530612,0.0,0.0,0,4729436,4.61512051684126,4.61512051684126,4.59511985013459,1.0986122886681098,0.0,1387.5,2349.0
4308000,100,100,0,0,100,0.0,0.0,0.0,0,3289403,4.61512051684126,4.61512051684126,4.61512051684126,0.0,0.0,1387.5,2349.0
476000,100,97,1,2,100,0.010309278350515464,2.0,0.020618556701030927,1,3465188,4.61512051684126,4.61512051684126,4.584967478670572,0.6931471805599453,1.0986122886681098,1387.5,1108.0
5472000,100,81,11,8,100,0.13580246913580246,0.7272727272727273,0.09876543209876543,1,2167342,4.61512051684126,4.61512051684126,4.406719247264253,2.4849066497880004,2.1972245773362196,1387.5,216.0
4876000,100,94,5,1,100,0.05319148936170213,0.2,0.010638297872340425,1,3269134,4.61512051684126,4.61512051684126,4.553876891600541,1.791759469228055,0.6931471805599453,1387.5,1296.0
3404000,100,75,23,2,90,0.30666666666666664,0.08695652173913043,0.02666666666666667,1,1310344,4.61512051684126,4.51085950651685,4.330733340286331,3.1780538303479458,1.0986122886681098,1387.5,896.5
5998000,100,96,1,3,100,0.010416666666666666,3.0,0.03125,1,5216370,4.61512051684126,4.61512051684126,4.574710978503383,0.6931471805599453,1.3862943611198906,1387.5,834.0
4678000,100,91,6,3,100,0.06593406593406594,0.5,0.03296703296703297,1,5874411,4.61512051684126,4.61512051684126,4.5217885770490405,1.9459101490553132,1.3862943611198906,1387.5,716.0
6064000,30,30,0,0,30,0.0,0.0,0.0,0,7406158,3.4339872044851463,3.4339872044851463,3.4339872044851463,0.0,0.0,2916.0,2349.0
5098000,100,99,1,0,99,0.010101010101010102,0.0,0.0,0,8511625,4.61512051684126,4.605170185988092,4.605170185988092,0.6931471805599453,0.0,1387.5,2349.0
5690000,100,100,0,0,100,0.0,0.0,0.0,0,1830599,4.61512051684126,4.61512051684126,4.61512051684126,0.0,0.0,1387.5,2349.0
4894000,100,96,2,2,98,0.020833333333333332,1.0,0.020833333333333332,1,7070500,4.61512051684126,4.59511985013459,4.574710978503383,1.0986122886681098,1.0986122886681098,1387.5,1054.0
1618000,100,100,0,0,100,0.0,0.0,0.0,0,3947781,4.61512051684126,4.61512051684126,4.61512051684126,0.0,0.0,1387.5,2349.0
1334000,100,98,1,1,100,0.01020408163265306,1.0,0.01020408163265306,1,7690475,4.61512051684126,4.61512051684126,4.59511985013459,0.6931471805599453,0.6931471805599453,1387.5,1497.0
4194000,100,89,3,8,100,0.033707865168539325,2.6666666666666665,0.0898876404494382,1,5396382,4.61512051684126,4.61512051684126,4.499809670330265,1.3862943611198906,2.1972245773362196,1387.5,244.5
9124000,100,93,2,5,100,0.021505376344086023,2.5,0.053763440860215055,1,13758727,4.61512051684126,4.61512051684126,4.543294782270004,1.0986122886681098,1.791759469228055,1387.5,492.0
4086000,100,100,0,0,100,0.0,0.0,0.0,0,3709779,4.61512051684126,4.61512051684126,4.61512051684126,0.0,0.0,1387.5,2349.0
4568000,100,95,4,1,100,0.042105263157894736,0.25,0.010526315789473684,1,10387550,4.61512051684126,4.61512051684126,4.564348191467836,1.6094379124341003,0.6931471805599453,1387.5,1321.0
8442000,100,99,0,1,100,0.0,0.0,0.010101010101010102,1,2917928,4.61512051684126,4.61512051684126,4.605170185988092,0.0,0.6931471805599453,1387.5,1627.0
10136000,100,62,4,34,100,0.06451612903225806,8.5,0.5483870967741935,1,12819062,4.61512051684126,4.61512051684126,4.143134726391533,1.6094379124341003,3.5553480614894135,1387.5,5.0
9408000,100,88,10,2,100,0.11363636363636363,0.2,0.022727272727272728,1,8565028,4.61512051684126,4.61512051684126,4.48863636973214,2.3978952727983707,1.0986122886681098,1387.5,921.0
10090000,100,82,2,16,100,0.024390243902439025,8.0,0.1951219512195122,1,6644032,4.61512051684126,4.61512051684126,4.418840607796598,1.0986122886681098,2.833213344056216,1387.5,63.0
10108000,100,100,0,0,100,0.0,0.0,0.0,0,2209497,4.61512051684126,4.61512051684126,4.61512051684126,0.0,0.0,1387.5,2349.0
4882000,100,89,4,7,100,0.0449438202247191,1.75,0.07865168539325842,1,9056717,4.61512051684126,4.61512051684126,4.499809670330265,1.6094379124341003,2.0794415416798357,1387.5,298.5
5274000,100,99,1,0,99,0.010101010101010102,0.0,0.0,0,4730192,4.61512051684126,4.605170185988092,4.605170185988092,0.6931471805599453,0.0,1387.5,2349.0
4990000,100,97,2,1,100,0.020618556701030927,0.5,0.010309278350515464,1,2639418,4.61512051684126,4.61512051684126,4.584967478670572,1.0986122886681098,0.6931471805599453,1387.5,1403.0
5468000,100,98,1,1,100,0.01020408163265306,1.0,0.01020408163265306,1,12440462,4.61512051684126,4.61512051684126,4.59511985013459,0.6931471805599453,0.6931471805599453,1387.5,1497.0
6480000,100,96,1,3,100,0.010416666666666666,3.0,0.03125,1,2613753,4.61512051684126,4.61512051684126,4.574710978503383,0.6931471805599453,1.3862943611198906,1387.5,834.0
6764000,73,73,0,0,73,0.0,0.0,0.0,0,21766385,4.30406509320417,4.30406509320417,4.30406509320417,0.0,0.0,2830.5,2349.0
7446000,100,99,0,1,100,0.0,0.0,0.010101010101010102,1,11007911,4.61512051684126,4.61512051684126,4.605170185988092,0.0,0.6931471805599453,1387.5,1627.0
1442000,100,98,0,2,100,0.0,0.0,0.02040816326530612,1,2527160,4.61512051684126,4.61512051684126,4.59511985013459,0.0,1.0986122886681098,1387.5,1177.0
5752000,100,99,1,0,100,0.010101010101010102,0.0,0.0,0,4510776,4.61512051684126,4.61512051684126,4.605170185988092,0.6931471805599453,0.0,1387.5,2349.0
3996000,100,99,1,0,100,0.010101010101010102,0.0,0.0,0,2520969,4.61512051684126,4.61512051684126,4.605170185988092,0.6931471805599453,0.0,1387.5,2349.0
5406000,100,97,1,2,100,0.010309278350515464,2.0,0.020618556701030927,1,4360052,4.61512051684126,4.61512051684126,4.584967478670572,0.6931471805599453,1.0986122886681098,1387.5,1108.0
538000,100,95,1,4,100,0.010526315789473684,4.0,0.042105263157894736,1,5432989,4.61512051684126,4.61512051684126,4.564348191467836,0.6931471805599453,1.6094379124341003,1387.5,641.5
5160000,100,90,5,5,100,0.05555555555555555,1.0,0.05555555555555555,1,3093496,4.61512051684126,4.61512051684126,4.51085950651685,1.791759469228055,1.791759469228055,1387.5,454.5
9890000,100,91,6,3,100,0.06593406593406594,0.5,0.03296703296703297,1,2154113,4.61512051684126,4.61512051684126,4.5217885770490405,1.9459101490553132,1.3862943611198906,1387.5,716.0
9232000,100,98,2,0,100,0.02040816326530612,0.0,0.0,0,1737349,4.61512051684126,4.61512051684126,4.59511985013459,1.0986122886681098,0.0,1387.5,2349.0
10028000,100,100,0,0,100,0.0,0.0,0.0,0,3665548,4.61512051684126,4.61512051684126,4.61512051684126,0.0,0.0,1387.5,2349.0
9824000,100,96,2,2,100,0.020833333333333332,1.0,0.020833333333333332,1,1843150,4.61512051684126,4.61512051684126,4.574710978503383,1.0986122886681098,1.0986122886681098,1387.5,1054.0
9782000,100,94,5,1,100,0.05319148936170213,0.2,0.010638297872340425,1,2659231,4.61512051684126,4.61512051684126,4.553876891600541,1.791759469228055,0.6931471805599453,1387.5,1296.0
1158000,100,88,3,9,86,0.03409090909090909,3.0,0.10227272727272728,1,4919435,4.61512051684126,4.465908118654584,4.48863636973214,1.3862943611198906,2.302585092994046,1387.5,200.0
368000,100,100,0,0,100,0.0,0.0,0.0,0,2428993,4.61512051684126,4.61512051684126,4.61512051684126,0.0,0.0,1387.5,2349.0
742000,100,85,10,5,100,0.11764705882352941,0.5,0.058823529411764705,1,1554763,4.61512051684126,4.61512051684126,4.454347296253507,2.3978952727983707,1.791759469228055,1387.5,424.0
5166000,100,95,0,5,100,0.0,0.0,0.05263157894736842,1,4691821,4.61512051684126,4.61512051684126,4.564348191467836,0.0,1.791759469228055,1387.5,527.5
260000,100,95,3,2,100,0.031578947368421054,0.6666666666666666,0.021052631578947368,1,3375004,4.61512051684126,4.61512051684126,4.564348191467836,1.3862943611198906,1.0986122886681098,1387.5,1019.0
254000,100,100,0,0,100,0.0,0.0,0.0,0,5701602,4.61512051684126,4.61512051684126,4.61512051684126,0.0,0.0,1387.5,2349.0
5576000,83,78,4,1,83,0.05128205128205128,0.25,0.01282051282051282,1,19600348,4.430816798843313,4.430816798843313,4.3694478524670215,1.6094379124341003,0.6931471805599453,2806.5,1222.5
6106000,100,90,8,2,100,0.08888888888888889,0.25,0.022222222222222223,1,4657526,4.61512051684126,4.61512051684126,4.51085950651685,2.1972245773362196,1.0986122886681098,1387.5,934.0
198000,100,100,0,0,100,0.0,0.0,0.0,0,5461245,4.61512051684126,4.61512051684126,4.61512051684126,0.0,0.0,1387.5,2349.0
5956000,100,96,0,4,100,0.0,0.0,0.041666666666666664,1,15725112,4.61512051684126,4.61512051684126,4.574710978503383,0.0,1.6094379124341003,1387.5,665.5
784000,100,100,0,0,100,0.0,0.0,0.0,0,2651143,4.61512051684126,4.61512051684126,4.61512051684126,0.0,0.0,1387.5,2349.0
60000,100,97,0,3,100,0.0,0.0,0.030927835051546393,1,4356182,4.61512051684126,4.61512051684126,4.584967478670572,0.0,1.3862943611198906,1387.5,873.5
278000,100,75,21,4,100,0.28,0.19047619047619047,0.05333333333333334,1,3671651,4.61512051684126,4.61512051684126,4.330733340286331,3.091042453358316,1.6094379124341003,1387.5,503.0
5780000,45,45,0,0,45,0.0,0.0,0.0,0,20893754,3.828641396489095,3.828641396489095,3.828641396489095,0.0,0.0,2880.0,2349.0
4200000,100,96,3,1,100,0.03125,0.3333333333333333,0.010416666666666666,1,3585063,4.61512051684126,4.61512051684126,4.574710978503383,1.3862943611198906,0.6931471805599453,1387.5,1350.0
9300000,100,88,7,5,100,0.07954545454545454,0.7142857142857143,0.056818181818181816,1,5272195,4.61512051684126,4.61512051684126,4.48863636973214,2.0794415416798357,1.791759469228055,1387.5,437.0
5582000,100,95,5,0,99,0.05263157894736842,0.0,0.0,0,3991683,4.61512051684126,4.605170185988092,4.564348191467836,1.791759469228055,0.0,1387.5,2349.0
9516000,100,87,6,7,100,0.06896551724137931,1.1666666666666667,0.08045977011494253,1,2651695,4.61512051684126,4.61512051684126,4.477336814478207,1.9459101490553132,2.0794415416798357,1387.5,280.5
3296000,100,100,0,0,100,0.0,0.0,0.0,0,2474519,4.61512051684126,4.61512051684126,4.61512051684126,0.0,0.0,1387.5,2349.0
4786000,100,86,8,6,100,0.09302325581395349,0.75,0.06976744186046512,1,8119131,4.61512051684126,4.61512051684126,4.465908118654584,2.1972245773362196,1.9459101490553132,1387.5,350.5
4616000,29,26,2,1,29,0.07692307692307693,0.5,0.038461538461538464,1,23324056,3.4011973816621555,3.4011973816621555,3.295836866004329,1.0986122886681098,0.6931471805599453,2918.5,681.0
3778000,100,96,3,1,100,0.03125,0.3333333333333333,0.010416666666666666,1,2814079,4.61512051684126,4.61512051684126,4.574710978503383,1.3862943611198906,0.6931471805599453,1387.5,1350.0
5364000,19,19,0,0,19,0.0,0.0,0.0,0,393360,2.995732273553991,2.995732273553991,2.995732273553991,0.0,0.0,2944.5,2349.0
6854000,2,2,0,0,2,0.0,0.0,0.0,0,707,1.0986122886681098,1.0986122886681098,1.0986122886681098,0.0,0.0,2992.0,2349.0
7362000,100,100,0,0,100,0.0,0.0,0.0,0,2444224,4.61512051684126,4.61512051684126,4.61512051684126,0.0,0.0,1387.5,2349.0
16000,100,100,0,0,99,0.0,0.0,0.0,0,3354051,4.61512051684126,4.605170185988092,4.61512051684126,0.0,0.0,1387.5,2349.0
9118000,100,94,4,2,100,0.0425531914893617,0.5,0.02127659574468085,1,4488589,4.61512051684126,4.61512051684126,4.553876891600541,1.6094379124341003,1.0986122886681098,1387.5,996.5
5026000,100,100,0,0,100,0.0,0.0,0.0,0,3397667,4.61512051684126,4.61512051684126,4.61512051684126,0.0,0.0,1387.5,2349.0
470000,100,100,0,0,100,0.0,0.0,0.0,0,4846796,4.61512051684126,4.61512051684126,4.61512051684126,0.0,0.0,1387.5,2349.0
3488000,100,99,0,1,100,0.0,0.0,0.010101010101010102,1,5688585,4.61512051684126,4.61512051684126,4.605170185988092,0.0,0.6931471805599453,1387.5,1627.0
8744000,100,88,5,7,100,0.056818181818181816,1.4,0.07954545454545454,1,8109074,4.61512051684126,4.61512051684126,4.48863636973214,1.791759469228055,2.0794415416798357,1387.5,286.5
8852000,100,96,2,2,100,0.020833333333333332,1.0,0.020833333333333332,1,3469449,4.61512051684126,4.61512051684126,4.574710978503383,1.0986122886681098,1.0986122886681098,1387.5,1054.0
9226000,100,75,7,18,100,0.09333333333333334,2.5714285714285716,0.24,1,4460186,4.61512051684126,4.61512051684126,4.330733340286331,2.0794415416798357,2.9444389791664403,1387.5,43.0
6474000,100,100,0,0,99,0.0,0.0,0.0,0,12648983,4.61512051684126,4.605170185988092,4.61512051684126,0.0,0.0,1387.5,2349.0
5924000,100,100,0,0,98,0.0,0.0,0.0,0,1834217,4.61512051684126,4.59511985013459,4.61512051684126,0.0,0.0,1387.5,2349.0
4126000,100,97,0,3,100,0.0,0.0,0.030927835051546393,1,4442034,4.61512051684126,4.61512051684126,4.584967478670572,0.0,1.3862943611198906,1387.5,873.5
3222000,100,91,2,7,100,0.02197802197802198,3.5,0.07692307692307693,1,2528909,4.61512051684126,4.61512051684126,4.5217885770490405,1.0986122886681098,2.0794415416798357,1387.5,318.0
6190000,100,100,0,0,100,0.0,0.0,0.0,0,3909636,4.61512051684126,4.61512051684126,4.61512051684126,0.0,0.0,1387.5,2349.0
3904000,100,86,6,8,100,0.06976744186046512,1.3333333333333333,0.09302325581395349,1,6396130,4.61512051684126,4.61512051684126,4.465908118654584,1.9459101490553132,2.1972245773362196,1387.5,228.5
5286000,100,99,1,0,100,0.010101010101010102,0.0,0.0,0,3554346,4.61512051684126,4.61512051684126,4.605170185988092,0.6931471805599453,0.0,1387.5,2349.0
8152000,100,98,2,0,100,0.02040816326530612,0.0,0.0,0,2659707,4.61512051684126,4.61512051684126,4.59511985013459,1.0986122886681098,0.0,1387.5,2349.0
4080000,100,100,0,0,100,0.0,0.0,0.0,0,2625462,4.61512051684126,4.61512051684126,4.61512051684126,0.0,0.0,1387.5,2349.0
4496000,100,99,0,1,100,0.0,0.0,0.010101010101010102,1,5174340,4.61512051684126,4.61512051684126,4.605170185988092,0.0,0.6931471805599453,1387.5,1627.0
5508000,100,96,2,2,100,0.020833333333333332,1.0,0.020833333333333332,1,2873614,4.61512051684126,4.61512051684126,4.574710978503383,1.0986122886681098,1.0986122886681098,1387.5,1054.0
5092000,100,75,6,19,100,0.08,3.1666666666666665,0.25333333333333335,1,11956440,4.61512051684126,4.61512051684126,4.330733340286331,1.9459101490553132,2.995732273553991,1387.5,36.0
3596000,100,96,2,2,100,0.020833333333333332,1.0,0.020833333333333332,1,5071647,4.61512051684126,4.61512051684126,4.574710978503383,1.0986122886681098,1.0986122886681098,1387.5,1054.0
4434000,100,75,13,12,100,0.17333333333333334,0.9230769230769231,0.16,1,1951792,4.61512051684126,4.61512051684126,4.330733340286331,2.6390573296152584,2.5649493574615367,1387.5,100.0
1152000,100,99,0,1,100,0.0,0.0,0.010101010101010102,1,3711302,4.61512051684126,4.61512051684126,4.605170185988092,0.0,0.6931471805599453,1387.5,1627.0
3114000,100,99,1,0,100,0.010101010101010102,0.0,0.0,0,3639612,4.61512051684126,4.61512051684126,4.605170185988092,0.6931471805599453,0.0,1387.5,2349.0
9642000,100,96,4,0,100,0.041666666666666664,0.0,0.0,0,4635627,4.61512051684126,4.61512051684126,4.574710978503383,1.6094379124341003,0.0,1387.5,2349.0
5598000,100,99,1,0,100,0.010101010101010102,0.0,0.0,0,2351355,4.61512051684126,4.61512051684126,4.605170185988092,0.6931471805599453,0.0,1387.5,2349.0
4700000,100,100,0,0,100,0.0,0.0,0.0,0,4670664,4.61512051684126,4.61512051684126,4.61512051684126,0.0,0.0,1387.5,2349.0
3910000,100,97,1,2,100,0.010309278350515464,2.0,0.020618556701030927,1,4939101,4.61512051684126,4.61512051684126,4.584967478670572,0.6931471805599453,1.0986122886681098,1387.5,1108.0
5684000,100,93,2,5,100,0.021505376344086023,2.5,0.053763440860215055,1,2804214,4.61512051684126,4.61512051684126,4.543294782270004,1.0986122886681098,1.791759469228055,1387.5,492.0
4018000,100,91,8,1,100,0.08791208791208792,0.125,0.01098901098901099,1,2306045,4.61512051684126,4.61512051684126,4.5217885770490405,2.1972245773362196,0.6931471805599453,1387.5,1253.0
9056000,100,98,2,0,100,0.02040816326530612,0.0,0.0,0,5816616,4.61512051684126,4.61512051684126,4.59511985013459,1.0986122886681098,0.0,1387.5,2349.0
4718000,100,100,0,0,85,0.0,0.0,0.0,0,1615673,4.61512051684126,4.454347296253507,4.61512051684126,0.0,0.0,1387.5,2349.0
4712000,100,99,1,0,100,0.010101010101010102,0.0,0.0,0,3603219,4.61512051684126,4.61512051684126,4.605170185988092,0.6931471805599453,0.0,1387.5,2349.0
5774000,100,98,1,1,100,0.01020408163265306,1.0,0.01020408163265306,1,2886095,4.61512051684126,4.61512051684126,4.59511985013459,0.6931471805599453,0.6931471805599453,1387.5,1497.0
4012000,100,97,2,1,99,0.020618556701030927,0.5,0.010309278350515464,1,3622725,4.61512051684126,4.605170185988092,4.584967478670572,1.0986122886681098,0.6931471805599453,1387.5,1403.0
602000,100,93,1,6,100,0.010752688172043012,6.0,0.06451612903225806,1,17448073,4.61512051684126,4.61512051684126,4.543294782270004,0.6931471805599453,1.9459101490553132,1387.5,395.5
8810000,100,100,0,0,89,0.0,0.0,0.0,0,1393249,4.61512051684126,4.499809670330265,4.61512051684126,0.0,0.0,1387.5,2349.0
4978000,100,93,5,2,100,0.053763440860215055,0.4,0.021505376344086023,1,3879722,4.61512051684126,4.61512051684126,4.543294782270004,1.791759469228055,1.0986122886681098,1387.5,976.0
4188000,100,99,1,0,99,0.010101010101010102,0.0,0.0,0,8236648,4.61512051684126,4.605170185988092,4.605170185988092,0.6931471805599453,0.0,1387.5,2349.0
9050000,100,94,0,6,100,0.0,0.0,0.06382978723404255,1,6042775,4.61512051684126,4.61512051684126,4.553876891600541,0.0,1.9459101490553132,1387.5,409.5
78000,100,92,4,4,100,0.043478260869565216,1.0,0.043478260869565216,1,6699646,4.61512051684126,4.61512051684126,4.532599493153256,1.6094379124341003,1.6094379124341003,1387.5,582.5
10130000,99,94,4,1,99,0.0425531914893617,0.25,0.010638297872340425,1,1910173,4.605170185988092,4.605170185988092,4.553876891600541,1.6094379124341003,0.6931471805599453,2776.0,1296.0
9750000,100,90,6,4,100,0.06666666666666667,0.6666666666666666,0.044444444444444446,1,5097616,4.61512051684126,4.61512051684126,4.51085950651685,1.9459101490553132,1.6094379124341003,1387.5,565.0
9316000,100,94,3,3,99,0.031914893617021274,1.0,0.031914893617021274,1,5099731,4.61512051684126,4.605170185988092,4.553876891600541,1.3862943611198906,1.3862943611198906,1387.5,763.5
10016000,100,93,5,2,100,0.053763440860215055,0.4,0.021505376344086023,1,4494745,4.61512051684126,4.61512051684126,4.543294782270004,1.791759469228055,1.0986122886681098,1387.5,976.0
9600000,100,96,1,3,100,0.010416666666666666,3.0,0.03125,1,2474413,4.61512051684126,4.61512051684126,4.574710978503383,0.6931471805599453,1.3862943611198906,1387.5,834.0
9926000,100,98,1,1,100,0.01020408163265306,1.0,0.01020408163265306,1,9082172,4.61512051684126,4.61512051684126,4.59511985013459,0.6931471805599453,0.6931471805599453,1387.5,1497.0
5882000,100,81,1,18,99,0.012345679012345678,18.0,0.2222222222222222,1,4266322,4.61512051684126,4.605170185988092,4.406719247264253,0.6931471805599453,2.9444389791664403,1387.5,50.5
6128000,100,99,1,0,100,0.010101010101010102,0.0,0.0,0,3378235,4.61512051684126,4.61512051684126,4.605170185988092,0.6931471805599453,0.0,1387.5,2349.0
6582000,79,75,4,0,79,0.05333333333333334,0.0,0.0,0,21818781,4.382026634673881,4.382026634673881,4.330733340286331,1.6094379124341003,0.0,2816.0,2349.0
8436000,100,98,2,0,100,0.02040816326530612,0.0,0.0,0,10153176,4.61512051684126,4.61512051684126,4.59511985013459,1.0986122886681098,0.0,1387.5,2349.0
6298000,100,97,3,0,100,0.030927835051546393,0.0,0.0,0,2026959,4.61512051684126,4.61512051684126,4.584967478670572,1.3862943611198906,0.0,1387.5,2349.0
5816000,100,81,13,6,100,0.16049382716049382,0.46153846153846156,0.07407407407407407,1,7678805,4.61512051684126,4.61512051684126,4.406719247264253,2.6390573296152584,1.9459101490553132,1387.5,338.0
3734000,100,95,1,4,100,0.010526315789473684,4.0,0.042105263157894736,1,6258530,4.61512051684126,4.61512051684126,4.564348191467836,0.6931471805599453,1.6094379124341003,1387.5,641.5
1506000,100,83,14,3,100,0.1686746987951807,0.21428571428571427,0.03614457831325301,1,2006182,4.61512051684126,4.61512051684126,4.430816798843313,2.70805020110221,1.3862943611198906,1387.5,684.5
2698000,100,100,0,0,100,0.0,0.0,0.0,0,3062616,4.61512051684126,4.61512051684126,4.61512051684126,0.0,0.0,1387.5,2349.0
608000,100,98,1,1,100,0.01020408163265306,1.0,0.01020408163265306,1,2268646,4.61512051684126,4.61512051684126,4.59511985013459,0.6931471805599453,0.6931471805599453,1387.5,1497.0
9846000,100,84,6,10,100,0.07142857142857142,1.6666666666666667,0.11904761904761904,1,4006717,4.61512051684126,4.61512051684126,4.442651256490317,1.9459101490553132,2.3978952727983707,1387.5,154.5
9908000,100,84,13,3,100,0.15476190476190477,0.23076923076923078,0.03571428571428571,1,3191930,4.61512051684126,4.61512051684126,4.442651256490317,2.6390573296152584,1.3862943611198906,1387.5,687.5
4808000,100,87,4,9,100,0.04597701149425287,2.25,0.10344827586206896,1,15566958,4.61512051684126,4.61512051684126,4.477336814478207,1.6094379124341003,2.302585092994046,1387.5,193.5
9818000,100,86,13,1,100,0.1511627906976744,0.07692307692307693,0.011627906976744186,1,1847998,4.61512051684126,4.61512051684126,4.465908118654584,2.6390573296152584,0.6931471805599453,1387.5,1231.0
8942000,100,99,1,0,99,0.010101010101010102,0.0,0.0,0,5228184,4.61512051684126,4.605170185988092,4.605170185988092,0.6931471805599453,0.0,1387.5,2349.0
4916000,100,84,8,8,100,0.09523809523809523,1.0,0.09523809523809523,1,2272473,4.61512051684126,4.61512051684126,4.442651256490317,2.1972245773362196,2.1972245773362196,1387.5,222.5
362000,100,100,0,0,100,0.0,0.0,0.0,0,7202570,4.61512051684126,4.61512051684126,4.61512051684126,0.0,0.0,1387.5,2349.0
5400000,100,95,2,3,100,0.021052631578947368,1.5,0.031578947368421054,1,2712968,4.61512051684126,4.61512051684126,4.564348191467836,1.0986122886681098,1.3862943611198906,1387.5,792.5
5224000,100,94,2,4,100,0.02127659574468085,2.0,0.0425531914893617,1,3507722,4.61512051684126,4.61512051684126,4.553876891600541,1.0986122886681098,1.6094379124341003,1387.5,616.0
844000,100,85,9,6,100,0.10588235294117647,0.6666666666666666,0.07058823529411765,1,4264798,4.61512051684126,4.61512051684126,4.454347296253507,2.302585092994046,1.9459101490553132,1387.5,347.5
6366000,100,100,0,0,100,0.0,0.0,0.0,0,6937208,4.61512051684126,4.61512051684126,4.61512051684126,0.0,0.0,1387.5,2349.0
3842000,100,96,1,3,100,0.010416666666666666,3.0,0.03125,1,5158322,4.61512051684126,4.61512051684126,4.574710978503383,0.6931471805599453,1.3862943611198906,1387.5,834.0
124000,100,98,2,0,100,0.02040816326530612,0.0,0.0,0,3979874,4.61512051684126,4.61512051684126,4.59511985013459,1.0986122886681098,0.0,1387.5,2349.0
4604000,100,96,0,4,96,0.0,0.0,0.041666666666666664,1,7937049,4.61512051684126,4.574710978503383,4.574710978503383,0.0,1.6094379124341003,1387.5,665.5
4984000,100,95,2,3,100,0.021052631578947368,1.5,0.031578947368421054,1,1719249,4.61512051684126,4.61512051684126,4.564348191467836,1.0986122886681098,1.3862943611198906,1387.5,792.5
1260000,100,98,2,0,100,0.02040816326530612,0.0,0.0,0,5339095,4.61512051684126,4.61512051684126,4.59511985013459,1.0986122886681098,0.0,1387.5,2349.0
10022000,44,33,10,1,44,0.30303030303030304,0.1,0.030303030303030304,1,1016720,3.8066624897703196,3.8066624897703196,3.5263605246161616,2.3978952727983707,0.6931471805599453,2883.5,890.5
9534000,100,90,10,0,100,0.1111111111111111,0.0,0.0,0,2423262,4.61512051684126,4.61512051684126,4.51085950651685,2.3978952727983707,0.0,1387.5,2349.0
3814000,100,100,0,0,100,0.0,0.0,0.0,0,1727424,4.61512051684126,4.61512051684126,4.61512051684126,0.0,0.0,1387.5,2349.0
96000,100,100,0,0,95,0.0,0.0,0.0,0,4553672,4.61512051684126,4.564348191467836,4.61512051684126,0.0,0.0,1387.5,2349.0
186000,100,61,36,3,100,0.5901639344262295,0.08333333333333333,0.04918032786885246,1,6678855,4.61512051684126,4.61512051684126,4.127134385045092,3.6109179126442243,1.3862943611198906,1387.5,539.0
9648000,100,98,1,1,100,0.01020408163265306,1.0,0.01020408163265306,1,5039960,4.61512051684126,4.61512051684126,4.59511985013459,0.6931471805599453,0.6931471805599453,1387.5,1497.0
9340000,100,93,6,1,100,0.06451612903225806,0.16666666666666666,0.010752688172043012,1,2780845,4.61512051684126,4.61512051684126,4.543294782270004,1.9459101490553132,0.6931471805599453,1387.5,1272.5
9334000,100,93,2,5,100,0.021505376344086023,2.5,0.053763440860215055,1,3271719,4.61512051684126,4.61512051684126,4.543294782270004,1.0986122886681098,1.791759469228055,1387.5,492.0
5394000,100,72,19,9,100,0.2638888888888889,0.47368421052631576,0.125,1,2695182,4.61512051684126,4.61512051684126,4.290459441148391,2.995732273553991,2.302585092994046,1387.5,150.5
288000,100,100,0,0,100,0.0,0.0,0.0,0,2706232,4.61512051684126,4.61512051684126,4.61512051684126,0.0,0.0,1387.5,2349.0
3660000,100,100,0,0,100,0.0,0.0,0.0,0,2482225,4.61512051684126,4.61512051684126,4.61512051684126,0.0,0.0,1387.5,2349.0
4000,100,99,1,0,100,0.010101010101010102,0.0,0.0,0,6549379,4.61512051684126,4.61512051684126,4.605170185988092,0.6931471805599453,0.0,1387.5,2349.0
8344000,100,99,1,0,100,0.010101010101010102,0.0,0.0,0,2799786,4.61512051684126,4.61512051684126,4.605170185988092,0.6931471805599453,0.0,1387.5,2349.0
8452000,100,100,0,0,100,0.0,0.0,0.0,0,3511335,4.61512051684126,4.61512051684126,4.61512051684126,0.0,0.0,1387.5,2349.0
5946000,100,90,9,1,100,0.1,0.1111111111111111,0.011111111111111112,1,11735414,4.61512051684126,4.61512051684126,4.51085950651685,2.302585092994046,0.6931471805599453,1387.5,1244.5
8760000,100,100,0,0,99,0.0,0.0,0.0,0,2329930,4.61512051684126,4.605170185988092,4.61512051684126,0.0,0.0,1387.5,2349.0
6184000,100,96,4,0,100,0.041666666666666664,0.0,0.0,0,5340217,4.61512051684126,4.61512051684126,4.574710978503383,1.6094379124341003,0.0,1387.5,2349.0
8562000,100,99,0,1,100,0.0,0.0,0.010101010101010102,1,3468099,4.61512051684126,4.61512051684126,4.605170185988092,0.0,0.6931471805599453,1387.5,1627.0
180000,100,99,1,0,100,0.010101010101010102,0.0,0.0,0,2990987,4.61512051684126,4.61512051684126,4.605170185988092,0.6931471805599453,0.0,1387.5,2349.0
7970000,100,100,0,0,100,0.0,0.0,0.0,0,1987652,4.61512051684126,4.61512051684126,4.61512051684126,0.0,0.0,1387.5,2349.0
4536000,100,72,10,18,100,0.1388888888888889,1.8,0.25,1,2744236,4.61512051684126,4.61512051684126,4.290459441148391,2.3978952727983707,2.9444389791664403,1387.5,37.0
5042000,100,100,0,0,100,0.0,0.0,0.0,0,3558917,4.61512051684126,4.61512051684126,4.61512051684126,0.0,0.0,1387.5,2349.0
3040000,52,52,0,0,52,0.0,0.0,0.0,0,17419106,3.970291913552122,3.970291913552122,3.970291913552122,0.0,0.0,2866.5,2349.0
9044000,100,87,4,9,100,0.04597701149425287,2.25,0.10344827586206896,1,5680125,4.61512051684126,4.61512051684126,4.477336814478207,1.6094379124341003,2.302585092994046,1387.5,193.5
4428000,100,98,2,0,100,0.02040816326530612,0.0,0.0,0,3779556,4.61512051684126,4.61512051684126,4.59511985013459,1.0986122886681098,0.0,1387.5,2349.0
9152000,100,94,4,2,97,0.0425531914893617,0.5,0.02127659574468085,1,14430456,4.61512051684126,4.584967478670572,4.553876891600541,1.6094379124341003,1.0986122886681098,1387.5,996.5
10010000,84,84,0,0,84,0.0,0.0,0.0,0,19867405,4.442651256490317,4.442651256490317,4.442651256490317,0.0,0.0,2802.5,2349.0
2932000,100,99,1,0,100,0.010101010101010102,0.0,0.0,0,6901764,4.61512051684126,4.61512051684126,4.605170185988092,0.6931471805599453,0.0,1387.5,2349.0
9948000,100,87,9,4,100,0.10344827586206896,0.4444444444444444,0.04597701149425287,1,3320555,4.61512051684126,4.61512051684126,4.477336814478207,2.302585092994046,1.6094379124341003,1387.5,551.0
4314000,100,99,1,0,100,0.010101010101010102,0.0,0.0,0,1973342,4.61512051684126,4.61512051684126,4.605170185988092,0.6931471805599453,0.0,1387.5,2349.0
9460000,26,26,0,0,26,0.0,0.0,0.0,0,413610,3.295836866004329,3.295836866004329,3.295836866004329,0.0,0.0,2925.0,2349.0
3944000,100,97,0,3,100,0.0,0.0,0.030927835051546393,1,4788374,4.61512051684126,4.61512051684126,4.584967478670572,0.0,1.3862943611198906,1387.5,873.5
8936000,100,100,0,0,100,0.0,0.0,0.0,0,3867619,4.61512051684126,4.61512051684126,4.61512051684126,0.0,0.0,1387.5,2349.0
6292000,100,100,0,0,100,0.0,0.0,0.0,0,4445099,4.61512051684126,4.61512051684126,4.61512051684126,0.0,0.0,1387.5,2349.0
4844000,100,99,1,0,99,0.010101010101010102,0.0,0.0,0,3112232,4.61512051684126,4.605170185988092,4.605170185988092,0.6931471805599453,0.0,1387.5,2349.0
9220000,100,84,1,15,100,0.011904761904761904,15.0,0.17857142857142858,1,12997185,4.61512051684126,4.61512051684126,4.442651256490317,0.6931471805599453,2.772588722239781,1387.5,84.0
3836000,100,95,3,2,100,0.031578947368421054,0.6666666666666666,0.021052631578947368,1,2367142,4.61512051684126,4.61512051684126,4.564348191467836,1.3862943611198906,1.0986122886681098,1387.5,1019.0
5218000,100,95,3,2,99,0.031578947368421054,0.6666666666666666,0.021052631578947368,1,3336490,4.61512051684126,4.605170185988092,4.564348191467836,1.3862943611198906,1.0986122886681098,1387.5,1019.0
8520000,100,96,4,0,100,0.041666666666666664,0.0,0.0,0,4227083,4.61512051684126,4.61512051684126,4.574710978503383,1.6094379124341003,0.0,1387.5,2349.0
5212000,100,98,1,1,98,0.01020408163265306,1.0,0.01020408163265306,1,2675515,4.61512051684126,4.59511985013459,4.59511985013459,0.6931471805599453,0.6931471805599453,1387.5,1497.0
5502000,100,99,1,0,99,0.010101010101010102,0.0,0.0,0,4257120,4.61512051684126,4.605170185988092,4.605170185988092,0.6931471805599453,0.0,1387.5,2349.0
6400000,100,95,4,1,92,0.042105263157894736,0.25,0.010526315789473684,1,3178222,4.61512051684126,4.532599493153256,4.564348191467836,1.6094379124341003,0.6931471805599453,1387.5,1321.0
4252000,100,95,2,3,100,0.021052631578947368,1.5,0.031578947368421054,1,2959666,4.61512051684126,4.61512051684126,4.564348191467836,1.0986122886681098,1.3862943611198906,1387.5,792.5
6008000,100,100,0,0,100,0.0,0.0,0.0,0,9397148,4.61512051684126,4.61512051684126,4.61512051684126,0.0,0.0,1387.5,2349.0
3632000,100,100,0,0,100,0.0,0.0,0.0,0,1740662,4.61512051684126,4.61512051684126,4.61512051684126,0.0,0.0,1387.5,2349.0
9532000,40,37,3,0,40,0.08108108108108109,0.0,0.0,0,802655,3.713572066704308,3.713572066704308,3.6375861597263857,1.3862943611198906,0.0,2890.0,2349.0
9834000,100,100,0,0,100,0.0,0.0,0.0,0,5256057,4.61512051684126,4.61512051684126,4.61512051684126,0.0,0.0,1387.5,2349.0
9466000,100,98,2,0,100,0.02040816326530612,0.0,0.0,0,3260468,4.61512051684126,4.61512051684126,4.59511985013459,1.0986122886681098,0.0,1387.5,2349.0
9744000,100,98,1,1,100,0.01020408163265306,1.0,0.01020408163265306,1,9347401,4.61512051684126,4.61512051684126,4.59511985013459,0.6931471805599453,0.6931471805599453,1387.5,1497.0
9636000,100,100,0,0,100,0.0,0.0,0.0,0,7150385,4.61512051684126,4.61512051684126,4.61512051684126,0.0,0.0,1387.5,2349.0
3178000,100,97,2,1,100,0.020618556701030927,0.5,0.010309278350515464,1,3437030,4.61512051684126,4.61512051684126,4.584967478670572,1.0986122886681098,0.6931471805599453,1387.5,1403.0
2516000,100,97,2,1,100,0.020618556701030927,0.5,0.010309278350515464,1,3917482,4.61512051684126,4.61512051684126,4.584967478670572,1.0986122886681098,0.6931471805599453,1387.5,1403.0
4910000,100,100,0,0,100,0.0,0.0,0.0,0,5320205,4.61512051684126,4.61512051684126,4.61512051684126,0.0,0.0,1387.5,2349.0
5156000,100,100,0,0,100,0.0,0.0,0.0,0,3521882,4.61512051684126,4.61512051684126,4.61512051684126,0.0,0.0,1387.5,2349.0
4802000,100,100,0,0,100,0.0,0.0,0.0,0,3790385,4.61512051684126,4.61512051684126,4.61512051684126,0.0,0.0,1387.5,2349.0
3830000,100,76,18,6,100,0.23684210526315788,0.3333333333333333,0.07894736842105263,1,3859457,4.61512051684126,4.61512051684126,4.343805421853684,2.9444389791664403,1.9459101490553132,1387.5,294.0
9158000,100,91,3,6,100,0.03296703296703297,2.0,0.06593406593406594,1,9802516,4.61512051684126,4.61512051684126,4.5217885770490405,1.3862943611198906,1.9459101490553132,1387.5,373.5
4360000,100,93,2,5,100,0.021505376344086023,2.5,0.053763440860215055,1,5911886,4.61512051684126,4.61512051684126,4.543294782270004,1.0986122886681098,1.791759469228055,1387.5,492.0
4668000,100,100,0,0,99,0.0,0.0,0.0,0,5708226,4.61512051684126,4.605170185988092,4.61512051684126,0.0,0.0,1387.5,2349.0
9840000,100,94,6,0,100,0.06382978723404255,0.0,0.0,0,5094104,4.61512051684126,4.61512051684126,4.553876891600541,1.9459101490553132,0.0,1387.5,2349.0
2824000,100,100,0,0,100,0.0,0.0,0.0,0,3132824,4.61512051684126,4.61512051684126,4.61512051684126,0.0,0.0,1387.5,2349.0
10118000,83,79,1,3,83,0.012658227848101266,3.0,0.0379746835443038,1,1248677,4.430816798843313,4.430816798843313,4.382026634673881,0.6931471805599453,1.3862943611198906,2806.5,682.0
9424000,100,99,1,0,98,0.010101010101010102,0.0,0.0,0,1962826,4.61512051684126,4.59511985013459,4.605170185988092,0.6931471805599453,0.0,1387.5,2349.0
10124000,100,95,4,1,100,0.042105263157894736,0.25,0.010526315789473684,1,3642408,4.61512051684126,4.61512051684126,4.564348191467836,1.6094379124341003,0.6931471805599453,1387.5,1321.0
8670000,100,100,0,0,100,0.0,0.0,0.0,0,2495411,4.61512051684126,4.61512051684126,4.61512051684126,0.0,0.0,1387.5,2349.0
534000,100,100,0,0,97,0.0,0.0,0.0,0,1692929,4.61512051684126,4.584967478670572,4.61512051684126,0.0,0.0,1387.5,2349.0
2142000,100,100,0,0,100,0.0,0.0,0.0,0,2631526,4.61512051684126,4.61512051684126,4.61512051684126,0.0,0.0,1387.5,2349.0
3414000,63,58,4,1,63,0.06896551724137931,0.25,0.017241379310344827,1,13363694,4.1588830833596715,4.1588830833596715,4.07753744390572,1.6094379124341003,0.6931471805599453,2849.0,1216.0
1078000,100,94,0,6,100,0.0,0.0,0.06382978723404255,1,10128392,4.61512051684126,4.61512051684126,4.553876891600541,0.0,1.9459101490553132,1387.5,409.5
4006000,100,100,0,0,100,0.0,0.0,0.0,0,10330816,4.61512051684126,4.61512051684126,4.61512051684126,0.0,0.0,1387.5,2349.0
8254000,100,94,5,1,100,0.05319148936170213,0.2,0.010638297872340425,1,2541471,4.61512051684126,4.61512051684126,4.553876891600541,1.791759469228055,0.6931471805599453,1387.5,1296.0
3728000,100,100,0,0,100,0.0,0.0,0.0,0,2547641,4.61512051684126,4.61512051684126,4.61512051684126,0.0,0.0,1387.5,2349.0
8628000,100,92,5,3,100,0.05434782608695652,0.6,0.03260869565217391,1,3571132,4.61512051684126,4.61512051684126,4.532599493153256,1.791759469228055,1.3862943611198906,1387.5,725.5
3046000,100,92,4,4,100,0.043478260869565216,1.0,0.043478260869565216,1,4252129,4.61512051684126,4.61512051684126,4.532599493153256,1.6094379124341003,1.6094379124341003,1387.5,582.5
5700000,100,97,0,3,100,0.0,0.0,0.030927835051546393,1,4495638,4.61512051684126,4.61512051684126,4.584967478670572,0.0,1.3862943611198906,1387.5,873.5
4518000,100,100,0,0,100,0.0,0.0,0.0,0,3448399,4.61512051684126,4.61512051684126,4.61512051684126,0.0,0.0,1387.5,2349.0
7180000,100,89,8,3,100,0.0898876404494382,0.375,0.033707865168539325,1,6998996,4.61512051684126,4.61512051684126,4.499809670330265,2.1972245773362196,1.3862943611198906,1387.5,705.0
426000,100,98,1,1,100,0.01020408163265306,1.0,0.01020408163265306,1,3034777,4.61512051684126,4.61512051684126,4.59511985013459,0.6931471805599453,0.6931471805599453,1387.5,1497.0
4626000,100,99,0,1,100,0.0,0.0,0.010101010101010102,1,8403009,4.61512051684126,4.61512051684126,4.605170185988092,0.0,0.6931471805599453,1387.5,1627.0
5326000,100,100,0,0,100,0.0,0.0,0.0,0,5539358,4.61512051684126,4.61512051684126,4.61512051684126,0.0,0.0,1387.5,2349.0
8874000,100,94,1,5,100,0.010638297872340425,5.0,0.05319148936170213,1,5110014,4.61512051684126,4.61512051684126,4.553876891600541,0.6931471805599453,1.791759469228055,1387.5,512.5
420000,100,91,9,0,100,0.0989010989010989,0.0,0.0,0,6000145,4.61512051684126,4.61512051684126,4.5217885770490405,2.302585092994046,0.0,1387.5,2349.0
9664000,66,63,3,0,66,0.047619047619047616,0.0,0.0,0,1487010,4.204692619390966,4.204692619390966,4.1588830833596715,1.3862943611198906,0.0,2844.5,2349.0
9352000,100,83,7,10,100,0.08433734939759036,1.4285714285714286,0.12048192771084337,1,2188752,4.61512051684126,4.61512051684126,4.430816798843313,2.0794415416798357,2.3978952727983707,1387.5,153.0
4422000,100,100,0,0,100,0.0,0.0,0.0,0,3016767,4.61512051684126,4.61512051684126,4.61512051684126,0.0,0.0,1387.5,2349.0
3722000,16,16,0,0,16,0.0,0.0,0.0,0,170264,2.833213344056216,2.833213344056216,2.833213344056216,0.0,0.0,2949.5,2349.0
4210000,1,1,0,0,1,0.0,0.0,0.0,0,0,0.6931471805599453,0.6931471805599453,0.6931471805599453,0.0,0.0,2997.5,2349.0
3552000,5,5,0,0,5,0.0,0.0,0.0,0,2142271,1.791759469228055,1.791759469228055,1.791759469228055,0.0,0.0,2980.0,2349.0
3546000,100,97,3,0,100,0.030927835051546393,0.0,0.0,0,1798233,4.61512051684126,4.61512051684126,4.584967478670572,1.3862943611198906,0.0,1387.5,2349.0
8692000,100,100,0,0,100,0.0,0.0,0.0,0,2390213,4.61512051684126,4.61512051684126,4.61512051684126,0.0,0.0,1387.5,2349.0
2858000,100,99,0,1,100,0.0,0.0,0.010101010101010102,1,8107346,4.61512051684126,4.61512051684126,4.605170185988092,0.0,0.6931471805599453,1387.5,1627.0
2750000,100,100,0,0,97,0.0,0.0,0.0,0,5714014,4.61512051684126,4.584967478670572,4.61512051684126,0.0,0.0,1387.5,2349.0
7264000,100,100,0,0,100,0.0,0.0,0.0,0,4503569,4.61512051684126,4.61512051684126,4.61512051684126,0.0,0.0,1387.5,2349.0
4076000,100,96,4,0,100,0.041666666666666664,0.0,0.0,0,4074146,4.61512051684126,4.61512051684126,4.574710978503383,1.6094379124341003,0.0,1387.5,2349.0
8578000,100,100,0,0,100,0.0,0.0,0.0,0,6488661,4.61512051684126,4.61512051684126,4.61512051684126,0.0,0.0,1387.5,2349.0
7788000,100,95,2,3,100,0.021052631578947368,1.5,0.031578947368421054,1,2120658,4.61512051684126,4.61512051684126,4.564348191467836,1.0986122886681098,1.3862943611198906,1387.5,792.5
3540000,100,93,2,5,100,0.021505376344086023,2.5,0.053763440860215055,1,1982073,4.61512051684126,4.61512051684126,4.543294782270004,1.0986122886681098,1.791759469228055,1387.5,492.0
7480000,100,99,0,1,100,0.0,0.0,0.010101010101010102,1,5631109,4.61512051684126,4.61512051684126,4.605170185988092,0.0,0.6931471805599453,1387.5,1627.0
4028000,100,97,3,0,100,0.030927835051546393,0.0,0.0,0,7276635,4.61512051684126,4.61512051684126,4.584967478670572,1.3862943611198906,0.0,1387.5,2349.0
9170000,100,100,0,0,100,0.0,0.0,0.0,0,6624108,4.61512051684126,4.61512051684126,4.61512051684126,0.0,0.0,1387.5,2349.0
4274000,100,100,0,0,100,0.0,0.0,0.0,0,3225699,4.61512051684126,4.61512051684126,4.61512051684126,0.0,0.0,1387.5,2349.0
9108000,100,100,0,0,100,0.0,0.0,0.0,0,3356493,4.61512051684126,4.61512051684126,4.61512051684126,0.0,0.0,1387.5,2349.0
3450000,100,97,1,2,100,0.010309278350515464,2.0,0.020618556701030927,1,6051212,4.61512051684126,4.61512051684126,4.584967478670572,0.6931471805599453,1.0986122886681098,1387.5,1108.0
2334000,100,90,1,9,100,0.011111111111111112,9.0,0.1,1,2943263,4.61512051684126,4.61512051684126,4.51085950651685,0.6931471805599453,2.302585092994046,1387.5,207.5
3130000,93,88,2,3,93,0.022727272727272728,1.5,0.03409090909090909,1,16369337,4.543294782270004,4.543294782270004,4.48863636973214,1.0986122886681098,1.3862943611198906,2788.5,699.5
9242000,100,99,0,1,99,0.0,0.0,0.010101010101010102,1,2677223,4.61512051684126,4.605170185988092,4.605170185988092,0.0,0.6931471805599453,1387.5,1627.0
9038000,100,85,4,11,100,0.047058823529411764,2.75,0.12941176470588237,1,6550654,4.61512051684126,4.61512051684126,4.454347296253507,1.6094379124341003,2.4849066497880004,1387.5,136.5
5144000,100,89,3,8,100,0.033707865168539325,2.6666666666666665,0.0898876404494382,1,5999332,4.61512051684126,4.61512051684126,4.499809670330265,1.3862943611198906,2.1972245773362196,1387.5,244.5
9454000,100,100,0,0,100,0.0,0.0,0.0,0,2840028,4.61512051684126,4.61512051684126,4.61512051684126,0.0,0.0,1387.5,2349.0
4178000,100,99,0,1,98,0.0,0.0,0.010101010101010102,1,4394138,4.61512051684126,4.59511985013459,4.605170185988092,0.0,0.6931471805599453,1387.5,1627.0
4070000,100,79,11,10,100,0.13924050632911392,0.9090909090909091,0.12658227848101267,1,4535001,4.61512051684126,4.61512051684126,4.382026634673881,2.4849066497880004,2.3978952727983707,1387.5,145.5
352000,100,98,0,2,100,0.0,0.0,0.02040816326530612,1,6212322,4.61512051684126,4.61512051684126,4.59511985013459,0.0,1.0986122886681098,1387.5,1177.0
2158000,100,99,1,0,100,0.010101010101010102,0.0,0.0,0,8124180,4.61512051684126,4.61512051684126,4.605170185988092,0.6931471805599453,0.0,1387.5,2349.0
8380000,100,95,5,0,100,0.05263157894736842,0.0,0.0,0,6826747,4.61512051684126,4.61512051684126,4.564348191467836,1.791759469228055,0.0,1387.5,2349.0
4354000,100,100,0,0,99,0.0,0.0,0.0,0,8600214,4.61512051684126,4.605170185988092,4.61512051684126,0.0,0.0,1387.5,2349.0
8862000,100,100,0,0,100,0.0,0.0,0.0,0,8514217,4.61512051684126,4.61512051684126,4.61512051684126,0.0,0.0,1387.5,2349.0
4728000,100,97,0,3,100,0.0,0.0,0.030927835051546393,1,6215059,4.61512051684126,4.61512051684126,4.584967478670572,0.0,1.3862943611198906,1387.5,873.5
4974000,100,72,6,22,100,0.08333333333333333,3.6666666666666665,0.3055555555555556,1,10570988,4.61512051684126,4.61512051684126,4.290459441148391,1.9459101490553132,3.1354942159291497,1387.5,24.0
3654000,100,98,1,1,100,0.01020408163265306,1.0,0.01020408163265306,1,10965827,4.61512051684126,4.61512051684126,4.59511985013459,0.6931471805599453,0.6931471805599453,1387.5,1497.0
3824000,100,93,6,1,100,0.06451612903225806,0.16666666666666666,0.010752688172043012,1,7512543,4.61512051684126,4.61512051684126,4.543294782270004,1.9459101490553132,0.6931471805599453,1387.5,1272.5
7372000,100,99,1,0,100,0.010101010101010102,0.0,0.0,0,2210993,4.61512051684126,4.61512051684126,4.605170185988092,0.6931471805599453,0.0,1387.5,2349.0
244000,100,99,0,1,100,0.0,0.0,0.010101010101010102,1,7472506,4.61512051684126,4.61512051684126,4.605170185988092,0.0,0.6931471805599453,1387.5,1627.0
4336000,100,90,6,4,100,0.06666666666666667,0.6666666666666666,0.044444444444444446,1,13413392,4.61512051684126,4.61512051684126,4.51085950651685,1.9459101490553132,1.6094379124341003,1387.5,565.0
5566000,100,97,3,0,100,0.030927835051546393,0.0,0.0,0,2447446,4.61512051684126,4.61512051684126,4.584967478670572,1.3862943611198906,0.0,1387.5,2349.0
3370000,100,98,1,1,100,0.01020408163265306,1.0,0.01020408163265306,1,5654842,4.61512051684126,4.61512051684126,4.59511985013459,0.6931471805599453,0.6931471805599453,1387.5,1497.0
4770000,100,85,9,6,100,0.10588235294117647,0.6666666666666666,0.07058823529411765,1,4065271,4.61512051684126,4.61512051684126,4.454347296253507,2.302585092994046,1.9459101490553132,1387.5,347.5
9652000,100,88,2,10,100,0.022727272727272728,5.0,0.11363636363636363,1,9085920,4.61512051684126,4.61512051684126,4.48863636973214,1.0986122886681098,2.3978952727983707,1387.5,177.0
9392000,100,98,1,1,98,0.01020408163265306,1.0,0.01020408163265306,1,3850327,4.61512051684126,4.59511985013459,4.59511985013459,0.6931471805599453,0.6931471805599453,1387.5,1497.0
9284000,100,90,8,2,100,0.08888888888888889,0.25,0.022222222222222223,1,1626447,4.61512051684126,4.61512051684126,4.51085950651685,2.1972245773362196,1.0986122886681098,1387.5,934.0
10074000,100,96,4,0,100,0.041666666666666664,0.0,0.0,0,3827230,4.61512051684126,4.61512051684126,4.574710978503383,1.6094379124341003,0.0,1387.5,2349.0
5036000,100,98,2,0,100,0.02040816326530612,0.0,0.0,0,2859806,4.61512051684126,4.61512051684126,4.59511985013459,1.0986122886681098,0.0,1387.5,2349.0
9278000,100,99,1,0,100,0.010101010101010102,0.0,0.0,0,5027081,4.61512051684126,4.61512051684126,4.605170185988092,0.6931471805599453,0.0,1387.5,2349.0
8584000,100,99,0,1,95,0.0,0.0,0.010101010101010102,1,5123355,4.61512051684126,4.564348191467836,4.605170185988092,0.0,0.6931471805599453,1387.5,1627.0
8162000,100,98,1,1,100,0.01020408163265306,1.0,0.01020408163265306,1,2191457,4.61512051684126,4.61512051684126,4.59511985013459,0.6931471805599453,0.6931471805599453,1387.5,1497.0
8072000,100,98,0,2,91,0.0,0.0,0.02040816326530612,1,7198995,4.61512051684126,4.5217885770490405,4.59511985013459,0.0,1.0986122886681098,1387.5,1177.0
3872000,100,92,4,4,100,0.043478260869565216,1.0,0.043478260869565216,1,3078952,4.61512051684126,4.61512051684126,4.532599493153256,1.6094379124341003,1.6094379124341003,1387.5,582.5
7902000,100,98,2,0,100,0.02040816326530612,0.0,0.0,0,4123349,4.61512051684126,4.61512051684126,4.59511985013459,1.0986122886681098,0.0,1387.5,2349.0
3342000,100,97,1,2,100,0.010309278350515464,2.0,0.020618556701030927,1,2793917,4.61512051684126,4.61512051684126,4.584967478670572,0.6931471805599453,1.0986122886681098,1387.5,1108.0
4444000,100,100,0,0,100,0.0,0.0,0.0,0,3017199,4.61512051684126,4.61512051684126,4.61512051684126,0.0,0.0,1387.5,2349.0
4620000,100,100,0,0,100,0.0,0.0,0.0,0,1454266,4.61512051684126,4.61512051684126,4.61512051684126,0.0,0.0,1387.5,2349.0
3762000,100,85,4,11,100,0.047058823529411764,2.75,0.12941176470588237,1,7985179,4.61512051684126,4.61512051684126,4.454347296253507,1.6094379124341003,2.4849066497880004,1387.5,136.5
5320000,100,99,1,0,100,0.010101010101010102,0.0,0.0,0,5731735,4.61512051684126,4.61512051684126,4.605170185988092,0.6931471805599453,0.0,1387.5,2349.0
3232000,100,97,1,2,100,0.010309278350515464,2.0,0.020618556701030927,1,4217478,4.61512051684126,4.61512051684126,4.584967478670572,0.6931471805599453,1.0986122886681098,1387.5,1108.0
3962000,100,100,0,0,97,0.0,0.0,0.0,0,6478895,4.61512051684126,4.584967478670572,4.61512051684126,0.0,0.0,1387.5,2349.0
2642000,100,90,10,0,100,0.1111111111111111,0.0,0.0,0,2937417,4.61512051684126,4.61512051684126,4.51085950651685,2.3978952727983707,0.0,1387.5,2349.0
2688000,100,90,7,3,100,0.07777777777777778,0.42857142857142855,0.03333333333333333,1,3082864,4.61512051684126,4.61512051684126,4.51085950651685,2.0794415416798357,1.3862943611198906,1387.5,710.5
9942000,96,96,0,0,96,0.0,0.0,0.0,0,3881891,4.574710978503383,4.574710978503383,4.574710978503383,0.0,0.0,2782.0,2349.0
9562000,100,39,23,38,100,0.5897435897435898,1.6521739130434783,0.9743589743589743,1,4644010,4.61512051684126,4.61512051684126,3.6888794541139363,3.1780538303479458,3.6635616461296463,1387.5,1.0
8754000,100,89,11,0,100,0.12359550561797752,0.0,0.0,0,3369782,4.61512051684126,4.61512051684126,4.499809670330265,2.4849066497880004,0.0,1387.5,2349.0
4866000,100,99,0,1,100,0.0,0.0,0.010101010101010102,1,1555730,4.61512051684126,4.61512051684126,4.605170185988092,0.0,0.6931471805599453,1387.5,1627.0
3238000,100,99,1,0,100,0.010101010101010102,0.0,0.0,0,2035222,4.61512051684126,4.61512051684126,4.605170185988092,0.6931471805599453,0.0,1387.5,2349.0
2864000,100,96,2,2,100,0.020833333333333332,1.0,0.020833333333333332,1,3855776,4.61512051684126,4.61512051684126,4.574710978503383,1.0986122886681098,1.0986122886681098,1387.5,1054.0
106000,100,96,3,1,100,0.03125,0.3333333333333333,0.010416666666666666,1,4518225,4.61512051684126,4.61512051684126,4.574710978503383,1.3862943611198906,0.6931471805599453,1387.5,1350.0
5518000,100,90,8,2,100,0.08888888888888889,0.25,0.022222222222222223,1,9638174,4.61512051684126,4.61512051684126,4.51085950651685,2.1972245773362196,1.0986122886681098,1387.5,934.0
3280000,100,86,12,2,100,0.13953488372093023,0.16666666666666666,0.023255813953488372,1,14131169,4.61512051684126,4.61512051684126,4.465908118654584,2.5649493574615367,1.0986122886681098,1387.5,913.5
7282000,100,100,0,0,100,0.0,0.0,0.0,0,3281376,4.61512051684126,4.61512051684126,4.61512051684126,0.0,0.0,1387.5,2349.0
5826000,100,95,5,0,100,0.05263157894736842,0.0,0.0,0,3608022,4.61512051684126,4.61512051684126,4.564348191467836,1.791759469228055,0.0,1387.5,2349.0
8800000,77,66,8,3,77,0.12121212121212122,0.375,0.045454545454545456,1,11703992,4.356708826689592,4.356708826689592,4.204692619390966,2.1972245773362196,1.3862943611198906,2822.0,555.5
8976000,100,96,2,2,100,0.020833333333333332,1.0,0.020833333333333332,1,4738443,4.61512051684126,4.61512051684126,4.574710978503383,1.0986122886681098,1.0986122886681098,1387.5,1054.0
4132000,100,100,0,0,100,0.0,0.0,0.0,0,2633649,4.61512051684126,4.61512051684126,4.61512051684126,0.0,0.0,1387.5,2349.0
8488000,100,97,2,1,100,0.020618556701030927,0.5,0.010309278350515464,1,2807335,4.61512051684126,4.61512051684126,4.584967478670572,1.0986122886681098,0.6931471805599453,1387.5,1403.0
1960000,100,77,18,5,100,0.23376623376623376,0.2777777777777778,0.06493506493506493,1,2798337,4.61512051684126,4.61512051684126,4.356708826689592,2.9444389791664403,1.791759469228055,1387.5,388.0
7964000,100,95,2,3,100,0.021052631578947368,1.5,0.031578947368421054,1,2443153,4.61512051684126,4.61512051684126,4.564348191467836,1.0986122886681098,1.3862943611198906,1387.5,792.5
4240000,100,100,0,0,100,0.0,0.0,0.0,0,8694460,4.61512051684126,4.61512051684126,4.61512051684126,0.0,0.0,1387.5,2349.0
9482000,100,77,3,20,100,0.03896103896103896,6.666666666666667,0.2597402597402597,1,3455752,4.61512051684126,4.61512051684126,4.356708826689592,1.3862943611198906,3.044522437723423,1387.5,34.0
8446000,100,99,1,0,100,0.010101010101010102,0.0,0.0,0,4065170,4.61512051684126,4.61512051684126,4.605170185988092,0.6931471805599453,0.0,1387.5,2349.0
4662000,100,93,4,3,100,0.043010752688172046,0.75,0.03225806451612903,1,6528092,4.61512051684126,4.61512051684126,4.543294782270004,1.6094379124341003,1.3862943611198906,1387.5,742.0
9658000,100,87,4,9,100,0.04597701149425287,2.25,0.10344827586206896,1,1836126,4.61512051684126,4.61512051684126,4.477336814478207,1.6094379124341003,2.302585092994046,1387.5,193.5
9936000,100,98,0,2,100,0.0,0.0,0.02040816326530612,1,1864877,4.61512051684126,4.61512051684126,4.59511985013459,0.0,1.0986122886681098,1387.5,1177.0
9568000,100,100,0,0,100,0.0,0.0,0.0,0,3589229,4.61512051684126,4.61512051684126,4.61512051684126,0.0,0.0,1387.5,2349.0
8868000,100,97,2,1,100,0.020618556701030927,0.5,0.010309278350515464,1,5288341,4.61512051684126,4.61512051684126,4.584967478670572,1.0986122886681098,0.6931471805599453,1387.5,1403.0
4246000,100,96,1,3,100,0.010416666666666666,3.0,0.03125,1,3967046,4.61512051684126,4.61512051684126,4.574710978503383,0.6931471805599453,1.3862943611198906,1387.5,834.0
4486000,37,34,2,1,37,0.058823529411764705,0.5,0.029411764705882353,1,5319430,3.6375861597263857,3.6375861597263857,3.5553480614894135,1.0986122886681098,0.6931471805599453,2896.5,892.0
2996000,100,100,0,0,100,0.0,0.0,0.0,0,2011429,4.61512051684126,4.61512051684126,4.61512051684126,0.0,0.0,1387.5,2349.0
3172000,100,97,1,2,99,0.010309278350515464,2.0,0.020618556701030927,1,2996005,4.61512051684126,4.605170185988092,4.584967478670572,0.6931471805599453,1.0986122886681098,1387.5,1108.0
9766000,100,80,2,18,100,0.025,9.0,0.225,1,9347475,4.61512051684126,4.61512051684126,4.394449154672439,1.0986122886681098,2.9444389791664403,1387.5,49.0
9700000,100,89,8,3,100,0.0898876404494382,0.375,0.033707865168539325,1,6001144,4.61512051684126,4.61512051684126,4.499809670330265,2.1972245773362196,1.3862943611198906,1387.5,705.0
2580000,100,88,7,5,100,0.07954545454545454,0.7142857142857143,0.056818181818181816,1,2411015,4.61512051684126,4.61512051684126,4.48863636973214,2.0794415416798357,1.791759469228055,1387.5,437.0
9350000,100,99,0,1,99,0.0,0.0,0.010101010101010102,1,2504598,4.61512051684126,4.605170185988092,4.605170185988092,0.0,0.6931471805599453,1387.5,1627.0
7190000,100,100,0,0,100,0.0,0.0,0.0,0,5863351,4.61512051684126,4.61512051684126,4.61512051684126,0.0,0.0,1387.5,2349.0
7782000,100,99,1,0,100,0.010101010101010102,0.0,0.0,0,5818441,4.61512051684126,4.61512051684126,4.605170185988092,0.6931471805599453,0.0,1387.5,2349.0
8482000,100,99,1,0,100,0.010101010101010102,0.0,0.0,0,3983322,4.61512051684126,4.61512051684126,4.605170185988092,0.6931471805599453,0.0,1387.5,2349.0
1608000,100,94,2,4,100,0.02127659574468085,2.0,0.0425531914893617,1,5559641,4.61512051684126,4.61512051684126,4.553876891600541,1.0986122886681098,1.6094379124341003,1387.5,616.0
8312000,100,100,0,0,100,0.0,0.0,0.0,0,1973630,4.61512051684126,4.61512051684126,4.61512051684126,0.0,0.0,1387.5,2349.0
2814000,100,98,2,0,100,0.02040816326530612,0.0,0.0,0,1817912,4.61512051684126,4.61512051684126,4.59511985013459,1.0986122886681098,0.0,1387.5,2349.0
6708000,100,98,0,2,100,0.0,0.0,0.02040816326530612,1,3350274,4.61512051684126,4.61512051684126,4.59511985013459,0.0,1.0986122886681098,1387.5,1177.0
7298000,100,96,4,0,100,0.041666666666666664,0.0,0.0,0,2759670,4.61512051684126,4.61512051684126,4.574710978503383,1.6094379124341003,0.0,1387.5,2349.0
8988000,100,100,0,0,100,0.0,0.0,0.0,0,3152175,4.61512051684126,4.61512051684126,4.61512051684126,0.0,0.0,1387.5,2349.0
7720000,100,85,14,1,100,0.16470588235294117,0.07142857142857142,0.011764705882352941,1,3229126,4.61512051684126,4.61512051684126,4.454347296253507,2.70805020110221,0.6931471805599453,1387.5,1229.0
7890000,100,97,1,2,100,0.010309278350515464,2.0,0.020618556701030927,1,9542412,4.61512051684126,4.61512051684126,4.584967478670572,0.6931471805599453,1.0986122886681098,1387.5,1108.0
2676000,100,100,0,0,100,0.0,0.0,0.0,0,4101272,4.61512051684126,4.61512051684126,4.61512051684126,0.0,0.0,1387.5,2349.0
8926000,100,98,1,1,100,0.01020408163265306,1.0,0.01020408163265306,1,15576870,4.61512051684126,4.61512051684126,4.59511985013459,0.6931471805599453,0.6931471805599453,1387.5,1497.0
8680000,100,89,8,3,100,0.0898876404494382,0.375,0.033707865168539325,1,2381383,4.61512051684126,4.61512051684126,4.499809670330265,2.1972245773362196,1.3862943611198906,1387.5,705.0
4092000,100,90,9,1,100,0.1,0.1111111111111111,0.011111111111111112,1,5508012,4.61512051684126,4.61512051684126,4.51085950651685,2.302585092994046,0.6931471805599453,1387.5,1244.5
9760000,100,100,0,0,100,0.0,0.0,0.0,0,4557861,4.61512051684126,4.61512051684126,4.61512051684126,0.0,0.0,1387.5,2349.0
9584000,100,93,7,0,100,0.07526881720430108,0.0,0.0,0,2967094,4.61512051684126,4.61512051684126,4.543294782270004,2.0794415416798357,0.0,1387.5,2349.0
3894000,100,93,2,5,100,0.021505376344086023,2.5,0.053763440860215055,1,5101017,4.61512051684126,4.61512051684126,4.543294782270004,1.0986122886681098,1.791759469228055,1387.5,492.0
4792000,100,87,9,4,100,0.10344827586206896,0.4444444444444444,0.04597701149425287,1,8651748,4.61512051684126,4.61512051684126,4.477336814478207,2.302585092994046,1.6094379124341003,1387.5,551.0
170000,100,99,1,0,100,0.010101010101010102,0.0,0.0,0,4318751,4.61512051684126,4.61512051684126,4.605170185988092,0.6931471805599453,0.0,1387.5,2349.0
8402000,100,99,0,1,100,0.0,0.0,0.010101010101010102,1,3544739,4.61512051684126,4.61512051684126,4.605170185988092,0.0,0.6931471805599453,1387.5,1627.0
4546000,100,99,1,0,100,0.010101010101010102,0.0,0.0,0,3123926,4.61512051684126,4.61512051684126,4.605170185988092,0.6931471805599453,0.0,1387.5,2349.0
2922000,100,100,0,0,100,0.0,0.0,0.0,0,4107199,4.61512051684126,4.61512051684126,4.61512051684126,0.0,0.0,1387.5,2349.0
1716000,100,99,0,1,100,0.0,0.0,0.010101010101010102,1,2857495,4.61512051684126,4.61512051684126,4.605170185988092,0.0,0.6931471805599453,1387.5,1627.0
3268000,100,99,1,0,100,0.010101010101010102,0.0,0.0,0,2422316,4.61512051684126,4.61512051684126,4.605170185988092,0.6931471805599453,0.0,1387.5,2349.0
3188000,100,90,7,3,100,0.07777777777777778,0.42857142857142855,0.03333333333333333,1,4830254,4.61512051684126,4.61512051684126,4.51085950651685,2.0794415416798357,1.3862943611198906,1387.5,710.5
8884000,100,99,1,0,99,0.010101010101010102,0.0,0.0,0,4424530,4.61512051684126,4.605170185988092,4.605170185988092,0.6931471805599453,0.0,1387.5,2349.0
3888000,100,93,5,2,98,0.053763440860215055,0.4,0.021505376344086023,1,3097570,4.61512051684126,4.59511985013459,4.543294782270004,1.791759469228055,1.0986122886681098,1387.5,976.0
3648000,100,97,1,2,100,0.010309278350515464,2.0,0.020618556701030927,1,5469684,4.61512051684126,4.61512051684126,4.584967478670572,0.6931471805599453,1.0986122886681098,1387.5,1108.0
2744000,100,85,8,7,100,0.09411764705882353,0.875,0.08235294117647059,1,3728350,4.61512051684126,4.61512051684126,4.454347296253507,2.1972245773362196,2.0794415416798357,1387.5,273.5
3780000,100,93,3,4,100,0.03225806451612903,1.3333333333333333,0.043010752688172046,1,1714665,4.61512051684126,4.61512051684126,4.543294782270004,1.3862943611198906,1.6094379124341003,1387.5,596.5
3718000,100,92,6,2,99,0.06521739130434782,0.3333333333333333,0.021739130434782608,1,10790024,4.61512051684126,4.605170185988092,4.532599493153256,1.9459101490553132,1.0986122886681098,1387.5,959.0
9168000,100,97,2,1,100,0.020618556701030927,0.5,0.010309278350515464,1,17965054,4.61512051684126,4.61512051684126,4.584967478670572,1.0986122886681098,0.6931471805599453,1387.5,1403.0
62000,100,96,1,3,100,0.010416666666666666,3.0,0.03125,1,3171709,4.61512051684126,4.61512051684126,4.574710978503383,0.6931471805599453,1.3862943611198906,1387.5,834.0
3472000,100,98,2,0,100,0.02040816326530612,0.0,0.0,0,6144552,4.61512051684126,4.61512051684126,4.59511985013459,1.0986122886681098,0.0,1387.5,2349.0
8198000,29,29,0,0,29,0.0,0.0,0.0,0,2464726,3.4011973816621555,3.4011973816621555,3.4011973816621555,0.0,0.0,2918.5,2349.0
3160000,100,80,16,4,100,0.2,0.25,0.05,1,6529915,4.61512051684126,4.61512051684126,4.394449154672439,2.833213344056216,1.6094379124341003,1387.5,537.5
8572000,100,96,3,1,100,0.03125,0.3333333333333333,0.010416666666666666,1,4961448,4.61512051684126,4.61512051684126,4.574710978503383,1.3862943611198906,0.6931471805599453,1387.5,1350.0
9754000,100,96,3,1,100,0.03125,0.3333333333333333,0.010416666666666666,1,4028913,4.61512051684126,4.61512051684126,4.574710978503383,1.3862943611198906,0.6931471805599453,1387.5,1350.0
9958000,100,90,2,8,100,0.022222222222222223,4.0,0.08888888888888889,1,6421678,4.61512051684126,4.61512051684126,4.51085950651685,1.0986122886681098,2.1972245773362196,1387.5,250.0
9386000,100,100,0,0,100,0.0,0.0,0.0,0,3020375,4.61512051684126,4.61512051684126,4.61512051684126,0.0,0.0,1387.5,2349.0
9476000,100,85,7,8,100,0.08235294117647059,1.1428571428571428,0.09411764705882353,1,4951576,4.61512051684126,4.61512051684126,4.454347296253507,2.0794415416798357,2.1972245773362196,1387.5,224.5
2506000,100,100,0,0,100,0.0,0.0,0.0,0,3752562,4.61512051684126,4.61512051684126,4.61512051684126,0.0,0.0,1387.5,2349.0
9518000,100,82,13,5,100,0.15853658536585366,0.38461538461538464,0.06097560975609756,1,2584757,4.61512051684126,4.61512051684126,4.418840607796598,2.6390573296152584,1.791759469228055,1387.5,418.0
3690000,100,97,3,0,91,0.030927835051546393,0.0,0.0,0,6110575,4.61512051684126,4.5217885770490405,4.584967478670572,1.3862943611198906,0.0,1387.5,2349.0
8510000,100,84,7,9,100,0.08333333333333333,1.2857142857142858,0.10714285714285714,1,4168773,4.61512051684126,4.61512051684126,4.442651256490317,2.0794415416798357,2.302585092994046,1387.5,185.5
2024000,100,100,0,0,100,0.0,0.0,0.0,0,2576942,4.61512051684126,4.61512051684126,4.61512051684126,0.0,0.0,1387.5,2349.0
4172000,100,100,0,0,100,0.0,0.0,0.0,0,2817630,4.61512051684126,4.61512051684126,4.61512051684126,0.0,0.0,1387.5,2349.0
2990000,100,98,0,2,99,0.0,0.0,0.02040816326530612,1,4139324,4.61512051684126,4.605170185988092,4.59511985013459,0.0,1.0986122886681098,1387.5,1177.0
3098000,100,92,2,6,100,0.021739130434782608,3.0,0.06521739130434782,1,3368511,4.61512051684126,4.61512051684126,4.532599493153256,1.0986122886681098,1.9459101490553132,1387.5,382.0
8794000,100,98,2,0,100,0.02040816326530612,0.0,0.0,0,2433594,4.61512051684126,4.61512051684126,4.59511985013459,1.0986122886681098,0.0,1387.5,2349.0
8270000,100,100,0,0,99,0.0,0.0,0.0,0,2341123,4.61512051684126,4.605170185988092,4.61512051684126,0.0,0.0,1387.5,2349.0
7612000,100,93,3,4,100,0.03225806451612903,1.3333333333333333,0.043010752688172046,1,4254856,4.61512051684126,4.61512051684126,4.543294782270004,1.3862943611198906,1.6094379124341003,1387.5,596.5
8264000,100,100,0,0,100,0.0,0.0,0.0,0,6300899,4.61512051684126,4.61512051684126,4.61512051684126,0.0,0.0,1387.5,2349.0
1362000,100,93,5,2,100,0.053763440860215055,0.4,0.021505376344086023,1,2342605,4.61512051684126,4.61512051684126,4.543294782270004,1.791759469228055,1.0986122886681098,1387.5,976.0
3364000,100,93,1,6,100,0.010752688172043012,6.0,0.06451612903225806,1,2508468,4.61512051684126,4.61512051684126,4.543294782270004,0.6931471805599453,1.9459101490553132,1387.5,395.5
4438000,100,98,2,0,100,0.02040816326530612,0.0,0.0,0,5783294,4.61512051684126,4.61512051684126,4.59511985013459,1.0986122886681098,0.0,1387.5,2349.0
1778000,100,100,0,0,100,0.0,0.0,0.0,0,3169610,4.61512051684126,4.61512051684126,4.61512051684126,0.0,0.0,1387.5,2349.0
4304000,100,100,0,0,100,0.0,0.0,0.0,0,7281804,4.61512051684126,4.61512051684126,4.61512051684126,0.0,0.0,1387.5,2349.0
3642000,100,97,2,1,100,0.020618556701030927,0.5,0.010309278350515464,1,5273134,4.61512051684126,4.61512051684126,4.584967478670572,1.0986122886681098,0.6931471805599453,1387.5,1403.0
4064000,100,83,13,4,100,0.1566265060240964,0.3076923076923077,0.04819277108433735,1,2857717,4.61512051684126,4.61512051684126,4.430816798843313,2.6390573296152584,1.6094379124341003,1387.5,541.5
10068000,100,89,6,5,100,0.06741573033707865,0.8333333333333334,0.056179775280898875,1,2001200,4.61512051684126,4.61512051684126,4.499809670330265,1.9459101490553132,1.791759469228055,1387.5,445.5
9096000,100,92,5,3,100,0.05434782608695652,0.6,0.03260869565217391,1,6055874,4.61512051684126,4.61512051684126,4.532599493153256,1.791759469228055,1.3862943611198906,1387.5,725.5
10000000,88,84,2,2,87,0.023809523809523808,1.0,0.023809523809523808,1,1395281,4.48863636973214,4.477336814478207,4.442651256490317,1.0986122886681098,1.0986122886681098,2794.5,909.0
4962000,100,79,11,10,100,0.13924050632911392,0.9090909090909091,0.12658227848101267,1,8181672,4.61512051684126,4.61512051684126,4.382026634673881,2.4849066497880004,2.3978952727983707,1387.5,145.5
5384000,100,98,0,2,100,0.0,0.0,0.02040816326530612,1,3836114,4.61512051684126,4.61512051684126,4.59511985013459,0.0,1.0986122886681098,1387.5,1177.0
4684000,100,100,0,0,100,0.0,0.0,0.0,0,1992843,4.61512051684126,4.61512051684126,4.61512051684126,0.0,0.0,1387.5,2349.0
2568000,100,100,0,0,100,0.0,0.0,0.0,0,4338577,4.61512051684126,4.61512051684126,4.61512051684126,0.0,0.0,1387.5,2349.0
9102000,100,92,4,4,98,0.043478260869565216,1.0,0.043478260869565216,1,14252671,4.61512051684126,4.59511985013459,4.532599493153256,1.6094379124341003,1.6094379124341003,1387.5,582.5
3056000,100,100,0,0,100,0.0,0.0,0.0,0,14072765,4.61512051684126,4.61512051684126,4.61512051684126,0.0,0.0,1387.5,2349.0
9210000,100,96,4,0,100,0.041666666666666664,0.0,0.0,0,7400758,4.61512051684126,4.61512051684126,4.574710978503383,1.6094379124341003,0.0,1387.5,2349.0
4262000,100,97,1,2,100,0.010309278350515464,2.0,0.020618556701030927,1,5804001,4.61512051684126,4.61512051684126,4.584967478670572,0.6931471805599453,1.0986122886681098,1387.5,1108.0
8686000,100,99,1,0,100,0.010101010101010102,0.0,0.0,0,3881508,4.61512051684126,4.61512051684126,4.605170185988092,0.6931471805599453,0.0,1387.5,2349.0
8856000,100,99,1,0,100,0.010101010101010102,0.0,0.0,0,4053648,4.61512051684126,4.61512051684126,4.605170185988092,0.6931471805599453,0.0,1387.5,2349.0
9892000,100,98,1,1,100,0.01020408163265306,1.0,0.01020408163265306,1,3460711,4.61512051684126,4.61512051684126,4.59511985013459,0.6931471805599453,0.6931471805599453,1387.5,1497.0
2398000,100,86,10,4,100,0.11627906976744186,0.4,0.046511627906976744,1,3574953,4.61512051684126,4.61512051684126,4.465908118654584,2.3978952727983707,1.6094379124341003,1387.5,546.5
1976000,100,92,2,6,100,0.021739130434782608,3.0,0.06521739130434782,1,6487833,4.61512051684126,4.61512051684126,4.532599493153256,1.0986122886681098,1.9459101490553132,1387.5,382.0
4854000,100,96,1,3,100,0.010416666666666666,3.0,0.03125,1,3822386,4.61512051684126,4.61512051684126,4.574710978503383,0.6931471805599453,1.3862943611198906,1387.5,834.0
2682000,100,98,0,2,100,0.0,0.0,0.02040816326530612,1,1555855,4.61512051684126,4.61512051684126,4.59511985013459,0.0,1.0986122886681098,1387.5,1177.0
9060000,100,99,0,1,100,0.0,0.0,0.010101010101010102,1,4948900,4.61512051684126,4.61512051684126,4.605170185988092,0.0,0.6931471805599453,1387.5,1627.0
8130000,100,94,1,5,100,0.010638297872340425,5.0,0.05319148936170213,1,4094526,4.61512051684126,4.61512051684126,4.553876891600541,0.6931471805599453,1.791759469228055,1387.5,512.5
7008000,100,97,1,2,100,0.010309278350515464,2.0,0.020618556701030927,1,3194534,4.61512051684126,4.61512051684126,4.584967478670572,0.6931471805599453,1.0986122886681098,1387.5,1108.0
8220000,100,93,4,3,100,0.043010752688172046,0.75,0.03225806451612903,1,13994957,4.61512051684126,4.61512051684126,4.543294782270004,1.6094379124341003,1.3862943611198906,1387.5,742.0
4364000,100,98,2,0,100,0.02040816326530612,0.0,0.0,0,7332492,4.61512051684126,4.61512051684126,4.59511985013459,1.0986122886681098,0.0,1387.5,2349.0
7538000,100,98,1,1,99,0.01020408163265306,1.0,0.01020408163265306,1,4519987,4.61512051684126,4.605170185988092,4.59511985013459,0.6931471805599453,0.6931471805599453,1387.5,1497.0
7954000,100,96,1,3,100,0.010416666666666666,3.0,0.03125,1,3132353,4.61512051684126,4.61512051684126,4.574710978503383,0.6931471805599453,1.3862943611198906,1387.5,834.0
8986000,100,92,4,4,100,0.043478260869565216,1.0,0.043478260869565216,1,4497804,4.61512051684126,4.61512051684126,4.532599493153256,1.6094379124341003,1.6094379124341003,1387.5,582.5
7804000,100,72,11,17,100,0.1527777777777778,1.5454545454545454,0.2361111111111111,1,10261162,4.61512051684126,4.61512051684126,4.290459441148391,2.4849066497880004,2.8903717578961645,1387.5,45.0
8920000,100,94,0,6,100,0.0,0.0,0.06382978723404255,1,4071781,4.61512051684126,4.61512051684126,4.553876891600541,0.0,1.9459101490553132,1387.5,409.5
2632000,100,96,2,2,100,0.020833333333333332,1.0,0.020833333333333332,1,2178363,4.61512051684126,4.61512051684126,4.574710978503383,1.0986122886681098,1.0986122886681098,1387.5,1054.0
3466000,100,95,2,3,100,0.021052631578947368,1.5,0.031578947368421054,1,3621081,4.61512051684126,4.61512051684126,4.564348191467836,1.0986122886681098,1.3862943611198906,1387.5,792.5
7708000,100,93,7,0,100,0.07526881720430108,0.0,0.0,0,1559157,4.61512051684126,4.61512051684126,4.543294782270004,2.0794415416798357,0.0,1387.5,2349.0
2434000,100,95,3,2,100,0.031578947368421054,0.6666666666666666,0.021052631578947368,1,5468414,4.61512051684126,4.61512051684126,4.564348191467836,1.3862943611198906,1.0986122886681098,1387.5,1019.0
5310000,100,94,4,2,100,0.0425531914893617,0.5,0.02127659574468085,1,1934762,4.61512051684126,4.61512051684126,4.553876891600541,1.6094379124341003,1.0986122886681098,1387.5,996.5
3012000,100,94,5,1,100,0.05319148936170213,0.2,0.010638297872340425,1,2250571,4.61512051684126,4.61512051684126,4.553876891600541,1.791759469228055,0.6931471805599453,1387.5,1296.0
8612000,40,37,0,3,40,0.0,0.0,0.08108108108108109,1,19538278,3.713572066704308,3.713572066704308,3.6375861597263857,0.0,1.3862943611198906,2890.0,279.0
3882000,100,80,13,7,100,0.1625,0.5384615384615384,0.0875,1,3591501,4.61512051684126,4.61512051684126,4.394449154672439,2.6390573296152584,2.0794415416798357,1387.5,261.5
3086000,100,92,5,3,99,0.05434782608695652,0.6,0.03260869565217391,1,2471974,4.61512051684126,4.605170185988092,4.532599493153256,1.791759469228055,1.3862943611198906,1387.5,725.5
4128000,100,94,5,1,100,0.05319148936170213,0.2,0.010638297872340425,1,8149587,4.61512051684126,4.61512051684126,4.553876891600541,1.791759469228055,0.6931471805599453,1387.5,1296.0
1596000,100,92,5,3,100,0.05434782608695652,0.6,0.03260869565217391,1,3754784,4.61512051684126,4.61512051684126,4.532599493153256,1.791759469228055,1.3862943611198906,1387.5,725.5
3712000,100,91,8,1,100,0.08791208791208792,0.125,0.01098901098901099,1,1259048,4.61512051684126,4.61512051684126,4.5217885770490405,2.1972245773362196,0.6931471805599453,1387.5,1253.0
2324000,100,99,1,0,100,0.010101010101010102,0.0,0.0,0,3162259,4.61512051684126,4.61512051684126,4.605170185988092,0.6931471805599453,0.0,1387.5,2349.0
2500000,100,98,2,0,100,0.02040816326530612,0.0,0.0,0,2069330,4.61512051684126,4.61512051684126,4.59511985013459,1.0986122886681098,0.0,1387.5,2349.0
3774000,100,90,8,2,100,0.08888888888888889,0.25,0.022222222222222223,1,9057704,4.61512051684126,4.61512051684126,4.51085950651685,2.1972245773362196,1.0986122886681098,1387.5,934.0
2126000,100,92,1,7,100,0.010869565217391304,7.0,0.07608695652173914,1,3824677,4.61512051684126,4.61512051684126,4.532599493153256,0.6931471805599453,2.0794415416798357,1387.5,327.0
9294000,100,97,1,2,100,0.010309278350515464,2.0,0.020618556701030927,1,3240531,4.61512051684126,4.61512051684126,4.584967478670572,0.6931471805599453,1.0986122886681098,1387.5,1108.0
3024000,100,98,1,1,99,0.01020408163265306,1.0,0.01020408163265306,1,1747691,4.61512051684126,4.605170185988092,4.59511985013459,0.6931471805599453,0.6931471805599453,1387.5,1497.0
9470000,100,99,0,1,100,0.0,0.0,0.010101010101010102,1,3600936,4.61512051684126,4.61512051684126,4.605170185988092,0.0,0.6931471805599453,1387.5,1627.0
4780000,100,96,4,0,100,0.041666666666666664,0.0,0.0,0,2593004,4.61512051684126,4.61512051684126,4.574710978503383,1.6094379124341003,0.0,1387.5,2349.0
2978000,100,88,5,7,100,0.056818181818181816,1.4,0.07954545454545454,1,2675502,4.61512051684126,4.61512051684126,4.48863636973214,1.791759469228055,2.0794415416798357,1387.5,286.5
6748000,100,96,3,1,100,0.03125,0.3333333333333333,0.010416666666666666,1,2165864,4.61512051684126,4.61512051684126,4.574710978503383,1.3862943611198906,0.6931471805599453,1387.5,1350.0
1534000,100,93,2,5,99,0.021505376344086023,2.5,0.053763440860215055,1,13457491,4.61512051684126,4.605170185988092,4.543294782270004,1.0986122886681098,1.791759469228055,1387.5,492.0
2494000,100,100,0,0,100,0.0,0.0,0.0,0,1998292,4.61512051684126,4.61512051684126,4.61512051684126,0.0,0.0,1387.5,2349.0
9204000,100,100,0,0,100,0.0,0.0,0.0,0,2118531,4.61512051684126,4.61512051684126,4.61512051684126,0.0,0.0,1387.5,2349.0
4672000,100,99,1,0,100,0.010101010101010102,0.0,0.0,0,3369631,4.61512051684126,4.61512051684126,4.605170185988092,0.6931471805599453,0.0,1387.5,2349.0
3092000,100,98,0,2,100,0.0,0.0,0.02040816326530612,1,3967696,4.61512051684126,4.61512051684126,4.59511985013459,0.0,1.0986122886681098,1387.5,1177.0
7912000,100,99,1,0,100,0.010101010101010102,0.0,0.0,0,4341212,4.61512051684126,4.61512051684126,4.605170185988092,0.6931471805599453,0.0,1387.5,2349.0
8504000,100,97,0,3,100,0.0,0.0,0.030927835051546393,1,5510030,4.61512051684126,4.61512051684126,4.584967478670572,0.0,1.3862943611198906,1387.5,873.5
2392000,100,94,3,3,100,0.031914893617021274,1.0,0.031914893617021274,1,5804894,4.61512051684126,4.61512051684126,4.553876891600541,1.3862943611198906,1.3862943611198906,1387.5,763.5
10102000,100,98,2,0,100,0.02040816326530612,0.0,0.0,0,2160350,4.61512051684126,4.61512051684126,4.59511985013459,1.0986122886681098,0.0,1387.5,2349.0
9886000,100,100,0,0,100,0.0,0.0,0.0,0,3044851,4.61512051684126,4.61512051684126,4.61512051684126,0.0,0.0,1387.5,2349.0
9710000,100,90,5,5,100,0.05555555555555555,1.0,0.05555555555555555,1,4874154,4.61512051684126,4.61512051684126,4.51085950651685,1.791759469228055,1.791759469228055,1387.5,454.5
9402000,100,96,4,0,100,0.041666666666666664,0.0,0.0,0,2286649,4.61512051684126,4.61512051684126,4.574710978503383,1.6094379124341003,0.0,1387.5,2349.0
7116000,26,25,0,1,26,0.0,0.0,0.04,1,1623974,3.295836866004329,3.295836866004329,3.258096538021482,0.0,0.6931471805599453,2925.0,679.5
3536000,100,99,1,0,100,0.010101010101010102,0.0,0.0,0,6015164,4.61512051684126,4.61512051684126,4.605170185988092,0.6931471805599453,0.0,1387.5,2349.0
1488000,100,94,5,1,99,0.05319148936170213,0.2,0.010638297872340425,1,3286768,4.61512051684126,4.605170185988092,4.553876891600541,1.791759469228055,0.6931471805599453,1387.5,1296.0
8750000,100,98,2,0,100,0.02040816326530612,0.0,0.0,0,3111281,4.61512051684126,4.61512051684126,4.59511985013459,1.0986122886681098,0.0,1387.5,2349.0
7430000,100,100,0,0,100,0.0,0.0,0.0,0,4998193,4.61512051684126,4.61512051684126,4.61512051684126,0.0,0.0,1387.5,2349.0
8674000,100,98,1,1,100,0.01020408163265306,1.0,0.01020408163265306,1,3407607,4.61512051684126,4.61512051684126,4.59511985013459,0.6931471805599453,0.6931471805599453,1387.5,1497.0
3820000,100,66,2,32,99,0.030303030303030304,16.0,0.48484848484848486,1,18328625,4.61512051684126,4.605170185988092,4.204692619390966,1.0986122886681098,3.4965075614664802,1387.5,7.0
3598000,100,97,1,2,100,0.010309278350515464,2.0,0.020618556701030927,1,6170040,4.61512051684126,4.61512051684126,4.584967478670572,0.6931471805599453,1.0986122886681098,1387.5,1108.0
3332000,100,100,0,0,100,0.0,0.0,0.0,0,3970335,4.61512051684126,4.61512051684126,4.61512051684126,0.0,0.0,1387.5,2349.0
7646000,100,97,0,3,100,0.0,0.0,0.030927835051546393,1,3878383,4.61512051684126,4.61512051684126,4.584967478670572,0.0,1.3862943611198906,1387.5,873.5
6218000,100,96,4,0,100,0.041666666666666664,0.0,0.0,0,2845117,4.61512051684126,4.61512051684126,4.574710978503383,1.6094379124341003,0.0,1387.5,2349.0
3120000,100,86,2,12,95,0.023255813953488372,6.0,0.13953488372093023,1,1617897,4.61512051684126,4.564348191467836,4.465908118654584,1.0986122886681098,2.5649493574615367,1387.5,124.5
7226000,100,100,0,0,100,0.0,0.0,0.0,0,6849258,4.61512051684126,4.61512051684126,4.61512051684126,0.0,0.0,1387.5,2349.0
9578000,100,95,2,3,100,0.021052631578947368,1.5,0.031578947368421054,1,4151952,4.61512051684126,4.61512051684126,4.564348191467836,1.0986122886681098,1.3862943611198906,1387.5,792.5
3706000,100,97,2,1,100,0.020618556701030927,0.5,0.010309278350515464,1,4104844,4.61512051684126,4.61512051684126,4.584967478670572,1.0986122886681098,0.6931471805599453,1387.5,1403.0
7056000,100,99,1,0,100,0.010101010101010102,0.0,0.0,0,4821091,4.61512051684126,4.61512051684126,4.605170185988092,0.6931471805599453,0.0,1387.5,2349.0
8702000,100,99,1,0,100,0.010101010101010102,0.0,0.0,0,6911912,4.61512051684126,4.61512051684126,4.605170185988092,0.6931471805599453,0.0,1387.5,2349.0
8016000,100,97,0,3,100,0.0,0.0,0.030927835051546393,1,6474272,4.61512051684126,4.61512051684126,4.584967478670572,0.0,1.3862943611198906,1387.5,873.5
4610000,100,100,0,0,100,0.0,0.0,0.0,0,3286257,4.61512051684126,4.61512051684126,4.61512051684126,0.0,0.0,1387.5,2349.0
3290000,100,88,4,8,100,0.045454545454545456,2.0,0.09090909090909091,1,2946269,4.61512051684126,4.61512051684126,4.48863636973214,1.6094379124341003,2.1972245773362196,1387.5,240.0
7316000,100,99,0,1,100,0.0,0.0,0.010101010101010102,1,2607547,4.61512051684126,4.61512051684126,4.605170185988092,0.0,0.6931471805599453,1387.5,1627.0
5202000,100,100,0,0,100,0.0,0.0,0.0,0,2612080,4.61512051684126,4.61512051684126,4.61512051684126,0.0,0.0,1387.5,2349.0
2216000,100,97,1,2,100,0.010309278350515464,2.0,0.020618556701030927,1,5268653,4.61512051684126,4.61512051684126,4.584967478670572,0.6931471805599453,1.0986122886681098,1387.5,1108.0
8300000,100,97,1,2,100,0.010309278350515464,2.0,0.020618556701030927,1,10847737,4.61512051684126,4.61512051684126,4.584967478670572,0.6931471805599453,1.0986122886681098,1387.5,1108.0
2590000,100,98,1,1,100,0.01020408163265306,1.0,0.01020408163265306,1,5548134,4.61512051684126,4.61512051684126,4.59511985013459,0.6931471805599453,0.6931471805599453,1387.5,1497.0
1426000,100,99,1,0,100,0.010101010101010102,0.0,0.0,0,7515887,4.61512051684126,4.61512051684126,4.605170185988092,0.6931471805599453,0.0,1387.5,2349.0
1842000,100,97,2,1,100,0.020618556701030927,0.5,0.010309278350515464,1,4585625,4.61512051684126,4.61512051684126,4.584967478670572,1.0986122886681098,0.6931471805599453,1387.5,1403.0
8328000,100,99,0,1,100,0.0,0.0,0.010101010101010102,1,4967795,4.61512051684126,4.61512051684126,4.605170185988092,0.0,0.6931471805599453,1387.5,1627.0
3228000,100,97,2,1,100,0.020618556701030927,0.5,0.010309278350515464,1,6318618,4.61512051684126,4.61512051684126,4.584967478670572,1.0986122886681098,0.6931471805599453,1387.5,1403.0
8088000,100,100,0,0,99,0.0,0.0,0.0,0,2036978,4.61512051684126,4.605170185988092,4.61512051684126,0.0,0.0,1387.5,2349.0
7254000,100,95,1,4,100,0.010526315789473684,4.0,0.042105263157894736,1,3367853,4.61512051684126,4.61512051684126,4.564348191467836,0.6931471805599453,1.6094379124341003,1387.5,641.5
806000,96,93,0,3,96,0.0,0.0,0.03225806451612903,1,16676442,4.574710978503383,4.574710978503383,4.543294782270004,0.0,1.3862943611198906,2782.0,742.0
3006000,100,93,4,3,100,0.043010752688172046,0.75,0.03225806451612903,1,7690778,4.61512051684126,4.61512051684126,4.543294782270004,1.6094379124341003,1.3862943611198906,1387.5,742.0
9028000,100,100,0,0,92,0.0,0.0,0.0,0,7556216,4.61512051684126,4.532599493153256,4.61512051684126,0.0,0.0,1387.5,2349.0
896000,100,94,1,5,100,0.010638297872340425,5.0,0.05319148936170213,1,7380565,4.61512051684126,4.61512051684126,4.553876891600541,0.6931471805599453,1.791759469228055,1387.5,512.5
2808000,100,100,0,0,100,0.0,0.0,0.0,0,2041778,4.61512051684126,4.61512051684126,4.61512051684126,0.0,0.0,1387.5,2349.0
2386000,100,89,7,4,100,0.07865168539325842,0.5714285714285714,0.0449438202247191,1,8321101,4.61512051684126,4.61512051684126,4.499809670330265,2.0794415416798357,1.6094379124341003,1387.5,560.0
8806000,100,100,0,0,100,0.0,0.0,0.0,0,5483042,4.61512051684126,4.61512051684126,4.61512051684126,0.0,0.0,1387.5,2349.0
3224000,100,100,0,0,100,0.0,0.0,0.0,0,1748265,4.61512051684126,4.61512051684126,4.61512051684126,0.0,0.0,1387.5,2349.0
3182000,100,96,3,1,100,0.03125,0.3333333333333333,0.010416666666666666,1,4155910,4.61512051684126,4.61512051684126,4.574710978503383,1.3862943611198906,0.6931471805599453,1387.5,1350.0
9336000,100,100,0,0,100,0.0,0.0,0.0,0,2896737,4.61512051684126,4.61512051684126,4.61512051684126,0.0,0.0,1387.5,2349.0
9444000,100,100,0,0,100,0.0,0.0,0.0,0,2332549,4.61512051684126,4.61512051684126,4.61512051684126,0.0,0.0,1387.5,2349.0
2874000,100,99,0,1,100,0.0,0.0,0.010101010101010102,1,3682410,4.61512051684126,4.61512051684126,4.605170185988092,0.0,0.6931471805599453,1387.5,1627.0
2916000,100,99,0,1,100,0.0,0.0,0.010101010101010102,1,2878450,4.61512051684126,4.61512051684126,4.605170185988092,0.0,0.6931471805599453,1387.5,1627.0
3990000,100,73,21,6,100,0.2876712328767123,0.2857142857142857,0.0821917808219178,1,2698621,4.61512051684126,4.61512051684126,4.30406509320417,3.091042453358316,1.9459101490553132,1387.5,275.0
8498000,100,96,1,3,100,0.010416666666666666,3.0,0.03125,1,1803582,4.61512051684126,4.61512051684126,4.574710978503383,0.6931471805599453,1.3862943611198906,1387.5,834.0
9994000,100,95,5,0,100,0.05263157894736842,0.0,0.0,0,1903179,4.61512051684126,4.61512051684126,4.564348191467836,1.791759469228055,0.0,1387.5,2349.0
4502000,100,96,1,3,100,0.010416666666666666,3.0,0.03125,1,4065033,4.61512051684126,4.61512051684126,4.574710978503383,0.6931471805599453,1.3862943611198906,1387.5,834.0
7600000,24,24,0,0,24,0.0,0.0,0.0,0,9279558,3.2188758248682006,3.2188758248682006,3.2188758248682006,0.0,0.0,2931.0,2349.0
1136000,100,98,2,0,100,0.02040816326530612,0.0,0.0,0,3048384,4.61512051684126,4.61512051684126,4.59511985013459,1.0986122886681098,0.0,1387.5,2349.0
8260000,82,81,1,0,82,0.012345679012345678,0.0,0.0,0,18936756,4.418840607796598,4.418840607796598,4.406719247264253,0.6931471805599453,0.0,2811.0,2349.0
6036000,100,91,7,2,100,0.07692307692307693,0.2857142857142857,0.02197802197802198,1,2336341,4.61512051684126,4.61512051684126,4.5217885770490405,2.0794415416798357,1.0986122886681098,1387.5,946.0
3150000,100,100,0,0,95,0.0,0.0,0.0,0,5484064,4.61512051684126,4.564348191467836,4.61512051684126,0.0,0.0,1387.5,2349.0
2148000,74,72,1,1,73,0.013888888888888888,1.0,0.013888888888888888,1,21101766,4.31748811353631,4.30406509320417,4.290459441148391,0.6931471805599453,0.6931471805599453,2826.0,1221.0
7464000,100,94,5,1,100,0.05319148936170213,0.2,0.010638297872340425,1,2725329,4.61512051684126,4.61512051684126,4.553876891600541,1.791759469228055,0.6931471805599453,1387.5,1296.0
624000,100,92,6,2,100,0.06521739130434782,0.3333333333333333,0.021739130434782608,1,7425012,4.61512051684126,4.61512051684126,4.532599493153256,1.9459101490553132,1.0986122886681098,1387.5,959.0
2626000,100,94,5,1,100,0.05319148936170213,0.2,0.010638297872340425,1,5676314,4.61512051684126,4.61512051684126,4.553876891600541,1.791759469228055,0.6931471805599453,1387.5,1296.0
7948000,100,96,2,2,100,0.020833333333333332,1.0,0.020833333333333332,1,3745000,4.61512051684126,4.61512051684126,4.574710978503383,1.0986122886681098,1.0986122886681098,1387.5,1054.0
7418000,100,100,0,0,100,0.0,0.0,0.0,0,3375279,4.61512051684126,4.61512051684126,4.61512051684126,0.0,0.0,1387.5,2349.0
8804000,100,100,0,0,100,0.0,0.0,0.0,0,5339147,4.61512051684126,4.61512051684126,4.61512051684126,0.0,0.0,1387.5,2349.0
9112000,100,77,1,22,100,0.012987012987012988,22.0,0.2857142857142857,1,10249816,4.61512051684126,4.61512051684126,4.356708826689592,0.6931471805599453,3.1354942159291497,1387.5,30.0
8146000,100,98,0,2,100,0.0,0.0,0.02040816326530612,1,3282594,4.61512051684126,4.61512051684126,4.59511985013459,0.0,1.0986122886681098,1387.5,1177.0
7072000,100,94,1,5,100,0.010638297872340425,5.0,0.05319148936170213,1,3343849,4.61512051684126,4.61512051684126,4.553876891600541,0.6931471805599453,1.791759469228055,1387.5,512.5
7772000,100,98,2,0,100,0.02040816326530612,0.0,0.0,0,3380317,4.61512051684126,4.61512051684126,4.59511985013459,1.0986122886681098,0.0,1387.5,2349.0
4182000,100,93,5,2,100,0.053763440860215055,0.4,0.021505376344086023,1,3550973,4.61512051684126,4.61512051684126,4.543294782270004,1.791759469228055,1.0986122886681098,1387.5,976.0
7356000,100,100,0,0,98,0.0,0.0,0.0,0,2768629,4.61512051684126,4.59511985013459,4.61512051684126,0.0,0.0,1387.5,2349.0
8322000,100,93,5,2,100,0.053763440860215055,0.4,0.021505376344086023,1,4485114,4.61512051684126,4.61512051684126,4.543294782270004,1.791759469228055,1.0986122886681098,1387.5,976.0
8846000,100,95,2,3,100,0.021052631578947368,1.5,0.031578947368421054,1,3116789,4.61512051684126,4.61512051684126,4.564348191467836,1.0986122886681098,1.3862943611198906,1387.5,792.5
7622000,100,94,6,0,100,0.06382978723404255,0.0,0.0,0,5161174,4.61512051684126,4.61512051684126,4.553876891600541,1.9459101490553132,0.0,1387.5,2349.0
3524000,100,96,3,1,100,0.03125,0.3333333333333333,0.010416666666666666,1,7840334,4.61512051684126,4.61512051684126,4.574710978503383,1.3862943611198906,0.6931471805599453,1387.5,1350.0
1944000,100,96,3,1,99,0.03125,0.3333333333333333,0.010416666666666666,1,2501113,4.61512051684126,4.605170185988092,4.574710978503383,1.3862943611198906,0.6931471805599453,1387.5,1350.0
2734000,100,99,1,0,100,0.010101010101010102,0.0,0.0,0,7002768,4.61512051684126,4.61512051684126,4.605170185988092,0.6931471805599453,0.0,1387.5,2349.0
3946000,100,99,0,1,100,0.0,0.0,0.010101010101010102,1,4444048,4.61512051684126,4.61512051684126,4.605170185988092,0.0,0.6931471805599453,1387.5,1627.0
2910000,100,99,1,0,100,0.010101010101010102,0.0,0.0,0,2219435,4.61512051684126,4.61512051684126,4.605170185988092,0.6931471805599453,0.0,1387.5,2349.0
3284000,100,97,2,1,100,0.020618556701030927,0.5,0.010309278350515464,1,3212642,4.61512051684126,4.61512051684126,4.584967478670572,1.0986122886681098,0.6931471805599453,1387.5,1403.0
4122000,100,77,18,5,100,0.23376623376623376,0.2777777777777778,0.06493506493506493,1,2322859,4.61512051684126,4.61512051684126,4.356708826689592,2.9444389791664403,1.791759469228055,1387.5,388.0
2740000,100,81,4,15,100,0.04938271604938271,3.75,0.18518518518518517,1,2664328,4.61512051684126,4.61512051684126,4.406719247264253,1.6094379124341003,2.772588722239781,1387.5,74.5
6940000,100,98,2,0,100,0.02040816326530612,0.0,0.0,0,2853260,4.61512051684126,4.61512051684126,4.59511985013459,1.0986122886681098,0.0,1387.5,2349.0
2252000,100,96,3,1,100,0.03125,0.3333333333333333,0.010416666666666666,1,6703995,4.61512051684126,4.61512051684126,4.574710978503383,1.3862943611198906,0.6931471805599453,1387.5,1350.0
8316000,100,97,2,1,100,0.020618556701030927,0.5,0.010309278350515464,1,2961785,4.61512051684126,4.61512051684126,4.584967478670572,1.0986122886681098,0.6931471805599453,1387.5,1403.0
1414000,100,97,3,0,100,0.030927835051546393,0.0,0.0,0,13973732,4.61512051684126,4.61512051684126,4.584967478670572,1.3862943611198906,0.0,1387.5,2349.0
9528000,100,91,4,5,98,0.04395604395604396,1.25,0.054945054945054944,1,5158716,4.61512051684126,4.59511985013459,4.5217885770490405,1.6094379124341003,1.791759469228055,1387.5,465.0
6566000,100,99,1,0,100,0.010101010101010102,0.0,0.0,0,4215311,4.61512051684126,4.61512051684126,4.605170185988092,0.6931471805599453,0.0,1387.5,2349.0
8430000,100,98,2,0,100,0.02040816326530612,0.0,0.0,0,2594497,4.61512051684126,4.61512051684126,4.59511985013459,1.0986122886681098,0.0,1387.5,2349.0
2210000,100,99,1,0,100,0.010101010101010102,0.0,0.0,0,1807612,4.61512051684126,4.61512051684126,4.605170185988092,0.6931471805599453,0.0,1387.5,2349.0
2006000,100,93,4,3,100,0.043010752688172046,0.75,0.03225806451612903,1,1848624,4.61512051684126,4.61512051684126,4.543294782270004,1.6094379124341003,1.3862943611198906,1387.5,742.0
5246000,100,68,13,19,100,0.19117647058823528,1.4615384615384615,0.27941176470588236,1,4066335,4.61512051684126,4.61512051684126,4.23410650459726,2.6390573296152584,2.995732273553991,1387.5,33.0
2830000,100,100,0,0,100,0.0,0.0,0.0,0,5466587,4.61512051684126,4.61512051684126,4.61512051684126,0.0,0.0,1387.5,2349.0
3108000,100,99,1,0,100,0.010101010101010102,0.0,0.0,0,4263375,4.61512051684126,4.61512051684126,4.605170185988092,0.6931471805599453,0.0,1387.5,2349.0
1660000,100,100,0,0,100,0.0,0.0,0.0,0,2619902,4.61512051684126,4.61512051684126,4.61512051684126,0.0,0.0,1387.5,2349.0
4320000,100,100,0,0,100,0.0,0.0,0.0,0,1728564,4.61512051684126,4.61512051684126,4.61512051684126,0.0,0.0,1387.5,2349.0
5928000,100,100,0,0,98,0.0,0.0,0.0,0,4371421,4.61512051684126,4.59511985013459,4.61512051684126,0.0,0.0,1387.5,2349.0
7526000,100,95,5,0,100,0.05263157894736842,0.0,0.0,0,2858492,4.61512051684126,4.61512051684126,4.564348191467836,1.791759469228055,0.0,1387.5,2349.0
3592000,100,99,1,0,100,0.010101010101010102,0.0,0.0,0,4634827,4.61512051684126,4.61512051684126,4.605170185988092,0.6931471805599453,0.0,1387.5,2349.0
1244000,100,87,9,4,100,0.10344827586206896,0.4444444444444444,0.04597701149425287,1,3162334,4.61512051684126,4.61512051684126,4.477336814478207,2.302585092994046,1.6094379124341003,1387.5,551.0
2034000,100,92,4,4,100,0.043478260869565216,1.0,0.043478260869565216,1,3168281,4.61512051684126,4.61512051684126,4.532599493153256,1.6094379124341003,1.6094379124341003,1387.5,582.5
960000,100,97,2,1,100,0.020618556701030927,0.5,0.010309278350515464,1,10346753,4.61512051684126,4.61512051684126,4.584967478670572,1.0986122886681098,0.6931471805599453,1387.5,1403.0
2450000,100,94,2,4,100,0.02127659574468085,2.0,0.0425531914893617,1,7286916,4.61512051684126,4.61512051684126,4.553876891600541,1.0986122886681098,1.6094379124341003,1387.5,616.0
10058000,100,94,1,5,100,0.010638297872340425,5.0,0.05319148936170213,1,3891618,4.61512051684126,4.61512051684126,4.553876891600541,0.6931471805599453,1.791759469228055,1387.5,512.5
6874000,100,96,3,1,100,0.03125,0.3333333333333333,0.010416666666666666,1,5255895,4.61512051684126,4.61512051684126,4.574710978503383,1.3862943611198906,0.6931471805599453,1387.5,1350.0
8038000,100,100,0,0,100,0.0,0.0,0.0,0,4542240,4.61512051684126,4.61512051684126,4.61512051684126,0.0,0.0,1387.5,2349.0
8738000,75,72,3,0,75,0.041666666666666664,0.0,0.0,0,22562810,4.330733340286331,4.330733340286331,4.290459441148391,1.3862943611198906,0.0,2824.0,2349.0
8914000,100,91,8,1,100,0.08791208791208792,0.125,0.01098901098901099,1,8193789,4.61512051684126,4.61512051684126,4.5217885770490405,2.1972245773362196,0.6931471805599453,1387.5,1253.0
1836000,100,94,5,1,100,0.05319148936170213,0.2,0.010638297872340425,1,7401066,4.61512051684126,4.61512051684126,4.553876891600541,1.791759469228055,0.6931471805599453,1387.5,1296.0
3354000,100,85,5,10,100,0.058823529411764705,2.0,0.11764705882352941,1,2463460,4.61512051684126,4.61512051684126,4.454347296253507,1.791759469228055,2.3978952727983707,1387.5,160.0
3638000,100,99,0,1,100,0.0,0.0,0.010101010101010102,1,3053248,4.61512051684126,4.61512051684126,4.605170185988092,0.0,0.6931471805599453,1387.5,1627.0
1068000,100,97,1,2,100,0.010309278350515464,2.0,0.020618556701030927,1,6370168,4.61512051684126,4.61512051684126,4.584967478670572,0.6931471805599453,1.0986122886681098,1387.5,1108.0
3416000,100,100,0,0,100,0.0,0.0,0.0,0,2226944,4.61512051684126,4.61512051684126,4.61512051684126,0.0,0.0,1387.5,2349.0
7532000,100,99,1,0,100,0.010101010101010102,0.0,0.0,0,5135684,4.61512051684126,4.61512051684126,4.605170185988092,0.6931471805599453,0.0,1387.5,2349.0
6826000,100,93,5,2,100,0.053763440860215055,0.4,0.021505376344086023,1,2440698,4.61512051684126,4.61512051684126,4.543294782270004,1.791759469228055,1.0986122886681098,1387.5,976.0
3808000,100,100,0,0,99,0.0,0.0,0.0,0,4157172,4.61512051684126,4.605170185988092,4.61512051684126,0.0,0.0,1387.5,2349.0
2040000,100,97,1,2,98,0.010309278350515464,2.0,0.020618556701030927,1,1935245,4.61512051684126,4.59511985013459,4.584967478670572,0.6931471805599453,1.0986122886681098,1387.5,1108.0
7730000,100,100,0,0,98,0.0,0.0,0.0,0,11390531,4.61512051684126,4.59511985013459,4.61512051684126,0.0,0.0,1387.5,2349.0
3700000,100,79,4,17,100,0.05063291139240506,4.25,0.21518987341772153,1,4360074,4.61512051684126,4.61512051684126,4.382026634673881,1.6094379124341003,2.8903717578961645,1387.5,54.5
8568000,100,95,2,3,99,0.021052631578947368,1.5,0.031578947368421054,1,3142476,4.61512051684126,4.605170185988092,4.564348191467836,1.0986122886681098,1.3862943611198906,1387.5,792.5
6282000,100,100,0,0,100,0.0,0.0,0.0,0,2126685,4.61512051684126,4.61512051684126,4.61512051684126,0.0,0.0,1387.5,2349.0
7248000,100,100,0,0,100,0.0,0.0,0.0,0,2827530,4.61512051684126,4.61512051684126,4.61512051684126,0.0,0.0,1387.5,2349.0
1352000,100,96,4,0,100,0.041666666666666664,0.0,0.0,0,2381948,4.61512051684126,4.61512051684126,4.574710978503383,1.6094379124341003,0.0,1387.5,2349.0
4230000,100,98,2,0,100,0.02040816326530612,0.0,0.0,0,4213908,4.61512051684126,4.61512051684126,4.59511985013459,1.0986122886681098,0.0,1387.5,2349.0
2842000,100,98,0,2,99,0.0,0.0,0.02040816326530612,1,4141492,4.61512051684126,4.605170185988092,4.59511985013459,0.0,1.0986122886681098,1387.5,1177.0
2318000,100,100,0,0,99,0.0,0.0,0.0,0,4720455,4.61512051684126,4.605170185988092,4.61512051684126,0.0,0.0,1387.5,2349.0
9022000,100,99,1,0,100,0.010101010101010102,0.0,0.0,0,9158277,4.61512051684126,4.61512051684126,4.605170185988092,0.6931471805599453,0.0,1387.5,2349.0
6934000,100,82,7,11,100,0.08536585365853659,1.5714285714285714,0.13414634146341464,1,3357820,4.61512051684126,4.61512051684126,4.418840607796598,2.0794415416798357,2.4849066497880004,1387.5,130.0
7906000,100,100,0,0,100,0.0,0.0,0.0,0,5440261,4.61512051684126,4.61512051684126,4.61512051684126,0.0,0.0,1387.5,2349.0
8364000,100,99,1,0,100,0.010101010101010102,0.0,0.0,0,12269271,4.61512051684126,4.61512051684126,4.605170185988092,0.6931471805599453,0.0,1387.5,2349.0
2204000,100,98,2,0,100,0.02040816326530612,0.0,0.0,0,2359015,4.61512051684126,4.61512051684126,4.59511985013459,1.0986122886681098,0.0,1387.5,2349.0
8214000,100,98,1,1,100,0.01020408163265306,1.0,0.01020408163265306,1,2654981,4.61512051684126,4.61512051684126,4.59511985013459,0.6931471805599453,0.6931471805599453,1387.5,1497.0
6628000,100,97,2,1,100,0.020618556701030927,0.5,0.010309278350515464,1,8299840,4.61512051684126,4.61512051684126,4.584967478670572,1.0986122886681098,0.6931471805599453,1387.5,1403.0
8056000,100,93,4,3,100,0.043010752688172046,0.75,0.03225806451612903,1,3727713,4.61512051684126,4.61512051684126,4.543294782270004,1.6094379124341003,1.3862943611198906,1387.5,742.0
2692000,100,100,0,0,100,0.0,0.0,0.0,0,2682121,4.61512051684126,4.61512051684126,4.61512051684126,0.0,0.0,1387.5,2349.0
3042000,100,98,2,0,100,0.02040816326530612,0.0,0.0,0,3607700,4.61512051684126,4.61512051684126,4.59511985013459,1.0986122886681098,0.0,1387.5,2349.0
2938000,100,90,6,4,100,0.06666666666666667,0.6666666666666666,0.044444444444444446,1,6013587,4.61512051684126,4.61512051684126,4.51085950651685,1.9459101490553132,1.6094379124341003,1387.5,565.0
1306000,100,95,5,0,100,0.05263157894736842,0.0,0.0,0,1563310,4.61512051684126,4.61512051684126,4.564348191467836,1.791759469228055,0.0,1387.5,2349.0
454000,100,91,9,0,100,0.0989010989010989,0.0,0.0,0,4934401,4.61512051684126,4.61512051684126,4.5217885770490405,2.302585092994046,0.0,1387.5,2349.0
3000000,100,94,2,4,100,0.02127659574468085,2.0,0.0425531914893617,1,4398962,4.61512051684126,4.61512051684126,4.553876891600541,1.0986122886681098,1.6094379124341003,1387.5,616.0
9396000,100,78,17,5,100,0.21794871794871795,0.29411764705882354,0.0641025641025641,1,3544412,4.61512051684126,4.61512051684126,4.3694478524670215,2.8903717578961645,1.791759469228055,1387.5,403.0
8232000,100,95,1,4,100,0.010526315789473684,4.0,0.042105263157894736,1,3179514,4.61512051684126,4.61512051684126,4.564348191467836,0.6931471805599453,1.6094379124341003,1387.5,641.5
1794000,100,94,4,2,100,0.0425531914893617,0.5,0.02127659574468085,1,2678961,4.61512051684126,4.61512051684126,4.553876891600541,1.6094379124341003,1.0986122886681098,1387.5,996.5
3530000,100,100,0,0,100,0.0,0.0,0.0,0,4822807,4.61512051684126,4.61512051684126,4.61512051684126,0.0,0.0,1387.5,2349.0
7664000,4,4,0,0,4,0.0,0.0,0.0,0,191811,1.6094379124341003,1.6094379124341003,1.6094379124341003,0.0,0.0,2986.0,2349.0
7066000,100,99,0,1,100,0.0,0.0,0.010101010101010102,1,3071300,4.61512051684126,4.61512051684126,4.605170185988092,0.0,0.6931471805599453,1387.5,1627.0
6650000,100,100,0,0,100,0.0,0.0,0.0,0,3905381,4.61512051684126,4.61512051684126,4.61512051684126,0.0,0.0,1387.5,2349.0
1176000,100,100,0,0,100,0.0,0.0,0.0,0,2638216,4.61512051684126,4.61512051684126,4.61512051684126,0.0,0.0,1387.5,2349.0
8140000,100,98,2,0,100,0.02040816326530612,0.0,0.0,0,14151185,4.61512051684126,4.61512051684126,4.59511985013459,1.0986122886681098,0.0,1387.5,2349.0
7350000,100,92,3,5,100,0.03260869565217391,1.6666666666666667,0.05434782608695652,1,3498783,4.61512051684126,4.61512051684126,4.532599493153256,1.3862943611198906,1.791759469228055,1387.5,476.5
5854000,100,96,1,3,100,0.010416666666666666,3.0,0.03125,1,5827253,4.61512051684126,4.61512051684126,4.574710978503383,0.6931471805599453,1.3862943611198906,1387.5,834.0
2444000,100,92,4,4,100,0.043478260869565216,1.0,0.043478260869565216,1,6038232,4.61512051684126,4.61512051684126,4.532599493153256,1.6094379124341003,1.6094379124341003,1387.5,582.5
8556000,100,94,2,4,100,0.02127659574468085,2.0,0.0425531914893617,1,2419900,4.61512051684126,4.61512051684126,4.553876891600541,1.0986122886681098,1.6094379124341003,1387.5,616.0
7766000,100,100,0,0,100,0.0,0.0,0.0,0,2099116,4.61512051684126,4.61512051684126,4.61512051684126,0.0,0.0,1387.5,2349.0
6384000,100,100,0,0,100,0.0,0.0,0.0,0,2868971,4.61512051684126,4.61512051684126,4.61512051684126,0.0,0.0,1387.5,2349.0
6208000,100,97,2,1,94,0.020618556701030927,0.5,0.010309278350515464,1,2846177,4.61512051684126,4.553876891600541,4.584967478670572,1.0986122886681098,0.6931471805599453,1387.5,1403.0
7590000,100,100,0,0,100,0.0,0.0,0.0,0,3445371,4.61512051684126,4.61512051684126,4.61512051684126,0.0,0.0,1387.5,2349.0
7548000,100,84,4,12,100,0.047619047619047616,3.0,0.14285714285714285,1,5337927,4.61512051684126,4.61512051684126,4.442651256490317,1.6094379124341003,2.5649493574615367,1387.5,114.5
7658000,100,100,0,0,100,0.0,0.0,0.0,0,3112783,4.61512051684126,4.61512051684126,4.61512051684126,0.0,0.0,1387.5,2349.0
7856000,100,92,4,4,100,0.043478260869565216,1.0,0.043478260869565216,1,5819802,4.61512051684126,4.61512051684126,4.532599493153256,1.6094379124341003,1.6094379124341003,1387.5,582.5
2274000,100,96,3,1,100,0.03125,0.3333333333333333,0.010416666666666666,1,1660740,4.61512051684126,4.61512051684126,4.574710978503383,1.3862943611198906,0.6931471805599453,1387.5,1350.0
6758000,100,99,1,0,100,0.010101010101010102,0.0,0.0,0,2160983,4.61512051684126,4.61512051684126,4.605170185988092,0.6931471805599453,0.0,1387.5,2349.0
1170000,100,86,3,11,100,0.03488372093023256,3.6666666666666665,0.12790697674418605,1,7410991,4.61512051684126,4.61512051684126,4.465908118654584,1.3862943611198906,2.4849066497880004,1387.5,140.5
1478000,100,86,4,10,100,0.046511627906976744,2.5,0.11627906976744186,1,3983308,4.61512051684126,4.61512051684126,4.465908118654584,1.6094379124341003,2.3978952727983707,1387.5,170.0
2666000,100,98,1,1,100,0.01020408163265306,1.0,0.01020408163265306,1,6268247,4.61512051684126,4.61512051684126,4.59511985013459,0.6931471805599453,0.6931471805599453,1387.5,1497.0
2178000,100,95,4,1,100,0.042105263157894736,0.25,0.010526315789473684,1,3600265,4.61512051684126,4.61512051684126,4.564348191467836,1.6094379124341003,0.6931471805599453,1387.5,1321.0
2074000,100,100,0,0,100,0.0,0.0,0.0,0,3636381,4.61512051684126,4.61512051684126,4.61512051684126,0.0,0.0,1387.5,2349.0
4138000,100,93,6,1,100,0.06451612903225806,0.16666666666666666,0.010752688172043012,1,2554597,4.61512051684126,4.61512051684126,4.543294782270004,1.9459101490553132,0.6931471805599453,1387.5,1272.5
1858000,100,100,0,0,99,0.0,0.0,0.0,0,6173009,4.61512051684126,4.605170185988092,4.61512051684126,0.0,0.0,1387.5,2349.0
1484000,100,88,7,5,100,0.07954545454545454,0.7142857142857143,0.056818181818181816,1,6615302,4.61512051684126,4.61512051684126,4.48863636973214,2.0794415416798357,1.791759469228055,1387.5,437.0
8248000,100,98,2,0,100,0.02040816326530612,0.0,0.0,0,2483216,4.61512051684126,4.61512051684126,4.59511985013459,1.0986122886681098,0.0,1387.5,2349.0
2926000,100,92,5,3,100,0.05434782608695652,0.6,0.03260869565217391,1,11836788,4.61512051684126,4.61512051684126,4.532599493153256,1.791759469228055,1.3862943611198906,1387.5,725.5
1744000,100,98,1,1,100,0.01020408163265306,1.0,0.01020408163265306,1,4058499,4.61512051684126,4.61512051684126,4.59511985013459,0.6931471805599453,0.6931471805599453,1387.5,1497.0
2136000,100,66,10,24,100,0.15151515151515152,2.4,0.36363636363636365,1,6078383,4.61512051684126,4.61512051684126,4.204692619390966,2.3978952727983707,3.2188758248682006,1387.5,15.0
2312000,100,98,1,1,100,0.01020408163265306,1.0,0.01020408163265306,1,3571122,4.61512051684126,4.61512051684126,4.59511985013459,0.6931471805599453,0.6931471805599453,1387.5,1497.0
1586000,100,96,4,0,100,0.041666666666666664,0.0,0.0,0,4328428,4.61512051684126,4.61512051684126,4.574710978503383,1.6094379124341003,0.0,1387.5,2349.0
6100000,100,93,1,6,100,0.010752688172043012,6.0,0.06451612903225806,1,14539349,4.61512051684126,4.61512051684126,4.543294782270004,0.6931471805599453,1.9459101490553132,1387.5,395.5
1762000,100,77,5,18,100,0.06493506493506493,3.6,0.23376623376623376,1,9504053,4.61512051684126,4.61512051684126,4.356708826689592,1.791759469228055,2.9444389791664403,1387.5,46.0
1436000,100,87,5,8,100,0.05747126436781609,1.6,0.09195402298850575,1,3635974,4.61512051684126,4.61512051684126,4.477336814478207,1.791759469228055,2.1972245773362196,1387.5,236.0
7724000,100,97,2,1,100,0.020618556701030927,0.5,0.010309278350515464,1,4388947,4.61512051684126,4.61512051684126,4.584967478670572,1.0986122886681098,0.6931471805599453,1387.5,1403.0
8494000,100,99,0,1,100,0.0,0.0,0.010101010101010102,1,5055444,4.61512051684126,4.61512051684126,4.605170185988092,0.0,0.6931471805599453,1387.5,1627.0
1544000,100,97,1,2,100,0.010309278350515464,2.0,0.020618556701030927,1,3352892,4.61512051684126,4.61512051684126,4.584967478670572,0.6931471805599453,1.0986122886681098,1387.5,1108.0
7174000,100,94,5,1,100,0.05319148936170213,0.2,0.010638297872340425,1,11799215,4.61512051684126,4.61512051684126,4.553876891600541,1.791759469228055,0.6931471805599453,1387.5,1296.0
580000,100,99,0,1,100,0.0,0.0,0.010101010101010102,1,5269747,4.61512051684126,4.61512051684126,4.605170185988092,0.0,0.6931471805599453,1387.5,1627.0
6890000,100,99,0,1,100,0.0,0.0,0.010101010101010102,1,4601505,4.61512051684126,4.61512051684126,4.605170185988092,0.0,0.6931471805599453,1387.5,1627.0
6692000,100,97,0,3,100,0.0,0.0,0.030927835051546393,1,5724804,4.61512051684126,4.61512051684126,4.584967478670572,0.0,1.3862943611198906,1387.5,873.5
6516000,100,94,2,4,100,0.02127659574468085,2.0,0.0425531914893617,1,14350722,4.61512051684126,4.61512051684126,4.553876891600541,1.0986122886681098,1.6094379124341003,1387.5,616.0
954000,51,50,1,0,51,0.02,0.0,0.0,0,13158364,3.9512437185814275,3.9512437185814275,3.9318256327243257,0.6931471805599453,0.0,2870.0,2349.0
688000,100,100,0,0,100,0.0,0.0,0.0,0,3473226,4.61512051684126,4.61512051684126,4.61512051684126,0.0,0.0,1387.5,2349.0
8386000,100,94,5,1,100,0.05319148936170213,0.2,0.010638297872340425,1,7931326,4.61512051684126,4.61512051684126,4.553876891600541,1.791759469228055,0.6931471805599453,1387.5,1296.0
7794000,100,97,0,3,99,0.0,0.0,0.030927835051546393,1,6571643,4.61512051684126,4.605170185988092,4.584967478670572,0.0,1.3862943611198906,1387.5,873.5
8032000,100,100,0,0,100,0.0,0.0,0.0,0,3113898,4.61512051684126,4.61512051684126,4.61512051684126,0.0,0.0,1387.5,2349.0
7344000,100,90,1,9,100,0.011111111111111112,9.0,0.1,1,5989507,4.61512051684126,4.61512051684126,4.51085950651685,0.6931471805599453,2.302585092994046,1387.5,207.5
8078000,100,93,3,4,100,0.03225806451612903,1.3333333333333333,0.043010752688172046,1,8718102,4.61512051684126,4.61512051684126,4.543294782270004,1.3862943611198906,1.6094379124341003,1387.5,596.5
272000,100,85,5,10,100,0.058823529411764705,2.0,0.11764705882352941,1,13175676,4.61512051684126,4.61512051684126,4.454347296253507,1.791759469228055,2.3978952727983707,1387.5,160.0
7874000,100,92,3,5,100,0.03260869565217391,1.6666666666666667,0.05434782608695652,1,3545793,4.61512051684126,4.61512051684126,4.532599493153256,1.3862943611198906,1.791759469228055,1387.5,476.5
6976000,100,97,1,2,100,0.010309278350515464,2.0,0.020618556701030927,1,5336907,4.61512051684126,4.61512051684126,4.584967478670572,0.6931471805599453,1.0986122886681098,1387.5,1108.0
6276000,100,98,1,1,100,0.01020408163265306,1.0,0.01020408163265306,1,3291118,4.61512051684126,4.61512051684126,4.59511985013459,0.6931471805599453,0.6931471805599453,1387.5,1497.0
9876000,100,86,3,11,100,0.03488372093023256,3.6666666666666665,0.12790697674418605,1,3475389,4.61512051684126,4.61512051684126,4.465908118654584,1.3862943611198906,2.4849066497880004,1387.5,140.5
9214000,100,68,19,13,100,0.27941176470588236,0.6842105263157895,0.19117647058823528,1,1460831,4.61512051684126,4.61512051684126,4.23410650459726,2.995732273553991,2.6390573296152584,1387.5,68.0
1062000,100,100,0,0,100,0.0,0.0,0.0,0,6288484,4.61512051684126,4.61512051684126,4.61512051684126,0.0,0.0,1387.5,2349.0
1966000,100,73,5,22,100,0.0684931506849315,4.4,0.3013698630136986,1,4488144,4.61512051684126,4.61512051684126,4.30406509320417,1.791759469228055,3.1354942159291497,1387.5,26.0
3234000,100,98,1,1,100,0.01020408163265306,1.0,0.01020408163265306,1,3457574,4.61512051684126,4.61512051684126,4.59511985013459,0.6931471805599453,0.6931471805599453,1387.5,1497.0
8664000,100,100,0,0,100,0.0,0.0,0.0,0,2624755,4.61512051684126,4.61512051684126,4.61512051684126,0.0,0.0,1387.5,2349.0
2552000,100,82,6,12,100,0.07317073170731707,2.0,0.14634146341463414,1,4121971,4.61512051684126,4.61512051684126,4.418840607796598,1.9459101490553132,2.5649493574615367,1387.5,111.5
778000,100,94,6,0,100,0.06382978723404255,0.0,0.0,0,2610309,4.61512051684126,4.61512051684126,4.553876891600541,1.9459101490553132,0.0,1387.5,2349.0
2558000,10,10,0,0,8,0.0,0.0,0.0,0,5134257,2.3978952727983707,2.1972245773362196,2.3978952727983707,0.0,0.0,2965.0,2349.0
3518000,100,100,0,0,100,0.0,0.0,0.0,0,5438156,4.61512051684126,4.61512051684126,4.61512051684126,0.0,0.0,1387.5,2349.0
3348000,100,100,0,0,100,0.0,0.0,0.0,0,3542136,4.61512051684126,4.61512051684126,4.61512051684126,0.0,0.0,1387.5,2349.0
2648000,100,98,0,2,100,0.0,0.0,0.02040816326530612,1,5957190,4.61512051684126,4.61512051684126,4.59511985013459,0.0,1.0986122886681098,1387.5,1177.0
2028000,10,10,0,0,10,0.0,0.0,0.0,0,443893,2.3978952727983707,2.3978952727983707,2.3978952727983707,0.0,0.0,2965.0,2349.0
2070000,100,99,1,0,100,0.010101010101010102,0.0,0.0,0,2286019,4.61512051684126,4.61512051684126,4.605170185988092,0.6931471805599453,0.0,1387.5,2349.0
6446000,100,99,1,0,100,0.010101010101010102,0.0,0.0,0,2950834,4.61512051684126,4.61512051684126,4.605170185988092,0.6931471805599453,0.0,1387.5,2349.0
5064000,100,97,2,1,100,0.020618556701030927,0.5,0.010309278350515464,1,9241879,4.61512051684126,4.61512051684126,4.584967478670572,1.0986122886681098,0.6931471805599453,1387.5,1403.0
2756000,100,99,0,1,100,0.0,0.0,0.010101010101010102,1,6006017,4.61512051684126,4.61512051684126,4.605170185988092,0.0,0.6931471805599453,1387.5,1627.0
3456000,100,96,4,0,100,0.041666666666666664,0.0,0.0,0,2551798,4.61512051684126,4.61512051684126,4.574710978503383,1.6094379124341003,0.0,1387.5,2349.0
3764000,100,99,1,0,96,0.010101010101010102,0.0,0.0,0,3875244,4.61512051684126,4.574710978503383,4.605170185988092,0.6931471805599453,0.0,1387.5,2349.0
1654000,39,34,3,2,39,0.08823529411764706,0.6666666666666666,0.058823529411764705,1,11721029,3.6888794541139363,3.6888794541139363,3.5553480614894135,1.3862943611198906,1.0986122886681098,2892.0,424.0
2728000,100,89,11,0,100,0.12359550561797752,0.0,0.0,0,4957675,4.61512051684126,4.61512051684126,4.499809670330265,2.4849066497880004,0.0,1387.5,2349.0
1852000,100,98,2,0,100,0.02040816326530612,0.0,0.0,0,10486599,4.61512051684126,4.61512051684126,4.59511985013459,1.0986122886681098,0.0,1387.5,2349.0
9346000,32,28,3,1,32,0.10714285714285714,0.3333333333333333,0.03571428571428571,1,1088584,3.4965075614664802,3.4965075614664802,3.367295829986474,1.3862943611198906,0.6931471805599453,2909.0,687.5
2974000,100,94,6,0,100,0.06382978723404255,0.0,0.0,0,5234388,4.61512051684126,4.61512051684126,4.553876891600541,1.9459101490553132,0.0,1387.5,2349.0
2382000,5,5,0,0,5,0.0,0.0,0.0,0,137030,1.791759469228055,1.791759469228055,1.791759469228055,0.0,0.0,2980.0,2349.0
3626000,100,100,0,0,100,0.0,0.0,0.0,0,2893890,4.61512051684126,4.61512051684126,4.61512051684126,0.0,0.0,1387.5,2349.0
7482000,6,6,0,0,6,0.0,0.0,0.0,0,1044896,1.9459101490553132,1.9459101490553132,1.9459101490553132,0.0,0.0,2974.5,2349.0
6884000,100,99,0,1,100,0.0,0.0,0.010101010101010102,1,7594129,4.61512051684126,4.61512051684126,4.605170185988092,0.0,0.6931471805599453,1387.5,1627.0
772000,100,98,0,2,100,0.0,0.0,0.02040816326530612,1,4607879,4.61512051684126,4.61512051684126,4.59511985013459,0.0,1.0986122886681098,1387.5,1177.0
2092000,100,86,0,14,100,0.0,0.0,0.16279069767441862,1,10202670,4.61512051684126,4.61512051684126,4.465908118654584,0.0,2.70805020110221,1387.5,97.0
90000,100,96,2,2,100,0.020833333333333332,1.0,0.020833333333333332,1,3341287,4.61512051684126,4.61512051684126,4.574710978503383,1.0986122886681098,1.0986122886681098,1387.5,1054.0
886000,100,100,0,0,100,0.0,0.0,0.0,0,3411191,4.61512051684126,4.61512051684126,4.61512051684126,0.0,0.0,1387.5,2349.0
6992000,100,95,1,4,99,0.010526315789473684,4.0,0.042105263157894736,1,6527604,4.61512051684126,4.605170185988092,4.564348191467836,0.6931471805599453,1.6094379124341003,1387.5,641.5
7476000,100,100,0,0,98,0.0,0.0,0.0,0,5159391,4.61512051684126,4.59511985013459,4.61512051684126,0.0,0.0,1387.5,2349.0
6998000,100,100,0,0,100,0.0,0.0,0.0,0,2273686,4.61512051684126,4.61512051684126,4.61512051684126,0.0,0.0,1387.5,2349.0
1954000,100,91,7,2,100,0.07692307692307693,0.2857142857142857,0.02197802197802198,1,2616282,4.61512051684126,4.61512051684126,4.5217885770490405,2.0794415416798357,1.0986122886681098,1387.5,946.0
6094000,100,100,0,0,100,0.0,0.0,0.0,0,2608385,4.61512051684126,4.61512051684126,4.61512051684126,0.0,0.0,1387.5,2349.0
7366000,100,98,1,1,100,0.01020408163265306,1.0,0.01020408163265306,1,5294594,4.61512051684126,4.61512051684126,4.59511985013459,0.6931471805599453,0.6931471805599453,1387.5,1497.0
7414000,100,99,1,0,100,0.010101010101010102,0.0,0.0,0,6044187,4.61512051684126,4.61512051684126,4.605170185988092,0.6931471805599453,0.0,1387.5,2349.0
6926000,100,88,10,2,100,0.11363636363636363,0.2,0.022727272727272728,1,15377729,4.61512051684126,4.61512051684126,4.48863636973214,2.3978952727983707,1.0986122886681098,1387.5,921.0
6576000,100,95,2,3,100,0.021052631578947368,1.5,0.031578947368421054,1,2681037,4.61512051684126,4.61512051684126,4.564348191467836,1.0986122886681098,1.3862943611198906,1387.5,792.5
2484000,32,32,0,0,32,0.0,0.0,0.0,0,19745717,3.4965075614664802,3.4965075614664802,3.4965075614664802,0.0,0.0,2909.0,2349.0
7168000,100,97,1,2,100,0.010309278350515464,2.0,0.020618556701030927,1,12840392,4.61512051684126,4.61512051684126,4.584967478670572,0.6931471805599453,1.0986122886681098,1387.5,1108.0
3956000,100,100,0,0,100,0.0,0.0,0.0,0,3131518,4.61512051684126,4.61512051684126,4.61512051684126,0.0,0.0,1387.5,2349.0
8204000,100,100,0,0,100,0.0,0.0,0.0,0,2097293,4.61512051684126,4.61512051684126,4.61512051684126,0.0,0.0,1387.5,2349.0
1098000,100,99,0,1,98,0.0,0.0,0.010101010101010102,1,9838787,4.61512051684126,4.59511985013459,4.605170185988092,0.0,0.6931471805599453,1387.5,1627.0
464000,100,96,3,1,100,0.03125,0.3333333333333333,0.010416666666666666,1,5043113,4.61512051684126,4.61512051684126,4.574710978503383,1.3862943611198906,0.6931471805599453,1387.5,1350.0
1996000,100,95,2,3,100,0.021052631578947368,1.5,0.031578947368421054,1,2028878,4.61512051684126,4.61512051684126,4.564348191467836,1.0986122886681098,1.3862943611198906,1387.5,792.5
1756000,100,92,2,6,100,0.021739130434782608,3.0,0.06521739130434782,1,7876028,4.61512051684126,4.61512051684126,4.532599493153256,1.0986122886681098,1.9459101490553132,1387.5,382.0
152000,100,97,3,0,100,0.030927835051546393,0.0,0.0,0,2893491,4.61512051684126,4.61512051684126,4.584967478670572,1.3862943611198906,0.0,1387.5,2349.0
6714000,100,97,2,1,100,0.020618556701030927,0.5,0.010309278350515464,1,13289518,4.61512051684126,4.61512051684126,4.584967478670572,1.0986122886681098,0.6931471805599453,1387.5,1403.0
2370000,100,99,1,0,100,0.010101010101010102,0.0,0.0,0,6628654,4.61512051684126,4.61512051684126,4.605170185988092,0.6931471805599453,0.0,1387.5,2349.0
6334000,100,97,0,3,100,0.0,0.0,0.030927835051546393,1,1865382,4.61512051684126,4.61512051684126,4.584967478670572,0.0,1.3862943611198906,1387.5,873.5
5020000,100,77,6,17,100,0.07792207792207792,2.8333333333333335,0.22077922077922077,1,3570270,4.61512051684126,4.61512051684126,4.356708826689592,1.9459101490553132,2.8903717578961645,1387.5,52.5
1302000,100,98,2,0,100,0.02040816326530612,0.0,0.0,0,5581416,4.61512051684126,4.61512051684126,4.59511985013459,1.0986122886681098,0.0,1387.5,2349.0
9812000,100,97,3,0,100,0.030927835051546393,0.0,0.0,0,2521037,4.61512051684126,4.61512051684126,4.584967478670572,1.3862943611198906,0.0,1387.5,2349.0
6618000,100,100,0,0,100,0.0,0.0,0.0,0,3438423,4.61512051684126,4.61512051684126,4.61512051684126,0.0,0.0,1387.5,2349.0
596000,100,100,0,0,100,0.0,0.0,0.0,0,1779394,4.61512051684126,4.61512051684126,4.61512051684126,0.0,0.0,1387.5,2349.0
6468000,100,100,0,0,100,0.0,0.0,0.0,0,7146181,4.61512051684126,4.61512051684126,4.61512051684126,0.0,0.0,1387.5,2349.0
1846000,100,100,0,0,100,0.0,0.0,0.0,0,3800222,4.61512051684126,4.61512051684126,4.61512051684126,0.0,0.0,1387.5,2349.0
3274000,100,96,2,2,100,0.020833333333333332,1.0,0.020833333333333332,1,3529297,4.61512051684126,4.61512051684126,4.574710978503383,1.0986122886681098,1.0986122886681098,1387.5,1054.0
5672000,100,91,4,5,100,0.04395604395604396,1.25,0.054945054945054944,1,3846567,4.61512051684126,4.61512051684126,4.5217885770490405,1.6094379124341003,1.791759469228055,1387.5,465.0
7162000,100,96,1,3,100,0.010416666666666666,3.0,0.03125,1,5446929,4.61512051684126,4.61512051684126,4.574710978503383,0.6931471805599453,1.3862943611198906,1387.5,834.0
7300000,100,97,3,0,100,0.030927835051546393,0.0,0.0,0,4161312,4.61512051684126,4.61512051684126,4.584967478670572,1.3862943611198906,0.0,1387.5,2349.0
398000,100,98,2,0,100,0.02040816326530612,0.0,0.0,0,2540902,4.61512051684126,4.61512051684126,4.59511985013459,1.0986122886681098,0.0,1387.5,2349.0
7958000,100,98,1,1,100,0.01020408163265306,1.0,0.01020408163265306,1,14671723,4.61512051684126,4.61512051684126,4.59511985013459,0.6931471805599453,0.6931471805599453,1387.5,1497.0
1676000,100,100,0,0,100,0.0,0.0,0.0,0,2895220,4.61512051684126,4.61512051684126,4.61512051684126,0.0,0.0,1387.5,2349.0
2574000,100,98,1,1,100,0.01020408163265306,1.0,0.01020408163265306,1,5171321,4.61512051684126,4.61512051684126,4.59511985013459,0.6931471805599453,0.6931471805599453,1387.5,1497.0
1296000,100,99,1,0,100,0.010101010101010102,0.0,0.0,0,3406231,4.61512051684126,4.61512051684126,4.605170185988092,0.6931471805599453,0.0,1387.5,2349.0
2438000,100,85,12,3,100,0.1411764705882353,0.25,0.03529411764705882,1,2524986,4.61512051684126,4.61512051684126,4.454347296253507,2.5649493574615367,1.3862943611198906,1387.5,690.5
1056000,100,99,1,0,100,0.010101010101010102,0.0,0.0,0,5304826,4.61512051684126,4.61512051684126,4.605170185988092,0.6931471805599453,0.0,1387.5,2349.0
5720000,100,100,0,0,97,0.0,0.0,0.0,0,2584714,4.61512051684126,4.584967478670572,4.61512051684126,0.0,0.0,1387.5,2349.0
7698000,100,99,0,1,100,0.0,0.0,0.010101010101010102,1,4797767,4.61512051684126,4.61512051684126,4.605170185988092,0.0,0.6931471805599453,1387.5,1627.0
5128000,100,86,10,4,100,0.11627906976744186,0.4,0.046511627906976744,1,5179853,4.61512051684126,4.61512051684126,4.465908118654584,2.3978952727983707,1.6094379124341003,1387.5,546.5
7584000,100,100,0,0,98,0.0,0.0,0.0,0,2065819,4.61512051684126,4.59511985013459,4.61512051684126,0.0,0.0,1387.5,2349.0
5918000,100,100,0,0,100,0.0,0.0,0.0,0,4101997,4.61512051684126,4.61512051684126,4.61512051684126,0.0,0.0,1387.5,2349.0
2466000,100,98,2,0,99,0.02040816326530612,0.0,0.0,0,1874620,4.61512051684126,4.605170185988092,4.59511985013459,1.0986122886681098,0.0,1387.5,2349.0
7674000,100,85,9,6,100,0.10588235294117647,0.6666666666666666,0.07058823529411765,1,6138750,4.61512051684126,4.61512051684126,4.454347296253507,2.302585092994046,1.9459101490553132,1387.5,347.5
2792000,100,84,13,3,100,0.15476190476190477,0.23076923076923078,0.03571428571428571,1,3104290,4.61512051684126,4.61512051684126,4.442651256490317,2.6390573296152584,1.3862943611198906,1387.5,687.5
1784000,100,96,2,2,100,0.020833333333333332,1.0,0.020833333333333332,1,3197475,4.61512051684126,4.61512051684126,4.574710978503383,1.0986122886681098,1.0986122886681098,1387.5,1054.0
988000,100,100,0,0,100,0.0,0.0,0.0,0,7500905,4.61512051684126,4.61512051684126,4.61512051684126,0.0,0.0,1387.5,2349.0
356000,100,98,1,1,100,0.01020408163265306,1.0,0.01020408163265306,1,4449940,4.61512051684126,4.61512051684126,4.59511985013459,0.6931471805599453,0.6931471805599453,1387.5,1497.0
6202000,100,97,2,1,100,0.020618556701030927,0.5,0.010309278350515464,1,3893116,4.61512051684126,4.61512051684126,4.584967478670572,1.0986122886681098,0.6931471805599453,1387.5,1403.0
6510000,100,90,7,3,100,0.07777777777777778,0.42857142857142855,0.03333333333333333,1,3401371,4.61512051684126,4.61512051684126,4.51085950651685,2.0794415416798357,1.3862943611198906,1387.5,710.5
6794000,100,99,0,1,100,0.0,0.0,0.010101010101010102,1,3538059,4.61512051684126,4.61512051684126,4.605170185988092,0.0,0.6931471805599453,1387.5,1627.0
2262000,100,98,1,1,99,0.01020408163265306,1.0,0.01020408163265306,1,6010677,4.61512051684126,4.605170185988092,4.59511985013459,0.6931471805599453,0.6931471805599453,1387.5,1497.0
8904000,100,96,1,3,100,0.010416666666666666,3.0,0.03125,1,5205506,4.61512051684126,4.61512051684126,4.574710978503383,0.6931471805599453,1.3862943611198906,1387.5,834.0
8374000,100,100,0,0,100,0.0,0.0,0.0,0,3597036,4.61512051684126,4.61512051684126,4.61512051684126,0.0,0.0,1387.5,2349.0
994000,100,99,0,1,100,0.0,0.0,0.010101010101010102,1,3833584,4.61512051684126,4.61512051684126,4.605170185988092,0.0,0.6931471805599453,1387.5,1627.0
7106000,97,94,2,1,97,0.02127659574468085,0.5,0.010638297872340425,1,1789481,4.584967478670572,4.584967478670572,4.553876891600541,1.0986122886681098,0.6931471805599453,2779.0,1296.0
6264000,100,100,0,0,100,0.0,0.0,0.0,0,2823905,4.61512051684126,4.61512051684126,4.61512051684126,0.0,0.0,1387.5,2349.0
1892000,100,99,1,0,100,0.010101010101010102,0.0,0.0,0,4466900,4.61512051684126,4.61512051684126,4.605170185988092,0.6931471805599453,0.0,1387.5,2349.0
2200000,100,77,8,15,100,0.1038961038961039,1.875,0.19480519480519481,1,5092574,4.61512051684126,4.61512051684126,4.356708826689592,2.1972245773362196,2.772588722239781,1387.5,64.5
3052000,100,94,1,5,100,0.010638297872340425,5.0,0.05319148936170213,1,5465063,4.61512051684126,4.61512051684126,4.553876891600541,0.6931471805599453,1.791759469228055,1387.5,512.5
3166000,100,99,1,0,100,0.010101010101010102,0.0,0.0,0,1555174,4.61512051684126,4.61512051684126,4.605170185988092,0.6931471805599453,0.0,1387.5,2349.0
1888000,100,98,1,1,99,0.01020408163265306,1.0,0.01020408163265306,1,8034659,4.61512051684126,4.605170185988092,4.59511985013459,0.6931471805599453,0.6931471805599453,1387.5,1497.0
1500000,100,80,18,2,100,0.225,0.1111111111111111,0.025,1,3002478,4.61512051684126,4.61512051684126,4.394449154672439,2.9444389791664403,1.0986122886681098,1387.5,904.0
506000,100,84,14,2,100,0.16666666666666666,0.14285714285714285,0.023809523809523808,1,3538749,4.61512051684126,4.61512051684126,4.442651256490317,2.70805020110221,1.0986122886681098,1387.5,909.0
7692000,100,97,3,0,100,0.030927835051546393,0.0,0.0,0,5040803,4.61512051684126,4.61512051684126,4.584967478670572,1.3862943611198906,0.0,1387.5,2349.0
6822000,100,85,9,6,100,0.10588235294117647,0.6666666666666666,0.07058823529411765,1,3244350,4.61512051684126,4.61512051684126,4.454347296253507,2.302585092994046,1.9459101490553132,1387.5,347.5
7408000,100,91,7,2,100,0.07692307692307693,0.2857142857142857,0.02197802197802198,1,3766022,4.61512051684126,4.61512051684126,4.5217885770490405,2.0794415416798357,1.0986122886681098,1387.5,946.0
2376000,100,94,4,2,100,0.0425531914893617,0.5,0.02127659574468085,1,3444275,4.61512051684126,4.61512051684126,4.553876891600541,1.6094379124341003,1.0986122886681098,1387.5,996.5
2268000,100,89,8,3,100,0.0898876404494382,0.375,0.033707865168539325,1,12104449,4.61512051684126,4.61512051684126,4.499809670330265,2.1972245773362196,1.3862943611198906,1387.5,705.0
8006000,100,99,1,0,100,0.010101010101010102,0.0,0.0,0,5536043,4.61512051684126,4.61512051684126,4.605170185988092,0.6931471805599453,0.0,1387.5,2349.0
7896000,100,81,13,6,100,0.16049382716049382,0.46153846153846156,0.07407407407407407,1,6535263,4.61512051684126,4.61512051684126,4.406719247264253,2.6390573296152584,1.9459101490553132,1387.5,338.0
1670000,100,83,10,7,100,0.12048192771084337,0.7,0.08433734939759036,1,2653629,4.61512051684126,4.61512051684126,4.430816798843313,2.3978952727983707,2.0794415416798357,1387.5,267.0
880000,100,100,0,0,100,0.0,0.0,0.0,0,4369200,4.61512051684126,4.61512051684126,4.61512051684126,0.0,0.0,1387.5,2349.0
8066000,59,54,5,0,59,0.09259259259259259,0.0,0.0,0,19010884,4.0943445622221,4.0943445622221,4.007333185232471,1.791759469228055,0.0,2855.0,2349.0
3582000,65,65,0,0,65,0.0,0.0,0.0,0,2761534,4.189654742026425,4.189654742026425,4.189654742026425,0.0,0.0,2846.0,2349.0
1580000,100,94,2,4,100,0.02127659574468085,2.0,0.0425531914893617,1,2221620,4.61512051684126,4.61512051684126,4.553876891600541,1.0986122886681098,1.6094379124341003,1387.5,616.0
9920000,100,97,2,1,99,0.020618556701030927,0.5,0.010309278350515464,1,3671908,4.61512051684126,4.605170185988092,4.584967478670572,1.0986122886681098,0.6931471805599453,1387.5,1403.0
8596000,100,94,2,4,100,0.02127659574468085,2.0,0.0425531914893617,1,4502589,4.61512051684126,4.61512051684126,4.553876891600541,1.0986122886681098,1.6094379124341003,1387.5,616.0
2546000,32,32,0,0,32,0.0,0.0,0.0,0,14430992,3.4965075614664802,3.4965075614664802,3.4965075614664802,0.0,0.0,2909.0,2349.0
1472000,100,97,3,0,100,0.030927835051546393,0.0,0.0,0,4122113,4.61512051684126,4.61512051684126,4.584967478670572,1.3862943611198906,0.0,1387.5,2349.0
2284000,100,96,0,4,100,0.0,0.0,0.041666666666666664,1,3806400,4.61512051684126,4.61512051684126,4.574710978503383,0.0,1.6094379124341003,1387.5,665.5
7232000,100,92,7,1,100,0.07608695652173914,0.14285714285714285,0.010869565217391304,1,16011518,4.61512051684126,4.61512051684126,4.532599493153256,2.0794415416798357,0.6931471805599453,1387.5,1260.5
6640000,100,99,1,0,99,0.010101010101010102,0.0,0.0,0,7155519,4.61512051684126,4.605170185988092,4.605170185988092,0.6931471805599453,0.0,1387.5,2349.0
2018000,100,90,10,0,100,0.1111111111111111,0.0,0.0,0,2498680,4.61512051684126,4.61512051684126,4.51085950651685,2.3978952727983707,0.0,1387.5,2349.0
6924000,100,93,6,1,100,0.06451612903225806,0.16666666666666666,0.010752688172043012,1,5788213,4.61512051684126,4.61512051684126,4.543294782270004,1.9459101490553132,0.6931471805599453,1387.5,1272.5
7884000,100,100,0,0,100,0.0,0.0,0.0,0,4892831,4.61512051684126,4.61512051684126,4.61512051684126,0.0,0.0,1387.5,2349.0
6196000,100,97,3,0,100,0.030927835051546393,0.0,0.0,0,5977137,4.61512051684126,4.61512051684126,4.584967478670572,1.3862943611198906,0.0,1387.5,2349.0
2188000,100,90,10,0,100,0.1111111111111111,0.0,0.0,0,4230720,4.61512051684126,4.61512051684126,4.51085950651685,2.3978952727983707,0.0,1387.5,2349.0
944000,100,94,3,3,100,0.031914893617021274,1.0,0.031914893617021274,1,2622575,4.61512051684126,4.61512051684126,4.553876891600541,1.3862943611198906,1.3862943611198906,1387.5,763.5
7606000,100,93,6,1,100,0.06451612903225806,0.16666666666666666,0.010752688172043012,1,6045472,4.61512051684126,4.61512051684126,4.543294782270004,1.9459101490553132,0.6931471805599453,1387.5,1272.5
7824000,48,39,2,7,48,0.05128205128205128,3.5,0.1794871794871795,1,19554044,3.8918202981106265,3.8918202981106265,3.6888794541139363,1.0986122886681098,2.0794415416798357,2874.0,82.5
216000,100,92,6,2,100,0.06521739130434782,0.3333333333333333,0.021739130434782608,1,3357205,4.61512051684126,4.61512051684126,4.532599493153256,1.9459101490553132,1.0986122886681098,1387.5,959.0
6020000,100,94,1,5,99,0.010638297872340425,5.0,0.05319148936170213,1,7075877,4.61512051684126,4.605170185988092,4.553876891600541,0.6931471805599453,1.791759469228055,1387.5,512.5
282000,100,97,1,2,89,0.010309278350515464,2.0,0.020618556701030927,1,3354700,4.61512051684126,4.499809670330265,4.584967478670572,0.6931471805599453,1.0986122886681098,1387.5,1108.0
1494000,100,97,2,1,100,0.020618556701030927,0.5,0.010309278350515464,1,3154294,4.61512051684126,4.61512051684126,4.584967478670572,1.0986122886681098,0.6931471805599453,1387.5,1403.0
8396000,100,98,2,0,99,0.02040816326530612,0.0,0.0,0,4919209,4.61512051684126,4.605170185988092,4.59511985013459,1.0986122886681098,0.0,1387.5,2349.0
4838000,100,100,0,0,100,0.0,0.0,0.0,0,2828077,4.61512051684126,4.61512051684126,4.61512051684126,0.0,0.0,1387.5,2349.0
4592000,100,88,5,7,100,0.056818181818181816,1.4,0.07954545454545454,1,10493339,4.61512051684126,4.61512051684126,4.48863636973214,1.791759469228055,2.0794415416798357,1387.5,286.5
6152000,100,92,3,5,100,0.03260869565217391,1.6666666666666667,0.05434782608695652,1,5732621,4.61512051684126,4.61512051684126,4.532599493153256,1.3862943611198906,1.791759469228055,1387.5,476.5
7776000,100,100,0,0,100,0.0,0.0,0.0,0,5456404,4.61512051684126,4.61512051684126,4.61512051684126,0.0,0.0,1387.5,2349.0
2302000,100,95,2,3,100,0.021052631578947368,1.5,0.031578947368421054,1,1697039,4.61512051684126,4.61512051684126,4.564348191467836,1.0986122886681098,1.3862943611198906,1387.5,792.5
6612000,100,95,2,3,100,0.021052631578947368,1.5,0.031578947368421054,1,1810348,4.61512051684126,4.61512051684126,4.564348191467836,1.0986122886681098,1.3862943611198906,1387.5,792.5
6082000,71,70,1,0,71,0.014285714285714285,0.0,0.0,0,20023057,4.276666119016055,4.276666119016055,4.2626798770413155,0.6931471805599453,0.0,2836.5,2349.0
1120000,100,85,14,1,100,0.16470588235294117,0.07142857142857142,0.011764705882352941,1,1796917,4.61512051684126,4.61512051684126,4.454347296253507,2.70805020110221,0.6931471805599453,1387.5,1229.0
8022000,100,100,0,0,100,0.0,0.0,0.0,0,2917797,4.61512051684126,4.61512051684126,4.61512051684126,0.0,0.0,1387.5,2349.0
8414000,100,94,4,2,100,0.0425531914893617,0.5,0.02127659574468085,1,2979698,4.61512051684126,4.61512051684126,4.553876891600541,1.6094379124341003,1.0986122886681098,1387.5,996.5
6026000,100,98,1,1,100,0.01020408163265306,1.0,0.01020408163265306,1,5639638,4.61512051684126,4.61512051684126,4.59511985013459,0.6931471805599453,0.6931471805599453,1387.5,1497.0
5538000,100,99,0,1,100,0.0,0.0,0.010101010101010102,1,9753227,4.61512051684126,4.61512051684126,4.605170185988092,0.0,0.6931471805599453,1387.5,1627.0
1772000,100,90,6,4,100,0.06666666666666667,0.6666666666666666,0.044444444444444446,1,3490865,4.61512051684126,4.61512051684126,4.51085950651685,1.9459101490553132,1.6094379124341003,1387.5,565.0
5496000,100,100,0,0,100,0.0,0.0,0.0,0,2441285,4.61512051684126,4.61512051684126,4.61512051684126,0.0,0.0,1387.5,2349.0
2080000,100,68,31,1,100,0.45588235294117646,0.03225806451612903,0.014705882352941176,1,2056291,4.61512051684126,4.61512051684126,4.23410650459726,3.4657359027997265,0.6931471805599453,1387.5,1219.0
2086000,100,86,14,0,100,0.16279069767441862,0.0,0.0,0,1817279,4.61512051684126,4.61512051684126,4.465908118654584,2.70805020110221,0.0,1387.5,2349.0
1910000,100,98,1,1,100,0.01020408163265306,1.0,0.01020408163265306,1,4496956,4.61512051684126,4.61512051684126,4.59511985013459,0.6931471805599453,0.6931471805599453,1387.5,1497.0
1602000,100,94,5,1,98,0.05319148936170213,0.2,0.010638297872340425,1,4322998,4.61512051684126,4.59511985013459,4.553876891600541,1.791759469228055,0.6931471805599453,1387.5,1296.0
698000,100,98,0,2,100,0.0,0.0,0.02040816326530612,1,9502016,4.61512051684126,4.61512051684126,4.59511985013459,0.0,1.0986122886681098,1387.5,1177.0
6532000,100,98,0,2,100,0.0,0.0,0.02040816326530612,1,7159412,4.61512051684126,4.61512051684126,4.59511985013459,0.0,1.0986122886681098,1387.5,1177.0
500000,100,95,4,1,100,0.042105263157894736,0.25,0.010526315789473684,1,2159957,4.61512051684126,4.61512051684126,4.564348191467836,1.6094379124341003,0.6931471805599453,1387.5,1321.0
1182000,100,90,9,1,100,0.1,0.1111111111111111,0.011111111111111112,1,2060593,4.61512051684126,4.61512051684126,4.51085950651685,2.302585092994046,0.6931471805599453,1387.5,1244.5
1228000,100,96,3,1,100,0.03125,0.3333333333333333,0.010416666666666666,1,3650036,4.61512051684126,4.61512051684126,4.574710978503383,1.3862943611198906,0.6931471805599453,1387.5,1350.0
6816000,100,97,3,0,100,0.030927835051546393,0.0,0.0,0,6496428,4.61512051684126,4.61512051684126,4.584967478670572,1.3862943611198906,0.0,1387.5,2349.0
5912000,100,100,0,0,100,0.0,0.0,0.0,0,4014739,4.61512051684126,4.61512051684126,4.61512051684126,0.0,0.0,1387.5,2349.0
1290000,100,100,0,0,100,0.0,0.0,0.0,0,2112538,4.61512051684126,4.61512051684126,4.61512051684126,0.0,0.0,1387.5,2349.0
916000,100,98,2,0,100,0.02040816326530612,0.0,0.0,0,6385215,4.61512051684126,4.61512051684126,4.59511985013459,1.0986122886681098,0.0,1387.5,2349.0
7294000,100,100,0,0,100,0.0,0.0,0.0,0,2923171,4.61512051684126,4.61512051684126,4.61512051684126,0.0,0.0,1387.5,2349.0
5736000,100,99,0,1,100,0.0,0.0,0.010101010101010102,1,7076670,4.61512051684126,4.61512051684126,4.605170185988092,0.0,0.6931471805599453,1387.5,1627.0
1398000,100,87,4,9,100,0.04597701149425287,2.25,0.10344827586206896,1,10022264,4.61512051684126,4.61512051684126,4.477336814478207,1.6094379124341003,2.302585092994046,1387.5,193.5
6810000,100,96,3,1,98,0.03125,0.3333333333333333,0.010416666666666666,1,4476663,4.61512051684126,4.59511985013459,4.574710978503383,1.3862943611198906,0.6931471805599453,1387.5,1350.0
6328000,100,100,0,0,100,0.0,0.0,0.0,0,12560086,4.61512051684126,4.61512051684126,4.61512051684126,0.0,0.0,1387.5,2349.0
5742000,100,98,1,1,100,0.01020408163265306,1.0,0.01020408163265306,1,11294970,4.61512051684126,4.61512051684126,4.59511985013459,0.6931471805599453,0.6931471805599453,1387.5,1497.0
8306000,100,93,3,4,100,0.03225806451612903,1.3333333333333333,0.043010752688172046,1,3006858,4.61512051684126,4.61512051684126,4.543294782270004,1.3862943611198906,1.6094379124341003,1387.5,596.5
8192000,100,94,3,3,100,0.031914893617021274,1.0,0.031914893617021274,1,5046259,4.61512051684126,4.61512051684126,4.553876891600541,1.3862943611198906,1.3862943611198906,1387.5,763.5
6986000,100,99,0,1,100,0.0,0.0,0.010101010101010102,1,6076053,4.61512051684126,4.61512051684126,4.605170185988092,0.0,0.6931471805599453,1387.5,1627.0
7714000,100,88,5,7,100,0.056818181818181816,1.4,0.07954545454545454,1,17950688,4.61512051684126,4.61512051684126,4.48863636973214,1.791759469228055,2.0794415416798357,1387.5,286.5
6878000,100,99,1,0,100,0.010101010101010102,0.0,0.0,0,3130958,4.61512051684126,4.61512051684126,4.605170185988092,0.6931471805599453,0.0,1387.5,2349.0
7510000,100,100,0,0,100,0.0,0.0,0.0,0,5441539,4.61512051684126,4.61512051684126,4.61512051684126,0.0,0.0,1387.5,2349.0
6744000,100,98,2,0,100,0.02040816326530612,0.0,0.0,0,5804121,4.61512051684126,4.61512051684126,4.59511985013459,1.0986122886681098,0.0,1387.5,2349.0
1114000,100,100,0,0,100,0.0,0.0,0.0,0,1518031,4.61512051684126,4.61512051684126,4.61512051684126,0.0,0.0,1387.5,2349.0
590000,100,88,6,6,100,0.06818181818181818,1.0,0.06818181818181818,1,2284522,4.61512051684126,4.61512051684126,4.48863636973214,1.9459101490553132,1.9459101490553132,1387.5,358.0
7118000,100,100,0,0,100,0.0,0.0,0.0,0,1377581,4.61512051684126,4.61512051684126,4.61512051684126,0.0,0.0,1387.5,2349.0
636000,100,100,0,0,100,0.0,0.0,0.0,0,4323095,4.61512051684126,4.61512051684126,4.61512051684126,0.0,0.0,1387.5,2349.0
9630000,81,75,4,2,81,0.05333333333333334,0.5,0.02666666666666667,1,1127723,4.406719247264253,4.406719247264253,4.330733340286331,1.6094379124341003,1.0986122886681098,2813.0,896.5
1006000,100,98,1,1,100,0.01020408163265306,1.0,0.01020408163265306,1,4210795,4.61512051684126,4.61512051684126,4.59511985013459,0.6931471805599453,0.6931471805599453,1387.5,1497.0
6702000,100,90,0,10,100,0.0,0.0,0.1111111111111111,1,3486087,4.61512051684126,4.61512051684126,4.51085950651685,0.0,2.3978952727983707,1387.5,181.0
874000,100,97,3,0,100,0.030927835051546393,0.0,0.0,0,2598972,4.61512051684126,4.61512051684126,4.584967478670572,1.3862943611198906,0.0,1387.5,2349.0
7402000,100,87,5,8,100,0.05747126436781609,1.6,0.09195402298850575,1,4433551,4.61512051684126,4.61512051684126,4.477336814478207,1.791759469228055,2.1972245773362196,1387.5,236.0
1574000,100,98,1,1,100,0.01020408163265306,1.0,0.01020408163265306,1,4748087,4.61512051684126,4.61512051684126,4.59511985013459,0.6931471805599453,0.6931471805599453,1387.5,1497.0
6980000,100,97,3,0,100,0.030927835051546393,0.0,0.0,0,5364441,4.61512051684126,4.61512051684126,4.584967478670572,1.3862943611198906,0.0,1387.5,2349.0
704000,100,89,11,0,99,0.12359550561797752,0.0,0.0,0,2770953,4.61512051684126,4.605170185988092,4.499809670330265,2.4849066497880004,0.0,1387.5,2349.0
6436000,100,96,2,2,100,0.020833333333333332,1.0,0.020833333333333332,1,4543043,4.61512051684126,4.61512051684126,4.574710978503383,1.0986122886681098,1.0986122886681098,1387.5,1054.0
8084000,100,100,0,0,99,0.0,0.0,0.0,0,6278584,4.61512051684126,4.605170185988092,4.61512051684126,0.0,0.0,1387.5,2349.0
414000,100,96,0,4,100,0.0,0.0,0.041666666666666664,1,6947046,4.61512051684126,4.61512051684126,4.574710978503383,0.0,1.6094379124341003,1387.5,665.5
4946000,100,91,8,1,100,0.08791208791208792,0.125,0.01098901098901099,1,3649314,4.61512051684126,4.61512051684126,4.5217885770490405,2.1972245773362196,0.6931471805599453,1387.5,1253.0
2984000,100,94,2,4,100,0.02127659574468085,2.0,0.0425531914893617,1,3712570,4.61512051684126,4.61512051684126,4.553876891600541,1.0986122886681098,1.6094379124341003,1387.5,616.0
324000,100,100,0,0,100,0.0,0.0,0.0,0,14486058,4.61512051684126,4.61512051684126,4.61512051684126,0.0,0.0,1387.5,2349.0
1318000,100,95,4,1,100,0.042105263157894736,0.25,0.010526315789473684,1,2827441,4.61512051684126,4.61512051684126,4.564348191467836,1.6094379124341003,0.6931471805599453,1387.5,1321.0
6110000,47,47,0,0,47,0.0,0.0,0.0,0,18204849,3.871201010907891,3.871201010907891,3.871201010907891,0.0,0.0,2876.0,2349.0
7516000,100,99,1,0,100,0.010101010101010102,0.0,0.0,0,2915837,4.61512051684126,4.61512051684126,4.605170185988092,0.6931471805599453,0.0,1387.5,2349.0
432000,12,12,0,0,12,0.0,0.0,0.0,0,2164622,2.5649493574615367,2.5649493574615367,2.5649493574615367,0.0,0.0,2957.5,2349.0
812000,100,88,4,8,100,0.045454545454545456,2.0,0.09090909090909091,1,3459740,4.61512051684126,4.61512051684126,4.48863636973214,1.6094379124341003,2.1972245773362196,1387.5,240.0
1404000,100,96,1,3,100,0.010416666666666666,3.0,0.03125,1,1923822,4.61512051684126,4.61512051684126,4.574710978503383,0.6931471805599453,1.3862943611198906,1387.5,834.0
2610000,100,100,0,0,100,0.0,0.0,0.0,0,2753473,4.61512051684126,4.61512051684126,4.61512051684126,0.0,0.0,1387.5,2349.0
2194000,100,99,1,0,100,0.010101010101010102,0.0,0.0,0,2993758,4.61512051684126,4.61512051684126,4.605170185988092,0.6931471805599453,0.0,1387.5,2349.0
528000,64,61,3,0,64,0.04918032786885246,0.0,0.0,0,5497714,4.174387269895637,4.174387269895637,4.127134385045092,1.3862943611198906,0.0,2847.0,2349.0
6394000,1,1,0,0,1,0.0,0.0,0.0,0,0,0.6931471805599453,0.6931471805599453,0.6931471805599453,0.0,0.0,2997.5,2349.0
630000,100,93,2,5,100,0.021505376344086023,2.5,0.053763440860215055,1,3302985,4.61512051684126,4.61512051684126,4.543294782270004,1.0986122886681098,1.791759469228055,1387.5,492.0
516000,100,69,26,5,99,0.37681159420289856,0.19230769230769232,0.07246376811594203,1,3391989,4.61512051684126,4.605170185988092,4.248495242049359,3.295836866004329,1.791759469228055,1387.5,340.0
7334000,100,99,1,0,100,0.010101010101010102,0.0,0.0,0,4934397,4.61512051684126,4.61512051684126,4.605170185988092,0.6931471805599453,0.0,1387.5,2349.0
6634000,100,99,1,0,100,0.010101010101010102,0.0,0.0,0,2520504,4.61512051684126,4.61512051684126,4.605170185988092,0.6931471805599453,0.0,1387.5,2349.0
6742000,100,99,0,1,100,0.0,0.0,0.010101010101010102,1,4204214,4.61512051684126,4.61512051684126,4.605170185988092,0.0,0.6931471805599453,1387.5,1627.0
6260000,100,100,0,0,100,0.0,0.0,0.0,0,1922475,4.61512051684126,4.61512051684126,4.61512051684126,0.0,0.0,1387.5,2349.0
824000,100,98,2,0,100,0.02040816326530612,0.0,0.0,0,4456929,4.61512051684126,4.61512051684126,4.59511985013459,1.0986122886681098,0.0,1387.5,2349.0
7840000,100,97,1,2,99,0.010309278350515464,2.0,0.020618556701030927,1,6023851,4.61512051684126,4.605170185988092,4.584967478670572,0.6931471805599453,1.0986122886681098,1387.5,1108.0
6520000,100,96,1,3,100,0.010416666666666666,3.0,0.03125,1,5790052,4.61512051684126,4.61512051684126,4.574710978503383,0.6931471805599453,1.3862943611198906,1387.5,834.0
5772000,100,100,0,0,100,0.0,0.0,0.0,0,8609711,4.61512051684126,4.61512051684126,4.61512051684126,0.0,0.0,1387.5,2349.0
100000,100,100,0,0,100,0.0,0.0,0.0,0,4575843,4.61512051684126,4.61512051684126,4.61512051684126,0.0,0.0,1387.5,2349.0
5838000,100,99,1,0,100,0.010101010101010102,0.0,0.0,0,3913441,4.61512051684126,4.61512051684126,4.605170185988092,0.6931471805599453,0.0,1387.5,2349.0
7050000,100,98,2,0,100,0.02040816326530612,0.0,0.0,0,5350754,4.61512051684126,4.61512051684126,4.59511985013459,1.0986122886681098,0.0,1387.5,2349.0
34000,100,86,1,13,100,0.011627906976744186,13.0,0.1511627906976744,1,11314447,4.61512051684126,4.61512051684126,4.465908118654584,0.6931471805599453,2.6390573296152584,1387.5,106.0
6322000,99,92,3,4,99,0.03260869565217391,1.3333333333333333,0.043478260869565216,1,1878644,4.605170185988092,4.605170185988092,4.532599493153256,1.3862943611198906,1.6094379124341003,2776.0,582.5
2120000,100,96,4,0,100,0.041666666666666664,0.0,0.0,0,5526755,4.61512051684126,4.61512051684126,4.574710978503383,1.6094379124341003,0.0,1387.5,2349.0
250000,100,99,1,0,100,0.010101010101010102,0.0,0.0,0,7335994,4.61512051684126,4.61512051684126,4.605170185988092,0.6931471805599453,0.0,1387.5,2349.0
6458000,100,95,1,4,100,0.010526315789473684,4.0,0.042105263157894736,1,5813023,4.61512051684126,4.61512051684126,4.564348191467836,0.6931471805599453,1.6094379124341003,1387.5,641.5
318000,100,98,0,2,100,0.0,0.0,0.02040816326530612,1,4507100,4.61512051684126,4.61512051684126,4.59511985013459,0.0,1.0986122886681098,1387.5,1177.0
4872000,100,100,0,0,98,0.0,0.0,0.0,0,2854796,4.61512051684126,4.59511985013459,4.61512051684126,0.0,0.0,1387.5,2349.0
4764000,100,88,12,0,100,0.13636363636363635,0.0,0.0,0,5774378,4.61512051684126,4.61512051684126,4.48863636973214,2.5649493574615367,0.0,1387.5,2349.0
5356000,100,95,3,2,100,0.031578947368421054,0.6666666666666666,0.021052631578947368,1,2320466,4.61512051684126,4.61512051684126,4.564348191467836,1.3862943611198906,1.0986122886681098,1387.5,1019.0
6146000,100,100,0,0,100,0.0,0.0,0.0,0,3894575,4.61512051684126,4.61512051684126,4.61512051684126,0.0,0.0,1387.5,2349.0
5314000,100,79,15,6,100,0.189873417721519,0.4,0.0759493670886076,1,1854893,4.61512051684126,4.61512051684126,4.382026634673881,2.772588722239781,1.9459101490553132,1387.5,330.0
5730000,100,98,0,2,100,0.0,0.0,0.02040816326530612,1,3962415,4.61512051684126,4.61512051684126,4.59511985013459,0.0,1.0986122886681098,1387.5,1177.0
1046000,30,30,0,0,30,0.0,0.0,0.0,0,3460100,3.4339872044851463,3.4339872044851463,3.4339872044851463,0.0,0.0,2916.0,2349.0
5560000,100,90,3,7,100,0.03333333333333333,2.3333333333333335,0.07777777777777778,1,1627347,4.61512051684126,4.61512051684126,4.51085950651685,1.3862943611198906,2.0794415416798357,1387.5,306.5
522000,61,61,0,0,61,0.0,0.0,0.0,0,1580035,4.127134385045092,4.127134385045092,4.127134385045092,0.0,0.0,2852.0,2349.0
932000,100,100,0,0,100,0.0,0.0,0.0,0,2498904,4.61512051684126,4.61512051684126,4.61512051684126,0.0,0.0,1387.5,2349.0
5110000,100,97,1,2,100,0.010309278350515464,2.0,0.020618556701030927,1,1723332,4.61512051684126,4.61512051684126,4.584967478670572,0.6931471805599453,1.0986122886681098,1387.5,1108.0
1904000,100,99,0,1,100,0.0,0.0,0.010101010101010102,1,3684334,4.61512051684126,4.61512051684126,4.605170185988092,0.0,0.6931471805599453,1387.5,1627.0
3974000,78,74,2,2,78,0.02702702702702703,1.0,0.02702702702702703,1,14765794,4.3694478524670215,4.3694478524670215,4.31748811353631,1.0986122886681098,1.0986122886681098,2819.0,895.0
1638000,100,100,0,0,100,0.0,0.0,0.0,0,2239635,4.61512051684126,4.61512051684126,4.61512051684126,0.0,0.0,1387.5,2349.0
1312000,100,80,13,7,100,0.1625,0.5384615384615384,0.0875,1,2385810,4.61512051684126,4.61512051684126,4.394449154672439,2.6390573296152584,2.0794415416798357,1387.5,261.5
1728000,100,100,0,0,100,0.0,0.0,0.0,0,2738077,4.61512051684126,4.61512051684126,4.61512051684126,0.0,0.0,1387.5,2349.0
346000,100,94,4,2,100,0.0425531914893617,0.5,0.02127659574468085,1,2796843,4.61512051684126,4.61512051684126,4.553876891600541,1.6094379124341003,1.0986122886681098,1387.5,996.5
938000,100,95,2,3,100,0.021052631578947368,1.5,0.031578947368421054,1,5077344,4.61512051684126,4.61512051684126,4.564348191467836,1.0986122886681098,1.3862943611198906,1387.5,792.5
1590000,100,100,0,0,100,0.0,0.0,0.0,0,12294741,4.61512051684126,4.61512051684126,4.61512051684126,0.0,0.0,1387.5,2349.0
1222000,100,99,1,0,100,0.010101010101010102,0.0,0.0,0,3456414,4.61512051684126,4.61512051684126,4.605170185988092,0.6931471805599453,0.0,1387.5,2349.0
1004000,100,83,12,5,100,0.14457831325301204,0.4166666666666667,0.060240963855421686,1,9252523,4.61512051684126,4.61512051684126,4.430816798843313,2.5649493574615367,1.791759469228055,1387.5,419.5
5464000,100,89,4,7,100,0.0449438202247191,1.75,0.07865168539325842,1,2667767,4.61512051684126,4.61512051684126,4.499809670330265,1.6094379124341003,2.0794415416798357,1387.5,298.5
1216000,100,79,8,13,100,0.10126582278481013,1.625,0.16455696202531644,1,3093341,4.61512051684126,4.61512051684126,4.382026634673881,2.1972245773362196,2.6390573296152584,1387.5,95.0
5668000,100,100,0,0,100,0.0,0.0,0.0,0,2207377,4.61512051684126,4.61512051684126,4.61512051684126,0.0,0.0,1387.5,2349.0
8124000,100,98,0,2,100,0.0,0.0,0.02040816326530612,1,2652087,4.61512051684126,4.61512051684126,4.59511985013459,0.0,1.0986122886681098,1387.5,1177.0
9448000,100,95,5,0,100,0.05263157894736842,0.0,0.0,0,4597762,4.61512051684126,4.61512051684126,4.564348191467836,1.791759469228055,0.0,1387.5,2349.0
692000,100,100,0,0,100,0.0,0.0,0.0,0,1802682,4.61512051684126,4.61512051684126,4.61512051684126,0.0,0.0,1387.5,2349.0
1898000,100,94,2,4,100,0.02127659574468085,2.0,0.0425531914893617,1,8910662,4.61512051684126,4.61512051684126,4.553876891600541,1.0986122886681098,1.6094379124341003,1387.5,616.0
142000,100,99,1,0,100,0.010101010101010102,0.0,0.0,0,2608715,4.61512051684126,4.61512051684126,4.605170185988092,0.6931471805599453,0.0,1387.5,2349.0
4940000,100,94,4,2,100,0.0425531914893617,0.5,0.02127659574468085,1,4254198,4.61512051684126,4.61512051684126,4.553876891600541,1.6094379124341003,1.0986122886681098,1387.5,996.5
6350000,100,100,0,0,100,0.0,0.0,0.0,0,6065381,4.61512051684126,4.61512051684126,4.61512051684126,0.0,0.0,1387.5,2349.0
5976000,100,98,2,0,98,0.02040816326530612,0.0,0.0,0,9248476,4.61512051684126,4.59511985013459,4.59511985013459,1.0986122886681098,0.0,1387.5,2349.0
5844000,100,95,3,2,100,0.031578947368421054,0.6666666666666666,0.021052631578947368,1,10691740,4.61512051684126,4.61512051684126,4.564348191467836,1.3862943611198906,1.0986122886681098,1387.5,1019.0
1420000,100,96,4,0,100,0.041666666666666664,0.0,0.0,0,2999597,4.61512051684126,4.61512051684126,4.574710978503383,1.6094379124341003,0.0,1387.5,2349.0
6804000,100,98,2,0,100,0.02040816326530612,0.0,0.0,0,6309812,4.61512051684126,4.61512051684126,4.59511985013459,1.0986122886681098,0.0,1387.5,2349.0
6014000,100,99,0,1,100,0.0,0.0,0.010101010101010102,1,2205673,4.61512051684126,4.61512051684126,4.605170185988092,0.0,0.6931471805599453,1387.5,1627.0
5446000,100,96,2,2,100,0.020833333333333332,1.0,0.020833333333333332,1,5956688,4.61512051684126,4.61512051684126,4.574710978503383,1.0986122886681098,1.0986122886681098,1387.5,1054.0
2012000,100,99,0,1,96,0.0,0.0,0.010101010101010102,1,3207903,4.61512051684126,4.574710978503383,4.605170185988092,0.0,0.6931471805599453,1387.5,1627.0
4282000,100,94,3,3,100,0.031914893617021274,1.0,0.031914893617021274,1,10678241,4.61512051684126,4.61512051684126,4.553876891600541,1.3862943611198906,1.3862943611198906,1387.5,763.5
9802000,100,91,1,8,99,0.01098901098901099,8.0,0.08791208791208792,1,4725370,4.61512051684126,4.605170185988092,4.5217885770490405,0.6931471805599453,2.1972245773362196,1387.5,256.0
9732000,100,94,3,3,100,0.031914893617021274,1.0,0.031914893617021274,1,4365032,4.61512051684126,4.61512051684126,4.553876891600541,1.3862943611198906,1.3862943611198906,1387.5,763.5
6526000,100,98,1,1,100,0.01020408163265306,1.0,0.01020408163265306,1,5217858,4.61512051684126,4.61512051684126,4.59511985013459,0.6931471805599453,0.6931471805599453,1387.5,1497.0
6562000,36,36,0,0,36,0.0,0.0,0.0,0,17481341,3.6109179126442243,3.6109179126442243,3.6109179126442243,0.0,0.0,2899.0,2349.0
6430000,100,86,6,8,100,0.06976744186046512,1.3333333333333333,0.09302325581395349,1,5925799,4.61512051684126,4.61512051684126,4.465908118654584,1.9459101490553132,2.1972245773362196,1387.5,228.5
9978000,100,81,17,2,100,0.20987654320987653,0.11764705882352941,0.024691358024691357,1,12856538,4.61512051684126,4.61512051684126,4.406719247264253,2.8903717578961645,1.0986122886681098,1387.5,906.0
6936000,100,98,1,1,100,0.01020408163265306,1.0,0.01020408163265306,1,5613688,4.61512051684126,4.61512051684126,4.59511985013459,0.6931471805599453,0.6931471805599453,1387.5,1497.0
7220000,100,99,1,0,100,0.010101010101010102,0.0,0.0,0,2601153,4.61512051684126,4.61512051684126,4.605170185988092,0.6931471805599453,0.0,1387.5,2349.0
4656000,100,93,4,3,100,0.043010752688172046,0.75,0.03225806451612903,1,2394153,4.61512051684126,4.61512051684126,4.543294782270004,1.6094379124341003,1.3862943611198906,1387.5,742.0
7112000,100,97,0,3,100,0.0,0.0,0.030927835051546393,1,4307070,4.61512051684126,4.61512051684126,4.584967478670572,0.0,1.3862943611198906,1387.5,873.5
5030000,100,94,3,3,100,0.031914893617021274,1.0,0.031914893617021274,1,6926915,4.61512051684126,4.61512051684126,4.553876891600541,1.3862943611198906,1.3862943611198906,1387.5,763.5
5554000,100,94,5,1,100,0.05319148936170213,0.2,0.010638297872340425,1,2704333,4.61512051684126,4.61512051684126,4.553876891600541,1.791759469228055,0.6931471805599453,1387.5,1296.0
408000,100,100,0,0,100,0.0,0.0,0.0,0,3103311,4.61512051684126,4.61512051684126,4.61512051684126,0.0,0.0,1387.5,2349.0
7328000,88,82,6,0,88,0.07317073170731707,0.0,0.0,0,18105397,4.48863636973214,4.48863636973214,4.418840607796598,1.9459101490553132,0.0,2794.5,2349.0
2694000,100,76,18,6,100,0.23684210526315788,0.3333333333333333,0.07894736842105263,1,2090411,4.61512051684126,4.61512051684126,4.343805421853684,2.9444389791664403,1.9459101490553132,1387.5,294.0
1354000,100,100,0,0,100,0.0,0.0,0.0,0,1642842,4.61512051684126,4.61512051684126,4.61512051684126,0.0,0.0,1387.5,2349.0
6254000,100,97,2,1,100,0.020618556701030927,0.5,0.010309278350515464,1,3269837,4.61512051684126,4.61512051684126,4.584967478670572,1.0986122886681098,0.6931471805599453,1387.5,1403.0
1000000,100,100,0,0,100,0.0,0.0,0.0,0,3558691,4.61512051684126,4.61512051684126,4.61512051684126,0.0,0.0,1387.5,2349.0
5180000,100,87,7,6,100,0.08045977011494253,0.8571428571428571,0.06896551724137931,1,3542346,4.61512051684126,4.61512051684126,4.477336814478207,2.0794415416798357,1.9459101490553132,1387.5,353.0
5622000,100,87,2,11,100,0.022988505747126436,5.5,0.12643678160919541,1,8483661,4.61512051684126,4.61512051684126,4.477336814478207,1.0986122886681098,2.4849066497880004,1387.5,148.5
1530000,100,72,3,25,100,0.041666666666666664,8.333333333333334,0.3472222222222222,1,9029733,4.61512051684126,4.61512051684126,4.290459441148391,1.3862943611198906,3.258096538021482,1387.5,18.0
2802000,100,99,1,0,100,0.010101010101010102,0.0,0.0,0,3197955,4.61512051684126,4.61512051684126,4.605170185988092,0.6931471805599453,0.0,1387.5,2349.0
6212000,100,99,0,1,100,0.0,0.0,0.010101010101010102,1,4305002,4.61512051684126,4.61512051684126,4.605170185988092,0.0,0.6931471805599453,1387.5,1627.0
7424000,83,68,7,8,80,0.10294117647058823,1.1428571428571428,0.11764705882352941,1,20307909,4.430816798843313,4.394449154672439,4.23410650459726,2.0794415416798357,2.1972245773362196,2806.5,160.0
148000,100,100,0,0,100,0.0,0.0,0.0,0,1994668,4.61512051684126,4.61512051684126,4.61512051684126,0.0,0.0,1387.5,2349.0
1108000,100,100,0,0,100,0.0,0.0,0.0,0,6118097,4.61512051684126,4.61512051684126,4.61512051684126,0.0,0.0,1387.5,2349.0
7466000,22,22,0,0,22,0.0,0.0,0.0,0,349247,3.1354942159291497,3.1354942159291497,3.1354942159291497,0.0,0.0,2937.0,2349.0
7158000,4,4,0,0,4,0.0,0.0,0.0,0,22479,1.6094379124341003,1.6094379124341003,1.6094379124341003,0.0,0.0,2986.0,2349.0
762000,12,12,0,0,12,0.0,0.0,0.0,0,1899421,2.5649493574615367,2.5649493574615367,2.5649493574615367,0.0,0.0,2957.5,2349.0
2102000,20,20,0,0,20,0.0,0.0,0.0,0,2705475,3.044522437723423,3.044522437723423,3.044522437723423,0.0,0.0,2942.5,2349.0
4480000,2,2,0,0,2,0.0,0.0,0.0,0,14861,1.0986122886681098,1.0986122886681098,1.0986122886681098,0.0,0.0,2992.0,2349.0
5138000,3,3,0,0,3,0.0,0.0,0.0,0,92942,1.3862943611198906,1.3862943611198906,1.3862943611198906,0.0,0.0,2988.5,2349.0
1172000,100,98,1,1,100,0.01020408163265306,1.0,0.01020408163265306,1,4220607,4.61512051684126,4.61512051684126,4.59511985013459,0.6931471805599453,0.6931471805599453,1387.5,1497.0
642000,100,99,1,0,100,0.010101010101010102,0.0,0.0,0,6307833,4.61512051684126,4.61512051684126,4.605170185988092,0.6931471805599453,0.0,1387.5,2349.0
1348000,100,93,2,5,100,0.021505376344086023,2.5,0.053763440860215055,1,6516438,4.61512051684126,4.61512051684126,4.543294782270004,1.0986122886681098,1.791759469228055,1387.5,492.0
2620000,100,100,0,0,98,0.0,0.0,0.0,0,2294869,4.61512051684126,4.59511985013459,4.61512051684126,0.0,0.0,1387.5,2349.0
1456000,100,100,0,0,100,0.0,0.0,0.0,0,2166290,4.61512051684126,4.61512051684126,4.61512051684126,0.0,0.0,1387.5,2349.0
4166000,100,96,0,4,95,0.0,0.0,0.041666666666666664,1,7885349,4.61512051684126,4.564348191467836,4.574710978503383,0.0,1.6094379124341003,1387.5,665.5
6622000,100,95,5,0,100,0.05263157894736842,0.0,0.0,0,15045413,4.61512051684126,4.61512051684126,4.564348191467836,1.791759469228055,0.0,1387.5,2349.0
6078000,100,85,10,5,100,0.11764705882352941,0.5,0.058823529411764705,1,2912042,4.61512051684126,4.61512051684126,4.454347296253507,2.3978952727983707,1.791759469228055,1387.5,424.0
6868000,100,98,2,0,100,0.02040816326530612,0.0,0.0,0,2224460,4.61512051684126,4.61512051684126,4.59511985013459,1.0986122886681098,0.0,1387.5,2349.0
7942000,100,97,2,1,100,0.020618556701030927,0.5,0.010309278350515464,1,10371413,4.61512051684126,4.61512051684126,4.584967478670572,1.0986122886681098,0.6931471805599453,1387.5,1403.0
7152000,100,100,0,0,100,0.0,0.0,0.0,0,5248600,4.61512051684126,4.61512051684126,4.61512051684126,0.0,0.0,1387.5,2349.0
6344000,100,96,0,4,100,0.0,0.0,0.041666666666666664,1,7248724,4.61512051684126,4.61512051684126,4.574710978503383,0.0,1.6094379124341003,1387.5,665.5
5964000,88,84,2,2,88,0.023809523809523808,1.0,0.023809523809523808,1,22118075,4.48863636973214,4.48863636973214,4.442651256490317,1.0986122886681098,1.0986122886681098,2794.5,909.0
1130000,100,90,3,7,100,0.03333333333333333,2.3333333333333335,0.07777777777777778,1,3937143,4.61512051684126,4.61512051684126,4.51085950651685,1.3862943611198906,2.0794415416798357,1387.5,306.5
164000,100,98,2,0,100,0.02040816326530612,0.0,0.0,0,3900309,4.61512051684126,4.61512051684126,4.59511985013459,1.0986122886681098,0.0,1387.5,2349.0
6140000,100,94,5,1,100,0.05319148936170213,0.2,0.010638297872340425,1,3541832,4.61512051684126,4.61512051684126,4.553876891600541,1.791759469228055,0.6931471805599453,1387.5,1296.0
3684000,100,100,0,0,100,0.0,0.0,0.0,0,2587115,4.61512051684126,4.61512051684126,4.61512051684126,0.0,0.0,1387.5,2349.0
510000,100,98,1,1,100,0.01020408163265306,1.0,0.01020408163265306,1,8281839,4.61512051684126,4.61512051684126,4.59511985013459,0.6931471805599453,0.6931471805599453,1387.5,1497.0
4298000,100,85,15,0,100,0.17647058823529413,0.0,0.0,0,9540252,4.61512051684126,4.61512051684126,4.454347296253507,2.772588722239781,0.0,1387.5,2349.0
7044000,74,74,0,0,74,0.0,0.0,0.0,0,978829,4.31748811353631,4.31748811353631,4.31748811353631,0.0,0.0,2826.0,2349.0
6754000,100,100,0,0,100,0.0,0.0,0.0,0,8887716,4.61512051684126,4.61512051684126,4.61512051684126,0.0,0.0,1387.5,2349.0
1034000,100,93,0,7,100,0.0,0.0,0.07526881720430108,1,15797652,4.61512051684126,4.61512051684126,4.543294782270004,0.0,2.0794415416798357,1387.5,333.0
6072000,100,100,0,0,100,0.0,0.0,0.0,0,1905613,4.61512051684126,4.61512051684126,4.61512051684126,0.0,0.0,1387.5,2349.0
6338000,100,99,0,1,100,0.0,0.0,0.010101010101010102,1,9416112,4.61512051684126,4.61512051684126,4.605170185988092,0.0,0.6931471805599453,1387.5,1627.0
232000,100,93,4,3,100,0.043010752688172046,0.75,0.03225806451612903,1,4345315,4.61512051684126,4.61512051684126,4.543294782270004,1.6094379124341003,1.3862943611198906,1387.5,742.0
8722000,100,100,0,0,100,0.0,0.0,0.0,0,3948265,4.61512051684126,4.61512051684126,4.61512051684126,0.0,0.0,1387.5,2349.0
6030000,100,85,5,10,100,0.058823529411764705,2.0,0.11764705882352941,1,5878285,4.61512051684126,4.61512051684126,4.454347296253507,1.791759469228055,2.3978952727983707,1387.5,160.0
340000,100,95,0,5,100,0.0,0.0,0.05263157894736842,1,3993907,4.61512051684126,4.61512051684126,4.564348191467836,0.0,1.791759469228055,1387.5,527.5
6452000,100,97,1,2,100,0.010309278350515464,2.0,0.020618556701030927,1,2807811,4.61512051684126,4.61512051684126,4.584967478670572,0.6931471805599453,1.0986122886681098,1387.5,1108.0
7834000,100,97,3,0,100,0.030927835051546393,0.0,0.0,0,3638628,4.61512051684126,4.61512051684126,4.584967478670572,1.3862943611198906,0.0,1387.5,2349.0
1546000,100,97,1,2,100,0.010309278350515464,2.0,0.020618556701030927,1,8272362,4.61512051684126,4.61512051684126,4.584967478670572,0.6931471805599453,1.0986122886681098,1387.5,1108.0
9266000,100,95,0,5,100,0.0,0.0,0.05263157894736842,1,3669695,4.61512051684126,4.61512051684126,4.564348191467836,0.0,1.791759469228055,1387.5,527.5
1040000,100,98,1,1,100,0.01020408163265306,1.0,0.01020408163265306,1,2643916,4.61512051684126,4.61512051684126,4.59511985013459,0.6931471805599453,0.6931471805599453,1387.5,1497.0
5458000,100,97,0,3,100,0.0,0.0,0.030927835051546393,1,2438234,4.61512051684126,4.61512051684126,4.584967478670572,0.0,1.3862943611198906,1387.5,873.5
4690000,100,97,3,0,100,0.030927835051546393,0.0,0.0,0,9350538,4.61512051684126,4.61512051684126,4.584967478670572,1.3862943611198906,0.0,1387.5,2349.0
822000,100,98,2,0,100,0.02040816326530612,0.0,0.0,0,8704634,4.61512051684126,4.61512051684126,4.59511985013459,1.0986122886681098,0.0,1387.5,2349.0
56000,100,92,5,3,100,0.05434782608695652,0.6,0.03260869565217391,1,5586927,4.61512051684126,4.61512051684126,4.532599493153256,1.791759469228055,1.3862943611198906,1387.5,725.5
7134000,100,83,12,5,100,0.14457831325301204,0.4166666666666667,0.060240963855421686,1,3673044,4.61512051684126,4.61512051684126,4.430816798843313,2.5649493574615367,1.791759469228055,1387.5,419.5
4474000,100,93,4,3,100,0.043010752688172046,0.75,0.03225806451612903,1,11840771,4.61512051684126,4.61512051684126,4.543294782270004,1.6094379124341003,1.3862943611198906,1387.5,742.0
5794000,100,87,12,1,100,0.13793103448275862,0.08333333333333333,0.011494252873563218,1,2427109,4.61512051684126,4.61512051684126,4.477336814478207,2.5649493574615367,0.6931471805599453,1387.5,1233.0
4100000,100,100,0,0,100,0.0,0.0,0.0,0,4684658,4.61512051684126,4.61512051684126,4.61512051684126,0.0,0.0,1387.5,2349.0
1830000,100,79,3,18,100,0.0379746835443038,6.0,0.22784810126582278,1,8055307,4.61512051684126,4.61512051684126,4.382026634673881,1.3862943611198906,2.9444389791664403,1387.5,48.0
5282000,100,97,2,1,100,0.020618556701030927,0.5,0.010309278350515464,1,5798701,4.61512051684126,4.61512051684126,4.584967478670572,1.0986122886681098,0.6931471805599453,1387.5,1403.0
9620000,92,88,1,3,91,0.011363636363636364,3.0,0.03409090909090909,1,1608897,4.532599493153256,4.5217885770490405,4.48863636973214,0.6931471805599453,1.3862943611198906,2790.5,699.5
9966000,100,66,11,23,100,0.16666666666666666,2.090909090909091,0.3484848484848485,1,6588058,4.61512051684126,4.61512051684126,4.204692619390966,2.4849066497880004,3.1780538303479458,1387.5,17.0
9550000,100,95,3,2,100,0.031578947368421054,0.6666666666666666,0.021052631578947368,1,3625374,4.61512051684126,4.61512051684126,4.564348191467836,1.3862943611198906,1.0986122886681098,1387.5,1019.0
756000,100,99,1,0,100,0.010101010101010102,0.0,0.0,0,4904477,4.61512051684126,4.61512051684126,4.605170185988092,0.6931471805599453,0.0,1387.5,2349.0
6560000,100,89,11,0,100,0.12359550561797752,0.0,0.0,0,2580148,4.61512051684126,4.61512051684126,4.499809670330265,2.4849066497880004,0.0,1387.5,2349.0
7284000,100,100,0,0,100,0.0,0.0,0.0,0,5872153,4.61512051684126,4.61512051684126,4.61512051684126,0.0,0.0,1387.5,2349.0
5656000,100,96,2,2,100,0.020833333333333332,1.0,0.020833333333333332,1,5041636,4.61512051684126,4.61512051684126,4.574710978503383,1.0986122886681098,1.0986122886681098,1387.5,1054.0
7242000,100,92,7,1,100,0.07608695652173914,0.14285714285714285,0.010869565217391304,1,8539182,4.61512051684126,4.61512051684126,4.532599493153256,2.0794415416798357,0.6931471805599453,1387.5,1260.5
5132000,100,99,0,1,100,0.0,0.0,0.010101010101010102,1,2254102,4.61512051684126,4.61512051684126,4.605170185988092,0.0,0.6931471805599453,1387.5,1627.0
5970000,86,84,1,1,86,0.011904761904761904,1.0,0.011904761904761904,1,14168248,4.465908118654584,4.465908118654584,4.442651256490317,0.6931471805599453,0.6931471805599453,2799.5,1226.5
5174000,100,80,8,12,100,0.1,1.5,0.15,1,2557814,4.61512051684126,4.61512051684126,4.394449154672439,2.1972245773362196,2.5649493574615367,1387.5,108.5
4998000,100,96,2,2,100,0.020833333333333332,1.0,0.020833333333333332,1,2660783,4.61512051684126,4.61512051684126,4.574710978503383,1.0986122886681098,1.0986122886681098,1387.5,1054.0
926000,100,98,0,2,100,0.0,0.0,0.02040816326530612,1,7968649,4.61512051684126,4.61512051684126,4.59511985013459,0.0,1.0986122886681098,1387.5,1177.0
4058000,100,99,0,1,100,0.0,0.0,0.010101010101010102,1,3139891,4.61512051684126,4.61512051684126,4.605170185988092,0.0,0.6931471805599453,1387.5,1627.0
6248000,100,99,1,0,97,0.010101010101010102,0.0,0.0,0,5017911,4.61512051684126,4.584967478670572,4.605170185988092,0.6931471805599453,0.0,1387.5,2349.0
334000,100,98,2,0,100,0.02040816326530612,0.0,0.0,0,2085319,4.61512051684126,4.61512051684126,4.59511985013459,1.0986122886681098,0.0,1387.5,2349.0
4928000,100,73,6,21,100,0.0821917808219178,3.5,0.2876712328767123,1,6215438,4.61512051684126,4.61512051684126,4.30406509320417,1.9459101490553132,3.091042453358316,1387.5,28.0
5440000,100,99,0,1,97,0.0,0.0,0.010101010101010102,1,4327188,4.61512051684126,4.584967478670572,4.605170185988092,0.0,0.6931471805599453,1387.5,1627.0
10080000,22,22,0,0,22,0.0,0.0,0.0,0,1045598,3.1354942159291497,3.1354942159291497,3.1354942159291497,0.0,0.0,2937.0,2349.0
6670000,100,98,1,1,100,0.01020408163265306,1.0,0.01020408163265306,1,6457696,4.61512051684126,4.61512051684126,4.59511985013459,0.6931471805599453,0.6931471805599453,1387.5,1497.0
5662000,100,100,0,0,99,0.0,0.0,0.0,0,2735710,4.61512051684126,4.605170185988092,4.61512051684126,0.0,0.0,1387.5,2349.0
448000,100,96,0,4,100,0.0,0.0,0.041666666666666664,1,3500679,4.61512051684126,4.61512051684126,4.574710978503383,0.0,1.6094379124341003,1387.5,665.5
3792000,100,100,0,0,100,0.0,0.0,0.0,0,9845032,4.61512051684126,4.61512051684126,4.61512051684126,0.0,0.0,1387.5,2349.0
5066000,100,92,2,6,100,0.021739130434782608,3.0,0.06521739130434782,1,7092398,4.61512051684126,4.61512051684126,4.532599493153256,1.0986122886681098,1.9459101490553132,1387.5,382.0
818000,100,97,3,0,95,0.030927835051546393,0.0,0.0,0,2837786,4.61512051684126,4.564348191467836,4.584967478670572,1.3862943611198906,0.0,1387.5,2349.0
5264000,58,58,0,0,58,0.0,0.0,0.0,0,1573084,4.07753744390572,4.07753744390572,4.07753744390572,0.0,0.0,2858.5,2349.0
4956000,100,90,1,9,100,0.011111111111111112,9.0,0.1,1,7559940,4.61512051684126,4.61512051684126,4.51085950651685,0.6931471805599453,2.302585092994046,1387.5,207.5
4758000,100,94,6,0,100,0.06382978723404255,0.0,0.0,0,6912822,4.61512051684126,4.61512051684126,4.553876891600541,1.9459101490553132,0.0,1387.5,2349.0
6168000,100,97,3,0,100,0.030927835051546393,0.0,0.0,0,4821337,4.61512051684126,4.61512051684126,4.584967478670572,1.3862943611198906,0.0,1387.5,2349.0
1238000,100,95,2,3,100,0.021052631578947368,1.5,0.031578947368421054,1,4376532,4.61512051684126,4.61512051684126,4.564348191467836,1.0986122886681098,1.3862943611198906,1387.5,792.5
1722000,100,70,10,20,100,0.14285714285714285,2.0,0.2857142857142857,1,13261218,4.61512051684126,4.61512051684126,4.2626798770413155,2.3978952727983707,3.044522437723423,1387.5,30.0
5548000,100,79,4,17,100,0.05063291139240506,4.25,0.21518987341772153,1,9738412,4.61512051684126,4.61512051684126,4.382026634673881,1.6094379124341003,2.8903717578961645,1387.5,54.5
5486000,100,98,1,1,100,0.01020408163265306,1.0,0.01020408163265306,1,6814419,4.61512051684126,4.61512051684126,4.59511985013459,0.6931471805599453,0.6931471805599453,1387.5,1497.0
864000,100,88,7,5,100,0.07954545454545454,0.7142857142857143,0.056818181818181816,1,10172912,4.61512051684126,4.61512051684126,4.48863636973214,2.0794415416798357,1.791759469228055,1387.5,437.0
10062000,100,96,1,3,100,0.010416666666666666,3.0,0.03125,1,5597243,4.61512051684126,4.61512051684126,4.574710978503383,0.6931471805599453,1.3862943611198906,1387.5,834.0
9796000,100,72,22,6,100,0.3055555555555556,0.2727272727272727,0.08333333333333333,1,2758200,4.61512051684126,4.61512051684126,4.290459441148391,3.1354942159291497,1.9459101490553132,1387.5,270.0
