T,Y,x_n_toks,x_n_chars,x_avg_word,x_qmark,x_bang,x_hedge,x_formal,x_i_count,x_newlines,x_upper,x_refuse,x_please,x_thank,batch,stream
0,0,0.35,0.46625,0.424286,0,0,0,0,0,0,0.0080429,0,0,0,0,beavertails
0,1,0.285,0.39375,0.442105,0,0,0,0,0,0,0.015873,0,0,0,0,beavertails
0,1,0.415,0.64,0.507229,0,0,0,0,0,0,0.00976562,0,0,0,0,beavertails
0,1,0.19,0.3025,0.526316,0,0,0,0,0.1,0,0.00826446,0,0,0,0,beavertails
0,0,0.025,0.03,0.28,0,0.4,0,0,0,0,0.125,0,0,0,0,beavertails
0,0,0.09,0.1225,0.438889,0.2,0,0,0,0,0,0.0204082,0,0,0,0,beavertails
0,1,0.285,0.45,0.515789,0,0,0,0,0,0,0.0138889,0,0,0,0,beavertails
0,1,0.38,0.5775,0.501316,0,0,0,0,0,0,0.00865801,0,0,0,0,beavertails
0,0,0.395,0.5275,0.426582,0,0,0,0,0.5,0,0.0165877,0,0,0,0,beavertails
0,0,0.145,0.18625,0.396552,0,0,0,0,0,0,0.00671141,0,0,0,0,beavertails
0,0,0.52,0.695,0.425,0,0,0,0,0,0,0.00719424,0,0,0,0,beavertails
0,0,0.36,0.5225,0.472222,0,0,0,0,0,0,0.00717703,0,0,0,0,beavertails
0,1,0.485,0.7525,0.508247,0,0,0,0,0,0,0.0481728,0,0,0,0,beavertails
0,1,0.245,0.40125,0.538776,0,0,0,0,0,0,0.0124611,0,0,0,0,beavertails
0,1,0.275,0.3675,0.429091,0.2,0.4,0.2,0,0,0,0.0136054,0,0,0,0,beavertails
0,1,0.06,0.07375,0.391667,0,0,0,0,0,0,0.0169492,0,0,0,0,beavertails
0,0,0.31,0.39875,0.408065,0,0,0,0,0,0,0.00940439,0,0,0,0,beavertails
0,0,0.485,0.66375,0.441237,0,0,0,0,0,0,0.0094162,0,0,0,0,beavertails
0,0,0.44,0.58125,0.421591,0,0,0,0,0,0,0.00645161,0,0,0,0,beavertails
0,0,0.165,0.2375,0.466667,0,0,0,0.2,0,0,0.0105263,0,0,0,0,beavertails
0,0,0.035,0.05,0.442857,0,0,0,0,0,0,0.025,0,0,0,0,beavertails
0,1,0.285,0.39625,0.450877,0,0,0,0,0,0,0.0126183,0,0,0,0,beavertails
0,1,0.06,0.08875,0.491667,0,0,0,0,0,0,0.0140845,0,0,0,0,beavertails
0,0,0.455,0.6525,0.468132,0,0,0,0,0,0,0.00766284,0,0,0,0,beavertails
0,1,0.315,0.48375,0.506349,0,0,0,0,0,0,0.00775194,0,0,0,0,beavertails
0,0,0.505,0.78625,0.510891,0,0,0,0,0,0,0.0413355,0,0,0,0,beavertails
0,0,0.33,0.50375,0.501515,0,0,0,0,0,0,0.00992556,0,0,0,0,beavertails
0,1,0.355,0.5325,0.484507,0,0,0,0,0,0,0.00938967,0,0,0,0,beavertails
0,1,0.24,0.38125,0.527083,0,0,0,0,0,0,0.00655738,0,0,0,0,beavertails
0,1,0.72,1.10875,0.509722,0,0,0,0,0,0,0.00901917,0,0,0,0,beavertails
0,1,0.495,0.68875,0.444444,0.2,0,0,0,0.1,0,0.0108893,0,0,0,0,beavertails
0,0,0.39,0.61875,0.526923,0,0,0,0,0,0,0.00606061,0,0,0,0,beavertails
0,1,0.605,0.87,0.464463,0,0,0,0,0,0,0.00862069,0,0,0,0,beavertails
0,0,0.2,0.32125,0.53,0,0,0.2,0,0,0,0.0116732,0,0,0,0,beavertails
0,0,0.595,0.85125,0.464706,0,0,0,0,0,0,0.00881057,0,0,0,0,beavertails
0,1,0.25,0.34875,0.446,0,0,0,0,0,0,0.0107527,0,0,0,0,beavertails
0,0,0.48,0.6575,0.436458,0.4,0.2,0.2,0,0,0,0.0114068,0,0,0,0,beavertails
0,1,1.24,1.99875,0.512903,0,0,0,0,0,0,0.0337711,0,0,0,0,beavertails
0,0,0.38,0.48125,0.394737,0,0,0,0,0,0,0.0103896,0,0,0,0,beavertails
0,1,0.83,1.155,0.446386,0,0,0,0,0,0,0.0238095,0,0,0,0,beavertails
0,0,0.18,0.2725,0.502778,0,0,0,0,0,0,0.00917431,0,0,0,0,beavertails
0,0,0.39,0.62875,0.532051,0,0,0,0,0,0,0.00795229,0,0,0,0,beavertails
0,0,0.405,0.60375,0.481481,0,0,0,0,0,0,0.010352,0,0,0,0,beavertails
0,1,0.3,0.4425,0.463333,0,0,0,0.2,0,0,0.00847458,0,0,0,0,beavertails
0,0,0.385,0.56125,0.472727,0,0,0,0,0,0,0.00668151,0,0,0,0,beavertails
0,0,0.255,0.385,0.496078,0,0,0,0,0,0,0.00649351,0,0,0,0,beavertails
0,0,0.04,0.065,0.3875,0,0,0,0,0,0,0.134615,0,0,0,0,beavertails
0,0,0.345,0.54625,0.528986,0,0,0,0,0,0,0.00686499,0,0,0,0,beavertails
0,1,0.325,0.43375,0.427692,0,0,0,0,0,0,0.0201729,0,0,0,0,beavertails
0,0,0.44,0.71125,0.5375,0,0,0,0,0,0,0.00702988,0,0,0,0,beavertails
0,1,0.025,0.03625,0.48,0.2,0,0,0,0,0,0.0344828,0,0,0,0,beavertails
0,0,0.17,0.2525,0.485294,0,0,0,0,0,0,0.00990099,0,0,0,0,beavertails
0,1,0.545,0.79625,0.475229,0,0,0,0,0,0,0.00784929,0,0,0,0,beavertails
0,1,0.235,0.335,0.457447,0,0,0,0,0.1,0,0.0149254,0,0,0,0,beavertails
0,1,0.2,0.36875,0.6275,0,0,0,0,0,0,0.00338983,0,0,0,0,beavertails
0,0,0.355,0.5,0.45493,0,0,0,0,0,0,0.01,0,0,0,0,beavertails
0,0,0.055,0.05875,0.318182,0,0,0,0,0.1,0,0.0425532,0,0,0,0,beavertails
0,0,0.4,0.555,0.4475,0,0,0,0,0,0,0.0112613,0,0,0,0,beavertails
0,0,0.275,0.4075,0.485455,0,0,0,0,0,0,0.0245399,0,0,0,0,beavertails
0,0,0.355,0.555,0.51831,0,0,0,0,0,0,0.00675676,0,0,0,0,beavertails
0,0,0.425,0.56875,0.42,0,0,0,0,0,0.5,0.0131868,0,0,0,0,beavertails
0,1,0.415,0.64625,0.516867,0,0,0,0,0,0,0.00967118,0,0,0,0,beavertails
0,1,0.155,0.22625,0.477419,0,0,0,0,0,0,0.00552486,0,0,0,0,beavertails
0,1,0.375,0.625,0.558667,0,0,0,0,0,0,0.008,0,0,0,0,beavertails
0,1,0.07,0.095,0.435714,0,0,0,0,0,0,0.0131579,0,0,0,0,beavertails
0,1,0.215,0.32125,0.488372,0,0,0,0.2,0,0,0.0194553,0,0.25,0,0,beavertails
0,0,0.045,0.05,0.311111,0,0,0,0,0.1,0,0.075,0,0,0,0,beavertails
0,0,0.345,0.53875,0.514493,0,0,0,0,0.1,0,0.0116009,0,0,0,0,beavertails
0,0,0.06,0.095,0.533333,0,0,0,0,0,0,0.0131579,0,0,0,0,beavertails
0,0,0.075,0.08625,0.353333,0,0,0,0,0,0,0.0144928,0,0,0,0,beavertails
0,1,0.495,0.6525,0.421212,0,0,0,0,0,0,0.00574713,0,0,0,0,beavertails
0,1,0.065,0.10625,0.546154,0,0,0,0,0,0,0.0352941,0,0,0,0,beavertails
0,0,0.485,0.71625,0.47732,0,0,0,0.6,0,0,0.008726,0,0,0,0,beavertails
0,1,0.435,0.61,0.450575,0,0,0.4,0.2,0.2,0,0.0204918,0,0,0,0,beavertails
0,0,0.035,0.045,0.4,0,0,0,0,0,0,0.0555556,0,0,0.25,0,beavertails
0,0,0.34,0.555,0.545588,0,0,0,0,0,0,0.00675676,0,0,0,0,beavertails
0,0,0.5,0.72,0.446,0,0,0,0,0,0.6,0.0121528,0,0,0,0,beavertails
0,0,0.275,0.4175,0.503636,0,0,0.2,0,0,0,0.0179641,0,0,0,0,beavertails
0,1,0.185,0.29,0.521622,0,0,0,0,0,0,0.012931,0,0,0,0,beavertails
0,0,0.12,0.18875,0.479167,0,0,0,0,0,0,0.0794702,0,0,0,0,beavertails
0,0,0.58,0.88,0.49569,0,0,0,0,0,0,0.0170455,0,0,0,1,beavertails
0,0,0.095,0.1175,0.384211,0,0,0,0,0,0,0.0106383,0,0,0,1,beavertails
0,1,0.235,0.36375,0.504255,0,0,0,0,0,0,0.00687285,0,0,0,1,beavertails
0,0,0.495,0.67875,0.440404,0,0,0,0,0,0,0.0110497,0,0,0,1,beavertails
0,1,0.315,0.49875,0.522222,0,0,0,0.2,0,0,0.0175439,0,0,0,1,beavertails
0,1,0.38,0.4975,0.415789,0,0,0,0,0,0,0.00502513,0,0,0,1,beavertails
0,1,0.035,0.04375,0.385714,0.4,0,0,0,0,0,0.0571429,0,0,0,1,beavertails
0,1,0.56,0.82625,0.45625,0,0,0,0,0,0,0.0242057,0,0,0,1,beavertails
0,1,0.13,0.18375,0.446154,0,0,0,0,0.1,0,0.0204082,0,0,0,1,beavertails
0,0,0.42,0.62375,0.485714,0.2,0,0.2,0,0.1,0,0.012024,0,0,0,1,beavertails
0,0,0.27,0.38,0.459259,0,0,0,0,0,0,0.00328947,0,0,0,1,beavertails
0,0,0.38,0.595,0.522368,0,0,0,0,0,0,0.00630252,0,0,0,1,beavertails
0,0,0.36,0.48875,0.436111,0,0,0.2,0.2,0,0,0.0102302,0,0,0,1,beavertails
0,0,0.26,0.38625,0.488462,0,0,0,0.2,0,0,0.00647249,0,0,0,1,beavertails
0,0,0.82,1.1425,0.44878,0,0,0.2,0,0,0,0.00875274,0,0,0,1,beavertails
0,0,0.225,0.27875,0.384444,0,0,0,0,0.4,0,0.0313901,0,0,0,1,beavertails
0,0,0.215,0.28875,0.418605,0,0,0,0,0,0,0.00865801,0,0,0,1,beavertails
0,0,0.485,0.765,0.521649,0,0,0,0.2,0,0,0.00816993,0,0,0,1,beavertails
0,1,0.25,0.335,0.428,0,0,0,0,0,0,0.0186567,0,0,0,1,beavertails
0,1,0.22,0.34375,0.5,0,0,0,0,0,0,0.0654545,0,0,0,1,beavertails
0,0,0.585,0.94125,0.537607,0,0,0,0,0,0,0.00796813,0,0,0,1,beavertails
0,1,0.045,0.05625,0.4,0,0,0,0,0,0,0.0222222,0,0,0,1,beavertails
0,0,0.17,0.22,0.414706,0,0,0,0,0,0,0.00568182,0,0,0,1,beavertails
0,0,0.615,0.8475,0.437398,0,0,0,0,0,0,0.0132743,0,0,0,1,beavertails
0,1,0.39,0.6,0.501282,0.4,0.2,0.2,0,0,0,0.0125,0,0,0,1,beavertails
0,1,0.81,1.15625,0.46358,0,0,0,0.2,0,0,0.0140541,0,0,0,1,beavertails
0,1,0.06,0.07,0.358333,0,0,0,0,0.1,0,0.0714286,0.333333,0,0,1,beavertails
0,0,0.255,0.4075,0.531373,0,0,0,0,0,0,0.0153374,0,0,0,1,beavertails
0,1,0.1,0.12875,0.39,0.2,0,0,0,0.1,0,0.0291262,0,0,0,1,beavertails
0,0,0.4,0.56,0.445,0,0,0.2,0,0.1,0,0.0111607,0,0,0,1,beavertails
0,1,0.235,0.38125,0.531915,0,0,0,0,0,0,0.00983607,0,0,0,1,beavertails
0,0,0.12,0.15875,0.420833,0,0.2,0.2,0,0,0,0.015748,0,0,0,1,beavertails
0,0,0.43,0.6975,0.519767,0,0,0,0,0,0,0.0250896,0,0,0,1,beavertails
0,1,0.195,0.2925,0.487179,0,0,0,0,0,0,0.0299145,0,0,0,1,beavertails
0,1,0.035,0.05,0.457143,0,0,0,0,0.1,0,0.05,0.333333,0,0,1,beavertails
0,0,0.81,1.0775,0.42037,0,0,0,0,0,0,0.0104408,0,0,0,1,beavertails
0,1,0.275,0.4075,0.489091,0,0,0,0,0,0,0.00613497,0,0,0,1,beavertails
0,1,0.245,0.3075,0.395918,0,0,0,0,0,0,0.00813008,0,0,0,1,beavertails
0,1,0.535,0.8475,0.526168,0,0,0.2,0,0,0,0.00737463,0,0,0,1,beavertails
0,0,0.43,0.6975,0.538372,0,0,0,0.2,0,0,0.0107527,0,0,0,1,beavertails
0,1,0.09,0.1275,0.461111,0,0,0,0,0,0,0.00980392,0,0,0,1,beavertails
0,1,0.15,0.215,0.463333,0,0,0,0,0.1,0,0.0232558,0,0,0,1,beavertails
0,0,0.505,0.79625,0.519802,0,0,0,0,0,0,0.00784929,0,0,0,1,beavertails
0,1,0.245,0.365,0.485714,0,0,0,0,0,0,0.0616438,0,0,0,1,beavertails
0,0,0.34,0.465,0.414706,0,0,0,0,0,0,0.0268817,0,0,0,1,beavertails
0,0,0.315,0.4325,0.436508,0,0,0,0,0.1,0,0.0202312,0,0,0,1,beavertails
0,1,0.055,0.07125,0.409091,0,0,0,0,0,0,0.0350877,0,0,0,1,beavertails
0,0,0.12,0.13375,0.345833,0,0,0,0,0,0,0.00934579,0,0,0,1,beavertails
0,1,0.105,0.1525,0.480952,0,0,0,0,0,0,0.00819672,0,0,0,1,beavertails
0,1,0.1,0.16,0.53,0,0,0,0,0,0,0.015625,0,0,0,1,beavertails
0,1,0.37,0.5875,0.525676,0,0,0.2,0,0,0,0.00638298,0,0,0,1,beavertails
0,1,0.29,0.41,0.456897,0,0,0,0,0,0,0.00914634,0,0,0,1,beavertails
0,1,0.055,0.09,0.536364,0.2,0.2,0,0,0,0,0.0416667,0,0,0,1,beavertails
0,1,0.23,0.33625,0.471739,0,0,0,0.2,0,0,0.00743494,0,0,0,1,beavertails
0,1,0.47,0.71125,0.495745,0,0,0.4,0.2,0.1,0,0.0439367,0,0,0,1,beavertails
0,0,0.43,0.6475,0.49186,0,0.2,0,0.2,0,0,0.00965251,0,0,0,1,beavertails
0,1,0.08,0.085,0.31875,0,0,0,0,0.2,0,0.0441176,0,0,0,1,beavertails
0,0,0.36,0.54625,0.502778,0,0,0,0,0,0,0.00686499,0,0,0,1,beavertails
0,0,0.365,0.475,0.415068,0,0,0,0,0,0,0.00789474,0,0,0,1,beavertails
0,1,0.295,0.37875,0.40339,0,0,0,0,0,0,0.00990099,0,0,0,1,beavertails
0,1,0.395,0.53375,0.436709,0,0,0,0,0,0,0.00702576,0,0,0,1,beavertails
0,0,0.33,0.4225,0.406061,0,0,0,0,0,0,0.00887574,0,0,0,1,beavertails
0,0,0.105,0.14125,0.4,0,0.2,0,0,0,0,0.0176991,0,0,0,1,beavertails
0,0,0.37,0.585,0.527027,0,0,0,0,0,0,0.00641026,0,0,0,1,beavertails
0,0,0.15,0.2475,0.55,0,0,0,0,0,0,0.00505051,0,0,0,1,beavertails
0,0,0.035,0.04625,0.414286,0,0,0,0,0,0,0.0540541,0,0,0,1,beavertails
0,0,0.19,0.3225,0.465789,0,0,0,0,0,0,0.0232558,0,0,0,1,beavertails
0,0,0.06,0.065,0.325,0.2,0,0,0,0,0,0.0384615,0,0,0,1,beavertails
0,1,0.19,0.23875,0.392105,0,0,0.2,0,0.1,0,0.026178,0.333333,0,0,1,beavertails
0,0,0.235,0.415,0.602128,0,0,0,0,0,0,0.00903614,0,0,0,1,beavertails
0,0,0.105,0.1625,0.5,0,0,0,0,0,0,0.0692308,0,0,0,1,beavertails
0,1,0.42,0.605,0.471429,0,0,0,0,0,0,0.0165289,0,0,0,1,beavertails
0,1,0.25,0.36125,0.464,0,0,0,0.2,0,0,0.0138408,0,0,0,1,beavertails
0,0,0.29,0.40125,0.444828,0,0,0.4,0.2,0,0,0.0124611,0,0,0,1,beavertails
0,0,0.5,0.7,0.453,0,0,0,0,0,0,0.0107143,0,0,0,1,beavertails
0,1,0.065,0.09,0.438462,0,0,0,0,0,0,0.0277778,0,0,0,1,beavertails
0,0,0.48,0.64375,0.427083,0,0,0,0,0,0,0.0194175,0,0,0,1,beavertails
0,0,0.65,0.87875,0.431538,0,0,0,0,0,0.4,0.00853485,0,0,0,1,beavertails
0,0,0.295,0.4475,0.494915,0,0,0,0,0,0,0.0111732,0,0,0,1,beavertails
0,1,0.02,0.0325,0.55,0,0,0,0,0,0,0.0384615,0,0,0,1,beavertails
0,0,0.42,0.5925,0.458333,0,0,0,0,0,0,0.0147679,0,0,0,2,beavertails
0,0,0.305,0.3975,0.413115,0,0,0,0,0,0,0.00943396,0,0,0,2,beavertails
0,1,0.05,0.0575,0.34,0,0,0,0,0.1,0,0.0652174,0,0,0,2,beavertails
0,0,0.085,0.1625,0.570588,0,0,0,0,0,0,0.0846154,0,0,0,2,beavertails
0,0,0.5,0.74875,0.489,0,0,0,0,0.1,0,0.0116861,0,0,0,2,beavertails
0,0,0.65,0.8825,0.436154,0,0,0,0,0,0,0.00849858,0,0,0,2,beavertails
0,1,0.075,0.10875,0.473333,0,0,0,0,0,0,0.0114943,0,0,0,2,beavertails
0,0,0.235,0.3675,0.512766,0,0,0,0,0,0,0.00680272,0,0,0,2,beavertails
0,0,0.225,0.33625,0.488889,0,0,0,0,0,0,0.00743494,0,0,0,2,beavertails
0,1,0.47,0.68125,0.470213,0,0,0,0,0,0,0.00733945,0,0,0,2,beavertails
0,1,0.235,0.325,0.442553,0,0,0,0,0,0,0.0115385,0,0,0,2,beavertails
0,0,0.15,0.27125,0.603333,0,0,0,0,0,0,0.00921659,0,0,0,2,beavertails
0,1,0.355,0.575,0.533803,0,0,0,0.2,0,0,0.0195652,0,0,0,2,beavertails
0,1,0.11,0.1275,0.359091,0,0,0,0,0.1,0,0.0490196,0.666667,0,0,2,beavertails
0,0,0.075,0.12875,0.493333,0,0,0,0,0,0,0.00970874,0,0,0,2,beavertails
0,0,0.41,0.57,0.447561,0,0,0,0,0,0,0.0153509,0,0,0,2,beavertails
0,0,0.105,0.165,0.52381,0,0,0,0,0,0,0.0151515,0.333333,0,0,2,beavertails
0,0,0.07,0.07875,0.35,0,0,0,0,0,0,0.015873,0,0,0,2,beavertails
0,0,0.415,0.6475,0.514458,0,0,0,0.2,0,0,0.00579151,0,0,0,2,beavertails
0,0,0.175,0.2975,0.56,0,0,0,0,0,0,0.0252101,0,0,0,2,beavertails
0,0,0.3,0.40125,0.428333,0,0,0,0,0.5,0,0.0186916,0.333333,0,0,2,beavertails
0,0,0.555,0.72,0.409009,0,0,0,0,0,0,0.00694444,0,0,0,2,beavertails
0,1,0.2,0.30125,0.4925,0,0,0,0,0,0,0.0207469,0,0,0,2,beavertails
0,0,0.4,0.50625,0.39625,0,0,0,0,0,0,0.00987654,0,0,0,2,beavertails
0,0,0.425,0.6325,0.491765,0,0,0,0,0,0,0.00592885,0,0,0,2,beavertails
0,0,0.48,0.79375,0.552083,0,0,0,0,0,0,0.00787402,0,0,0,2,beavertails
0,1,0.32,0.46375,0.471875,0,0,0,0,0,0,0.00808625,0,0,0,2,beavertails
0,1,0.56,0.8375,0.486607,0,0,0,0,0,0,0.00895522,0,0,0,2,beavertails
0,1,0.06,0.07875,0.416667,0,0,0,0,0,0,0.015873,0,0,0,2,beavertails
0,1,0.4,0.56875,0.4625,0,0,0,0,0,0,0.0175824,0,0,0,2,beavertails
0,1,0.185,0.28625,0.505405,0,0,0,0,0,0,0.00873362,0,0,0,2,beavertails
0,1,0.46,0.69125,0.490217,0,0,0,0,0,0,0.0198915,0,0,0,2,beavertails
0,0,0.24,0.355,0.48125,0,0,0,0,0,0,0.0105634,0,0,0,2,beavertails
0,1,0.49,0.765,0.513265,0,0,0,0.2,0,0,0.0147059,0,0,0,2,beavertails
0,1,0.06,0.08625,0.466667,0,0,0,0,0,0,0.0289855,0,0,0,2,beavertails
0,0,0.475,0.62625,0.417895,0,0,0,0,0,0,0.00998004,0,0,0,2,beavertails
0,1,0.15,0.20125,0.426667,0,0,0,0,0.1,0,0.0186335,0.333333,0,0,2,beavertails
0,0,0.355,0.51125,0.467606,0,0,0,0,0,0,0.0122249,0,0,0,2,beavertails
0,1,0.21,0.27,0.409524,0,0,0,0,0,0,0.00925926,0,0,0,2,beavertails
0,1,0.44,0.67875,0.505682,0,0,0.2,0.2,0,0,0.0276243,0,0,0,2,beavertails
0,0,0.115,0.1375,0.378261,0,0,0,0,0,0,0.00909091,0,0,0,2,beavertails
0,0,0.215,0.315,0.481395,0,0,0,0,0,0,0.00793651,0,0,0,2,beavertails
0,1,0.27,0.37875,0.448148,0,0.2,0,0,0,0,0.0165017,0,0,0,2,beavertails
0,1,0.04,0.06625,0.5625,0,0,0,0,0,0,0.0377358,0,0,0,2,beavertails
0,0,0.085,0.1425,0.482353,0,0,0,0,0,0,0.114035,0,0,0,2,beavertails
0,1,0.37,0.54625,0.482432,0,0,0,0.2,0,0,0.00686499,0,0,0,2,beavertails
0,0,0.65,0.9,0.416923,0,0,0,0,0,1,0.0138889,0,0,0,2,beavertails
0,0,0.24,0.3575,0.485417,0,0,0,0,0,0,0.0034965,0,0,0,2,beavertails
0,0,0.22,0.34625,0.515909,0,0,0,0,0.1,0,0.0180505,0,0,0,2,beavertails
0,0,0.385,0.48875,0.4,0,0.4,0,0,0,0,0.127877,0,0,0,2,beavertails
0,1,0.315,0.45125,0.461905,0,0,0,0,0,0,0.0110803,0,0,0,2,beavertails
0,1,0.435,0.675,0.511494,0,0,0,0,0,0,0.0166667,0,0,0,2,beavertails
0,0,0.57,0.88625,0.509649,0,0,0,0.2,0,0,0.00705219,0,0,0,2,beavertails
0,1,0.335,0.47,0.456716,0,0,0.2,0,0.1,0,0.0106383,0,0,0,2,beavertails
0,0,0.245,0.42375,0.534694,0,0,0,0,0,0,0.0117994,0,0,0,2,beavertails
0,1,0.155,0.2725,0.583871,0,0,0,0,0,0,0.00917431,0,0,0,2,beavertails
0,0,0.06,0.07375,0.391667,0,0,0,0,0,0,0.0169492,0,0,0,2,beavertails
0,0,0.22,0.29,0.420455,0,0,0,0,0,0,0.00431034,0,0,0,2,beavertails
0,1,0.05,0.06,0.37,0,0,0,0,0.1,0,0.0416667,0.333333,0,0,2,beavertails
0,0,0.3,0.41375,0.445,0,0,0,0,0,0,0.00302115,0,0,0,2,beavertails
0,0,0.86,1.16875,0.431977,0,0.4,0,0,0,0,0.00855615,0,0,0,2,beavertails
0,1,0.435,0.65625,0.488506,0,0,0,0,0,0,0.00952381,0,0,0,2,beavertails
0,0,0.27,0.43625,0.537037,0,0,0,0,0,0,0.00573066,0,0,0,2,beavertails
0,0,0.335,0.4725,0.455224,0,0,0,0,0,0,0.010582,0,0,0,2,beavertails
0,0,0.23,0.3325,0.471739,0,0,0,0,0,0,0.0112782,0,0,0,2,beavertails
0,0,0.455,0.6375,0.453846,0,0,0,0,0,0,0.00784314,0,0,0,2,beavertails
0,0,0.535,0.77375,0.463551,0,0,0,0,0,0,0.00969305,0,0,0,2,beavertails
0,0,0.35,0.4875,0.451429,0,0,0,0,0,0,0.00769231,0,0,0,2,beavertails
0,0,0.11,0.1475,0.431818,0,0,0,0,0,0,0.0169492,0,0,0,2,beavertails
0,0,0.315,0.44625,0.461905,0,0,0,0,0,0,0.00560224,0,0,0,2,beavertails
0,0,0.2,0.4,0.675,0,0,0,0,0,0,0.0125,0,0,0,2,beavertails
0,0,0.225,0.3975,0.595556,0,0,0,0,0,0,0.00628931,0,0,0,2,beavertails
0,1,0.15,0.20375,0.43,0.2,0.2,0,0,0,0,0.0306748,0,0.25,0,2,beavertails
0,0,0.21,0.3,0.461905,0,0,0,0,0,0,0.0208333,0,0,0,2,beavertails
0,1,0.31,0.485,0.516129,0,0,0,0,0,0,0.0103093,0,0,0,2,beavertails
0,1,0.165,0.20125,0.378788,0,0,0,0,0,0,0.0807453,0,0,0,2,beavertails
0,0,0.345,0.505,0.472464,0,0,0,0,0,0.1,0.00742574,0,0,0,2,beavertails
0,1,0.31,0.4775,0.508065,0,0,0,0,0.1,0,0.0104712,0,0,0,2,beavertails
0,1,0.325,0.51,0.518462,0,0,0,0.4,0,0,0.00980392,0,0,0,2,beavertails
0,0,0.42,0.57875,0.436905,0.2,0.2,0,0,0,0,0.0107991,0,0,0,2,beavertails
0,1,0.145,0.21625,0.482759,0,0,0,0,0,0,0.017341,0,0,0,3,beavertails
0,1,0.065,0.09625,0.476923,0,0,0,0,0,0,0.012987,0,0,0,3,beavertails
0,1,0.09,0.135,0.488889,0,0,0,0,0.1,0,0.0185185,0,0,0,3,beavertails
0,1,0.065,0.08125,0.392308,0,0,0,0,0,0,0.0153846,0,0,0,3,beavertails
0,0,0.37,0.49,0.422973,0,0,0,0,0,0,0.0102041,0,0,0,3,beavertails
0,0,0.355,0.505,0.459155,0,0,0,0,0,0,0.00742574,0,0,0,3,beavertails
0,0,0.39,0.57,0.474359,0,0,0,0,0,0,0.00657895,0,0,0,3,beavertails
0,0,0.14,0.20375,0.475,0,0.2,0,0,0.1,0,0.0184049,0,0,0,3,beavertails
0,0,0.315,0.49875,0.51746,0,0,0,0,0,0,0.0325815,0,0,0,3,beavertails
0,0,0.46,0.81,0.556522,0,0,0,0,0,0.7,0.0123457,0,0,0,3,beavertails
0,0,0.195,0.2425,0.394872,0,0,0,0,0,0,0.0103093,0,0,0,3,beavertails
0,0,0.295,0.43375,0.481356,0,0,0,0,0,0,0.00576369,0,0,0,3,beavertails
0,1,0.075,0.1025,0.44,0,0,0,0,0,0,0.0243902,0,0.25,0,3,beavertails
0,0,0.045,0.055,0.4,0,0,0,0,0,0,0,0,0,0,3,beavertails
0,1,0.395,0.60875,0.506329,0,0,0,0.4,0,0,0.0205339,0,0,0,3,beavertails
0,1,0.285,0.4775,0.542105,0,0,0,0,0,0,0.0314136,0,0,0,3,beavertails
0,1,0.355,0.54,0.495775,0,0,0,0,0,0,0.025463,0,0,0,3,beavertails
0,1,0.41,0.5725,0.452439,0,0,0,0,0,0,0.0152838,0,0,0,3,beavertails
0,0,0.02,0.01625,0.225,0,0,0,0,0,0,0.0769231,0,0,0,3,beavertails
0,1,0.175,0.2525,0.474286,0,0,0.2,0,0,0,0.00990099,0,0,0,3,beavertails
0,1,0.1,0.11375,0.355,0,0,0,0,0,0,0.010989,0,0,0,3,beavertails
0,0,0.215,0.3375,0.516279,0,0,0.2,0,0,0,0.0148148,0,0,0,3,beavertails
0,0,0.195,0.2575,0.417949,0,0,0,0,0,0,0.00485437,0,0,0,3,beavertails
0,1,0.32,0.43875,0.439063,0,0,0,0,0,0,0.011396,0,0.25,0,3,beavertails
0,0,0.075,0.1275,0.54,0,0,0,0,0,0,0.0686275,0,0,0,3,beavertails
0,0,0.375,0.56125,0.493333,0,0,0,0,0,0,0.00890869,0,0,0,3,beavertails
0,0,0.32,0.4725,0.484375,0,0,0,0,0,0,0.00793651,0,0,0,3,beavertails
0,1,0.09,0.12125,0.405556,0.2,0,0,0,0,0,0.0206186,0,0,0,3,beavertails
0,1,0.275,0.42125,0.509091,0,0,0,0,0,0,0.00593472,0,0,0,3,beavertails
0,1,0.125,0.1925,0.508,0,0,0,0,0,0,0.012987,0.333333,0,0,3,beavertails
0,1,0.15,0.22125,0.486667,0,0,0,0,0,0,0.0338983,0,0,0,3,beavertails
0,1,0.195,0.29375,0.497436,0,0,0,0,0,0,0.012766,0,0,0,3,beavertails
0,1,0.685,1,0.474453,0,0,0,0,0,0,0.0075,0,0,0,3,beavertails
0,0,0.1,0.13375,0.42,0,0.2,0,0,0,0,0.0280374,0,0,0,3,beavertails
0,1,0.57,0.9225,0.533333,0,0,0,0.2,0,0,0.0149051,0,0,0,3,beavertails
0,0,0.105,0.1675,0.509524,0,0,0,0,0,0,0.00746269,0,0,0,3,beavertails
0,1,0.07,0.08625,0.385714,0,0,0,0,0,0,0.0144928,0,0,0,3,beavertails
0,1,0.1,0.14625,0.48,0,0,0,0,0.1,0,0.017094,0,0,0,3,beavertails
0,0,0.395,0.57,0.468354,0,0,0,0,0,0,0.0131579,0,0,0,3,beavertails
0,1,0.12,0.135,0.345833,0,0,0.2,0,0,0,0.00925926,0,0,0,3,beavertails
0,0,0.155,0.2475,0.522581,0,0,0,0.2,0,0,0.020202,0,0,0,3,beavertails
0,1,0.13,0.175,0.434615,0,0.2,0,0,0,0,0.00714286,0,0,0,3,beavertails
0,0,0.555,0.9075,0.543243,0,0,0,0,0,0,0.00826446,0,0,0,3,beavertails
0,1,0.415,0.56625,0.43494,0,0.2,0.2,0,0,0,0.0242826,0,0,0,3,beavertails
0,0,0.38,0.5025,0.419737,0,0,0,0,0,0,0.00995025,0,0,0,3,beavertails
0,0,0.585,0.855,0.476923,0,0,0,0,0,0,0.00584795,0,0,0,3,beavertails
0,1,0.385,0.55875,0.47013,0,0,0,0,0,0,0.00894855,0,0,0,3,beavertails
0,1,0.36,0.50375,0.452778,0,0,0,0,0,0,0.00992556,0,0,0,3,beavertails
0,1,0.08,0.13125,0.55,0,0,0,0,0,0,0.0380952,0,0,0,3,beavertails
0,0,0.56,0.835,0.490179,0,0,0.2,0,0,0,0.00748503,0,0,0,3,beavertails
0,0,0.23,0.33,0.465217,0.2,0.2,0.2,0,0,0,0.0151515,0,0,0,3,beavertails
0,1,0.24,0.3975,0.55,0,0,0,0,0,0,0.0440252,0,0,0,3,beavertails
0,0,0.455,0.64125,0.454945,0,0.2,0,0,0,0,0.0116959,0,0,0,3,beavertails
0,1,0.025,0.03625,0.46,0,0,0,0,0,0,0.0689655,0,0,0,3,beavertails
0,1,0.56,0.75125,0.43125,0,0,0,0,0,0,0.00499168,0,0,0,3,beavertails
0,1,0.315,0.4775,0.477778,0,0,0,0,0,0,0.0445026,0,0,0,3,beavertails
0,1,0.13,0.16125,0.384615,0,0,0,0,0.1,0,0.0310078,0.333333,0,0,3,beavertails
0,0,0.17,0.25625,0.494118,0,0,0,0,0,0,0.0097561,0,0,0,3,beavertails
0,0,0.215,0.3425,0.52093,0,0,0,0,0,0,0.00364964,0,0,0,3,beavertails
0,0,0.57,0.81,0.458772,0,0,0.2,0,0,0,0.0154321,0,0,0,3,beavertails
0,1,0.115,0.17625,0.486957,0,0,0,0,0,0,0.070922,0,0,0,3,beavertails
0,0,0.385,0.63625,0.533766,0,0,0,0,0,0.4,0.00982318,0,0,0,3,beavertails
0,1,0.48,0.71,0.483333,0,0,0,0,0,0,0.0193662,0,0,0,3,beavertails
0,0,0.25,0.38375,0.51,0,0,0.2,0,0,0,0.00651466,0,0,0,3,beavertails
0,0,0.015,0.02125,0.466667,0,0,0,0,0,0,0.0588235,0,0,0,3,beavertails
0,1,0.105,0.15625,0.485714,0,0,0,0,0,0,0.024,0,0,0,3,beavertails
0,0,0.17,0.2375,0.45,0,0,0,0.2,0,0,0.0105263,0,0,0,3,beavertails
0,1,0.26,0.365,0.453846,0,0,0,0,0,0,0.010274,0,0,0,3,beavertails
0,0,0.54,0.82625,0.503704,0,0,0,0,0,0,0.0121029,0,0,0,3,beavertails
0,0,0.26,0.365,0.45,0,0,0,0,0,0,0.010274,0,0,0,3,beavertails
0,0,0.21,0.335,0.52619,0,0,0,0,0,0,0.00746269,0,0,0,3,beavertails
0,0,0.32,0.46875,0.479687,0,0,0,0,0,0,0.0186667,0,0,0,3,beavertails
0,1,0.13,0.18875,0.476923,0,0,0,0,0.1,0,0.013245,0,0,0,3,beavertails
0,0,0.415,0.65,0.516867,0,0,0,0,0,0,0.00769231,0,0,0,3,beavertails
0,1,0.175,0.3,0.562857,0,0,0,0,0,0,0.0125,0,0,0,3,beavertails
0,0,0.295,0.43625,0.486441,0,0,0,0,0,0,0.0114613,0,0,0,3,beavertails
0,1,0.135,0.21125,0.511111,0,0,0,0,0.1,0,0.0236686,0.333333,0,0.25,3,beavertails
0,0,0.195,0.3,0.510256,0,0,0,0,0,0,0.00833333,0,0,0,3,beavertails
0,0,0.295,0.41875,0.462712,0,0,0,0.2,0.1,0,0.0179104,0,0,0,3,beavertails
0,1,0.155,0.25,0.529032,0,0,0,0,0,0,0.015,0.333333,0,0,3,beavertails
0,0,0.225,0.315,0.451111,0,0,0,0,0,0,0.00396825,0,0,0,4,beavertails
0,0,0.35,0.4625,0.424286,0,0,0,0,0,0,0.00810811,0,0,0,4,beavertails
0,0,0.425,0.61625,0.472941,0,0,0,0,0,0,0.00811359,0,0,0,4,beavertails
0,1,0.26,0.38625,0.488462,0,0.2,0,0,0,0,0.0161812,0,0,0,4,beavertails
0,0,0.085,0.12125,0.405882,0,0,0,0,0,0,0.103093,0,0,0,4,beavertails
0,0,0.345,0.4675,0.436232,0,0,0,0,0,0,0.0187166,0,0,0,4,beavertails
0,0,0.615,0.88875,0.465041,0,0,0,0,0,0,0.00843882,0,0,0,4,beavertails
0,0,0.165,0.2325,0.454545,0,0,0,0,0,0,0.0215054,0,0,0,4,beavertails
0,1,0.29,0.39875,0.444828,0,0,0,0,0,0,0.00940439,0,0,0,4,beavertails
0,0,0.38,0.46125,0.373684,0,0,0,0,0,0,0.0352304,0,0,0,4,beavertails
0,0,0.995,1.455,0.468342,0,0,0,0,0,0.8,0.0111684,0,0,0,4,beavertails
0,1,0.3,0.4775,0.53,0,0,0,0,0,0,0.0052356,0,0,0,4,beavertails
0,1,0.225,0.3225,0.466667,0,0,0,0,0,0,0.0271318,0,0,0,4,beavertails
0,1,0.435,0.605,0.449425,0,0,0,0,0,0,0.00826446,0,0,0,4,beavertails
0,0,0.11,0.19625,0.531818,0,0,0,0,0,0,0,0,0,0,4,beavertails
0,0,0.065,0.0875,0.438462,0,0,0,0,0,0,0.0142857,0,0,0,4,beavertails
0,0,0.29,0.46625,0.536207,0,0,0,0,0,0,0.0160858,0,0,0,4,beavertails
0,0,0.445,0.59625,0.425843,0,0.2,0,0,0,0,0.0104822,0,0,0,4,beavertails
0,1,0.215,0.38375,0.606977,0,0,0,0,0,0,0.00651466,0,0,0,4,beavertails
0,1,0.36,0.51625,0.452778,0,0,0,0,0.1,0,0.0387409,0,0,0,4,beavertails
0,1,0.395,0.61625,0.517722,0,0,0,0,0,0,0.0263692,0,0,0,4,beavertails
0,1,0.355,0.5825,0.542254,0,0,0,0.2,0,0,0.00858369,0,0,0,4,beavertails
0,0,0.21,0.3425,0.542857,0,0,0,0.2,0,0,0.0182482,0,0,0,4,beavertails
0,0,0.055,0.08125,0.490909,0,0,0.2,0,0,0,0.0153846,0,0,0,4,beavertails
0,0,0.695,1.15125,0.544604,0,0,0,0.2,0,0,0.0228013,0,0,0,4,beavertails
0,1,0.165,0.23,0.445455,0,0,0,0,0,0,0.0326087,0,0,0,4,beavertails
0,0,0.37,0.68125,0.625676,0,0,0,0,0,0,0.00366972,0,0,0,4,beavertails
0,1,0.2,0.30875,0.51,0,0,0,0,0,0,0.00809717,0,0,0,4,beavertails
0,0,0.275,0.385,0.458182,0,0,0,0,0,0,0.012987,0,0,0,4,beavertails
0,1,0.115,0.1425,0.36087,0.4,0,0,0,0.1,0.1,0.0438596,0,0,0,4,beavertails
0,1,0.19,0.2425,0.407895,0,0,0,0,0,0,0.0206186,0,0,0,4,beavertails
0,0,0.17,0.2225,0.414706,0,0,0,0.2,0,0,0.011236,0,0,0,4,beavertails
0,0,0.215,0.35625,0.539535,0,0,0,0,0,0,0.0105263,0,0,0,4,beavertails
0,0,0.335,0.4675,0.450746,0,0,0,0,0,0,0.00802139,0,0,0,4,beavertails
0,1,0.025,0.02375,0.26,0,0,0,0,0,0,0.0526316,0,0,0,4,beavertails
0,0,0.47,0.72625,0.510638,0,0,0,0,0,0.2,0.0189329,0,0,0,4,beavertails
0,1,0.54,0.7675,0.458333,0,0,0,0,0,0,0.00651466,0,0,0,4,beavertails
0,1,0.055,0.0725,0.418182,0,0,0,0,0.1,0,0.0344828,0.333333,0,0,4,beavertails
0,0,0.53,0.68875,0.406604,0,0,0,0,0,0,0.0127042,0,0,0,4,beavertails
0,1,0.19,0.27625,0.476316,0,0,0.2,0,0.1,0,0.0135747,0,0.25,0,4,beavertails
0,0,0.245,0.40125,0.544898,0,0,0,0,0,0,0.0342679,0,0,0,4,beavertails
0,0,0.335,0.43,0.407463,0,0,0,0,0,0,0.00872093,0,0,0,4,beavertails
0,0,0.43,0.65,0.496512,0,0,0,0.2,0,0,0.00769231,0,0,0,4,beavertails
0,1,0.39,0.59125,0.451282,0.8,0.2,0.2,0,0,0.8,0.0295983,0,0,0,4,beavertails
0,1,0.285,0.3625,0.4,0,0.2,0,0,0.1,0,0.0137931,0,0,0,4,beavertails
0,1,0.105,0.12875,0.380952,0,0.2,0.2,0,0.1,0,0.0194175,0,0,0,4,beavertails
0,0,0.28,0.34375,0.385714,0,0,0,0,0,0,0.00363636,0,0,0,4,beavertails
0,0,0.47,0.63625,0.430851,0,0,0,0,0,0,0.00785855,0,0,0,4,beavertails
0,1,0.16,0.2175,0.43125,0,0,0,0,0,0,0.0229885,0,0,0,4,beavertails
0,1,0.23,0.33625,0.473913,0,0,0,0,0.1,0,0.0260223,0,0,0,4,beavertails
0,1,0.115,0.1425,0.391304,0,0,0,0,0,0,0.00877193,0,0,0,4,beavertails
0,0,0.17,0.26375,0.514706,0,0,0,0,0,0,0.00947867,0,0,0,4,beavertails
0,0,0.34,0.43625,0.408824,0,0,0,0,0,0,0.00859599,0,0,0,4,beavertails
0,0,0.235,0.31875,0.434043,0,0,0,0,0,0,0.0117647,0,0,0,4,beavertails
0,0,0.105,0.19,0.528571,0,0,0,0,0,0,0.0131579,0,0,0,4,beavertails
0,0,0.36,0.50875,0.456944,0,0,0,0,0,0,0.00737101,0,0,0,4,beavertails
0,0,0.37,0.555,0.486486,0,0,0,0,0,0,0.0653153,0,0,0,4,beavertails
0,0,0.085,0.1175,0.435294,0,0.4,0,0,0,0,0.0319149,0,0,0,4,beavertails
0,1,0.28,0.49625,0.592857,0,0,0,0,0,0,0.0176322,0,0,0,4,beavertails
0,1,0.035,0.04375,0.4,0,0,0,0,0,0,0.0285714,0,0,0,4,beavertails
0,1,0.5,0.79,0.506,0,0,0,0,0,0,0.0316456,0,0,0,4,beavertails
0,0,0.21,0.33375,0.52381,0,0.2,0,0,0,0,0.0524345,0,0,0,4,beavertails
0,1,0.175,0.245,0.445714,0,0,0,0,0,0,0.0459184,0,0,0,4,beavertails
0,0,0.52,0.8,0.484615,0,0.2,0,0,0,0,0.0140625,0,0,0,4,beavertails
0,0,0.16,0.1875,0.34375,0.4,0.4,0,0,0,0.3,0.0666667,0,0,0,4,beavertails
0,1,0.18,0.25,0.444444,0,0,0,0,0,0,0.065,0,0,0,4,beavertails
0,1,0.43,0.7375,0.572093,0,0,0,0,0,0,0.0288136,0,0,0,4,beavertails
0,1,0.325,0.475,0.48,0,0,0,0,0,0,0.00789474,0,0,0,4,beavertails
0,1,0.635,0.985,0.506299,0,0,0,0.2,0,0,0.0203046,0,0,0,4,beavertails
0,0,0.505,0.76,0.49505,0,0,0,0,0,0,0.00822368,0,0,0,4,beavertails
0,1,0.165,0.21625,0.415152,0,0,0,0,0,0,0.0115607,0,0,0,4,beavertails
0,1,0.13,0.18125,0.45,0,0,0,0,0,0,0.00689655,0,0,0,4,beavertails
0,0,0.09,0.225,0.805556,0,0,0,0,0,0,0,0,0,0,4,beavertails
0,1,0.64,1.01875,0.517188,0,0,0,0,0,0,0.0368098,0,0,0,4,beavertails
0,1,0.26,0.3675,0.457692,0,0,0,0,0,0,0.0102041,0,0,0,4,beavertails
0,0,0.27,0.41125,0.503704,0,0,0,0,0,0,0.00607903,0,0,0,4,beavertails
0,0,0.275,0.41,0.489091,0,0,0,0,0,0,0.00914634,0,0,0,4,beavertails
0,0,0.615,0.86625,0.455285,0,0.2,0.2,0,0,0,0.010101,0,0,0,4,beavertails
0,1,0.265,0.41,0.511321,0,0,0,0.2,0.1,0,0.00914634,0,0,0,4,beavertails
0,0,0.305,0.42625,0.444262,0,0.4,0,0,0,0,0.0175953,0,0,0,4,beavertails
0,1,0.42,0.59375,0.460714,0,0,0,0,0,0,0.00842105,0,0,0,5,beavertails
0,0,0.255,0.41625,0.478431,0,0,0,0,0,0,0.00900901,0,0,0,5,beavertails
0,1,0.51,0.77,0.497059,0,0,0,0,0,0,0.0194805,0,0,0,5,beavertails
0,0,0.345,0.4875,0.453623,0,0,0,0,0,0,0.00769231,0,0,0,5,beavertails
0,0,0.225,0.29375,0.42,0,0,0,0,0,0,0.00851064,0,0,0,5,beavertails
0,0,0.07,0.13125,0.571429,0,0,0,0,0,0,0.00952381,0,0,0,5,beavertails
0,0,0.655,0.89875,0.417557,0,0.2,0,0,0,0.7,0.0111266,0,0,0,5,beavertails
0,0,0.435,0.71875,0.542529,0,0,0,0,0,0.2,0.0313043,0,0,0,5,beavertails
0,1,0.485,0.74625,0.503093,0,0,0,0,0,0,0.0117253,0,0,0,5,beavertails
0,0,0.53,0.77625,0.477358,0,0,0,0,0,0,0.00966184,0,0,0,5,beavertails
0,1,0.37,0.53625,0.464865,0,0,0,0,0,0,0.013986,0,0,0,5,beavertails
0,0,0.36,0.47625,0.423611,0,0,0,0,0,0,0.00787402,0,0,0,5,beavertails
0,1,0.145,0.19625,0.434483,0,0,0,0,0.2,0,0.0254777,0,0,0,5,beavertails
0,0,0.06,0.07625,0.408333,0,0,0,0,0.1,0,0.0327869,0.333333,0,0,5,beavertails
0,1,0.425,0.63625,0.494118,0,0,0.2,0,0,0,0.0137525,0,0,0,5,beavertails
0,0,0.215,0.3125,0.467442,0,0,0,0,0,0,0.008,0,0,0,5,beavertails
0,0,0.17,0.27375,0.538235,0,0,0.2,0,0.1,0,0.0136986,0,0,0,5,beavertails
0,0,0.42,0.65,0.502381,0,0,0,0,0,0,0.00769231,0,0,0,5,beavertails
0,0,0.03,0.045,0.466667,0,0,0,0,0,0,0.0277778,0,0,0,5,beavertails
0,1,0.09,0.12875,0.455556,0,0,0,0,0,0,0.0194175,0,0,0,5,beavertails
0,1,0.44,0.59625,0.435227,0,0,0.2,0,0,0,0.00628931,0,0,0,5,beavertails
0,0,0.915,1.21875,0.418033,0,0,0,0,0,0.8,0.0215385,0,0,0,5,beavertails
0,0,0.525,0.9025,0.566667,0,0,0,0.2,0,0,0.00554017,0,0,0,5,beavertails
0,1,0.405,0.63,0.51358,0,0,0,0.2,0,0,0.0119048,0,0,0,5,beavertails
0,1,0.455,0.61,0.428571,0,0,0,0.2,0,0,0.00819672,0,0,0,5,beavertails
0,1,0.115,0.19,0.552174,0,0,0,0,0,0,0.0131579,0,0,0,5,beavertails
0,0,0.165,0.3025,0.612121,0,0,0,0,0,0,0.0165289,0,0,0,5,beavertails
0,0,0.375,0.51875,0.446667,0,0,0.2,0,0,0,0.00722892,0,0,0,5,beavertails
0,1,0.26,0.37375,0.469231,0,0,0,0,0.1,0,0.0133779,0,0,0,5,beavertails
0,0,0.025,0.025,0.28,0,0,0,0,0,0,0.1,0,0,0,5,beavertails
0,1,0.455,0.59,0.407692,0,0.2,0,0.2,0.2,0,0.0233051,0.333333,0,0,5,beavertails
0,1,0.095,0.10875,0.352632,0,0,0,0,0.1,0,0.0229885,0,0,0,5,beavertails
0,0,0.16,0.22,0.440625,0,0,0,0,0,0,0.00568182,0,0,0,5,beavertails
0,1,0.51,0.83875,0.544118,0,0,0,0,0,0.1,0.0163934,0,0,0,5,beavertails
0,1,0.445,0.65375,0.475281,0,0,0,0,0,0,0.00573614,0,0,0,5,beavertails
0,0,0.255,0.36625,0.468627,0,0,0,0,0,0,0.00682594,0,0,0,5,beavertails
0,0,0.07,0.12625,0.6,0,0,0,0,0,0,0.029703,0,0,0,5,beavertails
0,1,0.02,0.02125,0.325,0.2,0,0,0,0,0,0.0588235,0,0,0,5,beavertails
0,0,0.19,0.29625,0.518421,0,0,0.2,0,0,0,0.00843882,0,0,0,5,beavertails
0,0,0.475,0.7525,0.484211,0,0.8,0,0,0,0.9,0.111296,0,0,0,5,beavertails
0,0,0.325,0.45625,0.455385,0,0,0,0,0,0,0.00821918,0,0,0,5,beavertails
0,0,0.485,0.72625,0.487629,0,0,0.2,0,0,0,0.00516351,0,0,0,5,beavertails
0,1,0.125,0.1925,0.5,0,0,0,0,0,0,0.00649351,0,0,0,5,beavertails
0,0,0.595,0.93625,0.518487,0,0,0,0.2,0,0,0.0160214,0,0,0,5,beavertails
0,0,0.43,0.66125,0.504651,0,0,0,0,0,0,0.00567108,0,0,0,5,beavertails
0,0,0.22,0.3425,0.506818,0,0,0,0,0,0,0.0109489,0,0,0,5,beavertails
0,1,0.51,0.8275,0.535294,0,0,0,0,0,0,0.00906344,0,0,0,5,beavertails
0,0,0.03,0.0475,0.533333,0,0,0,0,0,0,0.0526316,0,0,0,5,beavertails
0,0,0.31,0.4075,0.417742,0,0.4,0,0,0,0,0.0122699,0,0,0,5,beavertails
0,0,0.65,0.90125,0.448462,0,0,0,0,0,0,0.00693481,0,0,0,5,beavertails
0,1,0.005,0.01,0.7,0,0,0,0,0,0,0.125,0,0,0,5,beavertails
0,0,0.04,0.0475,0.375,0,0,0,0,0,0,0.0526316,0,0,0,5,beavertails
0,0,0.25,0.35,0.438,0,0,0,0,0,0.3,0.0142857,0,0,0,5,beavertails
0,1,0.595,0.87125,0.452941,0,0,0,0,0,0.6,0.0373027,0,0,0,5,beavertails
0,1,0.34,0.54375,0.526471,0,0,0,0,0,0,0.0091954,0,0,0,5,beavertails
0,0,0.27,0.40375,0.488889,0,0,0.2,0,0,0,0.0185759,0,0,0,5,beavertails
0,0,0.04,0.04875,0.3875,0,0,0,0,0,0,0.0769231,0,0,0,5,beavertails
0,1,0.075,0.09125,0.373333,0,0,0,0,0.1,0,0.0273973,0,0,0,5,beavertails
0,0,0.15,0.18375,0.386667,0,0,0,0,0,0,0.00680272,0,0,0,5,beavertails
0,1,0.59,1.02375,0.583898,0,0,0,0,0,0,0.015873,0,0,0,5,beavertails
0,1,0.385,0.54,0.457143,0,0,0,0,0,0,0.00694444,0,0,0,5,beavertails
0,0,0.265,0.36375,0.441509,0,0,0,0,0,0,0.0103093,0,0,0,5,beavertails
0,0,0.26,0.425,0.546154,0,0,0,0,0,0,0.00882353,0,0,0,5,beavertails
0,1,0.13,0.18,0.45,0,0,0,0,0,0,0.0138889,0,0,0,5,beavertails
0,0,0.39,0.57,0.469231,0,0,0,0,0,0,0.0109649,0,0,0,5,beavertails
0,0,0.12,0.16625,0.429167,0.2,0.2,0,0,0,0,0.0300752,0,0,0,5,beavertails
0,0,0.26,0.3625,0.45,0,0,0,0,0,0,0.0103448,0,0,0,5,beavertails
0,1,0.17,0.2625,0.502941,0,0,0,0,0,0,0.0285714,0,0,0,5,beavertails
0,0,0.025,0.05,0.42,0,0,0,0,0,0,0.15,0,0,0,5,beavertails
0,0,0.835,1.08,0.41018,0,0,0.2,0,0,0,0.00810185,0,0,0,5,beavertails
0,1,0.135,0.2475,0.618519,0,0,0,0,0,0,0.010101,0,0,0,5,beavertails
0,1,0.34,0.4925,0.466176,0,0,0,0,0,0,0.0101523,0,0,0,5,beavertails
0,1,0.07,0.13875,0.678571,0,0,0,0,0,0,0.0540541,0,0,0,5,beavertails
0,0,0.26,0.42125,0.473077,0,0,0,0,0,0,0.0385757,0,0,0,5,beavertails
0,1,0.405,0.53625,0.420988,0,0,0,0,0,0,0.00932401,0,0,0,5,beavertails
0,0,0.35,0.655,0.641429,0,0,0,0,0,0,0.00954198,0,0,0,5,beavertails
0,1,0.395,0.56625,0.463291,0,0,0,0,0,0,0.0110375,0,0,0,5,beavertails
0,1,0.105,0.1625,0.509524,0,0,0,0,0,0,0.0153846,0,0,0,5,beavertails
0,1,0.325,0.43875,0.429231,0,0,0,0,0,0,0.02849,0,0,0,5,beavertails
0,0,0.02,0.03125,0.45,0,0,0,0,0,0,0.04,0,0,0,5,beavertails
0,0,0.545,0.9675,0.600917,0,0,0,0,0,0,0.00516796,0,0,0,6,beavertails
0,1,0.12,0.16375,0.433333,0,0,0,0,0,0,0.0152672,0,0,0,6,beavertails
0,1,0.325,0.515,0.529231,0,0,0,0,0,0,0.0145631,0,0,0,6,beavertails
0,0,0.085,0.14125,0.564706,0,0,0,0,0,0,0.00884956,0,0,0,6,beavertails
0,1,0.285,0.45875,0.529825,0,0,0,0,0,0,0.0517711,0,0,0,6,beavertails
0,1,0.54,0.745,0.44537,0,0,0,0,0.4,0,0.0134228,0,0,0,6,beavertails
0,1,0.465,0.795,0.554839,0,0,0,0,0,0,0.0220126,0,0,0,6,beavertails
0,0,0.56,0.75875,0.429464,0,0,0.4,0,0,0,0.00823723,0,0,0,6,beavertails
0,0,0.175,0.22375,0.411429,0.2,0,0,0,0,0,0.00558659,0,0,0,6,beavertails
0,1,0.45,0.75125,0.544444,0,0,0,0,0,0,0.0415973,0,0,0,6,beavertails
0,0,0.31,0.4225,0.432258,0,0,0,0,0,0,0.0147929,0,0,0,6,beavertails
0,0,0.43,0.68625,0.52907,0,0,0,0,0,0,0.010929,0,0,0,6,beavertails
0,0,0.11,0.16,0.472727,0,0,0,0,0,0,0.0390625,0,0,0,6,beavertails
0,1,0.45,0.5425,0.374444,0,0,0,0,0,0,0.00921659,0,0,0,6,beavertails
0,0,0.06,0.11875,0.6,0,0,0,0,0,0,0.0210526,0,0,0,6,beavertails
0,1,0.275,0.39125,0.456364,0,0,0,0,0,0,0.0511182,0,0,0,6,beavertails
0,0,1.105,1.73875,0.41448,0.8,0,0,0,0.2,2.3,0.0496046,0,0,0,6,beavertails
0,1,0.115,0.18375,0.526087,0,0,0,0,0,0,0.0204082,0,0,0,6,beavertails
0,0,0.41,0.56875,0.445122,0,0.2,0,0,0,0,0.010989,0,0,0,6,beavertails
0,0,0.125,0.17125,0.444,0,0,0,0,0,0,0.00729927,0,0,0,6,beavertails
0,0,0.38,0.57625,0.5,0,0,0,0,0,0,0.00650759,0,0,0,6,beavertails
0,0,0.325,0.5525,0.566154,0,0,0,0,0,0,0.00678733,0,0,0,6,beavertails
0,1,0.36,0.5325,0.483333,0,0,0,0,0,0,0.00704225,0,0,0,6,beavertails
0,1,0.38,0.5425,0.459211,0,0,0,0,0,0,0.00921659,0,0,0,6,beavertails
0,1,0.505,0.665,0.413861,0.2,0,0,0,0.1,0,0.0169173,0,0,0,6,beavertails
0,0,0.54,0.805,0.478704,0,0,0.2,0,0,0,0.0186335,0,0,0,6,beavertails
0,0,0.17,0.25875,0.488235,0,0,0,0.2,0,0,0.0144928,0,0,0,6,beavertails
0,1,0.135,0.185,0.437037,0,0,0,0,0,0,0.0135135,0,0,0,6,beavertails
0,1,0.56,0.80625,0.466071,0,0,0,0.2,0,0,0.00620155,0,0,0,6,beavertails
0,0,0.38,0.55375,0.475,0,0,0,0,0,0,0.0158014,0,0,0,6,beavertails
0,0,0.05,0.0675,0.44,0,0,0,0,0,0,0.0185185,0,0,0,6,beavertails
0,0,0.255,0.3575,0.452941,0,0,0,0,0,0,0.0104895,0,0,0,6,beavertails
0,1,0.5,0.81125,0.54,0,0,0,0,0,0,0.00770416,0,0,0,6,beavertails
0,0,0.375,0.56375,0.485333,0,0,0,0.2,0,0,0.0421286,0,0,0,6,beavertails
0,1,0.24,0.335,0.452083,0,0,0,0,0,0,0.00746269,0,0,0,6,beavertails
0,1,0.145,0.1925,0.42069,0.2,0,0,0,0,0,0.0324675,0,0,0,6,beavertails
0,1,0.315,0.49375,0.51746,0,0,0,0.2,0,0,0.0253165,0,0,0,6,beavertails
0,0,0.605,0.81875,0.432231,0,0,0,0,0,0,0.010687,0,0,0,6,beavertails
0,0,0.015,0.0175,0.366667,0,0.2,0,0,0,0,0.0714286,0,0,0.25,6,beavertails
0,1,0.27,0.41625,0.498148,0,0,0,0,0,0,0.039039,0,0,0,6,beavertails
0,1,0.08,0.09125,0.325,0.6,0.4,0,0,0,0.1,0.0410959,0,0,0,6,beavertails
0,0,0.555,0.81875,0.478378,0,0,0,0,0,0,0.00763359,0,0,0,6,beavertails
0,1,0.08,0.1025,0.3875,0.2,0.2,0,0,0,0.1,0.0487805,0,0,0,6,beavertails
0,0,0.41,0.665,0.539024,0,0,0,0.2,0,0,0.0056391,0,0,0,6,beavertails
0,0,0.105,0.13375,0.395238,0,0,0,0,0.1,0,0.0373832,0.333333,0.25,0.25,6,beavertails
0,0,0.495,0.7825,0.514141,0,0,0,0.2,0,0.7,0.0191693,0,0,0,6,beavertails
0,1,0.135,0.19375,0.47037,0,0,0.2,0,0,0,0.0129032,0,0,0,6,beavertails
0,0,0.51,0.68,0.426471,0,0.2,0,0,0,0,0.03125,0,0,0,6,beavertails
0,0,0.145,0.20875,0.458621,0,0,0.2,0,0,0,0.00598802,0,0,0,6,beavertails
0,0,0.26,0.38625,0.486538,0,0,0,0,0,0,0.0226537,0,0,0,6,beavertails
0,0,0.085,0.12,0.429412,0,0,0,0,0,0,0.09375,0,0,0,6,beavertails
0,0,0.36,0.63375,0.583333,0,0,0,0,0,0,0.0118343,0,0,0,6,beavertails
0,1,0.28,0.35375,0.394643,0,0,0,0.2,0,0,0.0106007,0,0,0,6,beavertails
0,1,0.235,0.32375,0.446809,0,0,0.2,0,0,0,0.00772201,0,0,0,6,beavertails
0,1,0.45,0.71,0.52,0,0,0,0,0,0,0.00704225,0,0,0,6,beavertails
0,1,0.16,0.24,0.49375,0,0,0,0,0,0,0.00520833,0,0,0,6,beavertails
0,1,0.29,0.42375,0.47069,0,0,0,0,0,0,0.0117994,0,0,0,6,beavertails
0,0,0.51,0.84125,0.545098,0,0,0,0,0,0,0.013373,0,0,0,6,beavertails
0,0,0.365,0.5625,0.509589,0,0,0,0,0,0,0.00666667,0,0,0,6,beavertails
0,0,0.325,0.5025,0.513846,0,0,0,0,0,0,0.00746269,0,0,0,6,beavertails
0,0,0.565,0.8725,0.509735,0,0,0,0,0,0,0.0157593,0,0,0,6,beavertails
0,0,0.21,0.2675,0.404762,0,0,0,0,0,0,0.00934579,0,0,0,6,beavertails
0,0,0.06,0.08625,0.45,0.2,0.2,0,0,0,0.1,0.0869565,0,0,0,6,beavertails
0,1,0.175,0.265,0.497143,0,0,0,0,0,0,0.0141509,0,0,0.25,6,beavertails
0,0,0.15,0.1875,0.39,0,0,0,0,0,0,0.00666667,0,0,0,6,beavertails
0,0,0.14,0.1925,0.442857,0,0,0,0,0,0,0.0324675,0,0.25,0,6,beavertails
0,0,0.065,0.08125,0.4,0,0,0.2,0,0,0,0.0923077,0,0,0,6,beavertails
0,1,0.235,0.3025,0.412766,0,0,0.2,0,0,0,0.00826446,0,0,0,6,beavertails
0,0,0.245,0.355,0.471429,0,0,0,0.2,0,0,0.0316901,0,0,0,6,beavertails
0,0,0.53,0.70125,0.416038,0,0,0,0,0,0,0.0124777,0,0,0,6,beavertails
0,0,0.065,0.0875,0.392308,0,0,0,0,0,0,0.1,0,0,0,6,beavertails
0,0,0.39,0.485,0.391026,0,0,0,0,0,0,0.0128866,0,0,0,6,beavertails
0,1,0.61,0.93625,0.504098,0,0,0.2,0,0,0,0.00934579,0,0,0,6,beavertails
0,0,0.235,0.375,0.521277,0,0,0,0,0,0,0.01,0,0,0,6,beavertails
0,0,0.025,0.03125,0.38,0,0,0,0,0,0,0.08,0,0,0,6,beavertails
0,0,0.485,0.62375,0.409278,0,0,0,0,0,0,0.01002,0,0,0,6,beavertails
0,0,0.725,0.985,0.417241,0,0,0,0,0,0.3,0.0139594,0,0,0,6,beavertails
0,1,0.205,0.33375,0.536585,0,0,0,0.2,0,0,0.011236,0,0,0,6,beavertails
0,1,0.045,0.0675,0.488889,0,0,0,0,0,0,0.037037,0,0,0,6,beavertails
0,0,0.21,0.37625,0.604762,0,0,0,0,0,0,0.00664452,0,0,0,6,beavertails
0,1,0.26,0.34,0.405769,0.2,0,0.2,0,0,0,0.0110294,0,0,0,7,beavertails
0,1,0.3,0.38,0.395,0,0,0,0,0.2,0,0.0164474,0,0,0,7,beavertails
0,1,0.14,0.1975,0.460714,0,0,0,0,0,0,0,0,0,0,7,beavertails
0,0,0.405,0.6075,0.495062,0,0,0,0,0,0,0.00617284,0,0,0,7,beavertails
0,0,0.085,0.165,0.488235,0,0,0,0,0,0.1,0.0681818,0,0,0,7,beavertails
0,1,0.45,0.7125,0.524444,0,0,0,0,0,0.1,0.0175439,0,0,0,7,beavertails
0,1,0.385,0.54625,0.463636,0,0,0,0,0,0,0.00915332,0,0,0,7,beavertails
0,0,0.045,0.06,0.422222,0,0,0,0,0,0,0.0208333,0,0,0,7,beavertails
0,0,0.105,0.11625,0.342857,0,0,0,0,0.1,0,0.0215054,0,0,0,7,beavertails
0,1,0.18,0.25875,0.466667,0,0,0,0,0,0,0.00966184,0,0,0,7,beavertails
0,0,0.02,0.02875,0.45,0,0.2,0,0,0,0,0.0434783,0,0,0,7,beavertails
0,1,0.355,0.5575,0.511268,0,0,0,0,0,0,0.00896861,0,0,0,7,beavertails
0,0,0.095,0.12125,0.410526,0,0,0,0,0,0,0.0103093,0,0,0,7,beavertails
0,0,0.1,0.13375,0.44,0,0,0,0,0,0,0.0186916,0,0,0,7,beavertails
0,0,0.335,0.47375,0.459701,0,0,0,0,0,0,0.00791557,0,0,0,7,beavertails
0,0,0.36,0.50625,0.448611,0,0,0,0,0,0,0.00987654,0,0,0,7,beavertails
0,0,0.36,0.54375,0.491667,0,0,0.2,0,0,0,0.0091954,0,0,0,7,beavertails
0,0,0.415,0.6625,0.531325,0,0,0,0,0,0,0.00566038,0,0,0,7,beavertails
0,0,0.215,0.27125,0.395349,0,0,0,0,0,0,0.0138249,0,0,0,7,beavertails
0,0,0.25,0.36375,0.48,0,0,0.2,0,0.1,0,0.0103093,0,0,0,7,beavertails
0,1,0.43,0.72375,0.55,0,0,0,0,0,0,0.0259067,0,0,0,7,beavertails
0,0,0.21,0.295,0.459524,0,0,0,0,0.1,0,0.00847458,0,0,0,7,beavertails
0,1,0.155,0.24,0.509677,0,0,0,0,0.1,0,0.0416667,0.333333,0,0,7,beavertails
0,0,0.405,0.64375,0.509877,0,0,0,0.2,0,0,0.00970874,0,0,0,7,beavertails
0,1,0.085,0.10875,0.405882,0,0,0,0,0,0,0.0229885,0,0,0,7,beavertails
0,0,0.445,0.62625,0.459551,0,0,0,0,0,0,0.00399202,0,0,0,7,beavertails
0,0,0.61,0.8175,0.42377,0,0,0,0,0,0,0.0183486,0,0,0,7,beavertails
0,1,0.325,0.49125,0.490769,0,0,0,0,0,0,0.0101781,0,0,0,7,beavertails
0,1,0.355,0.60375,0.569014,0,0,0,0,0,0,0.00414079,0,0,0,7,beavertails
0,1,0.16,0.2225,0.45,0,0,0,0,0,0,0.011236,0,0,0,7,beavertails
0,0,0.365,0.55875,0.50274,0,0,0,0,0,0,0.00894855,0,0,0,7,beavertails
0,1,0.27,0.4175,0.511111,0,0,0,0,0,0,0.00898204,0,0,0,7,beavertails
0,1,0.48,0.7625,0.519792,0,0,0,0,0,0,0.0163934,0,0,0,7,beavertails
0,1,0.36,0.53625,0.486111,0,0,0,0,0,0,0.018648,0,0,0,7,beavertails
0,1,0.11,0.1575,0.445455,0,0,0,0,0,0,0.0714286,0,0,0,7,beavertails
0,1,0.375,0.5875,0.512,0,0,0,0,0,0,0.0148936,0,0,0,7,beavertails
0,0,0.115,0.1525,0.404348,0,0,0,0,0,0,0.0409836,0,0,0,7,beavertails
0,0,0.335,0.505,0.49403,0,0,0,0,0,0,0.0049505,0,0,0,7,beavertails
0,1,0.25,0.3925,0.506,0,0,0,0,0,0,0.0254777,0,0,0,7,beavertails
0,1,0.115,0.1775,0.508696,0,0,0,0,0,0,0.00704225,0,0,0,7,beavertails
0,1,0.155,0.2125,0.445161,0,0,0,0,0.1,0,0.0235294,0,0,0,7,beavertails
0,0,0.73,1.01875,0.441096,0,0,0,0,0,0,0.00858896,0,0,0,7,beavertails
0,0,0.74,0.9575,0.408784,0,0,0,0,0,0,0.00913838,0,0,0,7,beavertails
0,1,0.25,0.4225,0.566,0,0,0,0,0,0,0.00887574,0,0,0,7,beavertails
0,0,0.455,0.76,0.551648,0,0,0,0,0,0,0.00657895,0,0,0,7,beavertails
0,1,0.715,1.02625,0.467832,0,0,0,0,0,0,0.0109622,0,0,0,7,beavertails
0,1,0.105,0.1275,0.385714,0,0,0,0,0,0,0.00980392,0,0,0,7,beavertails
0,1,0.155,0.2575,0.56129,0,0,0,0,0,0,0.00970874,0,0,0,7,beavertails
0,0,0.485,0.7575,0.517526,0,0,0,0,0,0,0.00825083,0,0,0,7,beavertails
0,1,0.37,0.605,0.537838,0,0,0,0,0,0,0.00826446,0,0,0,7,beavertails
0,0,0.33,0.4675,0.45303,0,0,0,0,0,0,0.0106952,0,0,0,7,beavertails
0,1,0.17,0.25375,0.491176,0,0,0,0,0.1,0,0.00985222,0,0,0,7,beavertails
0,0,0.155,0.2325,0.480645,0,0,0,0,0.2,0,0.0322581,0.333333,0,0,7,beavertails
0,0,0.115,0.15875,0.447826,0,0,0,0,0,0,0.00787402,0,0,0,7,beavertails
0,1,0.45,0.6225,0.446667,0,0,0,0,0,0,0.0120482,0,0,0,7,beavertails
0,0,0.44,0.62125,0.440909,0,0,0,0,0,0.8,0.0120724,0,0,0,7,beavertails
0,1,0.105,0.1425,0.433333,0,0.2,0,0.2,0,0,0.0175439,0,0,0,7,beavertails
0,0,0.265,0.4125,0.473585,0,0,0,0,0,0,0.00909091,0,0,0,7,beavertails
0,0,0.095,0.28375,0.742105,0,0,0,0,0,1.6,0.0748899,0,0,0,7,beavertails
0,1,0.31,0.4675,0.496774,0,0,0,0,0,0,0.013369,0,0,0,7,beavertails
0,0,0.12,0.1875,0.516667,0,0,0,0,0,0,0.0133333,0,0,0,7,beavertails
0,1,0.33,0.54375,0.542424,0,0,0,0,0,0,0.0183908,0,0,0,7,beavertails
0,1,0.44,0.5825,0.420455,0,0,0,0,0,0,0.0107296,0,0,0,7,beavertails
0,0,0.34,0.52625,0.5,0,0,0,0,0,0,0.04038,0,0,0,7,beavertails
0,0,0.1,0.20375,0.63,0,0,0,0,0,0,0.0184049,0,0,0,7,beavertails
0,0,0.35,0.4025,0.355714,0,0,0,0,0,0,0.0124224,0,0,0,7,beavertails
0,1,0.215,0.315,0.47907,0,0,0,0,0,0,0.00793651,0,0,0,7,beavertails
0,0,0.29,0.44375,0.496552,0,0,0.2,0,0,0,0.0197183,0,0,0,7,beavertails
0,1,0.49,0.72,0.477551,0,0,0,0,0.1,0,0.00868056,0,0,0,7,beavertails
0,1,0.07,0.09625,0.442857,0,0,0,0,0,0,0.025974,0,0,0,7,beavertails
0,0,0.295,0.435,0.484746,0,0,0,0,0,0,0.00862069,0,0,0,7,beavertails
0,1,0.34,0.54125,0.530882,0,0,0,0,0,0,0.0207852,0,0,0,7,beavertails
0,1,0.445,0.5875,0.421348,0,0,0,0,0,0,0.00851064,0,0,0,7,beavertails
0,0,0.465,0.60375,0.413978,0,0,0,0,0,0,0.00828157,0,0,0,7,beavertails
0,1,0.275,0.39,0.463636,0,0,0,0,0,0,0.00961538,0,0,0,7,beavertails
0,0,0.145,0.19875,0.441379,0,0,0,0,0,0,0.00628931,0,0,0,7,beavertails
0,0,0.275,0.3825,0.450909,0,0,0,0,0,0,0.00980392,0,0,0,7,beavertails
0,0,0.09,0.13375,0.488889,0,0.2,0,0,0,0,0.00934579,0,0,0,7,beavertails
0,0,0.745,1.0975,0.481879,0,0,0,0,0,0,0.00569476,0,0,0,7,beavertails
0,0,0.24,0.3475,0.470833,0,0,0,0,0,0,0.00719424,0,0,0,7,beavertails
0,0,0.64,0.89375,0.449219,0,0,0,0.2,0,0,0.00839161,0,0,0,8,beavertails
0,0,0.695,1.00375,0.467626,0,0,0,0,0,0,0.00622665,0,0,0,8,beavertails
0,0,0.065,0.075,0.346154,0.2,0.2,0,0,0,0,0.0333333,0,0,0,8,beavertails
0,0,0.52,0.73125,0.454808,0,0,0,0,0,0,0.00683761,0,0,0,8,beavertails
0,1,0.195,0.30375,0.520513,0,0,0,0,0,0,0.0205761,0,0,0,8,beavertails
0,0,0.41,0.62625,0.50122,0,0,0,0,0,0,0.0139721,0,0,0,8,beavertails
0,0,0.395,0.6275,0.521519,0,0,0,0,0,0,0.0199203,0,0,0,8,beavertails
0,0,0.435,0.62875,0.470115,0,0,0,0.2,0,0,0.00795229,0,0,0,8,beavertails
0,0,0.105,0.2025,0.561905,0,0,0,0,0,0,0.0123457,0,0,0,8,beavertails
0,0,0.565,0.925,0.546018,0,0,0,0.2,0,0,0.0121622,0,0,0,8,beavertails
0,1,0.055,0.0625,0.345455,0,0,0,0,0.1,0,0.04,0.666667,0,0,8,beavertails
0,0,0.555,0.79625,0.436937,0,0,0,0,0,0,0.0156986,0,0.5,0,8,beavertails
0,1,0.03,0.03,0.283333,0,0.2,0,0,0.1,0,0.0833333,0,0,0,8,beavertails
0,1,0.085,0.1125,0.423529,0,0,0.2,0,0,0,0.0222222,0,0,0,8,beavertails
0,1,0.845,1.20875,0.465089,0,0,0,0.4,0,0,0.0113754,0,0,0,8,beavertails
0,0,0.055,0.0975,0.481818,0,0,0,0,0,0,0.115385,0,0,0,8,beavertails
0,0,0.465,0.69375,0.488172,0,0,0,0,0,0,0.00900901,0,0,0,8,beavertails
0,1,0.365,0.55625,0.50411,0,0,0,0,0.2,0,0.0134831,0.333333,0,0,8,beavertails
0,0,0.34,0.445,0.414706,0,0,0,0,0,0,0.0140449,0,0,0,8,beavertails
0,1,0.245,0.33625,0.444898,0,0,0.4,0,0.2,0,0.0111524,0,0,0,8,beavertails
0,1,0.155,0.235,0.496774,0,0,0,0,0,0,0.0106383,0,0,0,8,beavertails
0,0,0.385,0.56125,0.468831,0,0,0,0.2,0,0,0.00890869,0,0,0,8,beavertails
0,1,0.11,0.18625,0.572727,0,0,0,0,0,0,0.00671141,0,0,0,8,beavertails
0,0,0.25,0.31625,0.37,0.6,0.2,0,0,0,0.7,0.0474308,0,0,0,8,beavertails
0,1,0.37,0.57125,0.512162,0,0,0.2,0,0.2,0,0.0153173,0,0,0,8,beavertails
0,1,0.22,0.3475,0.520455,0,0,0,0,0,0,0.0107914,0,0,0,8,beavertails
0,0,0.295,0.46625,0.525424,0,0,0,0,0,0,0.0080429,0,0,0,8,beavertails
0,1,0.18,0.2925,0.538889,0,0,0,0,0,0,0.00854701,0,0,0,8,beavertails
0,1,0.44,0.63625,0.469318,0,0,0,0,0,0,0.00785855,0,0,0,8,beavertails
0,0,0.07,0.0875,0.35,0.4,0,0,0,0,0.2,0.0571429,0,0,0,8,beavertails
0,0,0.37,0.445,0.37027,0,0,0,0,0,0,0.00842697,0,0,0,8,beavertails
0,1,0.03,0.05,0.566667,0,0,0,0,0,0,0.025,0,0,0,8,beavertails
0,0,0.44,0.685,0.505682,0,0,0,0,0,0,0.0109489,0,0,0,8,beavertails
0,1,0.125,0.17,0.432,0,0.2,0,0,0.2,0,0.0220588,0,0,0,8,beavertails
0,1,0.195,0.25,0.410256,0,0,0,0,0,0,0.01,0,0,0,8,beavertails
0,1,0.205,0.39,0.614634,0,0,0,0,0,0,0.0608974,0,0,0,8,beavertails
0,0,0.29,0.46,0.532759,0,0,0,0,0,0,0.00543478,0,0,0,8,beavertails
0,1,0.315,0.47875,0.5,0,0,0,0,0,0,0.00522193,0,0,0,8,beavertails
0,1,0.3,0.35375,0.363333,0,0.2,0.2,0,0.6,0,0.024735,0,0,0,8,beavertails
0,0,0.73,1.15125,0.515753,0,0,0,0,0.1,0,0.0119435,0,0,0,8,beavertails
0,1,0.07,0.07375,0.292857,0.2,0,0,0,0,0.1,0.0677966,0,0,0,8,beavertails
0,0,0.41,0.61625,0.493902,0,0.2,0,0,0,0,0.010142,0,0,0,8,beavertails
0,0,0.11,0.16625,0.486364,0,0,0,0,0,0,0.0150376,0,0,0,8,beavertails
0,0,0.385,0.5325,0.445455,0,0,0,0,0,0,0.00938967,0,0,0,8,beavertails
0,0,0.4,0.60625,0.49875,0,0,0,0,0,0,0.0103093,0,0,0,8,beavertails
0,0,0.295,0.40375,0.438983,0,0,0,0,0,0,0.00619195,0,0,0,8,beavertails
0,0,0.035,0.045,0.357143,0,0,0,0,0,0,0.0833333,0,0,0,8,beavertails
0,0,0.42,0.53375,0.402381,0,0,0,0,0,0,0.00936768,0,0,0,8,beavertails
0,0,0.605,0.85125,0.455372,0,0,0,0,0,0,0.00734214,0,0,0,8,beavertails
0,0,0.375,0.4775,0.404,0,0,0,0,0,0,0.0078534,0,0,0,8,beavertails
0,1,0.09,0.1325,0.477778,0,0,0,0,0,0,0.00943396,0,0,0,8,beavertails
0,1,0.405,0.51625,0.397531,0.2,0,0,0,0.2,0,0.0242131,0,0,0,8,beavertails
0,0,0.07,0.12375,0.521429,0,0,0,0,0,0,0.010101,0,0,0,8,beavertails
0,0,0.6,0.78875,0.42,0,0,0,0,0,0,0.0110935,0,0,0,8,beavertails
0,0,0.56,0.82375,0.473214,0,0,0,0.2,0,0,0.0212443,0,0,0,8,beavertails
0,0,0.465,0.7225,0.510753,0,0,0,0,0,0.1,0.00692042,0,0,0,8,beavertails
0,1,0.83,1.2475,0.492771,0,0,0.6,0,0,0,0.00701403,0,0,0.25,8,beavertails
0,0,0.195,0.3225,0.525641,0,0,0,0,0,0,0.0116279,0,0,0,8,beavertails
0,0,0.32,0.505,0.520312,0,0,0,0,0,0,0.0173267,0,0,0,8,beavertails
0,0,0.6,0.9425,0.509167,0,0,0,0,0,0,0.00928382,0,0,0,8,beavertails
0,1,0.405,0.62,0.498765,0,0,0,0,0,0,0.0141129,0,0,0,8,beavertails
0,0,0.485,0.70625,0.475258,0,0,0,0,0,0,0.0106195,0,0,0,8,beavertails
0,0,0.21,0.32375,0.502381,0,0,0,0,0,0,0.019305,0,0,0,8,beavertails
0,0,0.605,0.8875,0.476033,0,0,0,0,0,0,0.00985915,0,0,0,8,beavertails
0,0,0.31,0.4525,0.477419,0,0,0,0,0,0,0.00828729,0,0,0,8,beavertails
0,0,0.17,0.255,0.467647,0,0,0,0,0,0,0.00490196,0,0,0,8,beavertails
0,0,0.455,0.78125,0.574725,0,0,0,0,0,0,0.0112,0,0,0,8,beavertails
0,0,0.04,0.0475,0.375,0,0,0,0,0,0,0.0263158,0,0,0,8,beavertails
0,0,0.19,0.275,0.471053,0,0,0,0,0,0,0.0136364,0,0,0,8,beavertails
0,1,0.11,0.18125,0.55,0,0,0,0,0,0,0.00689655,0,0,0.25,8,beavertails
0,0,0.38,0.5775,0.501316,0,0,0,0,0,0,0.00649351,0,0,0,8,beavertails
0,0,0.205,0.26125,0.392683,0.6,1,0,0,0.1,0,0.0430622,0,0,0,8,beavertails
0,0,0.445,0.6425,0.468539,0,0,0,0,0,0,0.00972763,0,0,0,8,beavertails
0,0,0.405,0.66375,0.545679,0,0,0,0,0,0,0.0112994,0,0,0,8,beavertails
0,1,0.135,0.19125,0.455556,0.2,0,0,0,0.1,0,0.0261438,0,0,0,8,beavertails
0,0,0.44,0.65125,0.475,0,0.2,0,0,0,0,0.0134357,0,0,0,8,beavertails
0,1,0.285,0.4325,0.496491,0,0,0,0,0,0,0.00578035,0,0,0,8,beavertails
0,1,0.085,0.12625,0.476471,0,0,0,0,0,0,0.019802,0,0,0,8,beavertails
0,1,0.19,0.3,0.481579,0,0,0,0,0,0,0.025,0,0,0,8,beavertails
0,0,0.07,0.09375,0.421429,0,0,0,0,0,0,0.0133333,0,0,0,8,beavertails
0,1,0.115,0.1625,0.447826,0,0,0,0,0.2,0,0.0230769,0,0,0,9,beavertails
0,1,0.43,0.74625,0.583721,0,0,0,0,0,0,0.00670017,0,0,0,9,beavertails
0,0,0.245,0.4,0.536735,0,0,0,0,0,0,0.028125,0,0,0,9,beavertails
0,0,0.205,0.26,0.404878,0,0,0,0,0,0,0.00961538,0,0,0,9,beavertails
0,0,0.18,0.2475,0.441667,0,0,0.2,0,0,0,0.010101,0,0,0,9,beavertails
0,1,0.2,0.2875,0.465,0,0,0,0,0.2,0,0.0217391,1,0,0,9,beavertails
0,1,0.135,0.20125,0.488889,0,0,0,0,0,0,0.00621118,0,0,0,9,beavertails
0,0,0.27,0.395,0.477778,0,0,0,0,0,0,0.00632911,0,0,0,9,beavertails
0,0,0.445,0.56125,0.396629,0,0,0,0,0,0,0.00890869,0,0,0,9,beavertails
0,0,0.47,0.7525,0.530851,0,0,0,0,0,0,0.013289,0,0,0,9,beavertails
0,1,0.355,0.525,0.484507,0,0,0,0,0,0,0.00952381,0,0,0,9,beavertails
0,1,0.3,0.445,0.481667,0,0,0,0,0,0,0.0196629,0,0,0,9,beavertails
0,1,0.27,0.41625,0.505556,0,0,0,0,0,0,0.00900901,0,0,0,9,beavertails
0,1,0.12,0.1875,0.520833,0,0,0,0,0,0,0.00666667,0,0,0,9,beavertails
0,0,0.24,0.34875,0.472917,0,0,0,0,0,0,0.0107527,0,0,0,9,beavertails
0,1,0.255,0.36,0.452941,0,0,0,0.2,0.1,0,0.0138889,0.333333,0,0,9,beavertails
0,0,1.14,1.5375,0.429825,0,0,0,0,0,0,0.00569106,0,0,0.25,9,beavertails
0,1,0.05,0.065,0.41,0,0,0,0,0,0,0.0384615,0,0,0,9,beavertails
0,1,0.7,1.0175,0.47,0,0.4,0,0,0,0.6,0.0135135,0,0,0,9,beavertails
0,0,0.14,0.205,0.489286,0,0,0,0,0,0,0.0609756,0,0,0,9,beavertails
0,1,0.465,0.63125,0.435484,0,0,0,0,0,0,0.00792079,0,0,0,9,beavertails
0,1,0.055,0.0675,0.381818,0,0,0,0,0.1,0,0.037037,0,0,0,9,beavertails
0,0,0.385,0.5275,0.435065,0,0,0,0,0,0,0.007109,0,0,0,9,beavertails
0,0,0.43,0.57375,0.425581,0,0,0,0,0,0,0.0087146,0,0,0,9,beavertails
0,0,0.04,0.04,0.3,0,0,0,0,0,0,0.03125,0,0,0,9,beavertails
0,0,0.295,0.4225,0.452542,0,0,0,0,0,0,0.0236686,0,0,0,9,beavertails
0,0,0.075,0.13125,0.586667,0,0,0,0,0,0,0.0571429,0,0,0,9,beavertails
0,0,0.59,0.88,0.484746,0,0,0,0,0,0,0.0113636,0,0,0,9,beavertails
0,1,0.33,0.39375,0.368182,0,0,0,0,0,0,0.00952381,0,0,0,9,beavertails
0,1,0.275,0.38875,0.452727,0,0,0,0,0,0,0.0128617,0,0,0,9,beavertails
0,0,0.325,0.53375,0.541538,0,0,0,0.2,0,0,0.00702576,0,0,0,9,beavertails
0,1,0.265,0.37875,0.466038,0,0,0,0,0,0,0.0264026,0,0,0,9,beavertails
0,0,0.06,0.0925,0.516667,0,0.2,0,0,0,0,0.0135135,0,0,0,9,beavertails
0,0,0.26,0.36375,0.451923,0,0,0,0,0,0,0.0171821,0,0,0,9,beavertails
0,0,0.52,0.7,0.433654,0,0,0.2,0,0,0,0.00714286,0,0,0,9,beavertails
0,1,0.665,1.02625,0.507519,0,0,0,0,0,0,0.00730816,0,0,0,9,beavertails
0,0,0.585,0.83,0.45641,0,0,0,0,0,0,0.0135542,0,0,0,9,beavertails
0,0,0.18,0.2625,0.438889,0,0,0,0,0,0.1,0.0142857,0,0,0,9,beavertails
0,1,0.325,0.45875,0.453846,0,0,0,0.2,0.1,0,0.0108992,0,0,0,9,beavertails
0,0,0.425,0.6025,0.461176,0,0,0,0,0,0,0.00622407,0,0,0,9,beavertails
0,0,0.085,0.16375,0.6,0,0,0,0,0,0,0.0534351,0,0,0,9,beavertails
0,0,0.45,0.61625,0.432222,0,0,0,0,0,0,0.00811359,0,0,0,9,beavertails
0,0,0.48,0.75125,0.516667,0,0,0,0,0,0,0.00831947,0,0,0,9,beavertails
0,1,0.41,0.59625,0.47439,0,0,0,0,0,0,0.0251572,0,0,0,9,beavertails
0,1,0.115,0.1775,0.46087,0,0,0,0,0,0,0.00704225,0,0,0,9,beavertails
0,1,0.03,0.03125,0.316667,0.2,0,0,0,0,0,0.04,0,0,0,9,beavertails
0,0,0.545,0.9025,0.548624,0,0,0,0,0,0,0.00831025,0,0,0,9,beavertails
0,1,0.175,0.27,0.514286,0,0,0,0,0,0,0.0138889,0,0,0,9,beavertails
0,1,0.065,0.08625,0.415385,0,0,0,0,0.1,0,0.0434783,0.333333,0,0,9,beavertails
0,1,0.22,0.4025,0.615909,0,0,0,0,0,0,0.00621118,0,0,0,9,beavertails
0,0,0.155,0.2225,0.451613,0,0,0,0,0,0,0.00561798,0,0,0,9,beavertails
0,1,0.335,0.5125,0.49403,0,0,0,0,0,0,0.0097561,0,0,0,9,beavertails
0,0,0.13,0.21875,0.496154,0,0,0,0,0,0,0.102857,0,0,0,9,beavertails
0,0,0.335,0.4925,0.479104,0,0,0,0,0,0,0.00761421,0,0,0,9,beavertails
0,0,0.4,0.54625,0.4375,0,0,0,0,0,0,0.0114416,0,0.5,0,9,beavertails
0,1,0.095,0.14125,0.489474,0,0,0,0,0,0,0.00884956,0,0,0,9,beavertails
0,0,0.215,0.31375,0.444186,0,0,0,0,0,0,0.0478088,0,0,0,9,beavertails
0,0,0.18,0.24375,0.436111,0,0,0,0,0,0,0.0102564,0,0,0,9,beavertails
0,0,0.435,0.655,0.482759,0,0,0,0,0,0,0.0152672,0,0,0,9,beavertails
0,0,0.14,0.21375,0.5,0,0,0,0,0,0,0.0350877,0,0,0,9,beavertails
0,0,0.61,0.90375,0.462295,0,0,0,0,0,0.5,0.00968188,0,0,0,9,beavertails
0,1,0.235,0.31875,0.438298,0,0,0,0,0,0,0.00784314,0,0,0,9,beavertails
0,0,0.3,0.415,0.45,0,0,0,0,0,0,0.0060241,0,0,0,9,beavertails
0,1,0.17,0.29125,0.582353,0,0,0,0,0,0,0.0128755,0,0,0,9,beavertails
0,1,0.305,0.5175,0.570492,0,0,0,0,0,0,0.00966184,0,0,0,9,beavertails
0,1,0.13,0.195,0.488462,0,0,0,0,0,0,0.0128205,0,0,0,9,beavertails
0,0,0.32,0.4375,0.439063,0,0,0,0.2,0,0,0.00857143,0,0,0,9,beavertails
0,0,0.35,0.54125,0.508571,0,0,0,0,0.1,0,0.00923788,0,0,0,9,beavertails
0,0,0.235,0.3525,0.491489,0,0,0,0.2,0.2,0,0.0177305,0,0,0,9,beavertails
0,0,0.2,0.29875,0.485,0,0,0,0,0,0,0.0334728,0,0,0,9,beavertails
0,0,0.585,0.86125,0.447863,0,0,0,0,0,0.9,0.0145138,0,0,0,9,beavertails
0,1,0.34,0.55875,0.547059,0,0,0,0,0,0,0.00671141,0,0,0,9,beavertails
0,0,0.58,0.80625,0.449138,0,0,0,0,0,0,0.00775194,0,0,0,9,beavertails
0,1,0.065,0.09875,0.484615,0,0,0,0,0.1,0,0.0379747,0,0,0,9,beavertails
0,0,0.27,0.43125,0.525926,0,0,0,0,0,0,0.00869565,0,0,0,9,beavertails
0,0,0.81,1.2075,0.490123,0,0,0,0.2,0,0,0.00621118,0,0,0,9,beavertails
0,0,0.435,0.61125,0.455172,0,0,0,0.2,0,0,0.00817996,0,0,0,9,beavertails
0,1,0.205,0.30875,0.490244,0,0,0,0,0,0,0.0323887,0,0,0,9,beavertails
0,0,0.355,0.5975,0.566197,0,0,0.2,0,0,0,0.0104603,0,0,0,9,beavertails
0,0,0.245,0.35375,0.471429,0,0,0,0,0,0,0.00706714,0,0,0,9,beavertails
0,0,0.52,0.77,0.482692,0,0,0,0.2,0,0,0.00811688,0,0,0,10,beavertails
0,0,0.38,0.63375,0.521053,0,0,0,0,0,0.7,0.0216963,0,0,0,10,beavertails
0,0,0.355,0.61875,0.577465,0,0,0,0,0,0,0.00808081,0,0,0,10,beavertails
0,0,0.14,0.18875,0.432143,0,0,0,0,0,0,0.013245,0,0,0,10,beavertails
0,0,0.065,0.11,0.476923,0,0,0,0,0,0,0.102273,0,0,0,10,beavertails
0,0,0.485,0.66875,0.438144,0,0,0,0,0,0,0.0186916,0,0,0,10,beavertails
0,0,0.06,0.06125,0.283333,0.2,0.2,0,0,0.1,0,0.102041,0,0,0,10,beavertails
0,1,0.325,0.45125,0.447692,0,0,0,0,0,0,0.0166205,0,0,0,10,beavertails
0,1,0.32,0.5125,0.529687,0,0.2,0,0,0,0,0.0121951,0,0,0,10,beavertails
0,1,0.07,0.12,0.571429,0,0,0,0,0,0,0.0104167,0,0,0,10,beavertails
0,1,0.045,0.075,0.544444,0,0,0,0,0,0,0.0166667,0,0,0,10,beavertails
0,1,0.055,0.0725,0.409091,0,0,0,0,0,0,0.0862069,0,0,0,10,beavertails
0,1,0.165,0.2375,0.466667,0,0,0,0.2,0.1,0,0.0368421,0,0,0,10,beavertails
0,0,0.265,0.37,0.45283,0,0,0,0,0,0,0.00675676,0,0,0,10,beavertails
0,1,0.175,0.24375,0.445714,0,0,0,0,0,0,0.0102564,0,0,0,10,beavertails
0,1,0.29,0.39875,0.436207,0,0,0,0,0,0,0.015674,0,0,0,10,beavertails
0,1,0.11,0.18375,0.545455,0,0,0,0,0,0,0.0136054,0,0,0,10,beavertails
0,1,0.21,0.355,0.557143,0,0,0,0,0,0,0.00704225,0,0,0,10,beavertails
0,1,0.24,0.33125,0.441667,0.2,0,0,0,0,0,0.0339623,0,0.25,0,10,beavertails
0,1,0.345,0.46375,0.430435,0,0,0,0,0,0,0.0107817,0,0,0,10,beavertails
0,1,0.17,0.22375,0.417647,0,0,0,0.2,0,0,0.0391061,0,0,0,10,beavertails
0,1,0.17,0.2525,0.485294,0,0,0,0,0,0,0.00990099,0,0,0,10,beavertails
0,0,0.505,0.78625,0.507921,0,0,0,0,0,0,0.00794913,0,0,0,10,beavertails
0,0,0.27,0.3675,0.422222,0,0,0,0,0,0,0.0204082,0,0,0,10,beavertails
0,1,0.465,0.73625,0.519355,0,0,0,0,0,0,0.0152801,0,0.25,0,10,beavertails
0,0,0.67,1.07375,0.535821,0,0,0,0,0,0,0.00698487,0,0,0,10,beavertails
0,0,0.555,0.77125,0.44955,0,0,0,0,0,0,0.00972447,0,0,0,10,beavertails
0,1,0.16,0.31,0.65625,0,0,0,0,0,0,0.0120968,0,0,0,10,beavertails
0,0,0.22,0.35,0.520455,0,0,0,0,0,0,0.00357143,0,0,0,10,beavertails
0,0,0.425,0.60375,0.457647,0,0,0,0,0,0,0.010352,0,0,0,10,beavertails
0,1,0.215,0.31125,0.472093,0,0,0,0,0,0,0.0120482,0,0,0,10,beavertails
0,0,0.055,0.11125,0.590909,0,0,0,0,0,0,0.101124,0,0,0,10,beavertails
0,0,0.54,0.745,0.437037,0,0,0,0,0,0,0.011745,0,0,0,10,beavertails
0,0,0.195,0.33125,0.558974,0,0,0,0,0,0,0.0301887,0,0,0,10,beavertails
0,0,0.105,0.1875,0.528571,0,0,0,0,0,0,0.106667,0,0,0,10,beavertails
0,0,0.18,0.24375,0.436111,0,0,0,0,0,0,0.0102564,0,0,0,10,beavertails
0,0,0.105,0.15875,0.452381,0,0,0,0,0,0,0.00787402,0,0,0,10,beavertails
0,0,0.585,0.9675,0.555556,0,0,0,0.2,0,0,0.00645995,0,0,0,10,beavertails
0,1,0.685,1.115,0.540146,0,0,0,0.2,0,0.2,0.00784753,0,0,0,10,beavertails
0,0,0.31,0.49375,0.532258,0,0,0,0,0,0,0.0126582,0,0,0,10,beavertails
0,0,0.375,0.48375,0.405333,0,0,0,0,0,0,0.00775194,0,0,0,10,beavertails
0,1,0.11,0.1375,0.395455,0,0,0,0,0,0,0.00909091,0,0,0,10,beavertails
0,1,0.035,0.04125,0.357143,0,0,0,0,0,0,0.0606061,0,0,0,10,beavertails
0,0,0.135,0.15,0.22963,0,0,0,0,0,0,0.00833333,0,0,0,10,beavertails
0,1,0.26,0.405,0.515385,0,0,0,0,0,0,0.00925926,0,0,0,10,beavertails
0,1,0.055,0.05625,0.3,0,0,0,0,0,0,0.0888889,0,0,0,10,beavertails
0,1,0.46,0.68875,0.490217,0,0,0,0.4,0,0,0.00907441,0,0,0,10,beavertails
0,1,0.075,0.08125,0.326667,0,0,0,0,0.1,0,0.0307692,0,0,0,10,beavertails
0,1,0.425,0.64625,0.491765,0,0,0,0,0,0,0.00967118,0,0,0,10,beavertails
0,0,0.28,0.34875,0.391071,0,0,0,0,0,0,0.0107527,0,0,0,10,beavertails
0,0,0.41,0.6175,0.493902,0,0,0,0,0.1,0,0.0101215,0,0,0,10,beavertails
0,0,0.155,0.22375,0.467742,0,0.2,0,0,0,0,0.0111732,0,0,0,10,beavertails
0,0,0.3,0.4025,0.428333,0,0,0,0,0,0,0.0124224,0,0,0,10,beavertails
0,0,0.1,0.1575,0.53,0,0,0,0,0,0,0.00793651,0,0,0,10,beavertails
0,0,0.19,0.28875,0.465789,0,0,0,0,0,0,0.004329,0,0,0,10,beavertails
0,0,0.115,0.12875,0.343478,0,0,0,0,0.1,0,0.038835,0.333333,0,0,10,beavertails
0,1,0.33,0.46125,0.45,0,0,0,0.2,0.1,0,0.0108401,0,0,0,10,beavertails
0,0,0.31,0.46625,0.491935,0,0,0,0.2,0,0,0.00536193,0,0,0,10,beavertails
0,0,0.19,0.29625,0.507895,0,0,0,0,0,0,0.0168776,0,0,0,10,beavertails
0,0,0.335,0.41625,0.39403,0,0,0,0,0,0,0.00600601,0,0,0,10,beavertails
0,1,0.24,0.39,0.5375,0,0,0,0,0,0,0.00961538,0,0,0,10,beavertails
0,0,0.87,1.2,0.416092,0,0.4,0,0,0,1,0.0166667,0,0,0,10,beavertails
0,1,0.545,0.7025,0.405505,0,0,0.2,0,0,0,0.0106762,0,0,0,10,beavertails
0,0,0.355,0.5525,0.502817,0,0,0,0,0,0,0.0113122,0,0,0,10,beavertails
0,0,0.085,0.13125,0.517647,0,0,0,0,0,0,0.00952381,0,0,0,10,beavertails
0,0,0.345,0.4725,0.430435,0,0,0,0.2,0.1,0,0.010582,0,0,0,10,beavertails
0,0,0.255,0.33,0.411765,0,0,0,0,0,0,0.00757576,0,0,0,10,beavertails
0,1,0.355,0.4825,0.438028,0,0,0.2,0,0.2,0,0.0103627,0,0,0,10,beavertails
0,1,0.17,0.2325,0.438235,0,0,0,0,0,0,0.0268817,0,0,0,10,beavertails
0,0,0.25,0.44125,0.596,0,0,0.2,0.2,0,0,0.0113314,0,0,0,10,beavertails
0,0,0.365,0.4925,0.432877,0,0,0,0,0,0,0.0101523,0,0,0,10,beavertails
0,0,0.25,0.31875,0.406,0,0,0,0,0,0,0.0117647,0,0,0,10,beavertails
0,0,0.205,0.325,0.519512,0,0,0,0,0,0,0.0461538,0,0,0,10,beavertails
0,0,0.48,0.6325,0.416667,0,0,0,0,0,0,0.013834,0,0,0,10,beavertails
0,1,0.195,0.3075,0.525641,0,0,0,0,0,0,0.00813008,0,0,0,10,beavertails
0,1,0.245,0.35875,0.477551,0,0,0.2,0.2,0,0,0.010453,0,0,0,10,beavertails
0,0,0.22,0.28,0.402273,0,0,0,0,0,0,0.0178571,0,0,0,10,beavertails
0,1,0.585,0.9625,0.547009,0,0,0,0,0,0,0.0233766,0,0,0,10,beavertails
0,1,0.245,0.35875,0.440816,0,0,0,0,0,0,0.0452962,0,0,0,10,beavertails
0,1,0.08,0.135,0.5625,0,0,0,0,0,0,0.0277778,0,0,0,10,beavertails
0,1,0.32,0.46,0.467187,0,0,0,0.2,0,0,0.00815217,0,0,0,11,beavertails
0,1,0.65,0.96625,0.473077,0,0,0,0.4,0,0.4,0.0388098,0,0,0,11,beavertails
0,1,0.11,0.16625,0.468182,0,0,0,0,0,0,0.0225564,0,0,0,11,beavertails
0,0,0.645,0.835,0.410078,0,0,0,0.2,0,0,0.00898204,0,0,0,11,beavertails
0,0,0.205,0.29125,0.463415,0,0,0,0,0,0,0.0257511,0,0,0,11,beavertails
0,0,0.66,1.0325,0.515909,0,0,0,0,0,0,0.00847458,0,0,0,11,beavertails
0,0,0.105,0.19625,0.566667,0,0,0,0,0,0,0.089172,0,0,0,11,beavertails
0,1,0.075,0.0975,0.386667,0,0,0,0,0,0,0.0769231,0,0,0,11,beavertails
0,1,0.08,0.1275,0.49375,0,0,0,0,0,0,0.0588235,0,0,0,11,beavertails
0,0,0.25,0.4025,0.54,0,0,0,0,0,0,0.00621118,0,0,0,11,beavertails
0,0,0.445,0.62625,0.453933,0,0,0,0.2,0,0,0.00798403,0,0,0,11,beavertails
0,0,0.455,0.65625,0.469231,0,0,0,0,0,0,0.00761905,0,0,0,11,beavertails
0,1,0.135,0.19125,0.448148,0,0,0,0,0.1,0,0.0392157,0.333333,0,0,11,beavertails
0,1,0.23,0.3125,0.436957,0,0,0,0,0,0,0.008,0,0,0,11,beavertails
0,1,0.045,0.07125,0.522222,0.2,0,0,0,0,0,0.0175439,0,0,0,11,beavertails
0,0,0.115,0.19375,0.565217,0,0,0,0,0,0,0.00645161,0,0,0,11,beavertails
0,0,0.3,0.515,0.57,0,0,0,0.2,0,0,0.00970874,0,0,0,11,beavertails
0,1,0.37,0.6625,0.608108,0,0,0,0,0,0,0.00943396,0,0,0,11,beavertails
0,1,0.315,0.48125,0.504762,0,0,0,0,0,0,0.00779221,0,0,0,11,beavertails
0,1,0.245,0.3775,0.506122,0,0,0.4,0,0,0,0.00993377,0,0,0,11,beavertails
0,0,0.44,0.68125,0.511364,0,0,0,0,0,0,0.00733945,0,0,0,11,beavertails
0,0,0.48,0.6875,0.465625,0,0,0,0.4,0,0,0.00545455,0,0,0,11,beavertails
0,0,0.225,0.28875,0.404444,0,0,0,0,0,0,0.00865801,0,0,0,11,beavertails
0,0,0.08,0.135,0.525,0,0,0,0,0,0,0.0648148,0,0,0,11,beavertails
0,1,0.085,0.09375,0.335294,0,0,0,0,0,0,0.0133333,0,0,0,11,beavertails
0,0,0.09,0.18,0.572222,0,0,0,0,0,0.8,0.0763889,0,0,0,11,beavertails
0,0,0.385,0.67375,0.590909,0,0,0,0,0,0,0.012987,0,0,0,11,beavertails
0,1,0.52,0.71125,0.420192,0,0.2,0,0,0,0,0.0140598,0,0,0,11,beavertails
0,1,0.015,0.01625,0.3,0,0,0,0,0.1,0,0.153846,0.333333,0,0,11,beavertails
0,0,0.045,0.04625,0.3,0.4,0,0,0,0,0,0.0540541,0,0,0,11,beavertails
0,0,0.32,0.53625,0.557813,0,0,0,0,0,0,0.00699301,0,0,0,11,beavertails
0,1,0.205,0.2675,0.417073,0,0,0,0.2,0,0,0.00934579,0,0,0,11,beavertails
0,0,0.45,0.67375,0.488889,0,0,0,0.2,0,0,0.012987,0,0,0,11,beavertails
0,1,0.405,0.57375,0.458025,0,0,0,0,0.1,0,0.0283224,0,0,0,11,beavertails
0,0,0.075,0.09375,0.373333,0.2,0.2,0,0,0,0.1,0.0666667,0,0,0,11,beavertails
0,0,0.335,0.43875,0.419403,0,0,0,0,0,0,0.00854701,0,0,0,11,beavertails
0,0,0.055,0.13,0.536364,0,0,0,0,0,0.5,0.0769231,0,0,0,11,beavertails
0,1,0.32,0.41125,0.410938,0,0,0,0,0,0,0.0273556,0,0,0,11,beavertails
0,0,0.285,0.3575,0.396491,0,0.2,0,0,0,0,0.0104895,0,0,0,11,beavertails
0,0,0.36,0.48875,0.4375,0,0,0.2,0.2,0,0,0.00767263,0,0,0,11,beavertails
0,0,0.205,0.3,0.470732,0,0,0,0,0,0,0.0166667,0,0,0,11,beavertails
0,0,0.43,0.5675,0.415116,0,0,0,0,0,0,0.00881057,0,0,0,11,beavertails
0,0,0.33,0.515,0.518182,0,0,0,0,0,0,0.0291262,0,0,0,11,beavertails
0,1,0.04,0.05625,0.475,0,0,0,0,0,0,0.0666667,0.333333,0,0,11,beavertails
0,1,0.375,0.51625,0.445333,0,0,0,0,0,0,0.00726392,0,0,0,11,beavertails
0,0,0.32,0.435,0.4375,0,0,0,0,0,0,0.0287356,0,0,0,11,beavertails
0,1,0.095,0.11875,0.394737,0,0,0,0,0.1,0,0.0315789,0,0,0,11,beavertails
0,0,0.475,0.73875,0.509474,0,0,0,0,0,0,0.00676819,0,0,0,11,beavertails
0,0,0.24,0.37125,0.514583,0,0,0,0,0,0,0.023569,0,0,0,11,beavertails
0,0,0.5,0.64375,0.406,0,0.4,0,0,0.2,0,0.0135922,0,0,0,11,beavertails
0,0,0.49,0.69625,0.427551,1.4,0,0,0,0,0.6,0.0251346,0,0,0,11,beavertails
0,1,0.21,0.34,0.540476,0,0,0,0,0,0,0.0110294,0,0,0,11,beavertails
0,1,0.24,0.40375,0.547917,0,0,0,0,0,0,0.0247678,0,0,0,11,beavertails
0,0,0.52,0.64625,0.386538,0,0.2,0,0,0,0,0.0193424,0,0,0,11,beavertails
0,0,0.38,0.47625,0.389474,0,0.2,0.2,0,0,0,0.0131234,0,0,0,11,beavertails
0,0,0.575,0.78125,0.436522,0,0,0,0,0,0,0.0144,0,0,0,11,beavertails
0,0,0.17,0.23375,0.426471,0.4,0.2,0.2,0,0,0.2,0.0374332,0,0,0,11,beavertails
0,1,0.345,0.5625,0.543478,0,0,0.2,0,0,0,0.0244444,0,0,0,11,beavertails
0,0,0.23,0.36625,0.528261,0,0,0,0,0,0,0.00682594,0,0,0,11,beavertails
0,0,0.515,0.7075,0.442718,0,0,0,0,0,0,0.00706714,0,0,0,11,beavertails
0,0,0.415,0.56,0.431325,0,0,0,0,0,0,0.0223214,0,0,0,11,beavertails
0,1,0.29,0.425,0.477586,0,0,0.2,0,0.3,0,0.0147059,0,0,0,11,beavertails
0,0,0.19,0.31125,0.544737,0,0,0,0,0,0,0.0200803,0,0,0,11,beavertails
0,0,0.42,0.735,0.590476,0,0,0,0.2,0,0,0.00510204,0,0,0,11,beavertails
0,0,0.24,0.39,0.520833,0,0,0,0,0,0,0.00641026,0,0,0,11,beavertails
0,1,0.07,0.1275,0.535714,0,0,0,0,0,0,0.00980392,0,0,0,11,beavertails
0,1,0.27,0.42125,0.5,0,0,0,0,0,0,0.0148368,0,0,0,11,beavertails
0,0,0.36,0.475,0.418056,0,0,0,0,0,0,0.00789474,0,0,0,11,beavertails
0,0,0.35,0.46,0.418571,0,0,0,0,0,0,0.00815217,0,0,0,11,beavertails
0,1,0.18,0.28375,0.513889,0,0,0,0,0,0,0.0352423,0,0,0,11,beavertails
0,0,0.04,0.04375,0.3375,0,0,0,0,0.1,0,0.0571429,0,0,0,11,beavertails
0,1,0.2,0.31,0.51,0,0,0,0,0,0,0.0120968,0,0,0,11,beavertails
0,1,0.385,0.565,0.477922,0,0,0,0,0,0,0.0221239,0,0,0,11,beavertails
0,0,0.315,0.48,0.498413,0,0,0,0,0,0,0.0078125,0,0,0,11,beavertails
0,0,0.28,0.3425,0.383929,0,0,0.2,0,0.2,0,0.0145985,0,0,0,11,beavertails
0,0,0.125,0.2125,0.544,0,0,0,0,0,0,0.0235294,0,0,0,11,beavertails
0,0,0.5,0.71125,0.462,0,0,0.2,0,0,0,0.00175747,0,0,0,11,beavertails
0,0,0.02,0.03625,0.625,0,0,0,0,0,0,0.0344828,0,0.25,0,11,beavertails
0,1,0.135,0.1975,0.47037,0,0,0,0,0,0,0.0126582,0,0,0,11,beavertails
0,0,0.115,0.1825,0.521739,0,0,0,0,0,0,0.00684932,0,0,0,11,beavertails
0,1,0.07,0.10625,0.507143,0,0,0,0,0,0,0.0352941,0,0,0,12,beavertails
0,0,0.51,0.73,0.464706,0,0,0,0,0,0,0.0136986,0,0,0,12,beavertails
0,0,0.045,0.05125,0.355556,0.2,0,0,0,0,0,0.0243902,0,0,0,12,beavertails
0,1,0.075,0.13125,0.6,0,0,0,0,0,0,0.00952381,0,0,0,12,beavertails
0,1,0.35,0.455,0.375714,0.8,0,0,0,0.1,0.5,0.0412088,0,0,0,12,beavertails
0,1,0.37,0.5675,0.502703,0,0,0.2,0.2,0,0,0.0132159,0,0,0,12,beavertails
0,0,0.205,0.2475,0.360976,0.4,0.4,0,0,0,0.2,0.030303,0,0,0,12,beavertails
0,1,0.3,0.465,0.513333,0,0,0,0,0,0,0.0188172,0,0,0,12,beavertails
0,1,0.085,0.11625,0.435294,0,0,0,0,0.1,0,0.0215054,0,0,0,12,beavertails
0,1,0.465,0.66125,0.458065,0,0,0,0.2,0,0,0.0094518,0,0,0,12,beavertails
0,0,0.445,0.6225,0.452809,0,0,0.2,0,0,0,0.00803213,0,0,0,12,beavertails
0,0,0.3,0.48125,0.53,0,0,0,0,0,0,0.0103896,0,0,0,12,beavertails
0,1,0.405,0.56125,0.444444,0,0,0,0,0,0,0.0222717,0,0,0,12,beavertails
0,0,0.175,0.23125,0.417143,0,0.2,0,0,0,0,0.0108108,0,0,0,12,beavertails
0,0,0.31,0.47375,0.504839,0,0,0,0,0,0,0.0105541,0,0,0,12,beavertails
0,0,0.21,0.32,0.502381,0,0,0,0,0,0,0.0117188,0,0,0,12,beavertails
0,0,0.68,1.09625,0.533824,0,0,0,0,0,0.1,0.00912201,0,0,0,12,beavertails
0,0,0.41,0.54625,0.42561,0,0,0,0,0,0,0.00686499,0,0,0,12,beavertails
0,0,0.045,0.05375,0.377778,0,0,0,0,0,0,0.0232558,0,0,0,12,beavertails
0,0,0.325,0.45625,0.455385,0,0,0,0,0,0,0.00547945,0,0,0,12,beavertails
0,0,0.205,0.28125,0.443902,0,0,0,0,0,0,0.0133333,0,0,0,12,beavertails
0,1,0.265,0.31875,0.375472,0,0.2,0,0,0.5,0,0.0352941,0,0,0,12,beavertails
0,1,0.055,0.0825,0.490909,0,0,0,0,0,0,0.030303,0,0,0,12,beavertails
0,0,0.115,0.16,0.456522,0,0,0,0,0,0,0.0078125,0,0,0,12,beavertails
0,0,0.41,0.565,0.442683,0.2,0,0,0,0,0,0.0110619,0,0,0,12,beavertails
0,0,0.045,0.05375,0.355556,0,0.4,0,0,0,0,0.0465116,0,0,0,12,beavertails
0,1,0.29,0.38125,0.417241,0,0,0,0,0,0,0.00983607,0,0,0,12,beavertails
0,0,0.095,0.17875,0.605263,0,0,0,0,0,0,0.00699301,0,0,0,12,beavertails
0,0,0.045,0.0925,0.544444,0,0,0,0,0,0,0.0945946,0,0,0,12,beavertails
0,0,0.385,0.59125,0.505195,0,0,0.2,0.2,0,0,0.00634249,0,0,0,12,beavertails
0,0,0.29,0.365,0.391379,0,0.2,0,0,0,0,0.0136986,0,0,0,12,beavertails
0,1,0.44,0.71625,0.540909,0,0,0,0,0,0,0.0052356,0,0,0,12,beavertails
0,0,0.015,0.01375,0.233333,0,0,0,0,0.1,0,0.181818,0,0,0,12,beavertails
0,0,0.15,0.22375,0.493333,0,0,0,0,0,0,0.0111732,0,0,0,12,beavertails
0,0,0.62,1.0125,0.534677,0,0,0,0,0,0,0.0209877,0,0,0,12,beavertails
0,1,0.445,0.65875,0.48427,0,0.2,0,0,0,0,0.0113852,0,0,0,12,beavertails
0,1,0.2,0.28625,0.4625,0,0,0,0,0,0,0.0131004,0,0,0,12,beavertails
0,0,0.39,0.60875,0.516667,0,0,0,0,0,0,0.00821355,0,0,0,12,beavertails
0,0,0.315,0.48,0.503175,0,0,0,0,0,0,0.0104167,0,0,0,12,beavertails
0,1,0.15,0.205,0.443333,0,0,0,0,0,0,0.00609756,0,0,0,12,beavertails
0,1,0.485,0.6575,0.430928,0,0,0,0,0,0,0.0114068,0,0,0,12,beavertails
0,1,0.57,0.85125,0.485965,0,0,0,0.2,0,0,0.0176211,0,0,0,12,beavertails
0,0,0.225,0.2875,0.402222,0,0,0,0,0,0,0.0173913,0,0,0,12,beavertails
0,1,0.16,0.22,0.44375,0,0,0,0,0.1,0,0.0170455,0,0,0,12,beavertails
0,1,0.235,0.30125,0.408511,0,0,0,0,0,0,0.00829876,0,0,0,12,beavertails
0,1,0.67,1.06875,0.523134,0,0,0,0,0,0,0.00701754,0,0,0,12,beavertails
0,0,0.305,0.50375,0.552459,0,0,0,0.2,0,0,0.00744417,0,0,0,12,beavertails
0,0,0.04,0.05,0.3875,0,0.2,0,0,0,0,0.05,0,0,0,12,beavertails
0,0,0.21,0.285,0.433333,0,0,0,0,0,0,0.00877193,0,0,0,12,beavertails
0,0,0.5,0.64125,0.406,0,0,0,0,0,0,0.00779727,0,0,0,12,beavertails
0,0,0.38,0.60125,0.523684,0,0,0,0,0,0,0.00831601,0,0,0,12,beavertails
0,1,0.45,0.6825,0.491111,0,0,0,0.2,0.1,0,0.010989,0,0,0,12,beavertails
0,1,0.185,0.285,0.508108,0,0,0,0.2,0,0,0.0131579,0,0,0,12,beavertails
0,0,0.375,0.63125,0.564,0,0,0,0.2,0,0,0.0118812,0,0,0,12,beavertails
0,1,0.075,0.105,0.453333,0,0,0,0,0,0,0.0119048,0,0,0,12,beavertails
0,0,0.4,0.63,0.52125,0,0,0,0,0,0,0.0396825,0,0,0,12,beavertails
0,0,0.49,0.77125,0.518367,0,0,0,0,0,0,0.00486224,0,0,0,12,beavertails
0,1,0.595,0.86125,0.468908,0,0,0,0,0.1,0,0.011611,0,0,0,12,beavertails
0,1,0.17,0.2325,0.438235,0,0,0,0,0.1,0,0.0215054,0.333333,0,0.25,12,beavertails
0,0,0.33,0.45625,0.44697,0,0,0,0,0,0,0.00821918,0,0,0,12,beavertails
0,1,0.305,0.44,0.465574,0,0,0,0,0,0,0.0113636,0,0,0,12,beavertails
0,0,0.215,0.29,0.434884,0,0,0,0,0,0,0.00862069,0,0,0,12,beavertails
0,0,0.115,0.165,0.434783,0,0,0,0,0,0,0.0984848,0,0,0,12,beavertails
0,0,0.12,0.17625,0.470833,0,0,0,0,0,0,0.0496454,0,0,0,12,beavertails
0,0,0.155,0.2225,0.467742,0,0,0,0,0,0,0.011236,0,0,0,12,beavertails
0,1,0.25,0.38,0.5,0,0,0,0,0,0,0.00657895,0,0,0,12,beavertails
0,1,0.315,0.49875,0.525397,0,0,0,0,0,0,0.0150376,0,0,0,12,beavertails
0,0,0.325,0.48625,0.490769,0,0,0,0,0,0,0.00771208,0,0,0,12,beavertails
0,1,0.085,0.125,0.476471,0,0.2,0.2,0,0,0,0.02,0,0,0,12,beavertails
0,1,0.185,0.26,0.456757,0,0,0,0,0,0,0.0240385,0.333333,0,0,12,beavertails
0,1,0.405,0.54375,0.433333,0,0,0,0,0,0,0.00689655,0,0,0,12,beavertails
0,1,0.205,0.29,0.460976,0,0,0,0,0,0,0.00862069,0,0.25,0,12,beavertails
0,1,0.065,0.09625,0.484615,0,0,0,0,0,0,0.116883,0,0,0,12,beavertails
0,0,0.44,0.61125,0.447727,0,0,0,0,0,0,0.0102249,0,0,0,12,beavertails
0,0,0.36,0.525,0.470833,0,0,0,0,0,0,0.00714286,0,0,0,12,beavertails
0,0,0.08,0.13625,0.48125,0,0,0,0,0,0,0.12844,0,0,0,12,beavertails
0,0,0.115,0.14625,0.4,0,0.2,0,0,0.2,0,0.034188,0,0,0,12,beavertails
0,0,0.39,0.51,0.387179,0,0,0,0,0,0.5,0.0147059,0,0,0,12,beavertails
0,0,0.395,0.575,0.478481,0,0,0,0,0,0,0.0195652,0,0,0,12,beavertails
0,1,0.24,0.405,0.554167,0,0,0,0,0,0,0.0246914,0,0,0,12,beavertails
0,1,0.48,0.64,0.422917,0,0,0,0,0.2,0,0.0195312,0,0,0,13,beavertails
0,0,0.555,0.81375,0.459459,0,0,0,0,0,0.6,0.015361,0,0,0,13,beavertails
0,0,0.08,0.09125,0.35625,0,0,0,0,0,0,0.0136986,0,0,0,13,beavertails
0,0,0.145,0.2075,0.462069,0,0,0,0,0.2,0,0.0240964,0.333333,0,0,13,beavertails
0,1,0.315,0.52375,0.557143,0,0,0,0,0,0,0.00477327,0,0,0,13,beavertails
0,0,0.45,0.71,0.522222,0,0,0,0.2,0,0,0.0105634,0,0,0,13,beavertails
0,1,0.075,0.115,0.506667,0,0,0,0,0,0,0.0217391,0,0.25,0,13,beavertails
0,1,1.005,1.39625,0.439801,0,0,0,0,0,0.6,0.0143241,0,0,0,13,beavertails
0,1,0.43,0.70375,0.547674,0,0,0,0,0,0,0.0071048,0,0,0,13,beavertails
0,1,0.345,0.5325,0.501449,0,0,0,0,0,0,0.00704225,0,0,0,13,beavertails
0,1,0.32,0.45125,0.45625,0,0,0,0,0,0,0.00554017,0,0,0,13,beavertails
0,0,0.395,0.575,0.467089,0,0,0,0,0,0,0.00869565,0,0,0,13,beavertails
0,1,0.215,0.32,0.483721,0,0,0,0,0,0,0.0742188,0,0,0,13,beavertails
0,1,0.265,0.37,0.450943,0,0,0,0,0,0,0.027027,0,0,0,13,beavertails
0,1,0.175,0.2475,0.46,0,0,0,0,0,0,0.020202,0,0,0,13,beavertails
0,0,0.145,0.2625,0.613793,0,0,0,0,0,0,0.0047619,0,0,0,13,beavertails
0,0,0.21,0.3,0.461905,0,0,0.2,0.2,0.1,0,0.0166667,0,0,0,13,beavertails
0,1,0.58,0.8425,0.443966,0,0,0,0,0,0,0.0178042,0,0,0,13,beavertails
0,0,0.335,0.4925,0.480597,0,0,0,0,0,0,0.0101523,0,0,0,13,beavertails
0,0,0.495,0.70125,0.457576,0,0,0,0,0,0,0.00891266,0,0,0,13,beavertails
0,1,0.59,0.87125,0.483898,0,0,0,0.2,0,0,0.00573888,0,0,0,13,beavertails
0,0,0.105,0.16625,0.480952,0,0,0,0,0,0,0.0300752,0,0,0,13,beavertails
0,1,0.135,0.23125,0.585185,0,0,0,0,0,0,0.00540541,0,0,0,13,beavertails
0,0,0.445,0.64,0.467416,0,0,0,0,0,0,0.00976562,0,0,0,13,beavertails
0,1,0.085,0.13375,0.494118,0,0,0,0,0.1,0,0.0280374,0.333333,0,0,13,beavertails
0,0,0.61,0.90875,0.488525,0,0,0,0,0,0,0.0151307,0,0,0,13,beavertails
0,0,0.495,0.68,0.440404,0,0,0,0,0,0,0.00735294,0,0,0,13,beavertails
0,0,0.22,0.34,0.511364,0,0,0,0,0,0,0.00367647,0,0,0,13,beavertails
0,1,0.12,0.175,0.470833,0,0,0,0,0.2,0,0.0428571,0,0,0,13,beavertails
0,0,0.465,0.66375,0.462366,0,0,0.2,0,0,0,0.00753296,0,0,0,13,beavertails
0,0,0.135,0.1725,0.407407,0,0,0,0,0,0,0.0144928,0,0,0,13,beavertails
0,1,0.19,0.28125,0.481579,0,0,0,0,0,0,0.00888889,0,0,0,13,beavertails
0,0,0.53,0.85375,0.529245,0,0,0,0,0,0,0.0102489,0,0,0,13,beavertails
0,0,0.35,0.49375,0.458571,0,0,0,0,0,0,0.00759494,0,0,0,13,beavertails
0,0,0.385,0.525,0.441558,0,0,0,0,0,0,0.00714286,0,0,0,13,beavertails
0,0,0.37,0.56125,0.494595,0,0,0,0.2,0,0,0.0200445,0,0,0,13,beavertails
0,1,0.57,0.7475,0.417544,0,0,0,0.2,0,0,0.0083612,0,0,0,13,beavertails
0,0,0.66,0.9925,0.489394,0,0,0,0,0,0,0.00881612,0,0,0,13,beavertails
0,1,0.295,0.3975,0.435593,0,0,0,0,0,0,0.00943396,0,0,0,13,beavertails
0,0,0.34,0.535,0.507353,0,0,0,0,0,0,0.0140187,0,0,0,13,beavertails
0,0,0.005,0.01,0.7,0,0.2,0,0,0,0,0.125,0,0,0,13,beavertails
0,0,0.79,1.07875,0.432911,0,0.2,0,0,0.2,0,0.0115875,0.333333,0,0,13,beavertails
0,1,0.255,0.37125,0.476471,0,0,0,0,0.1,0,0.010101,0,0,0,13,beavertails
0,0,0.395,0.7,0.575949,0,0,0,0,0,0.5,0.0107143,0,0,0,13,beavertails
0,1,0.34,0.45125,0.425,0,0,0,0,0,0,0.0110803,0,0,0,13,beavertails
0,1,0.29,0.45,0.503448,0,0.2,0.2,0,0,0,0.0111111,0,0,0,13,beavertails
0,1,0.345,0.49375,0.466667,0,0,0,0.2,0,0,0.00506329,0,0,0,13,beavertails
0,0,0.375,0.54,0.465333,0,0,0,0,0,0,0.00694444,0,0,0,13,beavertails
0,0,0.415,0.69875,0.56747,0,0,0,0,0,0,0.00536673,0,0,0,13,beavertails
0,0,0.365,0.61125,0.560274,0,0,0,0,0,0,0.00817996,0,0,0,13,beavertails
0,0,0.345,0.53375,0.514493,0,0,0,0,0,0,0.00702576,0,0,0,13,beavertails
0,0,0.31,0.4725,0.496774,0,0,0.2,0,0,0,0.021164,0,0,0,13,beavertails
0,1,0.47,0.75625,0.534043,0,0,0.2,0,0,0,0.00661157,0,0,0,13,beavertails
0,0,0.305,0.455,0.483607,0,0,0,0,0,0,0.00824176,0,0,0,13,beavertails
0,0,0.385,0.60875,0.523377,0,0,0,0.2,0,0,0.0143737,0,0,0,13,beavertails
0,1,0.495,0.78375,0.5,0,0,0,0.2,0,0,0.0143541,0,0,0,13,beavertails
0,0,0.68,1.01375,0.484559,0,0,0,0.2,0,0,0.0110974,0,0,0,13,beavertails
0,0,0.09,0.17125,0.45,0,0,0,0,0,0,0.109489,0,0,0,13,beavertails
0,0,0.45,0.595,0.422222,0,0,0.2,0,0,0,0.0105042,0,0,0,13,beavertails
0,1,0.305,0.40625,0.429508,0,0,0,0,0,0,0.00615385,0,0,0,13,beavertails
0,1,0.13,0.22125,0.565385,0,0,0,0,0,0,0.0169492,0,0,0,13,beavertails
0,1,0.43,0.68,0.482558,0,0,0,0,0,0.4,0.0220588,0,0,0,13,beavertails
0,0,0.105,0.1525,0.47619,0,0,0,0,0,0,0.0163934,0,0,0,13,beavertails
0,1,0.13,0.20625,0.530769,0,0,0,0,0,0,0.0121212,0,0,0,13,beavertails
0,0,0.32,0.50625,0.515625,0,0,0,0,0,0,0.0641975,0,0,0,13,beavertails
0,0,0.365,0.45875,0.386301,0,0.2,0,0,0,0,0.0163488,0,0,0,13,beavertails
0,0,0.145,0.205,0.451724,0,0,0,0.2,0,0,0.0121951,0,0,0,13,beavertails
0,1,0.8,1.2325,0.50625,0,0,0,0.2,0,0.1,0.00811359,0,0,0,13,beavertails
0,0,0.67,1.00125,0.486567,0,0,0,0,0,0,0.00873908,0,0,0,13,beavertails
0,0,0.395,0.51375,0.413924,0,0.2,0,0,0.1,0,0.0145985,0,0,0,13,beavertails
0,0,0.32,0.54,0.559375,0,0,0,0,0,0,0.00694444,0,0,0,13,beavertails
0,0,0.445,0.77375,0.588764,0,0,0,0,0,0,0.0145396,0,0,0,13,beavertails
0,1,0.505,0.715,0.459406,0,0,0,0,0,0,0.00874126,0,0,0,13,beavertails
0,0,0.11,0.13875,0.377273,0,0,0,0,0,0,0.0630631,0.333333,0,0,13,beavertails
0,0,0.215,0.32125,0.490698,0,0,0,0,0,0,0.0077821,0,0,0,13,beavertails
0,0,0.515,0.77625,0.492233,0,0,0,0.4,0,0,0.00805153,0,0,0,13,beavertails
0,0,0.54,0.77875,0.463889,0,0,0,0,0,0,0.0128411,0,0,0,13,beavertails
0,0,0.315,0.4375,0.42381,0.6,0.4,0,0,0,0,0.0228571,0,0,0,13,beavertails
0,1,0.365,0.505,0.445205,0,0.2,0,0,0,0,0.00990099,0.333333,0,0.25,13,beavertails
0,1,0.31,0.4425,0.458065,0,0.2,0,0,0,0,0.0112994,0,0,0,13,beavertails
0,1,0.3,0.42,0.455,0,0,0,0,0,0,0.00595238,0,0,0,14,beavertails
0,0,0.51,0.79125,0.512745,0,0,0,0,0,0,0.00631912,0,0,0,14,beavertails
0,0,0.28,0.37625,0.432143,0,0,0,0,0,0,0.00664452,0,0,0,14,beavertails
0,0,0.23,0.29625,0.413043,0,0,0,0,0,0,0.021097,0,0,0,14,beavertails
0,1,0.08,0.1375,0.49375,0,0,0,0,0,0,0.0454545,0,0,0,14,beavertails
0,1,0.225,0.32125,0.466667,0,0,0,0,0,0,0.0077821,0,0,0,14,beavertails
0,1,0.385,0.625,0.54026,0,0,0,0.2,0,0,0.016,0,0,0,14,beavertails
0,1,0.4,0.60625,0.4975,0,0,0,0,0,0,0.00824742,0,0,0,14,beavertails
0,1,0.04,0.0525,0.4125,0,0,0,0,0,0,0.0714286,0,0,0,14,beavertails
0,1,0.1,0.1125,0.345,0,0,0,0,0,0,0.0111111,0.333333,0,0,14,beavertails
0,1,0.08,0.095,0.36875,0,0,0,0,0.2,0,0.0526316,0,0,0,14,beavertails
0,0,0.135,0.2025,0.485185,0,0,0,0,0,0,0.00617284,0,0,0,14,beavertails
0,1,0.145,0.23375,0.537931,0,0,0,0,0,0,0.0106952,0,0,0,14,beavertails
0,0,0.2,0.28625,0.47,0,0,0,0,0,0,0.00873362,0,0,0,14,beavertails
0,0,0.08,0.125,0.525,0,0,0,0,0,0,0.01,0,0,0,14,beavertails
0,1,0.435,0.62375,0.456322,0,0,0,0,0.1,0.6,0.0180361,0,0,0,14,beavertails
0,0,0.56,0.905,0.534821,0,0,0,0,0,0,0.00690608,0,0,0,14,beavertails
0,0,0.145,0.20625,0.465517,0,0,0,0,0,0,0.00606061,0,0,0,14,beavertails
0,0,0.175,0.26375,0.488571,0,0,0,0,0,0,0.00473934,0,0,0,14,beavertails
0,0,0.39,0.635,0.542308,0,0,0,0,0,0,0.0137795,0,0,0,14,beavertails
0,0,0.44,0.6825,0.506818,0,0.2,0,0,0,0,0.010989,0,0,0,14,beavertails
0,0,0.625,0.89625,0.4672,0,0,0,0,0,0,0.0083682,0,0,0,14,beavertails
0,0,0.7,1.04,0.485714,0,0,0,0,0,0,0.00961538,0,0,0,14,beavertails
0,0,0.44,0.6875,0.515909,0,0,0,0,0,0,0.00727273,0,0,0,14,beavertails
0,1,0.395,0.53375,0.434177,0,0,0,0,0,0,0.00936768,0,0,0,14,beavertails
0,0,0.43,0.62125,0.467442,0,0,0,0,0,0,0.0140845,0,0,0,14,beavertails
0,0,0.375,0.51125,0.424,0,0,0,0,0,0,0.0171149,0,0,0,14,beavertails
0,1,0.09,0.17375,0.655556,0,0,0,0,0,0,0.00719424,0,0,0,14,beavertails
0,0,0.3,0.4125,0.443333,0,0,0,0,0,0,0.00909091,0,0,0,14,beavertails
0,1,0.685,1,0.470803,0,0,0,0,0.2,0.2,0.01125,0,0,0,14,beavertails
0,0,0.165,0.26875,0.542424,0,0,0,0,0,0,0.00930233,0,0,0,14,beavertails
0,1,0.445,0.67375,0.494382,0,0,0,0,0,0,0.00742115,0,0,0,14,beavertails
0,1,0.38,0.49875,0.417105,0,0,0,0,0,0,0.0075188,0,0,0,14,beavertails
0,1,0.11,0.15625,0.431818,0.2,0,0,0,0,0,0.032,0,0,0,14,beavertails
0,0,0.375,0.575,0.506667,0,0,0,0,0,0,0.00869565,0,0,0,14,beavertails
0,1,0.18,0.27125,0.491667,0,0,0,0,0,0,0.0184332,0,0,0,14,beavertails
0,1,0.455,0.68125,0.486813,0,0,0,0.2,0,0,0.00733945,0,0,0,14,beavertails
0,0,0.35,0.535,0.492857,0,0,0,0.2,0,0,0.0700935,0,0,0,14,beavertails
0,1,0.44,0.5825,0.423864,0,0,0,0,0,0,0.00858369,0,0,0,14,beavertails
0,0,0.38,0.5025,0.419737,0,0,0,0,0,0,0.00497512,0,0,0,14,beavertails
0,0,0.365,0.48,0.417808,0,0,0,0,0,0,0.0182292,0,0,0,14,beavertails
0,0,0.275,0.4,0.469091,0,0,0,0,0,0,0.009375,0,0,0,14,beavertails
0,0,0.05,0.06375,0.4,0,0,0,0,0,0,0.0196078,0,0,0,14,beavertails
0,1,0.455,0.66,0.472527,0,0,0,0,0,0,0.00757576,0,0,0,14,beavertails
0,1,0.2,0.2975,0.485,0,0,0,0,0,0,0.012605,0,0,0,14,beavertails
0,0,0.135,0.25375,0.555556,0,0,0,0,0,0,0.00492611,0,0,0,14,beavertails
0,1,0.34,0.4375,0.407353,0,0,0,0,0.5,0,0.0171429,0,0,0,14,beavertails
0,0,0.29,0.445,0.508621,0,0,0,0.2,0.1,0,0.0140449,0,0,0,14,beavertails
0,1,0.17,0.195,0.35,0,0,0,0,0,0,0.0128205,0,0,0,14,beavertails
0,0,0.075,0.08875,0.366667,0,0,0,0,0,0,0.0140845,0,0,0,14,beavertails
0,0,0.215,0.29,0.434884,0,0,0,0,0,0,0.0172414,0,0,0,14,beavertails
0,0,0.205,0.3225,0.519512,0,0,0,0,0,0,0.00775194,0,0,0,14,beavertails
0,0,0.065,0.12375,0.561538,0,0,0,0,0,0,0.121212,0,0,0,14,beavertails
0,0,0.435,0.70125,0.533333,0,0,0,0,0,0,0.00891266,0,0,0,14,beavertails
0,0,0.325,0.42875,0.421538,0,0,0,0,0,0,0.00874636,0,0,0,14,beavertails
0,0,0.44,0.60375,0.443182,0,0,0,0,0,0,0.00828157,0,0,0,14,beavertails
0,1,0.455,0.67,0.479121,0,0,0,0,0,0,0.0149254,0,0,0,14,beavertails
0,0,0.135,0.18375,0.437037,0,0,0,0,0,0,0.00680272,0,0,0,14,beavertails
0,0,0.065,0.09875,0.5,0,0,0,0,0,0,0.0253165,0,0,0,14,beavertails
0,1,0.33,0.53625,0.539394,0,0,0,0,0,0,0.00699301,0,0,0,14,beavertails
0,0,0.295,0.45625,0.508475,0,0,0,0,0,0,0.00821918,0,0,0,14,beavertails
0,1,0.5,0.72375,0.469,0,0,0,0.2,0,0,0.00863558,0,0,0,14,beavertails
0,1,0.155,0.235,0.487097,0,0,0,0,0,0,0.0478723,0,0,0,14,beavertails
0,1,0.15,0.2225,0.483333,0,0,0,0,0,0,0.0168539,0,0,0,14,beavertails
0,1,0.08,0.095,0.375,0,0,0,0,0,0,0.0263158,0,0,0,14,beavertails
0,0,0.365,0.59,0.536986,0,0,0,0,0.1,0,0.0105932,0,0,0,14,beavertails
0,0,0.265,0.4025,0.490566,0,0,0,0,0,0,0.0186335,0,0,0,14,beavertails
0,0,0.5,0.73625,0.478,0,0,0.2,0,0,0,0.00509338,0,0,0,14,beavertails
0,0,0.455,0.75,0.548352,0,0,0,0,0,0,0.005,0,0,0,14,beavertails
0,0,0.98,1.33375,0.430612,0,0.2,0,0,0.1,0.4,0.0140581,0,0,0,14,beavertails
0,1,0.28,0.41,0.480357,0,0,0,0,0,0,0.0182927,0,0,0,14,beavertails
0,1,0.255,0.425,0.558824,0,0,0,0.2,0,0,0.00882353,0,0,0,14,beavertails
0,1,0.28,0.41375,0.4875,0,0,0,0,0,0,0.00906344,0,0,0,14,beavertails
0,0,0.055,0.0975,0.481818,0,0,0,0,0,0,0.102564,0,0,0,14,beavertails
0,1,0.08,0.14375,0.6125,0,0,0,0,0,0,0.00869565,0,0,0,14,beavertails
0,0,0.215,0.3475,0.534884,0,0,0,0,0,0,0.00719424,0,0,0,14,beavertails
0,1,0.265,0.3025,0.349057,0,0,0,0,0.2,0,0.0165289,0,0,0,14,beavertails
0,0,0.41,0.5975,0.478049,0,0,0,0,0,0,0.0188285,0,0,0,14,beavertails
0,0,0.065,0.13375,0.561538,0,1.4,0,0,0,0.6,0.0654206,0,0,0,14,beavertails
0,0,0.195,0.2475,0.384615,0,0,0,0,0,0,0.010101,0,0,0,14,beavertails
1,1,0.185,0.25125,0.421622,0,0,0,0,0.2,0,0.00995025,0,0,0,0,toxicchat
1,1,0.22,0.305,0.443182,0.2,0.2,0,0,0.1,0,0.0245902,0,0,0,0,toxicchat
1,0,0.01,0.0225,0.75,0,0,0,0,0,0,0.277778,0,0,0,0,toxicchat
1,1,0.465,0.75125,0.530108,0,0,0,0,0.1,0,0.0282862,0,0,0,0,toxicchat
1,0,0.735,1.25625,0.561224,0,0,0.2,0,0,0.8,0.0199005,0.333333,0,0,0,toxicchat
1,1,1.205,1.76625,0.460581,0,0.2,0,0,0,1,0.0134466,0,0,0,0,toxicchat
1,1,0.265,0.58125,0.471698,0,0,0,0,0,4.1,0.0623656,0,0,0,0,toxicchat
1,1,1.13,1.74875,0.506637,0,0,0,0,0,0.6,0.0128663,0,0,0,0,toxicchat
1,1,0.975,1.4125,0.451282,0,0,0,0,0,1,0.0336283,0,0,0,0,toxicchat
1,0,1.345,1.65625,0.37658,0,0.2,0.4,0,2.2,1,0.0264151,0,0,0.25,0,toxicchat
1,1,0.235,0.3325,0.455319,0,0,0,0,0.1,0,0.0150376,0.333333,0,0,0,toxicchat
1,0,0.99,1.3575,0.427273,0,0,0.8,0,0.6,0.6,0.0156538,0,0,0,0,toxicchat
1,1,1.49,2.51625,0.518792,0.2,0,0,0,0,2.7,0.0139096,0,0,0,0,toxicchat
1,1,0.425,0.65625,0.508235,0,0,0,0,0,0,0.00571429,0,0,0,0,toxicchat
1,0,0.41,0.53625,0.403659,0.2,0.2,0,0,0.5,0.4,0.034965,0,0,0,0,toxicchat
1,1,1.91,3.04875,0.525654,0,0,0,0,0,1.4,0.0217302,0,0,0,0,toxicchat
1,1,0.06,0.065,0.316667,0.2,0,0,0,0,0,0.0384615,0,0,0,0,toxicchat
1,0,0.14,0.19125,0.428571,0.2,0,0,0,0,0.1,0.0522876,0,0,0,0,toxicchat
1,1,1.25,1.7975,0.452,0,0,0,0,0,0.1,0.011822,0,0,0,0,toxicchat
1,1,0.785,1.23375,0.500637,0,0,0,0,0,0.4,0.0385005,0,0,0,0,toxicchat
1,0,0.56,0.86125,0.505357,0,0,0,0.2,0.3,0.1,0.0159652,0.666667,0,0,0,toxicchat
1,0,1.645,2.53125,0.503647,0,0,0,0,0,0,0.000987654,0,0,0,0,toxicchat
1,1,0.74,1.015,0.427027,0,0,0,0,0,0.4,0.0406404,0,0,0,0,toxicchat
1,0,1.07,1.58375,0.479907,0,0,0,0.2,0,0.6,0.00789266,0,0,0,0,toxicchat
1,0,1.255,1.89625,0.481275,0,0,0,0.2,0,1.2,0.0151615,0,0,0,0,toxicchat
1,0,0.31,0.475,0.5,0,0,0,0,0.1,0,0.0131579,0.666667,0.25,0,0,toxicchat
1,1,2.04,2.7675,0.433088,0,0,0,0,0,1.4,0.00813008,0,0,0,0,toxicchat
1,1,0.2,0.26125,0.3975,0.2,0.2,0,0.2,0.3,0,0.0478469,0,0,0,0,toxicchat
1,0,0.575,0.81375,0.456522,0,0,0,0,0.7,0,0.0291859,0,0,0,0,toxicchat
1,0,0.845,1.17125,0.423669,0,0,0,0,0.8,1,0.0160085,0,0.25,0,0,toxicchat
1,1,0.235,0.3325,0.434043,0.2,0,0,0,0,0,0.0150376,0,0,0,0,toxicchat
1,1,0.015,0.02375,0.366667,0,0,0,0,0,0,0.0526316,0,0,0,0,toxicchat
1,1,0.48,0.87625,0.541667,0,0,0,0.2,0,1,0.0513552,0,0,0,0,toxicchat
1,1,0.06,0.0975,0.508333,0,0,0,0,0,0,0.782051,0,0.25,0,0,toxicchat
1,1,1.405,2.34375,0.546263,0,0,0,0,0,0.8,0.0101333,0,0,0,0,toxicchat
1,0,0.815,1.14125,0.454601,0,0,0,0,0,0,0.00766703,0,0,0,0,toxicchat
1,1,0.525,0.86,0.54381,0,0,0,0.2,0.3,0,0.0116279,0,0,0,0,toxicchat
1,1,0.02,0.0375,0.6,0,0,0,0,0,0,0.0333333,0,0,0,0,toxicchat
1,1,1.165,1.74375,0.482833,0,0.2,0,0,0.1,0.8,0.0121864,0,0,0,0,toxicchat
1,0,0.425,0.56375,0.421176,0.2,0,0,0,0.4,0,0.0221729,1.33333,0,0,0,toxicchat
1,1,1.09,1.815,0.504128,0,0,0,0,0,1,0.0130854,0,0,0,0,toxicchat
1,1,0.215,0.31875,0.465116,0,0,0,0,0,0.6,0.0666667,0,0,0,0,toxicchat
1,0,0.355,0.45125,0.394366,0,0.2,0,0,0.6,0,0.0526316,0.333333,0,0,0,toxicchat
1,0,0.77,1.28875,0.55974,0,0,0,0,0.1,0.2,0.00678952,0,0,0,0,toxicchat
1,0,0.55,0.71,0.407273,0,0,0,0,0,0,0.00704225,0,0,0,0,toxicchat
1,0,0.59,0.75625,0.4,0,0,0,0,0,0,0.0115702,0,0,0,0,toxicchat
1,1,0.405,0.62125,0.503704,0,0,0,0.2,0.2,0,0.0181087,0.333333,0.25,0,0,toxicchat
1,0,0.045,0.09,0.688889,0,0,0,0,0,0,0.0277778,0,0.25,0,0,toxicchat
1,1,1.275,1.7775,0.442745,0,0.4,0,0,0,1.4,0.033052,0,0,0,0,toxicchat
1,0,1.595,2.18625,0.417241,0.8,0,0,0,0.5,2.2,0.0314465,0,0,0,0,toxicchat
1,0,0.225,0.31125,0.446667,0,0,0,0,0.1,0,0.0200803,0.666667,0,0,0,toxicchat
1,0,1.225,1.58625,0.404082,0,0,0,0,0,0.6,0.0204886,0,0,0,0,toxicchat
1,1,0.125,0.1925,0.512,0,0,0,0,0,0,0.00649351,0,0,0,0,toxicchat
1,1,0.9,1.34875,0.475,0,0,0,0,0,0.6,0.0139018,0,0,0,0,toxicchat
1,0,1.85,2.4175,0.405676,0,0,0,0,0,1.4,0.0180972,0,0,0,0,toxicchat
1,0,1.485,2.01875,0.427609,0,0,0,0,0,1,0.0179567,0,0,0,0,toxicchat
1,0,1.45,1.80125,0.385862,0,0,0,0,2,0.3,0.0242887,0,0,0,0,toxicchat
1,0,0.22,0.3325,0.495455,0,0,0,0,0.1,0,0.0225564,0.666667,0.25,0,0,toxicchat
1,1,1.055,1.59375,0.493839,0,0,0,0,0,0.6,0.00784314,0,0,0,0,toxicchat
1,0,0.185,0.27125,0.481081,0,0,0,0,0.1,0,0.0138249,0.666667,0,0,0,toxicchat
1,1,0.045,0.07875,0.577778,0,0,0,0,0,0.2,0.047619,0,0,0,0,toxicchat
1,0,0.295,0.435,0.483051,0,0,0,0,0.1,0,0.0201149,0.333333,0,0,0,toxicchat
1,0,1.405,2.2425,0.528826,0,0,0,0.4,0,1,0.00668896,0,0,0,0,toxicchat
1,1,0.92,1.23,0.421196,0,0,0,0,0,0.4,0.0243902,0,0,0,0,toxicchat
1,1,0.71,0.9375,0.408451,0,0.4,0.2,0,0.4,0.4,0.0213333,0.333333,0,0,0,toxicchat
1,0,1.22,1.635,0.422541,0,0,0.4,0,0,2.9,0.0252294,0,0,0,0,toxicchat
1,1,0.325,0.4825,0.478462,0,0,0,0.2,0.3,0,0.0414508,0,0,0,0,toxicchat
1,1,0.225,0.3875,0.566667,0,0,0,0,0.1,0,0.0129032,0,0,0,0,toxicchat
1,0,1.515,1.95875,0.389769,2.8,0,0,0,0.5,3,0.0778558,0,0,0,0,toxicchat
1,1,0.63,0.9375,0.421429,0,0,0,0,0,2.5,0.00933333,0,0,0,0,toxicchat
1,1,0.035,0.0425,0.371429,0.2,0.2,0,0,0.1,0,0.0882353,0,0,0,0,toxicchat
1,0,0.985,1.605,0.53401,0,0,0,0.4,0.1,0.4,0.0124611,0,0,0,0,toxicchat
1,1,0.5,0.65875,0.418,0.2,0.2,0,0,0.7,0,0.0170778,0,0,0,0,toxicchat
1,0,0.095,0.1275,0.405263,0.4,0,0,0,0,0,0.0196078,0,0,0,0,toxicchat
1,1,0.775,0.97125,0.36,0,0,0,0,0,1.2,0.01287,0,0,0,0,toxicchat
1,0,1.87,2.67375,0.457754,0,0,0,0,0,1.4,0.0182328,0,0,0,0,toxicchat
1,1,1.55,2.1625,0.441935,0,0,0,0,0,1.4,0.0265896,0,0,0,0,toxicchat
1,0,1.715,2.63375,0.486589,0,0,0,0,0,0.5,0.0317988,0,0,0,0,toxicchat
1,1,0.375,0.815,0.448,0.2,0,0,0,0.4,2.3,0.0153374,0,0,0,0,toxicchat
1,0,1.745,2.50375,0.456447,0,0,0,0,0,0,0.00798802,0,0,0,0,toxicchat
1,0,0.67,0.89,0.416418,0,0.2,0,0,0.1,0.4,0.0196629,0,0,0,1,toxicchat
1,1,0.62,0.84125,0.418548,0,0,0,0,0,2.3,0.0371471,0,0,0,1,toxicchat
1,1,0.735,0.93125,0.393197,0,0,0,0.2,0.9,0.4,0.0308725,0.666667,0.25,0,1,toxicchat
1,1,0.8,1.10375,0.42375,0,0,0,0,0,0.4,0.0226501,0,0,0,1,toxicchat
1,0,0.06,0.065,0.316667,0.2,0.2,0,0,0,0,0.0576923,0,0,0,1,toxicchat
1,0,0.52,0.77,0.475962,0,0,0,0.2,0.1,0,0.0308442,0.666667,0,0,1,toxicchat
1,1,0.225,0.3175,0.451111,0,0.4,0,0,0,0,0.023622,0,0,0.25,1,toxicchat
1,0,0.435,0.63625,0.477011,0,0,0,0,0.3,0,0.0157171,1.66667,0,0,1,toxicchat
1,0,1.685,2.03625,0.367953,0,0.6,0.6,0,2.9,1,0.0300798,0.666667,0.5,0,1,toxicchat
1,0,0.06,0.0625,0.3,0.2,0,0,0,0.2,0,0.08,0,0,0,1,toxicchat
1,0,0.44,0.665,0.492045,0,0,0,0,0,0,0.0169173,0.333333,0,0,1,toxicchat
1,1,0.805,1.15625,0.443478,0,0,0,0,0,0.4,0.0216216,0,0,0,1,toxicchat
1,0,0.18,0.27,0.488889,0.2,0,0,0,0.2,0,0.0324074,0.666667,0,0,1,toxicchat
1,0,0.635,1.0575,0.553543,0,0,0,0,0.1,0.4,0.00945626,1,0,0,1,toxicchat
1,1,0.87,1.19375,0.418391,2,2.2,0,0,0,1.1,0.0240838,0,0,0,1,toxicchat
1,1,0.11,0.1675,0.5,0.2,0,0,0,0.1,0,0.0298507,0.333333,0,0,1,toxicchat
1,0,2.11,2.85875,0.430569,0,0,0,0,0,1,0.0192392,0,0,0,1,toxicchat
1,0,0.115,0.17625,0.5,0,0,0,0,0.1,0,0.035461,0.333333,0.25,0,1,toxicchat
1,1,0.06,0.0975,0.508333,0,0,0,0,0,0,0.782051,0,0.25,0,1,toxicchat
1,1,0.73,1.1475,0.510274,0,0,0,0.2,0,0.4,0.0130719,0,0,0,1,toxicchat
1,0,0.04,0.0525,0.4125,0.2,0,0,0,0,0,0.047619,0,0,0,1,toxicchat
1,0,0.255,0.33875,0.423529,0.2,0,0,0,0.2,0,0.0258303,0.333333,0,0,1,toxicchat
1,1,0.075,0.16125,0.733333,0,0,0,0,0,0,0,0,0,0,1,toxicchat
1,0,1.65,2.19,0.420606,0,0,0,0,0,0.3,0.0119863,0,0,0,1,toxicchat
1,0,2.095,2.8525,0.4358,0,0,0,0,0,0.6,0.0105171,0,0,0,1,toxicchat
1,1,0.75,1.11875,0.481333,0,0,0,0,0,0.2,0.00782123,0,0,0,1,toxicchat
1,0,0.125,0.17875,0.464,0.2,0,0,0,0.2,0,0.027972,0.333333,0,0,1,toxicchat
1,1,0.245,0.3525,0.453061,0.2,0,0,0,0,0,0.0106383,0,0,0,1,toxicchat
1,1,0.16,0.20625,0.328125,0,0,0,0,0.6,0.4,0.0424242,0,0,0,1,toxicchat
1,1,0.17,0.2425,0.447059,0,0.2,0,0,0.2,0,0.0309278,0,0.25,0,1,toxicchat
1,0,0.15,0.22375,0.49,0,0,0,0,0.1,0,0.0111732,0.333333,0,0,1,toxicchat
1,1,1.38,2.01375,0.463043,0,0,0,0,0,1,0.00682806,0,0,0,1,toxicchat
1,1,1.345,1.95375,0.443123,0,0.2,0,0,0.4,3.8,0.0921305,0.333333,0.25,0,1,toxicchat
1,1,0.12,0.1525,0.4,0.2,0.2,0,0,0.1,0,0.0245902,0,0,0,1,toxicchat
1,1,0.885,1.38625,0.511299,0,0,0,0,0.1,0.6,0.00991885,0,0,0,1,toxicchat
1,1,0.435,0.7175,0.53908,0,0,0,0,0.1,0,0.0156794,0,0,0,1,toxicchat
1,0,1.18,2.02375,0.567373,0,0,0,0,0,0.8,0.00864731,0,0,0,1,toxicchat
1,0,0.075,0.09375,0.353333,0.2,0.2,0,0,0,0.2,0.08,0,0,0,1,toxicchat
1,1,0.33,0.425,0.409091,0,0.2,0,0,0.2,0,0.0205882,0,0,0,1,toxicchat
1,0,0.725,1.04,0.454483,0,0,0,0,0,2.8,0.0324519,0,0,0,1,toxicchat
1,0,0.16,0.22625,0.45625,0.2,0,0,0,0.2,0,0.0276243,0.333333,0,0,1,toxicchat
1,0,0.44,0.6775,0.510227,0,0,0,0,0,0,0.00738007,0,0,0,1,toxicchat
1,1,0.715,0.97875,0.437063,0,0,0,0,0,0,0.0063857,0,0,0,1,toxicchat
1,0,0.03,0.04,0.416667,0.2,0.2,0,0,0,0,0.0625,0,0,0,1,toxicchat
1,1,0.82,1.12,0.432317,0,0,0,0,0,2.1,0.0234375,0,0,0,1,toxicchat
1,1,1.025,1.635,0.519512,0,0,0,0,0,0.6,0.0405199,0,0,0,1,toxicchat
1,1,0.235,0.3125,0.423404,0.2,0,0,0.2,0.3,0,0.036,0,0,0,1,toxicchat
1,1,0.465,0.62,0.416129,0.2,0.4,0,0,0.1,0,0.0141129,0,0,0,1,toxicchat
1,1,0.185,0.2325,0.372973,0.2,0,0,0,0,0.2,0.0215054,0,0,0,1,toxicchat
1,1,0.765,0.91875,0.348366,0,0,0,0,0,0.9,0.0802721,0,0,0,1,toxicchat
1,0,0.435,0.58,0.424138,0,0,0,0,0.5,0,0.0215517,0,0,0,1,toxicchat
1,1,0.275,0.39875,0.469091,0,0,0,0,0,0,0.00940439,0,0,0,1,toxicchat
1,0,1.525,2.08875,0.422951,0.2,0.4,0,0,0.2,0.7,0.0191502,1.33333,0.25,0,1,toxicchat
1,1,0.125,0.21625,0.572,0,0,0,0,0,0,0.00578035,0,0,0,1,toxicchat
1,0,0.275,0.4,0.472727,0.2,0,0,0,0.3,0,0.040625,0.666667,0,0,1,toxicchat
1,0,2.09,2.93125,0.445694,0.2,0,0,0,0,1.8,0.0166311,0,0,0,1,toxicchat
1,0,0.43,0.67125,0.513953,0,0,0,0,0.3,0,0.0167598,0.666667,0,0,1,toxicchat
1,0,0.145,0.21125,0.468966,0,0,0,0,0.1,0,0.0236686,0.333333,0,0,1,toxicchat
1,0,0.265,0.3625,0.441509,0.2,0,0,0,0.2,0,0.0206897,1,0,0,1,toxicchat
1,1,1.035,1.6875,0.538164,0,0,0,0.4,0,0.8,0.00666667,0,0,0,1,toxicchat
1,0,0.335,0.52625,0.514925,0,0,0,0,0.2,0,0.023753,0.666667,0,0,1,toxicchat
1,0,0.375,0.53125,0.458667,0,0,0,0,0,0,0.00941176,0,0,0,1,toxicchat
1,0,0.46,0.5825,0.392391,0,0,0,0,0.3,0,0.0257511,0,0,0,1,toxicchat
1,0,0.09,0.11375,0.394444,0,0,0,0,0,0,0.010989,0,0,0,1,toxicchat
1,1,0.715,1.0225,0.444056,0,0,0,0,0,0.1,0.0110024,0,0,0,1,toxicchat
1,0,0.345,0.53,0.504348,0,0,0,0,0,0,0.0165094,0.666667,0,0,1,toxicchat
1,1,0.005,0.0025,0.2,0,0,0,0,0,0,1,0,0,0,1,toxicchat
1,1,1.385,2.11375,0.489892,0,0,0,0.2,0,0.6,0.0118273,0,0,0,1,toxicchat
1,0,0.465,0.68875,0.470968,0.2,0.2,0,0,0.1,0.6,0.0344828,1,0,0,1,toxicchat
1,1,0.97,1.56,0.53299,0,0,0,0,0.2,0.6,0.0104167,0,0,0,1,toxicchat
1,0,2.55,3.38625,0.417059,0,0,0,0,0,1.4,0.0110742,0,0,0,1,toxicchat
1,0,1.26,1.7925,0.454762,0,0,0,0.2,0,0.6,0.0104603,0,0,0,1,toxicchat
1,0,1.01,1.575,0.506436,0,0,0,0.2,0.2,0.2,0.00793651,0.333333,0,0,1,toxicchat
1,0,1.565,2.095,0.408626,0.4,0,0,0,0.2,1.7,0.0238663,0,0.25,0.25,1,toxicchat
1,0,0.285,0.38,0.394737,0.6,0.2,0,0,0.3,0.4,0.0328947,0,0,0,1,toxicchat
1,1,0.245,0.33375,0.432653,0.2,0.2,0,0,0,0,0.0187266,0,0,0,1,toxicchat
1,1,1.18,1.7575,0.482627,0.2,0.4,0,0,0.2,0.8,0.0163585,0,0,0,1,toxicchat
1,0,0.82,1.2225,0.482927,0,0,0,0,0,0.4,0.00920245,0,0,0,1,toxicchat
1,0,1.95,2.64,0.430513,0,0,0,0,0,0.5,0.0118371,0,0,0,1,toxicchat
1,0,0.245,0.4375,0.553061,0,0,0,0,0,0,0.0314286,0,0,0,1,toxicchat
1,0,0.19,0.30375,0.526316,0,0,0,0,0.1,0,0.0164609,1,0,0,2,toxicchat
1,1,0.57,0.9175,0.531579,0,0,0,0.2,0,0,0.0108992,0,0,0,2,toxicchat
1,0,0.265,0.3975,0.492453,0,0,0,0,0.1,0,0.0188679,0.666667,0,0,2,toxicchat
1,1,0.61,0.92,0.477049,0,0,0,0,0.1,0,0.0203804,0,0,0,2,toxicchat
1,1,0.05,0.075,0.2,0,0,0,0,0,0,0,0,0,0,2,toxicchat
1,1,0.945,1.43,0.450794,0,0,0,0,0,2.5,0.00961538,0,0,0,2,toxicchat
1,1,0.68,1.69625,0.308088,0.6,0,0,0,0,3.8,0.0206338,0,0,0,2,toxicchat
1,1,0.21,0.3075,0.47381,0,0,0,0.4,0.3,0,0.0365854,0.666667,0,0,2,toxicchat
1,0,0.38,0.52375,0.442105,0,0,0,0,0.1,0,0.0119332,0.666667,0,0,2,toxicchat
1,0,0.5,0.75125,0.495,0,0,0,0,0,0,0.014975,0,0,0,2,toxicchat
1,0,0.25,0.33,0.42,0.2,0,0,0,0.2,0,0.0265152,0.333333,0,0,2,toxicchat
1,1,0.025,0.0375,0.48,0,0,0,0,0.1,0,0.0666667,0.333333,0,0,2,toxicchat
1,0,0.715,1.1325,0.525175,0,0,0,0,0.1,0.1,0.00772627,0,0,0,2,toxicchat
1,1,1.4,2.4,0.502143,0,0,0,0.2,0,3.4,0.0317708,0,0,0,2,toxicchat
1,0,1.595,2.4525,0.452665,0,0,0,0,0.1,3.6,0.009684,0,0,0,2,toxicchat
1,1,0.23,0.2775,0.369565,0,0,0,0,0.4,0,0.036036,0.333333,0,0,2,toxicchat
1,1,1.345,1.9775,0.468773,0,0,0,0,0,0.8,0.0132743,0,0,0,2,toxicchat
1,1,0.265,0.35625,0.432075,0,0,0,0.2,0.3,0,0.0350877,0,0,0,2,toxicchat
1,0,0.895,1.24,0.43743,0.4,0.2,0,0,0,0.2,0.016129,0,0,0,2,toxicchat
1,0,0.435,0.58875,0.432184,0,0,0,0,0,0,0.0254777,0,0,0,2,toxicchat
1,1,0.29,0.42875,0.484483,0,0,0,0.2,0.3,0,0.0204082,0,0,0,2,toxicchat
1,0,0.405,0.61375,0.495062,0,0,0,0,0.1,0,0.0142566,0.666667,0,0,2,toxicchat
1,1,1.3,1.935,0.466154,0,0,0,0,0,0.7,0.0297158,0,0,0,2,toxicchat
1,0,0.26,0.4025,0.511538,0,0,0,0,0.1,0,0.015528,0.333333,0,0,2,toxicchat
1,1,0.16,0.30625,0.503125,0,0,0,0,0,1,0.0857143,0,0,0,2,toxicchat
1,0,1.76,2.40625,0.428125,0.2,0.2,0,0,0,2,0.0202597,0,0,0,2,toxicchat
1,1,0.055,0.07875,0.463636,0,0,0,0,0,0,0.0793651,0,0,0,2,toxicchat
1,0,0.24,0.41125,0.58125,0,0,0,0,0.1,0,0.00911854,0.666667,0,0,2,toxicchat
1,0,0.66,0.8775,0.419697,0.2,0.2,0.2,0,0.5,0,0.031339,0.333333,0.25,0,2,toxicchat
1,0,1.32,1.97625,0.481061,0,0,0,0,0.1,1.6,0.0113852,0,0,0,2,toxicchat
1,0,0.3,0.4675,0.51,0,0,0,0,0.2,0,0.0106952,1,0,0,2,toxicchat
1,1,0.33,0.4625,0.448485,0,0,0.4,0,0.1,0,0.027027,0,0,0,2,toxicchat
1,1,1.55,2.11,0.430323,0,0,0,0,0,0.6,0.0189573,0,0,0,2,toxicchat
1,0,0.91,1.34375,0.464835,0,0,0,0.2,0,1,0.0176744,0,0,0,2,toxicchat
1,1,1.78,2.7075,0.489045,0.6,0,0,0,0,3.8,0.065097,0,0,0,2,toxicchat
1,0,0.885,1.18125,0.39661,0,0,0,0,0.3,1.3,0.0190476,0.333333,0,0,2,toxicchat
1,1,0.73,1.1325,0.488356,0,0,0,0,0,0.5,0.0143488,0,0,0,2,toxicchat
1,0,0.205,0.31375,0.504878,0.2,0,0,0,0.2,0,0.0199203,1,0,0,2,toxicchat
1,1,1.66,2.72,0.524699,0,0,0,0,0,2.2,0.0436581,0,0,0,2,toxicchat
1,0,1.85,2.75,0.479189,0,0,0,0,0,1,0.0181818,0,0,0,2,toxicchat
1,1,1.235,1.55125,0.379352,0,0,0,0,0.4,2.8,0.0257857,0,0,0,2,toxicchat
1,0,2.81,3.89375,0.430427,0,0,0,0,0.1,3.8,0.0195827,0,0.25,0,2,toxicchat
1,0,0.49,0.75875,0.510204,0,0,0,0,0,0,0.0131796,0,0.25,0,2,toxicchat
1,1,0.48,0.66125,0.439583,0,0,0.2,0,0,0,0.0189036,0,0,0,2,toxicchat
1,0,1.77,2.3025,0.406497,0,0,0,0,0,1,0.0130293,0,0,0,2,toxicchat
1,1,1.245,1.99,0.503614,0,0,0,0,0,0.9,0.00942211,0,0,0,2,toxicchat
1,1,1.17,1.67,0.452564,0,0,0,0,0,0.5,0.0224551,0,0,0,2,toxicchat
1,0,1.675,2.445,0.468358,0,0,0,0.2,0.4,1,0.0230061,0,0,0,2,toxicchat
1,1,0.71,1.12875,0.526056,0,0,0,0,0,0.6,0.0166113,0,0,0,2,toxicchat
1,1,2.12,2.8775,0.417217,0.8,0,0,0,1,3.2,0.0291051,1,0,0,2,toxicchat
1,1,0.385,0.56625,0.480519,0,0,0,0,0.4,0,0.01766,0,0,0,2,toxicchat
1,0,1.625,2.3225,0.458154,0,0,0,0,0,1.5,0.0172228,0,0,0,2,toxicchat
1,0,0.26,0.3525,0.423077,0,0.4,0,0,0.4,0,0.0248227,0,0,0,2,toxicchat
1,1,0.095,0.13125,0.431579,0.2,0.2,0,0,0,0,0.0380952,0,0,0,2,toxicchat
1,1,1.085,1.26875,0.334101,2,0,0,0,2,1,0.0433498,0,0,0,2,toxicchat
1,0,0.37,0.55625,0.494595,0,0,0,0,0.1,0,0.011236,0.333333,0,0,2,toxicchat
1,0,0.335,0.4775,0.461194,0,0,0,0,0.1,0,0.0235602,0.333333,0,0,2,toxicchat
1,1,0,0.0525,0,0,0,0,0,0,0,0,0,0,0,2,toxicchat
1,1,0.215,0.2675,0.4,0,0,0,0,0,0.7,0.0420561,0,0,0,2,toxicchat
1,0,1.325,1.79125,0.421132,0,0,0,0,0,1.8,0.0125611,0,0,0,2,toxicchat
1,1,0.07,0.08875,0.4,0,0,0,0,0,0,0.0140845,0,0,0,2,toxicchat
1,0,0.5,0.74,0.483,0,0,0,0,0,0,0.00844595,0.333333,0,0,2,toxicchat
1,0,0.04,0.225,0.3125,0,0,0,0,0,0.2,0.0333333,0,0,0,2,toxicchat
1,0,1.985,2.6625,0.424433,0,0,0,0,0,1.2,0.00892019,0,0,0,2,toxicchat
1,0,0.05,0.06875,0.45,0,0,0,0,0.1,0,0.0363636,0.333333,0,0,2,toxicchat
1,0,0.05,0.0625,0.39,0,0,0,0,0.1,0,0.04,0.666667,0,0,2,toxicchat
1,0,1.19,1.635,0.434874,0,0,0,0,0,0.6,0.0137615,0,0,0,2,toxicchat
1,1,0.115,0.16,0.447826,0.2,0,0.2,0,0.1,0,0.0234375,0.333333,0,0,2,toxicchat
1,1,0.855,1.35625,0.509942,0,0,0,0,0,0.6,0.0193548,0,0,0,2,toxicchat
1,1,1.455,2.05875,0.453265,0,0,0,0,0,0.8,0.0206436,0,0,0,2,toxicchat
1,0,0.6,0.81,0.415,0,0,0,0.2,0.4,0.9,0.0385802,0,0,0,2,toxicchat
1,1,0.37,0.46125,0.385135,0,0,0.2,0,0.4,0,0.0189702,0,0,0,2,toxicchat
1,1,0.09,0.1125,0.388889,0.2,0.2,0,0,0.1,0,0.0333333,0,0,0,2,toxicchat
1,0,0.325,0.4725,0.463077,0.2,0,0,0,0.2,0.4,0.031746,0,0.25,0,2,toxicchat
1,0,0.325,0.46875,0.466154,0,0,0,0,0.3,0,0.805333,0.666667,0.25,0,2,toxicchat
1,0,1.03,1.47,0.45,0,0,0,0,0,0.8,0.0102041,0,0,0,2,toxicchat
1,0,0.49,0.66375,0.405102,0.2,0.4,0.2,0,0.1,0.7,0.0338983,0,0,0,2,toxicchat
1,0,0.335,0.51875,0.501493,0,0,0,0,0.1,0,0.0289157,0.666667,0,0,2,toxicchat
1,1,1.34,1.8125,0.422015,0,0,0,0,0,2.5,0.0441379,0,0,0,2,toxicchat
1,0,0.335,0.5125,0.5,0,0,0,0,0.2,0,0.0121951,0.666667,0,0,2,toxicchat
1,0,0.175,0.2075,0.36,0.4,0.2,0,0,0,0.3,0.0301205,0,0,0,3,toxicchat
1,1,1.095,1.745,0.519635,0,0,0,0.4,0,0.7,0.032235,0,0,0,3,toxicchat
1,0,0.175,0.2675,0.505714,0,0,0,0,0.1,0,0.0140187,0.666667,0,0,3,toxicchat
1,0,0.875,1.19125,0.419429,0,0,0,0,0,0.9,0.0104932,0,0,0,3,toxicchat
1,0,0.005,0.01375,1,0,0,0,0,0,0,0.0909091,0,0,0,3,toxicchat
1,1,1.645,2.1275,0.402128,0,0,0,0,1.2,1.8,0.0246769,0.333333,0,0.25,3,toxicchat
1,0,0.805,1.03125,0.393789,0,0,0,0,0,3,0.0363636,0,0,0,3,toxicchat
1,0,0.365,0.58875,0.528767,0,0,0,0,0,0,0.00849257,0,0,0,3,toxicchat
1,0,1.11,1.55125,0.446847,0,0,0,0,0,0.8,0.0136986,0,0,0,3,toxicchat
1,1,0.29,0.40875,0.443103,0,0.2,0,0,0,0,0.0152905,0,0,0,3,toxicchat
1,0,0.24,0.3625,0.491667,0.2,0,0,0,0.2,0,0.0241379,0.666667,0,0,3,toxicchat
1,1,1.845,2.7275,0.480217,0,0,0,0,0,0.8,0.012374,0,0,0,3,toxicchat
1,0,1.375,1.89875,0.425818,0.2,0,0,0,0.1,2.2,0.0256748,0.666667,0,0,3,toxicchat
1,0,1.84,2.47625,0.419022,0.2,0.2,0,0,0,2,0.0201918,0,0.25,0,3,toxicchat
1,0,1,1.6875,0.552,0,0,0,0,0,1.1,0.00888889,0,0,0,3,toxicchat
1,0,0.55,0.84125,0.499091,0,0,0,0,0,0,0.0163447,0,0,0,3,toxicchat
1,0,1.95,2.59,0.415385,0.2,0,0.2,0,0,0.9,0.019305,0,0,0,3,toxicchat
1,0,0.45,0.60375,0.432222,0,0,0,0,0,0,0.00828157,0,0,0,3,toxicchat
1,0,0.275,0.43625,0.529091,0,0,0,0,0.2,0,0.017192,0.333333,0,0,3,toxicchat
1,0,1.17,1.55375,0.414957,0,0.4,0,0,1.3,0.6,0.0273532,1,0,0,3,toxicchat
1,0,0.12,0.16875,0.45,0,0,0,0,0.2,0,0.037037,0.333333,0,0,3,toxicchat
1,0,0.275,0.40125,0.472727,0,0,0,0,0.2,0,0.0249221,0.333333,0.25,0.25,3,toxicchat
1,1,0.17,0.215,0.391176,0.2,0.6,0,0,0,0.3,0.0348837,0,0,0,3,toxicchat
1,1,0.36,0.54375,0.491667,0,0,0,0.2,0.1,0,0.0137931,0.666667,0,0,3,toxicchat
1,0,0.42,0.695,0.552381,0,0,0,0,0.1,0,0.0107914,0.666667,0,0,3,toxicchat
1,0,0.275,0.36125,0.418182,0,0,0,0,0.2,0,0.0138408,1,0,0,3,toxicchat
1,0,0.49,0.7125,0.473469,0.2,0,0,0,0.5,0,0.0175439,0.333333,0,0,3,toxicchat
1,1,0.045,0.065,0.4,0,0,0,0,0,0,0.0384615,0,0,0,3,toxicchat
1,0,0.74,0.9875,0.418243,0.2,0.4,0,0,0.2,0.6,0.0189873,0,0,0,3,toxicchat
1,0,0.855,1.14375,0.410526,0.6,0,0,0,0.8,0.8,0.0491803,0.333333,0,0.25,3,toxicchat
1,1,0.545,0.76875,0.455046,0,0,0,0.2,0.5,0.1,0.0130081,0,0,0,3,toxicchat
1,0,1.525,1.9325,0.387541,0,0,1.4,0,2,2,0.0265201,0,0.25,0,3,toxicchat
1,1,1.05,1.4925,0.418095,0,0,0,0,0,2,0.00837521,0,0,0,3,toxicchat
1,0,0.635,0.845,0.411811,0,0,0,0,0.1,0,0.0443787,0,0,0,3,toxicchat
1,0,0.33,0.40375,0.362121,0,1,0,0,0.3,0,0.0309598,0,0,0,3,toxicchat
1,1,0.09,0.115,0.4,0.2,0,0,0,0.1,0,0.0434783,0.666667,0,0,3,toxicchat
1,0,0.41,0.56125,0.436585,0.2,0,0,0,0.5,0,0.0289532,1.33333,0,0,3,toxicchat
1,0,0.86,1.38125,0.522093,0,0,0,0.2,0,0.6,0.0135747,0,0,0,3,toxicchat
1,1,0.06,0.075,0.391667,0.2,0,0,0,0,0,0.0333333,0,0,0,3,toxicchat
1,1,0.04,0.0775,0.675,0,0,0,0,0,0.2,0.0483871,0,0,0,3,toxicchat
1,1,0.325,0.49625,0.487692,0,0,0,0.2,0.1,0,0.02267,0,0,0,3,toxicchat
1,1,0.525,0.8025,0.497143,0,0,0,0.2,0.2,0,0.0140187,0.333333,0,0,3,toxicchat
1,1,1.375,1.98375,0.437818,0,0,0,0,0,1.1,0.0302457,0,0,0,3,toxicchat
1,1,0.05,0.0625,0.39,0,0.2,0,0,0,0,0.02,0,0.25,0,3,toxicchat
1,0,0.65,1.0475,0.530769,0,0,0,0,0,0,0.00835322,0,0,0,3,toxicchat
1,1,1.425,1.965,0.437895,0.2,0,0,0,0,1,0.0139949,0,0,0,3,toxicchat
1,0,0.7,1.07,0.499286,0,0,0,0.2,0,0.4,0.00700935,0,0,0,3,toxicchat
1,1,1.39,2.01,0.461511,0,0,0,0,0,0.8,0.0143035,0,0,0,3,toxicchat
1,0,0.58,0.75125,0.406897,0,0,0,0,0,0,0.0116473,0,0,0,3,toxicchat
1,0,0.24,0.3425,0.460417,0,0,0,0,0.1,0,0.0291971,0.666667,0,0,3,toxicchat
1,0,0.395,0.5825,0.482278,0,0,0,0,0,0,0.0107296,0,0,0,3,toxicchat
1,1,0.41,0.5275,0.387805,0,0,0,0,0,0.3,0.00947867,0,0,0,3,toxicchat
1,0,0.7,1.03375,0.481429,0,0,0,0,0.1,0.2,0.00967352,0.666667,0,0,3,toxicchat
1,0,0.635,0.90875,0.45748,0,0,0,0,0,0,0.0165062,0,0,0,3,toxicchat
1,0,1.235,1.76625,0.450202,0,0,0,0,0.1,0.8,0.0141543,0,0,0,3,toxicchat
1,0,2.355,3.19375,0.412739,0.8,0.4,0,0,1.1,8.1,0.13816,1,0,0,3,toxicchat
1,0,0.945,1.14875,0.362963,0,0,0,0,0.2,2.3,0.0239391,0,0,0,3,toxicchat
1,1,0.32,0.4275,0.425,0,0,0,0.2,0.3,0,0.0292398,0,0.25,0,3,toxicchat
1,0,0.225,0.325,0.464444,0,0,0,0,0.3,0,0.0307692,0.666667,0,0,3,toxicchat
1,1,0.24,0.30875,0.404167,0.2,0,0,0,0.3,0,0.0283401,0.666667,0,0,3,toxicchat
1,0,0.41,0.625,0.497561,0,0,0,0,0.3,0,0.014,0.333333,0,0,3,toxicchat
1,0,0.455,0.66625,0.475824,0,0,0,0,0,0,0.00750469,0,0,0,3,toxicchat
1,1,0.765,1.115,0.477124,0,0,0.4,0,0.2,0.2,0.0156951,0.666667,0,0,3,toxicchat
1,1,0.58,0.845,0.468103,0,0,0,0,0,0,0.0532544,0,0,0,3,toxicchat
1,0,0.035,0.03625,0.3,0.2,0.2,0,0,0.1,0,0.103448,0,0,0,3,toxicchat
1,1,1.4,1.93,0.441429,0,0,0,0,0.2,1,0.011658,0,0.25,0,3,toxicchat
1,0,0.92,1.37625,0.486413,0,0,0,0.2,0.1,0.6,0.00817439,0.666667,0,0,3,toxicchat
1,0,0.13,0.20375,0.515385,0,0,0,0,0.1,0,0.0368098,0.333333,0,0,3,toxicchat
1,0,0.11,0.12125,0.327273,0.2,0.2,0,0,0,0.2,0.0309278,0,0,0,3,toxicchat
1,1,0.425,0.575,0.425882,0,0,0,0,0,0,0.0369565,0,0,0,3,toxicchat
1,1,1.955,2.87875,0.47289,0,0,0.2,0.2,0,1,0.0108554,0,0,0,3,toxicchat
1,1,0.66,0.96875,0.430303,0,0,0,0,0,1.4,0.04,0,0,0,3,toxicchat
1,0,0.725,1.21125,0.472414,0,0,0,0,0.5,2.2,0.0154799,0,0,0,3,toxicchat
1,0,0.345,0.485,0.453623,0.2,0,0,0,0.2,0,0.0206186,0.666667,0,0,3,toxicchat
1,0,0.52,0.77875,0.485577,0,0.4,0,0,0.2,0,0.0160514,0,0,0,3,toxicchat
1,0,1.155,1.76125,0.484848,0,0,0,0,0,1,0.0134847,0,0,0,3,toxicchat
1,0,1.24,1.66625,0.427419,0,0,0,0,0,0.8,0.00825206,0,0,0,3,toxicchat
1,1,1.01,1.43,0.425743,0.4,0,0,0,1,1.2,0.0393357,0,0,0,3,toxicchat
1,1,0.16,0.215,0.421875,0.2,0,0,0,0,0,0.0116279,0,0,0,3,toxicchat
1,1,1.09,1.58125,0.47156,0,0,0,0,0,0.4,0.0055336,0,0,0,3,toxicchat
1,1,1.86,2.645,0.452419,0.2,0.2,0.2,0,0.2,1.2,0.020794,0.666667,0,0,4,toxicchat
1,0,1.6,2.13625,0.406562,0.4,0.2,0.2,0,0.3,1.6,0.0204798,0,0.25,0,4,toxicchat
1,0,1.44,2.09,0.463542,0,0.4,0.2,0,0,1.2,0.0131579,0,0,0,4,toxicchat
1,0,0.045,0.06875,0.477778,0,0,0,0,0,0,0.0363636,0,0,0,4,toxicchat
1,0,0.435,0.6875,0.524138,0,0,0,0,0.1,0,0.0127273,0.666667,0,0,4,toxicchat
1,1,0.635,0.8825,0.433071,0,0,0,0,0,2.8,0.0339943,0,0,0,4,toxicchat
1,1,1.285,1.9775,0.497276,0,0,0,0.2,0.2,0.8,0.0139064,0,0,0,4,toxicchat
1,0,1.81,2.42625,0.406354,0.2,0,0,0,1.1,3,0.0252447,0.666667,0,0.25,4,toxicchat
1,1,0.335,0.5475,0.541791,0,0,0,0,0.2,0,0.0159817,0.333333,0,0,4,toxicchat
1,0,1.595,2.0875,0.40094,1,0,0,0,2.5,2.2,0.0341317,0,0,0.25,4,toxicchat
1,0,0.52,0.845,0.509615,0,0,0,0,0,0,0.0177515,0,0,0,4,toxicchat
1,0,1.82,2.5325,0.442033,0,0,0,0,0,1.4,0.023692,0,0,0,4,toxicchat
1,1,0.07,0.09625,0.435714,0.2,0,0,0,0.1,0,0.0909091,0,0,0,4,toxicchat
1,0,1.565,2.11,0.415974,0.6,0.2,0,0,0.6,1.2,0.0266588,0.666667,0,0,4,toxicchat
1,0,1.86,2.53,0.427151,0,0,0,0,0,1.2,0.0108696,0,0,0,4,toxicchat
1,0,0.195,0.28875,0.484615,0,0,0,0,0.1,0,0.012987,1,0,0,4,toxicchat
1,1,0.845,1.21875,0.427811,0,0,0,0,0,1,0.0225641,0,0,0,4,toxicchat
1,1,0.305,0.4575,0.445902,0.6,1.6,0,0,0,0,0.0819672,0,0,0,4,toxicchat
1,1,1.325,1.8275,0.438491,0,0,0,0,0.2,0.8,0.0273598,0,0,0,4,toxicchat
1,1,0.14,0.20875,0.489286,0.2,0,0,0,0.1,0,0.0179641,0.333333,0.25,0,4,toxicchat
1,1,0.835,1.2225,0.467665,0,0,0,0,0,0.4,0.00920245,0,0,0,4,toxicchat
1,1,0.225,0.2975,0.417778,0,0,0,0,0.2,0,0.0168067,0,0,0,4,toxicchat
1,1,0.415,0.58625,0.459036,0,0,0,0,0.3,0,0.010661,0,0,0,4,toxicchat
1,0,0.795,1.16125,0.406918,0.6,0.2,0,0,0.3,2,0.0484392,0,0,0.25,4,toxicchat
1,1,0.825,1.36875,0.481818,0,0,0,0,0.1,1.9,0.026484,0.333333,0,0,4,toxicchat
1,1,0.2,0.265,0.4225,0.2,0.2,0,0,0.2,0,0.0330189,0,0,0,4,toxicchat
1,1,0.27,0.3625,0.431481,0.2,0,0,0,0.3,0,0.0172414,0.333333,0,0,4,toxicchat
1,0,0.325,0.5125,0.52,0,0,0,0,0,0,0.00731707,0,0,0,4,toxicchat
1,1,0.19,0.30375,0.402632,0,0,0,0,0,0.6,0.0164609,0,0,0,4,toxicchat
1,1,0.805,1.34125,0.552174,0,0,0,0,0,0.3,0.0307549,0,0,0,4,toxicchat
1,1,1.165,1.7925,0.445064,0,0.2,0.2,0,0,1.1,0.0320781,0,0,0,4,toxicchat
1,1,0.295,0.38,0.408475,0,0,0,0.2,0.2,0,0.0131579,0.666667,0,0,4,toxicchat
1,1,1.305,2.085,0.520307,0,0,0,0,0,0.5,0.0557554,0,0,0,4,toxicchat
1,1,0.21,0.36,0.47619,0,0,0,0,0,1,0.0798611,0,0,0,4,toxicchat
1,0,0.34,0.59375,0.541176,0,0,0,0,0,0.9,0.109474,0,0,0,4,toxicchat
1,1,0.515,0.75625,0.478641,0,0,0,0.2,0,0,0.0115702,0,0,0,4,toxicchat
1,1,0.45,0.73625,0.548889,0,0,0,0,0,0,0.0135823,0,0,0,4,toxicchat
1,1,0.035,0.03875,0.342857,0,0,0,0,0,0,0.0322581,0,0,0,4,toxicchat
1,0,0.28,0.38,0.435714,0.2,0,0.2,0,0.1,0,0.0131579,0.333333,0.25,0,4,toxicchat
1,1,0.24,0.3575,0.4875,0.2,0.2,0,0,0.1,0,0.020979,0,0,0,4,toxicchat
1,1,0.535,0.71125,0.411215,0,0,0,0,0,0,0.00878735,0,0,0,4,toxicchat
1,1,0.32,0.47125,0.473438,0,0,0,0.2,0.1,0,0.0212202,0.333333,0,0,4,toxicchat
1,1,0.49,0.6675,0.433673,0,0,0,0,0,0,0.0168539,0,0,0,4,toxicchat
1,1,0.205,0.33875,0.55122,0,0,0,0,0,0,0.0405904,0,0,0,4,toxicchat
1,1,0.51,0.67875,0.414706,0,0,0,0,0,0,0.00736648,0,0,0,4,toxicchat
1,1,1.555,2.33625,0.485852,0,0,0,0,0,0.8,0.0278224,0,0,0,4,toxicchat
1,1,0.815,1.035,0.392638,0.4,1,0,0,0.2,0.4,0.0362319,0,0,0,4,toxicchat
1,1,0.38,0.49875,0.411842,0,0,0,0,0,0.1,0.0275689,0,0,0,4,toxicchat
1,1,1.415,1.96875,0.443463,0,0,0,0,0,1,0.0133333,0,0,0,4,toxicchat
1,1,0.42,0.58875,0.45119,0,0,0,0.2,0.5,0,0.0191083,0.333333,0,0,4,toxicchat
1,1,0.04,0.0575,0.45,0,0,0,0,0,0,0.0869565,0,0,0,4,toxicchat
1,0,0.175,0.255,0.471429,0,0,0,0,0.3,0,0.0882353,0,0,0,4,toxicchat
1,1,0.25,0.34375,0.42,0.2,0,0,0,0,0,0.0145455,0,0,0,4,toxicchat
1,1,0.02,0.025,0.4,0,0,0,0,0,0,0.05,0,0,0,4,toxicchat
1,1,0.04,0.05375,0.4,0.2,0,0,0,0,0,0.0465116,0,0,0,4,toxicchat
1,1,0.66,0.8925,0.384091,0,0.4,0,0,0,1.9,0.0168067,0,0,0,4,toxicchat
1,1,0.23,0.3475,0.467391,0,0,0,0,0,0,0.0755396,0,0,0,4,toxicchat
1,1,1.065,1.59625,0.471831,0,0.2,0,0,0,1.1,0.018011,0,0.25,0,4,toxicchat
1,1,1.355,1.90125,0.446125,0,0,0,0,0,1,0.0243261,0,0,0,4,toxicchat
1,1,0.16,0.22125,0.44375,0.2,0.2,0,0,0.2,0,0.039548,0,0,0,4,toxicchat
1,1,0.445,0.58875,0.4,0,0,0,0,0,0,0.0191083,0,0,0,4,toxicchat
1,1,1.11,1.89125,0.547297,0,0,0,0,0,1,0.0185063,0,0,0,4,toxicchat
1,1,0.26,0.38125,0.457692,0,0,0,0,0,0.3,0.0229508,0,0,0,4,toxicchat
1,1,1.42,2.06,0.468662,0,0.2,0,0,0,0.8,0.0218447,0,0,0,4,toxicchat
1,1,0.04,0.0525,0.4,0.2,0,0,0,0,0,0.047619,0,0,0,4,toxicchat
1,1,0.07,0.115,0.464286,0,0,0,0,0,0,0.0869565,0,0,0,4,toxicchat
1,1,0.95,1.5525,0.535263,0,0,0,0.4,0,1.1,0.02657,0,0,0,4,toxicchat
1,1,0.265,0.42125,0.530189,0,0,0,0.2,0,0,0.0563798,0,0,0,4,toxicchat
1,1,0.275,0.37125,0.430909,0,0.2,0,0.2,0.1,0,0.023569,0.333333,0,0,4,toxicchat
1,1,0.685,0.90875,0.40219,0,0,0,0,0,0.9,0.0137552,0,0,0,4,toxicchat
1,1,1.165,1.70875,0.469957,0,0,0,0,0,0.5,0.0117045,0,0,0,4,toxicchat
1,1,0.005,0.01,0.8,0,0,0,0,0,0,0,0,0,0,4,toxicchat
1,1,0.355,0.505,0.45493,0,0,0,0.4,0.4,0,0.0470297,0.333333,0,0,4,toxicchat
1,1,1.27,1.79,0.442913,0,0,0,0,0,1.2,0.0314246,0,0,0,4,toxicchat
1,1,0.065,0.08625,0.415385,0,0.2,0,0,0.1,0,0.0434783,0,0.25,0,4,toxicchat
1,1,0.415,0.5725,0.437349,0,0,0,0,0,0,0.010917,0,0,0,4,toxicchat
1,1,1.1,1.48625,0.420455,0,0,0,0,0,0.6,0.0218671,0,0,0,4,toxicchat
1,0,1.21,1.69875,0.405372,0,0,0,0.2,0.4,3.8,0.0588668,0.666667,0,0,4,toxicchat
1,1,0.035,0.045,0.385714,0.2,0,0,0,0,0,0.0555556,0,0,0,4,toxicchat
1,1,0.13,0.21375,0.438462,0,0,0,0,0,0.1,0.0409357,0,0,0,4,toxicchat
1,0,0.18,0.26,0.469444,0,0,0,0,0.2,0,0.0192308,0.666667,0,0,5,toxicchat
1,1,0.695,1.00375,0.464029,0,0,0,0.2,0.7,0.2,0.0174346,0,0,0,5,toxicchat
1,1,0.325,0.67875,0.692308,0,0,0,0,0,0.7,0.0184162,0,0,0,5,toxicchat
1,1,1.01,1.5325,0.482673,0,0,0,0,0,0.7,0.00815661,0,0,0,5,toxicchat
1,1,1.095,1.88,0.56758,0,0,0,0,0,0.7,0.0166223,0,0,0,5,toxicchat
1,0,0.385,0.49,0.4,0,0,0.2,0,0,0,0.0102041,0,0,0,5,toxicchat
1,1,0.335,0.5275,0.51791,0,0,0,0,0.2,0,0.0189573,0,0,0,5,toxicchat
1,1,0.385,0.52,0.403896,0,0,0,0,0,0.2,0.0456731,0,0,0,5,toxicchat
1,1,0.985,1.53625,0.514213,0,0,0,0.4,0,0.3,0.00976404,0,0,0,5,toxicchat
1,0,1.685,2.44125,0.461424,0.4,0.2,0,0,0.2,1.4,0.0174091,0.333333,0,0.25,5,toxicchat
1,1,0.765,1.65,0.480392,0,0.2,0,0,0,7.2,0.0204545,0,0,0,5,toxicchat
1,1,1.21,1.83625,0.480165,0,0,0,0.2,0.3,0.7,0.0258679,0.333333,0,0,5,toxicchat
1,1,0.425,0.53625,0.377647,0,0.2,0,0,0,0.6,0.039627,0,0,0,5,toxicchat
1,1,0.58,0.905,0.505172,0,0,0,0,0,0.2,0.0138122,0,0,0,5,toxicchat
1,1,0.51,0.78375,0.504902,0,0,0,0,0,0,0.00797448,0,0,0,5,toxicchat
1,1,0.455,0.63,0.428571,0,0,0,0.2,0,0.2,0.0456349,0,0,0,5,toxicchat
1,1,0.7,0.99625,0.446429,0,0,0,0,0,0.6,0.0163112,0,0,0,5,toxicchat
1,1,0.045,0.05625,0.377778,0.2,0,0,0,0,0,0.0444444,0,0,0,5,toxicchat
1,1,0.195,0.26,0.412821,0,0,0,0,0.2,0,0.0288462,0.333333,0,0,5,toxicchat
1,1,0.78,1.0975,0.446795,0,0,0,0,0,0.4,0.0136674,0,0,0,5,toxicchat
1,0,1.29,2.13875,0.543411,0,0,0,0,0,0.8,0.0140269,0,0,0,5,toxicchat
1,1,0.27,0.4,0.475926,0,0,0,0,0,0,0.009375,0,0,0,5,toxicchat
1,1,0.435,0.59875,0.441379,0.2,0,0,0,0.2,0,0.0187891,0.666667,0,0,5,toxicchat
1,1,0.75,0.995,0.372,0,0,0,0,0,1.7,0.0138191,0,0,0,5,toxicchat
1,1,1.845,2.57625,0.441463,0.2,0,0,0,0,1.6,0.0126152,0,0,0,5,toxicchat
1,1,0.765,1.03125,0.428758,0,0,0,0,0,0.2,0.00848485,0,0,0,5,toxicchat
1,1,0,0.0425,0,0,0,0,0,0,0,0,0,0,0,5,toxicchat
1,1,0.71,1.0975,0.509155,0,0,0,0,0,0,0.0125285,0,0,0,5,toxicchat
1,1,0.385,0.55125,0.448052,0,0,0,0,0,0,0.0657596,0,0,0,5,toxicchat
1,1,1.02,1.48375,0.458824,0,0,0,0,0,0.9,0.0134794,0,0,0,5,toxicchat
1,1,0.59,0.76875,0.405085,0,0.2,0.6,0,0.1,0.4,0.0130081,0,0,0,5,toxicchat
1,1,1.2,1.93,0.518333,0,0,0,0,0,1.2,0.013601,0,0,0,5,toxicchat
1,1,0.19,0.2625,0.444737,0,0,0,0.2,0.1,0,0.0285714,0,0,0,5,toxicchat
1,1,0.59,0.88625,0.472034,0,0.4,0,0,0,1.6,0.0253879,0,0,0,5,toxicchat
1,1,0.225,0.27625,0.382222,0,0,0,0,0.3,0,0.040724,0.333333,0,0,5,toxicchat
1,1,0.76,1.14,0.478289,0,0,0,0,0.3,0.4,0.0263158,0,0,0,5,toxicchat
1,1,0.38,0.65375,0.577632,0,0,0,0,0,0,0.00764818,0,0,0,5,toxicchat
1,0,1.76,2.38375,0.43125,0,0,0.4,0,0,1.2,0.013634,0,0,0,5,toxicchat
1,0,0.195,0.28875,0.484615,0,0,0,0,0,0,0.012987,0.333333,0,0,5,toxicchat
1,1,0.04,0.05125,0.3875,0,0.4,0,0,0.1,0,0.0731707,0,0,0,5,toxicchat
1,1,0.285,0.4625,0.457895,0,0,0,0,0,0.7,0.0324324,0,0,0,5,toxicchat
1,1,1.2,1.6525,0.4425,0,0,0,0,1.4,0.8,0.015885,0,0,0.25,5,toxicchat
1,1,1.615,2.27875,0.433127,0,0,0,0,0,2,0.00987383,0,0,0,5,toxicchat
1,1,0.01,0.01125,0.2,0,0,0,0,0,0,0.444444,0,0,0,5,toxicchat
1,1,1.015,1.62625,0.523645,0,0,0,0,0.1,0.6,0.0115296,0.666667,0,0,5,toxicchat
1,1,1.115,1.9025,0.559641,0,0,0,0.4,0,1.1,0.0131406,0,0,0,5,toxicchat
1,1,1.42,2.215,0.502817,0.4,0,0,0,0,0.8,0.0248307,0,0,0,5,toxicchat
1,1,0.135,0.20375,0.488889,0.2,0,0,0,0,0,0.0368098,0.333333,0.25,0,5,toxicchat
1,1,0.595,0.7125,0.369748,0,0,0,0,0.7,0,0.0192982,0,0.25,0,5,toxicchat
1,1,0.005,0.005,0.3,0.2,0,0,0,0,0,0,0,0,0,5,toxicchat
1,1,0.13,0.245,0.65,0,0,0,0,0,0,0.00510204,0,0,0,5,toxicchat
1,1,0.355,0.43875,0.388732,0,0.2,0,0,0.4,0,0.031339,0,0.25,0,5,toxicchat
1,0,1.705,2.53,0.484457,0,0,0,0.6,0.7,0.6,0.0242095,0,0,0,5,toxicchat
1,1,0.33,0.4,0.368182,0.2,0,0,0,0.1,0,0.025,0,0,0,5,toxicchat
1,1,0.38,0.5,0.415789,0,0,0,0,0.5,0,0.025,0,0,0,5,toxicchat
1,1,0.3,0.4025,0.425,0,0,0,0,0.2,0,0.0217391,0.333333,0,0,5,toxicchat
1,1,0.445,0.7225,0.531461,0,0,0,0.2,0.2,0,0.0138408,0,0,0,5,toxicchat
1,1,0.455,0.73875,0.538462,0,0,0,0,0,0,0.00846024,0,0,0,5,toxicchat
1,1,0.04,0.06125,0.45,0,0,0,0,0,0,0.0204082,0,0,0,5,toxicchat
1,0,0.815,1.2175,0.480982,0,0,0,0.2,0,0.4,0.00924025,0,0,0,5,toxicchat
1,1,0.16,0.2075,0.4125,0,0,0,0,0.2,0,0.0180723,0.333333,0,0,5,toxicchat
1,1,0.375,0.51625,0.438667,0,0.2,0.2,0,0.1,0,0.0217918,0,0.25,0,5,toxicchat
1,1,0.185,0.245,0.402703,0,0,0,0,0,0.2,0.0255102,0,0,0,5,toxicchat
1,1,0.005,0.00375,0.3,0,0,0,0,0,0,0.333333,0,0,0,5,toxicchat
1,1,0.885,1.2425,0.442373,0,0,0.2,0,0,3.4,0.0301811,0,0,0,5,toxicchat
1,1,0.445,0.62125,0.446067,0,0,0,0,0.1,0,0.0342052,0,0,0,5,toxicchat
1,1,0.735,1.02875,0.441497,0,0.2,0,0,0.6,0.4,0.0206561,0.333333,0,0,5,toxicchat
1,1,0.195,0.36625,0.54359,0,0,0,0,0,0.6,0.0750853,0,0,0,5,toxicchat
1,1,0.71,1.00875,0.443662,0,0,0,0,0,1.2,0.016109,0,0,0,5,toxicchat
1,1,0.835,1.14125,0.431138,0,0,0,0,0,0.4,0.00985761,0,0,0,5,toxicchat
1,1,0.35,0.52375,0.491429,0,0,0,0.4,0.1,0,0.0143198,0.333333,0,0,5,toxicchat
1,1,0.755,1.17375,0.506623,0,0,0,0,0,0.4,0.0308839,0,0,0,5,toxicchat
1,1,0.93,1.46875,0.43172,0,0.2,0,0,0,3.3,0.0331915,0,0,0,5,toxicchat
1,1,1.01,1.59,0.514851,0,0,0,0,0,0.2,0.0157233,0,0,0,5,toxicchat
1,0,1.165,1.7175,0.465665,0,0,0,0,0,0.9,0.0138282,0,0,0,5,toxicchat
1,1,0.95,1.34625,0.444737,0,0,0,0,0,0.6,0.0213556,0,0,0,5,toxicchat
1,1,0.3,0.44375,0.485,0,0,0,0,0.1,0,0.0366197,0.666667,0,0,5,toxicchat
1,1,0.325,0.43875,0.433846,0,0,0,0,0,0,0.00854701,0,0,0,5,toxicchat
1,1,0.055,0.08875,0.527273,0,0.2,0,0,0,0,0.0422535,0,0.25,0,5,toxicchat
1,1,1.39,2.2475,0.529856,0,0,0,0,0.3,0.8,0.016129,0,0,0,5,toxicchat
1,1,0.555,0.77375,0.441441,0,0,0,0,0,0,0.00969305,0,0,0,6,toxicchat
1,1,0.225,0.34125,0.471111,0,0,0,0,0,0.1,0.021978,0,0,0,6,toxicchat
1,1,0.65,0.96125,0.478462,0,0,0,0.2,0.7,0,0.0143043,0.333333,0,0,6,toxicchat
1,1,0.725,1.15,0.5,0,0,0,0,0,1.8,0.0315217,0,0,0,6,toxicchat
1,1,0.35,0.5425,0.494286,0,0,0,0.2,0,0,0.0115207,0,0,0,6,toxicchat
1,1,0.39,0.4875,0.388462,0.2,0,0,0,0,0,0.0153846,0,0,0,6,toxicchat
1,1,0.13,0.1875,0.469231,0.2,0,0,0,0.2,0,0.0266667,0.666667,0,0,6,toxicchat
1,1,0.135,0.165,0.377778,0.4,0.2,0,0,0.1,0,0.030303,0,0,0,6,toxicchat
1,1,1.01,1.63125,0.536634,0,0.2,0,0,0.8,0.6,0.010728,0,0,0,6,toxicchat
1,1,1.54,2.2275,0.459091,0,0,0,0,0,1,0.020202,0,0,0,6,toxicchat
1,1,0.81,1.1275,0.421605,0.2,0.4,0,0,0,0.2,0.0155211,0,0,0,6,toxicchat
1,1,0.425,1.31125,0.356471,0,0,0,0,0,11.9,0.0181125,0,0,0,6,toxicchat
1,1,0.295,0.4625,0.50678,0,0,0,0,0,0,0.00810811,0,0,0,6,toxicchat
1,0,1.555,2.2925,0.476527,0,0,0,0.4,0,0.8,0.0114504,0,0,0,6,toxicchat
1,1,0.465,0.755,0.537634,0,0,0,0,0.2,0.2,0.0165563,0.666667,0,0,6,toxicchat
1,1,0.655,0.93625,0.464885,0,0,0,0,0,0,0.0440587,0,0,0,6,toxicchat
1,1,1.26,1.95,0.493254,0,0,0,0,0,0.7,0.050641,0,0,0,6,toxicchat
1,1,0.28,0.395,0.448214,0,0.4,0,0,0,0,0.0221519,0,0,0,6,toxicchat
1,1,0.59,0.795,0.405085,0,0,0,0,0,2.8,0.0377358,0,0,0,6,toxicchat
1,1,0.375,0.6025,0.532,0,0,0,0,0,0,0.00622407,0,0.25,0,6,toxicchat
1,1,1.41,2.64,0.58156,0,0,0,0,0,2.9,0.0179924,0,0,0,6,toxicchat
1,1,0.615,0.84375,0.409756,0,0.2,0,0,0,0.5,0.0207407,0,0,0,6,toxicchat
1,1,1.65,2.4525,0.472424,0,0,0.2,0.2,0,0.9,0.0234455,0,0.25,0,6,toxicchat
1,1,1.005,1.56625,0.475124,0,0,0,0.2,0.2,2.8,0.0231445,0.333333,0.25,0,6,toxicchat
1,1,0.155,0.18875,0.374194,0.2,0,0,0,0,0,0.013245,0,0,0,6,toxicchat
1,1,1.69,2.42875,0.460651,0,0,0,0,0,0.6,0.0149254,0,0,0,6,toxicchat
1,1,0.175,0.24125,0.437143,0,0,0,0,0,0,0.00518135,0,0,0,6,toxicchat
1,1,0.4,0.645,0.46875,0,0,0,0,0,1.3,0.0426357,0,0,0,6,toxicchat
1,1,0.895,1.33125,0.469274,0,0,0,0,0,0.7,0.0131455,0,0,0,6,toxicchat
1,1,0.765,1.04875,0.433333,0,0,0,0.2,0,0.1,0.0166865,0,0,0,6,toxicchat
1,1,1.155,1.795,0.49697,0,0,0,0,0,1.6,0.0271588,0,0,0,6,toxicchat
1,1,1.18,1.71875,0.470763,0,0,0,0.2,0,0.3,0.0174545,0,0,0,6,toxicchat
1,1,0.425,0.58,0.431765,0.2,0,0,0,0.5,0,0.0366379,0.333333,0,0,6,toxicchat
1,1,0.155,0.215,0.448387,0,0,0,0,0,0,0.0232558,0,0,0,6,toxicchat
1,1,1.295,2.38,0.611969,0,0,0,0,0,0.6,0.0262605,0,0,0,6,toxicchat
1,1,0.445,0.5625,0.4,0,0,0,0,0,0,0.00666667,0,0,0,6,toxicchat
1,1,0.18,0.2875,0.522222,0,0,0,0,0,0,0.00869565,0,0,0,6,toxicchat
1,1,0.8,1.10625,0.43875,0,0,0,0,0,0.6,0.0180791,0,0,0,6,toxicchat
1,1,0.195,0.2675,0.423077,0.4,0,0,0,0.3,0.2,0.0981308,0,0,0,6,toxicchat
1,1,0.425,0.54875,0.404706,0,0.2,0,0,0.8,0,0.022779,0,0,0,6,toxicchat
1,1,1.495,2.52875,0.549164,0,0.2,0,0,0,1.1,0.0326248,0,0,0,6,toxicchat
1,1,0.61,0.83,0.431967,0,0,0,0,0,0.4,0.0135542,0,0,0,6,toxicchat
1,1,0.99,1.5575,0.516162,0,0,0,0.2,0,0.6,0.0280899,0,0,0,6,toxicchat
1,1,0.91,1.83625,0.426374,0.8,0.2,0,0,0.2,0.4,0.0306331,0,0,0,6,toxicchat
1,1,1.345,2.1525,0.530855,0,0,0,0,0,0.8,0.00522648,0,0,0,6,toxicchat
1,1,0.77,1.00625,0.403247,1,0,0,0,0.1,1.5,0.0298137,0.333333,0,0,6,toxicchat
1,1,0.95,1.44125,0.496316,0,0,0.2,0.4,0.5,0.2,0.0225499,0.333333,0,0,6,toxicchat
1,1,0.97,1.3775,0.453093,0,0,0,0,0,0.6,0.0172414,0,0,0,6,toxicchat
1,1,0.02,0.03,0.475,0,0,0,0,0,0,0.0416667,0,0,0,6,toxicchat
1,1,0.07,0.1175,0.5,0,0,0,0,0,0,0.648936,0,0.25,0,6,toxicchat
1,1,0.305,0.6625,0.411475,0.4,1.8,0,0,0.2,0.4,0.0320755,0,0,0.25,6,toxicchat
1,1,0.07,0.08875,0.392857,0.2,0,0,0,0.2,0,0.084507,0,0,0,6,toxicchat
1,1,0.54,0.7725,0.459259,0,0,0,0,0,0,0.0113269,0,0,0,6,toxicchat
1,1,0.745,1.2775,0.575168,0,0,0,0,0,0.6,0.0410959,0,0,0,6,toxicchat
1,0,0.665,0.9475,0.457895,0,0,0,0,0,0,0.0105541,0,0,0,6,toxicchat
1,1,1.03,1.535,0.483981,0,0,0,0,0,0.4,0.0154723,0,0,0,6,toxicchat
1,1,1.07,1.57875,0.466355,0,0,0,0,0,0.7,0.0324624,0,0,0,6,toxicchat
1,1,1.04,1.665,0.509135,0,0,0,0,1,1,0.0195195,0,0,0,6,toxicchat
1,1,0.92,1.415,0.47663,0,1.4,0,0,0,3.6,0.0282686,0,0,0,6,toxicchat
1,1,0.01,0.01625,0.55,0,0,0,0,0,0,0.846154,0,0,0,6,toxicchat
1,1,0.33,0.42375,0.409091,0,0,0,0,0,0,0.0147493,0,0,0,6,toxicchat
1,1,1.09,1.63,0.487156,0,0,0,0.2,0,0.4,0.00690184,0,0,0,6,toxicchat
1,1,0.39,0.515,0.419231,0,0,0,0,0.4,0,0.0194175,0,0,0,6,toxicchat
1,0,1.155,1.5225,0.403896,0,0.2,0.2,0,0.3,1.4,0.0262726,0.333333,0.25,0,6,toxicchat
1,1,0.61,0.84,0.442623,0,0,0,0,0.3,0.1,0.0104167,0,0,0,6,toxicchat
1,1,0.43,0.73375,0.560465,0,0,0,0,0,0,0.0238501,0,0,0,6,toxicchat
1,1,1.535,2.06625,0.420195,0,0,0.2,0.4,0,1.4,0.0229885,0,0,0,6,toxicchat
1,1,0.32,0.39,0.36875,0,0.4,0,0,0.3,0,0.0352564,0,0,0,6,toxicchat
1,1,0.15,0.2225,0.49,0.2,0,0,0,0,0,0.011236,0,0,0,6,toxicchat
1,1,0.24,0.32125,0.427083,0,0,0,0,0.4,0,0.0311284,0,0.25,0,6,toxicchat
1,1,0.175,0.22625,0.411429,0,0,0,0,0.2,0,0.0165746,0.333333,0,0,6,toxicchat
1,1,0.51,0.73875,0.465686,0,0,0,0,0.5,0,0.0169205,0,0,0,6,toxicchat
1,1,1.13,1.76375,0.503982,0,0,0,0,0,1.2,0.0141743,0,0,0,6,toxicchat
1,0,0.31,0.43625,0.453226,0,0,0,0,0.4,0,0.0143266,0,0,0,6,toxicchat
1,1,0.76,1.08375,0.457237,0,0,0,0,0,0.4,0.0253749,0,0,0,6,toxicchat
1,1,0.29,0.395,0.437931,0,0,0,0,0.2,0,0.0221519,0.333333,0.25,0,6,toxicchat
1,1,0.05,0.05875,0.37,0,0,0,0,0,0,0.0212766,0,0,0,6,toxicchat
1,1,1.005,1.61125,0.518408,0,0,0,0.2,0,0.5,0.0139643,0,0,0,6,toxicchat
1,1,1.315,2.09875,0.457795,0,0,0,0,0,3.8,0.0387135,0,0,0,6,toxicchat
1,1,0.11,0.13875,0.390909,0.2,0.2,0,0,0.1,0,0.036036,0,0,0,6,toxicchat
1,1,0.68,1.135,0.480147,0,0,0,0,0,2.5,0.0748899,0,0,0,7,toxicchat
1,1,1.775,2.44125,0.439155,0,0,0,0,0,1.8,0.0133129,0,0,0,7,toxicchat
1,1,1.25,2.13875,0.5584,0,0,0.2,0,0,0.9,0.0116891,0,0,0,7,toxicchat
1,1,0.03,0.04375,0.466667,0,0,0,0,0,0,0.0571429,0,0,0,7,toxicchat
1,1,0.03,0.04125,0.433333,0.2,0.2,0,0,0,0,0.0909091,0,0,0,7,toxicchat
1,1,1.365,2.23125,0.513553,0,0,0,0,0,1.1,0.0397759,0,0,0,7,toxicchat
1,1,0.615,0.88375,0.463415,0,0,0,0,0,0,0.00990099,0,0,0,7,toxicchat
1,1,0.34,0.48125,0.461765,0,0,0,0,0.2,0,0.0155844,0.333333,0,0,7,toxicchat
1,1,0.065,0.075,0.346154,0.2,0,0,0,0.2,0,0.0833333,0,0,0,7,toxicchat
1,1,0.825,1.1325,0.433333,0.2,0.2,0,0,0,1,0.013245,0,0,0,7,toxicchat
1,1,0.46,0.6425,0.45,0,0,0,0,0,0,0.00583658,0,0,0,7,toxicchat
1,1,0.015,0.01375,0.266667,0,0,0,0,0,0,0.0909091,0,0,0,7,toxicchat
1,1,0.025,0.07625,0.64,0,0.2,0,0,0,0.1,0.0491803,0,0,0,7,toxicchat
1,1,0.31,0.45125,0.472581,0.2,0,0,0,0,0,0.0360111,0.666667,0,0,7,toxicchat
1,1,1.185,1.73375,0.454008,0,0,0,0,0,3,0.0230714,0,0,0,7,toxicchat
1,1,0.08,0.0975,0.375,0,0.4,0,0,0,0,0.0641026,0,0,0,7,toxicchat
1,1,0.415,0.60375,0.472289,0,0,0,0,0.4,0,0.010352,0,0,0,7,toxicchat
1,1,0.73,0.98125,0.421918,0,0,0.2,0,0,0.2,0.0101911,0,0,0,7,toxicchat
1,1,2.095,2.75375,0.414797,0,0,0,0,0,1,0.0154335,0,0,0,7,toxicchat
1,1,0.035,0.04875,0.442857,0,0,0,0,0,0,0.025641,0,0,0,7,toxicchat
1,1,1.71,2.4475,0.454678,0,0,0,0,0,0.9,0.0306435,0,0,0,7,toxicchat
1,1,0.555,0.85125,0.504505,0,0,0,0,0,0,0.00881057,0,0,0,7,toxicchat
1,0,0.38,0.5875,0.509211,0,0,0,0,0.1,0,0.0148936,0.666667,0,0,7,toxicchat
1,1,0.9,1.22,0.425,0,0,0,0,0,0.6,0.00717213,0,0,0,7,toxicchat
1,1,0.735,1.14875,0.485714,0,0,0,0,0,1.3,0.0272035,0,0,0,7,toxicchat
1,1,0.925,1.35375,0.474595,0,0,0,0,0.8,0.6,0.0360111,0,0,0,7,toxicchat
1,1,1.02,1.605,0.504412,0,0,0,0,0,0.4,0.0147975,0,0,0,7,toxicchat
1,1,0.76,1.19125,0.484868,0,0,0,0,0,0.5,0.0220357,0,0,0,7,toxicchat
1,1,0.51,0.73625,0.467647,0,0,0,0,0,1.7,0.0237691,0,0,0,7,toxicchat
1,1,1.9,2.66875,0.441053,0,0,0,0,0,1.3,0.0103044,0,0,0,7,toxicchat
1,1,1.865,2.6475,0.452547,0,0,0,0,0,1.6,0.0269122,0,0,0,7,toxicchat
1,1,0.81,1.11,0.419753,0,0.2,0,0,0,0.7,0.0191441,0,0,0,7,toxicchat
1,1,0.36,0.6,0.547222,0,0,0,0,0,0,0.00833333,0,0,0,7,toxicchat
1,0,0.06,0.06375,0.316667,0.2,0.2,0,0,0,0,0.0392157,0,0,0,7,toxicchat
1,1,0.14,0.17375,0.371429,0,0,0,0,0.2,0,0.0359712,0,0,0,7,toxicchat
1,1,1.13,1.89875,0.54823,0,0,0,0,0,0.9,0.0111916,0,0,0,7,toxicchat
1,1,0.72,1.055,0.469444,0,0,0,0,0,0,0.00473934,0,0,0,7,toxicchat
1,1,1.03,1.5675,0.482524,0,0,0,0,0,2.4,0.0119617,0,0,0,7,toxicchat
1,1,1.07,1.64375,0.484112,0,0,0,0,0,1,0.0555133,0,0,0,7,toxicchat
1,1,0.16,0.2,0.38125,0.2,0,0,0,0,0,0.025,0,0.25,0,7,toxicchat
1,1,0.9,1.31875,0.468889,0,0,0,0,0,0.4,0.0151659,0,0,0,7,toxicchat
1,1,1.11,1.9975,0.588288,0,0,0,0,0.1,0.9,0.028786,0.666667,0.25,0,7,toxicchat
1,1,0.86,1.1725,0.406395,0,0,0,0,0,2.1,0.0426439,0,0,0,7,toxicchat
1,1,0.045,0.05375,0.377778,0.2,0,0,0,0,0,0.0232558,0,0,0,7,toxicchat
1,1,1.11,1.6875,0.479279,0,0,0,0,0,0.6,0.0140741,0,0,0,7,toxicchat
1,1,0.98,1.36,0.433163,0,0,0,0,0,0.7,0.0101103,0,0,0,7,toxicchat
1,1,0.75,1.00375,0.405333,0,0,0,0,0,0.6,0.0398506,0,0,0,7,toxicchat
1,0,0.39,0.65375,0.551282,0,0,0,0,0,0,0.00764818,0,0,0,7,toxicchat
1,1,1.565,2.38375,0.477955,0,0,0,0,0,0.2,0.00419507,0,0,0,7,toxicchat
1,1,1.43,1.94,0.432168,0,0,0,0,0,0.6,0.0167526,0,0,0,7,toxicchat
1,1,0.17,0.225,0.420588,0,0,0,0,0,0,0.05,0.333333,0,0,7,toxicchat
1,1,1.51,1.98375,0.40894,0.2,0,0.2,0,0.1,4.6,0.0371771,0,0,0,7,toxicchat
1,1,0.445,0.63125,0.459551,0,0,0,0,0.3,0,0.0118812,0,0,0,7,toxicchat
1,1,0.25,0.345,0.446,0,0,0.2,0,0,0,0.00724638,0,0,0,7,toxicchat
1,1,0.305,0.42875,0.452459,0,0,0,0.2,0.3,0,0.0174927,0,0,0,7,toxicchat
1,1,0.555,0.835,0.489189,0,0,0,0.2,0,0,0.00748503,0.333333,0,0,7,toxicchat
1,0,0.17,0.24875,0.476471,0.2,0,0,0,0.3,0,0.0351759,0.666667,0,0,7,toxicchat
1,1,0.945,1.57125,0.53545,0,0,0,0,0,1,0.0254574,0,0,0,7,toxicchat
1,1,1.56,2.57375,0.547115,0,0,0,0,0,1.5,0.0291404,0,0,0,7,toxicchat
1,1,1.785,2.37875,0.410924,0,0,0,0.2,0.5,1.6,0.0273253,1,0,0,7,toxicchat
1,1,0.93,1.83,0.453763,0.2,0,0,0,0,5.3,0.0491803,0,0,0,7,toxicchat
1,1,0.225,0.335,0.482222,0,0,0,0,0,0,0.0149254,0.333333,0,0,7,toxicchat
1,1,0.13,0.1725,0.419231,0.2,0,0,0,0,0,0.0217391,0.333333,0.25,0,7,toxicchat
1,1,0.11,0.145,0.422727,0,0,0,0,0,0,0.0172414,0,0.25,0,7,toxicchat
1,1,0.38,0.5975,0.514474,0,0,0,0,0,0,0.0209205,0,0,0,7,toxicchat
1,1,0.15,0.2,0.416667,0.2,0,0,0,0.2,0,0.06875,0,0,0.25,7,toxicchat
1,1,0.215,0.30375,0.448837,0.2,0,0,0,0,0,0.0123457,0,0,0,7,toxicchat
1,1,0.04,0.04,0.2875,0,0.2,0,0,0,0,0.0625,0,0,0,7,toxicchat
1,1,0.555,0.84125,0.494595,0,0,0,0,0,0,0.0089153,0,0,0,7,toxicchat
1,1,0.075,0.1075,0.406667,0.2,0.6,0,0,0.1,0,0.0581395,0,0,0.25,7,toxicchat
1,1,0.755,0.8775,0.345033,0,0,0.2,0,0.7,1.8,0.037037,0.333333,0,0,7,toxicchat
1,1,0.62,0.82875,0.422581,0,0,0,0,0.4,0,0.0211161,0,0,0,7,toxicchat
1,1,1.335,1.96875,0.473783,0,0,0,0,0,0.6,0.0107937,0,0,0,7,toxicchat
1,1,0.44,0.7225,0.548864,0,0,0,0,0,0,0.0311419,0,0,0,7,toxicchat
1,1,0.32,0.395,0.3875,0,0,0,0,0,0,0.00949367,0,0,0,7,toxicchat
1,1,1.85,2.55375,0.437568,0,0.2,0,0,0,1.6,0.0146843,0,0,0.25,7,toxicchat
1,1,0.115,0.19,0.504348,0,0.2,0,0,0,0.2,0.0197368,0,0,0,7,toxicchat
1,1,0.555,0.71375,0.402703,0,0,0,0,0,0,0.0122592,0,0,0,7,toxicchat
1,1,0.22,0.29125,0.420455,0.2,0,0,0.2,0.1,0,0.0257511,0.333333,0,0,7,toxicchat
1,0,1.815,2.4175,0.419559,0,0,0,0,0,1.6,0.0103413,0,0,0,7,toxicchat
1,1,0.26,0.34125,0.413462,0.2,0.2,0,0,0.5,0,0.029304,0,0,0,8,toxicchat
1,1,0.905,1.41125,0.49558,0,0,0,0,0,0.7,0.0159433,0,0,0,8,toxicchat
1,1,0.95,1.335,0.446316,0,0.2,0,0,0.3,1.2,0.0205993,0,0,0,8,toxicchat
1,1,0.065,0.0875,0.430769,0,0,0,0,0,0,0.0285714,0,0.25,0,8,toxicchat
1,1,0.395,0.6075,0.458228,0,0,0,0,0.2,1.1,0.0493827,0,0.25,0,8,toxicchat
1,1,1.11,2.0475,0.585586,0,0,0,0,0,1.6,0.0213675,0,0,0,8,toxicchat
1,1,0.36,0.53125,0.481944,0,0,0,0,0,0,0.0141176,0,0,0,8,toxicchat
1,1,1.085,1.42875,0.407373,1,1.6,0,0,0.1,0.5,0.023622,0,0,0.25,8,toxicchat
1,0,1.845,2.5325,0.433604,0,0,0,0,0,1.4,0.0133268,0,0,0,8,toxicchat
1,1,0.165,0.2025,0.378788,0,0,0,0,0.1,0,0.0246914,0.333333,0.25,0,8,toxicchat
1,1,0.82,1.26375,0.503659,0,0,0,0.2,0,0.2,0.00890208,0,0,0,8,toxicchat
1,1,0.33,0.4875,0.481818,0,0,0,0,0.3,0,0.0128205,0.666667,0,0,8,toxicchat
1,1,0.585,0.7775,0.392308,0,0,0,0,0.5,0.9,0.0160772,0,0,0,8,toxicchat
1,1,0.02,0.19,0.6,0,0,0,0,0,0,0.00657895,0,0,0,8,toxicchat
1,1,1.585,2.38625,0.453943,0,0,0,0,0,2.8,0.0581456,0,0,0,8,toxicchat
1,1,1.44,1.93375,0.424653,0,0,0,0,0,0.8,0.0135747,0,0,0,8,toxicchat
1,1,0.215,0.34125,0.527907,0,0,0,0,0.1,0,0.014652,0.666667,0,0,8,toxicchat
1,1,0.425,0.62875,0.455294,0,0,0,0,0.1,1.4,0.0497018,0,0,0,8,toxicchat
1,1,0.71,0.9225,0.392254,0,0,0,0,0,2.3,0.0271003,0,0,0,8,toxicchat
1,1,0.015,0.0225,0.5,0,0,0,0,0,0,0.111111,0,0,0,8,toxicchat
1,1,1.53,2.58125,0.521895,0,0.2,0,0,0,4.1,0.0445521,0,0,0,8,toxicchat
1,1,0.345,0.5375,0.437681,0,0,0,0,0,0,0.0186047,0,0,0,8,toxicchat
1,1,1.1,1.6725,0.453182,0,0,0,0,0,3.1,0.0119581,0,0,0,8,toxicchat
1,1,1.25,1.9675,0.5188,0,0.4,0,0,0,0.5,0.0209657,0,0,0,8,toxicchat
1,1,1.23,1.705,0.442683,0.2,0,0,0,0,0.8,0.0153959,0,0,0,8,toxicchat
1,1,0.41,0.6275,0.50122,0,0,0,0,0,0,0.0199203,0,0,0,8,toxicchat
1,1,0.145,0.17375,0.372414,0.2,0,0,0,0.1,0,0.028777,0,0.25,0,8,toxicchat
1,1,0.065,0.08875,0.430769,0.2,0.2,0,0,0,0.2,0.028169,0,0,0,8,toxicchat
1,1,1.41,2.325,0.543262,0,0,0,0,0,1,0.0241935,0,0,0,8,toxicchat
1,1,0.18,0.2625,0.458333,0,0.4,0,0,0,0,0.0285714,0,0,0,8,toxicchat
1,1,0.78,1.01875,0.410897,0,0,0,0,0,2.5,0.0257669,0,0,0,8,toxicchat
1,1,0.07,0.09625,0.4,0,0,0,0,0,0,0.0909091,0,0,0,8,toxicchat
1,0,0.31,0.49375,0.530645,0,0,0,0,0,0,0.00759494,0,0,0,8,toxicchat
1,1,1.365,1.915,0.447253,0,0,0.2,0.2,0.2,1,0.0143603,0.333333,0,0,8,toxicchat
1,1,0.04,0.18625,0.3625,0,0,0,0,0,1.1,0.0402685,0,0,0,8,toxicchat
1,1,0.035,0.05125,0.471429,0,0,0,0,0.1,0,0.0487805,0,0,0,8,toxicchat
1,1,0.175,0.235,0.422857,0,0,0,0,0,0,0.0319149,0,0,0,8,toxicchat
1,1,0.44,0.67375,0.493182,0,0,0,0,0,0,0.0166976,0,0,0,8,toxicchat
1,1,1.115,1.855,0.48296,0,0,0,0,0,4.2,0.0505391,0,0,0,8,toxicchat
1,1,0.92,1.21625,0.400543,2,0,0,0.4,0.4,1.3,0.0339157,0,0,0,8,toxicchat
1,1,0.63,0.84875,0.41746,0.8,0.2,1,0,0.3,0,0.0250368,0.666667,0,0,8,toxicchat
1,1,0.265,0.37875,0.462264,0.2,0.2,0,0,0.2,0,0.0231023,0,0,0,8,toxicchat
1,1,0.095,0.135,0.457895,0,0,0,0,0,0,0.00925926,0,0,0,8,toxicchat
1,1,0.06,0.09375,0.508333,0,0,0,0,0,0,0.0266667,0,0,0,8,toxicchat
1,1,0.71,0.93125,0.414085,0,0,0,0,0.8,0,0.0174497,0.333333,0,0,8,toxicchat
1,1,0.39,0.56375,0.446154,0.2,0,0,0,0,0.2,0.0399113,0,0,0,8,toxicchat
1,1,0,0.00125,0,0,0,0,0,0,0,0,0,0,0,8,toxicchat
1,1,0.565,0.8575,0.49646,0,0,0,0.2,0,0.2,0.00728863,0,0,0,8,toxicchat
1,1,1.885,2.6975,0.462069,0,0,0,0,0,1.4,0.00834106,0,0,0,8,toxicchat
1,1,0.145,0.34125,0.568966,0,0,0,0.2,0,0.6,0.043956,0,0,0,8,toxicchat
1,1,1.3,2.10375,0.522308,0,0,0,0,1.1,1.2,0.0213904,0,0,0,8,toxicchat
1,1,0.04,0.06375,0.5125,0,0,0,0,0,0,0.137255,0,0,0,8,toxicchat
1,1,0.255,0.38125,0.472549,0,0,0,0,0.2,0,0.0459016,0,0,0,8,toxicchat
1,1,0.37,0.52875,0.45,0,0,0,0,0,0,0.0070922,0,0,0,8,toxicchat
1,1,1.195,1.71875,0.458996,0,0.2,0,0.2,0.3,0.6,0.0538182,0.666667,0,0,8,toxicchat
1,1,0.645,0.84875,0.400775,0,0,0,0,0,1.8,0.0235641,0,0,0,8,toxicchat
1,0,0.63,0.865,0.435714,0,0,0,0,0.2,0.2,0.0144509,0.333333,0,0,8,toxicchat
1,1,0.285,0.47125,0.554386,0,0,0,0.2,0.1,0,0.0159151,0,0,0,8,toxicchat
1,1,0.08,0.10125,0.4,0,0,0,0,0.1,0,0.0246914,0,0,0,8,toxicchat
1,1,0.525,0.6925,0.41619,0,0,0,0,0,0,0.00541516,0,0,0,8,toxicchat
1,1,0.275,0.41375,0.463636,0,0,0,0.2,0.2,0,0.0332326,0.333333,0,0,8,toxicchat
1,1,0.13,0.16875,0.411538,0.2,0,0,0,0.2,0,0.0444444,0,0,0,8,toxicchat
1,1,0.23,0.325,0.456522,0,0,0,0.2,0.3,0,0.0269231,0.333333,0,0,8,toxicchat
1,0,0.33,0.47125,0.462121,0,0,0,0,0.3,0,0.0291777,0.666667,0,0,8,toxicchat
1,1,0.04,0.0375,0.2625,0.2,0.2,0,0,0.2,0,0.133333,0,0,0,8,toxicchat
1,1,2.065,3.70375,0.533656,0,0,0,0,0,1.6,0.0671617,0,0,0,8,toxicchat
1,1,0.05,0.08875,0.59,0,0,0,0,0,0,0.0704225,0,0,0,8,toxicchat
1,1,0.03,0.03375,0.35,0,0,0.2,0,0,0,0.037037,0,0,0,8,toxicchat
1,1,0.42,0.60875,0.471429,0,0,0,0,0.2,0,0.0164271,0,0.25,0,8,toxicchat
1,1,1.015,1.4525,0.451724,0,0,0,0,0,0.7,0.0146299,0.333333,0,0,8,toxicchat
1,0,1.735,2.36375,0.418444,0.4,0,0.4,0,0.9,2,0.0163934,0.333333,0,0,8,toxicchat
1,1,0.705,1.0075,0.433333,0,0,0,0,0,1,0.00868486,0,0,0,8,toxicchat
1,1,0.06,0.1175,0.366667,0,0,0,0,0,0.3,0.0212766,0,0,0,8,toxicchat
1,1,0.255,0.3475,0.435294,0,0,0,0,0.4,0,0.0251799,0,0,0,8,toxicchat
1,1,1.065,1.53875,0.46385,0,0,0,0.2,0,0.6,0.0121852,0,0,0,8,toxicchat
1,1,0.34,0.46125,0.416176,0.2,0.4,0,0,0,0.2,0.0487805,0,0,0,8,toxicchat
1,1,1.455,1.88625,0.401375,0,0,0,0,0,4.6,0.0271703,0,0,0,8,toxicchat
1,1,0.545,0.7525,0.431193,0,0,0,0,0,2.3,0.0332226,0,0,0,8,toxicchat
1,1,0.325,0.47125,0.466154,0.2,0.2,0,0,0.4,0,0.0185676,0,0,0,8,toxicchat
1,1,0.615,0.86375,0.446341,0,0,0,0,0,0,0.0130246,0,0,0,8,toxicchat
1,1,0.085,0.10625,0.388235,0.2,0.2,0,0,0,0,0.0470588,0,0,0,9,toxicchat
1,1,1.015,1.9,0.550739,0,0,0,0,0,5.3,0.0421053,0,0,0,9,toxicchat
1,1,1.155,1.855,0.52684,0,0,0,0.4,0,1,0.0121294,0,0,0,9,toxicchat
1,1,0.255,0.305,0.370588,0,0,0,0,0.4,0,0.0409836,0,0.25,0,9,toxicchat
1,1,1.335,1.7275,0.332959,0,0,0,0,0,2.5,0.0231548,0,0,0,9,toxicchat
1,1,1.105,1.7225,0.5,0,0,0,0.4,0.3,0.8,0.0145138,0,0,0,9,toxicchat
1,1,0.945,1.51,0.513228,0,0,0,0,0,0.8,0.0173841,0,0,0,9,toxicchat
1,1,1.085,1.5175,0.435484,0,0,0,0,0,0.5,0.0156507,0,0,0,9,toxicchat
1,1,1.065,1.57625,0.480751,0,0,0,0,0,0.3,0.0198255,0,0,0.25,9,toxicchat
1,0,0.01,0.0125,0.4,0,0,0,0,0,0,0.1,0,0,0,9,toxicchat
1,1,0.225,0.31625,0.448889,0,0,0,0,0,0,0.0158103,0,0,0,9,toxicchat
1,1,0.285,0.395,0.44386,0,0,0,0.2,0.3,0,0.0253165,0.333333,0.25,0,9,toxicchat
1,1,1.055,1.615,0.486256,0,0,0,0,0,0.6,0.0139319,0,0,0,9,toxicchat
1,1,0.005,0.00625,0.5,0,0,0,0,0,0,1,0,0,0,9,toxicchat
1,1,0.69,1.1475,0.501449,0,0,0,0,0,0.6,0.0250545,0,0,0,9,toxicchat
1,1,0.24,0.30625,0.402083,0,0,0,0,0.3,0,0.0204082,0.333333,0.25,0,9,toxicchat
1,1,1.85,2.52625,0.424324,0.2,0.6,0,0,0,0.1,0.00989609,0.333333,0,0,9,toxicchat
1,1,2.635,3.93,0.483112,0,0,0.2,1,0,1.6,0.0181298,0,0,0,9,toxicchat
1,1,0.05,0.0725,0.45,0,0.2,0,0,0,0,0.12069,0,0,0,9,toxicchat
1,1,0.735,1.115,0.477551,0,0,0,0,0,0.5,0.0156951,0,0,0,9,toxicchat
1,1,0.6,0.85,0.3275,0,0,0,0,0,2.3,0.0220588,0,0,0,9,toxicchat
1,1,1.15,1.715,0.472609,0,0.2,0,0,0,0.9,0.016035,0,0,0,9,toxicchat
1,1,1.055,1.55375,0.473934,0,0,0,0.2,0,0.8,0.00724055,0,0,0,9,toxicchat
1,1,0.09,0.1,0.333333,0.2,0.2,0,0,0,0,0.0375,0,0,0,9,toxicchat
1,1,1.55,2.10125,0.430323,0,0,0,0,0,0.8,0.0196312,0,0,0,9,toxicchat
1,1,0.045,0.07,0.5,0,0,0,0,0,0,0.0178571,0,0,0,9,toxicchat
1,1,0.07,0.1175,0.5,0,0,0,0,0,0,0.648936,0,0.25,0,9,toxicchat
1,1,1.075,1.98875,0.537209,0,0,0,0,0,5.3,0.0678818,0,0,0,9,toxicchat
1,1,0.21,0.29125,0.435714,0.2,0.2,0,0,0.1,0,0.0343348,0,0,0,9,toxicchat
1,1,0.43,0.6675,0.498837,0,0,0,0,0,0.5,0.0093633,0.333333,0,0,9,toxicchat
1,1,0.825,1.1625,0.424242,0,0,0,0,0,0.8,0.0215054,0,0,0,9,toxicchat
1,1,0.14,0.21125,0.482143,0,0,0,0,0,0,0.035503,0,0,0,9,toxicchat
1,1,0.965,1.83125,0.51399,0,0,0,0,0,3.9,0.0245734,0,0,0,9,toxicchat
1,1,0.255,0.565,0.670588,0,0,0,0,0,0,0.039823,0,0,0,9,toxicchat
1,1,1.15,1.69125,0.463913,0,0,0,0,0,0.8,0.0169993,0,0,0,9,toxicchat
1,1,0.705,1.09125,0.50922,0,0,0,0,0,0.2,0.00801833,0,0,0,9,toxicchat
1,1,1.035,1.68,0.528502,0,0,0,0,0.1,0.8,0.015625,0.333333,0,0,9,toxicchat
1,1,0.83,1.19,0.456024,0,0,0,0,0,0.4,0.00735294,0,0,0,9,toxicchat
1,1,0.5,0.86375,0.5,0,0.2,0,0,0,2.6,0.212735,0,0,0,9,toxicchat
1,0,0.71,1.01375,0.457746,0,0,0,0,0,0,0.0147965,0,0,0,9,toxicchat
1,1,0.295,0.4525,0.505085,0,0,0,0,0.2,0,0.019337,0.333333,0,0,9,toxicchat
1,1,0.575,0.77125,0.421739,0,0,0,0,0,0,0.00648298,0,0,0,9,toxicchat
1,1,0.755,1.15,0.486093,0,0,0,0,0,0.7,0.0315217,0,0,0,9,toxicchat
1,1,0.425,0.565,0.425882,0,0,0,0,0.6,0,0.0221239,0.666667,0,0,9,toxicchat
1,1,0.275,0.34875,0.4,0.2,0,0,0,0.4,0,0.0215054,0.666667,0,0,9,toxicchat
1,1,0.72,1.10125,0.460417,0,0,0,0,0,0.9,0.0238365,0,0,0,9,toxicchat
1,1,0.43,0.61,0.446512,0,0,0,0,0,0,0.0430328,0,0,0,9,toxicchat
1,1,0.175,0.20125,0.36,0,0,0,0,0,0.4,0.0372671,0,0,0,9,toxicchat
1,0,1.51,2.01625,0.422517,0,0,0,0,0,0.6,0.0142591,0,0,0,9,toxicchat
1,1,0,0.0375,0,0,0,0,0,0,0,0,0,0,0,9,toxicchat
1,1,1.355,1.75,0.402952,0,0,0.4,0,0,0.6,0.0121429,0,0,0,9,toxicchat
1,0,1.105,1.65625,0.476923,0,0,0,0,0.1,0.8,0.0143396,0,0,0,9,toxicchat
1,1,0.275,0.355,0.4,0,0,0,0,0.1,0.3,0.0422535,0,0.25,0,9,toxicchat
1,1,1.945,2.59375,0.421851,0,0,0.2,0,0,1.2,0.0192771,0,0,0,9,toxicchat
1,1,0.27,0.35375,0.390741,0,0,0,0,0,0,0.0424028,0,0,0,9,toxicchat
1,1,0.32,0.405,0.390625,0.2,0.2,0,0,0.2,0.2,0.0308642,0,0.25,0,9,toxicchat
1,0,1.175,1.40625,0.369362,0,0,0,0,0.1,2.2,0.0311111,0,0,0,9,toxicchat
1,1,0.35,0.4575,0.411429,0,0,0,0,0,0.5,0.0136612,0,0,0,9,toxicchat
1,1,0.35,0.5,0.451429,0,0,0,0,0,0,0.055,0,0,0,9,toxicchat
1,1,0.39,0.52375,0.430769,0.2,0,0,0,0.4,0,0.026253,0,0,0,9,toxicchat
1,1,0.27,0.36,0.425926,0,0,0,0,0.2,0,0.0173611,1,0,0,9,toxicchat
1,1,1.08,1.57125,0.461574,0,0,0,0.4,0,0.6,0.0278441,0,0,0,9,toxicchat
1,1,0.52,0.8575,0.545192,0,0,0,0,0,0,0.00728863,0,0,0,9,toxicchat
1,1,1.155,1.725,0.469697,0,0,0,0,0.2,1.5,0.0710145,0.666667,0,0,9,toxicchat
1,1,0.035,0.04375,0.385714,0,0,0,0,0,0,0.0285714,0,0,0,9,toxicchat
1,1,0.615,0.9175,0.486179,0,0,0,0,0,0,0.013624,0,0,0,9,toxicchat
1,1,0.09,0.12375,0.444444,0,0,0,0,0,0,0.030303,0,0,0,9,toxicchat
1,1,0.21,0.285,0.428571,0,0.2,0,0,0.1,0,0.0219298,0,0,0,9,toxicchat
1,1,0.1,0.13875,0.44,0.2,0.2,0,0,0,0.2,0.027027,0,0,0,9,toxicchat
1,0,0.075,0.09625,0.4,0,0,0,0,0,0,0.012987,0,0,0,9,toxicchat
1,1,0.695,1.01625,0.370504,0,0,0,0,0,1.9,0.0270603,0,0,0,9,toxicchat
1,0,0.99,1.54,0.471717,0,0,0,0,0,2,0.0194805,0,0,0,9,toxicchat
1,1,0.675,0.95125,0.414074,0,0,0,0.2,0,1,0.0262812,0,0,0,9,toxicchat
1,1,1.275,2.03875,0.527451,2.4,0,0,0.2,0,1,0.0116493,0,0,0,9,toxicchat
1,1,0.17,0.255,0.497059,0.2,0,0,0,0,0,0.0392157,0,0.25,0,9,toxicchat
1,1,0.455,0.66375,0.451648,0,0,0,0,0,0,0.0244821,0,0,0,9,toxicchat
1,0,0.34,0.51625,0.498529,0,0,0,0.2,0.3,0,0.0193705,0.333333,0,0,9,toxicchat
1,0,1.26,1.675,0.417063,0,0,0,0,0,0.8,0.0223881,0,0,0,9,toxicchat
1,1,0.37,0.51875,0.45,0,0,0,0.4,0.5,0,0.0240964,0,0,0,9,toxicchat
1,1,0.315,0.4575,0.471429,0,0,0,0.2,0.5,0,0.0191257,0,0,0,9,toxicchat
1,1,1.49,2.375,0.525168,0,0,0,0.6,0.2,1,0.0168421,0,0,0,10,toxicchat
1,1,0.145,0.25125,0.389655,0,0,0,0,0,0.3,0.0298507,0,0,0,10,toxicchat
1,1,0.13,0.20125,0.511538,0.2,0,0,0,0,0,0.0186335,0,0,0,10,toxicchat
1,1,1.065,1.61,0.474178,0,0,0,0,0,0.8,0.0186335,0,0,0,10,toxicchat
1,1,1.335,2.31875,0.537453,0,0.2,0,0,0,3.1,0.0371968,0,0,0,10,toxicchat
1,1,0.695,1.08,0.511511,0,0,0,0.2,0,0.2,0.0127315,0,0,0,10,toxicchat
1,1,0.155,0.1925,0.387097,0,0,0,0,0.1,0,0.0194805,0,0,0,10,toxicchat
1,1,1.26,1.935,0.474603,0,0,0,0,0,3.3,0.0458656,0,0,0,10,toxicchat
1,1,0.835,1.49375,0.521557,0,0,0,0,0.1,4,0.0192469,0,0,0,10,toxicchat
1,1,0.15,0.21125,0.46,0,0,0,0,0,0,0.0118343,0,0,0,10,toxicchat
1,1,0.005,0.0075,0.5,0,0.2,0,0,0,0,0.166667,0,0,0,10,toxicchat
1,1,0.135,0.175,0.407407,0,0.2,0,0,0,0,0.0142857,0,0,0,10,toxicchat
1,1,0.06,0.07875,0.416667,0.2,0.2,0,0,0,0,0.031746,0,0,0,10,toxicchat
1,1,1.255,1.92375,0.484861,0,0,0,0,0,1,0.0116959,0,0,0,10,toxicchat
1,1,1.335,2.0425,0.494757,0,0,0,0,0,0.6,0.0134639,0,0,0,10,toxicchat
1,1,0.085,0.10875,0.405882,0.2,0.2,0,0,0,0.1,0.0344828,0,0,0,10,toxicchat
1,1,1.375,2.06,0.482909,0,0,0,0,0,0.8,0.0169903,0,0,0,10,toxicchat
1,1,0.62,0.95625,0.487097,0,0,0,0,0,1,0.0300654,0,0.25,0,10,toxicchat
1,1,1.23,2.04875,0.410976,0,0.4,0,0,0,3.6,0.0109823,0,0,0,10,toxicchat
1,1,1.04,1.7,0.527404,0,0,0,0,0,0.8,0.0257353,0,0,0,10,toxicchat
1,1,0.61,1.36375,0.506557,0,0,0,0,0,3,0.0274977,0,0,0,10,toxicchat
1,1,0.455,0.61625,0.42967,0,0,0,0.2,0,0,0.0223124,0,0,0,10,toxicchat
1,1,0.96,1.43,0.483333,0,0,0.2,0,0,0.6,0.0166084,0,0,0,10,toxicchat
1,1,0.315,0.44,0.420635,0,0,0,0,0,0.4,0.0142045,0,0,0,10,toxicchat
1,1,1.4,2.14,0.493571,0,0,0,0.4,0.2,1,0.0257009,0,0,0,10,toxicchat
1,1,0.39,0.60375,0.507692,0,0,0,0,0,0,0.0414079,0,0,0,10,toxicchat
1,1,0.93,1.77625,0.536022,0,0,0,0,0.4,3.5,0.0323716,0,0,0,10,toxicchat
1,1,0.48,0.66875,0.448958,0,0,0,0.4,0.5,0,0.0168224,0,0,0,10,toxicchat
1,1,0.14,0.18,0.407143,0,0,0,0,0.1,0,0.0277778,0,0.25,0,10,toxicchat
1,1,0.475,0.63,0.42,0,0,0,0,0,0,0.0119048,0,0,0,10,toxicchat
1,1,0.9,1.565,0.534444,0,0,0,0,0,2.4,0.0383387,0,0,0,10,toxicchat
1,1,0.33,0.4675,0.460606,0,0,0.2,0,0,0,0.00802139,0,0,0,10,toxicchat
1,1,0.985,1.46875,0.469543,0,0,0,0,0,0.5,0.013617,0,0,0,10,toxicchat
1,1,0.84,1.1675,0.409524,0,0,0,0,0,0.9,0.0396146,0,0,0,10,toxicchat
1,1,0.26,0.4175,0.536538,0,0,0,0,0.2,0,0.0239521,0,0,0,10,toxicchat
1,0,0.47,0.55875,0.369149,0,0,0,0,0,0,0.01566,0,0,0,10,toxicchat
1,1,0.89,1.3325,0.473034,0,0,0,0,0,0.8,0.0150094,0,0,0,10,toxicchat
1,1,1.465,2.2425,0.493515,0,0,0,0,0,0.7,0.016165,0,0,0,10,toxicchat
1,1,1.03,1.93125,0.56068,0,0,0,0,0,4.7,0.031068,0,0,0,10,toxicchat
1,1,2.005,2.70625,0.426434,0,0,0,0,0,1.4,0.0120092,0,0,0,10,toxicchat
1,1,0.275,0.4,0.472727,0,0,0,0,0,0,0.0125,0,0,0,10,toxicchat
1,1,0.085,0.1475,0.552941,0,0,0,0,0,0,0.0254237,0,0,0,10,toxicchat
1,1,1.085,1.48625,0.429032,0,0,0,0,0.1,3.6,0.0277544,0.333333,0,0,10,toxicchat
1,1,1.26,1.965,0.505952,0,0.2,0,0,0.1,0.8,0.00890585,0,0,0,10,toxicchat
1,0,0.19,0.27875,0.455263,0,0,0,0,0,0,0.0493274,0,0,0,10,toxicchat
1,1,1.415,1.8525,0.408127,0,0,0,0,0,1.4,0.0134953,0,0,0,10,toxicchat
1,1,0.06,0.0975,0.508333,0,0,0,0,0,0,0.782051,0,0.25,0,10,toxicchat
1,1,0.93,1.46375,0.51828,0,0,0,0,0,0.4,0.0059778,0,0,0,10,toxicchat
1,1,0.105,0.13375,0.395238,0.2,0,0,0,0,0,0.0280374,0,0,0,10,toxicchat
1,1,0.595,0.77375,0.397479,0,0,0,0,0,1.3,0.0193861,0,0,0,10,toxicchat
1,1,0.81,1.275,0.518519,0,0,0,0.2,0,0.2,0.0205882,0,0,0,10,toxicchat
1,1,1.115,1.62625,0.473094,0,0,0,0,0,0.3,0.00922367,0,0,0,10,toxicchat
1,1,1.755,2.42,0.440741,0,0,0,0,0,0.6,0.0222107,0,0,0,10,toxicchat
1,1,0.92,1.33625,0.465217,0,0,0,0,0,1,0.0112254,0,0,0,10,toxicchat
1,1,0.835,1.24375,0.434731,2,0,0,0,0,0.9,0.0201005,0,0,0,10,toxicchat
1,1,0.02,0.025,0.375,0,0,0,0,0,0,0.05,0,0,0,10,toxicchat
1,1,1.36,2.09125,0.469485,0,0,0,0.2,0.1,1,0.0268978,0.333333,0,0,10,toxicchat
1,1,1.115,1.69375,0.471749,0,0,0,0,0,2.2,0.0184502,0,0,0,10,toxicchat
1,1,0.79,1.59125,0.674684,0,0,0,0,0,0.6,0.0141398,0,0,0,10,toxicchat
1,1,0.495,0.7075,0.464646,0,0,0.2,0,0,0.1,0.00706714,0,0,0,10,toxicchat
1,1,1.325,2.21,0.531321,0,0,0,0,0,1.1,0.0141403,0,0,0,10,toxicchat
1,1,0.455,0.73,0.462637,0,0,0,0,0,0.9,0.0171233,0,0,0,10,toxicchat
1,0,0.955,1.27875,0.410471,0,0.8,0,0,1.7,0.4,0.0635386,0.333333,0,0,10,toxicchat
1,1,0.775,1.17125,0.476129,0,0,0,0,0,0.2,0.0266809,0,0,0,10,toxicchat
1,1,0.075,0.10375,0.42,0.2,0,0,0,0.1,0,0.060241,0,0,0,10,toxicchat
1,0,0.06,0.1,0.566667,0.2,0,0,0,0,0,0.0125,0,0,0,10,toxicchat
1,1,0.725,0.87375,0.368276,0,0,0,0,0,0.6,0.0357654,0,0,0,10,toxicchat
1,1,1.3,1.81625,0.443462,0,0.2,0,0,0,4.2,0.0406056,0,0,0,10,toxicchat
1,1,0.295,0.475,0.533898,0,0,0,0,0,0,0.00789474,0,0,0,10,toxicchat
1,1,0.59,0.83125,0.44322,0,0,0,0,0,1,0.0165414,0,0.25,0,10,toxicchat
1,1,0.415,0.65125,0.49759,0,0,0,0,0.1,0,0.0307102,0,0,0,10,toxicchat
1,1,0.43,0.66125,0.488372,0,0,0,0.2,0,0,0.0359168,0,0,0,10,toxicchat
1,1,0.245,0.30875,0.395918,0.2,0,0,0,0.4,0,0.0242915,0.666667,0,0,10,toxicchat
1,1,1.195,1.7775,0.4841,0,0,0,0,0,0.8,0.021097,0,0,0.25,10,toxicchat
1,0,0.005,0.01375,1,0,0,0,0,0,0,0.0909091,0,0,0,10,toxicchat
1,1,0.39,0.52625,0.424359,0,0,0,0.2,0,0,0.0285036,0,0,0,10,toxicchat
1,1,0.91,1.44375,0.521978,0,0,0,0,0,0.3,0.012987,0,0,0,10,toxicchat
1,1,0.895,1.4875,0.519553,0,0.2,0,0,0,2.3,0.0605042,0,0,0,10,toxicchat
1,1,0.17,0.2125,0.391176,0,0.2,0,0,0,0,0.0235294,0,0.25,0,10,toxicchat
1,1,0.475,0.77875,0.484211,0,0,0,0,0,2.2,0.0144462,0,0,0,10,toxicchat
1,1,0.18,0.25875,0.436111,0,0,0,0,0.2,0.4,0.057971,0,0,0,11,toxicchat
1,1,0.235,0.32375,0.429787,0,0.4,0,0,0.2,0,0.027027,0,0,0,11,toxicchat
1,0,0.25,0.35625,0.46,0,0,0,0,0,0,0.0105263,0,0,0,11,toxicchat
1,1,1.01,1.51625,0.485149,0,0,0,0.4,0,0.6,0.0305029,0,0,0,11,toxicchat
1,1,1.65,2.29625,0.434545,0,0,0.2,0.2,0.1,2,0.0326619,0,0,0,11,toxicchat
1,1,0.28,0.41625,0.485714,0,0,0,0,0.1,0,0.018018,0,0,0,11,toxicchat
1,1,1,1.495,0.4865,0,0,0,0,0,0.6,0.00919732,0,0,0,11,toxicchat
1,1,1.66,2.35875,0.450602,0,0,0,0,0,0.7,0.0121887,0,0,0,11,toxicchat
1,1,0.44,0.7475,0.461364,0,2,0,0,0,0.9,0.5,0,0,0,11,toxicchat
1,1,0.56,0.795,0.45625,0,0,0.2,0,0.4,0,0.0204403,0.666667,0,0,11,toxicchat
1,1,1.05,1.78,0.552857,0,0,0,0,0.2,0.8,0.0126404,0,0,0,11,toxicchat
1,0,0.695,0.88125,0.386331,0.4,0,0.2,0,0.3,0.4,0.0453901,0.666667,0,0.25,11,toxicchat
1,1,0.565,0.8775,0.515044,0,0,0,0,0,0,0.00997151,0,0,0,11,toxicchat
1,1,0.22,0.3125,0.456818,0.2,0,0,0,0.3,0,0.024,0.666667,0,0,11,toxicchat
1,1,0.995,1.56625,0.51206,0,0,0,0,0,0.5,0.00957702,0,0,0,11,toxicchat
1,1,0.405,0.55875,0.435802,0.2,0,0,0,0,0,0.0178971,0,0,0,11,toxicchat
1,1,0.29,0.36,0.384483,0.2,0,0,0,0.3,0,0.0208333,0.333333,0,0,11,toxicchat
1,0,1.63,2.27625,0.444785,0,0,0.2,0,0,1.2,0.0126304,0,0.25,0,11,toxicchat
1,1,0.115,0.15625,0.378261,0,0,0,0,0,0,0.064,0,0,0,11,toxicchat
1,1,1.065,1.5825,0.480282,0,0,0,0,0,0.2,0.0229068,0,0,0,11,toxicchat
1,1,0.4,0.57625,0.45375,0,0,0,0,0,0,0.0130152,0,0,0,11,toxicchat
1,1,1.39,2.0525,0.473741,0,0,0,0,0,0.8,0.0182704,0,0,0,11,toxicchat
1,1,0.92,1.215,0.403804,0,0,0,0.2,0,0.6,0.0164609,0,0,0,11,toxicchat
1,1,1.155,1.825,0.51039,1,0,0,0,0,2,0.0356164,0,0,0,11,toxicchat
1,1,0.155,0.21,0.432258,0.2,0,0,0,0.1,0,0.047619,0,0,0,11,toxicchat
1,1,1.505,2.28375,0.496013,0,0,0,0.2,0,0.8,0.00766284,0,0,0,11,toxicchat
1,1,1.17,1.825,0.451709,0,0.2,0,0,0,2.2,0.0993151,0,0,0,11,toxicchat
1,1,1.365,1.775,0.397802,0,0,0,0,0.8,2.2,0.021831,0,0,0,11,toxicchat
1,1,1.23,2.22625,0.538211,0,0.2,0,0,0,3.3,0.0432341,0,0,0,11,toxicchat
1,1,2.25,3.33,0.453778,1.2,0.8,0,0,1.2,8,0.0495495,1.66667,0,0,11,toxicchat
1,1,1.3,1.995,0.488846,0,0,0,0,0,0.7,0.023183,0,0,0,11,toxicchat
1,1,0.27,0.3775,0.448148,0,0,0,0,0.2,0,0.0198675,0.333333,0,0,11,toxicchat
1,0,0.575,0.79125,0.433043,0,0,0,0,0.1,0.5,0.0236967,0,0,0,11,toxicchat
1,1,0.33,0.47875,0.45303,0,0,0,0,0,0,0.0261097,0,0,0,11,toxicchat
1,1,0.425,0.64125,0.497647,0,0,0,0,0.1,0,0.00779727,0.333333,0,0,11,toxicchat
1,1,0.565,1.185,0.672566,0,0,0,0,0,4.8,0.112869,0,0,0,11,toxicchat
1,1,0.685,0.97375,0.459854,0,0,0,0,0,0,0.00641849,0,0,0,11,toxicchat
1,1,1.35,1.93125,0.454074,0,0,0,0,0.1,1.2,0.0220065,0.333333,0,0,11,toxicchat
1,1,1.17,1.55,0.412393,0,0.4,0,0,0,0.6,0.0137097,0,0,0,11,toxicchat
1,1,0.455,0.64,0.456044,0,0,0,0,0.5,0,0.0175781,0,0,0,11,toxicchat
1,0,0.24,0.29625,0.3875,0,0,0,0,0,0,0.0168776,0,0,0,11,toxicchat
1,0,0.055,0.065,0.345455,0.4,0.2,0,0,0,0.1,0.0576923,0,0,0,11,toxicchat
1,0,1,1.325,0.4175,0,0,0,0,0,0,0.0113208,0,0,0,11,toxicchat
1,1,0.165,0.215,0.412121,0.2,0.2,0,0,0.2,0,0.0406977,0,0,0,11,toxicchat
1,1,0.185,0.26625,0.462162,0.2,0,0.2,0,0,0,0.0187793,0.333333,0.25,0,11,toxicchat
1,1,0.89,1.2875,0.381461,0,0,0,0.2,0,1.4,0.00873786,0,0,0,11,toxicchat
1,1,0.385,0.57375,0.480519,0,0,0,0,0.1,0,0.0217865,0,0,0,11,toxicchat
1,1,0.245,0.37625,0.495918,0,0,0,0,0,0,0.00332226,0,0,0,11,toxicchat
1,1,1.135,1.79375,0.506608,0,0,0,0.2,0,0.6,0.0146341,0,0,0,11,toxicchat
1,0,0.08,0.115,0.475,0,0,0,0,0,0,0.0108696,0,0,0,11,toxicchat
1,1,0.09,0.11875,0.411111,0,0,0,0,0.1,0,0.0526316,0,0,0,11,toxicchat
1,1,0.62,0.9275,0.482258,0,0,0,0,0,0,0.00808625,0,0,0,11,toxicchat
1,1,0.25,0.4925,0.566,0,0,0,0,0,1,0.0329949,0,0,0,11,toxicchat
1,1,0.245,0.3425,0.45102,0,0,0,0,0,0,0.0109489,0,0,0,11,toxicchat
1,1,0.29,0.46375,0.481034,0,0,0,0,0,0.6,0.0188679,0,0,0,11,toxicchat
1,1,0.115,0.17125,0.469565,0.2,0,0,0,0,0,0.0145985,0,0,0,11,toxicchat
1,1,0.29,0.37875,0.398276,0.6,0.2,0,0,0.1,0,0.029703,0,0,0,11,toxicchat
1,1,0.86,1.21375,0.423837,0.6,1.2,0.2,0,0.3,1.2,0.0278064,0,0,0.25,11,toxicchat
1,1,0.07,0.1175,0.5,0,0,0,0,0,0,0.648936,0,0.25,0,11,toxicchat
1,1,0.05,0.0775,0.48,0,0.2,0,0,0,0.2,0.0645161,0,0,0,11,toxicchat
1,1,0.625,0.86375,0.4472,0,0,0,0,0.6,0,0.024602,0,0,0,11,toxicchat
1,1,0.23,0.3025,0.419565,0.2,0,0,0,0.2,0,0.0330579,0,0,0,11,toxicchat
1,1,0.39,0.59375,0.494872,0,0,0,0,0,0,0.0336842,0,0,0,11,toxicchat
1,1,1.29,1.77875,0.42093,0,0,0,0,0,1,0.0245959,0,0,0,11,toxicchat
1,1,1.02,1.58,0.509314,0,0,0,0,0,0.1,0.0102848,0,0,0,11,toxicchat
1,1,0.025,0.03625,0.44,0,0,0,0,0,0,0.0689655,0,0,0,11,toxicchat
1,1,0.06,0.085,0.45,0.2,0,0,0,0.2,0,0.0735294,0,0,0,11,toxicchat
1,1,0.715,1.04125,0.475524,0,0,0,0,0,0.2,0.00840336,0,0,0,11,toxicchat
1,1,0.36,0.4725,0.4125,0,0,0,0,0,0,0.0132275,0,0,0,11,toxicchat
1,1,0.32,0.485,0.4875,0,0,0,0,0,0,0.0360825,0,0,0,11,toxicchat
1,1,1.32,2.06375,0.501515,0,0,0,0,0,1,0.0339188,0,0,0,11,toxicchat
1,0,0.15,0.1875,0.373333,0,0,0,0,0,0,0.0466667,0,0,0,11,toxicchat
1,1,0.675,1.03,0.493333,0,0,0,0,0,0,0.00606796,0,0,0,11,toxicchat
1,1,0.555,0.75,0.413514,0.4,0,0,0,0.5,0,0.0266667,0,0,0,11,toxicchat
1,1,0.015,0.03,0.666667,0,0,0,0,0,0,0.0833333,0,0,0,11,toxicchat
1,1,1.935,2.59875,0.425065,0,0,0,0,0,1.2,0.013949,0,0,0,11,toxicchat
1,1,0.33,0.585,0.504545,0,2,0,0,0,0.9,0.0534188,0,0,0,11,toxicchat
1,1,0.34,0.47875,0.447059,0,0,0,0,0.4,0,0.0522193,0,0,0,11,toxicchat
1,0,1.25,1.71375,0.4356,0,0,0,0,0,0.8,0.0153173,0,0,0,11,toxicchat
1,1,1.51,2.05125,0.427483,0,0,0,0,0,1,0.0115783,0,0,0,11,toxicchat
1,1,0.97,1.41875,0.474742,0,0,0,0.4,0,0.4,0.0255507,0,0,0,12,toxicchat
1,1,0.655,0.90125,0.40687,0,0.8,0,0,0,1.4,0.0235784,0,0,0,12,toxicchat
1,1,1.18,1.70625,0.467797,0,0,0,0.2,0,0.4,0.010989,0,0,0,12,toxicchat
1,1,0.94,1.555,0.539894,0,0,0,0,0,0.2,0.0152733,0,0,0,12,toxicchat
1,1,1.22,2,0.533197,0,0,0,0,0,1.3,0.019375,0,0,0,12,toxicchat
1,1,0.2,0.4125,0.515,0,0,0,0,0,1.3,0.0757576,0,0,0,12,toxicchat
1,1,0.005,0.00625,0.5,0,0,0,0,0,0,1,0,0,0,12,toxicchat
1,1,1.195,1.8875,0.516736,0,0,0,0,0,0.8,0.00860927,0,0,0,12,toxicchat
1,1,0.935,1.4775,0.516578,0,0,0,0,0,0.6,0.0101523,0,0,0,12,toxicchat
1,1,0.035,0.04,0.357143,0,0,0,0,0,0,0.03125,0,0,0,12,toxicchat
1,1,0.39,0.57375,0.473077,0,0.4,0.2,0,0.1,0,0.0196078,0,0.25,0,12,toxicchat
1,1,0.06,0.07625,0.366667,0,0,0,0,0,0.4,0.0163934,0,0,0,12,toxicchat
1,1,0.23,0.29125,0.395652,0,0,0,0.2,0.3,0,0.0300429,0.333333,0,0,12,toxicchat
1,1,0.05,0.0575,0.36,0,0,0,0,0,0,0.0217391,0,0,0,12,toxicchat
1,0,0.41,0.68,0.553659,0,0,0,0,0.2,0,0.0110294,1,0,0,12,toxicchat
1,0,0.25,0.395,0.52,0,0,0,0,0.1,0,0.816456,0.666667,0,0,12,toxicchat
1,0,0.555,0.80125,0.446847,0,0,0,0,0.1,0.4,0.00936037,0,0,0,12,toxicchat
1,0,0.81,1.15,0.456173,0,0,0,0,0,0,0.0076087,0,0,0,12,toxicchat
1,0,0.185,0.2975,0.502703,0.2,0,0,0,0.1,0,0.109244,0.333333,0,0,12,toxicchat
1,0,0.335,0.46,0.429851,0.2,0,0,0,0.4,0,0.0380435,0,0,0.25,12,toxicchat
1,1,0.205,0.28125,0.443902,0.2,0,0,0,0.2,0,0.0266667,0.333333,0.25,0,12,toxicchat
1,1,0.105,0.1525,0.461905,0.2,0,0,0,0.1,0,0.0245902,0.333333,0.25,0,12,toxicchat
1,1,1.34,1.61125,0.363806,0,0,0,0,0.1,3.8,0.030256,0,0,0,12,toxicchat
1,1,0.215,0.28,0.413953,0,0,0,0,0,0,0.00892857,0,0,0,12,toxicchat
1,1,0.12,0.3825,0.629167,0,0,0,0,0,0.7,0.0686275,0,0,0,12,toxicchat
1,1,1.17,1.67625,0.451282,0,0,0,0,0,0.7,0.033557,0,0,0,12,toxicchat
1,1,0.31,0.43,0.445161,0,0,0,0,0.3,0,0.0203488,0.666667,0,0,12,toxicchat
1,1,0.085,0.10375,0.376471,0,0,0,0,0.2,0,0.0361446,0,0,0,12,toxicchat
1,1,1.395,1.92,0.42509,0,0,0,0,0,1,0.0208333,0,0,0,12,toxicchat
1,0,0.32,0.53375,0.560937,0,0,0,0,0.2,0,0.0140515,1,0,0,12,toxicchat
1,1,1.595,2.17125,0.431034,0,0,0.2,0,0,1.2,0.0103627,0,0,0,12,toxicchat
1,1,1.27,1.6825,0.377953,0,0,0,0,0.2,2.5,0.0943536,0,0,0,12,toxicchat
1,1,0.11,0.1575,0.427273,0,0,0,0,0,0,0.00793651,0,0,0,12,toxicchat
1,1,0.005,0.00625,0.5,0,0,0,0,0,0,1,0,0,0,12,toxicchat
1,1,0.025,0.0375,0.48,0,0,0,0,0.1,0,0.0666667,0.333333,0,0,12,toxicchat
1,1,0.815,1.205,0.465644,0,0,0,0,0,0.8,0.0114108,0,0,0,12,toxicchat
1,1,0.6,0.76,0.385833,0,0,0,0,0,0.6,0.0115132,0,0,0,12,toxicchat
1,1,0.525,0.75375,0.458095,0,0,0,0,0,0,0.0066335,0,0,0,12,toxicchat
1,0,0.145,0.215,0.489655,0,0,0,0,0.1,0,0.0116279,0.666667,0,0,12,toxicchat
1,1,0.105,0.125,0.352381,0,0,0,0,0,0,0.08,0,0,0,12,toxicchat
1,1,0.36,0.5375,0.488889,0,0,0,0.2,0.1,0,0.0162791,0,0.25,0,12,toxicchat
1,1,1.14,1.68,0.471491,0,0,0,0,0,0.6,0.0126488,0,0,0,12,toxicchat
1,1,0.04,0.07,0.6125,0,0,0,0,0,0,0.125,0,0,0,12,toxicchat
1,0,0.925,1.36,0.458919,1,0.2,0,0,0.1,0.8,0.0183824,0,0.25,0,12,toxicchat
1,1,1.215,2.04375,0.552263,0,0,0,0.2,0,0.8,0.012844,0,0,0,12,toxicchat
1,1,1.105,1.46625,0.41448,0.4,0,0.8,0,0,0.6,0.0144928,0.333333,0,0,12,toxicchat
1,1,1.18,1.77,0.485593,0,0,0,0,0,0.8,0.00706215,0,0,0,12,toxicchat
1,1,0.785,1.1975,0.497452,0,0,0,0,0.1,0.1,0.0114823,0,0,0,12,toxicchat
1,1,0.645,0.9825,0.487597,0,0,0,0.2,0,0.2,0.00636132,0,0,0,12,toxicchat
1,1,0.975,1.555,0.514359,0,0,0,0,0,0.7,0.0144695,0,0,0,12,toxicchat
1,1,0.285,0.7025,0.714035,0,0,0,0.2,0,2.3,0.0818505,0,0,0,12,toxicchat
1,1,0.105,0.1675,0.514286,0,0,0,0,0,0,0.00746269,0,0,0,12,toxicchat
1,1,1.835,2.945,0.526975,0,0,0,0,0,1.6,0.0157046,0,0,0,12,toxicchat
1,1,0.49,0.8025,0.545918,0,0,0,0.2,0,0,0.00934579,0,0,0,12,toxicchat
1,1,1.385,1.98875,0.459928,0,0,0,0,0,1,0.0157134,0,0,0,12,toxicchat
1,1,0.125,0.16625,0.416,0,0,0,0,0,0,0.0075188,0,0,0,12,toxicchat
1,1,0.71,1.0375,0.432394,0,0,0,0,0,0.3,0.0289157,0,0,0,12,toxicchat
1,0,0.93,1.20125,0.408065,0,0,0,0,2.5,0,0.0280957,0,0,0,12,toxicchat
1,1,0.225,0.36375,0.528889,0,0,0,0,0.1,0,0.0309278,0,0,0,12,toxicchat
1,1,0.455,0.5925,0.403297,0,0,0,0,0,0,0.0105485,0,0,0,12,toxicchat
1,0,0.485,0.6425,0.410309,0,0,0,0,0,0,0.0486381,0,0,0,12,toxicchat
1,1,0.03,0.04375,0.483333,0,0,0,0,0,0,0.0857143,0,0,0,12,toxicchat
1,1,0.455,0.62375,0.4,0,0,0,0,0,1,0.0220441,0,0,0,12,toxicchat
1,1,1.275,1.8825,0.458824,0,0,0.2,0.2,0.2,1.1,0.0172643,0.333333,0,0,12,toxicchat
1,1,1.27,2.5175,0.64685,0,0,0,0,0,5.5,0.0863952,0,0,0,12,toxicchat
1,1,0.935,1.32875,0.45615,0,0,0,0,0,0.4,0.0291627,0,0,0,12,toxicchat
1,1,0.365,0.56875,0.480822,0,0,0,0,0,0,0.0131868,0,0,0,12,toxicchat
1,0,0.45,0.68375,0.5,0,0,0,0.2,0.3,0,0.0127971,0,0.25,0,12,toxicchat
1,1,0.08,0.12125,0.49375,0,0.2,0,0,0.1,0,0.0309278,0,0,0,12,toxicchat
1,1,1.2,1.83125,0.485833,0,0,0,0,0,0.7,0.0238908,0,0,0,12,toxicchat
1,1,0.325,0.44,0.427692,0,0,0.2,0,0,0,0.0113636,0,0,0,12,toxicchat
1,1,0.065,0.07375,0.338462,0,0,0,0,0,0,0.0169492,0,0,0,12,toxicchat
1,1,0.575,0.9075,0.473913,0,0.4,0,0,0,2.2,0.0344353,0,0,0,12,toxicchat
1,1,0.025,0.025,0.3,0,0,0,0,0,0,0.05,0,0,0,12,toxicchat
1,1,1.25,1.7475,0.4384,0,0,0.2,0,0,0.6,0.0250358,0,0,0,12,toxicchat
1,1,0.255,0.42625,0.554902,0,0,0,0.2,0.3,0,0.0205279,0,0,0,12,toxicchat
1,1,0.51,0.71875,0.45,0,0,0,0,0,0,0.0382609,0,0,0,12,toxicchat
1,1,0.265,0.3625,0.439623,0,0,0,0,0.3,0,0.0241379,0,0,0,12,toxicchat
1,1,0.035,0.0475,0.4,0,0,0,0,0,0,0.0263158,0,0,0,12,toxicchat
1,1,0.485,0.75,0.321649,0,0,0,0.2,0,3,0.0133333,0,0,0,12,toxicchat
1,1,0.255,0.3825,0.490196,0.8,0.2,0,0,0,0,0.0196078,0,0,0,13,toxicchat
1,1,1.025,1.52625,0.47561,0,0,0,0.2,0.2,0.6,0.018018,0.333333,0,0,13,toxicchat
1,1,0.975,1.72,0.414872,0,0.4,0,0,0,2.8,0.00944767,0,0,0,13,toxicchat
1,1,0.21,0.28375,0.428571,0.2,0.2,0,0,0,0.4,0.0132159,0,0,0,13,toxicchat
1,1,0.07,0.08375,0.378571,0,0,0,0,0,0,0.0149254,0,0,0,13,toxicchat
1,1,1.03,1.35375,0.397087,0,0,0,0,0,2.2,0.0517082,0,0,0,13,toxicchat
1,0,0.41,0.60125,0.467073,0,0,0,0,0,0,0.00831601,0,0,0,13,toxicchat
1,1,0.225,0.30125,0.426667,0.2,0,0,0,0.3,0,0.0290456,0.333333,0,0,13,toxicchat
1,1,1.08,1.50875,0.4375,0,0,0,0,0,0.6,0.018227,0,0,0,13,toxicchat
1,1,0.515,0.68875,0.425243,0,0,0,0.2,0.3,0,0.0453721,0.333333,0,0,13,toxicchat
1,1,1.065,1.69875,0.516901,0,0,0,0,0,0.4,0.0331126,0,0,0,13,toxicchat
1,1,0.19,0.29125,0.460526,0,0,0,0,0,0,0.0128755,0.333333,0,0,13,toxicchat
1,1,1.245,1.6825,0.428112,0.2,0.2,0.2,0.2,0,0.4,0.013373,0,0,0,13,toxicchat
1,0,0.43,0.57875,0.413953,0.4,0,0.6,0,0,0,0.012959,0,0,0,13,toxicchat
1,1,0.28,0.39875,0.458929,0,0,0,0,0.2,0,0.0282132,0.333333,0,0,13,toxicchat
1,0,0.86,1.32875,0.488372,0,0,0,0,0,1,0.0235183,0,0,0,13,toxicchat
1,0,0.42,0.58375,0.445238,0,0,0,0,0.6,0,0.0214133,0,0,0,13,toxicchat
1,1,0.67,0.99625,0.481343,0,0,0.2,0.2,0.2,0.4,0.0125471,0,0,0,13,toxicchat
1,1,0.88,1.20875,0.438636,0,0,0,0.2,1,0.4,0.0217166,0,0,0,13,toxicchat
1,1,1.245,1.85125,0.467871,0.6,0,0,0,0.2,1.8,0.0202566,0,0,0,13,toxicchat
1,1,0.305,0.52625,0.55082,0,0,0,0,0,0.3,0.00475059,0,0,0,13,toxicchat
1,1,0.035,0.04625,0.4,0,0,0,0,0,0,0.027027,0,0,0,13,toxicchat
1,1,0.685,0.90875,0.368613,0,0.4,0,0,0,1.9,0.0178817,0,0,0,13,toxicchat
1,1,1.735,2.41625,0.43487,0,0,0,0,0.4,2,0.0181066,0.333333,0,0,13,toxicchat
1,1,1.085,1.57625,0.469124,0,0.2,0,0,0,0.3,0.0103093,0,0,0,13,toxicchat
1,1,0.03,0.03625,0.35,0,0.4,0,0,0,0,0.103448,0,0,0,13,toxicchat
1,1,0.185,0.2775,0.491892,0,0,0,0,0.3,0,0.018018,0,0,0,13,toxicchat
1,1,0.04,0.10125,0.7375,0,0,0,0,0,0.2,0.0987654,0,0,0,13,toxicchat
1,1,0.01,0.35,0.45,0,0,0,0,0,0.8,0,0,0,0,13,toxicchat
1,1,1.72,2.2775,0.412209,0,0,0.2,0,0,0.6,0.0164654,0,0,0,13,toxicchat
1,1,0.06,0.07,0.341667,0.2,0.2,0,0,0,0,0.0535714,0,0,0,13,toxicchat
1,1,1.38,2.2825,0.551812,0,0,0,0,0,0.8,0.00711939,0,0,0,13,toxicchat
1,1,0.07,0.10875,0.507143,0,0,0,0,0,0,0.0114943,0,0,0,13,toxicchat
1,1,0.195,0.25125,0.405128,0.2,0,0,0.2,0.3,0,0.039801,0,0,0,13,toxicchat
1,1,0.285,0.4275,0.47193,0.2,0,0,0,0,0.5,0.0438596,0,0,0.25,13,toxicchat
1,1,0.76,0.87875,0.273684,0,0,0,0.2,0,1.8,0.0227596,0,0,0,13,toxicchat
1,1,0.05,0.07625,0.49,0,0,0,0,0.1,0,0.0491803,0,0.25,0,13,toxicchat
1,1,0.47,0.6875,0.454255,0,0,0,0,0.3,0.2,0.0272727,0,0.25,0,13,toxicchat
1,1,0.125,0.15625,0.38,0.2,0,0,0,0,0.4,0.024,0,0,0,13,toxicchat
1,1,0.37,0.56,0.493243,0,0,0,0.2,0,0,0.00892857,0,0,0,13,toxicchat
1,1,0.455,0.72375,0.526374,0,0,0,0.2,0.3,0,0.015544,0,0,0,13,toxicchat
1,1,0.93,1.39625,0.489785,0,0,0,0,0,0.8,0.0116383,0,0,0,13,toxicchat
1,1,0.845,1.17,0.412426,0.2,0,0,0,0,0.9,0.0373932,0.333333,0,0,13,toxicchat
1,1,0.605,0.87625,0.465289,0,0,0,0,0,0,0.0156919,0,0,0,13,toxicchat
1,1,0.79,1.75375,0.598101,0,0,0,0,0,5.3,0.0370634,0,0,0,13,toxicchat
1,1,1.015,1.5675,0.492118,0,0,0,0,0,0.8,0.0143541,0,0,0,13,toxicchat
1,0,0.005,0.01625,1.2,0,0,0,0,0,0,0.0769231,0,0,0,13,toxicchat
1,1,1,1.5075,0.49,0,0,0,0.2,0,0.8,0.0107794,0,0,0,13,toxicchat
1,1,1.335,1.70375,0.398127,0,0,0,0,0,0.5,0.00953778,0,0,0,13,toxicchat
1,1,0.18,0.26625,0.480556,0,0,0,0,0.2,0,0.0187793,0.333333,0,0,13,toxicchat
1,1,0.255,0.34375,0.429412,0.2,0.2,0,0,0.2,0,0.0218182,0,0,0,13,toxicchat
1,1,0.255,0.40375,0.482353,0,0,0,0,0,0,0.0278638,0,0,0,13,toxicchat
1,0,0.045,0.0725,0.333333,0,0,0,0,0,0,0.12069,0,0,0,13,toxicchat
1,1,0.12,0.1875,0.525,0,0,0,0.2,0,0,0.00666667,0,0,0,13,toxicchat
1,1,1.125,1.6825,0.479556,0,0,0,0,0.6,0.6,0.0237741,0,0,0,13,toxicchat
1,1,1.35,2.12,0.507037,0,0,0,0,0,0.7,0.0235849,0,0,0,13,toxicchat
1,1,1.31,1.96125,0.477099,0,0,0,0,0,0.6,0.0178458,0,0,0,13,toxicchat
1,1,0.63,0.84,0.422222,0,0,0,0,0,0,0.0252976,0,0,0,13,toxicchat
1,1,0.02,0.03,0.45,0,0.2,0,0,0.1,0,0.125,0,0,0,13,toxicchat
1,1,1.04,1.5225,0.473077,0,0,0,0,0,0.6,0.00738916,0,0,0,13,toxicchat
1,0,1.39,1.865,0.423381,0,0,0,0,0,1,0.0134048,0,0,0,13,toxicchat
1,1,0.925,1.33,0.454595,0,0,0,0,0,0.9,0.0225564,0,0,0,13,toxicchat
1,1,0.02,0.02625,0.425,0,0,0,0,0,0,0.0952381,0,0,0,13,toxicchat
1,1,1.06,1.525,0.460849,0,0,0,0.4,0,1.5,0.0139344,0,0,0,13,toxicchat
1,1,0.4,0.49625,0.3775,0.6,0.4,0.2,0,0.3,0.6,0.0251889,0,0,0,13,toxicchat
1,1,0.2,0.2725,0.4425,0,0,0,0,0.2,0,0.0137615,0,0,0,13,toxicchat
1,0,0.125,0.18125,0.468,0.2,0,0,0,0.2,0,0.0413793,0,0,0,13,toxicchat
1,1,1.65,2.4625,0.485758,0,0,0,0.2,0,1,0.00761421,0,0,0,13,toxicchat
1,1,0.275,0.36,0.4,0,0,0,0,0.1,1.1,0.0451389,0.333333,0,0,13,toxicchat
1,1,0.725,1.06625,0.465517,0,0,0,0,0,0,0.0187573,0,0,0,13,toxicchat
1,1,0.675,0.91375,0.421481,0,0,0,0,0,2.3,0.0451436,0,0,0,13,toxicchat
1,0,0.2,0.33125,0.55,0,0,0,0,0.2,0,0.0226415,1,0,0,13,toxicchat
1,1,0.685,1.0875,0.517518,0,0,0,0,0,0.4,0.00689655,0,0,0,13,toxicchat
1,1,0.205,0.2825,0.443902,0,0,0,0,0.2,0,0.0176991,0,0,0,13,toxicchat
1,1,0.31,0.4025,0.408065,0.2,0,0,0,0.5,0,0.0279503,0.333333,0,0,13,toxicchat
1,1,0.04,0.0475,0.3625,0.2,0.2,0,0,0.1,0,0.105263,0,0,0,13,toxicchat
1,1,0.4,0.56,0.4325,0,0,0,0,0,1.4,0.0736607,0,0,0,13,toxicchat
1,1,1.205,1.70375,0.441909,1,0,0,0,0,1.7,0.0440205,0,0,0,13,toxicchat
1,1,0,0.0275,0,0,0,0,0,0,0,0,0,0,0,13,toxicchat
1,1,0.375,0.6075,0.510667,0,0,0,0,0,0.4,0.0123457,0,0,0,13,toxicchat
1,1,0.085,0.11375,0.429412,0.2,0.2,0,0,0,0,0.021978,0,0,0,14,toxicchat
1,1,0.665,1.09125,0.516541,0,0,0,0,0,2.5,0.0297824,0,0,0,14,toxicchat
1,1,1.43,2.23625,0.44965,0,0.8,0,0,0,3.9,0.020123,0,0,0,14,toxicchat
1,0,1.325,1.9625,0.448679,1,0,0,0,0.8,3.6,0.140764,0.666667,0.5,0,14,toxicchat
1,1,0.33,0.50625,0.498485,0,0,0,0.2,0.3,0,0.0296296,0,0,0,14,toxicchat
1,1,0.145,0.1875,0.413793,0,0,0,0,0,0,0.0133333,0,0,0,14,toxicchat
1,1,0.475,0.67375,0.435789,0,0,0,0,0,1.2,0.0538033,0,0,0,14,toxicchat
1,1,1.59,2.10125,0.411321,0.2,0,0,0,0.1,1.8,0.0345033,0,0,0,14,toxicchat
1,1,0.285,0.70625,0.410526,0.4,1.8,0,0,0.2,0.7,0.0283186,0,0,0.25,14,toxicchat
1,1,0.975,1.46125,0.481026,0,0,0,0,0,0.5,0.0128315,0,0,0,14,toxicchat
1,1,0.53,0.74125,0.450943,0,0,0,0.4,0.1,0,0.0337268,0,0,0,14,toxicchat
1,1,0.235,0.3025,0.406383,0.2,0,0,0.2,0.3,0,0.0247934,0.666667,0,0,14,toxicchat
1,1,0.72,1.0425,0.461806,0.2,0,0,0.2,0,0.2,0.00959233,0,0,0,14,toxicchat
1,0,0.77,1.03,0.414286,0.6,0.2,0,0,0.7,0.8,0.0461165,0,0,0,14,toxicchat
1,1,0.24,0.39125,0.497917,0,0,0,0,0,0,0.0127796,0,0,0,14,toxicchat
1,1,0.125,0.215,0.424,0,0,0,0,0,0,0.0290698,0,0,0,14,toxicchat
1,1,0.16,0.2275,0.415625,0,0.2,0,0,0,0.6,0.021978,0,0,0,14,toxicchat
1,1,0.895,1.255,0.431844,0,0,0,0.2,0,0.6,0.0239044,0,0,0,14,toxicchat
1,1,0.03,0.03125,0.266667,0,0,0,0,0,0,0.48,0,0,0,14,toxicchat
1,1,0.06,0.0975,0.508333,0,0,0,0,0,0,0.782051,0,0.25,0,14,toxicchat
1,1,1.28,2.0425,0.520312,0,0,0.4,0.6,0,0.7,0.0110159,0,0,0,14,toxicchat
1,1,0.94,1.4825,0.503723,0,0,0,0.2,0.1,0.7,0.0480607,0,0,0,14,toxicchat
1,1,0.165,0.22875,0.445455,0.2,0.2,0,0,0.2,0,0.0382514,0,0,0,14,toxicchat
1,1,1.2,1.92875,0.521667,0,0,0,0.2,0,0.8,0.0259235,0,0,0,14,toxicchat
1,0,1.31,1.78375,0.425954,0.2,0,0,0,0,1,0.0126139,0,0,0,14,toxicchat
1,1,1.385,2.00375,0.464621,0,0,0,0.2,1,0.5,0.0218341,0.666667,0,0,14,toxicchat
1,1,0.77,1.10875,0.451948,0,0,0,0.2,0,0.5,0.0270575,0,0,0,14,toxicchat
1,1,0.28,0.43125,0.498214,0,0,0,0,0,0,0.0231884,0,0,0,14,toxicchat
1,1,0.965,1.32,0.405699,0,0,0,0,0.1,2.8,0.0189394,0,0,0.25,14,toxicchat
1,1,0.36,0.5675,0.506944,0,0,0,0.2,0.2,0,0.0374449,0,0,0,14,toxicchat
1,1,0.08,0.09375,0.35625,0.2,0,0,0,0.1,0,0.04,0,0,0,14,toxicchat
1,1,1.555,2.00625,0.403859,0,0,0,0,0,0.6,0.0124611,0,0,0,14,toxicchat
1,1,0.36,0.56,0.505556,0,0,0,0,0.1,0,0.0290179,0,0,0,14,toxicchat
1,1,1.29,1.93625,0.482946,0,0,0,0,0,0.7,0.0213041,0,0,0,14,toxicchat
1,1,0.77,1.06625,0.422727,1,0,0,0,0,1.3,0.0586166,0,0,0,14,toxicchat
1,1,0.09,0.11875,0.405556,0.2,0.2,0,0,0,0.4,0.0315789,0,0,0,14,toxicchat
1,0,0.315,0.455,0.468254,0,0,0,0.2,0.1,0,0.0137363,0.333333,0.25,0,14,toxicchat
1,1,0.515,1.185,0.42233,0,0,0,0,0,0.2,0.0105485,0,0,0,14,toxicchat
1,1,0.075,0.54125,0.46,0,0,0,0,0,1.9,0.0184758,0,0,0,14,toxicchat
1,1,1.155,1.50875,0.394372,0,0,0.2,0,0.2,1.8,0.0289975,0,0,0,14,toxicchat
1,1,0.03,0.0375,0.4,0,0,0,0,0,0,0.0333333,0,0,0,14,toxicchat
1,1,1.2,1.60375,0.392917,0,0,0,0,0,2.2,0.0389712,0,0,0,14,toxicchat
1,1,1.895,2.85375,0.482058,0.2,0,0,0,0.1,0.7,0.0148927,0,0,0.25,14,toxicchat
1,1,0.25,0.34625,0.442,0,0,0,0.2,0.4,0,0.0288809,0,0,0,14,toxicchat
1,1,0.65,1.0025,0.507692,0,0,0,0.2,0,0,0.00623441,0,0,0,14,toxicchat
1,1,0.83,1.095,0.404819,0.4,0.4,0,0,0.4,1,0.0171233,0,0,0,14,toxicchat
1,1,0.675,0.91125,0.412593,0,0,0,0,0,3.3,0.0411523,0,0,0,14,toxicchat
1,1,0.265,0.365,0.441509,0,0.2,0,0,0.3,0,0.0273973,0,0,0,14,toxicchat
1,0,0.97,1.84375,0.564948,0,0,0,0,0,3.3,0.0176271,0,0,0,14,toxicchat
1,1,1.12,1.575,0.444196,0.8,0,0,0,0.3,0.9,0.0166667,0,0,0,14,toxicchat
1,0,0.245,0.3675,0.493878,0,0,0,0,0.1,0,0.0102041,1,0,0,14,toxicchat
1,1,0.075,0.10125,0.42,0,0,0,0,0,0,0.135802,0,0,0,14,toxicchat
1,1,0.855,1.20875,0.447953,0,0.4,0,0,0,1.6,0.024819,0,0,0,14,toxicchat
1,1,1.145,2.4225,0.578166,0,0.4,0,0,0,4,0.0330237,0,0,0,14,toxicchat
1,1,0.175,0.255,0.471429,0,0,0,0,0,0,0.00980392,0,0,0,14,toxicchat
1,1,0.445,0.61375,0.444944,0,0,0,0,0,0,0.0101833,0,0,0,14,toxicchat
1,1,1.135,1.83625,0.527753,0,0,0,0,0,0.7,0.0190606,0,0,0,14,toxicchat
1,1,0.01,0.02375,0.8,0,0,0,0,0,0,0.368421,0,0,0,14,toxicchat
1,1,1.105,1.6975,0.498643,0,0,0,0,0,0.7,0.00736377,0,0,0,14,toxicchat
1,1,0.415,0.64875,0.507229,0,0,0.2,0,0,0,0.0154143,0,0,0,14,toxicchat
1,1,1,1.39375,0.4395,0,0.4,0,0,0,1.2,0.0143498,0,0,0,14,toxicchat
1,1,1.215,1.82,0.49177,0,0,0,0,0,0.4,0.00824176,0,0,0,14,toxicchat
1,1,0.095,0.13875,0.457895,0.2,0,0,0,0,0,0.027027,0,0,0,14,toxicchat
1,1,0.9,1.49,0.54,0,0,0,0,0.2,0.7,0.0209732,0,0,0,14,toxicchat
1,1,0.325,0.43,0.416923,0,0,0,0.2,0.2,0,0.0232558,0.333333,0,0,14,toxicchat
1,1,0.43,0.62875,0.475581,0,0,0,0.2,0.3,0,0.0159046,0,0,0,14,toxicchat
1,1,0.765,1.2,0.479085,0,0.4,0,0,0,2,0.025,0,0,0,14,toxicchat
1,1,0.675,0.96375,0.422963,0,0,0.2,0,0,1.1,0.00907912,0,0,0,14,toxicchat
1,1,1.005,1.26875,0.393035,0,0,0,0,0,0.4,0.0236453,0,0,0,14,toxicchat
1,1,0.68,1.08,0.524265,0,0,0,0,0,0.4,0.0115741,0,0,0,14,toxicchat
1,1,0.065,0.10625,0.538462,0.2,0,0,0,0,0,0.0235294,0,0,0,14,toxicchat
1,1,0.135,0.2025,0.492593,0.2,0,0,0,0,0,0.0123457,0.333333,0.25,0,14,toxicchat
1,1,1.075,1.61,0.488837,0,0,0,0.2,0,0.6,0.0108696,0,0,0,14,toxicchat
1,1,0.29,0.36625,0.396552,0,0.2,0,0,0.3,0,0.0273038,0,0,0,14,toxicchat
1,1,1.785,2.75625,0.49916,0.2,0,0,0,0,1.8,0.0172336,0,0,0,14,toxicchat
1,1,0.355,0.49,0.438028,0,0,0,0,0,0,0.0204082,0,0,0,14,toxicchat
1,1,0.175,0.21875,0.391429,0,0,0,0.2,0.3,0,0.0514286,0.333333,0,0,14,toxicchat
1,1,1.1,1.80625,0.54,0,0,0,0,0,0.8,0.0131488,0,0,0,14,toxicchat
1,1,0.16,0.25,0.50625,0,0,0,0,0,0.1,0.02,0,0,0,14,toxicchat
1,1,0.045,0.06625,0.466667,0,0,0,0,0,0,0.0566038,0,0.25,0,14,toxicchat
