y,batch,x_bm25,x_dense,x_rrf,x_rank_sp,x_rank_de,x_q_overlap,x_title_seed,x_title_deg,x_slot
0,0,0.911357,-0.532211,0.196592,0.333333,0.142857,0.0615385,1,0.666667,0.1
1,0,-0.517414,-0.572283,-0.705276,0.166667,0.125,0.1,1,0,0.2
0,0,1.60125,1.49996,2.10241,1,1,0.0847458,0,0,0.3
0,0,-0.571559,0.903735,0.196592,0.142857,0.333333,0.0543478,0,0,0.4
1,0,-1.29872,-2.09036,-1.93778,0.1,0.1,0.0769231,1,0.166667,0.5
0,0,-1.1113,0.297354,-0.455745,0.111111,0.25,0.057971,0,0.5,0.6
0,0,-0.476264,-0.0182893,-0.0547628,0.2,0.166667,0.0892857,0,0,0.7
0,0,-0.669584,1.05283,0.231599,0.125,0.5,0.0869565,0,0.5,0.8
0,0,0.800585,-0.822477,-0.455745,0.25,0.111111,0.0675676,0,0,0.9
0,0,1.33165,0.281742,0.882112,0.5,0.2,0.0779221,0,0.5,1
0,1,-0.938868,-1.72871,-1.27367,0.111111,0.111111,0.0821918,1,0.333333,0.1
1,1,-0.802544,-1.87876,-1.26885,0.125,0.1,0.0666667,0,0,0.2
0,1,-0.941424,-0.533866,-1.26885,0.1,0.125,0.117647,0,0,0.3
0,1,-0.62009,-0.0434232,-0.588228,0.142857,0.142857,0.125,1,0.333333,0.4
0,1,-0.230451,0.760704,0.716742,0.25,0.333333,0.111111,0,0,0.5
0,1,2.05857,0.949013,1.73779,1,1,0.155172,1,0.666667,0.6
1,1,1.24823,0.67067,0.919559,0.5,0.25,0.137931,1,0.166667,0.7
0,1,1.00951,0.32453,0.341647,0.333333,0.166667,0.14,0,0.166667,0.8
0,1,-0.270742,0.558921,0.139397,0.2,0.2,0.0909091,0,0,0.9
0,1,-0.512196,0.920925,0.544463,0.166667,0.5,0.0538462,0,0,1
0,2,-0.607613,0.735958,0.216507,0.125,0.5,0.09375,0,0,0.1
0,2,-0.448754,0.274287,-0.25381,0.142857,0.2,0.141026,0,0,0.2
1,2,0.28027,-0.0632186,0.615779,0.5,0.166667,0.114943,1,0.333333,0.3
0,2,-0.933169,-1.44891,-1.4405,0.111111,0.111111,0.115385,0,0,0.4
0,2,-0.228363,0.567283,0.386397,0.166667,0.333333,0.120482,1,0.333333,0.5
0,2,0.0509453,0.437323,0.373033,0.2,0.25,0.11,1,0,0.6
0,2,-1.11548,-1.58725,-1.8115,0.1,0.1,0.125,1,0.333333,0.7
0,2,0.22507,-0.488816,-0.0128757,0.333333,0.125,0.0970874,1,0,0.8
1,2,2.66805,1.96369,1.96541,1,1,0.227273,0,0,0.9
0,2,0.109052,-0.390349,-0.0384332,0.25,0.142857,0.225,0,0,1
0,3,-0.740765,-0.52449,-0.906164,0.125,0.125,0.0909091,1,0.833333,0.1
0,3,0.440375,0.654579,0.503685,0.25,0.25,0.0652174,0,0,0.2
0,3,-0.801368,-1.93942,-1.55067,0.1,0.1,0.0851064,0,0,0.3
0,3,-0.693485,-0.168986,0.134955,0.2,0.2,0.102564,1,0.833333,0.4
0,3,0.442132,1.40729,1.28327,0.333333,1,0.0714286,1,1,0.5
1,3,1.73511,0.962292,1.08047,0.5,0.333333,0.2,1,0.166667,0.6
1,3,1.81877,1.25895,1.47962,1,0.5,0.205128,1,0.833333,0.7
0,3,-0.794499,-0.486677,-0.901285,0.111111,0.142857,0.157895,1,0.833333,0.8
0,3,-0.71202,-0.356662,-0.396042,0.142857,0.166667,0.114286,0,0,0.9
0,3,-0.694255,-0.806867,-0.727843,0.166667,0.111111,0.105263,1,0.833333,1
0,4,-0.380948,0.858136,0.178081,0.166667,0.25,0.137931,1,0,0.1
0,4,0.00870884,-1.23691,-0.221087,0.333333,0.111111,0.181818,0,0,0.2
0,4,-0.401631,1.28685,0.705095,0.142857,1,0.2,0,0.333333,0.3
1,4,0.808188,-1.0681,0.234834,0.5,0.125,0.205128,0,0,0.4
0,4,-0.839094,-0.864644,-1.14202,0.111111,0.142857,0.114286,0,0,0.5
0,4,-0.631971,0.630199,-0.488599,0.125,0.2,0.0535714,1,0,0.6
0,4,-0.0609153,-0.135857,0.178081,0.25,0.166667,0.258065,0,0,0.7
0,4,-0.897604,-1.3895,-1.96485,0.1,0.1,0.118421,1,0.166667,0.8
0,4,-0.261614,0.955824,0.645636,0.2,0.333333,0.128571,0,0.333333,0.9
1,4,2.65688,0.964005,1.87483,1,0.5,0.169492,1,0.5,1
0,5,-0.365982,-0.564699,-0.508754,0.166667,0.142857,0.116505,1,0.166667,0.1
0,5,-1.59262,-0.0198422,-0.909308,0.1,0.2,0.155172,0,0,0.2
1,5,1.55027,1.67187,2.16122,1,1,0.324324,1,0,0.3
0,5,-0.595596,0.0617603,-0.0422623,0.142857,0.25,0.268293,0,0.333333,0.4
1,5,1.17746,-0.614203,-0.0141585,0.333333,0.125,0.255319,0,0.333333,0.5
0,5,1.36798,-0.524678,0.677128,0.5,0.166667,0.211268,0,0,0.6
0,5,-0.697635,-1.26986,-1.57802,0.125,0.1,0.166667,1,0.166667,0.7
0,5,0.227218,0.958131,0.891384,0.25,0.333333,0.325,0,0.333333,0.8
0,5,-0.853222,1.50228,0.0280958,0.111111,0.5,0.297297,0,0.166667,0.9
0,5,-0.21787,-1.20076,-0.705327,0.2,0.111111,0.142857,0,0.166667,1
0,6,-0.101878,-0.0662094,0.153167,0.166667,0.25,0.0568182,0,0,0.1
0,6,-0.619706,0.312958,0.171451,0.142857,0.333333,0.109756,0,0,0.2
0,6,-1.26936,-1.41768,-1.51691,0.111111,0.1,0.0879121,0,0,0.3
1,6,0.969603,1.0198,1.17754,0.333333,0.5,0.25,0,0,0.4
0,6,-0.806827,-0.228509,-0.615082,0.125,0.166667,0.125,0,0,0.5
0,6,-1.32476,-0.747587,-1.51691,0.1,0.111111,0.0707071,0,0,0.6
0,6,0.18425,-0.562207,-0.219317,0.25,0.125,0.131579,0,0,0.7
1,6,1.86723,2.37374,1.83355,1,1,0.115385,0,0,0.8
0,6,1.06118,-0.503238,0.385443,0.5,0.142857,0.0656934,0,0,0.9
0,6,0.0402646,-0.181066,0.147079,0.2,0.2,0.0877193,0,0,1
0,7,0.469787,1.12827,1.29229,0.333333,0.5,0.111111,0,0,0.1
0,7,-0.681407,-0.78857,-1.07797,0.111111,0.142857,0.0526316,0,0,0.2
0,7,-0.159226,0.327458,0.381918,0.2,0.25,0.0697674,0,0.166667,0.3
0,7,1.38472,-0.912149,0.221664,0.5,0.125,0.0189873,1,0,0.4
0,7,-0.383133,-0.066835,-0.0524136,0.166667,0.2,0.0689655,0,0,0.5
1,7,-1.68151,-1.30315,-1.85465,0.1,0.1,0.047619,0,0,0.6
0,7,-0.498915,-1.03439,-1.27931,0.125,0.111111,0.0645161,0,0,0.7
1,7,-0.424728,1.92303,0.665551,0.142857,1,0.12,1,0,0.8
0,7,1.99206,-0.101307,0.872993,1,0.166667,0.135593,1,0,0.9
0,7,-0.0176467,0.827636,0.829933,0.25,0.333333,0.0909091,0,0.166667,1
1,8,1.76082,1.09841,1.54437,1,0.333333,0.0561798,1,0.166667,0.1
0,8,-0.155913,-0.811826,-0.679217,0.166667,0.125,0.05,0,0,0.2
1,8,0.269264,-0.341868,0.384292,0.25,0.2,0.0714286,1,0.333333,0.3
0,8,-1.07596,1.9489,0.467095,0.125,1,0.0434783,1,0.333333,0.4
0,8,1.40869,-0.543654,0.634365,0.5,0.166667,0.0375,1,0.166667,0.5
0,8,-0.119824,-0.805031,-0.261471,0.2,0.142857,0.0465116,0,0,0.6
0,8,-1.27167,-0.861537,-1.67508,0.1,0.111111,0.0337079,0,0,0.7
0,8,-0.321335,-0.8815,-1.27577,0.142857,0.1,0.0344828,0,0,0.8
0,8,-1.19672,-0.121604,-0.438905,0.111111,0.25,0.0447761,0,0,0.9
0,8,0.702652,1.3197,1.30032,0.333333,0.5,0.148148,1,0.333333,1
0,9,-0.408768,-0.00660702,-0.047601,0.166667,0.2,0.0608696,0,0,0.1
0,9,-0.421627,0.0937677,-0.0357357,0.142857,0.25,0.0721649,1,0,0.2
0,9,-0.256364,-0.188975,-0.047601,0.2,0.166667,0.132075,1,0.333333,0.3
0,9,0.563247,-0.824604,0.023757,0.5,0.111111,0.116667,0,0,0.4
1,9,-0.961062,-1.4272,-1.51188,0.111111,0.1,0.0888889,1,0.333333,0.5
0,9,-0.493618,-0.369101,-0.801436,0.125,0.142857,0.0769231,1,0.333333,0.6
1,9,2.60524,2.38126,1.82746,1,1,0.189189,1,0,0.7
0,9,-0.145129,0.275697,0.753728,0.25,0.333333,0.101449,0,0,0.8
0,9,0.527281,0.85561,1.17363,0.333333,0.5,0.109589,0,0,0.9
0,9,-1.0092,-0.789852,-1.33432,0.1,0.125,0.0862069,0,0,1
0,10,-0.402232,-1.09797,-1.01024,0.2,0.1,0.132353,1,1.33333,0.1
0,10,0.295703,0.32046,0.990324,0.25,0.333333,0.101562,1,1.5,0.2
0,10,-0.823248,-0.397862,-1.03876,0.111111,0.166667,0.104651,1,1.33333,0.3
0,10,-0.603612,-0.0580413,-0.062543,0.166667,0.2,0.0649351,1,1.33333,0.4
1,10,0.57899,-0.568754,-0.01573,0.333333,0.125,0.28,1,1.33333,0.5
0,10,-0.810309,-0.529674,-1.05301,0.125,0.142857,0.142857,1,1.33333,0.6
0,10,-0.797427,0.0128497,-0.0469532,0.142857,0.25,0.12,1,1.33333,0.7
0,10,1.27292,-0.712798,0.0312143,0.5,0.111111,0.204545,1,0.5,0.8
0,10,-0.876839,0.328049,-0.195408,0.1,0.5,0.0909091,1,1.5,0.9
1,10,2.16606,2.70374,2.4011,1,1,0.242424,1,1.5,1
0,11,0.6005,-1.83775,-0.573832,0.25,0.1,0.075,0,0,0.1
0,11,-0.387086,-0.156786,-0.048037,0.2,0.166667,0.0898876,1,1,0.2
0,11,-0.865435,-0.780197,-1.17249,0.111111,0.125,0.127273,1,0.833333,0.3
1,11,1.83769,1.09749,1.40667,1,0.333333,0.193548,0,0,0.4
0,11,0.934842,1.21191,1.40667,0.333333,1,0.145161,1,0.833333,0.5
0,11,-1.00672,-0.608592,-1.16202,0.1,0.142857,0.0909091,1,0.833333,0.6
0,11,-0.794138,0.795492,-0.220592,0.125,0.25,0.148936,0,0,0.7
0,11,-0.788499,0.0342296,-0.048037,0.166667,0.2,0.132075,1,0.833333,0.8
0,11,-0.793634,-0.946077,-0.987957,0.142857,0.111111,0.0886076,1,0.833333,0.9
1,11,1.26248,1.19028,1.39961,0.5,0.5,0.163636,0,0.166667,1
0,12,-0.367303,0.063694,-0.22176,0.142857,0.2,0.104478,1,0,0.1
0,12,-0.0988782,-0.68235,-0.393584,0.2,0.125,0.0652174,1,0.166667,0.2
0,12,-1.048,-1.21122,-1.2586,0.111111,0.111111,0.0491803,0,0,0.3
0,12,-0.639144,-0.498833,-0.753091,0.125,0.142857,0.048,0,0,0.4
0,12,-1.39196,-1.52224,-1.58275,0.1,0.1,0.0526316,0,0,0.5
0,12,-0.175658,0.616725,0.337604,0.166667,0.333333,0.0657895,0,0,0.6
0,12,-0.0174441,0.409457,0.514108,0.25,0.25,0.0731707,0,0,0.7
1,12,2.00723,2.07345,1.71723,1,1,0.1125,0,0,0.8
1,12,0.212754,-0.0531761,0.337604,0.333333,0.166667,0.112903,1,0.166667,0.9
0,12,1.5184,0.804495,1.30325,0.5,0.5,0.125,0,0,1
0,13,0.153388,0.937269,0.771072,0.2,0.5,0.0731707,1,0.166667,0.1
0,13,-0.72821,-0.403175,-0.984507,0.111111,0.142857,0.0704225,0,0,0.2
0,13,0.283502,0.678356,0.550194,0.25,0.25,0.0961538,0,0,0.3
1,13,-0.433301,-1.98489,-1.15796,0.142857,0.1,0.0657895,1,0,0.4
1,13,1.27539,0.911702,1.18024,0.5,0.333333,0.0961538,1,0,0.5
0,13,-0.660605,-0.908624,-1.16839,0.125,0.111111,0.121212,0,0,0.6
0,13,-0.318969,-0.309292,-0.243155,0.166667,0.166667,0.08,0,0.166667,0.7
0,13,1.76722,1.47877,1.83776,1,1,0.0588235,1,0.166667,0.8
0,13,0.554434,-0.719544,-0.0120394,0.333333,0.125,0.0147368,0,0.166667,0.9
0,13,-1.89284,0.319427,-0.773217,0.1,0.2,0.0322581,0,0,1
0,14,1.62263,0.828209,1.11323,1,0.25,0.24,0,0,0.1
0,14,-0.214424,-0.846392,-0.403355,0.166667,0.142857,0.1,0,0,0.2
0,14,0.617608,0.179289,0.518947,0.333333,0.2,0.162791,0,0.166667,0.3
0,14,1.19428,1.43666,1.50694,0.5,1,0.145833,0,0,0.4
0,14,-0.310658,-0.90776,-0.751448,0.142857,0.125,0.106383,1,0.166667,0.5
1,14,-1.82033,-1.34358,-1.5793,0.1,0.1,0.0759494,1,0,0.6
0,14,-0.75647,-0.119621,-0.574804,0.125,0.166667,0.104167,1,0,0.7
0,14,-1.07947,-1.3013,-1.25586,0.111111,0.111111,0.0641026,1,0.166667,0.8
0,14,0.165006,0.95703,0.518947,0.2,0.333333,0.111111,0,0.166667,0.9
1,14,0.581836,1.11746,0.906696,0.25,0.5,0.148936,0,0,1
0,15,-1.0114,-0.446951,-0.752931,0.111111,0.166667,0.0923077,1,1.16667,0.1
0,15,0.279591,0.301079,0.717821,0.25,0.333333,0.137931,1,1.16667,0.2
1,15,1.27454,2.60606,1.53062,0.5,1,0.170213,1,1.33333,0.3
0,15,-0.06279,0.565817,0.730223,0.2,0.5,0.0888889,1,1.16667,0.4
0,15,-1.02667,-0.967494,-1.60412,0.1,0.1,0.153846,0,0,0.5
0,15,-0.786717,-0.513921,-0.589113,0.142857,0.142857,0.0972222,1,1.16667,0.6
0,15,-0.86426,-0.91542,-1.10649,0.125,0.111111,0.0679612,1,1.16667,0.7
0,15,-0.365183,-0.622169,-0.583836,0.166667,0.125,0.0701754,1,1.16667,0.8
0,15,0.434981,-0.297292,0.527101,0.333333,0.2,0.0666667,1,1.16667,0.9
1,15,2.12791,0.290293,1.13072,1,0.25,0.148936,1,0.166667,1
0,16,-0.8014,0.0636202,-0.386693,0.111111,0.25,0.160714,1,1.33333,0.1
0,16,-0.730671,-0.870018,-1.124,0.142857,0.1,0.126582,1,1.33333,0.2
0,16,-0.464078,-0.408387,-0.236025,0.166667,0.166667,0.135802,1,1.33333,0.3
1,16,2.56997,0.548988,1.36065,1,0.333333,0.23913,1,0,0.4
1,16,0.50424,2.54271,1.56885,0.5,1,0.30303,1,1.33333,0.5
0,16,0.439964,0.010587,0.540265,0.333333,0.2,0.173913,1,1.33333,0.6
0,16,-0.741916,-0.860362,-1.13413,0.125,0.111111,0.117647,1,1.33333,0.7
0,16,-0.320355,-0.771264,-0.230366,0.2,0.142857,0.129412,1,1.33333,0.8
0,16,-0.859951,-0.812615,-1.30249,0.1,0.125,0.115385,1,1.33333,0.9
0,16,0.404201,0.556742,0.943943,0.25,0.5,0.171875,1,1.33333,1
0,17,-0.0957027,-2.15304,-1.14967,0.2,0.1,0.0352113,0,0,0.1
0,17,-1.06401,0.314548,-0.891767,0.111111,0.2,0.0491803,1,0.5,0.2
0,17,-1.55128,-0.378891,-1.99514,0.1,0.125,0.0434783,0,0,0.3
1,17,-0.618081,0.518985,0.255509,0.142857,0.333333,0.130435,1,0.5,0.4
0,17,-0.127561,1.61494,1.18548,0.166667,1,0.0677966,1,0.5,0.5
1,17,1.03544,-0.341764,0.255509,0.333333,0.142857,0.0697674,1,0,0.6
0,17,1.62914,-0.884514,0.364887,1,0.111111,0.0684932,0,0,0.7
0,17,0.636625,-0.138166,0.228262,0.25,0.166667,0.0694444,0,0,0.8
0,17,1.05504,0.351058,1.44591,0.5,0.25,0.025974,1,0.166667,0.9
0,17,-0.899613,1.09684,0.301008,0.125,0.5,0.0588235,1,0.666667,1
0,18,-0.890321,0.030403,-0.975588,0.1,0.166667,0.0843373,1,0.166667,0.1
0,18,0.305448,0.684958,1.40493,0.5,0.5,0.180556,0,0,0.2
1,18,-0.161965,-2.35242,-0.576011,0.25,0.1,0.135593,0,0,0.3
0,18,-0.0121487,0.2028,0.560659,0.333333,0.2,0.136842,0,0,0.4
0,18,-0.319427,0.654686,0.560659,0.2,0.333333,0.166667,0,0.166667,0.5
0,18,-0.478877,-0.505801,-1.17694,0.111111,0.125,0.100917,0,0.166667,0.6
0,18,-0.447497,0.478438,-0.0362,0.142857,0.25,0.135135,0,0,0.7
0,18,-0.467341,-0.2472,-0.811848,0.125,0.142857,0.108434,1,0.166667,0.8
1,18,2.86117,1.62816,1.8512,1,1,0.202899,1,0,0.9
0,18,-0.389039,-0.574024,-0.800866,0.166667,0.111111,0.104167,0,0,1
0,19,-0.63086,-0.368904,-1.03372,0.125,0.142857,0.0952381,0,0,0.1
1,19,2.62864,-1.21164,0.31476,1,0.111111,0.173913,1,0,0.2
0,19,-1.09787,-1.15404,-1.72105,0.1,0.125,0.0454545,0,0,0.3
0,19,-0.300819,0.618699,0.447378,0.2,0.25,0.0961538,1,0.5,0.4
0,19,0.403794,0.533022,0.713879,0.333333,0.2,0.115385,0,0,0.5
0,19,-0.578708,1.12515,0.495506,0.142857,0.5,0.0952381,1,0.666667,0.6
1,19,-0.360326,1.20658,1.02262,0.166667,1,0.0746269,1,0.666667,0.7
0,19,-0.00338419,-1.70786,-0.733427,0.25,0.1,0.0847458,0,0,0.8
0,19,0.58898,0.86595,1.51378,0.5,0.333333,0.0869565,1,0.666667,0.9
0,19,-0.649445,0.0930428,-1.01973,0.111111,0.166667,0.0754717,1,0.5,1
0,20,-0.233001,0.0279545,-0.253579,0.142857,0.2,0.0792079,0,0.166667,0.1
0,20,-1.36991,-0.27631,-1.03483,0.1,0.166667,0.14,0,0,0.2
0,20,-0.231071,-0.390691,-0.462239,0.166667,0.142857,0.0990099,0,0,0.3
1,20,0.754973,-1.58671,-0.388978,0.333333,0.1,0.176471,0,0,0.4
0,20,0.361694,-0.649343,-0.234876,0.25,0.125,0.183673,0,0,0.5
0,20,-1.06395,0.0859737,-0.234876,0.125,0.25,0.0985915,0,0,0.6
0,20,0.80155,1.86214,1.72693,0.5,1,0.166667,1,0,0.7
0,20,-1.07984,-0.94649,-1.43919,0.111111,0.111111,0.125,0,0,0.8
1,20,2.09125,1.53053,1.72693,1,0.5,0.178571,1,0,0.9
0,20,-0.0316924,0.342955,0.594705,0.2,0.333333,0.121622,0,0.166667,1
0,21,-0.660371,-0.186744,-0.0361242,0.142857,0.25,0.0793651,0,0.166667,0.1
0,21,-0.709077,-0.567986,-0.99499,0.125,0.125,0.121951,0,0.166667,0.2
0,21,-0.224237,-0.225735,0.148184,0.2,0.2,0.0746269,0,0.5,0.3
0,21,2.57329,1.68789,1.62466,1,0.5,0.0609756,0,0,0.4
0,21,-0.212121,-0.473804,-0.0361242,0.25,0.142857,0.0705882,0,0.5,0.5
1,21,0.375193,-0.331442,0.363182,0.333333,0.166667,0.0337079,0,0,0.6
0,21,-0.725179,0.270206,-0.191586,0.111111,0.333333,0.0746269,0,0.666667,0.7
0,21,-0.391554,-1.03001,-0.79919,0.166667,0.111111,0.0595238,1,1,0.8
1,21,0.859881,1.99511,1.62466,0.5,1,0.114286,1,0.166667,0.9
0,21,-0.88582,-1.13748,-1.70267,0.1,0.1,0.0694444,0,0.166667,1
0,22,0.236692,0.65526,1.09269,0.5,0.333333,0.134328,1,0.666667,0.1
0,22,-0.0299857,-0.177361,0.322931,0.2,0.25,0.0952381,1,0.833333,0.2
1,22,2.79173,2.10501,1.70143,1,1,0.15,1,0.833333,0.3
0,22,0.0633818,1.42275,1.09269,0.333333,0.5,0.16,1,0.666667,0.4
0,22,-0.662734,-0.947969,-1.24703,0.111111,0.111111,0.0740741,0,0,0.5
1,22,-0.474937,-0.962787,-1.07206,0.142857,0.1,0.0921053,0,0,0.6
0,22,0.0125247,-0.194631,0.322931,0.25,0.2,0.0625,1,0.333333,0.7
0,22,-0.372321,-0.67456,-0.40052,0.166667,0.142857,0.109375,0,0,0.8
0,22,-0.539145,-0.697027,-0.916409,0.125,0.125,0.054878,1,0.166667,0.9
0,22,-1.02521,-0.52869,-0.896658,0.1,0.166667,0.078125,1,0.833333,1
1,23,2.22046,-0.999426,0.297434,1,0.111111,0.0816327,1,0,0.1
0,23,0.778779,-0.944684,-0.0145918,0.333333,0.125,0.0886076,0,0,0.2
0,23,-0.324979,0.249593,0.422752,0.2,0.25,0.048,1,0.666667,0.3
0,23,-0.639386,-0.220375,-0.510507,0.125,0.2,0.116279,1,0.666667,0.4
0,23,-1.00056,-1.21861,-1.84272,0.111111,0.1,0.0465116,1,0.666667,0.5
0,23,-0.623115,-0.354402,-0.294704,0.166667,0.166667,0.135135,0,0,0.6
1,23,-1.07918,0.790039,-0.441224,0.1,0.333333,0.075,1,0.666667,0.7
0,23,0.38679,1.32875,1.17862,0.25,0.5,0.0833333,0,0.166667,0.8
0,23,-0.63577,-0.55243,-0.753947,0.142857,0.142857,0.104167,1,0.666667,0.9
0,23,0.916959,1.92155,1.95889,0.5,1,0.116667,0,0.166667,1
0,24,-0.53411,-1.51668,-1.0521,0.166667,0.1,0.136364,0,0,0.1
0,24,-1.17801,-1.07121,-1.26924,0.111111,0.125,0.105263,1,0.166667,0.2
1,24,2.23087,0.548339,1.29703,1,0.25,0.131148,1,0.166667,0.3
0,24,0.743038,0.704983,1.28211,0.5,0.333333,0.126984,0,0,0.4
0,24,0.390964,1.58885,1.29703,0.25,1,0.0987654,0,0,0.5
0,24,0.497865,-0.00964837,0.392487,0.333333,0.166667,0.12069,1,0.166667,0.6
0,24,0.343666,0.363847,0.160141,0.2,0.2,0.12,1,0.166667,0.7
0,24,-0.68612,-1.43783,-1.26924,0.125,0.111111,0.142857,0,0,0.8
1,24,-0.609291,-0.171115,-0.675761,0.142857,0.142857,0.0909091,1,0.333333,0.9
0,24,-1.19887,1.00048,-0.162471,0.1,0.5,0.0564516,0,0,1
0,25,-0.69935,0.0144914,-0.335729,0.142857,0.2,0.236842,0,0,0.1
0,25,-0.859269,0.198348,-0.563556,0.111111,0.25,0.2,0,0,0.2
0,25,1.78047,-0.416722,0.286386,0.5,0.125,0.0628931,1,0,0.3
0,25,1.98075,-0.521489,0.347162,1,0.111111,0.138462,0,0,0.4
0,25,-0.0672121,-0.155077,0.217174,0.25,0.166667,0.166667,1,0,0.5
0,25,-0.0964859,2.01237,1.40415,0.2,1,0.257143,1,0.5,0.6
0,25,0.0478092,0.660793,1.66961,0.333333,0.5,0.217391,1,0.5,0.7
1,25,-0.759233,0.541588,-0.0170314,0.125,0.333333,0.214286,1,0.5,0.8
0,25,-0.984297,-0.170488,-1.63809,0.1,0.142857,0.173077,1,0.5,0.9
1,25,-0.343173,-2.16382,-1.37008,0.166667,0.1,0.130435,0,0,1
0,26,0.565039,-0.622327,-0.0218018,0.333333,0.125,0.229167,1,1.33333,0.1
0,26,-1.18344,0.504545,-1.03551,0.1,0.25,0.269841,1,1.33333,0.2
0,26,-0.887854,1.16982,0.0432631,0.111111,0.5,0.314815,1,1.33333,0.3
1,26,-0.678142,-0.366368,-0.783403,0.142857,0.166667,0.118421,1,0,0.4
0,26,-0.0291257,-0.674991,-0.721406,0.25,0.111111,0.2625,1,1.33333,0.5
1,26,2.11105,0.931508,2.5384,1,0.333333,0.27381,1,1.33333,0.6
0,26,1.33558,-1.82251,-0.270837,0.5,0.1,0.174242,1,1.33333,0.7
0,26,-0.800093,1.67467,0.767739,0.125,1,0.315789,1,1.33333,0.8
0,26,-0.0477432,-0.184394,0.266952,0.2,0.2,0.25,1,1.33333,0.9
0,26,-0.385273,-0.609964,-0.783403,0.166667,0.142857,0.211111,1,1.33333,1
1,27,1.46298,1.74077,1.23816,0.5,0.5,0.0487805,1,0,0.1
1,27,2.44033,2.23475,1.63145,1,1,0.0769231,1,0,0.2
0,27,-0.487914,-0.49694,0.857342,0.333333,0.333333,0,0,0,0.3
0,27,-0.487914,-0.49694,0.488429,0.25,0.25,0,0,0,0.4
0,27,-0.487914,-0.49694,0.130868,0.2,0.2,0,0,0,0.5
0,27,-0.487914,-0.49694,-0.215859,0.166667,0.166667,0,0,0,0.6
0,27,-0.487914,-0.49694,-0.552235,0.142857,0.142857,0,0,0,0.7
0,27,-0.487914,-0.49694,-0.878718,0.125,0.125,0,0,0,0.8
0,27,-0.487914,-0.49694,-1.19574,0.111111,0.111111,0,0,0,0.9
0,27,-0.487914,-0.49694,-1.5037,0.1,0.1,0,0,0,1
0,28,0.386205,-0.352277,0.3755,0.333333,0.166667,0.128205,1,0.666667,0.1
0,28,-0.108713,-0.952535,-0.414031,0.25,0.111111,0.153846,1,0.166667,0.2
0,28,-0.503647,-1.59577,-1.20347,0.142857,0.1,0.2,0,0,0.3
0,28,-0.856736,-0.0783833,-0.803604,0.1,0.2,0.0909091,0,0.166667,0.4
0,28,-0.295767,0.674632,0.578461,0.2,0.333333,0.119403,1,0.666667,0.5
1,28,-0.309524,-0.596358,-0.640724,0.166667,0.125,0.0865385,1,0.833333,0.6
1,28,2.64467,1.76138,1.90998,1,1,0.185185,1,0.666667,0.7
0,28,-0.784465,-0.000274052,-0.22846,0.125,0.25,0.0857143,0,0.166667,0.8
0,28,-0.808371,-0.392855,-1.0232,0.111111,0.142857,0.0987654,1,0,0.9
0,28,0.636343,1.53244,1.44954,0.5,0.5,0.272727,1,0.666667,1
0,29,-1.23039,-1.24782,-1.29919,0.111111,0.111111,0.138889,1,0.5,0.1
1,29,2.09496,1.33107,1.55894,1,0.5,0.311111,1,0.166667,0.2
0,29,-1.07128,-1.24588,-0.954741,0.125,0.125,0.0679612,1,0.5,0.3
0,29,-1.37516,-1.46732,-1.63379,0.1,0.1,0.147059,1,0.5,0.4
0,29,-0.203652,0.0101589,-0.417273,0.142857,0.166667,0.204082,1,0.5,0.5
0,29,0.851939,0.210127,0.743732,0.5,0.2,0.142857,1,0,0.6
0,29,0.250018,-0.237483,-0.0346629,0.25,0.142857,0.321429,0,0,0.7
0,29,0.102173,0.765004,0.348491,0.166667,0.333333,0.0723684,0,0,0.8
1,29,0.447746,0.436636,0.731101,0.333333,0.25,0.307692,0,0.166667,0.9
0,29,0.133644,1.44549,0.957395,0.2,1,0.217391,1,0.333333,1
0,30,-0.480005,-0.500126,-0.431512,0.166667,0.142857,0.105263,1,0.833333,0.1
0,30,1.55185,1.18427,1.39118,0.5,0.5,0.131148,1,0.333333,0.2
0,30,-0.493768,-0.379836,-0.431512,0.142857,0.166667,0.0649351,1,0.833333,0.3
0,30,-0.942202,-0.643073,-1.33843,0.1,0.125,0.0526316,1,1,0.4
0,30,-0.697142,-0.964212,-1.16542,0.125,0.111111,0.0769231,1,0.166667,0.5
1,30,0.580095,-1.67221,-0.363121,0.333333,0.1,0.0652174,1,0.166667,0.6
0,30,-0.46197,0.820556,0.756048,0.25,0.333333,0.0659341,0,0,0.7
0,30,-0.709472,-0.16254,-0.598239,0.111111,0.2,0.0641026,1,1,0.8
0,30,-0.463064,0.575836,0.347918,0.2,0.25,0.12,1,0.833333,0.9
1,30,2.11568,1.74134,1.83309,1,1,0.157895,1,0.833333,1
0,31,0.886919,0.258999,0.930452,0.333333,0.333333,0.109375,0,0,0.1
1,31,1.52119,2.28361,1.77058,1,1,0.24,1,0.166667,0.2
0,31,0.190739,-0.78068,-0.405811,0.2,0.125,0.0701754,1,0,0.3
0,31,0.791208,1.23491,0.936909,0.25,0.5,0.12766,0,0,0.4
0,31,-1.04935,-0.517944,-0.948515,0.111111,0.142857,0.0983607,0,0,0.5
1,31,-1.68735,-1.0654,-1.63193,0.1,0.1,0.0519481,1,0,0.6
0,31,1.00054,-0.491268,0.554736,0.5,0.166667,0.0769231,0,0,0.7
0,31,-0.45563,-0.915303,-0.948515,0.142857,0.111111,0.0555556,0,0,0.8
0,31,-1.02461,-0.228295,-0.405811,0.125,0.2,0.0952381,0,0.166667,0.9
0,31,-0.173653,0.221377,0.147907,0.166667,0.25,0.0806452,0,0,1
0,32,2.61511,0.482877,1.32479,1,0.25,0.155556,0,0,0.1
0,32,-1.07959,-0.451356,-1.07461,0.1,0.166667,0.108108,0,0,0.2
0,32,0.385037,1.94993,1.55534,0.333333,1,0.097561,0,0,0.3
1,32,0.425884,0.689057,1.30955,0.5,0.333333,0.0961538,0,0,0.4
0,32,-0.97718,1.06514,0.0265084,0.111111,0.5,0.0666667,0,0,0.5
0,32,-0.153362,0.0746121,-0.0531139,0.166667,0.2,0.0366972,1,0.166667,0.6
0,32,-0.0786213,-1.55287,-0.857932,0.2,0.1,0.0571429,0,0,0.7
0,32,-0.497921,-0.618954,-0.690223,0.142857,0.142857,0.0645161,0,0,0.8
0,32,-0.658149,-0.88715,-1.2964,0.125,0.111111,0.0515464,1,0,0.9
1,32,0.018792,-0.751286,-0.243905,0.25,0.125,0.0595238,1,0.166667,1
0,33,-0.475482,0.34332,0.192391,0.142857,0.333333,0.0652174,1,0.333333,0.1
0,33,-0.370976,-0.0216811,0.165042,0.2,0.2,0.0952381,1,0.166667,0.2
0,33,1.83627,-0.160382,0.474652,1,0.125,0.0625,0,0,0.3
0,33,0.32261,-0.113051,-0.0402339,0.25,0.142857,0.0625,0,0,0.4
0,33,-0.975516,-1.81397,-1.70218,0.111111,0.1,0.0659341,0,0,0.5
0,33,-1.13062,-1.29419,-1.70218,0.1,0.111111,0.0594059,0,0,0.6
0,33,0.396426,-0.0839035,0.4045,0.333333,0.166667,0.0666667,1,0.166667,0.7
1,33,1.6941,1.82995,1.80949,0.5,1,0.0697674,1,0.333333,0.8
1,33,-0.471795,1.23089,0.644629,0.166667,0.5,0.115385,1,0.333333,0.9
0,33,-0.82502,0.0830267,-0.246104,0.125,0.25,0.08,0,0,1
1,34,2.71199,0.452167,2.54367,1,0.333333,0.102041,1,0,0.1
0,34,-0.420768,-0.54355,-1.4625,0.142857,0.125,0.0862069,0,0,0.2
0,34,-1.08253,0.521359,-0.271399,0.1,0.5,0.0612245,0,0,0.3
0,34,0.579631,-1.29886,-0.271399,0.5,0.1,0.0492958,0,0.166667,0.4
0,34,-0.142557,-1.23517,-0.722903,0.25,0.111111,0.0352113,0,0.166667,0.5
0,34,-0.329644,-0.0676597,-0.441236,0.166667,0.166667,0.0574713,1,0,0.6
0,34,-0.532,0.246296,-0.398894,0.125,0.25,0.0615385,1,0.5,0.7
1,34,-0.195342,0.0288618,0.267506,0.2,0.2,0.0606061,1,0.333333,0.8
0,34,-0.70472,2.38895,0.445323,0.111111,1,0.0930233,1,0.333333,0.9
0,34,0.115943,-0.492398,0.311834,0.333333,0.142857,0.0574713,0,0.166667,1
1,35,2.66195,1.39191,1.74252,1,1,0.159574,0,0,0.1
0,35,-0.486385,0.0158977,-0.410193,0.142857,0.166667,0.108696,1,0,0.2
0,35,0.367665,0.749928,0.91571,0.333333,0.333333,0.141026,0,0,0.3
0,35,-0.405191,0.685297,0.330729,0.2,0.25,0.133333,1,0,0.4
0,35,-0.643432,0.201037,-0.568683,0.111111,0.2,0.0894309,0,0,0.5
0,35,-0.594522,-0.821695,-0.764186,0.125,0.142857,0.140845,1,0,0.6
0,35,-0.334647,-0.948339,-0.20843,0.25,0.125,0.225806,1,0.166667,0.7
1,35,0.747581,1.37348,1.32245,0.5,0.5,0.0778443,1,0,0.8
0,35,-0.853715,-1.43389,-1.60607,0.1,0.1,0.181818,0,0,0.9
0,35,-0.4593,-1.21363,-0.753849,0.166667,0.111111,0.135802,1,0.166667,1
0,36,-0.691986,0.470698,-0.0142178,0.125,0.333333,0.133333,0,0,0.1
0,36,-0.423799,-0.0531515,-0.0565304,0.166667,0.2,0.107692,0,0,0.2
0,36,0.17772,-0.29621,0.202938,0.333333,0.142857,0.105882,0,0,0.3
0,36,0.0401859,-1.97949,-0.675292,0.25,0.1,0.0517241,0,0,0.4
0,36,-0.108279,-0.188428,-0.0565304,0.2,0.166667,0.0620155,0,0,0.5
1,36,1.43379,0.311769,1.14841,0.5,0.25,0.115942,0,0,0.6
0,36,-1.10412,0.854599,-0.176623,0.1,0.5,0.121212,0,0,0.7
0,36,-0.959861,-0.798812,-1.59065,0.111111,0.111111,0.0641026,0,0,0.8
0,36,-0.55325,-0.356063,-0.951777,0.142857,0.125,0.0740741,0,0,0.9
1,36,2.1896,2.03509,2.17028,1,1,0.23913,1,0,1
1,37,1.41444,1.38748,1.80053,0.5,1,0.16,1,1.5,0.1
0,37,-0.656848,-0.206219,-0.481938,0.166667,0.142857,0.106383,1,1.33333,0.2
0,37,-0.137079,0.749175,0.8444,0.25,0.333333,0.230769,1,1.5,0.3
0,37,-0.663362,-0.783361,-1.09676,0.142857,0.111111,0.078125,1,1.33333,0.4
0,37,-0.31696,1.17394,0.858989,0.2,0.5,0.0943396,1,1.33333,0.5
0,37,-0.678552,0.13836,-0.668149,0.111111,0.2,0.0793651,1,1.5,0.6
0,37,-0.680917,-0.557365,-1.49484,0.1,0.125,0.0757576,1,1.33333,0.7
0,37,-0.664084,0.127953,-0.686788,0.125,0.166667,0.0735294,1,1.33333,0.8
0,37,0.00776367,0.224532,0.8444,0.333333,0.25,0.125,1,1.33333,0.9
1,37,2.3756,-2.25449,0.0801592,1,0.1,0.101266,1,0.5,1
0,38,-0.727029,0.79912,0.589009,0.142857,0.333333,0.0618557,1,0.833333,0.1
0,38,-1.36861,1.11249,-0.512633,0.1,0.5,0.0694444,1,0.833333,0.2
1,38,0.885986,-0.303152,0.589009,0.333333,0.142857,0.137931,1,0.833333,0.3
1,38,0.71468,0.1467,0.526198,0.25,0.166667,0.133333,1,1.16667,0.4
0,38,1.27567,-1.90737,0.24663,1,0.1,0.0724638,0,0,0.5
0,38,-1.16372,1.15865,1.45316,0.125,1,0.0925926,1,0.833333,0.6
0,38,-1.31589,0.414191,-2.05573,0.111111,0.2,0.08,0,0,0.7
0,38,-0.0527613,0.708614,0.526198,0.166667,0.25,0.0530303,1,0.833333,0.8
0,38,0.713846,-0.853326,-1.44373,0.2,0.125,0.1875,1,0.333333,0.9
0,38,1.03783,-1.27591,0.0818874,0.5,0.111111,0.162791,1,0.333333,1
0,39,0.354521,0.468003,1.03403,0.333333,0.333333,0.138462,0,0,0.1
0,39,-0.256092,-0.471904,-0.254103,0.2,0.142857,0.103896,0,0,0.2
0,39,-0.589678,0.598589,0.41364,0.142857,0.5,0.0833333,0,0,0.3
0,39,-0.799305,0.0179716,-0.642162,0.111111,0.2,0.0921053,0,0,0.4
0,39,-0.448984,0.264145,0.164372,0.166667,0.25,0.106667,0,0,0.5
0,39,0.21441,-1.63934,-0.612252,0.25,0.1,0.0699301,0,0,0.6
0,39,-0.713426,-0.774982,-1.25099,0.125,0.111111,0.0833333,0,0,0.7
1,39,2.54618,2.3363,1.96767,1,1,0.375,1,0,0.8
0,39,-1.02995,-0.578963,-1.4367,0.1,0.125,0.0882353,0,0,0.9
1,39,0.722322,-0.219818,0.616489,0.5,0.166667,0.135135,1,0,1
0,40,-0.44746,0.23621,-0.509406,0.142857,0.166667,0.0472973,1,0.333333,0.1
1,40,-0.90984,0.610781,-0.673336,0.1,0.25,0.181818,1,0.333333,0.2
0,40,-0.252077,0.334748,0.173585,0.2,0.2,0.0843373,1,0,0.3
0,40,0.450549,0.660676,1.38975,0.5,0.333333,0.127273,0,0,0.4
0,40,-0.810905,-0.651942,-1.3758,0.111111,0.125,0.0645161,0,0.166667,0.5
0,40,0.165449,-0.369517,0.20235,0.333333,0.142857,0.0555556,0,0,0.6
0,40,-0.291951,-1.70812,-1.14043,0.166667,0.1,0.0550459,1,0.166667,0.7
1,40,2.70631,0.897805,1.90315,1,0.5,0.189655,1,0.166667,0.8
0,40,-0.766054,1.53371,0.499221,0.125,1,0.108696,1,0.5,0.9
0,40,0.155983,-1.54436,-0.469093,0.25,0.111111,0.0823529,0,0,1
0,41,-1.03622,0.769087,-0.244774,0.125,0.25,0.111111,0,0,0.1
0,41,-0.661481,-0.325317,-0.481718,0.142857,0.166667,0.121951,1,0.166667,0.2
0,41,1.6849,0.64006,1.10526,1,0.2,0.169811,0,0,0.3
0,41,0.341645,0.949196,0.402313,0.166667,0.333333,0.137931,0,0,0.4
1,41,0.423162,0.955021,0.858597,0.2,0.5,0.155172,1,0.166667,0.5
0,41,0.559869,-0.79856,0.191351,0.333333,0.142857,0.12963,0,0,0.6
1,41,0.914813,-1.14207,0.225425,0.5,0.125,0.128205,0,0,0.7
0,41,-1.31671,-1.25729,-1.69298,0.111111,0.1,0.0740741,0,0,0.8
0,41,0.558899,1.43444,1.32951,0.25,1,0.153846,0,0,0.9
0,41,-1.46887,-1.22456,-1.69298,0.1,0.111111,0.0431655,0,0,1
0,42,-0.572693,-0.291718,-1.34136,0.111111,0.111111,0.1,1,0.166667,0.1
1,42,-0.504799,-2.59835,-1.33628,0.125,0.1,0.109091,0,0,0.2
0,42,-0.312799,0.0875867,-0.242146,0.166667,0.166667,0.2,0,0,0.3
0,42,-0.369912,0.966045,0.384727,0.142857,0.5,0.173913,0,0.166667,0.4
0,42,-0.0620658,-0.290695,-0.0119895,0.333333,0.125,0.115385,1,0,0.5
0,42,-0.0783401,0.512419,0.754831,0.25,0.333333,0.177215,0,0,0.6
0,42,-0.250689,0.11344,0.146805,0.2,0.2,0.162791,1,0.166667,0.7
0,42,-0.822613,-0.206658,-1.15316,0.1,0.142857,0.1,0,0.166667,0.8
0,42,0.0708118,0.428875,0.968426,0.5,0.25,0.211268,0,0.166667,0.9
1,42,2.9031,1.27905,1.83014,1,1,0.22619,0,0.166667,1
0,43,-0.204318,0.176067,0.551155,0.25,0.2,0.0538462,0,0,0.1
0,43,-0.881824,0.417239,-0.0190238,0.125,0.333333,0.08,1,0.333333,0.2
0,43,-0.913698,0.272839,-0.629482,0.111111,0.25,0.0365854,1,0.833333,0.3
0,43,-0.450735,-0.950937,-1.55564,0.142857,0.111111,0.0675676,1,0.833333,0.4
0,43,0.597093,-0.926112,-0.0190238,0.333333,0.125,0.0526316,0,0,0.5
1,43,1.01135,2.17852,2.55386,0.5,1,0.111111,1,0.666667,0.6
0,43,-0.348789,-0.536418,-0.384215,0.166667,0.166667,0.0472441,0,0,0.7
1,43,2.38631,-1.00698,0.113698,1,0.1,0.0821918,1,0,0.8
0,43,-0.256579,-0.771325,-0.375004,0.2,0.142857,0.057971,1,0.666667,0.9
0,43,-0.938801,1.14711,-0.236326,0.1,0.5,0.0746269,0,0.666667,1
0,44,-0.22035,0.631252,0.202482,0.166667,0.25,0.183333,0,0,0.1
0,44,-0.0187715,1.93644,1.84882,0.333333,1,0.107527,0,0,0.2
1,44,-0.0932472,-0.904537,-0.791048,0.2,0.111111,0.141026,0,0,0.3
0,44,-0.737667,-0.388973,-0.791048,0.111111,0.2,0.0381944,0,0,0.4
0,44,-0.917624,1.08607,-0.197262,0.1,0.5,0.0860215,1,0,0.5
0,44,-0.0463251,-0.658487,-0.0473986,0.25,0.142857,0.111111,0,0,0.6
0,44,-0.704808,-0.536179,-0.813116,0.125,0.166667,0.117647,0,0,0.7
0,44,-0.485627,-0.677657,-1.063,0.142857,0.125,0.0674847,0,0,0.8
1,44,2.75743,0.852249,1.84882,1,0.333333,0.136364,1,0,0.9
0,44,0.466995,-1.34017,-0.197262,0.5,0.1,0.142857,0,0,1
0,45,0.867652,1.24515,1.30684,0.333333,1,0.28125,1,0.5,0.1
0,45,0.700821,1.18273,0.706652,0.25,0.333333,0.209302,1,0.166667,0.2
0,45,0.304634,0.826322,0.325187,0.2,0.25,0.214286,1,0.5,0.3
0,45,0.00341047,-0.872711,-0.403319,0.166667,0.142857,0.151515,1,0.5,0.4
0,45,-1.32502,-0.70426,-0.741216,0.111111,0.166667,0.0784314,1,0.333333,0.5
1,45,1.05819,0.324629,0.718861,0.5,0.2,0.203704,0,0,0.6
1,45,1.38475,1.22079,1.50681,1,0.5,0.238095,1,0.5,0.7
0,45,-1.05625,-0.975324,-0.922813,0.125,0.125,0.205128,1,0.5,0.8
0,45,-0.307162,-0.985623,-0.917844,0.142857,0.111111,0.1125,1,0.333333,0.9
0,45,-1.63103,-1.26171,-1.57916,0.1,0.1,0.155556,0,0,1
0,46,-0.527592,1.54913,0.624408,0.142857,1,0.0935252,1,0.5,0.1
0,46,-0.596182,-0.16551,-1.01681,0.125,0.125,0.151163,0,0,0.2
1,46,0.867467,0.0165825,0.371146,0.333333,0.166667,0.1875,1,0.333333,0.3
0,46,-0.65559,-2.30589,-1.56182,0.111111,0.1,0.114035,0,0,0.4
0,46,-0.00354147,0.750137,0.998957,0.25,0.5,0.0903614,1,0.666667,0.5
0,46,-1.43645,-1.03653,-1.56182,0.1,0.111111,0.188679,1,0.666667,0.6
0,46,0.94733,0.381449,0.998957,0.5,0.25,0.120301,1,0.166667,0.7
0,46,-0.517157,-0.122621,-0.444399,0.166667,0.142857,0.144578,1,0.5,0.8
1,46,2.20768,0.361091,1.01963,1,0.2,0.148936,1,0.166667,0.9
0,46,-0.285963,0.572163,0.571753,0.2,0.333333,0.131868,1,0.666667,1
0,47,-0.58959,-0.343542,-0.729302,0.142857,0.142857,0.0588235,0,0,0.1
0,47,-0.480988,-0.902403,-0.493819,0.2,0.125,0.0416667,0,0,0.2
0,47,-0.473322,0.654941,0.645038,0.25,0.25,0.0714286,0,0,0.3
0,47,-0.543079,-0.0481162,-0.056121,0.166667,0.2,0.0634921,0,0.166667,0.4
0,47,-0.623317,-1.26178,-1.3698,0.125,0.111111,0.0263158,0,0,0.5
1,47,1.38023,-1.63187,-0.426802,0.333333,0.1,0.032967,1,0,0.6
0,47,-0.939754,-0.0794443,-1.13546,0.1,0.166667,0.0447761,0,0.166667,0.7
1,47,1.68161,1.10639,1.6434,1,0.333333,0.1,0,0.166667,0.8
0,47,1.46128,1.1778,1.63515,0.5,0.5,0.0285714,0,0,0.9
0,47,-0.873063,1.32803,0.287712,0.111111,1,0.0566038,0,0.166667,1
0,48,-0.682929,-1.34371,-1.50068,0.1,0.111111,0.0655738,1,1.33333,0.1
0,48,-0.675357,-0.420817,-0.795498,0.125,0.142857,0.108108,1,1.33333,0.2
0,48,-0.338946,0.641934,0.344281,0.2,0.25,0.0657895,1,1.33333,0.3
1,48,-0.448756,-1.41059,-0.95594,0.166667,0.1,0.102564,1,1.33333,0.4
0,48,-0.657018,-0.461551,-0.795498,0.142857,0.125,0.0666667,1,1.33333,0.5
0,48,2.29961,1.09486,1.59528,1,0.5,0.057377,1,1.33333,0.6
0,48,-0.314883,-0.39398,0.151528,0.25,0.166667,0.0403226,1,1.33333,0.7
1,48,1.57285,1.83533,1.59528,0.5,1,0.117647,1,0,0.8
0,48,-0.680313,0.765443,-0.188121,0.111111,0.333333,0.105263,1,1.33333,0.9
0,48,-0.0742609,-0.306915,0.549368,0.333333,0.2,0.0684932,1,1.33333,1
1,49,-0.737984,-0.0130891,-0.80411,0.111111,0.2,0.0909091,0,0.166667,0.1
0,49,-0.600947,1.14162,0.230394,0.142857,0.333333,0.172414,1,0.333333,0.2
1,49,2.55636,0.521618,1.60078,1,0.25,0.129412,0,0,0.3
0,49,-0.736684,1.29619,0.27142,0.125,0.5,0.140845,1,0.333333,0.4
0,49,0.568405,-0.984322,-0.0161414,0.333333,0.125,0.113402,0,0,0.5
0,49,0.00331563,1.55998,1.60078,0.25,1,0.1875,1,0.333333,0.6
0,49,0.753156,-1.04472,0.0320307,0.5,0.111111,0.196078,0,0.166667,0.7
0,49,-0.573322,-1.09084,-1.29848,0.166667,0.1,0.137931,0,0.333333,0.8
0,49,-0.754387,-0.916216,-1.55249,0.1,0.142857,0.138462,0,0,0.9
0,49,-0.477915,-0.470211,-0.0641788,0.2,0.166667,0.129032,0,0,1
0,50,-1.39098,-1.81159,-1.97385,0.1,0.1,0.151899,1,1.33333,0.1
0,50,-0.500588,-0.0255986,-0.276556,0.142857,0.2,0.194805,1,1.33333,0.2
1,50,1.51428,-0.88965,0.285974,1,0.111111,0.320755,1,1.5,0.3
0,50,-1.24146,0.849061,-0.222099,0.111111,0.333333,0.2,1,1.5,0.4
0,50,-0.254248,-0.821075,-0.718403,0.166667,0.125,0.217391,1,1.5,0.5
0,50,-0.0917763,-0.0643187,-0.0557821,0.2,0.166667,0.197368,1,1.5,0.6
0,50,1.0333,1.54215,1.63347,0.333333,1,0.276923,1,1.5,0.7
0,50,-0.758678,0.805356,-0.256158,0.125,0.25,0.21875,1,1.5,0.8
1,50,1.49147,1.04854,1.62528,0.5,0.5,0.34375,1,1,0.9
0,50,0.198683,-0.63287,-0.0418775,0.25,0.142857,0.204819,1,1.33333,1
0,51,-0.411859,0.274083,-0.262547,0.166667,0.166667,0.126761,0,0,0.1
0,51,0.0399342,-1.35689,-0.430146,0.25,0.111111,0.0869565,0,0,0.2
0,51,-1.00668,-0.53232,-1.06302,0.111111,0.142857,0.225806,0,0,0.3
0,51,-1.64142,0.355203,-0.83488,0.1,0.2,0.21875,0,0,0.4
1,51,1.41116,0.615956,1.27437,0.5,0.333333,0.123077,0,0,0.5
0,51,-0.559442,-1.49207,-1.44885,0.125,0.1,0.09,1,0,0.6
0,51,-0.0100034,1.36051,1.07175,0.2,1,0.147059,0,0,0.7
0,51,-0.457725,0.532356,-0.0388031,0.142857,0.25,0.145161,0,0,0.8
1,51,1.57571,1.32669,1.74514,1,0.5,0.2,1,0,0.9
0,51,1.06032,-1.08353,-0.0129996,0.333333,0.125,0.148649,0,0,1
0,52,-0.373099,0.158469,0.16145,0.166667,0.25,0.08,0,0.166667,0.1
0,52,1.74727,1.71613,1.9327,1,1,0.101266,0,0.166667,0.2
0,52,0.384752,-0.149156,0.155032,0.2,0.2,0.125,0,0,0.3
1,52,-1.7426,-1.41148,-1.78135,0.1,0.1,0.0652174,0,0.333333,0.4
0,52,-0.548283,1.46028,0.212903,0.125,0.5,0.0961538,0,0,0.5
0,52,0.708976,0.902774,1.01565,0.333333,0.333333,0.0674157,0,0.166667,0.6
0,52,-1.17388,-0.642966,-1.22875,0.111111,0.125,0.0961538,0,0,0.7
1,52,0.890819,-1.08846,0.025125,0.5,0.111111,0.157895,1,0.333333,0.8
0,52,-0.513868,-0.579129,-0.654203,0.142857,0.142857,0.111111,1,0.166667,0.9
0,52,0.619917,-0.366453,0.16145,0.25,0.166667,0.125,0,0,1
0,53,-0.569119,-0.0737476,-0.471898,0.142857,0.166667,0.0775862,0,0,0.1
0,53,1.18186,0.743289,0.82681,0.333333,0.25,0.294118,1,0.333333,0.2
0,53,0.134151,1.23334,1.08273,0.2,1,0.135802,0,0,0.3
1,53,1.53253,-0.684921,0.267694,1,0.111111,0.10989,0,0,0.4
0,53,-0.512192,-0.641628,-0.672482,0.166667,0.125,0.109756,0,0,0.5
0,53,0.304346,0.998797,1.06077,0.25,0.5,0.115789,0,0.166667,0.6
1,53,1.31361,0.817228,1.28742,0.5,0.333333,0.25,1,0.166667,0.7
0,53,-1.15927,0.134614,-0.65423,0.111111,0.2,0.21875,1,0.166667,0.8
0,53,-1.03914,-0.223354,-0.879143,0.125,0.142857,0.106667,0,0,0.9
0,53,-1.18676,-2.30362,-1.84767,0.1,0.1,0.145833,1,0.166667,1
0,54,2.09101,0.985627,1.5274,1,0.333333,0.126984,1,0.166667,0.1
0,54,-0.77362,-1.02375,-1.27311,0.111111,0.125,0.109375,0,0.166667,0.2
0,54,-0.714279,-0.119872,-0.458962,0.125,0.2,0.122807,0,0.5,0.3
1,54,0.580279,-1.2158,-0.396675,0.333333,0.1,0.105882,1,0.833333,0.4
0,54,-0.243406,1.99421,1.30099,0.25,1,0.235294,1,0.833333,0.5
0,54,-0.310389,-0.395246,-0.258597,0.2,0.142857,0.123077,1,0.166667,0.6
0,54,-1.19969,-0.0625562,-0.62308,0.1,0.25,0.0952381,0,0.5,0.7
1,54,-0.526577,-1.06399,-1.07275,0.142857,0.111111,0.108108,1,0.833333,0.8
0,54,-0.376,-0.186739,-0.264949,0.166667,0.166667,0.135593,0,0.166667,0.9
0,54,1.47267,1.08811,1.51973,0.5,0.5,0.0740741,1,0.5,1
0,55,-0.269767,0.204731,-0.0446559,0.2,0.166667,0.0990991,1,1,0.1
0,55,1.74895,0.266656,1.10102,0.5,0.333333,0.10687,0,0,0.2
0,55,-0.657498,0.256396,-0.0335248,0.142857,0.25,0.1,1,1,0.3
1,55,-0.299704,-1.96472,-0.90349,0.166667,0.1,0.131148,1,0,0.4
0,55,-0.731652,-0.0539317,-0.751851,0.125,0.142857,0.0877193,1,1,0.5
0,55,-0.266605,0.255197,0.325391,0.25,0.2,0.144928,1,1,0.6
0,55,0.0412466,0.448977,1.10102,0.333333,0.5,0.162162,1,1,0.7
0,55,-0.806763,-1.07155,-1.25653,0.111111,0.111111,0.1,1,1,0.8
0,55,-0.848166,-0.42953,-1.25177,0.1,0.125,0.173913,0,0,0.9
1,55,2.08996,2.08777,1.7144,1,1,0.266667,1,1,1
0,56,-0.848884,-0.0983996,-1.06664,0.111111,0.2,0.0784314,0,0,0.1
0,56,-0.586874,0.714881,0.642548,0.166667,0.333333,0.108696,0,0,0.2
0,56,-0.682263,1.29714,0.687059,0.142857,0.5,0.0877193,1,0.5,0.3
0,56,0.907924,-0.998441,-0.0214113,0.333333,0.125,0.0769231,0,0,0.4
0,56,1.15361,-1.29643,-0.265985,0.5,0.1,0.12,1,0.666667,0.5
0,56,-0.4757,1.84983,1.76525,0.2,1,0.138889,1,0.666667,0.6
0,56,-0.726861,0.325072,-0.390936,0.125,0.25,0.0684932,1,0.5,0.7
1,56,-0.0389399,-1.17109,-0.708482,0.25,0.111111,0.0454545,0,0,0.8
1,56,2.18455,-0.425946,1.08101,1,0.142857,0.049505,1,0,0.9
0,56,-0.886555,-0.196612,-1.72241,0.1,0.166667,0.0515464,0,0.333333,1
0,57,0.283711,-0.594733,0.191915,0.333333,0.142857,0.0444444,0,0,0.1
0,57,-0.917483,-0.839447,-1.69797,0.1,0.111111,0.0217391,0,0.333333,0.2
0,57,-0.127391,0.111839,0.846503,0.25,0.333333,0.0375,0,0.333333,0.3
0,57,1.53667,0.00189556,1.08604,0.5,0.25,0.12,1,0.166667,0.4
0,57,-0.597706,-0.656794,-0.900082,0.142857,0.125,0.0309278,0,0,0.5
1,57,-0.620724,-0.00378427,-0.470405,0.125,0.2,0.0361446,1,0.166667,0.6
0,57,-0.807397,2.51374,0.27407,0.111111,1,0.153846,1,0.333333,0.7
0,57,-0.595307,-0.349793,-0.271554,0.166667,0.166667,0.0410959,0,0,0.8
0,57,-0.351578,-1.10135,-0.863524,0.2,0.1,0.0283019,0,0.333333,0.9
1,57,2.19721,0.918416,1.80501,1,0.5,0.1,1,0.333333,1
0,58,1.92947,0.542153,1.37992,1,0.25,0.100719,0,0,0.1
0,58,-0.553856,-0.389569,-1.14399,0.125,0.125,0.222222,0,0,0.2
0,58,-1.24531,0.27508,-0.918867,0.111111,0.166667,0.0952381,1,0,0.3
1,58,-1.68485,-0.164606,-1.33829,0.1,0.142857,0.134615,0,0,0.4
0,58,-0.0730697,0.373831,-0.0553241,0.166667,0.2,0.149254,1,0.333333,0.5
0,58,0.334443,0.611983,1.11616,0.333333,0.333333,0.333333,1,0.333333,0.6
0,58,-0.0772324,0.681476,0.446494,0.142857,0.5,0.130952,1,0,0.7
0,58,1.19246,-0.503767,0.0276115,0.5,0.111111,0.255814,0,0,0.8
0,58,0.188885,1.18428,1.37992,0.25,1,0.183333,1,0,0.9
1,58,-0.0109386,-2.61086,-0.893634,0.2,0.1,0.153846,1,0.333333,1
0,59,-0.516729,0.586818,0.460413,0.2,0.25,0.0652174,0,0,0.1
0,59,-0.675231,-1.29976,-1.7712,0.125,0.1,0.0555556,0,0,0.2
1,59,0.234568,-1.18248,-0.525845,0.25,0.111111,0.0392157,1,0,0.3
0,59,-0.573029,0.868682,0.476908,0.166667,0.333333,0.0612245,0,0,0.4
0,59,0.573887,-0.504575,0.22683,0.333333,0.142857,0.0816327,0,0,0.5
0,59,2.40995,1.32036,2.1334,1,0.5,0.0714286,0,0,0.6
0,59,-0.65194,-0.140507,-0.571035,0.142857,0.166667,0.0535714,0,0,0.7
0,59,-0.684059,1.56493,0.323931,0.111111,1,0.0952381,1,0.166667,0.8
0,59,0.904785,-1.15922,0.267222,0.5,0.125,0.136364,0,0,0.9
1,59,-1.0222,-0.0542491,-1.02062,0.1,0.2,0.0277778,1,0.166667,1
0,60,-1.25856,0.553648,-0.761775,0.1,0.25,0.126437,1,0.833333,0.1
0,60,-0.469784,-2.1923,-1.29022,0.166667,0.1,0.123288,1,0.5,0.2
1,60,0.737918,0.0171315,-0.0478745,0.25,0.142857,0.141509,1,1,0.3
0,60,-0.528447,1.04113,0.809757,0.142857,1,0.131868,1,1,0.4
0,60,1.16919,-1.10768,-0.253904,0.333333,0.111111,0.161616,0,0,0.5
0,60,-0.766227,-0.856533,-1.31864,0.125,0.125,0.119565,1,0.5,0.6
0,60,-1.19209,0.522388,-0.798991,0.111111,0.2,0.104762,1,1,0.7
0,60,1.40136,0.425537,1.06215,1,0.166667,0.238095,1,0.833333,0.8
1,60,1.35375,0.559778,1.57229,0.5,0.333333,0.210526,0,0,0.9
0,60,-0.447107,1.03689,1.0272,0.2,0.5,0.122449,1,1,1
0,61,0.656177,1.45494,0.943526,0.25,0.5,0.152778,0,0,0.1
1,61,0.710785,0.456861,0.937022,0.333333,0.333333,0.215686,0,0.666667,0.2
0,61,-0.685377,-0.911977,-0.955213,0.142857,0.111111,0.16129,1,0.5,0.3
0,61,0.28207,-0.461714,-0.230264,0.2,0.142857,0.144928,0,0,0.4
0,61,-1.10032,0.302826,-0.386522,0.111111,0.25,0.0816327,0,0.5,0.5
0,61,-1.76504,-1.75717,-1.64345,0.1,0.1,0.142857,0,0.5,0.6
1,61,1.02531,-0.0476188,0.558654,0.5,0.166667,0.0803571,1,0.666667,0.7
0,61,1.55139,1.60796,1.78308,1,1,0.212766,1,0.5,0.8
0,61,-0.838967,-0.894315,-0.960385,0.125,0.125,0.114943,1,0.5,0.9
0,61,0.163967,0.250211,-0.0464449,0.166667,0.2,0.140845,1,0.5,1
0,62,0.960861,1.30945,1.73216,0.5,0.5,0.0952381,0,0.166667,0.1
1,62,2.16829,-1.60252,0.0893635,1,0.1,0.0447761,1,0,0.2
1,62,0.852519,-0.0685892,0.448714,0.333333,0.166667,0.0877193,1,0.166667,0.3
0,62,-1.00048,-1.00522,-1.88824,0.1,0.111111,0.0365854,0,0,0.4
0,62,-0.641743,0.531231,0.448714,0.166667,0.333333,0.0697674,1,0.333333,0.5
0,62,-0.875519,1.78489,0.526534,0.125,1,0.0454545,0,0.166667,0.6
0,62,0.336211,0.34471,0.683306,0.25,0.25,0.0784314,0,0,0.7
0,62,-0.918152,-0.821834,-1.45107,0.111111,0.125,0.0483871,0,0.166667,0.8
0,62,-0.690175,0.169149,-0.294744,0.142857,0.2,0.0545455,0,0.166667,0.9
0,62,-0.191808,-0.641269,-0.294744,0.2,0.142857,0.0425532,0,0.166667,1
0,63,-0.525166,-0.366002,-0.435234,0.166667,0.142857,0.156863,0,0,0.1
0,63,-0.539357,0.0690728,-0.0361549,0.142857,0.25,0.258065,1,0.5,0.2
0,63,0.17741,-0.701993,-0.191749,0.333333,0.111111,0.147059,0,0,0.3
0,63,-0.591309,-0.269171,-0.423763,0.125,0.2,0.222222,0,0,0.4
0,63,-0.88676,-1.54933,-1.70412,0.1,0.1,0.152174,0,0,0.5
0,63,-0.370337,-0.53817,-0.423763,0.2,0.125,0.115385,1,0.5,0.6
0,63,-0.831273,-0.279738,-0.79987,0.111111,0.166667,0.241379,0,0.166667,0.7
0,63,-0.189654,0.21636,0.762571,0.25,0.333333,0.2,0,0.166667,0.8
1,63,1.46214,2.2735,1.62604,0.5,1,0.428571,1,0.5,0.9
1,63,2.29431,1.14548,1.62604,1,0.5,0.181818,1,0.5,1
0,64,1.01836,-1.00363,0.214819,0.5,0.125,0.0882353,0,0,0.1
0,64,-0.366555,0.0949815,-0.0507951,0.166667,0.2,0.0819672,0,0,0.2
1,64,2.40107,1.33733,1.95009,1,1,0.136986,1,0,0.3
1,64,0.626078,0.374735,0.804305,0.333333,0.25,0.142857,0,0,0.4
0,64,-0.348028,-1.52621,-0.820478,0.2,0.1,0.106061,0,0,0.5
0,64,-0.194195,1.31746,1.0319,0.25,0.5,0.105263,0,0,0.6
0,64,-0.616799,-0.130504,-0.459054,0.142857,0.166667,0.0921053,1,0,0.7
0,64,-0.772733,1.13249,-0.0127753,0.125,0.333333,0.111111,0,0,0.8
0,64,-0.807384,-1.25419,-1.42927,0.111111,0.111111,0.09375,0,0,0.9
0,64,-0.939806,-0.342464,-1.22874,0.1,0.142857,0.0967742,1,0,1
0,65,1.3407,0.0638686,0.767989,0.5,0.2,0.105263,1,0,0.1
0,65,-1.31233,-1.46934,-1.68708,0.1,0.1,0.0574713,0,0.5,0.2
0,65,1.76842,0.999142,1.39615,1,0.333333,0.0833333,0,0,0.3
1,65,1.03342,1.51596,1.39615,0.333333,1,0.204545,1,0,0.4
0,65,-0.395396,1.25135,0.767989,0.2,0.5,0.107143,0,0,0.5
1,65,0.2818,-1.14506,-0.396783,0.25,0.111111,0.0714286,1,0,0.6
0,65,-0.529183,0.598763,-0.0357934,0.142857,0.25,0.133333,0,0,0.7
0,65,-1.02068,-0.948397,-1.16372,0.111111,0.125,0.0759494,0,0.5,0.8
0,65,-0.430427,-0.556239,-0.430882,0.166667,0.142857,0.064,0,0.5,0.9
0,65,-0.736327,-0.310058,-0.614031,0.125,0.166667,0.0522876,0,0.5,1
0,66,-0.670454,0.000122385,-1.18513,0.125,0.166667,0.0606061,0,0,0.1
0,66,0.088789,0.562016,1.4571,0.333333,0.25,0.0714286,0,0,0.2
1,66,1.77587,-1.54717,0.0459267,0.5,0.111111,0.142857,1,0,0.3
0,66,-0.350184,-0.028204,-0.831634,0.166667,0.142857,0.0512821,0,0.166667,0.4
0,66,-1.01483,1.34359,0.471761,0.111111,1,0.0649351,0,0,0.5
0,66,-1.03843,0.643471,-0.699827,0.1,0.333333,0.0793651,0,0.166667,0.6
0,66,-0.316261,1.24157,1.48227,0.2,0.5,0.0842105,0,0,0.7
0,66,-0.0216625,0.149841,0.670528,0.25,0.2,0.105263,0,0,0.8
1,66,1.96956,-1.7781,0.138323,1,0.1,0.153846,0,0,0.9
0,66,-0.42239,-0.587133,-1.54933,0.142857,0.125,0.0853659,0,0,1
0,67,1.24326,-0.873202,0.638171,1,0.111111,0.234568,0,0.166667,0.1
0,67,-1.07479,1.02471,0.062127,0.111111,0.5,0.175824,1,0.5,0.2
0,67,0.212276,-0.116252,-0.617155,0.2,0.142857,0.145631,1,0.166667,0.3
0,67,-0.631279,0.245316,-1.09534,0.125,0.2,0.10596,0,0,0.4
1,67,0.619937,-2.37547,-1.48701,0.25,0.1,0.135922,0,0.333333,0.5
0,67,-0.08018,0.373299,0.39922,0.166667,0.25,0.219178,1,0.5,0.6
0,67,-0.486635,1.42253,1.58068,0.142857,1,0.151786,0,0,0.7
0,67,-1.96971,0.421265,-0.946686,0.1,0.333333,0.101695,0,0,0.8
1,67,1.08455,0.186969,1.4973,0.5,0.166667,0.178571,1,0.5,0.9
0,67,1.08258,-0.309154,-0.031308,0.333333,0.125,0.210526,1,0.5,1
0,68,1.25529,-2.28495,-0.194531,0.5,0.1,0.0925926,1,0.5,0.1
0,68,-0.876384,0.816701,0.263315,0.125,0.5,0.105263,1,0.5,0.2
0,68,-0.157447,0.455185,0.453682,0.25,0.2,0.0729167,1,0,0.3
0,68,-0.161911,0.85845,1.29104,0.2,1,0.14,0,0.166667,0.4
1,68,-1.25143,-1.26585,-1.97754,0.1,0.111111,0.0444444,0,0,0.5
0,68,-0.212481,0.155889,-0.562687,0.166667,0.142857,0.142857,1,0.5,0.6
1,68,2.09315,0.646948,1.55298,1,0.25,0.137931,1,0.5,0.7
0,68,-0.541099,-0.568141,-1.04828,0.142857,0.125,0.0729167,0,0,0.8
0,68,0.735174,0.372811,0.469936,0.333333,0.166667,0.0945946,0,0,0.9
0,68,-0.882853,0.812953,-0.247901,0.111111,0.333333,0.125,0,0.166667,1
1,69,2.52428,0.160601,2.05717,1,0.2,0.2,1,1,0.1
0,69,-1.06244,1.53013,0.508616,0.111111,1,0.228571,1,1,0.2
1,69,0.643775,-0.691821,0.419574,0.5,0.125,0.134328,1,0.166667,0.3
0,69,0.226125,-1.20678,-0.825647,0.25,0.111111,0.164384,1,1,0.4
0,69,0.250251,0.00959597,0.356154,0.333333,0.142857,0.0990991,1,0.166667,0.5
0,69,-0.591945,0.391855,0.356154,0.142857,0.333333,0.277778,1,1,0.6
0,69,-0.061527,-1.87228,-1.60252,0.2,0.1,0.108911,0,0,0.7
0,69,-1.06244,1.41371,-0.309972,0.1,0.5,0.228571,1,1,0.8
0,69,-0.670781,0.0815434,-1.27771,0.125,0.166667,0.152778,1,1,0.9
0,69,-0.1953,0.183455,0.318174,0.166667,0.25,0.13253,1,1,1
0,70,2.12263,1.08819,1.61691,1,0.5,0.25,1,1,0.1
0,70,-0.489231,0.181827,-0.0359519,0.142857,0.25,0.222222,1,1,0.2
1,70,0.276501,-0.747178,0.171916,0.333333,0.142857,0.164706,1,0.166667,0.3
0,70,-1.18616,-1.13305,-1.69455,0.1,0.1,0.126214,1,0,0.4
1,70,1.36883,2.27428,1.61691,0.5,1,0.515152,1,1,0.5
0,70,-0.489231,0.253472,-0.0120444,0.125,0.333333,0.222222,1,1,0.6
0,70,-0.426396,0.153759,-0.047889,0.166667,0.2,0.259259,1,1,0.7
0,70,-1.14151,-1.01245,-1.3475,0.111111,0.111111,0.156627,1,1,0.8
0,70,0.276501,-0.747178,-0.219912,0.25,0.125,0.164706,1,0.166667,0.9
0,70,-0.311951,-0.311669,-0.047889,0.2,0.166667,0.182796,1,1,1
1,71,2.77805,2.17029,1.72768,1,1,0.186047,1,1.16667,0.1
0,71,-0.0797426,-1.09929,-0.395981,0.2,0.125,0.131579,1,1.33333,0.2
0,71,-0.537892,-1.21119,-1.0886,0.142857,0.1,0.1,1,1.33333,0.3
1,71,0.303561,0.99793,1.31119,0.5,0.5,0.05,0,0,0.4
0,71,-1.05214,-1.16585,-1.42933,0.1,0.111111,0.0454545,1,1.16667,0.5
0,71,-0.612411,-0.196784,-0.57957,0.125,0.166667,0.111111,1,1.16667,0.6
0,71,-0.0649191,0.256147,0.517239,0.25,0.25,0.102564,1,1.16667,0.7
0,71,-0.0966117,-0.198444,-0.406699,0.166667,0.142857,0.102564,0,0.333333,0.8
0,71,-0.631637,0.135159,-0.56384,0.111111,0.2,0.0545455,1,1.16667,0.9
0,71,-0.00626467,0.312029,0.907912,0.333333,0.333333,0.0819672,1,1.16667,1
0,72,0.442938,1.20422,0.746077,0.25,0.333333,0.190476,0,0.5,0.1
0,72,-0.671995,-0.617883,-0.793301,0.142857,0.125,0.101695,0,0.5,0.2
0,72,-0.950383,-0.355507,-0.606818,0.125,0.166667,0.0704225,0,0.5,0.3
1,72,-0.0501239,1.40112,0.566747,0.166667,0.5,0.189189,1,0,0.4
0,72,0.684743,-0.298896,0.54785,0.333333,0.2,0.0595238,0,0,0.5
0,72,-1.30143,-0.77072,-1.3258,0.111111,0.111111,0.0533333,1,0.166667,0.6
0,72,-1.30864,-0.385989,-1.13978,0.1,0.142857,0.057971,0,0.5,0.7
1,72,1.90781,1.62878,1.80891,1,1,0.140845,1,0,0.8
0,72,0.346046,-1.59685,-0.761079,0.2,0.1,0.113924,0,0,0.9
0,72,0.901037,-0.208273,0.957195,0.5,0.25,0.0860215,1,0.166667,1
0,73,-0.956985,-0.0898208,-1.32412,0.111111,0.125,0.102564,1,1,0.1
0,73,-1.24216,0.303463,-0.876277,0.1,0.2,0.137255,1,0.833333,0.2
0,73,0.458754,0.497721,1.10208,0.5,0.25,0.148649,1,1,0.3
0,73,0.140864,0.129235,0.409458,0.333333,0.166667,0.1,1,0,0.4
0,73,0.0684598,-0.020223,-0.040727,0.25,0.142857,0.0729927,1,1,0.5
1,73,2.61317,1.14865,2.08271,1,1,0.35,1,0.833333,0.6
0,73,-0.296004,0.624473,0.194749,0.142857,0.333333,0.136364,1,1,0.7
1,73,-0.0819007,-1.2506,-0.679705,0.2,0.111111,0.0921053,1,0.166667,0.8
0,73,-0.0919871,-2.32371,-1.09759,0.166667,0.1,0.1,1,0.166667,0.9
0,73,-0.612212,0.980815,0.229428,0.125,0.5,0.28125,1,1,1
0,74,0.889001,0.114514,0.642407,0.333333,0.2,0.106061,1,1.16667,0.1
0,74,-0.966655,0.0631896,-1.11784,0.1,0.166667,0.0851064,1,1.16667,0.2
0,74,-0.374825,0.046334,-0.499316,0.166667,0.142857,0.1,1,1.16667,0.3
0,74,-0.946819,0.471067,-0.0138958,0.125,0.333333,0.114286,1,1.16667,0.4
1,74,2.02241,1.09189,2.12112,1,1,0.105263,1,0,0.5
1,74,1.35149,-2.68356,-0.172623,0.5,0.1,0.0704225,0,0,0.6
0,74,-0.179213,0.988463,1.1224,0.25,0.5,0.131579,1,1.16667,0.7
0,74,-0.518449,0.442128,-0.0414782,0.142857,0.25,0.0980392,1,1.16667,0.8
0,74,-0.318006,-0.425129,-0.692242,0.2,0.111111,0.0727273,1,1.16667,0.9
0,74,-0.958941,-0.108901,-1.34854,0.111111,0.125,0.08,1,1.16667,1
0,75,0.728187,0.403476,0.806227,0.5,0.2,0.109091,0,0,0.1
0,75,-0.701912,0.732522,0.377774,0.166667,0.333333,0.178571,1,0.666667,0.2
1,75,2.5906,0.723917,1.24841,1,0.25,0.188679,0,0,0.3
0,75,-0.701912,0.752599,0.403943,0.142857,0.5,0.178571,1,0.666667,0.4
0,75,-0.723615,-0.906273,-1.02939,0.111111,0.142857,0.172414,1,0.666667,0.5
0,75,-0.757258,-1.11255,-1.58972,0.1,0.111111,0.1,0,0,0.6
0,75,0.0890594,-0.0527865,0.160519,0.25,0.166667,0.08,0,0,0.7
0,75,-0.72026,-1.04737,-1.03497,0.125,0.125,0.172414,1,0.666667,0.8
0,75,-0.156359,-1.31569,-0.80847,0.2,0.1,0.14,0,0,0.9
1,75,0.353463,1.82216,1.46567,0.333333,1,0.16,1,0.666667,1
0,76,-0.587735,0.979758,0.18387,0.142857,0.333333,0.117647,0,0,0.1
0,76,-0.752842,-0.878863,-1.62679,0.1,0.111111,0.0980392,0,0,0.2
0,76,1.32567,-0.139327,0.413364,0.5,0.142857,0.153846,1,0,0.3
0,76,-0.653919,0.405999,-0.641735,0.111111,0.2,0.0862069,1,0.166667,0.4
1,76,-0.373386,-2.29019,-0.827326,0.2,0.1,0.111111,0,0,0.5
0,76,-0.641151,-0.606575,-1.0591,0.125,0.125,0.101695,0,0,0.6
1,76,2.455,1.08234,1.96636,1,1,0.178571,1,0,0.7
0,76,-0.214157,-0.0428753,0.164262,0.25,0.166667,0.0598291,0,0,0.8
0,76,-0.0297543,0.438601,0.811018,0.333333,0.25,0.0921053,0,0,0.9
0,76,-0.52773,1.05113,0.616079,0.166667,0.5,0.0857143,1,0.166667,1
0,77,-1.21176,0.879064,-0.571844,0.1,0.333333,0.114286,1,0.833333,0.1
0,77,0.646766,1.94222,2.20188,0.333333,1,0.0923077,1,0.666667,0.2
0,77,-0.888388,0.444269,-0.345295,0.125,0.25,0.0438596,1,0.333333,0.3
0,77,-0.361968,-0.493885,-0.977145,0.142857,0.142857,0.0540541,1,0.833333,0.4
1,77,1.88524,-0.35511,1.2524,1,0.166667,0.139535,1,0,0.5
0,77,-0.125044,-1.23851,-0.94211,0.2,0.111111,0.111111,1,1,0.6
0,77,-0.166969,-0.647499,-0.968392,0.166667,0.125,0.047619,1,1.16667,0.7
0,77,-1.16293,1.08127,0.0375277,0.111111,0.5,0.047619,1,1.16667,0.8
0,77,-0.108662,-0.323051,0.547903,0.25,0.2,0.0909091,1,0.5,0.9
1,77,1.49373,-1.28877,-0.234932,0.5,0.1,0.0757576,1,0.833333,1
1,78,1.29255,1.39375,1.90304,0.5,1,0.136364,1,0,0.1
0,78,-0.558109,0.875082,0.202338,0.142857,0.333333,0.0731707,0,0,0.2
0,78,-0.541492,0.792691,0.4107,0.2,0.25,0.0588235,1,0.166667,0.3
0,78,-0.543667,0.907525,0.677958,0.166667,0.5,0.0638298,1,0.166667,0.4
0,78,-0.646231,0.326516,-0.706191,0.111111,0.2,0.0230769,0,0,0.5
0,78,-0.613325,-0.365923,-0.948967,0.125,0.142857,0.0322581,0,0,0.6
0,78,-0.656002,-1.68141,-1.99442,0.1,0.1,0.0322581,0,0,0.7
0,78,-0.528739,-0.199825,0.180761,0.25,0.166667,0.0909091,1,0.166667,0.8
1,78,2.40232,-0.4611,0.499193,1,0.125,0.0882353,1,0,0.9
0,78,0.392695,-1.5873,-0.224414,0.333333,0.111111,0.0344828,1,0.166667,1
0,79,-1.01254,0.397666,-0.84296,0.1,0.2,0.0545455,1,1.33333,0.1
0,79,-0.913282,-0.257576,-1.07331,0.142857,0.111111,0.0625,1,1.33333,0.2
0,79,-0.910685,0.00331748,-0.471633,0.166667,0.142857,0.0625,1,1.33333,0.3
0,79,-0.916704,0.4109,-0.434308,0.111111,0.25,0.0754717,1,1.33333,0.4
0,79,0.50809,0.660581,0.840621,0.2,0.5,0.113208,1,1.33333,0.5
0,79,0.532329,0.331053,0.167367,0.25,0.166667,0.103448,1,1.33333,0.6
1,79,0.611716,-2.80327,-0.396883,0.333333,0.1,0.105263,0,0,0.7
0,79,1.20887,0.658474,1.2867,0.5,0.333333,0.127273,1,1.33333,0.8
0,79,-0.913282,-0.243467,-1.07912,0.125,0.125,0.0625,1,1.33333,0.9
1,79,1.80549,0.842323,2.00352,1,1,0.189189,1,1.33333,1
0,80,-0.656558,-1.61679,-1.65986,0.125,0.1,0.142857,0,0,0.1
0,80,-0.163376,-1.53974,-0.741908,0.2,0.111111,0.102564,0,0,0.2
1,80,-0.12357,1.43365,1.47695,0.25,1,0.25,1,1,0.3
0,80,-1.04733,0.508154,-0.707351,0.1,0.25,0.155556,1,0.833333,0.4
0,80,-0.256924,0.768235,0.44693,0.166667,0.333333,0.148148,1,0.833333,0.5
0,80,-0.0689848,1.02617,1.45996,0.333333,0.5,0.0941176,1,0.333333,0.6
0,80,-0.569191,0.506005,-0.293572,0.142857,0.2,0.148148,1,1,0.7
1,80,1.99649,-0.521364,0.751905,1,0.142857,0.4,1,0.833333,0.8
0,80,-0.906911,0.148726,-0.983477,0.111111,0.166667,0.0736842,0,0,0.9
0,80,1.79635,-0.713046,0.250424,0.5,0.125,0.266667,1,0.833333,1
0,81,-0.00472811,0.360005,0.954226,0.25,0.333333,0.148148,1,0.333333,0.1
0,81,-0.359352,0.113753,-0.298773,0.142857,0.2,0.1,0,0,0.2
1,81,1.6071,-0.126548,0.765226,1,0.142857,0.103774,1,0,0.3
1,81,1.58236,1.98669,2.03471,0.5,1,0.155172,1,0.333333,0.4
0,81,-1.35514,-0.965358,-1.69569,0.111111,0.111111,0.107692,0,0,0.5
0,81,0.760701,-1.91686,-0.458303,0.333333,0.1,0.0941176,0,0,0.6
0,81,-0.231479,-0.531153,-0.776115,0.166667,0.125,0.0921053,0,0,0.7
0,81,-0.0217697,-0.0502742,-0.0602632,0.2,0.166667,0.0789474,0,0,0.8
0,81,-1.4128,0.137415,-0.719882,0.1,0.25,0.125,1,0.333333,0.9
0,81,-0.564896,0.99233,0.254861,0.125,0.5,0.116667,1,0,1
0,82,-0.578775,-0.485265,-0.79753,0.142857,0.142857,0.08,0,0.333333,0.1
1,82,2.85209,2.76151,2.35612,1,1,0.1,1,0,0.2
0,82,-0.314486,-1.07781,-1.24168,0.166667,0.1,0.0714286,0,0,0.3
0,82,-0.677023,0.0902938,-0.46673,0.1,0.333333,0.0746269,1,0.166667,0.4
0,82,-0.66551,-0.0978664,-0.510742,0.111111,0.25,0.0480769,0,0.166667,0.5
0,82,0.0392757,-0.488076,-0.281824,0.25,0.125,0.0864198,0,0,0.6
1,82,0.191684,-0.28668,0.738193,0.5,0.166667,0.0648148,1,0.166667,0.7
0,82,-0.271134,-0.685877,-0.768935,0.2,0.111111,0.0810811,1,0.166667,0.8
0,82,-0.64351,0.391741,0.259547,0.125,0.5,0.0612245,1,0.333333,0.9
0,82,0.0673909,-0.121969,0.713579,0.333333,0.2,0.04,0,0,1
0,83,0.106061,0.31831,0.515708,0.25,0.25,0.185185,1,0.333333,0.1
0,83,-0.840005,-0.0657371,-0.922798,0.111111,0.142857,0.169811,1,0.333333,0.2
0,83,-0.818553,-1.48692,-1.09516,0.125,0.111111,0.102273,0,0,0.3
0,83,0.284476,0.674256,0.905225,0.333333,0.333333,0.164384,0,0,0.4
0,83,-1.27656,-0.90062,-1.25774,0.1,0.125,0.104478,1,0.333333,0.5
0,83,-0.522408,0.197982,-0.405496,0.142857,0.166667,0.15873,1,0,0.6
0,83,-0.212445,-1.64741,-0.724752,0.2,0.1,0.166667,0,0,0.7
0,83,-0.220607,0.22667,-0.0448688,0.166667,0.2,0.116505,0,0,0.8
1,83,2.2032,1.2622,1.51494,1,0.5,0.307692,1,0,0.9
1,83,1.29684,1.42127,1.51494,0.5,1,0.2,0,0,1
0,84,0.630621,0.256455,0.677831,0.333333,0.25,0.0625,0,0,0.1
0,84,-0.434108,0.0832939,-0.217445,0.166667,0.166667,0.121951,0,0,0.2
0,84,1.10357,1.51856,1.44535,0.5,1,0.153846,1,0,0.3
0,84,0.0704165,0.0915807,0.13183,0.2,0.2,0.146341,1,0,0.4
1,84,2.0632,0.900408,1.44535,1,0.5,0.2,1,0,0.5
0,84,-0.498182,0.0262417,-0.556294,0.142857,0.142857,0.0756303,0,0,0.6
0,84,-0.963059,-1.66418,-1.20453,0.111111,0.111111,0.117647,0,0,0.7
0,84,-0.700061,-0.0571767,-0.885176,0.125,0.125,0.113924,0,0,0.8
1,84,-1.49031,-1.87402,-1.51475,0.1,0.1,0.131579,0,0.166667,0.9
0,84,0.21792,0.718837,0.677831,0.25,0.333333,0.104348,0,0.166667,1
1,85,1.57227,0.4487,0.761628,0.5,0.2,0.164706,0,0,0.1
0,85,0.185913,0.848391,0.549771,0.2,0.333333,0.141176,1,0.833333,0.2
0,85,0.349061,-0.318321,-0.035497,0.25,0.142857,0.125,0,0,0.3
0,85,-1.27638,-1.15553,-1.33045,0.111111,0.111111,0.1,1,0.833333,0.4
1,85,0.486252,0.157446,0.356876,0.333333,0.166667,0.157895,1,0.833333,0.5
0,85,-1.28258,-2.15242,-1.67311,0.1,0.1,0.106061,1,0.833333,0.6
0,85,-0.572953,0.90717,0.381598,0.142857,0.5,0.0934579,1,0.833333,0.7
0,85,-0.277726,0.741714,0.151639,0.166667,0.25,0.186441,0,0,0.8
0,85,1.65757,1.12015,1.81525,1,1,0.230769,0,0,0.9
0,85,-0.841435,-0.597302,-0.977714,0.125,0.125,0.0857143,1,0.833333,1
0,86,-0.967653,-1.01652,-1.48722,0.111111,0.125,0.145833,1,0.666667,0.1
1,86,-1.41257,-1.14239,-1.93529,0.1,0.111111,0.101695,0,0,0.2
0,86,1.61591,0.577573,1.23783,0.5,0.25,0.2,0,0,0.3
0,86,-0.200306,0.309891,-0.0609319,0.166667,0.2,0.0898876,1,0.333333,0.4
0,86,-0.615662,1.78877,0.773716,0.142857,1,0.121212,0,0,0.5
0,86,-0.161227,0.760168,0.70847,0.2,0.333333,0.176471,1,0.333333,0.6
0,86,-0.641605,1.01699,0.257689,0.125,0.5,0.0792079,1,0.333333,0.7
0,86,1.85843,-0.616443,0.773716,1,0.142857,0.186047,0,0,0.8
1,86,0.329002,-0.276746,0.459894,0.333333,0.166667,0.216216,1,0,0.9
0,86,0.195683,-1.40129,-0.72787,0.25,0.1,0.205128,1,0.333333,1
0,87,0.665981,-1.0615,-0.0167287,0.333333,0.125,0.125,0,0,0.1
1,87,1.36172,0.0281662,0.80005,0.5,0.166667,0.104167,1,0.833333,0.2
1,87,0.476915,1.31845,1.65902,0.25,1,0.210526,1,0.833333,0.3
0,87,-0.896802,0.948173,0.238777,0.142857,0.333333,0.111111,1,0.833333,0.4
0,87,-1.15862,0.546373,-1.07438,0.1,0.2,0.0444444,1,0.833333,0.5
0,87,-0.933212,-1.38339,-1.62347,0.125,0.111111,0.06,0,0,0.6
0,87,1.6998,-0.695389,0.844598,1,0.142857,0.0833333,0,0,0.7
0,87,-0.69004,-1.42052,-1.34573,0.166667,0.1,0.0526316,0,0,0.8
0,87,0.427612,0.713592,0.484662,0.2,0.25,0.0666667,1,0.833333,0.9
0,87,-0.953358,1.00604,0.0331961,0.111111,0.5,0.1,1,0.833333,1
0,88,-0.856136,-0.685899,-1.11026,0.111111,0.142857,0.0735294,1,1.33333,0.1
0,88,0.169285,0.892536,0.854792,0.25,0.333333,0.115385,1,1.5,0.2
1,88,1.45651,-0.986872,0.0269424,0.5,0.111111,0.131579,1,1.33333,0.3
0,88,-0.695315,1.97679,0.899142,0.166667,1,0.192308,1,1.5,0.4
0,88,0.442943,-0.205999,0.854792,0.333333,0.25,0.142857,1,1.5,0.5
0,88,-0.982297,-0.215568,-0.87198,0.1,0.2,0.181818,1,1.33333,0.6
0,88,0.0720177,-0.688615,-0.475011,0.2,0.125,0.109091,1,1.33333,0.7
1,88,2.03107,1.37199,1.82269,1,0.5,0.138462,1,0.833333,0.8
0,88,-0.830741,-0.315384,-0.695241,0.125,0.166667,0.125,1,1.5,0.9
0,88,-0.807342,-1.14298,-1.30586,0.142857,0.1,0.0877193,1,1.5,1
0,89,-1.04804,-0.854547,-1.35947,0.111111,0.111111,0.06,0,0,0.1
0,89,-0.423239,-1.08884,-1.16872,0.142857,0.1,0.0833333,0,0.5,0.2
0,89,0.953733,-0.789109,-0.221865,0.25,0.125,0.0714286,0,0,0.3
0,89,1.34409,2.42426,1.85484,1,1,0.0833333,0,0.5,0.4
1,89,-0.236543,0.154864,0.561761,0.2,0.333333,0.0967742,1,0,0.5
0,89,-0.889677,-0.033121,-0.425126,0.125,0.2,0.0588235,0,0.5,0.6
0,89,1.12858,-0.0270401,0.9815,0.5,0.25,0.075,1,0.5,0.7
1,89,1.12858,-0.359845,0.36466,0.333333,0.166667,0.0731707,1,0,0.8
0,89,-1.56847,-0.50853,-1.16872,0.1,0.142857,0.0291262,0,0,0.9
0,89,-0.389023,1.08191,0.581138,0.166667,0.5,0.0789474,0,0,1
0,90,-0.332572,-0.288082,-0.440244,0.166667,0.142857,0.0757576,1,0.333333,0.1
0,90,-0.597142,0.556505,0.0243123,0.111111,0.5,0.108108,1,0.333333,0.2
1,90,2.91529,2.5518,1.87018,1,1,0.219512,1,0,0.3
0,90,-0.201187,0.0550017,0.354959,0.2,0.25,0.0617284,0,0,0.4
1,90,-0.0782344,0.0366403,0.566406,0.333333,0.2,0.0875,1,0,0.5
0,90,-0.762989,-1.30034,-1.72373,0.1,0.1,0.0461538,0,0,0.6
0,90,-0.397458,-0.94694,-1.00188,0.142857,0.111111,0.0701754,1,0.333333,0.7
0,90,0.0935546,0.222883,1.20106,0.5,0.333333,0.0694444,0,0,0.8
0,90,-0.189055,-0.617272,-0.223699,0.25,0.125,0.075,0,0,0.9
0,90,-0.450208,-0.270195,-0.627372,0.125,0.166667,0.0769231,0,0,1
0,91,-0.593997,0.262801,-0.325193,0.142857,0.2,0.0967742,1,1,0.1
0,91,-0.802839,1.30812,0.277398,0.125,0.5,0.166667,1,1,0.2
0,91,-0.338373,-0.635927,-0.325193,0.2,0.142857,0.0659341,0,0,0.3
0,91,-0.391678,-0.673771,-0.844746,0.166667,0.125,0.0983607,1,1,0.4
0,91,-0.0856054,0.578801,0.753897,0.25,0.25,0.166667,1,1,0.5
1,91,1.57655,-1.82751,-0.204935,0.5,0.1,0.111111,0,0,0.6
1,91,2.20721,0.666803,1.92074,1,0.333333,0.259259,1,1,0.7
0,91,-0.802839,1.35886,0.336267,0.111111,1,0.166667,1,1,0.8
0,91,0.0796326,0.135333,0.495069,0.333333,0.166667,0.125,1,1,0.9
0,91,-0.84806,-1.17352,-2.08331,0.1,0.111111,0.102041,0,0,1
0,92,-0.320185,-0.375608,-0.269491,0.166667,0.166667,0.21875,1,0.166667,0.1
1,92,1.68187,-1.37027,-0.165761,0.5,0.1,0.171429,0,0,0.2
1,92,1.97992,2.10362,2.0368,1,1,0.294118,0,0.166667,0.3
0,92,-1.01331,-0.0966868,-0.664723,0.111111,0.2,0.104167,1,0.666667,0.4
0,92,-0.340049,-0.468224,-0.689443,0.142857,0.142857,0.142857,0,0,0.5
0,92,-1.0426,-1.14585,-1.68507,0.1,0.111111,0.0746269,1,0.666667,0.6
0,92,-0.945018,0.144449,-0.24363,0.125,0.25,0.0877193,1,0.833333,0.7
0,92,0.111542,0.782465,1.07036,0.333333,0.333333,0.181818,1,0.833333,0.8
0,92,-0.117052,1.01635,0.854584,0.2,0.5,0.121212,1,0.666667,0.9
0,92,0.0048853,-0.59025,-0.24363,0.25,0.125,0.216216,0,0,1
0,93,-0.0559953,-1.18567,-0.68687,0.2,0.111111,0.0384615,0,0,0.1
0,93,-0.789394,1.09933,-0.218274,0.111111,0.333333,0.0655738,0,0,0.2
0,93,-0.681189,-0.164448,-0.278469,0.166667,0.166667,0.0689655,0,0,0.3
0,93,-0.846454,-0.378965,-1.32613,0.1,0.142857,0.043956,0,0,0.4
0,93,-0.763765,0.116016,-0.482384,0.125,0.2,0.0689655,1,0.333333,0.5
1,93,2.4418,1.54527,2.10467,1,1,0.135135,1,0,0.6
0,93,-0.730429,0.23319,-0.0411564,0.142857,0.25,0.08,0,0.166667,0.7
0,93,1.00507,1.11978,1.59729,0.5,0.5,0.0980392,1,0.166667,0.8
1,93,0.29812,-0.616737,-0.013788,0.333333,0.125,0.0545455,1,0,0.9
0,93,0.122238,-1.76777,-0.654877,0.25,0.1,0.09375,1,0,1
1,94,0.57193,1.05112,1.16901,0.333333,0.5,0.263158,1,0.5,0.1
0,94,-0.864073,0.522825,-0.417201,0.125,0.2,0.269231,0,0,0.2
0,94,-0.0184762,0.666477,0.55129,0.2,0.333333,0.196078,1,0.333333,0.3
0,94,-0.871655,-1.11825,-1.15727,0.111111,0.125,0.0869565,1,0.166667,0.4
1,94,2.46615,1.56574,1.82027,1,1,0.346154,1,0.333333,0.5
0,94,-0.901188,-0.374114,-1.14694,0.1,0.142857,0.145455,0,0,0.6
0,94,-0.787546,-0.142319,-0.428495,0.142857,0.166667,0.126984,0,0,0.7
0,94,-0.334277,-1.54161,-0.959286,0.166667,0.1,0.106667,1,0.333333,0.8
0,94,0.00419108,-1.2478,-0.394584,0.25,0.111111,0.0803571,0,0,0.9
0,94,0.734948,0.61792,0.963206,0.5,0.25,0.129032,1,0.333333,1
0,95,-1.1922,-1.70484,-1.51053,0.111111,0.1,0.0704225,0,0,0.1
1,95,1.40618,1.62162,1.82583,1,1,0.142857,1,0.666667,0.2
0,95,1.25543,0.0463516,0.572048,0.5,0.166667,0.0961538,1,0.333333,0.3
0,95,0.973475,0.875761,0.959489,0.333333,0.333333,0.0731707,1,0.666667,0.4
0,95,-1.26518,0.0382837,-1.15044,0.1,0.142857,0.111111,1,0.333333,0.5
0,95,0.805167,0.0774375,0.346541,0.25,0.2,0.0657895,1,0.333333,0.6
0,95,-1.12372,-1.17662,-1.16081,0.125,0.111111,0.102041,0,0.5,0.7
0,95,-0.473504,0.450136,0.152523,0.166667,0.25,0.16129,0,0.5,0.8
1,95,0.172718,-1.13246,-0.418476,0.2,0.125,0.0612245,0,0.5,0.9
0,95,-0.558356,0.904322,0.383822,0.142857,0.5,0.131579,0,0.166667,1
0,96,0.250542,1.08445,1.3664,0.333333,1,0.097561,0,0,0.1
0,96,-0.102663,0.926195,0.738857,0.25,0.333333,0.0487805,0,0,0.2
0,96,-0.616553,-0.260776,-0.606377,0.142857,0.142857,0.075,0,0,0.3
1,96,1.94908,-0.253461,0.777192,1,0.166667,0.176471,1,0,0.4
1,96,-1.28957,-2.19182,-1.65113,0.1,0.1,0.0740741,0,0,0.5
0,96,-0.372255,1.02013,0.561262,0.166667,0.5,0.0985915,0,0,0.6
0,96,-0.629011,-0.321246,-0.964869,0.125,0.125,0.0714286,0,0,0.7
0,96,-0.173495,0.533578,0.143698,0.2,0.2,0.102941,0,0,0.8
0,96,1.72409,0.585011,0.947931,0.5,0.25,0.105882,0,0,0.9
0,96,-0.740166,-1.12206,-1.31297,0.111111,0.111111,0.075,0,0,1
0,97,1.0865,0.851624,1.11699,0.5,0.333333,0.045045,0,0,0.1
0,97,0.0899663,-1.14726,-0.731775,0.2,0.1,0.0515464,0,0,0.2
0,97,-0.156626,0.289703,0.145291,0.166667,0.25,0.0588235,0,0,0.3
0,97,-1.26538,-0.972952,-1.10577,0.111111,0.125,0.0245098,0,0.166667,0.4
0,97,0.242239,-0.0393804,0.330111,0.25,0.2,0.0617284,1,0.166667,0.5
0,97,-1.49025,-0.660284,-1.0959,0.1,0.142857,0.0333333,1,0.333333,0.6
1,97,0.555602,1.43031,1.11699,0.333333,0.5,0.0857143,1,0.166667,0.7
0,97,-0.245045,-0.386883,-0.409425,0.142857,0.166667,0.0446429,0,0.166667,0.8
1,97,1.97672,1.74817,1.73926,1,1,0.135135,1,0.333333,0.9
0,97,-0.793734,-1.11305,-1.10577,0.125,0.111111,0.0697674,1,0.333333,1
0,98,0.0524394,-1.98134,-0.472399,0.333333,0.1,0.0945946,1,0.5,0.1
1,98,2.63558,0.510354,1.81897,1,0.333333,0.243902,1,0,0.2
0,98,-0.386746,-0.260478,-0.546576,0.2,0.125,0.112676,1,0.333333,0.3
0,98,-0.764419,-0.221734,-1.50261,0.1,0.142857,0.0895522,0,0,0.4
0,98,-0.162555,1.3347,1.2619,0.25,0.5,0.15,0,0.5,0.5
0,98,-0.422072,1.56682,1.03461,0.166667,1,0.134615,1,0.333333,0.6
0,98,-0.627411,-0.0690155,-0.799986,0.125,0.166667,0.1,1,0.333333,0.7
1,98,0.946061,-1.18591,0.0310015,0.5,0.111111,0.333333,1,0,0.8
0,98,-0.545215,0.187443,-0.0466332,0.142857,0.25,0.166667,0,0.5,0.9
0,98,-0.725657,0.119167,-0.778274,0.111111,0.2,0.139535,0,0.5,1
0,99,-0.843983,-1.36343,-1.09693,0.125,0.111111,0.111111,1,0.833333,0.1
1,99,1.66935,1.1064,1.51739,1,0.5,0.230769,1,0.5,0.2
1,99,-0.916124,-0.550147,-1.09693,0.111111,0.125,0.0869565,1,0.333333,0.3
0,99,-0.40868,0.554848,0.339203,0.166667,0.333333,0.166667,1,0.5,0.4
0,99,-0.721855,0.350221,-0.0337391,0.142857,0.25,0.0666667,1,0.5,0.5
0,99,-0.232979,-0.230736,-0.22281,0.2,0.142857,0.222222,1,0.333333,0.6
0,99,0.945863,0.265253,0.522544,0.333333,0.2,0.1,0,0,0.7
0,99,-1.22195,-1.91326,-1.59025,0.1,0.1,0.103448,0,0.5,0.8
0,99,1.58434,1.52834,1.51739,0.5,1,0.176471,1,1,0.9
0,99,0.146015,0.252517,0.14413,0.25,0.166667,0.172414,0,0.5,1
1,100,1.13497,0.530155,0.985284,0.5,0.25,0.128205,0,0,0.1
0,100,-0.10089,-0.612882,-0.403629,0.25,0.111111,0.0754717,0,0,0.2
0,100,-0.755884,-0.315871,-0.81658,0.142857,0.125,0.0714286,1,0.5,0.3
0,100,-0.233153,-0.219578,-0.240455,0.2,0.142857,0.08,1,0.5,0.4
0,100,-0.84478,-0.0717152,-0.783413,0.1,0.2,0.045977,1,0.333333,0.5
0,100,-0.792083,-2.27721,-1.54045,0.111111,0.1,0.108108,0,0,0.6
0,100,-0.790843,-0.163822,-0.624626,0.125,0.166667,0.0851064,1,0.5,0.7
0,100,-0.342983,0.709173,0.583379,0.166667,0.5,0.0606061,1,0.333333,0.8
0,100,0.295757,0.690169,0.978493,0.333333,0.333333,0.0833333,1,0.833333,0.9
1,100,2.42989,1.73159,1.86199,1,1,0.169492,1,0,1
0,101,-1.53081,0.488569,-0.53373,0.1,0.333333,0.0862069,0,0.166667,0.1
1,101,2.10657,-1.1104,0.359793,1,0.111111,0.0533333,1,0,0.2
0,101,0.607218,1.85944,2.05512,0.333333,1,0.119403,0,0,0.3
0,101,1.02727,-0.494847,0.566399,0.5,0.142857,0.0784314,0,0,0.4
0,101,-0.903009,-0.629834,-1.71298,0.111111,0.125,0.125,0,0,0.5
1,101,0.265417,-1.45037,-0.838359,0.25,0.1,0.145833,0,0,0.6
0,101,-0.605025,1.49181,0.566399,0.142857,0.5,0.0843373,0,0.166667,0.7
0,101,-0.239512,-0.0561201,-0.0701812,0.166667,0.2,0.109589,0,0,0.8
0,101,-0.696195,-0.263851,-0.903847,0.125,0.166667,0.0869565,0,0,0.9
0,101,-0.0319151,0.165612,0.511385,0.2,0.25,0.0869565,0,0,1
0,102,-1.35847,-0.101871,-0.749421,0.1,0.2,0.0588235,0,0,0.1
0,102,-0.353354,-0.167703,-0.235672,0.166667,0.166667,0.09,0,0,0.2
0,102,0.964796,1.41229,1.14392,0.333333,0.5,0.150685,0,0,0.3
1,102,1.76465,0.849465,1.35862,1,0.333333,0.234043,0,0.166667,0.4
0,102,-1.13746,-0.668807,-1.13243,0.111111,0.125,0.0672269,0,0,0.5
1,102,0.0101131,-0.94958,-0.581306,0.2,0.111111,0.173913,0,0.166667,0.6
0,102,-0.519716,-1.69676,-1.12232,0.142857,0.1,0.111111,0,0,0.7
0,102,0.982857,1.6183,1.5665,0.5,1,0.0884956,0,0,0.8
0,102,-1.01109,-0.568897,-0.781149,0.125,0.142857,0.0952381,0,0,0.9
0,102,0.65768,0.273563,0.533262,0.25,0.25,0.0674157,0,0,1
0,103,0.242438,0.0692503,-0.0522424,0.2,0.166667,0.19697,1,1.33333,0.1
0,103,0.282477,0.427353,0.600458,0.25,0.25,0.203125,1,1.33333,0.2
0,103,-1.01181,0.641819,-0.208006,0.111111,0.333333,0.148649,1,1.33333,0.3
0,103,-0.409118,-0.074465,-0.678899,0.142857,0.142857,0.135135,1,1.33333,0.4
0,103,0.773627,0.357664,0.607436,0.333333,0.2,0.1625,1,1.33333,0.5
0,103,-0.631128,-1.53205,-1.27513,0.125,0.111111,0.0967742,1,1.33333,0.6
0,103,0.050259,1.21511,0.628388,0.166667,0.5,0.173913,1,1.33333,0.7
1,103,0.950311,1.35139,1.7639,0.5,1,0.218182,1,1.33333,0.8
1,103,1.71186,-0.679804,0.462694,1,0.125,0.171429,1,0,0.9
0,103,-1.95892,-1.77626,-1.8486,0.1,0.1,0.0777778,1,1.33333,1
0,104,0.39441,0.406749,0.312612,0.25,0.2,0.306452,0,0,0.1
0,104,-0.354344,-0.342338,-0.217924,0.166667,0.166667,0.203125,1,0.166667,0.2
1,104,1.96252,1.28302,1.44854,1,0.5,0.35,1,0.166667,0.3
0,104,-1.08866,-1.44951,-1.36264,0.111111,0.1,0.186667,0,0,0.4
1,104,1.01989,1.5749,1.44854,0.5,1,0.338983,0,0,0.5
0,104,-1.34777,-1.32164,-1.36264,0.1,0.111111,0.135802,0,0,0.6
0,104,-0.470943,-0.611769,-0.55752,0.142857,0.142857,0.181818,1,0.166667,0.7
0,104,0.119994,0.429035,0.312612,0.2,0.25,0.25,1,0.166667,0.8
0,104,0.766112,0.785278,0.865547,0.333333,0.333333,0.275362,0,0,0.9
0,104,-1.0012,-0.75373,-0.887127,0.125,0.125,0.21875,0,0,1
0,105,-0.86487,-1.76947,-1.22747,0.125,0.1,0.12,1,0.5,0.1
1,105,0.603113,0.619994,0.693367,0.25,0.333333,0.136364,1,0.5,0.2
0,105,-1.0864,-1.14436,-1.3908,0.1,0.111111,0.0833333,0,0,0.3
0,105,-0.683573,-0.199647,-0.222429,0.166667,0.166667,0.111111,1,0,0.4
0,105,-0.324925,-0.171221,0.134851,0.2,0.2,0.0705882,0,0,0.5
0,105,-0.882297,-0.492364,-1.0688,0.111111,0.125,0.0967742,1,0.5,0.6
0,105,0.661017,1.14991,1.07964,0.333333,0.5,0.0869565,0,0,0.7
1,105,1.67285,0.519992,1.0922,1,0.25,0.0945946,0,0,0.8
0,105,-0.711876,-0.29682,-0.569044,0.142857,0.142857,0.0697674,1,0.5,0.9
0,105,1.61696,1.78399,1.47848,0.5,1,0.189189,0,0,1
0,106,-0.753523,-0.539703,-1.13416,0.111111,0.125,0.0526316,0,0,0.1
0,106,0.985619,-0.191182,0.748478,0.5,0.2,0.104651,1,0,0.2
0,106,-0.464637,-0.766548,-0.955659,0.142857,0.111111,0.0480769,0,0,0.3
1,106,2.43918,2.15483,1.78391,1,1,0.205128,1,0,0.4
0,106,-0.714731,-0.408683,-0.598431,0.125,0.166667,0.1,0,0,0.5
0,106,-0.313735,1.37067,0.748478,0.2,0.5,0.217391,0,0,0.6
0,106,-0.343932,0.363411,0.350715,0.166667,0.333333,0.0769231,0,0,0.7
0,106,0.517386,-0.421431,0.166809,0.333333,0.142857,0.047619,0,0,0.8
0,106,-0.236187,-0.122322,0.534072,0.25,0.25,0.113636,0,0,0.9
1,106,-1.11544,-1.43905,-1.64422,0.1,0.1,0.0277778,0,0,1
0,107,-0.558333,0.260667,-0.512438,0.111111,0.25,0.0930233,1,1.16667,0.1
0,107,0.58774,0.602473,1.51817,0.5,0.333333,0.12,1,1.16667,0.2
0,107,-0.309604,-0.800075,-0.28276,0.25,0.125,0.0387597,0,0,0.3
1,107,-0.302494,-1.20793,-0.46828,0.333333,0.1,0.0833333,1,1.16667,0.4
0,107,-0.376446,-0.124101,-0.54181,0.125,0.2,0.119048,1,1.16667,0.5
0,107,-0.348542,-1.02886,-0.771488,0.2,0.111111,0.0595238,1,1.16667,0.6
0,107,-0.363411,-0.154229,-0.556476,0.142857,0.166667,0.0735294,1,1.16667,0.7
0,107,-0.362824,-0.643714,-0.556476,0.166667,0.142857,0.0549451,1,1.16667,0.8
0,107,-0.794144,0.784375,-0.192384,0.1,0.5,0.107143,1,1.16667,0.9
1,107,2.82806,2.31139,2.36395,1,1,0.15,1,0,1
0,108,-0.488904,0.0942898,-0.419362,0.142857,0.166667,0.0843373,1,0.5,0.1
1,108,2.28092,1.54526,1.78148,1,1,0.170213,0,0,0.2
0,108,0.0863295,0.87939,0.93618,0.333333,0.333333,0.102564,1,0.5,0.3
1,108,1.30922,1.26417,1.35201,0.5,0.5,0.178571,1,0.5,0.4
0,108,0.0439522,-1.27254,-0.386175,0.25,0.111111,0.101449,0,0,0.5
0,108,0.00331042,-0.755093,-0.230057,0.2,0.142857,0.0810811,0,0,0.6
0,108,-0.978053,0.247239,-0.581395,0.111111,0.2,0.0574713,1,0.5,0.7
0,108,-0.482585,0.369581,0.148818,0.166667,0.25,0.0632911,1,0,0.8
0,108,-0.697938,-1.30998,-1.30075,0.125,0.1,0.0789474,0,0,0.9
0,108,-1.07625,-1.06232,-1.30075,0.1,0.125,0.0847458,0,0,1
0,109,-0.761575,0.318893,-0.553599,0.111111,0.25,0.132075,1,1.33333,0.1
0,109,0.965998,-1.14556,0.0331997,0.5,0.111111,0.1,1,1.33333,0.2
0,109,-0.724947,-0.380349,-0.601174,0.142857,0.166667,0.175,1,1.33333,0.3
0,109,-0.795112,-0.829299,-1.86468,0.1,0.125,0.118644,1,1.33333,0.4
1,109,0.254148,-0.0578958,0.773456,0.333333,0.2,0.205128,1,1.33333,0.5
1,109,2.49102,-1.30046,0.0999915,1,0.1,0.111111,1,0,0.6
0,109,-0.734882,-0.500744,-1.11998,0.125,0.142857,0.194444,1,1.33333,0.7
0,109,-0.72018,1.55169,0.800135,0.166667,0.5,0.212121,1,1.33333,0.8
0,109,0.0249493,1.74371,1.6592,0.25,1,0.121212,1,1.33333,0.9
0,109,0.000581189,0.600023,0.773456,0.2,0.333333,0.123077,1,1.33333,1
0,110,0.0896017,1.08124,0.776277,0.25,0.333333,0.12,0,0.166667,0.1
1,110,1.28418,1.63553,1.65527,0.5,1,0.2,1,0,0.2
1,110,2.27848,1.36934,1.65527,1,0.5,0.291667,1,0.166667,0.3
0,110,-0.453988,-1.46668,-0.991888,0.166667,0.1,0.0723684,0,0,0.4
0,110,-0.906335,-0.446607,-0.991888,0.1,0.166667,0.163265,0,0,0.5
0,110,0.272875,-0.607735,0.175994,0.333333,0.142857,0.160494,1,0.166667,0.6
0,110,-0.792672,-0.34589,-0.243056,0.142857,0.2,0.123457,1,0.166667,0.7
0,110,-0.0912542,-0.81585,-0.614246,0.2,0.111111,0.177419,1,0,0.8
0,110,-0.843786,-0.790871,-1.1966,0.111111,0.125,0.115942,0,0,0.9
0,110,-0.837102,0.387517,-0.225129,0.125,0.25,0.111111,0,0,1
1,111,-0.00650417,0.640294,1.0052,0.25,0.333333,0.0821918,0,0,0.1
0,111,-0.624104,-1.02684,-1.54947,0.111111,0.125,0.0847458,0,0,0.2
0,111,-0.488325,1.50881,1.31633,0.2,1,0.1,0,0.333333,0.3
1,111,2.71929,-0.159412,1.05735,1,0.166667,0.1,0,0,0.4
0,111,-0.719077,0.532569,-0.758335,0.1,0.25,0.0877193,0,0,0.5
0,111,-0.59202,1.3927,0.512334,0.142857,0.5,0.0505051,0,0,0.6
0,111,-0.607747,-1.33805,-1.54947,0.125,0.111111,0.0526316,0,0,0.7
0,111,-0.549465,0.281811,-0.0634821,0.166667,0.2,0.119048,0,0.333333,0.8
0,111,0.609964,-0.434891,0.512334,0.5,0.142857,0.0595238,1,0.5,0.9
0,111,0.257986,-1.39698,-0.482783,0.333333,0.1,0.0517241,1,0.166667,1
0,112,-1.35477,1.33246,0.0922408,0.1,1,0.368421,1,0.666667,0.1
0,112,-0.240731,-0.472989,-0.554576,0.166667,0.142857,0.123457,1,0.666667,0.2
0,112,0.550178,-1.03368,-0.281795,0.25,0.125,0.113402,0,0,0.3
0,112,-1.04048,0.372106,-0.768853,0.111111,0.2,0.145455,1,0.666667,0.4
0,112,-0.0554013,0.966699,0.713503,0.2,0.333333,0.105882,1,0.833333,0.5
0,112,-0.911398,-1.51972,-1.72014,0.125,0.1,0.0833333,0,0.166667,0.6
1,112,0.809848,-1.16534,0.0306263,0.5,0.111111,0.102564,0,0,0.7
1,112,2.1426,1.24249,2.0719,1,0.5,0.272727,1,0.666667,0.8
0,112,0.614012,0.690972,0.971668,0.333333,0.25,0.178571,0,0,0.9
0,112,-0.51385,-0.412992,-0.554576,0.142857,0.166667,0.140625,0,0,1
0,113,-0.778764,0.594168,-0.392746,0.125,0.25,0.0444444,0,0,0.1
0,113,-0.118873,-0.842145,-0.42402,0.2,0.142857,0.0410959,0,0.166667,0.2
0,113,-0.364903,-1.31788,-1.73039,0.166667,0.1,0.038961,0,0,0.3
0,113,-0.780252,1.06721,0.0426848,0.111111,0.5,0.0425532,0,0,0.4
0,113,-0.791562,0.464707,-1.38148,0.1,0.2,0.037037,0,0.166667,0.5
1,113,-0.750933,1.7038,1.08601,0.142857,1,0.0869565,1,0,0.6
1,113,2.62825,-1.0796,0.757476,1,0.125,0.0434783,1,0,0.7
0,113,0.696657,-0.0946566,1.02873,0.5,0.166667,0.0740741,0,0,0.8
0,113,0.230298,-1.15495,-0.340526,0.333333,0.111111,0.0333333,0,0,0.9
0,113,0.0300811,0.659346,1.35425,0.25,0.333333,0.09375,0,0,1
0,114,-0.760499,-0.748405,-1.01867,0.125,0.125,0.0666667,0,0.166667,0.1
0,114,0.118887,-0.219411,0.15171,0.2,0.2,0.0925926,1,0.166667,0.2
1,114,0.357668,-0.31048,0.157991,0.25,0.166667,0.0681818,1,0,0.3
0,114,-0.465121,-0.57259,-0.640186,0.142857,0.142857,0.111111,0,0,0.4
0,114,-0.319891,0.0476035,0.371824,0.166667,0.333333,0.0862069,0,0.166667,0.5
0,114,-1.35729,0.0157768,-0.588483,0.1,0.25,0.105263,0,0.166667,0.6
0,114,-1.30627,-0.974454,-1.56468,0.111111,0.1,0.0952381,0,0.166667,0.7
0,114,0.59657,-0.796661,-0.196145,0.333333,0.111111,0.0769231,0,0,0.8
0,114,1.30394,2.50348,1.66332,0.5,1,0.0677966,1,0,0.9
1,114,1.83199,1.05514,1.66332,1,0.5,0.122807,0,0.166667,1
0,115,-0.62733,0.302636,-0.0498905,0.166667,0.2,0.0588235,1,1.33333,0.1
0,115,0.516843,0.444247,0.789982,0.333333,0.25,0.0909091,1,1.33333,0.2
0,115,-0.361095,-0.306158,-0.247347,0.2,0.142857,0.060241,1,1.33333,0.3
1,115,1.99112,1.98608,1.91536,1,1,0.0923077,1,1.33333,0.4
0,115,-0.341722,-1.78837,-0.595974,0.25,0.1,0.0704225,1,1.33333,0.5
0,115,-0.712656,0.582788,-0.198642,0.111111,0.333333,0.0571429,1,1.33333,0.6
0,115,-0.825546,-0.00620569,-1.0094,0.1,0.166667,0.06,1,1.33333,0.7
0,115,-0.70743,-0.786873,-1.03163,0.125,0.125,0.0666667,1,1.33333,0.8
0,115,-0.663513,-1.05789,-1.02608,0.142857,0.111111,0.0615385,1,1.33333,0.9
1,115,1.73133,0.629746,1.45362,0.5,0.5,0.139535,0,0,1
0,116,-0.433858,0.104186,-0.254123,0.142857,0.2,0.122449,1,0.166667,0.1
0,116,-0.0122083,0.794768,0.595981,0.2,0.333333,0.15,0,0,0.2
0,116,-0.211024,-0.673781,-0.66013,0.166667,0.125,0.105263,0,0,0.3
0,116,-1.26262,-0.287781,-1.03705,0.1,0.166667,0.0550459,1,0.333333,0.4
0,116,0.265804,0.842823,1.26378,0.333333,0.5,0.108108,1,0.333333,0.5
0,116,-0.859056,-1.38748,-1.43682,0.125,0.1,0.109091,0,0,0.6
0,116,-1.17794,0.401939,-0.426571,0.111111,0.25,0.0674157,1,0.333333,0.7
0,116,0.256476,-1.32746,-0.426571,0.25,0.111111,0.107692,0,0.166667,0.8
1,116,1.79875,2.00873,1.96783,1,1,0.269231,1,0.166667,0.9
1,116,1.63567,-0.475954,0.413673,0.5,0.142857,0.0967742,1,0.5,1
0,117,1.06459,-0.343038,0.264677,0.5,0.125,0.0847458,0,0,0.1
0,117,0.288914,-0.292264,0.22467,0.333333,0.142857,0.0701754,0,0.166667,0.2
0,117,2.20809,0.453943,1.56101,1,0.25,0.138889,0,0,0.3
1,117,0.00294384,-0.0666847,-0.0625844,0.2,0.166667,0.0740741,1,0.166667,0.4
0,117,-0.612879,1.61786,0.320847,0.111111,1,0.0517241,0,0,0.5
0,117,-0.307091,0.911033,0.752784,0.166667,0.5,0.0412371,0,0,0.6
0,117,-0.428255,-0.860672,-1.28715,0.142857,0.111111,0.0645161,0,0,0.7
1,117,-1.7156,-2.20467,-2.21455,0.1,0.1,0.0208333,0,0,0.8
0,117,0.05422,0.0531941,0.456029,0.25,0.2,0.037037,1,0.333333,0.9
0,117,-0.554929,0.731293,-0.0157404,0.125,0.333333,0.0347826,1,0,1
0,118,1.02726,-0.0393458,0.985177,0.5,0.166667,0.0897436,0,0,0.1
0,118,0.891832,-0.439412,0.294029,0.333333,0.142857,0.0985915,0,0,0.2
1,118,0.731169,-2.24258,-0.978406,0.25,0.1,0.0833333,1,0,0.3
0,118,-0.152214,0.940823,1.3642,0.166667,1,0.16,1,0.166667,0.4
0,118,-0.626494,0.549929,-0.406068,0.142857,0.2,0.122449,0,0,0.5
1,118,1.53719,-0.54758,0.725405,1,0.125,0.142857,1,0.166667,0.6
0,118,-1.10568,-0.923739,-1.99913,0.125,0.111111,0.103448,0,0,0.7
0,118,-1.50059,0.929319,-0.255902,0.1,0.5,0.060241,0,0,0.8
0,118,0.319834,0.90686,0.952328,0.2,0.333333,0.107692,0,0,0.9
0,118,-1.12231,0.865723,-0.681626,0.111111,0.25,0.0612245,0,0,1
0,119,-0.845394,0.461689,-0.389024,0.111111,0.25,0.0576923,0,0,0.1
0,119,-1.00743,-1.22905,-1.65409,0.1,0.1,0.0344828,0,0,0.2
0,119,-0.832718,-1.06556,-1.14096,0.125,0.111111,0.0535714,0,0,0.3
0,119,-0.172594,-1.0092,-0.411322,0.2,0.125,0.0300752,1,0.166667,0.4
0,119,1.03448,0.267488,0.752971,0.5,0.2,0.0625,0,0.166667,0.5
1,119,-0.76838,-0.857752,-0.607465,0.142857,0.142857,0.0769231,1,0.333333,0.6
0,119,2.132,0.604211,1.36885,1,0.333333,0.0615385,0,0.166667,0.7
0,119,-0.742444,-0.00436237,-0.237447,0.166667,0.166667,0.0535714,0,0,0.8
0,119,0.418247,0.731295,0.949632,0.25,0.5,0.0666667,1,0.166667,0.9
1,119,0.784232,2.10124,1.36885,0.333333,1,0.0967742,1,0,1
0,120,-0.0959124,0.841923,0.732161,0.2,0.5,0.0757576,0,0,0.1
1,120,1.95694,2.20931,1.74502,1,1,0.0704225,1,0,0.2
0,120,-1.59178,-1.1622,-1.60837,0.1,0.1,0.0481928,0,0,0.3
0,120,-0.923354,-0.97306,-1.27897,0.111111,0.111111,0.133333,0,0,0.4
0,120,0.231475,0.593827,0.917022,0.333333,0.333333,0.104167,0,0,0.5
0,120,0.179568,-0.772763,-0.208728,0.25,0.125,0.0641026,1,0.166667,0.6
0,120,-0.346624,-0.632939,-0.410781,0.142857,0.166667,0.0816327,0,0.166667,0.7
0,120,-0.0968147,0.573803,0.145772,0.166667,0.25,0.0617284,1,0.166667,0.8
0,120,1.42118,-0.0202583,0.732161,0.5,0.2,0.142857,0,0,0.9
1,120,-0.734673,-0.65764,-0.765281,0.125,0.142857,0.0769231,1,0.166667,1
0,121,-2.01839,-0.76426,-1.48386,0.1,0.142857,0.0625,0,0,0.1
0,121,-0.797361,1.02443,-0.244235,0.111111,0.333333,0.133333,0,0.333333,0.2
0,121,-0.176356,0.411881,-0.0613416,0.166667,0.2,0.184211,0,0,0.3
1,121,1.47534,1.0465,1.78726,0.5,0.5,0.142857,0,0.333333,0.4
0,121,0.349349,1.48548,1.79627,0.333333,1,0.130435,0,0.666667,0.5
0,121,-0.210446,0.00882338,-0.554367,0.142857,0.166667,0.107143,0,0.5,0.6
0,121,0.197258,-1.40546,-0.732765,0.25,0.1,0.0892857,0,0,0.7
1,121,1.64631,-1.39967,0.314476,1,0.111111,0.12766,1,0,0.8
0,121,-0.061746,-0.866209,-0.539756,0.2,0.125,0.0886076,0,0.5,0.9
0,121,-0.403963,0.458489,-0.281688,0.125,0.25,0.12069,0,0,1
0,122,0.245578,0.500827,0.325557,0.25,0.2,0.105263,0,0,0.1
0,122,0.249232,0.853131,1.10158,0.333333,0.5,0.119403,1,0.5,0.2
0,122,0.228813,0.711815,0.51949,0.2,0.333333,0.136364,1,0.5,0.3
0,122,-0.203267,0.504469,0.143287,0.166667,0.25,0.111111,1,0.5,0.4
1,122,-1.01939,-1.45799,-1.41906,0.111111,0.1,0.0819672,1,0,0.5
0,122,-0.271673,-1.08326,-0.752234,0.142857,0.125,0.0933333,0,0,0.6
1,122,2.4848,1.8477,1.71527,1,1,0.2,1,0.833333,0.7
0,122,-0.953232,-0.444053,-0.752234,0.125,0.142857,0.0921053,1,0.5,0.8
0,122,0.425363,-0.314091,0.537409,0.5,0.166667,0.105263,0,0,0.9
0,122,-1.18623,-1.11855,-1.41906,0.1,0.111111,0.104167,1,0.833333,1
0,123,-0.847594,-0.270123,-0.567045,0.111111,0.2,0.0444444,0,0,0.1
1,123,2.646,1.40751,1.52807,1,0.5,0.173913,1,0,0.2
1,123,0.794655,2.34104,1.52807,0.5,1,0.12766,0,0,0.3
0,123,-0.0369979,-0.340961,0.341591,0.333333,0.166667,0.0746269,0,0,0.4
0,123,-0.849298,-0.954655,-1.60145,0.1,0.1,0.0357143,1,0.166667,0.5
0,123,-0.657859,-0.814243,-0.930798,0.142857,0.111111,0.0410959,0,0,0.6
0,123,-0.0853933,-0.0894297,0.716626,0.25,0.333333,0.0480769,0,0,0.7
0,123,-0.663466,-0.768808,-0.935838,0.125,0.125,0.04,0,0.333333,0.8
0,123,-0.170724,-0.104155,0.145144,0.166667,0.25,0.0612245,0,0.5,0.9
0,123,-0.129319,-0.40617,-0.224379,0.2,0.142857,0.0519481,0,0.333333,1
0,124,-0.59677,-0.763649,-0.753558,0.142857,0.125,0.0857143,0,0,0.1
1,124,1.01887,0.55542,1.30406,0.5,0.5,0.172414,1,0.166667,0.2
0,124,-0.949927,0.104888,-0.372478,0.111111,0.25,0.0704225,1,0.166667,0.3
0,124,-0.92459,-0.968705,-1.09244,0.125,0.111111,0.0795455,0,0,0.4
0,124,-0.378033,-0.626848,-0.404488,0.166667,0.142857,0.145455,1,0,0.5
0,124,0.470092,0.440589,0.708701,0.25,0.333333,0.115942,1,0,0.6
0,124,-0.104614,-0.0666275,-0.0447573,0.2,0.166667,0.0824742,0,0,0.7
1,124,2.01664,2.48223,1.71829,1,1,0.225,0,0,0.8
0,124,0.785929,0.0281073,0.520404,0.333333,0.2,0.216216,1,0.333333,0.9
0,124,-1.3376,-1.18541,-1.58374,0.1,0.1,0.0638298,0,0,1
0,125,0.239411,-0.473164,-0.0342615,0.25,0.142857,0.173077,0,0,0.1
0,125,-0.277191,1.55908,0.946308,0.2,1,0.235294,0,0.833333,0.2
1,125,1.50811,1.54374,1.3297,0.5,0.5,0.25,0,0.833333,0.3
0,125,-0.432639,-0.338951,-0.231818,0.166667,0.166667,0.150943,0,0,0.4
1,125,2.01146,0.817514,1.3364,1,0.333333,0.175439,1,0,0.5
0,125,-1.34818,-0.870702,-1.27928,0.1,0.125,0.125,1,0,0.6
0,125,-0.450326,0.156855,-0.22626,0.142857,0.2,0.163265,0,0.833333,0.7
0,125,-0.576984,-1.39591,-1.27928,0.125,0.1,0.117647,0,0.833333,0.8
0,125,0.286908,0.189709,0.722635,0.333333,0.25,0.145161,0,0.833333,0.9
0,125,-0.960572,-1.18817,-1.28414,0.111111,0.111111,0.21875,0,0.833333,1
0,126,0.0243752,-0.273414,0.151558,0.25,0.166667,0.230769,0,0,0.1
0,126,-0.861321,0.397722,0.199859,0.125,0.5,0.136364,0,0,0.2
0,126,-0.448629,-0.550585,-0.61412,0.142857,0.142857,0.122222,0,0,0.3
0,126,-0.336813,-0.798128,-0.784892,0.166667,0.111111,0.0982143,0,0,0.4
0,126,-0.928302,-1.44081,-1.67221,0.1,0.1,0.0824742,1,0.166667,0.5
0,126,-0.922009,-0.590757,-1.15346,0.111111,0.125,0.0747664,1,0.166667,0.6
1,126,0.692893,0.288675,0.960036,0.5,0.25,0.1375,1,0,0.7
0,126,-0.296925,0.343541,0.549476,0.2,0.333333,0.107843,1,0,0.8
1,126,2.5206,2.48631,1.81428,1,1,0.233333,0,0,0.9
0,126,0.55613,0.137447,0.549476,0.333333,0.2,0.157895,0,0,1
1,127,2.66034,1.97912,2.12299,1,1,0.241379,1,0.5,0.1
0,127,-0.0430053,-0.399902,0.177346,0.25,0.166667,0.109375,1,1.16667,0.2
0,127,-0.954793,-0.272083,-0.893224,0.1,0.2,0.117647,0,0.666667,0.3
0,127,0.679535,-0.540492,0.446289,0.5,0.142857,0.0952381,0,0,0.4
0,127,0.0394204,-1.14812,-0.420548,0.333333,0.1,0.122449,0,0.666667,0.5
0,127,-0.832197,-0.837581,-1.34973,0.111111,0.125,0.138889,0,0.666667,0.6
0,127,-0.811436,-0.957921,-1.34973,0.125,0.111111,0.142857,0,0.666667,0.7
0,127,-0.224854,-0.0563618,0.177346,0.166667,0.25,0.0789474,1,0.5,0.8
1,127,-0.177016,0.869112,0.642972,0.2,0.333333,0.0757576,1,0,0.9
0,127,-0.335998,1.36423,0.446289,0.142857,0.5,0.0521739,1,0.5,1
0,128,-0.656875,-0.743869,-1.25153,0.111111,0.111111,0.08,0,0,0.1
0,128,-0.314108,-0.487991,-0.0444782,0.2,0.166667,0.0721649,1,0.166667,0.2
0,128,1.45977,0.649386,1.29593,0.5,0.5,0.117647,1,0.166667,0.3
0,128,-0.633039,0.0851638,-0.0333913,0.142857,0.25,0.0923077,0,0,0.4
0,128,-0.651383,-0.634324,-0.748859,0.125,0.142857,0.115385,0,0,0.5
0,128,-0.375169,-0.954745,-0.899895,0.166667,0.1,0.116667,1,0.333333,0.6
0,128,-0.295387,-0.393745,0.324096,0.25,0.2,0.0933333,1,0.333333,0.7
0,128,0.294234,0.547827,0.897344,0.333333,0.333333,0.137255,1,0.333333,0.8
1,128,-1.07423,-0.637538,-1.24679,0.1,0.125,0.0980392,1,0,0.9
1,128,2.24618,2.56984,1.70757,1,1,0.23913,1,0.333333,1
0,129,0.770745,0.453537,1.09309,0.333333,0.333333,0.0707965,0,0,0.1
0,129,-0.62218,-2.19001,-1.31064,0.142857,0.1,0.103448,0,0,0.2
0,129,-0.513774,0.193083,-0.275215,0.166667,0.166667,0.102941,0,0.5,0.3
0,129,-1.14147,0.744886,-0.169282,0.1,0.5,0.0714286,0,0.166667,0.4
0,129,0.349875,0.423237,0.622738,0.25,0.25,0.12,0,0.5,0.5
0,129,-0.852118,-1.5741,-1.32244,0.125,0.111111,0.0681818,1,0,0.6
1,129,1.2183,1.23586,1.82935,0.5,1,0.134328,0,0.5,0.7
1,129,1.97021,0.11495,0.479862,1,0.125,0.118421,1,0,0.8
0,129,-0.0693505,0.420517,0.166854,0.2,0.2,0.131148,0,0.5,0.9
0,129,-1.11024,0.178042,-1.11431,0.111111,0.142857,0.0882353,0,0.166667,1
0,130,-0.724888,0.806758,-0.206813,0.111111,0.333333,0.217391,1,0.5,0.1
0,130,-0.179825,-0.548427,-0.238528,0.25,0.125,0.106667,0,0,0.2
0,130,-0.746557,-0.53098,-1.2565,0.1,0.142857,0.142857,1,0.5,0.3
0,130,-0.367552,-0.978913,-0.650804,0.2,0.111111,0.129032,0,0,0.4
0,130,-0.426462,-1.49163,-1.05092,0.166667,0.1,0.112676,0,0,0.5
1,130,2.70719,1.50844,1.75379,1,0.5,0.268293,1,0,0.6
0,130,-0.0783928,-0.154252,0.603953,0.333333,0.2,0.142857,0,0,0.7
1,130,0.841194,1.74907,1.75379,0.5,1,0.193548,1,0.5,0.8
0,130,-0.501033,-0.462836,-0.469427,0.142857,0.166667,0.0679612,0,0,0.9
0,130,-0.523673,0.102781,-0.238528,0.125,0.25,0.109375,1,0.5,1
0,131,-1.1097,0.557328,-1.02887,0.1,0.2,0.0634921,1,0.5,0.1
0,131,-1.07211,0.72412,-0.253611,0.111111,0.333333,0.105263,1,1,0.2
0,131,0.00197059,0.952932,1.02602,0.2,0.5,0.0892857,1,1.16667,0.3
1,131,1.81448,1.21627,2.44539,1,1,0.0952381,1,0,0.4
0,131,1.71374,-1.31207,0.0317901,0.5,0.111111,0.111111,1,1,0.5
0,131,-0.675236,0.561447,-0.292503,0.125,0.25,0.0740741,1,1.16667,0.6
0,131,0.310465,-2.06764,-0.484414,0.333333,0.1,0.0821918,1,1,0.7
1,131,-0.596445,-0.322177,-0.57565,0.166667,0.142857,0.0704225,1,1,0.8
0,131,0.25746,0.241036,0.204279,0.25,0.166667,0.0895522,1,1.16667,0.9
0,131,-0.644622,-0.551251,-1.07243,0.142857,0.125,0.0806452,0,0,1
0,132,-0.25575,0.402357,0.576522,0.25,0.25,0.102804,1,1,0.1
0,132,0.0679087,-1.36742,-0.156719,0.5,0.1,0.122222,0,0.666667,0.2
0,132,0.0188299,0.441335,1.01197,0.333333,0.333333,0.12987,1,0.666667,0.3
0,132,-0.311583,-0.0174027,0.154471,0.2,0.2,0.125,0,0.666667,0.4
0,132,-0.32107,1.58873,0.603339,0.166667,0.5,0.15625,1,0.833333,0.5
0,132,-0.818651,-0.732416,-1.40605,0.1,0.125,0.131148,1,1.33333,0.6
0,132,-0.412309,-0.443215,-0.645997,0.125,0.166667,0.10101,1,0.833333,0.7
1,132,-0.361039,-0.985607,-1.03162,0.142857,0.111111,0.189655,1,0.666667,0.8
0,132,-0.519866,-0.652463,-1.03162,0.111111,0.142857,0.0869565,1,0.666667,0.9
1,132,2.91353,1.76611,1.9257,1,1,0.333333,1,0,1
0,133,1.28711,-1.96379,-0.184827,0.5,0.1,0.0833333,0,0,0.1
0,133,-0.617523,-1.11215,-0.741181,0.2,0.111111,0.0543478,0,0,0.2
0,133,-0.66792,0.0962622,-0.768744,0.142857,0.142857,0.0649351,0,0.166667,0.3
0,133,-0.942431,-0.995039,-1.65823,0.1,0.125,0.0943396,0,0.5,0.4
0,133,-0.750854,0.732905,-0.0148782,0.125,0.333333,0.1,1,0.5,0.5
0,133,-0.625435,0.211254,-0.0591561,0.166667,0.2,0.0342466,0,0,0.6
1,133,0.0669209,0.137215,0.189717,0.25,0.166667,0.0759494,0,0.666667,0.7
1,133,1.90859,1.41361,2.27108,1,1,0.122807,0,0.5,0.8
0,133,-0.821009,1.06664,0.029524,0.111111,0.5,0.0346821,0,0,0.9
0,133,1.16255,0.413093,0.936696,0.333333,0.25,0.0555556,0,0,1
0,134,-0.856375,-1.03167,-1.24703,0.111111,0.111111,0.106383,0,0,0.1
0,134,-0.771202,-0.802546,-0.40052,0.166667,0.142857,0.112676,1,0.333333,0.2
0,134,0.912704,0.814692,1.09269,0.5,0.333333,0.242424,1,0.166667,0.3
0,134,-0.95098,-0.709856,-0.896658,0.1,0.166667,0.131148,0,0.166667,0.4
1,134,2.28175,1.79944,1.70143,1,1,0.259259,0,0,0.5
1,134,0.422945,1.18345,1.09269,0.333333,0.5,0.197183,0,0,0.6
0,134,-0.846698,-0.856048,-0.916409,0.125,0.125,0.177778,1,0.166667,0.7
0,134,0.323902,0.384852,0.322931,0.25,0.2,0.164835,1,0.166667,0.8
0,134,0.28707,0.414609,0.322931,0.2,0.25,0.203704,1,0,0.9
0,134,-0.803117,-1.19691,-1.07206,0.142857,0.1,0.125,0,0,1
0,135,-0.163185,0.137577,0.187777,0.25,0.166667,0.116883,0,0,0.1
1,135,-0.312211,-2.31255,-1.18462,0.166667,0.1,0.0588235,1,0,0.2
0,135,-0.697292,1.05377,0.24762,0.125,0.5,0.135593,0,0,0.3
0,135,-0.556637,0.431967,-0.0439564,0.142857,0.25,0.0625,0,0.166667,0.4
0,135,-0.194215,0.773773,0.680788,0.2,0.333333,0.0865385,0,0,0.5
0,135,1.90162,1.11485,2.24785,1,1,0.123457,0,0,0.6
1,135,1.87468,-1.04003,0.029222,0.5,0.111111,0.125,0,0,0.7
0,135,0.0897055,-0.00388002,0.210191,0.333333,0.142857,0.118421,0,0,0.8
0,135,-0.879299,-0.525405,-1.42911,0.111111,0.125,0.0875,0,0.166667,0.9
0,135,-1.06317,0.369924,-0.945758,0.1,0.2,0.0707071,0,0,1
0,136,-0.325888,1.57238,1.37504,0.333333,1,0.217391,1,1.5,0.1
0,136,-0.436156,0.195608,-0.232803,0.142857,0.2,0.15625,1,1.5,0.2
1,136,2.32839,1.02984,1.58544,1,0.5,0.133333,1,1.5,0.3
1,136,1.5458,-1.17125,0.198587,0.5,0.125,0.126582,1,1.5,0.4
0,136,-0.382399,-0.261481,-0.232803,0.2,0.142857,0.16129,1,1.5,0.5
0,136,-0.504592,-1.21468,-1.32127,0.111111,0.111111,0.120482,1,1.5,0.6
0,136,-0.461952,0.0927736,-0.604746,0.125,0.166667,0.142857,1,1.5,0.7
0,136,-0.394,0.659684,0.150593,0.166667,0.25,0.175439,1,1.5,0.8
0,136,-0.989435,-1.60507,-1.66157,0.1,0.1,0.0720721,1,1.5,0.9
0,136,-0.379766,0.702196,0.74353,0.25,0.333333,0.185185,1,1.5,1
0,137,-1.0339,-1.40268,-1.59484,0.1,0.1,0.104167,1,0.666667,0.1
0,137,-1.03171,-1.27338,-1.26821,0.111111,0.111111,0.147059,1,0.666667,0.2
0,137,1.41098,1.37042,1.3132,0.5,0.5,0.0849057,0,0,0.3
0,137,-0.768131,0.0713277,-0.206972,0.125,0.25,0.12069,0,0,0.4
0,137,-0.727007,-0.171749,-0.407323,0.142857,0.166667,0.1,1,0.666667,0.5
1,137,1.65139,0.783911,1.31982,1,0.333333,0.13253,0,0,0.6
0,137,-0.192143,-0.679089,-0.396588,0.2,0.125,0.103448,0,0,0.7
1,137,-0.519445,-0.435121,-0.407323,0.166667,0.142857,0.122449,1,0.666667,0.8
0,137,1.30903,1.79713,1.31982,0.333333,1,0.114286,1,0,0.9
0,137,-0.0990706,-0.0607722,0.328416,0.25,0.2,0.155172,1,0.666667,1
0,138,-0.319977,0.103264,0.19718,0.2,0.2,0.108434,1,0.833333,0.1
0,138,2.54537,0.278973,1.59703,1,0.25,0.235294,0,0,0.2
0,138,0.103891,-0.148817,0.483266,0.333333,0.166667,0.0825688,0,0,0.3
1,138,0.926693,-0.870063,0.0319556,0.5,0.111111,0.103448,0,0,0.4
0,138,-0.564151,-1.55277,-1.79481,0.125,0.1,0.0898876,1,0.833333,0.5
0,138,0.0980937,-0.866634,-0.294026,0.25,0.125,0.153846,1,1,0.6
1,138,-0.763077,0.421185,-0.254932,0.111111,0.333333,0.166667,1,1,0.7
0,138,-1.09921,-0.599356,-1.54885,0.1,0.142857,0.0695652,1,0.5,0.8
0,138,-0.479055,1.29812,0.516742,0.142857,0.5,0.0408163,1,0.833333,0.9
0,138,-0.448576,1.93609,1.06645,0.166667,1,0.210526,1,1,1
0,139,0.828701,0.451594,0.386637,0.25,0.2,0.104478,0,0.333333,0.1
0,139,-1.58927,0.131281,-1.28355,0.1,0.142857,0.102564,0,0,0.2
0,139,1.07255,0.284576,0.400488,0.333333,0.166667,0.108108,0,0.333333,0.3
1,139,1.11443,-2.69795,-0.165783,0.5,0.1,0.038961,1,0.666667,0.4
0,139,-1.37565,-0.52301,-1.49304,0.111111,0.111111,0.104167,1,0.333333,0.5
1,139,1.23635,0.67427,1.79154,1,0.5,0.101266,0,0.333333,0.6
0,139,0.00998779,0.604372,0.400488,0.166667,0.333333,0.179487,0,0,0.7
0,139,-0.655085,0.462363,-0.0398349,0.142857,0.25,0.0983607,1,0.5,0.8
0,139,0.0906135,0.986001,1.10025,0.2,1,0.212121,1,0.5,0.9
0,139,-0.732625,-0.3735,-1.09719,0.125,0.125,0.12,1,0.666667,1
1,140,1.27059,-0.0489152,0.839395,0.5,0.2,0.0697674,0,0,0.1
0,140,0.529355,-0.0674963,0.393316,0.333333,0.166667,0.12766,1,0,0.2
0,140,-0.307393,-0.0735718,-0.258355,0.2,0.142857,0.1,0,0,0.3
0,140,2.09943,2.47608,2.0006,1,1,0.0595238,1,0,0.4
0,140,-0.00044032,-0.729735,-0.433675,0.25,0.111111,0.078125,0,0,0.5
0,140,-0.619015,-1.57626,-1.46074,0.125,0.1,0.0581395,0,0,0.6
0,140,-0.32911,0.158441,0.187072,0.142857,0.333333,0.142857,0,0,0.7
0,140,-0.766942,-0.0425776,-0.433675,0.111111,0.25,0.0816327,0,0,0.8
1,140,-1.5559,-0.683613,-1.46074,0.1,0.125,0.0952381,1,0,0.9
0,140,-0.320572,0.587651,0.626805,0.166667,0.5,0.0980392,0,0,1
0,141,-1.29265,-0.757331,-1.65416,0.1,0.125,0.0588235,0,0.666667,0.1
0,141,-0.331584,-0.841078,-1.21365,0.142857,0.111111,0.030303,0,0,0.2
1,141,-0.270206,0.0194036,0.189251,0.166667,0.25,0.056338,1,0,0.3
0,141,-0.794759,2.45508,0.522639,0.125,1,0.115385,0,0.666667,0.4
0,141,0.156183,-0.59974,0.211842,0.333333,0.142857,0.115385,0,0.666667,0.5
0,141,0.00618859,0.841748,0.950539,0.2,0.5,0.0645161,0,0,0.6
0,141,1.63974,-0.356926,0.709801,0.5,0.166667,0.0526316,0,0,0.7
1,141,1.87687,0.547293,1.72802,1,0.333333,0.0340136,1,0,0.8
0,141,0.133135,-1.06656,-0.704922,0.25,0.1,0.12,0,0.666667,0.9
0,141,-1.12291,-0.24189,-0.73936,0.111111,0.2,0.0833333,0,0.666667,1
1,142,1.12108,1.0721,1.29176,0.5,0.5,0.0909091,1,0.333333,0.1
0,142,-0.644383,-0.220186,-0.746454,0.125,0.142857,0.0571429,0,0,0.2
0,142,-0.789147,-1.36424,-1.40816,0.111111,0.1,0.0634921,1,0,0.3
0,142,2.30042,0.641044,1.29828,1,0.333333,0.0967742,1,0.333333,0.4
1,142,0.166416,0.0543577,0.323055,0.25,0.2,0.0677966,1,0.333333,0.5
0,142,-0.63335,-0.159502,-0.400675,0.142857,0.166667,0.0377358,1,0.333333,0.6
0,142,-1.3413,-1.1226,-1.40816,0.1,0.111111,0.0209424,0,0,0.7
0,142,-0.357598,0.240695,0.142186,0.166667,0.25,0.0588235,1,0.333333,0.8
0,142,-0.0553928,-1.12246,-0.390115,0.2,0.125,0.0373134,0,0,0.9
0,142,0.233261,1.9808,1.29828,0.333333,1,0.0851064,1,0.333333,1
0,143,-1.04994,0.0253592,-0.55619,0.111111,0.2,0.0652174,0,0.833333,0.1
0,143,-0.206639,0.0926861,0.323464,0.2,0.25,0.126984,0,0,0.2
1,143,1.97408,2.02866,1.70424,1,1,0.125,1,0.333333,0.3
0,143,-1.20346,-1.29734,-1.57079,0.1,0.1,0.0517241,0,0.5,0.4
0,143,0.888093,0.890572,0.895594,0.333333,0.333333,0.133333,0,0.333333,0.5
0,143,0.131313,-0.356413,0.142366,0.25,0.166667,0.122807,0,0.166667,0.6
0,143,-0.87466,-0.622844,-0.917923,0.125,0.125,0.0759494,0,0.166667,0.7
0,143,-0.390169,-1.20987,-0.737288,0.166667,0.111111,0.109589,0,0.5,0.8
0,143,-0.505784,-0.587643,-0.576874,0.142857,0.142857,0.0952381,0,0.5,0.9
1,143,1.23717,1.03684,1.2934,0.5,0.5,0.166667,1,0,1
0,144,0.6887,0.0417575,0.682976,0.333333,0.25,0.206897,1,0.833333,0.1
0,144,-0.932619,-0.907695,-1.05278,0.125,0.111111,0.09375,0,0.333333,0.2
0,144,-0.350943,-0.590458,-0.213843,0.2,0.142857,0.0735294,0,0,0.3
0,144,0.415519,0.60297,0.682976,0.25,0.333333,0.0657895,1,0.666667,0.4
0,144,-0.632844,-0.0599955,-0.0431327,0.166667,0.2,0.0735294,0,0,0.5
1,144,1.44144,1.67127,1.25672,0.5,0.5,0.150943,1,0.666667,0.6
0,144,-0.673599,-0.334852,-0.389806,0.142857,0.166667,0.0833333,1,0.833333,0.7
0,144,-0.935991,-0.675664,-1.05278,0.111111,0.125,0.0789474,1,0.833333,0.8
1,144,1.91697,1.71769,1.65592,1,1,0.101449,1,0.166667,0.9
0,144,-0.936629,-1.46502,-1.52625,0.1,0.1,0.0882353,0,0,1
1,145,1.6448,-1.08729,0.0302893,0.5,0.111111,0.0519481,1,0,0.1
0,145,-1.13935,0.801488,-0.241639,0.111111,0.333333,0.0689655,1,0.833333,0.2
0,145,0.404323,0.250708,0.705654,0.333333,0.2,0.138889,1,0.166667,0.3
0,145,-1.06003,0.3274,-0.278694,0.125,0.25,0.0952381,1,0.833333,0.4
0,145,-0.246896,1.20366,0.729994,0.166667,0.5,0.0434783,1,0.833333,0.5
0,145,-1.24974,-1.66837,-2.1475,0.1,0.1,0.0412371,0,0,0.6
1,145,1.67871,0.0687582,1.01084,1,0.166667,0.0833333,1,0.833333,0.7
0,145,-0.413936,-0.579315,-0.788672,0.142857,0.142857,0.0485437,1,0.833333,0.8
0,145,0.300966,1.6063,1.51375,0.25,1,0.1,0,0,0.9
0,145,0.0811405,-0.923349,-0.53402,0.2,0.125,0.0722892,1,1,1
0,146,0.262001,0.882133,1.00106,0.25,0.5,0.0487805,1,0.5,0.1
0,146,-0.991897,-0.42131,-0.795954,0.1,0.2,0.0638298,1,0.5,0.2
0,146,0.139524,-0.596569,-0.433596,0.2,0.125,0.0714286,0,0,0.3
0,146,-0.685495,-0.430271,-0.445333,0.166667,0.142857,0.0444444,1,0.5,0.4
1,146,1.54619,2.47574,1.66377,0.5,1,0.157895,0,0,0.5
1,146,1.75147,-0.423307,0.820748,1,0.166667,0.142857,0,0.166667,0.6
0,146,0.710868,0.0723208,0.780264,0.333333,0.25,0.0733945,1,0.5,0.7
0,146,-0.917977,-0.604559,-1.20275,0.125,0.111111,0.131579,1,0.166667,0.8
0,146,-0.958378,-1.3044,-1.56511,0.111111,0.1,0.15,0,0.166667,0.9
0,146,-0.856309,0.350229,0.176898,0.142857,0.333333,0.117647,1,0.166667,1
0,147,1.85714,-1.18844,0.284627,1,0.111111,0.169492,1,1,0.1
1,147,1.54053,-0.895924,0.234798,0.5,0.125,0.09375,1,0,0.2
0,147,-0.727728,0.632267,0.178054,0.166667,0.25,0.103896,1,1,0.3
0,147,-0.859355,-1.33918,-1.76337,0.111111,0.1,0.130435,0,0,0.4
0,147,-0.240428,0.953742,0.645536,0.2,0.333333,0.175439,1,1,0.5
0,147,-0.7633,-0.628819,-0.715019,0.125,0.166667,0.134328,0,0,0.6
0,147,-0.74767,0.515438,-0.275253,0.142857,0.2,0.163636,1,1,0.7
0,147,-1.08715,-0.704285,-1.34301,0.1,0.142857,0.122807,1,1,0.8
1,147,0.51697,1.33129,1.62578,0.333333,1,0.125,1,1,0.9
0,147,0.510985,1.3239,1.12787,0.25,0.5,0.12381,1,1,1
1,148,-0.271545,0.958534,0.886552,0.2,0.5,0.0967742,1,0.5,0.1
0,148,1.13369,-1.02741,0.0274689,0.5,0.111111,0.104167,0,0,0.2
0,148,-0.162289,-0.530032,-0.0413192,0.25,0.142857,0.163265,0,0,0.3
0,148,-0.536257,0.822233,0.197581,0.142857,0.333333,0.1,0,0,0.4
0,148,-0.825619,-0.0737672,-0.914121,0.111111,0.166667,0.0686275,1,0.5,0.5
0,148,-0.287446,-1.36669,-1.11355,0.166667,0.1,0.157895,0,0,0.6
0,148,-0.102381,2.06625,1.61169,0.333333,1,0.136364,1,0.666667,0.7
0,148,-0.591058,0.0414178,-0.484293,0.125,0.2,0.0714286,1,0.5,0.8
1,148,2.53222,0.0684198,1.37279,1,0.25,0.227273,1,0,0.9
0,148,-0.88931,-0.958953,-1.54281,0.1,0.125,0.0909091,1,0.166667,1
0,149,1.71943,0.286727,0.666779,0.5,0.166667,0.151515,0,0,0.1
0,149,-0.386792,1.05508,0.892926,0.2,0.5,0.223881,0,0,0.2
1,149,2.00917,-1.54666,0.0833261,1,0.1,0.206897,0,0,0.3
0,149,-0.723432,-1.28299,-1.35303,0.125,0.111111,0.148148,0,0,0.4
0,149,-0.918017,-0.345078,-1.34095,0.1,0.142857,0.1625,1,0,0.5
0,149,-0.0127166,0.472119,0.637142,0.25,0.25,0.220588,1,0.166667,0.6
1,149,0.324756,1.48693,1.62328,0.333333,1,0.333333,1,0,0.7
0,149,-0.689949,0.289307,-0.274831,0.142857,0.2,0.245902,1,0.333333,0.8
0,149,-0.793567,-1.21852,-1.35303,0.111111,0.125,0.152174,0,0,0.9
0,149,-0.528873,0.803096,0.418399,0.166667,0.333333,0.258621,1,0.166667,1
0,150,0.0829964,0.591487,0.965611,0.5,0.25,0.0704225,0,0,0.1
0,150,-0.93169,-0.899306,-1.33746,0.111111,0.111111,0.0576923,0,0,0.2
0,150,-0.50485,-0.136854,-0.982865,0.125,0.125,0.111111,0,0.333333,0.3
0,150,0.0650542,1.03264,1.39189,0.333333,1,0.108696,0,0,0.4
1,150,2.78925,-0.00774465,0.791687,1,0.166667,0.12,1,0,0.5
0,150,-0.133275,-0.0940736,-0.429565,0.166667,0.142857,0.111111,0,0.333333,0.6
0,150,-0.0301873,0.248759,0.346349,0.25,0.2,0.0980392,0,0,0.7
1,150,-0.240441,0.77459,0.170634,0.142857,0.333333,0.0952381,1,0,0.8
0,150,-0.0967471,0.969528,0.765641,0.2,0.5,0.0925926,0,0.333333,0.9
0,150,-1.00011,-2.47902,-1.68192,0.1,0.1,0.0566038,0,0,1
0,151,-0.239088,-0.311924,0.37989,0.25,0.2,0.129496,1,0.666667,0.1
0,151,-0.213654,-0.347992,0.3935,0.333333,0.166667,0.176991,1,0.666667,0.2
0,151,-0.667829,-0.563102,-1.07224,0.111111,0.142857,0.182796,0,0.166667,0.3
1,151,2.14934,2.11345,2.00154,1,1,0.274725,1,0,0.4
0,151,-0.378809,1.30315,0.627098,0.166667,0.5,0.266667,1,0.666667,0.5
0,151,-0.361471,0.582787,0.606189,0.2,0.333333,0.211765,0,0,0.6
0,151,-0.581563,0.179597,-0.239411,0.125,0.25,0.209877,1,0.833333,0.7
0,151,-0.940662,-0.884951,-1.46143,0.1,0.125,0.150538,1,0.666667,0.8
1,151,1.75116,-1.03192,0.0260199,0.5,0.111111,0.165289,1,0,0.9
0,151,-0.517428,-1.0391,-1.26115,0.142857,0.1,0.103226,1,0,1
1,152,1.76753,1.14786,1.40625,0.5,0.5,0.25,1,0.833333,0.1
0,152,-0.601961,-0.502486,-0.627207,0.142857,0.142857,0.118644,1,0.833333,0.2
0,152,-0.20612,-0.870031,-0.221637,0.25,0.125,0.0754717,0,0,0.3
0,152,-0.568443,0.00772403,0.561185,0.2,0.333333,0.0804598,1,0.833333,0.4
0,152,-0.596522,-0.874909,-0.976503,0.166667,0.1,0.0853659,0,0,0.5
0,152,-0.742019,-0.871839,-1.35807,0.111111,0.111111,0.142857,0,0,0.6
0,152,-0.661228,-0.394699,-0.621589,0.125,0.166667,0.0923077,0,0,0.7
1,152,1.93189,2.44625,1.85294,1,1,0.183099,1,0.833333,0.8
0,152,-0.875642,-0.00166303,-0.576552,0.1,0.25,0.178571,1,0.833333,0.9
0,152,0.552517,-0.086201,0.561185,0.333333,0.2,0.144928,1,0.833333,1
1,153,1.67108,0.134366,1.22708,1,0.25,0.1,1,0.5,0.1
0,153,-0.923573,-0.368616,-0.432889,0.125,0.2,0.0645161,0,0,0.2
0,153,0.753388,-0.737605,-0.195878,0.333333,0.111111,0.0833333,0,0,0.3
0,153,-1.2921,-0.689607,-1.37905,0.1,0.125,0.0888889,0,0,0.4
0,153,-0.318676,-0.618231,-0.444606,0.166667,0.142857,0.0930233,0,0,0.5
0,153,0.58409,0.481237,0.999423,0.25,0.5,0.113636,1,0.5,0.6
1,153,1.36882,2.67867,1.66106,0.5,1,0.222222,1,0.5,0.7
0,153,-0.78938,-0.792051,-1.19007,0.142857,0.1,0.0923077,0,0,0.8
0,153,-1.08486,-0.494725,-0.817094,0.111111,0.166667,0.0666667,0,0,0.9
0,153,0.0312072,0.406565,0.572019,0.2,0.333333,0.130435,1,0.5,1
0,154,-0.791958,1.10027,0.0296123,0.111111,0.5,0.0384615,1,0.166667,0.1
0,154,-1.80764,-1.81804,-2.0995,0.1,0.1,0.0215054,0,0,0.2
0,154,-0.400072,0.17835,-0.294162,0.142857,0.2,0.115385,0,0,0.3
0,154,1.11223,-0.750444,0.250928,0.5,0.125,0.0454545,0,0,0.4
1,154,1.84087,0.864695,1.73746,1,0.333333,0.0769231,1,0,0.5
0,154,0.902716,-0.59132,0.212999,0.333333,0.142857,0.0384615,0,0,0.6
1,154,-0.422441,0.0108086,-0.764138,0.125,0.166667,0.130435,1,0.166667,0.7
0,154,0.2744,-1.04542,-0.493781,0.25,0.111111,0.0416667,0,0,0.8
0,154,-0.354051,1.5711,1.2303,0.2,1,0.130435,0,0,0.9
0,154,-0.354051,0.480003,0.190285,0.166667,0.25,0.125,0,0,1
0,155,-0.46144,-1.75268,-1.11665,0.142857,0.1,0.129032,1,0.833333,0.1
0,155,0.117554,0.174858,0.53673,0.333333,0.2,0.169231,0,0,0.2
0,155,-0.44128,0.308193,0.148042,0.166667,0.25,0.0934579,1,0.833333,0.3
0,155,0.441202,0.95716,1.34497,0.5,0.5,0.111111,1,0.833333,0.4
1,155,2.79786,1.86611,1.77219,1,1,0.206897,1,0.833333,0.5
0,155,-0.387332,-0.0631399,-0.228859,0.2,0.142857,0.10101,0,0.333333,0.6
1,155,-0.582495,-0.484886,-1.12671,0.111111,0.125,0.145455,1,0.833333,0.7
0,155,-0.0570406,0.0639643,0.148042,0.25,0.166667,0.10989,0,0.333333,0.8
0,155,-0.863597,-1.42609,-1.46615,0.1,0.111111,0.133333,1,0.833333,0.9
0,155,-0.563433,0.356516,-0.0116099,0.125,0.333333,0.137931,0,0.333333,1
0,156,-0.732574,1.28009,0.383001,0.111111,1,0.177778,1,1.16667,0.1
1,156,2.71615,0.858006,2.18769,1,0.333333,0.0978261,1,1,0.2
0,156,-0.72632,1.24235,0.31595,0.125,0.5,0.181818,1,1.16667,0.3
0,156,-0.133384,-0.223328,-0.962148,0.166667,0.125,0.149254,1,1,0.4
0,156,0.235128,-0.0169728,0.898613,0.5,0.166667,0.0769231,1,1.16667,0.5
0,156,0.0163924,-1.04319,-0.936035,0.2,0.111111,0.0662252,1,0.333333,0.6
0,156,0.100525,0.0379618,0.544371,0.25,0.2,0.126582,1,1,0.7
1,156,-1.12124,0.160884,-0.892436,0.1,0.25,0.0933333,1,0.333333,0.8
0,156,0.100888,-2.21577,-0.568157,0.333333,0.1,0.145161,0,0.166667,0.9
0,156,-0.455562,-0.0800355,-0.970844,0.142857,0.142857,0.1,1,1,1
0,157,-0.762315,0.337768,-0.502598,0.111111,0.25,0.0531915,0,0.166667,0.1
0,157,-0.125122,-0.0123405,0.455825,0.333333,0.166667,0.146341,1,0,0.2
0,157,-0.538985,-0.902418,-0.777783,0.166667,0.125,0.0487805,0,0,0.3
0,157,-0.671014,0.4273,-0.0151892,0.125,0.333333,0.106383,1,0.166667,0.4
0,157,-0.207702,-0.775514,-0.299415,0.2,0.142857,0.125,0,0,0.5
0,157,-0.766981,0.0308885,-0.975505,0.1,0.2,0.0549451,0,0.166667,0.6
1,157,1.50432,2.00084,2.03908,0.5,1,0.145833,0,0,0.7
0,157,-0.13095,1.23178,1.22687,0.25,0.5,0.26087,0,0,0.8
0,157,-0.618286,-1.2955,-1.4609,0.142857,0.1,0.0666667,1,0.166667,0.9
1,157,2.31704,-1.04281,0.309611,1,0.111111,0.0754717,1,0,1
1,158,-0.92615,-0.243618,-1.53482,0.1,0.125,0.133333,1,0.666667,0.1
0,158,-0.534167,0.867425,0.413262,0.166667,0.333333,0.14,0,0.333333,0.2
0,158,-0.74626,-0.0968319,-1.12609,0.111111,0.142857,0.06,0,0,0.3
0,158,-0.717453,0.242633,-0.271457,0.142857,0.2,0.0526316,1,0.333333,0.4
1,158,2.26957,1.34487,2.10206,1,1,0.195122,1,0.666667,0.5
0,158,-0.139348,-1.98309,-0.884417,0.2,0.1,0.122449,1,0.333333,0.6
0,158,1.41956,0.0586737,0.658592,0.5,0.166667,0.111111,0,0,0.7
0,158,-0.743933,0.930317,0.23156,0.125,0.5,0.117647,1,0.5,0.8
0,158,0.199344,-1.53026,-0.218004,0.333333,0.111111,0.116279,1,0.166667,0.9
0,158,-0.0811604,0.409884,0.62932,0.25,0.25,0.0339806,0,0,1
0,159,0.235667,-0.281033,0.367547,0.333333,0.166667,0.10084,0,0,0.1
0,159,-0.342575,0.0484943,0.566209,0.2,0.333333,0.0689655,1,0,0.2
0,159,0.600335,-0.0779969,0.989271,0.5,0.25,0.136986,1,0,0.3
0,159,-0.470299,-0.296413,-0.632822,0.142857,0.142857,0.109756,1,0,0.4
0,159,-0.701234,-0.190652,-0.428491,0.125,0.2,0.109091,1,0.666667,0.5
0,159,-0.842735,-0.866306,-1.54668,0.1,0.111111,0.0618557,1,0.5,0.6
1,159,2.69978,2.82271,1.86953,1,1,0.32,1,0,0.7
0,159,-0.737901,-0.436816,-1.18859,0.111111,0.125,0.0721649,1,0.5,0.8
0,159,-0.458251,0.195225,0.58574,0.166667,0.5,0.125,1,0.5,0.9
1,159,0.0172125,-0.917213,-0.581714,0.25,0.1,0.0945946,1,0.166667,1
1,160,0.657564,0.0750809,0.577711,0.5,0.166667,0.302326,0,0,0.1
0,160,0.352737,0.197822,0.76051,0.333333,0.25,0.176471,0,0,0.2
0,160,-0.247462,-0.32369,-0.422618,0.2,0.125,0.207547,0,0,0.3
1,160,2.65582,2.16072,1.8439,1,1,0.311475,1,0,0.4
0,160,-0.697864,0.344811,-0.0120797,0.125,0.333333,0.150943,0,0,0.5
0,160,-0.322627,-0.761298,-0.797708,0.166667,0.111111,0.192982,0,0,0.6
0,160,-0.63133,0.112559,-0.238119,0.142857,0.2,0.186441,0,0,0.7
0,160,-0.741178,-0.168972,-0.987798,0.111111,0.142857,0.15873,0,0,0.8
0,160,-0.875827,-2.06393,-1.69951,0.1,0.1,0.134328,0,0,0.9
0,160,-0.149836,0.426896,0.975711,0.25,0.5,0.214286,0,0,1
1,161,2.34362,-2.3879,0.107565,1,0.1,0.0967742,0,0,0.1
0,161,-0.85042,0.576978,0.302633,0.125,0.5,0.148936,1,1.33333,0.2
0,161,0.167863,-0.0291975,-0.0715593,0.2,0.166667,0.111111,1,1.33333,0.3
0,161,-0.708117,-0.584144,-1.18851,0.166667,0.111111,0.112676,1,1.33333,0.4
0,161,-0.775505,-0.146668,-0.929924,0.142857,0.142857,0.0972222,1,1.33333,0.5
0,161,0.411423,-0.170498,-0.0179977,0.333333,0.125,0.0833333,1,1.33333,0.6
0,161,-0.878092,0.0905485,-0.896582,0.111111,0.2,0.112903,1,1.33333,0.7
0,161,0.386653,0.322409,0.82248,0.25,0.25,0.126582,1,1.33333,0.8
0,161,-0.931504,0.552126,-0.54421,0.1,0.333333,0.12,1,1.33333,0.9
1,161,0.834078,1.77634,2.41611,0.5,1,0.120482,1,1.33333,1
0,162,-0.228307,0.117316,-0.647916,0.125,0.166667,0.109375,1,1.16667,0.1
0,162,0.0616665,-0.116965,-0.647916,0.166667,0.125,0.177778,1,0.5,0.2
0,162,-0.0324017,0.553009,-0.0377687,0.142857,0.25,0.0754717,1,1,0.3
1,162,1.38087,0.872998,1.69862,1,0.5,0.163934,1,1.16667,0.4
1,162,-2.43708,-2.55534,-1.78018,0.1,0.1,0.0428571,0,0,0.5
0,162,0.785637,0.471259,0.81037,0.5,0.2,0.115942,1,1,0.6
0,162,-0.882049,0.692254,-0.200307,0.111111,0.333333,0.102941,1,1,0.7
0,162,0.65426,0.904927,1.4732,0.333333,1,0.15,1,1,0.8
0,162,0.225424,-0.0151097,-0.249421,0.2,0.142857,0.222222,1,1.16667,0.9
0,162,0.47198,-0.924346,-0.418679,0.25,0.111111,0.142857,0,0,1
0,163,-0.537358,0.808077,0.423784,0.166667,0.333333,0.116279,1,0.666667,0.1
0,163,-1.04264,-1.47862,-1.98678,0.1,0.1,0.056338,0,0,0.2
1,163,1.5913,1.83902,1.89575,0.5,1,0.14,1,0.666667,0.3
0,163,-0.599534,0.816628,0.45314,0.142857,0.5,0.0877193,1,0.666667,0.4
0,163,0.833312,0.11216,0.423784,0.333333,0.166667,0.0746269,1,0.666667,0.5
0,163,-0.392494,0.231961,0.409127,0.25,0.2,0.119048,0,0,0.6
1,163,1.93918,-1.2268,0.287848,1,0.111111,0.0444444,0,0,0.7
0,163,-0.71996,-0.482972,-1.15477,0.111111,0.142857,0.0549451,0,0,0.8
0,163,-0.411604,-1.05648,-0.494053,0.2,0.125,0.0493827,0,0,0.9
0,163,-0.660197,0.437029,-0.257837,0.125,0.25,0.057971,1,0.666667,1
0,164,-0.540622,0.691735,0.651385,0.2,0.333333,0.0666667,0,0,0.1
0,164,-0.664524,-0.230464,-1.36739,0.111111,0.125,0.0533333,0,0,0.2
0,164,-0.617345,0.893075,0.452129,0.142857,0.5,0.0392157,0,0,0.3
1,164,2.16706,0.521832,1.39734,1,0.25,0.1,0,0,0.4
0,164,0.782519,-1.14564,-0.223056,0.333333,0.111111,0.0449438,1,0,0.5
0,164,-0.55366,1.09245,0.933099,0.166667,1,0.0816327,0,0,0.6
0,164,-0.650186,0.479154,-0.49295,0.125,0.2,0.0533333,0,0,0.7
0,164,0.923868,0.224166,0.673854,0.5,0.166667,0.0304878,0,0,0.8
0,164,0.480573,-0.162785,-0.0420579,0.25,0.142857,0.0462963,0,0,0.9
1,164,-1.32769,-2.36352,-1.98235,0.1,0.1,0.0307692,0,0,1
0,165,-0.523964,0.0910017,-0.414295,0.142857,0.166667,0.112069,1,0.166667,0.1
0,165,-0.707791,-1.18082,-1.11892,0.125,0.111111,0.118182,0,0,0.2
0,165,1.23968,1.04055,1.33568,0.5,0.5,0.184783,0,0,0.3
1,165,-1.63941,-1.97215,-1.62213,0.1,0.1,0.189655,0,0,0.4
0,165,0.685017,0.856692,0.924868,0.333333,0.333333,0.129771,1,0.166667,0.5
0,165,-1.16628,-0.503273,-1.11892,0.111111,0.125,0.2,1,0,0.6
1,165,0.31861,0.106261,0.334037,0.25,0.2,0.16092,1,0,0.7
0,165,1.7277,0.165927,1.14343,1,0.25,0.196078,0,0,0.8
0,165,-0.169149,1.59931,0.763545,0.166667,1,0.178082,1,0.166667,0.9
0,165,0.235596,-0.203502,-0.227278,0.2,0.142857,0.144231,1,0.166667,1
0,166,0.21757,0.320805,0.75104,0.333333,0.25,0.0361446,0,0,0.1
0,166,-0.761277,-0.664257,-1.1577,0.111111,0.125,0.0241935,0,0,0.2
0,166,-0.19862,0.831495,0.570517,0.166667,0.5,0.0545455,0,0,0.3
0,166,0.165223,0.0390174,-0.0474312,0.2,0.166667,0.0340909,0,0,0.4
0,166,0.199871,0.193993,0.345613,0.25,0.2,0.0357143,0,0,0.5
1,166,2.17756,2.06952,1.82094,1,1,0.0246914,1,0,0.6
0,166,0.932823,-0.566418,0.382794,0.5,0.142857,0.0291262,0,0,0.7
1,166,-1.7861,-1.42346,-1.67835,0.1,0.1,0.0204082,1,0,0.8
0,166,-0.384411,0.541657,0.170272,0.142857,0.333333,0.0441176,0,0,0.9
0,166,-0.562636,-1.34236,-1.1577,0.125,0.111111,0.0405405,0,0,1
0,167,-0.422982,-0.236937,-0.548792,0.166667,0.142857,0.112903,1,1.5,0.1
0,167,-0.370057,0.537889,0.961535,0.25,0.333333,0.159091,1,1.5,0.2
0,167,-0.51729,-0.0673967,-0.548792,0.142857,0.166667,0.12963,1,1.5,0.3
1,167,2.31846,2.09487,2.3313,1,1,0.363636,1,1.5,0.4
1,167,1.43496,-0.711158,0.0303068,0.5,0.111111,0.244444,1,1.5,0.5
0,167,-1.00027,0.174446,-0.725396,0.1,0.25,0.133333,1,1.5,0.6
0,167,-0.615357,0.715485,0.256813,0.125,0.5,0.193548,1,1.5,0.7
0,167,-0.417108,0.051594,0.187006,0.2,0.2,0.111111,1,1.5,0.8
0,167,0.210024,-1.96389,-0.461813,0.333333,0.1,0.136364,1,1.5,0.9
0,167,-0.620382,-0.594907,-1.48217,0.111111,0.125,0.0789474,1,1.5,1
0,168,0.00959357,-0.771596,-0.403384,0.25,0.111111,0.145455,1,1.33333,0.1
1,168,1.60097,0.545205,1.19508,0.5,0.333333,0.138889,1,1.5,0.2
0,168,-0.157692,0.0240825,0.14927,0.2,0.2,0.142857,1,1.33333,0.3
0,168,-0.715127,-0.669752,-0.816084,0.142857,0.125,0.0789474,1,1.33333,0.4
1,168,2.13583,2.37465,1.86086,1,1,0.241379,1,0.166667,0.5
0,168,-0.715127,-0.618412,-0.816084,0.125,0.142857,0.0789474,1,1.33333,0.6
0,168,-0.802533,0.561012,0.0241912,0.111111,0.5,0.127273,1,1.33333,0.7
0,168,0.120257,0.448428,0.767504,0.333333,0.25,0.097561,1,1.33333,0.8
0,168,-0.937174,-1.35185,-1.71514,0.1,0.1,0.0693069,1,1.33333,0.9
0,168,-0.539001,-0.541776,-0.246212,0.166667,0.166667,0.0879121,1,1.33333,1
0,169,0.304467,0.0404869,-0.227115,0.166667,0.166667,0.1,0,0,0.1
0,169,0.546991,-0.129063,-0.0335664,0.25,0.142857,0.0787402,0,0.333333,0.2
0,169,0.897232,0.724368,1.30272,0.5,0.5,0.0963855,0,0,0.3
0,169,0.665691,0.290676,0.707975,0.333333,0.25,0.111111,0,0,0.4
0,169,0.0894469,-1.58943,-1.08157,0.142857,0.1,0.0735294,1,0,0.5
1,169,-1.8756,-1.34299,-1.4201,0.1,0.111111,0.102564,0,0,0.6
0,169,0.543867,0.714785,0.519871,0.2,0.333333,0.0963855,1,0.333333,0.7
0,169,-1.8531,-0.79232,-1.09132,0.111111,0.125,0.0862069,0,0,0.8
1,169,1.00095,1.97272,1.71653,1,1,0.151515,0,0,0.9
0,169,-0.319935,0.110777,-0.393424,0.125,0.2,0.0769231,0,0.333333,1
1,170,1.74477,-0.659101,0.632637,1,0.142857,0.181818,1,0.166667,0.1
0,170,-1.01102,0.0517435,-0.624225,0.111111,0.2,0.0952381,0,0,0.2
0,170,-1.38686,-1.43565,-1.76293,0.1,0.1,0.115385,0,0,0.3
1,170,0.74157,1.5412,1.45893,0.333333,1,0.111111,0,0,0.4
0,170,-0.24369,-0.671407,-0.641639,0.166667,0.125,0.056,0,0,0.5
0,170,-0.527369,0.860357,0.178853,0.142857,0.333333,0.0806452,0,0,0.6
0,170,-0.925842,-1.20384,-1.21604,0.125,0.111111,0.0480769,0,0,0.7
0,170,1.44606,0.423991,1.01212,0.5,0.25,0.09375,1,0.166667,0.8
0,170,0.365205,1.47088,1.01212,0.25,0.5,0.106061,0,0,0.9
0,170,-0.202834,-0.378172,-0.0498215,0.2,0.166667,0.115385,1,0,1
1,171,0.9287,0.21116,1.30983,0.5,0.25,0.173913,0,0,0.1
0,171,0.599948,-0.671766,-0.53658,0.25,0.111111,0.242424,1,0.833333,0.2
0,171,0.486766,0.295451,0.749678,0.2,0.333333,0.117647,1,0,0.3
1,171,0.864602,0.46649,1.58969,0.333333,0.5,0.296296,1,0.833333,0.4
0,171,-0.376376,0.196603,-0.064476,0.166667,0.2,0.076087,1,0.833333,0.5
0,171,-0.580722,0.0336269,-0.582693,0.142857,0.166667,0.259259,1,0.833333,0.6
0,171,-1.62358,-0.615644,-1.80736,0.1,0.125,0.0666667,0,0,0.7
0,171,1.61083,-1.96464,0.0969175,1,0.1,0.118421,0,0,0.8
0,171,-1.31499,2.21221,0.330544,0.111111,1,0.076087,1,0.833333,0.9
0,171,-0.595179,-0.163493,-1.08555,0.125,0.142857,0.25,1,0.833333,1
0,172,0.710344,1.27339,1.1287,0.333333,0.5,0.0806452,0,0,0.1
0,172,0.0428719,1.53325,1.14183,0.25,1,0.36,0,0.333333,0.2
0,172,-0.589946,-0.869607,-0.770754,0.142857,0.125,0.117647,0,0.333333,0.3
0,172,-0.771469,-1.32955,-1.28812,0.111111,0.111111,0.177778,0,0.333333,0.4
0,172,-0.61735,0.228656,-0.402815,0.125,0.2,0.102564,1,0.333333,0.5
0,172,-0.569369,-0.534934,-0.413718,0.166667,0.142857,0.195122,0,0.166667,0.6
0,172,-1.2598,-1.48244,-1.61988,0.1,0.1,0.152174,1,0.5,0.7
1,172,-0.0757098,0.39867,0.333572,0.2,0.25,0.173077,0,0.166667,0.8
1,172,2.38754,0.892531,1.34054,1,0.333333,0.181818,1,0.333333,0.9
0,172,0.742889,-0.109968,0.55064,0.5,0.166667,0.140845,0,0.166667,1
0,173,0.0447563,0.105752,0.141709,0.2,0.2,0.169811,0,0.333333,0.1
0,173,-0.357139,-0.636426,-0.774746,0.142857,0.125,0.101266,0,0.333333,0.2
1,173,1.01278,0.978726,1.34072,0.5,0.5,0.138462,1,0.166667,0.3
0,173,0.0550185,-1.18246,-0.38295,0.25,0.111111,0.105263,1,0.166667,0.4
0,173,-0.265768,-0.0973073,-0.23374,0.166667,0.166667,0.111111,1,0.666667,0.5
0,173,-1.25448,-1.3565,-1.62826,0.1,0.1,0.0888889,1,0.333333,0.6
0,173,0.129135,0.155628,0.928363,0.333333,0.333333,0.183673,1,0.166667,0.7
0,173,-0.814615,-0.38262,-0.774746,0.125,0.142857,0.076087,1,0.333333,0.8
1,173,2.37824,2.27785,1.7666,1,1,0.204545,1,0.166667,0.9
0,173,-0.927931,0.137361,-0.38295,0.111111,0.25,0.0943396,0,0,1
0,174,0.694793,0.372991,0.615707,0.25,0.25,0.271186,1,0.333333,0.1
0,174,-1.3463,-0.341463,-1.10173,0.111111,0.142857,0.229508,0,0,0.2
0,174,-0.348758,1.26905,0.432331,0.142857,0.5,0.306122,0,0,0.3
0,174,1.30535,0.238096,1.11078,1,0.2,0.280702,0,0,0.4
0,174,1.19175,-1.16821,0.0267356,0.5,0.111111,0.275,1,0.166667,0.5
0,174,-0.192237,0.0731744,-0.272108,0.166667,0.166667,0.25,1,0,0.6
1,174,0.273824,1.57347,1.11078,0.2,1,0.652174,1,0,0.7
1,174,0.853359,0.585485,1.08075,0.333333,0.333333,0.291667,1,0.5,0.8
0,174,-0.640572,-1.80214,-1.50162,0.125,0.1,0.194444,1,0.333333,0.9
0,174,-1.7912,-0.800459,-1.50162,0.1,0.125,0.171429,0,0,1
0,175,-0.593705,-1.31604,-1.87679,0.1,0.1,0.0588235,0,0.5,0.1
0,175,-0.538999,-0.190305,-0.68308,0.125,0.166667,0.0769231,0,0,0.2
1,175,2.78288,0.798697,1.7908,1,0.5,0.097561,1,0,0.3
0,175,-0.513601,0.0592433,-0.0530393,0.166667,0.2,0.0714286,0,0.5,0.4
0,175,-0.536278,-0.444041,-0.689254,0.142857,0.142857,0.0597015,0,0,0.5
1,175,-0.384646,2.27243,1.32293,0.25,1,0.0701754,1,0.166667,0.6
0,175,0.166923,-0.823637,-0.0133398,0.333333,0.125,0.125,0,0.5,0.7
0,175,-0.446844,0.403722,0.616701,0.2,0.333333,0.117647,1,0.166667,0.8
0,175,-0.55252,0.361278,-0.441402,0.111111,0.25,0.107143,0,0,0.9
0,175,0.616789,-1.12134,0.0264711,0.5,0.111111,0.0722892,0,0.5,1
0,176,-0.868308,-0.512726,-0.772405,0.111111,0.166667,0.09375,1,0,0.1
0,176,-0.905062,-0.587863,-1.12498,0.1,0.142857,0.0746269,0,0,0.2
0,176,-0.485767,-1.30242,-1.12498,0.142857,0.1,0.107143,0,0,0.3
0,176,0.309065,-0.0375976,0.540734,0.333333,0.2,0.0909091,0,0,0.4
0,176,0.0894477,-0.614892,-0.21356,0.25,0.125,0.166667,0,0,0.5
0,176,-0.454689,0.0115421,0.149147,0.166667,0.25,0.159091,0,0,0.6
0,176,-0.407135,0.310673,0.540734,0.2,0.333333,0.2,0,0,0.7
1,176,2.32589,1.72214,1.57021,1,0.5,0.144737,1,0,0.8
1,176,1.25339,1.87344,1.57021,0.5,1,0.131579,0,0,0.9
0,176,-0.856833,-0.862297,-1.13511,0.125,0.111111,0.115385,0,0,1
0,177,-0.952377,0.376977,-0.393387,0.111111,0.25,0.0735294,1,0.5,0.1
0,177,0.799981,0.375045,0.549617,0.333333,0.2,0.128571,1,0.5,0.2
0,177,-0.707607,-0.867741,-1.15376,0.125,0.111111,0.0875,1,0.5,0.3
0,177,-1.13247,-0.777922,-1.14346,0.1,0.142857,0.0784314,1,0.5,0.4
1,177,-0.448435,0.0315875,-0.24011,0.166667,0.166667,0.0921053,0,0.166667,0.5
0,177,-0.627097,-1.73496,-1.14346,0.142857,0.1,0.0786517,0,0,0.6
0,177,0.975138,1.10419,1.37726,0.5,0.5,0.157895,1,0,0.7
0,177,0.0292716,-0.862234,-0.217069,0.25,0.125,0.0731707,0,0,0.8
0,177,-0.191826,0.624271,0.549617,0.2,0.333333,0.0860215,0,0.166667,0.9
1,177,2.25542,1.73079,1.81475,1,1,0.152778,1,0,1
0,178,-0.712539,1.81959,0.97724,0.166667,1,0.208333,0,0,0.1
1,178,1.49206,-0.888962,0.300792,1,0.111111,0.0833333,0,0,0.2
1,178,-0.838142,-2.02026,-1.64467,0.125,0.1,0.178571,0,0,0.3
0,178,0.329697,0.424782,0.427524,0.2,0.25,0.21875,0,0,0.4
0,178,-1.19935,-0.0599327,-1.41929,0.1,0.142857,0.192308,0,0,0.5
0,178,0.448821,-0.844688,-0.269431,0.25,0.125,0.145455,0,0,0.6
0,178,-1.17849,-0.0416028,-0.974479,0.111111,0.166667,0.2,0,0,0.7
0,178,-0.712695,0.479496,0.210627,0.142857,0.333333,0.171429,0,0,0.8
0,178,1.41796,0.410875,0.945089,0.5,0.2,0.272727,1,0,0.9
0,178,0.952678,0.720701,1.4466,0.333333,0.5,0.163265,0,0,1
0,179,0.93301,-0.927482,-0.19474,0.333333,0.111111,0.0757576,1,0.166667,0.1
0,179,-0.304021,-0.549109,-0.242489,0.2,0.142857,0.0425532,1,0,0.2
0,179,0.51672,-0.388724,0.156859,0.25,0.166667,0.0684932,1,0.666667,0.3
1,179,1.40677,2.17976,1.6514,0.5,1,0.206897,1,0.666667,0.4
0,179,-0.853751,-0.138293,-0.0367189,0.142857,0.25,0.0952381,1,0.666667,0.5
0,179,-0.985545,-1.06847,-1.7307,0.1,0.1,0.0441176,1,0.666667,0.6
0,179,-0.968727,-0.77656,-1.19381,0.111111,0.125,0.0816327,1,1.16667,0.7
0,179,-0.932494,0.590083,-0.0123014,0.125,0.333333,0.102564,1,0.666667,0.8
1,179,1.72918,1.32741,1.6514,1,0.5,0.0972222,1,1.33333,0.9
0,179,-0.54114,-0.248601,-0.0489106,0.166667,0.2,0.040404,1,0.666667,1
0,180,-0.431944,-0.325557,-0.424212,0.142857,0.166667,0.181818,1,0,0.1
1,180,-0.0434961,-0.996687,-0.588119,0.2,0.111111,0.060241,0,0,0.2
0,180,-1.28855,-0.562586,-1.14571,0.111111,0.125,0.105263,1,0.333333,0.3
0,180,-1.31564,-1.30206,-1.66096,0.1,0.1,0.0925926,1,0.166667,0.4
0,180,-0.817002,-0.458761,-0.790304,0.125,0.142857,0.084507,0,0,0.5
1,180,1.4574,-0.128039,0.756101,0.5,0.2,0.103448,0,0,0.6
0,180,0.362705,2.1507,1.1708,0.25,1,0.170213,1,0.333333,0.7
0,180,0.816287,1.41968,1.15733,0.333333,0.5,0.102564,1,0.5,0.8
0,180,-0.379027,0.113085,0.354286,0.166667,0.333333,0.0983607,0,0,0.9
0,180,1.63927,0.0902296,1.1708,1,0.25,0.0364583,0,0,1
0,181,0.0511641,0.655544,0.169414,0.142857,0.333333,0.195122,1,0,0.1
0,181,0.311672,0.71911,0.958706,0.25,0.5,0.126984,1,0.333333,0.2
0,181,-0.874374,-0.615621,-1.15186,0.125,0.111111,0.10101,0,0,0.3
1,181,-1.19473,0.0873755,-0.591281,0.111111,0.2,0.122807,1,0.166667,0.4
1,181,1.03224,-0.161921,0.567642,0.5,0.166667,0.15493,1,0.333333,0.5
0,181,0.294658,-0.235039,-0.233969,0.2,0.142857,0.149254,0,0,0.6
0,181,-1.96972,-2.28141,-1.66989,0.1,0.1,0.0620155,0,0,0.7
0,181,0.729626,0.58267,0.747255,0.333333,0.25,0.0978261,1,0.166667,0.8
0,181,0.164556,-0.438453,-0.607776,0.166667,0.125,0.2,0,0,0.9
0,181,1.45491,1.68774,1.81177,1,1,0.135802,1,0.333333,1
0,182,0.0461579,-1.46363,-0.611726,0.25,0.1,0.166667,1,0.166667,0.1
0,182,2.22598,2.03393,1.96599,1,1,0.0621118,0,0,0.2
1,182,1.21353,1.36929,1.49204,0.5,0.5,0.0943396,1,0.166667,0.3
0,182,-0.390598,-0.684494,-0.862186,0.142857,0.125,0.0674157,1,0.166667,0.4
0,182,-0.111882,0.370909,0.38651,0.166667,0.333333,0.0784314,0,0,0.5
0,182,-0.81054,-0.087124,-0.450599,0.125,0.2,0.107692,0,0,0.6
0,182,-1.18101,-0.546993,-1.23875,0.1,0.142857,0.0594059,1,0.166667,0.7
0,182,-1.14454,-0.164552,-0.850523,0.111111,0.166667,0.0740741,0,0,0.8
0,182,0.202421,-0.944591,-0.203892,0.333333,0.111111,0.0816327,0,0,0.9
1,182,-0.0495258,0.117263,0.373142,0.2,0.25,0.0446429,1,0,1
0,183,0.265587,-0.0901691,0.392236,0.25,0.2,0.125,0,0,0.1
1,183,2.43981,0.492247,1.5763,1,0.333333,0.184615,1,0.666667,0.2
0,183,0.466197,0.228248,0.852354,0.333333,0.25,0.0865385,1,0,0.3
0,183,0.579184,1.327,1.56839,0.5,0.5,0.135135,0,0,0.4
0,183,-0.878899,-0.409451,-1.10709,0.111111,0.142857,0.163636,1,0.666667,0.5
0,183,-1.03928,2.00847,0.0809143,0.1,1,0.191489,1,0.666667,0.6
1,183,-0.591097,-0.657853,-0.693258,0.166667,0.125,0.205128,0,0,0.7
0,183,0.258315,-1.31728,-0.869493,0.2,0.1,0.140845,1,0.666667,0.8
0,183,-0.626235,-1.18863,-1.10709,0.142857,0.111111,0.0733333,0,0,0.9
0,183,-0.87358,-0.392582,-0.693258,0.125,0.166667,0.138462,1,0.666667,1
0,184,0.883589,0.297915,1.15407,0.333333,0.333333,0.15873,0,0,0.1
0,184,-1.91446,0.00340351,-0.92399,0.1,0.2,0.0925926,1,0.166667,0.2
1,184,1.46483,-1.47507,0.0859857,1,0.1,0.122449,1,0,0.3
0,184,-0.328076,-0.395991,-0.743368,0.142857,0.142857,0.117647,0,0,0.4
0,184,-0.0893116,0.23779,0.183455,0.166667,0.25,0.0649351,1,0.166667,0.5
0,184,-0.401415,-0.737632,-1.18285,0.125,0.125,0.185185,0,0,0.6
1,184,-1.02879,-1.06165,-1.60959,0.111111,0.111111,0.108108,0,0,0.7
0,184,1.43843,-0.0480039,0.688061,0.5,0.166667,0.104839,0,0,0.8
0,184,0.0314525,0.959232,1.16208,0.25,0.5,0.190476,0,0,0.9
0,184,-0.0562613,2.22001,1.18614,0.2,1,0.188679,0,0,1
0,185,0.655654,0.406245,0.74448,0.25,0.333333,0.319444,1,1,0.1
0,185,0.730876,1.54334,1.15923,0.333333,0.5,0.37931,0,0,0.2
0,185,0.230454,-1.16493,-0.75945,0.2,0.1,0.220183,1,1,0.3
0,185,-0.944752,0.349974,-0.391283,0.111111,0.25,0.365385,0,0,0.4
0,185,-0.866275,-0.629924,-0.791603,0.125,0.142857,0.289855,1,1,0.5
0,185,-0.114663,-0.31214,-0.238826,0.166667,0.166667,0.328125,1,1,0.6
1,185,1.28152,1.90729,1.80504,1,1,0.289157,1,1,0.7
1,185,1.28037,-0.25281,0.757343,0.5,0.2,0.272727,0,0,0.8
0,185,-1.99453,-1.11303,-1.49333,0.1,0.111111,0.173469,1,1,0.9
0,185,-0.258648,-0.734008,-0.791603,0.142857,0.125,0.304348,1,1,1
0,186,-0.935065,-0.150925,-1.32084,0.111111,0.142857,0.0740741,1,0.666667,0.1
0,186,0.195811,-0.671809,-0.804661,0.2,0.111111,0.173077,1,0.666667,0.2
0,186,0.350643,1.93946,1.88064,0.333333,1,0.0884956,1,0.666667,0.3
0,186,0.288654,1.01956,1.30468,0.25,0.5,0.09,1,0.666667,0.4
0,186,-0.914877,0.172536,-0.0161525,0.125,0.333333,0.0833333,1,0.166667,0.5
1,186,0.937769,0.071497,0.772491,0.5,0.166667,0.175439,0,0,0.6
0,186,-0.624092,-0.544288,-0.827109,0.166667,0.125,0.2,0,0,0.7
0,186,-0.942289,0.0821633,-1.03737,0.1,0.2,0.0695652,1,0.833333,0.8
0,186,-0.684394,0.16945,-0.0482143,0.142857,0.25,0.0860215,0,0,0.9
1,186,2.32784,-2.08765,0.0965368,1,0.1,0.115942,1,0,1
0,187,-0.807471,-0.536608,-0.898514,0.125,0.125,0.115942,0,0,0.1
0,187,-0.658889,-0.775475,-0.893675,0.142857,0.111111,0.0808081,1,0,0.2
0,187,-0.194995,0.0872691,0.316624,0.2,0.25,0.108434,1,0.166667,0.3
0,187,-0.842767,-0.400374,-0.721698,0.111111,0.166667,0.155556,1,0.166667,0.4
1,187,0.36794,-0.12822,0.316624,0.25,0.2,0.109756,0,0,0.5
0,187,0.547777,0.20407,1.26605,0.5,0.5,0.230769,0,0,0.6
0,187,-0.435733,-0.49552,-0.392699,0.166667,0.142857,0.12963,0,0,0.7
1,187,2.55204,2.77911,1.66821,1,1,0.319149,0,0,0.8
0,187,0.402404,0.201266,0.876656,0.333333,0.333333,0.186441,0,0,0.9
0,187,-0.930301,-0.935518,-1.53757,0.1,0.1,0.114286,0,0,1
0,188,-0.82181,-0.347455,-0.579354,0.125,0.166667,0.0645161,1,0.333333,0.1
0,188,0.790788,0.592529,0.907573,0.333333,0.333333,0.137255,1,0,0.2
0,188,0.0800037,-0.459618,-0.033772,0.25,0.142857,0.132075,0,0,0.3
0,188,-0.506219,0.0473422,0.138535,0.2,0.2,0.147059,1,0.333333,0.4
0,188,-0.91875,-1.50511,-1.5918,0.1,0.1,0.0909091,0,0,0.5
0,188,-0.869543,-0.992758,-1.2658,0.111111,0.111111,0.0740741,0,0,0.6
0,188,-0.506597,0.657923,0.541096,0.166667,0.5,0.0967742,1,0.333333,0.7
1,188,2.33628,2.25277,1.72704,1,1,0.145161,1,0.166667,0.8
1,188,0.92734,0.389921,0.913872,0.5,0.25,0.107692,1,0.166667,0.9
0,188,-0.511491,-0.635546,-0.757396,0.142857,0.125,0.107143,0,0,1
0,189,0.206587,-1.1532,-0.567004,0.25,0.1,0.0842105,0,0.333333,0.1
0,189,-1.17283,-0.826046,-1.15853,0.111111,0.125,0.0649351,0,0,0.2
0,189,-0.407264,-0.900719,-0.976201,0.142857,0.111111,0.0963855,1,0.166667,0.3
0,189,0.0813264,0.914969,0.551892,0.2,0.333333,0.140351,1,0.333333,0.4
0,189,-1.32642,-0.630148,-0.960332,0.1,0.166667,0.0847458,0,0.333333,0.5
0,189,0.54023,0.156363,0.751581,0.333333,0.25,0.0655738,1,0.166667,0.6
1,189,1.03723,1.47148,1.38296,0.5,0.5,0.166667,1,0.333333,0.7
1,189,2.13858,1.79594,1.82226,1,1,0.176471,1,0,0.8
0,189,-0.317912,-0.717461,-0.428962,0.166667,0.142857,0.0666667,0,0.333333,0.9
0,189,-0.779518,-0.111184,-0.417656,0.125,0.2,0.0875,1,0.333333,1
1,190,1.5499,1.53294,2.07232,1,1,0.131579,0,0.5,0.1
0,190,-0.326143,0.0849038,-0.267616,0.142857,0.2,0.12963,1,0.666667,0.2
0,190,-0.296585,-0.426023,-0.896523,0.166667,0.111111,0.0921053,0,0.166667,0.3
0,190,-1.53923,0.337636,-0.644811,0.1,0.25,0.0659341,1,0.333333,0.4
0,190,0.863151,0.783968,1.33088,0.333333,0.5,0.142857,1,0.666667,0.5
0,190,-0.752454,0.0709308,-0.69518,0.125,0.166667,0.0695652,0,0.166667,0.6
1,190,1.28651,-2.51066,-0.168651,0.5,0.1,0.138889,1,0.5,0.7
0,190,-1.22137,-0.280318,-1.31751,0.111111,0.125,0.07,1,0.333333,0.8
0,190,0.708529,-0.159391,-0.0405238,0.25,0.142857,0.0853659,1,0.333333,0.9
0,190,-0.272318,0.566012,0.627625,0.2,0.333333,0.0860215,1,0.333333,1
0,191,-0.35225,-0.402994,-0.571224,0.2,0.125,0.180328,1,0.333333,0.1
0,191,-0.407709,-0.704752,-1.58451,0.125,0.111111,0.121622,1,0,0.2
1,191,-0.175036,-0.242049,0.233048,0.333333,0.142857,0.155844,0,0.166667,0.3
0,191,-0.059658,-1.05783,-0.202829,0.5,0.1,0.0792079,0,0,0.4
0,191,-0.49566,-0.135311,-0.493702,0.1,0.333333,0.132353,1,0.333333,0.5
0,191,-0.307884,-0.148191,0.473033,0.25,0.2,0.107527,0,0.166667,0.6
0,191,-0.4269,0.145775,0.0323996,0.111111,0.5,0.128571,1,0.333333,0.7
0,191,-0.371709,-0.13944,0.208196,0.166667,0.25,0.166667,0,0,0.8
0,191,-0.381316,-0.153989,-0.586687,0.142857,0.166667,0.222222,0,0,0.9
1,191,2.97812,2.83878,2.49228,1,1,0.169231,1,0,1
1,192,2.14793,1.8975,1.75648,1,1,0.120482,1,0.166667,0.1
0,192,0.449851,0.636092,1.12804,0.333333,0.5,0.0898876,0,0,0.2
0,192,-0.508192,0.15642,-0.402581,0.125,0.2,0.0363636,0,0,0.3
0,192,0.165341,-0.0367193,-0.0343477,0.25,0.142857,0.0645161,0,0,0.4
0,192,-0.130742,0.551098,0.531971,0.2,0.333333,0.0759494,1,0,0.5
0,192,-0.50545,-0.44795,-0.770308,0.142857,0.125,0.0833333,1,0.166667,0.6
0,192,-0.669874,-1.30227,-1.28737,0.111111,0.111111,0.1,0,0,0.7
0,192,1.08203,0.127521,0.550321,0.5,0.166667,0.193548,0,0,0.8
1,192,-1.70249,-1.90925,-1.61894,0.1,0.1,0.05,0,0,0.9
0,192,-0.328409,0.327559,0.14673,0.166667,0.25,0.0463576,1,0,1
0,193,-0.878631,0.972381,-0.16886,0.1,0.5,0.103896,0,0,0.1
0,193,0.341254,-0.248411,0.436178,0.5,0.142857,0.170213,0,0,0.2
1,193,-0.192474,0.797519,0.628404,0.2,0.333333,0.163636,1,0.166667,0.3
0,193,-0.437282,-1.67622,-0.897636,0.166667,0.111111,0.155556,1,0.166667,0.4
0,193,0.281536,1.37581,1.58263,0.333333,1,0.153846,0,0,0.5
0,193,-0.60022,0.014276,-0.488432,0.142857,0.166667,0.123288,0,0,0.6
0,193,-0.729236,-1.67881,-1.71658,0.111111,0.1,0.134615,1,0,0.7
1,193,2.73816,0.422343,1.12066,1,0.2,0.25,0,0,0.8
0,193,0.111031,0.583679,0.621186,0.25,0.25,0.145161,0,0,0.9
0,193,-0.634138,-0.562564,-1.11756,0.125,0.125,0.0692308,1,0,1
1,194,-0.424746,-0.211714,-0.264666,0.166667,0.166667,0.178571,1,0.333333,0.1
0,194,0.246663,-0.186056,0.839284,0.5,0.2,0.0842105,0,0,0.2
0,194,-0.52337,0.762497,0.187047,0.142857,0.333333,0.104478,1,0.5,0.3
1,194,2.81816,2.1865,2.00034,1,1,0.146341,1,0,0.4
0,194,-0.841074,-0.576363,-1.2604,0.1,0.142857,0.0909091,0,0.166667,0.5
0,194,0.246492,-0.672799,-0.207454,0.333333,0.111111,0.132353,1,0.166667,0.6
0,194,-0.106266,-0.641435,-0.239268,0.25,0.125,0.122807,1,0.333333,0.7
0,194,-0.584792,0.0485714,-0.239268,0.125,0.25,0.206897,0,0.166667,0.8
0,194,-0.22053,0.892045,0.839284,0.2,0.5,0.109589,1,0,0.9
0,194,-0.610533,-1.60125,-1.6549,0.111111,0.1,0.0571429,0,0,1
0,195,1.00542,-0.728267,0.290365,0.5,0.125,0.0808081,0,0,0.1
0,195,-0.760201,0.0808482,-0.604138,0.125,0.2,0.0961538,0,0,0.2
0,195,-0.613884,1.99476,0.871828,0.142857,1,0.106383,1,0,0.3
0,195,-0.968319,-1.6973,-2.18069,0.111111,0.1,0.0609756,0,0,0.4
1,195,2.39903,-0.413233,0.871828,1,0.142857,0.0661157,1,0,0.5
0,195,-0.525587,0.583152,0.220191,0.166667,0.25,0.103448,0,0,0.6
0,195,-0.978446,0.597972,-0.522149,0.1,0.333333,0.0769231,0,0,0.7
0,195,-0.0204848,-1.13192,-0.860236,0.2,0.111111,0.0816327,0,0,0.8
1,195,0.245856,0.0418166,0.518211,0.333333,0.166667,0.0843373,0,0,0.9
0,195,0.216613,0.672174,1.39479,0.25,0.5,0.0666667,0,0,1
0,196,-0.622067,-0.418807,-0.601348,0.142857,0.142857,0.0769231,0,0,0.1
1,196,1.18203,0.748005,0.732729,0.333333,0.25,0.138889,1,0.833333,0.2
0,196,-0.655359,-0.788111,-0.956867,0.125,0.125,0.105263,1,0.833333,0.3
0,196,-0.440234,1.00087,0.538048,0.2,0.333333,0.113208,1,0.833333,0.4
0,196,-0.606807,0.0191118,-0.235056,0.166667,0.166667,0.1,1,0.833333,0.5
0,196,1.61155,1.12642,1.34827,0.5,0.5,0.205128,0,0,0.6
0,196,-0.240751,-0.935766,-0.385106,0.25,0.111111,0.129032,1,0,0.7
0,196,-0.695432,-2.00238,-1.46976,0.111111,0.1,0.084507,0,0,0.8
1,196,-1.17653,0.0312882,-0.747462,0.1,0.2,0.0925926,1,0.833333,0.9
0,196,1.64359,1.21938,1.77655,1,1,0.133333,1,0.833333,1
0,197,-0.743311,0.0885974,-0.558241,0.125,0.2,0.135135,0,0,0.1
0,197,-0.983286,-0.603332,-1.0537,0.111111,0.166667,0.0574713,0,0,0.2
0,197,-0.483214,1.733,1.3155,0.2,1,0.176471,0,0,0.3
0,197,-0.527996,0.99737,0.478842,0.166667,0.333333,0.136364,0,0,0.4
1,197,1.79785,-0.766321,0.805594,1,0.142857,0.121212,1,0.333333,0.5
1,197,-1.08789,-1.39252,-2.2449,0.1,0.1,0.0649351,0,0,0.6
0,197,-0.643322,1.08453,0.512012,0.142857,0.5,0.111111,0,0,0.7
0,197,1.34086,-0.868804,0.268306,0.5,0.125,0.103448,1,0.333333,0.8
0,197,0.18769,0.617262,0.729186,0.25,0.25,0.117647,0,0,0.9
0,197,1.14263,-0.889781,-0.252599,0.333333,0.111111,0.117647,1,0.333333,1
0,198,-0.190455,-0.625162,-0.40934,0.2,0.125,0.113208,0,0,0.1
1,198,1.35499,0.229228,0.749342,0.5,0.2,0.0795455,0,0,0.2
0,198,-0.116731,0.284479,0.534689,0.25,0.25,0.0495868,0,0,0.3
0,198,-0.734138,-0.837678,-1.30899,0.111111,0.111111,0.08,1,0.5,0.4
0,198,2.30436,0.994035,1.36226,1,0.333333,0.0888889,0,0,0.5
0,198,-0.102417,1.03484,1.14698,0.333333,0.5,0.0631579,1,0.166667,0.6
0,198,-0.35197,0.0625514,-0.42042,0.142857,0.166667,0.171429,1,0.5,0.7
0,198,-0.528227,-0.360649,-0.78324,0.125,0.142857,0.056,1,0.5,0.8
0,198,-0.310564,1.38056,0.774834,0.166667,1,0.0612245,0,0,0.9
1,198,-1.32485,-2.1622,-1.64612,0.1,0.1,0.0851064,1,0.666667,1
0,199,-0.558651,0.606839,0.449879,0.142857,0.333333,0.0701754,1,1.33333,0.1
1,199,0.326395,-0.373483,-1.1027,0.2,0.125,0.0703125,1,1.33333,0.2
0,199,-1.57024,0.304805,-2.02423,0.1,0.2,0.0673077,1,1.33333,0.3
1,199,0.904743,-2.59369,-0.391543,0.5,0.1,0.151515,0,0,0.4
0,199,0.291,0.0528152,-0.636565,0.166667,0.166667,0.06,1,1.33333,0.5
0,199,-0.932402,1.3434,1.10991,0.125,1,0.0654206,1,1.33333,0.6
0,199,0.749642,0.365044,1.44037,0.25,0.25,0.0909091,1,1.33333,0.7
0,199,0.770677,-0.0495317,0.449879,0.333333,0.142857,0.0833333,1,1.33333,0.8
0,199,1.45631,-0.406819,0.642462,1,0.111111,0.0746269,1,1.33333,0.9
0,199,-1.43748,0.750621,0.0625447,0.111111,0.5,0.0578512,1,1.33333,1
1,200,1.22462,-2.00288,-0.181658,0.5,0.1,0.0933333,1,0.166667,0.1
0,200,-0.804743,0.0337254,-0.525452,0.142857,0.166667,0.108108,1,0.333333,0.2
1,200,0.89747,-0.0574029,0.208723,0.333333,0.142857,0.228571,1,0.333333,0.3
0,200,-1.07833,0.147993,-0.939152,0.1,0.2,0.0952381,0,0,0.4
0,200,-0.428736,-1.02976,-0.728476,0.2,0.111111,0.119403,1,0.166667,0.5
0,200,-0.861666,0.279432,-0.266996,0.125,0.25,0.0963855,0,0,0.6
0,200,0.893892,1.69256,1.45021,0.25,1,0.0740741,0,0.166667,0.7
0,200,1.69263,0.935007,1.9631,1,0.5,0.1125,1,0.5,0.8
0,200,-0.526916,0.737091,0.438838,0.166667,0.333333,0.142857,1,0.333333,0.9
0,200,-1.00821,-0.735766,-1.41913,0.111111,0.125,0.101266,0,0,1
0,201,-0.576784,-1.76013,-1.75995,0.111111,0.1,0.0833333,0,0.666667,0.1
0,201,-0.324115,1.72054,1.3821,0.25,1,0.111111,1,0.333333,0.2
0,201,0.541705,0.411138,0.892563,0.5,0.2,0.170732,0,0,0.3
0,201,-0.56406,-0.340991,-0.500775,0.142857,0.166667,0.12,0,0.666667,0.4
1,201,2.74964,-1.21555,0.284074,1,0.111111,0.16129,1,0.166667,0.5
0,201,-0.598325,0.583292,-0.661926,0.1,0.25,0.130435,1,0.333333,0.6
0,201,-0.491963,0.826498,0.892563,0.2,0.5,0.130435,1,0.5,0.7
0,201,-0.571042,-0.402944,-0.932939,0.125,0.142857,0.111111,0,0.666667,0.8
1,201,0.392017,0.788086,1.11792,0.333333,0.333333,0.241379,0,0.666667,0.9
0,201,-0.557078,-0.609941,-0.713632,0.166667,0.125,0.105263,0,0.666667,1
0,202,-0.506674,-0.720885,-0.733512,0.166667,0.125,0.166667,0,1.33333,0.1
0,202,-0.42477,0.0773809,-0.282372,0.2,0.142857,0.176471,0,1.33333,0.2
0,202,-0.727096,0.346315,-0.261545,0.125,0.25,0.296296,0,1.33333,0.3
0,202,0.892331,0.314586,0.42988,0.333333,0.166667,0.258065,1,1.33333,0.4
0,202,0.913799,0.355321,1.40426,0.5,0.333333,0.160714,0,1.33333,0.5
1,202,0.0365143,-2.25291,-0.680367,0.25,0.1,0.0430108,0,0,0.6
0,202,-1.19749,0.498996,-0.17795,0.1,0.5,0.212121,0,1.33333,0.7
1,202,2.26993,1.77645,2.18658,1,1,0.4,1,1.33333,0.8
0,202,-0.515299,-0.731817,-1.17138,0.142857,0.111111,0.163636,0,1.33333,0.9
0,202,-0.741243,0.336562,-0.713605,0.111111,0.2,0.285714,0,1.33333,1
1,203,2.18457,2.18821,2.03644,1,1,0.150943,1,0.666667,0.1
0,203,-0.54633,-0.0290203,-0.0530443,0.2,0.166667,0.230769,1,0.666667,0.2
0,203,-0.680256,0.603721,0.224331,0.125,0.5,0.0803571,1,0.666667,0.3
0,203,0.339237,-0.72173,-0.013341,0.333333,0.125,0.0803571,1,0,0.4
1,203,1.50187,-0.696269,0.428095,0.5,0.142857,0.0825688,1,0,0.5
0,203,-0.54633,0.0106686,-0.0530443,0.166667,0.2,0.230769,1,0.666667,0.6
0,203,0.0461704,0.549462,0.83992,0.25,0.333333,0.196429,1,0.166667,0.7
0,203,-0.709598,0.495989,-0.441444,0.111111,0.25,0.235294,1,0.666667,0.8
0,203,-0.914283,-1.65342,-1.87697,0.1,0.1,0.08,1,0.166667,0.9
0,203,-0.675048,-0.747614,-1.09094,0.142857,0.111111,0.0891089,0,0,1
0,204,-0.793614,0.552727,0.217326,0.166667,0.25,0.0697674,1,0.833333,0.1
0,204,-1.07569,-0.277676,-1.63924,0.1,0.142857,0.0434783,1,0.833333,0.2
0,204,0.651163,-1.58995,-0.515353,0.333333,0.1,0.0555556,0,0,0.3
0,204,-0.90235,0.903546,0.0338205,0.111111,0.5,0.0625,0,0,0.4
0,204,1.54995,-0.00184166,0.815097,0.5,0.166667,0.0490196,1,0.833333,0.5
0,204,0.0761107,1.8347,1.40513,0.2,1,0.0701754,1,0.833333,0.6
0,204,0.521991,0.728957,1.07301,0.25,0.333333,0.0555556,0,0,0.7
0,204,1.68237,-0.934508,0.600171,1,0.125,0.0746269,0,0,0.8
1,204,-0.824351,0.00966986,-0.335964,0.142857,0.2,0.0326087,1,0.833333,0.9
1,204,-0.885586,-1.22562,-1.654,0.125,0.111111,0.115385,1,0.833333,1
0,205,-0.772823,-0.778576,-1.45592,0.111111,0.125,0.0933333,0,0.166667,0.1
0,205,-0.670751,0.707109,-0.273917,0.125,0.25,0.0857143,1,0.666667,0.2
1,205,2.37862,-1.21141,0.0896622,1,0.1,0.0980392,0,0,0.3
0,205,0.514211,0.227477,0.693557,0.333333,0.2,0.101266,0,0,0.4
0,205,1.20222,1.66691,2.01398,0.5,1,0.242424,1,0,0.5
0,205,-0.773065,0.979735,-0.453634,0.1,0.333333,0.0895522,0,0.5,0.6
1,205,-0.631042,-0.763358,-0.775152,0.142857,0.142857,0.0740741,0,0,0.7
0,205,-0.384213,-0.711599,-0.0596493,0.2,0.166667,0.0895522,0,0.5,0.8
0,205,-0.617647,-1.18514,-0.990703,0.166667,0.111111,0.0882353,0,0,0.9
0,205,-0.245518,1.06885,1.21177,0.25,0.5,0.142857,1,0.5,1
0,206,-0.502042,-0.067069,0.429727,0.166667,0.333333,0.0925926,1,1,0.1
0,206,-0.48007,-0.257419,-0.0427431,0.25,0.142857,0.0746269,1,1,0.2
0,206,0.29611,-0.14261,0.661998,0.333333,0.2,0.0705882,1,1,0.3
0,206,-0.543973,-0.0747999,-0.473823,0.111111,0.25,0.0543478,0,0,0.4
0,206,-0.505775,0.282885,0.459495,0.142857,0.5,0.102041,1,1,0.5
0,206,-0.499856,-0.832658,-0.919655,0.2,0.1,0.0649351,1,1,0.6
1,206,-0.721432,-0.201701,-1.15193,0.1,0.166667,0.103448,1,1,0.7
1,206,2.6732,2.81577,2.18581,1,1,0.147059,1,0,0.8
0,206,-0.536866,-0.792007,-1.38967,0.125,0.111111,0.0574713,0,0,0.9
0,206,0.820707,-0.730386,0.240786,0.5,0.125,0.0875,1,1,1
0,207,-0.199574,-0.186023,0.321412,0.25,0.2,0.0686275,0,0,0.1
0,207,0.414417,-0.147367,0.698448,0.333333,0.25,0.0958904,1,0,0.2
1,207,2.10067,2.24782,1.69343,1,1,0.219512,0,0,0.3
0,207,-0.875421,-0.995335,-1.24116,0.111111,0.111111,0.0657895,0,0,0.4
0,207,1.60766,1.31474,1.28519,0.5,0.5,0.191489,0,0,0.5
0,207,-0.490407,0.345783,0.332927,0.166667,0.333333,0.238095,1,0.333333,0.6
0,207,-0.634421,-0.333205,-0.568079,0.125,0.166667,0.121951,1,0.333333,0.7
0,207,-0.504761,-0.464386,-0.573214,0.142857,0.142857,0.0806452,1,0.333333,0.8
1,207,-0.462774,-0.628632,-0.38813,0.2,0.125,0.0810811,0,0,0.9
0,207,-0.955386,-1.15339,-1.56082,0.1,0.1,0.0769231,0,0,1
0,208,0.472504,-0.799797,-0.0120908,0.333333,0.125,0.0727273,0,0.166667,0.1
0,208,0.24695,-0.987829,-0.400076,0.25,0.111111,0.0447761,1,0.166667,0.2
1,208,2.03591,1.02856,1.62314,1,0.5,0.0930233,1,0.166667,0.3
0,208,-0.992592,-0.475965,-0.619128,0.125,0.166667,0.047619,0,0,0.4
0,208,-1.04596,-0.577521,-0.98871,0.111111,0.142857,0.0606061,1,0.166667,0.5
0,208,-0.0953983,-0.0374075,-0.0480736,0.166667,0.2,0.0909091,0,0.166667,0.6
1,208,-0.525652,0.334792,-0.0360905,0.142857,0.25,0.0350877,1,0.333333,0.7
0,208,-0.0366804,0.404082,0.558963,0.2,0.333333,0.09375,0,0.166667,0.8
0,208,-1.29505,-1.158,-1.70108,0.1,0.1,0.0454545,0,0.166667,0.9
0,208,1.23598,2.26909,1.62314,0.5,1,0.0576923,1,0.166667,1
0,209,-1.05113,0.482575,-0.228492,0.111111,0.333333,0.0833333,1,0.166667,0.1
0,209,-0.998824,1.84953,0.508264,0.125,1,0.195122,1,0.5,0.2
0,209,-0.0709288,-0.52027,-0.263532,0.25,0.125,0.113402,0,0.666667,0.3
0,209,-1.08411,-0.246362,-1.16108,0.1,0.166667,0.0645161,0,0,0.4
0,209,1.51114,1.38408,1.93762,1,0.5,0.180556,0,0.666667,0.5
1,209,1.51036,0.102474,1.16583,0.5,0.25,0.127451,0,0.833333,0.6
0,209,-0.653549,-1.82168,-1.38821,0.142857,0.1,0.0943396,1,0.5,0.7
1,209,1.27451,-0.00437434,0.667261,0.333333,0.2,0.166667,0,0,0.8
0,209,-0.167458,-0.70984,-0.719024,0.2,0.111111,0.103774,1,1,0.9
0,209,-0.270012,-0.516126,-0.518634,0.166667,0.142857,0.0916667,0,0.666667,1
1,210,1.36128,2.11561,1.70189,0.5,1,0.211538,0,0.166667,0.1
0,210,-0.339391,-0.79716,-0.249902,0.2,0.142857,0.142857,0,0,0.2
0,210,-0.913072,-0.893807,-1.04229,0.125,0.125,0.0625,0,0.166667,0.3
1,210,1.96868,0.249146,0.839554,1,0.166667,0.163636,0,0,0.4
0,210,-1.00825,0.387883,-0.814192,0.1,0.2,0.0909091,1,0.166667,0.5
0,210,-0.991597,-1.08005,-1.41832,0.111111,0.111111,0.0895522,1,0.166667,0.6
0,210,-0.509811,-1.41584,-1.01983,0.166667,0.1,0.148936,0,0,0.7
0,210,0.61262,0.432283,1.01694,0.333333,0.333333,0.0859375,1,0,0.8
0,210,0.488998,0.407735,0.57935,0.25,0.25,0.116279,0,0,0.9
0,210,-0.669455,0.594197,0.406802,0.142857,0.5,0.0898876,1,0,1
0,211,-0.631287,0.388539,-0.0359261,0.142857,0.25,0.0898876,0,0,0.1
0,211,-0.107476,0.302835,0.348699,0.25,0.2,0.116883,0,0,0.2
1,211,2.29645,1.25416,1.8372,1,1,0.133333,1,0,0.3
1,211,-0.674156,0.762832,-0.0120358,0.125,0.333333,0.116667,1,0.166667,0.4
0,211,1.36312,0.293386,0.57561,0.5,0.166667,0.121622,0,0,0.5
0,211,-0.787246,-0.775994,-1.16803,0.111111,0.125,0.148936,0,0,0.6
0,211,-0.27782,-1.24424,-0.599581,0.2,0.111111,0.0632911,0,0,0.7
0,211,-0.593874,-0.243474,-0.43248,0.166667,0.142857,0.0833333,1,0,0.8
0,211,-0.918886,-1.95561,-1.69333,0.1,0.1,0.0853659,0,0,0.9
0,211,0.331173,1.21756,1.17988,0.333333,0.5,0.0957447,1,0.166667,1
0,212,0.995406,-0.339594,0.425332,0.333333,0.166667,0.0485437,1,0.833333,0.1
0,212,-0.828321,2.49676,0.499097,0.125,1,0.129032,1,0.833333,0.2
0,212,0.0778945,0.621139,0.892305,0.25,0.333333,0.222222,1,1,0.3
0,212,-0.45622,-0.408111,-0.50928,0.166667,0.142857,0.0609756,1,1,0.4
1,212,-0.36937,-0.285239,0.173542,0.2,0.2,0.104167,1,1,0.5
0,212,-0.460554,-0.952457,-1.15898,0.142857,0.111111,0.0632911,1,1,0.6
0,212,-0.852277,-0.0267976,-0.468976,0.111111,0.25,0.0714286,0,0,0.7
1,212,2.05165,-0.723832,0.499097,1,0.125,0.104478,1,0,0.8
0,212,1.10667,0.678664,1.6419,0.5,0.5,0.091954,1,0.666667,0.9
0,212,-1.26488,-1.06053,-1.99404,0.1,0.1,0.0352941,0,0,1
0,213,0.601993,-1.45398,-0.461638,0.333333,0.1,0.146341,0,0,0.1
0,213,-0.835269,-0.124571,-0.781762,0.125,0.166667,0.136364,0,0,0.2
0,213,-1.00971,-0.948189,-1.70803,0.111111,0.111111,0.142857,0,0,0.3
0,213,-0.325265,0.620178,0.705794,0.2,0.333333,0.119048,1,0.5,0.4
0,213,0.246312,0.52964,0.697687,0.25,0.25,0.177419,0,0,0.5
0,213,-1.08531,0.118279,-0.980496,0.1,0.2,0.102273,1,0.5,0.6
0,213,-0.63589,2.16102,0.770794,0.142857,1,0.225,0,0,0.7
1,213,1.26895,0.647644,1.76862,0.5,0.5,0.159091,1,0.5,0.8
0,213,-0.335116,-0.74734,-0.548584,0.166667,0.142857,0.084507,1,0.5,0.9
1,213,2.1093,-0.802681,0.537615,1,0.125,0.181818,0,0,1
0,214,-0.805046,1.76153,0.503006,0.125,1,0.0652174,0,0,0.1
0,214,-0.883164,-0.689538,-1.38623,0.111111,0.125,0.0517241,0,0.333333,0.2
0,214,-0.595434,-0.291354,-0.056794,0.166667,0.2,0.0677966,0,0.666667,0.3
1,214,0.306811,-0.506506,0.182142,0.25,0.166667,0.0892857,1,0.166667,0.4
0,214,-0.339046,1.0073,0.660358,0.2,0.333333,0.0769231,0,0.333333,0.5
0,214,0.621322,-0.123713,0.899294,0.333333,0.25,0.0495868,0,0,0.6
1,214,2.40474,-1.28273,0.0853703,1,0.1,0.0666667,1,0,0.7
0,214,-0.889573,-0.760661,-1.80386,0.1,0.111111,0.04,0,0.333333,0.8
0,214,-0.628654,-0.660327,-0.738047,0.142857,0.142857,0.0547945,0,0.333333,0.9
0,214,0.808046,1.54599,1.65476,0.5,0.5,0.125,1,0.166667,1
1,215,1.23597,-2.60776,0.0924534,1,0.1,0.121212,1,0,0.1
0,215,-0.47176,0.292535,-0.0461748,0.142857,0.25,0.170732,1,1.33333,0.2
1,215,0.7217,0.108979,0.448173,0.25,0.2,0.131579,1,1.33333,0.3
0,215,0.760954,0.764103,1.24088,0.333333,0.333333,0.133333,1,1.33333,0.4
0,215,0.720828,-0.166068,-0.541204,0.2,0.125,0.116279,1,1.33333,0.5
0,215,-1.50856,0.0346232,-1.02154,0.111111,0.166667,0.130435,1,1.33333,0.6
0,215,-1.51366,0.990168,-0.192169,0.1,0.5,0.15,1,1.33333,0.7
0,215,0.956745,1.14197,2.07668,0.5,1,0.183673,1,1.33333,0.8
0,215,-1.05981,-0.435808,-1.50124,0.125,0.111111,0.14,1,1.33333,0.9
0,215,0.157593,-0.122747,-0.555854,0.166667,0.142857,0.125,1,1.33333,1
0,216,-0.232014,1.85173,1.6981,0.25,1,0.0853659,0,0,0.1
1,216,2.94192,-0.391572,1.13394,1,0.166667,0.2,1,0,0.2
0,216,-0.388702,0.461147,-0.0680806,0.166667,0.2,0.0857143,0,0,0.3
0,216,-0.393879,0.692607,0.244401,0.142857,0.333333,0.1,0,0,0.4
0,216,-0.204768,-0.659792,-0.0171228,0.333333,0.125,0.134615,0,0,0.5
0,216,0.175199,-1.59872,-0.21271,0.5,0.1,0.0795455,1,0,0.6
1,216,-0.491452,-1.16292,-1.66171,0.125,0.111111,0.101695,0,0,0.7
0,216,-0.38208,0.617862,0.496078,0.2,0.25,0.0810811,0,0,0.8
0,216,-0.525768,-0.605904,-1.64687,0.1,0.142857,0.0634921,0,0,0.9
0,216,-0.498459,0.795566,0.0339781,0.111111,0.5,0.0943396,0,0,1
0,217,-0.0224511,-0.148772,0.701588,0.333333,0.25,0.142857,1,0.166667,0.1
0,217,-0.405541,0.0548584,0.159061,0.142857,0.333333,0.0930233,0,0.166667,0.2
1,217,2.9551,2.79686,1.70104,1,1,0.590909,1,0.166667,0.3
0,217,-0.449295,-0.717414,-1.24674,0.111111,0.111111,0.113924,0,0.166667,0.4
0,217,-0.40464,-0.1512,-0.0443081,0.166667,0.2,0.121212,1,0.166667,0.5
0,217,-0.543754,-0.790139,-1.56784,0.1,0.1,0.172414,0,0,0.6
0,217,-0.344356,-0.262014,0.142099,0.25,0.166667,0.147541,0,0,0.7
0,217,-0.444959,-0.684161,-0.9162,0.125,0.125,0.152174,1,0.333333,0.8
1,217,0.0126139,0.424814,1.29097,0.5,0.5,0.121212,1,0.166667,0.9
0,217,-0.35272,-0.522834,-0.21967,0.2,0.142857,0.173913,0,0,1
0,218,-0.135115,-1.72375,-0.819259,0.25,0.1,0.105263,0,0,0.1
0,218,-0.627869,-0.0905163,-0.603468,0.125,0.2,0.0666667,0,0,0.2
1,218,2.7129,-0.877612,0.351596,1,0.111111,0.169492,0,0,0.3
0,218,-0.649236,-0.0996985,-1.13907,0.111111,0.166667,0.129032,0,0,0.4
0,218,-0.160996,-0.401696,-0.340017,0.2,0.142857,0.04375,0,0,0.5
0,218,-0.55358,0.641551,0.246202,0.142857,0.333333,0.178571,0,0,0.6
0,218,-0.987458,0.758776,-0.214277,0.1,0.5,0.046729,0,0,0.7
1,218,0.492885,2.0448,2.31559,0.5,1,0.111111,1,0,0.8
0,218,-0.400455,-0.78878,-0.883254,0.166667,0.125,0.0546875,0,0,0.9
0,218,0.308921,0.536921,1.08595,0.333333,0.25,0.150943,0,0,1
0,219,-0.362663,-0.035685,-0.637528,0.142857,0.166667,0.0857143,1,0.333333,0.1
0,219,-0.0596627,-0.0903804,-0.0177422,0.333333,0.125,0.1,1,0.666667,0.2
0,219,-0.874959,1.10162,0.0352073,0.111111,0.5,0.157895,1,0.833333,0.3
0,219,0.998506,0.350235,1.73929,0.5,0.333333,0.132075,1,0.666667,0.4
1,219,-0.144001,0.120058,0.217244,0.2,0.2,0.1,0,0,0.5
0,219,-1.17251,-1.60162,-2.24057,0.1,0.111111,0.0625,0,0,0.6
0,219,-0.250893,1.76746,1.17496,0.166667,1,0.368421,1,0.833333,0.7
0,219,-0.554891,0.159735,-0.323945,0.125,0.25,0.116667,0,0,0.8
0,219,-0.0942939,-0.062193,-0.0529595,0.25,0.142857,0.0686275,1,0.666667,0.9
1,219,2.51537,-1.70922,0.106038,1,0.1,0.0714286,0,0,1
1,220,0.330135,1.59678,1.03325,0.25,0.5,0.25,0,0.333333,0.1
0,220,0.46499,-0.123799,0.410477,0.5,0.142857,0.0869565,1,0.166667,0.2
0,220,0.332317,-1.17349,-0.202507,0.333333,0.111111,0.0617284,0,0,0.3
0,220,-0.770978,-1.76673,-1.61543,0.111111,0.1,0.075,1,0.166667,0.4
0,220,-0.307565,-0.0943838,-0.258354,0.166667,0.166667,0.0909091,1,0.333333,0.5
0,220,-0.298081,0.040839,0.370608,0.2,0.25,0.0925926,1,0.333333,0.6
1,220,2.61654,1.66927,1.95263,1,1,0.163934,1,0,0.7
0,220,-1.00826,-0.325928,-1.42572,0.1,0.125,0.0377358,1,0,0.8
0,220,-0.686283,0.182388,-0.012792,0.125,0.333333,0.102041,0,0,0.9
0,220,-0.672812,-0.00493513,-0.25216,0.142857,0.2,0.111111,0,0,1
1,221,1.94491,0.252535,1.82714,1,0.333333,0.111111,0,0,0.1
0,221,-1.15199,1.78013,0.319879,0.111111,1,0.238095,1,0.166667,0.2
0,221,-0.552345,-0.185846,-0.563892,0.142857,0.166667,0.101449,0,0,0.3
0,221,-1.18639,1.54746,-0.194948,0.1,0.5,0.2,0,0,0.4
0,221,-0.411444,-0.534631,-0.803578,0.166667,0.125,0.1,0,0,0.5
0,221,0.12968,-1.01727,-0.519267,0.25,0.111111,0.1,0,0,0.6
0,221,1.21294,0.116823,1.26756,0.5,0.25,0.115942,0,0,0.7
0,221,0.052939,-0.186058,-0.309345,0.2,0.142857,0.0727273,0,0,0.8
1,221,-0.889997,-1.72241,-1.74904,0.125,0.1,0.0666667,0,0,0.9
0,221,0.851692,-0.0507331,0.72549,0.333333,0.2,0.0879121,1,0.166667,1
0,222,1.31243,0.56419,1.08381,1,0.25,0.173913,0,0,0.1
0,222,1.131,1.54576,1.46711,0.5,1,0.26087,1,0.333333,0.2
1,222,0.71722,0.380223,0.133815,0.2,0.2,0.151515,1,0,0.3
1,222,0.82614,0.87117,0.688037,0.25,0.333333,0.104478,1,0.333333,0.4
0,222,0.956328,1.37749,1.07134,0.333333,0.5,0.206897,1,0.333333,0.5
0,222,-0.988624,-0.947768,-0.220719,0.166667,0.166667,0,0,0,0.6
0,222,-0.988624,-0.947768,-0.56467,0.142857,0.142857,0,0,0,0.7
0,222,-0.988624,-0.947768,-0.898504,0.125,0.125,0,0,0,0.8
0,222,-0.988624,-0.947768,-1.22266,0.111111,0.111111,0,0,0,0.9
0,222,-0.988624,-0.947768,-1.53756,0.1,0.1,0,0,0,1
0,223,-0.62485,-0.955776,-0.944623,0.142857,0.111111,0.119403,0,0,0.1
1,223,0.524926,0.14727,0.534039,0.333333,0.2,0.211538,1,0.333333,0.2
0,223,-0.858213,0.271296,-0.382237,0.111111,0.25,0.0918367,1,0,0.3
1,223,2.49055,1.5265,1.76331,1,1,0.214286,0,0.166667,0.4
0,223,-0.0370921,0.991367,0.739835,0.2,0.5,0.166667,1,0.166667,0.5
0,223,-1.11111,-2.06493,-1.62523,0.1,0.1,0.125,0,0,0.6
0,223,0.698937,0.909752,1.13243,0.5,0.333333,0.162791,1,0.333333,0.7
0,223,-0.276836,-0.0680874,-0.415086,0.166667,0.142857,0.171875,0,0,0.8
0,223,-0.0367466,0.00545156,0.1473,0.25,0.166667,0.100917,1,0.333333,0.9
0,223,-0.769558,-0.762852,-0.949737,0.125,0.125,0.0687023,0,0,1
0,224,0.604885,0.0964009,0.79595,0.333333,0.25,0.159091,0,0.166667,0.1
0,224,-0.81683,-1.00495,-1.03943,0.125,0.125,0.0769231,0,0.166667,0.2
0,224,-1.96168,-1.12605,-1.59657,0.1,0.111111,0.0961538,1,0,0.3
0,224,-0.87977,0.034146,-0.629812,0.111111,0.2,0.107692,1,0.166667,0.4
0,224,0.184263,0.672209,0.379402,0.166667,0.333333,0.153846,0,0.166667,0.5
0,224,0.467898,-1.13913,-0.811954,0.2,0.1,0.138889,0,0,0.6
1,224,0.504755,1.09456,1.02118,0.25,0.5,0.205128,1,0.166667,0.7
1,224,1.47293,-0.710464,0.638299,1,0.142857,0.133333,1,0,0.8
0,224,-0.676445,0.0195511,-0.454285,0.142857,0.166667,0.0987654,0,0,0.9
0,224,1.09999,2.06372,1.69722,0.5,1,0.21875,1,0.5,1
0,225,-1.5448,-1.11522,-1.68051,0.1,0.111111,0.101266,0,0,0.1
0,225,1.37438,0.637306,1.07487,0.5,0.25,0.131868,1,0.333333,0.2
0,225,-0.560438,-0.00890339,-0.262319,0.142857,0.2,0.105769,0,0,0.3
0,225,-1.11313,-0.777109,-1.08819,0.111111,0.142857,0.1125,0,0,0.4
0,225,0.158061,1.1328,0.852274,0.2,0.5,0.109244,1,0.5,0.5
1,225,1.74316,-0.194607,0.881267,1,0.166667,0.196429,1,0,0.6
0,225,-0.218935,-0.893783,-0.681419,0.166667,0.125,0.113402,0,0,0.7
0,225,0.676843,1.79062,1.54938,0.333333,1,0.128713,1,0.5,0.8
1,225,0.226776,-1.34781,-0.632048,0.25,0.1,0.178571,0,0,0.9
0,225,-0.741924,0.776712,-0.0133073,0.125,0.333333,0.0555556,1,0.333333,1
1,226,-0.145444,0.0923673,-0.0484685,0.166667,0.2,0.16129,1,0.333333,0.1
0,226,1.47492,-0.16428,0.807283,1,0.166667,0.0821918,0,0,0.2
1,226,-2.18778,-2.23356,-1.71505,0.1,0.1,0.0454545,0,0,0.3
0,226,-0.369254,-0.416342,-0.996831,0.142857,0.111111,0.046729,0,0,0.4
0,226,-0.481181,0.255605,-0.0121902,0.125,0.333333,0.108696,0,0,0.5
0,226,0.84169,1.98586,1.41931,0.333333,1,0.0779221,0,0,0.6
0,226,1.08031,0.197505,0.984634,0.5,0.25,0.08,0,0,0.7
0,226,-0.780358,-0.31367,-1.18302,0.111111,0.125,0.0757576,1,0.333333,0.8
0,226,0.327684,0.787183,0.984634,0.25,0.5,0.113208,1,0.333333,0.9
0,226,0.239415,-0.190669,-0.240297,0.2,0.142857,0.101695,0,0,1
0,227,2.04323,-1.24775,0.078802,1,0.1,0.109375,0,0,0.1
0,227,-0.46311,-0.975081,-0.67516,0.166667,0.125,0.173913,0,0.333333,0.2
0,227,-0.719983,-0.93621,-0.882645,0.125,0.142857,0.12963,1,0.5,0.3
0,227,-0.844198,0.144927,-0.870705,0.111111,0.166667,0.114286,1,0,0.4
1,227,1.0502,1.55864,1.29255,0.333333,0.5,0.185185,1,0.5,0.5
0,227,-0.341326,0.3211,0.161445,0.2,0.2,0.0833333,0,0,0.6
1,227,-0.623244,0.343574,0.188197,0.142857,0.333333,0.166667,1,0.5,0.7
0,227,-1.14623,-1.13624,-1.66508,0.1,0.111111,0.0972222,0,0.333333,0.8
0,227,-0.153064,0.332427,0.602549,0.25,0.25,0.115385,1,0.5,0.9
0,227,1.19773,1.59461,1.77004,0.5,1,0.178571,1,0.333333,1
0,228,-0.2133,-0.574149,-0.435429,0.166667,0.142857,0.1,0,0,0.1
0,228,-1.15781,-1.17036,-1.70488,0.1,0.1,0.0384615,1,0,0.2
1,228,0.157239,-0.121679,0.776093,0.5,0.2,0.102564,0,0,0.3
1,228,2.78938,2.45754,1.84973,1,1,0.240741,1,0,0.4
0,228,-0.500173,-0.781726,-1.176,0.125,0.111111,0.0963855,0,0,0.5
0,228,-0.0913684,0.102665,0.351077,0.2,0.25,0.104651,0,0,0.6
0,228,-0.426405,0.874307,0.388845,0.142857,0.5,0.0989011,0,0,0.7
0,228,0.121209,-0.630783,-0.0121178,0.333333,0.125,0.111111,1,0,0.8
0,228,-0.587577,-0.552383,-0.800227,0.111111,0.166667,0.0808081,0,0,0.9
0,228,-0.0912019,0.39657,0.762912,0.25,0.333333,0.0614525,0,0,1
0,229,-0.667795,1.33658,1.17468,0.142857,1,0.076087,0,0,0.1
1,229,-0.0731107,0.920597,1.07562,0.2,0.333333,0.222222,1,0.166667,0.2
0,229,-0.857236,0.469686,-0.814,0.125,0.2,0.113208,0,0,0.3
0,229,-1.06486,1.03575,-0.289032,0.1,0.5,0.0540541,0,0,0.4
1,229,0.77725,-0.407294,0.332095,0.333333,0.142857,0.0642202,1,0,0.5
0,229,-0.594933,-1.02658,-1.53646,0.166667,0.111111,0.0804598,0,0,0.6
0,229,0.281291,0.719666,1.06326,0.25,0.25,0.1,0,0,0.7
0,229,-1.00949,-0.377061,-1.53646,0.111111,0.166667,0.0659341,0,0,0.8
0,229,1.11702,-1.8946,-0.289032,0.5,0.1,0.07,0,0,0.9
0,229,2.09187,-0.776741,0.819318,1,0.125,0.163265,1,0.166667,1
0,230,-0.990737,-1.03501,-1.46468,0.1,0.111111,0.1,0,0,0.1
0,230,0.97647,0.65532,0.930364,0.333333,0.333333,0.125,1,0.5,0.2
0,230,-0.610942,0.266245,-0.228628,0.142857,0.2,0.109589,1,0.833333,0.3
0,230,1.4231,1.16558,1.34361,0.5,0.5,0.173077,1,0.166667,0.4
0,230,-0.723098,0.0197811,-0.593902,0.125,0.166667,0.0875,0,0.666667,0.5
1,230,-0.223105,-1.39359,-0.550872,0.25,0.1,0.111111,0,0.666667,0.6
0,230,-0.811095,-1.02751,-1.12557,0.111111,0.125,0.142857,0,0.666667,0.7
0,230,-0.580333,0.269645,0.147893,0.166667,0.25,0.0886076,0,0.666667,0.8
0,230,-0.437147,-0.767159,-0.228628,0.2,0.142857,0.103896,0,0,0.9
1,230,1.97689,1.8467,1.77041,1,1,0.305556,0,0.166667,1
0,231,0.127661,-1.2285,-0.381297,0.333333,0.1,0.111111,0,0,0.1
0,231,-0.628777,-0.307174,-0.453111,0.142857,0.166667,0.0634921,0,0,0.2
1,231,2.21062,2.1792,1.92484,1,1,0.195652,0,0,0.3
0,231,-0.611228,0.376461,0.378422,0.166667,0.333333,0.139535,1,0.333333,0.4
0,231,-0.303476,-1.159,-0.628184,0.2,0.111111,0.109091,0,0.166667,0.5
1,231,1.61402,1.22861,1.46082,0.5,0.5,0.127273,0,0,0.6
0,231,-0.748557,-0.446975,-1.21283,0.1,0.142857,0.0666667,0,0,0.7
0,231,-0.675936,-0.594419,-1.03674,0.125,0.125,0.111111,1,0.5,0.8
0,231,-0.74619,-0.246303,-0.628184,0.111111,0.2,0.0793651,1,0.333333,0.9
0,231,-0.238139,0.198102,0.576265,0.25,0.25,0.0921053,0,0,1
0,232,0.508125,0.716936,1.27025,0.5,0.5,0.13913,1,0.166667,0.1
0,232,0.0689476,-0.397122,-0.216144,0.2,0.142857,0.157303,1,0.666667,0.2
1,232,-0.992612,-1.8134,-1.54267,0.1,0.1,0.195652,1,0.166667,0.3
1,232,2.64263,2.10593,1.67374,1,1,0.355932,1,0.666667,0.4
0,232,0.120884,-0.033359,0.317674,0.25,0.2,0.380952,0,0,0.5
0,232,-0.886198,-0.764224,-1.22673,0.111111,0.111111,0.148649,0,0,0.6
0,232,-0.528996,-0.319608,-0.394,0.142857,0.166667,0.171053,1,0.5,0.7
0,232,0.198564,0.506827,0.690325,0.333333,0.25,0.25,1,0,0.8
0,232,-0.633119,-0.575777,-0.901492,0.125,0.125,0.19403,1,0.333333,0.9
0,232,-0.498225,0.573798,0.329055,0.166667,0.333333,0.2,1,0.5,1
0,233,0.60284,0.207892,0.512862,0.333333,0.166667,0.0795455,0,0,0.1
0,233,-0.657006,-1.29363,-1.39749,0.142857,0.111111,0.0566038,1,1,0.2
1,233,1.56173,1.29679,1.9798,0.5,0.5,0.130435,1,1,0.3
0,233,-0.2692,-1.50592,-0.811703,0.25,0.1,0.0735294,1,1,0.4
0,233,-0.71373,0.625229,-0.312033,0.125,0.25,0.0943396,1,1,0.5
0,233,-0.337956,-1.29001,-0.597902,0.2,0.125,0.0649351,1,1,0.6
1,233,2.05159,0.296866,1.40897,1,0.2,0.209302,1,1,0.7
0,233,-0.389538,-0.28055,-0.614086,0.166667,0.142857,0.115385,1,1,0.8
0,233,-0.932956,0.637232,-0.516759,0.1,0.333333,0.032967,0,0.166667,0.9
0,233,-0.915779,1.3061,0.348353,0.111111,1,0.0576923,0,0.166667,1
0,234,-0.216523,-0.315677,-0.28432,0.2,0.142857,0.12766,0,0,0.1
0,234,-0.868606,0.736352,-0.179178,0.1,0.5,0.0697674,1,0.666667,0.2
1,234,2.52847,2.1594,2.20167,1,1,0.184211,1,0.666667,0.3
0,234,-0.845001,-0.0747303,-0.952484,0.111111,0.166667,0.0638298,1,0.666667,0.4
0,234,-0.799687,-0.348607,-1.18584,0.125,0.125,0.117647,1,0.666667,0.5
0,234,0.00646032,0.33309,0.908069,0.25,0.333333,0.0729167,1,0,0.6
1,234,-0.62479,-1.37773,-1.17946,0.142857,0.111111,0.147059,0,0,0.7
0,234,0.849171,-1.56486,-0.179178,0.5,0.1,0.0769231,0,0,0.8
0,234,0.397577,0.164577,0.666801,0.333333,0.2,0.0864198,0,0,0.9
0,234,-0.427071,0.288188,0.183919,0.166667,0.25,0.0482759,1,0.666667,1
0,235,-1.3373,-0.539389,-1.15053,0.1,0.142857,0.0806452,0,0,0.1
1,235,1.07255,0.131164,1.17267,0.5,0.333333,0.0792079,0,0,0.2
1,235,-0.596382,1.72292,0.38385,0.142857,0.5,0.084507,0,0,0.3
0,235,-0.795158,-0.683788,-1.3383,0.111111,0.111111,0.0895522,1,0.666667,0.4
0,235,-0.273891,-0.433422,-0.047562,0.2,0.166667,0.0945946,1,0.666667,0.5
0,235,2.17671,-0.0496083,1.18631,1,0.25,0.142857,0,0,0.6
0,235,0.374563,-0.40609,0.346567,0.25,0.2,0.1,1,0.666667,0.7
0,235,0.574308,2.02645,1.39276,0.333333,1,0.347826,1,0.666667,0.8
0,235,-0.403225,-1.2238,-0.962288,0.166667,0.1,0.0925926,0,0,0.9
0,235,-0.792173,-0.544434,-0.983484,0.125,0.125,0.0909091,1,0.666667,1
0,236,0.764996,1.67581,1.48137,0.5,1,0.0909091,0,0,0.1
0,236,-0.58392,0.352251,-0.0329382,0.142857,0.25,0.0987654,1,0,0.2
0,236,-0.215401,-0.269452,-0.0438746,0.166667,0.2,0.123457,0,0,0.3
0,236,-1.14052,-1.28244,-1.5525,0.1,0.1,0.0923077,0,0,0.4
0,236,0.0602916,-0.324215,0.140708,0.25,0.166667,0.147059,1,0.166667,0.5
1,236,-0.81009,-0.875135,-0.907236,0.125,0.125,0.111111,0,0,0.6
1,236,2.443,1.60452,1.48137,1,0.5,0.294118,1,0,0.7
0,236,0.524196,0.670686,0.885167,0.333333,0.333333,0.189655,0,0,0.8
0,236,-0.146916,-0.422004,-0.217521,0.2,0.142857,0.103448,1,0.166667,0.9
0,236,-0.895637,-1.13003,-1.23454,0.111111,0.111111,0.0888889,0,0,1
1,237,-0.0629586,0.562013,0.928417,0.333333,0.333333,0.120879,0,0,0.1
1,237,2.63383,2.55434,1.7667,1,1,0.217949,1,0.166667,0.2
0,237,-0.634068,-0.435082,-0.592659,0.125,0.166667,0.0720721,0,0,0.3
0,237,-0.167514,-0.51474,-0.0345476,0.25,0.142857,0.107527,1,0,0.4
0,237,-0.851222,-0.620738,-1.28996,0.1,0.125,0.0823529,0,0,0.5
0,237,-0.30595,0.717706,0.553523,0.166667,0.5,0.0721649,1,0,0.6
0,237,0.918184,-0.230714,0.741259,0.5,0.2,0.0805369,0,0,0.7
0,237,-0.468501,-0.81383,-0.946441,0.142857,0.111111,0.0825688,0,0,0.8
0,237,-0.227258,-0.193337,0.335319,0.2,0.25,0.0989011,0,0,0.9
0,237,-0.834546,-1.02562,-1.46161,0.111111,0.1,0.0752688,1,0.166667,1
0,238,-0.785054,-0.50657,-1.48358,0.142857,0.125,0.163265,1,1.16667,0.1
0,238,-1.18624,0.604284,-0.350841,0.111111,0.333333,0.152174,1,1.16667,0.2
0,238,-0.0302414,0.856947,1.46766,0.166667,1,0.11,1,1.16667,0.3
1,238,0.957895,-0.62645,-0.350841,0.333333,0.111111,0.13253,1,1.16667,0.4
0,238,-1.12731,0.806691,0.372656,0.125,0.5,0.125,1,1.16667,0.5
0,238,0.616317,-0.112582,-0.0661522,0.25,0.142857,0.185185,1,1.16667,0.6
1,238,1.07312,0.603977,1.79008,0.5,0.25,0.204545,1,0.166667,0.7
0,238,-1.30815,0.540406,-1.42332,0.1,0.2,0.111111,1,1.16667,0.8
0,238,0.208168,0.430563,-0.0881166,0.2,0.166667,0.11236,1,1.16667,0.9
0,238,1.58151,-2.59727,0.132453,1,0.1,0.129032,1,0.166667,1
1,239,1.61626,1.90224,1.23816,0.5,0.5,0.0566038,1,0,0.1
1,239,2.33215,2.09408,1.63145,1,1,0.0909091,1,0,0.2
0,239,-0.493552,-0.49954,0.857342,0.333333,0.333333,0,0,0,0.3
0,239,-0.493552,-0.49954,0.488429,0.25,0.25,0,0,0,0.4
0,239,-0.493552,-0.49954,0.130868,0.2,0.2,0,0,0,0.5
0,239,-0.493552,-0.49954,-0.215859,0.166667,0.166667,0,0,0,0.6
0,239,-0.493552,-0.49954,-0.552235,0.142857,0.142857,0,0,0,0.7
0,239,-0.493552,-0.49954,-0.878718,0.125,0.125,0,0,0,0.8
0,239,-0.493552,-0.49954,-1.19574,0.111111,0.111111,0,0,0,0.9
0,239,-0.493552,-0.49954,-1.5037,0.1,0.1,0,0,0,1
0,240,-1.09517,-0.584625,-1.47928,0.1,0.111111,0.072,0,0.166667,0.1
0,240,-0.13669,0.922645,0.541536,0.2,0.333333,0.234043,0,0,0.2
0,240,-0.835346,-0.25557,-0.77355,0.111111,0.166667,0.0833333,0,0,0.3
1,240,0.177454,-1.97044,-0.556365,0.25,0.1,0.170732,0,0.333333,0.4
0,240,-0.536273,-0.0368522,-0.230908,0.142857,0.2,0.103774,0,0.333333,0.5
1,240,2.38821,1.54175,1.78806,1,1,0.142857,0,0.333333,0.6
0,240,0.226143,0.094706,0.737479,0.333333,0.25,0.0869565,0,0,0.7
0,240,-0.788431,-0.529218,-0.784158,0.125,0.142857,0.0769231,0,0,0.8
0,240,-0.477329,-0.554873,-0.599825,0.166667,0.125,0.130952,0,0,0.9
0,240,1.07744,1.37248,1.35701,0.5,0.5,0.110236,1,0.166667,1
0,241,0.498159,0.148541,0.748848,0.5,0.2,0.196078,0,0,0.1
0,241,-0.797591,-1.06936,-1.30812,0.111111,0.111111,0.24,0,0,0.2
0,241,-0.527166,-0.176533,-0.598727,0.125,0.166667,0.0980392,0,0,0.3
0,241,-0.338803,0.321559,0.350888,0.166667,0.333333,0.113402,1,0.5,0.4
0,241,-1.02822,-1.05181,-1.30317,0.1,0.125,0.125,0,0.333333,0.5
0,241,-0.20898,-1.3427,-0.750931,0.2,0.1,0.169811,0,0,0.6
0,241,-0.466823,-0.371902,-0.604139,0.142857,0.142857,0.136986,1,0.333333,0.7
0,241,-0.136745,1.58276,0.944432,0.25,0.5,0.0940171,1,0.5,0.8
1,241,0.305805,0.196294,0.736129,0.333333,0.25,0.144928,0,0,0.9
1,241,2.70036,1.76316,1.78479,1,1,0.134146,1,0,1
0,242,-0.42425,0.61175,-0.0849134,0.142857,0.25,0.208333,0,0,0.1
1,242,2.84519,-1.97842,0.170018,1,0.1,0.140845,1,0,0.2
1,242,0.381492,0.433424,1.82192,0.5,0.2,0.203704,0,0,0.3
0,242,-0.81261,0.863898,-0.35339,0.1,0.5,0.191489,1,0,0.4
0,242,-0.563476,-0.0182534,-1.45668,0.125,0.166667,0.141026,0,0,0.5
0,242,-0.591387,1.31302,0.579858,0.111111,1,0.192982,0,0,0.6
0,242,-0.0843652,-0.0551985,-0.0849134,0.25,0.142857,0.102564,0,0,0.7
0,242,-0.369865,-0.427415,-1.45668,0.166667,0.125,0.141026,0,0,0.8
0,242,-0.0572845,-1.5097,-0.450341,0.333333,0.111111,0.12987,0,0,0.9
0,242,-0.323439,0.766903,1.31512,0.2,0.333333,0.16,0,0,1
0,243,-0.440241,-0.232633,0.148093,0.2,0.2,0.135593,0,0,0.1
0,243,-0.485105,-1.22128,-0.972943,0.166667,0.1,0.101266,0,0,0.2
1,243,2.15058,2.11968,1.84619,1,1,0.24,1,0.166667,0.3
0,243,-0.211085,-0.490245,-0.220829,0.25,0.125,0.0857143,0,0,0.4
0,243,-0.704096,-0.229185,-0.57445,0.1,0.25,0.102941,1,0.166667,0.5
1,243,1.75903,1.67482,1.40112,0.5,0.5,0.106383,1,0.166667,0.6
0,243,-0.670207,-0.302285,-0.619323,0.125,0.166667,0.0886076,0,0,0.7
0,243,-0.672563,-0.421948,-0.989021,0.111111,0.142857,0.0851064,0,0,0.8
0,243,-0.633428,-0.758101,-0.989021,0.142857,0.111111,0.0786517,0,0,0.9
0,243,-0.0928829,-0.138821,0.970186,0.333333,0.333333,0.115385,1,0.166667,1
1,244,0.276486,-0.554138,-0.0421103,0.25,0.142857,0.0357143,1,0,0.1
1,244,-1.34013,-0.39481,-1.13487,0.1,0.166667,0.0307692,0,0,0.2
0,244,2.41648,-1.20955,0.0843152,1,0.1,0.0571429,0,0,0.3
0,244,-0.663917,-1.02586,-1.36909,0.125,0.111111,0.0258621,0,0,0.4
0,244,-0.550106,-0.185428,-0.278093,0.142857,0.2,0.0410959,0,0,0.5
0,244,0.577175,2.30386,1.64255,0.333333,1,0.047619,1,0,0.6
0,244,-0.394694,0.887251,0.674693,0.166667,0.5,0.0483871,0,0,0.7
0,244,-0.66823,-0.706026,-1.36909,0.111111,0.125,0.025641,0,0,0.8
0,244,0.697495,0.407267,1.13951,0.5,0.25,0.05,0,0,0.9
0,244,-0.350554,0.477433,0.652196,0.2,0.333333,0.0283019,0,0,1
0,245,0.957707,0.28515,1.16173,0.5,0.333333,0.179104,0,0,0.1
1,245,2.63232,2.34327,1.80893,1,1,0.326087,1,0,0.2
0,245,-0.20621,0.0753104,0.343333,0.25,0.2,0.217391,0,0,0.3
1,245,-1.05898,-1.94061,-1.66728,0.1,0.1,0.0821918,1,0,0.4
0,245,-0.180799,-0.33579,0.169149,0.333333,0.142857,0.114583,0,0.166667,0.5
0,245,-0.322631,-0.103157,-0.0471182,0.2,0.166667,0.157895,0,0,0.6
0,245,-0.537254,-0.502316,-1.32581,0.111111,0.111111,0.104651,0,0,0.7
0,245,-0.338366,0.18896,0.151111,0.166667,0.25,0.147059,0,0.166667,0.8
0,245,-0.43722,-0.355141,-0.793308,0.142857,0.125,0.0884956,1,0.166667,0.9
0,245,-0.508574,0.344328,0.199269,0.125,0.5,0.1875,1,0.166667,1
0,246,-0.609375,0.638008,-0.0231847,0.125,0.333333,0.111111,0,0.166667,0.1
0,246,-0.56166,-2.40818,-1.86508,0.166667,0.1,0.0735294,1,0.166667,0.2
0,246,-0.940227,0.469705,-0.767164,0.111111,0.25,0.0759494,1,0.166667,0.3
0,246,-0.0513371,-0.061612,-0.811137,0.2,0.125,0.0958904,0,0,0.4
1,246,2.09757,0.0250665,1.53539,1,0.166667,0.136364,1,0.166667,0.5
0,246,-0.600663,0.831252,0.743966,0.142857,0.5,0.111111,0,0,0.6
1,246,1.58237,0.377122,1.48488,0.5,0.2,0.146667,1,0,0.7
0,246,0.0928086,-1.0934,-0.367032,0.333333,0.111111,0.0695652,0,0.166667,0.8
0,246,0.0626669,-0.0187184,-0.0692052,0.25,0.142857,0.173077,0,0,0.9
0,246,-1.07215,1.24076,0.138566,0.1,1,0.0568182,1,0.166667,1
0,247,1.78616,0.533898,1.45604,1,0.333333,0.0980392,1,0.5,0.1
0,247,0.546382,0.462091,0.787325,0.333333,0.25,0.0892857,1,0.5,0.2
0,247,-1.10941,-1.5098,-1.75944,0.1,0.1,0.0300752,0,0.5,0.3
1,247,-0.834062,-0.483929,-0.83716,0.125,0.142857,0.0789474,1,0.5,0.4
0,247,-1.07325,1.5035,0.0248159,0.111111,0.5,0.097561,0,0.5,0.5
0,247,-0.767049,0.173215,-0.246515,0.142857,0.2,0.0265487,0,0.5,0.6
1,247,-0.1075,-0.218431,-0.0497228,0.2,0.166667,0.0261438,1,0.5,0.7
0,247,-0.248298,-0.81515,-0.640367,0.166667,0.125,0.0588235,0,0,0.8
0,247,1.65801,1.57769,1.67883,0.5,1,0.25,1,0.5,0.9
0,247,0.149017,-1.22308,-0.413801,0.25,0.111111,0.047619,0,0,1
0,248,-0.0968353,0.046925,0.493034,0.25,0.25,0.0506329,1,0.166667,0.1
0,248,-0.306167,0.0374206,-0.0428961,0.166667,0.2,0.0384615,0,0,0.2
0,248,0.495776,0.609735,1.05763,0.333333,0.5,0.0325203,0,0,0.3
0,248,0.947294,0.531386,1.05763,0.5,0.333333,0.0365854,1,0,0.4
1,248,-0.923522,-1.33971,-1.51788,0.1,0.1,0.0540541,1,0.166667,0.5
1,248,2.45401,2.40278,1.64683,1,1,0.142857,1,0,0.6
0,248,-0.696076,-0.45286,-0.722222,0.125,0.142857,0.0434783,0,0,0.7
0,248,-0.692142,-0.694015,-0.722222,0.142857,0.125,0.0410959,0,0.166667,0.8
0,248,-0.26244,-0.104106,-0.0428961,0.2,0.166667,0.0379747,0,0,0.9
0,248,-0.919898,-1.03755,-1.20701,0.111111,0.111111,0.0241935,0,0.166667,1
0,249,-0.448042,-0.0190631,0.345828,0.166667,0.333333,0.0918367,1,0.833333,0.1
1,249,0.941216,-0.34764,0.369785,0.5,0.142857,0.113636,0,0,0.2
0,249,-1.25972,-1.34769,-1.62131,0.1,0.1,0.0821918,0,0.5,0.3
0,249,-0.121826,-0.083897,0.333868,0.2,0.25,0.111111,1,0.5,0.4
1,249,2.20529,2.54961,1.75906,1,1,0.245614,1,0,0.5
0,249,-1.07078,-0.624699,-1.28926,0.111111,0.111111,0.0707071,1,0.833333,0.6
0,249,0.799657,0.877548,1.1297,0.333333,0.5,0.145833,1,1.16667,0.7
0,249,-0.582946,-0.532078,-0.947446,0.125,0.125,0.1,1,1.16667,0.8
0,249,0.0967396,-0.243396,0.146945,0.25,0.166667,0.0932203,1,0.833333,0.9
0,249,-0.55959,-0.228688,-0.227162,0.142857,0.2,0.109589,1,0.833333,1
0,250,-0.147826,0.288279,-0.0678664,0.2,0.166667,0.0958904,1,0.833333,0.1
0,250,-1.22932,0.286956,-1.64169,0.1,0.142857,0.09375,1,0.833333,0.2
0,250,0.978301,0.928625,1.67329,0.333333,0.5,0.0947368,1,0.666667,0.3
1,250,2.06203,-0.499972,0.601071,1,0.125,0.119403,1,0.5,0.4
0,250,-0.455406,0.7021,0.243632,0.142857,0.333333,0.0958904,1,0.833333,0.5
0,250,-0.301517,-2.40761,-1.37309,0.166667,0.1,0.0983607,1,0.5,0.6
0,250,-0.0654452,-1.07425,-0.564796,0.25,0.111111,0.12963,1,0.833333,0.7
0,250,-1.02759,0.411782,-0.564796,0.111111,0.25,0.09375,1,0.5,0.8
1,250,1.06341,0.383087,1.09318,0.5,0.2,0.148148,1,0.833333,0.9
0,250,-0.876641,0.981005,0.601071,0.125,1,0.127273,1,1,1
1,251,2.19167,1.66578,1.73697,1,1,0.162162,1,0.166667,0.1
0,251,-0.384052,-0.692511,-0.398109,0.2,0.125,0.060241,1,0.166667,0.2
0,251,-0.359659,0.76964,0.716406,0.25,0.333333,0.135135,0,0,0.3
0,251,-0.659635,-1.63611,-1.43701,0.111111,0.1,0.01,1,0,0.4
0,251,-0.325992,0.209229,0.341486,0.333333,0.166667,0.106383,0,0,0.5
0,251,-0.498381,0.576582,-0.0339662,0.142857,0.25,0.0363636,0,0.166667,0.6
0,251,-0.40635,-0.511355,-0.408886,0.166667,0.142857,0.0704225,0,0,0.7
0,251,-0.670388,-1.45295,-1.43701,0.1,0.111111,0.0294118,0,0,0.8
0,251,-0.646991,0.258935,-0.398109,0.125,0.2,0.0677966,0,0.166667,0.9
1,251,1.75978,0.812759,1.31823,0.5,0.5,0.153846,0,0,1
1,252,2.48724,-0.0297827,1.04871,1,0.2,0.195122,1,0,0.1
0,252,0.0241835,-0.65614,-0.0127202,0.333333,0.125,0.0769231,0,0,0.2
1,252,1.30291,2.03724,1.70763,0.5,1,0.140625,0,0,0.3
0,252,-0.572121,-0.0443293,-0.651354,0.125,0.166667,0.104167,1,0.5,0.4
0,252,-0.56057,0.904805,0.408174,0.142857,0.5,0.102041,0,0,0.5
0,252,-0.545618,0.399967,0.588058,0.2,0.333333,0.135135,1,0.5,0.6
0,252,-0.626254,-1.3488,-1.60637,0.1,0.111111,0.0666667,0,0,0.7
0,252,-0.557568,-1.57065,-1.02326,0.166667,0.1,0.108696,0,0,0.8
0,252,-0.376628,0.381962,0.581304,0.25,0.25,0.0515464,1,0.5,0.9
0,252,-0.575578,-0.0742669,-1.04017,0.111111,0.142857,0.0819672,1,0.5,1
0,253,-0.383185,-1.42455,-0.772918,0.2,0.1,0.0384615,0,0,0.1
0,253,-0.141407,0.682377,0.757683,0.25,0.333333,0.0714286,0,0.5,0.2
0,253,-0.700677,-1.31262,-1.16794,0.125,0.111111,0.0547945,0,0,0.3
0,253,-0.87948,0.201224,-0.599533,0.111111,0.2,0.0789474,0,0,0.4
0,253,1.54854,1.13061,1.39419,0.5,0.5,0.0689655,0,0.333333,0.5
1,253,1.82296,0.469952,1.19352,1,0.25,0.0967742,1,0,0.6
0,253,-0.919177,-0.0451252,-0.968129,0.1,0.166667,0.0588235,1,0.333333,0.7
0,253,-0.695688,-1.12808,-0.805641,0.142857,0.125,0.0588235,0,0,0.8
0,253,-0.679794,-0.274505,-0.432445,0.166667,0.142857,0.057971,0,0.166667,0.9
1,253,1.02791,1.70072,1.40122,0.333333,1,0.107143,1,0,1
0,254,-0.658526,-0.896379,-1.06801,0.142857,0.1,0.0759494,0,0,0.1
1,254,2.35163,2.24451,1.69501,1,1,0.309524,1,0.166667,0.2
0,254,-0.698258,-0.553106,-0.733293,0.111111,0.166667,0.111111,0,0,0.3
0,254,-0.26799,-0.649115,-0.218891,0.2,0.142857,0.148148,0,0,0.4
0,254,-0.11843,-0.0587591,0.507457,0.25,0.25,0.114035,1,0.333333,0.5
0,254,0.0400546,0.346035,0.890741,0.333333,0.333333,0.127451,1,0.166667,0.6
0,254,-0.789943,-0.826756,-1.23761,0.1,0.125,0.0558376,1,0.333333,0.7
0,254,-0.660362,-0.834173,-1.07763,0.125,0.111111,0.111111,1,0,0.8
1,254,1.42063,1.3804,1.28639,0.5,0.5,0.224138,0,0,0.9
0,254,-0.618801,-0.152663,-0.0441509,0.166667,0.2,0.0932203,1,0.333333,1
0,255,-0.267821,-2.09887,-1.11504,0.2,0.1,0.04,0,0,0.1
0,255,-0.342032,-0.247507,-1.42742,0.125,0.125,0.105263,1,0.833333,0.2
0,255,-0.170008,0.16404,0.503005,0.25,0.2,0.0634921,1,0.833333,0.3
0,255,-0.688686,0.733121,-0.274851,0.111111,0.333333,0.0705882,1,0.166667,0.4
0,255,-1.38319,1.1109,-0.21568,0.1,0.5,0.0641026,1,1,0.5
0,255,-0.293287,-1.36095,-1.41974,0.142857,0.111111,0.057377,0,0,0.6
1,255,2.53931,0.0628131,0.876562,1,0.142857,0.195652,1,0,0.7
1,255,0.0159249,0.0891555,0.521025,0.333333,0.166667,0.105263,1,0.833333,0.8
0,255,-0.291008,1.35412,1.14977,0.166667,1,0.103896,1,0.833333,0.9
0,255,0.880796,0.193165,1.40236,0.5,0.25,0.151515,1,0.833333,1
0,256,0.16352,2.13138,1.35064,0.2,1,0.36,0,0.333333,0.1
0,256,-1.22535,0.13048,-0.542078,0.111111,0.25,0.166667,1,0.5,0.2
1,256,0.843207,-1.03847,0.0325088,0.5,0.111111,0.130952,1,0.5,0.3
0,256,-0.547573,-0.6581,-1.09668,0.142857,0.125,0.133333,1,0,0.4
0,256,-0.0390131,0.12985,-0.0651367,0.166667,0.2,0.16129,0,0,0.5
0,256,-0.758204,0.00864785,-0.83888,0.125,0.166667,0.173913,1,0.5,0.6
0,256,-1.26385,-0.152717,-1.57566,0.1,0.142857,0.159091,1,0.833333,0.7
1,256,2.25952,-1.74573,0.0979107,1,0.1,0.125,0,0,0.8
0,256,0.182346,0.849598,1.32325,0.25,0.5,0.185185,0,0.333333,0.9
0,256,0.385405,0.345058,1.31413,0.333333,0.333333,0.232558,0,0,1
1,257,2.9033,2.84347,1.66845,1,1,0.358491,1,0.333333,0.1
0,257,-0.409038,-0.469046,-0.7317,0.125,0.142857,0.162162,1,0.166667,0.2
0,257,-0.14829,-0.180444,0.499504,0.25,0.25,0.188406,0,0,0.3
0,257,-0.363369,-0.283287,-0.215461,0.142857,0.2,0.184615,1,0,0.4
0,257,-0.764069,-0.674369,-1.5378,0.1,0.1,0.166667,0,0,0.5
1,257,-0.108597,-0.109535,0.876782,0.333333,0.333333,0.147059,1,0.333333,0.6
0,257,-0.67039,-0.595345,-1.06075,0.111111,0.125,0.136364,1,0.5,0.7
0,257,-0.354662,-0.602787,-0.721802,0.166667,0.111111,0.141304,1,0.5,0.8
0,257,0.151342,0.479952,1.26623,0.5,0.5,0.25,1,0.666667,0.9
0,257,-0.236228,-0.408608,-0.043459,0.2,0.166667,0.146667,1,0.5,1
0,258,0.904995,1.11775,1.58389,0.333333,1,0.22,1,0.166667,0.1
0,258,-1.02537,-1.45301,-1.3202,0.125,0.111111,0.116883,1,0.5,0.2
0,258,-1.40016,1.00299,-0.168995,0.1,0.5,0.25,1,0.333333,0.3
0,258,0.482319,-0.549923,-0.248383,0.25,0.125,0.171875,1,0.333333,0.4
1,258,1.34549,-0.308756,0.436526,0.5,0.142857,0.166667,1,0.5,0.5
0,258,-1.05707,-1.82153,-1.71795,0.111111,0.1,0.0714286,0,0.333333,0.6
0,258,-0.181502,-0.298632,-0.0540889,0.2,0.166667,0.0869565,0,0,0.7
0,258,-0.303033,0.628383,-0.0540889,0.166667,0.2,0.120879,0,0,0.8
0,258,-0.412947,0.746808,-0.0406065,0.142857,0.25,0.166667,0,0,0.9
1,258,1.64727,0.935916,1.58389,1,0.333333,0.206897,1,0.166667,1
0,259,0.939846,0.129983,0.806506,0.333333,0.25,0.0819672,1,0.166667,0.1
0,259,-0.753529,0.155772,0.384434,0.166667,0.333333,0.0731707,0,0,0.2
0,259,-0.788439,-0.4265,-1.04754,0.111111,0.142857,0.0461538,0,0,0.3
1,259,1.23411,-0.695984,0.0254205,0.5,0.111111,0.037037,1,0,0.4
1,259,2.11877,2.67439,1.95543,1,1,0.2,1,0.166667,0.5
0,259,-0.804957,-0.444835,-1.42776,0.1,0.125,0.032967,0,0,0.6
0,259,-0.292549,-1.261,-0.822723,0.2,0.1,0.0714286,0,0,0.7
0,259,-0.126518,0.408565,1.03472,0.25,0.5,0.1,0,0,0.8
0,259,-0.766323,-0.410317,-0.655968,0.125,0.166667,0.0789474,0,0,0.9
0,259,-0.760413,-0.13007,-0.252521,0.142857,0.2,0.0652174,0,0,1
1,260,-0.279144,-1.94278,-0.638182,0.25,0.1,0.109091,0,0,0.1
0,260,1.16374,0.36958,1.3172,0.5,0.333333,0.084507,0,0,0.2
0,260,-0.734451,-1.03644,-1.09875,0.142857,0.111111,0.091954,1,0.166667,0.3
0,260,-0.947432,0.368357,-0.638182,0.1,0.25,0.179487,0,0,0.4
0,260,0.997654,-0.543657,-0.0134365,0.333333,0.125,0.122222,1,0.166667,0.5
0,260,-0.792719,-0.125682,-0.887307,0.111111,0.166667,0.117647,0,0,0.6
0,260,-0.750781,-0.175271,-0.899474,0.125,0.142857,0.0833333,0,0,0.7
0,260,-0.503921,0.851124,0.642599,0.166667,0.5,0.119403,0,0,0.8
0,260,-0.297867,0.306353,0.164523,0.2,0.2,0.160714,0,0,0.9
1,260,2.14493,1.92842,2.05101,1,1,0.107692,1,0,1
1,261,0.421834,-0.282352,0.75902,0.5,0.2,0.132353,0,0,0.1
0,261,-0.541715,-0.690409,-0.793356,0.142857,0.125,0.135135,0,0,0.2
0,261,-1.02369,0.310151,-0.562891,0.1,0.25,0.184211,0,0.166667,0.3
1,261,2.60613,2.55152,1.80904,1,1,0.272727,1,0.333333,0.4
0,261,-0.810449,-0.490077,-0.793356,0.125,0.142857,0.117647,1,0.166667,0.5
0,261,0.253943,0.616369,1.1618,0.333333,0.5,0.172414,1,0.166667,0.6
0,261,-0.388692,-1.14349,-0.953366,0.166667,0.1,0.132353,0,0,0.7
0,261,0.237379,0.350815,0.746129,0.25,0.333333,0.217391,1,0.333333,0.8
0,261,0.110082,-0.471387,-0.0471211,0.2,0.166667,0.118644,0,0.166667,0.9
0,261,-0.864812,-0.751138,-1.32589,0.111111,0.111111,0.109375,1,0.333333,1
1,262,0.464057,-0.72189,-0.0259879,0.333333,0.125,0.0659341,0,0.833333,0.1
0,262,0.569499,-0.893446,0.0515699,0.5,0.111111,0.0510204,0,0.833333,0.2
0,262,-0.731968,0.20634,-0.103329,0.166667,0.2,0.137931,1,0.333333,0.3
0,262,-0.73615,1.80541,1.31208,0.142857,1,0.1,1,0.333333,0.4
0,262,-0.756465,0.967196,0.436991,0.125,0.5,0.0784314,0,0.833333,0.5
0,262,0.193061,0.53981,1.63614,0.25,0.333333,0.125,0,0.833333,0.6
0,262,0.0339687,-0.321718,-0.512283,0.2,0.142857,0.0961538,0,0.833333,0.7
0,262,-0.758752,0.423168,-0.85992,0.111111,0.25,0.0952381,1,0.333333,0.8
1,262,2.55139,-1.96663,0.155319,1,0.1,0.0540541,1,0,0.9
0,262,-0.828643,-0.0382439,-2.09058,0.1,0.166667,0.0784314,0,0.833333,1
0,263,-0.432519,-0.115483,-0.429576,0.142857,0.166667,0.12987,0,0,0.1
0,263,-0.416849,0.276559,-0.0475333,0.166667,0.2,0.123457,0,0,0.2
0,263,-0.5634,-0.893263,-1.16019,0.125,0.111111,0.0787402,1,0.166667,0.3
1,263,2.27471,1.62138,1.82486,1,1,0.294118,0,0.166667,0.4
0,263,-0.816176,0.544817,-0.189256,0.111111,0.333333,0.08,1,0.166667,0.5
0,263,-0.054055,-0.346507,-0.011955,0.333333,0.125,0.0970874,0,0,0.6
0,263,-1.10426,-2.25549,-1.68196,0.1,0.1,0.119403,1,0.333333,0.7
0,263,1.48021,0.836639,1.38494,0.5,0.5,0.27451,0,0.166667,0.8
0,263,-0.1974,-0.169281,-0.23566,0.2,0.142857,0.0740741,0,0,0.9
1,263,-0.170263,0.500626,0.546333,0.25,0.25,0.170213,1,0,1
0,264,0.672804,1.74818,1.49152,0.333333,1,0.105263,0,0,0.1
0,264,0.918392,0.362412,1.03473,0.5,0.25,0.121622,0,0,0.2
1,264,-0.0746027,-1.32506,-0.63817,0.2,0.111111,0.170732,0,0.166667,0.3
0,264,-0.493521,-1.52301,-1.03052,0.166667,0.1,0.116667,1,0.666667,0.4
0,264,-0.742393,0.888331,-0.0128104,0.125,0.333333,0.0686275,1,0.166667,0.5
1,264,2.34988,0.953055,1.71974,1,0.5,0.127907,1,0.5,0.6
0,264,-0.608836,-0.0181079,-0.252523,0.142857,0.2,0.125,0,0,0.7
0,264,-0.017395,-1.01831,-0.233897,0.25,0.125,0.131148,1,0.166667,0.8
0,264,-1.03404,-0.0247829,-1.03052,0.1,0.166667,0.0618557,1,0.5,0.9
0,264,-0.970286,-0.0427045,-1.04755,0.111111,0.142857,0.153846,1,0.5,1
0,265,-0.414207,1.25618,1.19627,0.2,1,0.139535,0,0,0.1
0,265,-0.762411,-0.811367,-1.40814,0.125,0.111111,0.0731707,0,0,0.2
0,265,-1.13311,0.0621321,-1.16724,0.1,0.166667,0.0520833,0,0,0.3
0,265,-0.856421,-0.249504,-1.18653,0.111111,0.142857,0.0714286,0,0,0.4
0,265,1.67532,0.499219,1.43898,1,0.25,0.0857143,0,0,0.5
0,265,-0.559832,0.747975,0.435439,0.166667,0.333333,0.09375,0,0,0.6
1,265,-0.0719259,-2.30274,-0.689166,0.25,0.1,0.0609756,0,0.166667,0.7
0,265,1.30862,-0.449146,-0.0145099,0.333333,0.125,0.125,0,0,0.8
1,265,1.42205,0.0728331,0.929294,0.5,0.2,0.0769231,1,0.166667,0.9
0,265,-0.608085,1.17442,0.465603,0.142857,0.5,0.09375,0,0,1
1,266,1.76794,2.07558,1.98214,1,1,0.283333,0,0,0.1
1,266,0.559597,-0.802044,-0.0129853,0.333333,0.125,0.142857,1,0.166667,0.2
0,266,0.115714,0.949452,0.83165,0.2,0.5,0.164557,0,0,0.3
0,266,-2.03052,-0.50748,-1.24893,0.1,0.142857,0.177419,1,0.833333,0.4
0,266,-0.58323,-1.18009,-1.45277,0.111111,0.111111,0.152174,1,0.833333,0.5
0,266,-0.38884,-1.26218,-1.04459,0.166667,0.1,0.111111,1,1,0.6
0,266,-0.417451,0.910051,0.185346,0.142857,0.333333,0.153061,1,0.833333,0.7
0,266,0.189319,0.0171654,0.376209,0.25,0.2,0.141509,1,0.833333,0.8
0,266,1.23438,-0.266658,0.621022,0.5,0.166667,0.22093,0,0,0.9
0,266,-0.446904,0.0662053,-0.237091,0.125,0.25,0.2,1,0.833333,1
0,267,-0.497071,-0.530419,-0.457204,0.142857,0.166667,0.0612245,0,0.166667,0.1
0,267,-0.902552,0.446089,-0.817171,0.1,0.2,0.0819672,0,0,0.2
0,267,0.922213,0.469189,1.02774,0.5,0.25,0.0961538,0,0,0.3
0,267,-0.38795,0.519299,0.38184,0.166667,0.333333,0.111111,0,0,0.4
1,267,-0.560783,-1.43994,-1.60683,0.111111,0.1,0.159091,0,0,0.5
0,267,-0.549095,-0.589568,-0.851767,0.125,0.142857,0.0660377,0,0.166667,0.6
1,267,2.67356,2.06506,1.94223,1,1,0.206897,1,0,0.7
0,267,-0.184061,-0.749145,-0.0127238,0.333333,0.125,0.123077,0,0,0.8
0,267,-0.196646,-1.03469,-0.421022,0.25,0.111111,0.0851064,1,0,0.9
0,267,-0.317615,0.84413,0.814904,0.2,0.5,0.097561,0,0,1
0,268,-0.127931,0.00455325,0.336287,0.25,0.2,0.121622,1,0.166667,0.1
0,268,-0.164926,0.0380036,0.336287,0.2,0.25,0.3125,1,1,0.2
0,268,1.0831,1.59485,1.35145,0.333333,1,0.236842,0,0,0.3
0,268,-0.946462,-0.434999,-1.12646,0.111111,0.125,0.217391,1,1,0.4
0,268,-1.21496,-0.235619,-1.1164,0.1,0.142857,0.147541,1,1,0.5
1,268,-0.263364,0.793965,0.348334,0.166667,0.333333,0.30303,1,1,0.6
0,268,-0.892009,-2.2138,-1.29369,0.125,0.1,0.183673,1,1,0.7
0,268,1.86837,1.16768,1.55824,1,0.5,0.285714,1,1,0.8
0,268,-0.629808,-0.530771,-0.949173,0.142857,0.111111,0.181818,1,0.833333,0.9
1,268,1.28798,-0.183858,0.555121,0.5,0.166667,0.161765,0,0,1
0,269,-0.461599,-0.764315,-0.997193,0.166667,0.1,0.134615,1,0.333333,0.1
0,269,-0.0775368,-0.0925721,0.78043,0.25,0.333333,0.166667,0,0.166667,0.2
0,269,0.107883,0.974768,1.21521,0.333333,0.5,0.225,0,0,0.3
0,269,-0.728269,-0.259274,-0.617531,0.111111,0.2,0.111111,0,0,0.4
0,269,-0.522862,-0.437708,-0.634759,0.125,0.166667,0.159091,0,0,0.5
1,269,2.7872,2.64909,1.8922,1,1,0.307692,1,0.166667,0.6
0,269,-0.831763,-0.668644,-1.56544,0.1,0.111111,0.105263,0,0.166667,0.7
0,269,-0.218449,-0.542024,-0.244356,0.2,0.142857,0.170213,0,0,0.8
1,269,-0.504789,-0.241934,-0.0370017,0.142857,0.25,0.0740741,1,0.166667,0.9
0,269,0.450186,-0.617389,0.208442,0.5,0.125,0.172414,0,0,1
0,270,-0.0306178,0.0323248,0.399072,0.333333,0.166667,0.186441,1,1.33333,0.1
0,270,-0.571155,-0.724679,-1.09331,0.125,0.125,0.114583,1,1.33333,0.2
0,270,-0.31906,-0.0305592,-0.477837,0.166667,0.142857,0.15942,1,1.33333,0.3
0,270,0.48305,0.143161,0.85168,0.5,0.2,0.15493,1,1.33333,0.4
1,270,2.7705,1.87191,2.02988,1,1,0.224138,1,1.33333,0.5
1,270,-0.0584533,-2.0279,-0.631607,0.25,0.1,0.0860215,0,0,0.6
0,270,-0.247461,0.575246,0.614773,0.2,0.333333,0.171875,1,1.33333,0.7
0,270,-1.00187,0.307467,-0.631607,0.1,0.25,0.185185,1,1.33333,0.8
0,270,-0.69738,-0.91005,-1.48776,0.111111,0.111111,0.125,1,1.33333,0.9
0,270,-0.327551,0.763079,0.426716,0.142857,0.5,0.22449,1,1.33333,1
0,271,-0.594226,-0.271853,-0.317709,0.142857,0.2,0.0769231,0,0,0.1
0,271,1.57658,-1.36415,0.0963264,1,0.1,0.0625,0,0,0.2
0,271,-0.38452,1.08219,0.770807,0.166667,0.5,0.0483871,0,0,0.3
0,271,-0.925323,-0.440184,-1.07893,0.125,0.142857,0.019802,1,0.166667,0.4
0,271,-1.08869,0.00549427,-0.533307,0.111111,0.25,0.038961,1,0.166667,0.5
0,271,0.348376,2.10773,1.59838,0.25,1,0.05,1,0.166667,0.6
1,271,0.0612928,0.85066,0.745106,0.2,0.333333,0.0444444,1,0.166667,0.7
0,271,1.09592,-0.609844,-0.0161173,0.333333,0.125,0.108108,0,0,0.8
0,271,-1.39412,-1.02453,-2.03536,0.1,0.111111,0.0384615,0,0,0.9
1,271,1.30471,-0.335511,0.770807,0.5,0.166667,0.0689655,1,0,1
0,272,-0.937703,0.48637,-0.447727,0.125,0.2,0.137255,0,0.166667,0.1
0,272,1.34763,0.640622,1.25454,0.5,0.333333,0.196078,1,0.666667,0.2
1,272,0.598964,-1.33908,-0.637522,0.2,0.111111,0.0923077,0,0.166667,0.3
0,272,-1.0601,0.596678,-0.423455,0.111111,0.25,0.156863,1,0.833333,0.4
0,272,-1.58184,-1.56398,-1.80049,0.1,0.1,0.0983607,1,0.666667,0.5
1,272,1.38468,1.25926,1.95345,1,1,0.268293,1,0.833333,0.6
0,272,0.66264,0.328313,0.384047,0.333333,0.166667,0.204082,0,0.166667,0.7
0,272,0.622265,-1.33562,-0.23366,0.25,0.125,0.0854701,0,0,0.8
0,272,-0.37872,-0.188343,-0.459846,0.166667,0.142857,0.0891089,1,0.666667,0.9
0,272,-0.657833,1.11578,0.41065,0.142857,0.5,0.156863,0,0.166667,1
0,273,-0.0685086,0.169716,0.54634,0.2,0.333333,0.132075,1,0.333333,0.1
0,273,0.0291419,-0.632981,-0.215774,0.25,0.125,0.0479452,0,0,0.2
1,273,1.73453,1.53453,1.36905,0.5,0.5,0.16129,0,0.166667,0.3
0,273,0.274876,0.1312,0.744021,0.333333,0.25,0.0727273,1,0.5,0.4
0,273,-1.0767,-0.576576,-1.13664,0.1,0.142857,0.117647,0,0,0.5
0,273,-0.255477,-0.700895,-0.780413,0.166667,0.111111,0.0704225,0,0,0.6
1,273,1.87268,1.93559,1.80393,1,1,0.151515,0,0,0.7
0,273,-1.05593,-0.347353,-0.780413,0.111111,0.166667,0.129032,1,0.333333,0.8
0,273,-0.781742,0.0688432,-0.413455,0.125,0.2,0.125,0,0,0.9
0,273,-0.672859,-1.58207,-1.13664,0.142857,0.1,0.0543478,0,0,1
0,274,-0.520809,0.362215,-0.244821,0.142857,0.2,0.125,0,0,0.1
0,274,-0.527498,-0.000149166,-0.635967,0.125,0.166667,0.114035,0,0,0.2
1,274,0.715539,-1.17344,-0.196613,0.333333,0.111111,0.211268,0,0,0.3
0,274,-0.493205,1.11369,0.593971,0.166667,0.5,0.158537,0,0,0.4
0,274,-0.182983,-0.523958,-0.226764,0.25,0.125,0.136364,0,0,0.5
0,274,-0.195124,0.365233,0.359822,0.2,0.25,0.214286,1,0.166667,0.6
0,274,1.06165,0.509463,1.21752,0.5,0.333333,0.179775,1,0,0.7
0,274,-1.27291,-0.460543,-1.19453,0.1,0.142857,0.142857,0,0,0.8
1,274,2.26888,1.68608,1.8958,1,1,0.225806,1,0,0.9
0,274,-0.853531,-1.87859,-1.56842,0.111111,0.1,0.192982,1,0.166667,1
0,275,-0.25277,-1.42261,-0.75005,0.2,0.1,0.0325581,1,0.333333,0.1
0,275,-0.87675,-1.0874,-1.47484,0.1,0.111111,0.0508475,0,0,0.2
1,275,2.25589,1.06984,1.56782,1,0.5,0.138462,1,0,0.3
0,275,-0.538235,-0.686787,-0.60343,0.142857,0.142857,0.057971,0,0,0.4
0,275,-0.249593,0.156291,0.533709,0.25,0.25,0.0847458,0,0,0.5
1,275,1.62527,1.90196,1.56782,0.5,1,0.2,1,0,0.6
0,275,-0.676534,-0.69672,-1.13338,0.111111,0.125,0.0806452,1,0.333333,0.7
0,275,-0.574008,-0.00514416,-0.40859,0.125,0.2,0.0681818,0,0,0.8
0,275,-0.209384,-0.228432,0.350476,0.333333,0.166667,0.0609756,1,0.333333,0.9
0,275,-0.503878,0.998995,0.350476,0.166667,0.333333,0.0862069,0,0,1
1,276,2.37266,2.16754,1.63145,1,1,0.0727273,1,0,0.1
1,276,1.56089,1.8204,1.23816,0.5,0.5,0.06,1,0,0.2
0,276,-0.491694,-0.498491,0.857342,0.333333,0.333333,0,0,0,0.3
0,276,-0.491694,-0.498491,0.488429,0.25,0.25,0,0,0,0.4
0,276,-0.491694,-0.498491,0.130868,0.2,0.2,0,0,0,0.5
0,276,-0.491694,-0.498491,-0.215859,0.166667,0.166667,0,0,0,0.6
0,276,-0.491694,-0.498491,-0.552235,0.142857,0.142857,0,0,0,0.7
0,276,-0.491694,-0.498491,-0.878718,0.125,0.125,0,0,0,0.8
0,276,-0.491694,-0.498491,-1.19574,0.111111,0.111111,0,0,0,0.9
0,276,-0.491694,-0.498491,-1.5037,0.1,0.1,0,0,0,1
0,277,-0.343064,1.42075,0.73273,0.142857,1,0.216216,0,0,0.1
1,277,2.67926,-0.305676,0.73273,1,0.142857,0.318182,1,0.166667,0.2
0,277,-1.17911,0.0907359,-0.932076,0.1,0.2,0.136364,0,0,0.3
0,277,-0.0595972,-0.498164,-0.264984,0.25,0.125,0.151515,0,0,0.4
0,277,-0.781638,-0.233888,-0.958395,0.111111,0.166667,0.208333,0,0.166667,0.5
0,277,0.194745,0.635434,1.16417,0.333333,0.333333,0.135802,0,0,0.6
0,277,-0.107274,-1.96962,-0.932076,0.2,0.1,0.113636,0,0,0.7
1,277,-0.164391,0.541495,0.18506,0.166667,0.25,0.142857,0,0.333333,0.8
0,277,0.42553,1.37389,1.68128,0.5,0.5,0.152778,0,0.166667,0.9
0,277,-0.664463,-1.05497,-1.40844,0.125,0.111111,0.21875,0,0.166667,1
0,278,-0.98931,-0.539673,-0.764647,0.125,0.142857,0.0869565,1,0.166667,0.1
0,278,-1.39675,-1.65043,-1.60704,0.1,0.1,0.075,0,0,0.2
0,278,0.452539,-0.804493,-0.208555,0.25,0.125,0.115385,0,0,0.3
0,278,0.191496,-0.0293303,0.139862,0.2,0.2,0.0629371,0,0,0.4
0,278,0.584799,1.06374,1.32325,0.5,0.5,0.107143,1,0.166667,0.5
1,278,-0.18421,0.323951,-0.0340953,0.142857,0.25,0.135135,0,0.333333,0.6
0,278,-0.171523,-0.928956,-0.754304,0.166667,0.111111,0.0921053,0,0.333333,0.7
1,278,2.18624,1.86706,1.74357,1,1,0.123457,1,0.166667,0.8
0,278,0.505157,0.852913,0.916262,0.333333,0.333333,0.138889,0,0.333333,0.9
0,278,-1.17843,-0.154782,-0.754304,0.111111,0.166667,0.0352113,1,0.166667,1
1,279,2.27502,1.17438,1.50496,1,0.5,0.105263,1,0.5,0.1
0,279,0.201338,1.37031,1.11177,0.25,1,0.0779221,1,0.5,0.2
0,279,0.581313,0.503245,0.518266,0.333333,0.2,0.0480769,1,0.166667,0.3
0,279,-0.442105,0.594138,0.14295,0.166667,0.25,0.0617284,0,0,0.4
0,279,0.84036,0.780327,1.09898,0.5,0.333333,0.0684932,0,0,0.5
1,279,-0.926235,-1.3477,-1.25421,0.111111,0.111111,0.0769231,0,0,0.6
0,279,-0.670926,-0.85579,-0.750462,0.142857,0.125,0.0657895,1,0.5,0.7
0,279,-1.26551,-1.51616,-1.57723,0.1,0.1,0.0291971,0,0,0.8
0,279,0.182245,-0.816989,-0.220986,0.2,0.142857,0.0434783,1,0.166667,0.9
0,279,-0.775492,0.114244,-0.57405,0.125,0.166667,0.0869565,1,0.5,1
1,280,1.53603,1.05454,1.15398,1,0.25,0.115385,0,0,0.1
0,280,0.59372,-0.219819,0.337121,0.25,0.2,0.0869565,0,0,0.2
0,280,-0.66926,-0.394626,-0.41812,0.142857,0.166667,0.0462963,1,0.333333,0.3
0,280,-1.24674,-0.757839,-0.951528,0.111111,0.142857,0.0793651,0,0.166667,0.4
1,280,-1.05989,-1.34958,-1.29689,0.125,0.1,0.0263158,1,0.166667,0.5
0,280,-1.29846,-0.864871,-1.29689,0.1,0.125,0.0684932,1,0.5,0.6
0,280,-0.0314865,1.0992,0.349198,0.166667,0.333333,0.036036,1,0.166667,0.7
0,280,0.117961,-1.07627,-0.579673,0.2,0.111111,0.0806452,1,0.333333,0.8
0,280,0.614572,1.36732,1.3548,0.333333,1,0.105263,0,0,0.9
0,280,1.44356,1.14195,1.34801,0.5,0.5,0.112676,0,0,1
0,281,-0.364399,-0.123847,0.336125,0.2,0.25,0.152174,1,0.833333,0.1
0,281,-0.874341,-0.233792,-0.577961,0.111111,0.2,0.0921053,1,0.833333,0.2
0,281,-0.528404,-0.979663,-0.766148,0.166667,0.111111,0.0879121,1,0.833333,0.3
0,281,-0.643876,-0.546283,-0.953853,0.125,0.125,0.107692,1,0.166667,0.4
1,281,2.04669,0.590854,1.3508,1,0.333333,0.149254,1,0,0.5
0,281,-0.128791,-0.293686,0.147939,0.25,0.166667,0.14,1,0.833333,0.6
0,281,-0.559903,-1.14453,-1.11586,0.142857,0.1,0.0721649,0,0,0.7
1,281,0.625268,0.615215,1.13734,0.333333,0.5,0.113636,1,1,0.8
0,281,1.51916,2.52584,1.55749,0.5,1,0.384615,0,0,0.9
0,281,-1.0914,-0.410111,-1.11586,0.1,0.142857,0.0594059,1,0.833333,1
0,282,-0.849589,0.382796,-0.451337,0.125,0.2,0.115789,1,0.833333,0.1
0,282,-0.412285,-0.553628,-0.863598,0.142857,0.125,0.126316,1,0.833333,0.2
1,282,-0.20604,0.975609,0.616969,0.166667,0.5,0.133333,0,0,0.3
1,282,1.8649,1.4887,1.96921,1,1,0.225352,1,0.833333,0.4
0,282,-1.29108,-1.37978,-1.62914,0.1,0.111111,0.134328,1,0.833333,0.5
0,282,0.268004,0.789247,1.03483,0.333333,0.333333,0.079096,0,0,0.6
0,282,-0.994508,0.781082,-0.426869,0.111111,0.25,0.136986,1,0.833333,0.7
0,282,-0.197339,-1.69835,-0.828521,0.2,0.1,0.164179,1,0.833333,0.8
0,282,0.144528,-0.236147,0.1645,0.25,0.166667,0.142857,1,0,0.9
0,282,1.67341,-0.549527,0.413961,0.5,0.142857,0.149254,0,0,1
1,283,1.42598,0.87459,1.63126,1,0.333333,0.0588235,1,0.5,0.1
0,283,-0.0998823,-1.18365,-0.697961,0.2,0.111111,0.0744681,1,0.5,0.2
0,283,-0.32251,-2.00366,-1.12707,0.166667,0.1,0.109091,1,0.5,0.3
0,283,1.32727,-1.03605,-0.0140106,0.333333,0.125,0.0875,0,0,0.4
0,283,-0.94672,0.969282,0.449582,0.142857,0.5,0.0810811,1,0.333333,0.5
0,283,0.308823,0.177173,0.178655,0.25,0.166667,0.0642202,1,0.833333,0.6
0,283,-1.03128,0.29108,-0.697961,0.111111,0.2,0.0769231,1,0.333333,0.7
0,283,-0.986984,0.163462,-0.937908,0.125,0.142857,0.0882353,0,0,0.8
0,283,-1.06386,0.612858,-0.665452,0.1,0.25,0.0625,0,0,0.9
1,283,1.38917,1.13492,1.88086,0.5,1,0.179487,1,0,1
0,284,-0.440133,0.292957,-0.489386,0.125,0.2,0.102941,1,0.5,0.1
0,284,-0.311019,-0.637202,-0.489386,0.2,0.125,0.1,1,0.5,0.2
1,284,2.96587,0.729965,1.87784,1,0.5,0.189655,1,0,0.3
1,284,-0.440181,-1.35614,-1.56496,0.111111,0.111111,0.134615,0,0,0.4
0,284,-0.406628,0.39195,0.199659,0.142857,0.333333,0.155556,0,0,0.5
0,284,-0.266467,0.158262,0.178368,0.25,0.166667,0.104478,0,0,0.6
0,284,-0.219241,0.354802,0.880659,0.333333,0.25,0.122807,1,0.5,0.7
0,284,-0.518516,-0.5113,-1.34538,0.1,0.142857,0.1,1,0.5,0.8
0,284,0.0417343,-1.50105,-0.173769,0.5,0.1,0.130435,0,0,0.9
0,284,-0.405423,2.07775,0.926351,0.166667,1,0.233333,0,0,1
0,285,-0.6744,0.418789,0.332122,0.2,0.25,0.0714286,0,1,0.1
0,285,-0.911471,-1.11544,-1.61283,0.1,0.1,0.0434783,0,1,0.2
1,285,0.562581,0.617708,0.721721,0.25,0.333333,0.12,1,0,0.3
1,285,1.47615,-0.787002,0.192762,0.5,0.125,0.0526316,1,0.166667,0.4
0,285,1.84403,2.26358,1.74986,1,1,0.107143,1,0.166667,0.5
0,285,-0.742819,-0.635716,-0.411919,0.142857,0.166667,0.0740741,0,1,0.6
0,285,-0.776112,-0.737408,-0.767403,0.125,0.142857,0.0689655,0,1,0.7
0,285,0.726666,0.892357,1.12379,0.333333,0.5,0.0689655,0,1,0.8
0,285,-0.798916,-0.839988,-1.28252,0.111111,0.111111,0.0740741,0,1,0.9
0,285,-0.705704,-0.0768806,-0.0455796,0.166667,0.2,0.0869565,0,1,1
1,286,2.57393,0.512925,1.2403,1,0.25,0.133333,1,1.16667,0.1
0,286,-0.656185,0.0637144,-0.646202,0.142857,0.142857,0.116279,1,1.16667,0.2
0,286,-0.657744,0.558646,0.210299,0.125,0.5,0.104167,1,1.16667,0.3
0,286,-0.117674,0.54441,0.57818,0.2,0.333333,0.0869565,1,1.16667,0.4
0,286,-0.330776,-0.278828,-0.825894,0.166667,0.111111,0.0588235,1,1.16667,0.5
0,286,-0.659801,0.257682,-0.825894,0.111111,0.166667,0.104167,1,1.16667,0.6
0,286,0.86013,0.878705,1.67895,0.5,1,0.0740741,1,1.16667,0.7
0,286,-0.0591388,-0.171411,-0.228349,0.25,0.125,0.0983607,1,1.16667,0.8
1,286,-1.09115,-2.82306,-1.75956,0.1,0.1,0.0357143,0,0,0.9
0,286,0.138417,0.457219,0.57818,0.333333,0.2,0.0731707,0,0,1
0,287,-0.399149,0.170704,-0.0502617,0.166667,0.2,0.0503597,1,0.666667,0.1
0,287,-0.389485,0.300438,0.584405,0.2,0.333333,0.0909091,1,0.666667,0.2
0,287,1.71149,2.28585,1.69702,0.5,1,0.126984,1,0.833333,0.3
0,287,0.333227,0.850708,1.23923,0.333333,0.5,0.152174,0,0,0.4
0,287,-0.494511,-0.504638,-0.653159,0.142857,0.142857,0.0510949,0,0,0.5
0,287,-0.846859,-0.514274,-1.22679,0.111111,0.125,0.12,0,0,0.6
0,287,-1.28087,-1.43903,-1.77851,0.1,0.1,0.05,1,0.666667,0.7
1,287,-0.590752,0.252291,-0.230808,0.125,0.25,0.107143,1,0.166667,0.8
1,287,1.92256,-1.08529,0.257673,1,0.111111,0.116667,1,0,0.9
0,287,0.0343496,-0.316768,0.161192,0.25,0.166667,0.0721649,1,0.666667,1
0,288,-0.498652,0.504431,0.423555,0.166667,0.333333,0.0632911,0,0,0.1
0,288,-0.241024,-0.169173,-0.278218,0.2,0.142857,0.0666667,1,0.666667,0.2
1,288,2.38916,-0.223758,0.497012,1,0.125,0.09375,1,0,0.3
1,288,1.1167,1.80042,1.89473,0.5,1,0.123077,0,0,0.4
0,288,0.145079,-2.01198,-0.670357,0.25,0.1,0.0438596,0,0.5,0.5
0,288,-1.07189,0.255762,-0.670357,0.1,0.25,0.0769231,0,0.5,0.6
0,288,-0.679871,0.174065,-0.278218,0.142857,0.2,0.1,0,0.5,0.7
0,288,-0.738903,-1.16672,-1.57903,0.111111,0.111111,0.08,0,0,0.8
0,288,0.27524,0.952368,1.3836,0.333333,0.5,0.142857,0,0,0.9
0,288,-0.695841,-0.115415,-0.722721,0.125,0.166667,0.0655738,1,0.166667,1
0,289,0.183508,-0.641736,0.166625,0.333333,0.142857,0.091954,0,0,0.1
1,289,2.74092,2.57397,1.78193,1,1,0.346154,1,0.166667,0.2
1,289,0.469332,0.704587,1.35236,0.5,0.5,0.0816327,1,0,0.3
0,289,-0.220361,-0.676776,-0.581545,0.2,0.111111,0.0921053,0,0,0.4
0,289,-0.0956584,0.323277,0.734951,0.25,0.333333,0.0559006,0,0,0.5
0,289,-0.356419,-0.508903,-0.235769,0.166667,0.166667,0.114286,0,0,0.6
0,289,-0.579537,-0.282883,-0.408415,0.125,0.2,0.0833333,0,0,0.7
0,289,-0.383511,0.206689,-0.0348454,0.142857,0.25,0.137255,1,0.166667,0.8
0,289,-0.779169,-1.04928,-1.47421,0.111111,0.1,0.157895,0,0,0.9
0,289,-0.979101,-0.648951,-1.30108,0.1,0.125,0.0819672,0,0,1
0,290,0.690647,-0.473065,0.237824,0.5,0.125,0.0803571,0,0,0.1
0,290,-0.495667,1.16987,0.237824,0.125,0.5,0.0714286,1,0.333333,0.2
1,290,2.63509,1.79752,2.15892,1,1,0.194444,1,0.166667,0.3
0,290,-0.470794,-0.39129,-0.730778,0.142857,0.142857,0.111111,0,0,0.4
0,290,-0.0211287,-0.910503,-0.467994,0.25,0.111111,0.0833333,0,0,0.5
0,290,-0.8243,0.58589,-0.223901,0.111111,0.333333,0.101695,1,0.333333,0.6
1,290,0.173107,-0.00429824,0.653854,0.333333,0.2,0.162791,1,0.333333,0.7
0,290,-1.10718,-1.93825,-1.98986,0.1,0.1,0.0625,0,0,0.8
0,290,-0.353801,0.283096,0.180348,0.166667,0.25,0.0921053,1,0.333333,0.9
0,290,-0.225979,-0.118975,-0.0562346,0.2,0.166667,0.0686275,0,0.166667,1
0,291,-0.545668,-1.42232,-1.36575,0.125,0.111111,0.0818182,1,1.16667,0.1
0,291,-0.84451,0.195678,-0.929346,0.111111,0.166667,0.0833333,1,1.16667,0.2
1,291,2.54397,-1.2219,0.495575,1,0.125,0.169014,1,0.333333,0.3
0,291,-0.261275,1.13714,1.13672,0.25,0.5,0.160714,1,1.16667,0.4
0,291,0.149582,-0.283522,0.200872,0.333333,0.142857,0.0934579,1,1.16667,0.5
0,291,-0.962041,-1.46011,-1.97997,0.1,0.1,0.0571429,0,0,0.6
0,291,-0.509215,1.41143,0.71052,0.142857,1,0.142857,1,1.16667,0.7
1,291,1.03011,0.374093,0.901317,0.5,0.2,0.191489,1,1.33333,0.8
0,291,-0.307782,0.600506,0.179451,0.166667,0.25,0.125,1,1.16667,0.9
0,291,-0.293171,0.669002,0.650603,0.2,0.333333,0.1,1,1.33333,1
1,292,0.702532,-1.70906,-0.484403,0.333333,0.1,0.0714286,0,0,0.1
0,292,-0.0125777,0.309824,0.196154,0.2,0.2,0.102564,0,0.333333,0.2
0,292,0.222756,0.680729,1.00857,0.25,0.333333,0.194444,0,0.333333,0.3
1,292,-0.628807,-1.66272,-1.55467,0.125,0.111111,0.118644,0,0.333333,0.4
0,292,-0.724538,1.58404,0.326541,0.111111,1,0.0961538,1,0.166667,0.5
0,292,-0.46084,-0.598202,-1.07241,0.142857,0.125,0.111111,0,0,0.6
0,292,1.49289,-0.0758478,0.514053,0.5,0.142857,0.0941176,1,0,0.7
0,292,-1.7892,0.196733,-1.2887,0.1,0.166667,0.0549451,0,0,0.8
0,292,-0.444341,0.762653,0.766145,0.166667,0.5,0.0568182,1,0.166667,0.9
0,292,1.64212,0.511848,1.58872,1,0.25,0.101266,0,0,1
0,293,-0.264163,0.768945,0.138082,0.166667,0.25,0.25,1,1,0.1
0,293,-0.812704,-0.93327,-0.890302,0.125,0.125,0.115942,0,0,0.2
0,293,-0.993269,-1.43066,-1.52352,0.1,0.1,0.166667,1,0.833333,0.3
0,293,0.656417,0.903519,1.06156,0.5,0.333333,0.0952381,0,0,0.4
0,293,-0.908115,-1.38233,-1.2115,0.111111,0.111111,0.181818,1,0.833333,0.5
1,293,-0.0646682,-0.0214504,0.313731,0.25,0.2,0.126437,1,1,0.6
0,293,-0.0719408,-0.138212,-0.0430556,0.2,0.166667,0.109589,1,0.333333,0.7
0,293,0.130035,1.00446,1.06156,0.333333,0.5,0.192308,1,0.833333,0.8
1,293,2.62888,1.6095,1.65296,1,1,0.22449,1,0,0.9
0,293,-0.300477,-0.380491,-0.559515,0.142857,0.142857,0.107143,1,0.833333,1
0,294,-0.721887,0.0348715,-0.603109,0.1,0.25,0.0714286,1,0,0.1
0,294,0.0835789,-0.127062,0.381066,0.333333,0.166667,0.107692,1,0.166667,0.2
0,294,-0.139036,-0.768294,-0.231846,0.25,0.125,0.0683761,0,0.166667,0.3
0,294,-0.419445,-0.134512,-0.656097,0.142857,0.142857,0.0724638,0,0,0.4
1,294,-0.641633,-1.10208,-1.42063,0.111111,0.111111,0.0701754,0,0,0.5
0,294,-0.610314,0.353103,-0.012698,0.125,0.333333,0.0674157,0,0,0.6
0,294,-0.324358,-0.00586126,0.155481,0.2,0.2,0.0736842,0,0,0.7
0,294,0.233551,0.536434,1.47102,0.5,0.5,0.0659341,0,0,0.8
0,294,-0.32836,-1.2656,-1.02148,0.166667,0.1,0.047619,0,0,0.9
1,294,2.8679,2.479,1.93829,1,1,0.160714,1,0,1
1,295,0.00133042,0.583932,0.581263,0.25,0.25,0.103448,0,0.166667,0.1
0,295,-0.220521,0.832181,0.381704,0.166667,0.333333,0.15873,0,0.166667,0.2
0,295,-0.514467,1.43033,0.642171,0.142857,1,0.0762712,0,0,0.3
0,295,0.151876,1.09138,1.24689,0.333333,0.5,0.140845,0,0.166667,0.4
0,295,-0.98228,-1.31613,-1.41762,0.1,0.125,0.0923077,0,0.166667,0.5
0,295,-0.00677814,-0.165563,-0.250727,0.2,0.142857,0.126761,0,0,0.6
0,295,-0.87469,-1.42456,-1.60625,0.111111,0.1,0.106061,1,0,0.7
0,295,-0.862622,-1.36791,-1.23437,0.125,0.111111,0.125,0,0.166667,0.8
0,295,0.727368,0.248193,0.814613,0.5,0.2,0.09375,1,0,0.9
1,295,2.58078,0.0881417,0.842325,1,0.166667,0.244898,0,0.166667,1
0,296,-1.07613,-0.976735,-1.31591,0.1,0.125,0.123288,0,0,0.1
0,296,-0.939637,-0.375959,-0.965479,0.111111,0.142857,0.142857,0,0,0.2
0,296,0.140196,0.980607,0.953665,0.25,0.5,0.188679,1,0.333333,0.3
1,296,-0.738688,0.863645,0.168524,0.142857,0.333333,0.166667,0,0,0.4
0,296,-0.895466,-1.49488,-1.14581,0.125,0.111111,0.0970874,0,0,0.5
0,296,-0.653305,-1.50186,-0.949784,0.166667,0.1,0.195652,0,0,0.6
0,296,0.887349,0.195186,0.54583,0.333333,0.2,0.12963,1,0.166667,0.7
1,296,2.00361,0.820094,1.1709,1,0.25,0.2,1,0.5,0.8
0,296,0.109675,0.0792369,-0.046944,0.2,0.166667,0.153846,1,0.333333,0.9
0,296,1.1624,1.41067,1.58501,0.5,1,0.235294,1,0,1
0,297,-0.0014588,1.15987,0.88236,0.25,0.5,0.0810811,1,0.333333,0.1
1,297,-0.168623,-0.237456,-0.220626,0.166667,0.166667,0.210526,1,0.333333,0.2
0,297,-0.803796,-1.55743,-1.21752,0.125,0.1,0.114286,0,0,0.3
0,297,-0.568278,-0.36173,-0.564432,0.142857,0.142857,0.137931,1,0.333333,0.4
1,297,2.38219,2.01245,1.66749,1,1,0.164835,0,0.166667,0.5
0,297,-1.11811,-0.921277,-1.37953,0.1,0.111111,0.0882353,0,0,0.6
0,297,-0.88142,-0.836071,-1.06014,0.111111,0.125,0.0666667,0,0,0.7
0,297,1.13918,0.360092,0.88236,0.5,0.25,0.127451,0,0,0.8
0,297,0.0467594,0.538407,0.876278,0.333333,0.333333,0.0990099,0,0.166667,0.9
0,297,-0.0264494,-0.156862,0.133758,0.2,0.2,0.14,0,0,1
0,298,-0.197476,-0.336539,-0.275905,0.2,0.142857,0.127907,0,0.333333,0.1
0,298,0.976828,2.3109,1.87898,0.5,1,0.16129,0,0,0.2
0,298,-0.771235,0.502935,0.199779,0.142857,0.333333,0.140845,1,0.5,0.3
0,298,-0.248818,-1.27632,-0.924292,0.166667,0.111111,0.0898876,0,0,0.4
1,298,2.29387,-0.150469,0.92691,1,0.166667,0.157303,0,0.166667,0.5
0,298,-0.913781,0.0344744,-0.664783,0.1,0.25,0.056701,0,0,0.6
0,298,-0.190426,0.754604,1.13054,0.25,0.5,0.204545,1,0,0.7
0,298,-0.900864,0.0159105,-0.69726,0.111111,0.2,0.136364,0,0.333333,0.8
0,298,0.813884,-0.509638,-0.0139965,0.333333,0.125,0.0743243,1,0.166667,0.9
1,298,-0.861986,-1.34585,-1.55997,0.125,0.1,0.113924,0,0.166667,1
0,299,-1.42946,-1.71344,-1.87468,0.1,0.111111,0.0888889,1,0.166667,0.1
0,299,-0.882303,0.241801,-0.271044,0.125,0.25,0.0581395,1,0.333333,0.2
0,299,-1.35508,0.166087,-1.21392,0.111111,0.142857,0.102564,0,0,0.3
0,299,-0.273653,0.64937,0.211888,0.142857,0.333333,0.0347222,0,0,0.4
0,299,0.369037,-1.84236,-0.705076,0.25,0.1,0.0810811,1,0.166667,0.5
1,299,-0.00471025,1.4997,1.22388,0.2,1,0.111111,1,0.166667,0.6
0,299,-0.230402,0.21149,-0.0590238,0.166667,0.2,0.0490196,0,0,0.7
0,299,1.02687,0.875968,1.45526,0.333333,0.5,0.0413793,1,0.333333,0.8
0,299,1.10707,0.175945,0.709956,0.5,0.166667,0.0972222,1,0.5,0.9
1,299,1.67263,-0.264555,0.522754,1,0.125,0.0689655,0,0,1
1,300,0.221181,-1.97594,-0.74782,0.25,0.1,0.097561,1,0,0.1
0,300,-0.54943,-0.624771,-0.565757,0.166667,0.142857,0.105263,0,0,0.2
0,300,0.631071,1.16735,1.54349,0.333333,0.5,0.0833333,0,0.166667,0.3
0,300,-0.385531,1.17559,1.29808,0.2,1,0.109091,0,0.166667,0.4
1,300,1.87882,0.470466,1.29808,1,0.2,0.146341,0,0,0.5
0,300,-1.04542,0.692,-0.74782,0.1,0.25,0.142857,1,0.166667,0.6
0,300,-0.741478,0.80843,-0.0157448,0.125,0.333333,0.0697674,0,0,0.7
0,300,-1.02032,0.0761458,-1.03974,0.111111,0.166667,0.166667,1,0.333333,0.8
0,300,-0.584729,-0.907139,-1.28751,0.142857,0.111111,0.121212,1,0,0.9
0,300,1.59584,-0.882123,0.264752,0.5,0.125,0.0819672,1,0.166667,1
1,301,0.273995,-0.139205,-0.259097,0.25,0.125,0.230769,1,0.333333,0.1
0,301,1.56716,1.18679,1.64392,0.5,0.5,0.121951,1,0,0.2
1,301,1.61682,0.340069,1.4073,1,0.25,0.135593,1,0.166667,0.3
0,301,-0.422211,-1.89623,-1.36485,0.142857,0.1,0.0961538,0,0,0.4
0,301,-0.034099,0.0658956,-0.0564219,0.166667,0.2,0.0810811,1,0.166667,0.5
0,301,0.299912,-1.61875,-0.224647,0.333333,0.111111,0.0862069,0,0,0.6
0,301,-0.519016,-0.0487872,-0.949951,0.125,0.142857,0.0895522,0,0,0.7
0,301,-1.62785,0.781847,-0.42909,0.1,0.333333,0.1,1,0.166667,0.8
0,301,-1.28429,0.0558376,-0.937101,0.111111,0.166667,0.128205,1,0.166667,0.9
0,301,0.129585,1.27253,1.16993,0.2,1,0.101266,0,0,1
0,302,0.616177,0.849058,1.05326,0.25,0.333333,0.162162,0,0,0.1
0,302,-1.05143,-0.156382,-1.36804,0.111111,0.142857,0.131579,0,0,0.2
1,302,0.320174,1.14251,0.800092,0.166667,0.5,0.1,1,0.5,0.3
0,302,1.22893,-0.640392,0.34101,1,0.111111,0.0892857,1,0,0.4
1,302,-2.3269,-2.4028,-2.35372,0.1,0.1,0.0952381,0,0,0.5
0,302,0.831036,-0.394406,0.281311,0.5,0.125,0.119403,1,0.333333,0.6
0,302,0.327186,0.13776,0.204845,0.2,0.2,0.12963,1,0.666667,0.7
0,302,-0.0113033,0.315185,-0.0499369,0.142857,0.25,0.0606061,1,0.166667,0.8
0,302,-0.553277,1.21942,0.589123,0.125,1,0.178571,1,0.5,0.9
0,302,0.619409,-0.0699526,0.502052,0.333333,0.166667,0.15,1,0.5,1
0,303,-0.300309,0.763053,0.166934,0.142857,0.333333,0.142857,1,0.166667,0.1
0,303,-1.16333,-0.813996,-1.12487,0.1,0.142857,0.097561,1,0.166667,0.2
0,303,-0.0866491,0.471841,0.338837,0.2,0.25,0.112903,1,0.166667,0.3
0,303,0.0630362,0.913011,0.94467,0.25,0.5,0.111111,0,0.333333,0.4
1,303,-0.176641,-0.966749,-0.598878,0.166667,0.125,0.0851064,1,0,0.5
1,303,2.26927,1.80875,1.78524,1,1,0.227273,0,0.333333,0.6
0,303,-1.1606,-1.39834,-1.47695,0.111111,0.1,0.138889,0,0,0.7
0,303,0.889157,0.457597,0.749037,0.5,0.2,0.123288,0,0.333333,0.8
0,303,0.598168,-0.0859785,0.350976,0.333333,0.166667,0.122807,1,0.166667,0.9
0,303,-0.932097,-1.14918,-1.135,0.125,0.111111,0.0857143,0,0,1
1,304,2.99903,0.564789,1.15312,1,0.25,0.128205,1,0,0.1
0,304,-0.333901,1.07734,0.556083,0.166667,0.5,0.0434783,0,0,0.2
0,304,-0.349192,-1.07454,-0.950818,0.142857,0.111111,0.0597015,0,0,0.3
0,304,-0.351784,-0.184392,-0.778374,0.125,0.142857,0.0454545,0,0,0.4
0,304,-0.298742,0.956075,0.932711,0.333333,0.333333,0.1,0,0,0.5
0,304,-0.322715,-0.000204969,0.33687,0.25,0.2,0.0571429,0,0,0.6
1,304,-0.285509,1.42583,1.56094,0.5,1,0.0714286,1,0,0.7
0,304,-0.356737,-0.134902,-0.767845,0.111111,0.166667,0.047619,0,0,0.8
0,304,-0.326455,-0.641217,-0.406797,0.2,0.125,0.0769231,0,0,0.9
0,304,-0.374001,-1.98879,-1.63589,0.1,0.1,0.0533333,0,0,1
0,305,0.258927,-0.0288566,0.19055,0.2,0.2,0.0989011,0,0,0.1
0,305,-1.07602,1.29144,-0.193323,0.1,0.5,0.315789,0,0,0.2
1,305,-0.987956,-1.01031,-1.04177,0.142857,0.125,0.08,1,0.166667,0.3
0,305,0.694476,-1.11114,0.0308812,0.5,0.111111,0.0917431,0,0,0.4
0,305,-1.04136,-1.55256,-1.73446,0.125,0.1,0.107692,0,0,0.5
0,305,-1.05387,0.92848,-0.246361,0.111111,0.333333,0.26087,0,0,0.6
0,305,0.579743,-0.440371,0.222126,0.333333,0.142857,0.0952381,0,0,0.7
0,305,0.109272,0.551744,0.198439,0.166667,0.25,0.0789474,0,0,0.8
1,305,2.15466,1.51178,2.37548,1,1,0.214286,1,0.166667,0.9
0,305,0.362126,-0.140207,0.198439,0.25,0.166667,0.107527,0,0,1
0,306,-0.627375,0.370537,-0.0331316,0.142857,0.25,0.0384615,1,0.333333,0.1
0,306,0.471229,0.247039,0.513137,0.333333,0.2,0.078125,0,0,0.2
0,306,-0.583748,-1.05486,-0.568368,0.166667,0.125,0.0571429,0,0,0.3
0,306,-0.0269132,0.960439,0.698804,0.25,0.333333,0.121212,0,0,0.4
0,306,1.91311,0.999008,1.49007,1,0.5,0.116279,1,0.5,0.5
1,306,-0.696947,-0.509611,-0.743035,0.125,0.142857,0.0470588,0,0,0.6
0,306,-0.526709,-0.340783,-0.0441322,0.2,0.166667,0.0677966,0,0,0.7
0,306,-0.89726,-1.22506,-1.40171,0.1,0.111111,0.0535714,0,0,0.8
1,306,1.77953,1.81593,1.49007,0.5,1,0.111111,1,0.5,0.9
0,306,-0.80492,-1.26264,-1.40171,0.111111,0.1,0.0491803,1,0.333333,1
0,307,-1.05723,0.000574175,-0.823908,0.111111,0.166667,0.0735294,1,0.5,0.1
0,307,0.396798,-1.26263,-0.37726,0.333333,0.1,0.0909091,0,0,0.2
1,307,0.709142,1.86328,1.67491,0.5,1,0.12987,1,0.5,0.3
0,307,-0.000270483,0.311455,-0.0496067,0.166667,0.2,0.137255,1,0,0.4
0,307,0.241501,0.613027,0.570164,0.25,0.25,0.131148,1,0.5,0.5
0,307,-1.3294,-1.24642,-1.57558,0.1,0.111111,0.08,0,0,0.6
1,307,2.3417,0.872061,1.67491,1,0.5,0.157895,0,0,0.7
0,307,-0.57728,-1.14774,-0.835206,0.142857,0.125,0.12,0,0,0.8
0,307,0.0354744,-0.645929,-0.24594,0.2,0.142857,0.107692,0,0,0.9
0,307,-0.760424,0.642312,-0.0124764,0.125,0.333333,0.0740741,1,0.5,1
0,308,1.1492,-0.269097,0.747304,0.5,0.2,0.0625,1,0.166667,0.1
0,308,-0.869821,-1.4901,-1.30048,0.125,0.1,0.0983607,0,0,0.2
0,308,0.0504826,-0.527412,-0.23566,0.166667,0.166667,0.109375,0,0,0.3
0,308,0.144914,0.588108,0.734612,0.25,0.333333,0.125,0,0,0.4
0,308,-0.709865,-0.617194,-0.781109,0.142857,0.125,0.119048,1,0.166667,0.5
1,308,2.19544,2.18831,1.78111,1,1,0.14,1,0,0.6
1,308,0.193637,1.07035,1.14386,0.333333,0.5,0.159091,1,0.166667,0.7
0,308,-1.03863,-0.648899,-1.30543,0.111111,0.111111,0.0952381,1,0.333333,0.8
0,308,0.0892664,-0.536617,-0.23001,0.2,0.142857,0.116279,1,0.333333,0.9
0,308,-1.20463,0.24255,-0.554202,0.1,0.25,0.0892857,0,0.166667,1
0,309,0.335846,-0.228701,0.162906,0.25,0.166667,0.105263,0,0,0.1
0,309,-0.624509,0.39008,0.182351,0.142857,0.333333,0.0851064,1,1.16667,0.2
1,309,0.951395,2.63737,1.71506,0.5,1,0.128205,1,1.16667,0.3
0,309,-0.662636,-0.325496,-0.855228,0.125,0.142857,0.0615385,1,1.16667,0.4
0,309,-0.60191,-0.127286,0.370131,0.2,0.25,0.0701754,1,1.16667,0.5
0,309,-0.922072,-0.891554,-1.61336,0.1,0.111111,0.0508475,1,1.16667,0.6
1,309,2.38927,-0.772598,0.449883,1,0.125,0.0655738,1,0,0.7
0,309,-0.76705,-0.996622,-1.61336,0.111111,0.1,0.057971,1,1.16667,0.8
0,309,0.51592,-0.218822,0.590617,0.333333,0.2,0.0793651,1,1.16667,0.9
0,309,-0.614253,0.53363,0.61099,0.166667,0.5,0.0930233,1,1.16667,1
0,310,-0.408726,-0.394846,-0.324292,0.166667,0.166667,0.115942,0,0,0.1
0,310,-0.218984,1.40173,1.29695,0.25,0.5,0.137255,1,0.666667,0.2
1,310,-0.036021,-0.928369,-0.0160568,0.333333,0.125,0.0833333,1,0,0.3
1,310,2.48791,0.582613,1.59239,1,0.25,0.192308,1,0.666667,0.4
0,310,-1.00411,1.51981,0.095965,0.1,1,0.0945946,1,0.833333,0.5
0,310,-0.572373,0.114361,-0.56176,0.125,0.2,0.112676,1,0.5,0.6
0,310,1.21055,-1.12487,0.0318628,0.5,0.111111,0.173077,0,0,0.7
0,310,-0.4213,-0.45257,-0.829641,0.142857,0.142857,0.0897436,0,0,0.8
0,310,-0.321539,0.787202,0.74231,0.2,0.333333,0.118644,1,0.666667,0.9
0,310,-0.715413,-1.50506,-2.02773,0.111111,0.1,0.112903,1,0.333333,1
0,311,0.306171,-1.15572,-0.446294,0.25,0.111111,0.0550459,0,0.166667,0.1
1,311,2.01084,-0.0554356,0.893205,1,0.166667,0.0555556,1,0,0.2
0,311,1.34206,-0.307273,0.432798,0.5,0.142857,0.0806452,0,0,0.3
1,311,-0.514649,0.952653,0.863819,0.2,0.5,0.0490196,1,0.166667,0.4
0,311,-0.551086,0.863613,0.192515,0.142857,0.333333,0.0909091,0,0,0.5
0,311,-0.545068,0.648729,0.171985,0.166667,0.25,0.0609756,0,0,0.6
0,311,-0.663087,0.394676,-0.471874,0.125,0.2,0.05,0,0,0.7
0,311,-1.12575,-1.77711,-1.89759,0.1,0.1,0.0361446,0,0.166667,0.8
0,311,0.723322,1.45965,1.57037,0.333333,1,0.0769231,1,0.166667,0.9
0,311,-0.982752,-1.02378,-1.30893,0.111111,0.125,0.045977,0,0,1
0,312,-0.972779,-0.302479,-1.13996,0.1,0.166667,0.0869565,0,0,0.1
0,312,-0.816718,-0.964857,-1.16507,0.125,0.125,0.1,0,0,0.2
0,312,2.11446,0.852316,1.64992,1,0.333333,0.102041,1,0,0.3
1,312,-0.211495,1.98759,1.16831,0.2,1,0.037037,1,0.166667,0.4
0,312,-0.74888,0.606733,0.180698,0.166667,0.25,0.0857143,1,0,0.5
0,312,0.495402,0.902623,1.14462,0.25,0.5,0.142857,0,0,0.6
0,312,-0.913987,-0.257751,-0.705944,0.111111,0.2,0.0779221,0,0.166667,0.7
0,312,0.85709,-0.473339,0.202268,0.333333,0.142857,0.2,1,0.166667,0.8
0,312,-0.760438,-0.996455,-1.1588,0.142857,0.111111,0.111111,0,0.166667,0.9
1,312,0.957342,-1.35438,-0.17604,0.5,0.1,0.0641026,0,0,1
1,313,1.12784,1.88598,1.87458,0.5,1,0.078125,1,0,0.1
0,313,-0.101928,1.69433,0.894318,0.2,0.5,0.0909091,0,0,0.2
0,313,-0.892232,-0.137892,-0.462051,0.111111,0.25,0.037037,0,0,0.3
0,313,-0.864162,-0.431103,-0.721498,0.142857,0.142857,0.0540541,0,0.166667,0.4
1,313,2.30964,-0.97996,0.284633,1,0.111111,0.0833333,1,0,0.5
0,313,-0.885325,-0.294096,-0.488535,0.125,0.2,0.025641,0,0,0.6
0,313,-0.319868,-1.28806,-1.12331,0.166667,0.1,0.0449438,0,0,0.7
0,313,0.266854,-0.395877,0.419051,0.333333,0.166667,0.0571429,0,0,0.8
0,313,-0.902504,-0.528379,-1.55632,0.1,0.125,0.03125,0,0.166667,0.9
0,313,0.261692,0.475064,0.879128,0.25,0.333333,0.0555556,0,0,1
0,314,-1.03539,0.44691,-0.39937,0.111111,0.25,0.0634921,1,0.166667,0.1
0,314,0.111965,0.823923,0.974889,0.25,0.5,0.108911,1,0.333333,0.2
0,314,0.0895203,-1.14347,-0.601262,0.2,0.111111,0.11,1,0.333333,0.3
0,314,0.241411,0.459256,0.968169,0.333333,0.333333,0.14433,1,0.5,0.4
0,314,-0.383473,0.304508,-0.237918,0.142857,0.2,0.0827586,0,0,0.5
1,314,0.810175,0.0850227,0.577224,0.5,0.166667,0.127119,0,0,0.6
0,314,-0.895636,-2.16509,-1.34519,0.125,0.1,0.107143,0,0,0.7
0,314,-0.28197,0.0329176,-0.433692,0.166667,0.142857,0.1375,1,0.166667,0.8
0,314,-1.09771,-0.457881,-1.34519,0.1,0.125,0.130435,1,0.166667,0.9
1,314,2.44112,1.6139,1.84235,1,1,0.184211,1,0.333333,1
0,315,-0.409302,-0.83116,-0.803105,0.125,0.142857,0.0833333,0,0,0.1
0,315,-0.186479,0.75353,0.347573,0.2,0.25,0.0555556,0,0,0.2
0,315,-0.585697,-0.843786,-1.16426,0.111111,0.125,0.0784314,0,0,0.3
0,315,-0.163581,1.15373,0.969024,0.25,0.5,0.25,0,0,0.4
0,315,-0.73676,-1.23204,-1.68787,0.1,0.1,0.0491803,0,0,0.5
1,315,2.93228,0.999455,1.39681,1,0.333333,0.184211,1,0,0.6
1,315,-0.323223,-0.0281135,-0.0477001,0.166667,0.2,0.0769231,0,0,0.7
0,315,-0.143532,1.63757,1.39681,0.333333,1,0.277778,0,0,0.8
0,315,-0.401752,-0.484951,-0.431083,0.142857,0.166667,0.0806452,0,0,0.9
0,315,0.0180449,-1.12423,0.0238064,0.5,0.111111,0.0704225,0,0,1
1,316,2.13108,2.2957,1.67978,1,1,0.232558,1,0,0.1
0,316,-0.672978,-0.284552,-0.395424,0.142857,0.166667,0.09375,0,0,0.2
0,316,-0.894267,-0.70822,-0.899877,0.111111,0.142857,0.135135,0,0,0.3
0,316,0.439508,0.138641,0.502899,0.25,0.25,0.0813953,1,0.333333,0.4
0,316,-0.703016,-1.09242,-1.2265,0.125,0.1,0.0833333,0,0,0.5
0,316,0.638971,0.238687,0.88274,0.333333,0.333333,0.0895522,1,0.333333,0.6
0,316,-0.559391,-0.206447,0.134745,0.2,0.2,0.25,1,0.166667,0.7
0,316,-0.654631,-0.868429,-0.726707,0.166667,0.111111,0.075,0,0,0.8
1,316,1.21695,1.23404,1.27483,0.5,0.5,0.2,1,0.333333,0.9
0,316,-0.942224,-0.746998,-1.2265,0.1,0.125,0.0735294,1,0.166667,1
0,317,-0.780892,-0.753978,-1.23319,0.111111,0.125,0.08,0,0.166667,0.1
1,317,1.66905,0.420674,1.2457,0.5,0.333333,0.140625,1,0.333333,0.2
0,317,-0.76365,-0.485796,-0.850653,0.125,0.142857,0.111111,0,0.166667,0.3
0,317,-0.0609852,-0.472167,0.162034,0.25,0.166667,0.0909091,1,0,0.4
0,317,-0.76161,-0.114711,-0.0379303,0.142857,0.25,0.0821918,0,0.333333,0.5
1,317,1.96556,2.28597,1.93969,1,1,0.1875,1,0,0.6
0,317,0.528034,-0.777505,-0.201165,0.333333,0.111111,0.111111,0,0,0.7
0,317,-0.216435,1.2371,0.813838,0.2,0.5,0.111111,1,0.333333,0.8
0,317,-0.818897,-0.15763,-0.816102,0.1,0.2,0.0943396,1,0.333333,0.9
0,317,-0.760175,-1.18196,-1.02222,0.166667,0.1,0.0392157,0,0,1
0,318,-0.634346,-0.625094,-0.217208,0.2,0.142857,0.097561,1,0.5,0.1
0,318,0.145939,-0.604777,0.140506,0.25,0.166667,0.078125,1,0.5,0.2
0,318,0.808781,1.0951,0.883891,0.333333,0.333333,0.119048,0,0,0.3
0,318,1.57931,1.17456,1.2765,0.5,0.5,0.142857,0,0,0.4
0,318,-0.72115,-0.42815,-0.0438114,0.166667,0.2,0.0512821,0,0.166667,0.5
1,318,-0.748761,-0.867216,-1.06935,0.125,0.111111,0.133333,1,0.5,0.6
0,318,-0.794027,-0.778157,-1.06935,0.111111,0.125,0.0384615,0,0,0.7
0,318,-0.726888,0.0316737,-0.0328907,0.142857,0.25,0.0493827,1,0.5,0.8
1,318,1.88593,2.02101,1.68198,1,1,0.176471,1,0,0.9
0,318,-0.794786,-1.01895,-1.55026,0.1,0.1,0.0666667,0,0.166667,1
0,319,1.31143,2.34399,1.58279,0.5,1,0.30303,1,0.166667,0.1
0,319,-0.762107,-0.489842,-0.412492,0.125,0.2,0.116667,0,0,0.2
0,319,-1.15115,-0.676274,-1.13399,0.1,0.142857,0.0847458,0,0,0.3
0,319,-0.220696,0.953367,0.952332,0.25,0.5,0.0909091,0,0,0.4
0,319,-0.261836,-0.0529426,0.341586,0.2,0.25,0.112676,0,0,0.5
0,319,-1.03461,-0.946563,-1.48893,0.111111,0.1,0.0612245,1,0.666667,0.6
1,319,1.88045,-0.57825,0.7808,1,0.166667,0.103896,1,0.833333,0.7
0,319,-0.602994,-0.7021,-0.964129,0.142857,0.111111,0.0740741,1,0.666667,0.8
1,319,1.10367,0.836652,0.945768,0.333333,0.333333,0.119565,1,0.666667,0.9
0,319,-0.262159,-0.688042,-0.603735,0.166667,0.125,0.109375,1,0.666667,1
0,320,-0.40565,-1.26689,-1.23876,0.166667,0.1,0.0714286,1,0.666667,0.1
0,320,-0.063377,-1.17106,-0.767126,0.2,0.111111,0.0930233,1,0.666667,0.2
1,320,-0.522232,1.244,0.494133,0.142857,0.5,0.0769231,1,0.666667,0.3
0,320,2.56742,-1.10529,0.542266,1,0.125,0.106383,0,0,0.4
0,320,-0.530807,0.699359,-0.015399,0.125,0.333333,0.0347826,1,0.666667,0.5
0,320,-0.535602,0.0744513,-0.767126,0.111111,0.2,0.0506329,0,0,0.6
1,320,0.536047,1.88743,2.06725,0.5,1,0.025,1,0,0.7
0,320,-1.41886,-0.116109,-1.23876,0.1,0.166667,0.0350877,0,0.166667,0.8
0,320,0.0675131,-0.400127,-0.0459652,0.25,0.142857,0.0481928,0,0.166667,0.9
0,320,0.305544,0.15423,0.969485,0.333333,0.25,0.0714286,1,0.666667,1
0,321,0.170588,-0.70425,-0.014757,0.333333,0.125,0.125,1,0.833333,0.1
0,321,-0.493046,-0.959093,-1.20673,0.142857,0.111111,0.235294,1,1,0.2
0,321,-0.324542,0.311355,0.442854,0.166667,0.333333,0.130435,1,0.833333,0.3
1,321,-0.315422,-1.14557,-0.947747,0.2,0.1,0.148148,1,0.666667,0.4
0,321,0.315636,2.58848,1.98106,0.5,1,0.122807,0,0,0.5
0,321,-0.0992469,-0.286504,0.188172,0.25,0.166667,0.0775194,0,0.5,0.6
0,321,-0.594134,-0.357502,-1.20673,0.111111,0.142857,0.155556,0,0,0.7
0,321,-0.547022,0.486732,0.248141,0.125,0.5,0.135593,1,0.833333,0.8
1,321,2.81182,-0.0801353,1.21664,1,0.2,0.245283,1,0,0.9
0,321,-0.924632,0.146495,-0.700901,0.1,0.25,0.115385,1,1,1
0,322,-0.621981,-0.115626,-0.763588,0.125,0.166667,0.0967742,0,0,0.1
0,322,-1.10336,-1.29545,-1.66832,0.111111,0.111111,0.169811,0,0,0.2
0,322,-0.601523,-0.209841,-0.77049,0.142857,0.142857,0.132353,1,0,0.3
1,322,1.72561,0.332594,1.47885,1,0.25,0.18,0,0.333333,0.4
1,322,1.34082,-1.46725,-0.185246,0.5,0.1,0.34375,1,0,0.5
0,322,0.768631,-1.05119,-0.014912,0.333333,0.125,0.185185,0,0,0.6
0,322,0.369261,1.29088,1.20448,0.25,0.5,0.156863,0,0,0.7
0,322,0.048963,0.98435,0.689386,0.2,0.333333,0.1,1,0.333333,0.8
0,322,-0.383013,1.50327,0.987534,0.166667,1,0.08,0,0.333333,0.9
0,322,-1.54341,0.0282576,-0.957702,0.1,0.2,0.101124,1,0,1
1,323,0.275643,-0.760156,-0.0279274,0.333333,0.125,0.126316,1,0.333333,0.1
0,323,-1.19486,1.22545,0.0554185,0.111111,0.5,0.0989011,1,0.166667,0.2
0,323,1.16009,-1.58047,-0.346932,0.5,0.1,0.243902,1,0.166667,0.3
0,323,-0.125537,-0.402434,-0.550514,0.2,0.142857,0.0869565,1,0,0.4
0,323,0.0469027,-1.15146,-0.924094,0.25,0.111111,0.207547,1,0.166667,0.5
1,323,2.23033,0.11832,2.76962,1,0.25,0.107843,0,0.166667,0.6
0,323,-1.19835,1.63889,0.166911,0.1,1,0.135593,1,0,0.7
0,323,-0.803321,1.07662,-0.0279274,0.125,0.333333,0.128205,1,0.166667,0.8
0,323,-0.210297,-0.258624,-1.00351,0.142857,0.166667,0.116505,0,0.166667,0.9
0,323,-0.180594,0.0938716,-0.11104,0.166667,0.2,0.144578,0,0,1
0,324,-0.144324,-0.470886,-0.0971658,0.25,0.142857,0.15,1,0.333333,0.1
0,324,-1.21025,0.166801,-2.0906,0.1,0.2,0.0952381,1,0.5,0.2
0,324,0.359945,-0.280761,0.976877,0.333333,0.166667,0.139241,1,0,0.3
1,324,2.24591,-1.89368,0.19455,1,0.1,0.242424,0,0.333333,0.4
0,324,-0.83925,1.65728,0.663527,0.111111,1,0.101449,1,0.666667,0.5
0,324,-0.588796,0.535271,0.46463,0.142857,0.333333,0.126437,1,0.333333,0.6
1,324,1.3245,-0.803701,0.0645954,0.5,0.111111,0.144737,1,0,0.7
0,324,-0.622004,1.42217,0.547366,0.125,0.5,0.09375,1,0.5,0.8
0,324,-0.190752,0.239177,0.943091,0.2,0.25,0.12037,0,0,0.9
0,324,-0.33498,-0.571664,-1.66687,0.166667,0.125,0.144737,1,1,1
0,325,-0.711944,0.247082,-0.925494,0.125,0.2,0.0882353,0,0,0.1
0,325,-0.664926,1.21327,1.33558,0.142857,1,0.0408163,0,0.166667,0.2
0,325,0.595364,-1.98151,-1.25644,0.25,0.1,0.0769231,1,0.166667,0.3
0,325,-0.604088,0.697002,0.337317,0.166667,0.25,0.0571429,0,0,0.4
1,325,2.39201,-0.973496,0.539216,1,0.111111,0.138889,1,0.166667,0.5
0,325,-0.933651,1.12712,-0.328621,0.1,0.5,0.0365854,0,0,0.6
0,325,-0.787483,-0.04066,-1.74691,0.111111,0.166667,0.0666667,0,0.166667,0.7
1,325,0.622633,-0.937025,-0.0264534,0.333333,0.125,0.0759494,1,0,0.8
0,325,-0.556527,0.9352,1.22295,0.2,0.333333,0.0493827,1,0.166667,0.9
0,325,0.648615,-0.286976,0.848853,0.5,0.142857,0.0888889,1,0.166667,1
0,326,1.217,1.68055,2.43351,0.5,1,0.0393258,0,0,0.1
0,326,-0.420658,-0.645418,-0.936623,0.142857,0.142857,0.134328,0,0,0.2
0,326,-0.3685,-0.0359841,-0.366109,0.166667,0.166667,0.140625,0,0,0.3
0,326,-0.690538,0.0559067,-0.634199,0.125,0.2,0.107143,1,0.166667,0.4
0,326,-0.339622,-1.48362,-1.1642,0.2,0.1,0.152542,1,0,0.5
1,326,1.92397,-0.656227,0.638342,1,0.125,0.157895,0,0,0.6
0,326,-0.226927,0.132802,0.828405,0.25,0.25,0.113924,1,0.166667,0.7
1,326,-1.43565,1.50143,-0.225189,0.1,0.5,0.08,0,0.166667,0.8
0,326,-0.762711,0.647268,-0.286969,0.111111,0.333333,0.0804598,0,0.166667,0.9
0,326,1.10364,-1.19672,-0.286969,0.333333,0.111111,0.128571,0,0,1
0,327,-0.353956,0.289042,-0.685906,0.111111,0.2,0.0840336,0,0,0.1
0,327,0.282938,-0.429594,0.196526,0.333333,0.142857,0.116505,1,0,0.2
0,327,-0.332515,-1.62669,-1.32427,0.142857,0.1,0.123457,0,0.333333,0.3
1,327,-1.95631,-0.218458,-1.1076,0.1,0.166667,0.116883,0,0,0.4
0,327,2.27723,0.45139,1.60309,1,0.333333,0.114286,0,0,0.5
0,327,-0.18024,-0.55183,-0.481707,0.2,0.125,0.106796,0,0,0.6
0,327,0.687655,1.71121,1.84838,0.5,1,0.105263,0,0.666667,0.7
0,327,0.10649,-1.34076,-0.455593,0.25,0.111111,0.114583,0,0.333333,0.8
0,327,-0.347327,1.26536,0.231521,0.125,0.5,0.123288,1,0.333333,0.9
1,327,-0.183973,0.450328,0.175569,0.166667,0.25,0.0978261,1,0.333333,1
0,328,-1.36464,0.584393,-1.3613,0.1,0.25,0.0480769,0,0.166667,0.1
0,328,-0.200388,0.692541,0.409094,0.142857,0.333333,0.0606061,1,0.666667,0.2
0,328,0.30001,-1.18059,-1.4278,0.2,0.111111,0.0694444,1,0.166667,0.3
1,328,2.13807,-1.75462,0.171296,1,0.1,0.125,1,0.166667,0.4
0,328,-0.947516,1.4335,1.00928,0.125,1,0.116279,1,0.5,0.5
0,328,0.690034,-0.0670206,1.37072,0.5,0.166667,0.0606061,1,0.166667,0.6
0,328,0.30701,0.270503,0.830367,0.25,0.2,0.0645161,1,0.5,0.7
0,328,-1.35044,1.31443,0.0568745,0.111111,0.5,0.049505,0,0,0.8
0,328,0.0513307,-0.717263,-1.46763,0.166667,0.125,0.172414,0,0,0.9
1,328,0.376523,-0.575872,0.409094,0.333333,0.142857,0.111111,1,0.666667,1
0,329,-0.626796,1.07707,1.25767,0.142857,1,0.0909091,0,0.166667,0.1
0,329,0.505702,0.242761,0.355556,0.333333,0.142857,0.113208,0,0.166667,0.2
0,329,-0.706591,0.710335,0.41887,0.125,0.5,0.0714286,0,0,0.3
0,329,-0.447124,-1.05415,-1.645,0.166667,0.111111,0.0983607,1,0.166667,0.4
0,329,-1.23926,0.487223,-2.00388,0.1,0.166667,0.0625,0,0,0.5
1,329,-0.913131,0.650729,-0.394349,0.111111,0.333333,0.119048,1,0.5,0.6
0,329,2.38308,-2.21458,0.148879,1,0.1,0.175,1,0.5,0.7
1,329,0.723406,-0.997316,0.41887,0.5,0.125,0.0754717,0,0.166667,0.8
0,329,0.0403433,0.58513,0.721697,0.2,0.25,0.108696,1,0.333333,0.9
0,329,0.280364,0.512803,0.721697,0.25,0.2,0.0864198,0,0,1
0,330,0.0711668,-0.71173,-0.833486,0.166667,0.125,0.0746269,1,0.166667,0.1
0,330,-1.20865,-0.178835,-0.569465,0.125,0.2,0.08,1,0.166667,0.2
0,330,0.148934,-0.195613,-0.0647179,0.2,0.166667,0.0961538,1,0.333333,0.3
0,330,-0.0470176,-1.31869,-1.33103,0.142857,0.111111,0.0331126,0,0,0.4
0,330,1.57023,-0.435531,0.821792,1,0.142857,0.16129,1,0.333333,0.5
0,330,0.625936,-1.51938,-0.773097,0.25,0.1,0.0530973,0,0,0.6
0,330,-1.47087,1.17542,-0.202204,0.1,0.5,0.0555556,0,0,0.7
0,330,1.06773,1.56052,2.18512,0.5,1,0.105263,0,0,0.8
1,330,-1.39409,0.971276,-0.257678,0.111111,0.333333,0.08,1,0.333333,0.9
1,330,0.636622,0.652556,1.02476,0.333333,0.25,0.0319149,0,0,1
0,331,-0.549882,0.0545343,-0.655412,0.142857,0.166667,0.0769231,1,0.5,0.1
0,331,-0.296812,-0.0449053,-0.359552,0.2,0.142857,0.25,0,0.5,0.2
0,331,-0.725971,0.505788,-0.638139,0.125,0.2,0.1,1,0.5,0.3
0,331,0.00241931,-0.320902,-0.288752,0.333333,0.111111,0.121212,0,0.333333,0.4
1,331,2.58992,-2.71332,0.109013,1,0.1,0.375,1,0.666667,0.5
0,331,-0.409556,-0.308992,-0.934,0.166667,0.125,0.0786517,0,0.166667,0.6
0,331,-0.786775,0.532741,-0.866328,0.1,0.25,0.122449,0,0,0.7
1,331,0.999614,1.06939,2.44863,0.5,1,0.177778,0,0.333333,0.8
0,331,-0.0578071,0.606277,1.14834,0.25,0.333333,0.115942,1,0.5,0.9
0,331,-0.765155,0.619385,0.0361949,0.111111,0.5,0.157895,1,0.5,1
0,332,1.97862,-0.0222793,2.19449,1,0.2,0.0961538,0,0,0.1
0,332,0.0170641,-1.02699,-0.931243,0.2,0.125,0.125,1,0.5,0.2
1,332,-0.373398,-0.377534,-1.37532,0.142857,0.142857,0.134615,1,0.666667,0.3
1,332,-1.52306,1.97504,0.159083,0.1,1,0.101695,1,0.333333,0.4
0,332,-0.038388,0.64598,0.798792,0.166667,0.333333,0.0786517,0,0.166667,0.5
0,332,0.473524,-0.0288289,0.798792,0.333333,0.166667,0.0886076,1,0.5,0.6
0,332,-0.817293,0.346826,-0.485998,0.125,0.25,0.105263,1,0.166667,0.7
0,332,0.258728,-1.11881,-0.880759,0.25,0.111111,0.150943,1,0.5,0.8
0,332,1.16638,-1.42836,-0.330663,0.5,0.1,0.152542,1,0.166667,0.9
0,332,-1.14217,1.03496,0.0528197,0.111111,0.5,0.0721649,0,0,1
0,333,-0.842206,0.144563,-0.850076,0.125,0.166667,0.0485437,0,0.166667,0.1
0,333,0.0481074,-0.325409,-0.5808,0.2,0.125,0.106061,0,0,0.2
1,333,0.411768,-2.57635,-0.788485,0.25,0.1,0.142857,0,0.333333,0.3
0,333,-1.00997,0.527282,-0.549314,0.111111,0.25,0.0943396,0,0.166667,0.4
0,333,-1.29046,0.813933,-0.206229,0.1,0.5,0.0930233,0,0,0.5
0,333,-0.841538,-0.462695,-1.35752,0.142857,0.111111,0.128205,0,0.166667,0.6
0,333,-0.372224,1.27929,1.09939,0.166667,1,0.0485437,0,0.166667,0.7
1,333,1.71808,0.529454,1.93286,1,0.333333,0.125,0,0,0.8
0,333,0.727165,-0.24934,0.236954,0.333333,0.142857,0.114286,0,0,0.9
0,333,1.45127,0.319275,1.06322,0.5,0.2,0.108434,0,0.333333,1
1,334,0.59057,0.66377,0.961458,0.333333,0.25,0.0666667,1,1.16667,0.1
0,334,1.42802,-0.992271,0.256793,0.5,0.125,0.08,1,1,0.2
0,334,-0.835587,0.919404,0.256793,0.125,0.5,0.125,1,1.16667,0.3
0,334,0.189228,-1.1072,-0.505322,0.25,0.111111,0.108696,1,0.666667,0.4
0,334,-1.25058,0.447909,-0.760774,0.111111,0.2,0.075,1,1,0.5
1,334,1.74893,1.61011,2.33112,1,1,0.0675676,1,1,0.6
0,334,-0.0693794,-0.61154,-0.548748,0.166667,0.142857,0.116279,1,1.16667,0.7
0,334,-1.46215,0.745766,-0.461777,0.1,0.333333,0.0222222,0,0,0.8
0,334,-0.335503,-1.66742,-1.46882,0.142857,0.1,0.108108,1,1.16667,0.9
0,334,-0.00354063,-0.00852234,-0.06072,0.2,0.166667,0.0892857,0,0,1
0,335,-0.525489,-0.219871,-0.84459,0.142857,0.166667,0.0769231,0,0,0.1
0,335,-0.699634,0.282485,-1.17092,0.111111,0.2,0.0491803,0,0,0.2
0,335,-0.276126,-0.398583,-0.463332,0.2,0.142857,0.0714286,1,0.333333,0.3
1,335,-0.686192,0.323467,-0.429158,0.125,0.25,0.0396825,1,0.333333,0.4
1,335,2.77491,-1.63122,0.140478,1,0.1,0.142857,1,0.166667,0.5
0,335,0.16016,-1.04146,-0.372097,0.333333,0.111111,0.0594059,1,0.166667,0.6
0,335,0.346019,-0.931232,0.395235,0.5,0.125,0.0786517,0,0,0.7
0,335,0.14498,1.63323,2.33101,0.25,1,0.0888889,1,0.333333,0.8
0,335,-0.783076,0.56635,-0.71073,0.1,0.333333,0.0961538,0,0,0.9
0,335,-0.455553,1.41685,1.12411,0.166667,0.5,0.0714286,0,0,1
0,336,-0.618992,-0.833503,-1.6353,0.125,0.111111,0.114286,0,0.166667,0.1
0,336,-0.0307956,1.07099,1.96192,0.333333,1,0.0487805,0,0,0.2
1,336,2.83884,-2.53596,0.100709,1,0.1,0.101266,1,0.333333,0.3
0,336,-0.219243,0.0528637,-0.332165,0.2,0.142857,0.0655738,1,0.333333,0.4
1,336,-0.159569,-0.380352,-0.307666,0.25,0.125,0.0490196,1,0.5,0.5
0,336,-0.274958,0.574896,0.505683,0.166667,0.333333,0.0540541,0,0.166667,0.6
0,336,-0.641436,0.838993,0.033438,0.111111,0.5,0.0615385,1,0,0.7
0,336,-0.773291,0.216092,-1.35553,0.1,0.166667,0.0327869,1,0.166667,0.8
0,336,0.38193,0.462009,1.0792,0.5,0.2,0.0618557,0,0,0.9
0,336,-0.502482,0.533971,-0.0502982,0.142857,0.25,0.0657895,0,0,1
0,337,0.440906,1.22207,1.49381,0.5,0.5,0.0506329,0,0,0.1
0,337,-0.459063,-0.0302583,-0.863207,0.125,0.142857,0.078125,0,0.166667,0.2
0,337,-0.211309,0.12327,0.164425,0.166667,0.25,0.104167,1,0.166667,0.3
1,337,0.060672,-1.12541,-0.642371,0.2,0.111111,0.0714286,1,0.166667,0.4
0,337,0.346922,1.70363,1.50134,0.333333,1,0.0487805,0,0,0.5
0,337,-0.403431,0.14108,0.184053,0.142857,0.333333,0.0609756,1,0.166667,0.6
0,337,-1.13095,0.0263003,-0.85153,0.111111,0.166667,0.05,0,0,0.7
1,337,2.43802,0.091436,1.0631,1,0.2,0.0227273,1,0,0.8
0,337,-1.39392,-0.0818779,-1.43717,0.1,0.125,0.047619,0,0.166667,0.9
0,337,0.312151,-2.07023,-0.612451,0.25,0.1,0.0862069,1,0.166667,1
0,338,-0.839446,1.02073,-0.358,0.1,0.5,0.117647,0,1,0.1
0,338,0.125702,0.280015,1.33228,0.333333,0.2,0.166667,0,0,0.2
1,338,2.40351,-2.43737,0.172236,1,0.1,0.285714,1,0,0.3
0,338,-0.690518,-0.261745,-0.582031,0.166667,0.166667,0.142857,0,1,0.4
0,338,-0.746044,0.768993,-0.0288183,0.125,0.333333,0.105263,0,1,0.5
1,338,1.14453,-0.331444,0.924741,0.5,0.142857,0.116667,1,0,0.6
0,338,-0.816334,1.22188,0.587422,0.111111,1,0.136364,0,1,0.7
0,338,-0.694728,-0.468615,-2.35657,0.142857,0.111111,0.125,0,1,0.8
0,338,0.0128572,0.570192,0.834921,0.2,0.25,0.118644,0,1,0.9
0,338,0.100466,-0.362627,-0.526178,0.25,0.125,0.12963,0,1,1
0,339,-0.990447,-0.0675968,-0.902776,0.125,0.166667,0.0425532,0,0.5,0.1
0,339,-0.423391,-0.837968,-0.633502,0.166667,0.142857,0.0675676,0,0.166667,0.2
0,339,-1.11866,0.97111,-0.219013,0.1,0.5,0.047619,0,0.5,0.3
0,339,1.19728,1.85878,2.36677,0.5,1,0.128205,0,0,0.4
0,339,0.231424,-1.16355,-0.878275,0.2,0.111111,0.0909091,1,0.166667,0.5
1,339,0.796462,-1.4339,-0.533097,0.333333,0.1,0.111111,1,0.166667,0.6
1,339,1.82851,-0.840128,0.620836,1,0.125,0.166667,1,0,0.7
0,339,0.433392,0.594722,1.10995,0.25,0.333333,0.130435,0,0,0.8
0,339,-0.864404,0.415365,-0.347532,0.142857,0.2,0.0851064,0,0.666667,0.9
0,339,-1.09017,0.503161,-0.583368,0.111111,0.25,0.0769231,0,0.5,1
1,340,-0.999166,2.53332,0.112719,0.1,1,0.0869565,0,0,0.1
0,340,-0.710728,-0.209351,-1.26254,0.125,0.142857,0.131579,0,0,0.2
0,340,-0.463783,-0.630115,-0.965756,0.166667,0.125,0.146341,0,0,0.3
1,340,2.68758,0.0361333,1.55491,1,0.2,0.140351,1,0,0.4
0,340,-0.111257,0.478901,1.2079,0.2,0.5,0.107143,0,0,0.5
0,340,-0.504701,-0.0693144,-0.677697,0.142857,0.166667,0.0612245,0,0,0.6
0,340,0.241574,-1.25415,-0.570288,0.333333,0.1,0.104478,1,0,0.7
0,340,0.153608,-1.13893,-0.624065,0.25,0.111111,0.05,0,0,0.8
0,340,0.430631,0.0831329,1.52338,0.5,0.25,0.0833333,0,0,0.9
0,340,-0.723763,0.170376,-0.29857,0.111111,0.333333,0.0757576,1,0,1
0,341,-0.684202,0.560312,-0.107921,0.142857,0.25,0.0882353,0,0,0.1
0,341,0.0567655,-0.0704344,-0.143754,0.2,0.166667,0.137255,0,0.333333,0.2
0,341,-1.15675,1.3297,0.736973,0.111111,1,0.0864198,0,0.333333,0.3
1,341,0.561391,-0.61743,-0.572364,0.333333,0.111111,0.212121,1,0,0.4
0,341,-0.812955,0.97386,0.607954,0.125,0.5,0.0843373,1,0,0.5
0,341,-0.161969,-0.186267,-1.29916,0.166667,0.142857,0.106667,0,0,0.6
0,341,-1.39729,0.63066,-1.09325,0.1,0.333333,0.0769231,0,0.166667,0.7
0,341,0.413848,-0.459214,-0.660136,0.25,0.125,0.173913,0,0.333333,0.8
1,341,1.6391,-2.42311,0.216085,1,0.1,0.263158,0,0,0.9
0,341,1.54206,0.261921,2.31557,0.5,0.2,0.235294,0,0.166667,1
0,342,-0.839462,1.55584,0.558512,0.111111,1,0.138889,1,0.666667,0.1
0,342,-0.846291,0.30823,-1.3014,0.1,0.25,0.0769231,1,0.666667,0.2
0,342,-0.429344,-0.58582,-0.958613,0.2,0.125,0.0697674,1,0.166667,0.3
1,342,1.01745,-1.1522,0.0543721,0.5,0.111111,0.181818,1,0.166667,0.4
0,342,0.162727,-1.86013,-1.3014,0.25,0.1,0.159091,1,0.833333,0.5
0,342,-0.830425,-0.061406,-0.958613,0.125,0.2,0.125,1,0.666667,0.6
0,342,-0.471787,1.37683,1.31041,0.166667,0.5,0.0952381,1,0.833333,0.7
0,342,-0.577926,0.652845,0.391094,0.142857,0.333333,0.0869565,1,0.5,0.8
0,342,0.376847,-0.101702,0.822269,0.333333,0.166667,0.0769231,1,0.166667,0.9
1,342,2.43821,-0.132496,1.38337,1,0.142857,0.290323,1,0.333333,1
1,343,0.909011,-0.95885,-0.335214,0.333333,0.111111,0.0857143,1,0.833333,0.1
0,343,-0.65402,-0.321634,-0.760872,0.142857,0.166667,0.0641026,0,0,0.2
0,343,-0.707789,1.10002,0.0420189,0.111111,0.5,0.0877193,1,0.5,0.3
0,343,0.331567,0.364483,1.33312,0.25,0.333333,0.0645161,0,0,0.4
0,343,-0.329921,-1.19043,-1.35993,0.2,0.1,0.185185,1,0.5,0.5
0,343,1.25186,-0.675857,0.356058,0.5,0.125,0.0289017,1,0.333333,0.6
0,343,-0.676519,-0.070295,-0.740819,0.125,0.2,0.0632911,0,0.166667,0.7
1,343,1.85384,-0.0263733,2.09995,1,0.25,0.097561,1,0.333333,0.8
0,343,-1.54055,2.33384,0.126554,0.1,1,0.0652174,1,0.5,0.9
0,343,-0.437465,-0.554905,-0.760872,0.166667,0.142857,0.104167,0,0.166667,1
0,344,-0.229883,0.342076,0.233145,0.2,0.2,0.137255,0,0.5,0.1
0,344,-0.794312,0.484503,-0.575753,0.1,0.333333,0.119048,1,0.333333,0.2
1,344,2.81956,-2.4162,0.113799,1,0.1,0.131148,1,0,0.3
0,344,-0.622736,0.40442,-0.0568359,0.142857,0.25,0.1,1,0.333333,0.4
0,344,-0.677243,0.152154,-1.55703,0.111111,0.142857,0.075,1,0.666667,0.5
0,344,0.00937263,1.15629,1.88832,0.25,1,0.101449,0,0.333333,0.6
0,344,-0.630079,-0.29913,-1.56546,0.125,0.125,0.117647,0,0,0.7
0,344,-0.237016,0.953583,0.910627,0.166667,0.5,0.0909091,1,0.5,0.8
0,344,0.159294,0.313032,0.571412,0.333333,0.166667,0.162162,0,0.833333,0.9
1,344,0.203048,-1.09073,0.0377843,0.5,0.111111,0.170213,0,0.833333,1
0,345,-0.685101,-0.230395,-0.46149,0.125,0.2,0.145833,0,0,0.1
0,345,-0.114665,-0.629807,-0.240843,0.25,0.125,0.111111,0,0,0.2
0,345,1.17828,1.56111,1.5281,0.5,0.5,0.0985915,0,0,0.3
0,345,-0.144248,-1.10494,-0.657119,0.2,0.111111,0.08,0,0,0.4
1,345,-0.667794,1.59032,0.665974,0.142857,1,0.1,0,0,0.5
0,345,-0.724018,-0.417588,-1.07865,0.111111,0.142857,0.162791,0,0,0.6
0,345,-0.332375,-0.0431005,0.1682,0.166667,0.25,0.0963855,0,0,0.7
1,345,2.47901,-0.241892,0.873548,1,0.166667,0.155556,1,0,0.8
0,345,-0.937864,-1.46893,-1.85583,0.1,0.1,0.130435,0,0,0.9
0,345,-0.0512275,0.985229,1.05811,0.333333,0.333333,0.075,0,0,1
0,346,-0.750175,-0.240113,-2.08313,0.111111,0.166667,0.27907,1,0.333333,0.1
0,346,-0.739126,1.17173,1.11083,0.125,1,0.148649,1,0.666667,0.2
0,346,0.332745,-0.591756,1.01223,0.5,0.142857,0.173333,0,0,0.3
0,346,-1.22057,0.902065,-0.953845,0.1,0.333333,0.188679,1,0.166667,0.4
1,346,-0.191692,0.620926,-0.125423,0.166667,0.2,0.0943396,0,0,0.5
0,346,0.322416,-1.07474,-0.499378,0.333333,0.111111,0.25,1,0.5,0.6
0,346,-0.204629,1.04248,1.01223,0.142857,0.5,0.137931,0,0,0.7
1,346,2.66183,-1.92615,0.18853,1,0.1,0.208791,1,0.5,0.8
0,346,-0.117743,0.77699,0.913911,0.2,0.25,0.22807,0,0,0.9
0,346,-0.0930463,-0.681426,-0.575958,0.25,0.125,0.164557,1,0.5,1
0,347,0.640177,-0.0845411,-0.0210483,0.333333,0.125,0.119403,0,0.166667,0.1
0,347,-0.728559,0.330111,1.00663,0.166667,0.5,0.147059,1,1,0.2
0,347,-0.728559,0.330111,0.300433,0.142857,0.333333,0.147059,1,1,0.3
0,347,-0.728559,0.330111,-0.384309,0.125,0.25,0.147059,1,1,0.4
0,347,-0.129563,1.31635,2.0874,0.25,1,0.0769231,1,1.16667,0.5
0,347,-0.728559,0.330111,-1.04855,0.111111,0.2,0.147059,1,1,0.6
0,347,-0.728559,0.330111,-1.69321,0.1,0.166667,0.147059,1,1,0.7
1,347,2.28431,-0.345147,0.429041,1,0.111111,0.257143,0,0,0.8
1,347,1.24305,-2.74803,-0.261476,0.5,0.1,0.257143,1,0,0.9
0,347,-0.395175,0.210814,-0.414911,0.2,0.142857,0.176471,1,1,1
0,348,-0.781809,-0.413701,-2.10037,0.111111,0.125,0.108108,1,0.833333,0.1
0,348,-0.622291,0.0609121,-0.426632,0.142857,0.2,0.0537634,1,0.833333,0.2
1,348,-0.770468,1.96215,0.76214,0.125,1,0.137931,0,0,0.3
1,348,2.11688,-1.95186,0.129351,1,0.1,0.2,1,1,0.4
0,348,0.979354,-0.0617719,1.03507,0.5,0.166667,0.0366972,1,0.166667,0.5
0,348,-0.539246,0.96685,1.03507,0.166667,0.5,0.0930233,0,0,0.6
0,348,0.446881,-0.980632,-0.716145,0.25,0.111111,0.0657895,1,0.833333,0.7
0,348,-0.212507,0.407027,1.00056,0.2,0.333333,0.102564,0,0,0.8
0,348,-1.3671,0.228431,-1.02795,0.1,0.25,0.0652174,1,0.833333,0.9
0,348,0.750311,-0.217407,0.308919,0.333333,0.142857,0.08,1,0.833333,1
0,349,-0.372644,-0.612629,-0.458632,0.166667,0.166667,0.111111,1,0.333333,0.1
0,349,-0.40194,0.956212,0.324129,0.142857,0.333333,0.0789474,1,0.166667,0.2
0,349,-0.633316,-0.944704,-1.867,0.125,0.125,0.181818,0,0,0.3
1,349,0.7398,-1.14668,-0.686654,0.333333,0.1,0.138462,1,0.166667,0.4
0,349,-1.03408,1.96163,0.135719,0.1,1,0.0967742,1,0.333333,0.5
0,349,-1.03231,0.983624,0.0450622,0.111111,0.5,0.0659341,1,0.333333,0.6
0,349,-0.175058,0.0799252,0.657907,0.25,0.2,0.0909091,0,0,0.7
1,349,2.42152,0.42203,2.25205,1,0.25,0.0857143,0,0,0.8
0,349,0.792965,-1.02142,0.0450622,0.5,0.111111,0.176471,1,0,0.9
0,349,-0.304937,-0.677984,-0.447637,0.2,0.142857,0.137255,0,0,1
0,350,-0.511798,0.853562,0.391576,0.125,0.5,0.15625,0,0.166667,0.1
0,350,-0.113095,-0.127951,0.698841,0.333333,0.166667,0.244898,1,0.666667,0.2
0,350,-0.168238,0.218533,1.0642,0.25,0.25,0.218182,1,0.666667,0.3
0,350,-0.176742,-0.826222,-0.814718,0.2,0.125,0.104167,1,0.333333,0.4
0,350,-1.00454,2.11443,0.139178,0.1,1,0.0860215,0,0,0.5
1,350,0.719552,-0.105576,1.49143,0.5,0.2,0.229167,0,0,0.6
0,350,-0.419895,-1.274,-1.87331,0.166667,0.1,0.164179,1,0.833333,0.7
0,350,-0.477743,-0.422651,-1.20322,0.142857,0.142857,0.146667,1,0.5,0.8
0,350,-0.569604,0.821388,-0.368652,0.111111,0.333333,0.195652,1,0.666667,0.9
1,350,2.72211,-1.25151,0.474675,1,0.111111,0.405405,1,0.5,1
1,351,1.63795,1.81091,2.21178,1,1,0.0430108,1,0,0.1
0,351,-0.877453,0.0112215,-0.285627,0.142857,0.2,0.0888889,1,0.5,0.2
0,351,-0.999576,-1.44872,-1.62108,0.111111,0.111111,0.0857143,1,0.5,0.3
0,351,-0.725662,-1.71181,-1.16561,0.166667,0.1,0.190476,0,0.333333,0.4
1,351,-1.13341,1.10526,-0.180001,0.1,0.5,0.0689655,1,0.5,0.5
0,351,0.688951,0.178785,0.91224,0.333333,0.25,0.0595238,0,0,0.6
0,351,0.348087,-0.165026,-0.285627,0.2,0.142857,0.0657895,0,0,0.7
0,351,1.332,-0.331565,0.243647,0.5,0.125,0.148148,0,0,0.8
0,351,0.680069,0.00263895,0.184764,0.25,0.166667,0.08,1,0.833333,0.9
0,351,-0.950953,0.548306,-0.0144897,0.125,0.333333,0.0655738,0,0.333333,1
0,352,0.862268,0.774082,1.07851,0.333333,0.25,0.1,0,0,0.1
1,352,1.61268,-0.933566,0.288055,0.5,0.125,0.129032,1,0.333333,0.2
0,352,-0.644168,0.211592,-0.337686,0.142857,0.2,0.0649351,0,0,0.3
0,352,-0.582368,-0.362438,-0.337686,0.2,0.142857,0.0925926,0,0,0.4
0,352,-0.647831,1.51968,0.603247,0.125,1,0.0505051,0,0,0.5
1,352,-0.733321,-1.54478,-2.41015,0.1,0.1,0.222222,1,0.333333,0.6
0,352,-0.544272,-1.31533,-0.56684,0.25,0.111111,0.0862069,0,0,0.7
0,352,-0.602152,0.999048,0.819274,0.166667,0.5,0.0568182,0,0,0.8
0,352,1.95625,-0.27282,1.13447,1,0.166667,0.1875,1,0.333333,0.9
0,352,-0.677091,0.92453,-0.271192,0.111111,0.333333,0.0526316,0,0,1
0,353,-1.09184,-0.0292559,-1.54906,0.1,0.142857,0.041958,0,0,0.1
0,353,0.163575,0.538781,0.73602,0.25,0.25,0.0744681,0,0,0.2
0,353,-0.404767,0.593801,0.48333,0.166667,0.333333,0.12766,0,0,0.3
0,353,-0.521851,-0.242489,-1.07816,0.142857,0.125,0.0786517,0,0,0.4
0,353,0.131425,-0.751024,-0.802333,0.2,0.111111,0.0813953,0,0,0.5
1,353,2.61841,-2.54042,0.0962575,1,0.1,0.125,0,0,0.6
0,353,0.233314,0.670689,1.57887,0.333333,0.5,0.056,0,0,0.7
0,353,-0.879994,0.0216016,-1.06358,0.111111,0.166667,0.0581395,0,0,0.8
0,353,-0.677296,1.26824,0.567154,0.125,1,0.125,0,0,0.9
1,353,0.429014,0.470072,1.0315,0.5,0.2,0.131579,1,0,1
0,354,-0.15032,-0.552327,0.683989,0.5,0.142857,0.115385,1,0.5,0.1
1,354,-0.835051,2.11641,0.127395,0.1,1,0.115385,1,0.5,0.2
0,354,-0.200222,-0.368368,0.271803,0.25,0.166667,0.12766,1,0.333333,0.3
0,354,-0.287559,-0.317991,-0.420181,0.142857,0.2,0.105263,1,0.5,0.4
0,354,-0.200422,-0.771324,-0.745745,0.2,0.125,0.101695,0,0,0.5
0,354,-0.17381,-1.24118,-0.644538,0.333333,0.1,0.171429,1,0.5,0.6
0,354,-0.554393,1.03955,0.0422983,0.111111,0.5,0.0617284,0,0,0.7
0,354,-0.233416,-1.03141,-1.40762,0.166667,0.111111,0.171429,1,0.5,0.8
1,354,2.93824,0.742677,2.48179,1,0.333333,0.125,1,0.333333,0.9
0,354,-0.303049,0.383965,-0.38919,0.125,0.25,0.111111,1,0.5,1
0,355,-0.553896,0.409759,-0.813357,0.125,0.166667,0.0833333,0,0,0.1
0,355,-1.275,0.798252,-0.251455,0.111111,0.333333,0.0652174,0,0,0.2
1,355,-0.45365,0.8576,0.759647,0.166667,0.5,0.0543478,1,0.5,0.3
0,355,1.26653,0.955004,2.13235,0.5,1,0.0909091,0,0.166667,0.4
1,355,1.7834,-2.11946,0.0949318,1,0.1,0.172414,1,0.166667,0.5
0,355,-0.507816,0.475788,-0.313109,0.142857,0.2,0.0588235,1,0.5,0.6
0,355,-0.138582,-1.16492,-0.791283,0.2,0.111111,0.0442478,1,0.5,0.7
0,355,-1.32425,0.111702,-1.52772,0.1,0.142857,0.136364,1,0.5,0.8
0,355,0.200057,-1.00061,-0.290015,0.25,0.125,0.0526316,1,0.166667,0.9
0,355,1.00321,0.676881,1.00001,0.333333,0.25,0.0641026,0,0.166667,1
0,356,-0.591612,-0.386627,-1.41178,0.125,0.142857,0.0625,1,0.833333,0.1
1,356,2.66027,-0.488245,0.429877,1,0.111111,0.126316,1,0.833333,0.2
0,356,-0.296652,-0.353001,-0.0838518,0.2,0.166667,0.0927835,0,0,0.3
0,356,0.344409,-1.638,-0.637695,0.333333,0.1,0.1,1,0.5,0.4
0,356,-0.836158,-0.351422,-1.0506,0.111111,0.2,0.0879121,1,0.5,0.5
0,356,-0.944423,2.36535,0.126042,0.1,1,0.175,1,0.833333,0.6
1,356,-0.550726,0.913832,0.676728,0.142857,0.5,0.0945946,1,0,0.7
0,356,0.206749,0.236219,1.32774,0.25,0.333333,0.107527,1,0.833333,0.8
0,356,-0.459149,-0.423632,-1.07991,0.166667,0.125,0.0775194,1,1.16667,0.9
0,356,0.467288,0.12553,1.70345,0.5,0.25,0.0852713,1,1.16667,1
1,357,2.32532,-2.26714,0.109513,1,0.1,0.211538,1,0,0.1
0,357,-1.18185,0.303245,-1.17681,0.1,0.2,0.0641026,1,0.333333,0.2
0,357,0.981457,-0.737136,0.308115,0.5,0.125,0.121951,1,0,0.3
1,357,-0.101949,0.162288,-0.361202,0.2,0.142857,0.101695,1,0.166667,0.4
0,357,-0.900349,0.910227,0.036361,0.111111,0.5,0.0909091,0,0,0.5
0,357,0.407768,1.03709,2.13343,0.333333,1,0.0895522,1,0.166667,0.6
0,357,-0.62555,-1.09197,-1.49839,0.142857,0.111111,0.048,1,0.333333,0.7
0,357,-0.884829,0.703145,-0.334561,0.125,0.25,0.0582524,0,0,0.8
0,357,0.178574,0.742192,1.15361,0.25,0.333333,0.0786517,0,0,0.9
0,357,-0.198591,0.238064,-0.370074,0.166667,0.166667,0.104478,1,0.333333,1
1,358,2.22633,-2.40438,0.117773,1,0.1,0.171053,1,0.166667,0.1
0,358,-0.611842,-0.485542,-1.31915,0.142857,0.125,0.0462428,0,0,0.2
0,358,-0.496557,0.276675,-0.0783505,0.166667,0.2,0.0869565,1,0.166667,0.3
0,358,0.414075,0.969375,1.59169,0.25,0.5,0.103448,1,0.333333,0.4
0,358,0.596582,-0.54052,-0.311956,0.333333,0.111111,0.0697674,1,0,0.5
1,358,0.771618,-0.429971,0.632329,0.5,0.142857,0.0947368,1,0.166667,0.6
0,358,-0.886103,0.805217,-0.0197057,0.125,0.333333,0.12766,1,0.166667,0.7
0,358,0.205543,1.20662,1.62463,0.2,1,0.118421,0,0,0.8
0,358,-1.04289,-0.0181767,-1.30131,0.111111,0.166667,0.0704225,0,0,0.9
0,358,-1.17675,0.620712,-0.935947,0.1,0.25,0.0531915,0,0,1
0,359,0.567237,-0.519306,-0.27783,0.25,0.125,0.0927835,1,0.5,0.1
0,359,-0.229891,-1.11901,-1.00486,0.166667,0.111111,0.0989011,0,0,0.2
0,359,1.739,2.30002,2.32273,1,1,0.125,1,0.166667,0.3
0,359,0.827843,-1.40912,-0.460115,0.333333,0.1,0.155172,0,0,0.4
0,359,-1.13606,0.361995,-0.0152166,0.125,0.333333,0.112903,1,0.5,0.5
1,359,0.0838656,0.84078,0.974552,0.2,0.5,0.07,1,0,0.6
0,359,-1.25563,0.358553,-0.503504,0.111111,0.25,0.0958904,1,0.5,0.7
0,359,-0.449196,-0.33442,-0.786227,0.142857,0.142857,0.123288,1,0.5,0.8
0,359,-1.26293,-0.1722,-0.977263,0.1,0.2,0.075,0,0,0.9
1,359,1.11576,-0.307292,0.727731,0.5,0.166667,0.169231,1,0.166667,1
0,360,-1.11413,0.803948,-0.244234,0.1,0.5,0.08,0,0,0.1
0,360,0.0959139,0.830511,2.28907,0.333333,1,0.126761,0,0,0.2
1,360,2.07417,-0.875022,0.400749,1,0.111111,0.2,0,0,0.3
0,360,-0.170938,0.677793,0.569597,0.25,0.2,0.0598291,0,0,0.4
0,360,-0.439285,0.0349996,-0.387552,0.2,0.142857,0.15,1,0.333333,0.5
0,360,-0.632359,-0.851446,-1.90798,0.111111,0.125,0.2,1,0,0.6
0,360,-0.481147,0.78714,0.280622,0.142857,0.333333,0.0909091,0,0,0.7
1,360,1.73421,-2.34187,-0.244234,0.5,0.1,0.282051,1,0.333333,0.8
0,360,-0.627145,0.760722,-0.358967,0.125,0.25,0.084507,0,0,0.9
0,360,-0.439285,0.173227,-0.397071,0.166667,0.166667,0.146341,1,0.333333,1
0,361,-0.463758,-1.29941,-1.22935,0.166667,0.111111,0.0724638,1,0.5,0.1
0,361,-0.67809,-0.0962688,-0.953258,0.125,0.166667,0.0666667,1,0.333333,0.2
0,361,-0.354398,0.556567,0.539341,0.25,0.2,0.0458716,0,0,0.3
0,361,-0.443137,-1.57784,-1.19559,0.2,0.1,0.0505051,1,0.5,0.4
1,361,-0.812924,1.76669,0.111261,0.1,1,0.0641026,1,0.333333,0.5
0,361,0.588497,0.684344,1.49331,0.333333,0.333333,0.0892857,0,0,0.6
0,361,1.24531,0.594203,1.50367,0.5,0.25,0.0923077,1,0.333333,0.7
0,361,-0.638507,-0.445671,-0.961875,0.142857,0.142857,0.0714286,0,0,0.8
1,361,2.33178,-0.911373,0.655552,1,0.125,0.0875,1,0.333333,0.9
0,361,-0.774778,0.728757,0.0369413,0.111111,0.5,0.05,0,0,1
0,362,-0.693123,-1.34587,-1.99905,0.111111,0.1,0.134615,1,1,0.1
0,362,-0.477865,1.38298,0.799209,0.142857,1,0.0695652,1,1.16667,0.2
1,362,2.69265,0.225181,1.04831,1,0.166667,0.266667,1,0.166667,0.3
0,362,0.318817,0.712214,0.996603,0.333333,0.25,0.116279,0,0,0.4
0,362,-0.465942,1.10954,0.757056,0.166667,0.5,0.064,1,1.16667,0.5
0,362,-0.676141,-1.22351,-1.53623,0.125,0.111111,0.116667,1,1,0.6
0,362,-0.364982,0.377455,0.193827,0.2,0.2,0.121212,1,1.33333,0.7
1,362,0.715653,-1.05809,0.266179,0.5,0.125,0.115385,1,1,0.8
0,362,-0.338418,-1.01509,-0.0472509,0.25,0.142857,0.091954,1,1,0.9
0,362,-0.710654,0.835189,-0.478656,0.1,0.333333,0.0823529,1,0.5,1
0,363,-1.16223,1.77091,0.188326,0.1,1,0.0483871,0,0,0.1
0,363,-0.869467,0.386896,-1.04266,0.111111,0.25,0.097561,1,0.333333,0.2
1,363,-0.485995,1.22543,1.50699,0.166667,0.5,0.0645161,1,0,0.3
0,363,-0.0264744,-0.193857,-0.125287,0.2,0.166667,0.0520833,0,0,0.4
0,363,-0.694903,-0.674612,-2.1094,0.142857,0.125,0.0769231,1,0.5,0.5
0,363,0.355432,-0.802228,-0.498837,0.333333,0.111111,0.0729167,0,0,0.6
0,363,-0.752141,0.694069,-0.0315106,0.125,0.333333,0.0943396,0,0.166667,0.7
1,363,2.11226,-1.79783,0.188326,1,0.1,0.132075,1,0.333333,0.8
0,363,0.106316,-0.00688103,0.91292,0.25,0.2,0.0689655,0,0,0.9
0,363,1.41721,-0.601906,1.01113,0.5,0.142857,0.0522388,0,0,1
0,364,-1.49516,-0.0874495,-1.74563,0.1,0.142857,0.049505,0,0,0.1
0,364,-0.192854,-0.403498,-0.904149,0.2,0.111111,0.0638298,1,0.166667,0.2
0,364,2.20849,-0.0652711,1.20194,1,0.166667,0.1125,0,0,0.3
0,364,0.161583,-0.0907798,-0.0181496,0.333333,0.125,0.115385,1,0.333333,0.4
0,364,-0.323585,0.29227,0.544665,0.166667,0.333333,0.0941176,1,0.5,0.5
0,364,-0.370048,0.0188415,-0.634977,0.125,0.2,0.0952381,1,0.5,0.6
1,364,0.0997512,1.83275,1.79993,0.25,1,0.0679612,0,0,0.7
0,364,-0.984694,0.0932212,-0.600554,0.111111,0.25,0.0933333,1,0.5,0.8
1,364,1.22307,-2.39182,-0.225466,0.5,0.1,0.163636,1,0.5,0.9
0,364,-0.32656,0.801739,0.582395,0.142857,0.5,0.115942,0,0.166667,1
0,365,-0.69271,-0.735388,-1.13286,0.111111,0.125,0.242424,1,0.5,0.1
1,365,0.797183,1.71099,1.5671,0.5,1,0.103896,1,0.166667,0.2
0,365,-0.63591,-1.23926,-1.12275,0.142857,0.1,0.32,0,0,0.3
0,365,-0.390412,0.651547,0.350315,0.166667,0.333333,0.0967742,1,0.333333,0.4
0,365,-0.234925,0.161437,0.338199,0.2,0.25,0.173077,1,0.333333,0.5
0,365,-0.180439,-0.110682,0.338199,0.25,0.2,0.109589,0,0,0.6
1,365,0.133881,-0.715741,0.16662,0.333333,0.142857,0.169811,0,0,0.7
0,365,-0.795389,-0.146644,-0.939054,0.1,0.166667,0.25,0,0,0.8
0,365,-0.672777,-1.18627,-1.13286,0.125,0.111111,0.258065,0,0,0.9
0,365,2.6715,1.61,1.5671,1,0.5,0.105263,1,0,1
1,366,1.56059,0.318171,1.82114,0.5,0.2,0.172414,1,0,0.1
0,366,-0.11821,-0.489234,-0.0848771,0.25,0.142857,0.135135,1,0.166667,0.2
0,366,-1.0528,1.03066,-0.353239,0.1,0.5,0.123077,0,0,0.3
0,366,-0.678211,1.19944,1.43563,0.142857,1,0.0947368,0,0,0.4
0,366,-0.61241,0.946553,0.362586,0.166667,0.25,0.160714,1,0.166667,0.5
1,366,1.73554,-1.83011,0.169945,1,0.1,0.375,0,0.166667,0.6
0,366,-0.726637,-0.29253,-1.45605,0.125,0.166667,0.123288,1,0.166667,0.7
0,366,-0.972931,0.962913,-0.450149,0.111111,0.333333,0.0909091,0,0,0.8
0,366,-0.178325,-1.23665,-1.41654,0.2,0.111111,0.222222,0,0,0.9
0,366,1.0434,-0.609213,-0.028435,0.333333,0.125,0.114583,0,0,1
1,367,2.56739,2.16206,2.04108,1,1,0.108696,1,0,0.1
0,367,-0.883765,0.473477,-0.404323,0.1,0.333333,0.078125,0,0,0.2
0,367,0.714059,-0.454233,0.224843,0.5,0.125,0.0816327,0,0,0.3
0,367,-0.462794,-1.32925,-0.66612,0.2,0.111111,0.0357143,1,0,0.4
0,367,-0.668165,-1.39835,-1.4903,0.125,0.1,0.111111,0,0,0.5
0,367,-0.801373,-0.267159,-0.883012,0.111111,0.166667,0.0806452,0,0,0.6
0,367,-0.611143,-0.0155099,-0.263583,0.142857,0.2,0.0740741,0,0,0.7
0,367,-0.489178,-0.391779,-0.480474,0.166667,0.142857,0.111111,0,0,0.8
0,367,0.331108,0.292183,0.841836,0.333333,0.25,0.118644,0,0,0.9
1,367,0.303858,0.928555,1.08005,0.25,0.5,0.0875,0,0,1
0,368,-0.392068,0.104265,-0.829226,0.142857,0.142857,0.08,0,0,0.1
0,368,-0.313533,0.187244,0.464963,0.25,0.2,0.07,0,0,0.2
0,368,-0.304609,0.555191,1.57328,0.333333,0.5,0.137931,0,0,0.3
0,368,-0.523454,0.0907653,-1.7887,0.1,0.125,0.0862069,1,0.5,0.4
1,368,-0.426166,1.35921,0.327132,0.111111,1,0.117647,1,0.166667,0.5
0,368,-0.337785,0.116044,-0.324129,0.166667,0.166667,0.0603448,1,0.5,0.6
1,368,2.9671,-2.76562,0.095917,1,0.1,0.372881,1,0.666667,0.7
0,368,0.0691784,0.261791,1.57328,0.5,0.333333,0.144928,1,0,0.8
0,368,-0.323383,-0.120778,-0.799495,0.2,0.111111,0.104478,1,0.5,0.9
0,368,-0.415276,0.211894,-0.293025,0.125,0.25,0.0659341,0,0,1
0,369,-0.184174,-0.763467,-0.843416,0.2,0.111111,0.0862069,0,0,0.1
0,369,-0.881562,0.402257,-0.560214,0.111111,0.25,0.0430108,0,0,0.2
0,369,-0.413252,1.58343,0.596195,0.125,1,0.0535714,0,0,0.3
0,369,-0.171192,0.811787,1.36752,0.25,0.5,0.0533333,0,0,0.4
0,369,-0.958738,0.0955889,-1.36195,0.1,0.166667,0.0327869,0,0,0.5
1,369,-0.201932,-0.731012,-0.866945,0.166667,0.125,0.15,1,0.166667,0.6
0,369,0.38696,0.703011,1.65971,0.5,0.333333,0.0735294,1,0,0.7
0,369,-0.279036,-0.119022,-0.874781,0.142857,0.142857,0.0520833,0,0,0.8
1,369,2.79167,-2.23061,0.101186,1,0.1,0.266667,1,0.166667,0.9
0,369,-0.088742,0.24804,0.782699,0.333333,0.2,0.0895522,0,0,1
0,370,-0.214952,-0.391722,-0.322867,0.2,0.142857,0.0606061,0,0,0.1
1,370,0.351361,2.4263,1.62433,0.25,1,0.08,1,0,0.2
0,370,1.96777,-0.0371424,1.35036,1,0.2,0.108696,1,0.166667,0.3
0,370,0.588443,-1.25436,-0.495263,0.333333,0.1,0.0877193,0,0,0.4
0,370,-0.416202,-1.22513,-1.08162,0.166667,0.111111,0.138889,0,0,0.5
0,370,1.35883,0.0251773,1.32297,0.5,0.25,0.0754717,1,0.166667,0.6
0,370,-1.27187,0.618626,-0.20347,0.1,0.5,0.0714286,0,0,0.7
0,370,-0.722408,-0.453998,-1.34661,0.125,0.125,0.0581395,0,0,0.8
1,370,-0.589799,-0.208677,-0.588542,0.142857,0.166667,0.0930233,1,0.333333,0.9
0,370,-1.05117,0.500925,-0.259291,0.111111,0.333333,0.0545455,0,0,1
0,371,-0.698002,-1.22016,-1.12323,0.125,0.111111,0.0555556,1,1.16667,0.1
0,371,0.100216,1.2487,0.934874,0.25,0.5,0.08,1,0.666667,0.2
0,371,0.26063,0.947115,0.928431,0.333333,0.333333,0.106383,1,0.333333,0.3
0,371,-0.665289,-0.593397,-0.415891,0.166667,0.142857,0.0454545,1,1,0.4
0,371,-0.712366,-0.128622,-0.743332,0.1,0.2,0.0769231,1,1,0.5
0,371,0.39164,-0.346218,0.553532,0.5,0.166667,0.0714286,1,1.16667,0.6
1,371,-0.0276383,0.522021,0.335324,0.2,0.25,0.121951,1,1.33333,0.7
0,371,-0.700972,-1.38198,-1.46163,0.111111,0.1,0.0634921,1,1,0.8
0,371,-0.667381,-0.734172,-0.774802,0.142857,0.125,0.056338,1,1,0.9
1,371,2.71916,1.68671,1.76673,1,1,0.0736842,1,0,1
0,372,-0.486279,0.985078,1.53539,0.142857,0.5,0.135802,1,1,0.1
0,372,-0.46912,0.66674,0.610133,0.166667,0.25,0.107843,1,0.666667,0.2
0,372,-0.751695,1.27018,0.285971,0.1,1,0.12,1,0.666667,0.3
0,372,-0.616652,0.431695,-1.67402,0.125,0.2,0.12987,1,0.833333,0.4
0,372,-0.63589,0.706765,-0.757478,0.111111,0.333333,0.176471,1,0.333333,0.5
0,372,-0.39953,0.360647,-0.190247,0.2,0.166667,0.140845,0,0.5,0.6
1,372,2.81657,-1.65124,0.285971,1,0.1,0.24,1,0,0.7
0,372,0.223897,-0.166227,1.53539,0.5,0.142857,0.2,0,0,0.8
0,372,0.168702,-1.3795,-0.757478,0.333333,0.111111,0.115702,1,0.666667,0.9
1,372,0.149992,-1.22414,-0.873638,0.25,0.125,0.164384,0,0,1
1,373,2.73074,-2.21473,0.0999229,1,0.1,0.152542,1,0.166667,0.1
0,373,-0.814403,0.0171711,-1.10408,0.111111,0.166667,0.0491803,0,0,0.2
0,373,0.358284,-0.453551,0.238639,0.333333,0.142857,0.130435,0,0,0.3
0,373,-0.949501,-0.617908,-2.11136,0.1,0.111111,0.15,1,0.166667,0.4
0,373,-0.31892,0.750174,0.501735,0.166667,0.333333,0.0606061,0,0,0.5
1,373,-0.223167,1.58586,1.3784,0.2,1,0.0666667,1,0,0.6
0,373,-0.360088,0.0222189,-0.329571,0.142857,0.2,0.08,0,0,0.7
0,373,0.387913,0.327386,1.35044,0.5,0.25,0.138889,0,0,0.8
0,373,-0.193881,-0.467136,-0.305263,0.25,0.125,0.111111,0,0,0.9
0,373,-0.616974,1.05052,0.281133,0.125,0.5,0.0555556,0,0,1
0,374,-0.0755853,-0.294869,-0.040399,0.25,0.142857,0.0661157,0,0,0.1
1,374,2.62899,0.92152,1.81691,1,0.5,0.0857143,1,0,0.2
0,374,-0.737889,2.11165,0.275877,0.111111,1,0.121951,1,0.333333,0.3
1,374,-1.25945,-0.152226,-1.08875,0.1,0.166667,0.0625,1,0.666667,0.4
0,374,-0.360454,0.0468313,-0.266792,0.142857,0.2,0.0823529,1,0.333333,0.5
0,374,-0.500161,-0.32528,-1.11273,0.125,0.125,0.0864198,0,0,0.6
0,374,0.585292,0.521457,1.32678,0.5,0.333333,0.0806452,0,0,0.7
0,374,-0.358168,-1.50886,-1.08875,0.166667,0.1,0.048951,0,0,0.8
0,374,0.260179,0.0656729,0.852085,0.333333,0.25,0.134615,1,0.333333,0.9
0,374,-0.182751,-1.3859,-0.67423,0.2,0.111111,0.0967742,1,0.333333,1
1,375,2.33269,1.37535,2.38072,1,0.5,0.109589,0,0,0.1
0,375,-0.0384092,0.531315,0.513788,0.2,0.25,0.0852713,0,0.166667,0.2
1,375,0.322574,-1.61746,-0.8423,0.25,0.1,0.153846,1,1.16667,0.3
0,375,0.776795,-0.65649,0.298201,0.5,0.125,0.111111,1,1.16667,0.4
0,375,-0.819427,0.830973,-0.017734,0.125,0.333333,0.125,1,1.16667,0.5
0,375,0.690672,-0.622987,0.253127,0.333333,0.142857,0.116883,1,1.16667,0.6
0,375,-0.691011,-1.21704,-1.1711,0.166667,0.111111,0.119403,1,1.16667,0.7
0,375,-0.775998,-0.164007,-0.637235,0.142857,0.166667,0.0824742,1,1.33333,0.8
0,375,-0.95026,0.0609775,-1.13894,0.1,0.2,0.118644,1,1.16667,0.9
0,375,-0.847626,1.47937,0.361484,0.111111,1,0.111111,1,1.16667,1
0,376,0.112067,0.0634581,0.592709,0.333333,0.2,0.09375,0,0,0.1
0,376,-0.879246,-0.940757,-1.24422,0.125,0.111111,0.0754717,1,0.833333,0.2
0,376,-0.879246,-0.91497,-1.24422,0.111111,0.125,0.0754717,1,0.833333,0.3
0,376,-0.136682,0.807536,0.371442,0.2,0.25,0.0895522,1,0.833333,0.4
0,376,-0.879246,-0.80064,-1.23311,0.1,0.142857,0.0769231,1,0.833333,0.5
0,376,-0.636737,1.2557,0.411402,0.142857,0.5,0.0724638,1,0.833333,0.6
1,376,2.11751,1.4899,1.95703,1,1,0.0736842,1,0,0.7
0,376,0.0678728,-1.3325,-0.608939,0.25,0.1,0.15625,0,0,0.8
0,376,-0.476461,1.00442,0.384749,0.166667,0.333333,0.0704225,1,0.833333,0.9
1,376,1.59017,-0.63216,0.613154,0.5,0.166667,0.190476,0,0,1
0,377,-0.568134,0.306921,-0.364195,0.142857,0.2,0.0759494,0,0,0.1
1,377,1.8006,-0.81977,0.932787,1,0.142857,0.102564,1,0.166667,0.2
0,377,-0.713517,1.62394,0.650603,0.125,1,0.05,0,0,0.3
0,377,0.213679,1.0224,1.49232,0.25,0.5,0.0617284,1,0.166667,0.4
0,377,-0.0270055,0.963541,0.854127,0.2,0.333333,0.0598291,0,0,0.5
0,377,-1.24214,-0.899951,-1.79299,0.111111,0.125,0.0568182,1,0,0.6
0,377,0.663655,-0.903383,-0.292481,0.333333,0.111111,0.0609756,0,0,0.7
0,377,-1.29096,-0.109966,-1.48624,0.1,0.166667,0.0403226,0,0,0.8
0,377,-0.299111,0.476816,0.235588,0.166667,0.25,0.0789474,0,0,0.9
1,377,1.46294,-1.66055,-0.229514,0.5,0.1,0.155556,1,0,1
0,378,0.908328,0.013817,1.43141,0.5,0.166667,0.0818182,0,0,0.1
0,378,-0.630253,1.32149,0.610086,0.111111,1,0.0571429,0,0,0.2
0,378,-0.0577356,0.492022,1.36779,0.25,0.25,0.0875,0,0,0.3
0,378,-0.578217,-0.605624,-0.589995,0.2,0.142857,0.0722892,1,0.5,0.4
1,378,2.62937,-2.08111,0.178881,1,0.1,0.103093,1,0,0.5
0,378,-0.597156,0.480596,-0.589995,0.142857,0.2,0.0566038,1,0.333333,0.6
0,378,-0.58591,-0.86328,-1.9765,0.166667,0.111111,0.117647,0,0,0.7
0,378,0.173217,-0.688366,-0.0299302,0.333333,0.125,0.102941,0,0,0.8
0,378,-0.611846,0.97445,0.503281,0.125,0.5,0.0530973,1,0.333333,0.9
1,378,-0.649794,0.956002,-0.905024,0.1,0.333333,0.0491803,0,0.166667,1
0,379,-0.618995,-0.322747,-0.479155,0.142857,0.2,0.1,1,0.5,0.1
0,379,-0.792407,0.898449,-0.384804,0.111111,0.333333,0.0481928,1,0.333333,0.2
0,379,-0.62536,0.00752365,-0.443814,0.125,0.25,0.0869565,0,0,0.3
0,379,0.354145,1.29307,2.38288,0.333333,0.5,0.0470588,1,0.166667,0.4
1,379,0.93849,-1.63868,-0.301962,0.5,0.1,0.1,1,0.166667,0.5
0,379,0.041103,-0.433476,0.309952,0.25,0.166667,0.0967742,0,0,0.6
0,379,-0.291992,-0.500916,-0.479155,0.2,0.142857,0.0877193,1,0,0.7
0,379,-0.963736,1.89106,0.145275,0.1,1,0.0535714,0,0,0.8
1,379,2.50541,-0.557226,0.855969,1,0.125,0.212121,1,0.5,0.9
0,379,-0.546662,-0.637056,-1.60519,0.166667,0.111111,0.045977,0,0,1
1,380,-0.357119,-0.0373401,-0.465264,0.142857,0.2,0.0735294,1,0.166667,0.1
0,380,0.0320334,-1.40704,-1.8987,0.166667,0.1,0.0833333,0,0,0.2
0,380,-1.83908,0.246787,-1.12104,0.1,0.25,0.0769231,0,0,0.3
0,380,-0.481566,1.18702,0.396883,0.125,0.5,0.0909091,0,0,0.4
0,380,-0.961098,1.96648,0.481109,0.111111,1,0.0506329,0,0,0.5
1,380,2.15432,-0.240233,1.56307,1,0.166667,0.0877193,1,0.166667,0.6
0,380,0.579451,-0.326357,0.757378,0.5,0.142857,0.0862069,1,0.166667,0.7
0,380,0.327656,-0.9553,-0.430948,0.25,0.125,0.0895522,0,0,0.8
0,380,0.497046,-1.08617,-0.373649,0.333333,0.111111,0.0869565,1,0.166667,0.9
0,380,0.0483639,0.652152,1.09116,0.2,0.333333,0.117647,0,0,1
1,381,-0.289721,2.27981,2.4051,0.142857,1,0.133333,1,0,0.1
0,381,-1.1445,1.20015,-0.591781,0.1,0.5,0.14,0,0,0.2
0,381,-0.243271,-0.274004,0.583293,0.2,0.2,0.163636,1,1,0.3
0,381,-0.286758,-0.391627,-0.962107,0.166667,0.166667,0.145161,1,1,0.4
1,381,2.61758,-1.31209,0.284708,1,0.1,0.220339,1,1,0.5
0,381,-0.676509,0.246141,-0.0476372,0.125,0.333333,0.210526,1,0,0.6
0,381,-0.90807,0.210284,-1.57628,0.111111,0.25,0.123077,1,1,0.7
0,381,0.395417,-0.731771,0.0945303,0.5,0.111111,0.2,1,1,0.8
0,381,0.392196,-0.711293,-0.0476372,0.333333,0.125,0.166667,1,1,0.9
0,381,0.143635,-0.515599,-0.142195,0.25,0.142857,0.135802,1,1,1
0,382,-0.388964,-0.305017,-0.711688,0.142857,0.166667,0.0842105,1,0.833333,0.1
0,382,-0.502932,1.35417,0.0393027,0.111111,0.5,0.1,0,0,0.2
1,382,-0.363968,0.955397,0.594376,0.166667,0.333333,0.0952381,0,0,0.3
0,382,-0.110579,-1.8655,-0.598892,0.333333,0.1,0.0756303,1,0.833333,0.4
0,382,-0.707004,1.5397,0.118373,0.1,1,0.0857143,1,0.833333,0.5
1,382,2.91077,0.356295,1.96421,1,0.25,0.139535,1,0,0.6
0,382,-0.268728,-0.202805,0.573819,0.25,0.2,0.132353,1,0.833333,0.7
0,382,-0.488622,-0.732287,-1.92212,0.125,0.111111,0.106667,0,0,0.8
0,382,0.246792,-0.53624,0.635549,0.5,0.142857,0.209302,1,0.833333,0.9
0,382,-0.326762,-0.56371,-0.692931,0.2,0.125,0.116667,1,0.833333,1
0,383,-0.493874,-1.18723,-1.15016,0.142857,0.111111,0.150685,0,0,0.1
0,383,-0.699266,1.13416,0.236508,0.125,0.5,0.102804,1,1.16667,0.2
0,383,0.429592,0.184708,0.650236,0.333333,0.2,0.142857,1,1.16667,0.3
0,383,-0.232256,0.912589,0.422092,0.166667,0.333333,0.0794702,1,1.16667,0.4
0,383,-0.876133,-1.4639,-1.77621,0.111111,0.1,0.196078,1,1.16667,0.5
0,383,0.661471,-0.778829,0.236508,0.5,0.125,0.232143,1,1.16667,0.6
1,383,-0.0228421,1.51474,1.39487,0.25,1,0.103448,1,1.16667,0.7
0,383,-0.180541,0.838433,0.407494,0.2,0.25,0.0789474,1,1.16667,0.8
1,383,2.5496,-0.468681,0.931453,1,0.166667,0.157303,1,0,0.9
0,383,-1.13575,-0.685984,-1.35279,0.1,0.142857,0.210526,1,1.16667,1
0,384,-0.0440649,0.48593,0.448738,0.2,0.25,0.121622,0,0,0.1
0,384,-0.74641,-0.248335,-1.50314,0.111111,0.125,0.0930233,1,0.333333,0.2
1,384,2.77469,-1.75185,0.315717,1,0.111111,0.175439,1,0.333333,0.3
0,384,-1.02159,0.66087,-0.468346,0.1,0.333333,0.114754,0,0,0.4
1,384,-0.227037,-1.75295,-1.24598,0.166667,0.1,0.123288,1,0.333333,0.5
0,384,-0.454128,0.0500344,-0.556555,0.142857,0.166667,0.195122,0,0,0.6
0,384,0.0741964,1.09347,1.25107,0.25,0.5,0.0963855,0,0,0.7
0,384,0.164296,-0.122204,0.497013,0.5,0.142857,0.0769231,1,0,0.8
0,384,-0.62938,0.220521,-0.541887,0.125,0.2,0.186047,0,0,0.9
0,384,0.109433,1.36451,1.80336,0.333333,1,0.162162,0,0,1
0,385,-0.468213,0.0441853,-0.965181,0.142857,0.166667,0.157143,0,0,0.1
0,385,-0.145308,0.2871,0.778205,0.25,0.2,0.132653,0,0,0.2
0,385,0.151074,0.0399714,-0.0268607,0.333333,0.125,0.103448,0,0,0.3
1,385,1.43011,-1.27754,0.0533018,0.5,0.111111,0.152672,1,0.166667,0.4
0,385,-0.88909,1.38999,0.547519,0.111111,1,0.0857143,0,0,0.5
0,385,-0.412467,0.654285,0.806084,0.166667,0.333333,0.15873,1,0.166667,0.6
0,385,-0.211282,0.318729,0.778205,0.2,0.25,0.155172,0,0,0.7
1,385,2.27588,-2.28209,0.160536,1,0.1,0.380952,1,0,0.8
0,385,-0.797924,0.781213,0.451667,0.125,0.5,0.0884956,0,0,0.9
0,385,-0.932779,0.044151,-2.58347,0.1,0.142857,0.0714286,0,0,1
0,386,0.0764612,-0.565526,-0.285506,0.2,0.142857,0.0677966,0,0,0.1
0,386,1.12921,0.913802,1.41985,0.5,0.333333,0.0813953,0,0,0.2
0,386,-0.956695,0.222579,-0.721523,0.111111,0.2,0.075,1,0.333333,0.3
0,386,-0.213304,0.683445,-0.0432327,0.142857,0.25,0.0705882,0,0,0.4
1,386,-2.1676,1.53707,0.0865626,0.1,1,0.0333333,1,0.666667,0.5
1,386,-0.0606355,-1.56885,-1.16512,0.166667,0.1,0.0961538,1,0,0.6
0,386,1.57433,1.03086,1.94436,1,0.5,0.123077,0,0,0.7
0,386,-0.301922,-1.3877,-1.40559,0.125,0.111111,0.0821918,1,0.666667,0.8
0,386,0.637654,-0.166796,0.43465,0.333333,0.166667,0.0824742,0,0.5,0.9
0,386,0.282498,-0.698887,-0.264448,0.25,0.125,0.1,0,0.5,1
0,387,-0.497464,-0.627515,-0.549886,0.2,0.125,0.137931,0,0,0.1
1,387,2.63098,-1.28317,0.0939366,1,0.1,0.3125,1,0.166667,0.2
0,387,-0.582501,1.04122,0.264291,0.125,0.5,0.0963855,1,0.166667,0.3
0,387,-0.681182,-0.0302169,-0.746517,0.1,0.25,0.0853659,0,0,0.4
0,387,0.196219,-0.393745,0.72662,0.333333,0.2,0.214286,1,0.166667,0.5
0,387,0.954986,0.952847,1.5408,0.5,0.333333,0.2,1,0.166667,0.6
1,387,-0.308588,2.14725,1.55873,0.25,1,0.0661157,0,0,0.7
0,387,-0.610073,-0.875079,-1.75843,0.111111,0.111111,0.162791,1,0,0.8
0,387,-0.57966,-0.440218,-0.564771,0.142857,0.166667,0.173913,0,0,0.9
0,387,-0.522719,-0.49138,-0.564771,0.166667,0.142857,0.106667,0,0,1
0,388,-1.2238,0.314581,-0.591642,0.111111,0.25,0.0492958,1,0.166667,0.1
0,388,-1.68512,0.140097,-1.43836,0.1,0.166667,0.0806452,0,0,0.2
0,388,-0.383112,0.599208,0.573752,0.142857,0.5,0.126984,0,0,0.3
0,388,-0.815494,2.25068,0.629641,0.125,1,0.127273,0,0.166667,0.4
1,388,0.830201,-1.36061,-0.540659,0.333333,0.1,0.190476,1,0,0.5
1,388,0.0144623,-1.27683,-0.890732,0.2,0.111111,0.195122,1,0,0.6
0,388,1.57678,0.361416,2.0818,1,0.333333,0.147541,1,0,0.7
0,388,1.17444,-0.413843,0.573752,0.5,0.142857,0.142857,0,0,0.8
0,388,0.543068,0.184794,0.518023,0.25,0.2,0.0884956,0,0,0.9
0,388,-0.0314194,-0.79949,-0.91558,0.166667,0.125,0.138462,0,0,1
0,389,0.0529578,-0.615081,-0.466259,0.25,0.125,0.204545,0,0,0.1
0,389,-0.552141,-0.1614,-1.31946,0.142857,0.142857,0.0714286,0,0,0.2
0,389,-0.0338143,0.965673,1.63551,0.2,0.5,0.0427807,0,0,0.3
1,389,2.70705,0.378085,2.10536,1,0.2,0.117647,1,0,0.4
0,389,-1.05728,1.16995,0.152622,0.1,1,0.0454545,0,0,0.5
1,389,0.344117,-2.0296,-0.317233,0.5,0.1,0.25641,0,0,0.6
0,389,-0.240664,0.254332,-0.515752,0.166667,0.166667,0.108434,0,0,0.7
0,389,-0.628033,0.576385,-0.466259,0.125,0.25,0.122449,0,0,0.8
0,389,-0.795648,0.846689,-0.404265,0.111111,0.333333,0.0629921,0,0,0.9
0,389,0.203458,-1.38503,-0.404265,0.333333,0.111111,0.225,0,0,1
1,390,0.235832,-1.37744,-0.398156,0.333333,0.111111,0.0816327,1,0.166667,0.1
0,390,-0.802362,1.30768,0.885669,0.125,1,0.0588235,0,0,0.2
0,390,1.76755,-1.72584,-0.312439,0.5,0.1,0.0555556,1,0.166667,0.3
0,390,1.93933,-0.262739,1.26981,1,0.142857,0.0694444,0,0,0.4
0,390,-0.228443,-0.222998,-0.1,0.2,0.166667,0.0684932,0,0,0.5
0,390,-0.598179,-0.755227,-1.68366,0.142857,0.125,0.0461538,1,0.166667,0.6
0,390,-0.116011,0.498261,1.14937,0.25,0.25,0.0666667,0,0,0.7
0,390,-0.952151,1.28474,0.0499086,0.111111,0.5,0.0487805,0,0,0.8
1,390,-0.229349,0.768968,0.754769,0.166667,0.333333,0.0638298,1,0.166667,0.9
0,390,-1.01622,0.484598,-1.61527,0.1,0.2,0.0465116,0,0,1
1,391,1.66729,0.597005,1.31255,0.5,0.2,0.0898876,1,0,0.1
0,391,-0.8684,0.909605,0.34461,0.125,0.5,0.142857,1,0.666667,0.2
0,391,0.00940113,0.0140467,-0.0814848,0.2,0.166667,0.123457,0,0,0.3
1,391,0.0161442,-1.58878,-0.973387,0.25,0.1,0.125,0,0,0.4
0,391,-0.756849,-0.0803262,-1.05891,0.142857,0.142857,0.116883,1,0.666667,0.5
0,391,0.473374,-1.10345,-0.020494,0.333333,0.125,0.108911,1,0.666667,0.6
0,391,-0.95405,0.841139,-0.324436,0.111111,0.333333,0.156863,1,0.666667,0.7
0,391,-1.00007,1.29342,0.122484,0.1,1,0.135593,1,0.666667,0.8
0,391,1.88129,0.630527,2.03243,1,0.25,0.0583942,1,0,0.9
0,391,-0.468129,-1.51319,-1.35336,0.166667,0.111111,0.188679,0,0,1
0,392,0.373588,0.953259,1.37759,0.333333,0.5,0.0795455,1,0,0.1
0,392,-0.540163,-1.36361,-1.14912,0.142857,0.111111,0.115385,0,0,0.2
0,392,-0.220382,1.66638,1.15856,0.2,1,0.0847458,0,0,0.3
1,392,-0.50056,-1.69424,-1.13044,0.166667,0.1,0.181818,0,0,0.4
0,392,-0.778801,0.0734896,-0.700049,0.111111,0.2,0.119048,0,0,0.5
0,392,-0.828616,0.758732,-0.424917,0.1,0.333333,0.0480769,0,0,0.6
0,392,-0.208218,-0.136008,-0.041946,0.25,0.142857,0.0707071,0,0,0.7
0,392,-0.593536,-0.798468,-1.15534,0.125,0.125,0.192308,0,0,0.8
1,392,2.68436,-0.0471209,0.930617,1,0.166667,0.112903,0,0,0.9
0,392,0.612323,0.58759,1.13506,0.5,0.25,0.115385,1,0,1
0,393,-0.962294,0.114813,-0.669013,0.1,0.25,0.097561,1,0.333333,0.1
0,393,1.32421,0.644069,1.63177,0.5,0.5,0.135593,1,0.333333,0.2
1,393,2.33875,-0.0764424,0.711152,1,0.142857,0.157895,0,0.166667,0.3
0,393,-0.59529,0.00628601,-0.27766,0.142857,0.2,0.0806452,1,0.666667,0.4
0,393,0.214567,-0.0384253,0.422706,0.333333,0.166667,0.0886076,1,0.166667,0.5
0,393,-0.943702,-1.39625,-1.7788,0.111111,0.1,0.16,1,0.333333,0.6
0,393,-0.254745,-0.969988,-0.701697,0.2,0.111111,0.0638298,0,0.333333,0.7
0,393,-0.596261,0.170715,-0.0140856,0.125,0.333333,0.135135,0,0,0.8
1,393,-0.23664,2.42356,1.3969,0.25,1,0.0384615,0,0,0.9
0,393,-0.288599,-0.878337,-0.721272,0.166667,0.125,0.15,0,0.333333,1
0,394,1.86372,0.944783,2.17023,1,0.5,0.176471,1,0.166667,0.1
0,394,0.0692675,0.369088,1.01778,0.25,0.333333,0.117647,1,0.166667,0.2
0,394,-0.253839,-0.101835,-0.3265,0.166667,0.166667,0.0824742,0,0,0.3
0,394,-0.785223,0.19273,-0.0482551,0.142857,0.25,0.0481928,0,0,0.4
1,394,-1.09279,2.22907,0.0966185,0.1,1,0.0789474,1,0.166667,0.5
0,394,-0.926513,-1.33477,-1.80178,0.125,0.1,0.09375,0,0,0.6
0,394,1.55521,-0.516569,0.271836,0.5,0.125,0.109756,1,0.166667,0.7
1,394,0.546739,-1.28806,-0.255923,0.333333,0.111111,0.142857,1,0,0.8
0,394,-1.03311,0.00287764,-0.805342,0.111111,0.2,0.0546875,0,0,0.9
0,394,0.056531,-0.497317,-0.318673,0.2,0.142857,0.0567376,0,0,1
0,395,1.31837,-0.561646,0.442936,1,0.111111,0.0595238,0,0,0.1
0,395,-0.611246,-0.131199,-0.0863991,0.166667,0.2,0.0642202,0,0.5,0.2
0,395,-1.44258,0.431068,-0.269944,0.1,0.5,0.0652174,1,0.666667,0.3
0,395,-0.830367,-0.174764,-0.780821,0.142857,0.166667,0.0538462,0,0,0.4
1,395,0.754484,-0.542926,-0.396755,0.25,0.125,0.0882353,1,0,0.5
1,395,0.553073,2.70563,1.79152,0.2,1,0.116279,1,0,0.6
0,395,1.08007,-1.28962,-0.657067,0.333333,0.1,0.21875,1,0.666667,0.7
0,395,-0.90087,-0.414916,-1.45466,0.125,0.142857,0.0638298,0,0,0.8
0,395,1.10287,-0.0226166,1.75519,0.5,0.25,0.12069,0,0.5,0.9
0,395,-1.0238,0.000987282,-0.344003,0.111111,0.333333,0.0642202,1,0.666667,1
0,396,-0.0212586,-0.0905368,0.420617,0.25,0.166667,0.255319,0,0,0.1
0,396,-0.63568,0.341131,-1.15404,0.125,0.2,0.180328,0,0.333333,0.2
0,396,-0.88877,1.41135,0.672375,0.111111,1,0.125,0,0.333333,0.3
0,396,-0.231545,1.22477,1.57755,0.166667,0.5,0.169231,1,0.333333,0.4
1,396,0.835273,-1.7809,-0.409774,0.5,0.1,0.243902,1,0.333333,0.5
0,396,-0.600075,0.476548,-0.0984615,0.142857,0.25,0.215686,0,0,0.6
1,396,2.42754,-0.433554,1.66539,1,0.142857,0.15942,0,0.333333,0.7
0,396,0.511022,-1.42504,-0.522194,0.333333,0.111111,0.227273,1,0.333333,0.8
0,396,-1.22973,0.74141,-0.997425,0.1,0.333333,0.0987654,0,0,0.9
0,396,-0.166785,-0.465176,-1.15404,0.2,0.125,0.1875,0,0,1
1,397,0.0907253,0.517339,1.26007,0.333333,0.333333,0.111111,1,1,0.1
0,397,-0.562923,0.280839,-0.309649,0.142857,0.2,0.0952381,1,1,0.2
0,397,-0.334172,-0.215477,-0.564448,0.166667,0.142857,0.0674157,0,0,0.3
0,397,-0.569607,-0.519521,-1.29148,0.125,0.125,0.075,1,1,0.4
0,397,0.0397881,0.996262,1.26881,0.25,0.5,0.0649351,1,1,0.5
0,397,-1.00697,1.40568,0.0938828,0.1,1,0.0666667,1,1,0.6
1,397,2.59216,-2.43722,0.0938828,1,0.1,0.139535,1,1,0.7
0,397,-0.901516,-0.539836,-1.75742,0.111111,0.111111,0.0574713,0,0,0.8
0,397,0.815266,0.311556,1.26881,0.5,0.25,0.06,0,0,0.9
0,397,-0.162755,0.20038,-0.0624571,0.2,0.166667,0.0779221,1,1,1
0,398,-0.641324,0.654432,0.450128,0.166667,0.333333,0.102041,1,0.333333,0.1
0,398,-0.0145424,0.324833,0.191263,0.25,0.166667,0.166667,0,0.166667,0.2
0,398,1.07208,0.820783,1.73762,0.5,0.5,0.1625,0,0,0.3
0,398,-0.727259,-0.298836,-1.23319,0.125,0.125,0.140625,0,0,0.4
1,398,2.35639,-0.123245,0.757287,1,0.142857,0.145833,0,0.166667,0.5
0,398,-0.869041,0.44141,-0.496318,0.111111,0.25,0.111111,0,0,0.6
0,398,-0.704169,1.08138,0.757287,0.142857,1,0.09,0,0,0.7
0,398,-0.127862,0.428414,0.18366,0.2,0.2,0.123596,0,0,0.8
1,398,0.545825,-2.55861,-0.453548,0.333333,0.1,0.227273,1,0.333333,0.9
0,398,-0.890104,-0.770568,-1.89419,0.1,0.111111,0.117647,1,0.333333,1
0,399,-0.800484,-0.804913,-1.361,0.125,0.125,0.104167,0,0.5,0.1
0,399,-0.721283,0.213418,-0.326316,0.142857,0.2,0.106383,0,0.5,0.2
0,399,0.173776,1.42103,1.64169,0.25,1,0.109589,0,0,0.3
0,399,-0.500725,0.763009,0.496779,0.166667,0.333333,0.0674157,0,0,0.4
0,399,-0.330761,0.0800744,-0.0658188,0.2,0.166667,0.0555556,1,0,0.5
0,399,0.282918,0.993225,1.6228,0.333333,0.5,0.122449,0,0,0.6
0,399,-0.910447,0.521616,-0.786248,0.1,0.25,0.0833333,0,0.5,0.7
1,399,2.18446,-2.07233,0.098936,1,0.1,0.0901639,0,0,0.8
0,399,-0.823199,-0.0458214,-1.35367,0.111111,0.142857,0.104167,0,0.5,0.9
1,399,1.44574,-1.0693,0.0328492,0.5,0.111111,0.176471,1,0,1
0,400,-0.104328,1.29412,1.71214,0.25,1,0.125,1,0.166667,0.1
0,400,-0.0515243,0.533444,1.1057,0.5,0.2,0.101695,1,0.333333,0.2
0,400,-0.37365,-1.28502,-1.67545,0.125,0.111111,0.0967742,1,0.833333,0.3
0,400,-0.0773834,0.590354,1.08692,0.333333,0.25,0.1125,1,0.833333,0.4
1,400,2.88982,-1.57195,0.103182,1,0.1,0.233333,1,1.16667,0.5
0,400,-0.886413,0.698354,-0.522037,0.1,0.333333,0.0576923,1,0.666667,0.6
0,400,-0.294307,-1.19492,-1.15572,0.142857,0.125,0.101449,1,0.833333,0.7
0,400,-0.743807,1.15229,0.0342591,0.111111,0.5,0.12963,1,0.833333,0.8
0,400,-0.178619,-0.497613,-0.340321,0.2,0.142857,0.0833333,1,0.333333,0.9
1,400,-0.179784,0.280934,-0.34868,0.166667,0.166667,0.0879121,0,0,1
1,401,2.24127,-1.92515,0.103941,1,0.1,0.147059,1,0,0.1
0,401,-0.773071,0.446354,-0.826019,0.1,0.25,0.0454545,1,0.5,0.2
0,401,-0.72752,0.0245904,-0.890543,0.125,0.166667,0.0597015,0,0.166667,0.3
0,401,-0.748017,0.283652,-0.866373,0.111111,0.2,0.0833333,1,0.666667,0.4
0,401,-0.287539,1.64605,1.72473,0.25,1,0.045977,0,0,0.5
0,401,-0.391544,0.799671,1.11383,0.2,0.5,0.0609756,0,0.333333,0.6
1,401,1.10727,-1.32255,0.0345109,0.5,0.111111,0.138889,1,0.5,0.7
0,401,-0.702593,-0.258933,-0.898592,0.142857,0.142857,0.0645161,1,0.666667,0.8
0,401,-0.663773,-0.479886,-0.890543,0.166667,0.125,0.0784314,0,0.166667,0.9
0,401,0.945518,0.786195,1.39506,0.333333,0.333333,0.104167,1,0,1
0,402,1.07126,0.769608,0.981608,0.333333,0.25,0.114286,0,0.166667,0.1
0,402,1.29763,-1.36565,-0.193688,0.5,0.1,0.129032,1,0.333333,0.2
0,402,-0.271757,-1.13764,-0.284677,0.25,0.125,0.145833,1,0,0.3
0,402,-0.6972,1.05954,0.745665,0.166667,0.5,0.0909091,1,0,0.4
0,402,-0.275486,-0.656358,-0.307346,0.2,0.142857,0.106061,0,0,0.5
0,402,2.01368,0.893059,1.81533,1,0.333333,0.0987654,0,0,0.6
1,402,-0.724485,-1.31304,-1.51311,0.125,0.111111,0.133333,0,0,0.7
0,402,-0.850014,0.46147,-1.00135,0.1,0.2,0.101695,0,0,0.8
1,402,-0.844936,-0.107055,-1.02962,0.111111,0.166667,0.0769231,1,0.166667,0.9
0,402,-0.718688,1.39607,0.787184,0.142857,1,0.0869565,0,0,1
0,403,1.63179,-1.67201,0.0959403,1,0.1,0.225,0,0,0.1
0,403,-0.23258,-0.799799,-0.821998,0.166667,0.125,0.131148,0,0,0.2
0,403,0.48123,-0.171474,0.481737,0.333333,0.166667,0.130435,0,0,0.3
0,403,-0.328281,1.64521,0.810465,0.142857,1,0.0923077,1,0,0.4
1,403,-0.475562,0.967772,-0.0160527,0.125,0.333333,0.084507,0,0,0.5
0,403,-1.29553,-0.0140983,-0.799689,0.111111,0.2,0.044586,0,0,0.6
0,403,-1.65434,-1.22571,-2.02721,0.1,0.111111,0.0560748,0,0,0.7
0,403,0.127522,0.563662,0.465076,0.2,0.25,0.160714,0,0,0.8
1,403,1.49026,0.994394,1.85964,0.5,0.5,0.140351,1,0,0.9
0,403,0.255498,-0.287948,-0.0479163,0.25,0.142857,0.112676,0,0,1
1,404,2.3064,-2.00039,0.112804,1,0.1,0.147059,1,1.33333,0.1
1,404,1.02121,1.10826,2.18652,0.5,0.5,0.125,1,1.33333,0.2
0,404,-1.03053,1.60146,0.112804,0.1,1,0.0875,1,0,0.3
0,404,-0.317554,-0.701394,-1.2464,0.166667,0.111111,0.194444,1,1.33333,0.4
0,404,-0.220673,0.103463,0.231105,0.2,0.2,0.107143,1,1.33333,0.5
0,404,-0.956027,-0.40994,-1.54341,0.111111,0.142857,0.12069,1,1.33333,0.6
0,404,-0.934518,1.03212,-0.0188743,0.125,0.333333,0.0833333,1,1.33333,0.7
0,404,0.633805,-0.628863,-0.0188743,0.333333,0.125,0.126582,1,1.33333,0.8
0,404,-0.0154587,0.132826,0.86254,0.25,0.25,0.15,1,1.33333,0.9
0,404,-0.486664,-0.237534,-0.678206,0.142857,0.166667,0.118421,1,1.33333,1
0,405,0.464431,0.878129,1.24052,0.166667,0.5,0.116667,0,0,0.1
1,405,0.596564,-1.96171,-0.784332,0.333333,0.1,0.181818,0,0,0.2
0,405,-0.787335,-0.368385,-1.73641,0.142857,0.125,0.0789474,0,0,0.3
0,405,-1.72099,0.409277,-0.784332,0.1,0.333333,0.131579,0,0,0.4
0,405,0.974346,0.0308204,1.24052,0.5,0.166667,0.0761905,0,0,0.5
0,405,1.42286,-1.28318,0.528727,1,0.111111,0.155172,0,0,0.6
0,405,0.595917,0.366125,0.751495,0.25,0.2,0.108434,0,0,0.7
0,405,0.518362,-0.223483,-0.511314,0.2,0.142857,0.123077,0,0,0.8
1,405,-0.788484,1.7579,0.913419,0.125,1,0.0357143,1,0,0.9
0,405,-1.27567,0.394514,-0.858294,0.111111,0.25,0.0877193,0,0,1
0,406,-1.02527,-0.654368,-1.34048,0.111111,0.125,0.0487805,1,0.333333,0.1
0,406,0.249089,0.783641,0.869616,0.25,0.333333,0.0337079,1,0.166667,0.2
0,406,-0.479605,0.115263,-0.49633,0.142857,0.166667,0.0352941,1,0.333333,0.3
0,406,-1.30712,-0.672447,-1.74433,0.1,0.111111,0.0166667,0,0,0.4
0,406,2.1815,0.666009,1.36984,1,0.25,0.034188,0,0,0.5
1,406,-0.21089,-2.17484,-0.887102,0.2,0.1,0.1,1,0.666667,0.6
1,406,0.525117,-0.608284,0.197155,0.333333,0.142857,0.0517241,1,0.5,0.7
0,406,-0.368368,1.0691,0.660592,0.166667,0.5,0.0272727,0,0,0.8
0,406,1.12289,0.139393,0.884641,0.5,0.2,0.0416667,1,0.333333,0.9
0,406,-0.68734,1.33653,0.486406,0.125,1,0.0294118,0,0,1
1,407,-1.3017,1.09321,-0.181742,0.1,0.5,0.0588235,1,0.833333,0.1
0,407,0.785955,-0.953283,-0.231602,0.333333,0.111111,0.136364,1,0.833333,0.2
0,407,0.849784,1.19711,1.96399,0.5,1,0.0412371,0,0,0.3
0,407,-0.527842,0.211414,-0.288389,0.142857,0.2,0.0387597,0,0,0.4
0,407,-1.1895,0.573691,-0.48409,0.111111,0.25,0.0483871,1,0.833333,0.5
1,407,2.07568,0.77625,1.70336,1,0.333333,0.104167,1,0,0.6
0,407,0.407294,-0.163466,-0.0436693,0.25,0.142857,0.08,1,0.833333,0.7
0,407,-0.095234,-0.0144635,-0.0581688,0.2,0.166667,0.049505,0,0,0.8
0,407,-0.879286,-0.422332,-1.20281,0.125,0.125,0.0526316,1,0.833333,0.9
0,407,-0.125147,-2.29813,-1.17689,0.166667,0.1,0.0793651,1,0.833333,1
0,408,-0.78636,1.59835,0.387212,0.111111,1,0.0909091,1,0.666667,0.1
0,408,-0.85126,0.826531,-0.574405,0.1,0.333333,0.0490196,1,0.666667,0.2
0,408,0.400368,0.195971,1.21662,0.5,0.2,0.0945946,1,0.666667,0.3
0,408,0.210805,-0.0692012,0.570073,0.333333,0.166667,0.0921053,1,0.666667,0.4
0,408,-0.0407812,0.544333,0.868114,0.25,0.25,0.0526316,0,0.5,0.5
1,408,-0.50392,1.20951,0.609563,0.142857,0.5,0.0961538,0,0.166667,0.6
0,408,-0.164698,-1.28026,-0.946328,0.2,0.111111,0.0892857,1,0.333333,0.7
0,408,-0.744836,-1.0875,-1.5618,0.125,0.125,0.1,1,0.666667,0.8
1,408,2.74664,-0.607905,0.95908,1,0.142857,0.189189,1,0,0.9
0,408,-0.265955,-1.32983,-1.52814,0.166667,0.1,0.111111,0,0.333333,1
1,409,1.80906,2.55464,2.55005,1,1,0.0714286,1,0,0.1
0,409,-0.95025,-0.325046,-0.855441,0.125,0.166667,0.125,0,0,0.2
0,409,-0.201217,-0.374852,-0.32931,0.2,0.142857,0.109375,0,0.333333,0.3
0,409,0.265724,-0.77475,-0.552781,0.25,0.111111,0.122807,0,0,0.4
1,409,0.659102,-1.20211,-0.505146,0.333333,0.1,0.0853659,0,0,0.5
0,409,-1.31317,0.174111,-0.793461,0.1,0.25,0.147059,0,0.333333,0.6
0,409,1.50706,-0.705365,0.28091,0.5,0.125,0.0933333,0,0,0.7
0,409,-0.418741,0.201749,0.23845,0.142857,0.333333,0.155556,0,0.333333,0.8
0,409,-0.373537,0.731691,0.798953,0.166667,0.5,0.12,0,0,0.9
0,409,-0.984024,-0.280068,-0.832225,0.111111,0.2,0.15,0,0,1
0,410,0.72162,-0.691137,0.688534,0.5,0.125,0.131579,0,0,0.1
0,410,-0.0879502,-0.906885,-1.35491,0.25,0.111111,0.0625,1,0.5,0.2
0,410,-1.51632,1.85518,0.244725,0.1,1,0.0508475,1,0.5,0.3
0,410,-0.363546,-0.247934,-0.807166,0.142857,0.2,0.0314465,1,0,0.4
0,410,-0.297396,-0.543573,-0.826993,0.166667,0.166667,0.0652174,0,0,0.5
0,410,-0.418021,1.30378,0.688534,0.125,0.5,0.0888889,0,0,0.6
0,410,0.24134,-0.599841,0.58446,0.333333,0.142857,0.0634921,0,0,0.7
0,410,2.52051,-1.35915,0.244725,1,0.1,0.132075,1,0.5,0.8
1,410,-0.551008,0.216112,-1.35491,0.111111,0.25,0.0447761,1,0,0.9
1,410,-0.249237,0.973447,1.893,0.2,0.333333,0.115385,1,0.5,1
1,411,-0.195072,0.263961,0.281736,0.2,0.2,0.109091,1,0.166667,0.1
1,411,2.29755,-2.24183,0.137517,1,0.1,0.217391,1,0,0.2
0,411,0.399673,0.648051,1.44861,0.25,0.333333,0.0793651,0,0,0.3
0,411,-1.03202,0.878235,0.045659,0.111111,0.5,0.0943396,0,0,0.4
0,411,0.788288,-0.222756,0.738334,0.5,0.142857,0.1,1,0.166667,0.5
0,411,-0.628919,-0.844242,-1.88154,0.142857,0.111111,0.113208,0,0,0.6
0,411,0.68878,-0.0866561,0.690502,0.333333,0.166667,0.142857,0,0,0.7
0,411,-1.095,0.561155,-1.09285,0.1,0.25,0.0784314,0,0,0.8
0,411,-0.711161,1.54268,0.810256,0.125,1,0.0551181,0,0,0.9
0,411,-0.512124,-0.498601,-1.17822,0.166667,0.125,0.0684932,0,0,1
0,412,0.0760325,0.535395,0.369905,0.2,0.2,0.0645161,0,0,0.1
0,412,-1.06556,0.651154,-0.0302099,0.125,0.333333,0.0689655,0,0.166667,0.2
0,412,-1.07202,0.802348,0.180553,0.1,1,0.0363636,0,0,0.3
1,412,0.443124,-1.80089,-0.478247,0.333333,0.111111,0.114286,1,0,0.4
0,412,-1.06975,0.573642,-0.999623,0.111111,0.25,0.0588235,0,0,0.5
0,412,-0.187932,0.28967,-1.08553,0.166667,0.142857,0.075,0,0,0.6
0,412,0.084395,0.661107,2.44014,0.25,0.5,0.08,0,0,0.7
0,412,-0.202625,0.478273,-1.08553,0.142857,0.166667,0.0784314,0,0.166667,0.8
1,412,2.44646,-2.07617,0.180553,1,0.1,0.178571,1,0,0.9
0,412,0.547873,-0.114525,0.507985,0.5,0.125,0.097561,0,0,1
0,413,-0.70601,1.38083,0.59412,0.125,1,0.155556,0,0,0.1
0,413,-0.492253,0.865671,0.806879,0.166667,0.5,0.107143,0,0,0.2
1,413,2.21855,0.566222,1.67318,1,0.25,0.147541,1,0,0.3
0,413,0.0486374,-0.0135676,-0.0503605,0.25,0.142857,0.114286,0,0,0.4
0,413,-0.922568,-0.704158,-1.8804,0.1,0.125,0.227273,0,0,0.5
0,413,-0.696923,0.807918,0.240815,0.142857,0.333333,0.194444,0,0,0.6
0,413,0.260872,0.279855,0.779975,0.333333,0.2,0.225,0,0,0.7
0,413,-0.749476,0.0532418,-1.11415,0.111111,0.166667,0.230769,0,0,0.8
0,413,-0.436546,-1.09004,-0.840481,0.2,0.111111,0.363636,0,0,0.9
1,413,1.47572,-2.14598,-0.209589,0.5,0.1,0.235294,0,0,1
1,414,1.90886,-0.753682,0.475848,1,0.125,0.22449,0,0,0.1
0,414,0.22669,-0.329921,-0.0537277,0.2,0.166667,0.0846154,0,0,0.2
0,414,-1.04396,-0.526306,-1.10499,0.111111,0.142857,0.0849057,0,0,0.3
0,414,-0.636456,0.748584,0.192876,0.142857,0.333333,0.116883,0,0,0.4
0,414,0.256009,1.04877,1.09147,0.25,0.5,0.190476,1,0,0.5
0,414,0.271957,2.11746,1.57331,0.333333,1,0.163934,1,0,0.6
0,414,-0.70082,-0.765797,-1.31138,0.125,0.111111,0.0528455,0,0,0.7
0,414,-1.45864,-0.10073,-0.867847,0.1,0.2,0.131148,0,0,0.8
0,414,-0.236352,-1.51641,-1.08703,0.166667,0.1,0.0887097,0,0,0.9
1,414,1.41272,0.0780329,1.09147,0.5,0.25,0.212766,0,0,1
0,415,1.79685,-0.0727534,1.03653,1,0.166667,0.114754,0,0.333333,0.1
0,415,-0.98368,-0.28643,-1.51896,0.111111,0.125,0.0625,0,0,0.2
0,415,-0.207439,-0.183109,-0.562414,0.166667,0.142857,0.0967742,0,0,0.3
0,415,-1.02304,0.883392,-0.194437,0.1,0.5,0.0714286,0,0,0.4
1,415,0.479726,1.9039,1.82235,0.333333,1,0.0375,1,0,0.5
0,415,-0.917404,-0.754847,-1.51896,0.125,0.111111,0.0961538,0,0,0.6
0,415,1.78672,-2.16777,-0.194437,0.5,0.1,0.139535,0,0,0.7
1,415,-0.636063,0.378378,0.223406,0.142857,0.333333,0.0574713,1,0.166667,0.8
0,415,-0.17651,0.0575263,0.191648,0.2,0.2,0.109091,0,0.333333,0.9
0,415,-0.119159,0.241717,0.715276,0.25,0.25,0.122449,1,0.5,1
1,416,0.987768,0.041967,0.822425,0.5,0.2,0.116279,1,1,0.1
0,416,0.694252,1.8325,1.49512,0.333333,1,0.148936,0,0,0.2
0,416,-0.415143,-0.596283,-0.461423,0.166667,0.142857,0.0961538,1,1,0.3
1,416,2.37489,0.0607458,1.2735,1,0.25,0.151515,1,1.16667,0.4
0,416,-0.329248,0.170219,0.593656,0.2,0.333333,0.0892857,1,1,0.5
0,416,-0.461232,-1.04912,-1.05007,0.142857,0.111111,0.109756,1,1,0.6
0,416,-0.306078,-0.924994,-0.234461,0.25,0.125,0.0891089,1,1,0.7
0,416,-1.04557,-0.127513,-1.033,0.1,0.166667,0.102564,1,0.5,0.8
0,416,-0.970465,-1.13623,-1.62166,0.111111,0.1,0.0816327,1,1.16667,0.9
0,416,-0.529181,1.7287,0.215928,0.125,0.5,0.076087,0,0.166667,1
0,417,-0.665939,-0.400288,-1.43832,0.142857,0.125,0.0652174,1,1,0.1
0,417,-0.680345,0.673301,-0.392297,0.125,0.25,0.0487805,1,0.166667,0.2
0,417,-1.13294,0.800847,-0.649684,0.1,0.333333,0.037037,1,1,0.3
0,417,0.503834,0.052446,0.644785,0.333333,0.166667,0.0533333,1,1,0.4
0,417,0.491495,0.930581,2.13079,0.25,1,0.0441176,1,0.166667,0.5
1,417,1.18952,-0.418228,0.042636,0.5,0.111111,0.0588235,1,1.16667,0.6
0,417,-0.432221,0.870165,1.02756,0.166667,0.5,0.0315789,1,1,0.7
0,417,-1.12253,0.454644,-1.07035,0.111111,0.2,0.0319149,1,1,0.8
1,417,2.09572,-2.56489,0.128412,1,0.1,0.0549451,1,0.166667,0.9
0,417,-0.246595,-0.398574,-0.423536,0.2,0.142857,0.0430108,1,1,1
0,418,-1.31647,-0.194078,-1.22342,0.1,0.166667,0.106383,0,0,0.1
1,418,2.25816,0.508987,1.77072,1,0.333333,0.103774,1,0,0.2
0,418,-0.308456,0.446026,0.193927,0.166667,0.25,0.103093,0,0,0.3
0,418,0.42365,-1.38017,-0.459867,0.333333,0.1,0.104762,0,0,0.4
0,418,-0.315777,-0.592089,-0.785803,0.142857,0.142857,0.12987,1,0.166667,0.5
0,418,1.10965,1.40333,1.76183,0.5,0.5,0.116505,0,0,0.6
0,418,-0.0415807,-1.02459,-0.503232,0.25,0.111111,0.166667,0,0,0.7
0,418,-0.756372,1.82717,0.535553,0.125,1,0.0989011,0,0,0.8
1,418,-0.0606013,-0.942605,-0.532077,0.2,0.125,0.142857,0,0,0.9
0,418,-0.992196,-0.051981,-0.757629,0.111111,0.2,0.148148,1,0.166667,1
0,419,0.607958,-0.21709,0.997055,0.333333,0.2,0.194444,0,0.166667,0.1
0,419,0.180035,0.458932,0.997055,0.2,0.333333,0.111111,1,0.5,0.2
0,419,-1.08765,2.05789,0.759474,0.125,1,0.131579,0,0,0.3
0,419,-1.13443,-1.04913,-2.41288,0.111111,0.111111,0.0769231,0,0.166667,0.4
1,419,2.0679,-1.34413,0.128898,1,0.1,0.0882353,0,0,0.5
0,419,0.764634,-0.626379,0.362655,0.5,0.125,0.127273,0,0,0.6
0,419,-0.0755168,-0.13333,0.27501,0.166667,0.25,0.241379,1,0.666667,0.7
0,419,-1.19653,1.42281,-0.267921,0.1,0.5,0.135135,1,0.5,0.8
1,419,0.577806,-0.244483,0.27501,0.25,0.166667,0.216216,1,0.666667,0.9
0,419,-0.704207,-0.325096,-1.11436,0.142857,0.142857,0.133333,1,0.666667,1
0,420,-1.11436,0.683072,-0.878001,0.1,0.25,0.0420168,0,0,0.1
1,420,-0.520795,-0.762673,-1.23748,0.142857,0.125,0.0980392,1,0,0.2
0,420,0.470517,-0.445134,0.263855,0.333333,0.142857,0.0789474,0,0,0.3
0,420,0.0430118,-1.75464,-1.18722,0.2,0.1,0.125,0,0,0.4
0,420,-1.01862,1.26731,0.650963,0.125,1,0.0740741,0,0,0.5
0,420,-1.069,1.14453,0.0366827,0.111111,0.5,0.0543478,0,0,0.6
0,420,0.27389,-1.31903,-0.611677,0.25,0.111111,0.0875,0,0,0.7
0,420,1.99527,0.752303,2.1523,1,0.333333,0.119048,0,0,0.8
1,420,-0.420298,0.640643,-0.0734998,0.166667,0.2,0.0740741,1,0,0.9
0,420,1.36038,-0.20637,0.884078,0.5,0.166667,0.0923077,0,0,1
0,421,-1.15979,-1.82861,-1.61435,0.111111,0.1,0.0909091,0,0,0.1
0,421,-0.288069,1.20136,0.846571,0.166667,1,0.0769231,1,0.166667,0.2
0,421,0.0202986,-0.643995,-0.251991,0.2,0.142857,0.0865385,1,0.833333,0.3
0,421,-1.24799,-0.75484,-1.42476,0.1,0.125,0.0909091,1,0.5,0.4
0,421,-0.318271,-1.31096,-1.04534,0.142857,0.111111,0.0629921,1,0.333333,0.5
1,421,-0.870809,0.843792,-0.0127834,0.125,0.333333,0.106061,1,0.666667,0.6
0,421,0.137868,1.03401,1.03255,0.25,0.5,0.131148,1,0.5,0.7
1,421,1.1191,0.525614,0.818719,0.5,0.2,0.148936,1,0.333333,0.8
0,421,0.442689,0.375913,0.383627,0.333333,0.166667,0.0891089,0,0,0.9
0,421,2.16496,0.557711,1.26776,1,0.25,0.117647,0,0,1
0,422,-1.13425,0.440374,0.0271707,0.111111,0.5,0.118644,0,0,0.1
0,422,-0.486903,-1.63971,-1.31693,0.142857,0.1,0.114286,1,0,0.2
0,422,1.25225,2.35675,1.83813,0.5,1,0.0645161,0,0,0.3
0,422,-1.45225,-0.0734602,-1.31693,0.1,0.142857,0.122449,0,0,0.4
0,422,-0.137093,-0.0122386,-0.054441,0.2,0.166667,0.153846,1,0.333333,0.5
0,422,1.80189,-0.00626105,1.12886,1,0.2,0.123077,0,0,0.6
1,422,-0.00429289,0.201085,0.625728,0.25,0.25,0.108108,1,0.166667,0.7
0,422,-0.580904,-0.501853,-1.12573,0.125,0.125,0.163265,1,0,0.8
0,422,-0.307919,0.315112,0.410903,0.166667,0.333333,0.131148,1,0.166667,0.9
1,422,1.04947,-1.0798,-0.21676,0.333333,0.111111,0.111111,1,0,1
0,423,-0.479386,-0.505818,-0.39413,0.25,0.111111,0.117647,1,1.5,0.1
0,423,-0.529695,-0.281795,-0.234797,0.2,0.142857,0.126582,1,1.5,0.2
0,423,-1.02351,-2.02115,-1.6758,0.1,0.1,0.109589,1,1.5,0.3
0,423,-0.535652,-0.395158,-0.609926,0.166667,0.125,0.117647,1,1.5,0.4
0,423,-0.578381,0.079569,-0.217479,0.125,0.25,0.113636,1,1.5,0.5
0,423,-0.793661,-0.0197616,-0.593373,0.111111,0.2,0.1125,1,1.5,0.6
1,423,1.38818,1.76453,1.59902,0.5,1,0.136986,0,1.5,0.7
1,423,1.76667,1.49535,1.59902,1,0.5,0.128205,0,1.5,0.8
0,423,1.35034,0.115986,0.955466,0.333333,0.333333,0.129412,1,1.5,0.9
0,423,-0.564905,-0.231754,-0.428001,0.142857,0.166667,0.114943,1,1.5,1
0,424,-0.139918,-0.452638,0.244556,0.25,0.166667,0.0752688,0,0,0.1
0,424,-0.589681,-0.480318,-0.68915,0.166667,0.142857,0.111111,0,0,0.2
0,424,-0.660887,-0.361096,-0.37806,0.142857,0.2,0.0612245,1,0.333333,0.3
0,424,-0.883007,-0.688012,-2.42199,0.1,0.111111,0.118644,1,0.333333,0.4
0,424,-0.663735,1.42071,0.322495,0.125,0.5,0.175,0,0,0.5
1,424,-0.383291,0.175522,0.886644,0.2,0.333333,0.0714286,0,0,0.6
0,424,-0.878438,2.26315,0.390934,0.111111,1,0.118644,0,0,0.7
1,424,1.62108,-0.0783969,1.54913,0.5,0.25,0.243902,1,0.333333,0.8
0,424,0.545137,-0.611926,-0.0191788,0.333333,0.125,0.157895,0,0,0.9
0,424,2.03274,-1.187,0.114624,1,0.1,0.146667,0,0,1
0,425,-0.592216,0.130479,-0.946491,0.125,0.166667,0.115385,1,1.16667,0.1
0,425,-1.03706,-0.15478,-1.7938,0.111111,0.125,0.0833333,1,1.16667,0.2
0,425,-0.392935,0.272233,-0.0551734,0.142857,0.25,0.1,0,0.166667,0.3
1,425,2.18111,-2.6628,0.110471,1,0.1,0.3125,1,1.33333,0.4
1,425,-0.345426,1.42287,1.22408,0.166667,1,0.175,1,1.16667,0.5
0,425,1.01059,-0.138968,0.593122,0.5,0.142857,0.0947368,1,1.33333,0.6
0,425,-0.201447,-0.217631,-0.611616,0.25,0.111111,0.134615,1,1.16667,0.7
0,425,-1.2674,0.410388,-0.558912,0.1,0.333333,0.0923077,1,1.16667,0.8
0,425,-0.255003,0.251603,0.226325,0.2,0.2,0.105263,1,1.16667,0.9
0,425,0.899784,0.686604,1.812,0.333333,0.5,0.057554,1,0.166667,1
0,426,0.894877,0.675546,2.34506,0.5,0.333333,0.126984,1,0.5,0.1
0,426,-0.710685,1.2028,0.842382,0.125,1,0.09375,1,0.166667,0.2
0,426,-0.990181,0.531068,-1.13618,0.1,0.25,0.0746269,1,0.166667,0.3
0,426,-0.181947,0.176997,-0.0951127,0.2,0.166667,0.12069,1,0.5,0.4
0,426,-0.491581,-0.669332,-1.22493,0.166667,0.125,0.194444,1,0.5,0.5
1,426,0.491014,-2.32334,-0.723334,0.333333,0.1,0.136364,1,0.833333,0.6
0,426,0.152277,0.00198674,-0.0714044,0.25,0.142857,0.14,0,0,0.7
0,426,-0.619145,0.178459,-0.471549,0.142857,0.2,0.125,0,0,0.8
0,426,-0.965275,1.08252,0.0474694,0.111111,0.5,0.046875,0,0,0.9
1,426,2.42065,-0.856707,0.487607,1,0.111111,0.153846,1,0,1
0,427,-0.600934,-0.336962,-1.09924,0.125,0.142857,0.111111,1,1,0.1
0,427,-0.604978,0.556982,-0.543347,0.111111,0.25,0.0869565,0,0,0.2
0,427,-0.567082,-1.39572,-1.34278,0.142857,0.111111,0.0634921,1,1,0.3
1,427,0.0333063,0.941269,1.3172,0.333333,0.333333,0.0769231,1,1,0.4
0,427,0.522298,0.227063,1.05167,0.5,0.2,0.103448,1,1,0.5
1,427,2.80452,-1.10458,0.578245,1,0.125,0.0842105,0,0,0.6
0,427,-0.0770185,1.23254,1.32635,0.25,0.5,0.0555556,1,1,0.7
0,427,-0.330766,0.173665,-0.0652892,0.2,0.166667,0.0543478,1,1,0.8
0,427,-0.564114,-1.53959,-1.32095,0.166667,0.1,0.111111,1,1,0.9
0,427,-0.615229,1.24534,0.0981398,0.1,1,0.0833333,0,0,1
0,428,0.672508,0.126145,0.399605,0.25,0.2,0.0909091,0,0,0.1
0,428,0.461297,-0.230743,-0.482554,0.2,0.125,0.0853659,0,0.166667,0.2
0,428,-0.485449,0.0979258,-0.278568,0.166667,0.166667,0.0985915,0,0.166667,0.3
1,428,1.28126,-2.07903,-0.171344,0.5,0.1,0.230769,1,0,0.4
0,428,-1.1222,-0.17944,-1.12789,0.111111,0.142857,0.0983607,0,0,0.5
0,428,0.736567,0.884012,1.35213,0.333333,0.5,0.0686275,1,0.333333,0.6
0,428,-0.872175,0.35613,-0.0411709,0.142857,0.25,0.0882353,0,0.166667,0.7
0,428,-1.28272,0.562528,-0.417066,0.1,0.333333,0.0833333,0,0,0.8
0,428,-0.9321,-1.22393,-1.33855,0.125,0.111111,0.139535,1,0.166667,0.9
1,428,1.54302,1.6864,2.10541,1,1,0.135135,0,0,1
0,429,0.231772,-1.14479,-0.818699,0.2,0.1,0.163636,0,0,0.1
0,429,-1.08179,-1.13687,-1.42617,0.111111,0.111111,0.142857,0,0,0.2
0,429,-1.55727,-0.384843,-1.02547,0.1,0.166667,0.169811,1,0,0.3
0,429,-0.370966,-0.260344,-0.050685,0.166667,0.2,0.136364,1,0.333333,0.4
0,429,0.904371,1.09517,1.02966,0.25,0.5,0.140625,1,0.5,0.5
0,429,0.927187,1.66693,1.48421,0.333333,1,0.0769231,0,0,0.6
1,429,-1.07747,-0.782345,-0.85336,0.125,0.142857,0.219512,0,0,0.7
0,429,1.5213,0.993536,1.48421,1,0.333333,0.0526316,0,0,0.8
1,429,-0.431945,0.87199,-0.038051,0.142857,0.25,0.142857,1,0.5,0.9
0,429,0.934817,-0.918438,0.214353,0.5,0.125,0.166667,1,0.333333,1
0,430,-0.0902342,-0.122888,0.43779,0.2,0.25,0.046729,1,1.33333,0.1
0,430,-0.655361,-0.63022,-1.68417,0.125,0.1,0.0816327,1,1.33333,0.2
0,430,-0.700691,-0.53461,-1.45337,0.1,0.142857,0.0645161,1,1.33333,0.3
0,430,0.419295,-0.167323,0.967783,0.5,0.2,0.060241,1,1.33333,0.4
0,430,-0.651874,-0.607169,-1.23567,0.142857,0.111111,0.0888889,1,1.33333,0.5
0,430,0.0337652,-0.279029,0.453474,0.333333,0.166667,0.0617284,1,1.33333,0.6
0,430,-0.679093,0.131197,0.0299857,0.111111,0.5,0.0597015,1,1.33333,0.7
1,430,2.79506,-0.592452,0.53212,1,0.125,0.125,1,1.33333,0.8
0,430,-0.029162,-0.104111,0.951346,0.25,0.333333,0.0609756,1,1.33333,0.9
1,430,-0.441709,2.90661,1.00071,0.166667,1,0.0408163,0,0,1
0,431,-0.176383,-0.671477,-0.804017,0.2,0.125,0.104651,1,0.666667,0.1
0,431,-0.162595,-0.394891,-0.0685977,0.25,0.142857,0.103448,1,0.666667,0.2
0,431,-0.703681,0.874426,0.386433,0.125,0.5,0.078125,0,0,0.3
0,431,-0.548947,0.0406023,-0.825781,0.142857,0.166667,0.103093,1,0.333333,0.4
1,431,1.59971,-2.03848,-0.285488,0.5,0.1,0.157143,1,0.833333,0.5
0,431,-0.142508,0.703257,1.84346,0.333333,0.333333,0.145161,0,0,0.6
1,431,2.23395,-1.02165,0.468441,1,0.111111,0.115385,1,0.833333,0.7
0,431,-0.818121,0.301955,-1.14485,0.111111,0.2,0.06,0,0,0.8
0,431,-0.433717,1.55491,1.52191,0.166667,1,0.10101,0,0,0.9
0,431,-0.847705,0.651347,-1.09152,0.1,0.25,0.0842105,1,0.666667,1
1,432,-0.623346,-0.17628,-0.994529,0.125,0.142857,0.08,1,0,0.1
0,432,-0.181721,0.368618,0.935327,0.333333,0.25,0.0652174,0,0.333333,0.2
0,432,-0.224416,-1.02132,-0.491587,0.25,0.111111,0.0517241,0,0.166667,0.3
0,432,0.980896,-0.923798,0.249813,0.5,0.125,0.057971,0,0.166667,0.4
1,432,2.66605,0.83954,1.72974,1,0.333333,0.0645161,1,0,0.5
0,432,-0.69853,1.26128,-0.184556,0.1,0.5,0.0377358,0,0,0.6
0,432,-0.461081,-0.0110522,-0.533834,0.142857,0.166667,0.0337079,0,0,0.7
0,432,-0.440248,1.45608,0.983855,0.166667,1,0.038961,0,0.333333,0.8
0,432,-0.66042,-1.87456,-1.87614,0.111111,0.1,0.0392157,0,0,0.9
0,432,-0.357181,0.0814978,0.181909,0.2,0.2,0.0545455,0,0.333333,1
0,433,-0.482828,0.644435,0.39912,0.142857,0.333333,0.0697674,0,0.333333,0.1
0,433,0.72334,-2.53994,-0.845521,0.333333,0.1,0.0652174,1,0.5,0.2
0,433,-1.51253,0.751455,-0.347367,0.1,0.5,0.028169,0,0,0.3
0,433,1.87502,-0.582888,0.569975,1,0.111111,0.0731707,0,0,0.4
1,433,1.13945,-0.366924,0.470192,0.5,0.125,0.0746269,1,0,0.5
0,433,-0.494028,0.486193,-0.978287,0.125,0.2,0.0666667,0,0,0.6
1,433,0.168567,0.615175,0.810122,0.2,0.25,0.0508475,1,0.166667,0.7
0,433,0.296125,-0.279594,-0.0834662,0.25,0.142857,0.0454545,0,0.333333,0.8
0,433,-0.460143,1.1802,1.85179,0.166667,1,0.0645161,0,0,0.9
0,433,-1.25297,0.0918929,-1.84655,0.111111,0.166667,0.0416667,0,0,1
0,434,-0.472693,-0.00114469,0.356469,0.2,0.25,0.0652174,1,1.16667,0.1
0,434,-0.993024,-1.13526,-1.73107,0.1,0.1,0.142857,1,1.16667,0.2
0,434,-0.487507,0.524745,0.36924,0.166667,0.333333,0.0810811,1,1.16667,0.3
0,434,-0.592645,-0.390594,-0.82366,0.125,0.142857,0.0961538,0,0,0.4
0,434,-0.50729,-0.763592,-0.82366,0.142857,0.125,0.0961538,1,1,0.5
1,434,2.38177,2.15416,1.87814,1,1,0.121951,1,1,0.6
0,434,-0.385012,-0.321764,0.156892,0.25,0.166667,0.0882353,1,1.16667,0.7
1,434,-0.718263,-0.313287,-0.612942,0.111111,0.2,0.0657895,1,1.16667,0.8
0,434,1.01493,-1.06567,0.0244157,0.5,0.111111,0.114754,1,0.833333,0.9
0,434,0.759742,1.31241,1.20617,0.333333,0.5,0.0875,0,0,1
0,435,2.32902,0.56388,1.49425,1,0.2,0.0538922,1,1,0.1
0,435,-0.818301,-0.0821301,-1.19688,0.111111,0.166667,0.0886076,1,0.833333,0.2
0,435,0.271871,-1.29198,-0.599719,0.25,0.111111,0.24,1,0.833333,0.3
0,435,-0.72112,-0.500048,-1.21329,0.125,0.142857,0.112903,1,0.666667,0.4
0,435,-0.146662,0.706908,0.23111,0.166667,0.25,0.0727273,1,0.666667,0.5
1,435,-1.57301,0.934727,-0.225152,0.1,0.5,0.102564,1,0.5,0.6
0,435,0.0111196,-1.62351,-1.16401,0.2,0.1,0.227273,1,0.833333,0.7
0,435,0.703865,-0.996625,0.304763,0.5,0.125,0.135593,1,0.5,0.8
1,435,0.371043,0.885246,1.45386,0.333333,0.333333,0.189189,1,1,0.9
0,435,-0.42782,1.40353,0.915059,0.142857,1,0.0747664,1,0.833333,1
0,436,-0.267596,0.363593,0.139868,0.2,0.2,0.1875,0,0,0.1
0,436,-0.970585,-0.734301,-0.934092,0.111111,0.142857,0.0925926,1,0.666667,0.2
1,436,-1.25942,-0.273928,-0.918908,0.1,0.166667,0.0571429,1,0.666667,0.3
0,436,1.80016,0.817169,1.32998,1,0.333333,0.0744681,1,0.5,0.4
0,436,0.155374,1.06146,0.922662,0.25,0.5,0.0588235,0,0,0.5
1,436,0.89553,0.65619,0.719161,0.333333,0.25,0.0943396,1,0.5,0.6
0,436,1.44919,1.61175,1.53348,0.5,1,0.109375,0,0,0.7
0,436,-0.358588,-1.09842,-0.754337,0.166667,0.111111,0.146341,1,1,0.8
0,436,-0.545747,-0.79198,-0.764681,0.142857,0.125,0.0869565,1,1,0.9
0,436,-0.898308,-1.61153,-1.27313,0.125,0.1,0.128205,1,0.666667,1
0,437,-0.507696,1.11495,1.04415,0.166667,1,0.14433,1,0.166667,0.1
0,437,-0.265599,-0.174743,-0.310803,0.2,0.142857,0.178571,0,0,0.2
0,437,-0.685052,-0.583004,-1.76397,0.111111,0.111111,0.151899,1,0.166667,0.3
0,437,-0.656678,0.461469,-0.287879,0.125,0.25,0.142857,0,0,0.4
0,437,-0.633882,0.525283,0.225049,0.142857,0.333333,0.139785,0,0,0.5
0,437,-0.825622,0.208188,-1.26836,0.1,0.166667,0.119565,0,0,0.6
1,437,1.64612,0.905985,1.82654,0.5,0.5,0.218182,1,0,0.7
0,437,-0.184439,-0.200298,-0.287879,0.25,0.125,0.171053,0,0,0.8
0,437,-0.108036,0.36179,0.72891,0.333333,0.2,0.191781,0,0,0.9
1,437,2.22088,-2.61962,0.0942326,1,0.1,0.3125,0,0,1
1,438,-0.413738,-0.235576,-1.44135,0.142857,0.111111,0.128205,0,0,0.1
0,438,-0.348943,0.686418,1.45318,0.2,1,0.0804598,1,0,0.2
0,438,-0.593066,0.0950999,-1.96451,0.1,0.125,0.157895,0,0,0.3
0,438,0.0587438,0.154603,0.5656,0.5,0.142857,0.233333,0,0,0.4
0,438,-0.403377,0.218591,-0.355988,0.166667,0.166667,0.0470588,0,0,0.5
0,438,0.0215306,0.472765,1.1097,0.333333,0.25,0.0980392,0,0,0.6
0,438,-0.540873,0.48843,-0.0176262,0.125,0.333333,0.104478,1,0,0.7
0,438,-0.144449,0.389458,0.510663,0.25,0.2,0.115385,0,0,0.8
1,438,2.92574,-2.89599,0.105345,1,0.1,0.5,1,0,0.9
0,438,-0.561565,0.626197,0.034977,0.111111,0.5,0.0985915,0,0,1
0,439,-0.00704409,0.703179,0.745354,0.2,0.333333,0.111111,0,0,0.1
0,439,-0.958065,-1.0317,-1.32554,0.125,0.125,0.130435,0,0,0.2
1,439,0.455426,-0.348042,0.205586,0.25,0.166667,0.0631579,0,0.166667,0.3
0,439,-0.0208922,0.654986,0.205586,0.166667,0.25,0.106383,0,0,0.4
0,439,-1.22058,1.40088,0.0319934,0.111111,0.5,0.037037,0,0,0.5
1,439,1.84286,-0.677133,0.813998,1,0.142857,0.0542636,1,0,0.6
0,439,-0.718664,1.69911,0.813998,0.142857,1,0.047619,0,0,0.7
0,439,1.16831,-0.140567,1.03258,0.5,0.2,0.0675676,0,0,0.8
0,439,-1.2607,-1.19297,-2.26832,0.1,0.1,0.0285714,1,0,0.9
0,439,0.719348,-1.06774,-0.255234,0.333333,0.111111,0.0694444,0,0.166667,1
0,440,-0.0916621,0.0511635,-0.0705427,0.2,0.166667,0.113924,0,0,0.1
1,440,0.726752,0.326875,1.117,0.333333,0.25,0.163636,1,0.666667,0.2
0,440,1.48683,0.573276,1.73927,0.5,0.333333,0.142857,1,0.666667,0.3
0,440,0.154052,0.11647,0.514019,0.25,0.2,0.191489,1,0.666667,0.4
0,440,1.76623,-1.28815,0.361646,1,0.111111,0.121622,1,0.666667,0.5
1,440,-1.37067,1.23919,-0.220403,0.1,0.5,0.0714286,1,0,0.6
0,440,-0.84223,-0.4006,-1.1877,0.125,0.142857,0.163265,0,0,0.7
0,440,-0.926992,1.69544,0.361646,0.111111,1,0.0930233,1,0.666667,0.8
0,440,-0.0940878,-0.590318,-0.908503,0.166667,0.125,0.115385,0,0,0.9
0,440,-0.808221,-1.72335,-1.70643,0.142857,0.1,0.150943,0,0,1
1,441,2.80305,-2.30598,0.147096,1,0.1,0.341463,1,0,0.1
0,441,-0.735527,0.710692,0.0488394,0.111111,0.5,0.0895522,1,0.833333,0.2
0,441,0.313287,-0.357972,0.413853,0.5,0.125,0.16129,0,0.166667,0.3
0,441,-0.889565,0.0288826,-1.58067,0.1,0.2,0.0632911,1,0.833333,0.4
0,441,-0.0825653,-0.242238,0.313836,0.25,0.166667,0.109589,0,0.166667,0.5
1,441,-0.100151,1.79436,2.02912,0.2,1,0.107143,1,0,0.6
0,441,-0.281786,-0.373533,-1.6253,0.166667,0.111111,0.12069,1,0.833333,0.7
0,441,0.0667818,-0.269547,0.351298,0.333333,0.142857,0.136364,1,0.833333,0.8
0,441,-0.463623,0.653173,0.351298,0.142857,0.333333,0.114286,1,0.833333,0.9
0,441,-0.629902,0.36217,-0.449375,0.125,0.25,0.12069,1,0.833333,1
0,442,-0.158995,0.817245,1.85302,0.2,0.5,0.0705882,0,0,0.1
0,442,-0.58071,1.45853,1.46076,0.142857,1,0.0819672,0,0,0.2
0,442,0.316635,-0.638283,-0.086363,0.25,0.142857,0.113208,1,0.166667,0.3
0,442,-0.467403,-0.39599,-0.584343,0.166667,0.166667,0.0943396,0,0,0.4
0,442,-0.620824,0.736132,-1.01224,0.125,0.2,0.113636,0,0,0.5
0,442,-0.988275,0.789091,-0.957364,0.111111,0.25,0.0735294,0,0,0.6
1,442,2.52752,-0.828507,1.01885,1,0.125,0.151515,0,0,0.7
0,442,-1.01497,0.790719,-0.874866,0.1,0.333333,0.0657895,0,0,0.8
1,442,0.653205,-1.83395,-0.359423,0.5,0.1,0.1875,1,0.333333,0.9
0,442,0.333816,-0.894987,-0.458029,0.333333,0.111111,0.115385,1,0.166667,1
0,443,-0.00942922,0.0711286,0.383068,0.2,0.2,0.0941176,1,0,0.1
0,443,-0.796348,1.49574,0.637701,0.111111,1,0.0588235,1,0.166667,0.2
0,443,-1.80589,1.07944,-0.945988,0.1,0.333333,0.108108,0,0,0.3
0,443,-0.434584,-0.139951,-1.61647,0.142857,0.142857,0.0645161,0,0,0.4
1,443,1.74901,-1.41754,0.186978,1,0.1,0.15,1,0,0.5
0,443,-0.41749,-0.135108,-0.631848,0.166667,0.166667,0.0967742,0,0,0.6
0,443,-0.599126,1.23926,0.526061,0.125,0.5,0.0714286,0,0,0.7
1,443,1.37032,-1.14681,0.526061,0.5,0.125,0.219512,0,0,0.8
0,443,0.457162,-1.28042,-1.03519,0.25,0.111111,0.0882353,0,0,0.9
0,443,0.48638,0.234268,1.96963,0.333333,0.25,0.155556,1,0.166667,1
0,444,-0.502682,-0.325033,-0.848914,0.142857,0.142857,0.0547945,0,0,0.1
0,444,-0.270196,-0.0901552,-0.331825,0.166667,0.166667,0.0705882,1,0.166667,0.2
0,444,-1.03909,1.07874,-0.496801,0.1,0.333333,0.0697674,0,0,0.3
1,444,-0.168803,1.18165,1.05225,0.2,0.5,0.0735294,0,0,0.4
1,444,2.6454,-1.45136,0.334899,1,0.111111,0.114943,1,0.333333,0.5
0,444,-0.04423,0.0590959,0.759554,0.333333,0.2,0.0571429,1,0.333333,0.6
0,444,0.805904,-0.799321,0.276269,0.5,0.125,0.0833333,0,0,0.7
0,444,-0.100369,1.22661,1.62938,0.25,1,0.0387597,0,0,0.8
0,444,-0.780025,-1.59887,-2.07483,0.111111,0.1,0.0677966,1,0.333333,0.9
0,444,-0.545905,0.718647,-0.299982,0.125,0.25,0.0666667,1,0.166667,1
0,445,2.06163,-0.629332,1.30815,1,0.142857,0.264706,0,0,0.1
0,445,-0.543741,-1.24924,-1.71104,0.166667,0.111111,0.130435,1,0.166667,0.2
1,445,1.1379,-0.813393,0.435685,0.5,0.125,0.09375,1,0.333333,0.3
1,445,0.128906,0.87927,1.63125,0.25,0.333333,0.162162,1,0.166667,0.4
0,445,-0.254987,-0.491199,-0.10302,0.2,0.166667,0.114754,1,0,0.5
0,445,-0.937009,0.176875,-1.29076,0.111111,0.2,0.114754,0,0,0.6
0,445,-0.657224,0.74695,-0.0773407,0.142857,0.25,0.0769231,1,0.333333,0.7
0,445,-1.19338,1.64738,0.154855,0.1,1,0.0472441,0,0,0.8
0,445,0.938343,-1.36422,-0.783469,0.333333,0.1,0.222222,0,0,0.9
0,445,-0.680443,1.0969,0.435685,0.125,0.5,0.0631579,1,0.333333,1
0,446,-0.21109,-1.53516,-0.901438,0.2,0.1,0.314286,1,0.333333,0.1
0,446,-0.207951,0.480634,0.641432,0.25,0.25,0.120879,0,0,0.2
0,446,0.769072,-0.774919,-0.0140359,0.333333,0.125,0.151163,1,0.166667,0.3
1,446,1.80148,1.98466,2.14251,1,1,0.0701754,0,0,0.4
1,446,1.61367,-0.3737,0.671267,0.5,0.166667,0.202899,0,0,0.5
0,446,-1.255,0.488698,-0.424416,0.1,0.333333,0.132353,0,0,0.6
0,446,-1.02908,-0.969838,-1.57031,0.111111,0.111111,0.227273,0,0,0.7
0,446,-0.696002,-0.40551,-0.939602,0.125,0.142857,0.13253,0,0.166667,0.8
0,446,-0.242829,-0.0714213,-0.0558073,0.166667,0.2,0.174603,0,0,0.9
0,446,-0.542269,1.17656,0.450394,0.142857,0.5,0.13253,0,0,1
0,447,-0.26528,0.190599,-0.0343735,0.333333,0.125,0.146341,0,0,0.1
0,447,-0.387521,0.300367,0.995866,0.25,0.2,0.0724638,0,0,0.2
0,447,-0.637952,0.735022,-0.427011,0.1,0.5,0.0535714,1,0.5,0.3
0,447,-0.435767,0.28702,-0.677583,0.2,0.142857,0.0769231,0,0,0.4
0,447,-0.480561,0.578015,1.03154,0.166667,0.333333,0.0930233,1,0.5,0.5
0,447,-0.631975,0.292857,-2.26993,0.111111,0.166667,0.0526316,1,0.5,0.6
0,447,-0.583034,0.936786,1.21044,0.125,1,0.0701754,1,0.5,0.7
1,447,2.04455,-1.78815,0.700657,1,0.111111,0.25,1,0.166667,0.8
0,447,-0.552868,0.571949,-0.102603,0.142857,0.25,0.0833333,0,0,0.9
1,447,1.9304,-2.10447,-0.427011,0.5,0.1,0.26,1,0.166667,1
0,448,0.369713,1.16501,1.50581,0.333333,1,0.121212,0,0,0.1
0,448,-0.140426,0.77733,0.374696,0.2,0.25,0.1875,1,0.833333,0.2
1,448,2.59147,0.78951,1.50581,1,0.333333,0.0851064,1,0,0.3
0,448,-0.861831,-0.315382,-1.25512,0.111111,0.125,0.0851064,1,0.5,0.4
0,448,-0.640958,0.223379,-0.662256,0.125,0.166667,0.12,1,0.833333,0.5
0,448,-0.416263,-1.9658,-1.04039,0.166667,0.1,0.0891089,1,0.666667,0.6
1,448,-0.978791,0.271938,-0.830609,0.1,0.2,0.0879121,0,0,0.7
0,448,-0.584182,-0.129722,-0.668241,0.142857,0.142857,0.0733945,0,0,0.8
0,448,-0.0455843,0.812023,1.04464,0.25,0.5,0.266667,1,0.666667,0.9
0,448,0.706854,-1.62828,0.0256641,0.5,0.111111,0.147541,1,0.833333,1
0,449,0.490067,-0.0905271,0.598572,0.333333,0.166667,0.123967,0,0.166667,0.1
1,449,0.632475,0.274414,1.61109,0.5,0.25,0.20339,0,0,0.2
0,449,-1.11489,0.941548,-0.60312,0.1,0.333333,0.0860215,0,0,0.3
1,449,2.54128,-2.04064,0.119208,1,0.1,0.413043,0,0.166667,0.4
0,449,-0.503332,1.11666,0.95391,0.166667,0.5,0.148649,1,0,0.5
0,449,-0.437728,0.190986,0.244227,0.2,0.2,0.130435,0,0,0.6
0,449,-0.568424,-0.926297,-1.93569,0.125,0.111111,0.227273,1,0.166667,0.7
0,449,-0.745302,1.45237,0.406569,0.111111,1,0.0980392,0,0.166667,0.8
0,449,-0.529134,-0.770028,-1.33523,0.142857,0.125,0.129032,1,0.166667,0.9
0,449,0.234983,-0.148484,-0.0595374,0.25,0.142857,0.178082,1,0.166667,1
0,450,-0.435094,-1.11507,-0.667218,0.25,0.111111,0.0943396,1,0,0.1
0,450,-0.602638,0.859626,-0.0201642,0.125,0.333333,0.046729,1,0,0.2
0,450,-0.513803,-0.607455,-0.724559,0.166667,0.142857,0.0413223,0,0,0.3
0,450,-0.438343,1.63017,1.66243,0.2,1,0.119048,0,0,0.4
0,450,-0.768682,0.42023,-1.29502,0.1,0.2,0.0298507,0,0,0.5
0,450,1.06298,-1.67709,-0.250493,0.5,0.1,0.0581395,1,0.166667,0.6
0,450,-0.734039,0.983443,0.0400135,0.111111,0.5,0.0384615,0,0,0.7
0,450,-0.547874,-0.123203,-0.724559,0.142857,0.166667,0.0352113,0,0,0.8
1,450,2.48847,0.504225,1.99973,1,0.25,0.0789474,1,0.333333,0.9
1,450,0.489029,-0.874875,-0.0201642,0.333333,0.125,0.162162,1,0.166667,1
1,451,0.21741,-1.51874,-0.426173,0.333333,0.1,0.122222,1,1.33333,0.1
0,451,-0.424784,-1.269,-1.15252,0.142857,0.111111,0.163636,1,1.33333,0.2
0,451,-0.321044,0.248491,0.651572,0.2,0.333333,0.0645161,1,1.33333,0.3
0,451,0.490648,-0.246468,0.674047,0.5,0.166667,0.0917431,1,1.33333,0.4
1,451,2.76866,0.17059,1.39774,1,0.25,0.1875,1,0,0.5
0,451,-0.695672,-0.31652,-1.15876,0.125,0.125,0.119403,1,1.33333,0.6
0,451,-0.16324,1.11625,1.13842,0.25,0.5,0.136364,1,1.33333,0.7
0,451,-0.386955,2.12119,0.933367,0.166667,1,0.0873786,1,1.33333,0.8
0,451,-0.740223,-0.292623,-1.15252,0.111111,0.142857,0.145455,1,1.33333,0.9
0,451,-0.744802,-0.0131681,-0.905171,0.1,0.2,0.148148,1,1.33333,1
0,452,-1.15493,0.388492,-0.510161,0.111111,0.25,0.0892857,1,0,0.1
0,452,-0.578246,0.0242541,-0.554004,0.142857,0.166667,0.139535,0,0,0.2
0,452,-0.351123,-1.76121,-0.990185,0.2,0.1,0.129032,0,0,0.3
0,452,-0.632403,-0.95489,-1.26759,0.125,0.125,0.109091,0,0,0.4
0,452,-1.17205,0.324922,-0.990185,0.1,0.2,0.0961538,0,0,0.5
1,452,2.11986,0.604592,1.7951,1,0.333333,0.136842,0,0,0.6
0,452,0.285362,1.29363,1.24534,0.25,0.5,0.0943396,0,0,0.7
0,452,0.837597,-0.188175,0.220065,0.333333,0.142857,0.101266,1,0,0.8
0,452,-0.366029,1.47934,1.02103,0.166667,1,0.0840336,0,0,0.9
1,452,1.01197,-1.21094,0.0305947,0.5,0.111111,0.2,0,0,1
0,453,-0.144979,-0.3883,-0.036392,0.25,0.142857,0.0582524,0,0,0.1
0,453,-0.578453,-0.12877,-0.438087,0.142857,0.166667,0.0394737,1,0.5,0.2
0,453,1.34016,-0.956046,0.205007,0.5,0.125,0.0945946,0,0,0.3
1,453,-0.996619,-0.0528665,-0.607356,0.111111,0.2,0.0980392,1,0.5,0.4
1,453,2.15416,1.79263,1.86102,1,1,0.192308,0,0,0.5
0,453,-1.11257,-1.49318,-1.71529,0.1,0.1,0.0568182,0,0.166667,0.6
0,453,-0.786982,-1.11043,-1.18318,0.125,0.111111,0.047619,1,0.666667,0.7
0,453,-0.164083,1.24301,0.780831,0.2,0.5,0.113636,0,0,0.8
0,453,0.524648,0.76629,0.977981,0.333333,0.333333,0.0777778,0,0,0.9
0,453,-0.235277,0.327663,0.155463,0.166667,0.25,0.0821918,1,0.5,1
0,454,-1.05787,0.35712,-1.16301,0.111111,0.25,0.05,1,0.333333,0.1
1,454,1.30891,-0.226924,1.12784,0.5,0.142857,0.09375,1,0,0.2
0,454,-0.525643,0.295408,-1.26296,0.142857,0.166667,0.060241,0,0,0.3
0,454,0.615371,-1.14074,-1.16301,0.25,0.111111,0.0735294,0,0,0.4
0,454,-1.16245,0.548255,-0.436628,0.1,0.5,0.0535714,0,0,0.5
0,454,-0.507039,0.32908,-0.139748,0.166667,0.2,0.0512821,0,0,0.6
1,454,1.58161,-2.0395,0.210064,1,0.1,0.28,1,0.333333,0.7
0,454,-0.306802,0.410306,1.62489,0.2,0.333333,0.0549451,0,0,0.8
0,454,1.10102,-0.410963,-0.0351477,0.333333,0.125,0.078125,0,0,0.9
0,454,-1.0471,1.87796,1.23771,0.125,1,0.0645161,1,0.333333,1
0,455,0.4585,-0.956902,-0.639351,0.25,0.125,0.150943,1,0.5,0.1
0,455,-0.91436,0.79563,-0.639351,0.125,0.25,0.111111,0,0,0.2
0,455,-1.47069,0.889301,-1.05883,0.1,0.333333,0.0693069,0,0.166667,0.3
0,455,-0.379227,0.523429,-0.139228,0.166667,0.2,0.113924,0,0.166667,0.4
0,455,0.102974,-0.75058,-0.690262,0.2,0.142857,0.122807,1,0.5,0.5
0,455,1.05334,-1.33172,-1.05883,0.333333,0.1,0.285714,1,0.5,0.6
1,455,1.39452,-0.502654,1.67467,0.5,0.166667,0.131579,1,0.166667,0.7
0,455,-1.11261,1.18573,0.0694865,0.111111,0.5,0.0892857,0,0,0.8
1,455,1.42573,-1.22613,0.713769,1,0.111111,0.195122,1,0.666667,0.9
0,455,-0.558176,1.3739,1.76792,0.142857,1,0.115942,0,0,1
1,456,-0.177221,-0.174014,-0.170571,0.2,0.166667,0.0363636,1,0,0.1
0,456,-0.363439,-0.778058,-1.54151,0.166667,0.142857,0.0677966,1,0.333333,0.2
0,456,-0.37022,0.935195,0.61233,0.142857,0.333333,0.0537634,0,0,0.3
0,456,2.90665,-1.68067,0.256395,1,0.1,0.0675676,0,0,0.4
1,456,0.130656,-0.981687,0.0851295,0.5,0.111111,0.119048,1,0.333333,0.5
0,456,-0.692552,1.61053,0.874454,0.111111,1,0.0689655,0,0.166667,0.6
0,456,-0.732535,0.985709,-0.53293,0.1,0.5,0.0597015,0,0.166667,0.7
0,456,-0.135544,-0.837425,-0.0428998,0.333333,0.125,0.0310559,0,0,0.8
0,456,-0.42271,0.385677,-1.50089,0.125,0.2,0.0379747,1,0.333333,0.9
0,456,-0.143084,0.534736,1.96049,0.25,0.25,0.0555556,0,0,1
0,457,-0.977502,1.1147,0.0342127,0.111111,0.5,0.0625,1,0,0.1
0,457,0.139827,-0.674044,-0.603191,0.2,0.125,0.084507,0,0,0.2
1,457,0.349841,-0.441702,0.219847,0.25,0.166667,0.104167,0,0,0.3
0,457,0.398855,-1.59946,-0.521331,0.333333,0.1,0.0810811,0,0.166667,0.4
0,457,0.0930407,-0.804794,-1.13855,0.166667,0.111111,0.0594059,0,0.166667,0.5
0,457,-0.966036,0.542028,-0.017241,0.125,0.333333,0.056338,0,0.166667,0.6
1,457,2.38636,2.04852,2.63175,1,1,0.0816327,0,0.166667,0.7
0,457,-1.02914,0.311861,-0.818884,0.1,0.25,0.0615385,0,0,0.8
0,457,0.498656,-0.557601,0.553241,0.5,0.142857,0.0757576,0,0,0.9
0,457,-0.893908,0.0604907,-0.339861,0.142857,0.2,0.05,0,0,1
0,458,1.39569,-2.52377,-0.53148,0.5,0.1,0.0980392,1,1,0.1
0,458,-0.7748,0.870474,0.872076,0.111111,1,0.0615385,1,1,0.2
0,458,-0.775831,0.780901,-0.53148,0.1,0.5,0.0727273,1,1,0.3
0,458,-0.749487,0.594026,-0.170107,0.166667,0.2,0.0833333,1,1,0.4
0,458,0.0606286,0.340989,0.545544,0.25,0.166667,0.0746269,1,1,0.5
0,458,-0.751703,0.644847,-0.781153,0.125,0.25,0.0833333,1,1,0.6
0,458,-0.750094,0.763561,0.610664,0.142857,0.333333,0.0851064,1,1,0.7
1,458,0.457401,-0.665338,-0.67729,0.333333,0.111111,0.178571,1,0,0.8
0,458,-0.313849,-0.520786,-1.4968,0.2,0.125,0.057971,0,0,0.9
1,458,2.20204,-0.284906,2.16003,1,0.142857,0.043956,1,0,1
0,459,-1.8956,-1.65462,-1.86799,0.1,0.1,0.0879121,1,1,0.1
0,459,0.430048,0.1395,0.169302,0.166667,0.25,0.164179,1,1,0.2
0,459,-1.02075,0.0586571,-0.661424,0.111111,0.2,0.173913,0,0.5,0.3
0,459,0.573904,-1.09745,-0.661424,0.2,0.111111,0.22449,1,1.16667,0.4
1,459,0.894625,1.81266,1.7824,0.5,1,0.121212,1,1,0.5
0,459,0.59159,-0.630022,-0.242421,0.25,0.125,0.23913,1,0.333333,0.6
0,459,-0.966423,0.738727,-0.0132772,0.125,0.333333,0.108911,1,1,0.7
0,459,-0.705281,-0.211862,-0.477087,0.142857,0.166667,0.107843,1,1.16667,0.8
0,459,0.86436,1.2604,1.30158,0.333333,0.5,0.112903,1,0.333333,0.9
1,459,1.23353,-0.415985,0.670337,1,0.142857,0.193548,1,1.5,1
0,460,-0.381182,1.05381,2.00204,0.333333,0.5,0.097561,0,0,0.1
0,460,-0.409375,0.95038,0.291499,0.142857,0.333333,0.0625,0,0.166667,0.2
1,460,2.69599,-1.0981,0.416283,1,0.111111,0.137931,1,0,0.3
0,460,0.9575,-2.24668,-0.253701,0.5,0.1,0.0961538,0,0,0.4
1,460,-0.811514,-0.0324743,-1.3116,0.1,0.2,0.0909091,1,0,0.5
0,460,-0.386871,-0.0429748,0.260414,0.25,0.166667,0.0714286,0,0.166667,0.6
0,460,-0.422316,-0.20995,-1.67905,0.125,0.125,0.0666667,0,0.166667,0.7
0,460,-0.398503,0.737437,0.591676,0.2,0.25,0.057971,1,0,0.8
0,460,-0.404604,-0.166989,-0.733836,0.166667,0.142857,0.0714286,0,0.166667,0.9
0,460,-0.43913,1.05554,0.416283,0.111111,1,0.0571429,0,0,1
0,461,-0.442191,-0.0265799,-1.14834,0.125,0.125,0.139241,1,1.33333,0.1
0,461,-0.024337,0.820685,1.36924,0.333333,0.5,0.13,1,1.33333,0.2
0,461,-0.438743,0.0262772,-0.501886,0.142857,0.166667,0.152778,1,1.33333,0.3
0,461,-0.434265,-0.0659509,-0.922362,0.166667,0.111111,0.152778,1,1.33333,0.4
1,461,2.92643,-2.73136,0.0834771,1,0.1,0.261905,0,0,0.5
0,461,-0.430879,0.0914698,0.40466,0.25,0.2,0.152778,1,1.33333,0.6
0,461,-0.486139,-0.00853764,-1.34338,0.1,0.142857,0.131579,1,1.33333,0.7
1,461,0.214147,1.25144,1.87505,0.5,1,0.158537,1,1.33333,0.8
0,461,-0.452703,0.520568,-0.221114,0.111111,0.333333,0.134146,1,1.33333,0.9
0,461,-0.431316,0.121985,0.40466,0.2,0.25,0.152778,1,1.33333,1
0,462,-0.705624,1.15525,0.721288,0.125,0.5,0.0806452,0,0,0.1
0,462,-0.581843,0.423019,0.612262,0.142857,0.333333,0.0925926,0,0,0.2
0,462,1.68767,-1.19557,0.0851202,0.5,0.111111,0.0895522,0,0.166667,0.3
1,462,-0.760101,0.402579,-1.41936,0.111111,0.25,0.0540541,0,0.166667,0.4
0,462,-0.94343,1.72392,0.256367,0.1,1,0.0769231,0,0.166667,0.5
1,462,0.643781,0.328646,1.98305,0.333333,0.2,0.0649351,0,0.166667,0.6
0,462,1.95232,-1.79584,0.256367,1,0.1,0.179487,0,0,0.7
0,462,-0.495729,-0.731099,-1.50072,0.2,0.125,0.0543478,0,0,0.8
0,462,-0.569007,-0.0954606,-0.866333,0.166667,0.166667,0.138889,0,0,0.9
0,462,-0.228032,-0.215431,-0.12804,0.25,0.142857,0.109091,0,0,1
0,463,-0.593998,-1.8092,-1.35837,0.166667,0.1,0.111111,1,0.666667,0.1
0,463,-0.125791,0.340322,0.215318,0.25,0.166667,0.104167,1,0.833333,0.2
0,463,-0.681013,-0.776167,-1.38829,0.125,0.125,0.0740741,0,0,0.3
0,463,1.02689,0.451687,1.36392,0.5,0.25,0.0537634,1,0.666667,0.4
1,463,2.57483,-1.06319,0.344196,1,0.111111,0.117647,1,0,0.5
1,463,0.0268413,1.52426,1.96604,0.333333,1,0.0722892,1,0.666667,0.6
0,463,-0.671158,0.36967,-0.332861,0.142857,0.2,0.0615385,0,0,0.7
0,463,-0.698206,0.595484,-0.267317,0.111111,0.333333,0.0677966,0,0.166667,0.8
0,463,-0.132351,-0.763047,-0.332861,0.2,0.142857,0.0943396,0,0,0.9
0,463,-0.726044,1.13018,-0.209768,0.1,0.5,0.0454545,1,0.666667,1
0,464,-0.895298,1.40176,0.391365,0.111111,1,0.0746269,0,0,0.1
0,464,-0.458007,0.549164,0.576187,0.166667,0.333333,0.0673077,1,0,0.2
0,464,1.39846,0.357095,1.22967,0.5,0.2,0.114754,1,0,0.3
0,464,-0.954038,1.3471,-0.238514,0.1,0.5,0.0606061,0,0,0.4
0,464,-0.653169,-1.47975,-2.13991,0.125,0.1,0.0268817,1,0.166667,0.5
0,464,-0.376581,0.407329,0.556259,0.2,0.25,0.142857,0,0,0.6
0,464,-0.649111,-1.29377,-1.57005,0.142857,0.111111,0.0531915,0,0,0.7
0,464,-0.341841,0.266097,0.244826,0.25,0.166667,0.148936,0,0,0.8
1,464,2.06684,-1.26843,0.676115,1,0.125,0.204545,1,0,0.9
1,464,0.862748,-0.286596,0.27405,0.333333,0.142857,0.102273,1,0.166667,1
0,465,-0.480354,-0.0946655,-0.466611,0.142857,0.166667,0.0526316,0,0.166667,0.1
0,465,-0.0231216,1.26053,0.831672,0.2,0.5,0.05,0,0,0.2
0,465,-1.12738,-1.19562,-1.63989,0.1,0.111111,0.0555556,1,0.333333,0.3
0,465,-0.445283,-1.17242,-0.664947,0.166667,0.125,0.0606061,1,0.333333,0.4
0,465,-1.11868,0.614747,-0.429685,0.111111,0.25,0.0909091,0,0,0.5
0,465,0.154898,-1.51851,-0.616769,0.25,0.1,0.0892857,0,0,0.6
1,465,-0.674552,0.448168,-0.454314,0.125,0.2,0.0634921,1,0.333333,0.7
1,465,2.29392,1.36208,1.98219,1,1,0.0657895,0,0,0.8
0,465,1.09626,-0.490283,0.416692,0.5,0.142857,0.0909091,1,0,0.9
0,465,0.3243,0.785968,1.04166,0.333333,0.333333,0.0833333,0,0.166667,1
1,466,3,-2.29134,0.0895534,1,0.1,0.04,0,0,0.1
1,466,-0.333333,-1.66985,0.029734,0.5,0.111111,0,1,0,0.2
0,466,-0.333333,0.495148,1.7446,0.333333,1,0,0,0,0.3
0,466,-0.333333,0.495148,1.2103,0.25,0.5,0,0,0,0.4
0,466,-0.333333,0.495148,0.692715,0.2,0.333333,0,0,0,0.5
0,466,-0.333333,0.495148,0.191067,0.166667,0.25,0,0,0,0.6
0,466,-0.333333,0.495148,-0.29537,0.142857,0.2,0,0,0,0.7
0,466,-0.333333,0.495148,-0.767276,0.125,0.166667,0,0,0,0.8
0,466,-0.333333,0.495148,-1.22529,0.111111,0.142857,0,0,0,0.9
0,466,-0.333333,0.495148,-1.67003,0.1,0.125,0,0,0,1
0,467,-0.122879,-0.450847,-0.456032,0.2,0.125,0.0892857,1,1.5,0.1
0,467,-1.14788,-0.986194,-1.64609,0.1,0.111111,0.0625,1,1.5,0.2
0,467,-0.00105423,-1.68978,-0.619102,0.25,0.1,0.101695,1,1.5,0.3
0,467,0.151311,2.24967,1.51765,0.333333,1,0.0434783,1,1.5,0.4
0,467,-0.591071,-0.314564,-0.872582,0.125,0.142857,0.0694444,1,1.5,0.5
0,467,-0.148449,0.0596686,-0.0518267,0.166667,0.2,0.0714286,1,1.5,0.6
1,467,0.352028,0.166798,1.05286,0.5,0.25,0.0568182,1,1.5,0.7
0,467,-0.709303,0.609089,0.0258659,0.111111,0.5,0.0735294,1,1.5,0.8
1,467,2.7192,0.592224,1.51765,1,0.333333,0.131579,1,1.5,0.9
0,467,-0.501904,-0.236075,-0.468376,0.142857,0.166667,0.0735294,1,1.5,1
0,468,-0.741436,0.519596,-0.410142,0.125,0.25,0.105263,0,0,0.1
0,468,1.43247,-1.52154,0.457881,1,0.111111,0.169811,0,0.5,0.2
0,468,-1.18273,0.144634,-1.4834,0.111111,0.166667,0.115385,1,0,0.3
0,468,-0.583364,1.02081,0.720812,0.142857,0.5,0.106061,1,0.166667,0.4
0,468,-0.466829,-0.230577,-0.807165,0.166667,0.142857,0.122807,0,0.333333,0.5
0,468,-0.424624,1.40196,1.85197,0.2,1,0.132075,1,0.166667,0.6
1,468,1.36054,-0.889197,0.377721,0.5,0.125,0.195652,0,0.333333,0.7
1,468,0.800127,-1.59313,-1.06691,0.25,0.1,0.09375,1,0,0.8
0,468,1.07569,0.157638,1.03848,0.333333,0.2,0.142857,0,0,0.9
0,468,-1.26984,0.989802,-0.679236,0.1,0.333333,0.0704225,1,0.166667,1
0,469,0.333827,0.892798,1.57427,0.333333,0.5,0.127273,0,0,0.1
0,469,-0.12853,-1.41734,-0.531373,0.25,0.111111,0.21875,1,0.5,0.2
0,469,-0.193209,0.165484,-0.0638503,0.2,0.166667,0.0945946,1,0.666667,0.3
0,469,-0.974496,0.860725,-0.254223,0.111111,0.333333,0.122449,1,0.5,0.4
0,469,-1.00702,0.761527,-0.762733,0.1,0.25,0.130435,0,0,0.5
0,469,-0.90402,-0.112123,-1.07502,0.125,0.142857,0.139535,1,0.5,0.6
1,469,2.27152,-2.04067,0.095977,1,0.1,0.183333,0,0,0.7
0,469,1.28346,1.10669,2.15583,0.5,1,0.101266,1,0.166667,0.8
1,469,-0.255867,-0.567172,-0.822312,0.166667,0.125,0.114754,0,0,0.9
0,469,-0.425664,0.350076,-0.316557,0.142857,0.2,0.108108,0,0,1
0,470,-0.813674,-1.19271,-1.62922,0.1,0.111111,0.0769231,0,0,0.1
0,470,-0.552978,-0.972411,-1.06068,0.125,0.125,0.102564,0,0,0.2
1,470,0.11669,0.794912,1.49455,0.5,0.5,0.121212,1,0,0.3
1,470,2.8525,-1.68501,0.077105,1,0.1,0.189189,1,0,0.4
0,470,0.0421638,0.663941,0.812227,0.25,0.333333,0.0833333,0,0,0.5
0,470,-0.504398,-0.0239385,-0.260559,0.166667,0.166667,0.0727273,0,0,0.6
0,470,-0.0854586,0.629969,0.37377,0.2,0.25,0.060241,0,0,0.7
0,470,-0.56093,0.0831697,-0.642691,0.111111,0.2,0.0909091,0,0,0.8
0,470,-0.548348,-0.115146,-0.666592,0.142857,0.142857,0.1,0,0,0.9
0,470,0.0544362,1.81722,1.50209,0.333333,1,0.0547945,0,0,1
0,471,-0.470038,0.193833,-1.04982,0.142857,0.142857,0.0795455,0,0,0.1
1,471,0.40269,-0.51291,0.341651,0.5,0.125,0.153846,0,0,0.2
0,471,-0.41423,0.828295,1.30128,0.2,0.5,0.0654206,0,0,0.3
0,471,-0.446703,0.441191,0.259083,0.166667,0.25,0.0714286,0,0,0.4
0,471,-0.518713,-0.854365,-2.27314,0.111111,0.111111,0.0769231,0,0,0.5
0,471,-0.362768,0.31533,0.259083,0.25,0.166667,0.0853659,0,0,0.6
0,471,-0.73127,0.460822,-0.614374,0.1,0.333333,0.0684932,0,0,0.7
0,471,-0.498546,1.21436,0.715488,0.125,1,0.0608696,0,0,0.8
1,471,2.83171,-2.47948,0.121433,1,0.1,0.20339,1,0,0.9
0,471,0.207865,0.392932,0.93931,0.333333,0.2,0.0761905,0,0,1
0,472,-0.197904,0.860109,2.66942,0.25,0.333333,0.0727273,0,0.5,0.1
0,472,-0.445461,-0.158141,-0.835808,0.2,0.142857,0.0833333,0,0.5,0.2
1,472,-0.893328,1.34504,0.0841382,0.111111,0.5,0.0555556,1,0,0.3
1,472,1.41965,-0.935188,0.0841382,0.5,0.111111,0.107143,1,0.166667,0.4
0,472,-0.467394,-0.0809838,-0.856338,0.166667,0.166667,0.0674157,0,0,0.5
0,472,-1.02503,1.58187,0.253409,0.1,1,0.0540541,0,0.5,0.6
0,472,-0.826824,0.159494,-0.774162,0.125,0.25,0.0816327,0,0,0.7
0,472,-0.480154,-0.0797171,-0.835808,0.142857,0.2,0.1,0,0.5,0.8
0,472,0.951857,-0.906863,-0.0424003,0.333333,0.125,0.0480769,1,0.166667,0.9
0,472,1.96459,-1.78562,0.253409,1,0.1,0.0869565,0,0,1
0,473,-1.13572,1.37583,0.184976,0.1,1,0.043956,1,0.5,0.1
0,473,-0.136639,-0.301264,-0.610099,0.2,0.142857,0.192308,1,0.666667,0.2
0,473,0.487391,-0.0882596,0.928806,0.333333,0.166667,0.0606061,0,0,0.3
0,473,-0.140057,0.106239,-0.123059,0.166667,0.2,0.185185,1,0.666667,0.4
0,473,-0.481517,-0.746429,-2.53089,0.142857,0.111111,0.116279,0,0,0.5
0,473,-0.118076,0.4454,1.4144,0.25,0.25,0.172414,0,0.333333,0.6
0,473,-0.527776,0.756286,-0.0309501,0.125,0.333333,0.0684932,0,0,0.7
0,473,-1.02925,1.08752,0.0614167,0.111111,0.5,0.105263,1,0.5,0.8
1,473,2.56608,-2.3213,0.184976,1,0.1,0.105263,1,0.166667,0.9
1,473,0.515563,-0.314024,0.52043,0.5,0.125,0.1,1,0.166667,1
1,474,1.04293,-0.459345,0.75767,0.5,0.125,0.103448,0,0.333333,0.1
0,474,-0.0614263,-0.342264,-0.134498,0.25,0.142857,0.0961538,1,0.5,0.2
0,474,-0.619528,-0.232,-1.61909,0.142857,0.166667,0.0649351,0,0.5,0.3
0,474,-0.829864,0.420177,-0.822702,0.125,0.25,0.0862069,0,0,0.4
0,474,-0.179085,0.545244,2.08308,0.2,0.333333,0.075,0,0,0.5
0,474,0.389144,-0.775496,-0.713315,0.333333,0.111111,0.118644,1,0.833333,0.6
1,474,2.39896,-2.12432,0.269298,1,0.1,0.195122,0,0.5,0.7
0,474,-1.02819,0.909489,-0.55975,0.1,0.5,0.0655738,0,0,0.8
0,474,-0.224001,0.29301,-0.179155,0.166667,0.2,0.16129,1,0.5,0.9
0,474,-0.888933,1.76551,0.918462,0.111111,1,0.0657895,1,0.5,1
0,475,0.0119774,-0.239913,0.29015,0.333333,0.142857,0.170732,0,0,0.1
0,475,-0.678425,-1.2578,-2.56711,0.1,0.111111,0.131579,1,0.166667,0.2
0,475,-0.65023,0.135693,-1.01267,0.111111,0.2,0.046875,1,0.166667,0.3
0,475,-0.384119,0.660279,0.610037,0.166667,0.333333,0.0694444,0,0,0.4
1,475,0.159732,-1.27282,-0.252527,0.5,0.1,0.169811,0,0.166667,0.5
1,475,2.87546,-1.08652,0.715836,1,0.125,0.151515,0,0.166667,0.6
0,475,-0.542415,0.868947,0.652295,0.142857,0.5,0.0909091,1,0.166667,0.7
0,475,-0.602729,2.07162,0.715836,0.125,1,0.0704225,1,0.166667,0.8
0,475,-0.0889396,-0.100231,0.259209,0.25,0.166667,0.195122,0,0,0.9
0,475,-0.10031,0.220738,0.588938,0.2,0.25,0.216216,0,0,1
0,476,-1.1284,0.715449,-0.630418,0.111111,0.25,0.0722892,1,0.333333,0.1
0,476,-0.53339,-1.8328,-1.53263,0.166667,0.1,0.0860215,0,0,0.2
1,476,-0.701688,1.05631,0.611355,0.142857,0.5,0.233333,1,0.333333,0.3
0,476,-1.23811,0.431649,-1.22359,0.1,0.2,0.0777778,0,0,0.4
1,476,1.72248,-1.25428,0.388351,1,0.111111,0.114583,0,0,0.5
0,476,-0.811138,0.0494173,-0.975588,0.125,0.166667,0.102941,0,0,0.6
0,476,0.202734,0.9505,1.19948,0.25,0.333333,0.109756,1,0.333333,0.7
0,476,1.21661,-0.661183,0.611355,0.5,0.142857,0.0990991,0,0,0.8
0,476,0.154198,1.21111,1.57074,0.2,1,0.0917431,0,0,0.9
0,476,1.1167,-0.666175,-0.0190521,0.333333,0.125,0.113636,0,0,1
0,477,-0.391506,-0.55963,-1.12729,0.142857,0.125,0.0746269,0,0,0.1
1,477,2.4477,-2.34859,0.100643,1,0.1,0.4,1,0.166667,0.2
0,477,0.259228,0.854589,1.35081,0.333333,0.333333,0.172414,1,0.166667,0.3
0,477,-0.611034,1.39051,0.592996,0.125,1,0.0574713,0,0,0.4
0,477,0.00299631,-0.0464347,0.214728,0.25,0.166667,0.0694444,0,0,0.5
0,477,-1.00576,0.455307,-0.557209,0.111111,0.25,0.0701754,1,0.166667,0.6
0,477,-0.239337,0.873295,1.0785,0.2,0.5,0.036036,1,0.166667,0.7
0,477,-0.373133,-0.705923,-1.11204,0.166667,0.111111,0.0833333,0,0,0.8
0,477,-1.09407,-0.0848124,-1.61964,0.1,0.142857,0.031746,1,0.166667,0.9
1,477,1.00492,0.171692,1.0785,0.5,0.2,0.25,1,0.166667,1
1,478,0.183928,1.43472,1.20321,0.2,1,0.128205,1,0,0.1
0,478,0.405137,-0.368534,0.422821,0.25,0.2,0.060241,0,0,0.2
0,478,-0.0673947,-0.65707,-0.747315,0.166667,0.125,0.113636,1,0.5,0.3
0,478,-1.15753,-1.61997,-1.84302,0.111111,0.1,0.0675676,1,0.5,0.4
0,478,-0.885572,-0.553977,-0.747315,0.125,0.166667,0.0217391,0,0,0.5
0,478,1.29101,-0.561947,0.468308,0.5,0.142857,0.108696,0,0,0.6
0,478,-1.85555,0.477756,-0.693169,0.1,0.25,0.0510204,0,0,0.7
0,478,-0.0695094,1.37259,0.468308,0.142857,0.5,0.108696,0,0,0.8
1,478,1.42105,1.21322,1.69921,1,0.333333,0.136364,1,0.5,0.9
0,478,0.734434,-0.736792,-0.231037,0.333333,0.111111,0.0714286,1,0.5,1
1,479,2.55446,-1.86063,0.124996,1,0.1,0.225,0,0,0.1
1,479,0.887884,-1.44117,0.0415016,0.5,0.111111,0.204545,1,0.166667,0.2
0,479,-0.251808,1.0098,1.72426,0.2,1,0.08,0,0,0.3
0,479,0.331433,0.546195,0.966868,0.333333,0.2,0.114286,1,0.166667,0.4
0,479,-0.715312,-1.11002,-1.71948,0.125,0.125,0.0641026,0,0,0.5
0,479,-0.0681652,0.411283,0.266684,0.25,0.166667,0.112903,0,0,0.6
0,479,-0.439667,0.796689,1.00022,0.166667,0.5,0.101695,0,0,0.7
0,479,-0.824778,0.676038,-0.692033,0.111111,0.25,0.0487805,1,0,0.8
0,479,-0.601305,0.187715,-1.08062,0.142857,0.142857,0.06,0,0,0.9
0,479,-0.872743,0.7841,-0.632398,0.1,0.333333,0.0677966,0,0,1
1,480,2.92185,-2.38543,0.191221,1,0.1,0.320755,1,0.333333,0.1
0,480,-0.482352,0.940795,0.538,0.125,0.5,0.212766,1,0.333333,0.2
0,480,-0.460392,0.361029,-0.630695,0.142857,0.2,0.16,0,0,0.3
0,480,-0.161458,0.191605,0.960161,0.333333,0.166667,0.0769231,1,0.833333,0.4
0,480,-0.398672,0.0954355,-0.630695,0.2,0.142857,0.175439,1,0.833333,0.5
0,480,0.233967,-0.709457,0.538,0.5,0.125,0.324324,1,0.166667,0.6
0,480,-0.52547,0.377859,-1.05869,0.111111,0.25,0.208333,1,0.666667,0.7
1,480,-0.16364,-0.771831,-1.05869,0.25,0.111111,0.164384,1,0.666667,0.8
0,480,-0.407703,1.26752,2.11884,0.166667,1,0.103448,1,0.833333,0.9
0,480,-0.556133,0.632473,-0.967457,0.1,0.333333,0.208333,0,0,1
0,481,0.0566806,-0.358089,-0.041428,0.25,0.142857,0.26087,1,0.166667,0.1
0,481,-0.711025,-0.219439,-0.691404,0.111111,0.2,0.112903,0,0,0.2
1,481,1.43421,-1.29095,-0.172414,0.5,0.1,0.130435,1,0.166667,0.3
0,481,-0.292536,-0.950559,-0.691404,0.2,0.111111,0.133333,1,0,0.4
0,481,-0.365896,-0.284501,-0.498712,0.142857,0.166667,0.0714286,1,0.166667,0.5
0,481,0.60704,1.60382,1.36058,0.333333,0.5,0.108434,0,0,0.6
0,481,-0.309941,-0.195895,0.176976,0.166667,0.25,0.0921053,0,0,0.7
0,481,-0.619728,1.03633,-0.013879,0.125,0.333333,0.101449,0,0,0.8
1,481,1.88188,1.60844,2.11856,1,1,0.0851064,0,0,0.9
0,481,-1.68069,-0.949158,-1.54687,0.1,0.125,0.05,1,0.166667,1
0,482,-0.404384,1.96756,1.45123,0.166667,1,0.0645161,0,0,0.1
0,482,-0.950866,0.0635518,-1.09167,0.111111,0.2,0.0757576,0,0,0.2
0,482,-1.06246,0.0876676,-1.04083,0.1,0.25,0.0806452,1,0.666667,0.3
1,482,2.42714,-0.295687,1.10638,1,0.142857,0.121951,1,0,0.4
0,482,-0.0934494,1.26507,1.40348,0.2,0.5,0.0833333,0,0,0.5
0,482,0.253617,-0.280572,0.279432,0.25,0.166667,0.107692,1,0.666667,0.6
0,482,-0.600784,-0.556756,-1.46697,0.142857,0.125,0.0504202,1,0.666667,0.7
0,482,-0.814603,0.23454,-0.0219138,0.125,0.333333,0.0704225,1,0.666667,0.8
1,482,0.48344,-0.573037,-0.346913,0.333333,0.111111,0.0930233,1,0,0.9
0,482,0.76235,-1.91234,-0.272228,0.5,0.1,0.0736842,1,0.666667,1
1,483,2.06439,0.677919,1.47688,1,0.25,0.0471698,1,0,0.1
0,483,0.815169,-2.38598,-0.450305,0.333333,0.1,0.0923077,1,0.5,0.2
0,483,1.08307,-0.321047,0.477868,0.5,0.142857,0.057377,1,0,0.3
0,483,-0.774072,1.18406,0.524417,0.125,1,0.0641026,1,0.5,0.4
0,483,-1.2037,-0.456266,-1.65979,0.1,0.125,0.0714286,0,0,0.5
1,483,0.267033,0.367726,0.431453,0.25,0.2,0.0508475,1,0.5,0.6
0,483,-0.241523,0.760699,0.446909,0.166667,0.333333,0.0319149,1,0.166667,0.7
0,483,-1.08126,-0.622398,-1.6661,0.111111,0.111111,0.0952381,1,0.166667,0.8
0,483,-0.711824,-0.201016,-0.535116,0.142857,0.166667,0.135135,1,0.5,0.9
0,483,-0.217287,0.996302,0.953772,0.2,0.5,0.0769231,0,0,1
0,484,-1.02008,0.695579,0.0395846,0.111111,0.5,0.0666667,0,0,0.1
0,484,-1.0609,0.175409,-1.28114,0.1,0.2,0.0898876,1,0.333333,0.2
0,484,-0.260402,0.446251,-0.059544,0.142857,0.25,0.121951,1,0,0.3
0,484,-0.0342593,-0.181571,-0.993747,0.2,0.111111,0.174603,1,0.333333,0.4
0,484,-0.232891,-0.121772,-1.02147,0.166667,0.125,0.0909091,1,0.333333,0.5
1,484,0.347496,1.15447,2.32257,0.333333,1,0.114754,0,0,0.6
0,484,0.0529312,-0.104401,-0.059544,0.25,0.142857,0.148649,0,0,0.7
1,484,2.60615,-2.73513,0.119222,1,0.1,0.40625,1,0.166667,0.8
0,484,-0.797323,0.64267,-0.0199481,0.125,0.333333,0.189189,1,0.166667,0.9
0,484,0.399276,0.0284895,0.954017,0.5,0.166667,0.15493,0,0,1
0,485,-0.822896,-0.659721,-1.25746,0.125,0.125,0.142857,0,0,0.1
0,485,0.0114029,-1.37706,-0.761923,0.2,0.111111,0.204545,0,0,0.2
0,485,-1.09911,0.0786212,-0.982272,0.1,0.2,0.166667,0,0,0.3
0,485,-0.714829,0.250195,0.218306,0.142857,0.333333,0.177778,0,0,0.4
1,485,1.91911,-1.56955,0.0914094,1,0.1,0.285714,1,0.166667,0.5
0,485,-1.09665,0.0843626,-0.506084,0.111111,0.25,0.166667,0,0,0.6
0,485,-0.442764,0.0683862,-0.308897,0.166667,0.166667,0.142857,0,0,0.7
1,485,1.37995,1.96407,2.05323,0.5,1,0.0833333,0,0,0.8
0,485,0.781425,1.12498,1.49934,0.333333,0.5,0.130952,1,0.166667,0.9
0,485,0.0843554,0.0357076,-0.0456534,0.25,0.142857,0.155172,0,0,1
0,486,0.720764,1.48194,1.38678,0.25,1,0.107692,0,0,0.1
0,486,-0.802546,0.939831,-0.0139836,0.125,0.333333,0.0619469,0,0,0.2
1,486,1.3755,-0.731932,0.235136,0.5,0.125,0.14,1,0,0.3
1,486,-0.67392,1.46853,0.448715,0.142857,0.5,0.0674157,1,0,0.4
0,486,1.02031,-0.306539,0.419645,0.333333,0.166667,0.129032,0,0,0.5
0,486,-0.936473,-0.427573,-1.14349,0.111111,0.142857,0.0769231,0,0,0.6
0,486,-1.18577,-1.15668,-1.76592,0.1,0.111111,0.0675676,0,0,0.7
0,486,-0.600641,-1.58629,-1.1249,0.166667,0.1,0.0674157,1,0,0.8
0,486,-0.511986,0.00688371,0.171222,0.2,0.2,0.1,0,0,0.9
0,486,1.59476,0.311822,1.38678,1,0.25,0.166667,0,0,1
0,487,-0.61624,-0.690981,-1.26435,0.142857,0.125,0.180328,1,0.333333,0.1
1,487,2.56637,-0.492821,0.95357,1,0.142857,0.294118,1,0.333333,0.2
0,487,0.957787,-0.00554431,1.20963,0.5,0.2,0.210526,1,0.333333,0.3
0,487,0.289992,1.0961,1.85153,0.333333,0.5,0.130952,0,0.333333,0.4
1,487,-0.274632,-1.36685,-0.624959,0.25,0.111111,0.22449,1,0.666667,0.5
0,487,-0.635863,0.686686,-0.344849,0.125,0.25,0.125,0,0.5,0.6
0,487,-0.924619,0.904881,-0.571105,0.1,0.333333,0.140845,1,0.5,0.7
0,487,-0.276248,-1.54655,-1.213,0.2,0.1,0.153846,1,0.333333,0.8
0,487,-0.418202,-0.166121,-0.381454,0.166667,0.166667,0.131868,0,0.666667,0.9
0,487,-0.668343,1.5812,0.384988,0.111111,1,0.104348,0,0.333333,1
0,488,-0.620004,1.15128,0.868294,0.125,1,0.078125,1,0,0.1
0,488,-0.52074,-0.13873,-0.886009,0.166667,0.142857,0.111111,0,0.166667,0.2
0,488,1.16249,0.122206,1.17924,0.5,0.166667,0.0810811,0,0,0.3
0,488,-0.561985,-0.211748,-1.65063,0.142857,0.125,0.0480769,0,0.166667,0.4
0,488,-0.966641,0.284349,-1.22835,0.111111,0.2,0.0930233,0,0.166667,0.5
1,488,2.27717,-2.01445,0.147367,1,0.1,0.204545,0,0,0.6
0,488,-0.376874,0.752372,1.13992,0.2,0.333333,0.0857143,0,0,0.7
0,488,0.111659,0.666187,1.12682,0.25,0.25,0.0560748,0,0,0.8
0,488,-1.05106,0.970952,-0.30631,0.1,0.5,0.0526316,1,0.166667,0.9
1,488,0.545989,-1.58242,-0.390345,0.333333,0.111111,0.0786517,0,0,1
1,489,1.40692,-1.36624,0.0390203,0.5,0.111111,0.160714,1,1.16667,0.1
0,489,-1.40927,1.60146,0.117522,0.1,1,0.117647,1,0.666667,0.2
0,489,0.466908,-0.280472,0.590104,0.333333,0.166667,0.186441,1,1,0.3
1,489,2.03498,1.03886,2.28946,1,0.333333,0.0807453,1,0,0.4
0,489,0.132163,-0.419659,-0.359029,0.25,0.125,0.132353,0,1,0.5
0,489,-0.761916,1.32513,0.330648,0.125,0.5,0.125,0,0,0.6
0,489,-0.188937,-0.394194,-0.387618,0.2,0.142857,0.0645161,1,1,0.7
0,489,-0.781161,0.129341,-0.650657,0.111111,0.25,0.12963,1,1.16667,0.8
0,489,-0.334154,-0.120242,-0.0781836,0.166667,0.2,0.132353,1,1.16667,0.9
0,489,-0.565539,-1.51399,-1.89127,0.142857,0.1,0.123077,1,1.16667,1
1,490,2.68888,-2.86106,0.108683,1,0.1,0.422222,1,1.5,0.1
0,490,-0.334763,0.396141,0.23188,0.166667,0.25,0.130841,1,1.5,0.2
0,490,-0.871181,0.304227,-0.9059,0.111111,0.2,0.211538,1,1.5,0.3
0,490,0.117826,0.249776,0.23188,0.25,0.166667,0.197368,1,1.5,0.4
0,490,-0.5497,-0.114951,-1.48703,0.142857,0.111111,0.126126,1,1.5,0.5
0,490,-0.903132,0.849219,0.108683,0.1,1,0.138298,1,1.5,0.6
0,490,0.0362653,0.742054,1.16465,0.2,0.5,0.213333,1,1.5,0.7
1,490,0.439058,0.447651,1.78267,0.5,0.333333,0.229508,1,1.5,0.8
0,490,0.12361,0.0855847,0.259559,0.333333,0.142857,0.175258,1,1.5,0.9
0,490,-0.746867,-0.0986441,-1.49508,0.125,0.125,0.122807,1,1.5,1
0,491,-0.577392,0.319506,-0.0655627,0.142857,0.25,0.0714286,1,0.166667,0.1
0,491,-0.578,-0.365913,-1.80583,0.125,0.125,0.103448,1,0.666667,0.2
0,491,-0.268781,-0.116167,-0.0655627,0.25,0.142857,0.21875,1,0.833333,0.3
1,491,-0.287812,1.15138,1.81085,0.2,1,0.0869565,0,0,0.4
0,491,-0.891216,0.297424,-1.09419,0.111111,0.2,0.119048,1,0.666667,0.5
1,491,1.61395,-2.48575,-0.272857,0.5,0.1,0.36,1,1,0.6
0,491,2.07789,-0.724818,0.447715,1,0.111111,0.243243,0,0,0.7
0,491,0.4327,0.255146,0.659149,0.333333,0.166667,0.109589,1,0.333333,0.8
0,491,-0.519547,1.12947,1.05045,0.166667,0.5,0.0576923,0,0,0.9
0,491,-1.00179,0.539727,-0.664157,0.1,0.333333,0.0943396,1,0.666667,1
0,492,0.321685,2.01904,1.61747,0.25,1,0.137255,1,0,0.1
0,492,-0.753825,-0.772599,-1.09182,0.142857,0.125,0.111111,0,0,0.2
0,492,-0.513338,0.0995846,-0.064848,0.166667,0.2,0.0762712,0,0.166667,0.3
0,492,0.618974,-0.459742,0.232797,0.333333,0.142857,0.0887097,1,0.333333,0.4
1,492,1.94906,-1.55648,0.0974767,1,0.1,0.0909091,1,0,0.5
1,492,1.31464,0.128789,1.31738,0.5,0.25,0.126582,0,0,0.6
0,492,-0.983614,0.857308,-0.258196,0.111111,0.333333,0.133333,1,0.333333,0.7
0,492,-0.981694,0.954666,0.274251,0.125,0.5,0.0884956,1,0.333333,0.8
0,492,-1.09872,-0.961273,-2.05967,0.1,0.111111,0.0769231,0,0,0.9
0,492,0.126833,-0.3093,-0.064848,0.2,0.166667,0.1,0,0.166667,1
0,493,-0.38427,-0.88006,-0.930026,0.2,0.111111,0.105263,0,0.666667,0.1
0,493,0.360494,0.234958,0.863073,0.333333,0.2,0.0693642,0,0,0.2
0,493,-0.422347,1.55334,1.23634,0.166667,1,0.115385,1,0.166667,0.3
0,493,-0.619704,0.43662,0.266472,0.142857,0.333333,0.0747664,0,0.666667,0.4
0,493,-0.763018,0.279333,-0.886707,0.1,0.25,0.0897436,0,0.666667,0.5
0,493,-0.663555,0.119404,-0.955971,0.125,0.166667,0.0804598,0,0.666667,0.6
0,493,-0.762142,0.113732,-1.52663,0.111111,0.142857,0.0972222,0,0.666667,0.7
1,493,2.61559,0.103732,0.657418,1,0.125,0.15873,0,0,0.8
0,493,-0.186071,0.524113,1.50795,0.25,0.5,0.056962,0,0,0.9
1,493,0.825019,-2.48518,-0.231919,0.5,0.1,0.109091,1,0.166667,1
0,494,-0.780921,-0.887496,-1.49227,0.111111,0.125,0.0759494,1,0.833333,0.1
0,494,0.653486,0.379329,1.24203,0.5,0.25,0.0930233,1,0.833333,0.2
0,494,0.0107561,-0.651324,-0.303113,0.2,0.142857,0.0853659,1,0.833333,0.3
1,494,0.292005,-1.03096,-0.243427,0.333333,0.111111,0.106667,1,0.833333,0.4
0,494,-0.398397,1.26729,0.493421,0.142857,0.5,0.0722892,0,0,0.5
1,494,2.33266,-0.184651,1.26774,1,0.2,0.107692,0,0,0.6
0,494,-1.74496,0.642791,-0.464961,0.1,0.333333,0.0634921,0,0,0.7
0,494,-0.0349327,2.00687,1.01832,0.166667,1,0.0508475,0,0,0.8
0,494,0.132878,-0.376034,0.196075,0.25,0.166667,0.0879121,1,0.833333,0.9
0,494,-0.462572,-1.16582,-1.71381,0.125,0.1,0.0810811,1,0.833333,1
0,495,-0.694581,-0.212642,-0.0720087,0.166667,0.2,0.147059,0,0,0.1
0,495,-0.737812,-0.508306,-1.21238,0.142857,0.125,0.106383,0,0,0.2
1,495,-0.178933,-0.367772,-0.0720087,0.2,0.166667,0.0943396,0,0,0.3
0,495,-0.773429,1.32197,0.0359385,0.111111,0.5,0.0847458,0,0,0.4
0,495,1.17442,-1.57249,-0.224983,0.5,0.1,0.0804598,1,0,0.5
1,495,2.32591,2.15617,2.7645,1,1,0.105263,1,0,0.6
0,495,0.237836,-0.430788,-0.0540594,0.25,0.142857,0.0923077,0,0,0.7
0,495,-0.916436,0.0946977,-0.860189,0.1,0.25,0.111111,0,0,0.8
0,495,-0.748572,0.196401,-0.0181107,0.125,0.333333,0.0531915,0,0,0.9
0,495,0.311599,-0.677234,-0.286706,0.333333,0.111111,0.0882353,0,0,1
1,496,2.16184,-1.82483,0.0833829,1,0.1,0.139241,1,0,0.1
0,496,-0.278602,-1.14176,-0.921321,0.166667,0.111111,0.12,0,0,0.2
0,496,-0.308674,0.77225,-0.0416447,0.142857,0.25,0.126984,0,0,0.3
0,496,-1.52962,-0.727811,-1.55496,0.1,0.125,0.0666667,0,0,0.4
0,496,-0.987839,0.207335,-0.69502,0.111111,0.2,0.0701754,0,0,0.5
1,496,0.152789,1.3341,1.38361,0.25,1,0.109756,0,0,0.6
0,496,-0.622449,-0.263905,-0.714409,0.125,0.166667,0.0676692,0,0,0.7
0,496,0.439795,1.07262,1.36769,0.333333,0.5,0.121622,0,0,0.8
0,496,1.10307,1.00493,1.36769,0.5,0.333333,0.136364,0,0,0.9
0,496,-0.130311,-0.432927,-0.275018,0.2,0.142857,0.126582,0,0,1
0,497,-0.751424,0.607106,-0.592737,0.125,0.2,0.0792079,1,1,0.1
1,497,-0.466306,-1.17497,-1.38542,0.142857,0.111111,0.153846,1,1,0.2
0,497,-0.0361525,0.884581,1.36847,0.25,0.5,0.145161,1,1,0.3
0,497,0.0104315,-1.3824,-0.512295,0.333333,0.1,0.191489,1,1,0.4
0,497,-0.0456796,-0.859154,-0.592737,0.2,0.125,0.157895,1,1,0.5
0,497,0.399948,-0.396268,0.81026,0.5,0.166667,0.112676,0,0.333333,0.6
0,497,-0.837183,0.686783,-0.560604,0.111111,0.25,0.0860215,1,1,0.7
1,497,2.74149,0.821433,1.97259,1,0.333333,0.138889,1,0.333333,0.8
0,497,-0.909166,1.66846,0.101257,0.1,1,0.112676,0,0.333333,0.9
0,497,-0.10596,-0.85557,-0.608782,0.166667,0.142857,0.147541,1,1,1
0,498,-0.0532122,-0.554646,-0.393865,0.25,0.125,0.0449438,1,0,0.1
0,498,-0.24437,0.636575,0.997264,0.2,0.333333,0.0352941,1,0.166667,0.2
0,498,-0.545378,0.031936,-1.10461,0.125,0.166667,0.0333333,0,0,0.3
0,498,0.0774169,-0.732689,0.0428064,0.5,0.111111,0.0609756,0,0.166667,0.4
1,498,2.88421,-2.27549,0.128925,1,0.1,0.114754,1,0,0.5
1,498,-0.502589,0.339297,-0.0643903,0.142857,0.25,0.0588235,0,0.166667,0.6
0,498,-0.816745,1.33734,0.128925,0.1,1,0.025974,0,0,0.7
0,498,-0.560783,-0.311564,-1.76399,0.111111,0.142857,0.0517241,0,0,0.8
0,498,-0.281708,0.316577,-0.0857696,0.166667,0.2,0.0526316,0,0,0.9
0,498,0.0431604,1.21266,2.1147,0.333333,0.5,0.0434783,1,0.166667,1
0,499,0.121335,-0.870342,-0.0205611,0.333333,0.125,0.0857143,0,0,0.1
0,499,-0.878844,1.2325,-0.255423,0.1,0.5,0.05,0,0,0.2
0,499,0.0877701,-1.04532,-0.68035,0.25,0.111111,0.0779221,0,0,0.3
1,499,0.202081,-0.756324,0.659777,0.5,0.142857,0.0952381,1,0,0.4
0,499,-0.757229,1.57706,0.41911,0.111111,1,0.04,0,0,0.5
1,499,2.79444,0.502854,2.03909,1,0.25,0.103448,1,0.166667,0.6
0,499,-0.600574,0.407992,-0.719347,0.125,0.2,0.0588235,0,0,0.7
0,499,-0.164952,0.821356,0.950545,0.2,0.333333,0.0550459,0,0,0.8
0,499,-0.213626,-1.53889,-1.65402,0.166667,0.1,0.16129,1,0.166667,0.9
0,499,-0.590397,-0.330885,-0.738819,0.142857,0.166667,0.106383,0,0,1
0,500,-0.186559,-1.44628,-0.903786,0.166667,0.111111,0.128205,0,0,0.1
0,500,0.748589,-1.78611,-0.413836,0.333333,0.1,0.162162,0,0,0.2
0,500,-1.52987,0.836898,-0.413836,0.1,0.333333,0.0555556,0,0,0.3
0,500,-0.387231,-0.0553403,-0.269784,0.142857,0.2,0.0714286,1,0,0.4
1,500,0.5781,1.53791,1.35727,0.25,1,0.135135,0,0,0.5
0,500,0.185817,-0.112503,-0.269784,0.2,0.142857,0.0779221,0,0,0.6
0,500,1.65257,1.19105,1.83729,1,0.5,0.125,1,0.166667,0.7
1,500,1.16037,0.274332,1.10546,0.5,0.25,0.0875,1,0,0.8
0,500,-1.10696,-0.0680479,-0.700812,0.125,0.166667,0.0454545,0,0,0.9
0,500,-1.11483,-0.371913,-1.32819,0.111111,0.125,0.0588235,1,0.166667,1
1,501,1.4673,0.162854,1.08821,0.5,0.166667,0.229167,0,0,0.1
0,501,-0.367809,1.04623,1.50686,0.166667,1,0.121951,0,0.166667,0.2
0,501,-0.247523,-0.46242,-0.752911,0.25,0.111111,0.161765,1,0,0.3
0,501,-0.00884488,-0.308967,-0.022754,0.333333,0.125,0.176471,1,0.166667,0.4
0,501,-0.821134,0.276477,-1.13353,0.111111,0.2,0.210526,1,0,0.5
0,501,-0.27327,0.92827,1.45729,0.2,0.5,0.185185,1,0.333333,0.6
0,501,-0.572788,0.555206,-0.022754,0.125,0.333333,0.160714,0,0,0.7
0,501,-0.427761,0.154309,-1.17568,0.142857,0.142857,0.149254,0,0,0.8
1,501,2.30026,-2.68156,0.135991,1,0.1,0.428571,0,0,0.9
0,501,-1.04843,0.329597,-1.08073,0.1,0.25,0.122807,0,0,1
1,502,1.16058,0.819821,1.99398,0.5,0.5,0.0909091,1,0.333333,0.1
1,502,-1.58664,1.38308,0.102871,0.1,1,0.0588235,0,0,0.2
0,502,-0.160522,0.457733,0.210756,0.2,0.2,0.0779221,1,0.333333,0.3
0,502,-0.830724,-0.55928,-1.6704,0.111111,0.125,0.0416667,0,0.333333,0.4
0,502,-0.797698,-0.954578,-1.6704,0.125,0.111111,0.0434783,0,0.166667,0.5
0,502,0.538412,0.187077,0.21948,0.25,0.166667,0.122449,0,0,0.6
0,502,-0.588309,0.588372,-0.0513778,0.142857,0.25,0.0735294,1,0.333333,0.7
0,502,1.64931,-2.23776,0.102871,1,0.1,0.132075,0,0.166667,0.8
0,502,1.09448,-0.363252,0.245679,0.333333,0.142857,0.084507,0,0,0.9
0,502,-0.478887,0.678785,0.516537,0.166667,0.333333,0.125,0,0,1
0,503,-0.533027,0.167039,-0.980675,0.125,0.166667,0.135135,0,0,0.1
0,503,-0.181234,-0.0384024,0.273358,0.333333,0.142857,0.138889,1,0.333333,0.2
1,503,2.90173,-2.7181,0.114461,1,0.1,0.235294,0,0,0.3
0,503,-0.29368,-0.193028,-0.670029,0.2,0.125,0.191489,0,0.166667,0.4
1,503,0.351297,0.701061,2.21863,0.5,0.5,0.13253,1,0.333333,0.5
0,503,-0.533291,0.446096,-0.633706,0.111111,0.25,0.2,0,0.166667,0.6
0,503,-0.539254,0.510528,-0.579098,0.1,0.333333,0.12987,0,0.166667,0.7
0,503,-0.453601,1.1984,0.966916,0.142857,1,0.15625,1,0,0.8
0,503,-0.443091,-0.31546,-1.26471,0.166667,0.111111,0.101266,0,0,0.9
0,503,-0.275845,0.24187,0.554853,0.25,0.2,0.111111,1,0.5,1
0,504,-1.04031,-0.403927,-2.06591,0.1,0.125,0.1,0,0,0.1
0,504,0.232547,-1.28198,-0.293439,0.333333,0.111111,0.0980392,0,0,0.2
0,504,-0.242107,0.624463,0.236359,0.166667,0.25,0.115385,1,0.333333,0.3
1,504,2.41488,-2.09928,0.110782,1,0.1,0.122222,1,0.5,0.4
0,504,-0.726854,0.0611456,-0.365388,0.142857,0.2,0.103896,0,0,0.5
1,504,-0.818848,1.33284,0.377831,0.111111,1,0.2,0,0,0.6
0,504,-0.745429,-0.052767,-1.24085,0.125,0.142857,0.0816327,0,0,0.7
0,504,1.091,0.0568405,0.886483,0.5,0.166667,0.147059,1,0.5,0.8
0,504,-0.16921,0.712865,0.856925,0.2,0.333333,0.148148,1,0,0.9
0,504,0.00433845,1.0498,1.49721,0.25,0.5,0.0927835,1,0.333333,1
0,505,-0.460856,0.361637,-0.0692173,0.142857,0.25,0.0869565,1,1.5,0.1
0,505,-0.202996,1.36536,2.29968,0.25,1,0.166667,1,1.5,0.2
0,505,-0.373756,-0.0936904,-1.18741,0.166667,0.125,0.102041,1,1.5,0.3
0,505,1.17599,-1.57987,-0.367097,0.333333,0.111111,0.227273,1,1.5,0.4
0,505,-0.36204,0.0431094,0.283935,0.2,0.2,0.15873,1,1.5,0.5
1,505,1.75867,-0.0840926,1.17075,1,0.142857,0.160714,1,1.5,0.6
0,505,-0.901556,0.750932,-0.367097,0.111111,0.333333,0.128571,1,1.5,0.7
0,505,-0.537239,-0.0582342,-1.18741,0.125,0.166667,0.125,1,1.5,0.8
0,505,-1.44341,1.17637,-0.288067,0.1,0.5,0.0769231,1,1.5,0.9
1,505,1.3472,-1.88153,-0.288067,0.5,0.1,0.214286,1,1.5,1
0,506,-0.461174,-0.0731846,-0.445397,0.166667,0.166667,0.103896,0,0,0.1
0,506,0.537573,-0.13073,0.314775,0.333333,0.142857,0.128571,0,0,0.2
1,506,1.72483,0.408265,2.18705,1,0.25,0.146341,1,0,0.3
0,506,-1.60327,0.698137,-0.666838,0.1,0.333333,0.131579,1,0.333333,0.4
1,506,-0.590327,-1.02499,-1.47629,0.142857,0.125,0.118644,1,0.333333,0.5
0,506,-0.218025,-1.32486,-1.09861,0.2,0.111111,0.0985915,1,0.333333,0.6
0,506,0.333775,-0.0192394,0.63892,0.25,0.2,0.115942,1,0,0.7
0,506,-0.63214,1.77219,0.776587,0.125,1,0.0843373,0,0,0.8
0,506,1.60174,-1.44312,-0.273958,0.5,0.1,0.152174,0,0,0.9
0,506,-0.692982,1.13753,0.0437617,0.111111,0.5,0.107143,0,0,1
0,507,0.295525,-0.346264,0.285658,0.25,0.166667,0.0803571,1,0.666667,0.1
0,507,-0.924155,-0.0172439,-1.116,0.111111,0.2,0.0985915,1,0.666667,0.2
0,507,-0.707606,0.121823,0.285658,0.166667,0.25,0.0736842,1,0.666667,0.3
1,507,2.4126,-1.33781,0.133889,1,0.1,0.203125,0,0,0.4
1,507,0.331464,-0.654068,-0.0224021,0.333333,0.125,0.1875,1,0,0.5
0,507,-0.740981,1.06821,0.718854,0.142857,0.5,0.0909091,0,0,0.6
0,507,0.763983,-1.11743,0.0444544,0.5,0.111111,0.05625,0,0,0.7
0,507,-0.753007,0.431455,-0.0224021,0.125,0.333333,0.101449,0,0,0.8
0,507,-0.929648,-0.370071,-2.15465,0.1,0.142857,0.214286,1,0.666667,0.9
0,507,0.251829,2.2214,1.84694,0.2,1,0.0967742,1,0.666667,1
0,508,-0.637237,0.300871,-0.77554,0.1,0.2,0.0344828,1,1.16667,0.1
0,508,-0.326366,-0.798622,-0.422476,0.2,0.125,0.0892857,1,1.16667,0.2
0,508,-0.103909,-0.394579,-0.0360451,0.25,0.142857,0.0923077,1,1.16667,0.3
0,508,-0.612977,-1.68026,-1.52497,0.111111,0.1,0.125,1,1.16667,0.4
0,508,-0.401359,0.482623,0.362387,0.166667,0.333333,0.0549451,1,1.16667,0.5
0,508,-0.411522,0.412696,-0.0360451,0.142857,0.25,0.0724638,1,1.16667,0.6
1,508,0.231321,1.70432,1.6211,0.5,1,0.0625,0,0,0.7
0,508,-0.610442,-1.22833,-1.1719,0.125,0.111111,0.097561,1,1.16667,0.8
0,508,-0.0161117,-0.0135379,0.362387,0.333333,0.166667,0.0983607,1,1.16667,0.9
1,508,2.8886,1.21482,1.6211,1,0.5,0.132353,0,0,1
0,509,-0.569954,-0.102075,-0.0608442,0.166667,0.2,0.0322581,0,0,0.1
0,509,0.425976,2.36327,1.5176,0.25,1,0.0638298,0,0,0.2
0,509,-0.888964,0.859627,0.0303664,0.111111,0.5,0.0606061,1,0.666667,0.3
0,509,0.989174,-1.4917,-0.462721,0.333333,0.1,0.0517241,0,0,0.4
1,509,1.37746,-0.214452,0.731853,0.5,0.166667,0.111111,1,0.166667,0.5
1,509,1.80155,0.400932,1.78171,1,0.333333,0.08,1,0.833333,0.6
0,509,-0.827138,-0.86735,-1.25136,0.142857,0.111111,0.0784314,0,0,0.7
0,509,-0.494677,-0.277438,-0.301653,0.2,0.142857,0.0431034,1,0.666667,0.8
0,509,-0.973378,-0.0359089,-0.726822,0.1,0.25,0.06,1,0.666667,0.9
0,509,-0.840046,-0.634905,-1.25813,0.125,0.125,0.039604,1,0.666667,1
0,510,-0.36559,0.29089,0.510701,0.2,0.25,0.0943396,0,0,0.1
0,510,-1.76255,1.38118,0.105352,0.1,1,0.0461538,0,0,0.2
1,510,0.538057,0.257354,0.224774,0.25,0.166667,0.0746269,1,0.166667,0.3
1,510,2.08511,-2.31651,0.105352,1,0.1,0.166667,0,0.166667,0.4
0,510,0.706738,0.69752,1.72804,0.333333,0.5,0.0869565,0,0,0.5
0,510,-0.720138,-0.294191,-1.71069,0.111111,0.125,0.0549451,1,0,0.6
0,510,-0.446148,0.653359,-0.0176275,0.125,0.333333,0.0314961,1,0.166667,0.7
0,510,-0.389813,0.252565,-0.633405,0.166667,0.142857,0.0666667,0,0,0.8
0,510,-0.410507,-1.19807,-1.44146,0.142857,0.111111,0.0833333,0,0.166667,0.9
0,510,0.764833,0.275905,1.12896,0.5,0.2,0.0925926,0,0,1
1,511,-1.16814,1.45752,0.203872,0.1,1,0.0823529,0,0,0.1
0,511,-0.908036,0.0877209,-1.74674,0.125,0.166667,0.106061,0,0,0.2
0,511,0.607273,-1.72518,-1.03146,0.333333,0.1,0.115385,0,0,0.3
1,511,2.04324,-0.133908,1.72223,1,0.142857,0.1875,1,0.333333,0.4
0,511,-0.443147,0.409848,-0.135629,0.166667,0.2,0.142857,0,0,0.5
0,511,0.257335,0.623663,0.988281,0.2,0.25,0.129032,0,0,0.6
0,511,-0.996544,0.67922,-0.540015,0.111111,0.333333,0.12766,0,0,0.7
0,511,-0.904656,0.985339,1.0946,0.142857,0.5,0.0842105,0,0,0.8
0,511,0.913058,-1.33759,0.0676906,0.5,0.111111,0.269231,1,0.333333,0.9
0,511,0.599616,-1.04663,-0.622827,0.25,0.125,0.0865385,1,0.333333,1
0,512,0.294693,-0.445293,-0.015987,0.333333,0.125,0.142857,1,0.333333,0.1
0,512,-0.792897,0.665115,-0.015987,0.125,0.333333,0.103093,1,0.333333,0.2
1,512,-0.321381,-0.0820024,-0.0635649,0.166667,0.2,0.131579,0,0,0.3
1,512,2.07699,0.756807,2.14619,1,0.5,0.109756,1,0.166667,0.4
0,512,-0.0437317,-1.9865,-1.02674,0.2,0.1,0.189655,0,0.333333,0.5
0,512,1.40795,-0.167272,0.513001,0.5,0.142857,0.109756,1,0.666667,0.6
0,512,-1.2709,1.8294,0.095548,0.1,1,0.128571,1,0.5,0.7
0,512,0.0986933,0.580208,0.730595,0.25,0.25,0.1,1,0.833333,0.8
0,512,-0.402436,-0.0953494,-0.574459,0.142857,0.166667,0.0805369,1,0.833333,0.9
0,512,-1.04699,-1.05512,-1.78859,0.111111,0.111111,0.181818,0,0.333333,1
0,513,0.0556508,-0.0843422,0.485902,0.5,0.142857,0.104167,0,0,0.1
0,513,-0.558845,0.70632,-0.719211,0.1,0.25,0.0784314,0,0.333333,0.2
1,513,-0.460489,-1.14537,-0.999966,0.166667,0.111111,0.16,1,0,0.3
0,513,-0.509857,0.155727,-0.775392,0.125,0.166667,0.121212,0,0,0.4
0,513,-0.199618,0.826053,0.953337,0.25,0.333333,0.0943396,0,0.333333,0.5
0,513,-0.242062,1.31285,1.24842,0.2,1,0.0925926,0,0.333333,0.6
0,513,-0.536247,0.230218,-0.754347,0.111111,0.2,0.0909091,0,0.333333,0.7
0,513,-0.46074,-1.9263,-1.45641,0.142857,0.1,0.153846,0,0.333333,0.8
0,513,-0.0227174,0.958779,1.48444,0.333333,0.5,0.078125,0,0.333333,0.9
1,513,2.93493,-1.03393,0.533234,1,0.125,0.16,1,0,1
0,514,-1.42553,0.811818,-0.718833,0.111111,0.25,0.0630631,0,0,0.1
0,514,-1.47005,0.95301,-0.656889,0.1,0.333333,0.0677966,0,0,0.2
0,514,1.04916,-1.85268,-0.269871,0.5,0.1,0.144737,1,0.333333,0.3
1,514,0.755335,-0.416315,-0.0648453,0.25,0.142857,0.162162,1,0.333333,0.4
0,514,-0.0833764,1.19656,1.79104,0.2,1,0.122449,0,0,0.5
0,514,0.771091,-1.36033,-0.343909,0.333333,0.111111,0.178571,1,0.333333,0.6
1,514,1.67246,0.297658,1.79104,1,0.2,0.219512,0,0,0.7
0,514,-0.121665,-0.184946,-0.438752,0.166667,0.166667,0.118421,0,0,0.8
0,514,-0.395122,-0.518572,-1.45427,0.142857,0.125,0.12766,0,0,0.9
0,514,-0.752294,1.07379,0.365294,0.125,0.5,0.0808081,0,0,1
1,515,2.00866,-2.40391,0.235564,1,0.1,0.155172,1,0,0.1
0,515,-0.327842,0.0753035,-0.156713,0.2,0.166667,0.0972222,0,0,0.2
0,515,-0.864787,0.10595,-1.37894,0.125,0.2,0.0833333,0,0.166667,0.3
0,515,-0.0971223,0.356751,1.80121,0.25,0.25,0.0526316,0,0,0.4
0,515,-0.405058,-0.288292,-2.01827,0.166667,0.125,0.0921053,0,0.166667,0.5
0,515,1.55554,-0.814475,0.0782131,0.5,0.111111,0.115942,1,0,0.6
0,515,-0.889599,0.97871,0.0782131,0.111111,0.5,0.0909091,0,0.166667,0.7
0,515,0.630541,-0.165917,0.56258,0.333333,0.142857,0.0886076,0,0,0.8
1,515,-0.680305,0.974913,0.56258,0.142857,0.333333,0.117647,1,0,0.9
0,515,-0.930028,1.18097,0.235564,0.1,1,0.0631579,0,0.166667,1
0,516,-1.25871,1.65562,0.386425,0.111111,1,0.0333333,1,0,0.1
0,516,-0.305146,0.226338,0.241736,0.166667,0.25,0.0657895,0,0,0.2
0,516,0.211886,-0.0757562,-0.0753761,0.2,0.166667,0.0566038,0,0,0.3
1,516,1.5338,-0.946084,0.386425,1,0.111111,0.0757576,1,0,0.4
0,516,0.856929,1.19638,1.85844,0.333333,0.5,0.0759494,0,0,0.5
0,516,1.23316,-2.07485,-0.235504,0.5,0.1,0.0958904,0,0,0.6
1,516,-1.27698,0.108542,-1.21753,0.1,0.2,0.0441176,0,0,0.7
0,516,-1.1949,-0.277054,-1.26907,0.125,0.142857,0.0408163,0,0,0.8
0,516,-0.443917,-0.388522,-1.26907,0.142857,0.125,0.046875,0,0,0.9
0,516,0.643881,0.575384,1.19353,0.25,0.333333,0.078125,0,0,1
0,517,-0.612237,0.882703,0.361069,0.125,0.5,0.0631579,0,0,0.1
0,517,-0.61625,0.13202,-1.418,0.111111,0.166667,0.142857,0,0,0.2
0,517,-0.966409,0.982494,0.128335,0.1,1,0.1,0,0,0.3
0,517,-0.215227,-0.0701854,-0.42328,0.2,0.142857,0.0552147,1,0,0.4
0,517,-0.203257,0.825284,0.981293,0.25,0.25,0.104651,1,0.166667,0.5
1,517,2.62117,-0.682648,0.756153,1,0.125,0.080292,1,0.166667,0.6
0,517,-0.196466,0.858077,1.72247,0.333333,0.333333,0.0849057,0,0,0.7
0,517,-0.435772,-0.906068,-1.75591,0.142857,0.111111,0.0987654,0,0,0.8
1,517,0.99406,-2.33092,-0.26675,0.5,0.1,0.344828,0,0,0.9
0,517,-0.369616,0.309244,-0.0853767,0.166667,0.2,0.115942,1,0,1
0,518,0.278713,-1.1402,-0.0140974,0.333333,0.125,0.142857,0,0.166667,0.1
0,518,-0.699272,-1.18972,-1.36811,0.125,0.111111,0.102041,0,0,0.2
1,518,2.7177,0.0674845,1.16226,1,0.2,0.160714,1,0,0.3
0,518,-0.783317,-0.376632,-1.3559,0.1,0.142857,0.116279,0,0,0.4
0,518,0.2183,0.0722914,0.644243,0.25,0.25,0.111111,0,0,0.5
1,518,0.41316,1.44028,1.89252,0.5,1,0.0735294,1,0,0.6
0,518,-0.735879,1.37185,0.0279747,0.111111,0.5,0.0535714,0,0.166667,0.7
0,518,-0.467606,-0.107378,-0.28472,0.166667,0.166667,0.0757576,0,0,0.8
0,518,-0.393938,-1.32506,-0.905389,0.2,0.1,0.0659341,0,0,0.9
0,518,-0.54786,1.18709,0.20122,0.142857,0.333333,0.0632911,0,0.333333,1
1,519,0.677166,1.52724,1.87318,0.5,1,0.20339,0,0,0.1
0,519,-0.441222,0.316181,-0.275054,0.142857,0.2,0.1125,0,0,0.2
0,519,-0.263708,0.280095,0.418738,0.333333,0.166667,0.144928,0,0,0.3
0,519,-0.54452,0.407557,-0.0139534,0.125,0.333333,0.123077,0,0,0.4
0,519,-0.339761,1.25587,1.12706,0.25,0.5,0.116279,1,0.666667,0.5
0,519,-0.363883,-0.417153,-0.275054,0.2,0.142857,0.148148,1,0.666667,0.6
0,519,-0.551221,-0.829317,-1.55516,0.1,0.125,0.148936,1,0.666667,0.7
1,519,2.81665,-2.01668,0.0833938,1,0.1,0.428571,1,0,0.8
0,519,-0.549467,-0.844924,-1.56107,0.111111,0.111111,0.152174,1,0.5,0.9
0,519,-0.440029,0.321122,0.177925,0.166667,0.25,0.1125,1,0.5,1
0,520,-1.66799,1.23098,0.184041,0.1,1,0.035461,1,0.5,0.1
0,520,0.0749218,0.531062,0.377052,0.2,0.2,0.0545455,1,0.166667,0.2
0,520,0.375323,-1.19529,-0.0307937,0.333333,0.125,0.166667,1,0.5,0.3
1,520,-0.476111,0.821084,-0.0307937,0.125,0.333333,0.0555556,1,0.5,0.4
0,520,0.243248,-1.30197,-1.46258,0.25,0.1,0.2,0,0,0.5
0,520,1.29086,-0.959548,0.988126,0.5,0.142857,0.142857,1,0.166667,0.6
1,520,1.91043,-1.24405,0.627687,1,0.111111,0.177778,1,0.666667,0.7
0,520,-1.11286,0.224703,-2.03352,0.111111,0.166667,0.0581395,0,0,0.8
0,520,-0.201553,1.16327,1.47271,0.166667,0.5,0.0704225,0,0,0.9
0,520,-0.436265,0.729764,-0.0919174,0.142857,0.25,0.0533333,1,0.166667,1
1,521,2.07636,-1.79447,0.218272,1,0.1,0.196429,1,0,0.1
0,521,0.946427,-0.973137,0.614108,0.5,0.125,0.0547945,1,0.333333,0.2
0,521,0.862738,-0.575702,0.521284,0.333333,0.142857,0.0978261,1,0.333333,0.3
0,521,-0.815818,0.173381,-1.87011,0.125,0.166667,0.108696,1,1,0.4
1,521,0.631984,-1.0973,-1.20846,0.25,0.111111,0.101124,1,1,0.5
0,521,-0.329727,0.676561,1.68838,0.2,0.333333,0.1,1,1,0.6
0,521,-0.759475,0.46817,-0.719917,0.142857,0.2,0.130435,1,1,0.7
0,521,-0.758522,0.642725,0.465694,0.166667,0.25,0.105263,1,0.833333,0.8
0,521,-0.881021,1.46645,0.744433,0.111111,1,0.084507,1,0.833333,0.9
0,521,-0.97295,1.01332,-0.453689,0.1,0.5,0.104167,1,1,1
0,522,-0.777275,-0.710003,-1.44407,0.125,0.111111,0.0416667,1,1.16667,0.1
0,522,-0.774688,-0.498107,-0.761956,0.166667,0.125,0.04,1,1.16667,0.2
0,522,1.05875,0.600966,0.936818,0.333333,0.25,0.0512821,0,0.166667,0.3
1,522,1.75984,0.250946,1.22679,1,0.2,0.060241,1,1.16667,0.4
0,522,0.49839,-2.17147,-0.70675,0.25,0.1,0.075,1,1.16667,0.5
0,522,-0.775358,-0.0130615,-0.534685,0.142857,0.166667,0.0344828,1,1.16667,0.6
0,522,-0.799317,0.658483,-0.184851,0.1,0.5,0.0338983,1,1.16667,0.7
0,522,-0.791061,0.604197,-0.235564,0.111111,0.333333,0.0392157,1,1.16667,0.8
0,522,-0.768056,-0.477403,-0.293322,0.2,0.142857,0.0289855,1,1.33333,0.9
1,522,1.36877,1.75545,1.99759,0.5,1,0.0277778,1,0,1
0,523,0.580293,-0.827209,0.044059,0.5,0.111111,0.185185,0,0,0.1
0,523,-0.571217,0.821971,0.712461,0.142857,0.5,0.1,1,0,0.2
0,523,-1.31774,0.137315,-2.13549,0.1,0.142857,0.076087,0,0.166667,0.3
0,523,0.296191,0.3148,0.64326,0.25,0.2,0.104167,0,0,0.4
0,523,-0.0966411,0.452447,0.666305,0.166667,0.333333,0.0879121,0,0,0.5
0,523,0.0239507,-0.351632,-0.776787,0.2,0.125,0.0854701,0,0.333333,0.6
0,523,-0.627118,0.313546,-1.13693,0.125,0.166667,0.0860215,0,0,0.7
0,523,-1.08308,1.27933,0.452576,0.111111,1,0.112903,0,0,0.8
1,523,0.390321,0.37328,1.39784,0.333333,0.25,0.15,1,0,0.9
1,523,2.40504,-2.51385,0.132698,1,0.1,0.263158,0,0.166667,1
0,524,0.720921,-0.903641,-0.442295,0.333333,0.111111,0.09375,1,0.166667,0.1
0,524,-0.90864,1.08872,-0.442295,0.111111,0.333333,0.0862069,0,0,0.2
1,524,1.26944,-1.90469,-0.347076,0.5,0.1,0.0864198,1,0.166667,0.3
0,524,0.503264,0.0703138,0.809444,0.25,0.2,0.107692,0,0,0.4
0,524,-0.989483,1.46922,0.16698,0.1,1,0.0666667,0,0,0.5
0,524,1.9785,-0.203173,1.85024,1,0.166667,0.134615,0,0,0.6
0,524,-0.818084,-0.614509,-1.87031,0.142857,0.125,0.142857,1,0.333333,0.7
0,524,-0.227592,0.27353,0.809444,0.2,0.25,0.0608696,0,0,0.8
1,524,-0.70328,-0.489581,-1.00393,0.166667,0.142857,0.106383,1,0.333333,0.9
0,524,-0.825046,1.21381,0.469798,0.125,0.5,0.128205,1,0.333333,1
1,525,2.92357,-2.51373,0.0895534,1,0.1,0.108108,1,0,0.1
1,525,0.343846,-1.34799,0.029734,0.5,0.111111,0.0277778,1,0,0.2
0,525,-0.408427,0.482714,1.7446,0.333333,1,0,0,0,0.3
0,525,-0.408427,0.482714,1.2103,0.25,0.5,0,0,0,0.4
0,525,-0.408427,0.482714,0.692715,0.2,0.333333,0,0,0,0.5
0,525,-0.408427,0.482714,0.191067,0.166667,0.25,0,0,0,0.6
0,525,-0.408427,0.482714,-0.29537,0.142857,0.2,0,0,0,0.7
0,525,-0.408427,0.482714,-0.767276,0.125,0.166667,0,0,0,0.8
0,525,-0.408427,0.482714,-1.22529,0.111111,0.142857,0,0,0,0.9
0,525,-0.408427,0.482714,-1.67003,0.1,0.125,0,0,0,1
0,526,-0.448325,0.68955,1.13306,0.166667,0.333333,0.0972222,0,0,0.1
0,526,-0.30902,-0.398892,-1.32093,0.2,0.125,0.0382775,0,0,0.2
0,526,-0.227242,0.308327,-0.1127,0.25,0.142857,0.155172,0,0,0.3
0,526,1.4062,-1.13291,0.0749226,0.5,0.111111,0.205882,0,0,0.4
0,526,-0.612033,0.794788,0.634876,0.125,0.5,0.136364,0,0,0.5
1,526,0.437268,0.495507,1.74548,0.333333,0.2,0.119048,1,0,0.6
0,526,-0.885551,0.506316,-1.24932,0.111111,0.25,0.105263,0,0,0.7
0,526,-1.10484,0.812894,0.225654,0.1,1,0.122807,0,0,0.8
0,526,-0.46686,0.383207,-1.35669,0.142857,0.166667,0.153846,0,0,0.9
1,526,2.2104,-2.45879,0.225654,1,0.1,0.326531,0,0,1
1,527,-0.828939,1.52803,0.837167,0.125,1,0.108108,1,0,0.1
0,527,-0.0517484,-0.450373,-0.854247,0.166667,0.142857,0.0756303,1,0,0.2
0,527,-1.13319,0.30492,-1.52682,0.1,0.2,0.0746269,0,0,0.3
1,527,2.51191,0.200426,1.57438,1,0.166667,0.153846,0,0.166667,0.4
0,527,0.123962,-0.720317,-0.434065,0.25,0.125,0.0875,0,0.166667,0.5
0,527,0.619159,-1.33317,0.0471755,0.5,0.111111,0.105882,0,0,0.6
0,527,-0.638407,0.675627,0.339329,0.142857,0.333333,0.0571429,0,0,0.7
0,527,-0.914309,0.620293,-0.786643,0.111111,0.25,0.0877193,0,0,0.8
0,527,0.0427342,0.974916,1.52258,0.2,0.5,0.159091,0,0,0.9
0,527,0.26883,-1.80035,-0.718856,0.333333,0.1,0.15625,0,0,1
0,528,-0.552829,0.800856,-0.0547773,0.142857,0.25,0.0612245,0,0.166667,0.1
1,528,-0.422582,-1.89269,-1.47624,0.166667,0.1,0.173913,1,0.166667,0.2
0,528,-0.594016,1.13112,0.646226,0.125,1,0.0576923,0,0,0.3
0,528,1.75991,-1.20711,0.0364157,0.5,0.111111,0.0603448,0,0,0.4
0,528,-0.185868,-0.101948,-0.361745,0.2,0.142857,0.078125,0,0,0.5
0,528,0.082786,-0.940073,-0.0183512,0.333333,0.125,0.0327869,0,0,0.6
0,528,-1.24357,0.961138,-0.554899,0.1,0.333333,0.0344828,0,0,0.7
0,528,0.0789296,-0.0434652,0.234003,0.25,0.166667,0.16129,1,0.166667,0.8
1,528,1.9335,1.08491,2.46357,1,0.5,0.0697674,1,0,0.9
0,528,-0.856255,0.207262,-0.914193,0.111111,0.2,0.130435,0,0.166667,1
0,529,-0.541183,-0.00645979,-0.932303,0.142857,0.166667,0.0561798,0,0.166667,0.1
1,529,-0.0553632,-0.0166909,-0.0774465,0.25,0.142857,0.08,1,0.166667,0.2
0,529,-0.217987,-1.14233,-1.29253,0.2,0.111111,0.0833333,1,0.166667,0.3
0,529,-0.634399,0.091933,-0.907732,0.125,0.2,0.0677966,0,0,0.4
1,529,0.99071,0.496725,2.54349,0.5,0.333333,0.111111,1,0,0.5
0,529,2.50157,-1.79866,0.155067,1,0.1,0.150943,0,0,0.6
0,529,0.195556,-0.620969,-0.0259457,0.333333,0.125,0.0496454,0,0,0.7
0,529,-1.05077,2.07175,0.155067,0.1,1,0.0508475,0,0,0.8
0,529,-0.882621,0.684942,0.0514861,0.111111,0.5,0.0547945,0,0,0.9
0,529,-0.305512,0.23977,0.330843,0.166667,0.25,0.0657895,1,0.166667,1
1,530,0.777424,1.20364,2.29949,0.25,1,0.0606061,1,0,0.1
0,530,-0.262089,0.521945,0.330958,0.142857,0.333333,0.1,0,0,0.2
0,530,1.24438,-0.0278287,1.17066,1,0.142857,0.114286,1,0.166667,0.3
0,530,0.907493,-0.572396,-0.367066,0.333333,0.111111,0.150943,0,0,0.4
0,530,-1.26583,0.400857,-1.15509,0.111111,0.2,0.0546875,0,0.166667,0.5
0,530,0.134466,-0.257271,-1.18732,0.166667,0.125,0.0879121,0,0,0.6
0,530,-1.06341,0.422928,-0.423356,0.125,0.25,0.0744681,0,0.166667,0.7
0,530,0.369446,0.216024,-0.0921918,0.2,0.166667,0.108108,0,0,0.8
0,530,-1.78343,0.730982,-0.288043,0.1,0.5,0.0566038,0,0,0.9
1,530,0.941557,-2.63888,-0.288043,0.5,0.1,0.114754,1,0.166667,1
0,531,-0.571677,0.441861,-0.599006,0.166667,0.166667,0.0819672,1,0.666667,0.1
0,531,-0.417791,0.75371,1.89951,0.2,0.5,0.178571,1,0.333333,0.2
0,531,-0.626791,0.560062,-0.584645,0.142857,0.2,0.0847458,0,0.333333,0.3
0,531,0.658456,-1.20668,-0.469522,0.333333,0.111111,0.0675676,0,0.333333,0.4
0,531,0.695792,-0.893575,0.498718,0.5,0.125,0.0952381,1,0.333333,0.5
1,531,2.32933,-0.867389,1.49741,1,0.142857,0.139535,1,0,0.6
0,531,-0.68129,0.685336,-0.0296588,0.125,0.333333,0.0769231,0,0,0.7
0,531,0.587402,-1.63126,-1.40868,0.25,0.1,0.0649351,0,0,0.8
0,531,-1.04093,1.55702,0.177259,0.1,1,0.0697674,0,0,0.9
1,531,-0.932498,0.600905,-0.981388,0.111111,0.25,0.0909091,1,0,1
0,532,-0.157993,-0.351764,-0.0909569,0.25,0.142857,0.0472441,0,0.333333,0.1
0,532,-0.346405,0.387185,0.388558,0.166667,0.25,0.056338,0,0,0.2
0,532,-0.499245,1.46895,1.07305,0.125,1,0.0930233,1,0.666667,0.3
0,532,-0.662444,0.216122,-1.51801,0.111111,0.2,0.0470588,0,0.166667,0.4
1,532,2.87878,-1.67337,0.182118,1,0.1,0.157143,1,0,0.5
0,532,-0.495205,-0.0897635,-1.09494,0.142857,0.166667,0.0588235,1,0.666667,0.6
0,532,-0.691786,0.947725,-0.921403,0.1,0.333333,0.0689655,1,0.666667,0.7
0,532,-0.225688,1.20883,1.95158,0.2,0.5,0.0724638,1,0.5,0.8
1,532,0.305986,-0.812184,0.512389,0.5,0.125,0.0689655,1,0.166667,0.9
0,532,-0.106,-1.30173,-0.482393,0.333333,0.111111,0.142857,1,0.166667,1
0,533,-0.653838,0.319259,-0.531224,0.142857,0.2,0.135802,1,0.5,0.1
0,533,-0.124336,-0.127744,-0.0804407,0.25,0.142857,0.137931,1,0.5,0.2
0,533,0.821699,-0.178493,-0.0269488,0.333333,0.125,0.217391,1,0.666667,0.3
1,533,1.67621,-1.58506,0.0534766,0.5,0.111111,0.16,1,0,0.4
1,533,1.86134,-2.00317,0.161062,1,0.1,0.314815,0,0,0.5
0,533,-0.610317,0.783267,1.24585,0.2,0.333333,0.088,0,0,0.6
0,533,-0.859465,0.0314895,-2.16787,0.1,0.166667,0.107143,0,0,0.7
0,533,-0.632118,1.10818,1.78466,0.166667,1,0.0733333,1,0.5,0.8
0,533,-0.777306,1.06824,0.0534766,0.111111,0.5,0.115942,0,0.166667,0.9
0,533,-0.701872,0.584039,-0.492043,0.125,0.25,0.103093,1,0.333333,1
0,534,0.86046,-1.0903,-0.3756,0.333333,0.111111,0.152,1,1.33333,0.1
0,534,-0.76292,0.467573,-0.467695,0.142857,0.2,0.142857,1,1,0.2
0,534,-1.2766,0.90144,-0.29474,0.1,0.5,0.12987,1,1,0.3
0,534,-0.98804,0.566521,-0.433199,0.125,0.25,0.15493,1,1,0.4
1,534,1.62113,-0.285302,1.19787,1,0.142857,0.137931,1,0.333333,0.5
0,534,-1.23183,-0.0725414,-1.56679,0.111111,0.166667,0.176471,0,0,0.6
0,534,0.345785,-0.902498,-0.830073,0.2,0.125,0.245902,1,1,0.7
1,534,1.1476,-1.90555,-0.29474,0.5,0.1,0.24,1,1,0.8
0,534,-0.331704,1.50242,1.57123,0.166667,1,0.148148,1,1,0.9
0,534,0.616111,0.818241,1.49373,0.25,0.333333,0.121495,1,0.333333,1
0,535,-0.624448,0.917733,0.152935,0.166667,0.25,0.0714286,1,0.333333,0.1
0,535,-0.88292,-1.03042,-1.51461,0.1,0.111111,0.0505051,0,0.166667,0.2
0,535,-0.806088,-0.946408,-0.98607,0.125,0.125,0.0714286,0,0,0.3
1,535,2.44031,0.627182,0.988812,1,0.2,0.111111,1,0,0.4
0,535,-0.841753,-1.5716,-1.51461,0.111111,0.1,0.0493827,0,0.166667,0.5
0,535,0.36769,1.18905,1.18943,0.25,1,0.0897436,1,0.333333,0.6
0,535,0.779722,-0.873085,0.384859,0.5,0.142857,0.0945946,0,0,0.7
0,535,-0.0653694,0.969594,0.554469,0.2,0.333333,0.0458716,0,0.166667,0.8
1,535,0.408992,1.05291,1.17575,0.333333,0.5,0.0921053,1,0.333333,0.9
0,535,-0.776133,-0.334952,-0.430965,0.142857,0.166667,0.0675676,0,0.166667,1
0,536,-0.712036,0.00937926,-1.44227,0.111111,0.166667,0.0857143,1,0.833333,0.1
0,536,2.13549,-1.9337,0.130531,1,0.1,0.295455,1,0,0.2
1,536,0.0463996,1.99216,2.54288,0.333333,1,0.116279,0,0,0.3
0,536,-0.258985,-0.230127,-0.398769,0.25,0.125,0.145455,1,0.833333,0.4
0,536,-0.805906,0.66149,-0.271314,0.1,0.5,0.0588235,1,0.833333,0.5
0,536,-0.689912,0.479562,-0.0218403,0.125,0.333333,0.0707071,1,0.833333,0.6
0,536,-0.517659,-0.0545092,-0.784784,0.166667,0.142857,0.08,1,1,0.7
1,536,1.73058,-1.22735,0.0433394,0.5,0.111111,0.210526,1,0,0.8
0,536,-0.613252,0.0614233,-0.430523,0.142857,0.2,0.0795455,1,0.166667,0.9
0,536,-0.31472,0.241674,0.632754,0.2,0.25,0.170213,1,0.833333,1
0,537,-0.360095,0.1955,-0.704343,0.125,0.2,0.189189,0,0,0.1
0,537,-0.342257,1.45649,1.01643,0.142857,1,0.194444,0,0,0.2
0,537,-0.200244,1.12516,0.962824,0.166667,0.5,0.0909091,0,0,0.3
0,537,1.6427,-0.0505886,1.33324,1,0.166667,0.129032,1,0.333333,0.4
0,537,-1.61591,-0.337085,-1.93633,0.1,0.142857,0.0789474,0,0,0.5
0,537,-0.129436,0.658582,0.920029,0.25,0.25,0.0958904,1,0.333333,0.6
0,537,0.878465,-0.849921,-0.0201322,0.333333,0.125,0.1,1,0.166667,0.7
1,537,-0.169803,-1.35536,-1.00292,0.2,0.111111,0.193548,1,0.166667,0.8
1,537,1.47911,-1.66839,-0.250096,0.5,0.1,0.21875,1,0.5,0.9
0,537,-1.18254,0.825604,-0.318709,0.111111,0.333333,0.109589,1,0.166667,1
0,538,-0.827976,-0.841297,-1.92044,0.125,0.111111,0.0612245,1,0.333333,0.1
0,538,-0.736531,0.099637,-0.390084,0.142857,0.2,0.16129,1,0.5,0.2
1,538,0.860103,0.534359,1.93992,0.333333,0.5,0.184211,0,0,0.3
0,538,1.76693,-0.164032,0.696852,1,0.125,0.145833,1,0.666667,0.4
0,538,-0.039054,0.062784,-0.078681,0.2,0.166667,0.181818,0,0,0.5
0,538,-0.888223,1.84178,0.403368,0.111111,1,0.0645161,1,0.333333,0.6
0,538,-0.609802,-0.128577,-0.711069,0.166667,0.142857,0.0833333,1,0.5,0.7
0,538,-1.18654,0.454193,-0.598371,0.1,0.333333,0.0588235,1,0.333333,0.8
0,538,0.137608,0.416548,0.904335,0.25,0.25,0.157895,1,0.333333,0.9
1,538,1.52348,-2.27539,-0.24583,0.5,0.1,0.129032,1,0.666667,1
0,539,-0.107022,0.049656,0.716799,0.25,0.2,0.12,1,0.166667,0.1
0,539,0.397248,-1.14427,0.0490959,0.5,0.111111,0.121212,0,0,0.2
0,539,-0.230635,0.370228,0.315484,0.166667,0.25,0.0681818,1,0.166667,0.3
1,539,-0.534604,1.88335,0.504315,0.111111,1,0.0895522,0,0,0.4
0,539,-0.265807,-0.591517,-1.65624,0.142857,0.125,0.129412,0,0.166667,0.5
0,539,-1.6207,0.633174,-0.748119,0.1,0.333333,0.0504202,0,0,0.6
0,539,0.245664,-0.432151,0.742478,0.333333,0.166667,0.148148,0,0,0.7
0,539,-0.179894,1.25107,1.58456,0.2,0.5,0.108434,1,0.333333,0.8
0,539,-0.278043,-0.529097,-1.65624,0.125,0.142857,0.127907,0,0,0.9
1,539,2.57379,-1.49044,0.147868,1,0.1,0.254237,1,0.166667,1
1,540,1.60795,-0.39976,1.14846,1,0.166667,0.176471,1,1,0.1
0,540,-0.211374,-0.825707,-0.341851,0.2,0.142857,0.105263,1,0.833333,0.2
0,540,-0.98671,0.672812,-1.11377,0.1,0.2,0.0506329,0,0.166667,0.3
0,540,1.11985,1.55969,2.01914,0.333333,1,0.152542,0,0,0.4
0,540,-0.945335,-1.4951,-1.66796,0.142857,0.1,0.114286,1,0.833333,0.5
1,540,1.40908,-0.9824,0.291608,0.5,0.125,0.228571,1,0.166667,0.6
0,540,0.411777,-1.00044,-0.573832,0.25,0.111111,0.114754,1,0.833333,0.7
0,540,-0.470442,0.7217,0.221134,0.166667,0.25,0.0714286,1,0.833333,0.8
0,540,-0.982308,0.977291,0.0344131,0.111111,0.5,0.0645161,0,0.166667,0.9
0,540,-0.952478,0.771911,-0.017342,0.125,0.333333,0.0625,1,0.833333,1
1,541,1.48357,-1.39717,0.0388265,0.5,0.111111,0.166667,1,0.166667,0.1
0,541,-1.24837,0.723243,-0.591634,0.1,0.333333,0.0581395,0,0.166667,0.2
0,541,-0.0279012,-0.717186,-0.357245,0.25,0.125,0.102941,0,0,0.3
0,541,0.988252,1.26985,1.91809,0.333333,0.5,0.142857,1,0.166667,0.4
0,541,-1.21426,1.53066,0.398827,0.111111,1,0.0952381,0,0,0.5
0,541,-0.624766,0.31468,-0.0584036,0.142857,0.25,0.0833333,1,0.166667,0.6
0,541,-0.230576,-0.424446,-0.703064,0.166667,0.142857,0.106061,0,0,0.7
0,541,-0.719316,0.0284876,-1.00191,0.125,0.166667,0.0437956,0,0.333333,0.8
1,541,-0.0860489,-1.63696,-1.2566,0.2,0.1,0.1,0,0,0.9
0,541,1.67942,0.308843,1.61312,1,0.2,0.0853659,1,0,1
0,542,0.448982,0.89292,2.05041,0.5,1,0.0707071,0,0,0.1
0,542,-0.162073,0.0274798,-0.301078,0.2,0.142857,0.0652174,0,0,0.2
0,542,-0.663553,0.771682,-0.241793,0.111111,0.333333,0.0568182,0,0,0.3
1,542,2.80737,-2.66125,0.0912841,1,0.1,0.125,1,0,0.4
0,542,-0.44387,-0.556328,-1.00862,0.166667,0.111111,0.105263,0,0,0.5
1,542,-0.783654,0.527609,-0.725438,0.1,0.25,0.115385,0,0,0.6
0,542,0.00812486,0.864591,1.49729,0.333333,0.5,0.0618557,0,0,0.7
0,542,-0.0878014,0.24984,0.442504,0.25,0.2,0.084507,0,0,0.8
0,542,-0.546419,-0.302794,-1.02245,0.142857,0.125,0.0675676,0,0,0.9
0,542,-0.577103,0.186252,-0.782104,0.125,0.166667,0.125,0,0,1
0,543,-0.336278,-0.0103654,-0.346479,0.2,0.142857,0.0851064,1,1,0.1
1,543,2.15998,-2.38274,0.105049,1,0.1,0.292683,1,0.166667,0.2
0,543,1.06352,-0.914115,-0.278254,0.333333,0.111111,0.0978261,1,1.16667,0.3
0,543,-0.807768,0.234319,-0.614938,0.125,0.2,0.0909091,1,1.16667,0.4
0,543,-0.524625,0.117836,-0.35499,0.166667,0.166667,0.0833333,1,1.16667,0.5
0,543,-0.870258,-0.443328,-1.959,0.1,0.125,0.104167,1,1,0.6
0,543,-0.581426,1.00614,0.564014,0.142857,0.5,0.102941,1,1.16667,0.7
0,543,-0.329756,1.18024,1.74313,0.25,1,0.123077,1,1.16667,0.8
0,543,-0.869746,0.808186,-0.278254,0.111111,0.333333,0.0740741,1,1.16667,0.9
1,543,1.09635,0.40382,1.41973,0.5,0.25,0.0754717,1,0.166667,1
0,544,0.115783,-0.328234,-0.355765,0.2,0.142857,0.0735294,1,0.166667,0.1
0,544,0.0867684,0.790735,0.863136,0.166667,0.5,0.106383,0,0,0.2
0,544,-1.35692,1.59388,0.36788,0.111111,1,0.0833333,0,0,0.3
1,544,0.146103,-1.83344,-0.857203,0.25,0.1,0.0617284,0,0.166667,0.4
0,544,0.0376189,0.490573,-0.0538718,0.142857,0.25,0.131579,0,0,0.5
0,544,1.90483,0.631504,2.10132,1,0.333333,0.0892857,0,0,0.6
0,544,-1.56418,0.463803,-1.1591,0.1,0.2,0.12,0,0,0.7
0,544,0.192683,0.369356,0.541611,0.333333,0.166667,0.0704225,1,0.166667,0.8
1,544,1.19521,-1.11943,0.0358137,0.5,0.111111,0.0769231,0,0,0.9
0,544,-0.757899,-1.05875,-1.48382,0.125,0.125,0.111111,0,0.166667,1
0,545,2.69437,-1.97987,0.0925734,1,0.1,0.0555556,1,0,0.1
0,545,-0.503046,0.626828,0.464831,0.166667,0.333333,0.0952381,0,0,0.2
0,545,-0.199589,0.565397,0.975171,0.333333,0.25,0.0769231,0,0,0.3
1,545,-0.21844,0.281129,0.448754,0.25,0.2,0.117647,1,0.166667,0.4
1,545,-0.279359,-1.74996,-0.771625,0.2,0.111111,0.0877193,0,0,0.5
0,545,0.917922,1.06339,2.07937,0.5,1,0.0967742,0,0,0.6
0,545,-0.727289,0.17622,-1.24602,0.1,0.166667,0.0588235,1,0.166667,0.7
0,545,-0.592634,1.03146,0.0307367,0.111111,0.5,0.0930233,0,0,0.8
0,545,-0.583308,0.00362838,-1.0369,0.125,0.142857,0.0784314,0,0,0.9
0,545,-0.508631,-0.0182151,-1.0369,0.142857,0.125,0.1,0,0,1
0,546,0.0279609,0.413105,0.280849,0.25,0.166667,0.106796,1,0.333333,0.1
0,546,-0.508868,0.479109,-0.434164,0.142857,0.2,0.134328,1,1,0.2
0,546,-0.805878,0.574424,-0.728789,0.111111,0.25,0.142857,1,1.16667,0.3
0,546,-0.8712,0.789888,0.131635,0.1,1,0.0958904,1,0.833333,0.4
0,546,-0.593986,-0.0918241,-1.47441,0.125,0.142857,0.132353,1,1.16667,0.5
1,546,0.513654,-2.6843,-0.665988,0.333333,0.1,0.22,1,1.33333,0.6
0,546,0.595914,0.614701,2.15914,0.5,0.333333,0.2,1,1,0.7
1,546,2.62284,-0.628672,0.448949,1,0.111111,0.16,0,0,0.8
0,546,-0.481548,-0.241442,-0.770563,0.2,0.125,0.142857,1,1.16667,0.9
0,546,-0.498889,0.77501,1.05334,0.166667,0.5,0.204545,1,1,1
1,547,-0.385454,-0.192279,-0.507393,0.2,0.142857,0.142857,0,0.166667,0.1
0,547,-0.595288,0.589336,-0.851711,0.111111,0.25,0.166667,0,0.166667,0.2
0,547,-0.591541,0.754287,0.825956,0.142857,0.5,0.0877193,0,0,0.3
0,547,-0.454153,0.141615,-0.519856,0.166667,0.166667,0.132075,0,0.166667,0.4
0,547,-0.59503,1.39832,0.906413,0.125,1,0.076087,0,0,0.5
0,547,1.35646,-1.11058,0.0510776,0.5,0.111111,0.15625,1,0.166667,0.6
1,547,2.4731,-2.27372,0.153837,1,0.1,0.166667,1,0.166667,0.7
0,547,-0.162556,0.713062,2.06475,0.333333,0.333333,0.0824742,1,0.333333,0.8
0,547,-0.353059,-0.292448,-0.469969,0.25,0.125,0.137255,1,0.333333,0.9
0,547,-0.692481,0.272412,-1.65311,0.1,0.2,0.0923077,1,0.5,1
0,548,-0.370837,1.08678,1.25382,0.166667,1,0.2,0,0,0.1
0,548,-0.0290476,0.92976,1.52926,0.5,0.25,0.192982,0,0,0.2
1,548,2.94232,-1.38595,0.113154,1,0.1,0.163934,1,0.166667,0.3
0,548,-0.473281,1.0244,0.60753,0.142857,0.5,0.123288,0,0,0.4
1,548,-0.109457,0.774033,0.548521,0.25,0.2,0.2,0,0,0.5
0,548,-0.651356,0.935157,-0.572489,0.1,0.333333,0.16,0,0,0.6
0,548,-0.492937,-0.257494,-1.25027,0.111111,0.166667,0.156863,1,0.166667,0.7
0,548,-0.265313,-0.658595,-0.373212,0.2,0.142857,0.145833,0,0.166667,0.8
0,548,-0.0756802,-1.14052,-0.0189329,0.333333,0.125,0.155556,0,0.166667,0.9
0,548,-0.474408,-1.30757,-1.83738,0.125,0.111111,0.105263,0,0,1
0,549,-0.733906,0.534788,0.513162,0.166667,0.333333,0.272727,0,0,0.1
0,549,-0.798582,0.431753,-1.09821,0.1,0.2,0.257143,0,0,0.2
0,549,-0.175088,0.295594,-0.337078,0.2,0.142857,0.322581,0,0,0.3
0,549,0.28421,-0.989163,-0.270703,0.333333,0.111111,0.222222,0,0,0.4
1,549,1.32283,-2.29378,-0.212425,0.5,0.1,0.37037,1,0,0.5
0,549,-0.733906,0.560838,0.54871,0.142857,0.5,0.257143,0,0,0.6
0,549,-0.746377,0.456736,-0.565819,0.111111,0.25,0.321429,0,0,0.7
1,549,2.30553,1.38175,2.6102,1,1,0.145455,1,0,0.8
0,549,0.0174986,-0.77931,-0.312216,0.25,0.125,0.219512,0,0.166667,0.9
0,549,-0.742208,0.400794,-0.875619,0.125,0.166667,0.264706,0,0.166667,1
0,550,-0.295426,0.828611,1.18423,0.166667,0.5,0.108333,0,0,0.1
0,550,-0.573957,0.389571,-1.23355,0.111111,0.2,0.129032,1,0.5,0.2
0,550,-0.609351,0.176749,-1.99194,0.1,0.166667,0.138462,1,0.5,0.3
0,550,-0.0666643,-0.173905,-0.0247617,0.333333,0.125,0.189189,1,0.166667,0.4
0,550,-0.271374,0.562773,1.14474,0.2,0.333333,0.12963,0,0,0.5
0,550,-0.204024,-0.0550529,-0.0739125,0.25,0.142857,0.119048,1,0.166667,0.6
0,550,-0.534779,0.491561,-0.452111,0.125,0.25,0.15,1,0,0.7
1,550,2.92059,-2.77188,0.147991,1,0.1,0.380282,0,0,0.8
0,550,-0.506399,0.868815,1.25017,0.142857,1,0.139241,1,0.5,0.9
1,550,0.141381,-0.317246,0.0491367,0.5,0.111111,0.158416,1,0.5,1
0,551,0.431262,-2.51231,-0.4881,0.333333,0.1,0.0921053,1,0,0.1
0,551,0.0564806,-0.60491,-0.804142,0.2,0.111111,0.12766,0,0,0.2
0,551,-0.725759,0.057571,-0.826575,0.125,0.166667,0.111111,0,0,0.3
0,551,-0.687705,0.66506,0.230403,0.142857,0.333333,0.133333,1,0.166667,0.4
1,551,0.547135,1.41073,2.167,0.5,1,0.103896,0,0,0.5
0,551,-1.03158,-0.14434,-1.31999,0.111111,0.142857,0.111111,1,0.166667,0.6
0,551,-0.282754,0.313419,0.205833,0.166667,0.25,0.116667,0,0,0.7
0,551,0.242305,-0.209816,-0.294728,0.25,0.125,0.148936,0,0,0.8
0,551,-1.04342,0.827419,-0.200527,0.1,0.5,0.0930233,0,0,0.9
1,551,2.49404,0.197184,1.33083,1,0.2,0.096,0,0,1
0,552,-0.501499,-0.4047,-0.58575,0.166667,0.142857,0.0740741,0,0.333333,0.1
0,552,-0.963583,-0.345637,-1.31134,0.1,0.166667,0.0638298,1,0,0.2
0,552,1.03541,0.673425,1.59803,0.5,0.333333,0.0361446,0,0,0.3
0,552,-0.670033,0.665536,-0.297635,0.125,0.25,0.0727273,0,0,0.4
0,552,-0.422979,-1.26982,-0.812072,0.2,0.111111,0.0655738,0,0.333333,0.5
0,552,2.42795,-0.900822,0.574038,1,0.125,0.111111,0,0.333333,0.6
1,552,0.030983,-1.48116,-0.774247,0.25,0.1,0.210526,1,0,0.7
0,552,-0.823655,0.771415,0.0323478,0.111111,0.5,0.0634921,0,0,0.8
1,552,0.463035,1.84636,1.89796,0.333333,1,0.0517241,1,0,0.9
0,552,-0.57563,0.445407,-0.321336,0.142857,0.2,0.0816327,0,0,1
1,553,0.326143,0.423143,0.839066,0.333333,0.2,0.0967742,0,0,0.1
0,553,-1.14018,0.801792,-0.548807,0.1,0.333333,0.129032,0,0,0.2
0,553,-0.440283,-1.56405,-1.19855,0.166667,0.111111,0.210526,0,0,0.3
0,553,2.02176,-1.85085,0.108473,1,0.1,0.212766,1,0,0.4
0,553,1.71356,0.517791,1.466,0.5,0.25,0.15,0,0,0.5
1,553,-0.420173,0.404084,-0.0721637,0.2,0.166667,0.125,0,0,0.6
0,553,-0.662234,-0.930331,-1.4922,0.125,0.125,0.0731707,0,0,0.7
0,553,-0.710524,1.13622,0.369957,0.111111,1,0.0775862,0,0,0.8
0,553,-0.442259,0.253467,-0.937779,0.142857,0.142857,0.113924,0,0,0.9
0,553,-0.245809,0.808725,1.466,0.25,0.5,0.105882,0,0,1
0,554,1.8712,-0.260857,0.989922,1,0.166667,0.0316742,1,0,0.1
0,554,-0.139557,1.63793,0.754695,0.142857,1,0.0390625,0,0,0.2
0,554,-2.0218,-0.402817,-1.43771,0.1,0.142857,0.0625,0,0,0.3
0,554,-1.19993,-1.23445,-1.67235,0.111111,0.111111,0.0462963,0,0,0.4
0,554,0.0315884,0.976267,0.448588,0.166667,0.333333,0.0412371,0,0,0.5
0,554,0.401952,-1.66651,-0.451996,0.333333,0.1,0.106383,0,0,0.6
1,554,-0.252486,0.328877,-0.272928,0.125,0.25,0.136364,1,0,0.7
0,554,0.747927,1.18075,1.73168,0.5,0.5,0.0492958,0,0,0.8
0,554,0.215347,0.0153279,0.183031,0.2,0.2,0.0666667,0,0,0.9
1,554,0.345761,-0.574523,-0.272928,0.25,0.125,0.0952381,1,0,1
0,555,-1.17236,1.19419,-0.396051,0.1,0.333333,0.0789474,1,0.833333,0.1
1,555,0.939538,-0.815866,-0.0130979,0.333333,0.125,0.125,1,0.166667,0.2
1,555,-0.119065,-1.82306,-0.841194,0.2,0.1,0.0869565,1,0.833333,0.3
0,555,-0.560886,-0.00209224,-0.25819,0.142857,0.2,0.056338,1,0.833333,0.4
0,555,1.35272,0.708079,1.05795,0.5,0.25,0.0810811,0,0,0.5
0,555,1.8397,1.2346,1.99933,1,1,0.0754717,1,0.166667,0.6
0,555,-0.815246,-0.848644,-1.27111,0.125,0.111111,0.056338,1,0.833333,0.7
0,555,-0.477312,-0.382407,-0.264532,0.166667,0.166667,0.133333,1,0.833333,0.8
0,555,0.14681,1.21093,1.05795,0.25,0.5,0.0862069,0,0,0.9
0,555,-1.1339,-0.475734,-1.07106,0.111111,0.142857,0.1,1,0.833333,1
0,556,-0.374937,-1.15975,-0.686157,0.25,0.1,0.137255,0,0.666667,0.1
0,556,-1.05856,0.289681,-0.686157,0.1,0.25,0.0657895,0,0,0.2
0,556,-0.451655,-0.338943,0.176891,0.2,0.2,0.122807,0,0.666667,0.3
0,556,-0.459939,-0.705189,-0.746442,0.142857,0.142857,0.116667,0,0.666667,0.4
0,556,-0.459763,-0.944552,-0.954009,0.166667,0.111111,0.132075,0,0.666667,0.5
0,556,-0.483857,-0.468241,-0.954009,0.111111,0.166667,0.109375,0,0.666667,0.6
1,556,2.29973,0.852698,1.68202,1,0.333333,0.101695,1,0,0.7
0,556,-0.084202,-0.710865,-0.0144466,0.333333,0.125,0.111111,0,0,0.8
0,556,-0.464944,1.07179,0.242921,0.125,0.5,0.1,0,0,0.9
1,556,1.53812,2.11336,1.93939,0.5,1,0.0972222,1,0,1
0,557,0.405522,-0.90511,-0.501781,0.2,0.125,0.111111,1,1,0.1
0,557,1.16639,-1.44861,-0.178171,0.5,0.1,0.139535,1,0.333333,0.2
0,557,1.72693,0.876726,1.66989,1,0.333333,0.131579,1,0.333333,0.3
0,557,-0.727822,0.49186,-0.26187,0.125,0.25,0.125,0,0,0.4
0,557,-1.57901,-0.702682,-1.37946,0.1,0.142857,0.166667,1,0.666667,0.5
1,557,-0.405043,1.44755,0.949815,0.166667,1,0.0877193,1,0.666667,0.6
0,557,0.558078,1.29899,1.15848,0.25,0.5,0.121212,1,0.333333,0.7
0,557,-0.599254,-1.26153,-1.17283,0.142857,0.111111,0.16129,1,0.666667,0.8
1,557,0.589151,0.404045,0.663054,0.333333,0.2,0.142857,1,0.666667,0.9
0,557,-1.13494,-0.201244,-0.947131,0.111111,0.166667,0.106383,1,0.666667,1
1,558,1.94215,0.631742,1.65404,1,0.333333,0.0645161,1,0,0.1
1,558,0.0693913,0.0752565,-0.0564846,0.2,0.166667,0.0535714,1,0.833333,0.2
0,558,-0.976729,0.493108,-0.470074,0.111111,0.25,0.0645161,0,0.166667,0.3
0,558,-0.211584,-0.143864,-0.510472,0.166667,0.142857,0.0375,1,0.833333,0.4
0,558,0.255521,-1.085,-0.470074,0.25,0.111111,0.0769231,1,0.833333,0.5
0,558,-0.965595,-1.83031,-1.58335,0.125,0.1,0.0740741,0,0,0.6
0,558,-0.956249,-0.909398,-0.951006,0.142857,0.125,0.0833333,1,0.833333,0.7
0,558,-1.022,1.7708,0.0849052,0.1,1,0.025974,0,0.166667,0.8
0,558,0.418433,0.0842706,0.656761,0.333333,0.2,0.0967742,1,0.833333,0.9
0,558,1.44666,0.913397,1.64575,0.5,0.5,0.0588235,1,0.833333,1
0,559,-1.05118,1.44124,0.034582,0.111111,0.5,0.0877193,1,0.333333,0.1
0,559,0.763785,0.351341,1.39793,0.333333,0.333333,0.0958904,0,0,0.2
0,559,0.1149,-1.28527,-0.576649,0.25,0.111111,0.07,0,0,0.3
0,559,-1.11391,1.96502,0.104155,0.1,1,0.0869565,1,0.166667,0.4
1,559,2.18932,-0.0992539,1.43677,1,0.2,0.102941,0,0,0.5
0,559,1.08508,-0.200005,0.83345,0.5,0.166667,0.121212,0,0,0.6
0,559,-0.563304,-0.453316,-1.16662,0.142857,0.125,0.0697674,0,0,0.7
0,559,-0.7032,-0.249445,-1.16662,0.125,0.142857,0.0582524,0,0,0.8
1,559,-0.273951,-0.0689393,0.504896,0.2,0.25,0.146341,0,0,0.9
0,559,-0.44754,-1.40137,-1.40191,0.166667,0.1,0.192308,1,0.166667,1
0,560,-0.374178,-0.986187,-1.21383,0.142857,0.111111,0.0892857,1,1.16667,0.1
0,560,-0.322853,0.0248765,-0.299794,0.166667,0.166667,0.0594059,1,1.16667,0.2
0,560,-0.538125,1.04573,-0.0148438,0.125,0.333333,0.0505051,0,0,0.3
0,560,-0.0232104,0.0591797,0.686235,0.333333,0.2,0.0694444,1,1.16667,0.4
1,560,2.90611,-2.2407,0.0887157,1,0.1,0.227273,1,1.16667,0.5
0,560,0.113748,1.23752,1.99272,0.5,1,0.0987654,0,0,0.6
1,560,-0.180994,1.13038,1.19898,0.25,0.5,0.15,1,1.16667,0.7
0,560,-0.219427,-0.296839,-0.519324,0.2,0.125,0.0909091,1,1.16667,0.8
0,560,-0.676595,0.0883408,-0.491171,0.111111,0.25,0.0396825,1,1.16667,0.9
0,560,-0.68448,-0.0622936,-1.42769,0.1,0.142857,0.0408163,1,1.16667,1
1,561,2.30313,-0.1859,1.22304,1,0.2,0.25,1,0.5,0.1
0,561,0.846383,1.06959,1.45426,0.5,0.333333,0.102041,1,1,0.2
0,561,-0.579172,1.62035,0.748973,0.142857,1,0.0740741,1,1,0.3
0,561,0.652047,-1.12961,-0.448569,0.333333,0.1,0.0983607,0,0,0.4
1,561,-0.655823,-1.07863,-1.43966,0.125,0.111111,0.0714286,1,0,0.5
0,561,-0.161687,-0.704726,-0.292427,0.2,0.142857,0.0581395,1,0.833333,0.6
0,561,-1.34478,0.0786226,-0.704592,0.1,0.25,0.0425532,1,0.333333,0.7
0,561,0.205608,1.53791,1.19824,0.25,0.5,0.135135,1,0.5,0.8
0,561,-0.868105,-0.321587,-0.979641,0.111111,0.166667,0.078125,1,0.833333,0.9
0,561,-0.3976,-0.886021,-0.759631,0.166667,0.125,0.128205,0,0.666667,1
0,562,-0.518504,-1.09184,-1.64029,0.125,0.111111,0.18,1,0.833333,0.1
0,562,0.159264,0.0888614,0.206957,0.2,0.2,0.183333,1,0.833333,0.2
0,562,-0.209476,1.23495,0.241251,0.142857,0.333333,0.16,1,0.833333,0.3
0,562,-1.19785,1.33976,0.0335401,0.111111,0.5,0.0779221,0,0,0.4
0,562,0.385656,-0.54451,0.241251,0.333333,0.142857,0.192982,1,0.833333,0.5
1,562,2.07554,-1.65351,0.101017,1,0.1,0.272727,1,1.16667,0.6
0,562,0.332461,-0.718173,-0.308605,0.25,0.125,0.243902,1,1.16667,0.7
1,562,0.80031,1.37771,2.26903,0.5,1,0.135593,1,0.333333,0.8
0,562,-1.73521,-0.148775,-1.35967,0.1,0.166667,0.111111,1,1,0.9
0,562,-0.092198,0.115519,0.215524,0.166667,0.25,0.257143,1,0.333333,1
0,563,1.61129,0.272772,1.57828,1,0.333333,0.169231,1,1.33333,0.1
0,563,-0.852234,-0.501602,-1.30378,0.1,0.142857,0.173077,1,1.33333,0.2
0,563,-0.766194,0.275792,0.648295,0.166667,0.5,0.118421,1,1.33333,0.3
0,563,-0.558571,0.103144,0.165981,0.2,0.2,0.181818,1,1.33333,0.4
0,563,-0.775812,0.0655727,-0.487091,0.142857,0.166667,0.1875,1,1.33333,0.5
0,563,0.284399,-0.805096,-0.448544,0.25,0.111111,0.0552764,0,0,0.6
0,563,-0.814059,-0.776356,-1.11449,0.125,0.125,0.142857,1,1.33333,0.7
0,563,-0.846528,0.109126,-0.448544,0.111111,0.25,0.0918367,1,1.33333,0.8
1,563,1.46691,2.56876,1.81978,0.5,1,0.222222,1,1.33333,0.9
1,563,1.2508,-1.31211,-0.409891,0.333333,0.1,0.227273,1,1.33333,1
0,564,-0.476382,-0.609773,-0.596058,0.166667,0.142857,0.0425532,1,0,0.1
0,564,0.0224374,0.0926607,0.211521,0.25,0.166667,0.125,0,0,0.2
1,564,2.06772,-1.10194,0.0991404,1,0.1,0.138462,1,0.166667,0.3
0,564,0.26229,0.215349,1.04435,0.333333,0.25,0.0810811,0,0.166667,0.4
0,564,1.57266,0.535876,1.92167,0.5,0.5,0.0895522,1,0.166667,0.5
0,564,-0.624127,2.40194,0.58414,0.125,1,0.0740741,0,0.166667,0.6
0,564,-0.282625,-1.04164,-0.826363,0.2,0.111111,0.116279,0,0,0.7
0,564,-0.553515,0.385562,0.23677,0.142857,0.333333,0.104167,0,0,0.8
1,564,-1.31225,0.145493,-1.06535,0.1,0.2,0.0606061,0,0,0.9
0,564,-0.676211,-1.02353,-1.60982,0.111111,0.125,0.0869565,1,0,1
0,565,0.339698,0.0339685,0.32204,0.333333,0.142857,0.0555556,0,0,0.1
0,565,-0.515877,0.0855109,0.287698,0.25,0.166667,0.0535714,1,0.666667,0.2
0,565,-0.528865,0.437561,0.32204,0.142857,0.333333,0.0545455,0,0,0.3
1,565,1.51629,0.266408,1.445,0.5,0.2,0.0519481,1,0.166667,0.4
0,565,2.25343,-2.49312,0.134845,1,0.1,0.142857,1,0.166667,0.5
0,565,-0.525218,-0.727241,-1.48994,0.166667,0.111111,0.0306122,1,0.666667,0.6
0,565,-0.589003,-0.167491,-2.18959,0.111111,0.125,0.03125,1,0.666667,0.7
0,565,-0.518172,0.432074,0.653667,0.2,0.25,0.0555556,1,0.666667,0.8
1,565,-0.865599,1.56438,0.134845,0.1,1,0.0294118,1,0.666667,0.9
0,565,-0.566689,0.567953,0.379386,0.125,0.5,0.0422535,0,0,1
0,566,-0.522634,0.290554,0.906386,0.142857,0.5,0.103448,0,0,0.1
1,566,2.53598,-0.878286,0.994678,1,0.125,0.254902,0,0,0.2
0,566,-0.690712,0.289795,-0.447161,0.111111,0.333333,0.157143,0,0,0.3
0,566,-0.110757,-0.163484,0.360179,0.25,0.166667,0.224138,1,0.166667,0.4
0,566,-0.0139002,-0.936223,-0.447161,0.333333,0.111111,0.111111,0,0,0.5
0,566,-0.941341,2.6145,0.168817,0.1,1,0.123457,0,0,0.6
0,566,-0.465983,-1.04097,-2.27225,0.166667,0.1,0.171053,1,0.166667,0.7
1,566,1.11604,-0.400432,0.906386,0.5,0.142857,0.170455,0,0,0.8
0,566,-0.301201,0.273767,0.818349,0.2,0.25,0.192982,1,0,0.9
0,566,-0.605485,-0.04922,-0.988221,0.125,0.2,0.151899,1,0.333333,1
0,567,-0.550637,0.647409,-0.0428007,0.142857,0.25,0.060241,0,0,0.1
1,567,0.107787,0.947435,0.90274,0.25,0.333333,0.108696,1,0,0.2
0,567,-0.838401,1.02014,0.24111,0.125,0.5,0.0574713,0,0,0.3
1,567,2.35643,-1.06624,0.504934,1,0.125,0.111111,1,0,0.4
0,567,-0.987032,-1.46405,-1.81078,0.1,0.111111,0.108696,0,0,0.5
0,567,1.1891,1.3361,1.92493,0.5,1,0.0869565,1,0,0.6
0,567,-0.191354,0.0942083,-0.0570117,0.2,0.166667,0.0724638,0,0,0.7
0,567,0.185904,-0.224136,0.204665,0.333333,0.142857,0.0724638,0,0,0.8
0,567,-0.351846,-1.56324,-1.15348,0.166667,0.1,0.0952381,0,0,0.9
0,567,-0.919957,0.272375,-0.714312,0.111111,0.2,0.0657895,0,0,1
0,568,-0.757122,0.970471,-0.295188,0.111111,0.333333,0.0918367,0,0.166667,0.1
0,568,-0.274082,-0.652514,-0.652361,0.2,0.125,0.111111,0,0,0.2
0,568,-0.412458,1.50896,1.23485,0.166667,1,0.0854701,1,0.333333,0.3
0,568,-0.269557,-0.101815,0.540222,0.25,0.2,0.142857,1,0.166667,0.4
1,568,-0.423347,0.571994,-0.0556586,0.142857,0.25,0.15873,1,0.166667,0.5
0,568,0.232959,1.01325,1.82793,0.333333,0.5,0.0982143,0,0,0.6
0,568,-0.590892,-0.195894,-0.954816,0.125,0.166667,0.0989011,1,0.166667,0.7
0,568,0.655987,-2.05286,-0.231638,0.5,0.1,0.134831,0,0,0.8
1,568,2.70893,-0.826693,0.380082,1,0.111111,0.224138,1,0,0.9
0,568,-0.870415,-0.234902,-1.79342,0.1,0.142857,0.153846,0,0,1
0,569,-0.108038,0.508174,1.17933,0.333333,0.25,0.205479,1,0,0.1
0,569,-0.72383,-0.14518,-1.20304,0.1,0.2,0.0673575,0,0,0.2
0,569,-0.291074,0.778187,0.86599,0.2,0.333333,0.295455,0,0,0.3
1,569,0.642724,-0.951226,0.0371716,0.5,0.111111,0.164557,1,0,0.4
0,569,-0.581353,0.831505,0.0371716,0.111111,0.5,0.104,0,0.166667,0.5
1,569,2.79636,-1.7208,0.111954,1,0.1,0.287671,1,0,0.6
0,569,-0.232875,1.97563,1.8577,0.25,1,0.156863,1,0.166667,0.7
0,569,-0.532978,-0.153509,-0.959202,0.125,0.166667,0.0860927,0,0,0.8
0,569,-0.509596,-0.580464,-1.25398,0.142857,0.125,0.12381,1,0.333333,0.9
0,569,-0.45934,-0.54231,-0.673097,0.166667,0.142857,0.133929,0,0,1
0,570,0.214188,0.946612,2.07747,0.5,0.5,0.195122,1,1.16667,0.1
0,570,-0.108827,0.55551,0.819523,0.25,0.25,0.18,0,0,0.2
0,570,-0.0890413,-0.138538,-0.0179329,0.333333,0.125,0.12,1,1,0.3
0,570,-0.633582,-0.119257,-1.46644,0.111111,0.142857,0.14,1,1.16667,0.4
1,570,-0.296035,0.586107,0.538164,0.166667,0.333333,0.179487,1,1.16667,0.5
0,570,-0.4086,-0.276523,-1.46644,0.142857,0.111111,0.163265,1,1.16667,0.6
0,570,-0.574339,0.233775,-0.627399,0.125,0.2,0.194444,1,1,0.7
1,570,2.8813,-2.7177,0.107178,1,0.1,0.424242,1,0.5,0.8
0,570,-0.208466,-0.0192208,-0.071302,0.2,0.166667,0.12963,1,0.5,0.9
0,570,-0.7766,0.949232,0.107178,0.1,1,0.139535,1,1,1
0,571,0.50445,-1.56331,-0.434577,0.5,0.1,0.2,1,0.833333,0.1
1,571,-0.415636,-0.384763,-1.25702,0.142857,0.166667,0.108696,1,0.833333,0.2
1,571,2.65244,-1.04584,0.713072,1,0.111111,0.136364,1,0,0.3
0,571,0.192009,-0.399888,0.499323,0.333333,0.142857,0.11828,1,0.833333,0.4
0,571,-0.385177,-0.043091,-0.139092,0.166667,0.2,0.0980392,1,0.833333,0.5
0,571,-0.556348,0.103666,-0.638727,0.125,0.25,0.18,1,0.833333,0.6
0,571,-0.165756,-0.649806,-1.22389,0.2,0.125,0.10101,1,0.833333,0.7
0,571,-0.85701,1.70019,0.713072,0.111111,1,0.157895,0,0,0.8
0,571,0.152389,0.8074,2.20242,0.25,0.333333,0.0967742,0,0,0.9
0,571,-1.12136,1.47545,-0.434577,0.1,0.5,0.0909091,0,0,1
0,572,0.189043,-0.508102,-0.362489,0.25,0.125,0.111111,0,0.166667,0.1
0,572,-0.504697,-0.326029,-0.713383,0.142857,0.166667,0.15625,1,0.666667,0.2
0,572,0.782512,-0.194058,1.24991,0.333333,0.25,0.107692,0,0.5,0.3
0,572,1.56612,1.22256,2.29993,0.5,0.5,0.0727273,0,0,0.4
1,572,1.77649,-1.72731,0.118655,1,0.1,0.133333,1,0.833333,0.5
1,572,-0.988526,2.02127,0.404681,0.111111,1,0.0555556,1,0.5,0.6
0,572,-1.28847,0.714638,-0.600318,0.1,0.333333,0.0384615,0,0,0.7
0,572,-0.715278,-0.276071,-0.694581,0.125,0.2,0.108108,1,0.666667,0.8
0,572,-0.462062,-0.369575,-0.713383,0.166667,0.142857,0.116279,1,1,0.9
0,572,-0.355131,-0.55732,-0.98902,0.2,0.111111,0.0434783,1,0.666667,1
0,573,0.0239706,0.732114,2.18674,0.333333,0.5,0.125,0,0.833333,0.1
1,573,2.7368,-2.60563,0.133317,1,0.1,0.35,1,0.333333,0.2
0,573,-0.321164,-0.328761,-0.780414,0.2,0.125,0.144737,1,0.333333,0.3
0,573,-0.421261,0.802793,1.12621,0.142857,1,0.166667,1,0.333333,0.4
0,573,-0.705143,0.535063,-0.738106,0.111111,0.25,0.0909091,1,0.833333,0.5
0,573,-0.89953,0.51309,-1.43261,0.1,0.2,0.1,1,0.833333,0.6
0,573,-0.501328,0.689134,-0.0223066,0.125,0.333333,0.120482,1,0.833333,0.7
0,573,-0.231706,0.439576,0.284439,0.25,0.166667,0.0882353,0,0,0.8
0,573,-0.372458,0.0597951,-0.801538,0.166667,0.142857,0.113402,0,0.833333,0.9
1,573,0.691818,-0.83717,0.0442647,0.5,0.111111,0.121951,0,0.833333,1
0,574,-1.22236,-0.514302,-2.47262,0.1,0.111111,0.0943396,0,0.333333,0.1
0,574,-0.264414,-0.277835,-0.395442,0.166667,0.166667,0.0424242,0,0.333333,0.2
0,574,-0.35568,0.620196,0.279471,0.142857,0.333333,0.0980392,0,0.166667,0.3
0,574,0.0423376,1.35834,1.58151,0.25,0.5,0.039548,0,0,0.4
1,574,1.29926,-0.507413,0.329236,0.5,0.125,0.135135,0,0,0.5
1,574,2.13749,-2.17618,0.11702,1,0.1,0.173913,1,0.166667,0.6
0,574,-0.12659,0.298051,0.567261,0.2,0.25,0.171429,0,0.166667,0.7
0,574,-0.835764,0.27961,-0.685013,0.125,0.2,0.08,0,0,0.8
0,574,-1.08173,1.42038,0.399106,0.111111,1,0.0517241,0,0,0.9
0,574,0.40745,-0.500839,0.279471,0.333333,0.142857,0.0630631,1,0.5,1
0,575,-0.0973749,0.144854,0.524736,0.2,0.2,0.135135,1,1.16667,0.1
0,575,-0.27988,-0.182731,-1.5399,0.166667,0.142857,0.241379,1,1.16667,0.2
0,575,0.127807,0.139222,0.546459,0.25,0.166667,0.238806,1,1.16667,0.3
0,575,-0.962613,0.690586,0.0850404,0.111111,0.5,0.208333,1,1.16667,0.4
0,575,-0.966634,0.634484,-1.29584,0.1,0.333333,0.2,1,1.16667,0.5
0,575,0.924678,-0.757026,0.0850404,0.5,0.111111,0.229508,0,0,0.6
1,575,2.35133,-2.39457,0.256127,1,0.1,0.339623,0,0,0.7
1,575,0.531647,-0.309918,-0.0428549,0.333333,0.125,0.269841,1,1.16667,0.8
0,575,-0.670122,1.55272,2.16365,0.142857,1,0.181818,1,1.16667,0.9
0,575,-0.958835,0.482378,-0.782463,0.125,0.25,0.212766,1,1.16667,1
0,576,0.5272,-1.06607,-0.0157698,0.333333,0.125,0.102564,1,1.5,0.1
0,576,-0.936738,1.51738,0.555325,0.125,1,0.0804598,1,1.33333,0.2
0,576,0.0984139,1.08154,1.00999,0.2,0.5,0.09,1,1.33333,0.3
0,576,-0.723296,-1.56403,-1.51675,0.142857,0.1,0.123077,1,1.33333,0.4
0,576,-1.32716,-0.363835,-1.51675,0.1,0.142857,0.0777778,1,1.33333,0.5
0,576,-1.18596,0.101794,-0.785599,0.111111,0.2,0.0933333,1,1.33333,0.6
1,576,0.285568,0.0581147,0.201087,0.25,0.166667,0.170732,1,0.333333,0.7
0,576,0.0825835,0.726375,0.201087,0.166667,0.25,0.0952381,1,1.33333,0.8
0,576,1.61481,0.791365,1.83609,1,0.333333,0.169492,1,1.33333,0.9
1,576,1.56458,-1.28263,0.0312933,0.5,0.111111,0.0990991,1,1.5,1
0,577,-1.02397,-1.36698,-1.94138,0.1,0.111111,0.0705882,0,0,0.1
1,577,1.94014,-1.76318,0.0918787,1,0.1,0.153846,0,0,0.2
0,577,0.789303,0.0593886,0.461343,0.333333,0.166667,0.0869565,0,0,0.3
0,577,-0.687944,0.968198,0.735217,0.166667,0.5,0.103896,0,0,0.4
0,577,0.0977852,0.745462,0.710702,0.2,0.333333,0.135802,0,0,0.5
0,577,0.153466,1.39633,1.52458,0.25,1,0.11828,0,0,0.6
0,577,-0.99349,-1.01066,-1.49191,0.111111,0.125,0.106061,0,0,0.7
0,577,-0.797605,0.273779,-0.303039,0.142857,0.2,0.156863,0,0,0.8
1,577,1.33315,0.00501677,0.493301,0.5,0.142857,0.0989011,1,0,0.9
0,577,-0.810846,0.692645,-0.280688,0.125,0.25,0.114286,0,0,1
0,578,-0.771445,1.67678,0.190969,0.1,1,0.115385,0,0,0.1
0,578,-0.65871,0.909304,1.02532,0.142857,0.5,0.142857,0,0,0.2
0,578,0.277222,-1.21269,-0.505837,0.333333,0.111111,0.123288,1,0.166667,0.3
0,578,-0.654133,-0.197941,-1.14815,0.166667,0.142857,0.0963855,0,0,0.4
1,578,2.40718,0.156418,2.11605,1,0.166667,0.192308,1,0,0.5
0,578,-0.714731,0.74555,-0.505837,0.111111,0.333333,0.0952381,0,0,0.6
0,578,-0.662371,0.191778,-1.11789,0.125,0.2,0.16,0,0,0.7
0,578,0.0676144,-0.474428,-0.583407,0.25,0.125,0.116883,0,0,0.8
0,578,-0.501455,0.197839,0.925732,0.2,0.25,0.0841121,0,0,0.9
1,578,1.21083,-1.9926,-0.396938,0.5,0.1,0.160494,1,0.166667,1
0,579,0.837956,-0.10865,1.30626,0.5,0.166667,0.15625,1,1,0.1
0,579,-1.27118,0.219529,-1.36066,0.111111,0.2,0.0897436,1,0.5,0.2
0,579,0.794456,-1.6146,-0.825899,0.333333,0.1,0.102041,1,1,0.3
0,579,-0.490012,0.564843,-0.498701,0.125,0.25,0.105263,1,1,0.4
0,579,0.388147,-0.531646,-0.0815292,0.25,0.142857,0.166667,1,0.333333,0.5
0,579,0.300317,1.32265,1.7493,0.2,0.5,0.157895,1,0,0.6
1,579,1.87648,-1.35399,0.556748,1,0.111111,0.164179,1,0.166667,0.7
1,579,-0.407405,0.744235,0.389858,0.142857,0.333333,0.117647,1,1,0.8
0,579,-1.65653,1.45301,0.163242,0.1,1,0.208333,1,1,0.9
0,579,-0.372232,-0.695377,-1.39862,0.166667,0.125,0.0825688,1,1,1
1,580,0.0304863,-0.480986,-0.342438,0.2,0.142857,0.226415,1,0.333333,0.1
0,580,-0.387639,0.261118,0.247955,0.142857,0.333333,0.08,0,0.166667,0.2
0,580,-0.143475,-1.26723,-1.14718,0.166667,0.111111,0.19697,1,0.166667,0.3
0,580,-1.54863,0.0799952,-1.11568,0.1,0.2,0.169811,1,0.333333,0.4
1,580,2.29085,-1.36361,0.103824,1,0.1,0.226667,1,0.166667,0.5
0,580,0.368911,-0.229823,0.521323,0.333333,0.166667,0.11215,0,0,0.6
0,580,-0.873143,1.39346,0.0344721,0.111111,0.5,0.123288,0,0,0.7
0,580,-0.688481,-0.536667,-1.42824,0.125,0.125,0.192982,1,0.333333,0.8
0,580,0.0529567,1.97972,1.72279,0.25,1,0.138298,0,0.166667,0.9
0,580,0.898163,0.164035,1.40317,0.5,0.25,0.17284,0,0,1
0,581,0.529295,-1.44257,-0.275019,0.333333,0.111111,0.0689655,0,0,0.1
0,581,-1.15462,0.238395,-1.11572,0.1,0.2,0.0724638,0,0,0.2
0,581,-0.179546,-0.669116,-0.60779,0.2,0.125,0.0612245,0,0,0.3
0,581,-0.712826,0.510473,-0.317194,0.125,0.25,0.0520833,0,0,0.4
0,581,1.3774,-0.225453,0.557458,0.5,0.142857,0.130435,0,0,0.5
1,581,0.0788683,-1.73672,-0.825126,0.25,0.1,0.108108,1,0,0.6
1,581,2.05229,1.75771,2.65182,1,1,0.0909091,0,0,0.7
0,581,-0.25368,0.177451,-0.350863,0.166667,0.166667,0.0821918,0,0,0.8
0,581,-0.587774,0.693879,0.247965,0.142857,0.333333,0.0722892,0,0,0.9
0,581,-1.14941,0.695954,0.0344735,0.111111,0.5,0.114286,0,0,1
0,582,-0.908964,-0.54983,-1.72637,0.111111,0.125,0.119048,0,0,0.1
0,582,-0.365608,-0.350932,-0.919146,0.142857,0.142857,0.148649,0,0,0.2
1,582,-0.290491,-0.928785,-0.886191,0.2,0.111111,0.123596,0,0,0.3
0,582,-0.155564,-1.40997,-0.844914,0.25,0.1,0.0990991,1,0.333333,0.4
0,582,0.0911444,0.188017,1.11996,0.333333,0.25,0.0869565,1,0.5,0.5
0,582,-1.16241,2.52542,0.106318,0.1,1,0.114286,0,0,0.6
0,582,-0.311469,0.389023,0.850761,0.166667,0.5,0.0970874,1,0.333333,0.7
0,582,1.13591,-0.0303207,1.13931,0.5,0.2,0.151163,0,0,0.8
1,582,2.44134,-0.185095,1.17807,1,0.166667,0.297297,1,0.5,0.9
0,582,-0.473888,0.352474,-0.0177891,0.125,0.333333,0.146667,0,0,1
0,583,-0.82214,-0.894898,-1.39186,0.1,0.111111,0.0806452,1,1,0.1
0,583,0.149173,0.375061,0.503679,0.25,0.25,0.0617284,0,0,0.2
1,583,1.8919,1.76367,1.68239,1,1,0.0666667,0,0,0.3
0,583,-0.735127,-1.07572,-1.2284,0.125,0.1,0.1,1,1,0.4
0,583,-0.793744,-0.631834,-0.901273,0.111111,0.142857,0.0877193,1,1,0.5
1,583,1.78514,1.67754,1.27681,0.5,0.5,0.103448,0,0,0.6
0,583,-0.682129,-0.575208,-0.222598,0.166667,0.166667,0.0694444,1,1,0.7
0,583,-0.69494,-0.564543,-0.217261,0.142857,0.2,0.0657895,1,1,0.8
0,583,0.404988,0.643073,0.88411,0.333333,0.333333,0.0543478,1,1,0.9
0,583,-0.50312,-0.717151,-0.3856,0.2,0.125,0.0704225,1,1,1
0,584,-0.158751,0.962248,1.40463,0.2,1,0.0823529,0,0,0.1
0,584,0.185131,0.492774,1.37614,0.5,0.25,0.0803571,0,0,0.2
0,584,-0.351188,0.376064,-0.335843,0.142857,0.2,0.0983607,0,0,0.3
0,584,-0.830252,-0.249319,-1.89886,0.1,0.125,0.0789474,0,0,0.4
1,584,-0.779432,0.879132,0.286483,0.125,0.5,0.15625,0,0,0.5
0,584,0.124175,-0.451461,-0.269712,0.333333,0.111111,0.0695652,0,0,0.6
0,584,-0.168746,0.561619,0.511283,0.166667,0.333333,0.134615,1,0.166667,0.7
0,584,-0.783763,-0.179374,-1.39319,0.111111,0.142857,0.0714286,0,0.166667,0.8
0,584,-0.0408356,0.29468,0.217248,0.25,0.166667,0.0808081,1,0.333333,0.9
1,584,2.80366,-2.68636,0.101825,1,0.1,0.16,0,0,1
0,585,-0.522715,0.949799,0.316123,0.142857,0.333333,0.097561,0,0,0.1
0,585,-0.441614,-0.164953,-0.0880594,0.166667,0.2,0.134615,0,0.166667,0.2
0,585,2.24359,-1.4349,0.132367,1,0.1,0.189655,0,0.333333,0.3
1,585,1.13481,-1.059,0.0439492,0.5,0.111111,0.129412,1,0.5,0.4
1,585,-0.657932,-0.36495,-1.1341,0.125,0.166667,0.0909091,1,0.333333,0.5
0,585,0.170997,-0.953988,-0.40438,0.25,0.125,0.0613497,0,0.333333,0.6
0,585,0.20813,1.31494,2.17115,0.333333,0.5,0.0819672,0,0,0.7
0,585,-1.46831,1.6302,0.132367,0.1,1,0.0657895,0,0,0.8
0,585,-0.737511,-0.436544,-1.81108,0.111111,0.142857,0.0761905,1,0.166667,0.9
0,585,0.0705656,0.519399,0.641656,0.2,0.25,0.0746269,1,0.166667,1
0,586,-0.728382,0.208287,-1.45027,0.1,0.2,0.162162,1,0.833333,0.1
0,586,-0.717613,-0.207532,-2.19148,0.111111,0.125,0.136364,1,0.833333,0.2
1,586,1.9315,-2.59737,-0.280524,0.5,0.1,0.295082,1,0,0.3
0,586,-0.68306,1.03176,0.379714,0.125,0.5,0.109375,1,0.666667,0.4
0,586,-0.112401,0.0982403,0.287947,0.25,0.166667,0.15625,1,0.666667,0.5
0,586,-0.101785,0.0172025,0.322318,0.333333,0.142857,0.144928,0,0.166667,0.6
1,586,1.96012,-0.586634,0.460296,1,0.111111,0.194444,0,0,0.7
0,586,-0.649857,1.14914,1.1401,0.142857,1,0.101266,1,0.833333,0.8
0,586,-0.267363,0.57529,1.04396,0.2,0.333333,0.130435,1,0.333333,0.9
0,586,-0.631159,0.311611,0.287947,0.166667,0.25,0.112676,0,0,1
0,587,2.56951,-1.29097,0.585957,1,0.125,0.205882,0,0,0.1
0,587,-0.875259,0.445972,-0.790322,0.1,0.25,0.111111,1,1,0.2
0,587,0.28886,1.02254,1.0476,0.25,0.333333,0.08,1,1,0.3
0,587,-0.701164,-0.198756,-0.859759,0.142857,0.142857,0.116279,1,1,0.4
1,587,0.558082,1.29523,2.23381,0.5,1,0.0574713,0,0,0.5
0,587,-0.0542797,0.058261,-0.0661599,0.2,0.166667,0.0638298,0,0,0.6
0,587,-0.712056,0.424239,-0.582153,0.125,0.2,0.185185,1,1,0.7
0,587,-0.625432,-1.5331,-1.33856,0.166667,0.1,0.104167,1,1,0.8
1,587,0.385553,-1.29769,-0.263419,0.333333,0.111111,0.139535,1,1,0.9
0,587,-0.833812,1.07427,0.0330194,0.111111,0.5,0.0769231,1,1,1
0,588,-0.670911,-0.644901,-0.765064,0.125,0.142857,0.175,1,0.666667,0.1
0,588,0.00379403,2.10381,1.33064,0.333333,1,0.0633803,0,0,0.2
0,588,-0.110427,0.12404,0.331109,0.2,0.25,0.0941176,1,0.666667,0.3
1,588,0.00164215,0.823934,0.719522,0.25,0.333333,0.138462,1,0.666667,0.4
0,588,-0.7112,-0.690382,-1.10912,0.111111,0.125,0.132075,0,0,0.5
0,588,-0.578835,-0.952858,-0.93456,0.142857,0.111111,0.135593,0,0,0.6
1,588,2.77367,-0.626333,0.756853,1,0.166667,0.272727,0,0,0.7
0,588,0.481209,1.18952,1.32397,0.5,0.5,0.121622,1,0.666667,0.8
0,588,-0.775009,-1.10601,-1.60792,0.1,0.1,0.157895,1,0.666667,0.9
0,588,-0.413938,-0.220824,-0.0454407,0.166667,0.2,0.163265,0,0,1
0,589,-0.00211481,-0.739161,-1.51755,0.2,0.111111,0.195652,1,1.33333,0.1
1,589,0.943796,-1.0941,-0.921124,0.333333,0.1,0.227273,1,1.33333,0.2
0,589,1.80681,-0.513533,1.07272,1,0.125,0.209677,1,1.33333,0.3
0,589,-1.09138,1.11446,0.512234,0.125,0.5,0.09375,1,1.5,0.4
0,589,-1.30429,0.0745189,-0.921124,0.1,0.333333,0.1,1,1.5,0.5
1,589,1.14039,-0.312945,1.95099,0.5,0.2,0.206897,1,1.33333,0.6
0,589,-1.16221,2.49053,0.620939,0.111111,1,0.06,1,0.333333,0.7
0,589,-0.213724,-0.42264,-0.61524,0.166667,0.166667,0.179487,1,1.33333,0.8
0,589,0.293936,-0.507998,-0.0909294,0.25,0.142857,0.155172,1,1.33333,0.9
0,589,-0.411201,-0.089125,-0.0909294,0.142857,0.25,0.103448,1,1.33333,1
0,590,-0.504977,1.25975,1.86066,0.166667,1,0.137931,0,0,0.1
0,590,-0.62733,0.646736,-0.0838661,0.142857,0.25,0.184211,0,0,0.2
0,590,0.137882,-0.359572,-0.0280963,0.333333,0.125,0.162791,0,0.166667,0.3
0,590,0.0415235,0.172456,0.814004,0.25,0.2,0.156863,0,0,0.4
0,590,-0.152706,-0.218216,-0.553845,0.2,0.142857,0.0833333,0,0,0.5
0,590,-0.829304,0.784896,-0.444787,0.111111,0.333333,0.0909091,0,0.166667,0.6
1,590,2.53657,-2.04837,0.167921,1,0.1,0.309524,1,0,0.7
0,590,-0.705475,1.10926,0.472444,0.125,0.5,0.117647,0,0,0.8
1,590,0.969065,-1.32102,0.0557538,0.5,0.111111,0.22,0,0,0.9
0,590,-0.865254,-0.0259188,-2.26019,0.1,0.166667,0.076087,0,0,1
0,591,0.380378,0.198686,1.29547,0.5,0.166667,0.0601504,1,0,0.1
0,591,-0.498805,0.550174,-0.0270878,0.125,0.333333,0.0617284,0,0,0.2
0,591,-0.087698,0.809256,2.18796,0.25,0.5,0.121212,0,0,0.3
0,591,0.016537,-0.424998,-0.42882,0.333333,0.111111,0.0945946,1,0.166667,0.4
0,591,-0.183395,-0.00672517,-0.533964,0.2,0.142857,0.0921053,1,0.333333,0.5
0,591,-0.279118,-0.0437625,-1.38707,0.166667,0.125,0.0740741,1,0.166667,0.6
0,591,-0.714243,0.428882,-0.896313,0.111111,0.25,0.0909091,0,0,0.7
0,591,-0.285818,0.291277,-0.533964,0.142857,0.2,0.0747664,1,0.333333,0.8
1,591,2.76649,-2.76238,0.161893,1,0.1,0.342105,1,0,0.9
1,591,-1.11432,0.959592,0.161893,0.1,1,0.0909091,0,0.333333,1
0,592,0.357198,-1.22504,-0.684081,0.25,0.111111,0.156863,1,0.166667,0.1
0,592,-0.306878,1.27105,0.663396,0.142857,0.5,0.140351,0,0,0.2
0,592,0.619223,-0.432235,0.988726,0.5,0.166667,0.121951,0,0,0.3
0,592,-1.24218,-0.560041,-2.00633,0.111111,0.125,0.122449,1,0.166667,0.4
0,592,-1.05655,-0.513192,-1.38396,0.125,0.142857,0.0598291,1,0.166667,0.5
1,592,2.16259,-1.44644,0.123559,1,0.1,0.130435,1,0.166667,0.6
1,592,0.455034,0.216816,1.30158,0.333333,0.25,0.0757576,1,0.333333,0.7
0,592,-1.33554,1.64146,0.123559,0.1,1,0.113208,1,0,0.8
0,592,0.235714,-0.0834485,0.25314,0.2,0.2,0.0746269,1,0.333333,0.9
0,592,0.111387,1.13106,0.620418,0.166667,0.333333,0.0447761,1,0.333333,1
0,593,-0.809829,0.0658656,-1.01393,0.111111,0.166667,0.130435,0,0,0.1
0,593,2.43683,0.652212,1.52268,1,0.25,0.16,0,0,0.2
0,593,-0.408697,-0.92831,-0.786215,0.166667,0.125,0.145833,0,0.166667,0.3
0,593,-0.388122,0.786335,0.709814,0.2,0.333333,0.114754,0,0,0.4
0,593,-0.110926,-1.40211,-0.508047,0.25,0.111111,0.104651,0,0.166667,0.5
0,593,0.228404,-1.5146,-0.464267,0.333333,0.1,0.0769231,1,0.166667,0.6
1,593,1.18784,1.23425,1.77869,0.5,0.5,0.116883,1,0,0.7
0,593,-0.876892,0.220724,-0.986081,0.1,0.2,0.076087,0,0,0.8
0,593,-0.790463,1.40873,0.540677,0.125,1,0.0833333,0,0,0.9
1,593,-0.468146,-0.523105,-0.793322,0.142857,0.142857,0.132075,1,0.166667,1
0,594,0.132232,0.0613195,0.799003,0.333333,0.166667,0.105263,1,0.833333,0.1
1,594,0.0708747,-0.488138,-0.486126,0.25,0.125,0.084507,1,0.833333,0.2
0,594,-0.521056,0.962143,0.854352,0.142857,0.5,0.0806452,0,0,0.3
0,594,-0.606973,0.156768,-0.931489,0.125,0.2,0.0888889,0,0,0.4
1,594,2.81698,-2.27744,0.159125,1,0.1,0.107692,1,0,0.5
0,594,-0.65229,0.944082,-0.42149,0.111111,0.333333,0.0816327,1,0.833333,0.6
0,594,-0.468494,-0.351585,-0.956703,0.166667,0.142857,0.0746269,0,0,0.7
0,594,0.342576,0.714382,2.15056,0.5,0.25,0.0923077,1,0.833333,0.8
0,594,-0.655814,1.15336,0.159125,0.1,1,0.0851064,1,0.833333,0.9
0,594,-0.458033,-0.874895,-1.32635,0.2,0.111111,0.125,1,0.833333,1
0,595,-0.436632,-0.216879,-0.0582469,0.2,0.166667,0.0697674,0,0.333333,0.1
0,595,-0.51261,-0.68626,-0.980676,0.142857,0.125,0.107143,0,0.333333,0.2
0,595,0.487828,0.278417,1.18328,0.5,0.25,0.0666667,0,0,0.3
1,595,2.78643,-1.8458,0.0875542,1,0.1,0.166667,1,0,0.4
0,595,0.0385302,1.92464,1.45282,0.25,1,0.0470588,0,0,0.5
1,595,-0.654583,0.123533,-0.729788,0.111111,0.2,0.0731707,1,0,0.6
0,595,-0.479428,-0.747301,-0.967411,0.166667,0.111111,0.0555556,0,0,0.7
0,595,0.0912198,1.21298,1.43611,0.333333,0.5,0.0566038,0,0.333333,0.8
0,595,-0.705486,-0.373307,-1.409,0.1,0.142857,0.0545455,0,0,0.9
0,595,-0.615271,0.329979,-0.0146495,0.125,0.333333,0.0731707,0,0,1
0,596,-0.030531,-0.561751,-0.521234,0.25,0.125,0.060241,0,0,0.1
0,596,-0.68402,0.576254,-1.46182,0.125,0.166667,0.0392157,0,0,0.2
0,596,0.0613166,-0.463744,0.407473,0.333333,0.142857,0.0943396,0,0.333333,0.3
0,596,-0.100668,0.609752,0.827076,0.2,0.25,0.0892857,0,0,0.4
0,596,-0.367491,0.800074,1.36529,0.166667,0.5,0.0487805,0,0,0.5
0,596,-0.775824,0.581377,-1.42214,0.111111,0.2,0.0512821,0,0,0.6
1,596,0.82754,-0.943888,0.0566492,0.5,0.111111,0.05,1,0,0.7
0,596,-1.1269,0.765693,-0.863216,0.1,0.333333,0.05,0,0.333333,0.8
0,596,-0.38717,0.958278,1.44131,0.142857,1,0.0420168,0,0.333333,0.9
1,596,2.58374,-2.32204,0.170617,1,0.1,0.134615,1,0,1
0,597,-0.768539,0.180645,-1.30606,0.111111,0.166667,0.225806,0,0,0.1
0,597,-0.213464,0.172908,-0.0590354,0.25,0.142857,0.140625,0,0,0.2
0,597,-0.481811,0.112839,-1.32397,0.142857,0.125,0.177778,0,0,0.3
0,597,0.904032,-1.56583,0.0392465,0.5,0.111111,0.119048,0,0,0.4
0,597,-0.331703,0.358549,0.593525,0.166667,0.333333,0.147541,0,0,0.5
0,597,-0.704641,0.295059,-0.691939,0.125,0.2,0.2,0,0,0.6
0,597,-0.218536,0.306873,0.572997,0.2,0.25,0.107527,1,0,0.7
0,597,-0.922191,0.757594,-0.245692,0.1,0.5,0.107692,0,0,0.8
1,597,2.60626,-2.09786,0.118203,1,0.1,0.1875,0,0,0.9
1,597,0.130598,1.47923,2.30273,0.333333,1,0.0740741,1,0,1
1,598,2.82723,1.00101,1.45824,1,0.333333,0.119403,0,0.333333,0.1
0,598,-0.0128144,-1.24936,-0.414428,0.25,0.111111,0.0952381,1,0.833333,0.2
0,598,-0.602221,-0.462298,-0.838427,0.125,0.142857,0.0603448,1,0.833333,0.3
1,598,0.0686937,-0.0894599,0.579014,0.333333,0.2,0.0945946,1,1,0.4
0,598,-0.749627,1.14211,0.0248535,0.111111,0.5,0.117647,1,1.16667,0.5
0,598,0.208967,1.29159,1.68137,0.5,1,0.0923077,0,0,0.6
0,598,-0.0344449,-0.441459,-0.049798,0.2,0.166667,0.0842105,1,0.833333,0.7
0,598,-0.500046,-0.490406,-0.838427,0.142857,0.125,0.112903,0,0,0.8
0,598,-0.436292,0.983516,0.159705,0.166667,0.25,0.0892857,1,0.833333,0.9
0,598,-0.769443,-1.68524,-1.7621,0.1,0.1,0.0923077,0,0.5,1
0,599,-0.40377,-0.157571,-0.349706,0.166667,0.166667,0.258065,0,0,0.1
0,599,-0.432153,0.0789407,-0.341322,0.142857,0.2,0.233333,1,0.166667,0.2
0,599,-0.901888,-1.11506,-2.18664,0.1,0.111111,0.119403,1,0,0.3
0,599,-0.541287,0.12892,-0.316147,0.125,0.25,0.105263,0,0,0.4
1,599,2.58705,-0.272012,0.874205,1,0.142857,0.227273,1,0.166667,0.5
0,599,1.09708,-1.62703,-0.2151,0.5,0.1,0.15625,0,0,0.6
1,599,-0.660074,0.540102,-0.274112,0.111111,0.333333,0.119403,0,0,0.7
0,599,-0.333782,2.2496,1.42754,0.2,1,0.117647,0,0,0.8
0,599,-0.294333,0.643919,1.39859,0.25,0.5,0.166667,0,0,0.9
0,599,-0.116845,-0.469807,-0.0173151,0.333333,0.125,0.173913,0,0,1
0,600,-0.548091,0.627805,1.46432,0.166667,0.5,0.0804598,0,0,0.1
0,600,-0.656777,0.458173,-0.484711,0.111111,0.333333,0.115385,1,0.333333,0.2
0,600,-0.118811,-0.22844,-0.0306183,0.333333,0.125,0.0777778,1,0.333333,0.3
0,600,-0.354681,0.373939,0.390425,0.25,0.166667,0.115942,0,0.166667,0.4
1,600,2.23267,-1.22814,0.624112,1,0.111111,0.244444,1,0,0.5
0,600,-0.356687,0.110842,-0.603558,0.2,0.142857,0.137931,0,0.166667,0.6
0,600,-0.722193,0.419013,-1.96642,0.1,0.2,0.0877193,1,0.333333,0.7
0,600,-0.565883,1.35826,1.54585,0.142857,1,0.0673077,0,0,0.8
0,600,1.68099,-2.3375,-0.38036,0.5,0.1,0.3125,0,0,0.9
1,600,-0.590544,0.446046,-0.559042,0.125,0.25,0.172414,1,0,1
0,601,-0.398039,-0.320324,-0.385969,0.2,0.142857,0.0857143,0,0.666667,0.1
1,601,0.635268,-0.699959,0.329242,0.5,0.125,0.116667,0,0.666667,0.2
0,601,2.78175,-2.02306,0.117022,1,0.1,0.206897,0,0,0.3
0,601,-0.481015,0.658479,0.249672,0.166667,0.25,0.1,1,0,0.4
1,601,0.0930825,1.04692,1.57064,0.333333,0.333333,0.0461538,0,0,0.5
0,601,-0.307128,-0.0730711,0.249672,0.25,0.166667,0.12766,0,0.666667,0.6
0,601,-0.587675,1.20582,0.399113,0.111111,1,0.0508475,0,0,0.7
0,601,-0.678979,-1.0505,-2.47266,0.1,0.111111,0.153846,1,0,0.8
0,601,-0.53906,0.162142,-0.685024,0.125,0.2,0.0833333,0,0.666667,0.9
0,601,-0.518204,1.09355,0.628297,0.142857,0.5,0.0847458,0,0.666667,1
0,602,0.984389,0.79743,2.34994,0.5,0.333333,0.189189,0,0,0.1
0,602,-0.696936,0.565133,-0.0715531,0.142857,0.25,0.147059,0,0,0.2
0,602,-0.137945,0.425865,0.293516,0.2,0.2,0.193548,1,0,0.3
1,602,-0.995788,0.420641,-1.583,0.111111,0.166667,0.0707071,1,0.666667,0.4
0,602,-0.474355,-0.00219767,-0.861358,0.166667,0.142857,0.107692,1,0.666667,0.5
0,602,2.05792,-1.4854,0.488622,1,0.111111,0.136364,0,0,0.6
0,602,-0.896623,0.871848,0.403081,0.125,0.5,0.0641026,1,0.166667,0.7
0,602,0.903977,-2.11143,-0.72484,0.333333,0.1,0.205882,1,0.666667,0.8
1,602,-1.13921,1.00991,0.143267,0.1,1,0.08,1,0.833333,0.9
0,602,0.394577,-0.491805,-0.437678,0.25,0.125,0.0813953,1,0.666667,1
0,603,-0.714944,0.457211,-0.93451,0.111111,0.25,0.137255,1,0,0.1
1,603,0.645208,-1.8623,-0.350842,0.5,0.1,0.135802,0,0.166667,0.2
0,603,-0.561478,0.0474435,-0.556719,0.142857,0.2,0.0792079,0,0,0.3
0,603,-0.920633,1.29159,-0.350842,0.1,0.5,0.1,0,0,0.4
0,603,-0.491254,-0.842541,-1.44618,0.166667,0.125,0.153846,0,0,0.5
1,603,2.63027,-0.903101,0.575677,1,0.111111,0.139785,0,0.166667,0.6
0,603,0.443209,-0.166001,0.847541,0.333333,0.166667,0.144928,0,0,0.7
0,603,-0.372224,1.66155,2.32841,0.2,1,0.0697674,1,0,0.8
0,603,-0.644149,0.537923,-0.0282421,0.125,0.333333,0.131148,0,0,0.9
0,603,-0.0140018,-0.221774,-0.0843013,0.25,0.142857,0.12,0,0,1
1,604,1.14296,-1.83455,-0.337185,0.5,0.1,0.313725,1,0.666667,0.1
0,604,0.874382,-0.302991,-0.0271427,0.333333,0.125,0.170455,0,0.166667,0.2
1,604,2.02617,-1.80765,0.553268,1,0.111111,0.25,0,0.166667,0.3
0,604,-0.782951,0.181942,-1.38988,0.125,0.166667,0.190476,1,0.666667,0.4
0,604,-0.808209,0.537105,-0.898132,0.111111,0.25,0.170213,1,0.333333,0.5
0,604,0.523189,0.504181,0.786376,0.25,0.2,0.179104,0,0,0.6
0,604,-0.944262,0.726026,-0.337185,0.1,0.5,0.152174,0,0,0.7
0,604,-0.576524,1.32314,2.23778,0.2,1,0.0761905,1,0.333333,0.8
0,604,-0.755915,0.648701,0.387421,0.142857,0.333333,0.166667,1,0.333333,0.9
0,604,-0.698838,0.024098,-0.975316,0.166667,0.142857,0.175,1,0.666667,1
0,605,0.607686,-0.244664,0.215245,0.333333,0.142857,0.0714286,0,0,0.1
0,605,-0.113313,1.72561,1.24327,0.2,1,0.109091,1,0.666667,0.2
1,605,2.32989,-1.9532,0.0901277,1,0.1,0.106061,1,0.5,0.3
0,605,-0.873736,-0.750107,-1.46348,0.111111,0.125,0.0724638,0,0,0.4
0,605,-0.849257,0.463014,-0.275339,0.125,0.25,0.0714286,0,0,0.5
1,605,1.03331,0.218192,0.965811,0.5,0.2,0.0895522,1,0.333333,0.6
0,605,0.0473167,0.940627,1.21806,0.25,0.5,0.06,1,0.5,0.7
0,605,-0.728254,0.472407,0.215245,0.142857,0.333333,0.0582524,0,0,0.8
0,605,-0.571897,0.210096,-0.304566,0.166667,0.166667,0.0550459,0,0,0.9
0,605,-0.88174,-1.08197,-1.90439,0.1,0.111111,0.0625,1,0.666667,1
1,606,-0.92097,1.90091,1.05838,0.125,1,0.08,0,0,0.1
0,606,-1.40356,0.326613,-1.93026,0.1,0.2,0.0625,0,0,0.2
0,606,1.10274,-0.804491,0.964436,0.5,0.142857,0.0714286,0,0,0.3
0,606,-0.597108,0.501722,0.901955,0.166667,0.333333,0.0625,1,0,0.4
1,606,1.65897,-0.941653,1.05838,1,0.125,0.123077,1,0.166667,0.5
0,606,-0.6239,0.410894,-0.0897137,0.142857,0.25,0.0833333,0,0,0.6
0,606,0.770006,-1.13872,-0.4758,0.333333,0.111111,0.0650407,1,0.333333,0.7
0,606,-1.11264,1.10204,0.0596412,0.111111,0.5,0.0740741,0,0.166667,0.8
0,606,0.527867,-0.010414,-0.119501,0.2,0.166667,0.0674157,1,0.333333,0.9
0,606,0.598597,-1.34689,-1.42752,0.25,0.1,0.118644,1,0.333333,1
0,607,-0.981249,1.70895,0.143133,0.1,1,0.0879121,0,0,0.1
0,607,0.739892,-0.384113,0.718704,0.333333,0.166667,0.150685,0,0,0.2
0,607,0.997256,0.214363,1.53382,0.5,0.2,0.122807,0,0,0.3
0,607,-0.284268,0.781805,1.10717,0.2,0.333333,0.128571,0,0,0.4
0,607,-0.969625,0.800588,0.0475239,0.111111,0.5,0.0860215,0,0,0.5
1,607,2.21114,-2.09562,0.143133,1,0.1,0.152542,1,0,0.6
1,607,0.332721,-0.628931,-0.792453,0.25,0.111111,0.163934,0,0,0.7
0,607,-0.802192,-0.400052,-1.60321,0.125,0.142857,0.235294,0,0,0.8
0,607,-0.791419,-0.58442,-1.60321,0.142857,0.125,0.242424,0,0,0.9
0,607,-0.452251,0.587424,0.305382,0.166667,0.25,0.0743802,0,0,1
1,608,1.89121,0.610874,2.20114,1,0.333333,0.145455,1,0.333333,0.1
0,608,0.496152,-1.06997,-0.625557,0.25,0.111111,0.18,0,0,0.2
0,608,-0.548938,1.16554,0.606641,0.142857,0.5,0.0747664,0,0,0.3
0,608,1.42519,-1.98168,-0.234852,0.5,0.1,0.15625,1,0.333333,0.4
0,608,-1.24947,-0.131626,-1.81831,0.1,0.142857,0.0720721,0,0,0.5
0,608,-0.713289,1.57752,0.665734,0.125,1,0.135135,0,0,0.6
0,608,0.515365,-0.719781,-0.0189052,0.333333,0.125,0.144928,1,0.166667,0.7
0,608,-0.342744,0.114469,0.231484,0.2,0.2,0.0686275,1,0.166667,0.8
1,608,-0.34553,0.0371322,-0.381819,0.166667,0.166667,0.137931,0,0,0.9
0,608,-1.12794,0.397516,-0.625557,0.111111,0.25,0.156863,1,0.333333,1
1,609,2.43972,-0.991407,0.431268,1,0.111111,0.1,1,0,0.1
0,609,-0.660973,-0.369845,-0.740214,0.125,0.2,0.0789474,1,1.33333,0.2
0,609,-0.584838,-0.419557,-0.084123,0.2,0.166667,0.06,1,1.33333,0.3
0,609,1.00681,-1.41351,-0.262833,0.5,0.1,0.115385,1,1.33333,0.4
1,609,0.203978,1.68831,2.09824,0.25,1,0.0526316,1,1.33333,0.5
0,609,-0.615339,1.16884,0.678916,0.142857,0.5,0.0428571,1,1.33333,0.6
0,609,-0.731911,1.14794,-0.33494,0.111111,0.333333,0.037037,1,1.33333,0.7
0,609,0.420284,-0.797835,-0.0211575,0.333333,0.125,0.0869565,1,1.33333,0.8
0,609,-0.862886,-0.523828,-2.03494,0.1,0.142857,0.0740741,1,1.33333,0.9
0,609,-0.614846,0.510881,0.269788,0.166667,0.25,0.0352941,1,1.33333,1
1,610,1.76224,-2.08268,-0.185043,0.5,0.1,0.09375,1,0,0.1
1,610,2.21703,-1.91449,0.303627,1,0.111111,0.0657895,1,0,0.2
0,610,-0.497408,0.499646,1.7343,0.333333,1,0,0,0,0.3
0,610,-0.497408,0.499646,1.20316,0.25,0.5,0,0,0,0.4
0,610,-0.497408,0.499646,0.688629,0.2,0.333333,0,0,0,0.5
0,610,-0.497408,0.499646,0.18994,0.166667,0.25,0,0,0,0.6
0,610,-0.497408,0.499646,-0.293628,0.142857,0.2,0,0,0,0.7
0,610,-0.497408,0.499646,-0.76275,0.125,0.166667,0,0,0,0.8
0,610,-0.497408,0.499646,-1.21807,0.111111,0.142857,0,0,0,0.9
0,610,-0.497408,0.499646,-1.66018,0.1,0.125,0,0,0,1
1,611,0.557829,1.25756,1.55882,0.333333,0.5,0.0821918,1,0.666667,0.1
0,611,-0.694723,0.45626,-0.0474643,0.142857,0.25,0.104167,1,1,0.2
0,611,1.72764,-0.969557,0.559952,1,0.125,0.109091,1,0.666667,0.3
0,611,0.331055,-0.0475615,-0.0632238,0.2,0.166667,0.108696,1,0.5,0.4
0,611,1.39682,-1.1075,0.0315541,0.5,0.111111,0.0943396,1,0.666667,0.5
0,611,-1.14414,1.57005,0.324125,0.111111,1,0.137931,0,0,0.6
0,611,-0.56523,0.0608107,-0.0632238,0.166667,0.2,0.135135,1,0.5,0.7
0,611,0.501392,0.967917,1.0011,0.25,0.333333,0.106061,0,0,0.8
1,611,-1.2187,-1.44201,-2.23717,0.1,0.1,0.0888889,1,1,0.9
0,611,-0.891944,-0.745966,-1.06447,0.125,0.142857,0.0961538,0,0,1
0,612,-0.68326,0.650983,-0.468049,0.1,0.333333,0.0555556,1,1.16667,0.1
1,612,2.61504,-2.6161,0.0925113,1,0.1,0.16,1,0,0.2
1,612,-0.251887,-0.261605,-0.0462038,0.25,0.142857,0.0689655,1,1,0.3
0,612,-0.63447,-0.31401,-1.0362,0.142857,0.125,0.125,1,1,0.4
0,612,0.99484,0.530907,1.25028,0.5,0.25,0.0684932,0,0.166667,0.5
0,612,-0.63447,-0.515047,-1.50218,0.125,0.111111,0.125,1,1,0.6
0,612,0.12122,1.01649,1.80222,0.333333,1,0.0324675,1,1,0.7
0,612,-0.53005,0.868227,0.740279,0.166667,0.5,0.0444444,1,1,0.8
0,612,-0.646598,0.20588,-1.02218,0.111111,0.166667,0.103448,1,1,0.9
0,612,-0.350361,0.434275,0.189531,0.2,0.2,0.0576923,0,0,1
1,613,-0.679947,1.31588,0.646487,0.125,1,0.0485437,1,0,0.1
0,613,0.707556,0.666002,1.47265,0.333333,0.333333,0.0786517,0,0,0.2
0,613,0.208289,-2.38585,-0.871964,0.25,0.1,0.0377358,0,0,0.3
0,613,2.15737,-0.632807,0.374215,1,0.111111,0.125,0,0,0.4
0,613,-0.28585,-0.0992746,-0.37078,0.166667,0.166667,0.0434783,1,0.333333,0.5
0,613,-0.0298432,0.0691526,0.224791,0.2,0.2,0.0793651,0,0,0.6
0,613,0.821903,0.610075,1.48288,0.5,0.25,0.0752688,0,0.166667,0.7
0,613,-1.64657,1.0745,-0.228062,0.1,0.5,0.0206186,0,0.166667,0.8
0,613,-0.832842,-0.312466,-1.78164,0.111111,0.125,0.0555556,1,0.333333,0.9
1,613,-0.420064,-0.305219,-0.948573,0.142857,0.142857,0.0352113,1,0.333333,1
0,614,0.277072,-0.451013,0.177278,0.25,0.166667,0.230769,0,1,0.1
1,614,1.72697,1.82016,2.12217,1,1,0.117647,0,1,0.2
0,614,-0.767557,0.31421,-0.253841,0.125,0.25,0.115385,1,0.333333,0.3
0,614,-0.601194,-0.866793,-0.274054,0.2,0.142857,0.275,0,1,0.4
1,614,1.24286,-1.14908,-0.420386,0.333333,0.1,0.3,1,1.16667,0.5
0,614,-1.12297,-0.0654245,-0.89288,0.1,0.2,0.157143,0,1,0.6
0,614,-0.601194,-0.937909,-0.918092,0.166667,0.111111,0.275,0,1.16667,0.7
0,614,1.31237,1.36172,1.61058,0.5,0.5,0.0865385,0,0,0.8
0,614,-0.84635,0.874365,-0.22009,0.111111,0.333333,0.147541,1,0.333333,0.9
0,614,-0.62001,-0.900234,-0.930682,0.142857,0.125,0.268293,0,1,1
0,615,-0.229445,-0.558734,-0.736414,0.2,0.125,0.0930233,1,0.666667,0.1
1,615,0.401469,0.179172,0.631674,0.333333,0.166667,0.09,1,0,0.2
0,615,0.783593,-0.857918,0.0417691,0.5,0.111111,0.125,1,0,0.3
0,615,-0.431782,0.717222,0.631674,0.166667,0.333333,0.0689655,1,0.666667,0.4
0,615,-0.718313,0.280875,-1.04859,0.111111,0.2,0.08,0,0,0.5
0,615,-0.660001,0.666716,-0.0628299,0.142857,0.25,0.0945946,0,0,0.6
0,615,-0.682632,1.2813,0.741226,0.125,1,0.076087,0,0,0.7
1,615,2.60312,-2.20238,0.125801,1,0.1,0.27451,1,0.666667,0.8
0,615,-0.198536,1.04305,1.70018,0.25,0.5,0.0625,1,0.666667,0.9
0,615,-0.867473,-0.549308,-2.0245,0.1,0.142857,0.0779221,1,0.666667,1
0,616,-0.700734,-0.119561,-1.66792,0.111111,0.125,0.114286,0,0,0.1
0,616,-0.27803,0.206709,-0.33879,0.142857,0.2,0.105263,1,0.166667,0.2
0,616,-0.15279,0.61257,0.497931,0.2,0.25,0.0612245,0,0,0.3
0,616,-0.414035,-0.532007,-1.66792,0.125,0.111111,0.0348432,1,0.333333,0.4
1,616,-0.160313,0.915895,1.13818,0.166667,1,0.0862069,0,0,0.5
0,616,-0.0491964,-0.0898061,0.551498,0.5,0.142857,0.0808824,1,0.5,0.6
0,616,-0.0934787,0.787555,1.38822,0.25,0.5,0.116883,1,0,0.7
0,616,-0.0577079,0.15505,0.51577,0.333333,0.166667,0.0693642,1,0.333333,0.8
0,616,-0.967762,0.752068,-0.519688,0.1,0.333333,0.0740741,0,0,0.9
1,616,2.87405,-2.68847,0.102718,1,0.1,0.166667,1,0,1
0,617,-0.0732862,-0.0263328,-0.112186,0.25,0.142857,0.0526316,1,0,0.1
0,617,0.805872,0.259138,2.3662,0.333333,0.25,0.0963855,0,0,0.2
0,617,-0.692526,0.193249,-0.740868,0.142857,0.2,0.142857,1,0.333333,0.3
0,617,-0.405089,-0.358855,-1.92454,0.166667,0.125,0.170732,1,0.333333,0.4
0,617,-0.330684,0.16419,-0.149435,0.2,0.166667,0.104478,0,0,0.5
0,617,-0.973491,1.21636,0.224624,0.1,1,0.113636,0,0,0.6
0,617,-0.718119,0.970382,-0.037584,0.125,0.333333,0.106061,0,0,0.7
1,617,1.11543,-1.3235,0.0745809,0.5,0.111111,0.257143,1,0.333333,0.8
0,617,-0.957123,1.02862,0.0745809,0.111111,0.5,0.0857143,0,0,0.9
1,617,2.22902,-2.12325,0.224624,1,0.1,0.155844,0,0,1
0,618,0.285739,-0.110563,1.74922,0.333333,0.2,0.0892857,0,0,0.1
0,618,-0.878975,0.913547,-0.037837,0.125,0.333333,0.0636364,0,0,0.2
0,618,-1.08049,1.661,0.226137,0.1,1,0.117647,0,0,0.3
0,618,0.197994,-0.406118,-0.112941,0.25,0.142857,0.126582,0,0,0.4
0,618,-0.751042,1.07168,1.21414,0.142857,0.5,0.0933333,1,0,0.5
1,618,2.45073,-1.773,0.226137,1,0.1,0.302326,0,0,0.6
0,618,0.155738,-0.322477,-0.150441,0.2,0.166667,0.126984,0,0,0.7
0,618,0.108563,-0.825413,-1.93749,0.166667,0.125,0.0891089,0,0,0.8
1,618,0.534883,-0.85608,0.075083,0.5,0.111111,0.149254,0,0,0.9
0,618,-1.02314,0.647432,-1.252,0.111111,0.25,0.121951,0,0,1
0,619,1.10731,-0.44852,0.424366,0.5,0.142857,0.122807,0,0,0.1
0,619,0.0443168,1.23811,0.846988,0.2,0.5,0.0892857,0,0,0.2
0,619,-0.284198,-2.02381,-1.06386,0.166667,0.1,0.103448,1,0.5,0.3
0,619,-0.511042,0.42174,-0.241464,0.125,0.25,0.0689655,1,0.5,0.4
0,619,-0.369099,-1.05873,-1.08144,0.142857,0.111111,0.0967742,1,0.5,0.5
1,619,1.87228,1.46058,2.0187,1,1,0.155556,1,0.166667,0.6
0,619,-1.3718,0.234154,-0.873327,0.111111,0.166667,0.0431034,0,0,0.7
0,619,0.42626,-0.605047,-0.241464,0.25,0.125,0.0864198,0,0,0.8
1,619,-1.53104,0.314048,-0.849345,0.1,0.2,0.108108,1,0.5,0.9
0,619,0.617007,0.467471,1.06084,0.333333,0.333333,0.0804598,1,0.166667,1
0,620,-1.03929,1.26599,-0.225471,0.1,0.5,0.136364,1,0.666667,0.1
0,620,-0.42184,-0.0214771,-0.0721649,0.166667,0.2,0.12963,1,0,0.2
0,620,-0.445525,0.0282722,-0.33139,0.125,0.25,0.111111,0,0,0.3
1,620,2.61987,-0.118396,1.20197,1,0.166667,0.147059,1,0,0.4
0,620,-0.439917,0.255632,0.259064,0.142857,0.333333,0.132075,1,0.833333,0.5
0,620,0.90174,-0.799499,0.305195,0.5,0.125,0.166667,1,0.666667,0.6
0,620,-0.382484,-1.12861,-0.862056,0.25,0.1,0.159091,0,0,0.7
1,620,0.186623,2.21345,2.11321,0.333333,1,0.0882353,0,0.333333,0.8
0,620,-0.568816,-0.664446,-1.48419,0.111111,0.142857,0.136364,1,0.833333,0.9
0,620,-0.410363,-1.03093,-0.904171,0.2,0.111111,0.137255,1,0.666667,1
0,621,0.765356,-0.653471,-0.0259491,0.333333,0.125,0.116071,0,0,0.1
1,621,1.51636,-2.11107,-0.322356,0.5,0.1,0.215385,0,0,0.2
0,621,-0.667018,0.805588,-0.473789,0.125,0.25,0.0909091,0,0,0.3
0,621,-0.997294,1.03701,-0.322356,0.1,0.5,0.0677966,1,0,0.4
0,621,-0.24115,-0.685426,-0.858633,0.25,0.111111,0.163636,0,0,0.5
0,621,-0.517963,1.4467,1.71846,0.166667,1,0.225,0,0.166667,0.6
0,621,-0.589889,-0.287117,-0.932423,0.142857,0.166667,0.128571,0,0.166667,0.7
0,621,-0.927317,0.811256,-0.410794,0.111111,0.333333,0.116883,0,0,0.8
1,621,2.00526,-0.0754253,2.13936,1,0.2,0.203704,1,0,0.9
0,621,-0.34635,-0.288048,-0.511517,0.2,0.142857,0.132353,1,0,1
1,622,0.616635,-1.25774,0.0308387,0.5,0.111111,0.0842105,1,0.166667,0.1
0,622,-0.394536,1.16221,1.02917,0.166667,1,0.0909091,0,0,0.2
0,622,-0.592119,-1.20316,-1.04034,0.142857,0.125,0.107143,1,0.333333,0.3
0,622,-0.0951501,-1.36652,-0.738126,0.25,0.1,0.259259,0,0,0.4
0,622,-0.63388,-0.678919,-1.04034,0.125,0.142857,0.176471,0,0,0.5
0,622,-0.345988,1.14019,0.718453,0.2,0.333333,0.102941,0,0,0.6
1,622,2.75823,1.15311,2.08628,1,0.5,0.105263,1,0,0.7
0,622,-0.712081,0.690442,-0.738126,0.1,0.25,0.0967742,0,0,0.8
0,622,-0.679627,0.425274,-0.774186,0.111111,0.2,0.113208,0,0.166667,0.9
0,622,0.0785177,-0.0648993,0.466374,0.333333,0.166667,0.0555556,0,0,1
0,623,-0.888632,1.13615,-0.253743,0.111111,0.333333,0.0933333,1,1,0.1
0,623,-0.106083,-0.745087,-0.315959,0.2,0.142857,0.109589,1,1,0.2
0,623,0.167423,1.71071,1.86621,0.333333,1,0.0952381,0,0,0.3
1,623,1.84046,-1.28894,-0.199116,0.5,0.1,0.230769,1,1,0.4
0,623,-0.830482,-0.274612,-0.82076,0.125,0.166667,0.159091,1,1,0.5
0,623,-0.203478,1.26498,0.766561,0.166667,0.5,0.0869565,0,0,0.6
1,623,1.84656,-0.883831,0.564434,1,0.125,0.2,1,0,0.7
0,623,-1.0143,-0.973813,-2.02415,0.1,0.111111,0.2,1,1,0.8
0,623,-0.028343,0.309685,0.73249,0.25,0.25,0.097561,1,1,0.9
0,623,-0.783122,-0.255236,-0.315959,0.142857,0.2,0.102941,1,1,1
0,624,0.204611,-0.236122,-0.109718,0.25,0.142857,0.08,0,0,0.1
0,624,-0.685495,0.942683,1.17949,0.142857,0.5,0.0952381,0,0,0.2
1,624,1.73318,-1.99198,0.219683,1,0.1,0.0983607,1,0,0.3
0,624,-0.897006,0.886414,-0.581895,0.111111,0.333333,0.056338,1,0.166667,0.4
0,624,0.17136,0.695061,0.468705,0.166667,0.25,0.0631579,0,0.166667,0.5
0,624,0.63291,-0.886051,-0.581895,0.333333,0.111111,0.142857,0,0.166667,0.6
1,624,1.17832,-0.859918,0.618078,0.5,0.125,0.134615,1,0.166667,0.7
0,624,-1.81937,0.075244,-2.36068,0.1,0.2,0.0833333,0,0,0.8
0,624,-0.715763,1.507,1.29438,0.125,1,0.0519481,0,0,0.9
0,624,0.197253,-0.132331,-0.146148,0.2,0.166667,0.1,0,0,1
0,625,-0.795506,-1.4917,-1.76197,0.166667,0.1,0.210526,0,0,0.1
0,625,-0.802292,0.432176,-0.43176,0.142857,0.2,0.0714286,0,0,0.2
0,625,-0.821372,1.17285,0.0434639,0.111111,0.5,0.0666667,0,0,0.3
0,625,-0.813936,0.958836,-0.021903,0.125,0.333333,0.0666667,0,0,0.4
0,625,-0.354497,1.52223,1.80579,0.2,1,0.037594,0,0,0.5
1,625,1.1903,-1.18386,0.0434639,0.5,0.111111,0.102564,1,0,0.6
0,625,2.12406,-0.425225,1.45051,1,0.166667,0.0985915,1,0,0.7
0,625,-0.833795,0.493012,-1.04031,0.1,0.25,0.038835,0,0,0.8
1,625,0.66365,-0.569125,0.312633,0.333333,0.142857,0.0961538,0,0,0.9
0,625,0.443385,-0.909193,-0.399915,0.25,0.125,0.131579,0,0,1
0,626,0.391934,0.455414,2.02769,0.333333,0.5,0.125,1,0.5,0.1
0,626,-0.0675362,-0.0437596,-0.743239,0.142857,0.166667,0.15,1,0.666667,0.2
0,626,-0.445131,0.442153,-0.327446,0.111111,0.333333,0.138462,1,0.666667,0.3
0,626,0.0905607,-1.38499,-1.32841,0.2,0.1,0.131579,0,0,0.4
0,626,0.180726,-1.0917,-0.684421,0.25,0.111111,0.185185,0,0,0.5
0,626,1.48282,-0.699172,0.728379,1,0.125,0.11828,0,0,0.6
1,626,-2.46486,2.39696,0.123621,0.1,1,0.0526316,1,0.5,0.7
0,626,0.0146,-0.412354,-0.743239,0.166667,0.142857,0.123457,0,0,0.8
1,626,1.11366,0.059302,1.32472,0.5,0.2,0.148148,1,0,0.9
0,626,-0.296764,0.278154,-0.377659,0.125,0.25,0.160714,1,0.666667,1
0,627,-1.15178,1.7375,0.419385,0.111111,1,0.0582524,0,0,0.1
0,627,-0.843462,-0.729674,-1.69156,0.125,0.125,0.128205,0,0,0.2
0,627,-0.521293,-1.16063,-1.35869,0.166667,0.111111,0.155556,0,0,0.3
0,627,0.143962,0.52265,0.596084,0.2,0.25,0.0909091,0,0,0.4
1,627,2.01411,-1.71359,0.122966,1,0.1,0.28125,0,0,0.5
0,627,0.603671,0.395323,0.95117,0.333333,0.2,0.0985915,1,0,0.6
0,627,-0.703391,-0.425283,-1.06307,0.142857,0.142857,0.12766,0,0,0.7
0,627,0.582688,0.741645,1.29533,0.25,0.333333,0.105882,0,0,0.8
0,627,-1.15916,0.950514,-0.255591,0.1,0.5,0.0495868,0,0,0.9
1,627,1.03466,-0.318461,0.983979,0.5,0.166667,0.133333,1,0,1
1,628,1.76456,-1.87822,0.130166,1,0.1,0.117647,1,0.166667,0.1
0,628,-0.145826,0.500407,0.995299,0.25,0.25,0.0689655,0,0,0.2
0,628,0.961372,-0.831575,-0.0217793,0.333333,0.125,0.101695,0,0,0.3
0,628,-0.298631,1.41884,1.79559,0.2,1,0.05,0,0,0.4
0,628,-1.17433,0.73218,-0.270557,0.1,0.5,0.0425532,0,0,0.5
0,628,-0.61673,0.366924,-0.782593,0.142857,0.166667,0.045977,1,0.166667,0.6
0,628,-0.699401,-1.50402,-2.11362,0.125,0.111111,0.0784314,1,0.166667,0.7
0,628,-0.886347,0.606931,-0.344784,0.111111,0.333333,0.035461,0,0,0.8
0,628,-0.505323,0.440691,-0.0865953,0.166667,0.2,0.0714286,1,0.166667,0.9
1,628,1.60066,0.147842,0.698869,0.5,0.142857,0.1,1,0,1
0,629,1.94521,-1.53565,0.123453,1,0.1,0.148148,0,0,0.1
0,629,0.156065,1.20798,0.619884,0.166667,0.333333,0.0944882,0,0,0.2
1,629,0.664021,1.27366,2.39293,0.5,0.5,0.151515,0,0.166667,0.3
0,629,-1.69652,1.5545,0.123453,0.1,1,0.176471,1,0.333333,0.4
0,629,0.534026,-0.0877545,0.263393,0.25,0.166667,0.11828,1,0.333333,0.5
0,629,-0.747926,-0.0679597,-0.407179,0.142857,0.2,0.173913,0,0,0.6
0,629,-0.946468,0.0151996,-0.683492,0.111111,0.25,0.1375,0,0.166667,0.7
1,629,0.661951,-1.11912,-0.327001,0.333333,0.111111,0.131313,0,0.166667,0.8
0,629,0.230322,-0.386921,-0.407179,0.2,0.142857,0.179104,0,0,0.9
0,629,-0.800679,-0.853942,-1.69826,0.125,0.125,0.103774,1,0.5,1
0,630,-0.741065,-0.346356,-1.61353,0.111111,0.142857,0.146341,0,0,0.1
0,630,0.343405,0.361582,1.24227,0.333333,0.25,0.115385,1,0.166667,0.2
0,630,-0.320743,0.818089,0.912206,0.2,0.333333,0.0873786,1,0.5,0.3
0,630,-0.0125416,-0.794329,-0.652909,0.25,0.111111,0.166667,1,0.5,0.4
0,630,-0.66707,1.26871,0.996216,0.142857,1,0.0714286,1,0.5,0.5
1,630,1.95965,-2.32087,0.117929,1,0.1,0.158879,1,0.666667,0.6
0,630,-0.735369,-0.346356,-1.62227,0.125,0.125,0.15,0,0,0.7
1,630,1.74166,0.0438527,0.943671,0.5,0.166667,0.161765,0,0,0.8
0,630,-0.51819,0.175326,-0.0784542,0.166667,0.2,0.12069,0,0,0.9
0,630,-1.04974,1.14035,-0.245121,0.1,0.5,0.0519481,0,0,1
0,631,-0.584093,-0.581759,-0.839404,0.142857,0.142857,0.102041,0,0,0.1
0,631,0.715692,-1.44062,-0.491235,0.333333,0.1,0.148936,0,0,0.2
0,631,1.62502,-0.550558,0.776951,0.5,0.166667,0.193548,0,0,0.3
0,631,-0.55088,-0.730727,-0.831884,0.166667,0.125,0.0495868,0,0,0.4
0,631,-1.16523,1.14787,-0.491235,0.1,0.333333,0.0746269,0,0,0.5
0,631,-1.13685,-0.781005,-1.81753,0.111111,0.111111,0.0634921,1,0,0.6
1,631,1.63531,-0.372599,1.33937,1,0.2,0.181818,1,0,0.7
0,631,0.535989,0.276543,0.742418,0.25,0.25,0.116279,0,0,0.8
1,631,-0.457005,1.57615,1.33937,0.2,1,0.0943396,0,0,0.9
0,631,-0.617954,1.4567,0.273174,0.125,0.5,0.0882353,0,0,1
0,632,-0.474343,-0.879603,-0.658514,0.166667,0.125,0.152174,0,0,0.1
0,632,-0.264177,1.77812,1.27535,0.25,1,0.0784314,0,0,0.2
0,632,-0.149439,0.711609,1.03158,0.333333,0.333333,0.0952381,1,0,0.3
0,632,0.652572,1.49764,1.48979,0.5,0.5,0.0941176,0,0,0.4
0,632,-0.519634,0.087726,-0.234803,0.125,0.25,0.0921053,0,0,0.5
0,632,-0.490596,-0.461332,-0.664466,0.142857,0.142857,0.14,0,0,0.6
1,632,2.81364,-0.322367,0.851644,1,0.166667,0.117647,1,0,0.7
0,632,-0.594321,0.032898,-0.825916,0.1,0.2,0.157895,0,0,0.8
1,632,-0.52213,-1.19457,-1.43875,0.111111,0.111111,0.2,0,0,0.9
0,632,-0.451573,-1.25011,-0.825916,0.2,0.1,0.148936,0,0,1
0,633,-0.597313,1.37436,1.71748,0.142857,1,0.0786517,1,0.333333,0.1
0,633,0.402264,-1.27163,-0.538526,0.333333,0.111111,0.142857,0,0,0.2
0,633,-0.478199,-0.370436,-0.687039,0.166667,0.166667,0.171429,1,0,0.3
0,633,-0.343874,0.848637,1.57265,0.2,0.333333,0.0823529,0,0,0.4
0,633,-0.684078,0.763265,-0.621109,0.125,0.25,0.084507,0,0.333333,0.5
0,633,-0.716316,0.61745,-1.69464,0.111111,0.2,0.130435,0,0.333333,0.6
1,633,2.69693,-1.31024,0.20331,1,0.1,0.188679,0,0.166667,0.7
0,633,-0.792268,1.13957,-0.42259,0.1,0.5,0.0517241,1,0.333333,0.8
1,633,0.502141,-1.05934,0.572012,0.5,0.125,0.212121,1,0.5,0.9
0,633,0.010708,-0.731642,-0.101541,0.25,0.142857,0.103448,0,0.333333,1
0,634,-0.927847,0.0638322,-2.34244,0.111111,0.166667,0.181818,0,0,0.1
1,634,2.44675,-1.86272,0.212,1,0.1,0.275,0,0,0.2
0,634,0.732179,-1.27382,0.0703892,0.5,0.111111,0.25,1,0.5,0.3
0,634,0.618303,-0.0564663,0.506304,0.333333,0.142857,0.148649,1,0.5,0.4
0,634,-1.06613,1.30005,0.212,0.1,1,0.162791,0,0,0.5
0,634,-0.0793045,0.312196,0.434331,0.2,0.2,0.169811,0,0,0.6
1,634,-0.0078652,-0.900942,-0.647656,0.25,0.125,0.207547,1,0.5,0.7
0,634,-0.724991,0.328215,-0.647656,0.125,0.25,0.119048,1,0.5,0.8
0,634,-0.688439,0.974076,0.506304,0.142857,0.333333,0.138462,0,0,0.9
0,634,-0.302651,1.11559,1.69643,0.166667,0.5,0.169811,0,0,1
0,635,-0.0463891,0.755826,1.39129,0.25,0.333333,0.103093,0,0,0.1
0,635,0.0185011,0.253483,0.663183,0.333333,0.166667,0.169492,0,0,0.2
1,635,-0.744895,0.325974,-0.773148,0.125,0.2,0.150943,1,0,0.3
0,635,-0.792684,0.82637,0.0438526,0.111111,0.5,0.109589,0,0,0.4
0,635,-0.136953,1.55014,1.82194,0.2,1,0.121951,0,0,0.5
0,635,1.14876,-1.4284,0.0438526,0.5,0.111111,0.140845,1,0.166667,0.6
0,635,-0.465548,-1.08501,-1.1316,0.166667,0.125,0.0286458,0,0,0.7
0,635,-0.902713,0.575971,-1.04961,0.1,0.25,0.0945946,1,0,0.8
1,635,2.4771,-1.61137,0.132076,1,0.1,0.227273,1,0.166667,0.9
0,635,-0.55518,-0.16299,-1.14183,0.142857,0.142857,0.0656934,0,0,1
0,636,-0.0674469,-0.0763373,-0.0760363,0.2,0.166667,0.181818,0,0,0.1
0,636,-0.600666,0.599391,-0.349168,0.125,0.25,0.0886076,0,0.5,0.2
1,636,2.54272,-2.13975,0.114294,1,0.1,0.322581,1,0,0.3
0,636,0.309606,-0.527963,-0.349168,0.25,0.125,0.103093,1,0.166667,0.4
0,636,-1.15446,0.639238,-0.578258,0.1,0.333333,0.0659341,1,0.5,0.5
0,636,-0.326795,0.932694,0.914588,0.166667,0.5,0.097561,1,0.5,0.6
0,636,-1.08732,0.487816,-0.952676,0.111111,0.2,0.105263,1,0.166667,0.7
1,636,0.399544,1.385,2.56727,0.5,1,0.101449,1,0.5,0.8
0,636,0.374381,-1.14892,-0.302742,0.333333,0.111111,0.104651,0,0,0.9
0,636,-0.389563,-0.151166,-0.988104,0.142857,0.142857,0.16,0,0,1
0,637,0.439128,-1.55081,-0.533951,0.333333,0.1,0.107527,1,0,0.1
0,637,-0.492144,0.952483,-0.0176584,0.125,0.333333,0.0769231,0,0,0.2
0,637,-0.0731729,-0.271394,0.225168,0.25,0.166667,0.142857,0,0,0.3
0,637,-0.802177,-0.461323,-1.71369,0.111111,0.125,0.0934579,0,0,0.4
1,637,1.02405,1.81463,2.37056,0.5,1,0.153846,0,0.166667,0.5
0,637,-0.274483,-0.282284,-0.912394,0.142857,0.142857,0.163636,0,0,0.6
0,637,-0.13656,-0.174594,0.216218,0.2,0.2,0.25,0,0,0.7
1,637,2.23114,-1.22664,0.359942,1,0.111111,0.245614,1,0,0.8
0,637,-0.264932,-0.022005,0.225168,0.166667,0.25,0.107843,0,0,0.9
0,637,-1.65085,1.22193,-0.219364,0.1,0.5,0.0819672,0,0.166667,1
1,638,2.13059,-2.33551,0.188354,1,0.1,0.259259,1,0,0.1
0,638,0.0163826,-1.08439,-1.04281,0.25,0.111111,0.0764706,0,0,0.2
0,638,-1.40721,1.11154,0.188354,0.1,1,0.12963,0,0,0.3
1,638,1.1745,0.336129,1.50722,0.5,0.166667,0.113402,0,0,0.4
0,638,-0.876354,0.931862,0.0625382,0.111111,0.5,0.0948276,0,0,0.5
0,638,-0.461563,0.551039,0.945766,0.166667,0.333333,0.146667,0,0,0.6
0,638,-0.226695,0.544541,0.913056,0.2,0.25,0.134146,0,0,0.7
0,638,-0.53065,-0.0889557,-2.10971,0.125,0.142857,0.117021,0,0,0.8
0,638,0.711072,-0.504649,-0.0315153,0.333333,0.125,0.147727,1,0,0.9
0,638,-0.53007,0.538395,-0.62124,0.142857,0.2,0.152174,0,0,1
0,639,-0.146225,-0.530525,-0.31188,0.2,0.142857,0.0387597,0,0.166667,0.1
0,639,-0.8654,0.976266,0.0313959,0.111111,0.5,0.0294118,0,0.166667,0.2
0,639,-0.463406,-1.30899,-1.52172,0.142857,0.1,0.1,0,0.166667,0.3
0,639,0.594151,-0.56018,-0.0158215,0.333333,0.125,0.0857143,0,0.166667,0.4
0,639,-0.614229,-0.136653,-0.810163,0.125,0.166667,0.078125,0,0,0.5
0,639,0.769759,-1.15315,0.0313959,0.5,0.111111,0.075,0,0.166667,0.6
1,639,-1.4799,-0.134035,-1.01612,0.1,0.2,0.0566038,0,0,0.7
0,639,2.26504,0.763247,1.84211,1,0.333333,0.108108,0,0,0.8
1,639,0.400134,2.18606,1.56906,0.25,1,0.0392157,0,0,0.9
0,639,-0.459925,-0.102036,0.201746,0.166667,0.25,0.0704225,0,0.166667,1
0,640,-0.887602,0.792065,-0.763619,0.1,0.333333,0.0545455,0,0,0.1
0,640,-0.82819,0.824569,0.0501131,0.111111,0.5,0.0769231,0,0,0.2
1,640,2.71618,-2.10624,0.150932,1,0.1,0.177778,1,0.166667,0.3
0,640,-0.811721,-0.320541,-1.29315,0.125,0.166667,0.130435,0,0.166667,0.4
0,640,0.432144,-0.741466,0.0501131,0.5,0.111111,0.192308,0,0,0.5
1,640,-0.224256,1.659,2.08204,0.2,1,0.0588235,0,0,0.6
0,640,-0.315832,0.739398,0.32202,0.166667,0.25,0.142857,0,0.333333,0.7
0,640,0.213888,-0.0725754,1.16749,0.333333,0.2,0.138889,1,0.333333,0.8
0,640,-0.325896,-0.385657,-1.30484,0.142857,0.142857,0.0677966,1,0.5,0.9
0,640,0.0312822,-0.388558,-0.461094,0.25,0.125,0.121951,1,0.166667,1
0,641,-0.630171,0.774364,0.956566,0.142857,0.5,0.102041,0,0,0.1
0,641,1.54391,-1.62521,0.178163,1,0.1,0.135593,0,0,0.2
1,641,1.38001,-1.18178,-0.471917,0.333333,0.111111,0.150943,0,0,0.3
0,641,-0.623872,0.523209,0.38012,0.166667,0.25,0.133333,0,0,0.4
0,641,-0.67111,0.275718,-1.52647,0.125,0.166667,0.122449,0,0,0.5
1,641,-0.404088,-0.648199,-0.587627,0.2,0.142857,0.130435,1,0.333333,0.6
0,641,-0.100288,0.649664,1.87678,0.25,0.333333,0.136364,0,0,0.7
0,641,-0.691568,0.521286,-1.48504,0.111111,0.2,0.146341,1,0.166667,0.8
0,641,-1.28057,1.70566,0.178163,0.1,1,0.0454545,0,0,0.9
0,641,1.47775,-0.994714,0.501262,0.5,0.125,0.159091,1,0.166667,1
0,642,-1.01543,1.31546,0.0356415,0.111111,0.5,0.0550459,0,0,0.1
0,642,0.804787,0.988091,1.76074,0.5,0.333333,0.0842105,1,0.166667,0.2
1,642,2.27737,-1.36529,0.366111,1,0.111111,0.121212,1,0.333333,0.3
0,642,-0.243244,-0.521521,-0.64539,0.166667,0.142857,0.148936,1,0.333333,0.4
0,642,-0.138745,-0.558787,-0.628381,0.2,0.125,0.112903,0,0,0.5
0,642,-0.902093,0.0235124,-0.628381,0.125,0.2,0.107143,0,0,0.6
0,642,-0.27611,0.492364,-0.0536126,0.142857,0.25,0.0686275,0,0,0.7
1,642,-1.28884,-0.00189283,-1.44486,0.1,0.166667,0.0888889,0,0,0.8
0,642,0.0755181,1.3195,1.78123,0.25,1,0.1,1,0.166667,0.9
0,642,0.706783,-1.69144,-0.543101,0.333333,0.1,0.127273,1,0.333333,1
1,643,2.12393,-1.63064,0.134964,1,0.1,0.191489,1,0.5,0.1
0,643,-0.29497,-0.810581,-0.747221,0.25,0.111111,0.131148,1,0.5,0.2
0,643,-0.496024,0.850405,-0.022582,0.125,0.333333,0.115385,0,0,0.3
1,643,0.888257,1.11788,2.21374,0.333333,0.5,0.0675676,0,0,0.4
0,643,-0.307005,-0.762206,-0.79005,0.2,0.125,0.275862,1,0.5,0.5
0,643,1.11785,-0.703186,1.07998,0.5,0.166667,0.125,1,0,0.6
0,643,-1.47728,0.724638,-1.07256,0.1,0.25,0.121951,0,0,0.7
0,643,-0.670655,1.56743,0.460303,0.111111,1,0.131148,0,0,0.8
0,643,-0.4487,-0.72056,-1.16679,0.142857,0.142857,0.133333,1,0.5,0.9
0,643,-0.435403,0.366819,-0.0897868,0.166667,0.2,0.0701754,0,0,1
0,644,-0.462685,0.705955,1.2668,0.166667,1,0.0704225,1,1,0.1
0,644,-0.232248,0.256797,-0.0760576,0.2,0.166667,0.103448,1,1,0.2
0,644,-0.205399,0.437893,1.20432,0.25,0.333333,0.0277778,1,0.166667,0.3
1,644,2.55932,-2.9228,0.114327,1,0.1,0.269231,1,1.16667,0.4
0,644,-0.752992,0.553489,0.0379593,0.111111,0.5,0.105263,1,1,0.5
0,644,-0.946278,0.255617,-1.83984,0.1,0.142857,0.0555556,1,0,0.6
0,644,0.347284,0.431522,1.20432,0.333333,0.25,0.0540541,1,1,0.7
0,644,-0.542516,0.168746,-1.28055,0.142857,0.125,0.102041,1,1,0.8
1,644,0.903436,-0.176427,0.0379593,0.5,0.111111,0.0655738,1,1,0.9
0,644,-0.667921,0.289212,-0.669245,0.125,0.2,0.0519481,0,0,1
1,645,0.63861,0.906238,1.52943,0.25,0.5,0.0909091,1,0.166667,0.1
0,645,-0.259241,2.25261,1.56108,0.2,1,0.0746269,0,0,0.2
1,645,1.47368,-0.674768,0.955983,1,0.142857,0.170213,0,0,0.3
0,645,-1.14013,-0.12769,-0.943272,0.111111,0.2,0.060241,0,0,0.4
0,645,-1.16112,0.881903,-0.57255,0.1,0.333333,0.097561,0,0,0.5
0,645,-0.969842,-0.105709,-0.345721,0.125,0.25,0.116279,0,0,0.6
0,645,1.29114,-0.701265,0.318393,0.5,0.125,0.125,0,0,0.7
0,645,-0.489407,-0.351443,-0.382419,0.166667,0.166667,0.148148,0,0,0.8
0,645,-0.605103,-0.858636,-1.54837,0.142857,0.111111,0.0722892,0,0,0.9
0,645,1.22141,-1.22124,-0.57255,0.333333,0.1,0.0945946,1,0.166667,1
0,646,-0.938851,1.43174,0.0887155,0.1,1,0.05,0,0,0.1
0,646,-0.904225,-1.24785,-1.6544,0.125,0.1,0.0392157,0,0,0.2
0,646,-0.919728,-0.909382,-1.44055,0.111111,0.125,0.0408163,0,0,0.3
0,646,-0.858341,1.41136,0.476318,0.142857,0.5,0.0363636,0,0,0.4
0,646,0.0251707,0.0206861,0.181755,0.2,0.2,0.0326087,1,0,0.5
0,646,0.643253,0.739126,0.934532,0.333333,0.25,0.0595238,0,0,0.6
0,646,-0.823395,-0.945437,-0.980242,0.166667,0.111111,0.0470588,0,0,0.7
1,646,0.517284,-0.875366,-0.044308,0.25,0.142857,0.084507,0,0,0.8
0,646,1.47397,0.99281,1.45516,0.5,0.333333,0.0654206,0,0,0.9
1,646,1.78486,-0.617691,0.98302,1,0.166667,0.0625,1,0,1
0,647,-1.08463,0.922652,-0.468119,0.1,0.5,0.0859375,1,0,0.1
0,647,-0.317406,0.634289,1.09174,0.2,0.25,0.136842,1,0.166667,0.2
0,647,-0.496589,0.0559309,-0.761059,0.166667,0.166667,0.184615,1,0.166667,0.3
0,647,-0.995479,0.671874,-0.596546,0.111111,0.333333,0.0689655,0,0,0.4
0,647,-0.743904,0.297201,-1.31836,0.125,0.2,0.0872483,0,0,0.5
1,647,2.32999,-1.79635,0.225214,1,0.1,0.160305,1,0.166667,0.6
0,647,0.671308,-0.20995,0.537863,0.333333,0.142857,0.168421,1,0,0.7
1,647,0.52938,-1.61036,-1.24689,0.25,0.111111,0.151786,1,0.333333,0.8
0,647,-0.565353,1.46709,1.90252,0.142857,1,0.0909091,0,0,0.9
0,647,0.672687,-0.432378,0.63364,0.5,0.125,0.161905,1,0.166667,1
0,648,-0.00820906,-1.36559,-1.19584,0.25,0.111111,0.1,1,0.833333,0.1
0,648,0.0267969,-0.335925,0.515843,0.333333,0.142857,0.109375,0,0,0.2
0,648,-0.715044,1.20572,0.607699,0.125,0.5,0.0731707,1,0.666667,0.3
0,648,-0.25121,-0.573386,-1.26439,0.2,0.125,0.103448,0,0,0.4
0,648,-0.633702,0.433989,-0.107876,0.142857,0.25,0.0681818,1,0.5,0.5
0,648,-0.726073,0.770185,-0.572123,0.111111,0.333333,0.084507,1,1,0.6
1,648,1.56949,-1.78053,-0.448954,0.5,0.1,0.22,1,0.666667,0.7
0,648,-0.892132,1.5024,0.215994,0.1,1,0.05,1,0.666667,0.8
1,648,2.21294,-0.0296988,2.39334,1,0.166667,0.125,1,0,0.9
0,648,-0.582865,0.172839,-0.143694,0.166667,0.2,0.0736842,1,1,1
0,649,-0.0360706,0.373702,1.342,0.333333,0.25,0.0849057,0,0,0.1
0,649,-0.558902,1.17859,-0.2648,0.1,0.5,0.08,0,0,0.2
0,649,-0.506249,1.21481,0.434496,0.111111,1,0.107692,0,0,0.3
0,649,-0.229011,-0.409131,-0.389195,0.25,0.125,0.222222,1,0.166667,0.4
1,649,-0.479128,-0.55122,-2.06864,0.125,0.111111,0.127273,1,0.166667,0.5
0,649,-0.472216,-0.235466,-1.10138,0.142857,0.142857,0.155556,0,0,0.6
0,649,0.000507253,0.101948,1.36519,0.5,0.2,0.123288,0,0,0.7
0,649,-0.315312,-0.0616254,-0.0847527,0.2,0.166667,0.140351,0,0,0.8
0,649,-0.353328,0.799807,0.639686,0.166667,0.333333,0.125,0,0,0.9
1,649,2.94971,-2.41142,0.127397,1,0.1,0.294118,1,0,1
0,650,0.723219,-0.627903,0.0460847,0.5,0.111111,0.137255,0,0,0.1
0,650,-0.561039,-0.301391,-0.834495,0.142857,0.166667,0.111111,0,0,0.2
1,650,2.61279,-0.622205,0.81781,1,0.125,0.138889,1,0.166667,0.3
0,650,-0.447252,-0.525104,-0.457794,0.2,0.142857,0.12766,0,0,0.4
0,650,-0.574116,0.0921197,-0.424029,0.125,0.25,0.105263,0,0,0.5
1,650,-0.712381,0.0501669,-1.15693,0.111111,0.2,0.16129,0,0.166667,0.6
0,650,-0.377098,-1.92093,-1.10304,0.25,0.1,0.125,0,0,0.7
0,650,-0.752448,1.62805,0.138799,0.1,1,0.0769231,0,0,0.8
0,650,0.585503,1.21433,2.27665,0.333333,0.5,0.0652174,0,0,0.9
0,650,-0.497179,1.01286,0.696939,0.166667,0.333333,0.105263,0,0,1
0,651,0.278882,1.51647,2.26891,0.25,1,0.133333,0,0,0.1
0,651,-0.462354,-0.496418,-0.822091,0.166667,0.142857,0.16129,0,0,0.2
0,651,1.61921,-1.06734,0.466348,1,0.111111,0.230769,0,0,0.3
1,651,1.59848,-1.96951,-0.284212,0.5,0.1,0.229167,0,0,0.4
0,651,0.149658,0.730742,1.05768,0.2,0.333333,0.153846,0,0,0.5
1,651,0.75552,-0.712687,-0.0228785,0.333333,0.125,0.114286,1,0.333333,0.6
0,651,-1.1151,0.496591,-1.08664,0.1,0.25,0.184211,1,0.333333,0.7
0,651,-0.838748,0.309934,-0.45099,0.142857,0.2,0.138462,1,0.333333,0.8
0,651,-1.09307,1.00868,0.0453997,0.111111,0.5,0.140625,0,0,0.9
0,651,-0.892487,0.183544,-1.17153,0.125,0.166667,0.173077,0,0,1
0,652,-0.877627,1.14943,0.231078,0.125,0.5,0.0595238,1,1,0.1
0,652,-0.46763,-0.621688,-0.480784,0.2,0.125,0.116279,1,1,0.2
0,652,0.378028,0.014048,0.175232,0.25,0.166667,0.0382166,1,1,0.3
0,652,1.06132,1.03133,1.34717,0.5,0.333333,0.0705882,1,0,0.4
1,652,2.16301,1.32456,2.09768,1,1,0.0793651,1,0,0.5
0,652,-0.900634,0.483122,-0.652705,0.1,0.25,0.114286,1,1,0.6
0,652,-0.740959,-0.52384,-0.71005,0.142857,0.142857,0.133333,1,1,0.7
0,652,-0.513166,0.0287426,-0.0546396,0.166667,0.2,0.106383,1,1,0.8
1,652,0.79572,-2.07599,-0.415535,0.333333,0.1,0.0779221,1,1,0.9
0,652,-0.898059,-0.809709,-1.53745,0.111111,0.111111,0.0677966,0,0,1
0,653,-1.21615,1.23094,0.143802,0.1,1,0.075,1,0.333333,0.1
1,653,0.884318,-1.32015,0.0477457,0.5,0.111111,0.0540541,1,0,0.2
0,653,0.155254,1.13915,2.35871,0.333333,0.5,0.0857143,0,0,0.3
0,653,-0.16256,-0.328916,-0.485945,0.166667,0.166667,0.0925926,0,0,0.4
0,653,-0.215129,0.72432,-0.0718201,0.142857,0.25,0.0793651,0,0,0.5
0,653,-0.141439,0.648508,0.294612,0.2,0.2,0.0540541,0,0,0.6
0,653,-0.991333,-0.644926,-1.96753,0.111111,0.142857,0.125,1,0.333333,0.7
0,653,2.47409,-1.47503,0.143802,1,0.1,0.162162,0,0,0.8
1,653,-0.0705979,-0.93535,-0.439312,0.25,0.125,0.0769231,1,0.333333,0.9
0,653,-0.716452,0.961462,-0.0240608,0.125,0.333333,0.0519481,0,0,1
0,654,-0.585806,1.6574,0.77037,0.142857,1,0.0533333,0,0,0.1
0,654,-0.0798883,0.526711,0.697303,0.25,0.25,0.0895522,1,1,0.2
1,654,1.87516,-1.90808,0.091194,1,0.1,0.117647,1,1,0.3
0,654,-0.398954,0.16011,0.186833,0.2,0.2,0.102041,1,1,0.4
1,654,1.43538,0.159086,0.729738,0.5,0.166667,0.101695,1,1,0.5
0,654,-1.13731,-0.67206,-1.70062,0.1,0.125,0.0588235,1,1,0.6
0,654,-0.971985,-1.15509,-1.70709,0.111111,0.111111,0.0384615,1,1,0.7
0,654,-0.701939,0.747092,-0.0152585,0.125,0.333333,0.0555556,0,0,0.8
0,654,0.998203,0.883623,1.49581,0.333333,0.5,0.0638298,0,0,0.9
0,654,-0.432866,-0.398799,-0.548282,0.166667,0.142857,0.0724638,1,1,1
1,655,2.70996,-2.8573,0.199434,1,0.1,0.136986,1,0,0.1
0,655,-0.60613,1.00164,1.17507,0.125,1,0.0642202,0,0,0.2
0,655,-0.314509,0.0851092,-0.657784,0.2,0.142857,0.136364,0,0.166667,0.3
0,655,-0.918101,0.287164,-2.14309,0.1,0.2,0.0967742,0,0,0.4
0,655,-0.162743,-0.139691,-1.10416,0.25,0.111111,0.127273,0,0.166667,0.5
0,655,-0.345982,0.526824,1.0014,0.166667,0.333333,0.091954,0,0,0.6
1,655,0.530625,0.0147596,0.561107,0.5,0.125,0.125,1,0,0.7
0,655,-0.351639,0.33288,-0.0996051,0.142857,0.25,0.0842105,0,0,0.8
0,655,-0.840335,0.539493,0.066217,0.111111,0.5,0.0923077,0,0,0.9
0,655,0.29885,0.209121,1.0014,0.333333,0.166667,0.0803571,0,0,1
0,656,-0.373019,0.180231,-0.609843,0.142857,0.2,0.172414,0,0,0.1
1,656,-0.00693524,0.22601,2.49888,0.5,0.25,0.122449,0,0,0.2
0,656,-0.335101,-0.647483,0.44158,0.333333,0.142857,0.263158,0,0,0.3
0,656,-0.437001,1.79189,0.184899,0.1,1,0.102041,0,0,0.4
0,656,-0.335101,-0.766247,-1.02368,0.25,0.111111,0.263158,0,0,0.5
0,656,-0.4041,1.08855,0.520212,0.125,0.5,0.142857,0,0,0.6
0,656,-0.335101,-0.755727,-1.08236,0.2,0.125,0.263158,0,0,0.7
0,656,-0.404659,0.999581,-0.489759,0.111111,0.333333,0.131579,1,0.166667,0.8
0,656,-0.349542,-0.465302,-0.624823,0.166667,0.166667,0.238095,1,0,0.9
1,656,2.98056,-1.6515,0.184899,1,0.1,0.115942,1,0.166667,1
0,657,-0.223145,1.80302,1.01918,0.166667,1,0.114754,0,0,0.1
0,657,-0.883549,-0.41118,-0.788054,0.125,0.166667,0.0537634,0,0,0.2
1,657,2.18304,-0.809663,0.541942,1,0.125,0.151515,1,0,0.3
0,657,-0.975488,-0.944834,-1.72177,0.111111,0.111111,0.0769231,1,0.5,0.4
0,657,-1.00143,-0.573844,-1.4802,0.1,0.142857,0.048,1,0.5,0.5
0,657,0.762359,1.00842,1.50868,0.333333,0.5,0.134615,0,0,0.6
1,657,0.0927564,0.80694,0.703302,0.25,0.25,0.142857,1,0.5,0.7
0,657,-0.855071,0.921913,0.219666,0.142857,0.333333,0.125,0,0,0.8
0,657,-0.150998,-0.369771,0.18844,0.2,0.2,0.0967742,1,0.5,0.9
0,657,1.05152,-1.431,-0.191182,0.5,0.1,0.142857,1,0,1
1,658,-0.258285,1.04066,0.767703,0.25,0.333333,0.0803571,1,1.33333,0.1
0,658,0.905544,1.66113,1.41975,0.333333,1,0.0833333,0,0,0.2
1,658,2.04672,-0.692417,0.615647,1,0.142857,0.202899,1,0.833333,0.3
0,658,-0.487087,-0.939468,-0.624408,0.166667,0.125,0.0941176,1,0.666667,0.4
0,658,-0.752346,-0.0758721,-0.607461,0.111111,0.2,0.097561,1,0.833333,0.5
0,658,-0.422873,0.409014,0.353282,0.2,0.25,0.125,0,0.5,0.6
0,658,1.38655,1.36889,1.41263,0.5,0.5,0.0917431,1,0.666667,0.7
0,658,-0.725465,-0.605623,-0.624408,0.125,0.166667,0.125,1,1.16667,0.8
0,658,-1.0204,-0.949935,-1.53991,0.1,0.111111,0.117647,1,0.666667,0.9
0,658,-0.672359,-1.21638,-1.17282,0.142857,0.1,0.140351,1,0.666667,1
0,659,0.375092,-0.601223,-0.400301,0.333333,0.111111,0.147541,0,0,0.1
0,659,-0.695397,1.21439,0.515426,0.111111,1,0.106061,0,0,0.2
1,659,1.68728,0.479683,2.04244,0.5,0.25,0.09,1,0,0.3
1,659,2.11339,-2.41137,0.151126,1,0.1,0.151515,0,0,0.4
0,659,-0.526937,0.0496983,-0.510695,0.166667,0.166667,0.173913,0,0,0.5
0,659,-0.650243,0.19714,-0.884661,0.125,0.2,0.0769231,0,0,0.6
0,659,-0.731224,1.20619,-0.314123,0.1,0.5,0.0909091,0,0,0.7
0,659,-0.523661,0.576914,1.16899,0.2,0.333333,0.210526,0,0,0.8
0,659,-0.482115,-0.219868,-0.0754781,0.25,0.142857,0.150943,0,0,0.9
0,659,-0.566188,-0.491553,-1.69273,0.142857,0.125,0.097561,0,0,1
0,660,0.27674,0.871425,1.67509,0.25,0.5,0.125,1,0.833333,0.1
0,660,0.113282,-0.228319,-0.725544,0.2,0.125,0.107143,1,0.833333,0.2
0,660,-0.809029,1.28914,0.730285,0.125,1,0.0535714,1,0.833333,0.3
1,660,1.024,0.489075,1.67509,0.5,0.25,0.0588235,0,0,0.4
0,660,-0.441543,0.263808,-0.418841,0.166667,0.166667,0.119048,1,0.166667,0.5
0,660,0.797767,-1.19458,-0.328302,0.333333,0.111111,0.127273,1,0.166667,0.6
0,660,-0.613945,-0.184514,-1.07153,0.142857,0.142857,0.2,1,0.833333,0.7
0,660,-1.27017,0.469545,-1.33188,0.1,0.2,0.108108,1,0.833333,0.8
1,660,2.03624,-2.2949,0.123944,1,0.1,0.222222,1,0.833333,0.9
0,660,-1.11335,0.519326,-0.328302,0.111111,0.333333,0.142857,0,0,1
1,661,0.952878,1.25179,2.42193,0.5,0.5,0.0625,1,0,0.1
0,661,1.40246,-1.09354,0.124949,1,0.1,0.0958904,1,1,0.2
0,661,0.886523,-0.992216,-0.0209064,0.333333,0.125,0.0958904,1,0.833333,0.3
0,661,-1.35137,0.684665,-0.691775,0.111111,0.25,0.0416667,1,0.833333,0.4
1,661,0.870913,-0.480075,0.266585,0.25,0.166667,0.133333,1,1,0.5
0,661,0.519396,-0.0771214,0.255987,0.2,0.2,0.0847458,0,0,0.6
0,661,-1.41958,1.59281,0.124949,0.1,1,0.029703,0,0,0.7
0,661,-0.375107,-0.935722,-0.751225,0.166667,0.142857,0.108696,1,1,0.8
0,661,-0.407961,-1.00817,-1.70958,0.142857,0.111111,0.0568182,1,1,0.9
0,661,-1.07815,1.05757,-0.0209064,0.125,0.333333,0.0348837,1,1,1
0,662,-0.633252,1.45256,0.555362,0.111111,1,0.108108,0,0,0.1
1,662,-0.387472,0.904573,0.388888,0.142857,0.333333,0.125,1,0.166667,0.2
0,662,-0.362286,-0.174805,-0.108329,0.2,0.166667,0.243243,0,0,0.3
0,662,-0.261776,-0.721604,-0.49746,0.25,0.125,0.3,0,0,0.4
0,662,-0.490265,-0.0969755,-0.953206,0.125,0.2,0.209302,0,0,0.5
0,662,-0.370166,-0.843413,-1.79921,0.166667,0.111111,0.236842,0,0,0.6
0,662,-0.909602,1.05227,-0.338461,0.1,0.5,0.145833,0,0,0.7
0,662,-0.0233759,-0.331575,0.388888,0.333333,0.142857,0.192308,0,0,0.8
0,662,0.686338,0.760149,2.2007,0.5,0.25,0.09,1,0.166667,0.9
1,662,2.75186,-2.00119,0.162835,1,0.1,0.454545,1,0,1
0,663,0.317906,-0.243675,0.878441,0.5,0.142857,0.0396825,0,0,0.1
0,663,-0.63702,-0.615464,-2.6567,0.111111,0.125,0.0319149,0,0,0.2
0,663,-0.536184,0.319986,0.460323,0.125,0.5,0.0454545,0,0,0.3
0,663,-0.201009,-0.209346,0.349075,0.25,0.166667,0.0675676,1,0.333333,0.4
1,663,2.87209,-1.34679,0.163612,1,0.1,0.157895,1,0.333333,0.5
0,663,-0.367433,-0.00541393,-0.539635,0.142857,0.2,0.0632911,0,0,0.6
0,663,-0.175812,-0.854356,-0.433375,0.333333,0.111111,0.0769231,0,0,0.7
1,663,-0.798935,2.60642,0.163612,0.1,1,0.0465116,0,0,0.8
0,663,-0.23588,0.0804802,0.793119,0.2,0.25,0.0892857,1,0.333333,0.9
0,663,-0.237719,0.268154,0.821532,0.166667,0.333333,0.0961538,0,0,1
0,664,0.386868,0.332083,0.803089,0.25,0.25,0.149254,0,0,0.1
0,664,-1.02238,-0.257279,-1.16049,0.111111,0.166667,0.0526316,1,0,0.2
0,664,-1.16647,1.13767,-0.218307,0.1,0.5,0.155556,0,0,0.3
0,664,-0.517853,-0.0502956,-0.346412,0.142857,0.2,0.0877193,0,0,0.4
0,664,-0.307522,-0.756482,-0.899866,0.166667,0.125,0.181818,0,0,0.5
0,664,-0.857566,0.768116,-0.0175733,0.125,0.333333,0.1,0,0,0.6
1,664,2.42891,-1.08867,0.358208,1,0.111111,0.139535,0,0,0.7
1,664,0.485436,1.90815,2.35914,0.5,1,0.162162,0,0,0.8
0,664,0.130012,-1.52181,-1.12862,0.2,0.1,0.163636,0,0,0.9
0,664,0.440564,-0.471487,0.250833,0.333333,0.142857,0.117647,0,0,1
0,665,-0.285935,1.01289,2.71046,0.25,0.5,0.0933333,0,0,0.1
1,665,2.77382,-2.05743,0.200554,1,0.1,0.275,0,0.166667,0.2
0,665,-0.0988494,-0.266951,-0.0335566,0.333333,0.125,0.0559441,0,0,0.3
0,665,-0.532515,0.233385,-1.17401,0.125,0.2,0.0980392,0,0,0.4
0,665,-0.558218,0.65944,-0.531227,0.111111,0.333333,0.1,0,0,0.5
0,665,-0.328395,-0.072729,-0.661479,0.2,0.142857,0.101695,0,0,0.6
0,665,-0.898264,1.34027,0.200554,0.1,1,0.0638298,0,0,0.7
1,665,0.660517,-1.42172,0.066589,0.5,0.111111,0.113636,0,0,0.8
0,665,-0.375215,0.597419,-0.100165,0.142857,0.25,0.116279,0,0.166667,0.9
0,665,-0.356949,-0.0245748,-0.677727,0.166667,0.166667,0.114286,0,0,1
1,666,0.650431,-2.31064,-1.17178,0.25,0.1,0.116279,1,0.5,0.1
0,666,-0.958107,0.79134,0.414846,0.125,0.5,0.0454545,0,0,0.2
0,666,-1.12339,0.713663,-0.816343,0.111111,0.25,0.030303,1,0.333333,0.3
0,666,-0.37701,0.581984,-0.0980926,0.166667,0.2,0.0535714,0,0,0.4
0,666,-0.839224,0.290403,-0.886499,0.142857,0.166667,0.0869565,0,0.166667,0.5
0,666,1.12046,0.774758,2.41853,0.5,0.333333,0.0392157,1,0.166667,0.6
0,666,1.05294,-0.206916,0.352141,0.333333,0.142857,0.115385,0,0,0.7
0,666,-0.0774313,-0.394789,-0.863135,0.2,0.125,0.113636,1,0.5,0.8
1,666,1.6949,-1.18637,0.502884,1,0.111111,0.0606061,1,0.333333,0.9
0,666,-1.14357,0.946564,0.147449,0.1,1,0.0319149,0,0,1
1,667,2.65514,-2.0205,0.135435,1,0.1,0.142857,1,0.666667,0.1
0,667,0.258418,-0.194973,0.680047,0.333333,0.166667,0.0437956,1,0,0.2
0,667,-0.593706,1.3811,0.381045,0.125,0.5,0.103448,0,0,0.3
0,667,0.628864,0.616401,2.22147,0.5,0.333333,0.125,1,0.333333,0.4
0,667,-0.241042,-0.0785624,0.27747,0.2,0.2,0.0793651,1,0.5,0.5
1,667,-1.08909,1.54105,0.135435,0.1,1,0.0789474,0,0,0.6
0,667,-0.420446,-0.318982,-1.17087,0.142857,0.142857,0.1,1,0.5,0.7
0,667,-0.289167,-0.772189,-1.49646,0.166667,0.111111,0.0306748,1,0.166667,0.8
0,667,-0.124512,-0.577352,-0.413751,0.25,0.125,0.0943396,1,0.5,0.9
0,667,-0.784466,0.424007,-0.749829,0.111111,0.25,0.0481928,0,0,1
1,668,0.222763,-1.1926,-0.878861,0.25,0.111111,0.119565,0,0,0.1
0,668,-0.672831,0.403228,-0.48495,0.125,0.25,0.106383,1,0,0.2
0,668,0.690338,-0.683532,0.379109,0.333333,0.142857,0.103093,0,0,0.3
0,668,-0.486433,1.78446,1.34098,0.142857,1,0.130435,1,0,0.4
0,668,0.95463,-1.50762,-0.32995,0.5,0.1,0.13253,1,0.333333,0.5
0,668,-1.30543,0.856856,-0.420471,0.111111,0.333333,0.0952381,0,0,0.6
0,668,-1.3499,0.989221,-0.32995,0.1,0.5,0.102941,1,0.333333,0.7
0,668,-0.119177,-0.776565,-1.36006,0.166667,0.125,0.0900901,0,0,0.8
0,668,-0.0153964,-0.225576,-0.105605,0.2,0.166667,0.163636,1,0,0.9
1,668,2.08143,0.352127,2.18976,1,0.2,0.178571,1,0.333333,1
0,669,-0.909431,0.126538,-0.045697,0.142857,0.25,0.1,0,0.666667,0.1
0,669,0.0509568,-0.596031,-0.76265,0.2,0.111111,0.09375,0,0.166667,0.2
0,669,-0.909431,0.120123,-0.783925,0.125,0.166667,0.1,0,0.666667,0.3
0,669,0.63285,1.27961,1.78245,0.333333,1,0.0454545,0,0,0.4
0,669,-0.945361,0.0622402,-1.47244,0.1,0.142857,0.0909091,0,0.666667,0.5
0,669,-0.427552,1.22768,0.732159,0.166667,0.5,0.0625,0,0.5,0.6
1,669,2.17578,-2.39747,0.0914966,1,0.1,0.0571429,1,0.166667,0.7
0,669,1.13772,0.619932,1.50078,0.5,0.333333,0.06,1,0.166667,0.8
0,669,-0.909431,0.121971,-0.76265,0.111111,0.2,0.1,0,0.666667,0.9
1,669,0.103904,-0.564596,-0.279521,0.25,0.125,0.0714286,1,0,1
0,670,0.0569883,0.560588,1.20937,0.25,0.25,0.0945946,0,0,0.1
1,670,1.89644,-2.23687,0.158162,1,0.1,0.177419,0,0,0.2
0,670,-0.23302,0.738825,0.794166,0.166667,0.333333,0.103896,0,0,0.3
0,670,-0.501068,-0.335635,-1.36735,0.142857,0.142857,0.122807,1,0.333333,0.4
0,670,-0.562885,0.88482,0.444989,0.125,0.5,0.05,1,0,0.5
0,670,0.607357,-0.795578,-0.418938,0.333333,0.111111,0.142857,0,0,0.6
1,670,1.43862,-0.289768,1.26562,0.5,0.166667,0.132075,0,0,0.7
0,670,-0.130319,-0.345442,-0.925849,0.2,0.125,0.1,0,0,0.8
0,670,-1.37171,0.297145,-1.69959,0.1,0.2,0.0714286,1,0.333333,0.9
0,670,-1.20041,1.52191,0.539423,0.111111,1,0.0641026,1,0.333333,1
0,671,-0.0521203,0.398789,0.358309,0.2,0.25,0.205128,0,0.166667,0.1
0,671,0.964507,0.0722987,0.792081,0.5,0.2,0.0677966,0,0,0.2
1,671,-0.491988,-1.90183,-1.18951,0.142857,0.1,0.159091,1,0.666667,0.3
0,671,-0.66333,0.983362,-0.0123675,0.125,0.333333,0.125,0,0,0.4
0,671,0.381376,-0.765235,-0.40923,0.25,0.111111,0.0654206,1,0.5,0.5
0,671,-1.03569,-0.633988,-1.20023,0.111111,0.125,0.0972222,1,0.666667,0.6
0,671,-1.52339,-0.416007,-0.994891,0.1,0.166667,0.0821918,1,0.5,0.7
0,671,2.15822,1.40816,1.88783,1,1,0.102273,0,0,0.8
0,671,0.408533,1.36083,1.2124,0.333333,0.5,0.0661157,0,0,0.9
1,671,-0.14612,-0.506383,-0.444399,0.166667,0.142857,0.121212,1,0.166667,1
0,672,-0.470238,0.616294,0.261392,0.166667,0.25,0.135593,1,0,0.1
0,672,-0.73761,-0.36453,-1.37227,0.125,0.142857,0.137931,1,0.333333,0.2
0,672,-1.20294,0.00412353,-1.31653,0.1,0.2,0.133333,1,0.333333,0.3
0,672,1.70011,-1.3509,0.417847,1,0.111111,0.222222,1,0,0.4
0,672,-0.31008,0.873819,0.947683,0.2,0.333333,0.0934579,1,0.333333,0.5
1,672,0.777372,-0.0405035,0.615176,0.333333,0.166667,0.119403,1,0,0.6
0,672,-0.481428,-0.850769,-1.37227,0.142857,0.125,0.210526,0,0,0.7
0,672,-1.09272,1.5512,0.417847,0.111111,1,0.125,0,0,0.8
0,672,0.160642,1.13541,1.65578,0.25,0.5,0.0659341,0,0,0.9
1,672,1.6569,-1.57415,-0.254654,0.5,0.1,0.203125,0,0,1
0,673,-0.498977,1.54009,0.924749,0.142857,1,0.0886076,1,0.5,0.1
1,673,2.86465,0.209001,1.51008,1,0.2,0.166667,0,0,0.2
1,673,-0.55782,0.565026,-0.0183163,0.125,0.333333,0.0843373,1,0.333333,0.3
0,673,-0.187122,1.43066,1.17307,0.2,0.5,0.0860215,0,0,0.4
0,673,-0.0623582,-1.37986,-0.869953,0.25,0.1,0.148148,0,0,0.5
0,673,-0.246651,-1.16036,-0.937908,0.166667,0.125,0.0672269,0,0,0.6
0,673,-0.774774,0.42588,-0.869953,0.1,0.25,0.0853659,0,0,0.7
0,673,-0.715455,-0.557118,-1.49778,0.111111,0.142857,0.0744681,1,0.333333,0.8
0,673,0.143084,0.134234,0.875974,0.5,0.166667,0.103896,1,0.166667,0.9
0,673,0.0354186,-1.20755,-0.28996,0.333333,0.111111,0.163265,0,0,1
0,674,-0.219558,0.947676,2.49165,0.2,0.5,0.0675676,1,0.166667,0.1
0,674,-1.19069,1.36258,0.232516,0.1,1,0.0537634,1,0.833333,0.2
1,674,1.65261,-1.23373,0.654184,0.5,0.125,0.175,1,1.16667,0.3
0,674,-0.666041,0.503247,-0.116128,0.142857,0.25,0.0458015,0,0,0.4
0,674,0.628964,-1.36007,-0.615887,0.333333,0.111111,0.0823529,1,0.833333,0.5
0,674,-0.327509,0.144948,-0.785735,0.166667,0.166667,0.0431655,0,0.333333,0.6
0,674,-0.690034,0.447735,-1.3611,0.125,0.2,0.0769231,0,0.333333,0.7
0,674,-1.17048,0.918106,-0.615887,0.111111,0.333333,0.0701754,1,0.833333,0.8
1,674,1.71409,-1.59271,0.232516,1,0.1,0.179487,1,0.833333,0.9
0,674,0.268645,-0.137774,-0.116128,0.25,0.142857,0.0679612,1,1,1
1,675,2.9154,-2.48994,0.125825,1,0.1,0.27907,1,0.5,0.1
1,675,-0.538236,0.223301,-1.07804,0.125,0.166667,0.0877193,0,0.333333,0.2
0,675,-0.0855325,-1.15322,-0.696625,0.25,0.111111,0.0610687,1,1,0.3
0,675,0.0134967,1.00439,2.45121,0.333333,1,0.0945946,0,0,0.4
0,675,-0.46403,0.649111,0.300499,0.142857,0.333333,0.0769231,1,0.166667,0.5
0,675,-0.194683,0.583698,0.609944,0.2,0.25,0.12,1,1,0.6
0,675,-0.648967,0.727782,-0.261534,0.1,0.5,0.0961538,1,0.5,0.7
0,675,-0.458098,0.203777,-0.756493,0.166667,0.142857,0.0657895,1,0.166667,0.8
0,675,0.024932,-0.0275382,0.354009,0.5,0.125,0.0747664,1,0.5,0.9
0,675,-0.564278,0.278642,-1.04879,0.111111,0.2,0.0595238,0,0.5,1
1,676,-1.42109,0.579845,-0.379374,0.1,0.333333,0.0517241,1,0,0.1
0,676,-0.565708,0.0698136,-0.642452,0.125,0.166667,0.0877193,0,0,0.2
0,676,-0.527795,-1.37512,-1.02596,0.142857,0.111111,0.0694444,1,0,0.3
0,676,-0.0586454,0.098021,0.153623,0.2,0.2,0.0403226,0,0.166667,0.4
0,676,0.0393912,0.991104,1.0134,0.25,0.5,0.097561,0,0,0.5
1,676,0.512567,1.62336,1.68429,0.5,1,0.06,1,0,0.6
0,676,-0.579454,-1.9113,-1.58441,0.111111,0.1,0.108696,0,0,0.7
0,676,0.115508,0.0223275,0.17908,0.333333,0.142857,0.0515464,1,0,0.8
0,676,-0.113289,-0.540144,-0.642452,0.166667,0.125,0.0465116,0,0.166667,0.9
0,676,2.59851,0.442097,1.24425,1,0.25,0.0542636,1,0,1
0,677,-0.761917,1.45817,0.896213,0.125,1,0.05,0,0,0.1
0,677,0.138613,-0.6523,-0.0759674,0.25,0.142857,0.315789,1,1,0.2
0,677,-0.53719,-0.560552,-0.101191,0.166667,0.2,0.2,1,1,0.3
0,677,-1.11203,1.36441,-0.769558,0.1,0.333333,0.0816327,0,0,0.4
0,677,-0.791069,0.410424,-0.842126,0.111111,0.25,0.0582524,1,0.833333,0.5
1,677,2.54818,-1.2084,0.152106,1,0.1,0.225,1,1.16667,0.6
0,677,0.138613,-0.6523,-0.890396,0.2,0.125,0.315789,1,1.16667,0.7
0,677,0.580729,-0.987639,0.0505028,0.5,0.111111,0.233333,1,1,0.8
0,677,-0.53719,-0.560552,-0.914498,0.142857,0.166667,0.2,1,1,0.9
1,677,0.333265,1.38874,2.49491,0.333333,0.5,0.0833333,1,0.5,1
1,678,2.65157,-2.29981,0.124209,1,0.1,0.230769,1,1,0.1
0,678,-0.278913,0.28738,0.265007,0.166667,0.25,0.0537634,1,0.5,0.2
0,678,-0.154833,-0.288176,-0.727097,0.2,0.125,0.0155844,0,0,0.3
0,678,-0.0867185,1.10735,1.67867,0.25,0.5,0.105263,1,0.5,0.4
0,678,-0.459283,-0.831834,-2.01689,0.125,0.111111,0.0485437,1,0.5,0.5
0,678,-0.310232,-0.0570992,-0.746779,0.142857,0.166667,0.0537634,0,0,0.6
0,678,-0.765991,1.4147,0.423625,0.111111,1,0.05,1,0.5,0.7
1,678,0.597949,-0.174287,0.666886,0.5,0.142857,0.142857,1,0,0.8
0,678,0.0726141,0.0760959,0.960787,0.333333,0.2,0.0581395,1,0.5,0.9
0,678,-1.26616,0.76568,-0.628421,0.1,0.333333,0.0882353,1,0.5,1
1,679,2.40256,0.246055,2.19677,1,0.2,0.136364,1,0,0.1
0,679,-0.525401,1.14252,0.855015,0.142857,0.5,0.0384615,0,0,0.2
0,679,-0.425661,-1.00953,-0.421818,0.333333,0.111111,0.0441176,1,0,0.3
0,679,-0.428072,-1.92315,-1.26556,0.25,0.1,0.111111,0,0.166667,0.4
0,679,1.51273,-0.717853,0.448047,0.5,0.125,0.0609756,0,0.166667,0.5
0,679,-0.568052,0.365061,-1.26556,0.1,0.25,0.0540541,1,0.166667,0.6
0,679,-0.53547,1.40872,0.543131,0.111111,1,0.0461538,0,0,0.7
1,679,-0.429677,-0.482911,-0.525244,0.2,0.142857,0.0526316,1,0.166667,0.8
0,679,-0.532403,1.02343,-0.0266454,0.125,0.333333,0.0333333,0,0,0.9
0,679,-0.470548,-0.0523377,-0.538145,0.166667,0.166667,0.0410959,0,0.333333,1
0,680,-0.880856,-0.147673,-1.47554,0.111111,0.142857,0.196429,0,0,0.1
0,680,0.584448,-2.07079,-0.224158,0.5,0.1,0.265306,1,0.166667,0.2
0,680,-0.392276,-0.446242,-0.923982,0.166667,0.125,0.2,0,0,0.3
1,680,2.69858,-1.13958,0.367808,1,0.111111,0.305085,1,0.166667,0.4
0,680,-0.423753,0.560368,-0.0538613,0.142857,0.25,0.169811,0,0,0.5
1,680,-0.619873,1.11159,0.303418,0.125,0.5,0.103774,0,0,0.6
0,680,-0.906901,-0.145223,-1.45156,0.1,0.166667,0.178571,0,0,0.7
0,680,-0.0846389,0.170035,0.522777,0.25,0.2,0.170732,0,0,0.8
0,680,-0.14943,1.4849,1.48766,0.2,1,0.126437,0,0,0.9
0,680,0.174699,0.622615,1.44744,0.333333,0.333333,0.211538,0,0,1
0,681,-0.899083,-0.108977,-0.911073,0.125,0.166667,0.132075,1,1.16667,0.1
1,681,2.51786,1.5359,2.38853,1,0.5,0.205128,0,0,0.2
0,681,0.472329,0.181183,1.12016,0.333333,0.25,0.123288,1,1.16667,0.3
0,681,-0.233779,-0.544746,-0.639324,0.166667,0.142857,0.163265,1,1.16667,0.4
1,681,0.702966,-1.74166,-0.221026,0.5,0.1,0.15,1,1.16667,0.5
0,681,-0.910523,0.180722,-0.886347,0.111111,0.2,0.125,1,1.16667,0.6
0,681,-0.45786,0.395648,0.253957,0.142857,0.333333,0.125,1,1.16667,0.7
0,681,-1.00691,1.68123,0.106337,0.1,1,0.0752688,0,0,0.8
0,681,-0.164739,-0.830549,-0.886347,0.2,0.111111,0.0963855,1,1.16667,0.9
0,681,-0.0202655,-0.74876,-0.324858,0.25,0.125,0.0891089,1,1.16667,1
0,682,-0.4664,-2.11332,-1.53278,0.166667,0.1,0.113636,1,1.33333,0.1
0,682,-0.715726,0.899471,0.320395,0.125,0.5,0.0689655,1,1.33333,0.2
0,682,-0.134435,0.499929,0.552028,0.25,0.2,0.130435,1,1.33333,0.3
0,682,-0.757155,0.665892,-0.630479,0.111111,0.25,0.0458716,1,1.33333,0.4
0,682,-1.02722,-0.177053,-1.83262,0.1,0.142857,0.0909091,1,1.33333,0.5
0,682,-0.171688,0.759139,0.880869,0.2,0.333333,0.105263,1,1.33333,0.6
1,682,0.922766,-0.835843,0.320395,0.5,0.125,0.131148,1,1.33333,0.7
0,682,-0.512713,1.17556,0.961993,0.142857,1,0.0714286,1,1.33333,0.8
1,682,2.52277,0.256492,1.26183,1,0.166667,0.133333,1,0,0.9
0,682,0.339805,-1.13027,-0.301639,0.333333,0.111111,0.118644,1,1.33333,1
0,683,-0.909439,-1.11176,-1.82219,0.125,0.111111,0.0617284,0,0,0.1
1,683,1.7368,0.578453,1.51662,0.5,0.25,0.0679612,1,0.666667,0.2
1,683,-1.33468,0.764922,-0.567756,0.1,0.333333,0.047619,0,0.166667,0.3
0,683,-0.00465255,-1.73078,-1.20589,0.2,0.1,0.0404624,0,0,0.4
0,683,-0.925532,1.69984,0.38273,0.111111,1,0.0952381,0,0,0.5
0,683,1.73973,-0.427476,0.947979,1,0.142857,0.0853659,1,0.666667,0.6
0,683,-0.368982,1.0667,0.897978,0.166667,0.5,0.0769231,0,0,0.7
0,683,0.0370044,0.0678152,0.543986,0.25,0.2,0.0869565,1,0.833333,0.8
0,683,0.435475,-0.787045,-0.0187764,0.333333,0.125,0.146341,1,0.666667,0.9
0,683,-0.405731,-0.120673,-0.674688,0.142857,0.166667,0.0645161,1,0.666667,1
0,684,0.347573,-1.19761,0.0350678,0.5,0.111111,0.116279,1,0.333333,0.1
0,684,-0.105891,1.34821,1.13181,0.2,0.5,0.115942,1,0.5,0.2
0,684,-0.552114,0.620977,-0.0176719,0.125,0.333333,0.0833333,1,0.5,0.3
0,684,-0.530024,-0.0273317,-0.356912,0.166667,0.166667,0.1,0,0,0.4
0,684,-0.806541,-0.528156,-1.96961,0.1,0.125,0.0923077,1,0.5,0.5
0,684,0.0351392,-0.487978,-0.0527497,0.25,0.142857,0.105882,1,0.166667,0.6
1,684,0.0450931,1.58471,2.05755,0.333333,1,0.102273,1,0.333333,0.7
0,684,-0.699988,0.4112,-0.58475,0.111111,0.25,0.060241,0,0,0.8
1,684,2.80212,-1.77801,0.105618,1,0.1,0.244898,1,0,0.9
0,684,-0.535363,0.0539879,-0.348355,0.142857,0.2,0.118644,1,1,1
1,685,0.939943,-2.19576,-0.539861,0.333333,0.1,0.186441,1,0,0.1
0,685,-0.486128,1.54568,1.18236,0.166667,1,0.133333,1,0.666667,0.2
0,685,-0.937065,0.169006,-1.17902,0.111111,0.166667,0.162791,1,0.666667,0.3
0,685,1.09943,-1.06439,0.0354288,0.5,0.111111,0.116279,0,0,0.4
0,685,-0.751112,0.414786,-0.0532928,0.142857,0.25,0.108108,1,0.666667,0.5
0,685,-0.477656,-0.331542,-0.351941,0.2,0.142857,0.116883,0,0,0.6
0,685,-0.898528,-0.370667,-1.46787,0.125,0.125,0.0888889,0,0.5,0.7
1,685,1.98701,0.630952,2.07873,1,0.333333,0.155556,0,0,0.8
0,685,0.514453,0.390942,0.51726,0.25,0.2,0.18,0,0,0.9
0,685,-0.990351,0.810997,-0.221792,0.1,0.5,0.127273,1,0.5,1
0,686,-0.573363,0.15842,-0.737388,0.125,0.2,0.0851064,1,0.166667,0.1
0,686,0.668686,-1.9185,-0.261829,0.5,0.1,0.05,1,0.166667,0.2
0,686,-0.576033,0.307168,-0.697413,0.111111,0.25,0.0816327,0,0,0.3
1,686,2.80011,-0.791921,0.742205,1,0.125,0.125,1,0,0.4
0,686,-0.259916,-0.901668,-0.697413,0.25,0.111111,0.0806452,1,0.166667,0.5
0,686,-0.529576,1.65551,1.06412,0.142857,1,0.0930233,1,0.166667,0.6
1,686,-0.307462,1.328,1.34987,0.2,0.5,0.04,0,0,0.7
0,686,-0.485309,0.418617,0.632509,0.166667,0.333333,0.1,0,0,0.8
0,686,-0.594296,-0.28198,-2.02717,0.1,0.142857,0.0727273,0,0,0.9
0,686,-0.142847,0.0263468,0.632509,0.333333,0.166667,0.0684932,0,0,1
0,687,-0.357465,-1.16843,-1.06928,0.166667,0.111111,0.205128,1,1.33333,0.1
0,687,-0.631153,0.461779,0.231117,0.142857,0.333333,0.112676,1,1.33333,0.2
0,687,0.302185,-1.30638,-0.489612,0.333333,0.1,0.0989011,1,1.33333,0.3
0,687,-0.674283,0.0672719,-0.535782,0.111111,0.25,0.1,1,1.33333,0.4
0,687,-0.647549,0.944613,0.272272,0.125,0.5,0.163265,1,1.33333,0.5
0,687,0.662079,-0.363054,0.519581,0.5,0.142857,0.157895,1,1.33333,0.6
0,687,-1.22243,-0.183452,-1.30256,0.1,0.166667,0.0736842,1,1.33333,0.7
0,687,0.213462,-0.681113,-0.295642,0.25,0.125,0.160714,1,1.33333,0.8
1,687,2.54815,2.27736,2.47164,1,1,0.112903,1,0,0.9
1,687,-0.192997,-0.048595,0.198263,0.2,0.2,0.132353,1,1.33333,1
0,688,-0.76321,0.44652,-1.38153,0.111111,0.2,0.0879121,0,0,0.1
0,688,-0.236203,1.20125,2.24002,0.25,0.5,0.155172,0,0.166667,0.2
0,688,2.15115,-2.28115,0.165745,1,0.1,0.209677,1,0,0.3
0,688,-0.44426,-0.316322,-0.54667,0.2,0.142857,0.107143,0,0,0.4
0,688,-0.628989,-0.501749,-1.42007,0.166667,0.125,0.163265,1,0.166667,0.5
1,688,1.48707,-0.813504,0.0550315,0.5,0.111111,0.135802,1,0,0.6
0,688,-0.675145,0.474322,-0.0827796,0.142857,0.25,0.0769231,0,0,0.7
0,688,-0.700181,0.494538,-0.0277324,0.125,0.333333,0.0737705,0,0,0.8
0,688,0.599773,0.00350915,0.832242,0.333333,0.166667,0.114583,0,0.166667,0.9
1,688,-0.790002,1.29259,0.165745,0.1,1,0.117647,1,0.166667,1
0,689,0.855131,-1.25654,-0.340947,0.333333,0.111111,0.118421,0,0,0.1
0,689,-0.467405,0.541609,0.623967,0.2,0.25,0.14,0,0,0.2
0,689,-0.679511,0.240716,-0.773885,0.142857,0.166667,0.109375,1,0,0.3
1,689,1.97284,-1.63033,0.128718,1,0.1,0.173077,1,0,0.4
0,689,-0.713686,1.42229,0.758412,0.125,1,0.125,0,0,0.5
0,689,-0.644885,0.33672,-0.0856317,0.166667,0.2,0.205882,0,0,0.6
0,689,0.0264433,0.981704,1.7396,0.25,0.5,0.0961538,0,0,0.7
0,689,-1.03328,0.951851,-0.651231,0.1,0.333333,0.0952381,0,0,0.8
0,689,-0.768834,-1.06317,-2.0901,0.111111,0.125,0.0886076,0,0,0.9
1,689,1.45318,-0.524841,0.691092,0.5,0.142857,0.207547,0,0,1
0,690,0.00157976,0.706363,0.979967,0.25,0.333333,0.206349,0,0,0.1
0,690,-0.256548,1.63364,1.03081,0.166667,1,0.270833,0,0,0.2
0,690,-0.28777,-1.77724,-1.4971,0.142857,0.1,0.16092,1,0,0.3
0,690,-0.654449,-1.03945,-1.51058,0.125,0.111111,0.0886076,1,0,0.4
0,690,0.576352,-0.798015,-0.0155655,0.333333,0.125,0.217391,1,0.166667,0.5
1,690,1.98832,-0.104865,1.03081,1,0.166667,0.222222,1,0,0.6
0,690,-1.42779,0.590072,-0.739302,0.1,0.25,0.0948276,0,0,0.7
0,690,-0.0296156,1.07074,0.996898,0.2,0.5,0.171429,0,0,0.8
0,690,-1.19882,0.312811,-0.775419,0.111111,0.2,0.0875912,0,0,0.9
1,690,1.28874,-0.594043,0.499475,0.5,0.142857,0.293103,1,0.166667,1
0,691,-0.580253,-0.0198101,-1.0746,0.125,0.166667,0.0625,0,0.166667,0.1
0,691,-0.105282,-1.68377,-0.260697,0.5,0.1,0.0857143,1,0.166667,0.2
1,691,-0.168734,0.179794,0.607993,0.25,0.2,0.0361446,1,0.166667,0.3
0,691,-0.340963,1.75329,1.05952,0.142857,1,0.0483871,0,0,0.4
0,691,-0.629204,0.759408,-0.634559,0.1,0.333333,0.0392157,0,0,0.5
0,691,-0.179375,-0.755199,-0.734199,0.2,0.125,0.0638298,0,0,0.6
0,691,-0.186969,-1.07498,-1.38583,0.166667,0.111111,0.0967742,0,0.333333,0.7
0,691,-0.15745,-0.666087,0.299538,0.333333,0.142857,0.075,0,0.166667,0.8
1,691,2.94366,0.457142,2.08119,1,0.25,0.0714286,1,0,0.9
0,691,-0.595431,1.0502,0.0416434,0.111111,0.5,0.0555556,0,0,1
0,692,-0.267541,-0.180054,0.997369,0.2,0.25,0.0958904,1,1.33333,0.1
0,692,-0.270088,-0.231468,-0.136877,0.166667,0.2,0.0945946,1,1.33333,0.2
0,692,-0.262007,-0.395652,-1.13911,0.25,0.111111,0.0985915,1,1.33333,0.3
0,692,-0.297934,0.15164,0.0683131,0.111111,0.5,0.0813953,1,1.33333,0.4
0,692,-0.253786,-0.253226,1.10466,0.5,0.142857,0.104478,1,1.33333,0.5
1,692,-0.799349,2.76084,0.205747,0.1,1,0.0238095,0,0,0.6
0,692,-0.281707,0.0247529,-0.0344254,0.125,0.333333,0.0897436,1,1.33333,0.7
0,692,-0.272507,-0.255628,-2.30453,0.142857,0.125,0.0897436,1,1.33333,0.8
0,692,-0.257321,-0.232667,1.0331,0.333333,0.166667,0.0985915,1,1.33333,0.9
1,692,2.96224,-1.38854,0.205747,1,0.1,0.217391,1,1.33333,1
0,693,-1.10969,-0.678945,-1.59726,0.125,0.125,0.0555556,1,0.5,0.1
1,693,1.72157,-2.30831,0.116111,1,0.1,0.09375,1,0.166667,0.2
0,693,1.38887,0.685436,1.90451,0.5,0.333333,0.101449,0,0,0.3
0,693,-1.1998,1.03328,0.116111,0.1,1,0.0517241,1,0.833333,0.4
0,693,0.190343,0.608529,0.562854,0.25,0.2,0.1,0,0.333333,0.5
0,693,-1.11791,-0.293118,-1.58866,0.111111,0.142857,0.0491803,1,0.5,0.6
0,693,-0.0432956,0.220961,-0.39237,0.166667,0.166667,0.0789474,0,0.333333,0.7
1,693,0.759048,-0.890777,-0.307554,0.333333,0.111111,0.0560748,1,0.166667,0.8
0,693,0.151956,0.641564,0.562854,0.2,0.25,0.0757576,0,0,0.9
0,693,-0.741081,0.981385,0.623405,0.142857,0.5,0.0555556,1,0.5,1
0,694,0.743475,-0.179195,1.44127,0.333333,0.166667,0.104167,0,0,0.1
0,694,-0.397617,0.186521,-0.190956,0.166667,0.2,0.0888889,0,0,0.2
0,694,-0.533264,0.640028,0.68551,0.142857,0.333333,0.0456853,0,0,0.3
0,694,0.183273,-0.248332,-0.946721,0.2,0.142857,0.111111,0,0,0.4
0,694,0.355223,-0.549717,-1.58917,0.25,0.111111,0.107692,0,0,0.5
1,694,1.33208,-0.352315,0.807578,0.5,0.125,0.0925926,1,0,0.6
0,694,-0.973426,1.27103,0.807578,0.125,0.5,0.0632911,0,0,0.7
0,694,-1.13742,0.331043,-1.58917,0.111111,0.25,0.0694444,0,0,0.8
1,694,1.75297,-2.38071,0.287037,1,0.1,0.185714,0,0,0.9
0,694,-1.32529,1.28165,0.287037,0.1,1,0.0428571,0,0,1
0,695,-0.968374,0.458771,-0.387935,0.111111,0.333333,0.0707071,0,0,0.1
0,695,-1.5368,0.316416,-1.1639,0.1,0.25,0.0574713,1,0.166667,0.2
0,695,1.91825,-2.45326,0.146457,1,0.1,0.0851064,0,0,0.3
0,695,-0.239123,0.130237,0.300052,0.2,0.2,0.133333,1,0.5,0.4
0,695,-0.694137,1.35398,0.862933,0.125,1,0.0707071,1,0.5,0.5
1,695,1.06349,-0.420774,0.0486274,0.5,0.111111,0.166667,1,0.166667,0.6
0,695,-0.36451,-0.268902,-1.25482,0.166667,0.125,0.119403,1,0.166667,0.7
1,695,1.02994,-0.101643,0.735393,0.333333,0.166667,0.169231,1,0,0.8
0,695,-0.36451,-0.240799,-1.26616,0.142857,0.142857,0.119403,1,0.166667,0.9
0,695,0.155773,1.22597,1.97935,0.25,0.5,0.173913,1,0.333333,1
1,696,1.64455,-0.816105,1.62197,1,0.142857,0.19697,1,0,0.1
1,696,1.25917,-0.986854,0.06375,0.5,0.111111,0.178571,1,0,0.2
0,696,-1.11796,1.18817,-0.399089,0.1,0.5,0.0816327,1,0.666667,0.3
0,696,0.417202,0.203933,0.393365,0.2,0.2,0.0532544,0,0,0.4
0,696,0.491321,-0.870393,-0.586568,0.25,0.125,0.1,0,0,0.5
0,696,-1.07668,0.707244,-0.508578,0.111111,0.333333,0.0784314,1,0.666667,0.6
0,696,-0.717316,0.623731,0.409649,0.166667,0.25,0.128205,1,0.666667,0.7
0,696,-0.982415,0.0849816,-1.64505,0.125,0.166667,0.125,1,0.666667,0.8
0,696,-0.796307,1.55185,1.62197,0.142857,1,0.121951,1,0.666667,0.9
0,696,0.878428,-1.68656,-0.971417,0.333333,0.1,0.114286,0,0,1
0,697,-0.759796,1.09936,0.046853,0.111111,0.5,0.192308,1,1,0.1
1,697,0.57954,0.960848,2.31461,0.5,0.333333,0.166667,1,0.333333,0.2
0,697,-0.449408,-0.889494,-1.55919,0.166667,0.111111,0.0631579,1,0.833333,0.3
0,697,-0.583891,-0.273553,-0.848407,0.142857,0.166667,0.12,1,0.666667,0.4
0,697,0.563182,-0.297954,0.33701,0.333333,0.142857,0.0747664,1,0.333333,0.5
0,697,-0.362713,0.299807,0.684052,0.2,0.25,0.132075,1,0.333333,0.6
1,697,2.6573,-1.91506,0.141113,1,0.1,0.173333,1,0.333333,0.7
0,697,-0.778403,1.61679,0.141113,0.1,1,0.0862069,1,0.5,0.8
0,697,-0.269768,-0.725557,-0.431098,0.25,0.125,0.14,1,0.666667,0.9
0,697,-0.596045,0.12482,-0.826046,0.125,0.2,0.0821918,1,0.666667,1
0,698,0.899307,-0.458175,0.499734,0.5,0.142857,0.0641026,1,1,0.1
0,698,-0.548035,-0.223398,-0.797465,0.125,0.166667,0.0694444,0,0,0.2
0,698,-1.33813,0.300339,-0.775822,0.111111,0.2,0.0930233,1,1,0.3
0,698,-1.81454,-0.545393,-1.73573,0.1,0.125,0.0833333,1,1,0.4
0,698,1.68612,-1.51001,0.317446,1,0.111111,0.136364,0,0,0.5
0,698,-0.511441,0.858416,0.222289,0.142857,0.333333,0.0641026,1,1,0.6
1,698,0.244295,1.26369,0.744804,0.166667,0.5,0.0322581,1,0,0.7
1,698,0.444989,0.547565,0.7117,0.25,0.25,0.125,1,1,0.8
0,698,0.413445,-1.60172,-1.00019,0.2,0.1,0.106383,1,1,0.9
0,698,0.523983,1.36868,1.81324,0.333333,1,0.0612245,1,1,1
0,699,-0.520145,-0.419602,-0.839185,0.2,0.125,0.133333,0,0,0.1
0,699,0.78593,-0.672214,-0.379724,0.333333,0.111111,0.111111,0,0.166667,0.2
1,699,-0.630195,0.23895,-0.861901,0.142857,0.166667,0.0701754,1,0.166667,0.3
0,699,0.843551,0.567688,1.93745,0.5,0.25,0.0862069,0,0,0.4
0,699,-0.582366,-0.0211856,-0.861901,0.166667,0.142857,0.0909091,0,0.166667,0.5
0,699,-0.686776,0.80524,0.403335,0.125,0.5,0.0612245,1,0.166667,0.6
0,699,-0.202924,0.666715,1.51013,0.25,0.333333,0.0833333,1,0,0.7
0,699,-0.698947,0.470791,-1.19492,0.111111,0.2,0.0540541,0,0.333333,0.8
0,699,-0.771363,0.962091,0.143357,0.1,1,0.0461538,0,0,0.9
1,699,2.46323,-2.59847,0.143357,1,0.1,0.28125,1,0,1
0,700,0.11291,1.35959,0.584368,0.166667,0.5,0.0810811,0,0.166667,0.1
0,700,0.297255,-0.481807,-0.427488,0.2,0.125,0.0729167,0,0,0.2
1,700,0.787632,0.609845,0.980153,0.333333,0.333333,0.0921053,1,0.166667,0.3
0,700,-1.12605,-1.0402,-1.18581,0.125,0.111111,0.0724638,1,0.166667,0.4
1,700,0.685522,2.1374,1.21177,0.25,1,0.0833333,0,0.166667,0.5
0,700,-1.13313,-0.481766,-0.999181,0.111111,0.142857,0.108696,1,0.166667,0.6
0,700,1.10088,-0.218897,0.986955,0.5,0.25,0.119048,1,0.166667,0.7
0,700,1.55996,-0.365319,0.809187,1,0.166667,0.0776699,1,0,0.8
0,700,-1.16084,-1.16564,-1.7191,0.1,0.1,0.0357143,0,0,0.9
0,700,-1.12414,-0.353219,-0.240863,0.142857,0.2,0.0757576,0,0,1
0,701,-1.01258,-0.142373,-2.44137,0.111111,0.111111,0.106383,0,0,0.1
0,701,-0.889916,0.739262,0.366936,0.125,0.5,0.0952381,0,0.166667,0.2
0,701,-0.717813,-0.101447,-1.12751,0.142857,0.142857,0.0923077,1,0.166667,0.3
0,701,0.732839,-0.114695,0.366936,0.5,0.125,0.0851064,1,0.333333,0.4
0,701,0.0997265,0.301549,0.267196,0.2,0.2,0.121951,1,0.333333,0.5
1,701,2.23794,-2.8001,0.13042,1,0.1,0.242424,1,0.666667,0.6
0,701,-1.13698,0.901007,0.13042,0.1,1,0.0877193,0,0,0.7
1,701,0.647984,0.541023,1.37385,0.333333,0.25,0.217391,1,0.333333,0.8
0,701,0.465911,0.0682301,0.278257,0.25,0.166667,0.0958904,1,0.333333,0.9
0,701,-0.427113,0.607543,0.654867,0.166667,0.333333,0.0967742,1,0.333333,1
1,702,2.52304,-2.27721,0.180781,1,0.1,0.337349,1,0.166667,0.1
0,702,0.570658,-0.711313,-0.0302482,0.333333,0.125,0.272727,1,0.166667,0.2
0,702,-0.709239,0.730194,0.431746,0.142857,0.333333,0.185185,0,0,0.3
0,702,-0.712321,1.22885,1.06517,0.125,1,0.188679,0,0,0.4
0,702,-0.52299,-0.0687248,-1.0869,0.166667,0.142857,0.0890411,0,0,0.5
0,702,-0.513453,0.704926,0.876346,0.2,0.25,0.0952381,0,0,0.6
0,702,0.811867,-0.916648,0.0600238,0.5,0.111111,0.25,1,0,0.7
0,702,-0.722058,0.855735,0.0600238,0.111111,0.5,0.1,0,0,0.8
1,702,0.03559,0.436571,0.876346,0.25,0.2,0.14433,0,0,0.9
0,702,-0.761096,0.0176187,-2.43329,0.1,0.166667,0.116883,0,0,1
0,703,-0.210491,0.60734,0.87412,0.25,0.25,0.150943,1,0.666667,0.1
0,703,-0.690616,0.596933,-0.952874,0.111111,0.2,0.139535,1,0.666667,0.2
0,703,-0.16873,0.164265,0.273018,0.333333,0.142857,0.0879121,0,0,0.3
1,703,-0.643232,-0.141386,-1.5726,0.125,0.125,0.131579,1,0.833333,0.4
0,703,-0.314226,0.765311,1.57697,0.2,1,0.0952381,0,0,0.5
0,703,-0.88084,0.542991,-1.53871,0.1,0.166667,0.12766,1,0.833333,0.6
0,703,-0.625565,0.646526,0.273018,0.142857,0.333333,0.0823529,0,0,0.7
1,703,2.11251,-2.03788,0.114318,1,0.1,0.393939,1,0.5,0.8
0,703,-0.361316,0.677322,0.914779,0.166667,0.5,0.14,0,0,0.9
0,703,1.78251,-1.82143,0.0379565,0.5,0.111111,0.265306,1,0.833333,1
0,704,-0.577959,1.83547,1.0927,0.125,1,0.0675676,0,0,0.1
0,704,-0.645747,1.29706,0.0615753,0.111111,0.5,0.0909091,0,0,0.2
1,704,2.82777,-1.48658,0.185454,1,0.1,0.127273,1,0,0.3
0,704,0.43514,-0.91928,0.521775,0.5,0.125,0.133333,0,0,0.4
0,704,-0.211248,-0.0176743,0.379946,0.2,0.2,0.0495868,0,0,0.5
0,704,0.0429741,-0.146652,0.931205,0.333333,0.166667,0.0555556,0,0,0.6
0,704,-0.54274,-1.12334,-2.53743,0.142857,0.111111,0.0961538,0,0,0.7
0,704,-0.513653,0.200047,0.395675,0.166667,0.25,0.0625,0,0,0.8
1,704,-0.155512,-0.321928,-0.092623,0.25,0.142857,0.0379747,0,0,0.9
0,704,-0.65902,0.682878,-0.93828,0.1,0.333333,0.078125,0,0,1
0,705,0.218921,0.194232,0.756003,0.333333,0.2,0.0810811,1,1,0.1
0,705,-0.419585,0.245302,-0.0488128,0.142857,0.25,0.0806452,1,1.16667,0.2
1,705,-0.619155,0.0213655,-1.57284,0.1,0.142857,0.097561,1,1,0.3
0,705,-0.395175,1.06375,1.04733,0.2,0.5,0.0520833,1,1,0.4
0,705,-0.392896,1.14204,1.62176,0.25,1,0.0588235,0,0.166667,0.5
0,705,-0.609702,-0.272438,-1.34448,0.125,0.125,0.0784314,1,1,0.6
0,705,-0.611615,0.0587759,-1.0799,0.111111,0.166667,0.0727273,1,1,0.7
0,705,0.408732,-0.659935,0.0324505,0.5,0.111111,0.101695,0,0,0.8
1,705,2.82887,-2.53133,0.0977352,1,0.1,0.125,1,0.166667,0.9
0,705,-0.40839,0.738238,0.490749,0.166667,0.333333,0.0423729,1,1.16667,1
0,706,-0.393838,0.411061,0.290043,0.166667,0.25,0.109756,0,0,0.1
0,706,-0.589975,0.216709,-0.795789,0.125,0.2,0.0860215,0,0,0.2
1,706,-1.03946,0.84732,0.0451368,0.111111,0.5,0.108108,0,0,0.3
0,706,-0.0702614,0.440271,1.43204,0.25,0.333333,0.121212,1,0.166667,0.4
0,706,-0.394076,1.66442,1.1484,0.142857,1,0.0652174,0,0,0.5
0,706,1.74535,-1.51466,0.0451368,0.5,0.111111,0.128571,0,0.166667,0.6
1,706,1.80194,-0.266613,0.800989,1,0.125,0.135593,0,0,0.7
0,706,-1.28138,0.008207,-2.18773,0.1,0.142857,0.102941,1,0.166667,0.8
0,706,0.495795,-1.92915,-0.687791,0.333333,0.1,0.0898876,0,0.166667,0.9
0,706,-0.274092,0.122446,-0.090439,0.2,0.166667,0.0725806,0,0,1
1,707,0.247943,0.532399,0.208881,0.2,0.2,0.109091,1,0,0.1
0,707,0.319031,0.71264,1.07401,0.333333,0.25,0.0917431,0,0,0.2
1,707,2.43444,-2.4165,0.101956,1,0.1,0.180328,1,0.333333,0.3
0,707,0.274269,-0.496037,-0.311475,0.25,0.125,0.1125,0,0,0.4
0,707,0.364056,0.830921,1.67234,0.5,0.333333,0.0792079,0,0,0.5
0,707,-1.32847,-0.517323,-2.15432,0.1,0.111111,0.133333,1,0.333333,0.6
0,707,-1.13742,0.890478,0.033852,0.111111,0.5,0.0729167,0,0,0.7
0,707,-0.0906127,-0.10766,-0.344537,0.166667,0.166667,0.08,1,0,0.8
0,707,-0.698194,1.05934,0.60073,0.125,1,0.0636364,0,0,0.9
0,707,-0.385043,-0.488259,-0.881436,0.142857,0.142857,0.0882353,1,0.333333,1
0,708,-0.722822,0.607695,0.356242,0.142857,0.333333,0.0860215,1,0.5,0.1
1,708,1.53134,-0.939549,0.0495268,0.5,0.111111,0.0761905,1,0,0.2
0,708,0.83031,0.0968702,0.356242,0.333333,0.142857,0.0947368,0,0,0.3
0,708,-0.700236,-0.0195218,-1.27802,0.166667,0.125,0.125,0,0,0.4
0,708,-0.984238,1.2437,0.149166,0.1,1,0.102041,1,0,0.5
0,708,-0.74029,0.290849,-0.873188,0.125,0.2,0.0740741,1,0.333333,0.6
0,708,0.204286,0.619287,2.01596,0.25,0.5,0.0818182,0,0,0.7
0,708,-0.753399,0.203419,-1.64818,0.111111,0.166667,0.097561,0,0.166667,0.8
1,708,1.87903,-2.54655,0.149166,1,0.1,0.354839,1,0.333333,0.9
0,708,-0.543984,0.443802,0.72309,0.2,0.25,0.0888889,0,0.333333,1
0,709,-0.327874,-0.368157,-0.894837,0.166667,0.125,0.0810811,1,0,0.1
1,709,-0.209849,0.556939,0.80788,0.333333,0.2,0.0571429,1,0.166667,0.2
0,709,-0.496147,0.747017,-0.0174751,0.125,0.333333,0.0757576,0,0,0.3
0,709,-0.716914,0.882308,-0.217087,0.1,0.5,0.0606061,0,0,0.4
0,709,-0.302618,-0.288698,-0.344476,0.2,0.142857,0.103448,1,0,0.5
0,709,-0.2863,1.26485,1.73304,0.25,1,0.1,0,0,0.6
0,709,-0.67331,-0.0817165,-1.15401,0.111111,0.166667,0.0409836,0,0,0.7
0,709,-0.341543,-1.19667,-1.429,0.142857,0.111111,0.0757576,0,0,0.8
0,709,0.511459,0.646872,1.41152,0.5,0.25,0.0857143,1,0.166667,0.9
1,709,2.8431,-2.16274,0.104442,1,0.1,0.0990099,1,0,1
0,710,-0.796619,0.64775,0.683942,0.142857,0.333333,0.111111,1,0.666667,0.1
1,710,1.68738,-1.42608,0.976722,1,0.111111,0.30303,0,0,0.2
0,710,0.436847,0.325077,-0.944556,0.2,0.142857,0.210526,0,0,0.3
0,710,1.11532,-1.36543,0.805731,0.5,0.125,0.196078,0,0,0.4
0,710,0.443459,0.488725,1.38824,0.25,0.2,0.104839,0,0,0.5
1,710,0.807716,-1.65657,-1.4489,0.333333,0.1,0.294118,1,0.666667,0.6
0,710,-1.3242,0.953656,-0.595256,0.1,0.5,0.0769231,1,0.666667,0.7
0,710,-1.07533,0.584868,-0.874889,0.125,0.25,0.109756,1,0.666667,0.8
0,710,-1.14049,1.10721,0.976722,0.111111,1,0.101124,1,0.666667,0.9
0,710,-0.154089,0.340789,-0.967757,0.166667,0.166667,0.109091,1,0,1
0,711,0.829191,-2.47301,-0.325541,0.5,0.1,0.291667,1,0.666667,0.1
0,711,-0.920456,0.408816,-0.916819,0.125,0.2,0.1,1,0,0.2
0,711,-0.454627,-0.329359,-1.34188,0.166667,0.125,0.108108,1,0.666667,0.3
0,711,-1.25673,1.35293,0.156619,0.1,1,0.108108,0,0,0.4
0,711,-0.972699,0.59552,0.0520015,0.111111,0.5,0.0629921,1,0.666667,0.5
1,711,0.665287,0.48293,2.1021,0.333333,0.333333,0.11828,0,0,0.6
0,711,-0.503099,0.0117329,-1.35401,0.142857,0.142857,0.142857,0,0,0.7
0,711,-0.178687,0.476564,0.759221,0.2,0.25,0.103448,1,0.666667,0.8
1,711,2.1403,-0.905196,0.534162,1,0.111111,0.203704,1,0.666667,0.9
0,711,0.651523,0.37907,0.334155,0.25,0.166667,0.157895,0,0,1
0,712,-0.570954,0.539979,-0.0253549,0.125,0.333333,0.0616438,0,0,0.1
0,712,0.268392,0.438166,1.62387,0.5,0.2,0.151515,0,0,0.2
0,712,-0.403958,-0.236701,-0.911074,0.166667,0.142857,0.142857,1,0,0.3
0,712,-0.26717,0.164898,-0.100812,0.2,0.166667,0.0819672,0,0,0.4
1,712,-0.0552145,-0.916544,-0.838973,0.25,0.111111,0.145161,1,0.166667,0.5
0,712,0.0661144,0.49883,1.59629,0.333333,0.25,0.08,1,0.166667,0.6
1,712,2.85048,-2.16199,0.151536,1,0.1,0.318182,0,0,0.7
0,712,-0.48029,-0.606461,-1.69732,0.142857,0.125,0.209302,0,0,0.8
0,712,-0.620913,1.733,0.516825,0.111111,1,0.0842105,1,0,0.9
0,712,-0.786484,0.546823,-0.314975,0.1,0.5,0.106061,0,0,1
0,713,-0.802486,0.324093,-1.30307,0.1,0.2,0.0952381,0,0,0.1
0,713,-0.284996,0.925561,1.29946,0.2,0.5,0.102041,1,0,0.2
0,713,-0.538736,0.618894,0.289603,0.142857,0.333333,0.0967742,0,0,0.3
0,713,0.127786,-0.206157,-0.0202896,0.333333,0.125,0.13253,1,0.166667,0.4
1,713,2.68617,-2.69114,0.121263,1,0.1,0.291667,1,0.333333,0.5
0,713,-0.382582,-0.0543435,-0.729063,0.166667,0.142857,0.113636,0,0.166667,0.6
0,713,-0.737083,0.406128,-0.370456,0.125,0.25,0.163265,1,0.166667,0.7
0,713,-0.790229,0.215505,-1.33987,0.111111,0.166667,0.0776699,1,0.166667,0.8
1,713,0.659262,-0.493757,0.0402623,0.5,0.111111,0.214286,1,0.166667,0.9
0,713,0.0628901,0.955212,2.01216,0.25,1,0.0952381,1,0.166667,1
0,714,-0.734997,-0.212258,-1.19209,0.166667,0.125,0.0897436,0,0,0.1
0,714,0.717926,-0.117486,0.33229,0.333333,0.142857,0.126984,0,0,0.2
0,714,-0.826123,0.788151,-0.368544,0.111111,0.333333,0.157895,1,0,0.3
1,714,0.0318839,0.188577,0.674471,0.2,0.25,0.0784314,1,0.166667,0.4
0,714,0.0830423,-0.524524,-0.770323,0.25,0.111111,0.132353,0,0,0.5
0,714,-0.796746,0.971737,0.39146,0.125,0.5,0.15,0,0,0.6
0,714,-1.10897,-0.0333816,-1.87276,0.1,0.166667,0.0746269,0,0,0.7
1,714,1.75842,-2.4881,0.139136,1,0.1,0.188679,0,0,0.8
0,714,1.64484,0.0599194,1.49099,0.5,0.2,0.1,1,0.166667,0.9
0,714,-0.769278,1.36736,1.17537,0.142857,1,0.112903,0,0,1
0,715,0.721562,-0.741172,0.2225,0.5,0.125,0.123596,1,0.5,0.1
0,715,-0.713112,-0.329621,-0.873811,0.111111,0.166667,0.0695652,1,0.333333,0.2
0,715,-0.562558,0.533335,0.397093,0.166667,0.333333,0.0714286,0,0,0.3
1,715,-0.679915,0.0195323,-0.0394972,0.142857,0.25,0.190476,0,0,0.4
0,715,-0.51146,-0.879323,-0.65918,0.2,0.111111,0.0733945,1,0.333333,0.5
0,715,0.469794,-0.639072,0.188869,0.333333,0.142857,0.0709677,0,0.166667,0.6
0,715,0.262522,2.0278,1.31226,0.25,1,0.1,1,0.5,0.7
0,715,-0.82921,-1.24237,-1.86165,0.1,0.1,0.0752688,0,0.166667,0.8
0,715,-0.699934,-0.222424,-0.462937,0.125,0.2,0.108108,0,0,0.9
1,715,2.54231,1.47331,1.77636,1,0.5,0.159091,1,0.333333,1
0,716,-0.170651,-0.678876,-1.26365,0.166667,0.142857,0.075,1,0.333333,0.1
1,716,-0.0886105,0.437806,0.430603,0.2,0.2,0.0506329,1,0,0.2
0,716,0.602832,-0.583701,1.05536,0.333333,0.166667,0.0736842,0,0,0.3
0,716,-0.523082,1.50604,1.77551,0.142857,1,0.057971,0,0,0.4
0,716,-0.548514,1.37394,0.59134,0.125,0.5,0.0546875,0,0,0.5
1,716,1.28694,-1.23037,-0.436869,0.5,0.1,0.0427807,1,0,0.6
0,716,1.92064,-1.11946,0.716834,1,0.111111,0.0824742,1,0.333333,0.7
0,716,0.20494,-1.06593,-0.642096,0.25,0.125,0.125,0,0,0.8
0,716,-1.21029,0.575081,-1.16365,0.111111,0.25,0.037037,0,0,0.9
0,716,-1.4742,0.785462,-1.06338,0.1,0.333333,0.0493827,1,0.333333,1
0,717,-0.463201,0.728348,1.09903,0.2,0.25,0.0819672,0,0,0.1
0,717,-0.503796,0.344037,-1.36309,0.142857,0.166667,0.0930233,0,0,0.2
0,717,0.490163,-1.03129,0.637872,0.5,0.125,0.101449,0,0.333333,0.3
0,717,0.305278,-0.225258,0.541455,0.333333,0.142857,0.0769231,1,0.166667,0.4
0,717,-0.605356,1.01239,1.33583,0.125,1,0.104167,1,0.5,0.5
1,717,2.70989,-1.24048,0.77324,1,0.111111,0.225806,1,0.5,0.6
0,717,-0.468847,0.717177,-0.150828,0.166667,0.2,0.0684932,1,0.5,0.7
1,717,0.117197,-1.94899,-1.80174,0.25,0.1,0.117647,0,0.166667,0.8
0,717,-0.744047,0.756095,-0.60053,0.111111,0.333333,0.0833333,1,0.5,0.9
0,717,-0.837284,0.88798,-0.471245,0.1,0.5,0.0877193,0,0,1
0,718,0.524107,0.154303,0.816871,0.333333,0.2,0.092437,0,0,0.1
0,718,-0.512254,0.331046,0.225312,0.166667,0.25,0.112676,1,0.666667,0.2
0,718,-1.0964,1.14075,0.0350632,0.111111,0.5,0.0898876,0,0,0.3
0,718,0.391665,0.526011,0.816871,0.2,0.333333,0.102041,1,0.333333,0.4
0,718,0.511022,0.0491274,-0.0527428,0.25,0.142857,0.0675676,1,0.333333,0.5
1,718,-1.53019,-1.13126,-2.2314,0.1,0.111111,0.178571,1,0,0.6
0,718,-0.541093,1.65524,0.892101,0.142857,1,0.2,0,0,0.7
0,718,0.727914,0.101,0.845048,0.5,0.166667,0.11,0,0,0.8
1,718,2.08907,-1.77549,0.105604,1,0.1,0.244898,1,0.666667,0.9
0,718,-0.563842,-1.05073,-1.45273,0.125,0.125,0.138462,1,0.333333,1
0,719,-0.205059,0.103408,-0.242341,0.142857,0.2,0.0705882,0,0,0.1
0,719,-0.0788754,-0.820148,-0.612438,0.2,0.111111,0.206897,1,0.833333,0.2
0,719,0.0675418,-1.91642,-0.583911,0.25,0.1,0.12,1,0.833333,0.3
0,719,-1.19177,-0.585621,-1.00531,0.111111,0.142857,0.131579,1,0.833333,0.4
0,719,-0.611439,0.774097,-0.224466,0.125,0.25,0.0810811,1,0.833333,0.5
0,719,-0.140322,-0.267916,-0.248293,0.166667,0.166667,0.125,1,0.833333,0.6
1,719,-1.6185,-0.716196,-1.3702,0.1,0.125,0.0833333,1,0.833333,0.7
0,719,1.04687,0.781203,1.20518,0.5,0.333333,0.101266,1,0.166667,0.8
0,719,0.779636,1.35505,1.43138,0.333333,1,0.0875,0,0,0.9
1,719,1.95192,1.29254,1.6504,1,0.5,0.12,1,0.166667,1
0,720,-0.717071,0.705041,-0.516068,0.111111,0.333333,0.0641026,1,0.666667,0.1
0,720,-0.312997,0.442134,-0.642604,0.142857,0.2,0.0673077,1,0.666667,0.2
0,720,0.108965,0.552164,2.63312,0.5,0.25,0.103896,0,0,0.3
0,720,-0.216158,-0.092587,-0.642604,0.2,0.142857,0.0560748,0,0,0.4
0,720,-0.0225032,-0.367577,-0.0325991,0.333333,0.125,0.0672269,1,0.666667,0.5
0,720,-0.159585,-0.766824,-1.07868,0.25,0.111111,0.0769231,0,0,0.6
1,720,2.89207,-2.56991,0.194832,1,0.1,0.16129,0,0,0.7
0,720,-0.258814,0.348608,-0.658388,0.166667,0.166667,0.0795455,1,0.666667,0.8
1,720,-0.589709,0.786486,0.548158,0.125,0.5,0.122449,0,0.166667,0.9
0,720,-0.724198,0.962462,0.194832,0.1,1,0.0595238,1,0.833333,1
0,721,0.937384,-0.116364,1.36992,0.5,0.2,0.1625,0,0,0.1
0,721,-0.631863,-0.143716,-1.09529,0.125,0.166667,0.123077,1,0,0.2
0,721,0.77401,0.662677,1.7158,0.333333,0.333333,0.175,0,0,0.3
1,721,2.11036,-1.07517,0.436001,1,0.111111,0.205479,0,0,0.4
0,721,-0.199937,-1.43614,-1.72068,0.166667,0.1,0.146667,1,0.166667,0.5
0,721,-1.36266,0.707224,-0.265717,0.1,0.5,0.15,0,0,0.6
0,721,-0.151415,-0.685776,-0.748338,0.2,0.125,0.2,0,0,0.7
0,721,0.200199,-0.520053,-0.0638472,0.25,0.142857,0.0956522,0,0,0.8
0,721,-0.44758,0.390364,-0.0638472,0.142857,0.25,0.117647,0,0,0.9
1,721,-1.2285,2.21695,0.436001,0.111111,1,0.118644,1,0.166667,1
0,722,-0.782654,0.454839,-0.308434,0.125,0.25,0.0277778,0,0.166667,0.1
1,722,2.03071,-0.590087,0.344335,1,0.111111,0.0549451,1,0.166667,0.2
0,722,0.275742,0.830692,1.65601,0.333333,0.5,0.0267857,1,0.333333,0.3
0,722,-0.659263,-2.34821,-1.35892,0.166667,0.1,0.0952381,1,0.333333,0.4
1,722,-0.830364,-0.0462967,-1.11555,0.111111,0.166667,0.025974,1,0.166667,0.5
0,722,1.6164,-0.512628,0.284054,0.5,0.125,0.0508475,0,0,0.6
0,722,-0.771346,-0.263595,-0.872833,0.142857,0.142857,0.04,0,0,0.7
0,722,0.169911,1.52604,1.67529,0.25,1,0.0288462,0,0.166667,0.8
0,722,-0.896436,0.72667,-0.510799,0.1,0.333333,0.0246914,0,0,0.9
0,722,-0.152698,0.222571,0.206843,0.2,0.2,0.0425532,0,0,1
0,723,0.648042,0.710405,1.81364,0.5,0.333333,0.0569106,0,0,0.1
0,723,-0.667085,-0.421288,-1.52105,0.125,0.125,0.102564,0,0,0.2
0,723,-0.820939,0.804187,0.0367122,0.111111,0.5,0.0882353,1,0,0.3
0,723,-0.156411,0.298545,-0.36469,0.2,0.142857,0.0588235,0,0,0.4
1,723,2.67613,-1.70708,0.37711,1,0.111111,0.216216,1,0,0.5
1,723,0.275532,-2.00594,-0.559418,0.333333,0.1,0.227273,0,0,0.6
0,723,-0.577895,1.04505,0.934057,0.142857,1,0.0833333,0,0,0.7
0,723,-0.825818,0.348413,-1.48827,0.1,0.166667,0.0833333,0,0,0.8
0,723,-0.400238,0.453195,-0.073559,0.166667,0.2,0.0694444,0,0,0.9
0,723,-0.151319,0.474517,0.845465,0.25,0.25,0.0434783,0,0,1
0,724,-1.01173,-0.576778,-0.747104,0.111111,0.166667,0.169811,0,0,0.1
0,724,-0.362439,-1.15624,-1.08813,0.142857,0.1,0.208333,0,0,0.2
1,724,1.23907,0.205815,1.10907,0.5,0.333333,0.220339,0,0,0.3
1,724,2.21057,2.21568,1.72693,1,1,0.0775194,1,0,0.4
0,724,0.0767521,0.192325,0.517014,0.25,0.25,0.15,0,0,0.5
0,724,-0.115778,-0.703033,-0.395808,0.2,0.125,0.196429,1,0,0.6
0,724,-0.340669,-0.00127228,-0.0449824,0.166667,0.2,0.172414,0,0,0.7
0,724,-0.834333,-0.846981,-1.09793,0.125,0.111111,0.18,0,0,0.8
0,724,-1.21194,-0.640833,-1.08813,0.1,0.142857,0.156863,0,0,0.9
0,724,0.350493,1.31132,1.10907,0.333333,0.5,0.15,0,0,1
1,725,1.94247,-0.125369,1.18365,1,0.2,0.084507,1,0,0.1
0,725,-0.478043,0.47176,0.18307,0.166667,0.25,0.046875,0,0,0.2
0,725,-0.867933,-0.923893,-1.39329,0.111111,0.125,0.0581395,0,0,0.3
0,725,0.298269,1.52839,1.67158,0.333333,1,0.0481928,0,0,0.4
0,725,-0.187344,-1.17748,-0.922053,0.2,0.1,0.109091,1,0,0.5
0,725,-0.758334,-0.947452,-1.17401,0.142857,0.111111,0.0714286,0,0,0.6
0,725,-0.817853,-0.571802,-0.735165,0.125,0.166667,0.0735294,0,0,0.7
0,725,-0.966765,1.52677,-0.178351,0.1,0.5,0.0666667,0,0,0.8
1,725,1.71077,-0.786587,0.460694,0.5,0.142857,0.0869565,0,0,0.9
0,725,0.124755,1.00566,0.903878,0.25,0.333333,0.046875,1,0,1
0,726,-1.56527,0.645654,-0.879948,0.1,0.333333,0.0379747,1,0.5,0.1
0,726,1.9415,-1.51597,0.593182,1,0.111111,0.151515,0,0,0.2
0,726,-0.234715,-0.147893,-1.04568,0.166667,0.142857,0.0519481,0,0.166667,0.3
0,726,-0.429037,0.741196,0.933808,0.142857,0.5,0.0769231,1,0.5,0.4
0,726,-1.22483,1.79816,0.593182,0.111111,1,0.0535714,0,0.166667,0.5
0,726,-0.635167,0.309402,-1.01812,0.125,0.2,0.05,1,0.166667,0.6
0,726,0.882085,-0.468717,0.489336,0.5,0.125,0.0485437,0,0,0.7
1,726,0.626588,-1.72578,-1.38218,0.25,0.1,0.0555556,1,0,0.8
0,726,0.682009,0.427299,1.83213,0.333333,0.25,0.0547945,1,0.5,0.9
1,726,-0.0431661,-0.0633591,-0.115706,0.2,0.166667,0.0740741,1,0.666667,1
0,727,-1.39298,1.63332,0.167446,0.1,1,0.105263,1,0.333333,0.1
0,727,0.0429437,0.216965,0.840785,0.166667,0.333333,0.108911,0,0,0.2
0,727,0.804701,-0.125637,1.33991,0.5,0.166667,0.217391,1,0,0.3
0,727,-0.5884,-0.508917,-1.87553,0.142857,0.125,0.132353,1,0.166667,0.4
0,727,-1.19862,1.62994,0.0555964,0.111111,0.5,0.1,1,0.333333,0.5
1,727,2.15918,-0.786113,0.571089,1,0.111111,0.0947368,1,0,0.6
1,727,0.499824,-1.91146,-0.847173,0.333333,0.1,0.192982,0,0.333333,0.7
0,727,0.117913,-0.237805,-0.552281,0.2,0.142857,0.150685,1,0.5,0.8
0,727,0.326687,0.14848,1.28036,0.25,0.25,0.0964912,1,0.333333,0.9
0,727,-0.771244,-0.0587696,-0.980198,0.125,0.2,0.150943,0,0,1
0,728,-0.151574,-0.00541966,-0.126362,0.2,0.166667,0.152174,0,0,0.1
0,728,0.194103,-0.485248,0.534401,0.5,0.125,0.0576923,1,0.166667,0.2
0,728,-0.449951,-0.668595,-2.59883,0.142857,0.111111,0.0736842,1,0.166667,0.3
0,728,-0.243614,0.561769,0.40525,0.166667,0.25,0.0945946,1,0.333333,0.4
1,728,0.08065,-0.237238,-0.0948643,0.25,0.142857,0.12766,0,0.166667,0.5
0,728,0.119532,0.159823,1.46924,0.333333,0.2,0.148936,1,0.333333,0.6
0,728,-0.786059,1.60316,0.64781,0.111111,1,0.104167,0,0.166667,0.7
0,728,-0.703039,0.614349,-0.0317809,0.125,0.333333,0.0666667,0,0,0.8
1,728,2.7952,-2.3177,0.189942,1,0.1,0.15493,1,0.666667,0.9
0,728,-0.855249,0.775104,-0.394803,0.1,0.5,0.0641026,0,0,1
1,729,-0.462634,0.312812,-0.146284,0.166667,0.2,0.0535714,1,0.166667,0.1
0,729,-0.482197,0.912304,0.525142,0.142857,0.333333,0.0625,0,0,0.2
0,729,1.18998,-0.0982861,1.18059,0.5,0.142857,0.0714286,0,0,0.3
0,729,-0.45347,-0.127458,-0.671753,0.25,0.125,0.0810811,0,0,0.4
0,729,-0.523583,1.17961,0.219888,0.1,1,0.0344828,0,0,0.5
0,729,-0.488559,0.925326,0.618653,0.125,0.5,0.0555556,0,0,0.6
1,729,2.60317,-1.95825,0.219888,1,0.1,0.0727273,1,0,0.7
0,729,-0.456542,0.314713,1.06592,0.2,0.25,0.0833333,0,0,0.8
0,729,-0.412463,-1.67789,-0.582436,0.333333,0.111111,0.1875,1,0.166667,0.9
0,729,-0.513703,0.217123,-2.4296,0.111111,0.166667,0.0454545,0,0,1
0,730,-0.471364,-0.810868,-1.59541,0.166667,0.111111,0.147541,1,0,0.1
1,730,2.66064,-0.678684,0.850754,1,0.125,0.232558,1,0,0.2
0,730,-0.617444,1.08791,0.0479412,0.111111,0.5,0.117647,1,0.5,0.3
0,730,-0.597916,0.794354,0.344837,0.142857,0.333333,0.0654206,1,0.5,0.4
0,730,-0.351677,-0.445203,-0.476236,0.2,0.142857,0.138462,0,0,0.5
1,730,-0.603647,-0.0752616,-1.23711,0.125,0.166667,0.194444,0,0,0.6
0,730,-0.266783,0.226348,0.699939,0.25,0.2,0.147541,1,0.5,0.7
0,730,-0.876532,1.25405,0.14439,0.1,1,0.0727273,1,0.5,0.8
0,730,0.564798,0.79418,1.95141,0.5,0.25,0.146341,0,0,0.9
0,730,0.559923,-2.14683,-0.730523,0.333333,0.1,0.215686,0,0,1
0,731,-0.460026,0.128448,-0.397281,0.166667,0.166667,0.104478,1,0.5,0.1
1,731,-0.229366,0.159087,0.240858,0.2,0.2,0.102564,0,0,0.2
1,731,2.30269,-2.48857,0.117564,1,0.1,0.177778,1,0.166667,0.3
0,731,0.451376,0.356153,1.23843,0.333333,0.25,0.117647,0,0,0.4
0,731,1.16252,-0.0463448,0.631208,0.5,0.142857,0.16,1,0.333333,0.5
0,731,-1.00915,1.60205,0.117564,0.1,1,0.139535,1,0.166667,0.6
0,731,0.132179,0.688067,1.58886,0.25,0.5,0.142857,0,0,0.7
0,731,-0.764956,-0.626274,-1.60855,0.142857,0.111111,0.145833,0,0,0.8
0,731,-0.810671,0.412125,-0.311403,0.111111,0.333333,0.159091,0,0,0.9
0,731,-0.774597,-0.18474,-1.61725,0.125,0.125,0.162791,1,0.5,1
1,732,-1.6617,1.16471,0.106096,0.1,1,0.0465116,0,0.166667,0.1
0,732,0.0877507,0.235282,0.532732,0.333333,0.166667,0.0701754,0,0,0.2
0,732,-0.00807026,-1.97324,-1.14009,0.2,0.1,0.142857,1,0.166667,0.3
0,732,2.30825,0.15584,0.896258,1,0.142857,0.0506329,1,0,0.4
0,732,-0.34304,0.768948,0.253382,0.142857,0.333333,0.0366972,0,0,0.5
0,732,-0.794442,0.55004,-0.884341,0.111111,0.2,0.0555556,0,0,0.6
0,732,-0.053787,0.628795,0.226361,0.166667,0.25,0.0330579,1,0,0.7
0,732,-0.5066,-1.04167,-1.4595,0.125,0.125,0.130435,0,0.166667,0.8
1,732,0.0261743,-1.28752,-0.587397,0.25,0.111111,0.0851064,1,0.166667,0.9
0,732,0.945467,0.798825,2.0565,0.5,0.5,0.0652174,0,0,1
0,733,-0.261712,-0.223114,-1.54598,0.166667,0.142857,0.27907,1,0.666667,0.1
0,733,0.745258,-1.26266,-0.681107,0.333333,0.111111,0.189655,1,0.666667,0.2
0,733,-1.17437,0.816226,-0.681107,0.111111,0.333333,0.0777778,1,0.5,0.3
1,733,0.920702,-1.02863,0.723459,0.5,0.125,0.176471,1,0.166667,0.4
0,733,-0.620562,0.449449,-1.50524,0.125,0.2,0.212766,1,0.666667,0.5
0,733,0.100321,0.799925,1.24649,0.2,0.25,0.140845,0,0,0.6
0,733,-1.50523,1.20429,0.257139,0.1,1,0.0769231,0,0,0.7
0,733,0.118022,-0.0893827,0.548618,0.25,0.166667,0.387097,1,0.5,0.8
0,733,-0.399632,1.1004,1.38059,0.142857,0.5,0.176471,1,0.833333,0.9
1,733,2.0772,-1.7665,0.257139,1,0.1,0.264151,1,1,1
0,734,-0.958447,1.42865,0.402092,0.111111,1,0.147059,0,0.666667,0.1
0,734,-0.439098,-1.29678,-1.30266,0.166667,0.111111,0.214286,0,0.666667,0.2
0,734,-0.695964,-0.928868,-1.62181,0.125,0.125,0.125,0,0.666667,0.3
1,734,1.18263,-0.62141,0.632987,0.5,0.142857,0.1875,0,0.666667,0.4
0,734,-0.493453,0.905322,0.632987,0.142857,0.5,0.178571,0,0.666667,0.5
0,734,-1.26386,0.438766,-1.26689,0.1,0.2,0.194444,1,0.166667,0.6
0,734,0.129175,0.841637,1.24192,0.25,0.333333,0.16,1,0,0.7
1,734,2.22044,-1.63382,0.117896,1,0.1,0.15,1,0,0.8
0,734,-0.129637,0.0705569,-0.078432,0.2,0.166667,0.222222,1,0.166667,0.9
0,734,0.448216,0.795955,1.24192,0.333333,0.25,0.183333,0,0,1
0,735,-1.36504,1.01626,-0.511718,0.1,0.333333,0.116279,1,0.5,0.1
0,735,0.316649,-0.559403,-0.592069,0.2,0.125,0.0384615,1,0.333333,0.2
0,735,0.52507,0.203542,1.06544,0.333333,0.25,0.0786517,0,0,0.3
0,735,-0.584342,0.125051,-0.333594,0.142857,0.2,0.0657895,0,0,0.4
0,735,-1.13905,1.50158,0.344955,0.111111,1,0.08,1,0.5,0.5
0,735,0.375668,-0.528612,-0.0505146,0.25,0.142857,0.0769231,1,0.166667,0.6
1,735,-0.582925,-0.517712,-0.341788,0.166667,0.166667,0.0909091,1,0.5,0.7
0,735,1.35229,-1.467,-0.21023,0.5,0.1,0.0853659,0,0,0.8
1,735,-0.71513,-1.23172,-1.64234,0.125,0.111111,0.111111,1,0.833333,0.9
0,735,1.81681,1.45801,2.27185,1,0.5,0.113208,1,0.5,1
0,736,-0.845938,0.554549,-0.254135,0.111111,0.333333,0.0357143,0,0.666667,0.1
0,736,-0.393419,0.234305,0.196564,0.2,0.2,0.08,1,0.5,0.2
0,736,0.660863,-0.893132,0.269938,0.5,0.125,0.0806452,0,0.5,0.3
0,736,-0.778453,-1.61114,-1.7892,0.125,0.1,0.0769231,1,0.666667,0.4
1,736,0.507447,0.383868,1.01068,0.333333,0.25,0.0862069,1,0.5,0.5
0,736,-0.921266,1.64817,0.0959438,0.1,1,0.0252101,0,0,0.6
0,736,-0.496191,-0.131528,-0.576839,0.166667,0.142857,0.0540541,0,0.5,0.7
1,736,2.52521,1.0741,2.15508,1,0.5,0.0574713,1,0,0.8
0,736,-0.53188,0.211977,-0.576839,0.142857,0.166667,0.0449438,1,0.5,0.9
0,736,0.273628,-1.47117,-0.531189,0.25,0.111111,0.105263,0,0.5,1
0,737,0.13416,0.249534,1.13216,0.333333,0.2,0.102564,0,0,0.1
0,737,-0.862771,0.881228,-0.0244895,0.125,0.333333,0.109375,0,0,0.2
0,737,0.496368,0.870738,1.97809,0.5,0.25,0.125,0,0,0.3
1,737,0.0343492,-0.996324,-1.21999,0.2,0.111111,0.135135,1,0.166667,0.4
0,737,-1.05367,1.03242,0.146364,0.1,1,0.0909091,0,0,0.5
0,737,-1.00093,0.920226,0.0485965,0.111111,0.5,0.0983607,0,0,0.6
1,737,2.59871,-2.18364,0.146364,1,0.1,0.228571,1,0.166667,0.7
0,737,-0.336251,-0.00664545,-1.26535,0.142857,0.142857,0.163265,0,0,0.8
0,737,0.0710374,0.0824422,0.312275,0.25,0.166667,0.0552486,0,0,0.9
0,737,-0.0810024,-0.849979,-1.25402,0.166667,0.125,0.0847458,1,0,1
0,738,-0.885163,0.23614,-0.924706,0.1,0.25,0.16,0,0,0.1
0,738,-0.840057,-0.294206,-1.30331,0.125,0.142857,0.186047,0,0.333333,0.2
0,738,-0.56027,1.37948,0.931105,0.166667,0.5,0.103896,0,0,0.3
0,738,1.14537,-1.51093,-0.588701,0.333333,0.1,0.207547,1,0,0.4
0,738,-0.0317997,1.90498,1.93079,0.25,1,0.176471,0,0,0.5
1,738,1.62952,-0.49517,0.327375,0.5,0.125,0.207547,1,0.166667,0.6
1,738,-0.416823,0.366398,0.900059,0.2,0.333333,0.108108,0,0,0.7
0,738,-0.840057,-0.141498,-0.969881,0.111111,0.2,0.186047,0,0.333333,0.8
0,738,1.63046,-1.26991,0.39685,1,0.111111,0.137931,1,0.166667,0.9
0,738,-0.831173,-0.17528,-0.699578,0.142857,0.166667,0.195122,0,0.333333,1
0,739,-0.640183,-1.39655,-1.91571,0.125,0.1,0.0543478,0,0,0.1
0,739,0.191639,0.12951,0.219175,0.25,0.166667,0.08,1,0.166667,0.2
0,739,-1.58844,0.223391,-1.1039,0.1,0.2,0.046875,1,0,0.3
0,739,-0.180182,0.327192,0.515819,0.166667,0.333333,0.15,1,0.333333,0.4
1,739,2.32893,-1.17201,0.350361,1,0.111111,0.0967742,1,0.166667,0.5
0,739,-0.0845516,-0.742512,-0.601348,0.2,0.125,0.0925926,0,0,0.6
0,739,-0.948921,0.54214,0.0341082,0.111111,0.5,0.0909091,0,0,0.7
0,739,0.435282,2.3051,2.00125,0.333333,1,0.0704225,0,0,0.8
0,739,-0.180182,0.291977,-0.0513063,0.142857,0.25,0.15,1,0.333333,0.9
1,739,0.666615,-0.508238,0.55155,0.5,0.142857,0.192308,1,0.333333,1
0,740,-0.375893,0.178254,-0.75595,0.142857,0.166667,0.113636,0,0,0.1
0,740,-0.370649,0.731466,1.00613,0.166667,0.5,0.0754717,1,0.166667,0.2
1,740,0.973922,0.457787,2.06237,0.5,0.333333,0.0735294,0,0,0.3
0,740,-0.209437,-0.165364,-0.384118,0.25,0.125,0.0779221,0,0,0.4
0,740,-0.574847,0.301386,-0.736027,0.125,0.2,0.0674157,0,0,0.5
0,740,-1.18672,1.27,0.125735,0.1,1,0.0869565,0,0,0.6
0,740,-0.934561,0.177746,-1.72034,0.111111,0.142857,0.0641026,0,0,0.7
1,740,0.497548,-0.780403,-0.333045,0.333333,0.111111,0.08,1,0,0.8
0,740,2.41161,-2.5847,0.125735,1,0.1,0.119403,0,0,0.9
0,740,-0.230979,0.413822,0.609506,0.2,0.25,0.0943396,1,0.166667,1
0,741,0.598692,0.892277,1.27607,0.25,0.5,0.107143,0,0,0.1
0,741,-0.151093,1.96845,1.30248,0.2,1,0.104167,1,0.166667,0.2
0,741,-0.397242,-0.326431,-0.567674,0.166667,0.142857,0.142857,1,0.5,0.3
0,741,0.953503,-0.0858166,0.755548,0.5,0.166667,0.11215,0,0,0.4
1,741,2.01359,0.203998,1.30248,1,0.2,0.144928,0,0,0.5
0,741,-0.547221,-0.846524,-1.29887,0.125,0.125,0.205882,1,0.666667,0.6
0,741,-1.1708,0.228948,-0.52275,0.111111,0.25,0.0963855,0,0,0.7
0,741,-0.540327,-1.00612,-1.29187,0.142857,0.111111,0.181818,1,0.666667,0.8
0,741,-1.43949,0.682068,-0.477703,0.1,0.333333,0.109375,1,0.5,0.9
1,741,0.680381,-1.71085,-0.477703,0.333333,0.1,0.219512,1,0.166667,1
1,742,0.758743,-1.87823,-0.330546,0.5,0.1,0.145161,0,0.166667,0.1
1,742,0.400825,0.00219866,1.23011,0.333333,0.2,0.257143,0,0,0.2
0,742,2.30579,-0.186411,0.936997,1,0.125,0.175439,0,0,0.3
0,742,-1.30028,0.839329,-0.804578,0.1,0.333333,0.09375,1,0.333333,0.4
0,742,-0.0634274,0.668782,0.770894,0.2,0.25,0.128571,0,0.166667,0.5
0,742,0.326462,-0.116509,0.339293,0.25,0.166667,0.117647,1,0.166667,0.6
0,742,-0.0790895,-0.133072,-0.956114,0.166667,0.142857,0.178571,0,0.166667,0.7
0,742,-0.833916,0.962274,0.447423,0.125,0.5,0.184211,0,0,0.8
0,742,-1.14241,1.38983,0.542375,0.111111,1,0.0851064,1,0.166667,0.9
0,742,-0.37269,-1.54819,-2.17586,0.142857,0.111111,0.138889,0,0.166667,1
0,743,-0.793999,1.63136,0.0524433,0.111111,0.5,0.0740741,0,0,0.1
0,743,-0.0202855,-0.734382,-0.874484,0.25,0.111111,0.0699301,0,0,0.2
0,743,-0.430864,0.308992,0.793101,0.166667,0.333333,0.133333,0,0,0.3
0,743,-0.44822,-0.709427,-1.76917,0.142857,0.125,0.12963,0,0,0.4
0,743,0.0749123,0.202814,1.66385,0.333333,0.25,0.0925926,0,0,0.5
1,743,2.11741,-1.48923,0.15795,1,0.1,0.183333,1,0.166667,0.6
0,743,-0.414484,-0.0186568,0.323598,0.2,0.2,0.0792079,0,0,0.7
0,743,-0.665268,-0.360732,-1.35329,0.125,0.166667,0.0833333,1,0.166667,0.8
1,743,1.65248,-0.665886,0.848041,0.5,0.142857,0.106667,1,0.333333,0.9
0,743,-1.07168,1.83515,0.15795,0.1,1,0.109091,1,0,1
0,744,-0.5734,0.265089,-0.0650109,0.166667,0.2,0.0961538,1,1,0.1
1,744,2.01708,-1.90279,0.0977215,1,0.1,0.228571,1,0.666667,0.2
1,744,1.70842,0.486572,1.32069,0.5,0.25,0.12,0,0.333333,0.3
0,744,0.099749,-0.711866,-0.298538,0.25,0.125,0.0614035,1,1,0.4
0,744,-1.08794,-0.406847,-1.57262,0.1,0.142857,0.0280374,0,0.333333,0.5
0,744,-0.748381,-0.926828,-1.82928,0.111111,0.111111,0.0714286,0,0.333333,0.6
0,744,-0.628248,0.637817,-0.0163507,0.125,0.333333,0.103448,1,0.666667,0.7
0,744,0.194258,-0.271378,0.490681,0.333333,0.166667,0.104167,1,0.333333,0.8
0,744,-0.580596,1.24848,0.524671,0.142857,0.5,0.0446429,0,0,0.9
0,744,-0.40094,1.58175,1.34803,0.2,1,0.102564,1,0.666667,1
0,745,-0.615784,0.122904,-0.292086,0.166667,0.166667,0.126761,0,0,0.1
0,745,-0.777466,0.090156,-0.968137,0.125,0.142857,0.137255,0,0,0.2
0,745,-0.699032,0.579037,0.464072,0.142857,0.5,0.0990099,0,0,0.3
0,745,-0.359014,0.34025,0.177082,0.2,0.2,0.102041,1,0.666667,0.4
0,745,-0.893696,-0.494501,-1.82635,0.1,0.111111,0.137931,0,0,0.5
0,745,0.431429,-0.136343,-0.0144622,0.333333,0.125,0.0884354,0,0,0.6
0,745,-0.872235,0.529466,-0.228948,0.111111,0.333333,0.1,1,0.5,0.7
1,745,1.65301,-2.69102,-0.179659,0.5,0.1,0.292683,1,0.5,0.8
0,745,0.1591,0.404139,0.660911,0.25,0.25,0.108108,1,0.5,0.9
1,745,1.97369,1.25592,2.20758,1,1,0.176471,0,0.166667,1
0,746,-1.4854,0.901579,-0.556017,0.1,0.333333,0.25,0,0,0.1
0,746,0.734036,-0.896423,-0.0183882,0.333333,0.125,0.285714,1,1,0.2
0,746,-0.484087,-0.357867,-0.660739,0.142857,0.166667,0.146067,0,0,0.3
0,746,-1.03809,0.121205,-0.608449,0.111111,0.25,0.186441,1,0.833333,0.4
0,746,0.011859,-0.141903,0.225153,0.2,0.2,0.214286,1,1,0.5
0,746,0.87953,-1.19496,-0.22843,0.5,0.1,0.217391,1,1,0.6
1,746,1.99716,2.02117,2.80686,1,1,0.159091,1,0,0.7
1,746,-0.0610197,-0.549454,-0.660739,0.166667,0.142857,0.240741,1,1,0.8
0,746,-0.992279,1.14402,0.3092,0.125,0.5,0.173913,1,0.833333,0.9
0,746,0.438287,-1.04736,-0.608449,0.25,0.111111,0.16129,1,0.666667,1
0,747,0.0682929,-1.23352,-0.201506,0.333333,0.111111,0.0909091,0,0,0.1
0,747,-0.120185,-0.430606,-0.232406,0.25,0.125,0.101266,1,0.166667,0.2
0,747,-0.426913,0.114451,0.155857,0.2,0.2,0.0463576,0,0.166667,0.3
0,747,-0.727958,0.674252,-0.201506,0.111111,0.333333,0.0789474,0,0,0.4
0,747,-0.619359,-0.0908971,-0.852094,0.125,0.142857,0.0729167,1,0.166667,0.5
1,747,1.36936,1.45263,1.70878,0.5,1,0.132353,0,0,0.6
0,747,-0.864868,-2.07315,-1.79083,0.1,0.1,0.106383,0,0,0.7
1,747,2.38486,1.01333,1.70878,1,0.5,0.132075,1,0,0.8
0,747,-0.599297,0.616634,-0.0379946,0.142857,0.25,0.0630631,1,0.166667,0.9
0,747,-0.463934,-0.0431261,-0.257076,0.166667,0.166667,0.057377,0,0,1
1,748,1.99548,-0.322225,0.847805,1,0.142857,0.166667,1,1.33333,0.1
1,748,1.68987,0.197217,1.07547,0.5,0.2,0.0925926,1,1.33333,0.2
0,748,0.387982,1.22298,1.64617,0.333333,0.5,0.14,1,1.33333,0.3
0,748,-0.714285,-1.38851,-1.62964,0.125,0.111111,0.102041,1,1.33333,0.4
0,748,-0.715302,1.55201,0.342287,0.111111,1,0.0759494,0,0,0.5
0,748,-0.58024,-1.446,-1.07846,0.2,0.1,0.0631579,1,1.33333,0.6
0,748,-0.60402,-0.990593,-0.859869,0.166667,0.125,0.111111,1,1.33333,0.7
0,748,-0.878391,0.489596,-0.797569,0.1,0.25,0.116279,1,1.33333,0.8
0,748,-0.70773,0.831659,0.239684,0.142857,0.333333,0.166667,1,1.33333,0.9
0,748,0.126635,-0.146127,0.214124,0.25,0.166667,0.109375,1,1.33333,1
0,749,-0.251187,-0.546098,-0.511479,0.25,0.111111,0.234375,1,0.666667,0.1
1,749,1.83335,1.68119,2.07511,0.5,1,0.174603,0,0,0.2
0,749,-0.655603,-0.305413,-0.798681,0.142857,0.142857,0.152174,1,0.833333,0.3
0,749,0.318303,0.30993,0.973174,0.333333,0.25,0.153153,0,0,0.4
0,749,-0.353247,1.01675,0.989988,0.2,0.5,0.13253,0,0,0.5
0,749,-0.687966,0.141803,-0.540796,0.125,0.2,0.115044,0,0,0.6
0,749,-0.444206,0.118912,-0.31219,0.166667,0.166667,0.191176,1,0.666667,0.7
0,749,-0.832916,-0.414924,-1.50011,0.111111,0.125,0.1625,1,0.666667,0.8
1,749,1.94728,-2.31286,0.0923838,1,0.1,0.386364,1,0.166667,0.9
0,749,-0.87381,0.310712,-0.467403,0.1,0.333333,0.1625,1,0.666667,1
0,750,-0.255765,0.182309,-0.0601156,0.166667,0.2,0.0930233,0,0.833333,0.1
0,750,-0.241397,-0.595426,-0.528968,0.2,0.125,0.0561798,0,0.833333,0.2
0,750,-1.06744,-0.243518,-1.21627,0.1,0.166667,0.0493827,0,0,0.3
0,750,2.4505,0.575942,1.76037,1,0.333333,0.0689655,0,0.833333,0.4
0,750,0.53327,-0.322386,0.215808,0.333333,0.142857,0.0526316,1,1,0.5
0,750,-0.880202,-1.80695,-1.68513,0.125,0.1,0.0754717,0,0.166667,0.6
0,750,0.674204,-1.11971,0.0300028,0.5,0.111111,0.0641026,0,1,0.7
1,750,0.20549,1.69612,1.49943,0.25,1,0.028169,1,0,0.8
0,750,-0.418016,0.376739,-0.0451309,0.142857,0.25,0.0413223,0,0.833333,0.9
1,750,-1.00065,1.25687,0.0300028,0.111111,0.5,0.0701754,1,0.166667,1
0,751,-0.259793,-1.10496,-1.21714,0.166667,0.125,0.0927835,0,0,0.1
0,751,-0.216227,-1.10647,-1.1841,0.2,0.111111,0.0775862,1,0.333333,0.2
1,751,-1.79477,1.39678,-0.295277,0.1,0.5,0.0784314,0,0,0.3
0,751,0.612094,0.59909,1.08624,0.25,0.25,0.115942,0,0,0.4
0,751,1.21024,-1.05533,0.762723,0.5,0.142857,0.175439,1,0.333333,0.5
0,751,1.53442,0.0112295,1.5741,1,0.166667,0.0743243,1,0,0.6
0,751,0.956702,-1.17294,-0.71873,0.333333,0.1,0.068323,1,0,0.7
0,751,-1.00977,0.805233,-0.376286,0.111111,0.333333,0.0786517,0,0,0.8
0,751,-0.551371,0.188138,-0.831587,0.125,0.2,0.122807,0,0,0.9
1,751,-0.481511,1.43925,1.20006,0.142857,1,0.1,1,0.333333,1
0,752,-0.528282,0.182422,-0.0924153,0.142857,0.25,0.09375,0,0.166667,0.1
1,752,-0.709225,1.29865,0.0614373,0.111111,0.5,0.0833333,1,0,0.2
0,752,-0.42137,-0.882079,-0.610303,0.2,0.142857,0.0754717,0,0,0.3
0,752,0.680471,-1.01695,0.520605,0.5,0.125,0.104167,0,0,0.4
0,752,0.428519,-1.13078,-0.490128,0.333333,0.111111,0.0724638,0,0,0.5
0,752,-0.53638,0.82722,-0.0309605,0.125,0.333333,0.0655738,0,0,0.6
0,752,-0.464073,0.0817024,-0.625294,0.166667,0.166667,0.0869565,0,0,0.7
0,752,-0.740373,1.71914,0.185038,0.1,1,0.0714286,0,0,0.8
0,752,-0.390676,-1.23264,-1.4705,0.25,0.1,0.0634921,0,0.166667,0.9
1,752,2.68139,0.153316,2.55253,1,0.2,0.0930233,1,0,1
0,753,0.586782,-0.983795,0.182356,0.5,0.111111,0.111111,0,0,0.1
0,753,-0.21456,-0.264268,1.12522,0.2,0.2,0.145455,0,0,0.2
0,753,-0.85438,1.62821,0.182356,0.111111,0.5,0.146341,0,0,0.3
0,753,-0.786787,0.492901,-0.0918958,0.125,0.333333,0.153846,1,0.833333,0.4
0,753,-0.975428,1.71073,0.549224,0.1,1,0.131579,1,0.833333,0.5
1,753,0.422113,-0.448501,1.31167,0.333333,0.142857,0.205128,1,0.833333,0.6
0,753,0.00251852,-0.848913,-1.67787,0.25,0.125,0.210526,1,0.833333,0.7
1,753,2.60686,-1.4073,0.549224,1,0.1,0.222222,1,0,0.8
0,753,-0.506435,0.401099,-0.274304,0.142857,0.25,0.159091,1,0.833333,0.9
0,753,-0.280688,-0.280168,-1.85598,0.166667,0.166667,0.16,1,0.833333,1
0,754,-0.954064,-0.0384335,-0.991,0.125,0.142857,0.0545455,0,0,0.1
0,754,-0.116539,-0.443588,-0.51792,0.2,0.125,0.0857143,0,0.333333,0.2
0,754,-1.41959,0.763451,-0.447632,0.1,0.333333,0.0227273,0,0,0.3
0,754,0.79125,0.813239,1.45123,0.333333,0.5,0.0454545,0,0,0.4
0,754,-0.347156,0.30913,-0.298984,0.166667,0.166667,0.047619,0,0,0.5
1,754,1.65289,0.651633,1.46812,1,0.25,0.0410959,1,0.333333,0.6
1,754,-0.514268,-1.1874,-1.21055,0.142857,0.111111,0.046875,1,0.166667,0.7
0,754,1.48638,-2.30865,-0.183902,0.5,0.1,0.0769231,1,0.166667,0.8
0,754,-0.975361,0.359835,-0.737471,0.111111,0.2,0.0535714,0,0,0.9
0,754,0.39646,1.08078,1.46812,0.25,1,0.0471698,0,0.333333,1
0,755,-0.43297,-0.266838,-0.680734,0.166667,0.142857,0.0655738,1,0,0.1
1,755,-0.927375,0.467766,-0.572843,0.1,0.333333,0.0441176,0,0.333333,0.2
0,755,-0.785665,-0.420398,-1.55755,0.125,0.125,0.0535714,0,0.166667,0.3
0,755,-0.878476,0.294244,-0.626862,0.111111,0.25,0.04,0,0.166667,0.4
0,755,2.40874,-1.95873,0.113224,1,0.1,0.0882353,0,0,0.5
0,755,0.241995,0.836715,1.85716,0.333333,0.5,0.0444444,0,0.166667,0.6
0,755,-0.557404,1.80853,0.956473,0.142857,1,0.0408163,0,0,0.7
1,755,1.16476,0.18594,0.906025,0.5,0.166667,0.0724638,0,0.333333,0.8
0,755,-0.181207,-1.23388,-0.943756,0.2,0.111111,0.0515464,1,0.333333,0.9
0,755,-0.0523961,0.286653,0.548861,0.25,0.2,0.0379747,1,0.166667,1
0,756,-1.06186,0.867264,-0.2878,0.111111,0.333333,0.0930233,0,0.166667,0.1
0,756,0.549936,0.507997,0.526703,0.25,0.2,0.0864198,0,0,0.2
0,756,0.571839,1.11416,1.78219,0.333333,0.5,0.125,0,0,0.3
0,756,-0.470939,-1.36374,-0.93092,0.166667,0.125,0.135135,1,0.166667,0.4
0,756,-0.591497,1.11729,0.917859,0.142857,1,0.0618557,0,0.166667,0.5
0,756,-0.338268,-0.40879,-0.358366,0.2,0.142857,0.09375,0,0,0.6
1,756,2.22241,-1.4067,0.108653,1,0.1,0.25,0,0,0.7
1,756,0.944772,0.242262,0.869448,0.5,0.166667,0.135593,1,0,0.8
0,756,-1.08261,0.716665,-0.863472,0.1,0.25,0.0512821,0,0,0.9
0,756,-0.743779,-1.38641,-1.76429,0.125,0.111111,0.0735294,0,0.166667,1
0,757,-0.386472,-0.647104,-1.14714,0.166667,0.125,0.115044,1,0.166667,0.1
1,757,-0.066873,0.946548,1.8095,0.25,0.5,0.164384,0,0,0.2
0,757,-0.524024,0.802424,0.319759,0.142857,0.333333,0.12,0,0,0.3
0,757,-0.0719707,-0.926935,-1.11601,0.2,0.111111,0.185714,0,0,0.4
0,757,-0.0274362,-0.294701,0.319759,0.333333,0.142857,0.229508,0,0,0.5
0,757,0.198218,0.692128,1.43477,0.5,0.2,0.112676,1,0,0.6
0,757,-0.681176,0.752635,-0.741274,0.111111,0.25,0.11,0,0,0.7
0,757,-0.700079,1.00733,0.13389,0.1,1,0.1,1,0.166667,0.8
1,757,2.86468,-2.2421,0.13389,1,0.1,0.227848,1,0,0.9
0,757,-0.604864,-0.0902326,-1.14714,0.125,0.166667,0.150685,0,0,1
0,758,-0.727989,0.972191,-0.759141,0.1,0.333333,0.116667,0,0,0.1
0,758,-0.311441,-1.09658,-1.25068,0.2,0.111111,0.257143,0,0,0.2
0,758,-0.239897,0.271283,0.727359,0.25,0.2,0.11236,1,0,0.3
0,758,-0.46406,1.1564,0.884082,0.125,1,0.0869565,1,0.333333,0.4
1,758,2.91303,-1.98775,0.150047,1,0.1,0.215686,1,0,0.5
0,758,-0.564175,0.876004,-0.830727,0.111111,0.25,0.109375,1,0.333333,0.6
0,758,0.129761,-0.188797,1.20068,0.5,0.166667,0.171875,0,0,0.7
1,758,-0.394617,-0.539129,-1.68064,0.142857,0.125,0.189189,1,0.333333,0.8
0,758,0.0106771,-0.523262,0.358346,0.333333,0.142857,0.121622,0,0,0.9
0,758,-0.351291,1.05964,1.20068,0.166667,0.5,0.0989011,0,0,1
1,759,-0.432663,0.231855,-0.6433,0.142857,0.166667,0.0819672,1,0.666667,0.1
0,759,0.4119,0.241269,0.827653,0.333333,0.2,0.0722892,0,0,0.2
0,759,-0.753266,-0.902444,-1.73741,0.125,0.111111,0.222222,1,0.666667,0.3
0,759,-0.812776,0.73361,0.035526,0.111111,0.5,0.129032,1,0,0.4
0,759,-0.39981,-0.108484,-0.6433,0.166667,0.142857,0.0909091,1,0.5,0.5
0,759,-0.87985,1.71282,0.106998,0.1,1,0.0888889,0,0.166667,0.6
1,759,2.65915,0.393624,2.08444,1,0.333333,0.0520833,1,0,0.7
0,759,-0.370913,-0.328743,-0.626345,0.2,0.125,0.104167,1,0.5,0.8
0,759,0.0596466,0.313159,0.818146,0.25,0.25,0.09375,0,0,0.9
0,759,0.518583,-2.28667,-0.222401,0.5,0.1,0.230769,1,0.833333,1
0,760,-0.871023,0.586512,-0.697451,0.1,0.333333,0.106383,1,0,0.1
0,760,-0.660969,1.13606,0.38785,0.125,0.5,0.139535,0,0,0.2
0,760,-0.744511,0.157081,-1.14905,0.111111,0.2,0.122449,0,0,0.3
0,760,0.00125271,0.483697,1.05408,0.25,0.25,0.18,0,0,0.4
0,760,-0.271747,-0.347896,-1.1811,0.166667,0.125,0.148148,0,0,0.5
0,760,-0.134574,1.45553,1.90163,0.2,1,0.0777778,0,0,0.6
0,760,-0.300049,-0.168941,-1.19178,0.142857,0.142857,0.195122,0,0,0.7
1,760,0.120731,-0.996233,0.0457707,0.5,0.111111,0.259259,0,0,0.8
1,760,2.83779,-2.19878,0.137853,1,0.1,0.315789,1,0,0.9
0,760,0.0231016,-0.10703,0.692191,0.333333,0.166667,0.112676,0,0,1
0,761,-0.863814,0.4855,-0.770572,0.1,0.25,0.0909091,0,0,0.1
0,761,-0.612279,0.768021,0.486874,0.166667,0.333333,0.125,0,0,0.2
0,761,0.434686,-0.0802201,0.750033,0.333333,0.2,0.0754717,0,0,0.3
1,761,2.43722,-1.86429,0.0969634,1,0.1,0.217391,1,0,0.4
0,761,-0.82019,-0.198891,-1.07138,0.111111,0.166667,0.0869565,0,0,0.5
0,761,1.00712,1.56193,2.17798,0.5,1,0.103896,0,0,0.6
1,761,-0.0883376,-0.991426,-0.808217,0.2,0.111111,0.0963855,1,0.166667,0.7
0,761,-0.738045,-0.560706,-1.33386,0.125,0.125,0.166667,1,0,0.8
0,761,-0.0432333,-0.434209,-0.0484273,0.25,0.142857,0.142857,1,0.166667,0.9
0,761,-0.713129,1.31429,0.520601,0.142857,0.5,0.0614035,0,0,1
0,762,-0.203846,-0.275603,-0.395227,0.2,0.142857,0.049505,0,0,0.1
0,762,-1.05702,0.802394,-0.317403,0.111111,0.333333,0.0338983,1,0.333333,0.2
0,762,-1.08754,0.409543,-1.28767,0.1,0.2,0.025641,0,0,0.3
1,762,2.30963,-1.97476,0.119829,1,0.1,0.134615,0,0.166667,0.4
0,762,0.0993569,0.59974,1.26228,0.333333,0.25,0.0704225,0,0,0.5
0,762,-0.308272,-0.954509,-1.02667,0.166667,0.125,0.0588235,1,0,0.6
1,762,1.2724,-1.0988,0.0397863,0.5,0.111111,0.076087,1,0.5,0.7
0,762,-0.520358,0.988406,0.643368,0.142857,0.5,0.046729,1,0.333333,0.8
0,762,-0.570107,0.191741,-1.02667,0.125,0.166667,0.0566038,0,0,0.9
0,762,0.065759,1.31185,1.98837,0.25,1,0.0444444,1,0,1
0,763,0.534473,-1.74367,-0.222731,0.5,0.1,0.142857,0,0,0.1
0,763,0.431535,0.0419797,0.538059,0.333333,0.166667,0.0833333,0,0,0.2
0,763,-0.440733,-1.03962,-0.893185,0.2,0.111111,0.118644,0,0,0.3
1,763,2.57336,1.72393,2.73684,1,1,0.0941176,1,0,0.4
0,763,-0.913324,1.08725,-0.222731,0.1,0.5,0.0853659,1,0.333333,0.5
0,763,0.372082,-0.887572,-0.327364,0.25,0.125,0.140625,0,0.166667,0.6
0,763,-0.750955,0.933538,-0.0179295,0.125,0.333333,0.137255,0,0,0.7
0,763,-0.840836,0.0553871,-0.893185,0.111111,0.2,0.0933333,0,0.166667,0.8
0,763,-0.451336,-0.237242,-0.644257,0.166667,0.142857,0.109589,0,0,0.9
1,763,-0.51426,0.0660237,-0.0535185,0.142857,0.25,0.159091,1,0.333333,1
0,764,-0.960673,1.6918,0.519436,0.111111,1,0.0952381,1,0.666667,0.1
0,764,0.948225,-1.47242,-0.316567,0.5,0.1,0.243243,1,0.166667,0.2
0,764,-0.187642,0.135541,-0.101321,0.166667,0.2,0.173913,1,0.5,0.3
1,764,0.272977,-1.09399,-0.843212,0.25,0.111111,0.285714,1,0.833333,0.4
0,764,0.209072,0.041027,-0.101321,0.2,0.166667,0.173913,1,0.5,0.5
0,764,-1.83178,0.75474,-0.77055,0.1,0.333333,0.0521739,0,0.166667,0.6
0,764,0.759703,-0.935766,-0.025483,0.333333,0.125,0.257143,1,0.833333,0.7
0,764,-0.648476,1.04553,0.428501,0.125,0.5,0.137255,1,0.5,0.8
1,764,1.86749,0.691567,2.5272,1,0.25,0.09375,1,0,0.9
0,764,-0.428897,-0.858037,-1.31669,0.142857,0.142857,0.137255,1,0.166667,1
0,765,-0.851656,0.286137,-0.557871,0.125,0.2,0.150943,1,0.5,0.1
0,765,-0.832171,0.819423,-0.0475969,0.142857,0.25,0.125,0,0,0.2
0,765,-0.60814,0.83167,0.478525,0.166667,0.333333,0.0782609,1,0.5,0.3
1,765,1.41279,-1.07992,0.0316422,0.5,0.111111,0.171875,1,0.166667,0.4
0,765,-0.219365,-0.817833,-0.314326,0.2,0.142857,0.181818,1,0.5,0.5
0,765,-1.02872,-0.897817,-1.7772,0.1,0.125,0.0816327,1,0.5,0.6
0,765,0.738158,-1.10408,-0.482161,0.333333,0.1,0.141026,0,0,0.7
0,765,0.541001,-0.771129,0.203329,0.25,0.166667,0.0932203,1,0.166667,0.8
0,765,-0.974656,0.940122,0.0316422,0.111111,0.5,0.102564,0,0,0.9
1,765,1.82276,1.79343,2.43402,1,1,0.205882,1,0,1
1,766,2.42552,0.293599,1.59408,1,0.2,0.0588235,1,0,0.1
0,766,-0.733901,0.491568,-0.639786,0.111111,0.25,0.0882353,0,0.5,0.2
0,766,-0.240723,0.894966,1.23833,0.2,0.5,0.0769231,0,0.666667,0.3
1,766,-0.902644,1.84386,0.115559,0.1,1,0.06,1,0,0.4
0,766,-0.666897,-0.277853,-0.990085,0.125,0.166667,0.0625,0,0.5,0.5
0,766,0.0227431,-0.674721,-0.0193352,0.333333,0.125,0.108696,1,0.666667,0.6
0,766,-0.582535,-1.17617,-1.58111,0.142857,0.111111,0.097561,1,0.333333,0.7
0,766,-0.0245345,0.687831,1.2173,0.25,0.333333,0.0757576,0,0,0.8
0,766,1.26616,-1.71713,-0.240194,0.5,0.1,0.115385,0,0,0.9
0,766,-0.563182,-0.365955,-0.694769,0.166667,0.142857,0.125,0,0,1
0,767,1.33449,1.21281,1.69812,0.5,0.5,0.1,1,1.16667,0.1
0,767,-0.680077,0.156719,-0.0437546,0.142857,0.25,0.0792079,1,0.833333,0.2
0,767,-0.412469,-0.686521,-0.288952,0.2,0.142857,0.106667,0,0,0.3
0,767,-0.72844,-0.206523,-0.512837,0.125,0.2,0.0957447,1,0.833333,0.4
0,767,-0.507828,2.14582,0.970742,0.166667,1,0.0625,1,0.333333,0.5
1,767,-0.136052,-0.722558,-0.26764,0.25,0.125,0.2,1,0.833333,0.6
0,767,-1.04463,-0.745039,-1.85113,0.1,0.111111,0.091954,1,0.833333,0.7
0,767,-0.872512,-0.630402,-0.967999,0.111111,0.166667,0.108108,1,0.166667,0.8
1,767,1.14743,0.679651,1.17584,0.333333,0.333333,0.153846,1,0.5,0.9
0,767,1.90009,-1.20396,0.0876074,1,0.1,0.127907,1,0.833333,1
0,768,1.27939,-0.739281,0.254207,0.5,0.125,0.197183,1,0.333333,0.1
0,768,0.905753,1.24425,1.48201,0.333333,0.5,0.0973451,0,0.166667,0.2
0,768,-0.925755,0.744259,-0.718036,0.1,0.25,0.108911,0,0,0.3
0,768,-0.256742,-0.347011,-0.0601086,0.2,0.166667,0.129032,1,0.5,0.4
0,768,-0.917529,-0.438197,-1.23623,0.111111,0.142857,0.134831,0,0,0.5
0,768,-0.801486,1.30012,1.00116,0.166667,1,0.123596,0,0.333333,0.6
1,768,0.667031,-0.937449,-0.500234,0.25,0.111111,0.189189,0,0,0.7
0,768,-0.838693,1.16451,0.215783,0.142857,0.333333,0.116279,1,0.333333,0.8
1,768,1.78434,-0.243498,1.24638,1,0.2,0.107843,1,0,0.9
0,768,-0.896313,-1.7477,-1.68493,0.125,0.1,0.183333,0,0,1
0,769,-0.692752,-0.699845,-1.37403,0.111111,0.111111,0.0943396,0,0,0.1
0,769,-0.658865,-0.534535,-0.441311,0.142857,0.166667,0.0714286,0,0,0.2
1,769,2.66561,0.156808,1.42995,1,0.333333,0.131579,1,0,0.3
0,769,0.181739,-0.674989,-0.0122815,0.333333,0.125,0.0618557,0,0,0.4
0,769,-0.667855,-1.17717,-1.36883,0.125,0.1,0.0925926,1,0.166667,0.5
0,769,-0.0815654,-0.203793,0.355819,0.25,0.2,0.0645161,0,0,0.6
0,769,-0.161772,1.21837,0.786577,0.2,0.5,0.0535714,0,0,0.7
1,769,0.75501,2.34039,1.64874,0.5,1,0.1,1,0.166667,0.8
0,769,-0.643527,-0.576464,-0.441311,0.166667,0.142857,0.106383,0,0,0.9
0,769,-0.696024,0.151232,-0.583327,0.1,0.25,0.0537634,0,0,1
0,770,0.483313,-0.327977,-0.0420046,0.25,0.142857,0.0642202,0,0,0.1
0,770,-1.49886,-0.725938,-1.56839,0.1,0.125,0.0420168,1,0,0.2
0,770,-0.938678,0.965758,-0.0140721,0.125,0.333333,0.0431655,0,0,0.3
0,770,1.00153,0.811351,1.13665,0.5,0.25,0.0686275,0,0,0.4
1,770,-1.11842,-1.60787,-1.77709,0.111111,0.1,0.153846,1,0.166667,0.5
0,770,0.0891569,1.37155,0.931916,0.166667,1,0.0757576,0,0,0.6
0,770,0.981913,-0.295603,0.422302,0.333333,0.166667,0.0725806,0,0,0.7
0,770,1.57426,-0.00657061,1.16017,1,0.2,0.108108,1,0.166667,0.8
1,770,0.333179,-1.35797,-0.701026,0.2,0.111111,0.0666667,0,0,0.9
0,770,-0.907391,1.17327,0.451555,0.142857,0.5,0.0701754,0,0,1
0,771,0.902688,-0.67058,-0.0171072,0.333333,0.125,0.147059,0,0,0.1
1,771,1.25991,-0.457866,0.548947,0.5,0.142857,0.333333,0,0,0.2
0,771,-0.199554,1.53688,1.69656,0.25,1,0.0980392,0,0,0.3
0,771,-1.23645,0.169861,-1.09869,0.1,0.2,0.101695,0,0,0.4
0,771,-0.865902,-0.877001,-1.91391,0.111111,0.111111,0.0989011,1,0.333333,0.5
0,771,-0.483347,-0.447684,-0.614711,0.142857,0.166667,0.169231,1,0.166667,0.6
1,771,2.06782,-1.77381,0.102243,1,0.1,0.254237,1,0,0.7
0,771,-0.481222,0.632781,0.513384,0.166667,0.333333,0.139241,1,0.166667,0.8
0,771,-0.673952,0.37262,-0.312351,0.125,0.25,0.11,0,0,0.9
0,771,-0.289981,1.51479,1.09564,0.2,0.5,0.118812,0,0,1
1,772,-0.54242,0.693826,0.432403,0.142857,0.5,0.0869565,0,0,0.1
0,772,-0.846566,-1.09063,-1.30773,0.111111,0.125,0.25,0,0,0.2
0,772,0.739064,0.446931,1.08093,0.333333,0.333333,0.0985915,0,0,0.3
0,772,2.4703,0.0583585,1.11096,1,0.2,0.0429448,0,0,0.4
0,772,-0.743965,-0.184629,-0.90207,0.125,0.142857,0.16129,0,0,0.5
0,772,-0.203202,-1.43361,-0.640025,0.25,0.1,0.176471,0,0,0.6
0,772,-0.938767,0.382606,-0.640025,0.1,0.25,0.2,0,0,0.7
0,772,-0.32129,0.0524289,-0.0535781,0.2,0.166667,0.166667,0,0,0.8
1,772,0.779253,2.16678,1.809,0.5,1,0.0416667,1,0,0.9
0,772,-0.392408,-1.09206,-0.889868,0.166667,0.111111,0.222222,0,0,1
0,773,-0.559527,1.5452,0.732989,0.142857,0.5,0.0967742,0,0,0.1
0,773,0.0737435,-0.19668,0.291275,0.25,0.166667,0.0632911,0,0,0.2
0,773,0.134234,0.0397892,1.43812,0.333333,0.25,0.114583,1,0,0.3
1,773,0.718892,-0.0310272,1.46297,0.5,0.2,0.123077,1,0,0.4
0,773,-1.05357,1.57818,0.136521,0.1,1,0.0819672,0,0,0.5
0,773,-0.927593,0.900227,-0.361617,0.111111,0.333333,0.0952381,0,0,0.6
0,773,-0.0809177,-0.994397,-1.13794,0.2,0.111111,0.0892857,0,0,0.7
1,773,2.59111,-1.54897,0.136521,1,0.1,0.243243,1,0,0.8
0,773,-0.612672,-0.493054,-1.52915,0.125,0.142857,0.112676,0,0,0.9
0,773,-0.283702,-0.799275,-1.16969,0.166667,0.125,0.0857143,0,0,1
0,774,-0.411153,0.794205,1.37292,0.2,0.5,0.0733945,0,0.333333,0.1
0,774,0.925452,0.64363,1.34961,0.333333,0.25,0.16129,0,0,0.2
0,774,-0.576524,0.93116,1.08229,0.142857,1,0.179487,1,0.666667,0.3
0,774,-0.234787,0.203393,-0.0639875,0.25,0.142857,0.125,0,0.333333,0.4
1,774,1.67132,-1.80613,-0.266301,0.5,0.1,0.22,1,0.333333,0.5
0,774,-0.850896,0.634842,-0.749982,0.125,0.2,0.185185,1,1,0.6
0,774,-0.574389,-0.977137,-1.0977,0.166667,0.125,0.227273,1,1,0.7
0,774,-0.886456,0.475158,-1.72446,0.1,0.166667,0.0882353,1,0.666667,0.8
0,774,-0.856905,0.732946,-0.33936,0.111111,0.333333,0.117647,1,0.666667,0.9
1,774,1.79434,-1.63207,0.436958,1,0.111111,0.28125,1,0.333333,1
0,775,-0.519074,0.538833,0.340543,0.125,0.5,0.0519481,0,0,0.1
1,775,2.89082,-2.9595,0.121039,1,0.1,0.161765,1,0.166667,0.2
0,775,-0.69165,0.652183,0.121039,0.1,1,0.0438596,0,0,0.3
0,775,0.0500848,0.138802,-0.0202521,0.333333,0.125,0.0454545,0,0,0.4
0,775,-0.099616,0.388819,0.936262,0.2,0.333333,0.0833333,1,0.333333,0.5
1,775,-0.619045,0.117057,-2.26576,0.111111,0.111111,0.111111,1,0,0.6
0,775,-0.51105,0.148923,-1.04641,0.142857,0.142857,0.0561798,0,0,0.7
0,775,0.060334,0.35151,1.63582,0.5,0.25,0.0869565,0,0.166667,0.8
0,775,-0.0833868,0.284462,0.258242,0.25,0.166667,0.0862069,0,0,0.9
0,775,-0.477416,0.338914,-0.0805231,0.166667,0.2,0.0471698,1,0,1
0,776,-0.421034,0.326478,-0.0349697,0.142857,0.25,0.0582524,1,0.333333,0.1
1,776,2.21178,1.75605,1.78829,1,1,0.12963,1,0,0.2
0,776,-0.156632,-1.00597,-0.773648,0.166667,0.111111,0.08,0,0,0.3
0,776,-1.27918,-0.335542,-0.942431,0.1,0.166667,0.0625,0,0,0.4
0,776,-0.129937,-1.42416,-0.752402,0.2,0.1,0.0740741,0,0,0.5
0,776,0.310058,0.0279456,0.339416,0.25,0.2,0.0769231,0,0,0.6
0,776,-1.26739,-0.790614,-1.13694,0.111111,0.125,0.0862069,1,0.333333,0.7
1,776,0.845109,1.62488,1.35718,0.5,0.5,0.125,0,0,0.8
0,776,-0.700621,-0.522422,-0.784257,0.125,0.142857,0.0804598,0,0,0.9
0,776,0.587837,0.343358,0.93976,0.333333,0.333333,0.0909091,1,0.333333,1
0,777,1.31026,-1.23283,0.040796,0.5,0.111111,0.196078,1,0.333333,0.1
0,777,-0.866267,1.54723,0.723957,0.125,1,0.0921053,1,0.5,0.2
0,777,-0.622039,-0.448374,-1.06224,0.142857,0.142857,0.166667,0,0,0.3
1,777,1.98575,-0.0220548,1.69494,1,0.2,0.153846,1,0.166667,0.4
0,777,-0.409716,0.435079,0.26215,0.166667,0.25,0.0795455,0,0,0.5
0,777,0.278777,-0.383906,0.26215,0.25,0.166667,0.112903,0,0,0.6
0,777,-1.16409,1.17828,-0.255392,0.1,0.5,0.076087,1,0.333333,0.7
0,777,-1.05489,-0.645978,-1.99514,0.111111,0.125,0.0645161,1,0,0.8
0,777,-0.142535,1.13738,0.950428,0.2,0.333333,0.0676692,0,0.166667,0.9
1,777,0.684759,-1.56484,-0.621646,0.333333,0.1,0.0990991,1,0.166667,1
0,778,-0.235169,0.915869,0.451585,0.166667,0.333333,0.191489,1,0.333333,0.1
0,778,-0.300068,-0.254387,-0.540715,0.142857,0.166667,0.160714,0,0,0.2
0,778,-0.115649,-0.203265,0.184254,0.2,0.2,0.188679,0,0,0.3
1,778,0.0925575,1.40158,1.21546,0.25,0.5,0.150943,1,0,0.4
1,778,2.35805,-0.100255,1.49233,1,0.25,0.217391,0,0,0.5
0,778,-0.653724,-1.81568,-1.67715,0.125,0.1,0.0487805,0,0,0.6
0,778,-1.5762,1.69466,0.0899354,0.1,1,0.111111,1,0.333333,0.7
0,778,0.828465,-0.593484,0.253033,0.5,0.125,0.100917,0,0,0.8
0,778,0.346249,-0.439281,0.214786,0.333333,0.142857,0.122449,1,0.333333,0.9
0,778,-0.744517,-0.605759,-1.68353,0.111111,0.111111,0.0989011,0,0,1
1,779,2.86825,-1.23334,0.423705,1,0.111111,0.131783,1,1,0.1
0,779,0.242817,0.603924,2.03773,0.5,0.333333,0.142857,1,0,0.2
1,779,0.136133,-1.25706,-0.628539,0.333333,0.1,0.266667,1,1,0.3
0,779,-0.460888,0.679118,0.994114,0.166667,0.5,0.116505,1,1,0.4
0,779,-0.510675,0.324451,-0.409751,0.142857,0.2,0.305556,1,1,0.5
0,779,-0.625376,0.383917,-0.687809,0.111111,0.25,0.178571,1,0,0.6
0,779,-0.532873,2.13974,0.731985,0.125,1,0.190476,1,0,0.7
0,779,-0.637218,-0.285128,-1.67215,0.1,0.166667,0.162162,1,1,0.8
0,779,-0.354284,-0.330371,-0.409751,0.2,0.142857,0.333333,1,1,0.9
0,779,-0.125884,-1.02526,-0.379529,0.25,0.125,0.315789,1,1,1
1,780,0.108619,-0.822833,-1.03031,0.166667,0.111111,0.146341,0,0,0.1
0,780,-1.2107,0.171798,-0.516259,0.111111,0.25,0.0983607,0,0.166667,0.2
0,780,1.84118,-0.0343912,1.28631,1,0.2,0.166667,0,0,0.3
0,780,-1.2107,0.173141,-0.471771,0.1,0.333333,0.0983607,0,0.166667,0.4
0,780,0.465218,-0.125798,0.468214,0.333333,0.166667,0.116667,0,0,0.5
0,780,0.45283,-1.44814,-0.741038,0.25,0.1,0.0921053,0,0,0.6
1,780,1.08075,2.53497,2.09451,0.5,1,0.0512821,1,0,0.7
0,780,0.418041,-0.526259,-0.54585,0.2,0.125,0.153846,0,0,0.8
0,780,-1.04478,-0.432053,-1.04444,0.125,0.142857,0.111111,1,0,0.9
0,780,-0.900448,0.509563,0.500648,0.142857,0.5,0.0684932,0,0,1
0,781,-0.944673,-0.807502,-1.73083,0.111111,0.125,0.133333,0,0.166667,0.1
1,781,-1.03554,0.567491,-0.847093,0.1,0.25,0.142857,1,0,0.2
0,781,0.610694,0.523955,0.824516,0.333333,0.2,0.111111,1,0.166667,0.3
0,781,-0.883422,1.33998,0.628047,0.125,1,0.0561798,1,0.5,0.4
0,781,0.558762,-0.738032,-0.0532364,0.25,0.142857,0.114286,0,0.166667,0.5
0,781,-0.821463,-1.47391,-1.71537,0.142857,0.1,0.181818,1,0,0.6
1,781,2.04933,-1.35284,0.363541,1,0.111111,0.212766,1,0.666667,0.7
0,781,1.134,-0.216464,0.852956,0.5,0.166667,0.189189,1,0.5,0.8
0,781,-0.0286703,0.947032,0.824516,0.2,0.333333,0.0695652,0,0,0.9
0,781,-0.639016,1.21029,0.852956,0.166667,0.5,0.0581395,1,0.5,1
0,782,0.026458,0.19008,0.295124,0.2,0.2,0.102041,1,1.16667,0.1
0,782,1.2124,-0.820371,0.0478288,0.5,0.111111,0.0588235,0,0,0.2
1,782,-0.709211,-0.811626,-1.61349,0.142857,0.125,0.208333,1,1.16667,0.3
0,782,-0.0910735,-2.02902,-1.93892,0.166667,0.1,0.208333,1,1.16667,0.4
1,782,2.0656,-0.481966,1.21689,1,0.142857,0.157895,0,0,0.5
0,782,0.510893,-0.0967946,0.723315,0.333333,0.166667,0.101695,1,1.16667,0.6
0,782,0.136059,0.711959,1.10147,0.25,0.25,0.09375,1,1.16667,0.7
0,782,-1.00334,0.993481,-0.381563,0.111111,0.333333,0.0925926,1,1.16667,0.8
0,782,-0.79222,1.04594,0.40529,0.125,0.5,0.111111,1,1.16667,0.9
0,782,-1.35557,1.29832,0.144052,0.1,1,0.0869565,1,1.16667,1
0,783,-1.89898,0.441484,-0.653938,0.1,0.25,0.0138889,1,0.5,0.1
0,783,0.496697,1.33043,1.60304,0.333333,1,0.0416667,0,0,0.2
0,783,0.11942,0.332348,0.175563,0.25,0.166667,0.0697674,0,0,0.3
0,783,-0.313861,-0.822489,-0.92168,0.142857,0.125,0.027027,1,0.166667,0.4
1,783,1.38017,1.15006,1.595,0.5,0.5,0.075,1,0,0.5
0,783,-0.923662,-2.1824,-1.73871,0.111111,0.1,0.0666667,1,0.5,0.6
0,783,1.75482,-0.884076,0.280646,1,0.111111,0.0588235,1,0.5,0.7
0,783,-0.228783,0.441519,0.413181,0.166667,0.333333,0.0348837,0,0,0.8
1,783,-0.00558397,-0.192759,-0.271404,0.2,0.142857,0.130435,1,0.666667,0.9
0,783,-0.380245,0.385882,-0.481692,0.125,0.2,0.0428571,0,0,1
0,784,-0.369261,0.153997,0.160257,0.2,0.2,0.0769231,0,0,0.1
0,784,-0.974783,-0.206952,-1.05286,0.1,0.166667,0.0701754,1,0.666667,0.2
0,784,-0.682438,-0.453076,-1.07606,0.125,0.125,0.102041,1,0.666667,0.3
1,784,2.0897,1.39046,1.99784,1,1,0.0990099,1,0,0.4
0,784,-0.639576,1.38534,0.419981,0.142857,0.5,0.0632911,0,0.166667,0.5
0,784,-0.0673511,-1.86955,-0.621638,0.25,0.1,0.1875,1,0.666667,0.6
1,784,1.30028,-0.434302,0.419981,0.5,0.142857,0.126761,1,0.166667,0.7
0,784,0.859285,0.42314,0.823999,0.333333,0.25,0.150943,1,0.833333,0.8
0,784,-0.546679,0.789605,0.392773,0.166667,0.333333,0.0980392,0,0.166667,0.9
0,784,-0.969182,-1.17867,-1.46427,0.111111,0.111111,0.05,1,0.666667,1
0,785,-0.837181,-0.365991,-0.938759,0.142857,0.166667,0.0857143,1,0.333333,0.1
1,785,0.690593,-0.411824,0.3729,0.333333,0.142857,0.123288,1,0.333333,0.2
0,785,1.62887,-0.96987,0.919989,1,0.125,0.0927835,1,0.166667,0.3
0,785,-1.05091,0.609534,-0.477008,0.125,0.25,0.0492958,0,0,0.4
0,785,-1.09823,-0.00728163,-1.30148,0.111111,0.2,0.1,0,0,0.5
0,785,-0.207879,0.727205,0.784017,0.166667,0.333333,0.153846,1,0.333333,0.6
0,785,-1.17164,1.06096,-0.324546,0.1,0.5,0.0659341,0,0,0.7
0,785,1.50133,-1.34018,-0.324546,0.5,0.1,0.157895,1,0,0.8
0,785,0.131132,1.88013,2.1539,0.2,1,0.1875,0,0,0.9
1,785,0.413923,-1.18269,-0.864467,0.25,0.111111,0.125,1,0.166667,1
0,786,-0.567616,0.660142,0.234617,0.142857,0.333333,0.0384615,0,0.166667,0.1
0,786,-0.749626,0.325129,-1.58094,0.1,0.142857,0.0322581,0,0,0.2
1,786,2.74315,-1.00518,0.335051,1,0.111111,0.1,1,0,0.3
1,786,-0.604051,0.420434,-0.575071,0.125,0.2,0.0410959,1,0.166667,0.4
0,786,-0.370197,0.872443,1.05273,0.2,0.5,0.045977,0,0,0.5
0,786,0.282303,0.925941,1.9138,0.333333,1,0.0533333,0,0,0.6
0,786,-0.146951,-2.40958,-0.780708,0.25,0.1,0.15,1,0.166667,0.7
0,786,-0.681812,0.471051,-0.543896,0.111111,0.25,0.0333333,0,0,0.8
0,786,-0.461733,-0.673761,-0.841692,0.166667,0.125,0.0909091,0,0,0.9
0,786,0.556536,0.413384,0.786111,0.5,0.166667,0.1,0,0.166667,1
0,787,-0.747779,-0.791999,-1.05801,0.142857,0.142857,0.163934,0,0,0.1
0,787,-0.389265,2.00617,1.35605,0.166667,1,0.243902,0,0.166667,0.2
0,787,-0.789844,-0.113686,-0.373872,0.125,0.25,0.117647,0,0,0.3
0,787,-1.03741,0.592258,-0.324162,0.111111,0.333333,0.155172,0,0.166667,0.4
0,787,-0.195807,1.47977,1.31144,0.2,0.5,0.152778,0,0,0.5
1,787,1.21605,-1.02443,0.0406335,0.5,0.111111,0.12381,1,0.166667,0.6
1,787,2.06976,-0.796632,0.721075,1,0.125,0.193548,1,0.333333,0.7
0,787,0.279953,-1.02803,-0.972566,0.25,0.1,0.146341,0,0,0.8
0,787,0.699268,-0.135565,0.946644,0.333333,0.2,0.0813953,1,0.166667,0.9
0,787,-1.10493,-0.187854,-1.64723,0.1,0.166667,0.0909091,0,0,1
0,788,2.39028,0.737568,1.32828,1,0.333333,0.0816327,1,0.166667,0.1
0,788,-0.931085,-0.288916,-0.763704,0.125,0.142857,0.190476,0,0,0.2
1,788,0.777479,2.28159,1.53152,0.5,1,0.0789474,1,0.166667,0.3
0,788,-0.332233,-0.24983,-0.230409,0.166667,0.166667,0.0961538,1,0.333333,0.4
0,788,-1.0257,-0.940955,-1.10714,0.111111,0.125,0.0606061,0,0,0.5
1,788,0.101034,0.764512,0.921484,0.25,0.5,0.049505,0,0,0.6
0,788,0.554067,0.0963292,0.718243,0.333333,0.25,0.042735,1,0,0.7
0,788,-0.0882172,-1.27014,-0.732685,0.2,0.1,0.16129,1,0.333333,0.8
0,788,-1.09889,-0.997166,-1.4407,0.1,0.111111,0.0754717,1,0.333333,0.9
0,788,-0.346738,-0.132998,-0.224885,0.142857,0.2,0.0925926,0,0,1
1,789,1.93166,-1.75887,0.288143,1,0.1,0.255319,0,0,0.1
0,789,-0.88509,0.781893,-0.880271,0.125,0.25,0.113208,0,0,0.2
0,789,-1.34854,1.34946,0.288143,0.1,1,0.104167,1,0,0.3
0,789,1.34007,-0.984865,0.810689,0.5,0.125,0.263158,1,0.166667,0.4
1,789,-0.468596,0.912528,0.68815,0.142857,0.333333,0.107692,0,0,0.5
0,789,0.414573,-0.803907,-0.14391,0.25,0.142857,0.0842105,0,0,0.6
0,789,-0.358467,0.392285,-0.191692,0.166667,0.2,0.12963,0,0,0.7
0,789,-1.04251,0.918187,0.0956705,0.111111,0.5,0.09375,0,0,0.8
0,789,-0.0892669,-0.996105,-2.40175,0.2,0.111111,0.0588235,1,0,0.9
0,789,0.506162,0.189395,1.44683,0.333333,0.166667,0.205128,1,0.166667,1
0,790,-0.0871177,0.184535,0.868983,0.25,0.25,0.0865385,1,0,0.1
0,790,0.223268,-0.631949,0.0377335,0.5,0.111111,0.0967742,1,0.666667,0.2
0,790,-0.706807,-0.241725,-1.25571,0.111111,0.166667,0.151515,1,0.666667,0.3
0,790,-0.39187,-0.590947,-0.973701,0.166667,0.125,0.111111,1,0.666667,0.4
0,790,-0.639389,-0.322214,-1.27293,0.125,0.142857,0.111111,1,0.666667,0.5
0,790,-0.730337,1.26393,-0.23622,0.1,0.5,0.102941,0,0,0.6
1,790,-0.00453408,1.71412,2.21395,0.333333,1,0.153846,0,0,0.7
1,790,2.85542,-2.05618,0.113646,1,0.1,0.25,1,0,0.8
0,790,-0.431512,0.513445,0.271414,0.142857,0.333333,0.101266,1,0.666667,0.9
0,790,-0.0871177,0.166993,0.232832,0.2,0.2,0.0857143,1,0,1
0,791,-0.509534,-1.13752,-1.75211,0.125,0.111111,0.2,0,0.166667,0.1
0,791,-0.347895,-1.47235,-1.15951,0.2,0.1,0.153846,0,0.166667,0.2
0,791,-0.326198,-0.211197,0.230216,0.25,0.166667,0.184615,0,0,0.3
1,791,2.81386,-0.548776,0.91152,1,0.142857,0.107692,1,0,0.4
0,791,0.0164724,-0.976108,-0.0180542,0.333333,0.125,0.206349,0,0,0.5
0,791,-0.404495,0.369617,-0.0538909,0.142857,0.25,0.183333,0,0,0.6
1,791,-0.4032,1.45476,0.863442,0.166667,0.5,0.134831,1,0,0.7
0,791,-0.666924,0.167255,-0.8994,0.111111,0.2,0.171875,0,0,0.8
0,791,-0.722086,1.48325,0.107903,0.1,1,0.134328,0,0,0.9
0,791,0.550003,0.87107,1.76988,0.5,0.333333,0.12987,1,0,1
1,792,0.305555,1.43688,1.44257,0.25,1,0.05,0,0,0.1
0,792,1.14239,0.738921,1.17493,0.5,0.25,0.175,0,0,0.2
1,792,0.912716,-0.718545,-0.0145461,0.333333,0.125,0.184211,1,0.166667,0.3
0,792,-0.0112642,-1.32969,-1.17015,0.166667,0.1,0.0886076,0,0,0.4
0,792,-1.31027,1.41815,0.028865,0.111111,0.5,0.0882353,0,0,0.5
0,792,0.220089,-0.700721,-0.286738,0.2,0.142857,0.118644,0,0,0.6
0,792,-2.00314,-1.07315,-1.83695,0.1,0.111111,0.113636,0,0,0.7
0,792,1.32613,-0.391758,1.19925,1,0.2,0.123077,0,0,0.8
0,792,-0.46786,1.05344,-0.0145461,0.125,0.333333,0.0985915,0,0,0.9
0,792,-0.114354,-0.433522,-0.522684,0.142857,0.166667,0.176471,1,0.166667,1
0,793,-0.439066,0.632281,-0.0917992,0.142857,0.25,0.130435,1,0.666667,0.1
0,793,0.189904,-1.77054,-0.929935,0.333333,0.1,0.25,1,0.666667,0.2
0,793,-0.660587,1.2127,1.08299,0.125,1,0.121951,0,0,0.3
1,793,0.873967,-0.510529,0.986855,0.5,0.142857,0.230769,1,0.666667,0.4
0,793,2.52966,-0.899707,1.08299,1,0.125,0.121212,0,0,0.5
0,793,0.142336,-1.38876,-1.01763,0.25,0.111111,0.233333,1,0.666667,0.6
0,793,-0.736371,0.990494,0.0610277,0.111111,0.5,0.0609756,0,0,0.7
0,793,-0.349901,0.494261,-0.122279,0.2,0.166667,0.1,0,0,0.8
0,793,-0.397031,0.6521,0.922923,0.166667,0.333333,0.157895,1,0.666667,0.9
1,793,-1.15291,0.587703,-1.97514,0.1,0.2,0.0517241,1,0,1
0,794,-0.811586,0.912413,-0.791884,0.1,0.333333,0.0769231,1,0.666667,0.1
0,794,-0.621912,-0.0221507,-1.34102,0.166667,0.125,0.0945946,1,0.5,0.2
1,794,2.251,-1.70563,0.533817,1,0.111111,0.106383,0,0,0.3
0,794,-0.722926,0.981862,0.922213,0.125,1,0.0693069,1,0.5,0.4
0,794,0.0983537,0.92982,2.11532,0.25,0.5,0.0645161,0,0.166667,0.5
0,794,-0.795125,0.305809,-1.30462,0.111111,0.2,0.0895522,1,0.5,0.6
0,794,0.23446,0.063932,0.373801,0.333333,0.142857,0.15,0,0.166667,0.7
0,794,-0.389561,0.128112,-0.104126,0.2,0.166667,0.137255,1,1.16667,0.8
1,794,1.43447,-2.03088,-0.325331,0.5,0.1,0.131579,1,0.5,0.9
0,794,-0.67718,0.436714,-0.0781714,0.142857,0.25,0.112903,1,0.5,1
0,795,-0.0194628,0.847484,0.798744,0.2,0.5,0.131579,0,0,0.1
0,795,-0.952571,-1.35354,-1.57496,0.111111,0.1,0.190476,1,0.166667,0.2
0,795,-0.577375,-0.213578,-0.245843,0.142857,0.2,0.120482,1,0.166667,0.3
0,795,1.80783,-0.270874,0.62966,1,0.142857,0.224138,0,0,0.4
1,795,1.79719,0.728377,1.00736,0.5,0.25,0.123457,0,0,0.5
0,795,-0.898527,-1.33234,-1.21032,0.125,0.111111,0.145161,1,0.166667,0.6
0,795,-0.391097,-0.878895,-0.638621,0.166667,0.125,0.121951,1,0.166667,0.7
0,795,0.107658,1.88781,1.23683,0.25,1,0.116667,1,0,0.8
1,795,0.236678,0.801359,1.00042,0.333333,0.333333,0.136986,0,0,0.9
0,795,-1.11032,-0.215797,-1.00326,0.1,0.166667,0.1,0,0,1
1,796,-0.541238,1.35419,0.415461,0.142857,0.5,0.0757576,0,0,0.1
0,796,-0.139149,-0.399539,-0.0514788,0.2,0.166667,0.107692,0,0,0.2
0,796,1.96733,-0.256589,1.28401,1,0.25,0.172414,0,0,0.3
0,796,0.243278,-0.337309,0.375107,0.25,0.2,0.0555556,0,0,0.4
1,796,1.45159,1.54029,1.73812,0.5,1,0.147059,1,0,0.5
0,796,0.459279,-0.564215,-0.204965,0.333333,0.111111,0.0891089,0,0,0.6
0,796,-0.358573,-0.461299,-0.465233,0.166667,0.142857,0.0648148,0,0,0.7
0,796,-1.11958,-1.72332,-1.63504,0.111111,0.1,0.185185,0,0,0.8
0,796,-0.725052,1.31666,-0.0129473,0.125,0.333333,0.103448,0,0,0.9
0,796,-1.23788,-0.468871,-1.44303,0.1,0.125,0.142857,0,0,1
1,797,0.280893,-1.04177,-0.256577,0.333333,0.111111,0.136364,1,0.5,0.1
0,797,-0.602253,0.0283077,-1.3038,0.1,0.166667,0.137255,0,0,0.2
0,797,-0.519595,-0.1521,-1.33252,0.125,0.125,0.2,0,0,0.3
0,797,-0.555829,1.40869,0.330367,0.111111,1,0.102564,1,0.5,0.4
0,797,-0.428912,-2.32563,-0.769794,0.25,0.1,0.129032,1,0.5,0.5
0,797,0.414611,0.629028,1.58884,0.5,0.333333,0.183673,0,0,0.6
0,797,-0.439279,0.249998,0.198452,0.2,0.2,0.285714,0,0,0.7
1,797,2.82112,0.364722,1.60733,1,0.25,0.242424,1,0.5,0.8
0,797,-0.504248,0.946101,0.520076,0.142857,0.5,0.181818,0,0,0.9
0,797,-0.466512,-0.107354,-0.582381,0.166667,0.142857,0.205128,0,0,1
0,798,-0.750734,-0.992896,-1.23693,0.125,0.125,0.0731707,0,0,0.1
0,798,0.212656,-0.546952,-0.0449081,0.25,0.142857,0.0684932,0,0.333333,0.2
0,798,-0.940211,1.71255,0.0899171,0.1,1,0.0265487,0,0.333333,0.3
1,798,0.623958,1.2841,1.47487,0.333333,0.5,0.0277778,1,0.166667,0.4
1,798,-0.530537,-1.2976,-0.966235,0.2,0.1,0.173913,1,0.166667,0.5
0,798,2.04704,0.691817,1.75168,1,0.333333,0.0833333,0,0,0.6
0,798,-0.62422,0.0342674,-0.0598188,0.166667,0.2,0.0754717,0,0,0.7
0,798,1.4604,-0.421921,0.719519,0.5,0.166667,0.0821918,0,0,0.8
0,798,-0.725844,-1.14938,-1.23027,0.142857,0.111111,0.0697674,1,0.5,0.9
0,798,-0.772504,0.68602,-0.497822,0.111111,0.25,0.027972,1,0.166667,1
0,799,-0.0781455,-0.88095,-1.88643,0.166667,0.111111,0.0806452,1,0.666667,0.1
0,799,0.262621,-0.46908,-0.0285662,0.333333,0.125,0.113636,1,0.666667,0.2
1,799,2.39055,-2.15584,0.170729,1,0.1,0.0352941,1,0,0.3
0,799,0.404721,-0.336164,0.916651,0.5,0.142857,0.034965,0,0,0.4
0,799,-0.139961,0.413184,-0.0852687,0.142857,0.25,0.047619,0,0,0.5
0,799,-1.64897,0.645553,-0.86378,0.1,0.333333,0.0425532,1,0.666667,0.6
0,799,0.220324,0.0308697,0.364259,0.25,0.166667,0.0862069,0,0,0.7
1,799,-0.95153,1.61663,0.582284,0.111111,1,0.0425532,1,0.666667,0.8
0,799,-0.582049,0.122762,-0.999413,0.125,0.2,0.0431034,1,0.666667,0.9
0,799,0.12244,1.01304,1.82954,0.2,0.5,0.0754717,0,0,1
1,800,1.26202,-0.415774,0.360716,0.5,0.125,0.118421,1,0.166667,0.1
0,800,-0.566199,1.25985,1.08306,0.142857,1,0.118644,1,1,0.2
0,800,0.518992,-0.361208,0.306193,0.333333,0.142857,0.0909091,1,0.166667,0.3
0,800,-0.790848,0.944874,-0.648657,0.1,0.333333,0.0983607,1,1,0.4
0,800,-0.533425,0.913247,0.621501,0.2,0.25,0.111111,1,1,0.5
0,800,-0.746526,-0.335008,-1.41662,0.111111,0.166667,0.176471,1,1,0.6
0,800,-0.563081,1.08497,1.02593,0.166667,0.5,0.107143,1,1,0.7
0,800,-0.742548,-1.28146,-2.08184,0.125,0.111111,0.130435,1,1,0.8
0,800,-0.173257,0.0476126,0.621501,0.25,0.2,0.117647,1,1,0.9
1,800,2.33488,-1.8571,0.128209,1,0.1,0.121622,1,0,1
1,801,2.09572,-0.372912,0.725695,1,0.142857,0.154762,1,0,0.1
0,801,-0.58856,-0.441624,-0.96221,0.142857,0.125,0.123457,0,0,0.2
0,801,-0.916494,0.329428,-0.434628,0.1,0.333333,0.0952381,0,0,0.3
0,801,-0.235251,-1.92733,-0.682694,0.25,0.1,0.129412,0,0,0.4
1,801,1.6875,2.22221,1.9296,0.5,1,0.133333,0,0,0.5
0,801,-0.791434,-0.201062,-0.949194,0.111111,0.166667,0.1,0,0,0.6
0,801,-0.615689,-0.539295,-1.39492,0.125,0.111111,0.106383,0,0.166667,0.7
0,801,0.282347,0.157423,0.904932,0.333333,0.25,0.108911,0,0,0.8
0,801,-0.536376,0.739878,0.687419,0.166667,0.5,0.106383,0,0,0.9
0,801,-0.381761,0.0332803,0.175998,0.2,0.2,0.13253,0,0.166667,1
0,802,-0.238889,0.313174,-0.114412,0.2,0.166667,0.0917431,1,1,0.1
0,802,-0.448581,0.838635,1.45281,0.142857,1,0.176471,1,1,0.2
0,802,-0.823802,0.76598,-0.357468,0.1,0.5,0.102941,1,1,0.3
1,802,2.81667,-2.43146,0.171979,1,0.1,0.211268,1,0,0.4
0,802,0.149037,0.0713659,0.410726,0.333333,0.142857,0.175439,1,1,0.5
1,802,0.32666,-1.11954,0.0571015,0.5,0.111111,0.11,1,1,0.6
0,802,-0.340336,0.481572,-0.114412,0.166667,0.2,0.0762712,0,0,0.7
0,802,-0.802558,0.75889,-0.455538,0.111111,0.333333,0.103896,1,1,0.8
0,802,-0.454964,-0.378743,-2.36581,0.125,0.125,0.0957447,1,1,0.9
0,802,-0.183239,0.700124,1.31502,0.25,0.25,0.0672269,1,0,1
0,803,0.420336,0.994961,1.4323,0.333333,0.5,0.0884956,1,0,0.1
0,803,-0.470208,0.581082,0.208545,0.142857,0.333333,0.0442804,0,0,0.2
0,803,-0.552626,-0.524003,-1.41792,0.125,0.111111,0.166667,0,0,0.3
0,803,-1.04143,-0.15247,-0.727852,0.111111,0.2,0.14,1,0,0.4
1,803,0.0181685,-0.344914,-0.28801,0.2,0.142857,0.111111,0,0,0.5
0,803,0.0670156,1.9291,1.44897,0.25,1,0.115942,0,0,0.6
0,803,-1.0701,-0.416126,-1.62841,0.1,0.125,0.189189,0,0,0.7
0,803,0.437925,-0.173741,0.698753,0.5,0.166667,0.0780142,0,0,0.8
0,803,-0.399603,0.179434,0.186306,0.166667,0.25,0.0580645,0,0,0.9
1,803,2.59053,-2.07332,0.0873219,1,0.1,0.131579,1,0,1
0,804,-0.842639,-0.655257,-1.40338,0.125,0.125,0.0672269,0,0,0.1
0,804,-0.723093,-0.775395,-1.37313,0.166667,0.1,0.0833333,0,0,0.2
1,804,1.22201,0.826489,1.97743,0.5,0.5,0.142857,1,0.333333,0.3
0,804,0.997498,-0.77002,-0.270221,0.333333,0.111111,0.0542169,0,0,0.4
0,804,0.601099,-0.521912,-0.0509512,0.25,0.142857,0.0989011,0,0,0.5
0,804,1.73076,-0.490941,1.13041,1,0.166667,0.1,1,0.333333,0.6
1,804,-1.01444,2.64414,0.347936,0.111111,1,0.0606061,1,0,0.7
0,804,-0.050645,-0.409174,0.209006,0.2,0.2,0.112676,0,0,0.8
0,804,-0.80859,0.144908,0.243639,0.142857,0.333333,0.0769231,0,0,0.9
0,804,-1.11196,0.00715857,-0.810731,0.1,0.25,0.0776699,1,0.333333,1
0,805,-0.656403,0.175214,-0.551377,0.125,0.2,0.107143,0,0,0.1
1,805,-0.631635,2.17892,0.79569,0.142857,1,0.0632911,1,0,0.2
0,805,0.823974,0.506188,1.26421,0.333333,0.333333,0.0784314,0,0,0.3
0,805,-0.877883,-1.09305,-1.76319,0.111111,0.111111,0.0714286,0,0.166667,0.4
0,805,-0.168039,-0.311495,-0.0626623,0.2,0.166667,0.103448,0,0,0.5
1,805,2.26585,-0.720301,0.554979,1,0.125,0.126582,1,0.5,0.6
0,805,0.0250675,0.850379,1.27298,0.25,0.5,0.101449,0,0.166667,0.7
0,805,-0.503155,-1.3852,-1.2678,0.166667,0.1,0.0729167,1,0.5,0.8
0,805,0.925511,-0.596664,0.505717,0.5,0.142857,0.148936,1,0.333333,0.9
0,805,-1.20328,0.396016,-0.748541,0.1,0.25,0.0595238,0,0,1
0,806,-0.497882,0.0299419,-0.0994692,0.166667,0.2,0.125,1,0.666667,0.1
0,806,-0.206775,-0.0913738,-0.074675,0.25,0.142857,0.0888889,1,0.666667,0.2
0,806,-0.302885,1.11927,2.06254,0.2,1,0.0701754,0,0,0.3
1,806,2.87913,-2.2837,0.149518,1,0.1,0.0724638,0,0,0.4
0,806,-0.538594,0.933863,-0.0250172,0.125,0.333333,0.0731707,1,0.666667,0.5
0,806,-0.546324,0.745798,-0.827799,0.111111,0.25,0.06,1,0.666667,0.6
1,806,-0.0807083,-0.0694203,0.750761,0.333333,0.166667,0.0727273,1,0.833333,0.7
0,806,-0.57667,0.98493,-0.31078,0.1,0.5,0.0645161,0,0,0.8
0,806,-0.507512,-0.98629,-2.04574,0.142857,0.111111,0.0857143,1,0.166667,0.9
0,806,0.378221,-0.383019,0.420668,0.5,0.125,0.0740741,0,0,1
0,807,-0.37306,-1.32103,-1.72784,0.142857,0.1,0.025974,1,0.833333,0.1
1,807,1.06409,-0.251265,0.859153,0.5,0.166667,0.0434783,1,0,0.2
1,807,2.13173,-1.28287,0.366183,1,0.111111,0.133333,1,0.833333,0.3
0,807,-1.261,0.511885,-0.594432,0.111111,0.25,0.0555556,1,0.833333,0.4
0,807,0.243167,1.39462,1.45105,0.25,0.5,0.0491803,0,0,0.5
0,807,0.377458,0.114286,0.830506,0.333333,0.2,0.04,1,0.833333,0.6
0,807,-0.265831,-1.08596,-0.919898,0.166667,0.125,0.025,1,0.833333,0.7
0,807,-1.39293,1.67577,0.107367,0.1,1,0.0540541,0,0,0.8
0,807,0.0878398,0.515054,0.830506,0.2,0.333333,0.03,0,0,0.9
0,807,-0.611478,-0.270496,-1.20259,0.125,0.142857,0.0196078,1,0.833333,1
0,808,-0.139757,-0.925013,-0.602592,0.2,0.125,0.267857,1,0.833333,0.1
1,808,2.74264,-0.376605,0.869598,1,0.142857,0.24,0,0,0.2
1,808,0.206946,0.399334,1.38163,0.333333,0.333333,0.283019,1,0.833333,0.3
0,808,-0.476447,0.379848,-0.0684827,0.166667,0.2,0.214286,1,0.833333,0.4
0,808,0.476266,-1.86302,-0.213966,0.5,0.1,0.384615,1,0.833333,0.5
0,808,-0.722183,0.383536,-0.314481,0.125,0.25,0.245614,1,0.833333,0.6
0,808,-0.803211,0.211696,-1.38556,0.1,0.166667,0.26,0,0.166667,0.7
0,808,-0.0413207,1.7314,1.70813,0.25,1,0.183099,1,0,0.8
0,808,-0.519258,-0.979676,-1.40846,0.142857,0.111111,0.318182,1,0.833333,0.9
0,808,-0.723674,1.0385,0.0341787,0.111111,0.5,0.25,0,0.166667,1
0,809,-0.600328,0.632333,0.384323,0.142857,0.333333,0.12,0,0,0.1
0,809,-0.934859,0.592003,-1.72926,0.1,0.2,0.0438596,0,0,0.2
0,809,-0.203343,0.456359,0.343339,0.25,0.166667,0.137255,0,0,0.3
1,809,-0.389881,-0.200393,-1.37877,0.166667,0.125,0.208333,1,0.333333,0.4
0,809,1.66908,-1.50536,0.0534308,0.5,0.111111,0.204082,1,0.333333,0.5
0,809,-0.902812,0.625049,-0.890949,0.111111,0.25,0.0847458,0,0,0.6
0,809,-0.350652,0.648033,1.72447,0.2,0.5,0.101449,0,0,0.7
1,809,1.89853,-2.30144,0.160924,1,0.1,0.15873,1,0,0.8
0,809,-0.876053,0.717822,0.948172,0.125,1,0.108696,0,0,0.9
0,809,0.690311,0.335594,0.384323,0.333333,0.142857,0.145455,1,0.333333,1
1,810,1.61517,0.492215,1.28765,1,0.25,0.0888889,1,0,0.1
0,810,-0.0439883,-0.771614,-0.646817,0.2,0.111111,0.106383,1,0.666667,0.2
0,810,-0.902069,-2.19754,-1.44711,0.125,0.1,0.190476,1,0.666667,0.3
0,810,-0.0618881,0.127994,-0.262231,0.166667,0.166667,0.0537634,0,0,0.4
0,810,0.553924,1.19786,1.51173,0.333333,1,0.0434783,0,0,0.5
0,810,-1.47599,-0.633133,-1.44711,0.1,0.125,0.046875,1,0,0.6
0,810,1.43571,-0.562518,0.416638,0.5,0.142857,0.139535,1,0.666667,0.7
1,810,-0.297025,0.3442,-0.255944,0.142857,0.2,0.056338,1,0.666667,0.8
0,810,0.481807,1.1446,1.04875,0.25,0.5,0.0649351,0,0,0.9
0,810,-1.30565,0.857936,-0.205546,0.111111,0.333333,0.0555556,1,0.666667,1
0,811,-0.306274,-0.278675,-0.332213,0.2,0.142857,0.047619,1,0.833333,0.1
0,811,-0.401363,-1.49859,-1.35573,0.166667,0.1,0.171429,1,0.833333,0.2
0,811,-0.109517,-1.32226,-0.557654,0.25,0.111111,0.0886076,1,0.833333,0.3
1,811,-0.0779142,-1.15397,-0.0168531,0.333333,0.125,0.0769231,1,0.833333,0.4
0,811,-0.837595,1.04496,-0.20936,0.1,0.5,0.0704225,0,0,0.5
0,811,-0.469124,1.27926,0.850875,0.142857,1,0.142857,0,0,0.6
0,811,-0.614955,-0.2129,-0.862983,0.125,0.166667,0.0857143,1,0.833333,0.7
1,811,2.71535,0.825982,1.67135,1,0.25,0.0869565,0,0.166667,0.8
0,811,-0.673514,0.28772,-0.839562,0.111111,0.2,0.0740741,1,0.833333,0.9
0,811,0.774906,1.02847,1.65213,0.5,0.333333,0.111111,0,0.166667,1
0,812,-0.923425,1.47267,1.79959,0.125,1,0.184615,0,0.166667,0.1
0,812,-0.437621,0.481203,0.729429,0.142857,0.333333,0.188406,1,0.666667,0.2
0,812,0.711256,-0.748891,-0.809013,0.333333,0.111111,0.176471,1,0.833333,0.3
0,812,-1.28012,1.13198,-0.634845,0.1,0.5,0.147541,0,0,0.4
0,812,-0.288563,0.386626,-0.20319,0.166667,0.2,0.179487,0,0,0.5
0,812,-1.0643,0.474729,-1.69098,0.111111,0.25,0.11236,1,0.5,0.6
0,812,2.20378,-2.2088,0.305427,1,0.1,0.378378,1,0.166667,0.7
0,812,-0.082792,-0.254387,-1.00738,0.2,0.142857,0.17284,1,0.333333,0.8
1,812,0.749439,-0.658166,0.859319,0.5,0.125,0.304348,0,0.333333,0.9
1,812,0.412354,-0.0769729,0.651644,0.25,0.166667,0.232143,1,0.666667,1
0,813,-1.12943,-0.333764,-1.318,0.1,0.142857,0.162791,0,0.166667,0.1
1,813,1.62119,-0.823945,0.230425,0.5,0.125,0.183099,0,0,0.2
0,813,-0.724539,-0.857786,-1.53311,0.111111,0.111111,0.181818,1,0.5,0.3
0,813,-0.290536,0.979364,0.877643,0.2,0.5,0.138462,1,0.5,0.4
0,813,-0.659953,0.969066,-0.0137034,0.125,0.333333,0.131148,1,0.333333,0.5
1,813,2.14608,1.47994,2.09176,1,1,0.119403,1,0,0.6
0,813,-0.297219,-0.0826818,-0.276762,0.166667,0.166667,0.0967742,0,0,0.7
0,813,-0.184679,0.404232,0.626237,0.25,0.25,0.0825688,1,0.666667,0.8
0,813,-0.562537,0.297061,-0.270127,0.142857,0.2,0.107143,1,0.5,0.9
0,813,0.0816166,-2.03149,-0.414362,0.333333,0.1,0.0925926,0,0,1
0,814,0.11608,-0.236508,0.824535,0.333333,0.166667,0.189189,0,0.166667,0.1
0,814,-0.0152483,-1.23002,-0.909144,0.25,0.111111,0.135593,0,0,0.2
0,814,-0.708434,1.61546,0.967535,0.125,1,0.118644,0,0.333333,0.3
0,814,-0.139536,-1.36383,-1.76458,0.2,0.1,0.152174,0,0.333333,0.4
0,814,-0.678943,1.10605,0.881652,0.142857,0.5,0.109375,0,0.333333,0.5
0,814,-1.04747,0.824961,-0.8308,0.1,0.333333,0.122449,0,0,0.6
0,814,1.07794,-1.07342,0.462005,0.5,0.125,0.2,0,0.333333,0.7
1,814,2.46995,-0.638438,1.38718,1,0.142857,0.3,0,0.666667,0.8
0,814,-0.354011,0.467471,-0.109244,0.166667,0.2,0.103896,0,0.5,0.9
1,814,-0.720332,0.528281,-0.909144,0.111111,0.25,0.08,0,0.666667,1
0,815,0.140932,-0.241023,0.38576,0.333333,0.142857,0.177778,1,0.333333,0.1
0,815,-0.632834,-0.97652,-2.222,0.125,0.125,0.21875,1,0.333333,0.2
1,815,1.54614,-1.18715,0.0536305,0.5,0.111111,0.183333,0,0,0.3
0,815,-0.432708,1.4059,1.73091,0.2,0.5,0.0833333,0,0,0.4
0,815,-0.523382,0.332326,-0.0806722,0.142857,0.25,0.108108,0,0,0.5
0,815,-0.36647,0.300498,0.783004,0.25,0.2,0.156863,0,0,0.6
0,815,-0.85016,0.429205,-0.817217,0.1,0.333333,0.109091,0,0,0.7
1,815,2.27763,-1.62519,0.161526,1,0.1,0.192308,0,0,0.8
0,815,-0.503806,-0.0425502,-0.545838,0.166667,0.166667,0.111111,0,0,0.9
0,815,-0.655339,1.60451,0.550895,0.111111,1,0.0526316,1,0.333333,1
0,816,-0.751405,-0.484346,-1.02896,0.125,0.142857,0.186047,0,0,0.1
0,816,-1.12265,-0.549753,-1.71314,0.1,0.125,0.122449,0,0,0.2
0,816,-0.508289,-0.350037,-0.310438,0.166667,0.166667,0.0918367,0,0,0.3
0,816,-0.471119,0.115305,0.188208,0.2,0.2,0.0989011,0,0,0.4
0,816,0.362263,-1.75008,-0.730057,0.25,0.1,0.111111,0,0,0.5
0,816,-0.519451,0.782023,0.219395,0.142857,0.333333,0.140351,0,0,0.6
1,816,1.35664,-0.964791,0.0305016,0.5,0.111111,0.217391,0,0,0.7
0,816,-1.00883,1.60631,0.313314,0.111111,1,0.1,0,0,0.8
0,816,0.664313,0.13838,0.967713,0.333333,0.25,0.166667,1,0,0.9
1,816,1.99854,1.45699,2.06347,1,0.5,0.0803571,1,0,1
0,817,0.697075,1.57656,1.79463,0.333333,1,0.192308,0,0,0.1
0,817,-0.915619,-0.412416,-1.03183,0.125,0.142857,0.106383,1,0.833333,0.2
0,817,-1.72229,-0.372272,-1.23994,0.1,0.166667,0.0454545,0,0,0.3
0,817,1.15627,-0.526194,0.542784,1,0.125,0.148936,1,0.333333,0.4
0,817,-0.653576,-1.60069,-1.4825,0.142857,0.1,0.0769231,1,0.5,0.5
0,817,0.616628,-0.316932,0.188733,0.2,0.2,0.134615,0,0.5,0.6
0,817,0.6434,1.35767,1.24501,0.25,0.5,0.185185,0,0.5,0.7
0,817,0.981193,-1.09126,0.0305866,0.5,0.111111,0.084507,1,0.666667,0.8
1,817,-1.36744,1.06172,-0.244011,0.111111,0.333333,0.0655738,1,0,0.9
1,817,0.564353,0.323818,0.196546,0.166667,0.25,0.15,1,0,1
0,818,0.564494,1.01617,1.08707,0.25,0.333333,0.0515464,0,0,0.1
0,818,-0.873861,-0.42962,-0.62044,0.142857,0.166667,0.0769231,0,0,0.2
0,818,-0.916653,-0.94879,-1.4196,0.125,0.125,0.0714286,0,0,0.3
0,818,1.72819,0.408981,1.71237,1,0.25,0.078125,1,0.166667,0.4
1,818,0.833487,0.169496,0.798243,0.333333,0.2,0.0555556,1,0.166667,0.5
0,818,1.29091,-0.826304,0.554063,0.5,0.142857,0.0813953,0,0,0.6
0,818,-0.370521,-1.06673,-1.14024,0.166667,0.111111,0.104167,0,0,0.7
1,818,0.0204549,-1.24412,-1.10893,0.2,0.1,0.101695,1,0,0.8
0,818,-1.11918,1.29887,0.0342636,0.111111,0.5,0.0533333,0,0,0.9
0,818,-1.15732,1.62205,0.103196,0.1,1,0.047619,0,0,1
0,819,-0.324042,1.07749,1.66475,0.2,0.5,0.0759494,0,0.166667,0.1
0,819,-0.583661,0.560566,-0.0775885,0.142857,0.25,0.0704225,0,0,0.2
0,819,-0.746356,0.872024,-0.0259933,0.125,0.333333,0.0480769,0,0,0.3
0,819,-1.20602,1.14632,0.155351,0.1,1,0.0857143,0,0.166667,0.4
0,819,1.11836,0.166144,1.24313,0.5,0.166667,0.0985915,0,0,0.5
0,819,-1.1316,-0.264529,-2.12556,0.111111,0.142857,0.157895,0,0,0.6
0,819,0.551488,-0.362429,-0.474596,0.25,0.125,0.0909091,0,0,0.7
1,819,0.786458,-1.8121,-0.785979,0.333333,0.1,0.12069,0,0.166667,0.8
0,819,-0.438588,0.303418,-0.10335,0.166667,0.2,0.0631579,0,0.166667,0.9
1,819,1.97397,-1.6869,0.529837,1,0.111111,0.184211,0,0,1
0,820,-0.50494,-0.875777,-1.19114,0.142857,0.125,0.148936,0,0,0.1
0,820,0.422311,-0.296899,0.515511,0.25,0.2,0.126984,0,0,0.2
0,820,-1.08377,0.691227,-0.281685,0.111111,0.333333,0.0833333,0,0,0.3
0,820,0.247807,-0.444064,-0.0707475,0.2,0.166667,0.109589,0,0,0.4
0,820,1.52684,-1.01595,0.0353091,0.5,0.111111,0.075188,0,0,0.5
0,820,-0.319605,-0.631585,-0.639371,0.166667,0.142857,0.109375,0,0,0.6
0,820,-0.920174,0.347247,-0.324881,0.125,0.25,0.0522388,0,0,0.7
1,820,-1.47713,1.43549,-0.221043,0.1,0.5,0.121951,0,0,0.8
1,820,1.62243,1.90269,2.71609,1,1,0.129032,1,0,0.9
0,820,0.486229,-1.11238,-0.538037,0.333333,0.1,0.128571,0,0,1
0,821,0.998939,0.55828,1.05152,0.333333,0.25,0.0505051,0,0,0.1
0,821,-1.20182,0.43521,-1.34357,0.1,0.166667,0.0446429,1,1.16667,0.2
0,821,0.558274,0.809971,1.06968,0.2,0.5,0.0645161,0,0,0.3
0,821,-0.764733,0.875634,1.10607,0.166667,1,0.0462963,1,1.16667,0.4
0,821,-0.799051,-0.99449,-1.11807,0.142857,0.125,0.111111,1,1.16667,0.5
0,821,-1.09556,0.38378,-1.36577,0.111111,0.142857,0.0378788,1,1.16667,0.6
0,821,-1.01269,0.504683,-0.584331,0.125,0.2,0.0615385,1,1.16667,0.7
1,821,1.1288,-2.24127,-0.207482,0.5,0.1,0.101695,1,1.16667,0.8
1,821,1.34833,-1.06223,0.340446,1,0.111111,0.0985915,1,1.16667,0.9
0,821,0.839509,0.730426,1.05152,0.25,0.333333,0.0652174,1,1.16667,1
0,822,-0.782014,1.99781,1.2892,0.142857,1,0.0952381,0,0,0.1
0,822,-0.781099,0.167346,-0.101527,0.166667,0.2,0.0625,0,0,0.2
0,822,-0.812024,0.35283,-0.844926,0.111111,0.25,0.0655738,0,0,0.3
0,822,1.24567,-1.86399,-0.31721,0.5,0.1,0.166667,0,0,0.4
0,822,-0.923489,0.0647394,-2.05413,0.1,0.166667,0.0491803,1,0.833333,0.5
0,822,-0.734522,-0.377426,-0.503351,0.2,0.142857,0.0727273,0,0.166667,0.6
0,822,1.59923,-1.11396,0.520492,1,0.111111,0.0632911,1,0.333333,0.7
1,822,0.864806,0.531663,1.60761,0.25,0.333333,0.0508475,1,0.333333,0.8
1,822,1.11492,-0.463707,-0.0255348,0.333333,0.125,0.131579,1,0.333333,0.9
0,822,-0.791477,0.704694,0.429372,0.125,0.5,0.0645161,1,0.333333,1
0,823,-0.271682,0.368463,-0.143816,0.2,0.166667,0.12,0,0.166667,0.1
0,823,-0.531908,0.462809,-0.0361707,0.125,0.333333,0.125,0,0,0.2
0,823,-0.73789,0.851775,-0.449336,0.1,0.5,0.0941176,0,0,0.3
1,823,-0.0902176,0.459092,2.27722,0.333333,0.25,0.128713,0,0,0.4
1,823,2.88232,-2.55184,0.216178,1,0.1,0.224138,1,0,0.5
0,823,-0.285672,0.127097,-1.29972,0.166667,0.142857,0.152778,0,0,0.6
0,823,-0.149675,-0.907781,-1.19686,0.25,0.111111,0.157143,0,0,0.7
0,823,0.272341,-0.282409,0.608215,0.5,0.125,0.1875,0,0,0.8
0,823,-0.625177,1.05051,0.73729,0.111111,1,0.138889,0,0,0.9
0,823,-0.462438,0.422286,-0.713009,0.142857,0.2,0.117647,0,0.166667,1
0,824,-0.147941,-0.157415,-0.117459,0.25,0.142857,0.155844,0,0,0.1
0,824,-0.544191,1.06484,1.2627,0.142857,0.5,0.137255,0,0,0.2
0,824,-0.357885,0.59211,1.1809,0.166667,0.333333,0.115789,0,0,0.3
0,824,-0.657616,0.0677477,-1.37671,0.125,0.2,0.16,0,0,0.4
1,824,0.856799,-0.93201,0.0780861,0.5,0.111111,0.222222,0,0,0.5
0,824,0.133105,-0.114683,1.1809,0.333333,0.166667,0.130435,1,0,0.6
0,824,-0.716539,0.341777,-1.30207,0.111111,0.25,0.101266,0,0,0.7
0,824,-0.886096,1.54875,0.235182,0.1,1,0.101266,0,0,0.8
0,824,-0.319509,-0.161002,-1.37671,0.2,0.125,0.2,0,0,0.9
1,824,2.63987,-2.25011,0.235182,1,0.1,0.339286,0,0,1
1,825,0.863723,-0.312613,0.630712,0.333333,0.166667,0.0816327,1,0.5,0.1
0,825,-0.126468,-1.24984,-1.69068,0.166667,0.1,0.0612245,1,0.5,0.2
0,825,-0.582712,0.251342,-0.383735,0.125,0.25,0.0410959,1,0.5,0.3
0,825,1.45268,-0.388724,1.0611,1,0.142857,0.0789474,1,0.166667,0.4
0,825,0.879587,-0.134682,1.34604,0.5,0.2,0.0909091,0,0.166667,0.5
0,825,0.279445,0.374708,0.971617,0.2,0.333333,0.0634921,0,0.166667,0.6
1,825,0.720121,-1.08095,-0.695432,0.25,0.111111,0.0416667,1,0.166667,0.7
0,825,-0.207765,-0.913213,-1.40693,0.142857,0.125,0.06,1,0.5,0.8
0,825,-1.63931,1.72698,0.4284,0.111111,1,0,0,0,0.9
0,825,-1.63931,1.72698,-0.261085,0.1,0.5,0,0,0,1
0,826,-1.16706,0.469197,-1.8783,0.1,0.2,0.105263,0,0,0.1
0,826,-0.288117,0.821743,1.3987,0.166667,0.5,0.117647,0,0,0.2
0,826,-0.598098,0.570638,-0.0292463,0.125,0.333333,0.12766,0,0,0.3
1,826,1.76163,-1.54825,0.0580357,0.5,0.111111,0.1625,1,0.166667,0.4
1,826,0.537916,-1.83132,-0.884343,0.333333,0.1,0.232558,1,0.333333,0.5
0,826,-0.501411,0.469465,-0.0872986,0.142857,0.25,0.173077,1,0.166667,0.6
0,826,1.7976,-0.22695,1.47658,1,0.142857,0.186441,1,0.166667,0.7
0,826,-0.238689,-0.616155,-1.0232,0.2,0.125,0.109589,1,0.166667,0.8
0,826,-1.10735,1.4878,0.596145,0.111111,1,0.0875,0,0,0.9
0,826,-0.19643,0.403828,0.37293,0.25,0.166667,0.147059,0,0,1
0,827,-1.3103,1.3667,-0.256038,0.1,0.5,0.0632911,0,0,0.1
0,827,-0.440594,0.757596,0.294185,0.142857,0.333333,0.0619469,0,0,0.2
0,827,0.191705,-0.823428,-0.681988,0.25,0.111111,0.0559441,0,0,0.3
1,827,0.248009,1.50655,2.3997,0.333333,1,0.16129,0,0,0.4
0,827,0.00851563,0.052563,0.252366,0.2,0.2,0.0754717,0,0,0.5
0,827,-0.400685,-0.708809,-1.05539,0.166667,0.125,0.148936,0,0,0.6
1,827,2.51026,-1.81604,0.123181,1,0.1,0.164179,1,0.333333,0.7
0,827,0.66609,-0.689037,0.661365,0.5,0.142857,0.205128,1,0.333333,0.8
0,827,-0.745613,-0.190406,-1.36106,0.111111,0.166667,0.105263,1,0.333333,0.9
0,827,-0.72739,0.544317,-0.376317,0.125,0.25,0.0631579,0,0,1
0,828,-0.684967,-1.02748,-1.46944,0.142857,0.111111,0.0645161,0,0,0.1
0,828,0.931951,0.24404,0.830744,0.333333,0.2,0.0886076,0,0,0.2
0,828,-0.0444765,-0.099231,0.229138,0.25,0.166667,0.0704225,0,0,0.3
0,828,-0.957137,0.312518,-0.594602,0.111111,0.25,0.0350877,0,0,0.4
0,828,-0.750542,-0.150141,-1.20294,0.125,0.142857,0.117647,0,0,0.5
0,828,-0.262084,-0.587623,-0.920162,0.166667,0.125,0.0520833,1,0,0.6
0,828,1.49748,0.548428,1.76159,0.5,0.333333,0.0769231,0,0,0.7
0,828,-0.256235,1.37482,1.15088,0.2,0.5,0.108696,0,0,0.8
1,828,1.79038,-2.04392,0.107398,1,0.1,0.212121,1,0,0.9
1,828,-1.26437,1.42859,0.107398,0.1,1,0.0555556,0,0,1
1,829,1.22186,-1.84037,0.105234,1,0.1,0.103093,1,0.833333,0.1
0,829,1.19848,0.892533,2.03978,0.5,0.5,0.0615385,0,0,0.2
0,829,-1.26491,-0.68695,-1.70876,0.111111,0.125,0.0740741,1,0.666667,0.3
1,829,0.5767,-0.718902,-0.877152,0.2,0.111111,0.109589,1,0,0.4
0,829,0.894476,-0.618225,0.251322,0.333333,0.142857,0.0621118,0,0.333333,0.5
0,829,-1.00078,0.39478,-0.616017,0.125,0.2,0.08,1,1,0.6
0,829,-0.778926,0.452878,-0.0525578,0.142857,0.25,0.0860215,1,0.666667,0.7
0,829,-1.465,0.657521,-0.532416,0.1,0.333333,0.0744681,1,0.666667,0.8
0,829,0.752054,-0.401653,0.224521,0.25,0.166667,0.134328,1,0.833333,0.9
0,829,-0.133954,1.86839,1.16605,0.166667,1,0.0909091,0,0,1
1,830,2.62211,-2.4824,0.142664,1,0.1,0.148649,1,0.166667,0.1
0,830,-0.568791,-0.130768,-1.23336,0.142857,0.142857,0.1,1,0.833333,0.2
0,830,-0.363551,0.0704388,1.09086,0.25,0.25,0.0873786,1,0,0.3
0,830,-0.767647,1.65189,0.142664,0.1,1,0.102941,0,0,0.4
0,830,-0.623753,0.741436,0.0473679,0.111111,0.5,0.119403,1,0.833333,0.5
0,830,-0.516397,-0.0689916,-0.482099,0.166667,0.166667,0.148148,1,0.833333,0.6
0,830,0.556492,-0.302888,-0.377887,0.333333,0.111111,0.130435,1,0.833333,0.7
0,830,0.732483,0.642555,2.34004,0.5,0.333333,0.103896,1,0.166667,0.8
1,830,-0.489981,-0.161672,-0.835125,0.2,0.125,0.177778,1,0.833333,0.9
0,830,-0.580967,0.0404016,-0.835125,0.125,0.2,0.125,1,0.833333,1
0,831,-0.690317,-0.0375789,-1.22591,0.166667,0.142857,0.0757576,0,0,0.1
1,831,1.16635,-0.727958,0.573676,0.5,0.125,0.0714286,1,0,0.2
1,831,0.937979,-1.81994,-1.03161,0.333333,0.1,0.16,1,0.5,0.3
0,831,0.90844,0.67206,1.55911,0.25,0.25,0.133333,1,0.5,0.4
0,831,-0.72278,0.898462,1.09476,0.142857,0.5,0.0923077,1,0.5,0.5
0,831,1.56354,-1.61438,0.695421,1,0.111111,0.09,0,0,0.6
0,831,-0.987414,0.617204,-1.1936,0.125,0.2,0.151515,1,0.333333,0.7
0,831,-1.12374,0.702332,-1.03161,0.1,0.333333,0.111111,1,0.333333,0.8
0,831,-1.11754,1.18375,0.695421,0.111111,1,0.106383,1,0.333333,0.9
0,831,0.0654752,0.126046,-0.135649,0.2,0.166667,0.0666667,1,0.5,1
0,832,1.25913,-1.22994,0.0374386,0.5,0.111111,0.0833333,0,0,0.1
0,832,-0.457947,1.20326,0.566184,0.166667,0.333333,0.0379747,1,0.5,0.2
0,832,0.347247,-0.643405,-0.056316,0.25,0.142857,0.0634921,1,0.5,0.3
1,832,-1.4052,1.2127,-0.234374,0.1,0.5,0.0294118,1,0.833333,0.4
1,832,-0.453765,-0.710272,-0.660065,0.2,0.125,0.08,1,0.333333,0.5
0,832,-0.492796,1.39617,0.952537,0.142857,1,0.111111,0,0,0.6
0,832,2.11389,-0.211787,1.24943,1,0.166667,0.0958904,0,0,0.7
0,832,-0.528608,-1.50685,-2.10276,0.125,0.1,0.0347826,0,0,0.8
0,832,-0.839073,-0.119264,-0.939873,0.111111,0.2,0.0243902,1,0.333333,0.9
0,832,0.457115,0.609388,1.1878,0.333333,0.25,0.060241,1,0.5,1
0,833,-0.591852,-0.250205,-0.747289,0.166667,0.142857,0.134615,1,1.33333,0.1
1,833,2.62129,1.30554,2.79188,1,0.5,0.125,1,0,0.2
0,833,-0.307043,-0.85884,-1.03603,0.2,0.111111,0.0985915,1,1.33333,0.3
0,833,-0.637671,0.576499,-0.32923,0.111111,0.333333,0.102941,1,1.33333,0.4
0,833,0.14717,-0.623551,-0.0207968,0.333333,0.125,0.0930233,1,1.33333,0.5
0,833,0.971464,-2.0351,-0.258352,0.5,0.1,0.137931,1,1.33333,0.6
1,833,-0.284421,-0.191284,0.265188,0.25,0.166667,0.0972222,1,1.33333,0.7
0,833,-0.605772,0.206184,-0.409954,0.142857,0.2,0.127273,1,1.33333,0.8
0,833,-0.689707,1.56926,0.124294,0.1,1,0.0795455,1,1.33333,0.9
0,833,-0.623459,0.301495,-0.379717,0.125,0.25,0.109375,1,1.33333,1
0,834,-0.508686,-0.618173,-1.24738,0.142857,0.125,0.111111,1,0.333333,0.1
0,834,-0.328141,0.997497,1.19339,0.2,0.5,0.0833333,0,0.166667,0.2
0,834,0.196815,-0.199122,-0.0556202,0.25,0.142857,0.222222,1,0.333333,0.3
0,834,-0.967296,0.486398,-0.340219,0.125,0.25,0.0813953,0,0.166667,0.4
0,834,-0.994439,0.188002,-1.23051,0.111111,0.166667,0.132075,1,0.333333,0.5
0,834,1.85225,-1.52684,0.379819,1,0.111111,0.326923,1,0.333333,0.6
1,834,1.39394,-1.83904,-0.231478,0.5,0.1,0.340909,1,0.333333,0.7
0,834,-0.34728,1.39288,1.23399,0.166667,1,0.0884956,0,0,0.8
0,834,-1.18096,0.431768,-1.19671,0.1,0.2,0.0869565,1,0.333333,0.9
1,834,0.883803,0.686627,1.49471,0.333333,0.333333,0.111111,1,0.333333,1
0,835,-0.0879438,0.414033,0.893106,0.25,0.25,0.125,0,0.166667,0.1
1,835,1.90573,-1.77003,-0.242777,0.5,0.1,0.138889,1,0.166667,0.2
0,835,-0.707461,-0.241673,-1.00073,0.125,0.166667,0.0714286,0,0.166667,0.3
0,835,-0.34923,0.453022,0.903484,0.2,0.333333,0.0769231,0,0,0.4
0,835,0.0122206,0.0298725,0.903484,0.333333,0.2,0.135135,0,0.166667,0.5
0,835,-0.78207,1.15453,-0.242777,0.1,0.5,0.0366972,0,0.333333,0.6
0,835,-0.6519,-0.288806,-1.00978,0.142857,0.142857,0.102564,0,0.166667,0.7
0,835,-0.728671,-0.495849,-1.8966,0.111111,0.125,0.121212,1,0.166667,0.8
1,835,1.96059,-1.12611,0.39836,1,0.111111,0.121212,1,0,0.9
0,835,-0.571268,1.87102,1.29423,0.166667,1,0.0555556,0,0,1
0,836,-0.97037,0.328134,-0.348709,0.111111,0.333333,0.171429,0,0,0.1
1,836,2.28153,-0.518561,1.11211,1,0.142857,0.186047,0,0,0.2
0,836,0.431633,-0.715538,-0.0220273,0.333333,0.125,0.142857,1,0.5,0.3
0,836,0.170149,2.46308,2.18449,0.25,1,0.0545455,0,0,0.4
0,836,-0.789973,-0.205623,-0.791504,0.142857,0.166667,0.155556,1,0.166667,0.5
0,836,-0.999552,0.17948,-1.04621,0.1,0.25,0.157895,0,0,0.6
1,836,-0.365239,0.150677,-0.0875812,0.166667,0.2,0.118644,1,0.333333,0.7
0,836,1.08059,-1.0064,0.0437105,0.5,0.111111,0.15,0,0,0.8
0,836,-0.844667,0.586137,0.370392,0.125,0.5,0.175,0,0.166667,0.9
0,836,0.0058978,-1.26138,-1.41467,0.2,0.1,0.2,1,0.5,1
1,837,2.11399,-2.56326,0.0845694,1,0.1,0.232558,1,0,0.1
0,837,-0.350469,0.0479238,-0.285783,0.166667,0.166667,0.0487805,0,0,0.2
1,837,0.705511,1.41925,1.6475,0.333333,1,0.109589,0,0,0.3
0,837,-1.24382,0.218669,-0.672076,0.1,0.25,0.121212,0,0,0.4
0,837,-0.300505,-0.170266,-0.278931,0.2,0.142857,0.0875,1,0,0.5
0,837,0.809674,0.809087,1.63924,0.5,0.5,0.0695652,1,0,0.6
0,837,-0.96422,-0.403499,-1.37322,0.125,0.111111,0.0638298,0,0,0.7
0,837,-1.0459,-0.201551,-1.37322,0.111111,0.125,0.0722892,0,0,0.8
0,837,-0.389318,0.669178,0.201971,0.142857,0.333333,0.0660377,0,0,0.9
0,837,0.665056,0.174473,0.409954,0.25,0.2,0.113208,0,0,1
0,838,-0.722308,0.169322,-0.443826,0.125,0.2,0.105263,1,0.333333,0.1
0,838,-0.913519,-0.0586011,-1.23112,0.111111,0.125,0.1875,1,0.833333,0.2
1,838,0.782931,1.02303,1.70302,0.5,1,0.177419,1,0.5,0.3
0,838,-0.229251,0.248053,0.367533,0.2,0.25,0.142857,1,0.833333,0.4
1,838,2.46805,-2.69453,0.0758183,1,0.1,0.487805,1,1,0.5
0,838,-0.668486,0.0380031,-0.655468,0.142857,0.142857,0.261905,1,0.5,0.6
0,838,-0.919654,-0.44339,-1.60203,0.1,0.111111,0.272727,1,0.833333,0.7
0,838,-0.554526,0.0505221,-0.256211,0.166667,0.166667,0.222222,1,0.833333,0.8
0,838,0.362971,0.769491,0.798673,0.25,0.333333,0.153846,1,0.333333,0.9
0,838,0.393794,0.898104,1.24361,0.333333,0.5,0.163934,1,0.333333,1
0,839,-0.739076,-0.206665,-1.43101,0.125,0.111111,0.2,1,0.666667,0.1
0,839,0.12106,0.332588,1.18283,0.333333,0.333333,0.186047,1,0.666667,0.2
0,839,-1.00775,-0.0833911,-1.20579,0.111111,0.142857,0.194444,0,0.166667,0.3
0,839,-0.152829,-0.203457,-0.515884,0.2,0.125,0.0957447,1,0.666667,0.4
0,839,0.0439518,0.206197,0.427205,0.25,0.2,0.131579,1,0.666667,0.5
0,839,-0.626114,0.090682,-0.529848,0.142857,0.166667,0.119403,0,0.166667,0.6
0,839,-1.0308,0.294686,-0.700356,0.1,0.25,0.179487,0,0,0.7
1,839,2.10106,-2.65447,0.088128,1,0.1,0.22807,1,0.666667,0.8
1,839,1.56627,0.84561,1.70821,0.5,0.5,0.219512,1,0,0.9
0,839,-0.275777,1.37822,0.976509,0.166667,1,0.133333,0,0,1
0,840,1.51762,-1.83355,-0.317536,0.5,0.1,0.209302,1,0.666667,0.1
0,840,-0.760599,0.669618,-0.0255611,0.125,0.333333,0.142857,0,0,0.2
1,840,-1.23362,1.95305,0.152768,0.1,1,0.15,1,0.833333,0.3
0,840,0.126846,0.000538354,0.740552,0.25,0.2,0.135593,0,0,0.4
0,840,-0.354007,-1.00708,-1.68798,0.166667,0.111111,0.140351,0,0.166667,0.5
1,840,1.97587,-0.149042,1.69276,1,0.166667,0.16,1,0.666667,0.6
0,840,0.0768311,0.0818643,0.740552,0.2,0.25,0.136364,1,0,0.7
0,840,0.330363,-0.327231,0.364845,0.333333,0.142857,0.184211,1,0.833333,0.8
0,840,-0.725707,-0.414459,-1.71113,0.142857,0.125,0.179487,0,0.166667,0.9
0,840,-0.953593,1.0263,0.0507228,0.111111,0.5,0.145833,1,0.666667,1
1,841,2.09987,-2.34183,0.109051,1,0.1,0.111111,1,0,0.1
1,841,0.591023,-0.795154,-0.603758,0.25,0.111111,0.171429,1,0,0.2
0,841,-1.0643,0.380054,-0.866634,0.1,0.25,0.0769231,0,0,0.3
0,841,-0.543955,1.04782,0.872631,0.166667,0.5,0.0746269,0,0,0.4
0,841,0.661208,0.0527114,0.843535,0.333333,0.2,0.0472441,1,0,0.5
0,841,0.333311,-0.420615,-0.638364,0.2,0.125,0.0810811,0,0,0.6
0,841,-1.05913,-0.0498926,-1.20494,0.111111,0.166667,0.0645161,0,0.166667,0.7
0,841,-0.708816,1.21064,0.92122,0.142857,1,0.0810811,0,0,0.8
0,841,0.737679,0.99366,1.78871,0.5,0.333333,0.121212,0,0,0.9
0,841,-1.04689,-0.077395,-1.22146,0.125,0.142857,0.056338,0,0.166667,1
1,842,0.416467,-1.66274,-1.09643,0.25,0.1,0.3,1,1.16667,0.1
0,842,0.559463,0.705199,1.85175,0.333333,0.333333,0.217391,1,0.166667,0.2
0,842,0.204362,0.857257,1.10401,0.166667,0.5,0.0892857,1,1.16667,0.3
0,842,0.250677,-0.839718,-0.807629,0.2,0.125,0.310345,1,1.16667,0.4
0,842,-1.28301,1.2466,0.137967,0.1,1,0.106667,1,1.16667,0.5
1,842,1.44825,-0.478571,0.740749,0.5,0.142857,0.184615,1,1.33333,0.6
0,842,1.52495,-1.57178,0.470546,1,0.111111,0.277778,1,1.16667,0.7
0,842,-1.21775,0.437765,-1.52443,0.111111,0.166667,0.140351,1,1.16667,0.8
0,842,-0.800802,0.650124,-0.455049,0.142857,0.2,0.111111,1,1.16667,0.9
0,842,-1.1026,0.655865,-0.421486,0.125,0.25,0.242424,0,0,1
1,843,0.016388,0.263964,0.569452,0.2,0.25,0.102564,1,0.166667,0.1
0,843,-0.749707,-0.829889,-1.90749,0.111111,0.125,0.107143,1,0,0.2
0,843,-0.48241,0.0959065,-0.706272,0.142857,0.166667,0.12766,0,0,0.3
0,843,2.50677,-1.12902,0.400647,1,0.111111,0.155172,0,0,0.4
0,843,-0.232717,-1.96479,-1.58116,0.166667,0.1,0.106667,0,0,0.5
1,843,-1.36737,1.35914,0.117472,0.1,1,0.0967742,1,0,0.6
0,843,0.127613,0.626452,1.23745,0.25,0.333333,0.101449,0,0,0.7
0,843,0.542296,-0.00972965,0.630713,0.5,0.142857,0.101266,0,0,0.8
0,843,0.377116,0.247786,0.908672,0.333333,0.2,0.0714286,1,0.166667,0.9
0,843,-0.737985,1.34019,0.330507,0.125,0.5,0.104478,0,0,1
1,844,-0.0428757,0.974685,1.3144,0.333333,0.333333,0.107692,1,0.166667,0.1
1,844,1.50764,-1.44711,0.0325155,0.5,0.111111,0.0839695,1,0,0.2
0,844,-0.794728,-0.563316,-1.59018,0.111111,0.125,0.0721649,0,0.166667,0.3
0,844,2.29926,-0.35528,0.82728,1,0.142857,0.146667,0,0.166667,0.4
0,844,-0.920083,0.897767,-0.778259,0.1,0.25,0.0480769,1,0.333333,0.5
0,844,-0.608161,-0.151639,-0.839052,0.125,0.166667,0.0666667,0,0,0.6
0,844,-0.362138,-1.77167,-1.31813,0.166667,0.1,0.117647,1,0,0.7
0,844,-0.249697,0.176552,0.474725,0.25,0.2,0.0683761,1,0.166667,0.8
0,844,-0.577824,1.16768,0.82728,0.142857,1,0.0897436,0,0,0.9
0,844,-0.251396,1.07233,1.04943,0.2,0.5,0.105263,0,0,1
0,845,-0.60415,0.0177081,-0.919735,0.111111,0.25,0.101695,0,0,0.1
0,845,0.251517,0.689009,2.24513,0.25,0.5,0.059322,0,0,0.2
0,845,-0.308723,-0.689228,-1.83554,0.166667,0.111111,0.0777778,1,0.5,0.3
0,845,-0.365271,-0.0186502,-0.547917,0.142857,0.2,0.0522388,0,0,0.4
1,845,1.32985,-0.559915,0.467388,0.5,0.125,0.157895,1,0.5,0.5
1,845,-1.87275,2.50985,0.166123,0.1,1,0.08,0,0,0.6
0,845,0.467709,-0.383613,0.39674,0.333333,0.142857,0.0735294,1,0.5,0.7
0,845,1.87561,-1.49721,0.166123,1,0.1,0.233333,1,0.5,0.8
0,845,-0.261872,-0.184978,-0.110516,0.2,0.166667,0.0777778,0,0,0.9
0,845,-0.511921,0.117023,-0.0277956,0.125,0.333333,0.0882353,0,0,1
0,846,-0.431311,0.278262,0.270999,0.166667,0.25,0.0555556,0,0,0.1
0,846,-0.140281,0.33851,1.33801,0.25,0.333333,0.0684932,0,0,0.2
1,846,2.78842,-2.72087,0.127018,1,0.1,0.186047,1,0.166667,0.3
1,846,-0.417502,0.728635,1.36113,0.2,0.5,0.0625,1,0.333333,0.4
0,846,0.506166,-0.0670239,0.357365,0.5,0.125,0.0483871,0,0,0.5
0,846,-0.548609,1.30953,0.748397,0.125,1,0.0571429,0,0,0.6
0,846,-0.482658,0.125262,-0.763666,0.142857,0.166667,0.0519481,1,0.333333,0.7
0,846,-0.71806,0.226454,-1.36492,0.1,0.2,0.0652174,0,0,0.8
0,846,0.16027,-0.287801,-0.336445,0.333333,0.111111,0.0769231,1,0.166667,0.9
0,846,-0.716434,0.0690429,-1.7379,0.111111,0.142857,0.0681818,1,0.333333,1
1,847,-1.28228,2.44561,0.112633,0.1,1,0.0714286,1,0.833333,0.1
0,847,-0.765077,0.205465,-0.298341,0.111111,0.333333,0.0609756,0,0,0.2
1,847,1.77965,0.7492,2.1832,0.5,0.5,0.142857,1,0,0.3
0,847,-0.600456,-0.339644,-0.677177,0.166667,0.142857,0.0454545,1,0.833333,0.4
0,847,0.116985,-1.22071,-0.895096,0.25,0.1,0.0512821,1,0.833333,0.5
0,847,-0.643509,0.0686632,-0.0562532,0.142857,0.25,0.078125,1,0.833333,0.6
0,847,0.218802,-1.20921,-0.298341,0.333333,0.111111,0.111111,1,0.833333,0.7
0,847,-0.676995,-0.0762593,-0.965015,0.125,0.166667,0.0462963,1,0.833333,0.8
0,847,0.0342157,-0.579073,-0.659329,0.2,0.125,0.0923077,0,0,0.9
0,847,1.81867,-0.0440439,1.55372,1,0.2,0.0923077,0,0,1
0,848,-0.86595,0.229207,-1.71853,0.111111,0.142857,0.0697674,1,0.166667,0.1
0,848,1.80731,-0.732566,0.740057,1,0.125,0.114754,0,0,0.2
0,848,-0.67394,0.494795,-0.755155,0.142857,0.166667,0.0625,0,0,0.3
1,848,-0.163128,0.673294,0.971564,0.2,0.333333,0.0675676,1,0.166667,0.4
0,848,-1.28686,0.516081,-1.34971,0.1,0.2,0.037037,0,0.166667,0.5
0,848,1.24845,-2.02043,-0.261071,0.5,0.1,0.285714,1,0.166667,0.6
1,848,1.13391,-1.54704,-0.332695,0.333333,0.111111,0.2,1,0.166667,0.7
0,848,-0.840017,0.775307,0.353383,0.125,0.5,0.0714286,0,0.166667,0.8
0,848,0.160842,0.616565,0.960404,0.25,0.25,0.147059,0,0.166667,0.9
0,848,-0.520617,0.994788,1.39175,0.166667,1,0.0869565,1,0.166667,1
1,849,2.86971,-2.1491,0.0903465,1,0.1,0.125,1,0.833333,0.1
0,849,-0.211372,0.945053,1.22102,0.25,0.5,0.0315789,0,0,0.2
0,849,-0.525854,-0.00122633,-1.23614,0.111111,0.142857,0.0491803,1,0.666667,0.3
0,849,-0.446567,1.47772,0.532326,0.125,1,0.047619,1,0.833333,0.4
0,849,-0.323138,-1.22805,-0.753063,0.2,0.111111,0.09375,1,0.666667,0.5
0,849,-0.0523679,0.464353,0.951713,0.333333,0.25,0.0508475,1,0.166667,0.6
0,849,0.337386,0.480815,1.48191,0.5,0.333333,0.0666667,0,0,0.7
0,849,-0.428139,0.419939,-0.297986,0.142857,0.2,0.0508475,0,0,0.8
0,849,-0.390697,0.00677514,-0.305305,0.166667,0.166667,0.0769231,1,0.666667,0.9
1,849,-0.828964,-0.416281,-1.68482,0.1,0.125,0.0192308,0,0.166667,1
0,850,-0.40671,-0.421294,-0.281017,0.333333,0.111111,0.142857,1,1.33333,0.1
0,850,-0.420919,-0.0732025,0.848954,0.166667,0.5,0.137931,1,1.33333,0.2
0,850,-0.431227,-0.174912,-0.884309,0.111111,0.2,0.131148,1,1.33333,0.3
0,850,-0.413882,-0.305947,-0.324111,0.25,0.125,0.140351,1,1.33333,0.4
0,850,-0.427823,-0.148998,-0.324111,0.125,0.25,0.133333,1,1.33333,0.5
0,850,-0.420919,-0.266673,-0.637854,0.142857,0.166667,0.133333,1,1.33333,0.6
0,850,-0.413882,-0.301719,-0.349919,0.2,0.142857,0.137931,1,1.33333,0.7
1,850,0.801921,-1.09103,-0.220518,0.5,0.1,0.155172,1,1.33333,0.8
0,850,-0.643511,-0.0986735,-0.53676,0.1,0.333333,0.117647,1,1.33333,0.9
1,850,2.77695,2.88245,2.70964,1,1,0.0895522,0,0,1
0,851,-0.199408,-0.332688,-0.28649,0.2,0.142857,0.170213,1,0.666667,0.1
1,851,2.46063,-2.02054,0.0868612,1,0.1,0.292683,0,0,0.2
0,851,-0.83271,-0.526947,-1.41044,0.111111,0.125,0.125,1,0.666667,0.3
0,851,-0.567318,-0.780857,-1.18846,0.142857,0.111111,0.109589,0,0.166667,0.4
0,851,0.326605,0.435469,0.914999,0.25,0.333333,0.188679,0,0,0.5
0,851,-0.398529,0.219094,-0.0577858,0.166667,0.2,0.186047,1,0.666667,0.6
1,851,0.747668,0.388838,1.17392,0.5,0.25,0.0909091,1,0,0.7
0,851,0.391775,1.66136,1.69215,0.333333,1,0.145455,0,0,0.8
0,851,-0.802631,1.28843,0.244384,0.125,0.5,0.130435,1,0.833333,0.9
0,851,-1.12608,-0.332163,-1.16914,0.1,0.166667,0.1,1,0.666667,1
0,852,-0.434487,0.193636,-0.140809,0.2,0.166667,0.121951,1,0.333333,0.1
0,852,-0.668899,0.957599,1.1364,0.142857,0.5,0.0909091,1,0.5,0.2
1,852,1.7947,-1.68789,0.0702758,0.5,0.111111,0.0839161,0,0,0.3
0,852,-0.830326,0.512663,-1.68206,0.1,0.25,0.0491803,1,0.5,0.4
0,852,-0.78329,0.464592,-1.76423,0.111111,0.2,0.0634921,1,0.5,0.5
1,852,1.95148,-1.80191,0.211658,1,0.1,0.15,1,0,0.6
0,852,0.424447,-0.668312,-0.0354145,0.333333,0.125,0.075,1,0,0.7
0,852,-0.54635,0.711278,1.06278,0.166667,0.333333,0.0666667,1,0.5,0.8
0,852,-0.719483,1.22902,1.2471,0.125,1,0.097561,1,0.333333,0.9
0,852,-0.187796,0.0893189,-0.10571,0.25,0.142857,0.102041,1,0.333333,1
1,853,0.243826,-0.0147052,-0.250414,0.2,0.142857,0.111111,1,0.666667,0.1
0,853,0.929054,-2.52924,-0.384123,0.333333,0.1,0.142857,1,0.666667,0.2
0,853,1.825,0.665821,1.47906,1,0.333333,0.0714286,0,0.166667,0.3
0,853,-1.04013,-0.0858267,-1.04442,0.125,0.125,0.0416667,1,0.666667,0.4
0,853,1.07541,1.14891,1.70537,0.5,1,0.0434783,0,0.166667,0.5
0,853,-1.13402,0.0108579,-1.02191,0.1,0.166667,0.0307692,0,0,0.6
1,853,0.357894,0.927426,1.02609,0.25,0.5,0.0512821,1,0,0.7
0,853,-1.07624,0.0557229,-0.63284,0.111111,0.2,0.0425532,1,0.666667,0.8
0,853,-0.244788,0.600697,0.161986,0.166667,0.25,0.0697674,0,0,0.9
0,853,-0.936,-0.779668,-1.0388,0.142857,0.111111,0.0714286,1,0.666667,1
0,854,-0.0671665,-0.496703,-0.608426,0.2,0.125,0.162791,1,0.166667,0.1
1,854,-0.0575271,2.7295,1.72467,0.25,1,0.0789474,0,0,0.2
0,854,-1.05871,-0.493415,-1.67264,0.1,0.142857,0.142857,0,0,0.3
0,854,-0.156852,-0.585124,-1.14843,0.166667,0.111111,0.134615,1,0.166667,0.4
0,854,1.53553,-0.591579,-0.216038,0.5,0.1,0.0789474,1,0.166667,0.5
0,854,-1.05012,-0.328102,-0.275307,0.111111,0.333333,0.125,0,0,0.6
0,854,-0.338031,-0.3508,-0.0519101,0.142857,0.25,0.0853659,1,0,0.7
0,854,-0.907455,0.907077,0.292426,0.125,0.5,0.035461,0,0,0.8
1,854,2.10909,-0.372168,1.43377,1,0.2,0.0743802,0,0,0.9
0,854,-0.00875367,-0.418688,0.52189,0.333333,0.166667,0.08,1,0.166667,1
0,855,-0.42686,-0.649065,-0.66483,0.2,0.125,0.0877193,1,0,0.1
0,855,-0.65687,0.651297,-0.574604,0.1,0.333333,0.0519481,0,0,0.2
0,855,-0.480479,-0.648933,-0.682826,0.166667,0.142857,0.0634921,0,0,0.3
0,855,-0.528967,0.290363,-0.346962,0.125,0.25,0.0909091,0,0,0.4
1,855,0.224164,-0.0329012,0.878507,0.333333,0.2,0.148936,0,0,0.5
0,855,-0.536593,1.16643,0.0377088,0.111111,0.5,0.0925926,0,0,0.6
0,855,-0.525163,-1.30826,-1.8277,0.142857,0.1,0.0757576,0,0,0.7
1,855,2.84838,-1.06267,0.387347,1,0.111111,0.111111,1,0,0.8
0,855,0.310478,-0.463417,0.90881,0.5,0.166667,0.104478,1,0,0.9
0,855,-0.228087,2.05715,1.88455,0.25,1,0.0612245,0,0,1
0,856,1.47662,0.509043,2.00931,1,0.333333,0.101266,1,0.5,0.1
1,856,-1.91898,2.23041,0.103142,0.1,1,0.107143,0,0,0.2
0,856,0.302481,-1.88895,-0.819672,0.25,0.1,0.222222,1,0.5,0.3
0,856,0.934822,-0.464817,-0.0172576,0.333333,0.125,0.0470588,1,0.5,0.4
0,856,-0.486306,-0.335772,-1.15527,0.125,0.142857,0.176471,0,0,0.5
0,856,-0.294073,-0.629699,-1.41121,0.142857,0.111111,0.0882353,0,0,0.6
0,856,-0.281136,-0.113132,-0.0686169,0.166667,0.2,0.07,0,0,0.7
0,856,-1.13081,0.620319,0.0342457,0.111111,0.5,0.119048,0,0,0.8
1,856,0.19143,-0.154042,-0.0686169,0.2,0.166667,0.152174,0,0,0.9
0,856,1.20595,0.226637,1.39395,0.5,0.25,0.122449,1,0.5,1
1,857,1.3499,-1.65835,0.0592509,0.5,0.111111,0.2625,0,0,0.1
0,857,-0.0155469,0.0317844,0.426187,0.333333,0.142857,0.186047,1,0,0.2
0,857,-0.098963,0.0669507,-0.603042,0.166667,0.166667,0.215385,0,0,0.3
0,857,-0.0170051,0.747715,1.87983,0.25,0.333333,0.166667,0,0,0.4
0,857,-0.399574,0.510525,-0.0891265,0.142857,0.25,0.170455,0,0,0.5
0,857,-0.767401,1.30075,1.05146,0.125,1,0.178082,0,0,0.6
0,857,-1.16785,0.491851,-1.91763,0.1,0.2,0.140845,0,0,0.7
0,857,-0.0331661,-0.618455,-1.04463,0.2,0.125,0.177083,1,0,0.8
0,857,-1.06731,0.928792,0.0592509,0.111111,0.5,0.144578,0,0,0.9
1,857,2.21693,-1.80157,0.178453,1,0.1,0.36,1,0,1
1,858,0.470497,0.155114,-0.418311,0.2,0.142857,0.153846,1,0.333333,0.1
0,858,-1.56726,0.999788,0.126828,0.1,1,0.097561,0,0,0.2
0,858,0.964844,-1.85271,-0.335941,0.333333,0.111111,0.0551724,1,0,0.3
0,858,-0.48036,0.341649,-0.762523,0.142857,0.166667,0.0515464,1,0.166667,0.4
1,858,1.15286,0.563685,1.71406,0.5,0.25,0.108696,1,0.166667,0.5
0,858,1.30066,-1.97291,0.126828,1,0.1,0.107692,0,0,0.6
0,858,-0.181281,0.386061,-0.0843744,0.166667,0.2,0.0983607,0,0,0.7
0,858,-0.923217,0.738846,0.35683,0.125,0.5,0.0576923,0,0,0.8
0,858,0.627438,0.718324,1.33601,0.25,0.333333,0.0789474,0,0,0.9
0,858,-1.36418,-0.0778468,-2.05941,0.111111,0.125,0.125,0,0,1
0,859,-0.50869,0.697993,0.968145,0.2,0.333333,0.12069,1,1.33333,0.1
1,859,1.00585,-0.0346364,-0.0209418,0.333333,0.125,0.188679,1,1.33333,0.2
0,859,-0.804433,0.765926,-0.260153,0.1,0.5,0.111111,1,1.33333,0.3
0,859,-0.802972,0.397264,-0.692947,0.111111,0.25,0.111111,1,1.33333,0.4
1,859,1.54307,-2.6718,-0.260153,0.5,0.1,0.178571,1,1.33333,0.5
0,859,0.193636,0.843561,2.07684,0.25,1,0.0957447,0,0,0.6
0,859,-0.787212,-0.820808,-1.38293,0.166667,0.111111,0.122449,1,1.33333,0.7
0,859,-0.802235,0.376066,-0.732666,0.125,0.2,0.113208,1,1.33333,0.8
0,859,1.76448,0.189747,1.05731,1,0.142857,0.139241,1,1.33333,0.9
0,859,-0.801492,0.256686,-0.752498,0.142857,0.166667,0.115385,1,1.33333,1
0,860,-0.264528,-1.45882,-0.913826,0.2,0.1,0.0972222,1,0,0.1
0,860,-0.653069,-0.585559,-0.952514,0.142857,0.125,0.0603448,1,0.5,0.2
0,860,-0.779164,1.52205,0.23926,0.125,0.5,0.0612245,0,0,0.3
0,860,-0.373364,-1.24454,-0.93963,0.166667,0.111111,0.166667,1,0.666667,0.4
1,860,1.55759,0.185028,1.1493,0.5,0.25,0.139535,0,0,0.5
0,860,-0.916229,-0.251519,-0.93963,0.111111,0.166667,0.15,1,0.5,0.6
0,860,-0.937453,0.90753,-0.430248,0.1,0.333333,0.115385,1,0.333333,0.7
0,860,0.140035,-0.572567,0.203095,0.333333,0.142857,0.0898876,1,0.666667,0.8
0,860,0.0847201,-0.0545188,0.412235,0.25,0.2,0.0909091,1,0,0.9
1,860,2.14146,1.55291,2.17196,1,1,0.0873786,0,0,1
0,861,-0.131436,0.25377,0.186716,0.2,0.2,0.0945946,0,0,0.1
0,861,-1.2305,0.742554,-0.461096,0.1,0.333333,0.0806452,0,0,0.2
0,861,-0.727174,-0.936447,-1.47987,0.125,0.111111,0.0540541,0,0,0.3
0,861,0.672481,1.14675,2.04711,0.5,1,0.133333,0,0,0.4
1,861,0.277655,0.00115937,0.194445,0.25,0.166667,0.0638298,1,0,0.5
0,861,-1.1317,-0.111622,-1.24696,0.111111,0.142857,0.0819672,0,0,0.6
0,861,-0.355807,1.05401,0.489319,0.142857,0.5,0.0895522,0,0,0.7
0,861,0.621186,0.58004,0.960041,0.333333,0.25,0.0923077,0,0,0.8
1,861,2.34553,-2.36644,0.0911371,1,0.1,0.18,0,0,0.9
0,861,-0.340226,-0.363775,-0.780845,0.166667,0.125,0.0853659,0,0,1
0,862,-0.0950151,-0.732837,-0.0836739,0.25,0.142857,0.0423729,0,0,0.1
0,862,-0.816949,0.022744,-0.0836739,0.142857,0.25,0.0519481,1,0.666667,0.2
0,862,-0.165616,-0.812905,-1.39646,0.2,0.111111,0.0641026,1,0.5,0.3
1,862,1.35588,-0.484673,1.34063,0.5,0.166667,0.102941,1,0.833333,0.4
1,862,2.31308,-1.14125,0.167536,1,0.1,0.1,0,0,0.5
0,862,-0.821512,0.848561,-0.443768,0.111111,0.333333,0.0540541,0,0,0.6
0,862,0.119097,-0.770205,-0.028032,0.333333,0.125,0.0515464,1,0.5,0.7
0,862,-0.819169,2.20966,0.987129,0.125,1,0.0714286,0,0,0.8
0,862,-0.830737,-0.16023,-1.80031,0.1,0.2,0.0373832,1,0.666667,0.9
0,862,-0.239063,1.02113,1.34063,0.166667,0.5,0.0462963,1,0.833333,1
0,863,1.33108,-1.00279,0.414254,0.5,0.125,0.118644,0,0,0.1
0,863,-0.367564,0.274117,-0.0979526,0.166667,0.2,0.0545455,0,0.333333,0.2
0,863,-0.561912,-1.17025,-2.01455,0.142857,0.111111,0.116279,1,0.5,0.3
0,863,-1.17395,0.629307,-0.744932,0.1,0.333333,0.0384615,0,0.333333,0.4
1,863,0.496596,0.0202334,0.31414,0.25,0.166667,0.113208,1,0.5,0.5
0,863,1.73064,-1.28133,0.147238,1,0.1,0.0630631,0,0,0.6
0,863,-0.265091,2.00961,2.03109,0.2,1,0.0735294,0,0,0.7
0,863,-1.06585,0.358911,-0.815178,0.111111,0.25,0.0869565,1,0.5,0.8
0,863,-1.04775,0.896888,0.414254,0.125,0.5,0.0769231,1,0.833333,0.9
1,863,0.923803,-0.734694,0.351638,0.333333,0.142857,0.0641026,0,0,1
0,864,-0.959548,0.553993,-1.08548,0.1,0.25,0.132075,0,0,0.1
1,864,-0.77526,-0.035662,-1.86886,0.111111,0.142857,0.0897436,0,0,0.2
0,864,-0.660912,0.900205,-0.0228541,0.125,0.333333,0.0897436,0,0,0.3
1,864,2.07886,-1.34577,0.46585,1,0.111111,0.2,1,0.333333,0.4
0,864,-0.0970493,0.909053,1.84599,0.25,0.5,0.181818,0,0,0.5
0,864,0.0855479,-1.04833,-0.0228541,0.333333,0.125,0.103896,1,0.333333,0.6
0,864,1.73857,-1.76021,-0.283909,0.5,0.1,0.138889,1,0.333333,0.7
0,864,-0.381304,0.366443,0.279837,0.2,0.2,0.1125,0,0,0.8
0,864,-0.56783,1.38058,1.15386,0.142857,1,0.15,0,0,0.9
0,864,-0.461075,0.0796949,-0.461574,0.166667,0.166667,0.0987654,0,0,1
0,865,0.0356536,-0.805409,-0.620201,0.2,0.125,0.164179,1,0.5,0.1
0,865,1.69669,-0.706019,0.895009,1,0.142857,0.266667,0,0,0.2
0,865,0.471714,-1.20732,-0.841975,0.25,0.1,0.236842,1,0.666667,0.3
0,865,-0.349345,2.08911,0.895009,0.142857,1,0.170732,1,0.166667,0.4
0,865,-1.42595,0.65683,-0.280635,0.111111,0.333333,0.0945946,1,0.5,0.5
0,865,0.636056,0.023601,0.819534,0.333333,0.2,0.214286,0,0,0.6
1,865,1.26492,-0.542799,0.847802,0.5,0.166667,0.232558,1,0.5,0.7
0,865,-1.55497,-0.899664,-2.23867,0.1,0.111111,0.12963,0,0,0.8
0,865,-0.28886,1.2089,0.847802,0.166667,0.5,0.163934,0,0,0.9
1,865,-0.48591,0.182774,-0.323671,0.125,0.25,0.111111,1,0,1
0,866,-0.233441,-1.57586,-1.1891,0.2,0.1,0.048913,0,0,0.1
1,866,-0.959992,1.45221,0.0367407,0.111111,0.5,0.111111,1,0.333333,0.2
0,866,0.392301,1.54138,2.1557,0.333333,1,0.142857,1,0.166667,0.3
0,866,-0.381834,-1.22824,-1.51403,0.142857,0.111111,0.0803571,0,0,0.4
0,866,-1.05154,0.580127,-0.559851,0.1,0.333333,0.166667,1,0.166667,0.5
1,866,2.44517,-0.751979,0.651993,1,0.125,0.139241,0,0,0.6
0,866,-0.880204,0.431592,-0.338054,0.125,0.25,0.123077,0,0,0.7
0,866,0.897952,-0.0770952,0.885476,0.5,0.166667,0.144928,0,0,0.8
0,866,0.0132202,-0.61025,-0.0552661,0.25,0.142857,0.106383,1,0.166667,0.9
0,866,-0.241634,0.238111,-0.073616,0.166667,0.2,0.160714,1,0.166667,1
0,867,-1.32512,0.204891,-1.35459,0.1,0.2,0.0603448,1,0.333333,0.1
0,867,0.435633,-0.693256,0.301054,0.333333,0.142857,0.113636,1,0.5,0.2
0,867,-0.204001,-0.763876,-1.08003,0.166667,0.125,0.108434,1,0.666667,0.3
1,867,1.46025,-1.82107,-0.262016,0.5,0.1,0.206897,1,1,0.4
0,867,1.83868,0.766127,2.45573,1,0.333333,0.161765,0,0,0.5
0,867,-1.22597,1.57002,0.429928,0.111111,1,0.102041,1,0.5,0.6
0,867,-0.711704,0.989783,0.354662,0.125,0.5,0.0933333,0,0.333333,0.7
0,867,0.24407,-1.04735,-0.697911,0.25,0.111111,0.0735294,1,0.5,0.8
0,867,-0.642901,0.655529,-0.0629579,0.142857,0.25,0.12069,1,0.5,0.9
1,867,0.131077,0.139203,-0.0838617,0.2,0.166667,0.116667,1,0,1
0,868,1.22367,1.23753,1.52587,0.5,0.5,0.0638298,0,0,0.1
0,868,1.18548,-0.134924,0.395274,0.333333,0.166667,0.0967742,0,0,0.2
0,868,-0.703026,-0.453783,-0.881735,0.125,0.142857,0.0340136,0,0.333333,0.3
1,868,1.45409,-0.129288,1.08592,1,0.2,0.0816327,1,0,0.4
0,868,-0.4914,-1.14073,-0.869808,0.166667,0.111111,0.0595238,0,0,0.5
0,868,0.417499,1.71955,1.30625,0.25,1,0.047619,0,0.333333,0.6
0,868,-1.23794,0.246337,-0.435834,0.111111,0.25,0.0434783,1,0.333333,0.7
0,868,0.196033,-1.64728,-0.845922,0.2,0.1,0.025,0,0,0.8
0,868,-1.47615,-0.606866,-1.46802,0.1,0.125,0.0422535,0,0,0.9
1,868,-0.568269,0.90945,0.188003,0.142857,0.333333,0.114286,1,0,1
0,869,1.53231,0.0526837,1.50108,0.5,0.166667,0.277778,1,0,0.1
0,869,-0.556146,0.328246,0.527775,0.125,0.5,0.157143,0,0.166667,0.2
0,869,0.724722,-0.929409,-0.496879,0.333333,0.111111,0.266667,1,0.333333,0.3
0,869,0.0482532,0.171954,1.45103,0.2,0.333333,0.179104,1,0.5,0.4
1,869,-1.67362,2.51614,0.187587,0.1,1,0.0833333,0,0,0.5
0,869,0.279512,-0.115494,-0.0936882,0.25,0.142857,0.206897,0,0,0.6
0,869,-0.521881,0.108397,-0.0936882,0.142857,0.25,0.22,0,0,0.7
0,869,-1.00282,0.102609,-1.56359,0.111111,0.2,0.138462,0,0.166667,0.8
1,869,1.57831,-1.37414,0.187587,1,0.1,0.212121,1,0.333333,0.9
0,869,-0.408646,-0.860982,-1.60721,0.166667,0.125,0.261905,0,0.166667,1
0,870,0.599167,-0.888574,0.24658,0.5,0.125,0.131579,0,0,0.1
0,870,-0.703707,-0.0966306,-0.941785,0.1,0.2,0.0714286,1,1.16667,0.2
1,870,2.79707,0.476781,1.9686,1,0.5,0.0888889,1,1.16667,0.3
0,870,-0.319907,0.00141316,-0.0437717,0.142857,0.25,0.075,1,1.16667,0.4
1,870,-0.263983,2.59898,1.45428,0.25,1,0.0322581,0,0,0.5
0,870,-0.690655,0.193756,-0.232145,0.111111,0.333333,0.0666667,1,1.16667,0.6
0,870,-0.312237,-0.0992108,-0.0583051,0.2,0.166667,0.0769231,1,1.16667,0.7
0,870,-0.682566,-1.04381,-1.63438,0.125,0.1,0.121951,1,1.16667,0.8
0,870,-0.110941,-1.03462,-0.232145,0.333333,0.111111,0.12766,1,1.16667,0.9
0,870,-0.312237,-0.108082,-0.526925,0.166667,0.142857,0.075,1,1.16667,1
0,871,0.0793851,-0.340087,-0.572743,0.25,0.125,0.144737,0,0,0.1
0,871,0.715741,-0.494555,0.0622474,0.5,0.111111,0.107438,1,0.333333,0.2
0,871,-0.857722,0.971728,0.0622474,0.111111,0.5,0.111111,1,0.5,0.3
1,871,2.54979,-2.53437,0.187478,1,0.1,0.25,1,0.166667,0.4
0,871,0.200553,0.380686,1.9749,0.333333,0.25,0.122222,0,0,0.5
1,871,-0.412371,0.0742102,-0.618351,0.142857,0.2,0.0661157,1,0.666667,0.6
0,871,-1.25659,1.14825,0.187478,0.1,1,0.0714286,1,0.5,0.7
0,871,-0.0824257,0.0625404,-0.124723,0.2,0.166667,0.0806452,0,0,0.8
0,871,-0.398087,0.881573,0.941368,0.166667,0.333333,0.114286,1,0.333333,0.9
0,871,-0.538279,-0.149971,-2.0999,0.125,0.142857,0.121622,1,0.5,1
1,872,2.5816,-1.17971,0.460107,1,0.111111,0.158537,1,0.833333,0.1
0,872,0.182557,-0.508299,-0.0673774,0.25,0.142857,0.140845,0,0,0.2
0,872,0.390714,0.270599,1.82324,0.5,0.25,0.144737,0,0,0.3
0,872,-0.893804,0.535199,-0.357338,0.111111,0.333333,0.131148,1,0.833333,0.4
0,872,-1.10582,0.0146458,-1.81582,0.1,0.166667,0.0833333,1,0.833333,0.5
0,872,0.379994,-1.47385,-0.682539,0.333333,0.1,0.127907,0,0,0.6
0,872,-0.586378,0.677284,0.724317,0.142857,0.5,0.062069,1,0.833333,0.7
1,872,-0.753969,2.16784,0.794873,0.125,1,0.0705882,1,0.833333,0.8
0,872,0.0636739,0.26425,0.276387,0.2,0.2,0.101124,0,0,0.9
0,872,-0.258575,-0.767951,-1.15585,0.166667,0.125,0.152542,1,0.833333,1
0,873,-0.0482364,-0.462008,-0.492896,0.2,0.125,0.133333,0,0.166667,0.1
1,873,0.370999,2.3745,1.39718,0.25,1,0.125,1,0,0.2
0,873,-1.59452,-0.120149,-0.930361,0.111111,0.166667,0.214286,0,0.333333,0.3
0,873,-0.217212,-0.966754,-1.36724,0.125,0.111111,0.149254,1,0.333333,0.4
0,873,-0.0634341,0.0808605,-0.0560161,0.166667,0.2,0.125,1,0.333333,0.5
0,873,-1.70861,0.792868,-0.175016,0.1,0.5,0.116883,0,0,0.6
0,873,-0.18407,-1.53872,-1.35503,0.142857,0.1,0.225,0,0.5,0.7
1,873,1.63585,-0.405573,0.711296,1,0.142857,0.134146,0,0.333333,0.8
0,873,0.890218,0.0915475,0.886977,0.333333,0.25,0.175439,1,0.333333,0.9
0,873,0.919015,0.153435,1.38111,0.5,0.333333,0.13253,0,0,1
0,874,-0.0715519,-0.770831,-1.95754,0.142857,0.111111,0.0697674,0,0,0.1
0,874,-1.59547,1.13142,-0.723851,0.1,0.333333,0.097561,1,0.333333,0.2
0,874,1.65708,-0.678062,1.58532,1,0.166667,0.12963,0,0,0.3
0,874,-0.624944,0.545255,-0.437082,0.125,0.25,0.0659341,0,0,0.4
0,874,-1.59038,1.80561,0.487956,0.111111,1,0.097561,0,0,0.5
0,874,0.0597663,-0.670001,0.293116,0.2,0.2,0.166667,1,0.166667,0.6
1,874,0.887647,-1.11433,-0.723851,0.333333,0.1,0.0808081,0,0,0.7
0,874,0.289326,-0.740446,-0.437082,0.25,0.125,0.107143,1,0.166667,0.8
1,874,0.036118,1.18078,1.14486,0.166667,0.5,0.128205,1,0.333333,0.9
0,874,0.952413,-0.689397,0.768158,0.5,0.142857,0.189189,1,0.333333,1
0,875,0.399529,1.06199,1.9739,0.333333,0.5,0.0416667,0,0,0.1
1,875,0.0388308,0.0247746,0.256755,0.25,0.166667,0.06,1,0,0.2
1,875,-0.680581,1.05182,-0.31876,0.111111,0.333333,0.0214286,1,0,0.3
0,875,-1.03797,-0.794445,-2.24418,0.1,0.125,0.0967742,0,0,0.4
0,875,-0.593478,0.135429,-0.396917,0.142857,0.2,0.0740741,0,0,0.5
0,875,2.65246,-1.67594,0.120342,1,0.1,0.0588235,0,0,0.6
0,875,-0.623088,1.48686,0.709058,0.125,1,0.0363636,0,0,0.7
0,875,0.477397,-1.30707,0.0399564,0.5,0.111111,0.125,0,0,0.8
0,875,-0.0997603,-0.431981,-0.396917,0.2,0.142857,0.0833333,0,0,0.9
0,875,-0.533332,0.448566,0.256755,0.166667,0.25,0.0336134,0,0,1
0,876,-0.0412009,0.182128,0.31528,0.166667,0.25,0.0736842,0,0,0.1
0,876,0.0651464,0.794778,1.55664,0.25,0.333333,0.0609756,0,0.166667,0.2
1,876,1.44219,-0.531186,1.18248,0.5,0.166667,0.140351,0,0.166667,0.3
0,876,0.0378617,-0.788388,-0.86503,0.2,0.125,0.217391,0,0,0.4
1,876,1.64338,-1.22401,0.147772,1,0.1,0.230769,1,0,0.5
0,876,-0.281951,-0.829868,-2.02186,0.142857,0.111111,0.111111,0,0,0.6
0,876,-1.42766,1.10847,-0.307152,0.1,0.5,0.0694444,1,0.166667,0.7
0,876,-1.41186,2.13761,0.503989,0.111111,1,0.0571429,0,0.166667,0.8
0,876,-0.75478,-0.217842,-0.86503,0.125,0.2,0.0961538,0,0,0.9
0,876,0.728873,-0.631686,0.352914,0.333333,0.142857,0.25,0,0,1
0,877,-0.859095,0.852539,-0.0257619,0.125,0.333333,0.105263,1,1,0.1
0,877,-1.79862,1.57576,0.153969,0.1,1,0.106383,1,1,0.2
1,877,0.054148,-1.03443,-1.70124,0.166667,0.111111,0.181818,1,1,0.3
1,877,1.91583,0.553471,2.12393,1,0.2,0.133333,0,0,0.4
0,877,-0.996997,0.851902,-0.852442,0.111111,0.25,0.0952381,1,1,0.5
0,877,0.788313,-0.837255,0.433191,0.5,0.125,0.0631579,0,0,0.6
0,877,0.223647,-0.837243,-0.507828,0.2,0.142857,0.116667,1,1,0.7
0,877,0.487669,-0.479688,0.3285,0.25,0.166667,0.0512821,0,0,0.8
0,877,0.557946,-1.51582,-0.778984,0.333333,0.1,0.0958904,1,1,0.9
0,877,-0.372833,0.870766,0.826665,0.142857,0.5,0.171429,1,1,1
1,878,0.926051,-1.61091,-0.204496,0.5,0.1,0.0384615,1,0.166667,0.1
0,878,0.777518,0.360126,0.761021,0.333333,0.2,0.0588235,0,0,0.2
0,878,1.85487,0.997775,1.91662,1,0.333333,0.045977,0,0,0.3
0,878,-0.51165,1.1155,0.528227,0.142857,0.5,0.025641,1,0.166667,0.4
1,878,-1.85247,1.44802,0.0983838,0.1,1,0,0,0,0.5
0,878,0.545617,0.159435,0.209907,0.25,0.166667,0.0597015,0,0,0.6
0,878,-0.507773,0.37769,0.209907,0.166667,0.25,0.0275229,0,0,0.7
0,878,-0.663371,-1.15884,-1.84168,0.111111,0.111111,0.0322581,0,0,0.8
0,878,0.0667339,-0.815798,-0.324495,0.2,0.142857,0.0508475,0,0,0.9
0,878,-0.635524,-0.873001,-1.3534,0.125,0.125,0.0240964,0,0,1
0,879,-0.312098,-1.23188,-0.646334,0.25,0.1,0.115942,1,0,0.1
0,879,0.231088,-0.171312,1.09917,0.5,0.25,0.238095,0,0,0.2
1,879,2.93313,2.24417,2.07721,1,1,0.104478,1,0,0.3
1,879,-0.512519,1.39457,0.0270037,0.111111,0.5,0.204545,0,0,0.4
0,879,-0.40874,-0.451016,-0.910963,0.125,0.142857,0.25,0,0,0.5
0,879,-0.339363,-0.516065,-0.476091,0.2,0.125,0.176471,1,0.166667,0.6
0,879,-0.38418,-0.790962,-0.898641,0.166667,0.111111,0.195652,0,0,0.7
0,879,-0.215905,0.280753,1.09159,0.333333,0.333333,0.121951,0,0,0.8
0,879,-0.583333,-0.307329,-0.873963,0.1,0.2,0.216216,1,0.166667,0.9
0,879,-0.408083,-0.450928,-0.488978,0.142857,0.166667,0.236842,0,0,1
0,880,-1.07153,1.09837,-0.229847,0.1,0.5,0.121951,1,0.833333,0.1
0,880,-0.143582,-0.194105,-0.0735655,0.2,0.166667,0.0847458,1,0.666667,0.2
1,880,2.64702,-0.351996,0.651545,1,0.125,0.186667,1,0,0.3
0,880,-0.283429,0.470879,-0.0735655,0.166667,0.2,0.1875,1,0.833333,0.4
0,880,-0.585369,-0.31006,-1.23859,0.125,0.142857,0.140625,0,0,0.5
1,880,-0.0456184,1.3141,1.83491,0.25,1,0.104478,0,0.166667,0.6
0,880,-0.855746,0.685976,-0.292905,0.111111,0.333333,0.109375,1,0.333333,0.7
0,880,-0.485556,-1.91104,-1.77955,0.142857,0.1,0.186047,1,0.666667,0.8
0,880,0.626437,-1.43618,0.0367155,0.5,0.111111,0.146067,1,0.5,0.9
0,880,0.197379,0.634055,1.16486,0.333333,0.25,0.164179,0,0.333333,1
0,881,-1.17798,0.577693,-0.760199,0.111111,0.25,0.0526316,1,0.833333,0.1
0,881,-1.20271,0.914626,0.137308,0.1,1,0.047619,1,0.833333,0.2
0,881,-0.176206,-0.859593,-1.51715,0.166667,0.111111,0.029703,1,0.333333,0.3
0,881,0.292036,0.321839,-0.0913463,0.2,0.166667,0.0444444,1,0.333333,0.4
0,881,-1.08473,0.713392,-0.0229742,0.125,0.333333,0.0555556,1,0.666667,0.5
0,881,0.34045,0.56079,0.665607,0.25,0.2,0.043956,1,0.666667,0.6
0,881,1.23541,0.838352,2.25219,0.333333,0.5,0.0714286,0,0,0.7
0,881,-0.865195,0.056683,-1.18706,0.142857,0.142857,0.1,1,0.833333,0.8
1,881,1.32956,-2.45037,0.137308,1,0.1,0.0684932,1,1.16667,0.9
1,881,1.30937,-0.673415,0.386315,0.5,0.125,0.12,1,0,1
0,882,0.330527,0.349496,0.15913,0.166667,0.25,0.137931,0,0,0.1
0,882,-1.3464,-0.500441,-1.20028,0.1,0.142857,0.0769231,1,0.333333,0.2
0,882,-1.21979,-0.403703,-0.639025,0.125,0.166667,0.0882353,1,0.5,0.3
1,882,1.35726,2.29416,1.90492,1,1,0.184211,1,0.5,0.4
0,882,-1.34466,-0.80904,-1.21109,0.111111,0.125,0.0625,0,0,0.5
0,882,0.643534,0.405877,0.785675,0.25,0.333333,0.145455,0,0,0.6
0,882,0.876384,-0.128067,0.576927,0.333333,0.2,0.0740741,1,0.833333,0.7
0,882,1.06954,-1.00624,0.0247639,0.5,0.111111,0.0909091,1,0.166667,0.8
0,882,-0.705972,-1.18099,-1.20028,0.142857,0.1,0.0958904,1,0.333333,0.9
1,882,0.339578,0.978941,0.79925,0.2,0.5,0.0892857,1,0.666667,1
0,883,0.27449,-1.11366,-0.305566,0.333333,0.111111,0.113636,0,0,0.1
1,883,1.06043,1.90982,2.59121,0.5,1,0.0909091,1,0,0.2
0,883,-0.382615,-0.587058,-0.988385,0.166667,0.125,0.0636364,0,0,0.3
0,883,-0.207605,0.315974,0.882088,0.25,0.25,0.0705882,0,0,0.4
1,883,2.49982,-1.88052,0.11536,1,0.1,0.236842,0,0,0.5
0,883,-0.885507,0.701234,-0.58365,0.1,0.333333,0.0638298,0,0,0.6
0,883,-0.736039,0.223956,-0.675297,0.125,0.2,0.12,0,0,0.7
0,883,-0.847015,0.73574,0.0383025,0.111111,0.5,0.0833333,0,0,0.8
0,883,-0.480722,-0.124087,-0.693576,0.142857,0.166667,0.115385,0,0,0.9
0,883,-0.295234,-0.181392,-0.380488,0.2,0.142857,0.0648148,0,0,1
0,884,0.502595,-0.550175,-0.285583,0.25,0.125,0.137931,1,1.5,0.1
0,884,0.82479,-0.2349,0.748037,0.5,0.166667,0.105263,1,0.5,0.2
1,884,2.26061,-1.71864,0.0934809,1,0.1,0.35,1,1.16667,0.3
0,884,-0.14736,0.814065,0.723095,0.2,0.333333,0.097561,1,0.5,0.4
0,884,-0.659858,0.525724,-0.046688,0.142857,0.25,0.0754717,1,1.16667,0.5
0,884,-0.318304,0.964219,0.748037,0.166667,0.5,0.0479042,1,1.16667,0.6
0,884,-0.844409,-1.28746,-1.51793,0.125,0.111111,0.0985915,1,1.5,0.7
1,884,-1.05848,-0.358685,-1.27903,0.111111,0.142857,0.333333,1,1.16667,0.8
0,884,0.559368,1.73834,1.82111,0.333333,1,0.0657895,1,1.16667,0.9
0,884,-1.11895,0.107512,-1.00453,0.1,0.2,0.0736842,1,1.16667,1
0,885,-0.0964293,-0.0474973,-0.068906,0.2,0.166667,0.14,0,0,0.1
0,885,0.0432506,0.922866,1.69892,0.333333,0.5,0.0567376,0,0,0.2
1,885,2.37309,-1.8914,0.103577,1,0.1,0.1875,1,0,0.3
0,885,-0.891436,0.859589,-0.274353,0.111111,0.333333,0.115385,0,0,0.4
1,885,1.22094,-1.08335,0.291412,0.5,0.125,0.111111,1,0,0.5
0,885,-1.0349,-1.16325,-2.18856,0.1,0.111111,0.12,0,0,0.6
0,885,-0.587213,1.2,0.874973,0.142857,1,0.102941,0,0,0.7
0,885,-0.770486,0.450987,-0.606317,0.125,0.2,0.166667,0,0,0.8
0,885,-0.00703029,0.810071,0.791984,0.25,0.25,0.0519481,0,0,0.9
0,885,-0.249781,-0.0580058,-0.622729,0.166667,0.142857,0.12963,0,0,1
0,886,-0.866702,0.307877,-1.84591,0.1,0.166667,0.0714286,0,0,0.1
1,886,2.69599,-2.60932,0.137142,1,0.1,0.2,1,0.166667,0.2
0,886,-0.601967,0.493328,-0.0229465,0.125,0.333333,0.0634921,0,0,0.3
0,886,0.428091,0.197739,0.327526,0.333333,0.142857,0.0543478,1,0,0.4
0,886,-0.387056,0.391333,0.664802,0.2,0.25,0.0769231,0,0,0.5
1,886,-0.680419,1.16509,0.467732,0.111111,1,0.0470588,0,0,0.6
0,886,0.0432336,0.766103,1.85345,0.25,0.5,0.0574713,1,0.166667,0.7
0,886,-0.583869,-0.396592,-1.5361,0.142857,0.125,0.121212,0,0,0.8
0,886,-0.51261,0.347018,-0.0912359,0.166667,0.2,0.0925926,0,0.166667,0.9
0,886,0.465308,-0.662571,0.0455345,0.5,0.111111,0.115942,0,0.166667,1
0,887,0.0608825,-0.849472,-0.510079,0.25,0.111111,0.2,1,1.33333,0.1
0,887,-0.68385,-0.544627,-0.78936,0.166667,0.125,0.137931,1,1.33333,0.2
0,887,-0.891707,-0.323076,-1.01798,0.111111,0.166667,0.103448,1,1.33333,0.3
0,887,0.0021953,-1.98927,-0.990026,0.2,0.1,0.172414,1,1.33333,0.4
1,887,2.02241,1.53454,2.35307,1,1,0.0636364,1,0,0.5
0,887,-0.819567,-0.0210244,-0.303871,0.142857,0.2,0.075,1,1.33333,0.6
1,887,0.747735,0.543244,0.970511,0.333333,0.25,0.0853659,1,1.33333,0.7
0,887,1.34715,-0.351573,0.494655,0.5,0.142857,0.0833333,1,1.33333,0.8
0,887,-0.846957,1.2687,0.25921,0.125,0.5,0.043956,1,1.33333,0.9
0,887,-0.938296,0.732565,-0.466124,0.1,0.333333,0.0754717,1,1.33333,1
1,888,-0.824022,1.01993,1.31045,0.142857,0.333333,0.105882,1,0.166667,0.1
0,888,-0.986007,0.764123,-1.67631,0.125,0.25,0.205882,1,0.166667,0.2
0,888,0.594044,-0.0144644,-0.365039,0.2,0.166667,0.28125,1,0.166667,0.3
0,888,-0.483672,0.542692,-0.365039,0.166667,0.2,0.181818,1,0.166667,0.4
0,888,0.627107,-0.617006,-0.274048,0.25,0.142857,0.375,1,0.5,0.5
0,888,0.801483,-1.20269,1.5438,0.5,0.125,0.473684,1,0.5,0.6
0,888,0.801483,-1.22477,-1.45342,0.333333,0.111111,0.473684,1,0.5,0.7
0,888,-1.1782,1.16701,0.548711,0.1,1,0.15625,1,0.166667,0.8
0,888,-1.17377,1.06662,0.182186,0.111111,0.5,0.0843373,0,0,0.9
1,888,1.82155,-1.50145,0.548711,1,0.1,0.555556,1,0.666667,1
0,889,-0.996441,-0.115263,-0.964963,0.1,0.166667,0.0666667,1,0.166667,0.1
0,889,-0.35081,-1.62157,-0.770391,0.2,0.1,0.0952381,0,0,0.2
0,889,1.99473,1.3744,1.83104,1,1,0.138889,1,0.166667,0.3
1,889,-0.678756,0.38015,-0.0358058,0.142857,0.25,0.105263,0,0,0.4
0,889,-0.238429,-0.159786,-0.0358058,0.25,0.142857,0.0666667,1,0.166667,0.5
0,889,-0.35901,-0.410537,-0.614243,0.166667,0.125,0.0961538,1,0.166667,0.6
1,889,1.11605,1.36688,1.17593,0.333333,0.5,0.0402685,1,0.333333,0.7
0,889,-0.724743,-0.106403,-0.419671,0.125,0.2,0.0689655,0,0,0.8
0,889,-0.990269,-1.57856,-1.34202,0.111111,0.111111,0.0568182,1,0.166667,0.9
0,889,1.22768,0.870687,1.17593,0.5,0.333333,0.0617284,1,0.166667,1
1,890,1.57137,0.398997,1.64185,1,0.2,0.148936,1,0,0.1
0,890,-1.32694,0.663749,-0.658955,0.111111,0.25,0.0588235,0,0,0.2
0,890,0.563606,0.703467,1.59746,0.333333,0.333333,0.0958904,0,0,0.3
0,890,-0.807254,0.0569562,-1.02897,0.142857,0.142857,0.0654206,0,0,0.4
0,890,0.103955,-2.5901,-1.60201,0.166667,0.1,0.119403,0,0,0.5
0,890,-0.819818,0.875056,0.701278,0.125,1,0.135135,1,0,0.6
1,890,0.465151,-0.483275,-0.363608,0.25,0.125,0.205882,1,0,0.7
0,890,1.44668,-0.658197,0.0395179,0.5,0.111111,0.079646,0,0,0.8
0,890,-1.33746,0.853633,-0.247391,0.1,0.5,0.0697674,0,0,0.9
0,890,0.140709,0.179718,-0.0791807,0.2,0.166667,0.0583942,0,0,1
0,891,-1.4833,-0.721565,-1.86116,0.1,0.125,0.0869565,0,0,0.1
0,891,-0.0988845,0.315163,-0.33726,0.166667,0.166667,0.148148,0,0,0.2
0,891,-1.13002,0.545687,-0.552554,0.111111,0.25,0.0379747,0,0.166667,0.3
1,891,2.28488,-2.23049,0.0998027,1,0.1,0.121951,1,0.166667,0.4
0,891,-0.438019,0.862525,0.238352,0.142857,0.333333,0.0393701,0,0,0.5
0,891,0.810312,-0.800329,0.033137,0.5,0.111111,0.111111,0,0,0.6
1,891,-0.00333685,-0.543531,-0.329175,0.2,0.142857,0.0689655,1,0,0.7
0,891,0.457957,1.12624,1.94426,0.333333,1,0.0674157,1,0.166667,0.8
0,891,0.0780392,0.960783,1.34882,0.25,0.5,0.0526316,0,0,0.9
0,891,-0.477626,0.48552,-0.584225,0.125,0.2,0.097561,0,0.166667,1
0,892,-0.334572,-0.0939706,-0.844058,0.142857,0.142857,0.046875,0,0.166667,0.1
0,892,-0.293688,-0.880217,-0.571522,0.2,0.125,0.075,1,1,0.2
0,892,-0.35635,1.10905,0.274689,0.125,0.5,0.0384615,1,0.833333,0.3
1,892,2.99535,1.50305,2.49358,1,1,0.0348837,1,0,0.4
0,892,-0.327724,0.239622,-0.329927,0.166667,0.166667,0.0857143,0,0.166667,0.5
1,892,-0.389754,0.470837,-0.258608,0.111111,0.333333,0.06,1,0.833333,0.6
0,892,-0.267196,-1.98318,-0.202934,0.5,0.1,0.0833333,1,0.666667,0.7
0,892,-0.274892,0.462425,1.02847,0.333333,0.25,0.0625,1,0.666667,0.8
0,892,-0.291015,-1.1062,-0.540539,0.25,0.111111,0.0517241,0,0,0.9
0,892,-0.460158,0.278589,-1.04915,0.1,0.2,0.0588235,1,1,1
1,893,0.315033,-0.646437,-0.0682064,0.25,0.142857,0.0338983,0,0,0.1
1,893,0.47388,-1.00757,-0.361735,0.333333,0.111111,0.0363636,1,0,0.2
0,893,0.733009,-0.922423,0.384228,0.5,0.125,0.06,0,0,0.3
0,893,2.53026,-2.04046,0.136566,1,0.1,0.111111,0,0,0.4
0,893,-0.675363,0.769481,1.88387,0.2,1,0,0,0,0.5
0,893,-0.675363,0.769481,1.09281,0.166667,0.5,0,0,0,0.6
0,893,-0.675363,0.769481,0.326151,0.142857,0.333333,0,0,0,0.7
0,893,-0.675363,0.769481,-0.417207,0.125,0.25,0,0,0,0.8
0,893,-0.675363,0.769481,-1.13831,0.111111,0.2,0,0,0,0.9
0,893,-0.675363,0.769481,-1.83816,0.1,0.166667,0,0,0,1
0,894,-0.745583,0.194157,-0.706306,0.111111,0.2,0.150685,1,0.333333,0.1
0,894,-1.53919,-1.1928,-1.79048,0.1,0.111111,0.147541,0,0,0.2
1,894,1.14459,1.80479,1.90335,0.5,1,0.18,1,0,0.3
0,894,0.924619,-0.280684,0.425483,0.333333,0.166667,0.166667,1,0.166667,0.4
0,894,-0.396505,-0.797929,-0.72601,0.166667,0.125,0.157895,1,0,0.5
1,894,1.95028,-1.55095,0.084737,1,0.1,0.189873,1,0.666667,0.6
0,894,0.243405,0.3334,0.64793,0.25,0.25,0.226415,1,0.333333,0.7
0,894,-0.50792,1.27497,0.454957,0.142857,0.5,0.146067,1,0.166667,0.8
0,894,-0.703487,-0.340532,-0.949121,0.125,0.142857,0.141176,1,0.333333,0.9
0,894,-0.370212,0.555575,0.655459,0.2,0.333333,0.132653,1,0.333333,1
0,895,0.00260426,0.106128,0.623848,0.333333,0.166667,0.0795455,1,1.16667,0.1
0,895,-0.481874,-0.080699,-1.39161,0.142857,0.125,0.05,1,1.16667,0.2
0,895,-0.693884,0.770305,-0.258244,0.1,0.5,0.0280374,1,1.16667,0.3
1,895,2.53213,-2.53321,0.124242,1,0.1,0.306122,1,0,0.4
1,895,1.19833,-1.04571,0.0412516,0.5,0.111111,0.104651,1,0,0.5
0,895,-0.467752,0.597089,-0.0826544,0.166667,0.2,0.0526316,1,1.16667,0.6
0,895,-0.691794,0.639853,-0.687863,0.111111,0.25,0.0384615,1,1.16667,0.7
0,895,-0.690458,0.0649609,-1.39161,0.125,0.142857,0.0280374,1,1.16667,0.8
0,895,-0.26884,0.814595,2.06161,0.25,1,0.0431034,1,1.16667,0.9
0,895,-0.438462,0.66669,0.961043,0.2,0.333333,0.0510204,1,1.16667,1
1,896,0.718895,1.51456,2.17675,0.5,1,0.125,1,0,0.1
0,896,-0.503354,-1.80678,-1.04137,0.2,0.1,0.0925926,1,0.666667,0.2
0,896,-0.573391,1.34281,0.520307,0.142857,0.5,0.102041,1,0.666667,0.3
0,896,-0.0440129,-0.309141,-0.0484,0.25,0.142857,0.0560748,0,0.166667,0.4
0,896,0.18907,-0.277017,0.4866,0.333333,0.166667,0.0810811,0,0.166667,0.5
0,896,-0.556614,0.0175813,-0.0644701,0.166667,0.2,0.0595238,0,0,0.6
0,896,-0.680988,-0.683173,-1.80719,0.1,0.125,0.0967742,1,0.666667,0.7
1,896,2.70283,-1.03162,0.330514,1,0.111111,0.0592105,1,0.666667,0.8
0,896,-0.615712,0.912244,-0.0162147,0.125,0.333333,0.0609756,1,0.666667,0.9
0,896,-0.636723,0.320545,-0.536531,0.111111,0.25,0.097561,0,0,1
1,897,-0.970787,-1.33334,-1.86651,0.1,0.1,0.147059,1,0.333333,0.1
0,897,-0.546641,0.530331,-0.0396003,0.142857,0.25,0.0833333,0,0,0.2
0,897,-0.486907,2.17589,1.09377,0.2,1,0.0869565,0,0.166667,0.3
0,897,-0.358272,-1.24756,-0.438983,0.25,0.111111,0.181818,1,0.333333,0.4
0,897,1.57521,0.820679,1.78099,1,0.5,0.0316742,0,0,0.5
0,897,1.53234,-0.350794,0.634478,0.5,0.166667,0.0731707,0,0.333333,0.6
0,897,1.39872,-0.451859,-0.0132667,0.333333,0.125,0.111111,0,0.166667,0.7
0,897,-0.680677,-0.305936,-0.464145,0.125,0.2,0.138889,0,0.166667,0.8
1,897,-0.923946,-0.439499,-1.08486,0.111111,0.142857,0.148148,1,0.166667,0.9
0,897,-0.539037,0.602093,0.39813,0.166667,0.333333,0.0810811,0,0,1
0,898,-0.927234,0.702528,-0.0515022,0.142857,0.25,0.131579,0,0,0.1
0,898,0.946855,-2.31848,-0.21434,0.5,0.1,0.157895,1,0.666667,0.2
0,898,0.728984,0.541584,0.797656,0.333333,0.2,0.106383,0,0.5,0.3
1,898,-1.14694,-0.844588,-1.93033,0.111111,0.111111,0.16,1,0,0.4
0,898,-1.24543,0.743228,-0.521722,0.1,0.333333,0.1,1,0.666667,0.5
0,898,0.0182472,0.947851,0.82517,0.166667,0.5,0.0961538,1,1,0.6
0,898,0.0939612,0.136616,-0.0686023,0.2,0.166667,0.121951,1,1,0.7
0,898,-0.976425,-0.15958,-1.15503,0.125,0.142857,0.125,0,0.5,0.8
0,898,0.646458,1.01931,1.71111,0.25,1,0.0740741,1,0.666667,0.9
1,898,1.86152,-0.768468,0.607588,1,0.125,0.097561,1,0,1
1,899,2.57673,-2.15465,0.197239,1,0.1,0.133333,1,0,0.1
1,899,-0.905038,0.711617,-1.56747,0.1,0.25,0.0952381,1,0.166667,0.2
0,899,-0.670994,0.383795,-0.650545,0.142857,0.2,0.0588235,0,0.166667,0.3
0,899,-0.213225,-0.719452,-1.1546,0.2,0.125,0.0655738,0,0.166667,0.4
0,899,-0.737166,1.23464,0.672699,0.111111,1,0.0588235,0,0,0.5
0,899,0.381927,0.724905,2.07772,0.25,0.333333,0.060241,0,0.333333,0.6
0,899,-0.708498,1.13419,0.554932,0.125,0.5,0.0545455,0,0.333333,0.7
0,899,0.50029,-0.736915,0.0654883,0.5,0.111111,0.0655738,1,0.166667,0.8
0,899,-0.650079,-0.0246717,-0.666524,0.166667,0.166667,0.0833333,0,0,0.9
0,899,0.426052,-0.553464,0.471052,0.333333,0.142857,0.0352941,1,0,1
1,900,2.8423,-0.88973,0.609863,1,0.125,0.166667,1,0,0.1
0,900,-0.678127,-0.0770434,-1.66571,0.1,0.142857,0.0483871,0,0.333333,0.2
0,900,0.144359,0.105598,0.800642,0.333333,0.2,0.0361446,0,0,0.3
0,900,-0.308636,0.100832,-0.349775,0.166667,0.166667,0.0506329,0,0.333333,0.4
0,900,-0.282271,0.145127,0.791446,0.25,0.25,0.0493827,0,0,0.5
0,900,-0.291386,0.695386,1.10917,0.2,0.5,0.0425532,0,0.333333,0.6
0,900,-0.485852,0.228849,0.247196,0.142857,0.333333,0.0526316,0,0,0.7
0,900,0.34458,-1.62814,-0.215142,0.5,0.1,0.114286,0,0,0.8
1,900,-0.627407,2.25694,0.609863,0.125,1,0.027027,1,0,0.9
0,900,-0.657558,-0.937814,-1.93756,0.111111,0.111111,0.0769231,0,0,1
1,901,2.18212,-0.227493,1.005,1,0.125,0.111111,0,0.166667,0.1
0,901,0.160766,0.250356,-0.113474,0.2,0.166667,0.0598291,0,0.166667,0.2
0,901,0.468172,-0.118616,0.407359,0.333333,0.142857,0.137255,0,0,0.3
0,901,0.278096,0.284965,0.826844,0.25,0.2,0.0584416,0,0.166667,0.4
1,901,0.945359,-2.63581,-0.354537,0.5,0.1,0.25641,1,0.833333,0.5
0,901,-1.3385,1.01634,0.170569,0.1,1,0.0674157,1,0.833333,0.6
0,901,-0.605504,0.664407,0.407359,0.142857,0.333333,0.0677966,1,0.833333,0.7
0,901,-0.208932,0.567608,0.363918,0.166667,0.25,0.145833,1,1,0.8
0,901,-1.09928,0.815564,0.0566333,0.111111,0.5,0.111111,1,0.833333,0.9
0,901,-0.782301,-0.617319,-2.76968,0.125,0.111111,0.159091,1,0.833333,1
0,902,-0.106576,-0.247481,0.230901,0.333333,0.142857,0.0958904,1,0.666667,0.1
1,902,1.88681,0.513967,1.58584,0.5,0.333333,0.0722892,1,0.166667,0.2
0,902,-0.287599,0.394047,0.739274,0.25,0.25,0.0454545,1,0.666667,0.3
0,902,2.05662,0.316761,1.3337,1,0.2,0.0769231,1,0.166667,0.4
0,902,-0.567666,0.181747,-0.581283,0.142857,0.166667,0.0659341,1,0.833333,0.5
0,902,-0.554935,-1.63746,-1.06828,0.166667,0.111111,0.103448,1,0.166667,0.6
0,902,-0.594005,0.975273,0.272017,0.125,0.5,0.0625,0,0,0.7
0,902,-0.617378,-0.326674,-1.56992,0.111111,0.125,0.0722892,1,0.666667,0.8
0,902,-0.525437,-1.76323,-1.03894,0.2,0.1,0.105263,1,0.666667,0.9
1,902,-0.68984,1.59305,0.096683,0.1,1,0.122449,0,0,1
0,903,0.298597,0.151711,0.232022,0.25,0.166667,0.172414,0,0,0.1
1,903,2.29378,-2.58694,0.108749,1,0.1,0.205882,0,0,0.2
0,903,1.07921,0.310958,1.16536,0.5,0.2,0.0390625,1,0,0.3
0,903,-0.802799,-0.648788,-1.48794,0.142857,0.111111,0.0568182,0,0,0.4
0,903,-0.849897,0.576528,-0.288054,0.111111,0.333333,0.0819672,0,0,0.5
0,903,-0.753791,0.0441665,-0.653828,0.166667,0.142857,0.151515,0,0,0.6
0,903,0.105711,1.31245,1.50015,0.2,1,0.047619,0,0,0.7
1,903,0.322401,0.326028,1.14557,0.333333,0.25,0.137931,0,0,0.8
0,903,-0.823297,-0.228823,-1.49599,0.125,0.125,0.035461,0,0,0.9
0,903,-0.869919,0.742704,-0.226041,0.1,0.5,0.0505051,0,0,1
0,904,-0.298136,-0.337052,-1.14089,0.166667,0.142857,0.0776699,1,0.333333,0.1
0,904,-1.40957,1.11613,0.189761,0.1,1,0.076087,0,0,0.2
0,904,-0.0628265,-0.0269276,-0.126242,0.2,0.166667,0.079646,0,0,0.3
0,904,0.247526,-1.41768,-0.502638,0.333333,0.111111,0.0810811,1,0.333333,0.4
0,904,-0.89533,0.904392,-0.502638,0.111111,0.333333,0.0895522,0,0,0.5
1,904,1.92804,-1.89897,0.189761,1,0.1,0.109589,1,0.333333,0.6
0,904,0.0566056,0.999945,2.5646,0.25,0.5,0.148148,0,0,0.7
0,904,-0.707493,0.58465,-1.11083,0.125,0.2,0.113208,0,0,0.8
0,904,-0.474673,0.69409,-0.0947742,0.142857,0.25,0.0616438,0,0,0.9
1,904,1.61586,-0.618571,0.533893,0.5,0.125,0.118421,0,0,1
1,905,-0.552722,0.65024,0.40678,0.142857,0.333333,0.138889,1,0,0.1
0,905,-0.534301,1.11214,1.88732,0.166667,1,0.0576923,1,0.333333,0.2
0,905,0.184121,0.205202,0.363401,0.25,0.166667,0.0933333,1,0.166667,0.3
0,905,0.327201,0.114738,0.914494,0.5,0.142857,0.1125,1,0.166667,0.4
0,905,0.233339,-0.63929,-0.451161,0.333333,0.111111,0.145455,0,0,0.5
0,905,-0.578682,0.765988,0.479215,0.125,0.5,0.0598291,1,0.333333,0.6
1,905,2.76222,-2.56176,0.170327,1,0.1,0.203125,0,0,0.7
0,905,-0.741257,0.383256,-1.41972,0.111111,0.2,0.0462963,1,0.333333,0.8
0,905,-0.332586,-0.553607,-0.997062,0.2,0.125,0.0597015,0,0,0.9
0,905,-0.767334,0.523093,-1.3536,0.1,0.25,0.0731707,0,0,1
0,906,1.90454,-1.17533,0.0865324,1,0.1,0.0649351,0,0.333333,0.1
0,906,-1.24451,-1.05598,-1.61983,0.111111,0.111111,0.0526316,0,0.333333,0.2
1,906,0.539396,1.94864,1.43587,0.25,1,0.0344828,1,0,0.3
0,906,-0.267443,-0.571582,-0.520255,0.166667,0.142857,0.0512821,1,0.5,0.4
0,906,0.408863,-0.933466,-0.506544,0.2,0.125,0.0470588,1,0.166667,0.5
0,906,-1.29392,0.194093,-0.929864,0.1,0.2,0.0379747,0,0,0.6
0,906,0.807717,1.41916,1.67729,0.5,0.5,0.043956,0,0,0.7
0,906,-0.31163,-0.484728,-0.520255,0.142857,0.166667,0.0434783,0,0,0.8
0,906,-1.19971,0.376188,-0.0144785,0.125,0.333333,0.0526316,0,0,0.9
1,906,0.65669,0.283006,0.911536,0.333333,0.25,0.0655738,1,0,1
0,907,0.567057,0.173053,0.93973,0.333333,0.25,0.0409836,0,0,0.1
0,907,-0.159535,-0.487881,-0.764325,0.166667,0.125,0.0320513,1,0,0.2
0,907,0.506236,-1.59862,-0.958626,0.2,0.1,0.0555556,0,0,0.3
0,907,-1.04094,-0.27771,-1.22058,0.111111,0.142857,0.0235294,0,0,0.4
0,907,0.634119,1.23735,1.72917,0.5,0.5,0.0980392,1,0,0.5
0,907,-0.80585,1.87517,0.525623,0.125,1,0.0519481,0,0,0.6
0,907,-0.727971,-1.26903,-1.22058,0.142857,0.111111,0.0540541,0,0,0.7
1,907,2.02125,-0.158546,0.988487,1,0.166667,0.121212,0,0,0.8
0,907,0.540096,-0.126573,0.432445,0.25,0.2,0.05,0,0,0.9
1,907,-1.53446,0.632779,-0.451341,0.1,0.333333,0.0294118,0,0,1
0,908,1.52623,-0.539634,0.771222,1,0.125,0.0493827,0,0,0.1
1,908,1.47759,-2.20607,-0.272066,0.5,0.1,0.125,1,0.166667,0.2
0,908,-0.537739,-1.03243,-1.09102,0.2,0.111111,0.0535714,0,0,0.3
0,908,-0.615052,0.854995,0.657237,0.166667,0.333333,0.0810811,0,0,0.4
0,908,-0.782178,1.27723,0.771222,0.125,1,0.0428571,0,0,0.5
0,908,0.320828,0.879021,1.76899,0.25,0.5,0.0547945,0,0,0.6
0,908,-0.975156,0.0796453,-1.09102,0.111111,0.2,0.04,0,0,0.7
0,908,-0.714172,-0.108874,-1.13159,0.142857,0.142857,0.0348837,0,0,0.8
1,908,1.28984,0.00689333,0.657237,0.333333,0.166667,0.107143,1,0.166667,0.9
0,908,-0.990197,0.789224,-1.0402,0.1,0.25,0.0408163,0,0,1
1,909,2.04737,-2.54374,0.152712,1,0.1,0.166667,1,0,0.1
0,909,-0.482353,0.389991,1.16769,0.25,0.25,0.08,0,0,0.2
1,909,-0.516294,0.506467,0.364711,0.142857,0.333333,0.130435,1,0,0.3
0,909,-0.530304,0.666428,-0.317419,0.1,0.5,0.0533333,1,0.166667,0.4
0,909,-0.442481,-0.805009,-0.404502,0.333333,0.111111,0.0833333,0,0,0.5
0,909,1.95056,0.338866,1.63647,0.5,0.2,0.0583333,0,0,0.6
0,909,-0.496608,-0.0117801,-0.918144,0.166667,0.142857,0.0588235,0,0,0.7
0,909,-0.521067,1.37776,0.520835,0.111111,1,0.0606061,1,0.166667,0.8
0,909,-0.491051,0.118486,-0.101594,0.2,0.166667,0.0701754,0,0,0.9
0,909,-0.517772,-0.0374732,-2.10076,0.125,0.125,0.045977,0,0,1
0,910,-1.15348,-0.160862,-0.417736,0.111111,0.25,0.0677966,1,0.5,0.1
0,910,-0.375301,-0.174932,-0.0501956,0.166667,0.2,0.0714286,0,0,0.2
0,910,1.65587,1.95959,1.69479,0.5,1,0.105263,0,0.166667,0.3
0,910,-0.590846,-1.02089,-1.22517,0.125,0.111111,0.0833333,0,0,0.4
0,910,-0.219475,-0.529371,-0.24886,0.2,0.142857,0.0462963,0,0,0.5
1,910,1.84692,1.43097,1.69479,1,0.5,0.0655738,0,0,0.6
0,910,-0.0280542,-1.29407,-0.599619,0.25,0.1,0.0641026,1,0.333333,0.7
0,910,-1.15617,-0.691232,-1.40706,0.1,0.125,0.0540541,0,0,0.8
1,910,-0.555709,0.722794,0.180196,0.142857,0.333333,0.108108,0,0,0.9
0,910,0.576245,-0.241987,0.37886,0.333333,0.166667,0.0793651,1,0.333333,1
0,911,0.144924,-0.791227,-0.527232,0.2,0.142857,0.0909091,1,0.5,0.1
0,911,0.0922803,-0.899368,-1.36958,0.166667,0.125,0.111111,1,0.5,0.2
0,911,1.63853,-0.48491,1.77125,1,0.166667,0.0869565,0,0,0.3
1,911,0.880465,-0.953045,-0.423414,0.333333,0.111111,0.0641026,1,0.5,0.4
0,911,0.346476,-0.320258,0.77489,0.25,0.2,0.0727273,1,0.5,0.5
1,911,1.26946,-1.29825,-0.33226,0.5,0.1,0.0810811,1,0,0.6
0,911,-1.09303,1.18676,1.35036,0.142857,1,0,0,0,0.7
0,911,-1.09303,1.18676,0.449743,0.125,0.5,0,0,0,0.8
0,911,-1.09303,1.18676,-0.423414,0.111111,0.333333,0,0,0,0.9
0,911,-1.09303,1.18676,-1.27035,0.1,0.25,0,0,0,1
0,912,-0.525391,-0.0133714,-0.466417,0.125,0.25,0.0493827,1,1,0.1
0,912,-0.175112,-0.897533,-0.0255453,0.333333,0.125,0.0724638,1,0.833333,0.2
0,912,-0.315192,-1.04564,-1.68694,0.166667,0.111111,0.0684932,1,0.333333,0.3
0,912,-0.271157,-0.436465,-0.0762513,0.25,0.142857,0.1,1,0.833333,0.4
0,912,-0.75867,2.27191,0.520706,0.111111,1,0.102564,1,0.833333,0.5
0,912,-0.508011,-0.163858,-0.503557,0.142857,0.2,0.0634921,0,0,0.6
1,912,-0.915046,0.924277,-0.31734,0.1,0.5,0.0449438,1,0.833333,0.7
0,912,-0.284292,-0.259924,-0.101569,0.2,0.166667,0.0943396,1,1,0.8
1,912,2.47919,-1.11926,0.152674,1,0.1,0.157895,0,0,0.9
0,912,1.27368,0.739866,2.50424,0.5,0.333333,0.0543478,1,0,1
0,913,-0.0117056,0.128316,0.422893,0.2,0.25,0.103896,0,0,0.1
0,913,-0.770172,0.0383563,-0.287734,0.142857,0.2,0.08,0,0,0.2
0,913,-0.837977,-0.745513,-1.62686,0.1,0.125,0.0387097,1,0.333333,0.3
0,913,-0.772101,-0.698039,-0.977139,0.125,0.142857,0.0722892,1,0.333333,0.4
0,913,-0.453382,-1.0176,-0.963921,0.166667,0.111111,0.0777778,1,0.333333,0.5
0,913,0.147816,1.76558,1.44758,0.25,1,0.115385,1,0,0.6
0,913,-0.797431,0.606939,-0.231076,0.111111,0.333333,0.1,0,0,0.7
1,913,0.296249,-0.0627109,0.438043,0.333333,0.166667,0.0945946,0,0,0.8
0,913,0.589047,1.4779,1.69097,0.5,0.5,0.111111,0,0,0.9
1,913,2.60966,-1.49323,0.0872384,1,0.1,0.289474,1,0,1
0,914,-0.0994402,0.85555,1.0449,0.333333,0.333333,0.0727273,0,0,0.1
0,914,-0.443441,-0.27356,-0.468064,0.142857,0.166667,0.0769231,1,0.833333,0.2
0,914,-0.485709,-0.608791,-1.26414,0.111111,0.125,0.0597015,0,0,0.3
1,914,2.96609,0.0193152,1.29182,1,0.25,0.0857143,1,0,0.4
0,914,-0.089827,-0.208415,0.834261,0.5,0.2,0.0769231,0,0,0.5
0,914,-0.250081,-1.44342,-0.836582,0.2,0.1,0.0714286,1,0.666667,0.6
0,914,-0.486001,-0.284751,-1.25285,0.1,0.142857,0.0597015,1,0.833333,0.7
0,914,-0.479136,1.22763,0.219035,0.125,0.5,0.0677966,1,0.666667,0.8
0,914,-0.424633,-1.1991,-0.860204,0.166667,0.111111,0.08,0,0.333333,0.9
1,914,-0.20782,1.91554,1.29182,0.25,1,0.0869565,1,0.666667,1
1,915,1.92001,0.586872,1.90583,1,0.25,0.232558,1,0.166667,0.1
0,915,-0.954916,1.40245,0.391721,0.111111,1,0.16129,0,0,0.2
0,915,-0.353708,-0.136429,-0.378821,0.2,0.142857,0.164179,1,0.333333,0.3
0,915,-0.38014,-0.196987,-0.984055,0.166667,0.125,0.212766,0,0,0.4
0,915,-0.3878,0.688565,0.616661,0.142857,0.5,0.192982,0,0,0.5
1,915,1.88711,-2.34131,-0.238732,0.5,0.1,0.340426,1,0.166667,0.6
0,915,-1.09645,0.617989,-0.581093,0.1,0.333333,0.119403,0,0,0.7
0,915,-0.0535489,0.401849,0.888428,0.333333,0.2,0.179104,0,0,0.8
0,915,-0.137111,0.0402352,0.245049,0.25,0.166667,0.183673,1,0.333333,0.9
0,915,-0.443447,-1.06323,-1.86499,0.125,0.111111,0.15873,1,0.333333,1
0,916,-0.951689,1.11492,0.0810828,0.111111,0.5,0.0980392,1,0.5,0.1
1,916,2.47689,-2.00949,0.244207,1,0.1,0.282051,0,0,0.2
0,916,-1.13385,1.08139,-1.23553,0.1,0.333333,0.0869565,0,0,0.3
0,916,0.118533,-0.330288,-0.121967,0.25,0.142857,0.123596,0,0.166667,0.4
0,916,-0.418539,0.32304,-0.162463,0.166667,0.2,0.134328,0,0,0.5
0,916,-0.255453,-0.413992,-1.42954,0.2,0.125,0.219512,0,0.166667,0.6
1,916,0.61654,-1.25284,-0.646854,0.333333,0.111111,0.232558,1,0.166667,0.7
0,916,0.649814,-0.061695,1.95415,0.5,0.166667,0.113208,0,0.333333,0.8
0,916,-0.619586,1.21697,1.43888,0.125,1,0.0526316,0,0,0.9
0,916,-0.482651,0.33199,-0.121967,0.142857,0.25,0.109756,0,0.333333,1
1,917,-0.756206,0.914786,0.218474,0.1,1,0.075,1,0,0.1
0,917,-0.548852,0.865495,0.614676,0.125,0.5,0.0606061,0,0,0.2
0,917,-0.673157,0.386216,-1.20957,0.111111,0.25,0.0353982,0,0,0.3
0,917,-0.342471,-0.440883,-1.82104,0.2,0.111111,0.0769231,0,0,0.4
0,917,-0.352502,0.791268,1.097,0.166667,0.333333,0.0641026,0,0,0.5
1,917,2.84902,-2.70852,0.218474,1,0.1,0.0860215,1,0,0.6
0,917,-0.357482,0.190506,-0.720582,0.142857,0.2,0.0689655,0,0,0.7
0,917,0.0340632,0.116359,1.097,0.333333,0.166667,0.0458716,0,0,0.8
0,917,0.369993,0.10342,1.173,0.5,0.142857,0.0555556,0,0,0.9
0,917,-0.222406,-0.218644,-0.667435,0.25,0.125,0.0980392,0,0,1
0,918,-1.23017,-0.507976,-1.14854,0.1,0.142857,0.0588235,0,0.333333,0.1
0,918,0.711313,0.186128,0.552062,0.333333,0.2,0.0581395,1,0.666667,0.2
1,918,-1.05201,-1.72291,-1.50804,0.111111,0.1,0.0576923,1,0.666667,0.3
0,918,0.863413,0.770157,1.17065,0.5,0.333333,0.0649351,0,0,0.4
0,918,0.580011,-1.237,-0.395137,0.25,0.111111,0.05,0,0,0.5
0,918,-0.822993,0.0887159,-0.611483,0.125,0.166667,0.0666667,1,0.833333,0.6
0,918,-0.0333769,1.51824,0.984518,0.2,1,0.0454545,0,0,0.7
1,918,2.09976,1.31702,1.6031,1,0.5,0.08,1,0.666667,0.8
0,918,-0.355476,0.285278,0.152271,0.166667,0.25,0.0444444,0,0.166667,0.9
0,918,-0.760461,-0.697651,-0.7994,0.142857,0.125,0.102564,1,1,1
0,919,-1.02715,1.22503,0.499587,0.111111,1,0.0606061,1,0.666667,0.1
0,919,-0.173463,-0.411425,-0.483135,0.2,0.142857,0.0618557,1,0.666667,0.2
0,919,-0.324382,0.932212,0.735517,0.166667,0.333333,0.0757576,0,0,0.3
1,919,0.268326,0.711584,1.12005,0.25,0.25,0.043956,1,0,0.4
0,919,-0.426473,1.16383,0.786468,0.142857,0.5,0.107143,1,0.666667,0.5
0,919,1.11345,-0.942069,0.0486356,0.5,0.111111,0.125,0,0,0.6
0,919,0.730056,-0.19113,0.735517,0.333333,0.166667,0.170732,0,0,0.7
0,919,-0.435013,-0.614512,-2.01505,0.125,0.125,0.0980392,1,0.666667,0.8
1,919,1.94786,-2.06448,0.146482,1,0.1,0.222222,0,0,0.9
0,919,-1.67321,0.190961,-1.57407,0.1,0.2,0.0740741,1,0.666667,1
0,920,-0.97359,0.241171,-0.560911,0.1,0.25,0.025,0,0.333333,0.1
0,920,-0.422426,0.114521,-0.0469553,0.166667,0.2,0.0483871,0,0,0.2
0,920,-0.399918,-0.35205,-0.232795,0.2,0.142857,0.03125,0,0.333333,0.3
0,920,0.324514,0.482932,0.94732,0.333333,0.333333,0.0384615,1,0,0.4
0,920,-0.887,-0.770676,-1.32123,0.111111,0.111111,0.0416667,0,0.333333,0.5
0,920,-0.32904,-0.605758,-0.215625,0.25,0.125,0.0576923,0,0.333333,0.6
1,920,2.39468,0.702166,1.58539,1,0.5,0.0322581,0,0,0.7
0,920,-0.430851,-0.263729,-0.424352,0.142857,0.166667,0.0422535,0,0,0.8
1,920,-0.513242,-1.76755,-1.31623,0.125,0.1,0.0288462,0,0.666667,0.9
0,920,1.23687,2.21897,1.58539,0.5,1,0.03125,0,0,1
0,921,-0.477183,0.961312,1.40291,0.166667,0.5,0.121951,1,0.333333,0.1
1,921,-0.780941,1.52458,1.03299,0.125,1,0.0263158,1,0,0.2
1,921,2.36734,-2.39894,0.175319,1,0.1,0.166667,1,0.333333,0.3
0,921,0.0970456,0.0361775,-0.0875613,0.25,0.142857,0.0574713,0,0.166667,0.4
0,921,-0.951075,0.166502,-1.88396,0.1,0.2,0.05,0,0.166667,0.5
0,921,-0.769602,0.356738,-0.0875613,0.142857,0.25,0.137931,1,0.333333,0.6
0,921,0.845766,-0.540701,0.493261,0.5,0.125,0.0972222,0,0,0.7
0,921,0.707456,0.137809,0.880316,0.333333,0.166667,0.157895,0,0,0.8
0,921,-0.904436,0.377929,-0.464385,0.111111,0.333333,0.0588235,0,0,0.9
0,921,-0.134373,-0.621405,-1.46133,0.2,0.111111,0.172414,1,0,1
1,922,0.303548,2.92948,1.90695,0.5,1,0.037037,1,0,0.1
0,922,-0.442699,-0.296506,-0.470029,0.111111,0.25,0.0625,1,1.33333,0.2
0,922,-0.381387,-0.509175,-0.91229,0.2,0.1,0.0943396,1,1.33333,0.3
0,922,-0.385633,-0.418834,-0.280012,0.142857,0.2,0.0909091,1,1.33333,0.4
0,922,-0.385633,-0.425722,-0.72738,0.125,0.166667,0.0909091,1,1.33333,0.5
0,922,-0.37051,-0.480033,-0.0142049,0.333333,0.125,0.1,1,1.33333,0.6
0,922,-0.381387,-0.502832,-0.93805,0.166667,0.111111,0.0943396,1,1.33333,0.7
0,922,-0.379242,-0.442749,-0.0424008,0.25,0.142857,0.0943396,1,1.33333,0.8
0,922,-0.50712,-0.0369817,-0.429525,0.1,0.333333,0.0373134,1,1.33333,0.9
1,922,2.93006,0.183348,1.90695,1,0.5,0.159091,1,1.33333,1
0,923,-0.434097,0.485449,-0.654738,0.125,0.2,0.0923077,0,0,0.1
1,923,0.304464,-0.561408,0.267119,0.333333,0.142857,0.193548,1,0,0.2
0,923,-0.898286,0.576289,-0.619243,0.111111,0.25,0.0657895,0,0,0.3
0,923,-0.322022,0.0511431,-0.672461,0.142857,0.166667,0.0652174,0,0,0.4
1,923,2.26391,-1.59108,0.111848,1,0.1,0.111111,1,0.166667,0.5
0,923,0.180453,-1.28652,-0.932286,0.2,0.111111,0.125,1,0.166667,0.6
0,923,-1.78171,1.2023,-0.232482,0.1,0.5,0.130435,0,0,0.7
0,923,0.275476,1.20525,1.85594,0.25,1,0.16129,0,0,0.8
0,923,0.602915,0.965842,1.83459,0.5,0.333333,0.176471,0,0,0.9
0,923,-0.191108,-1.04727,-0.958294,0.166667,0.125,0.125,0,0,1
0,924,-0.269083,0.888619,0.896317,0.166667,0.333333,0.0810811,1,1.5,0.1
0,924,0.262279,-0.734518,-0.472825,0.333333,0.111111,0.133333,1,1.5,0.2
0,924,-0.3677,0.634944,-0.0891528,0.142857,0.25,0.0625,1,1.5,0.3
0,924,-1.07936,0.103601,-1.97236,0.111111,0.166667,0.0634921,1,1.5,0.4
1,924,0.801169,0.158044,1.91288,0.5,0.2,0.09375,1,1.5,0.5
0,924,-0.728912,1.01443,0.502226,0.125,0.5,0.0655738,1,1.5,0.6
0,924,-0.0995426,-0.632578,-1.04494,0.2,0.125,0.104167,1,1.5,0.7
1,924,2.45505,-2.25907,0.178506,1,0.1,0.258065,1,1.5,0.8
0,924,0.17411,-0.410679,-0.0891528,0.25,0.142857,0.0795455,1,1.5,0.9
0,924,-1.14801,1.23721,0.178506,0.1,1,0.105263,1,1.5,1
1,925,1.82237,-1.92472,0.029734,0.5,0.111111,0.0833333,1,0,0.1
1,925,2.16582,-2.07308,0.0895534,1,0.1,0.0746269,1,0,0.2
0,925,-0.498523,0.499725,1.7446,0.333333,1,0,0,0,0.3
0,925,-0.498523,0.499725,1.2103,0.25,0.5,0,0,0,0.4
0,925,-0.498523,0.499725,0.692715,0.2,0.333333,0,0,0,0.5
0,925,-0.498523,0.499725,0.191067,0.166667,0.25,0,0,0,0.6
0,925,-0.498523,0.499725,-0.29537,0.142857,0.2,0,0,0,0.7
0,925,-0.498523,0.499725,-0.767276,0.125,0.166667,0,0,0,0.8
0,925,-0.498523,0.499725,-1.22529,0.111111,0.142857,0,0,0,0.9
0,925,-0.498523,0.499725,-1.67003,0.1,0.125,0,0,0,1
0,926,0.357607,-0.449677,0.843307,0.5,0.142857,0.0958904,0,0,0.1
0,926,-0.772076,1.4872,0.535693,0.111111,1,0.0659341,0,0,0.2
1,926,2.42092,-2.17317,0.157068,1,0.1,0.144928,1,0.333333,0.3
1,926,-1.75438,0.486405,-1.68783,0.1,0.2,0.0727273,0,0,0.4
0,926,-0.113907,0.636802,0.788674,0.166667,0.333333,0.105263,1,0,0.5
0,926,0.215899,-0.231078,0.335113,0.25,0.166667,0.0943396,1,0.333333,0.6
0,926,-0.175925,-0.691845,-2.14905,0.142857,0.111111,0.0673077,1,0.333333,0.7
0,926,-0.41116,0.975182,0.441911,0.125,0.5,0.0821918,0,0,0.8
0,926,0.275511,-0.627134,-0.0262805,0.333333,0.125,0.0853659,0,0,0.9
0,926,-0.042496,0.587315,0.761396,0.2,0.25,0.048951,0,0,1
1,927,2.56853,-0.977074,1.80337,1,0.125,0.296875,0,0.166667,0.1
0,927,-0.751469,0.477099,-1.79167,0.125,0.2,0.16129,0,0.166667,0.2
1,927,0.354632,0.0612446,-0.152863,0.25,0.142857,0.166667,1,0.333333,0.3
0,927,-0.679608,0.794053,0.730962,0.142857,0.333333,0.0645161,0,0.333333,0.4
0,927,-0.975354,1.09687,0.306069,0.1,1,0.0869565,1,0.333333,0.5
0,927,0.390554,-1.75048,-1.54851,0.333333,0.1,0.196078,0,0.333333,0.6
0,927,0.522234,-1.59777,0.101622,0.5,0.111111,0.215686,0,0.333333,0.7
0,927,-0.15534,0.380649,-0.203617,0.2,0.166667,0.142857,1,0.166667,0.8
0,927,-0.774602,0.944946,0.101622,0.111111,0.5,0.163934,0,0.333333,0.9
0,927,-0.499581,0.570468,0.653013,0.166667,0.25,0.171429,0,0.166667,1
1,928,-0.238802,2.81949,0.970009,0.2,1,0.128205,0,0,0.1
0,928,0.121143,0.0296442,0.943789,0.333333,0.333333,0.120482,1,1.16667,0.2
0,928,-0.817794,-0.319829,-0.946471,0.1,0.166667,0.137931,1,1.16667,0.3
0,928,-0.794144,-0.789931,-1.31132,0.125,0.1,0.16,1,1.16667,0.4
0,928,-0.310906,-0.534926,-0.607917,0.142857,0.142857,0.183673,1,1.16667,0.5
0,928,-0.79757,-0.65141,-1.3163,0.111111,0.111111,0.156863,1,1.16667,0.6
0,928,-0.303027,-0.597628,-0.602472,0.166667,0.125,0.183673,1,1.16667,0.7
1,928,2.75714,-0.236659,0.970009,1,0.2,0.152941,1,1.16667,0.8
0,928,-0.0617214,-0.142338,0.537678,0.25,0.25,0.0934579,1,1.16667,0.9
0,928,0.445685,0.423591,1.363,0.5,0.5,0.125,0,0,1
0,929,-0.633393,-0.733495,-1.04531,0.125,0.125,0.045977,1,0.5,0.1
0,929,-1.07197,0.399239,-0.420702,0.111111,0.25,0.0769231,1,0.666667,0.2
0,929,0.724547,-0.694289,0.181476,0.333333,0.142857,0.0609756,0,0.166667,0.3
0,929,0.287161,1.27448,1.02696,0.25,0.5,0.0571429,0,0,0.4
0,929,-0.493106,-0.800732,-0.633378,0.2,0.111111,0.117647,0,0,0.5
0,929,-0.504878,-1.90895,-1.02278,0.166667,0.1,0.114286,0,0.166667,0.6
0,929,-1.07501,0.207564,-0.816552,0.1,0.2,0.06,0,0.166667,0.7
0,929,1.27898,0.839978,1.24639,0.5,0.333333,0.0561798,1,0.5,0.8
1,929,-0.568837,-0.053316,-0.456857,0.142857,0.166667,0.0888889,1,0.5,0.9
1,929,2.0565,1.46953,1.94076,1,1,0.0547945,1,0,1
1,930,2.00422,-0.859303,0.713136,1,0.111111,0.0645161,1,0,0.1
1,930,0.653058,0.353428,2.20262,0.333333,0.25,0.097561,1,0.5,0.2
0,930,-1.07301,1.04769,-0.0349857,0.125,0.333333,0.0363636,1,0.5,0.3
0,930,1.20563,-1.42362,-0.434615,0.5,0.1,0.0615385,1,0.5,0.4
0,930,-1.07452,1.83855,0.713136,0.111111,1,0.037037,0,0,0.5
0,930,0.468191,-0.735568,-0.638784,0.25,0.125,0.0735294,0,0,0.6
0,930,-1.07452,1.17523,-0.434615,0.1,0.5,0.0408163,0,0,0.7
0,930,-0.280036,-0.266041,0.428382,0.2,0.2,0.0517241,0,0,0.8
0,930,-0.389138,-0.575496,-1.25714,0.166667,0.142857,0.0412371,0,0,0.9
0,930,-0.439869,-0.554869,-1.25714,0.142857,0.166667,0.0540541,1,0.5,1
0,931,-0.570047,-1.35088,-0.870346,0.166667,0.111111,0.310345,1,1.33333,0.1
0,931,-0.646038,0.391271,-0.0393406,0.142857,0.25,0.236842,1,1.33333,0.2
0,931,-0.516167,-1.76468,-0.846446,0.2,0.1,0.391304,1,1.33333,0.3
0,931,0.399387,-0.0857327,0.395519,0.333333,0.166667,0.238095,1,1.33333,0.4
0,931,0.00425551,0.437321,0.829761,0.25,0.333333,0.146667,1,1.33333,0.5
0,931,-0.717069,0.502223,0.221618,0.125,0.5,0.147541,1,1.33333,0.6
1,931,1.52325,2.10014,1.76931,0.5,1,0.159091,1,0,0.7
1,931,2.15845,0.0501882,1.08659,1,0.2,0.226415,1,1.33333,0.8
0,931,-0.814164,-0.0907501,-1.07775,0.111111,0.142857,0.235294,1,1.33333,0.9
0,931,-0.821864,-0.189099,-1.46892,0.1,0.125,0.210526,1,1.33333,1
0,932,-0.691959,-0.444324,-1.54679,0.142857,0.142857,0.166667,1,1.33333,0.1
0,932,-0.928887,2.05949,0.610212,0.111111,1,0.170732,1,1.33333,0.2
0,932,-0.774825,0.3585,-0.0299364,0.125,0.333333,0.195652,1,1.33333,0.3
0,932,-1.21658,1.03542,-0.371889,0.1,0.5,0.125,1,1.33333,0.4
1,932,2.0211,-1.25745,0.610212,1,0.111111,0.190476,1,1.33333,0.5
1,932,1.14206,0.0675194,1.43171,0.5,0.166667,0.0882353,0,0,0.6
0,932,-0.435637,-0.710881,-1.53293,0.166667,0.125,0.183673,1,1.33333,0.7
0,932,0.3005,0.157846,0.867313,0.25,0.2,0.119048,1,1.33333,0.8
0,932,-0.315365,0.216338,0.867313,0.2,0.25,0.113924,1,1.33333,0.9
0,932,0.899593,-1.48245,-0.90521,0.333333,0.1,0.183333,1,1.33333,1
0,933,-0.560853,1.77312,1.1672,0.142857,1,0.131579,0,0.166667,0.1
0,933,0.632068,0.00565742,0.693776,0.333333,0.166667,0.145455,0,0,0.2
1,933,2.5489,-2.14464,0.138169,1,0.1,0.152174,0,0,0.3
0,933,-0.437039,-0.496463,-0.455716,0.2,0.142857,0.0714286,0,0.166667,0.4
0,933,-0.397711,0.139416,0.669781,0.25,0.2,0.107143,0,0,0.5
0,933,-0.568347,-0.58942,-2.24356,0.125,0.111111,0.060241,0,0.166667,0.6
0,933,-0.465869,0.937356,1.10563,0.166667,0.5,0.12766,0,0.166667,0.7
1,933,0.815667,-0.565476,0.388738,0.5,0.125,0.145455,1,0.166667,0.8
0,933,-0.842704,0.506138,-0.699048,0.1,0.333333,0.136364,0,0,0.9
0,933,-0.724114,0.434308,-0.764967,0.111111,0.25,0.0888889,1,0.166667,1
0,934,-0.612806,-0.410986,-1.38871,0.2,0.111111,0.106383,1,1.16667,0.1
1,934,1.98535,-0.2958,1.40742,1,0.142857,0.0821918,1,0.5,0.2
0,934,-0.604614,0.356464,1.27393,0.25,0.25,0.0675676,1,0.666667,0.3
0,934,-0.625264,0.509589,-0.0278765,0.125,0.333333,0.0490196,1,0.666667,0.4
0,934,-0.615742,-0.0393453,-0.563008,0.166667,0.166667,0.0485437,1,0.666667,0.5
0,934,1.5991,-2.50685,-0.3463,0.5,0.1,0.135593,1,0.666667,0.6
1,934,0.83788,-0.316841,-0.0278765,0.333333,0.125,0.091954,1,0.666667,0.7
0,934,-0.646776,0.314086,-1.38871,0.111111,0.2,0.0462963,0,0.333333,0.8
0,934,-0.624769,1.28611,1.40742,0.142857,1,0.0581395,0,0,0.9
0,934,-0.692363,1.10357,-0.3463,0.1,0.5,0.105263,1,0.666667,1
1,935,0.461224,0.0975825,1.38633,0.25,0.2,0.10989,1,0.166667,0.1
0,935,1.11069,-0.68401,-0.0478509,0.333333,0.125,0.114583,1,0.166667,0.2
0,935,-1.21679,1.07211,-0.757517,0.111111,0.333333,0.137255,0,0.166667,0.3
1,935,1.13133,-1.42498,0.0949544,0.5,0.111111,0.156863,0,0,0.4
0,935,-1.34155,1.17127,-0.594436,0.1,0.5,0.122807,0,0.166667,0.5
0,935,0.0336628,-0.382441,-0.943254,0.2,0.142857,0.118421,1,0.166667,0.6
0,935,-0.661965,-0.32075,-1.71942,0.142857,0.166667,0.131148,1,0.333333,0.7
0,935,-0.153613,0.61761,0.610165,0.166667,0.25,0.12,1,0.166667,0.8
0,935,1.60838,-1.54449,0.285986,1,0.1,0.238095,0,0,0.9
0,935,-0.971375,1.3981,1.68504,0.125,1,0.116667,0,0,1
0,936,-0.502719,-0.499822,-2.04728,0.142857,0.125,0.0666667,0,0,0.1
0,936,-0.372269,0.125934,1.92541,0.25,0.333333,0.0862069,0,0,0.2
1,936,-0.533259,0.0719308,-0.558389,0.125,0.25,0.0677966,1,0.166667,0.3
0,936,-0.640259,2.00746,0.182779,0.1,1,0.0645161,1,0.166667,0.4
0,936,-0.379748,-0.0773868,0.374467,0.2,0.2,0.0793651,0,0,0.5
0,936,-0.393645,-0.211645,-0.617661,0.166667,0.166667,0.0413223,0,0,0.6
0,936,1.07954,-0.289302,0.981352,0.5,0.142857,0.105263,0,0,0.7
1,936,2.64996,-1.7676,0.182779,1,0.1,0.0985915,1,0,0.8
0,936,-0.542308,1.3774,0.0606873,0.111111,0.5,0.0675676,0,0,0.9
0,936,-0.365296,-0.736969,-0.484145,0.333333,0.111111,0.0574713,0,0,1
0,937,-0.321811,-0.27257,-0.242207,0.166667,0.166667,0.126582,0,0,0.1
0,937,-0.9286,-0.00219956,-0.396822,0.111111,0.25,0.125,0,0,0.2
0,937,-0.0633077,-1.55128,-0.569598,0.25,0.1,0.263158,0,0,0.3
0,937,-0.616357,-0.132929,-0.2364,0.142857,0.2,0.10989,0,0,0.4
1,937,1.78645,1.08547,1.38929,0.5,0.5,0.0952381,0,0,0.5
0,937,-0.18702,-0.276047,-0.2364,0.2,0.142857,0.120879,1,0.166667,0.6
1,937,1.81729,2.28301,1.83059,1,1,0.104478,1,0,0.7
0,937,-0.626332,-0.970785,-1.16383,0.125,0.111111,0.138889,1,0.166667,0.8
0,937,0.394151,0.117795,0.961991,0.333333,0.333333,0.142857,0,0,0.9
0,937,-1.25446,-0.280474,-1.33661,0.1,0.125,0.184211,0,0,1
0,938,0.0428287,-0.57529,-0.490769,0.25,0.125,0.0714286,0,0.166667,0.1
0,938,-0.168362,-0.632625,-1.77501,0.166667,0.111111,0.0705882,1,0.166667,0.2
0,938,-1.05222,0.530844,0.0533382,0.111111,0.5,0.0342466,0,0,0.3
0,938,0.0589309,0.43057,1.69224,0.333333,0.25,0.0508475,0,0,0.4
1,938,-1.52683,1.67429,0.160645,0.1,1,0.025641,0,0,0.5
0,938,-0.238823,-0.102524,-1.38882,0.142857,0.142857,0.0952381,1,0.166667,0.6
0,938,-0.0561305,0.382904,0.32912,0.2,0.2,0.0875,0,0,0.7
0,938,1.65476,0.224318,1.28549,0.5,0.166667,0.0725806,0,0.166667,0.8
1,938,1.84767,-2.3669,0.160645,1,0.1,0.104478,1,0.333333,0.9
0,938,-0.561825,0.434411,-0.026879,0.125,0.333333,0.09375,0,0,1
0,939,0.379383,0.470108,1.52451,0.5,0.25,0.107692,1,0.333333,0.1
0,939,-0.0162113,-0.881512,-0.018874,0.333333,0.125,0.140845,1,0.333333,0.2
0,939,-0.335173,-0.578165,-0.678197,0.166667,0.142857,0.121951,1,0.666667,0.3
1,939,-0.31058,-1.0045,-0.940239,0.2,0.111111,0.181818,1,0.666667,0.4
0,939,-0.260017,1.99014,1.87178,0.25,1,0.134328,0,0,0.5
0,939,-0.566861,0.251266,-0.660323,0.125,0.2,0.145161,1,0.333333,0.6
0,939,-0.773282,-0.0589207,-1.5183,0.1,0.166667,0.134615,1,0.5,0.7
0,939,-0.373794,0.599924,0.269398,0.142857,0.333333,0.230769,0,0,0.8
1,939,2.85662,-1.61087,0.112802,1,0.1,0.301887,1,0.333333,0.9
0,939,-0.600084,0.822524,0.0374532,0.111111,0.5,0.109375,1,0.5,1
0,940,-0.0269406,-2.49867,-0.45613,0.333333,0.1,0.183673,1,1.16667,0.1
0,940,-0.0475864,0.862629,1.21844,0.25,0.5,0.140351,1,0.5,0.2
1,940,2.82669,0.35915,1.24366,1,0.2,0.208333,0,0,0.3
0,940,0.363418,0.389649,1.21844,0.5,0.25,0.166667,0,0,0.4
0,940,-0.698293,0.74642,-0.238803,0.111111,0.333333,0.12963,1,0.833333,0.5
0,940,-0.528051,0.950134,0.761597,0.142857,1,0.0952381,1,0.5,0.6
0,940,-0.150755,0.205413,-0.0599774,0.2,0.166667,0.0957447,1,0.5,0.7
0,940,-0.755115,0.10904,-1.45086,0.1,0.142857,0.125,1,0.5,0.8
0,940,-0.365372,-1.10332,-0.996153,0.166667,0.111111,0.114754,1,0.833333,0.9
1,940,-0.617991,-0.02045,-1.24021,0.125,0.125,0.112903,1,0.5,1
0,941,0.282548,1.53916,2.12352,0.2,1,0.0430108,0,0,0.1
0,941,-0.972151,1.07844,0.433105,0.125,0.5,0.0714286,0,0,0.2
0,941,-0.580296,0.426663,-0.507728,0.142857,0.2,0.0491803,0,0,0.3
1,941,0.751242,-1.31757,0.0511114,0.5,0.111111,0.0877193,1,0.833333,0.4
0,941,-0.385415,0.430321,0.328435,0.166667,0.25,0.08,0,0,0.5
0,941,-1.26189,0.882145,-0.778831,0.1,0.333333,0.0454545,1,0.666667,0.6
0,941,0.742943,-1.67869,-0.778831,0.333333,0.1,0.0952381,1,0.666667,0.7
1,941,2.10514,-0.623303,0.907012,1,0.125,0.0434783,1,0.333333,0.8
0,941,-1.08833,-0.135846,-1.70091,0.111111,0.166667,0.0769231,1,0.666667,0.9
0,941,0.406213,-0.601328,-0.0768828,0.25,0.142857,0.0519481,1,0.833333,1
0,942,-0.844539,0.066162,-0.390967,0.142857,0.2,0.104167,1,1,0.1
0,942,-0.879427,0.111723,-0.656278,0.111111,0.25,0.0714286,1,1,0.2
0,942,1.21613,0.726451,1.59098,0.333333,0.333333,0.140351,0,0.166667,0.3
1,942,1.51917,0.0510252,0.948541,0.5,0.166667,0.125,1,1,0.4
0,942,-0.458966,-0.350972,-0.712678,0.166667,0.142857,0.108696,1,1,0.5
0,942,-0.192747,1.28613,1.27025,0.2,0.5,0.0736842,0,0,0.6
0,942,-0.974792,1.30221,0.118538,0.1,1,0.0806452,0,0.166667,0.7
1,942,1.65818,-2.37536,0.118538,1,0.1,0.3,1,1,0.8
0,942,-0.178726,-0.367621,-0.362131,0.25,0.125,0.193548,1,1,0.9
0,942,-0.864283,-0.449751,-1.92479,0.125,0.111111,0.135135,1,1,1
0,943,2.20937,-0.744582,0.820088,1,0.142857,0.0945946,0,0,0.1
0,943,-0.965896,-0.506924,-1.30667,0.1,0.166667,0.056338,0,0.5,0.2
0,943,-0.962872,-0.297583,-0.809184,0.111111,0.2,0.0952381,0,0.5,0.3
1,943,1.06732,0.065685,1.31201,0.5,0.25,0.0853659,1,0.5,0.4
0,943,-0.186191,-0.92108,-1.0432,0.2,0.1,0.0576923,0,0.5,0.5
0,943,-0.647947,-0.797013,-1.08737,0.142857,0.125,0.0632911,1,0.5,0.6
0,943,-0.647652,0.482402,0.487457,0.166667,0.333333,0.0568182,1,0.5,0.7
1,943,0.488257,1.94535,1.61088,0.25,1,0.0754717,0,0,0.8
0,943,0.509936,-0.896813,-0.257143,0.333333,0.111111,0.142857,0,0.5,0.9
0,943,-0.864323,1.67055,0.273133,0.125,0.5,0.0952381,1,0.5,1
0,944,-0.557731,0.703407,0.734015,0.2,0.25,0.037037,0,0,0.1
0,944,-0.770819,0.741417,0.361625,0.142857,0.333333,0.0714286,0,0.166667,0.2
0,944,-0.0596584,-0.208101,-0.0756249,0.25,0.142857,0.0588235,1,0.166667,0.3
0,944,1.60933,-1.59366,0.15142,1,0.1,0.0833333,0,0,0.4
0,944,1.40058,0.505219,0.760311,0.333333,0.166667,0.0538462,0,0,0.5
0,944,-0.594771,0.836303,1.21167,0.166667,0.5,0.034188,0,0,0.6
1,944,-0.792711,-1.32264,-2.08298,0.125,0.125,0.0638298,1,0.166667,0.7
0,944,-0.824148,1.10186,0.516428,0.111111,1,0.0526316,0,0.166667,0.8
0,944,-0.867851,0.657968,-1.62713,0.1,0.2,0.0447761,0,0,0.9
1,944,1.45777,-1.42177,0.0502751,0.5,0.111111,0.0645161,1,0,1
0,945,0.574834,-0.909949,-0.643104,0.25,0.125,0.176471,1,1.33333,0.1
1,945,2.04654,-1.01223,0.717958,1,0.111111,0.166667,1,1.33333,0.2
0,945,-0.550115,1.71114,1.7783,0.142857,1,0.0689655,1,1.33333,0.3
0,945,-1.17424,0.627372,-1.67293,0.1,0.25,0.0941176,1,1.33333,0.4
0,945,-1.17303,1.21634,0.0698944,0.111111,0.5,0.0695652,1,1.5,0.5
0,945,1.04691,-0.696959,1.13024,0.5,0.142857,0.159091,1,1.5,0.6
1,945,0.718888,-1.4817,-1.06504,0.333333,0.1,0.178571,1,1.33333,0.7
0,945,-0.662074,0.682883,-0.0352223,0.125,0.333333,0.114286,1,1.33333,0.8
0,945,-0.291251,0.239284,0.431279,0.2,0.2,0.102804,1,1.33333,0.9
0,945,-0.536459,-0.376185,-0.711368,0.166667,0.166667,0.153846,1,0.333333,1
0,946,-0.312345,0.268824,-1.40817,0.166667,0.142857,0.101695,0,0,0.1
0,946,-0.277408,0.276492,-0.155816,0.2,0.166667,0.157895,1,0,0.2
0,946,-0.541917,0.884108,1.38002,0.125,1,0.0724638,0,0,0.3
0,946,-0.61349,0.635962,0.0777657,0.111111,0.5,0.0833333,0,0,0.4
1,946,2.8793,-2.77579,0.234217,1,0.1,0.409091,0,0.166667,0.5
0,946,-0.66299,0.489723,-1.18499,0.1,0.333333,0.0705882,0,0,0.6
0,946,-0.454437,0.317872,-0.772506,0.142857,0.2,0.103448,0,0,0.7
0,946,-0.25264,0.488196,1.79091,0.25,0.25,0.084507,1,0,0.8
1,946,-0.134394,-0.616448,-0.620391,0.333333,0.111111,0.0740741,1,0.166667,0.9
0,946,0.370327,0.0310608,0.658968,0.5,0.125,0.117647,0,0,1
1,947,1.62557,0.797013,1.77614,0.5,0.25,0.122807,1,0,0.1
0,947,0.5203,0.932116,1.76389,0.333333,0.333333,0.102273,0,0,0.2
0,947,-0.525977,0.115515,-0.43346,0.142857,0.2,0.155556,0,0,0.3
0,947,-0.253258,-1.12833,-0.40149,0.25,0.125,0.079646,0,0,0.4
0,947,-0.639739,-0.245161,-1.12599,0.125,0.166667,0.102564,0,0,0.5
0,947,-0.452612,-0.726483,-0.790137,0.166667,0.142857,0.159091,0,0,0.6
1,947,2.01234,-1.25547,0.131421,1,0.1,0.152542,1,0,0.7
0,947,-1.18143,1.031,-0.273165,0.1,0.5,0.113208,0,0,0.8
0,947,-0.357789,-1.15066,-1.09543,0.2,0.111111,0.0882353,0,0,0.9
0,947,-0.7474,1.63046,0.448221,0.111111,1,0.101695,0,0,1
0,948,-0.363438,-0.236414,-0.62463,0.142857,0.166667,0.0934579,0,0.333333,0.1
0,948,2.13964,0.3452,1.72393,1,0.25,0.166667,1,0,0.2
1,948,1.54631,-0.297751,0.557805,0.5,0.142857,0.161765,0,0,0.3
0,948,0.163571,-0.766849,-0.0173833,0.333333,0.125,0.135802,0,0.333333,0.4
0,948,-1.02113,1.28741,0.034495,0.111111,0.5,0.0873786,0,0,0.5
0,948,-0.641373,-1.71818,-1.93743,0.125,0.1,0.157895,0,0,0.6
0,948,-0.212386,-0.210932,0.212849,0.2,0.2,0.0818182,1,0,0.7
1,948,-0.172692,1.19675,1.09441,0.25,0.333333,0.157895,1,0,0.8
0,948,-1.11192,1.42138,0.103893,0.1,1,0.0961538,0,0,0.9
0,948,-0.326584,-1.02061,-1.14794,0.166667,0.111111,0.0982143,0,0.333333,1
0,949,-0.666366,0.974581,-0.179635,0.1,0.5,0.0769231,0,0,0.1
0,949,-0.625655,-0.39162,-0.954915,0.111111,0.166667,0.0877193,1,1,0.2
0,949,-0.38168,-0.828674,-0.720362,0.2,0.111111,0.125,1,1,0.3
0,949,-0.592014,-0.688259,-1.18887,0.125,0.125,0.046875,1,1,0.4
1,949,2.73735,1.65513,2.20729,1,1,0.0895522,0,0,0.5
0,949,-0.392847,0.317984,-0.0574945,0.166667,0.2,0.128205,1,1,0.6
0,949,-0.524256,-0.444237,-0.747151,0.142857,0.142857,0.111111,1,1,0.7
0,949,-0.202955,0.89471,0.910386,0.25,0.333333,0.0895522,1,1,0.8
1,949,0.821547,-1.9256,-0.179635,0.5,0.1,0.148936,1,1,0.9
0,949,-0.173122,0.435989,0.910386,0.333333,0.25,0.119048,0,0,1
0,950,0.229386,0.429895,0.763213,0.25,0.333333,0.0705882,1,0.166667,0.1
0,950,-1.36165,0.164624,-1.16596,0.1,0.142857,0.111111,1,0.5,0.2
1,950,-0.543593,-1.48908,-0.991309,0.142857,0.111111,0.0666667,0,0,0.3
0,950,1.22779,0.829575,1.40436,0.5,0.5,0.0722892,0,0,0.4
1,950,-0.404221,1.79648,0.802811,0.166667,1,0.047619,1,0,0.5
0,950,-0.959879,-1.0653,-1.17646,0.111111,0.125,0.0961538,1,0.5,0.6
0,950,-0.805605,-1.50903,-1.35111,0.125,0.1,0.0724638,1,0.666667,0.7
0,950,2.09046,0.223163,0.802811,1,0.166667,0.0795455,1,0.5,0.8
0,950,0.109518,0.283859,0.148435,0.2,0.2,0.0697674,0,0,0.9
0,950,0.417791,0.335817,0.763213,0.333333,0.25,0.0882353,0,0,1
0,951,-0.349264,0.130258,-0.670086,0.125,0.2,0.0884956,1,1.33333,0.1
0,951,-1.37161,-0.0173952,-1.26481,0.111111,0.166667,0.173913,1,1.33333,0.2
0,951,-0.0801424,0.52353,0.885452,0.2,0.333333,0.123077,1,1.33333,0.3
0,951,-0.318388,-0.227878,-0.989623,0.142857,0.142857,0.10989,1,1.33333,0.4
1,951,0.332383,-1.78616,-0.579147,0.333333,0.1,0.185185,1,1.33333,0.5
1,951,2.16541,-0.730915,0.674464,1,0.125,0.183673,1,1.33333,0.6
0,951,-0.0834912,0.184095,0.244228,0.166667,0.25,0.2,1,1.33333,0.7
0,951,0.957434,0.640585,2.21881,0.5,0.5,0.141026,1,1.33333,0.8
0,951,-1.45731,2.16898,0.11447,0.1,1,0.0851064,0,0,0.9
0,951,0.204974,-0.885093,-0.63376,0.25,0.111111,0.178571,1,1.33333,1
0,952,-0.722949,1.09799,0.4432,0.125,0.5,0.060241,0,0.333333,0.1
0,952,0.821033,-1.53096,-0.796983,0.333333,0.1,0.116279,1,0.5,0.2
1,952,0.93966,-1.23057,0.0523026,0.5,0.111111,0.142857,1,0.333333,0.3
0,952,-0.552531,-0.36287,-0.532324,0.166667,0.166667,0.04,1,0.5,0.4
1,952,0.0663547,0.740924,1.2045,0.25,0.25,0.0736842,1,0.666667,0.5
0,952,-0.514077,-1.05777,-0.922128,0.2,0.125,0.0470588,1,0.333333,0.6
0,952,-0.967272,0.582542,-1.69275,0.1,0.2,0.107143,1,0.333333,0.7
0,952,-0.826541,1.06521,-0.417254,0.111111,0.333333,0.0833333,1,0.333333,0.8
0,952,-0.568423,1.19062,1.33072,0.142857,1,0.0806452,1,0.166667,0.9
0,952,2.32474,-0.495115,1.33072,1,0.142857,0.204082,0,0.5,1
0,953,-0.146401,-0.377712,-1.25591,0.166667,0.142857,0.0661157,0,0,0.1
0,953,0.00674063,-0.506966,-0.638163,0.25,0.125,0.097561,1,0.666667,0.2
0,953,-1.023,1.24786,0.208892,0.1,1,0.06,0,0,0.3
1,953,0.494107,-1.31146,0.0693574,0.5,0.111111,0.0853659,1,0.666667,0.4
0,953,-0.110001,1.13779,2.2385,0.2,0.5,0.0833333,0,0,0.5
0,953,-0.871322,0.36253,-1.22281,0.125,0.2,0.0909091,0,0,0.6
0,953,-0.37312,0.421126,-0.104329,0.142857,0.25,0.0843373,1,0.666667,0.7
0,953,-0.944403,1.01554,-0.553312,0.111111,0.333333,0.0746269,0,0,0.8
1,953,2.59786,-1.9193,0.208892,1,0.1,0.0873786,1,0.666667,0.9
0,953,0.369544,-0.0694087,1.04889,0.333333,0.166667,0.0952381,1,0.666667,1
0,954,0.20922,0.936616,1.4339,0.5,0.5,0.0569106,0,0,0.1
0,954,-0.451817,-0.435776,-0.828589,0.125,0.142857,0.0598291,0,0,0.2
0,954,-0.362305,-0.111247,0.151557,0.2,0.2,0.0551181,0,0,0.3
0,954,-0.147451,-0.719506,-0.225995,0.25,0.125,0.101449,1,0,0.4
0,954,-0.783672,0.264197,-0.587889,0.1,0.25,0.0943396,0,0,0.5
0,954,-0.409102,-1.41854,-0.995705,0.166667,0.1,0.0967742,0,0,0.6
1,954,2.90045,0.536303,1.44113,1,0.333333,0.111111,1,0,0.7
0,954,-0.421378,-1.00964,-1.01216,0.142857,0.111111,0.101695,0,0,0.8
0,954,-0.47296,-0.265724,-0.81738,0.111111,0.166667,0.0393258,0,0,0.9
1,954,-0.0609865,2.22332,1.44113,0.333333,1,0.0549451,0,0,1
1,955,1.90793,-1.9399,0.106413,1,0.1,0.128205,1,0,0.1
0,955,-0.708395,-0.571719,-1.19191,0.142857,0.125,0.0833333,0,0,0.2
0,955,-0.897216,0.260027,-0.886979,0.111111,0.2,0.0930233,0,0,0.3
0,955,-1.07433,-0.145532,-1.4323,0.1,0.166667,0.0441176,0,0,0.4
0,955,-0.223182,-0.208918,-0.350976,0.2,0.142857,0.0833333,1,0,0.5
0,955,0.385233,0.597463,1.43815,0.25,0.5,0.026616,0,0,0.6
0,955,0.419424,-0.8937,-0.281865,0.333333,0.111111,0.0512821,0,0,0.7
0,955,1.58882,0.413904,1.43815,0.5,0.25,0.0655738,0,0.166667,0.8
1,955,-0.59248,2.06713,1.17911,0.166667,1,0.0632911,1,0.166667,0.9
0,955,-0.805802,0.421245,-0.0178049,0.125,0.333333,0.0454545,0,0,1
0,956,0.3313,1.28084,1.04046,0.25,0.5,0.0674157,0,0,0.1
0,956,1.58283,1.5927,1.72926,0.5,1,0.101449,0,0,0.2
0,956,1.88186,0.467978,1.27747,1,0.25,0.0983607,1,0.5,0.3
0,956,-1.28335,-0.267025,-0.827285,0.1,0.2,0.0735294,1,0,0.4
0,956,-0.207082,-0.608332,-0.0512165,0.2,0.166667,0.142857,1,0.5,0.5
1,956,-0.983661,1.23864,-0.203921,0.111111,0.333333,0.075,0,0,0.6
0,956,-0.354246,-0.808943,-0.659605,0.166667,0.125,0.0779221,1,0.5,0.7
0,956,-0.782162,-0.829178,-1.25009,0.125,0.111111,0.0689655,0,0,0.8
1,956,0.371781,-0.758886,0.183861,0.333333,0.142857,0.0769231,1,0,0.9
0,956,-0.557273,-1.30779,-1.23893,0.142857,0.1,0.108108,1,0.5,1
0,957,-0.385022,-0.482131,-1.4401,0.125,0.125,0.0892857,0,0,0.1
0,957,1.28935,-0.849338,0.0347584,0.5,0.111111,0.0714286,0,0,0.2
0,957,-0.374268,-0.176032,-0.629401,0.142857,0.166667,0.106383,0,0,0.3
0,957,-1.68726,1.56641,-0.217596,0.1,0.5,0.0454545,0,0,0.4
0,957,0.327538,0.449644,1.40507,0.333333,0.333333,0.0853659,0,0,0.5
1,957,0.183301,-1.90178,-1.40906,0.166667,0.1,0.0571429,1,0.166667,0.6
0,957,0.282311,-0.383054,-0.345282,0.2,0.142857,0.0458716,0,0,0.7
1,957,1.59744,0.187588,1.7371,1,0.25,0.111111,1,0.166667,0.8
0,957,0.296921,-0.0114845,0.507472,0.25,0.2,0.0595238,0,0.166667,0.9
0,957,-1.53031,1.60018,0.35704,0.111111,1,0.0454545,0,0.166667,1
0,958,-0.931222,-0.0791824,-1.22731,0.1,0.166667,0.0606061,1,1,0.1
0,958,0.810251,1.15843,1.76744,0.5,0.5,0.0892857,0,0,0.2
0,958,-0.460549,1.04884,0.457851,0.166667,0.333333,0.0615385,1,1,0.3
0,958,-0.765868,0.387694,-0.760038,0.111111,0.2,0.0652174,1,1,0.4
0,958,0.702563,-1.01467,-0.0152567,0.333333,0.125,0.0806452,0,0.333333,0.5
0,958,-0.649788,-1.18694,-1.48062,0.125,0.111111,0.0588235,1,1,0.6
0,958,-0.380944,-0.894023,-0.300746,0.2,0.142857,0.0380952,1,1,0.7
0,958,-0.287733,1.27477,1.51304,0.25,1,0.0512821,1,1,0.8
1,958,2.49932,-1.4192,0.0911833,1,0.1,0.0851064,1,0.333333,0.9
1,958,-0.53603,0.724279,-0.0455405,0.142857,0.25,0.075,1,1.33333,1
1,959,1.4703,-0.219627,0.734266,0.5,0.166667,0.12766,1,0.166667,0.1
0,959,-0.912131,-0.0793663,-0.764844,0.111111,0.2,0.0465116,1,0.5,0.2
0,959,-0.261215,-1.48366,-0.986038,0.2,0.1,0.0847458,0,0,0.3
0,959,0.877071,1.25756,1.50509,0.333333,0.5,0.0923077,0,0,0.4
0,959,-0.931514,0.439613,-0.729219,0.1,0.25,0.0769231,0,0,0.5
0,959,-0.870801,-0.915125,-1.02778,0.142857,0.125,0.0784314,1,0.666667,0.6
0,959,0.245521,-1.06544,-0.508025,0.25,0.111111,0.0833333,0,0,0.7
0,959,-0.903505,1.66445,0.540654,0.125,1,0.0588235,1,0.5,0.8
0,959,-0.548265,-0.556117,-0.551684,0.166667,0.142857,0.0641026,1,0.5,0.9
1,959,1.83454,0.957707,1.78758,1,0.333333,0.102941,0,0,1
0,960,-0.604227,0.831534,0.637714,0.142857,0.5,0.136364,0,0.166667,0.1
1,960,1.61029,-0.104339,0.637714,0.5,0.142857,0.231884,1,0.833333,0.2
1,960,1.63336,-2.02476,0.118776,1,0.1,0.203704,1,0,0.3
0,960,-0.490782,-1.02284,-0.990031,0.2,0.111111,0.3,1,0.833333,0.4
0,960,-1.04276,-0.0135788,-0.990031,0.111111,0.2,0.22,1,0.833333,0.5
0,960,1.05037,0.29149,1.25119,0.333333,0.25,0.179775,1,0.833333,0.6
0,960,-1.04276,-0.0135788,-1.59871,0.1,0.166667,0.22,1,0.833333,0.7
0,960,-0.589465,-0.47927,-1.01765,0.166667,0.125,0.24,1,0.833333,0.8
0,960,-0.692333,1.82569,0.699834,0.125,1,0.0961538,0,0.166667,0.9
0,960,0.168305,0.709652,1.25119,0.25,0.333333,0.142857,0,0,1
0,961,-1.11187,-0.672803,-1.28776,0.125,0.125,0.116667,1,0.833333,0.1
0,961,0.811946,1.04845,1.53547,0.333333,0.5,0.119048,1,1,0.2
1,961,0.422923,-0.755131,-0.51828,0.25,0.111111,0.136364,1,0,0.3
0,961,-1.2104,0.431904,-0.743939,0.1,0.25,0.189189,1,0.833333,0.4
0,961,1.88361,-1.62573,0.0936121,1,0.1,0.169492,1,1,0.5
0,961,-1.13878,0.474264,-0.247959,0.111111,0.333333,0.134615,1,0.833333,0.6
0,961,-0.854812,-0.508671,-0.56282,0.142857,0.166667,0.153846,1,0.833333,0.7
0,961,0.00733413,-0.628693,-0.56282,0.166667,0.142857,0.166667,0,0.333333,0.8
1,961,0.892426,2.03162,2.10271,0.5,1,0.116279,0,0,0.9
0,961,0.297621,0.204789,0.191787,0.2,0.2,0.147541,0,0,1
0,962,-0.76522,1.25989,0.539119,0.125,0.5,0.04,0,0,0.1
0,962,-1.34153,1.53655,0.191619,0.1,1,0.0377358,1,0.833333,0.2
0,962,0.943406,-1.8179,-1.5228,0.25,0.1,0.113636,1,1,0.3
0,962,-0.613846,-0.304653,-1.15206,0.142857,0.166667,0.0422535,0,0,0.4
1,962,1.45426,-0.690561,1.12903,1,0.125,0.0581395,1,1,0.5
0,962,-0.245074,-0.434583,-0.632007,0.2,0.142857,0.0731707,1,0.833333,0.6
0,962,-0.337616,0.231654,-0.127478,0.166667,0.2,0.047619,1,0.166667,0.7
1,962,1.16832,-1.03466,0.0636222,0.5,0.111111,0.166667,1,0.5,0.8
0,962,1.02179,0.430134,2.01852,0.333333,0.25,0.0697674,1,1,0.9
0,962,-1.2845,0.824134,-0.507558,0.111111,0.333333,0.0307692,1,1,1
0,963,-0.186209,-0.145366,-0.546228,0.25,0.125,0.166667,0,0.166667,0.1
0,963,-0.453429,0.443978,-0.604209,0.166667,0.166667,0.154762,1,0.333333,0.2
0,963,-0.454899,0.846225,1.51042,0.142857,1,0.144578,0,0.166667,0.3
1,963,-0.531974,0.704869,0.50305,0.125,0.5,0.207547,0,0,0.4
0,963,-0.421832,0.612387,1.38305,0.2,0.333333,0.153846,1,0.166667,0.5
1,963,2.82873,-2.59205,0.178799,1,0.1,0.5625,1,0,0.6
0,963,0.591179,-0.990316,0.0593656,0.5,0.111111,0.202703,0,0.166667,0.7
0,963,-0.182057,0.152348,0.427012,0.333333,0.142857,0.178571,0,0,0.8
0,963,-0.596819,0.44709,-1.92134,0.1,0.2,0.15625,0,0,0.9
0,963,-0.592695,0.520832,-0.989912,0.111111,0.25,0.115044,1,0.333333,1
0,964,-0.275817,-1.12769,-1.19575,0.2,0.125,0.0727273,0,0,0.1
0,964,-0.229203,0.0148043,0.435816,0.25,0.166667,0.101449,0,0.5,0.2
1,964,2.36635,-1.35171,0.696672,1,0.111111,0.210526,1,0.166667,0.3
0,964,-1.00948,1.54254,0.204268,0.1,1,0.122449,0,0,0.4
0,964,-0.437291,1.09617,1.63456,0.166667,0.5,0.111111,0,0.5,0.5
0,964,-0.554837,0.811504,-0.034178,0.125,0.333333,0.0886076,0,0.5,0.6
0,964,-0.976391,0.327668,-1.70263,0.111111,0.2,0.125,0,0,0.7
0,964,1.07195,-0.165316,1.09673,0.5,0.142857,0.09375,1,0.166667,0.8
0,964,-0.547831,0.392412,-0.102019,0.142857,0.25,0.101449,0,0.5,0.9
1,964,0.592544,-1.54037,-1.03347,0.333333,0.1,0.0987654,0,0,1
0,965,0.218662,-0.177012,-0.162743,0.2,0.166667,0.10989,1,1.33333,0.1
0,965,-0.854155,1.19528,0.688263,0.125,0.5,0.0705882,1,1,0.2
0,965,-0.798143,0.383015,-0.122177,0.142857,0.25,0.0689655,1,0.166667,0.3
0,965,-1.01869,1.33954,0.834325,0.111111,1,0.0598291,1,1.16667,0.4
0,965,0.550975,-0.618505,-0.747338,0.25,0.125,0.139241,1,1.33333,0.5
1,965,1.20377,-1.80746,-0.508473,0.5,0.1,0.196721,1,1.33333,0.6
1,965,1.72413,-1.27983,0.834325,1,0.111111,0.149254,1,1.33333,0.7
0,965,0.868811,0.113864,1.89226,0.333333,0.2,0.113636,1,1.33333,0.8
0,965,-1.31618,1.10978,-1.23767,0.1,0.333333,0.0862069,1,1,0.9
0,965,-0.579179,-0.258667,-1.47077,0.166667,0.142857,0.1,1,1,1
0,966,-0.757219,0.339498,-0.377846,0.142857,0.2,0.112903,0,0,0.1
0,966,-0.00388784,1.12667,0.916708,0.166667,0.5,0.0789474,0,0,0.2
1,966,0.85494,0.398058,1.20677,0.333333,0.25,0.140845,0,0,0.3
0,966,-1.20951,-0.567344,-1.56743,0.111111,0.142857,0.146341,0,0,0.4
0,966,1.56258,-1.40102,0.390713,1,0.111111,0.0826446,1,0,0.5
0,966,-1.09317,-0.687732,-1.57592,0.125,0.125,0.114754,0,0,0.6
0,966,1.02246,-0.0197085,0.916708,0.5,0.166667,0.112676,0,0,0.7
0,966,0.15111,0.489628,0.886142,0.2,0.333333,0.121212,0,0,0.8
1,966,-1.35654,1.80525,0.114559,0.1,1,0.0943396,1,0,0.9
0,966,0.829228,-1.4833,-0.910407,0.25,0.1,0.142857,0,0,1
0,967,-0.735284,-1.10259,-2.64931,0.111111,0.111111,0.0446429,1,1.16667,0.1
0,967,-0.268379,1.35182,1.19558,0.142857,1,0.0779221,0,0,0.2
0,967,-0.773446,1.05498,-0.294174,0.1,0.5,0.0735294,1,0.666667,0.3
0,967,-0.0855838,-0.0711786,0.301958,0.25,0.166667,0.0618557,1,0.666667,0.4
0,967,-0.24365,0.826327,0.710645,0.166667,0.333333,0.08,1,1,0.5
0,967,-0.0780712,-0.950717,-0.0236804,0.333333,0.125,0.142857,1,0.666667,0.6
0,967,0.212585,-0.940614,0.759873,0.5,0.142857,0.0909091,0,0.5,0.7
0,967,-0.67114,0.719352,-0.432368,0.125,0.25,0.0909091,1,0.666667,0.8
1,967,2.85903,-1.55189,0.141528,1,0.1,0.107143,1,0.166667,0.9
1,967,-0.216056,0.664507,0.289955,0.2,0.2,0.0735294,1,0.833333,1
0,968,-0.206852,0.304542,0.445496,0.142857,0.333333,0.232143,0,0,0.1
1,968,-1.25595,2.38669,0.186538,0.1,1,0.0625,1,0,0.2
0,968,-0.0459268,-0.490247,0.93665,0.333333,0.166667,0.270833,0,0,0.3
0,968,-0.706928,0.0682585,-1.03276,0.111111,0.25,0.148148,1,0,0.4
0,968,-0.296928,-0.211217,-1.09196,0.125,0.2,0.160494,0,0,0.5
0,968,-0.0578989,-0.693153,-1.03276,0.25,0.111111,0.240741,0,0,0.6
0,968,-0.0250129,-0.642052,0.524826,0.5,0.125,0.295455,0,0,0.7
0,968,-0.0778904,1.0767,1.99895,0.2,0.5,0.0862069,0,0,0.8
0,968,-0.11352,-0.546044,-1.12152,0.166667,0.142857,0.26,0,0,0.9
1,968,2.78691,-1.25348,0.186538,1,0.1,0.372093,1,0,1
0,969,-1.19813,0.447987,-0.774649,0.111111,0.2,0.126761,1,0.333333,0.1
0,969,-0.655899,-0.824196,-0.803456,0.142857,0.142857,0.230769,1,0.333333,0.2
1,969,0.515152,-1.42297,-0.998679,0.2,0.1,0.216667,1,0.333333,0.3
0,969,0.984817,1.25424,2.08752,0.5,1,0.133333,1,0,0.4
0,969,-1.0894,0.0409433,-0.796259,0.125,0.166667,0.235294,0,0,0.5
0,969,-1.60783,0.856121,-0.470198,0.1,0.333333,0.122449,1,0.333333,0.6
1,969,1.40838,-1.26583,0.316966,1,0.111111,0.25641,0,0.333333,0.7
0,969,0.839007,1.21497,1.52439,0.333333,0.5,0.146067,0,0,0.8
0,969,0.16054,0.761389,0.198284,0.166667,0.25,0.123711,0,0,0.9
0,969,0.64336,-1.06265,-0.283919,0.25,0.125,0.309524,0,0.333333,1
0,970,1.06654,-0.374053,0.262672,0.5,0.125,0.127273,0,0,0.1
0,970,-1.00957,1.61955,0.550089,0.125,1,0.0851064,0,0,0.2
0,970,-1.32234,0.365089,-0.516891,0.111111,0.25,0.0925926,0,0,0.3
0,970,-0.119424,-1.92031,-1.25663,0.166667,0.1,0.294118,0,0,0.4
1,970,0.752501,-1.42321,-0.247295,0.333333,0.111111,0.2,1,0,0.5
0,970,0.0255604,0.0302265,-0.0621102,0.2,0.166667,0.0618557,0,0,0.6
0,970,1.74058,0.999022,2.09707,1,0.5,0.0769231,0,0,0.7
1,970,0.493742,0.520724,0.983471,0.25,0.333333,0.0888889,1,0.166667,0.8
0,970,-1.4904,-0.136407,-1.50245,0.1,0.142857,0.0568182,0,0,0.9
0,970,-0.137189,0.31937,-0.307929,0.142857,0.2,0.135135,1,0.166667,1
0,971,-1.25049,1.26314,0.0364183,0.111111,0.5,0.0555556,1,0.333333,0.1
1,971,1.45786,-2.09938,-0.227986,0.5,0.1,0.0958904,1,0.166667,0.2
0,971,-0.599268,-0.943697,-1.78105,0.125,0.111111,0.0909091,0,0,0.3
0,971,-1.35121,0.911498,-0.554939,0.1,0.333333,0.0470588,0,0,0.4
0,971,0.165947,-0.202374,-0.0547812,0.25,0.142857,0.0631579,1,0.5,0.5
1,971,0.440454,1.46001,2.13679,0.333333,1,0.1,1,0.333333,0.6
0,971,0.00575335,-0.298014,-0.642076,0.2,0.125,0.0789474,0,0,0.7
0,971,-0.384142,-0.0366375,-0.07297,0.166667,0.2,0.111111,0,0,0.8
0,971,-0.384628,0.0484699,-0.0547812,0.142857,0.25,0.0625,1,0.5,0.9
0,971,1.89972,-0.103022,1.21538,1,0.166667,0.153846,1,0.166667,1
0,972,-0.871518,0.685911,-0.349581,0.111111,0.333333,0.0609756,1,0.5,0.1
0,972,-0.944859,1.32943,-0.274321,0.1,0.5,0.075,1,0.333333,0.2
0,972,-0.541146,-0.104834,-0.0878001,0.2,0.166667,0.0877193,1,0.666667,0.3
1,972,1.25952,-1.75254,-0.667722,0.333333,0.1,0.127273,1,0.5,0.4
0,972,1.59309,-1.33608,0.0438198,0.5,0.111111,0.0921053,1,0,0.5
0,972,-0.550183,0.227466,-0.0878001,0.166667,0.2,0.0877193,1,0.5,0.6
1,972,1.62526,-0.408815,1.11489,1,0.142857,0.103448,0,0,0.7
0,972,-0.19589,1.55266,2.18995,0.25,1,0.0689655,0,0,0.8
0,972,-0.644378,0.254378,-0.0659146,0.142857,0.25,0.0757576,1,0.5,0.9
0,972,-0.729902,-0.447577,-1.81553,0.125,0.125,0.0877193,1,0.333333,1
0,973,-1.08201,0.240591,-1.51004,0.1,0.2,0.0724638,0,0,0.1
0,973,-0.77853,0.723305,0.754473,0.142857,0.5,0.0821918,0,0,0.2
0,973,-0.79341,1.92615,0.827966,0.125,1,0.0746269,0,0,0.3
0,973,-0.437484,-0.494657,-0.844859,0.166667,0.142857,0.0864198,0,0,0.4
1,973,0.625167,-1.78871,-0.710956,0.333333,0.1,0.111111,0,0,0.5
1,973,2.10814,0.216923,1.55707,1,0.166667,0.102041,1,0.166667,0.6
0,973,0.0265258,-0.959246,-1.1713,0.2,0.111111,0.0842105,0,0,0.7
0,973,0.205666,0.385408,1.07449,0.25,0.25,0.0597015,0,0,0.8
0,973,-1.0587,0.622718,-0.372215,0.111111,0.333333,0.0869565,0,0,0.9
0,973,1.18463,-0.872479,0.39536,0.5,0.125,0.097561,1,0.166667,1
0,974,-0.144078,0.250779,0.636786,0.25,0.2,0.119048,1,0.333333,0.1
0,974,-0.54482,1.02755,1.81209,0.2,1,0.142857,1,0.166667,0.2
1,974,1.39687,-0.816419,0.0436156,0.5,0.111111,0.424242,1,0.5,0.3
1,974,2.07618,-2.67604,0.131362,1,0.1,0.535714,1,0.5,0.4
0,974,-0.686745,0.570544,0.659599,0.166667,0.333333,0.18,0,0,0.5
0,974,0.866839,0.204345,0.659599,0.333333,0.166667,0.27027,0,0,0.6
0,974,-0.748513,0.693884,0.0436156,0.111111,0.5,0.216216,0,0,0.7
0,974,-0.756501,0.362632,-1.04394,0.1,0.25,0.25,1,0.166667,0.8
0,974,-0.742907,0.195335,-1.47136,0.125,0.142857,0.285714,0,0,0.9
0,974,-0.716328,0.187393,-1.47136,0.142857,0.125,0.235294,1,0.333333,1
0,975,0.273424,-0.561472,-0.0214901,0.333333,0.125,0.088,1,1.16667,0.1
0,975,-0.0871318,-0.368224,-0.423621,0.2,0.142857,0.0719424,1,1.16667,0.2
0,975,-0.396084,0.503724,-0.0641469,0.142857,0.25,0.121212,1,1.16667,0.3
0,975,-0.632491,1.74125,0.756762,0.125,1,0.129032,1,1.16667,0.4
0,975,-0.905157,1.30666,0.0426446,0.111111,0.5,0.0853659,1,1.16667,0.5
0,975,-1.30425,-0.979111,-2.71387,0.1,0.111111,0.153846,1,1.16667,0.6
1,975,2.47381,-1.8019,0.128438,1,0.1,0.211538,0,0,0.7
0,975,-0.276536,0.529657,0.644914,0.166667,0.333333,0.142857,1,1.16667,0.8
0,975,0.0536167,-0.158989,0.622609,0.25,0.2,0.15493,1,1.16667,0.9
1,975,0.800802,-0.211596,1.02776,0.5,0.166667,0.103774,0,0,1
0,976,-0.96231,1.53478,0.100161,0.1,1,0.0375,0,0,0.1
0,976,-0.425379,-1.81358,-1.34815,0.166667,0.1,0.105263,0,0,0.2
1,976,2.61868,0.269384,1.38167,1,0.2,0.119048,1,0.166667,0.3
0,976,0.243807,0.446129,1.05509,0.333333,0.25,0.021978,0,0.166667,0.4
1,976,-0.525762,-1.65228,-1.37042,0.142857,0.111111,0.0731707,1,0,0.5
0,976,0.235895,0.978054,1.35365,0.25,0.5,0.0625,0,0.166667,0.6
0,976,-0.667578,0.149453,-0.858156,0.125,0.166667,0.0566038,0,0,0.7
0,976,-0.222128,-0.372934,-0.58632,0.2,0.125,0.0243902,1,0.166667,0.8
0,976,-0.89106,0.484933,-0.265305,0.111111,0.333333,0.0517241,0,0.166667,0.9
0,976,0.595833,-0.0239396,0.537767,0.5,0.142857,0.0888889,0,0.166667,1
0,977,-0.625282,-0.0616279,-1.2625,0.125,0.142857,0.0882353,1,0.333333,0.1
0,977,-0.342533,0.0124723,-0.380895,0.166667,0.166667,0.0487805,0,0,0.2
0,977,-1.05978,1.21875,0.112715,0.1,1,0.0597015,0,0,0.3
1,977,-0.420104,0.706135,-0.0562944,0.142857,0.25,0.0877193,0,0,0.4
0,977,-0.0127045,0.707265,1.18735,0.25,0.333333,0.0645161,0,0,0.5
0,977,0.0581022,0.854761,1.84881,0.333333,0.5,0.0864198,0,0,0.6
0,977,-0.734884,-0.615555,-1.83025,0.111111,0.125,0.0746269,0,0,0.7
1,977,2.73072,-2.33041,0.112715,1,0.1,0.117647,1,0.333333,0.8
0,977,-0.0302566,0.40625,0.230924,0.2,0.2,0.0761905,0,0,0.9
0,977,0.436729,-0.898046,0.0374242,0.5,0.111111,0.0795455,1,0.333333,1
0,978,-0.914911,0.628479,-0.678583,0.111111,0.25,0.0740741,0,0.166667,0.1
1,978,0.926404,-1.24755,0.0406951,0.5,0.111111,0.15493,1,0.333333,0.2
0,978,-0.618851,1.60643,1.03539,0.142857,1,0.0869565,0,0.166667,0.3
0,978,0.315557,-0.869297,0.292716,0.333333,0.142857,0.0948905,1,0.333333,0.4
0,978,-0.682916,-1.4436,-2.28566,0.125,0.1,0.0761905,1,0.333333,0.5
0,978,-0.325237,0.691566,0.615432,0.166667,0.333333,0.145161,1,0,0.6
0,978,-0.229105,-1.05734,-0.717479,0.2,0.125,0.0967742,0,0,0.7
0,978,0.125592,0.558483,0.594146,0.25,0.2,0.1,1,0,0.8
1,978,2.46197,0.368229,1.35811,1,0.166667,0.2125,0,0,0.9
0,978,-1.05851,0.764607,-0.25476,0.1,0.5,0.0769231,0,0,1
0,979,-0.883156,-0.476774,-1.26831,0.1,0.166667,0.08,0,0.166667,0.1
1,979,1.62506,1.1745,1.54559,0.5,0.333333,0.0819672,1,0,0.2
0,979,0.264163,1.17482,1.27349,0.25,0.5,0.0634921,0,0,0.3
0,979,-0.810158,-0.686952,-0.814633,0.142857,0.142857,0.0952381,0,0.5,0.4
1,979,0.694641,-1.17584,-0.249593,0.333333,0.111111,0.0888889,1,0,0.5
0,979,1.83527,-1.28295,0.094229,1,0.1,0.166667,0,0,0.6
0,979,-0.840489,-0.688194,-1.29625,0.125,0.125,0.0869565,0,0.666667,0.7
0,979,-0.867753,0.987851,-0.521695,0.111111,0.25,0.05,0,0,0.8
0,979,-0.62102,-0.404646,-0.0626874,0.166667,0.2,0.0769231,0,0.5,0.9
0,979,-0.396557,1.37818,1.29985,0.2,1,0.0444444,0,0.5,1
0,980,-0.710244,-0.107161,-1.73894,0.125,0.142857,0.222222,0,0,0.1
1,980,-0.323405,0.514762,0.779551,0.166667,0.333333,0.104478,0,0,0.2
0,980,-0.22684,-0.955379,-0.908811,0.2,0.125,0.0714286,0,0,0.3
0,980,-0.109323,0.482293,1.18711,0.25,0.25,0.0909091,0,0,0.4
0,980,-0.791478,0.398875,-1.29406,0.111111,0.2,0.0693069,0,0,0.5
0,980,-0.544883,1.72694,1.3115,0.142857,1,0.0909091,1,0.333333,0.6
0,980,0.0684398,0.246719,0.779551,0.333333,0.166667,0.104651,0,0,0.7
1,980,2.62015,-1.66281,0.155251,1,0.1,0.15942,1,0.333333,0.8
0,980,-0.867052,0.774102,-0.322698,0.1,0.5,0.0550459,0,0,0.9
0,980,0.884639,-1.41834,0.0515473,0.5,0.111111,0.174603,1,0.333333,1
0,981,-0.551016,1.33613,0.8167,0.142857,1,0.0740741,0,0,0.1
0,981,-0.814494,-0.119471,-1.03889,0.1,0.2,0.0714286,0,0,0.2
0,981,-0.570489,0.806877,-0.295351,0.125,0.25,0.109091,0,0,0.3
0,981,-0.118982,1.32127,1.58577,0.333333,0.5,0.076087,0,0.333333,0.4
1,981,1.05162,1.03551,1.58577,0.5,0.333333,0.0869565,1,0.166667,0.5
1,981,2.61801,-1.51734,0.0966784,1,0.1,0.134146,1,0,0.6
0,981,-0.617776,-0.531682,-1.32278,0.111111,0.142857,0.0631579,0,0,0.7
0,981,-0.42056,-0.640625,-0.828322,0.166667,0.125,0.181818,1,0.333333,0.8
0,981,-0.221424,-0.453639,0.206268,0.25,0.166667,0.114754,0,0.333333,0.9
0,981,-0.354887,-1.23702,-0.805841,0.2,0.111111,0.122449,0,0.166667,1
0,982,-1.01877,1.36346,-0.291432,0.1,0.5,0.08,1,0.666667,0.1
0,982,-0.222728,1.46608,1.5536,0.166667,1,0.174419,1,0.5,0.2
1,982,0.359843,-1.87529,-0.291432,0.5,0.1,0.285714,1,0.666667,0.3
0,982,-0.583546,-0.420921,-1.57046,0.125,0.142857,0.162162,1,0.166667,0.4
0,982,-0.495635,0.469765,-0.070026,0.142857,0.25,0.0897436,1,0,0.5
0,982,-0.0415281,-0.130433,0.704021,0.333333,0.166667,0.170732,0,0.166667,0.6
0,982,-0.0632286,0.527356,1.47697,0.25,0.333333,0.14433,1,0.666667,0.7
1,982,2.79782,-0.969533,0.478194,1,0.111111,0.346939,0,0.5,0.8
0,982,-0.584314,0.396829,-1.16868,0.111111,0.2,0.114286,1,0.166667,0.9
0,982,-0.147921,-0.827312,-0.820758,0.2,0.125,0.103175,1,0.166667,1
0,983,-0.75198,-0.0446844,-0.282219,0.142857,0.2,0.117647,0,0,0.1
1,983,2.01608,0.14462,1.41983,1,0.25,0.0759494,1,0,0.2
1,983,1.45281,-0.203737,0.684703,0.5,0.166667,0.12766,0,0,0.3
0,983,-0.788857,-0.726961,-1.38941,0.125,0.111111,0.122449,0,0,0.4
0,983,-0.874471,1.27349,0.0284101,0.111111,0.5,0.0769231,0,0,0.5
0,983,0.68891,-0.291115,0.204351,0.333333,0.142857,0.0714286,0,0,0.6
0,983,-0.320091,1.4276,0.948122,0.166667,1,0.0733945,0,0,0.7
0,983,-1.0945,-2.02899,-2.01426,0.1,0.1,0.117647,0,0,0.8
0,983,-0.311492,1.07478,0.661872,0.2,0.333333,0.0620155,0,0,0.9
0,983,-0.0164132,-0.625,-0.261403,0.25,0.125,0.0747664,0,0,1
0,984,-0.968624,-0.0975649,-1.68642,0.111111,0.166667,0.103448,1,0.166667,0.1
0,984,0.597964,-1.08653,-0.404277,0.333333,0.111111,0.135593,1,0,0.2
1,984,1.38577,-1.05213,0.429415,0.5,0.125,0.189189,1,0,0.3
0,984,-0.657357,0.780675,-0.0762277,0.142857,0.25,0.103448,0,0,0.4
0,984,-0.213203,0.186015,-0.101537,0.166667,0.2,0.0972222,0,0.5,0.5
0,984,1.84539,-1.38013,0.152627,1,0.1,0.121622,0,0.5,0.6
0,984,-0.943903,0.863323,-0.0255374,0.125,0.333333,0.0689655,0,0.5,0.7
0,984,0.26817,1.50987,2.5326,0.25,1,0.0683761,1,0.166667,0.8
0,984,-1.39003,1.16071,-0.317242,0.1,0.5,0.0925926,1,0,0.9
1,984,0.0758147,-0.884231,-0.503402,0.2,0.142857,0.0843373,1,0.5,1
0,985,-0.401188,1.12546,1.29566,0.166667,0.5,0.0594059,1,0,0.1
0,985,-0.357006,-0.195202,-0.534041,0.2,0.142857,0.0625,1,0,0.2
0,985,0.526583,0.590487,2.17319,0.333333,0.333333,0.113924,1,0.833333,0.3
0,985,-1.13257,1.50046,0.161916,0.1,1,0.0301205,0,0,0.4
1,985,1.01048,-1.44876,0.0537602,0.5,0.111111,0.084507,1,0.166667,0.5
0,985,0.0738611,-0.772879,-0.494651,0.25,0.125,0.0869565,1,0.833333,0.6
0,985,-0.731891,0.0873521,-1.38727,0.125,0.166667,0.117647,1,0.833333,0.7
0,985,-0.766803,0.567714,-0.896442,0.111111,0.25,0.153846,1,0.833333,0.8
0,985,-0.597306,0.275436,-0.534041,0.142857,0.2,0.0821918,1,0.833333,0.9
1,985,2.37584,-1.73007,0.161916,1,0.1,0.211538,1,1,1
0,986,-0.172129,-1.38787,-1.91674,0.2,0.1,0.163934,1,0,0.1
0,986,-0.782237,1.71955,1.05096,0.125,1,0.132353,1,0,0.2
0,986,-0.883124,1.58602,0.0592233,0.111111,0.5,0.138462,0,0,0.3
0,986,-0.172447,-0.277838,-0.60276,0.166667,0.166667,0.166667,0,0,0.4
0,986,0.0818219,-0.714403,-0.0298447,0.333333,0.125,0.169811,0,0,0.5
1,986,0.733646,-0.233824,1.91142,0.5,0.2,0.176471,1,0.166667,0.6
0,986,-0.288074,0.0865013,-0.0890849,0.142857,0.25,0.12987,0,0,0.7
1,986,2.60805,-1.00369,0.608344,1,0.111111,0.2,1,0.166667,0.8
0,986,-0.0699949,-0.565072,-0.0890849,0.25,0.142857,0.208333,0,0,0.9
0,986,-1.05551,0.790631,-0.902439,0.1,0.333333,0.123077,0,0,1
0,987,-0.37602,-0.0974905,-0.119252,0.166667,0.2,0.192308,0,0,0.1
0,987,-0.0598981,0.460402,1.37064,0.25,0.25,0.153846,0,0,0.2
0,987,-0.569962,1.60383,1.05617,0.125,1,0.102564,0,0,0.3
1,987,2.87145,-1.22517,0.179254,1,0.1,0.206897,1,0.166667,0.4
0,987,-0.795525,0.893444,-0.906911,0.1,0.333333,0.0697674,0,0,0.5
0,987,-0.516332,1.51891,0.962422,0.142857,0.5,0.0319635,1,0,0.6
0,987,-0.592753,-0.621675,-1.98062,0.111111,0.166667,0.18,1,0.166667,0.7
1,987,-0.135727,-0.916531,-1.04932,0.2,0.125,0.28125,0,0,0.8
0,987,0.0724258,-0.623306,0.428099,0.333333,0.142857,0.164179,0,0,0.9
0,987,0.102344,-0.992408,0.0595167,0.5,0.111111,0.285714,0,0,1
0,988,-0.911807,1.74113,0.34664,0.111111,1,0.0566038,1,0.5,0.1
1,988,1.05234,-1.08901,0.033746,0.5,0.111111,0.0754717,1,0.5,0.2
0,988,-0.420192,-0.905309,-0.594963,0.2,0.125,0.142857,0,0,0.3
1,988,0.778259,0.207106,0.786184,0.333333,0.2,0.0291971,1,0.333333,0.4
0,988,-0.990933,-1.51557,-2.39258,0.1,0.1,0.0606061,0,0,0.5
0,988,-0.4877,-0.541343,-0.611068,0.166667,0.142857,0.0816327,1,0.5,0.6
0,988,2.31614,-0.257737,1.1262,1,0.166667,0.0555556,1,0,0.7
0,988,-0.519411,1.30623,0.545694,0.142857,0.5,0.121212,1,0.833333,0.8
0,988,-0.194638,0.553596,1.07065,0.25,0.333333,0.0174672,1,0.5,0.9
0,988,-0.62206,0.500915,-0.3105,0.125,0.25,0.0816327,1,0.5,1
0,989,-0.949314,-0.563246,-1.37687,0.111111,0.125,0.0740741,0,0,0.1
0,989,1.17459,0.341029,1.39084,0.5,0.333333,0.131579,0,0,0.2
0,989,-0.734742,0.111138,-0.279672,0.142857,0.2,0.121951,1,0.666667,0.3
0,989,-0.76509,-0.477542,-0.94976,0.125,0.142857,0.108108,1,0.5,0.4
0,989,-1.33196,1.78687,0.084794,0.1,1,0.043956,0,0,0.5
1,989,0.305436,0.074425,0.180912,0.25,0.166667,0.142857,1,0.666667,0.6
1,989,2.05249,1.34755,1.90463,1,0.5,0.1,1,0,0.7
0,989,0.283304,0.229555,0.411043,0.2,0.25,0.172414,1,0.5,0.8
0,989,-0.482629,-1.73982,-1.14131,0.166667,0.1,0.119048,0,0,0.9
0,989,0.447918,-1.10997,-0.224602,0.333333,0.111111,0.09375,1,0.666667,1
0,990,1.43746,-0.614813,0.668542,0.5,0.125,0.155172,1,0,0.1
0,990,-0.29184,-0.0129662,-0.15808,0.2,0.166667,0.102273,1,0.166667,0.2
0,990,-1.09544,0.0299157,-2.55342,0.1,0.2,0.0833333,0,0,0.3
0,990,-0.64266,0.840379,1.19314,0.166667,0.333333,0.135593,0,0,0.4
1,990,1.66051,-2.15957,0.23762,1,0.1,0.141026,0,0,0.5
0,990,-0.928854,1.18126,0.810419,0.111111,1,0.148148,1,0.166667,0.6
0,990,0.545321,-0.168345,-0.118676,0.25,0.142857,0.136364,0,0,0.7
0,990,-0.788545,0.790059,-0.118676,0.142857,0.25,0.112676,0,0,0.8
0,990,-0.867454,1.10502,0.668542,0.125,0.5,0.113208,0,0,0.9
1,990,0.971512,-0.990942,-0.629405,0.333333,0.111111,0.235294,1,0,1
1,991,2.05033,-0.528897,0.945336,1,0.166667,0.203704,1,0,0.1
0,991,-1.1815,0.188161,-0.677999,0.1,0.25,0.105263,1,0.166667,0.2
0,991,-0.0262559,-0.677594,-0.28139,0.2,0.142857,0.185185,1,0.5,0.3
0,991,-1.02681,-0.926322,-1.59703,0.111111,0.111111,0.140625,1,0.5,0.4
0,991,0.154006,-0.894045,-0.260635,0.25,0.125,0.169492,1,0.166667,0.5
0,991,0.849421,0.0473648,0.659928,0.333333,0.2,0.13253,1,0.333333,0.6
0,991,-0.491984,-1.28922,-1.37296,0.142857,0.1,0.152542,1,0.5,0.7
1,991,1.09698,1.5147,1.65368,0.5,0.5,0.2,0,0,0.8
0,991,-0.977027,0.884239,-0.0142748,0.125,0.333333,0.111111,1,0.5,0.9
0,991,-0.447155,1.68162,0.945336,0.166667,1,0.121951,0,0,1
0,992,-1.01466,1.13755,0.142871,0.1,1,0.142857,1,0.5,0.1
0,992,-0.213733,-0.240841,-1.22409,0.166667,0.125,0.173913,0,0,0.2
1,992,1.75575,-2.24719,-0.296965,0.5,0.1,0.447368,1,0,0.3
0,992,0.035954,0.126487,0.717388,0.333333,0.166667,0.212121,1,0.833333,0.4
0,992,-0.155529,0.82542,1.93088,0.25,0.5,0.148515,1,0.666667,0.5
0,992,-0.179245,0.347843,0.292706,0.2,0.2,0.205882,0,0,0.6
1,992,1.99801,-1.31976,0.487273,1,0.111111,0.26087,0,0.166667,0.7
0,992,-0.439015,0.601342,-0.0713555,0.142857,0.25,0.11811,1,0,0.8
0,992,-0.861205,0.820805,-0.0239051,0.125,0.333333,0.206897,1,0.333333,0.9
0,992,-0.926319,-0.0516473,-1.9548,0.111111,0.142857,0.244898,1,0.5,1
0,993,1.03764,0.467724,0.860259,0.5,0.2,0.108696,0,0,0.1
0,993,0.212051,-0.387777,-0.46993,0.2,0.125,0.18,0,0,0.2
1,993,0.747356,0.72355,0.845648,0.25,0.333333,0.148148,0,0,0.3
0,993,-0.575206,0.349823,-0.48265,0.142857,0.166667,0.103896,1,0.833333,0.4
0,993,-1.16589,0.496556,-0.444454,0.111111,0.25,0.0933333,1,0.833333,0.5
0,993,1.59633,0.9097,1.80319,1,0.5,0.106383,0,0,0.6
0,993,-0.328447,0.9452,0.889524,0.166667,1,0.106667,1,0.833333,0.7
0,993,-1.39402,-0.7949,-1.69626,0.1,0.111111,0.142857,1,0.833333,0.8
1,993,0.940518,-2.51981,-0.406154,0.333333,0.1,0.12,1,0.833333,0.9
0,993,-1.07034,-0.190066,-0.899174,0.125,0.142857,0.0886076,1,0.833333,1
1,994,2.62075,2.52034,2.18322,1,1,0.0779221,1,0,0.1
0,994,-0.754865,-0.46395,-1.16957,0.111111,0.142857,0.176471,0,0,0.2
1,994,0.490613,-0.00928519,0.661213,0.333333,0.2,0.169811,0,0,0.3
0,994,-0.491227,0.0834966,0.429218,0.166667,0.333333,0.134328,0,0,0.4
0,994,-0.864409,0.812619,-0.177676,0.1,0.5,0.0775862,0,0,0.5
0,994,-0.609015,-0.982706,-1.16957,0.142857,0.111111,0.225,0,0,0.6
0,994,-0.121488,0.0738756,0.653618,0.25,0.25,0.120482,0,0,0.7
0,994,-0.720157,-0.551326,-1.1759,0.125,0.125,0.18,0,0,0.8
0,994,0.629356,-1.18332,-0.177676,0.5,0.1,0.191489,0,0,0.9
0,994,-0.179562,-0.299741,-0.0568675,0.2,0.166667,0.111111,0,0,1
0,995,-0.0992699,-0.235426,-0.152268,0.25,0.142857,0.0916667,0,0,0.1
0,995,0.942436,-0.118746,1.53086,0.333333,0.166667,0.161765,0,0,0.2
0,995,-0.401824,0.122663,-0.202825,0.166667,0.2,0.173913,0,0.166667,0.3
0,995,-0.274773,-0.330697,-1.7847,0.2,0.125,0.115385,0,0,0.4
0,995,-0.995615,0.352047,-0.807559,0.111111,0.333333,0.0804598,0,0.166667,0.5
0,995,-0.626047,0.319778,-0.152268,0.142857,0.25,0.186047,1,0.166667,0.6
1,995,1.68359,-1.74176,0.304878,1,0.1,0.255319,1,0.333333,0.7
1,995,1.67795,-1.08844,0.101227,0.5,0.111111,0.193548,1,0.333333,0.8
0,995,-0.867805,2.27152,1.79636,0.125,1,0.114754,1,0.333333,0.9
0,995,-1.03863,0.449058,-0.633704,0.1,0.5,0.137255,1,0.166667,1
0,996,-0.294944,1.17851,1.99114,0.2,1,0.152941,0,0,0.1
0,996,-0.228971,-0.702234,-0.799144,0.25,0.111111,0.175439,0,0,0.2
0,996,-0.603528,0.830842,0.406106,0.125,0.5,0.174603,1,1,0.3
0,996,-0.312553,0.161101,-0.096026,0.166667,0.2,0.192308,1,0,0.4
1,996,2.74696,-2.53859,0.144342,1,0.1,0.347826,1,1,0.5
1,996,-0.123364,0.0264966,0.724773,0.333333,0.166667,0.164179,1,1,0.6
0,996,-0.783089,0.543174,-1.14709,0.1,0.25,0.177419,1,1,0.7
0,996,0.749086,0.00943552,0.774979,0.5,0.142857,0.179775,1,1,0.8
0,996,-0.539652,-0.274367,-1.61675,0.142857,0.125,0.4,1,1,0.9
0,996,-0.609948,0.765634,-0.382332,0.111111,0.333333,0.22,1,1,1
0,997,-0.196894,-0.461855,0.413599,0.333333,0.166667,0.121622,1,1.16667,0.1
1,997,-0.653849,0.798614,-0.171211,0.1,0.5,0.104478,0,0,0.2
0,997,-0.221052,-0.601224,-0.482179,0.2,0.125,0.116883,1,1.16667,0.3
0,997,-0.229629,-0.642677,-0.910132,0.166667,0.111111,0.138462,1,1.16667,0.4
1,997,2.96213,2.73272,2.10377,1,1,0.091954,1,0,0.5
0,997,-0.547693,-0.0492304,-0.218182,0.111111,0.333333,0.107692,1,1.16667,0.6
0,997,-0.249661,-0.542109,-0.712111,0.142857,0.142857,0.128571,1,1.16667,0.7
0,997,-0.183282,-0.217498,1.11322,0.5,0.25,0.0891089,1,1.16667,0.8
0,997,-0.46402,-0.660276,-1.53607,0.125,0.1,0.0963855,1,1.16667,0.9
0,997,-0.216054,-0.356464,0.399294,0.25,0.2,0.155172,1,1.16667,1
0,998,0.442603,0.389269,0.829798,0.333333,0.166667,0.105263,0,0,0.1
0,998,1.67615,0.408297,2.27967,1,0.2,0.030303,1,0.166667,0.2
0,998,-1.22701,1.071,0.165258,0.1,1,0.0214286,0,0,0.3
1,998,0.00059492,-0.951266,-0.96739,0.2,0.125,0.05,1,0,0.4
0,998,0.274689,-1.2992,-0.914946,0.25,0.111111,0.0967742,0,0,0.5
0,998,-0.874559,0.865039,0.464954,0.125,0.5,0.0333333,0,0,0.6
0,998,-0.00625408,0.294261,-0.993576,0.166667,0.142857,0.0816327,0,0,0.7
1,998,-0.803349,0.680599,0.394675,0.142857,0.333333,0.0294118,1,0.166667,0.8
0,998,1.64955,-2.06708,-0.343498,0.5,0.1,0.0816327,1,0.166667,0.9
0,998,-1.13242,0.609076,-0.914946,0.111111,0.25,0.0247934,0,0.166667,1
1,999,1.41822,-0.251273,2.04959,0.5,0.166667,0.0576923,1,0,0.1
0,999,-0.952725,1.33993,0.873564,0.111111,1,0.0428571,0,0,0.2
0,999,-0.748243,0.388894,-0.127923,0.142857,0.25,0.0869565,0,0,0.3
0,999,1.68063,-1.58594,0.256134,1,0.1,0.1,0,0,0.4
0,999,-0.921616,1.26932,0.720632,0.125,0.5,0.0555556,0,0,0.5
1,999,-0.116807,-0.480949,-0.844795,0.2,0.142857,0.0769231,1,0.333333,0.6
0,999,1.08052,-0.765083,-0.0428561,0.333333,0.125,0.12,0,0,0.7
0,999,-1.05349,1.21464,-1.29588,0.1,0.333333,0.0379747,0,0,0.8
0,999,-0.68391,0.118566,-0.170397,0.166667,0.2,0.0519481,1,0.166667,0.9
0,999,0.297423,-1.2481,-1.41807,0.25,0.111111,0.227273,1,0.166667,1
0,1000,-1.06608,0.752122,-0.257073,0.111111,0.333333,0.0851064,0,0,0.1
0,1000,1.00218,-0.638138,-0.0162388,0.333333,0.125,0.236842,0,0,0.2
1,1000,1.98895,-2.3007,0.0970529,1,0.1,0.409091,1,0.333333,0.3
0,1000,-0.626004,0.42888,-0.048472,0.142857,0.25,0.0536913,0,0,0.4
0,1000,-0.793861,-0.0976141,-0.83153,0.125,0.166667,0.119403,0,0,0.5
1,1000,0.165855,1.47357,1.61044,0.25,1,0.128205,1,0.333333,0.6
0,1000,1.13224,0.847587,1.88121,0.5,0.5,0.195652,1,0.333333,0.7
0,1000,-0.118884,-0.693293,-0.808962,0.2,0.111111,0.181818,0,0,0.8
0,1000,-1.10575,-0.154567,-1.56186,0.1,0.142857,0.142857,0,0,0.9
0,1000,-0.57864,0.382159,-0.064566,0.166667,0.2,0.105263,0,0,1
1,1001,2.49147,-0.870814,0.279012,1,0.111111,0.222222,1,0,0.1
0,1001,-0.396697,-0.669838,-0.700913,0.166667,0.125,0.119048,1,0.666667,0.2
0,1001,0.0424368,-0.270479,-0.054424,0.2,0.166667,0.131579,0,0.166667,0.3
1,1001,-0.647057,-0.148249,-0.478887,0.125,0.2,0.142857,1,0.666667,0.4
0,1001,-1.32257,-0.653446,-1.31652,0.1,0.142857,0.102041,1,0.666667,0.5
0,1001,0.596039,1.36621,1.58571,0.5,0.5,0.151515,0,0,0.6
0,1001,-0.527321,2.33998,0.691079,0.142857,1,0.103448,0,0,0.7
0,1001,-0.786915,-0.958805,-1.72859,0.111111,0.1,0.0941176,1,0.666667,0.8
0,1001,0.100139,-0.0517981,0.861766,0.25,0.333333,0.152778,1,0.833333,0.9
0,1001,0.450476,-0.0827638,0.861766,0.333333,0.25,0.15942,0,0,1
0,1002,-0.796712,0.837035,-0.264865,0.1,0.5,0.0704225,0,0,0.1
0,1002,-1.73934e-05,1.46691,2.11446,0.25,1,0.0761905,0,0,0.2
0,1002,0.0837957,-0.358547,-0.0213212,0.333333,0.125,0.0941176,1,0.833333,0.3
0,1002,-0.646838,0.245425,-0.42029,0.142857,0.2,0.0638298,0,0,0.4
0,1002,-0.6076,0.809647,0.639844,0.166667,0.333333,0.138889,1,0.833333,0.5
0,1002,-0.713539,0.121939,-1.09178,0.125,0.166667,0.0909091,1,0.833333,0.6
0,1002,-0.724632,-0.228704,-1.7435,0.111111,0.142857,0.0895522,1,0.833333,0.7
1,1002,1.72979,-1.88738,-0.264865,0.5,0.1,0.136364,1,0,0.8
1,1002,2.0909,-1.5442,0.434603,1,0.111111,0.131579,1,0.833333,0.9
0,1002,-0.415155,0.537872,0.617714,0.2,0.25,0.0985915,1,0.833333,1
0,1003,0.0978242,-0.320872,-0.0551051,0.333333,0.125,0.208333,1,0,0.1
0,1003,-0.142835,-0.185403,-1.98008,0.166667,0.142857,0.208333,0,0,0.2
0,1003,-0.898742,0.90141,-0.0551051,0.125,0.333333,0.137931,0,0,0.3
0,1003,0.0401269,0.0682696,0.702666,0.25,0.166667,0.166667,1,0.5,0.4
0,1003,-0.301635,0.284255,-1.08625,0.142857,0.2,0.142857,0,0,0.5
0,1003,-0.968416,1.1534,1.12324,0.111111,1,0.131148,0,0.166667,0.6
1,1003,2.263,-1.99242,0.329341,1,0.1,0.28125,1,0.166667,0.7
1,1003,1.22803,-1.49729,0.109349,0.5,0.111111,0.238095,1,0.5,0.8
0,1003,-0.0952465,0.51075,1.5965,0.2,0.25,0.147059,1,0.333333,0.9
0,1003,-1.22211,1.0779,-0.684552,0.1,0.5,0.113636,1,0,1
0,1004,-1.09493,1.17313,0.170759,0.1,1,0.117647,1,0.333333,0.1
0,1004,0.613415,-0.0853229,0.407813,0.333333,0.142857,0.104478,1,0.166667,0.2
0,1004,-0.910864,0.714261,-0.0285713,0.125,0.333333,0.0531915,1,0.333333,0.3
1,1004,2.35627,-2.50279,0.170759,1,0.1,0.212766,0,0,0.4
0,1004,-0.200447,-0.745514,-1.88677,0.166667,0.111111,0.217391,1,0.833333,0.5
0,1004,-0.944217,0.661082,-0.945403,0.111111,0.25,0.0549451,1,0.333333,0.6
0,1004,0.227463,-0.0814839,0.364324,0.25,0.166667,0.0507246,0,0,0.7
1,1004,0.771395,0.0645704,1.82986,0.5,0.2,0.179487,0,0,0.8
0,1004,-0.664019,0.909494,0.916815,0.142857,0.5,0.2,1,0.333333,0.9
0,1004,-0.154061,-0.107416,-0.999592,0.2,0.125,0.0833333,0,0,1
0,1005,-0.520508,-0.63841,-1.1973,0.166667,0.125,0.0816327,0,0.166667,0.1
0,1005,-0.539644,-0.126978,-0.460911,0.142857,0.2,0.0625,0,0.5,0.2
0,1005,-0.849097,0.803659,-0.370153,0.111111,0.333333,0.0392157,1,0.5,0.3
0,1005,-0.302004,-1.70045,-1.11055,0.25,0.1,0.148148,1,0.666667,0.4
1,1005,1.12653,-0.388688,0.701685,0.333333,0.166667,0.0506329,1,0,0.5
1,1005,-0.917561,2.00779,0.139744,0.1,1,0.0394737,1,0.333333,0.6
0,1005,1.96232,-0.413081,1.1805,1,0.142857,0.0384615,0,0.166667,0.7
0,1005,-0.469417,-0.698945,-1.1648,0.2,0.111111,0.0727273,1,0.833333,0.8
0,1005,-0.820928,1.0925,0.393169,0.125,0.5,0.0425532,0,0,0.9
0,1005,1.33031,0.0626051,1.88862,0.5,0.25,0.0869565,0,0.166667,1
0,1006,-0.946848,0.454283,-0.721615,0.1,0.25,0.0588235,0,0,0.1
0,1006,-0.0186089,1.26494,1.22719,0.25,0.5,0.0967742,0,0,0.2
1,1006,2.47774,-0.847954,0.535016,1,0.125,0.25,1,0,0.3
0,1006,0.802383,0.467568,1.4894,0.5,0.333333,0.0769231,0,0,0.4
0,1006,-0.66665,-1.59275,-1.46128,0.142857,0.1,0.132075,0,0,0.5
1,1006,-0.246623,0.00498785,-0.0604082,0.2,0.166667,0.145455,0,0,0.6
0,1006,-0.726296,-0.680735,-1.24239,0.111111,0.142857,0.136364,0,0,0.7
0,1006,-0.62817,-1.06447,-1.00331,0.166667,0.111111,0.162791,0,0,0.8
0,1006,-0.691174,1.75014,0.535016,0.125,1,0.0551181,0,0,0.9
0,1006,0.644247,0.243984,0.702381,0.333333,0.2,0.147059,0,0,1
0,1007,-0.944598,0.672093,-0.329303,0.111111,0.333333,0.115942,0,0,0.1
1,1007,1.84728,-1.28294,0.124322,1,0.1,0.212121,0,0,0.2
0,1007,-0.422913,-1.115,-1.37367,0.166667,0.111111,0.0843373,1,0,0.3
0,1007,-0.746,0.1133,-0.0620912,0.142857,0.25,0.140625,0,0.333333,0.4
0,1007,0.0222083,-0.44784,-0.0620912,0.25,0.142857,0.131579,0,0,0.5
0,1007,1.19608,-0.415192,0.994828,0.5,0.166667,0.104839,1,0.5,0.6
0,1007,-0.746,0.10494,-0.727756,0.125,0.2,0.140625,0,0.5,0.7
0,1007,-0.135307,-0.699184,-0.727756,0.2,0.125,0.149254,0,0.5,0.8
0,1007,-1.25018,0.806365,-0.258409,0.1,0.5,0.0722892,1,0.166667,0.9
1,1007,1.17942,2.26346,2.42192,0.333333,1,0.121951,0,0,1
0,1008,0.0411297,-0.0657681,-0.333131,0.2,0.142857,0.1,1,0.333333,0.1
1,1008,2.43285,0.0527588,1.39328,1,0.2,0.038961,1,0.333333,0.2
0,1008,0.342348,0.0916431,1.06396,0.333333,0.25,0.121951,1,0.5,0.3
0,1008,0.557967,0.00283618,0.808223,0.5,0.166667,0.133333,0,0,0.4
0,1008,-0.187236,0.322497,0.808223,0.166667,0.5,0.0684932,1,0.666667,0.5
0,1008,0.21741,-1.78745,-0.802668,0.25,0.1,0.1,0,0,0.6
0,1008,-0.525704,-0.31529,-1.13131,0.142857,0.125,0.119048,0,0,0.7
0,1008,-0.531699,0.179276,-0.0168996,0.125,0.333333,0.0714286,0,0,0.8
1,1008,-1.53079,2.40284,0.101002,0.1,1,0.136364,1,0.666667,0.9
0,1008,-0.816272,-0.883344,-1.89069,0.111111,0.111111,0.0819672,1,0.5,1
0,1009,0.153781,-0.551017,0.342813,0.5,0.125,0.142857,0,0,0.1
0,1009,-0.906568,0.541427,-0.968312,0.1,0.25,0.0804598,0,0.333333,0.2
1,1009,-0.470703,-0.0648519,-1.05339,0.142857,0.142857,0.0743802,1,0.166667,0.3
0,1009,-0.479585,-0.633475,-1.97851,0.125,0.111111,0.166667,0,0.333333,0.4
0,1009,-0.0621248,-0.0284825,0.611814,0.333333,0.166667,0.13253,1,0.166667,0.5
0,1009,-0.484463,1.30271,0.415564,0.111111,1,0.0898876,0,0.166667,0.6
0,1009,-0.303159,0.0203817,-0.0810599,0.166667,0.2,0.0967742,0,0.166667,0.7
0,1009,-0.144998,0.732834,1.28353,0.25,0.333333,0.166667,0,0.333333,0.8
1,1009,2.88389,-2.37613,0.121846,1,0.1,0.219178,1,0,0.9
0,1009,-0.186068,1.0566,1.3057,0.2,0.5,0.149254,0,0,1
0,1010,1.58346,-2.06663,-0.283075,0.5,0.1,0.242424,1,0.166667,0.1
0,1010,1.77254,-1.64986,0.464482,1,0.111111,0.140351,1,0.166667,0.2
0,1010,-0.269052,0.684648,1.45941,0.2,0.5,0.0980392,0,0,0.3
0,1010,-0.679262,0.509307,0.290566,0.166667,0.25,0.102041,0,0,0.4
1,1010,1.06601,0.449844,1.05345,0.333333,0.2,0.0909091,1,0.166667,0.5
0,1010,-0.257734,0.25057,0.290566,0.25,0.166667,0.192308,0,0.166667,0.6
0,1010,-0.927213,1.21476,0.136189,0.1,1,0.0952381,0,0,0.7
0,1010,-0.698375,0.177398,-1.17739,0.142857,0.142857,0.0877193,0,0,0.8
1,1010,-0.827005,-0.240087,-2.21141,0.111111,0.125,0.153846,1,0,0.9
0,1010,-0.76338,0.670054,-0.022787,0.125,0.333333,0.0877193,0,0,1
1,1011,2.89051,-1.85053,0.0884894,1,0.1,0.146341,1,1.33333,0.1
0,1011,-0.771877,-0.231146,-1.65018,0.1,0.125,0.04,1,1.33333,0.2
0,1011,-0.163206,0.907684,0.932151,0.25,0.333333,0.0810811,1,1.33333,0.3
0,1011,-0.595503,1.23871,0.3018,0.111111,1,0.0531915,1,1.33333,0.4
1,1011,0.149199,0.198373,1.19592,0.5,0.25,0.121951,1,0,0.5
0,1011,0.0489757,1.19796,1.45145,0.333333,0.5,0.0952381,1,1.33333,0.6
0,1011,-0.334505,0.0585768,0.181291,0.2,0.2,0.172414,1,1.33333,0.7
0,1011,-0.334505,0.0585768,-0.29903,0.166667,0.166667,0.172414,1,1.33333,0.8
0,1011,-0.334505,0.0585768,-0.765013,0.142857,0.142857,0.172414,1,1.33333,0.9
0,1011,-0.554582,-1.63678,-1.43687,0.125,0.111111,0.173913,1,1.33333,1
0,1012,-0.409257,-0.110984,-1.20159,0.1,0.166667,0.0588235,1,1.33333,0.1
0,1012,0.246428,0.424177,1.73039,0.5,0.5,0.0632911,1,1.33333,0.2
0,1012,-0.401391,2.34075,0.989185,0.166667,1,0.0851064,0,0,0.3
1,1012,2.94379,-2.03674,0.089272,1,0.1,0.0877193,1,1.33333,0.4
0,1012,-0.402959,-0.333628,-1.44958,0.125,0.111111,0.0606061,1,1.33333,0.5
1,1012,-0.400454,0.109547,0.940394,0.25,0.333333,0.0689655,1,1.33333,0.6
0,1012,-0.406331,0.00236536,-0.494251,0.111111,0.25,0.0606061,1,1.33333,0.7
0,1012,-0.400551,-0.168806,-0.52258,0.2,0.125,0.0666667,1,1.33333,0.8
0,1012,-0.36771,-0.0757603,0.690538,0.333333,0.2,0.0769231,1,1.33333,0.9
0,1012,-0.401566,-0.150921,-0.771778,0.142857,0.142857,0.0677966,1,1.33333,1
0,1013,0.662065,0.606413,1.72111,0.5,0.5,0.0588235,0,0.166667,0.1
0,1013,-1.31227,1.05842,0.0887931,0.1,1,0.032967,0,0,0.2
0,1013,0.611541,0.529511,1.19175,0.333333,0.333333,0.075,0,0.166667,0.3
0,1013,-0.787693,0.186306,-0.519777,0.125,0.2,0.047619,1,0.833333,0.4
0,1013,0.570535,-2.82629,-0.705642,0.25,0.1,0.121212,1,0.833333,0.5
0,1013,-0.682405,0.406724,0.189444,0.166667,0.25,0.0597015,1,0.833333,0.6
1,1013,2.18658,0.164465,0.983879,1,0.166667,0.0857143,1,0,0.7
0,1013,-0.743542,-0.0700387,-0.994553,0.142857,0.125,0.0655738,1,0.833333,0.8
1,1013,0.291918,0.0431801,-0.292862,0.2,0.142857,0.0793651,1,0.833333,0.9
0,1013,-0.796731,-0.0986853,-1.66214,0.111111,0.111111,0.08,1,0.833333,1
1,1014,2.70454,0.783648,1.58761,1,0.333333,0.121622,1,0,0.1
0,1014,0.562893,1.06461,1.83053,0.5,1,0.15493,1,0.666667,0.2
0,1014,-0.327385,-0.381575,-0.704544,0.142857,0.142857,0.227273,1,0.5,0.3
1,1014,-0.26758,-0.427746,-0.698233,0.166667,0.125,0.263158,1,0.666667,0.4
0,1014,-0.0487267,0.63687,0.62314,0.25,0.25,0.11,0,0,0.5
0,1014,-0.239149,0.423826,-0.0542158,0.2,0.166667,0.151515,0,0.666667,0.6
0,1014,-0.37186,0.440636,-0.477055,0.125,0.2,0.188679,0,0.666667,0.7
0,1014,-0.0276903,-2.25871,-0.412313,0.333333,0.1,0.238095,1,0.833333,0.8
0,1014,-1.09504,0.860004,-0.169391,0.1,0.5,0.0752688,1,0.5,0.9
0,1014,-0.890006,-1.14156,-1.52553,0.111111,0.111111,0.132075,1,0.5,1
0,1015,-0.611594,-0.66543,-1.40768,0.125,0.142857,0.101266,1,0.833333,0.1
0,1015,0.812494,-1.14347,-0.635846,0.333333,0.1,0.0833333,1,0.166667,0.2
0,1015,0.52319,-0.406895,-0.0836087,0.2,0.166667,0.105691,1,0.166667,0.3
1,1015,0.67957,-0.768932,-0.383942,0.25,0.125,0.116071,1,1,0.4
0,1015,1.10368,-0.899142,0.0417279,0.5,0.111111,0.0851064,1,0.833333,0.5
1,1015,-0.655879,2.3542,0.428631,0.111111,1,0.137255,0,0,0.6
0,1015,-0.611078,0.735405,0.300145,0.142857,0.333333,0.0833333,1,1,0.7
0,1015,-2.04279,-0.138764,-1.35051,0.1,0.2,0.111111,1,0.833333,0.8
0,1015,1.32685,0.195596,2.08541,1,0.25,0.117647,1,0.5,0.9
0,1015,-0.524442,0.737425,1.00567,0.166667,0.5,0.0925926,1,1,1
0,1016,-0.497836,0.647346,0.724995,0.125,0.5,0.0638298,0,0.5,0.1
0,1016,-0.457743,0.264777,-0.171429,0.2,0.166667,0.0967742,0,0,0.2
0,1016,-0.523493,0.437622,-2.14787,0.111111,0.2,0.0571429,0,0,0.3
0,1016,-0.414694,-1.16304,-0.682553,0.333333,0.111111,0.136364,0,0.166667,0.4
0,1016,2.27279,-1.05574,1.51829,1,0.125,0.134615,1,0.166667,0.5
1,1016,-0.650948,1.64927,0.257685,0.1,1,0.0105263,0,0,0.6
0,1016,-0.485651,0.626853,1.29389,0.166667,0.333333,0.0625,0,0.333333,0.7
1,1016,1.68523,-1.85555,-0.53561,0.5,0.1,0.153846,1,0.166667,0.8
0,1016,-0.487841,0.536826,-0.128698,0.142857,0.25,0.0625,0,0.333333,0.9
0,1016,-0.439818,-0.0883625,-0.128698,0.25,0.142857,0.125,0,0,1
1,1017,1.08372,-1.72289,-0.295482,0.5,0.1,0.0526316,1,0.666667,0.1
0,1017,-0.906649,0.00587527,-0.480389,0.166667,0.166667,0.0454545,0,0,0.2
0,1017,-0.966145,1.17256,0.8376,0.125,1,0.0310078,0,0,0.3
0,1017,1.26923,-0.94372,0.8376,1,0.125,0.0793651,0,0,0.4
1,1017,0.988462,-0.690002,0.339505,0.333333,0.142857,0.0487805,1,0.666667,0.5
0,1017,-0.939177,0.867196,0.339505,0.142857,0.333333,0.0294118,0,0,0.6
0,1017,0.653255,-1.18658,-1.18492,0.2,0.111111,0.0581395,1,0.666667,0.7
0,1017,-0.994685,0.805885,-0.787051,0.111111,0.25,0.0666667,1,0.666667,0.8
0,1017,-1.13473,0.688232,-1.52761,0.1,0.2,0.0428571,1,0.666667,0.9
0,1017,0.946721,1.00344,1.92124,0.25,0.5,0.0462963,0,0,1
0,1018,-0.227598,0.593023,0.678774,0.25,0.25,0.1,0,0,0.1
0,1018,0.460979,1.08183,1.72067,0.5,0.5,0.151515,0,0,0.2
0,1018,-0.148249,1.30846,1.72935,0.333333,1,0.111111,0,0,0.3
0,1018,-0.616538,0.0828844,-0.953918,0.1,0.2,0.101695,0,0,0.4
0,1018,-0.566395,0.0285448,-0.994304,0.125,0.142857,0.136364,0,0,0.5
1,1018,-0.576874,0.623549,-0.235135,0.111111,0.333333,0.0810811,0,0,0.6
0,1018,-0.42972,0.0813096,-0.299981,0.166667,0.166667,0.130435,0,0,0.7
1,1018,2.86074,-2.28095,0.0887708,1,0.1,0.25,1,0,0.8
0,1018,-0.491008,-0.700595,-0.994304,0.142857,0.125,0.132075,1,0,0.9
0,1018,-0.265341,-0.81805,-0.739929,0.2,0.111111,0.138889,0,0,1
0,1019,-0.241157,0.2669,0.332984,0.166667,0.25,0.0740741,1,0.5,0.1
1,1019,2.58728,-2.48239,0.156071,1,0.1,0.214286,1,0,0.2
0,1019,-0.585707,0.00503188,-1.34927,0.142857,0.142857,0.0519481,1,0.5,0.3
0,1019,-1.04778,1.82014,0.156071,0.1,1,0.046875,0,0,0.4
0,1019,-0.926947,0.300537,-0.413399,0.111111,0.333333,0.0526316,1,0.5,0.5
0,1019,0.1594,0.416069,2.10927,0.25,0.5,0.0519481,0,0,0.6
0,1019,-0.685518,0.195406,-0.913606,0.125,0.2,0.0612245,0,0,0.7
0,1019,0.342892,-0.334257,-0.413399,0.333333,0.111111,0.137931,0,0,0.8
0,1019,0.55638,0.0127417,1.24888,0.5,0.166667,0.0666667,0,0,0.9
1,1019,-0.15884,-0.200175,-0.913606,0.2,0.125,0.0930233,1,0.5,1
0,1020,-0.656726,0.812278,0.381777,0.125,0.5,0.153846,0,0,0.1
0,1020,-0.435508,0.365447,-0.0902732,0.2,0.166667,0.1375,1,0.333333,0.2
1,1020,2.63367,-2.36312,0.135695,1,0.1,0.213333,0,0,0.3
0,1020,-0.625175,0.133171,-0.815832,0.166667,0.142857,0.136986,0,0,0.4
0,1020,-0.653484,0.46264,-0.447556,0.142857,0.2,0.151515,0,0,0.5
0,1020,-0.705566,0.833945,0.135695,0.1,1,0.103093,0,0,0.6
0,1020,-0.666546,-0.266361,-2.20339,0.111111,0.125,0.177778,0,0,0.7
0,1020,0.250367,0.658458,1.42941,0.333333,0.25,0.139535,0,0,0.8
1,1020,0.783906,-1.31523,0.045054,0.5,0.111111,0.214286,1,0.333333,0.9
0,1020,0.0750607,0.678771,1.42941,0.25,0.333333,0.136986,1,0.333333,1
0,1021,1.82913,0.80869,1.39515,0.5,0.333333,0.166667,1,0.166667,0.1
0,1021,-0.660219,0.246937,-0.497907,0.125,0.2,0.131579,0,0,0.2
0,1021,-0.542496,-0.252206,-0.511385,0.166667,0.142857,0.166667,0,0,0.3
1,1021,-0.0356871,1.89846,1.657,0.333333,1,0.0816327,0,0,0.4
0,1021,-0.308416,-0.0769004,0.181473,0.25,0.166667,0.15,0,0,0.5
1,1021,2.08036,-0.969641,0.50116,1,0.125,0.206897,1,0.166667,0.6
0,1021,-0.638856,0.287277,-0.0424808,0.142857,0.25,0.135135,0,0,0.7
0,1021,-0.660219,0.842131,0.0282411,0.111111,0.5,0.135135,0,0,0.8
0,1021,-0.744137,-1.42438,-2.00228,0.1,0.1,0.0754717,0,0,0.9
0,1021,-0.319455,-1.36037,-0.708974,0.2,0.111111,0.125,0,0,1
1,1022,2.14826,-1.6648,0.11484,1,0.1,0.185185,0,0,0.1
0,1022,-0.432225,-0.699297,-0.983927,0.166667,0.125,0.181818,1,0,0.2
0,1022,-0.645071,0.596488,-0.350835,0.125,0.25,0.128571,0,0,0.3
1,1022,-1.74984,2.0293,0.11484,0.1,1,0.107143,1,0,0.4
0,1022,0.893533,-0.474582,0.918954,0.5,0.166667,0.184615,0,0,0.5
0,1022,0.178809,-0.609707,-0.378772,0.2,0.142857,0.164179,0,0,0.6
0,1022,-0.655379,-0.815354,-2.14972,0.111111,0.111111,0.151515,1,0.166667,0.7
0,1022,-0.444333,0.606865,0.274264,0.142857,0.333333,0.107527,0,0,0.8
0,1022,0.271282,0.74352,1.55205,0.25,0.5,0.15625,1,0.333333,0.9
0,1022,0.434966,0.287569,0.888313,0.333333,0.2,0.15942,0,0.166667,1
1,1023,1.33561,-1.8775,-0.396828,0.5,0.1,0.0833333,1,0,0.1
0,1023,-0.0920395,-0.55178,-0.0319439,0.333333,0.125,0.0344828,0,0,0.2
0,1023,-0.717477,1.31707,1.12488,0.125,1,0.0491803,0,0,0.3
1,1023,-0.120264,-1.30289,-1.057,0.25,0.111111,0.0697674,1,0,0.4
0,1023,-0.208359,0.805529,0.925474,0.2,0.25,0.0571429,0,0,0.5
0,1023,-0.829236,0.944351,-0.505696,0.111111,0.333333,0.0508475,0,0,0.6
0,1023,-0.852573,0.999039,-0.396828,0.1,0.5,0.0416667,0,0,0.7
0,1023,-0.585367,0.198733,-0.629689,0.142857,0.2,0.0666667,0,0,0.8
0,1023,2.4016,-0.170716,2.11546,1,0.166667,0.0892857,0,0.166667,0.9
0,1023,-0.3319,-0.361835,-1.14783,0.166667,0.142857,0.0428571,0,0.166667,1
0,1024,0.433006,0.113471,0.605324,0.333333,0.2,0.134831,0,1.33333,0.1
0,1024,-0.477579,0.0928851,-0.264447,0.166667,0.166667,0.174603,0,1.33333,0.2
0,1024,-0.197899,-1.39225,-0.6219,0.25,0.1,0.392857,0,1.33333,0.3
0,1024,-0.77262,0.115185,-0.433259,0.111111,0.25,0.15873,0,1.33333,0.4
0,1024,0.491227,0.4327,1.28359,0.5,0.333333,0.107438,0,1.33333,0.5
0,1024,-0.514661,0.936339,0.420158,0.142857,0.5,0.169231,0,1.33333,0.6
0,1024,-0.774892,-0.167728,-1.25935,0.1,0.142857,0.188679,0,1.33333,0.7
1,1024,-0.200034,-1.29555,-0.652282,0.2,0.111111,0.392857,0,1.33333,0.8
1,1024,2.70594,2.09538,1.99868,1,1,0.0909091,1,0,0.9
0,1024,-0.692492,-0.930437,-1.07651,0.125,0.125,0.212766,0,1.33333,1
0,1025,-0.206718,-2.04136,-0.970802,0.166667,0.1,0.0810811,1,0.333333,0.1
0,1025,1.26576,0.40562,0.974769,0.5,0.25,0.0987654,0,0,0.2
0,1025,0.812036,1.12859,1.18304,0.333333,0.5,0.0694444,0,0.333333,0.3
1,1025,0.447621,-0.252841,-0.0360224,0.25,0.142857,0.113208,1,0.666667,0.4
0,1025,-1.13492,-1.04072,-1.17116,0.125,0.111111,0.0740741,1,0.666667,0.5
0,1025,0.30844,1.51763,0.994945,0.2,1,0.0740741,0,0,0.6
0,1025,-0.665605,0.347661,-0.237889,0.142857,0.2,0.078125,1,0.666667,0.7
0,1025,-1.28959,0.129791,-0.970802,0.1,0.166667,0.0645161,1,0.5,0.8
0,1025,-1.16475,-0.724794,-1.17116,0.111111,0.125,0.0634921,1,0.166667,0.9
1,1025,1.62772,0.530427,1.40509,1,0.333333,0.0941176,0,0,1
0,1026,-1.49053,0.387216,-0.709186,0.1,0.25,0.0925926,1,0.833333,0.1
1,1026,0.971468,-2.45681,-0.451493,0.333333,0.1,0.112903,1,0.833333,0.2
0,1026,-1.36636,0.189381,-0.743832,0.111111,0.2,0.192308,0,0,0.3
0,1026,-0.203163,0.455241,0.213123,0.142857,0.333333,0.12,1,0.833333,0.4
0,1026,-1.3197,-0.00561859,-0.999549,0.125,0.142857,0.147059,1,0.833333,0.5
0,1026,0.0575889,-0.732673,-0.986028,0.166667,0.111111,0.146341,0,0,0.6
0,1026,0.99186,1.65559,2.00448,0.5,1,0.145833,1,0.833333,0.7
1,1026,0.501579,-0.0944175,-0.522388,0.2,0.125,0.125,1,0,0.8
0,1026,1.26132,0.0740466,0.988821,1,0.166667,0.162791,1,0.833333,0.9
0,1026,0.595937,0.52805,1.20605,0.25,0.5,0.139535,0,0,1
0,1027,-0.382489,0.156331,-0.77872,0.2,0.125,0.192308,0,0,0.1
1,1027,0.464652,-1.69474,0.0441686,0.5,0.111111,0.27907,0,0,0.2
1,1027,2.83927,-2.21482,0.133028,1,0.1,0.293333,0,0,0.3
0,1027,-0.435911,0.185373,-0.799799,0.166667,0.142857,0.166667,0,0,0.4
0,1027,-0.332276,0.517451,0.64486,0.25,0.2,0.170213,1,0.666667,0.5
0,1027,-0.576842,0.575646,-0.736504,0.111111,0.25,0.152174,1,0.666667,0.6
0,1027,-0.571108,0.503344,-1.13976,0.125,0.166667,0.145833,1,0.666667,0.7
0,1027,-0.524437,0.758607,1.12377,0.142857,1,0.173913,1,0,0.8
0,1027,0.0959799,0.616795,2.182,0.333333,0.5,0.136364,1,0.666667,0.9
0,1027,-0.576842,0.59601,-0.673038,0.1,0.333333,0.152174,1,0.666667,1
0,1028,0.931412,-0.673646,0.303736,0.5,0.125,0.181818,1,1,0.1
0,1028,-1.8505,0.340896,-0.546193,0.1,0.333333,0.0447761,0,0,0.2
0,1028,1.54624,-1.35083,0.107957,1,0.1,0.352941,1,1,0.3
0,1028,-0.383753,-0.41845,-1.2092,0.125,0.142857,0.131579,1,1,0.4
0,1028,0.169724,0.290679,0.523326,0.2,0.25,0.1,1,1,0.5
0,1028,-0.171897,-1.22107,-1.47709,0.142857,0.111111,0.192308,1,1,0.6
0,1028,-1.46925,-0.260824,-1.19285,0.111111,0.166667,0.0909091,1,1,0.7
1,1028,-0.106013,2.20967,1.19622,0.166667,1,0.0434783,0,0,0.8
0,1028,0.828081,0.143728,0.83507,0.333333,0.2,0.109091,1,1,0.9
1,1028,0.505962,0.939844,1.45902,0.25,0.5,0.133333,0,0,1
0,1029,-1.00842,0.499725,-0.894389,0.1,0.2,0.0813953,0,0,0.1
0,1029,-0.168303,0.0484779,-0.0553709,0.2,0.166667,0.137931,1,0.5,0.2
1,1029,2.65897,-2.29889,0.0832311,1,0.1,0.392857,1,0.166667,0.3
0,1029,-0.0712495,-0.371532,-0.0415689,0.25,0.142857,0.0891089,1,0.5,0.4
0,1029,-0.721101,-0.645536,-1.35149,0.111111,0.125,0.0967742,1,0.5,0.5
0,1029,-0.269589,0.931722,0.417921,0.166667,0.333333,0.147541,1,0,0.6
0,1029,-0.708037,-0.808954,-1.35149,0.125,0.111111,0.142857,1,0.5,0.7
1,1029,-0.501794,0.693203,-0.0415689,0.142857,0.25,0.0958904,0,0,0.8
0,1029,0.727995,0.991719,1.86953,0.5,1,0.25,1,0.166667,0.9
0,1029,0.0615284,0.960066,1.3652,0.333333,0.5,0.102273,0,0,1
1,1030,1.27889,-0.973548,0.688555,1,0.125,0.278689,0,0,0.1
0,1030,-0.671076,0.402642,-0.0583653,0.142857,0.25,0.196721,1,0.833333,0.2
0,1030,-0.760778,2.21793,0.688555,0.125,1,0.169492,0,0,0.3
0,1030,0.950259,-1.45443,-0.591246,0.333333,0.1,0.346939,0,0,0.4
1,1030,0.889492,0.413715,1.23103,0.25,0.333333,0.209877,1,0.333333,0.5
0,1030,-0.449689,0.664864,0.935132,0.166667,0.5,0.179104,1,0.333333,0.6
0,1030,0.552499,-1.02851,-0.974075,0.2,0.111111,0.263158,1,0.166667,0.7
0,1030,-1.74159,-0.411969,-1.88064,0.1,0.142857,0.222222,1,0.333333,0.8
0,1030,1.00053,0.0704709,0.935132,0.5,0.166667,0.25,0,0,0.9
0,1030,-1.04855,0.0988413,-0.974075,0.111111,0.2,0.259259,1,0.333333,1
0,1031,-0.96413,0.048591,-1.63797,0.1,0.166667,0.104167,0,0.166667,0.1
1,1031,0.0645683,2.43196,2.0193,0.25,1,0.0526316,1,0,0.2
0,1031,-0.699479,0.155895,-0.673746,0.111111,0.25,0.115385,1,1.16667,0.3
0,1031,0.481414,-0.6125,0.342382,0.5,0.125,0.145455,0,0,0.4
0,1031,-0.674086,0.0760227,-0.712365,0.125,0.2,0.125,1,1,0.5
0,1031,-0.226018,0.465169,0.973789,0.166667,0.5,0.0897436,1,1,0.6
0,1031,0.121162,-0.482304,0.29063,0.333333,0.142857,0.194444,1,1,0.7
1,1031,2.71161,-1.50834,0.121693,1,0.1,0.195652,1,1,0.8
0,1031,-0.672188,0.34079,0.29063,0.142857,0.333333,0.0923077,1,1,0.9
0,1031,-0.142858,-0.915279,-1.01434,0.2,0.111111,0.181818,1,1,1
0,1032,0.287227,-1.33171,-1.16291,0.25,0.111111,0.0789474,1,0.5,0.1
1,1032,1.35494,-0.570957,1.2376,1,0.125,0.130435,1,0.5,0.2
1,1032,1.25107,-0.405833,1.12774,0.5,0.142857,0.132353,1,1,0.3
0,1032,-0.588621,0.55315,-0.641686,0.125,0.25,0.0721649,0,0,0.4
0,1032,0.203508,0.75184,1.62475,0.2,0.333333,0.0898876,1,0.5,0.5
0,1032,-0.577272,0.319111,-1.26285,0.142857,0.166667,0.0714286,0,0,0.6
0,1032,-1.47154,0.996495,0.0697403,0.111111,0.5,0.078125,1,0.5,0.7
0,1032,1.17118,-2.00763,-1.0627,0.333333,0.1,0.122449,1,0.5,0.8
0,1032,-1.49678,1.23621,0.210046,0.1,1,0.0540541,0,0,0.9
0,1032,-0.133718,0.459325,-0.139736,0.166667,0.2,0.132075,1,0.5,1
0,1033,-0.753222,-0.20211,-1.22814,0.125,0.142857,0.147541,0,0,0.1
0,1033,-0.907543,0.331028,-1.17826,0.1,0.2,0.173077,0,0,0.2
0,1033,-0.592936,-0.385567,-1.22814,0.142857,0.125,0.192308,0,0,0.3
1,1033,2.2663,-1.46941,0.373962,1,0.111111,0.238095,1,0.166667,0.4
0,1033,0.142867,0.0280361,0.550566,0.333333,0.166667,0.175439,0,0,0.5
0,1033,-0.0478042,-1.921,-0.871375,0.25,0.1,0.264706,0,0,0.6
1,1033,1.43623,0.474339,1.48187,0.5,0.25,0.15,1,0,0.7
0,1033,-0.48974,1.51571,1.21496,0.166667,1,0.102041,1,0.166667,0.8
0,1033,-0.873807,0.842025,0.0364058,0.111111,0.5,0.101695,0,0,0.9
0,1033,-0.180338,0.786952,0.84815,0.2,0.333333,0.175439,0,0,1
0,1034,-0.488326,0.854349,-0.389008,0.111111,0.333333,0.0519481,1,0.833333,0.1
0,1034,-0.353235,-0.530641,-0.882974,0.166667,0.142857,0.060241,1,0.833333,0.2
0,1034,-0.246909,0.365367,0.737428,0.333333,0.166667,0.116279,0,0,0.3
1,1034,-0.314895,0.621926,0.711923,0.2,0.25,0.16,0,0.166667,0.4
1,1034,2.92642,-1.80448,0.146862,1,0.1,0.18,1,0.833333,0.5
0,1034,-0.442981,-1.25095,-2.38472,0.125,0.111111,0.0909091,1,0.833333,0.6
0,1034,-0.288923,0.370686,0.711923,0.25,0.2,0.131579,1,0.833333,0.7
0,1034,0.247313,-0.926556,0.413197,0.5,0.125,0.0923077,0,0.166667,0.8
0,1034,-0.391477,1.20315,1.24063,0.142857,1,0.0526316,0,0,0.9
0,1034,-0.646986,1.09714,-0.305261,0.1,0.5,0.075,1,0.833333,1
0,1035,-0.0192409,-0.651501,-0.395027,0.25,0.125,0.0641026,0,0.166667,0.1
0,1035,0.137017,0.262259,1.38564,0.5,0.2,0.0454545,1,0.166667,0.2
0,1035,0.112416,0.146845,0.649271,0.333333,0.166667,0.056338,0,0,0.3
0,1035,-0.888871,-0.100746,-1.76919,0.111111,0.142857,0.0638298,0,0,0.4
0,1035,-0.232597,0.782479,0.27588,0.166667,0.25,0.0677966,0,0.166667,0.5
0,1035,-0.656959,0.892944,0.363801,0.125,0.5,0.0412371,0,0,0.6
1,1035,2.7912,-2.37568,0.129305,1,0.1,0.0675676,1,0,0.7
0,1035,-0.0554892,0.857476,1.00021,0.2,0.333333,0.0549451,0,0,0.8
1,1035,-0.28267,-0.820548,-1.76919,0.142857,0.111111,0.057971,1,0.166667,0.9
0,1035,-0.904803,1.00648,0.129305,0.1,1,0.0566038,0,0,1
0,1036,0.704443,0.298816,0.818871,0.333333,0.2,0.0634921,0,1,0.1
0,1036,-1.60814,1.62299,0.105863,0.1,1,0.0206186,0,1,0.2
0,1036,-0.132539,1.24364,0.568381,0.142857,0.5,0.0512821,0,1,0.3
0,1036,1.90339,-1.03466,0.623748,1,0.125,0.0833333,0,0,0.4
0,1036,0.567611,-1.56236,-0.841294,0.25,0.1,0.111111,0,1,0.5
1,1036,0.0637963,0.63758,0.818871,0.2,0.333333,0.0571429,1,0,0.6
0,1036,-1.31372,-0.573392,-1.44844,0.111111,0.142857,0.0487805,0,1,0.7
1,1036,0.746935,0.488301,1.43072,0.5,0.25,0.0588235,1,0,0.8
0,1036,-0.124533,-0.00523711,-0.357738,0.166667,0.166667,0.0512821,0,1,0.9
0,1036,-0.807248,-1.11567,-1.71898,0.125,0.111111,0.0697674,0,1,1
0,1037,-0.363408,-0.305064,-1.38902,0.125,0.142857,0.111111,1,0.333333,0.1
0,1037,0.915498,-0.487527,0.348904,0.5,0.125,0.170213,1,0.333333,0.2
0,1037,-0.319013,1.61286,0.665819,0.142857,0.5,0.07,1,0,0.3
0,1037,-0.287387,1.71288,1.71068,0.2,1,0.0813953,1,0.333333,0.4
0,1037,0.675709,-1.85161,-0.627416,0.333333,0.1,0.15,1,0,0.5
0,1037,-0.301068,0.198154,0.622685,0.166667,0.333333,0.0987654,0,0,0.6
0,1037,-1.00196,0.0990096,-0.686581,0.111111,0.25,0.0714286,0,0,0.7
1,1037,2.23072,-0.792778,0.422948,1,0.111111,0.169811,1,0.166667,0.8
1,1037,-1.52232,-0.165952,-1.66917,0.1,0.166667,0.0746269,0,0,0.9
0,1037,-0.0267743,-0.0199743,0.601149,0.25,0.2,0.0886076,1,0.166667,1
0,1038,-0.666047,-1.24798,-1.87962,0.125,0.1,0.210526,0,0,0.1
0,1038,0.10845,-0.533186,0.240715,0.333333,0.142857,0.178947,0,0,0.2
0,1038,-0.311276,1.87107,1.11684,0.166667,1,0.131313,0,0,0.3
0,1038,-0.793793,-0.787855,-1.87962,0.1,0.125,0.177419,0,0,0.4
0,1038,-0.389067,0.687072,0.240715,0.142857,0.333333,0.168539,0,0,0.5
0,1038,-0.0715349,-0.312134,0.215046,0.25,0.166667,0.163462,0,0,0.6
0,1038,-0.133885,-0.118419,0.488597,0.2,0.25,0.174419,0,0,0.7
1,1038,2.8454,-0.943636,0.34376,1,0.111111,0.185841,1,0,0.8
0,1038,-0.726479,1.58793,0.0334656,0.111111,0.5,0.157895,0,0,0.9
1,1038,0.138228,-0.202869,1.0801,0.5,0.2,0.203125,0,0,1
0,1039,-0.0499006,-0.527165,-0.0556202,0.25,0.142857,0.0963855,0,0,0.1
0,1039,-0.556896,-0.178582,-0.954156,0.125,0.166667,0.0666667,0,0,0.2
0,1039,0.0154355,-1.13975,-0.563438,0.333333,0.1,0.0714286,0,0,0.3
0,1039,0.828674,1.97623,2.50147,0.5,1,0.151515,1,0.166667,0.4
0,1039,-0.376418,-1.02991,-1.23051,0.166667,0.111111,0.0921053,1,0,0.5
0,1039,-0.303124,-0.140317,0.539849,0.2,0.25,0.111111,0,0,0.6
0,1039,-0.41788,-0.154013,-0.367311,0.142857,0.2,0.107692,0,0,0.7
1,1039,2.634,-0.774415,0.65617,1,0.125,0.173913,1,0.166667,0.8
1,1039,-1.08815,1.63415,-0.231478,0.1,0.5,0.05,0,0,0.9
0,1039,-0.685733,0.333763,-0.294984,0.111111,0.333333,0.115385,0,0,1
0,1040,1.10401,-1.84528,-0.307201,0.5,0.1,0.0877193,1,0.166667,0.1
1,1040,0.621606,-1.16649,-0.818265,0.25,0.111111,0.0687023,1,0.166667,0.2
0,1040,-1.0513,0.879534,0.0490719,0.111111,0.5,0.0526316,0,0,0.3
0,1040,-0.685758,0.274296,-0.888586,0.142857,0.166667,0.0666667,0,0.333333,0.4
0,1040,-1.02836,0.581029,-0.0247291,0.125,0.333333,0.107143,0,0,0.5
0,1040,-0.0804435,0.208957,-0.487468,0.2,0.142857,0.0707071,0,0,0.6
0,1040,-1.35741,1.57786,0.147796,0.1,1,0.0444444,0,0,0.7
1,1040,1.7981,0.309617,2.03878,1,0.2,0.147059,1,0.333333,0.8
0,1040,0.813418,0.326047,1.55689,0.333333,0.25,0.0833333,0,0.333333,0.9
0,1040,-0.133859,-1.14558,-1.26628,0.166667,0.125,0.0816327,0,0.333333,1
1,1041,1.59636,-2.01396,-0.264818,0.5,0.1,0.122807,0,0.5,0.1
0,1041,-0.575529,0.498613,-0.745805,0.125,0.2,0.0705882,0,0,0.2
1,1041,0.600839,1.18181,2.48199,0.333333,1,0.0438596,0,0,0.3
0,1041,-0.360462,-0.454591,-0.0636311,0.25,0.142857,0.139535,1,0.833333,0.4
0,1041,-0.667125,0.984,0.0423017,0.111111,0.5,0.0746269,0,1,0.5
0,1041,-0.57421,-0.715437,-1.42704,0.142857,0.125,0.131579,1,0.833333,0.6
0,1041,-0.363589,0.550216,0.617603,0.2,0.25,0.0967742,0,0.333333,0.7
0,1041,2.02949,-1.19029,0.434525,1,0.111111,0.109375,1,0.833333,0.8
0,1041,-1.14515,0.911495,-0.644589,0.1,0.333333,0.0652174,1,0.666667,0.9
0,1041,-0.540631,0.248147,-0.430536,0.166667,0.166667,0.0652174,1,0.666667,1
0,1042,0.0495567,0.317985,-0.055783,0.166667,0.2,0.062069,0,0,0.1
0,1042,0.221072,-1.01764,-0.222103,0.333333,0.111111,0.111111,0,0,0.2
0,1042,-1.47839,-0.171052,-1.12862,0.1,0.166667,0.0980392,0,0,0.3
0,1042,1.27014,0.634887,1.37536,0.5,0.333333,0.0854701,0,0,0.4
0,1042,-0.970112,-0.558817,-1.36155,0.111111,0.125,0.111111,0,0,0.5
0,1042,-0.673558,1.75359,0.708336,0.142857,1,0.0659341,0,0,0.6
1,1042,0.0787411,-1.90396,-0.901046,0.2,0.1,0.185185,1,0,0.7
1,1042,2.06428,0.999736,1.88344,1,0.5,0.132353,1,0,0.8
0,1042,0.125198,-0.484303,-0.0418782,0.25,0.142857,0.0740741,0,0,0.9
0,1042,-0.686924,0.42957,-0.256162,0.125,0.25,0.0666667,0,0,1
1,1043,2.08415,-2.76792,0.117311,1,0.1,0.233333,1,1.33333,0.1
0,1043,-0.319037,0.369112,0.568669,0.2,0.25,0.152778,1,1.33333,0.2
0,1043,-0.535602,0.238356,-1.00509,0.125,0.166667,0.101449,1,1.33333,0.3
0,1043,-0.300883,0.783734,1.58544,0.25,0.5,0.147059,1,1.33333,0.4
0,1043,-0.390659,-0.446784,-1.60508,0.142857,0.111111,0.1875,1,1.33333,0.5
0,1043,-1.15986,0.272469,-1.2606,0.1,0.2,0.109375,1,1.33333,0.6
0,1043,1.53477,-0.167639,0.330053,0.5,0.125,0.142857,1,1.33333,0.7
0,1043,-1.00103,0.693832,-0.310732,0.111111,0.333333,0.0775194,1,1.5,0.8
0,1043,-0.354536,0.846216,1.29987,0.166667,1,0.126582,1,0.166667,0.9
1,1043,0.442694,0.17862,0.280165,0.333333,0.142857,0.277778,1,1.33333,1
0,1044,-0.542119,0.141425,-1.1523,0.142857,0.166667,0.047619,0,0,0.1
0,1044,-0.431873,0.390583,1.48252,0.2,0.333333,0.035461,1,0.5,0.2
0,1044,-0.497305,1.14925,1.53366,0.166667,0.5,0.0526316,0,0,0.3
0,1044,-0.808782,0.373583,-1.06111,0.111111,0.25,0.056338,1,0.5,0.4
0,1044,-0.799263,0.209307,-1.12193,0.125,0.2,0.0597015,1,0.5,0.5
0,1044,-0.813056,1.69099,0.191658,0.1,1,0.047619,0,0,0.6
1,1044,1.68232,-1.94581,-0.398372,0.5,0.1,0.0720721,0,0,0.7
1,1044,2.09099,-0.618365,1.12926,1,0.125,0.104478,1,0.5,0.8
0,1044,-0.173633,-0.290565,-0.0957217,0.25,0.142857,0.0784314,1,0,0.9
0,1044,0.292722,-1.10039,-0.507664,0.333333,0.111111,0.111111,0,0,1
1,1045,1.18631,0.582281,1.24311,0.5,0.25,0.0980392,1,0,0.1
0,1045,0.286085,-0.825264,-0.281,0.25,0.125,0.222222,0,0,0.2
0,1045,0.310269,0.954068,1.50871,0.333333,0.5,0.116279,1,0.833333,0.3
1,1045,2.18953,-2.30468,0.0919807,1,0.1,0.181818,1,0.666667,0.4
0,1045,-0.131615,-0.893713,-1.01632,0.166667,0.111111,0.12987,0,0,0.5
0,1045,-0.953592,0.310589,-0.788072,0.125,0.166667,0.16,1,0.666667,0.6
0,1045,-0.985319,0.571487,-0.766684,0.111111,0.2,0.145455,1,0.666667,0.7
0,1045,-0.0918829,1.01978,1.26884,0.2,1,0.0825688,0,0,0.8
0,1045,-1.10094,-0.11038,-1.48023,0.1,0.142857,0.14,1,0.666667,0.9
0,1045,-0.708848,0.695829,0.219671,0.142857,0.333333,0.115385,0,0.166667,1
1,1046,1.03466,0.243847,1.1861,0.5,0.166667,0.0877193,1,0,0.1
0,1046,-0.849225,0.681574,-0.749924,0.1,0.333333,0.0980392,0,0,0.2
0,1046,-0.544059,-0.00402245,-0.891166,0.166667,0.142857,0.14,1,0,0.3
0,1046,-0.575463,0.575761,-0.0740293,0.142857,0.25,0.0983607,0,0,0.4
0,1046,-0.58781,0.949924,0.873348,0.125,1,0.118644,0,0,0.5
0,1046,-0.0622549,0.880041,2.00324,0.25,0.5,0.107692,0,0,0.6
0,1046,-0.823408,0.57416,-1.23549,0.111111,0.2,0.0945946,1,0,0.7
0,1046,0.335696,-1.18222,-0.392617,0.333333,0.111111,0.363636,0,0.166667,0.8
0,1046,-0.429459,-0.34867,-0.867679,0.2,0.125,0.28,0,0,0.9
1,1046,2.50132,-2.3704,0.148225,1,0.1,0.423077,0,0.166667,1
1,1047,1.77439,0.648021,1.27669,1,0.25,0.163636,0,0.166667,0.1
0,1047,0.952356,1.02417,1.262,0.333333,0.5,0.102941,1,0.166667,0.2
0,1047,1.19951,1.02148,1.262,0.5,0.333333,0.0884956,0,0,0.3
0,1047,-1.08277,0.0275989,-0.641311,0.111111,0.2,0.101449,0,0,0.4
1,1047,-0.538721,1.76918,0.852534,0.166667,1,0.0821918,1,0.166667,0.5
0,1047,-0.75107,-0.615279,-0.46258,0.142857,0.166667,0.140351,0,0.166667,0.6
0,1047,-0.909777,-0.872842,-1.24933,0.125,0.111111,0.162791,0,0,0.7
0,1047,-0.0980991,-1.37437,-0.826779,0.2,0.1,0.191489,0,0,0.8
0,1047,0.591018,-0.8493,-0.235049,0.25,0.125,0.192308,0,0,0.9
0,1047,-1.13683,-0.778663,-1.23817,0.1,0.142857,0.0958904,0,0,1
0,1048,-0.490757,0.699331,0.284348,0.166667,0.25,0.107143,0,0,0.1
0,1048,-0.933618,1.0569,-0.277018,0.1,0.5,0.0882353,1,0.333333,0.2
0,1048,0.865971,-0.318864,1.06647,0.5,0.166667,0.139241,0,0,0.3
0,1048,-0.0558268,1.44929,2.21148,0.25,1,0.16,0,0,0.4
0,1048,-0.925499,0.384563,-1.11088,0.111111,0.2,0.103448,0,0,0.5
0,1048,-0.501444,-0.438306,-1.15219,0.142857,0.142857,0.0851064,1,0.333333,0.6
1,1048,2.53974,-1.77199,0.133275,1,0.1,0.183099,1,0,0.7
1,1048,-0.360668,-1.02274,-1.11088,0.2,0.111111,0.109589,1,0.333333,0.8
0,1048,-0.536193,0.893354,-0.0222994,0.125,0.333333,0.122807,0,0,0.9
0,1048,0.398297,-0.931537,-0.0222994,0.333333,0.125,0.121951,0,0,1
0,1049,1.35793,0.0603049,1.70349,1,0.25,0.0675676,0,0,0.1
0,1049,0.646705,-1.35124,-0.519397,0.333333,0.1,0.101695,1,0.5,0.2
0,1049,-1.6638,-0.678652,-1.66698,0.111111,0.125,0.15,1,0.5,0.3
0,1049,-1.69104,2.22533,0.10266,0.1,1,0.0714286,0,0.166667,0.4
0,1049,0.352561,-0.148759,-0.0682966,0.2,0.166667,0.0606061,0,0,0.5
0,1049,-0.175333,-0.537335,-0.887525,0.142857,0.142857,0.0833333,0,0.166667,0.6
1,1049,0.610829,-1.09344,-0.568376,0.25,0.111111,0.0833333,1,0.5,0.7
0,1049,-0.113569,0.0304497,-0.0682966,0.166667,0.2,0.166667,1,0.5,0.8
1,1049,1.15658,0.486453,1.68389,0.5,0.333333,0.136364,0,0,0.9
0,1049,-0.480858,1.00689,0.288835,0.125,0.5,0.1,0,0,1
0,1050,-0.417558,-0.290029,-0.580761,0.166667,0.142857,0.133333,0,0.333333,0.1
0,1050,-0.431654,-0.405753,-1.08195,0.142857,0.125,0.117647,0,0.333333,0.2
0,1050,-1.44601,1.32407,0.0965962,0.1,1,0.0229885,0,0,0.3
0,1050,-1.28311,0.343291,-0.534801,0.111111,0.25,0.047619,0,0,0.4
0,1050,0.976495,0.950959,1.58442,0.5,0.333333,0.0549451,0,0,0.5
0,1050,0.176247,0.0528877,-0.0642622,0.2,0.166667,0.108696,0,0.166667,0.6
1,1050,2.02804,0.991702,2.16973,1,0.5,0.0666667,1,0,0.7
1,1050,0.370261,-2.30295,-0.767653,0.25,0.1,0.1,1,0,0.8
0,1050,0.591143,-0.814525,-0.255863,0.333333,0.111111,0.1,0,0.333333,0.9
0,1050,-0.563852,0.150345,-0.565455,0.125,0.2,0.0952381,0,0.166667,1
0,1051,0.714935,-1.53542,-0.543293,0.333333,0.1,0.0888889,0,0,0.1
0,1051,-1.04091,1.15047,0.302124,0.125,0.5,0.0491803,0,0.166667,0.2
0,1051,0.558576,-1.11769,-0.328056,0.25,0.125,0.0769231,0,0.166667,0.3
0,1051,-1.22533,0.207058,-0.895072,0.111111,0.2,0.0375,0,0,0.4
1,1051,1.58961,0.818475,1.78186,1,0.25,0.0298507,1,0,0.5
1,1051,-0.493674,-1.22988,-1.46925,0.142857,0.111111,0.0789474,1,0,0.6
0,1051,1.20242,1.08908,1.76136,0.5,0.333333,0.0375,0,0,0.7
0,1051,-0.272047,-0.210321,-0.362878,0.166667,0.166667,0.030303,0,0,0.8
0,1051,-1.45684,1.21129,0.107384,0.1,1,0.0315789,0,0,0.9
0,1051,0.423263,-0.383067,-0.354179,0.2,0.142857,0.0634921,0,0,1
1,1052,2.38739,-1.48746,0.181529,1,0.1,0.146667,0,0,0.1
0,1052,-0.951768,0.908394,-0.377317,0.1,0.5,0.101695,0,0.166667,0.2
0,1052,-0.022399,0.603707,1.91223,0.25,0.333333,0.136364,1,0.333333,0.3
0,1052,-0.190987,-0.220469,-0.598729,0.2,0.142857,0.1,0,0,0.4
0,1052,-0.305433,-0.925749,-1.55531,0.166667,0.125,0.222222,1,0.5,0.5
1,1052,-0.8752,0.233284,-0.554569,0.125,0.25,0.162162,0,0,0.6
0,1052,-0.917111,2.06244,0.619119,0.111111,1,0.0535714,0,0.166667,0.7
0,1052,1.22586,-0.10485,1.4526,0.5,0.166667,0.157895,1,0.5,0.8
0,1052,-0.390891,0.0983672,-0.598729,0.142857,0.2,0.0727273,0,0,0.9
0,1052,0.0405369,-1.16767,-0.480833,0.333333,0.111111,0.102273,1,0.333333,1
0,1053,-0.739101,-0.0545714,-1.278,0.111111,0.142857,0.0731707,1,0.833333,0.1
0,1053,-0.883092,0.255272,-1.00373,0.1,0.2,0.0434783,1,1,0.2
1,1053,-0.522058,-0.271772,-1.278,0.142857,0.111111,0.1,1,0.833333,0.3
0,1053,-0.00856859,0.917607,1.54992,0.25,1,0.049505,1,0.833333,0.4
0,1053,0.468004,-0.263303,-0.0156286,0.333333,0.125,0.04,0,0,0.5
0,1053,-0.55965,0.0180483,-0.800284,0.125,0.166667,0.0615385,1,1.16667,0.6
0,1053,-0.486792,0.694716,0.722515,0.2,0.333333,0.0588235,1,1.16667,0.7
1,1053,2.65365,-2.72026,0.0934059,1,0.1,0.0641026,1,0.166667,0.8
0,1053,0.580644,0.554613,1.26237,0.5,0.25,0.06,1,0.833333,0.9
0,1053,-0.503038,0.869651,0.747437,0.166667,0.5,0.0512821,0,0.5,1
1,1054,2.00928,-2.4417,0.0895534,1,0.1,0.103448,1,0,0.1
1,1054,1.99068,-1.46092,0.029734,0.5,0.111111,0.08,1,0,0.2
0,1054,-0.499996,0.487827,1.7446,0.333333,1,0,0,0,0.3
0,1054,-0.499996,0.487827,1.2103,0.25,0.5,0,0,0,0.4
0,1054,-0.499996,0.487827,0.692715,0.2,0.333333,0,0,0,0.5
0,1054,-0.499996,0.487827,0.191067,0.166667,0.25,0,0,0,0.6
0,1054,-0.499996,0.487827,-0.29537,0.142857,0.2,0,0,0,0.7
0,1054,-0.499996,0.487827,-0.767276,0.125,0.166667,0,0,0,0.8
0,1054,-0.499996,0.487827,-1.22529,0.111111,0.142857,0,0,0,0.9
0,1054,-0.499996,0.487827,-1.67003,0.1,0.125,0,0,0,1
0,1055,1.44908,-0.369612,0.602089,0.5,0.142857,0.0857143,0,0,0.1
0,1055,-0.59382,-0.273485,-0.369869,0.142857,0.2,0.0449438,0,0,0.2
1,1055,-0.684836,-1.28262,-2.09125,0.125,0.1,0.0625,1,0.333333,0.3
0,1055,-0.542358,1.36775,0.897354,0.166667,0.5,0.0487805,1,0.166667,0.4
0,1055,0.139494,-0.832836,-0.0187633,0.333333,0.125,0.125,0,0,0.5
0,1055,-0.062694,1.7062,1.8608,0.25,1,0.0657895,0,0,0.6
0,1055,-0.7493,0.206516,-0.620863,0.111111,0.25,0.111111,0,0,0.7
0,1055,-0.48878,-0.324317,-0.0746035,0.2,0.166667,0.043956,0,0,0.8
0,1055,-0.780209,1.01938,-0.567361,0.1,0.333333,0.108108,0,0,0.9
1,1055,2.31342,-1.21698,0.382465,1,0.111111,0.127273,1,0.166667,1
0,1056,-0.53672,-1.10073,-1.91353,0.125,0.111111,0.0551181,1,0.333333,0.1
1,1056,0.376344,-0.0294473,0.942991,0.5,0.166667,0.0941176,1,0,0.2
0,1056,-0.486357,0.399537,0.251426,0.166667,0.25,0.0804598,1,0.333333,0.3
0,1056,-0.471738,-0.0341951,-0.388679,0.2,0.142857,0.0853659,1,0.333333,0.4
1,1056,2.77101,-2.10173,0.117844,1,0.1,0.177419,1,0,0.5
0,1056,-0.525684,-0.571555,-1.31995,0.142857,0.125,0.0853659,0,0,0.6
0,1056,-0.746573,1.50281,0.117844,0.1,1,0.038961,1,0,0.7
0,1056,-0.0470301,1.07299,1.59264,0.25,0.5,0.0851064,0,0,0.8
0,1056,-0.686849,0.656164,-0.312144,0.111111,0.333333,0.0779221,0,0.166667,0.9
0,1056,0.353598,0.206147,0.911548,0.333333,0.2,0.127273,0,0.166667,1
0,1057,-0.161197,1.65791,1.62781,0.2,1,0.137931,0,0,0.1
0,1057,-0.174036,1.04931,0.592523,0.166667,0.333333,0.0816327,0,0,0.2
0,1057,0.932615,-0.589248,0.633568,0.5,0.142857,0.12987,0,0,0.3
0,1057,-0.62149,-0.873177,-1.32174,0.142857,0.125,0.135593,1,0.333333,0.4
1,1057,2.12005,-1.32375,0.118004,1,0.1,0.113208,1,0,0.5
0,1057,0.881778,-0.469563,0.592523,0.333333,0.166667,0.0818182,1,0.333333,0.6
0,1057,0.0754045,-0.403112,0.57203,0.25,0.2,0.134328,0,0,0.7
1,1057,-1.45317,1.11335,-0.245277,0.1,0.5,0.102941,0,0,0.8
0,1057,-0.895555,0.828183,-0.653323,0.111111,0.25,0.1,0,0,0.9
0,1057,-0.704397,-0.989897,-1.91612,0.125,0.111111,0.135593,1,0.333333,1
0,1058,-0.521162,0.871105,0.0326968,0.111111,0.5,0.0909091,1,0,0.1
0,1058,-0.373425,0.0905619,-0.851357,0.142857,0.142857,0.112245,0,0,0.2
1,1058,0.162916,0.305948,1.05528,0.5,0.2,0.171429,1,0,0.3
0,1058,-0.629448,0.247169,-1.32548,0.1,0.166667,0.148148,0,0,0.4
0,1058,-0.201733,0.441874,1.32173,0.333333,0.333333,0.1375,0,0,0.5
0,1058,-0.233111,0.306939,0.75299,0.25,0.25,0.0814815,1,0.333333,0.6
0,1058,-0.304354,-0.492201,-0.576464,0.2,0.125,0.147541,1,0.333333,0.7
0,1058,-0.366621,1.38634,1.09118,0.166667,1,0.0851064,0,0,0.8
1,1058,2.93659,-2.48411,0.0984768,1,0.1,0.240741,0,0,0.9
0,1058,-0.469648,-0.673627,-1.59905,0.125,0.111111,0.2,1,0.333333,1
0,1059,-1.00039,-0.508774,-1.63508,0.111111,0.111111,0.0535714,1,0.666667,0.1
0,1059,-0.754535,0.688941,0.514653,0.125,1,0.0333333,1,0.666667,0.2
0,1059,0.240215,0.0503562,-0.0146149,0.333333,0.125,0.0649351,0,0,0.3
0,1059,-0.431156,0.549847,-0.0436246,0.142857,0.25,0.056338,0,0,0.4
0,1059,-0.19824,-2.821,-1.17568,0.166667,0.1,0.0930233,1,0.666667,0.5
1,1059,0.243556,0.302216,0.698955,0.5,0.166667,0.049505,0,0,0.6
0,1059,0.11122,0.582146,0.675649,0.2,0.333333,0.0396825,0,0,0.7
0,1059,0.198642,0.184151,-0.0436246,0.25,0.142857,0.0793651,1,0.833333,0.8
0,1059,-1.04459,0.303128,-0.938619,0.1,0.2,0.037037,1,0.666667,0.9
1,1059,2.63528,0.668992,1.96198,1,0.5,0.0744681,1,0.166667,1
0,1060,0.656504,-0.496942,0.878889,0.5,0.142857,0.151899,0,0,0.1
0,1060,-0.679333,0.488947,-0.828196,0.1,0.333333,0.114286,1,0.333333,0.2
0,1060,-0.485049,-0.901,-1.83352,0.142857,0.125,0.0740741,0,0.333333,0.3
0,1060,-0.127727,-1.0126,-0.433596,0.333333,0.111111,0.133333,0,0,0.4
0,1060,-0.401976,0.0372822,-0.108901,0.2,0.166667,0.135135,0,0,0.5
0,1060,-0.220696,0.0610897,0.793523,0.25,0.2,0.0840336,0,0,0.6
0,1060,-0.517146,0.877956,0.460557,0.125,0.5,0.0930233,0,0,0.7
1,1060,2.80161,-1.3788,0.163696,1,0.1,0.2,1,0,0.8
1,1060,-0.476861,2.23421,1.81384,0.166667,1,0.0761905,0,0,0.9
0,1060,-0.549329,0.0898619,-0.906294,0.111111,0.25,0.0967742,0,0.333333,1
0,1061,-0.0573605,0.0545575,0.43616,0.25,0.166667,0.0842105,1,0.333333,0.1
0,1061,-0.675079,1.49383,0.204429,0.1,1,0.133333,1,0.333333,0.2
1,1061,0.261393,-1.29355,0.0678756,0.5,0.111111,0.150943,1,0.333333,0.3
0,1061,-0.640501,0.493935,-1.13181,0.111111,0.25,0.153846,0,0,0.4
0,1061,-0.556398,-0.449758,-1.76734,0.142857,0.142857,0.1,0,0,0.5
0,1061,-0.628089,1.12396,0.575162,0.125,0.5,0.106061,0,0,0.6
0,1061,-0.252969,-1.10172,-1.19669,0.2,0.125,0.06,0,0,0.7
1,1061,2.84452,-1.48173,0.204429,1,0.1,0.128205,0,0,0.8
0,1061,0.134544,0.192924,1.58131,0.333333,0.2,0.142857,0,0,0.9
0,1061,-0.430058,0.967545,1.02648,0.166667,0.333333,0.0606061,0,0,1
1,1062,-0.250184,0.656461,1.10385,0.166667,0.5,0.097561,0,0,0.1
0,1062,0.353883,0.417635,1.45313,0.333333,0.25,0.135135,0,0,0.2
0,1062,-0.906335,0.126869,-2.21995,0.1,0.142857,0.109589,1,0.166667,0.3
0,1062,-0.405038,0.450358,0.329447,0.142857,0.333333,0.101124,0,0,0.4
0,1062,-0.217607,0.0436763,-0.807509,0.2,0.125,0.108108,0,0,0.5
0,1062,-0.0318639,0.153907,0.294315,0.25,0.166667,0.131579,0,0,0.6
0,1062,0.404333,-0.356185,0.0458015,0.5,0.111111,0.215686,1,0.166667,0.7
0,1062,-0.831262,1.09299,0.470476,0.111111,1,0.1,1,0,0.8
1,1062,2.69546,-2.79047,0.137946,1,0.1,0.377778,1,0,0.9
0,1062,-0.811382,0.204755,-0.807509,0.125,0.2,0.111111,0,0,1
0,1063,-0.243958,0.130762,0.993535,0.25,0.25,0.121622,1,0.333333,0.1
0,1063,0.733027,-0.677947,0.0431418,0.5,0.111111,0.255319,1,0.666667,0.2
1,1063,2.75661,-2.32513,0.129936,1,0.1,0.351351,1,0.333333,0.3
0,1063,-0.386866,-0.0713225,-0.0864418,0.2,0.166667,0.102273,1,0.333333,0.4
0,1063,-0.716472,-0.193646,-1.77781,0.111111,0.142857,0.162791,1,0.333333,0.5
0,1063,-0.724484,1.32183,-0.270077,0.1,0.5,0.184211,1,0.333333,0.6
0,1063,-0.0648398,0.704398,1.74396,0.333333,0.333333,0.135593,0,0,0.7
1,1063,-0.416239,-0.00942724,-0.0864418,0.166667,0.2,0.145455,1,0.333333,0.8
0,1063,-0.460527,-0.215409,-1.45538,0.142857,0.125,0.0978261,1,0.333333,0.9
0,1063,-0.476256,1.33589,0.765586,0.125,1,0.0703125,0,0,1
0,1064,0.643367,-1.62374,-0.686654,0.333333,0.1,0.121951,1,0.166667,0.1
0,1064,-0.0790895,-0.355338,-0.458632,0.166667,0.166667,0.060241,0,0,0.2
0,1064,0.0771857,-0.193974,0.657907,0.25,0.2,0.0909091,0,0,0.3
0,1064,1.36015,-0.743479,0.0450622,0.5,0.111111,0.0618557,0,0,0.4
1,1064,-0.867725,0.995825,0.0450622,0.111111,0.5,0.0235294,0,0.166667,0.5
0,1064,-0.386946,-0.537365,-1.867,0.125,0.125,0.0769231,0,0,0.6
0,1064,-0.163636,0.40582,0.324129,0.142857,0.333333,0.0746269,0,0,0.7
1,1064,1.52955,0.236499,2.25205,1,0.25,0.105263,1,0.166667,0.8
0,1064,-0.00220311,-0.414491,-0.447637,0.2,0.142857,0.142857,0,0.166667,0.9
0,1064,-2.11066,2.23024,0.135719,0.1,1,0,0,0,1
0,1065,-0.848654,-0.504241,-1.47252,0.111111,0.142857,0.111111,0,0,0.1
0,1065,-0.916661,0.329642,-0.544501,0.1,0.333333,0.125,1,0,0.2
0,1065,0.0743906,1.87078,1.78582,0.25,1,0.0927835,0,0,0.3
0,1065,-0.839852,1.82455,0.302795,0.125,0.5,0.0877193,0,0,0.4
1,1065,2.61285,-0.922551,0.367054,1,0.111111,0.121495,0,0,0.5
0,1065,-0.176397,-0.105922,0.521705,0.2,0.25,0.111111,1,0,0.6
1,1065,0.543775,-0.265638,1.15329,0.5,0.2,0.0909091,0,0,0.7
0,1065,0.384276,-0.915006,-0.0180073,0.333333,0.125,0.0927835,0,0,0.8
0,1065,-0.217313,-0.954128,-1.44858,0.166667,0.1,0.117647,1,0,0.9
0,1065,-0.616411,-0.357486,-0.647054,0.142857,0.166667,0.109589,1,0,1
0,1066,-0.516307,-1.06321,-1.16971,0.2,0.111111,0.0612245,0,0.5,0.1
0,1066,-0.584262,1.11589,-0.371712,0.111111,0.333333,0.04,1,1,0.2
0,1066,-0.611477,1.3684,0.140333,0.1,1,0.0428571,1,0.666667,0.3
0,1066,-0.524527,-1.81111,-2.25835,0.142857,0.1,0.0517241,0,0,0.4
0,1066,0.455082,0.02756,0.704641,0.333333,0.166667,0.0449438,0,0.166667,0.5
0,1066,0.675965,-0.633496,0.394826,0.5,0.125,0.0533333,0,0.666667,0.6
1,1066,-0.55051,1.32599,0.394826,0.125,0.5,0.0652174,1,0.666667,0.7
1,1066,2.69082,-0.532762,1.18547,1,0.142857,0.0857143,1,0,0.8
0,1066,-0.52339,0.0421959,-0.0933586,0.166667,0.2,0.075,1,1,0.9
0,1066,-0.51139,0.160547,1.07304,0.25,0.25,0.04,1,1,1
0,1067,-0.280978,-1.06378,-0.841348,0.25,0.111111,0.257143,0,0,0.1
0,1067,-0.438009,1.28137,-0.0254267,0.125,0.333333,0.175439,0,0,0.2
0,1067,-0.417548,1.43863,1.21603,0.166667,0.5,0.0617284,0,0,0.3
0,1067,-1.03421,-0.424211,-1.63299,0.1,0.2,0.152542,0,0,0.4
1,1067,1.84636,-0.527299,0.815907,0.5,0.142857,0.203704,1,0,0.5
1,1067,2.05017,-1.36675,0.151965,1,0.1,0.258065,1,0,0.6
0,1067,-0.223865,0.146793,1.6008,0.333333,0.25,0.133333,0,0,0.7
0,1067,-0.355149,-0.547355,-0.889573,0.2,0.125,0.229167,0,0,0.8
0,1067,-0.433308,-0.454876,-0.913653,0.142857,0.166667,0.141026,0,0,0.9
0,1067,-0.713464,1.51748,0.518288,0.111111,1,0.133333,0,0,1
0,1068,-0.198137,0.129486,-0.432502,0.166667,0.166667,0.156863,1,0.166667,0.1
0,1068,-0.393582,-0.524779,-1.10648,0.142857,0.142857,0.175,0,0,0.2
0,1068,-1.00613,0.425849,-0.708594,0.111111,0.25,0.1,1,0.5,0.3
0,1068,-1.23894,1.4943,0.127987,0.1,1,0.0675676,0,0,0.4
0,1068,0.110527,0.584771,0.990006,0.2,0.333333,0.189189,0,0,0.5
0,1068,-0.88528,-1.11291,-1.76063,0.125,0.125,0.222222,1,0.5,0.6
0,1068,0.511945,-1.30815,0.0424948,0.5,0.111111,0.195652,1,0.5,0.7
1,1068,2.44257,-1.35881,0.127987,1,0.1,0.180328,1,0.5,0.8
0,1068,0.424776,0.21845,0.990006,0.333333,0.2,0.219512,1,0.166667,0.9
1,1068,0.232255,1.45179,1.72972,0.25,0.5,0.0533333,0,0,1
0,1069,0.687056,-1.44591,0.0297085,0.5,0.111111,0.2,1,0.333333,0.1
0,1069,-0.0590789,0.560663,0.692123,0.2,0.333333,0.112676,0,0,0.2
0,1069,0.135935,-1.65103,-0.711075,0.25,0.1,0.0853659,1,0.333333,0.3
0,1069,0.247725,0.502132,0.942552,0.333333,0.25,0.2,0,0,0.4
1,1069,2.52273,1.61167,2.28528,1,1,0.0617284,1,0,0.5
0,1069,-0.972635,0.259514,-0.988654,0.111111,0.166667,0.109375,1,0,0.6
0,1069,-0.102816,-0.150547,-0.537957,0.166667,0.142857,0.0952381,1,0.333333,0.7
1,1069,-0.628414,0.437221,-0.295117,0.142857,0.2,0.134615,0,0,0.8
0,1069,-0.75161,-0.992098,-1.23087,0.125,0.125,0.137255,0,0,0.9
0,1069,-1.0789,0.86838,-0.185982,0.1,0.5,0.104478,0,0,1
0,1070,-0.257941,0.550503,1.02098,0.2,0.5,0.0795455,1,1.16667,0.1
0,1070,-0.471138,0.2079,-0.572824,0.142857,0.166667,0.0583333,1,1.16667,0.2
1,1070,2.90545,-2.8524,0.095276,1,0.1,0.210526,0,0,0.3
0,1070,-0.376918,0.162744,-0.572824,0.166667,0.142857,0.06,0,0,0.4
1,1070,-0.0194979,-0.314032,-0.252366,0.333333,0.111111,0.0824742,1,1.16667,0.5
0,1070,-0.542532,0.495163,-0.527492,0.111111,0.25,0.0793651,1,1.16667,0.6
0,1070,-0.692572,0.0684079,-1.77674,0.1,0.125,0.1,1,1.16667,0.7
0,1070,0.187853,0.895872,2.14008,0.5,1,0.162791,1,1.16667,0.8
0,1070,-0.208715,0.268009,0.461856,0.25,0.2,0.0958904,1,1.16667,0.9
0,1070,-0.523987,0.517833,-0.0159415,0.125,0.333333,0.0659341,1,1.16667,1
1,1071,1.60994,-2.45803,-0.350953,0.5,0.1,0.263158,1,0.166667,0.1
1,1071,2.11769,-0.977264,0.575859,1,0.111111,0.148148,1,0,0.2
0,1071,-0.89284,0.53032,-0.85425,0.1,0.333333,0.0724638,0,0,0.3
0,1071,0.311124,0.0788507,0.403241,0.333333,0.142857,0.0661765,0,0.166667,0.4
0,1071,-0.687048,0.121717,-1.01514,0.142857,0.166667,0.0705882,0,0.166667,0.5
0,1071,-0.244327,0.632103,2.28192,0.25,0.5,0.0655738,0,0.166667,0.6
0,1071,-0.887581,1.46188,0.575859,0.111111,1,0.0533333,1,0.166667,0.7
0,1071,-0.72656,0.19271,-0.988387,0.125,0.2,0.0606061,0,0,0.8
0,1071,-0.269889,0.0678842,-0.988387,0.2,0.125,0.111111,0,0,0.9
0,1071,-0.330514,0.349832,0.36024,0.166667,0.25,0.0689655,1,0.166667,1
0,1072,-0.16661,0.272001,0.461065,0.2,0.2,0.148148,0,0,0.1
0,1072,0.131424,-1.57263,-1.1386,0.333333,0.1,0.204082,0,0,0.2
0,1072,-0.458568,-0.0679063,-0.760499,0.166667,0.166667,0.1875,0,0,0.3
1,1072,0.00691502,-1.14994,-1.24597,0.25,0.111111,0.150685,0,0,0.4
0,1072,-0.533286,0.564165,-0.112398,0.142857,0.25,0.0987654,0,0,0.5
0,1072,-1.007,1.26452,-0.467774,0.1,0.5,0.0857143,0,0,0.6
0,1072,-0.561548,0.685761,-0.596106,0.111111,0.333333,0.166667,0,0,0.7
1,1072,2.77938,-0.695609,1.90112,1,0.142857,0.166667,1,0,0.8
0,1072,-0.535649,1.57654,1.326,0.125,1,0.109375,0,0,0.9
0,1072,0.344936,-0.876903,0.633173,0.5,0.125,0.128571,0,0,1
0,1073,-0.089651,0.41802,-0.0773141,0.166667,0.2,0.111111,0,0,0.1
1,1073,0.847472,-2.31746,-0.587976,0.333333,0.1,0.2,1,0.166667,0.2
0,1073,-1.70131,1.10181,-0.241559,0.1,0.5,0.0186047,0,0,0.3
0,1073,-0.166827,0.42056,-0.0580424,0.142857,0.25,0.0266667,1,0.166667,0.4
0,1073,1.33808,-0.592322,0.0385864,0.5,0.111111,0.111111,1,0.5,0.5
0,1073,-0.0763326,1.2626,1.60314,0.2,1,0.047619,1,0.166667,0.6
0,1073,-0.883786,-0.149321,-0.99571,0.125,0.166667,0.0769231,1,0.333333,0.7
1,1073,-1.02501,-0.531732,-1.88708,0.111111,0.125,0.09375,1,0.333333,0.8
0,1073,0.110804,0.8016,1.22422,0.25,0.333333,0.0519481,0,0,0.9
0,1073,1.64656,-0.413748,0.98174,1,0.142857,0.0877193,0,0,1
1,1074,2.36279,-1.78177,0.173393,1,0.1,0.131148,1,0.333333,0.1
1,1074,-0.0216713,-0.291039,-0.571895,0.2,0.142857,0.101266,1,0.666667,0.2
0,1074,-0.900239,0.192966,-1.44528,0.111111,0.2,0.12,1,0.666667,0.3
0,1074,-0.779134,0.574543,0.487842,0.125,0.5,0.107143,0,0,0.4
0,1074,-1.43457,0.524329,-0.87726,0.1,0.333333,0.0641026,0,0,0.5
0,1074,-0.295745,0.248864,-0.0865994,0.142857,0.25,0.24,1,0.833333,0.6
0,1074,0.12792,-0.881373,-0.959985,0.25,0.111111,0.25,1,0.833333,0.7
0,1074,0.575636,-0.616803,-0.029012,0.333333,0.125,0.064,1,0.666667,0.8
0,1074,-0.286257,2.20218,1.9213,0.166667,1,0.162162,0,0,0.9
0,1074,0.65128,-0.171899,1.3875,0.5,0.166667,0.119403,0,0,1
0,1075,0.100159,-0.255766,-0.0480248,0.333333,0.125,0.171429,0,0.166667,0.1
0,1075,-0.935893,1.34276,0.978919,0.111111,1,0.09375,0,0.166667,0.2
1,1075,2.6264,-2.55584,0.287025,1,0.1,0.424242,1,0.166667,0.3
0,1075,0.674994,-0.13787,1.54105,0.5,0.142857,0.196721,0,0.166667,0.4
0,1075,-0.14447,0.195565,0.588038,0.2,0.2,0.15942,0,0,0.5
0,1075,0.0523282,-0.386855,-1.5891,0.25,0.111111,0.130435,1,0.166667,0.6
1,1075,-0.312054,0.23601,0.612381,0.166667,0.25,0.123288,1,0.166667,0.7
0,1075,-0.790937,0.322918,-0.0480248,0.125,0.333333,0.159091,0,0,0.8
0,1075,-0.313705,0.137492,-1.72567,0.142857,0.166667,0.212766,1,0.166667,0.9
0,1075,-0.95682,1.10158,-0.596595,0.1,0.5,0.0787402,1,0.166667,1
0,1076,-0.129787,-2.26538,-0.642692,0.333333,0.1,0.166667,0,0,0.1
0,1076,-0.502314,0.348891,-1.08837,0.125,0.166667,0.0869565,0,0.166667,0.2
1,1076,1.69572,0.908044,2.46227,0.5,0.5,0.0327869,1,0,0.3
0,1076,-0.394385,-0.291077,-0.743609,0.2,0.125,0.0701754,0,0.166667,0.4
0,1076,2.17016,-0.160011,1.0731,1,0.142857,0.121951,0,0.333333,0.5
0,1076,-0.199106,-1.31044,-0.703297,0.25,0.111111,0.142857,0,0.166667,0.6
0,1076,-0.499019,0.554536,-0.0634438,0.142857,0.25,0.0597015,0,0,0.7
0,1076,-1.03143,1.03245,0.12703,0.1,1,0.0327869,1,0.166667,0.8
0,1076,-0.659397,0.694042,-0.336476,0.111111,0.333333,0.0555556,0,0.166667,0.9
1,1076,-0.450449,0.488941,-0.0845089,0.166667,0.2,0.102564,1,0.166667,1
0,1077,1.40101,-1.96844,-0.379603,0.5,0.1,0.106061,1,0,0.1
1,1077,0.372509,0.259777,0.885302,0.2,0.25,0.0714286,1,0,0.2
0,1077,0.867078,-0.471997,-0.0305573,0.333333,0.125,0.1,0,0,0.3
0,1077,1.4194,-0.232323,2.02363,1,0.166667,0.0707071,0,0,0.4
0,1077,-1.23911,1.69706,0.622868,0.111111,1,0.0638298,0,0,0.5
0,1077,0.401147,-0.365941,-0.0912118,0.25,0.142857,0.0806452,0,0.333333,0.6
0,1077,-0.470941,0.0503896,-0.602356,0.142857,0.2,0.1,1,0.166667,0.7
0,1077,-0.238839,-0.862422,-2.01791,0.166667,0.111111,0.0961538,1,0.5,0.8
0,1077,-1.2793,1.28409,-0.379603,0.1,0.5,0.0540541,0,0,0.9
1,1077,-1.23294,0.609804,-0.0305573,0.125,0.333333,0.0833333,0,0.333333,1
0,1078,-0.478811,0.699536,0.284684,0.142857,0.333333,0.0344828,0,0,0.1
0,1078,-0.916743,0.0711935,-1.31711,0.111111,0.166667,0.0625,0,0,0.2
1,1078,-0.871899,-1.03246,-1.93559,0.125,0.111111,0.181818,1,0,0.3
0,1078,-0.060372,0.672893,0.911469,0.25,0.25,0.138889,1,0,0.4
1,1078,2.08091,-2.4163,0.119203,1,0.1,0.3125,1,0,0.5
0,1078,-0.47345,0.0302884,-0.393161,0.2,0.142857,0.0625,0,0.166667,0.6
0,1078,-0.474944,1.13181,1.32084,0.166667,1,0.0510204,0,0.166667,0.7
0,1078,1.0738,-0.237142,-0.0199449,0.333333,0.125,0.0909091,0,0,0.8
0,1078,1.11576,0.203368,1.27738,0.5,0.2,0.1,0,0,0.9
0,1078,-0.994262,0.876815,-0.247769,0.1,0.5,0.0714286,0,0,1
0,1079,-0.334096,-0.017238,-1.0068,0.142857,0.166667,0.122449,0,0,0.1
0,1079,-0.83681,1.36437,0.571126,0.111111,1,0.0660377,0,0,0.2
1,1079,2.78685,-2.26093,0.167457,1,0.1,0.134328,1,0.166667,0.3
0,1079,-0.271483,-0.363553,-0.980262,0.2,0.125,0.0660377,0,0,0.4
0,1079,-0.441902,0.727251,-0.0280188,0.125,0.333333,0.0588235,0,0,0.5
1,1079,-0.324906,-0.685586,-1.85028,0.166667,0.111111,0.119048,1,0.333333,0.6
0,1079,-0.0465933,0.1472,1.28044,0.25,0.25,0.102941,0,0,0.7
0,1079,-0.00206575,0.0515432,1.29532,0.333333,0.2,0.0886076,0,0.166667,0.8
0,1079,-0.93716,1.33498,-0.348068,0.1,0.5,0.0810811,0,0,0.9
0,1079,0.408164,-0.298041,0.899086,0.5,0.142857,0.145455,0,0,1
0,1080,-0.605566,-1.3755,-1.24275,0.166667,0.111111,0.0816327,1,0.833333,0.1
0,1080,-0.638964,0.422593,-0.622704,0.111111,0.25,0.0625,0,0,0.2
1,1080,-0.65138,1.6069,0.112473,0.1,1,0.0754717,0,0.166667,0.3
0,1080,-0.613026,-0.428336,-0.97236,0.142857,0.142857,0.0645161,1,0.666667,0.4
0,1080,1.0787,-0.432405,0.316444,0.5,0.125,0.101695,1,0.666667,0.5
0,1080,-0.636565,0.960902,-0.018819,0.125,0.333333,0.0540541,0,0.166667,0.6
1,1080,2.52639,1.0595,2.52636,1,0.5,0.0847458,1,0,0.7
0,1080,0.303716,-1.66083,-0.569044,0.333333,0.1,0.0877193,0,0.333333,0.8
0,1080,-0.169597,0.207292,0.54522,0.25,0.2,0.0724638,1,0.666667,0.9
0,1080,-0.593703,-0.36012,-0.0748248,0.2,0.166667,0.0784314,1,0.833333,1
0,1081,0.530738,-0.487556,0.391176,0.333333,0.142857,0.127273,1,1,0.1
0,1081,0.0050911,-0.630865,-0.958815,0.2,0.125,0.0617284,1,0.5,0.2
0,1081,-0.888396,1.04052,0.96508,0.125,1,0.104167,1,1,0.3
0,1081,-0.902495,0.719516,-1.30167,0.1,0.25,0.102041,1,1,0.4
0,1081,0.889133,0.390724,1.31068,0.5,0.166667,0.0810811,1,1.33333,0.5
0,1081,-0.890466,0.56598,-1.36526,0.111111,0.2,0.104167,1,1,0.6
0,1081,-0.55306,0.927387,1.31068,0.166667,0.5,0.0752688,1,1,0.7
1,1081,2.30427,-2.02761,0.163794,1,0.1,0.15,0,0.333333,0.8
1,1081,0.382325,-1.29681,-0.906837,0.25,0.111111,0.0530303,1,0.5,0.9
0,1081,-0.877136,0.798712,0.391176,0.142857,0.333333,0.104167,1,1,1
0,1082,-0.35392,0.891337,1.39609,0.166667,0.5,0.0490196,1,0.333333,0.1
1,1082,1.42382,-1.98966,-0.362638,0.5,0.1,0.170732,1,0.166667,0.2
0,1082,-0.0639031,-0.397507,-1.02129,0.2,0.125,0.0941176,0,0,0.3
0,1082,-0.579512,0.900403,1.47382,0.142857,1,0.0897436,0,0,0.4
1,1082,1.97734,-1.64177,0.595032,1,0.111111,0.134328,1,0.166667,0.5
0,1082,0.301483,0.0533041,0.372233,0.25,0.166667,0.118644,1,0.333333,0.6
0,1082,0.43942,0.0080958,0.416666,0.333333,0.142857,0.0733945,0,0,0.7
0,1082,-1.06871,0.70304,-1.45423,0.111111,0.2,0.0731707,0,0,0.8
0,1082,-0.946862,0.758242,-0.0291916,0.125,0.333333,0.0895522,0,0,0.9
0,1082,-1.12916,0.714513,-1.38649,0.1,0.25,0.0833333,0,0,1
1,1083,-0.567707,1.26763,0.325715,0.111111,1,0.102564,0,0,0.1
0,1083,-0.5533,0.081512,-0.559047,0.125,0.2,0.0714286,0,0,0.2
0,1083,-0.44216,0.95323,0.479534,0.166667,0.333333,0.116667,0,0,0.3
0,1083,-0.420783,-0.296277,-0.063534,0.2,0.166667,0.0963855,0,0,0.4
1,1083,2.84811,-1.93881,0.0955015,1,0.1,0.266667,1,0,0.5
0,1083,-0.622576,-0.903377,-2.01793,0.1,0.111111,0.122449,0,0,0.6
0,1083,0.116469,1.10283,1.56647,0.333333,0.5,0.108696,1,0,0.7
0,1083,-0.443024,-0.726674,-1.06969,0.142857,0.125,0.0792079,0,0,0.8
0,1083,0.420791,0.924563,1.29069,0.5,0.25,0.181818,0,0,0.9
0,1083,-0.335819,-0.464626,-0.0476972,0.25,0.142857,0.121212,0,0,1
0,1084,0.536735,-2.37675,-0.219078,0.5,0.1,0.2,0,0.5,0.1
0,1084,-0.677405,0.510378,-0.0176354,0.125,0.333333,0.0648148,0,0.666667,0.2
1,1084,0.187649,-0.401334,-0.616989,0.2,0.125,0.0987654,0,0.5,0.3
0,1084,0.266858,-0.684962,-0.583541,0.25,0.111111,0.142857,0,0.5,0.4
0,1084,-0.590646,0.0450425,-0.356174,0.166667,0.166667,0.0875,0,0.666667,0.5
0,1084,-0.900557,0.223661,-0.878535,0.111111,0.2,0.0618557,0,0.666667,0.6
0,1084,0.283996,-0.0975541,0.251718,0.333333,0.142857,0.133333,0,0.5,0.7
1,1084,2.54453,1.65157,2.69195,1,1,0.0425532,1,0,0.8
0,1084,-0.640755,0.692872,0.565896,0.142857,0.5,0.0514706,1,0.666667,0.9
0,1084,-1.0104,0.437073,-0.837615,0.1,0.25,0.0384615,0,0.666667,1
1,1085,-0.898662,2.25923,0.14957,0.1,1,0.0357143,1,0.5,0.1
1,1085,1.99468,-0.533074,1.2635,1,0.142857,0.0638298,1,0.333333,0.2
0,1085,-0.586638,0.387804,-0.456933,0.125,0.25,0.021978,0,0,0.3
0,1085,-0.582385,0.453291,0.803046,0.142857,0.5,0.0322581,0,0,0.4
0,1085,1.63769,-0.711693,0.420814,0.5,0.125,0.038835,1,0.333333,0.5
0,1085,-0.524865,-0.0528853,-0.0995036,0.2,0.166667,0.0425532,1,0.5,0.6
0,1085,-0.561863,-0.772758,-1.65264,0.166667,0.111111,0.037037,1,0.5,0.7
0,1085,-0.523617,0.39743,1.57557,0.25,0.333333,0.0240964,0,0,0.8
0,1085,-0.677855,0.279509,-1.2467,0.111111,0.2,0.025641,1,0.5,0.9
0,1085,0.723514,-1.70685,-0.756727,0.333333,0.1,0.0405405,1,0.333333,1
0,1086,-0.59102,-1.83607,-1.72838,0.125,0.1,0.0847458,1,0.166667,0.1
0,1086,-1.31909,0.482665,-0.513132,0.111111,0.25,0.102041,1,0.166667,0.2
0,1086,-1.39548,0.439206,-0.995951,0.1,0.2,0.0609756,0,0.666667,0.3
0,1086,-0.0855969,-0.44189,-0.0616585,0.2,0.166667,0.0675676,0,0,0.4
0,1086,-0.589872,1.58984,0.782943,0.142857,1,0.0568182,0,0.666667,0.5
0,1086,1.42073,0.857913,1.80555,1,0.333333,0.151515,0,0.666667,0.6
0,1086,1.03449,-0.82289,-0.0155075,0.333333,0.125,0.122449,0,0.666667,0.7
1,1086,0.998557,1.06163,1.25259,0.25,0.5,0.116279,1,0,0.8
0,1086,-0.568014,-0.49953,-0.55723,0.166667,0.142857,0.135135,0,0,0.9
1,1086,1.09529,-0.830882,0.0307729,0.5,0.111111,0.14,0,0.666667,1
0,1087,-0.0077816,-1.0355,-0.872697,0.2,0.1,0.121212,0,0,0.1
0,1087,-0.303877,0.34749,0.407785,0.166667,0.333333,0.0645161,1,0.666667,0.2
1,1087,0.278751,0.440265,1.33209,0.333333,0.5,0.112676,0,0.333333,0.3
0,1087,-0.758175,-0.217849,-0.475402,0.125,0.2,0.109375,0,0.5,0.4
0,1087,-0.962287,-0.364133,-1.30694,0.1,0.142857,0.0821918,1,0.166667,0.5
0,1087,-0.651767,-0.041278,-0.0405607,0.142857,0.25,0.0752688,0,0.166667,0.6
1,1087,2.57618,2.67364,2.0742,1,1,0.191489,1,0,0.7
0,1087,0.564708,-0.533886,0.228491,0.5,0.125,0.135135,1,0.166667,0.8
0,1087,-0.950107,-0.323606,-0.897339,0.111111,0.166667,0.0983607,1,0.5,0.9
0,1087,0.214351,-0.945144,-0.44963,0.25,0.111111,0.140625,1,0.166667,1
0,1088,0.141782,-0.0173102,-0.163281,0.2,0.166667,0.21875,0,0,0.1
1,1088,0.938402,-1.90946,-0.510153,0.5,0.1,0.481481,0,0,0.2
0,1088,-0.48371,0.238381,-0.163281,0.166667,0.2,0.123711,0,0,0.3
0,1088,-0.550991,-0.456744,-2.12186,0.142857,0.142857,0.366667,0,0.166667,0.4
0,1088,0.265045,-0.721618,-0.0410663,0.333333,0.125,0.317073,1,0,0.5
0,1088,-0.79353,0.967618,0.690536,0.125,0.5,0.135802,0,0,0.6
1,1088,2.37166,-0.944465,0.837081,1,0.111111,0.25,1,0,0.7
0,1088,-1.09029,1.78185,0.245437,0.1,1,0.145161,1,0,0.8
0,1088,-1.00317,0.547157,-0.650112,0.111111,0.333333,0.185185,0,0,0.9
0,1088,0.204805,0.514595,1.8767,0.25,0.25,0.22807,0,0.166667,1
0,1089,-0.990469,-0.456649,-1.76992,0.111111,0.142857,0.103448,0,0,0.1
0,1089,-0.810346,0.00696813,-1.10832,0.125,0.166667,0.122449,0,0,0.2
0,1089,-1.06274,1.57153,-0.268878,0.1,0.5,0.0414508,0,0,0.3
1,1089,1.40745,-1.61438,-0.268878,0.5,0.1,0.204545,1,0,0.4
0,1089,0.570039,-0.858515,-0.0216442,0.333333,0.125,0.152542,0,0,0.5
0,1089,-0.316785,0.261877,0.275993,0.166667,0.25,0.0941176,0,0,0.6
0,1089,-0.197133,1.586,1.78445,0.2,1,0.0930233,0,0,0.7
0,1089,-0.10125,0.440963,1.36267,0.25,0.333333,0.0918367,0,0,0.8
0,1089,-0.600444,0.147661,-0.426657,0.142857,0.2,0.106667,0,0,0.9
1,1089,2.10168,-1.08545,0.441187,1,0.111111,0.173913,0,0,1
0,1090,-0.177758,1.4633,1.87759,0.2,1,0.0675676,0,0,0.1
1,1090,2.1302,-1.53686,0.136111,1,0.1,0.126761,1,0,0.2
0,1090,-0.205489,0.281186,-0.0905498,0.166667,0.2,0.15,0,0,0.3
0,1090,-0.691801,-0.73595,-1.87238,0.125,0.125,0.09375,0,0,0.4
0,1090,-0.221883,-0.634285,-0.818332,0.142857,0.166667,0.0823529,0,0,0.5
0,1090,-1.46587,1.4595,-0.282913,0.1,0.5,0.0967742,0,0,0.6
0,1090,0.428461,0.579251,1.43379,0.333333,0.25,0.097561,0,0,0.7
0,1090,1.12229,-0.996206,0.0451921,0.5,0.111111,0.1,0,0,0.8
1,1090,0.191775,-0.650071,-0.0679789,0.25,0.142857,0.114754,0,0,0.9
0,1090,-1.10992,0.770133,-0.360529,0.111111,0.333333,0.0930233,1,0,1
0,1091,0.127498,0.572495,0.669789,0.25,0.2,0.129032,0,0,0.1
0,1091,-0.858761,-0.861584,-2.24359,0.111111,0.125,0.1,1,0.166667,0.2
0,1091,-0.587889,-0.0125973,-0.830717,0.142857,0.166667,0.15625,1,0.166667,0.3
0,1091,-1.28196,1.00814,-0.287194,0.1,0.5,0.0681818,0,0.166667,0.4
0,1091,-0.634826,1.05918,0.814108,0.125,1,0.10084,1,0.166667,0.5
1,1091,1.62512,-1.45374,0.0458761,0.5,0.111111,0.188235,0,0,0.6
0,1091,0.624072,-1.77618,-0.699056,0.333333,0.1,0.2,1,0.166667,0.7
0,1091,-0.570467,0.831879,0.294794,0.166667,0.25,0.14,1,0,0.8
0,1091,-0.290472,0.878079,1.06878,0.2,0.333333,0.150685,1,0,0.9
1,1091,1.84769,-0.245674,1.16721,1,0.142857,0.181818,1,0.166667,1
0,1092,1.0542,-0.0479518,1.02926,0.5,0.142857,0.0714286,0,0,0.1
0,1092,-0.872832,0.131457,-1.12219,0.125,0.2,0.153846,0,0,0.2
1,1092,2.40111,-2.29199,0.191703,1,0.1,0.130435,1,0,0.3
1,1092,0.00488885,-0.182011,-0.58565,0.25,0.125,0.0588235,1,0,0.4
0,1092,-0.00817574,0.794573,1.48286,0.2,0.333333,0.0909091,0,0,0.5
0,1092,-0.868402,0.131457,-1.15257,0.142857,0.166667,0.16,0,0,0.6
0,1092,-0.0900307,0.820307,1.53401,0.166667,0.5,0.12,0,0,0.7
0,1092,-0.897763,1.22781,0.191703,0.1,1,0.133333,0,0,0.8
0,1092,-0.87718,0.628689,-1.06136,0.111111,0.25,0.148148,0,0,0.9
0,1092,0.154185,-1.21234,-0.507782,0.333333,0.111111,0.0638298,1,0,1
1,1093,0.190389,-1.07758,-0.541791,0.25,0.111111,0.117647,0,0,0.1
0,1093,-0.704122,-1.80476,-1.82491,0.125,0.1,0.136364,0,0,0.2
0,1093,-0.361031,-0.170512,-0.330691,0.166667,0.166667,0.105263,0,0.166667,0.3
0,1093,0.35675,0.789525,1.60513,0.5,0.333333,0.105263,1,0.333333,0.4
1,1093,2.6918,-0.713841,0.576589,1,0.125,0.142857,1,0.166667,0.5
0,1093,-0.910948,1.63933,0.0978588,0.1,1,0.047619,0,0,0.6
0,1093,0.323699,1.04371,1.60513,0.333333,0.5,0.0555556,0,0,0.7
0,1093,-0.178365,-0.532002,-0.322763,0.2,0.142857,0.121212,0,0,0.8
0,1093,-0.646413,0.509637,-0.0488745,0.142857,0.25,0.0357143,0,0,0.9
0,1093,-0.76176,0.316498,-0.81568,0.111111,0.2,0.0857143,0,0,1
0,1094,0.0653684,0.662124,0.841637,0.2,0.333333,0.135135,0,0,0.1
1,1094,2.56361,-2.39286,0.108806,1,0.1,0.09375,1,0,0.2
0,1094,0.0190078,1.13609,1.20563,0.166667,1,0.113636,0,0,0.3
0,1094,0.298963,0.0912318,0.546338,0.333333,0.166667,0.0821918,0,0,0.4
0,1094,0.422033,-0.514816,0.306125,0.5,0.125,0.0666667,0,0,0.5
1,1094,0.151071,1.10046,1.47049,0.25,0.5,0.121951,0,0,0.6
0,1094,-0.889215,0.305629,-0.906926,0.111111,0.2,0.0943396,0,0,0.7
0,1094,-1.02358,0.440254,-0.864684,0.1,0.25,0.0816327,0,0,0.8
0,1094,-0.765666,-0.878085,-1.48871,0.142857,0.111111,0.138889,0,0,0.9
0,1094,-0.841589,0.0499666,-1.21871,0.125,0.142857,0.0847458,0,0,1
0,1095,-0.426604,-0.0743108,-1.49566,0.125,0.2,0.0892857,1,1,0.1
1,1095,-0.698694,2.36213,0.255502,0.1,1,0.0384615,0,0,0.2
0,1095,-0.110592,-0.588418,1.3718,0.5,0.142857,0.115385,1,1,0.3
0,1095,-0.416573,0.039991,-0.127608,0.142857,0.25,0.0943396,1,1,0.4
0,1095,-0.437584,0.511108,-0.676772,0.111111,0.333333,0.0806452,1,1,0.5
0,1095,-0.156091,-0.821277,-0.676772,0.333333,0.111111,0.136364,1,1,0.6
0,1095,-0.278668,0.786994,2.04454,0.166667,0.5,0.101695,0,0,0.7
0,1095,-0.179059,-0.609457,-0.780555,0.25,0.125,0.122449,1,1,0.8
1,1095,2.95865,-1.45515,0.255502,1,0.1,0.123077,1,0,0.9
0,1095,-0.254785,-0.151612,-0.169977,0.2,0.166667,0.0594059,1,1,1
1,1096,2.79855,2.07082,2.02315,1,1,0.2,0,0,0.1
0,1096,-0.373371,1.39634,0.425302,0.142857,0.5,0.144928,1,1.33333,0.2
0,1096,-0.497049,-1.28219,-1.67377,0.111111,0.1,0.15873,1,1.33333,0.3
1,1096,-0.0937105,-1.10378,-0.209821,0.333333,0.111111,0.166667,1,1.33333,0.4
0,1096,0.472491,-0.645164,0.222868,0.5,0.125,0.139785,1,1.33333,0.5
0,1096,-0.369009,0.015103,-0.0526982,0.166667,0.2,0.135802,1,1.33333,0.6
0,1096,-0.437823,-0.297274,-0.678688,0.125,0.166667,0.148649,1,1.33333,0.7
0,1096,-0.354149,0.284635,0.612735,0.2,0.333333,0.149254,1,1.33333,0.8
0,1096,-1.04189,-0.549081,-1.27477,0.1,0.142857,0.116279,1,1.33333,0.9
0,1096,-0.104035,0.110592,0.605697,0.25,0.25,0.116505,1,1.33333,1
0,1097,-0.847288,1.15183,0.811987,0.125,0.5,0.0785714,1,0.5,0.1
0,1097,-1.09828,0.325676,-2.40559,0.111111,0.2,0.130435,0,0,0.2
0,1097,-0.297991,0.695408,0.615751,0.166667,0.25,0.204082,1,0.666667,0.3
0,1097,-1.36646,1.30121,0.288604,0.1,1,0.0985915,1,0.666667,0.4
0,1097,0.634288,-0.624928,-0.048289,0.333333,0.125,0.214286,1,0.666667,0.5
0,1097,-0.188344,-0.20085,-0.95189,0.2,0.142857,0.135135,1,0.166667,0.6
0,1097,1.89687,-1.44565,0.984305,1,0.111111,0.212121,1,0.5,0.7
0,1097,-0.541599,0.778843,0.689252,0.142857,0.333333,0.125,1,0.5,0.8
1,1097,1.18258,-1.79695,-0.599878,0.5,0.1,0.0980392,1,0.166667,0.9
1,1097,0.626227,-0.184588,0.615751,0.25,0.166667,0.183333,1,0.5,1
0,1098,-0.223263,0.703671,1.02865,0.2,0.333333,0.0268817,0,0,0.1
1,1098,0.870265,0.236784,0.667733,0.333333,0.166667,0.1,0,0,0.2
0,1098,-0.0921222,0.720443,1.79724,0.25,0.5,0.0595238,0,0,0.3
0,1098,-0.733471,0.344207,-0.43861,0.142857,0.2,0.0625,0,0,0.4
1,1098,1.67465,-2.27275,-0.27641,0.5,0.1,0.0864198,1,0,0.5
0,1098,-0.855072,0.214138,-1.8195,0.111111,0.142857,0.102564,0,0,0.6
0,1098,1.76356,-1.09322,0.453546,1,0.111111,0.0958904,0,0,0.7
0,1098,-0.979882,1.21388,0.132982,0.1,1,0.056338,0,0,0.8
0,1098,-0.825459,0.648011,-0.406259,0.125,0.25,0.0869565,0,0,0.9
0,1098,-0.599202,-0.715173,-1.13937,0.166667,0.125,0.138889,0,0,1
0,1099,-1.21752,-1.37827,-1.78289,0.111111,0.111111,0.111111,0,0,0.1
0,1099,-1.30358,0.85805,-0.481873,0.1,0.333333,0.0909091,0,0,0.2
0,1099,-0.603376,-0.0908641,-0.57263,0.166667,0.142857,0.113636,0,0.333333,0.3
0,1099,1.4578,0.951129,1.84614,0.5,0.5,0.0967742,0,0.5,0.4
0,1099,1.48124,-2.14927,0.0952437,1,0.1,0.0493827,0,0,0.5
0,1099,-0.795853,0.0106302,-0.816029,0.125,0.166667,0.113636,0,0.166667,0.6
0,1099,-0.72187,1.15628,0.80458,0.142857,1,0.0675676,0,0.333333,0.7
1,1099,0.534309,0.360371,0.461699,0.25,0.2,0.0967742,1,0,0.8
0,1099,0.661711,0.544171,1.0033,0.333333,0.25,0.0779221,0,0,0.9
1,1099,0.507138,-0.26223,-0.557538,0.2,0.125,0.142857,0,0,1
0,1100,0.732083,-0.964711,-0.6421,0.333333,0.111111,0.101695,0,0,0.1
1,1100,-1.05196,0.982583,0.0804869,0.111111,0.5,0.097561,0,0,0.2
0,1100,0.541218,-0.907928,-1.41903,0.2,0.125,0.0804598,0,0,0.3
0,1100,1.41376,-2.00254,0.242412,1,0.1,0.056,1,0.166667,0.4
0,1100,-0.0545185,-0.0422713,-0.819176,0.166667,0.166667,0.0631579,0,0,0.5
0,1100,-0.920616,0.819285,-0.0405602,0.125,0.333333,0.0877193,0,0,0.6
0,1100,-0.280271,0.612051,-0.12107,0.142857,0.25,0.122449,0,0,0.7
1,1100,-1.96696,1.45348,0.242412,0.1,1,0.0517241,1,0.166667,0.8
0,1100,0.857361,0.257273,2.5977,0.5,0.2,0.0810811,0,0,0.9
0,1100,0.729906,-0.207228,-0.12107,0.25,0.142857,0.14,0,0,1
0,1101,-0.296466,-0.456989,0.229522,0.25,0.166667,0.227273,1,0.166667,0.1
0,1101,-0.420801,0.157209,0.229522,0.166667,0.25,0.166667,0,0.166667,0.2
0,1101,-0.527981,0.8379,0.302669,0.125,0.5,0.128205,0,0,0.3
0,1101,2.22167,-0.466242,0.90877,1,0.142857,0.117647,0,0,0.4
0,1101,-0.240422,-1.32252,-0.544273,0.333333,0.1,0.25,0,0.166667,0.5
0,1101,-0.964534,2.27813,0.107577,0.1,1,0.0909091,1,0.166667,0.6
1,1101,-0.583011,-0.907278,-2.01377,0.111111,0.111111,0.142857,1,0.166667,0.7
1,1101,1.6777,0.630709,1.76454,0.5,0.333333,0.121212,1,0,0.8
0,1101,-0.469319,-0.825538,-1.20495,0.142857,0.125,0.235294,0,0.166667,0.9
0,1101,-0.396837,0.0746168,0.220398,0.2,0.2,0.192308,0,0,1
1,1102,-0.0273628,0.140307,0.42722,0.2,0.2,0.0588235,1,0.166667,0.1
1,1102,1.44469,-1.44909,-0.433437,0.5,0.1,0.0967742,1,0,0.2
0,1102,-1.50192,1.5174,0.208528,0.1,1,0.037037,0,0,0.3
0,1102,0.526015,-0.820844,-0.637052,0.25,0.125,0.0442478,1,0.333333,0.4
0,1102,-0.145795,-0.712594,-1.25373,0.166667,0.142857,0.0512821,1,0.333333,0.5
0,1102,1.63693,-0.497583,2.31062,1,0.166667,0.0632911,1,0.166667,0.6
0,1102,-0.490632,1.12428,1.1196,0.142857,0.5,0.0242424,0,0,0.7
0,1102,-1.00793,0.666991,-0.637052,0.125,0.25,0.0333333,0,0,0.8
0,1102,0.597866,-1.08883,-0.552349,0.333333,0.111111,0.0769231,1,0.333333,0.9
0,1102,-1.03187,1.11997,-0.552349,0.111111,0.333333,0.0245399,0,0,1
0,1103,-0.998978,1.15439,0.892031,0.125,1,0.105263,0,0,0.1
0,1103,-1.10968,1.06203,-0.401016,0.111111,0.333333,0.0882353,0,0,0.2
0,1103,-0.689008,-1.15845,-1.69575,0.142857,0.125,0.0634921,0,0,0.3
1,1103,0.992505,0.612879,2.04609,0.5,0.25,0.0869565,1,0,0.4
0,1103,0.127307,0.517577,0.31017,0.2,0.2,0.0659341,0,0,0.5
0,1103,0.451576,-1.5374,-0.765967,0.333333,0.1,0.0465116,0,0,0.6
0,1103,-1.21042,1.10097,-0.314683,0.1,0.5,0.0714286,0,0,0.7
0,1103,0.373186,0.0760134,0.32301,0.25,0.166667,0.0724638,0,0,0.8
0,1103,-0.0539105,-0.525638,-0.91023,0.166667,0.142857,0.0618557,0,0,0.9
1,1103,2.11742,-1.30237,0.516346,1,0.111111,0.0679612,1,0,1
0,1104,-0.456847,0.884319,0.818682,0.125,1,0.0833333,0,0,0.1
0,1104,-0.346891,0.58979,1.07479,0.333333,0.2,0.0561798,0,0,0.2
0,1104,0.704473,-0.157418,0.390927,0.5,0.125,0.0769231,0,0,0.3
0,1104,-0.367696,-1.72072,-0.769275,0.25,0.111111,0.266667,0,0,0.4
0,1104,-0.452672,0.123069,-1.20123,0.142857,0.142857,0.117647,0,0,0.5
1,1104,2.81372,-2.07928,0.138947,1,0.1,0.125,1,0,0.6
0,1104,-0.422195,0.727653,1.11186,0.166667,0.5,0.0549451,0,0,0.7
1,1104,-0.480491,0.252096,-1.53526,0.111111,0.166667,0.0701754,1,0,0.8
0,1104,-0.403468,0.693619,1.07479,0.2,0.333333,0.0735294,1,0,0.9
0,1104,-0.587928,0.686869,-1.10422,0.1,0.25,0.0357143,0,0,1
1,1105,2.71021,-1.48483,0.642216,1,0.111111,0.0877193,1,0,0.1
1,1105,-0.0580286,-1.89281,-0.952686,0.333333,0.1,0.039604,1,0.5,0.2
0,1105,0.912527,0.377808,1.50679,0.5,0.166667,0.0657895,1,0.833333,0.3
0,1105,-0.501338,0.504923,0.40175,0.166667,0.25,0.0517241,1,0.5,0.4
0,1105,-0.533936,0.474486,-2.02346,0.1,0.2,0.04,1,0.666667,0.5
0,1105,-0.49444,-0.334949,-0.621066,0.2,0.142857,0.037037,0,0,0.6
0,1105,-0.466054,-0.656045,-0.575258,0.25,0.125,0.0576923,0,0,0.7
0,1105,-0.525733,1.10344,1.10948,0.125,1,0.0454545,0,0.166667,0.8
0,1105,-0.515919,0.885507,0.449707,0.142857,0.333333,0.0681818,1,0.333333,0.9
0,1105,-0.527285,1.02247,0.0625207,0.111111,0.5,0.047619,0,0,1
0,1106,-0.385587,0.0514667,1.15275,0.2,0.333333,0.10101,1,0.166667,0.1
0,1106,-0.672505,1.18295,0.0494806,0.111111,0.5,0.137931,0,0,0.2
1,1106,1.24153,-1.79013,-0.309759,0.5,0.1,0.149123,1,0,0.3
0,1106,-0.247528,-0.364232,-0.455275,0.25,0.125,0.125,0,0,0.4
1,1106,2.52389,-0.258631,1.25892,1,0.142857,0.22093,0,0,0.5
0,1106,-0.47096,-0.0900268,0.317956,0.166667,0.25,0.0918367,1,0.166667,0.6
0,1106,-0.608514,-0.621355,-2.41987,0.125,0.111111,0.0989011,0,0.166667,0.7
0,1106,-0.726368,2.18082,0.149027,0.1,1,0.122807,0,0,0.8
0,1106,-0.542456,-0.119132,-0.491528,0.142857,0.2,0.128571,0,0.166667,0.9
0,1106,-0.111495,-0.171732,0.748295,0.333333,0.166667,0.180328,0,0,1
0,1107,0.965398,0.00479556,1.13145,0.5,0.166667,0.181818,1,1,0.1
0,1107,-1.32402,0.817995,-0.293898,0.1,0.5,0.0943396,0,0,0.2
1,1107,2.00113,-2.48945,0.141396,1,0.1,0.28,1,1,0.3
0,1107,0.388422,-0.206754,-0.0706185,0.25,0.142857,0.137255,1,1,0.4
1,1107,-1.16194,0.560958,-0.0236582,0.125,0.333333,0.0740741,1,0.166667,0.5
0,1107,-1.22223,-0.513535,-2.64683,0.111111,0.111111,0.25,1,1,0.6
0,1107,-0.312829,1.49859,1.19445,0.142857,1,0.137255,1,1,0.7
0,1107,0.173455,0.172811,0.289683,0.2,0.2,0.148936,1,1,0.8
0,1107,0.42843,-0.257946,-0.0236582,0.333333,0.125,0.145833,1,1,0.9
0,1107,0.0641826,0.412533,0.301675,0.166667,0.25,0.0983607,1,0.166667,1
0,1108,-0.868145,-0.310154,-0.818924,0.125,0.142857,0.185185,1,0.666667,0.1
1,1108,2.17379,1.74857,1.86734,1,1,0.153846,1,0.166667,0.2
0,1108,-0.00315856,0.409446,0.559049,0.25,0.25,0.0857143,0,0,0.3
0,1108,-0.258275,-0.15297,-0.0486396,0.2,0.166667,0.0689655,0,0,0.4
0,1108,1.56309,0.650351,1.19924,0.5,0.333333,0.0895522,1,0.166667,0.5
0,1108,0.0963319,-1.99916,-0.369906,0.333333,0.1,0.3,1,0.666667,0.6
0,1108,-0.868145,-0.427065,-1.1872,0.111111,0.125,0.185185,1,0.666667,0.7
1,1108,-0.368556,0.178896,-0.0486396,0.166667,0.2,0.08,1,0.666667,0.8
0,1108,-0.598786,0.955158,0.392547,0.142857,0.5,0.08,0,0,0.9
0,1108,-0.868145,-1.05308,-1.54487,0.1,0.111111,0.185185,1,0.666667,1
0,1109,-0.515941,-0.959449,-1.3117,0.2,0.125,0.0983607,1,0.833333,0.1
1,1109,2.50993,-1.48047,0.224076,1,0.1,0.101695,1,0.833333,0.2
1,1109,0.945054,-1.1841,0.0743989,0.5,0.111111,0.227273,1,0.833333,0.3
0,1109,0.29822,0.381872,2.36043,0.333333,0.25,0.12766,0,0,0.4
0,1109,-0.552232,0.0428186,-0.14907,0.166667,0.2,0.122449,1,0.833333,0.5
0,1109,0.169396,-0.218339,-0.111912,0.25,0.142857,0.0882353,0,0,0.6
0,1109,-0.795807,1.77597,0.764229,0.111111,1,0.0735294,1,0.833333,0.7
0,1109,-0.905689,1.37241,-0.465754,0.1,0.5,0.0704225,0,0,0.8
0,1109,-0.584408,0.463586,-0.0374923,0.125,0.333333,0.125,1,0.833333,0.9
0,1109,-0.568524,-0.194306,-1.3472,0.142857,0.166667,0.0779221,0,0,1
0,1110,0.434811,-1.07899,-0.0153811,0.333333,0.125,0.166667,0,0,0.1
0,1110,-1.26591,0.569809,-0.730543,0.1,0.25,0.0550459,0,0.166667,0.2
1,1110,2.00317,-0.374032,1.0186,1,0.166667,0.121622,1,0,0.3
0,1110,-0.0657434,-0.867898,-0.303197,0.2,0.142857,0.106061,0,0,0.4
0,1110,0.0688855,-1.18817,-0.508947,0.25,0.111111,0.132075,0,0,0.5
0,1110,1.38641,1.18706,1.78184,0.5,0.5,0.0833333,0,0,0.6
0,1110,-0.414533,0.487352,-0.303197,0.142857,0.2,0.0645161,0,0,0.7
1,1110,-0.144843,1.45901,1.0186,0.166667,1,0.0987654,0,0,0.8
0,1110,-1.18442,-1.19525,-1.94239,0.111111,0.1,0.139535,0,0,0.9
0,1110,-0.817834,1.00111,-0.0153811,0.125,0.333333,0.0813953,0,0.166667,1
0,1111,-0.507327,0.511601,0.247115,0.142857,0.333333,0.12,1,0.833333,0.1
0,1111,-0.507937,1.13991,0.291118,0.125,0.5,0.117647,1,0.833333,0.2
1,1111,-0.091226,1.30553,1.71695,0.25,1,0.075,1,0,0.3
0,1111,-0.0520201,-0.345192,-0.274076,0.333333,0.111111,0.0674157,1,0,0.4
1,1111,2.87201,-0.097537,1.14653,1,0.166667,0.111111,1,0.833333,0.5
0,1111,-0.392119,-2.52564,-1.39272,0.166667,0.1,0.105263,1,0.833333,0.6
0,1111,-0.572574,-0.140471,-1.41573,0.111111,0.142857,0.0857143,0,0,0.7
0,1111,-0.104906,0.399354,0.501586,0.2,0.25,0.0933333,1,0.833333,0.8
0,1111,-0.834421,-0.0313907,-1.11189,0.1,0.2,0.0847458,1,0.833333,0.9
0,1111,0.190522,-0.216166,0.291118,0.5,0.125,0.14,0,0,1
1,1112,1.34051,-1.73932,0.0426493,0.5,0.111111,0.0615385,1,0,0.1
0,1112,-0.676481,0.312051,-1.4193,0.111111,0.166667,0.0379747,0,0.166667,0.2
0,1112,-0.682745,0.769924,-0.649887,0.1,0.333333,0.0447761,0,0.333333,0.3
1,1112,1.91152,-0.312477,0.756847,1,0.125,0.121212,1,0.166667,0.4
0,1112,1.27306,0.347092,0.993606,0.333333,0.2,0.1,0,0,0.5
0,1112,-0.642725,-0.301118,-1.43877,0.125,0.142857,0.0461538,0,0,0.6
0,1112,-0.629302,0.525169,0.622679,0.2,0.25,0.0416667,0,0,0.7
0,1112,-0.635267,0.815938,0.689666,0.142857,0.5,0.0447761,1,0,0.8
0,1112,-0.629486,1.36414,1.42333,0.166667,1,0.0535714,0,0,0.9
0,1112,-0.629084,-1.7814,-1.02081,0.25,0.1,0.05,0,0,1
0,1113,-0.859093,0.808442,-0.03819,0.125,0.333333,0.0967742,0,0,0.1
0,1113,0.10937,-0.0404164,1.14607,0.333333,0.166667,0.0649351,1,0,0.2
0,1113,-0.578957,-0.356865,-2.55654,0.142857,0.125,0.0301205,0,0,0.3
1,1113,-0.0755667,-0.272886,-0.113995,0.25,0.142857,0.0666667,1,0,0.4
0,1113,-0.889344,0.87828,0.0757835,0.111111,0.5,0.0857143,1,0.166667,0.5
0,1113,-0.365588,0.178517,-0.151845,0.166667,0.2,0.0615385,0,0,0.6
0,1113,2.22176,-1.02411,0.778451,1,0.111111,0.0681818,0,0,0.7
0,1113,-0.114078,0.808246,1.10644,0.2,0.25,0.0704225,0,0,0.8
0,1113,-0.924919,1.26514,0.228246,0.1,1,0.0731707,0,0,0.9
1,1113,1.47642,-2.24435,-0.474421,0.5,0.1,0.105263,1,0.166667,1
0,1114,-1.31354,1.58813,0.102356,0.1,1,0.0625,0,0,0.1
0,1114,1.24606,-0.914822,0.28798,0.5,0.125,0.11,0,0.166667,0.2
0,1114,1.59837,1.13367,1.99401,1,0.333333,0.105769,0,0,0.3
0,1114,-1.15719,-1.1172,-1.91604,0.111111,0.111111,0.109375,0,0.333333,0.4
0,1114,0.876328,-1.1285,-0.517859,0.333333,0.1,0.115789,0,0,0.5
1,1114,0.485302,-0.325619,0.218383,0.25,0.166667,0.117647,0,0.166667,0.6
0,1114,-0.819271,0.0934585,-0.0511208,0.142857,0.25,0.0686275,1,0,0.7
1,1114,0.394799,1.519,1.09686,0.2,0.5,0.0803571,1,0,0.8
0,1114,-0.392387,-0.585796,-0.615393,0.166667,0.142857,0.102273,0,0.333333,0.9
0,1114,-0.918471,-0.262315,-0.599174,0.125,0.2,0.12069,0,0.333333,1
0,1115,0.709985,0.78288,1.08652,0.333333,0.333333,0.0632911,0,0,0.1
0,1115,-0.354971,0.0482176,-0.486706,0.142857,0.166667,0.0632911,1,1.16667,0.2
0,1115,-1.2401,-1.01327,-1.31449,0.111111,0.125,0.0571429,1,1.16667,0.3
0,1115,-0.262109,1.0202,0.647783,0.166667,0.5,0.0649351,1,1.16667,0.4
0,1115,1.36853,0.0679517,0.867488,0.5,0.2,0.101695,1,1.16667,0.5
1,1115,0.568877,0.177908,0.618991,0.25,0.25,0.0816327,1,1.16667,0.6
1,1115,1.59629,-1.19825,0.276094,1,0.111111,0.0689655,1,1.16667,0.7
0,1115,-1.17657,-1.67115,-1.50963,0.125,0.1,0.0754717,1,1.16667,0.8
0,1115,0.0667642,1.74669,1.1167,0.2,1,0.097561,0,0,0.9
0,1115,-1.2767,0.0388335,-1.30275,0.1,0.142857,0.0606061,1,1.16667,1
0,1116,0.625111,-1.86472,-0.412192,0.333333,0.1,0.166667,0,0,0.1
1,1116,2.43761,1.17831,2.08081,1,1,0.172414,1,0.166667,0.2
0,1116,-0.444548,1.02498,0.409084,0.166667,0.333333,0.109375,0,0,0.3
0,1116,0.88911,1.03239,1.57918,0.5,0.5,0.125,1,0.166667,0.4
0,1116,-0.870435,0.493302,-0.679085,0.111111,0.2,0.104167,0,0,0.5
0,1116,-0.910526,0.749498,-0.647454,0.1,0.25,0.0895522,1,0.5,0.6
1,1116,-0.627961,-0.144757,-0.489826,0.142857,0.166667,0.2,0,0,0.7
0,1116,-0.406006,-1.13586,-0.679085,0.2,0.111111,0.0707071,1,0.5,0.8
0,1116,-0.7293,-0.747577,-1.12075,0.125,0.125,0.0967742,1,0.5,0.9
0,1116,0.0369393,-0.585567,-0.0406899,0.25,0.142857,0.184211,1,0.5,1
1,1117,2.78021,-1.09244,0.262918,1,0.111111,0.180328,1,0.5,0.1
0,1117,0.0874239,0.33853,1.03467,0.333333,0.333333,0.0777778,1,0.5,0.2
0,1117,-0.0899867,1.0567,0.82609,0.2,0.5,0.0566038,0,0.166667,0.3
0,1117,-0.533799,0.094321,-0.25426,0.142857,0.2,0.0740741,1,0.666667,0.4
0,1117,-0.50848,-0.73919,-0.660485,0.166667,0.125,0.1,1,0.5,0.5
0,1117,-0.535215,-1.53361,-1.43759,0.125,0.1,0.0925926,1,0.5,0.6
0,1117,-0.914681,-0.278946,-1.24058,0.1,0.142857,0.0549451,1,0.5,0.7
0,1117,0.0174799,0.2714,0.589452,0.25,0.25,0.0463576,0,0.166667,0.8
0,1117,-0.672011,-0.229553,-0.85178,0.111111,0.166667,0.0681818,1,0.666667,0.9
1,1117,0.369061,2.1128,1.73157,0.5,1,0.138889,1,0.5,1
1,1118,1.6668,-1.24379,0.135636,1,0.1,0.138298,1,0.166667,0.1
0,1118,-0.457474,-0.454472,-0.815481,0.142857,0.166667,0.121739,0,0,0.2
0,1118,0.242202,-0.573583,-0.414367,0.25,0.125,0.109091,0,0,0.3
0,1118,1.15384,-0.266336,1.45348,0.5,0.2,0.25,0,0,0.4
0,1118,0.0436549,2.23808,1.87105,0.2,1,0.151899,1,0.166667,0.5
0,1118,-1.46624,0.790323,-0.686234,0.1,0.333333,0.113402,0,0,0.6
1,1118,1.0856,-0.542334,0.323931,0.333333,0.142857,0.229508,0,0,0.7
0,1118,-0.184523,-1.07511,-1.49868,0.166667,0.111111,0.178082,0,0,0.8
0,1118,-1.25038,0.311012,-0.750946,0.111111,0.25,0.166667,0,0,0.9
0,1118,-0.833471,0.816203,0.381613,0.125,0.5,0.192982,1,0,1
1,1119,1.65355,-1.93499,-0.192019,0.5,0.1,0.20339,1,0.666667,0.1
0,1119,-0.925973,-1.60037,-1.50007,0.125,0.111111,0.25,1,0.166667,0.2
0,1119,-0.968955,0.802748,-0.244699,0.111111,0.333333,0.170732,1,0.666667,0.3
0,1119,-0.671257,0.0256412,-0.55542,0.142857,0.166667,0.195122,1,0.666667,0.4
0,1119,-0.981732,0.622931,-0.734157,0.1,0.25,0.170732,1,0.666667,0.5
1,1119,1.81609,0.887955,2.07506,1,0.5,0.12987,1,0,0.6
0,1119,-0.109053,1.26186,1.27436,0.2,1,0.0786517,0,0,0.7
0,1119,-0.480243,-0.23949,-0.791505,0.166667,0.125,0.177778,1,0.833333,0.8
0,1119,-0.0480278,0.409597,0.447823,0.25,0.2,0.0408163,0,0,0.9
0,1119,0.715605,-0.235884,0.220628,0.333333,0.142857,0.217391,1,0,1
0,1120,0.676535,-1.20441,-0.948968,0.333333,0.111111,0.181818,1,0.333333,0.1
0,1120,-0.260665,0.0835313,-0.178931,0.142857,0.25,0.160714,0,0.166667,0.2
0,1120,-0.0583117,-0.355469,-1.21067,0.166667,0.166667,0.144737,0,0.166667,0.3
0,1120,-1.29254,0.547156,-0.948968,0.111111,0.333333,0.0675676,1,0.5,0.4
1,1120,-1.34148,2.1428,0.358264,0.1,1,0.0810811,0,0,0.5
0,1120,0.933601,-0.645106,1.00798,0.5,0.125,0.315789,0,0,0.6
0,1120,-1.25512,1.12214,1.00798,0.125,0.5,0.0582524,0,0,0.7
1,1120,1.79831,-1.25564,0.358264,1,0.1,0.192308,1,0.5,0.8
0,1120,0.408741,0.0812388,1.73671,0.25,0.2,0.184211,1,0.166667,0.9
0,1120,0.390929,-0.516244,-1.18165,0.2,0.142857,0.150685,1,0.166667,1
1,1121,0.401698,0.834667,1.09716,0.333333,0.333333,0.196078,0,0,0.1
0,1121,0.671393,0.743231,1.10477,0.5,0.25,0.0916031,0,0,0.2
0,1121,-0.762182,-1.07237,-1.53021,0.111111,0.111111,0.128571,1,0.333333,0.3
1,1121,2.55943,-2.0151,0.0817449,1,0.1,0.262295,0,0.166667,0.4
0,1121,-0.866389,-0.756249,-1.52441,0.1,0.125,0.173913,1,0.333333,0.5
0,1121,-0.729822,-0.0383898,-0.700375,0.125,0.166667,0.0891089,1,0.333333,0.6
0,1121,-0.647707,0.275534,-0.269616,0.142857,0.2,0.121951,0,0,0.7
0,1121,-0.549555,1.00449,0.654126,0.166667,0.5,0.115385,0,0,0.8
0,1121,0.314071,1.33598,1.35643,0.25,1,0.113924,0,0,0.9
0,1121,-0.390935,-0.311789,-0.269616,0.2,0.142857,0.129032,0,0.166667,1
0,1122,-0.616791,-0.0944343,-1.17929,0.125,0.142857,0.142857,1,1,0.1
0,1122,-0.73863,0.171886,-1.13139,0.1,0.2,0.096,1,1,0.2
0,1122,-0.586494,1.0333,0.565288,0.142857,0.5,0.115789,1,1,0.3
0,1122,-0.325531,1.31526,1.74706,0.25,1,0.131313,1,1,0.4
1,1122,1.8498,-2.18591,-0.218843,0.5,0.1,0.262295,0,0,0.5
0,1122,-0.115259,0.6829,1.41312,0.333333,0.333333,0.117647,1,1,0.6
0,1122,-0.737826,0.113866,-1.16334,0.111111,0.166667,0.130952,0,0,0.7
1,1122,2.0778,-1.31646,0.359088,1,0.111111,0.109827,1,0,0.8
0,1122,-0.374303,-0.119271,-0.616327,0.2,0.125,0.141414,1,1,0.9
0,1122,-0.432761,0.398864,0.224634,0.166667,0.25,0.154762,1,1,1
1,1123,2.90826,-2.95418,0.144578,1,0.1,0.369565,0,0,0.1
0,1123,-0.49176,0.524051,0.40677,0.125,0.5,0.0810811,0,0.166667,0.2
0,1123,-0.483319,0.411865,0.308465,0.166667,0.25,0.136364,0,0.5,0.3
0,1123,0.108938,0.319614,1.5493,0.5,0.2,0.216216,0,0.5,0.4
0,1123,-0.483319,0.455069,0.345286,0.142857,0.333333,0.136364,0,0.5,0.5
0,1123,-0.528375,0.118572,-2.34763,0.111111,0.125,0.116279,0,0.333333,0.6
0,1123,-0.0960919,0.285759,0.308465,0.25,0.166667,0.123077,0,0.166667,0.7
0,1123,-0.540735,0.632028,0.144578,0.1,1,0.106383,0,0.333333,0.8
1,1123,0.0885406,0.140335,0.345286,0.333333,0.142857,0.195652,0,0.5,0.9
0,1123,-0.482142,0.0668827,-1.2051,0.2,0.111111,0.12766,0,0.333333,1
0,1124,-0.683234,0.53691,0.202191,0.166667,0.25,0.0909091,0,0,0.1
0,1124,-0.955438,-0.737532,-1.53881,0.111111,0.125,0.0485437,1,0.166667,0.2
0,1124,-0.884136,1.02396,0.226326,0.142857,0.333333,0.0434783,0,0,0.3
0,1124,-0.905278,1.42698,0.558373,0.125,1,0.0403226,0,0,0.4
0,1124,-0.971311,-1.54377,-2.23086,0.1,0.1,0.0458716,1,0.166667,0.5
0,1124,0.606765,0.322029,0.733046,0.333333,0.2,0.0638298,0,0,0.6
0,1124,-0.00829846,1.06718,1.01553,0.2,0.5,0.0471698,0,0,0.7
0,1124,0.592299,0.0181912,0.202191,0.25,0.166667,0.0674157,0,0,0.8
1,1124,1.92755,-0.72342,0.800556,1,0.142857,0.08,1,0,0.9
1,1124,1.28109,-1.39052,0.0314651,0.5,0.111111,0.0506329,1,0,1
0,1125,0.125607,0.403635,1.97972,0.5,0.333333,0.0574713,0,0.166667,0.1
0,1125,0.0563915,0.172756,0.60604,0.333333,0.166667,0.0699301,0,0.166667,0.2
1,1125,-0.436775,-0.513927,-0.725655,0.166667,0.142857,0.0786517,1,1,0.3
0,1125,-0.697209,0.293166,-1.29698,0.1,0.2,0.1,1,1,0.4
0,1125,-0.599384,0.964366,0.339578,0.125,0.5,0.109375,1,0.666667,0.5
0,1125,-0.610228,1.88041,0.411642,0.111111,1,0.0752688,1,1,0.6
0,1125,0.0350859,-0.629698,-0.368724,0.25,0.125,0.2,1,0.666667,0.7
1,1125,2.86705,-1.58981,0.120696,1,0.1,0.206897,0,0,0.8
0,1125,-0.173862,0.400098,0.58508,0.2,0.25,0.112676,1,0.666667,0.9
0,1125,-0.566672,-1.38099,-1.65139,0.142857,0.111111,0.142857,1,0.666667,1
0,1126,0.0316361,0.149347,0.24597,0.25,0.166667,0.235294,1,1,0.1
1,1126,2.21576,-0.491126,0.679275,1,0.125,0.270833,0,0,0.2
1,1126,1.46394,-2.28327,-0.239629,0.5,0.1,0.282609,1,0.166667,0.3
0,1126,-0.524047,0.417446,-0.0766964,0.166667,0.2,0.193548,1,1,0.4
0,1126,-0.113598,-1.06426,-0.960947,0.2,0.111111,0.22,1,1.16667,0.5
0,1126,-0.798624,0.612355,-0.0192897,0.125,0.333333,0.183333,1,1,0.6
0,1126,-0.840633,-0.044605,-1.85529,0.1,0.142857,0.140625,1,1,0.7
0,1126,-0.783119,0.597014,-0.0575787,0.142857,0.25,0.196429,1,1,0.8
0,1126,-0.82009,0.690947,0.0382781,0.111111,0.5,0.164179,1,1,0.9
0,1126,0.168781,1.41615,2.24591,0.333333,1,0.0940171,0,0,1
0,1127,-0.465661,-0.747935,-1.1129,0.142857,0.125,0.0714286,1,0.666667,0.1
1,1127,0.744809,0.149352,1.06473,0.5,0.2,0.0677966,1,0,0.2
0,1127,-0.916824,-0.0888093,-1.33735,0.1,0.166667,0.08,0,0,0.3
0,1127,0.0620357,-1.60151,-0.502692,0.333333,0.1,0.125,1,0.666667,0.4
0,1127,-0.207103,1.00611,1.34282,0.25,0.5,0.0634921,1,0.166667,0.5
0,1127,-0.513134,-0.267817,-1.1129,0.125,0.142857,0.0714286,1,0.666667,0.6
0,1127,-0.360475,0.713051,0.498901,0.166667,0.333333,0.0930233,0,0,0.7
0,1127,-0.720056,0.59108,-0.550095,0.111111,0.25,0.0352941,1,0.666667,0.8
1,1127,2.70572,-1.43775,0.33887,1,0.111111,0.162162,1,0.833333,0.9
0,1127,-0.329313,1.68423,1.37061,0.2,1,0.0512821,0,0,1
1,1128,2.7473,-1.43757,0.158159,1,0.1,0.19697,1,0,0.1
0,1128,-0.491712,0.633291,-0.483174,0.125,0.25,0.153846,0,0,0.2
0,1128,-0.609568,1.16717,0.0525128,0.111111,0.5,0.162162,1,0,0.3
0,1128,-0.256571,-0.996879,-0.483174,0.25,0.125,0.109589,0,0,0.4
0,1128,-0.409925,-1.1434,-2.16398,0.142857,0.111111,0.0701754,0,0,0.5
0,1128,-1.00827,1.6233,0.158159,0.1,1,0.1,0,0,0.6
0,1128,-0.392482,-0.345344,-0.534463,0.166667,0.166667,0.0650407,0,0,0.7
0,1128,0.518481,-0.120028,1.69484,0.5,0.2,0.149254,1,0,0.8
1,1128,0.23505,-0.364162,0.37772,0.333333,0.142857,0.181818,1,0,0.9
0,1128,-0.332304,0.983622,1.2234,0.2,0.333333,0.170213,0,0,1
0,1129,1.21662,-0.472044,0.327438,0.5,0.125,0.0843373,0,0,0.1
0,1129,-0.158801,0.041648,-0.0774244,0.2,0.166667,0.1,1,0.333333,0.2
0,1129,-1.16052,0.90704,-0.588814,0.1,0.333333,0.0561798,0,0,0.3
1,1129,0.73534,1.03038,2.26723,0.333333,1,0.078125,1,0.333333,0.4
1,1129,2.10448,-2.23409,0.116381,1,0.1,0.232558,1,0.333333,0.5
0,1129,-0.949537,0.880332,-0.644339,0.111111,0.25,0.0740741,0,0.166667,0.6
0,1129,-0.459639,0.270897,-0.0774244,0.166667,0.2,0.0659341,1,0.333333,0.7
0,1129,-0.694839,0.968488,0.624855,0.142857,0.5,0.0645161,0,0.333333,0.8
0,1129,-0.753665,-0.964466,-1.88977,0.125,0.111111,0.1,0,0,0.9
0,1129,0.120561,-0.428177,-0.0581252,0.25,0.142857,0.097561,1,0.5,1
0,1130,-0.404285,-0.216465,-2.04894,0.142857,0.125,0.137255,0,0,0.1
1,1130,2.43358,-2.68359,0.182928,1,0.1,0.32,1,0.166667,0.2
0,1130,-0.892763,0.862685,0.0607366,0.111111,0.5,0.103448,0,0,0.3
0,1130,0.146634,-0.17983,0.436874,0.333333,0.142857,0.0898876,1,0.166667,0.4
0,1130,-0.401826,0.969896,2.02695,0.166667,1,0.0334728,0,0,0.5
0,1130,1.10245,-0.237225,0.0607366,0.5,0.111111,0.123457,0,0,0.6
0,1130,0.0507063,-0.137817,0.390286,0.25,0.166667,0.0747664,0,0,0.7
0,1130,-0.222847,0.394467,0.374771,0.2,0.2,0.0559441,0,0,0.8
1,1130,-1.01885,0.771311,-0.9255,0.1,0.333333,0.0943396,0,0,0.9
0,1130,-0.79281,0.456564,-0.558842,0.125,0.25,0.0806452,0,0,1
1,1131,1.83557,-0.623864,0.430753,0.5,0.125,0.101695,1,0,0.1
0,1131,1.96413,-2.04775,0.153102,1,0.1,0.103448,1,0.166667,0.2
0,1131,-0.730403,0.114973,-2.06073,0.1,0.166667,0.0724638,1,0,0.3
0,1131,0.422081,-0.505216,0.365643,0.333333,0.142857,0.0769231,1,0.166667,0.4
1,1131,-0.701488,0.58215,-0.405536,0.111111,0.333333,0.0847458,1,0.166667,0.5
0,1131,-0.630656,0.381547,-0.89623,0.125,0.2,0.0612245,0,0.166667,0.6
0,1131,-0.540142,1.22406,1.22513,0.166667,0.5,0.12,0,0.166667,0.7
0,1131,-0.601901,1.38719,1.29335,0.142857,1,0.0631579,0,0,0.8
0,1131,-0.506978,-1.00163,-0.847644,0.25,0.111111,0.0555556,1,0.5,0.9
0,1131,-0.510222,0.488545,0.742171,0.2,0.25,0.0810811,0,0,1
0,1132,0.347456,-1.62566,-0.659283,0.333333,0.1,0.130435,0,0,0.1
1,1132,2.50372,0.759543,2.53856,1,0.333333,0.0649351,0,0,0.2
0,1132,0.180325,-0.336159,0.278021,0.25,0.166667,0.0652174,0,0,0.3
0,1132,0.177558,-0.962848,-0.762805,0.2,0.125,0.105263,0,0.333333,0.4
0,1132,0.389525,-0.997348,0.0432659,0.5,0.111111,0.0967742,0,0.333333,0.5
0,1132,-1.23306,1.33724,-0.270854,0.1,0.5,0.0571429,1,0.333333,0.6
0,1132,-0.523827,-0.577111,-1.12656,0.142857,0.142857,0.0515464,0,0,0.7
0,1132,-0.0549175,0.255203,-0.0866904,0.166667,0.2,0.0530973,0,0.333333,0.8
1,1132,-0.912388,0.717175,-0.721452,0.111111,0.25,0.0547945,1,0.333333,0.9
0,1132,-0.8744,1.42997,0.767789,0.125,1,0.0571429,1,0.333333,1
0,1133,-1.35294,1.12027,0.253057,0.1,1,0.0625,0,0,0.1
0,1133,0.811025,-1.88063,-0.525992,0.5,0.1,0.0310559,1,0.166667,0.2
1,1133,-0.32793,0.47006,-0.16835,0.166667,0.2,0.0833333,1,0.166667,0.3
0,1133,-0.592925,0.703745,-0.0423413,0.125,0.333333,0.0512821,0,0,0.4
0,1133,-0.431952,0.519153,-0.126387,0.142857,0.25,0.0571429,1,0.333333,0.5
0,1133,0.171925,-1.16418,-0.773086,0.25,0.125,0.0833333,1,0.166667,0.6
1,1133,-1.27436,1.07049,0.0840213,0.111111,0.5,0.0625,0,0,0.7
0,1133,0.069371,0.0837162,-0.834647,0.2,0.142857,0.0967742,0,0,0.8
0,1133,2.14279,0.341383,2.80402,1,0.166667,0.0535714,0,0,0.9
0,1133,0.784995,-1.264,-0.670296,0.333333,0.111111,0.121951,1,0.166667,1
0,1134,-0.352098,-0.542228,-0.404485,0.2,0.142857,0.225,1,0.833333,0.1
1,1134,0.823679,0.711619,1.65741,0.5,0.25,0.123077,1,0,0.2
0,1134,-0.640893,-0.0907595,-1.35504,0.111111,0.166667,0.106061,0,0,0.3
0,1134,-0.404774,-0.567532,-1.05072,0.166667,0.125,0.235294,1,0.666667,0.4
1,1134,2.70374,-1.70972,0.122636,1,0.1,0.461538,1,0,0.5
0,1134,-0.79072,1.52117,0.122636,0.1,1,0.125,1,0.833333,0.6
0,1134,0.0522512,0.717791,1.64598,0.333333,0.333333,0.183673,0,0,0.7
0,1134,-0.544569,1.07153,0.658438,0.142857,0.5,0.15,1,0.666667,0.8
0,1134,-0.301084,-1.3777,-0.678969,0.25,0.111111,0.290323,0,0.333333,0.9
0,1134,-0.545532,0.265827,-0.717887,0.125,0.2,0.186047,1,0.666667,1
0,1135,-0.698743,0.404105,-0.240926,0.125,0.25,0.0636364,0,0,0.1
0,1135,-0.617291,0.211758,-0.260111,0.142857,0.2,0.131148,1,0.166667,0.2
0,1135,-0.306572,-0.0836149,-0.260111,0.2,0.142857,0.101266,0,0,0.3
0,1135,0.677464,1.07232,1.52863,0.5,0.5,0.157895,0,0,0.4
0,1135,-0.572944,0.0977461,-0.2665,0.166667,0.166667,0.1,0,0,0.5
0,1135,-0.836306,-1.41922,-1.47626,0.111111,0.111111,0.125,0,0,0.6
1,1135,0.113322,0.603572,0.830747,0.25,0.333333,0.142857,1,0,0.7
1,1135,2.55144,-2.05514,0.0788631,1,0.1,0.210526,1,0.166667,0.8
0,1135,-0.854915,-0.234501,-1.47067,0.1,0.125,0.159091,1,0.166667,0.9
0,1135,0.544545,1.40298,1.53634,0.333333,1,0.0776699,1,0.166667,1
1,1136,0.891208,-0.72358,0.0444605,0.5,0.111111,0.203704,0,0,0.1
0,1136,0.13086,0.819135,2.19641,0.333333,0.5,0.171875,0,0,0.2
0,1136,-0.85964,0.168105,-1.47958,0.111111,0.166667,0.135593,0,0,0.3
0,1136,-0.0423606,0.302246,0.27434,0.2,0.2,0.145161,0,0,0.4
0,1136,0.00215924,0.000431662,-0.409084,0.25,0.125,0.104167,0,0,0.5
0,1136,-1.13073,0.851265,0.133907,0.1,1,0.129032,0,0,0.6
0,1136,-0.43816,0.766386,0.672377,0.166667,0.333333,0.0738255,0,0,0.7
0,1136,-0.610404,0.0669612,-1.49987,0.125,0.142857,0.0596026,1,0.333333,0.8
1,1136,2.52669,-2.68046,0.133907,1,0.1,0.227848,1,0.333333,0.9
0,1136,-0.469625,0.429512,-0.0668784,0.142857,0.25,0.136986,1,0.333333,1
0,1137,0.396654,-0.914336,-0.0309292,0.333333,0.125,0.0833333,0,0.166667,0.1
0,1137,-0.914747,0.794885,-0.935233,0.1,0.333333,0.0428571,0,0.5,0.2
0,1137,-0.369344,0.432244,-0.624664,0.166667,0.166667,0.113636,0,0.5,0.3
0,1137,-0.816066,0.546077,-0.609688,0.142857,0.2,0.0615385,0,0.5,0.4
0,1137,0.454867,0.579177,2.49824,0.5,0.25,0.076087,0,0,0.5
0,1137,-0.863564,1.06666,0.63045,0.111111,1,0.0571429,0,0.5,0.6
0,1137,-0.834803,1.02018,0.52008,0.125,0.5,0.0727273,0,0,0.7
0,1137,0.0782781,-0.272911,-0.609688,0.2,0.142857,0.0875,0,0.166667,0.8
1,1137,2.53733,-1.91837,0.184852,1,0.1,0.241379,0,0,0.9
1,1137,0.331396,-1.33361,-1.02342,0.25,0.111111,0.105263,1,0,1
0,1138,1.08043,0.607941,1.15116,0.5,0.333333,0.0909091,1,0.166667,0.1
0,1138,-0.301084,-0.784433,-0.410829,0.2,0.125,0.12987,0,0,0.2
0,1138,-0.872536,-0.940966,-1.31375,0.111111,0.111111,0.160714,0,0,0.3
0,1138,-0.885749,0.00238694,-0.557736,0.1,0.25,0.108434,0,0,0.4
0,1138,-0.829354,-0.318095,-0.601303,0.125,0.166667,0.113924,0,0,0.5
0,1138,-0.463733,-0.512856,-0.42195,0.166667,0.142857,0.1125,1,0,0.6
1,1138,2.2825,1.89141,1.79247,1,1,0.130435,1,0.166667,0.7
1,1138,0.599152,1.57331,1.15116,0.333333,0.5,0.128205,1,0,0.8
0,1138,0.214175,-0.23046,0.340209,0.25,0.2,0.105263,0,0,0.9
0,1138,-0.823794,-1.28824,-1.12942,0.142857,0.1,0.115385,0,0,1
0,1139,-0.574363,-1.77189,-1.53395,0.142857,0.1,0.0754717,0,0,0.1
0,1139,-0.501515,1.65759,1.05618,0.166667,1,0.0615385,1,0.166667,0.2
0,1139,0.335998,0.61218,1.00409,0.333333,0.25,0.123077,0,0,0.3
0,1139,-0.238296,0.683833,1.00409,0.25,0.333333,0.0927835,0,0,0.4
1,1139,2.10111,-0.418216,0.805212,1,0.142857,0.218182,1,0.166667,0.5
0,1139,-0.583597,0.0649472,-0.816671,0.125,0.166667,0.153846,0,0,0.6
1,1139,1.65917,-1.23695,0.0316481,0.5,0.111111,0.137931,1,0,0.7
0,1139,-0.45086,0.376804,0.195283,0.2,0.2,0.0857143,0,0,0.8
0,1139,-0.945894,-0.826395,-1.77754,0.1,0.125,0.0813953,0,0,0.9
0,1139,-0.801756,0.858102,0.0316481,0.111111,0.5,0.0792079,0,0,1
0,1140,-0.609431,0.933634,-0.0169118,0.125,0.333333,0.111111,1,0.833333,0.1
0,1140,-0.207272,1.67628,1.39429,0.2,1,0.176471,0,0,0.2
0,1140,-0.243189,-1.00807,-1.11681,0.166667,0.111111,0.0674157,1,1,0.3
1,1140,2.85007,0.0199248,1.39429,1,0.2,0.0697674,1,0,0.4
0,1140,-0.113807,-1.64628,-0.511375,0.333333,0.1,0.230769,1,1,0.5
0,1140,-0.133444,1.28739,1.36601,0.25,0.5,0.09375,0,0,0.6
0,1140,-0.684232,0.308503,-0.803246,0.1,0.25,0.0684932,1,0.833333,0.7
0,1140,-0.584963,-0.500547,-0.873818,0.142857,0.142857,0.0757576,1,1,0.8
0,1140,0.375485,-0.622478,0.284374,0.5,0.125,0.0933333,1,1,0.9
1,1140,-0.649218,-0.44836,-1.11681,0.111111,0.166667,0.135135,1,1,1
0,1141,-0.555772,1.19013,0.444602,0.142857,0.5,0.0740741,0,0,0.1
1,1141,2.42586,1.24585,2.11496,1,1,0.0754717,1,0,0.2
0,1141,-0.712804,-1.2087,-1.34463,0.125,0.111111,0.0594059,0,0,0.3
1,1141,-0.454786,0.204951,-0.0550897,0.166667,0.2,0.0923077,1,0.166667,0.4
0,1141,0.00709817,0.111611,0.176676,0.25,0.166667,0.137255,1,0,0.5
0,1141,0.0547088,-1.64221,-0.418958,0.333333,0.1,0.0652174,0,0,0.6
0,1141,-0.894211,0.893332,-0.219342,0.111111,0.333333,0.075,0,0,0.7
0,1141,-0.931689,-0.64972,-1.33262,0.1,0.142857,0.0769231,1,0.166667,0.8
0,1141,-0.123877,-0.963812,-0.484744,0.2,0.125,0.137255,1,0.166667,0.9
0,1141,1.18547,0.81857,1.11914,0.5,0.25,0.109589,1,0.166667,1
0,1142,-0.176003,0.0920217,0.718552,0.333333,0.2,0.111111,0,0,0.1
0,1142,-0.532265,2.33582,0.0928936,0.1,1,0.15873,0,0,0.2
0,1142,-0.448846,-0.607177,-0.803088,0.142857,0.142857,0.15625,1,0.166667,0.3
0,1142,-0.49617,-0.894522,-1.50839,0.111111,0.125,0.133333,0,0.166667,0.4
1,1142,2.96226,0.220338,1.54142,1,0.25,0.173333,1,0,0.5
0,1142,-0.0338411,-0.543131,0.743338,0.5,0.166667,0.107143,0,0.166667,0.6
0,1142,-0.367006,-0.965077,-1.02641,0.166667,0.111111,0.134146,1,0,0.7
1,1142,-0.219202,-1.03469,-0.998221,0.2,0.1,0.138462,1,0.166667,0.8
0,1142,-0.199688,0.850108,1.25544,0.25,0.5,0.147059,0,0,0.9
0,1142,-0.489234,0.546317,-0.0155429,0.125,0.333333,0.103093,0,0,1
0,1143,-0.836217,0.852915,0.30869,0.125,0.5,0.0666667,0,0,0.1
0,1143,-0.273258,0.0321236,-0.642264,0.2,0.125,0.0943396,0,0,0.2
1,1143,1.83704,-2.74202,0.109717,1,0.1,0.4,1,0,0.3
1,1143,1.63984,0.181082,1.48282,0.5,0.25,0.0945946,0,0,0.4
0,1143,-0.640586,0.0646701,-0.65965,0.166667,0.142857,0.1875,0,0,0.5
0,1143,-0.196486,-0.216171,-0.607446,0.25,0.111111,0.105263,0,0,0.6
0,1143,-0.867114,0.114878,-1.2123,0.111111,0.166667,0.172414,0,0,0.7
0,1143,-0.668005,0.148411,-0.361876,0.142857,0.2,0.101695,0,0,0.8
0,1143,-0.868007,0.328921,-0.555101,0.1,0.333333,0.16129,0,0,0.9
0,1143,0.872789,1.23519,2.13741,0.333333,1,0.0886076,0,0,1
0,1144,1.26166,-1.18511,0.434754,1,0.111111,0.134021,1,0.833333,0.1
0,1144,-1.07501,-0.0522522,-1.06252,0.111111,0.2,0.101124,1,0.833333,0.2
1,1144,0.780446,-1.2173,-0.644929,0.333333,0.1,0.162162,1,0.833333,0.3
0,1144,0.217706,2.17203,2.1152,0.25,1,0.101449,1,0.333333,0.4
0,1144,-2.25659,-0.147315,-1.71576,0.1,0.166667,0.227273,1,0.833333,0.5
0,1144,1.18369,-0.664991,0.358643,0.5,0.125,0.104348,1,1,0.6
0,1144,-0.250527,0.427672,-0.0213286,0.125,0.333333,0.15625,1,0.333333,0.7
0,1144,0.0517039,0.177485,0.271968,0.166667,0.25,0.0964912,0,0,0.8
1,1144,-0.0860116,1.13791,0.684404,0.142857,0.5,0.112903,0,0,0.9
0,1144,0.172936,-0.648131,-0.420436,0.2,0.142857,0.150685,1,1,1
0,1145,-0.113968,-0.563412,-0.730958,0.2,0.125,0.156863,1,0,0.1
1,1145,-0.898021,0.276302,-1.70849,0.111111,0.142857,0.0789474,1,0,0.2
1,1145,2.14104,-1.73907,0.425875,1,0.111111,0.203125,1,0.666667,0.3
0,1145,-0.651368,0.647857,0.298215,0.142857,0.333333,0.0757576,1,0.666667,0.4
0,1145,0.33392,0.568534,0.965888,0.333333,0.2,0.216216,0,0,0.5
0,1145,-0.354328,0.704649,0.999205,0.166667,0.5,0.163265,0,0,0.6
0,1145,-1.30788,0.369918,-1.68072,0.1,0.166667,0.0446429,1,0.666667,0.7
0,1145,0.249156,0.635546,0.954794,0.25,0.25,0.155172,1,0,0.8
0,1145,-0.694686,1.03246,0.735734,0.125,1,0.0495868,1,0.666667,0.9
0,1145,1.29613,-1.93278,-0.259546,0.5,0.1,0.23913,1,0.666667,1
0,1146,-0.807253,0.97345,0.262365,0.125,0.5,0.0416667,1,0.666667,0.1
1,1146,0.618175,-1.84609,-0.741078,0.25,0.1,0.0642202,1,0.666667,0.2
0,1146,-1.19711,0.878137,-0.741078,0.1,0.25,0.0833333,1,0.333333,0.3
1,1146,0.985544,0.572503,0.999293,0.5,0.2,0.0666667,0,0,0.4
0,1146,-0.784261,-0.452843,-1.0445,0.142857,0.125,0.0454545,1,0.5,0.5
0,1146,-1.19268,-0.281194,-1.2759,0.111111,0.142857,0.0793651,1,0.5,0.6
0,1146,2.00621,0.881735,1.81665,1,0.333333,0.0648148,0,0,0.7
0,1146,-0.0818063,1.00427,1.28637,0.2,1,0.0555556,0,0,0.8
0,1146,-0.215027,-0.165362,-0.315124,0.166667,0.166667,0.0686275,0,0,0.9
0,1146,0.668207,-1.5646,-0.247005,0.333333,0.111111,0.0943396,1,0,1
1,1147,0.792148,-0.960148,0.0370719,0.5,0.111111,0.101695,1,0,0.1
0,1147,-0.179601,0.0646726,0.541248,0.25,0.2,0.227273,0,0,0.2
0,1147,-0.927365,-0.367772,-1.79683,0.1,0.142857,0.0869565,0,0,0.3
0,1147,-0.371308,-0.0837671,-0.671292,0.142857,0.166667,0.0851064,0,0,0.4
0,1147,-0.899056,0.104845,-0.618167,0.111111,0.25,0.101266,0,0,0.5
1,1147,2.6753,-1.30853,0.111654,1,0.1,0.151515,0,0,0.6
0,1147,-0.308237,-0.922699,-0.956629,0.166667,0.125,0.119403,1,0,0.7
0,1147,-0.450515,0.549814,0.314138,0.125,0.5,0.1,0,0,0.8
0,1147,-0.0562084,0.51811,1.49859,0.333333,0.333333,0.123457,1,0,0.9
0,1147,-0.275157,2.40547,1.54022,0.2,1,0.126582,0,0,1
1,1148,1.47328,-1.72154,0.203158,1,0.1,0.128571,1,0.333333,0.1
1,1148,1.19656,-1.60155,0.0674535,0.5,0.111111,0.118644,1,0,0.2
0,1148,0.909767,-0.629872,-0.0339922,0.333333,0.125,0.0460526,0,0.166667,0.3
0,1148,-1.10467,-0.0452726,-1.74062,0.125,0.166667,0.153846,1,0.333333,0.4
0,1148,0.223264,1.0258,2.17705,0.2,0.5,0.151515,0,0.166667,0.5
0,1148,0.856941,-0.335503,-0.101465,0.25,0.142857,0.0803571,0,0,0.6
0,1148,-0.405116,0.667293,0.433448,0.166667,0.25,0.113208,1,0.333333,0.7
0,1148,-1.20553,0.948701,-1.02785,0.1,0.333333,0.0606061,0,0.166667,0.8
0,1148,-1.14186,1.10197,0.692885,0.111111,1,0.0851064,0,0.166667,0.9
0,1148,-0.802645,0.589976,-0.670067,0.142857,0.2,0.078125,0,0,1
0,1149,-0.435298,-0.815896,-1.88301,0.142857,0.111111,0.160494,1,0.666667,0.1
0,1149,-0.23794,-0.274454,-0.0915567,0.2,0.166667,0.0909091,0,0.5,0.2
1,1149,0.276617,1.56551,2.25738,0.333333,0.5,0.1,1,0,0.3
0,1149,-0.304398,-0.27124,-0.0915567,0.166667,0.2,0.0802469,0,0.5,0.4
0,1149,-0.783759,0.0495891,-0.76195,0.111111,0.25,0.112245,1,0.333333,0.5
0,1149,0.936786,-0.279475,0.73891,0.5,0.142857,0.147727,1,0.166667,0.6
0,1149,-1.28646,1.84971,0.137624,0.1,1,0.146667,0,0.5,0.7
0,1149,-0.637661,0.300995,-0.0230272,0.125,0.333333,0.166667,1,0,0.8
1,1149,2.45581,-1.72749,0.137624,1,0.1,0.319149,1,0,0.9
0,1149,0.0163061,-0.39725,-0.42044,0.25,0.125,0.136364,0,0,1
0,1150,-0.893294,0.546039,-0.565973,0.125,0.25,0.107143,1,0.666667,0.1
0,1150,0.0274827,-0.686008,-0.565973,0.25,0.125,0.0782609,1,0.833333,0.2
1,1150,1.68817,-1.68642,-0.385076,0.5,0.1,0.264151,1,1,0.3
0,1150,-0.926298,1.67775,0.63185,0.111111,1,0.0888889,0,0,0.4
0,1150,0.582498,-0.460697,0.442448,0.333333,0.142857,0.0984848,1,0.166667,0.5
0,1150,-0.296351,0.669204,0.930241,0.166667,0.333333,0.0944882,1,0.5,0.6
0,1150,-0.145947,0.47448,0.379553,0.2,0.2,0.0869565,0,0,0.7
0,1150,-0.588687,0.781308,0.99468,0.142857,0.5,0.0782609,1,0.666667,0.8
1,1150,1.78382,-1.43605,0.63185,1,0.111111,0.203125,1,0.833333,0.9
0,1150,-1.23139,0.120397,-2.4936,0.1,0.166667,0.0642202,0,0,1
0,1151,-0.928385,0.376369,0.264276,0.142857,0.333333,0.142857,0,0.166667,0.1
0,1151,2.06905,-1.74966,0.110658,1,0.1,0.307692,0,0,0.2
0,1151,0.62872,-1.45577,-0.293109,0.333333,0.111111,0.157895,0,0,0.3
0,1151,-0.0531628,-0.607848,-0.948094,0.166667,0.125,0.2,0,0,0.4
1,1151,0.444236,0.279294,0.536419,0.25,0.2,0.210526,1,0.166667,0.5
1,1151,0.956159,1.90024,2.48558,0.5,1,0.156863,0,0,0.6
0,1151,-1.13676,0.130247,-1.48944,0.1,0.166667,0.0869565,1,0.166667,0.7
0,1151,-1.06547,0.703894,0.0367411,0.111111,0.5,0.0821918,0,0,0.8
0,1151,-0.958171,0.304815,-0.338058,0.125,0.25,0.122449,0,0.166667,0.9
0,1151,0.0437842,0.118416,-0.364977,0.2,0.142857,0.12,0,0,1
1,1152,1.61209,-1.5635,-0.17679,0.5,0.1,0.0877193,0,0.166667,0.1
1,1152,1.80401,0.559227,1.65696,1,0.333333,0.15625,1,0.166667,0.2
0,1152,0.0870783,-0.124695,0.174255,0.2,0.2,0.105263,0,0,0.3
0,1152,0.469244,-0.652974,-0.0142313,0.333333,0.125,0.136986,0,0.166667,0.4
0,1152,-1.29099,-0.369715,-1.36877,0.1,0.142857,0.102941,1,0.333333,0.5
0,1152,-0.860796,0.0760102,-0.259841,0.125,0.25,0.0958904,0,0,0.6
0,1152,-0.906543,-0.876583,-1.59216,0.111111,0.111111,0.0963855,1,0.333333,0.7
0,1152,0.185338,2.23971,1.41135,0.25,1,0.0769231,1,0.166667,0.8
0,1152,-0.709025,-0.200419,-0.511371,0.142857,0.166667,0.0795455,1,0.333333,0.9
0,1152,-0.390402,0.912936,0.680611,0.166667,0.5,0.175,0,0,1
0,1153,-0.00585106,-0.48512,-0.0263616,0.333333,0.125,0.257143,1,1,0.1
0,1153,-0.27549,0.516791,0.322784,0.2,0.2,0.114286,1,1,0.2
0,1153,-0.144425,1.12763,2.61434,0.25,1,0.0769231,1,0.166667,0.3
0,1153,-0.923481,0.716981,-0.797118,0.1,0.333333,0.109375,1,1,0.4
1,1153,2.11152,-1.5128,0.537346,1,0.111111,0.322581,1,1,0.5
1,1153,1.7126,-2.04434,-0.327481,0.5,0.1,0.25641,1,1,0.6
0,1153,-0.787335,0.834859,0.0523115,0.111111,0.5,0.0677966,1,0.166667,0.7
0,1153,-0.737388,0.686276,-0.481322,0.125,0.25,0.118644,0,0.166667,0.8
0,1153,-0.327034,-0.0981244,-0.947249,0.166667,0.142857,0.0978261,1,1,0.9
0,1153,-0.623119,0.257852,-0.947249,0.142857,0.166667,0.0833333,1,1.16667,1
0,1154,-0.148315,-0.487822,-1.55633,0.166667,0.142857,0.172414,1,0.166667,0.1
1,1154,-0.0829077,0.159935,0.530335,0.2,0.2,0.153846,0,0,0.2
0,1154,-0.475985,1.12534,0.618216,0.142857,0.333333,0.106383,0,0,0.3
1,1154,2.59059,-1.2587,0.25886,1,0.1,0.196721,1,0,0.4
0,1154,0.335397,-1.21011,-0.685665,0.333333,0.111111,0.205882,1,0.166667,0.5
0,1154,-0.900438,1.47404,0.88286,0.111111,1,0.0526316,0,0,0.6
0,1154,0.339515,-1.06245,0.728301,0.5,0.125,0.116667,0,0,0.7
0,1154,0.222278,-0.415752,0.55229,0.25,0.166667,0.166667,1,0,0.8
0,1154,-1.23842,0.316597,-2.05717,0.1,0.25,0.105263,0,0,0.9
0,1154,-0.641714,1.35893,0.728301,0.125,0.5,0.0930233,0,0,1
0,1155,-0.854548,0.830502,0.66362,0.125,0.5,0.038961,0,0,0.1
0,1155,-0.6824,0.788226,1.18436,0.166667,0.333333,0.0508475,0,0,0.2
0,1155,0.738039,-0.3251,-0.0394656,0.333333,0.125,0.0731707,0,0,0.3
0,1155,-0.742385,0.435758,-0.77796,0.142857,0.2,0.0394737,0,0,0.4
0,1155,-0.948292,1.1673,0.804453,0.111111,1,0.037037,0,0,0.5
1,1155,1.74231,-2.52739,0.23587,1,0.1,0.115385,1,0,0.6
0,1155,-0.336515,-0.124795,-0.156917,0.2,0.166667,0.0526316,0,0,0.7
0,1155,-1.02667,0.494197,-1.87447,0.1,0.25,0.0215827,0,0,0.8
1,1155,1.49056,-0.13433,1.2664,0.5,0.142857,0.0449438,1,0,0.9
0,1155,0.619913,-0.604361,-1.30589,0.25,0.111111,0.0666667,0,0,1
0,1156,1.11472,0.108052,1.18303,0.5,0.2,0.1125,0,0.166667,0.1
0,1156,-1.50033,-0.0176828,-1.77662,0.1,0.142857,0.0952381,1,0.666667,0.2
0,1156,0.547736,-1.16498,-0.292422,0.333333,0.111111,0.115942,1,0.666667,0.3
0,1156,-0.777497,-0.191987,-1.51867,0.125,0.125,0.0958904,0,0.166667,0.4
0,1156,0.321519,0.0544795,0.23554,0.25,0.166667,0.0963855,1,0.666667,0.5
0,1156,-0.7388,0.125214,-0.0551371,0.142857,0.25,0.162791,1,0.666667,0.6
0,1156,-0.997606,0.220689,-0.292422,0.111111,0.333333,0.0853659,0,0.166667,0.7
1,1156,1.96414,-1.79229,0.110398,1,0.1,0.194444,1,0.666667,0.8
0,1156,-0.187662,2.27278,1.22328,0.166667,1,0.102564,0,0,0.9
1,1156,0.253785,0.385733,1.18303,0.2,0.5,0.127273,0,0.166667,1
0,1157,-0.516072,0.567917,-0.0213001,0.125,0.333333,0.15,0,0,0.1
0,1157,1.97369,-0.921112,0.434173,1,0.111111,0.0887097,0,0,0.2
0,1157,-0.378661,0.377533,-0.419875,0.142857,0.2,0.188679,0,0,0.3
0,1157,-0.0989723,0.580842,1.01868,0.166667,0.5,0.138462,1,0.333333,0.4
0,1157,0.105393,1.84842,2.11237,0.25,1,0.114286,1,0.166667,0.5
0,1157,-1.59398,0.516724,-1.01167,0.1,0.25,0.0769231,0,0,0.6
0,1157,-1.07739,-0.187011,-1.74178,0.111111,0.142857,0.0676692,0,0,0.7
1,1157,1.38889,-2.01254,-0.264604,0.5,0.1,0.188679,1,0.166667,0.8
1,1157,0.207982,-0.761631,-0.0213001,0.333333,0.125,0.117647,0,0,0.9
0,1157,-0.0108786,-0.00914411,-0.0846898,0.2,0.166667,0.101852,0,0,1
0,1158,-0.402318,0.0879625,-0.765948,0.142857,0.166667,0.0408163,1,0.333333,0.1
0,1158,-0.347093,0.35325,0.271809,0.166667,0.25,0.117647,1,0.833333,0.2
0,1158,-0.250746,0.124427,0.617567,0.25,0.2,0.0515464,1,0.833333,0.3
0,1158,-0.950918,0.734081,-0.644552,0.1,0.333333,0.0430108,1,0.833333,0.4
0,1158,-0.836702,-0.120395,-1.74309,0.111111,0.142857,0.0625,1,0.833333,0.5
0,1158,0.817241,-0.746705,0.0422992,0.5,0.111111,0.0714286,1,0.333333,0.6
0,1158,-0.289658,-0.536436,-0.745761,0.2,0.125,0.0634921,1,0.833333,0.7
1,1158,2.57044,-2.31279,0.127398,1,0.1,0.189189,1,1.16667,0.8
0,1158,-0.722312,1.51186,0.750634,0.125,1,0.031746,0,0,0.9
1,1158,0.412069,0.904742,2.08964,0.333333,0.5,0.0306122,0,0,1
0,1159,1.17288,-0.993215,0.613274,0.5,0.125,0.166667,0,0,0.1
1,1159,1.39393,-1.04118,0.743422,1,0.111111,0.159091,1,0.166667,0.2
1,1159,0.710392,-1.32796,-1.10282,0.333333,0.1,0.225806,0,0,0.3
0,1159,0.387937,-0.593743,-0.718939,0.2,0.142857,0.125,1,0.166667,0.4
0,1159,0.373087,-0.308507,-0.145012,0.166667,0.2,0.125,0,0,0.5
0,1159,0.641633,-0.437316,0.465062,0.25,0.166667,0.163265,0,0,0.6
0,1159,-1.16996,1.17548,1.84137,0.142857,1,0,0,0,0.7
0,1159,-1.16996,1.17548,0.613274,0.125,0.5,0,0,0,0.8
0,1159,-1.16996,1.17548,-0.577372,0.111111,0.333333,0,0,0,0.9
0,1159,-1.16996,1.17548,-1.73226,0.1,0.25,0,0,0,1
0,1160,-0.569501,-0.467026,-1.33974,0.166667,0.125,0.0470588,0,0,0.1
0,1160,-0.605579,0.664232,-0.41419,0.111111,0.333333,0.0520833,0,0,0.2
0,1160,-0.576613,0.828023,0.839555,0.142857,0.5,0.0666667,0,0,0.3
1,1160,0.477901,-0.301451,0.839555,0.5,0.142857,0.0882353,0,0,0.4
0,1160,0.406781,-1.3632,-0.41419,0.333333,0.111111,0.0930233,1,0,0.5
1,1160,2.73913,-1.96791,0.156369,1,0.1,0.0884956,1,0,0.6
0,1160,-0.461722,0.403867,0.758009,0.2,0.25,0.0925926,0,0,0.7
0,1160,-0.602282,1.57138,0.921337,0.125,1,0.0769231,0,0,0.8
0,1160,-0.106285,0.339653,0.758009,0.25,0.2,0.122449,1,0,0.9
0,1160,-0.701826,0.292431,-2.10471,0.1,0.166667,0.035461,0,0,1
1,1161,2.47531,-2.20633,0.125706,1,0.1,0.122449,1,0,0.1
0,1161,-0.241976,-0.154641,0.300216,0.333333,0.142857,0.114754,0,0,0.2
1,1161,-0.554975,0.22754,-0.414612,0.142857,0.2,0.0701754,0,0,0.3
0,1161,-0.606152,1.55365,0.428731,0.111111,1,0.112903,0,0,0.4
0,1161,1.31591,-0.967553,0.0417377,0.5,0.111111,0.135802,0,0,0.5
0,1161,-0.310766,0.672958,0.972367,0.2,0.333333,0.0897436,0,0,0.6
0,1161,-0.250853,0.596184,0.961198,0.25,0.25,0.126984,0,0,0.7
0,1161,-0.365734,0.729827,1.00591,0.166667,0.5,0.114286,0,0,0.8
0,1161,-0.883816,-0.588793,-2.34422,0.1,0.125,0.146341,0,0,0.9
0,1161,-0.576944,0.137159,-1.07703,0.125,0.166667,0.0655738,0,0,1
0,1162,-0.529161,0.781325,0.247704,0.142857,0.333333,0.129032,0,0,0.1
0,1162,-0.323547,-1.67111,-1.11455,0.2,0.1,0.0792079,1,0.666667,0.2
0,1162,-1.37643,-1.03214,-2.19156,0.1,0.111111,0.0409357,1,0.666667,0.3
0,1162,0.309698,0.23297,0.793072,0.25,0.25,0.145161,0,0.166667,0.4
0,1162,-0.916325,1.42954,0.0344372,0.111111,0.5,0.0672269,0,0,0.5
0,1162,-0.601986,1.67751,0.611116,0.125,1,0.0740741,1,0.333333,0.6
1,1162,0.448644,-0.181764,0.802287,0.333333,0.2,0.142857,1,0.666667,0.7
1,1162,-0.447189,-0.599383,-0.888642,0.166667,0.125,0.122807,1,1,0.8
0,1162,1.47582,-0.207687,0.829961,0.5,0.166667,0.160714,1,0.5,0.9
0,1162,1.96048,-0.429266,0.876174,1,0.142857,0.192308,1,0.666667,1
0,1163,0.511855,-0.133711,0.468608,0.25,0.2,0.0757576,0,0,0.1
0,1163,0.315931,-0.265812,-0.0643107,0.2,0.166667,0.151515,1,0.166667,0.2
0,1163,-0.326402,-0.820851,-1.56969,0.125,0.111111,0.0851064,0,0,0.3
0,1163,1.5383,-0.630691,0.816621,1,0.142857,0.1,1,0.166667,0.4
1,1163,0.556539,0.250153,1.29746,0.333333,0.333333,0.034188,1,0.166667,0.5
0,1163,-0.0628919,-1.25251,-1.55568,0.142857,0.1,0.153846,0,0,0.6
0,1163,0.0531236,-0.733323,-0.828241,0.166667,0.125,0.0925926,0,0,0.7
1,1163,0.892625,-0.0647245,1.30647,0.5,0.25,0.0731707,1,0.166667,0.8
0,1163,-1.73954,1.82573,0.329697,0.111111,1,0,0,0,0.9
0,1163,-1.73954,1.82573,-0.200931,0.1,0.5,0,0,0,1
0,1164,0.135734,-1.51936,-0.379899,0.5,0.1,0.117647,0,0.5,0.1
1,1164,-0.671754,1.6527,0.182771,0.1,1,0.0735294,1,0,0.2
0,1164,-0.669675,1.36756,0.0606847,0.111111,0.5,0.097561,0,0,0.3
0,1164,-0.208674,-0.482982,-0.602827,0.2,0.142857,0.0857143,0,0.5,0.4
0,1164,0.11509,-0.43629,0.917735,0.333333,0.166667,0.0909091,0,0.5,0.5
0,1164,-0.407351,-0.319346,-0.121592,0.166667,0.2,0.08,0,0.166667,0.6
0,1164,-0.435209,-0.593667,-2.04718,0.142857,0.125,0.0892857,0,0,0.7
0,1164,-0.668163,0.600031,-0.558364,0.125,0.25,0.1,0,0.166667,0.8
1,1164,2.86706,-1.08714,0.623355,1,0.111111,0.21875,1,0.5,0.9
0,1164,-0.0570581,0.8185,1.92532,0.25,0.333333,0.109091,0,0,1
0,1165,-0.376262,0.451933,-0.766194,0.111111,0.25,0.0666667,0,0,0.1
0,1165,-0.358631,1.27117,0.389362,0.125,0.5,0.0493827,0,0.333333,0.2
0,1165,-0.286394,-1.3539,-0.700168,0.333333,0.1,0.0597015,0,0,0.3
0,1165,-0.306542,1.20232,1.45781,0.25,0.333333,0.108108,0,0.333333,0.4
1,1165,2.99838,-0.624331,1.16907,1,0.142857,0.0714286,1,0,0.5
0,1165,-0.348914,-0.48459,-0.467659,0.166667,0.166667,0.056338,0,0,0.6
0,1165,-0.309301,-1.02241,-1.15352,0.2,0.111111,0.097561,0,0.333333,0.7
0,1165,-0.349842,1.59624,1.16907,0.142857,1,0.0701754,0,0.166667,0.8
1,1165,-0.284814,-0.788625,0.389362,0.5,0.125,0.0909091,1,0,0.9
0,1165,-0.377676,-0.247813,-1.48712,0.1,0.2,0.0454545,0,0.5,1
1,1166,0.108197,1.06689,2.39328,0.333333,1,0.0873786,1,0,0.1
0,1166,-0.385901,0.878376,0.983061,0.166667,0.5,0.166667,0,0,0.2
0,1166,-0.191717,0.194082,0.25169,0.2,0.2,0.193548,0,0.333333,0.3
0,1166,-0.976157,0.621404,-0.62155,0.1,0.333333,0.121212,0,0,0.4
0,1166,1.02686,-0.446307,0.0407897,0.5,0.111111,0.275862,0,0,0.5
0,1166,-0.445724,-0.0193507,-1.06208,0.142857,0.142857,0.215686,0,0.333333,0.6
0,1166,-0.741518,0.14314,-1.05257,0.125,0.166667,0.178571,0,0,0.7
0,1166,-0.184387,-0.0437405,-0.375309,0.25,0.125,0.146341,1,0.5,0.8
0,1166,-0.749529,0.315641,-0.680162,0.111111,0.25,0.127907,1,0.166667,0.9
1,1166,2.53988,-2.71013,0.122851,1,0.1,0.62069,0,0,1
0,1167,-0.417486,0.720604,1.49768,0.2,0.5,0.09375,0,0,0.1
0,1167,1.00406,-0.49125,0.046404,0.5,0.111111,0.188679,0,0,0.2
1,1167,0.0666041,-0.00101606,-0.426967,0.25,0.125,0.156863,1,0.666667,0.3
0,1167,0.174345,0.343563,0.701768,0.333333,0.166667,0.1,1,0.666667,0.4
0,1167,-0.811381,0.473747,-0.773779,0.111111,0.25,0.0588235,1,0,0.5
0,1167,-0.556155,0.753354,1.18064,0.142857,1,0.0833333,0,0,0.6
0,1167,-0.725436,0.527126,-0.0233846,0.125,0.333333,0.0641026,1,0.666667,0.7
0,1167,-0.452953,0.397591,-0.092978,0.166667,0.2,0.0909091,1,0.666667,0.8
0,1167,-0.815197,0.0845363,-2.24914,0.1,0.142857,0.0655738,1,0.666667,0.9
1,1167,2.5336,-2.80826,0.139761,1,0.1,0.304348,1,0,1
1,1168,0.564722,-1.47942,-0.380588,0.333333,0.111111,0.0714286,1,0,0.1
0,1168,0.971324,0.0811645,1.14976,0.5,0.166667,0.0927835,1,0.166667,0.2
1,1168,2.47902,-1.88138,0.143684,1,0.1,0.113043,1,0.166667,0.3
0,1168,-0.605741,0.920167,0.771444,0.142857,0.5,0.0779221,0,0,0.4
0,1168,-0.767432,1.42974,0.490044,0.111111,1,0.0684932,0,0,0.5
0,1168,-0.481165,0.833219,1.11142,0.2,0.333333,0.0909091,0,0,0.6
0,1168,-0.495811,-0.321437,-0.863863,0.166667,0.142857,0.0674157,0,0,0.7
0,1168,-0.819816,0.649394,-1.14186,0.1,0.25,0.0645161,0,0,0.8
0,1168,-0.677186,-0.368883,-1.97656,0.125,0.125,0.09375,0,0,0.9
0,1168,-0.167912,0.137435,0.696514,0.25,0.2,0.0842105,0,0,1
0,1169,-0.76912,-0.600596,-0.627686,0.142857,0.166667,0.102564,0,0,0.1
1,1169,1.68985,-1.03831,0.356068,1,0.111111,0.1,1,0,0.2
0,1169,-0.877346,-0.811219,-1.16937,0.125,0.142857,0.0701754,1,0.666667,0.3
1,1169,-1.35229,1.77408,0.104401,0.1,1,0.0526316,0,0,0.4
0,1169,1.33868,0.856673,1.71244,0.5,0.333333,0.0540541,0,0,0.5
0,1169,-0.105431,1.07754,0.835421,0.166667,0.5,0.0784314,0,0.666667,0.6
0,1169,-1.00804,-0.879804,-1.69524,0.111111,0.125,0.0701754,0,0.666667,0.7
0,1169,1.06432,0.27934,0.807565,0.333333,0.2,0.12,0,0,0.8
0,1169,-0.0232609,0.617829,0.50609,0.2,0.25,0.0588235,0,0.666667,0.9
0,1169,0.0426444,-1.27553,-0.829679,0.25,0.1,0.131579,0,0.666667,1
0,1170,0.468607,0.648924,1.45476,0.25,0.5,0.0413223,0,0,0.1
0,1170,0.850923,-0.824488,0.0357396,0.5,0.111111,0.230769,1,0.833333,0.2
0,1170,1.57667,0.504146,1.78613,1,0.25,0.0909091,0,0,0.3
0,1170,-1.60161,0.396321,-1.18936,0.111111,0.166667,0.0531915,1,0.833333,0.4
0,1170,-0.335922,0.591766,-0.0180104,0.125,0.333333,0.0821918,0,0,0.5
0,1170,0.268673,-0.187885,-0.63011,0.2,0.125,0.105263,0,0,0.6
1,1170,-0.312696,1.04916,0.909309,0.142857,1,0.107143,1,0.833333,0.7
1,1170,0.710946,-2.60129,-0.544596,0.333333,0.1,0.16129,1,0.833333,0.8
0,1170,-1.78639,0.481235,-1.1567,0.1,0.2,0.0549451,1,0.833333,0.9
0,1170,0.160789,-0.0578921,-0.647167,0.166667,0.142857,0.0983607,1,0.833333,1
0,1171,0.832475,2.79353,1.59168,0.5,1,0.139241,0,0,0.1
0,1171,-0.499489,0.0185163,0.151187,0.166667,0.25,0.171875,0,0,0.2
1,1171,2.7339,0.216119,1.38046,1,0.333333,0.211538,0,0,0.3
0,1171,-0.440006,-0.287841,0.145177,0.2,0.2,0.277778,0,0.333333,0.4
0,1171,-0.591473,-0.660416,-1.32648,0.111111,0.111111,0.209302,0,0,0.5
0,1171,-0.502994,-0.932853,-1.14036,0.142857,0.1,0.27027,0,0,0.6
0,1171,-0.662155,-0.360427,-0.953786,0.1,0.166667,0.272727,0,0.333333,0.7
0,1171,-0.514526,-0.52483,-0.793705,0.125,0.142857,0.238095,0,0.333333,0.8
1,1171,-0.0768867,-0.5311,-0.0118565,0.333333,0.125,0.181818,1,0,0.9
0,1171,-0.278843,0.269306,0.957683,0.25,0.5,0.16,0,0,1
0,1172,-0.647352,0.470747,-0.343472,0.125,0.25,0.12987,1,0.5,0.1
0,1172,-0.150201,-1.58381,-1.20815,0.2,0.1,0.3,1,0.5,0.2
0,1172,-0.120545,-1.2545,-0.622463,0.25,0.111111,0.285714,1,0.5,0.3
1,1172,2.87642,0.663125,2.19025,1,0.333333,0.119048,1,0,0.4
0,1172,-0.70675,1.63879,0.38345,0.111111,1,0.09,0,0,0.5
0,1172,-0.226599,-0.631773,-0.675957,0.166667,0.142857,0.128571,1,0,0.6
0,1172,0.160433,0.112297,0.899667,0.5,0.166667,0.181818,1,0,0.7
0,1172,-0.723509,0.466479,-1.20815,0.1,0.2,0.111111,0,0,0.8
1,1172,-0.0530236,-0.92414,-0.0188117,0.333333,0.125,0.3125,1,0.5,0.9
0,1172,-0.408875,1.04279,0.603641,0.142857,0.5,0.102273,0,0,1
0,1173,2.54769,-0.910907,0.572481,1,0.125,0.125,0,0.5,0.1
0,1173,-1.07988,-1.00716,-2.05301,0.1,0.111111,0.0869565,0,0.333333,0.2
0,1173,-0.369255,0.824439,0.751567,0.2,0.333333,0.0925926,0,0.333333,0.3
0,1173,-0.438387,0.626093,-0.537932,0.111111,0.25,0.0925926,0,0.666667,0.4
0,1173,-0.377978,-0.434311,-0.584161,0.166667,0.142857,0.0833333,0,0.5,0.5
0,1173,-0.425814,1.51123,0.572481,0.125,1,0.0877193,0,0.5,0.6
0,1173,-0.397795,0.245644,-0.320464,0.142857,0.2,0.0847458,0,0.833333,0.7
0,1173,-0.367491,-0.116183,0.207299,0.25,0.166667,0.0961538,0,0.333333,0.8
1,1173,1.15591,1.09088,1.88332,0.5,0.5,0.0416667,1,0,0.9
1,1173,-0.246999,-1.82973,-0.491577,0.333333,0.1,0.1,1,0,1
0,1174,-0.501867,-0.162259,-0.295582,0.125,0.25,0.333333,0,0,0.1
0,1174,-0.490556,-0.662567,-1.08372,0.142857,0.125,0.326087,0,0.333333,0.2
0,1174,-0.3748,0.47577,0.485822,0.166667,0.333333,0.225352,0,0,0.3
1,1174,2.85269,2.44691,2.47114,1,1,0.186441,0,0,0.4
0,1174,-0.835053,0.886547,-0.201108,0.1,0.5,0.179487,1,0.166667,0.5
0,1174,-0.604197,-0.424337,-1.32381,0.111111,0.142857,0.205128,0,0.333333,0.6
1,1174,0.267742,-1.14723,-0.201108,0.5,0.1,0.361702,0,0,0.7
0,1174,-0.128526,-0.965929,-0.535674,0.25,0.111111,0.421053,0,0.333333,0.8
0,1174,0.0825101,-0.277808,0.485822,0.333333,0.166667,0.236842,0,0,0.9
0,1174,-0.267942,-0.169104,0.198223,0.2,0.2,0.182927,1,0.166667,1
0,1175,-0.674141,0.215358,-0.720981,0.111111,0.2,0.107143,1,0.166667,0.1
1,1175,2.79506,1.85762,2.20919,1,1,0.0808081,1,0,0.2
0,1175,-0.431188,-1.22976,-0.955736,0.166667,0.111111,0.159091,0,0.333333,0.3
0,1175,-0.643935,-0.686691,-1.18989,0.125,0.125,0.130435,1,0.166667,0.4
0,1175,0.235317,-1.6665,-0.437623,0.333333,0.1,0.133333,0,0,0.5
0,1175,0.353192,-0.183426,0.692157,0.5,0.166667,0.133333,0,0.333333,0.6
0,1175,-0.67505,0.413735,-0.687399,0.1,0.25,0.084507,0,0,0.7
0,1175,-0.383295,-0.383411,-0.285291,0.2,0.142857,0.122807,0,0,0.8
1,1175,0.0153488,0.772128,0.911169,0.25,0.333333,0.131148,0,0.333333,0.9
0,1175,-0.591307,0.89094,0.46441,0.142857,0.5,0.0921053,0,0,1
0,1176,-0.745852,-0.787683,-1.82244,0.142857,0.111111,0.214286,0,0,0.1
1,1176,0.347987,-2.59686,-0.673892,0.333333,0.1,0.290323,0,0,0.2
1,1176,1.43351,0.0438148,1.06585,0.5,0.166667,0.135135,1,0,0.3
0,1176,-1.27885,0.823675,-0.276856,0.1,0.5,0.0842105,0,0,0.4
0,1176,-0.45436,0.889624,1.4759,0.166667,1,0.0978261,0,0,0.5
0,1176,0.301658,0.0224004,-0.0665237,0.25,0.142857,0.0866142,1,0,0.6
0,1176,-0.805661,0.0952291,-0.779709,0.125,0.2,0.166667,0,0,0.7
0,1176,0.260906,0.802117,1.03031,0.2,0.333333,0.121951,0,0,0.8
0,1176,-0.974514,0.714907,-0.73744,0.111111,0.25,0.102273,0,0,0.9
0,1176,1.91518,-0.00722948,0.784803,1,0.125,0.169492,1,0,1
0,1177,-1.08596,0.335693,-0.717023,0.125,0.2,0.0641026,0,0,0.1
1,1177,-0.777989,-0.851938,-1.67592,0.142857,0.111111,0.0724638,1,0,0.2
0,1177,-1.21984,0.477498,-0.619713,0.1,0.333333,0.0543478,0,0,0.3
0,1177,-0.324607,0.972603,0.980156,0.166667,0.5,0.0674157,0,0,0.4
0,1177,0.171337,-0.784832,-0.717023,0.2,0.125,0.0566038,0,0,0.5
0,1177,0.548129,-1.99438,-0.973419,0.25,0.1,0.0759494,0,0,0.6
0,1177,1.60469,-0.266893,1.03473,1,0.142857,0.0625,0,0,0.7
0,1177,0.787152,0.472183,1.2903,0.333333,0.25,0.0666667,1,0.333333,0.8
1,1177,1.38416,-0.116698,0.980156,0.5,0.166667,0.0465116,0,0.166667,0.9
0,1177,-1.08706,1.75677,0.417756,0.111111,1,0.0666667,1,0.166667,1
0,1178,-0.377444,0.583312,0.249618,0.166667,0.25,0.08,1,0.333333,0.1
0,1178,-0.312324,0.662174,0.904993,0.2,0.333333,0.0487805,0,0.166667,0.2
0,1178,-0.461031,0.817006,0.329169,0.125,0.5,0.0357143,0,0.166667,0.3
1,1178,-0.256538,0.848099,1.94137,0.25,1,0.0697674,1,0.333333,0.4
0,1178,-0.52509,0.238802,-1.57475,0.1,0.166667,0.0380952,1,0.333333,0.5
1,1178,2.96884,-2.64385,0.116996,1,0.1,0.111111,1,0.333333,0.6
0,1178,-0.385689,0.0192672,-1.31045,0.142857,0.125,0.047619,0,0,0.7
0,1178,-0.47768,0.275115,-0.975197,0.111111,0.2,0.103448,1,0.333333,0.8
0,1178,-0.0897566,0.0424877,0.279414,0.333333,0.142857,0.038961,1,0.333333,0.9
0,1178,-0.0832841,-0.84241,0.0388457,0.5,0.111111,0.0228571,0,0,1
0,1179,-0.0448488,-0.60562,-1.06472,0.2,0.125,0.0759494,0,0.5,0.1
1,1179,0.0741878,0.0217124,0.881697,0.25,0.2,0.0526316,1,0,0.2
0,1179,-0.0734613,0.542728,0.913284,0.166667,0.333333,0.0631579,0,0,0.3
0,1179,1.48727,0.00646777,2.01539,1,0.166667,0.0816327,0,0,0.4
0,1179,-1.42437,1.22364,0.0603904,0.111111,0.5,0.0510204,0,0.166667,0.5
0,1179,-0.209164,-0.306227,-1.57244,0.142857,0.142857,0.12766,0,0.5,0.6
0,1179,0.992357,-0.949523,-0.481776,0.333333,0.111111,0.0958904,0,0.5,0.7
0,1179,-0.448494,0.305557,-0.555656,0.125,0.25,0.0588235,0,0,0.8
0,1179,-1.66907,1.71416,0.181885,0.1,1,0.0403226,0,0.166667,0.9
1,1179,1.3156,-1.95289,-0.378057,0.5,0.1,0.212121,1,0.5,1
0,1180,0.307258,1.11948,1.688,0.333333,1,0.0857143,1,0,0.1
0,1180,-0.142968,0.195122,-0.285789,0.2,0.142857,0.179487,0,0,0.2
1,1180,-1.04392,0.48497,-0.438386,0.1,0.333333,0.047619,1,0.666667,0.3
0,1180,-0.114964,0.747982,1.17104,0.25,0.5,0.0693069,0,0,0.4
0,1180,-0.732174,-0.0506348,-1.40698,0.111111,0.125,0.0729167,1,0.666667,0.5
0,1180,-0.701845,-0.843678,-1.40698,0.125,0.111111,0.181818,0,0,0.6
0,1180,0.965601,0.358379,1.17104,0.5,0.25,0.119403,0,0,0.7
0,1180,-0.601427,0.331655,-0.285789,0.142857,0.2,0.0810811,1,0.666667,0.8
0,1180,-0.438915,0.280218,-0.292808,0.166667,0.166667,0.0786517,1,0.666667,0.9
1,1180,2.50335,-2.62349,0.0866484,1,0.1,0.333333,1,0.666667,1
0,1181,0.731657,-0.40718,0.884088,0.5,0.166667,0.181818,1,0.833333,0.1
0,1181,0.0644853,0.915446,0.854609,0.2,0.333333,0.186047,1,0.666667,0.2
0,1181,-0.695619,-0.42892,-1.2375,0.125,0.142857,0.125,0,0,0.3
1,1181,2.34577,-1.90636,0.110483,1,0.1,0.323529,1,0.833333,0.4
0,1181,0.406221,-0.250649,0.854609,0.333333,0.2,0.123457,0,0,0.5
0,1181,-0.651053,0.92167,0.593188,0.142857,0.5,0.0860215,0,0,0.6
0,1181,-0.933875,-0.472425,-1.794,0.111111,0.125,0.0833333,1,0,0.7
0,1181,-1.34497,0.515815,-0.878011,0.1,0.25,0.125,1,0.666667,0.8
1,1181,-0.27835,1.81278,1.22421,0.166667,1,0.119403,1,0.333333,0.9
0,1181,0.355731,-0.700183,-0.611684,0.25,0.111111,0.166667,1,0.666667,1
0,1182,-0.862842,-0.895437,-1.40153,0.1,0.125,0.0707071,0,0,0.1
0,1182,0.219467,-1.61178,-0.38024,0.333333,0.1,0.0747664,1,0.666667,0.2
0,1182,-0.513469,-0.551749,-0.64974,0.142857,0.142857,0.0677966,1,0.666667,0.3
1,1182,2.22622,0.766708,1.46411,1,0.333333,0.122449,1,0,0.4
0,1182,-0.41093,1.37043,0.805371,0.2,0.5,0.0816327,0,0,0.5
0,1182,-0.83464,0.174876,-0.626443,0.111111,0.2,0.076087,0,0,0.6
0,1182,-0.607242,0.0216223,-0.643919,0.125,0.166667,0.127273,1,0.666667,0.7
1,1182,1.55924,1.49579,1.68814,0.5,1,0.160714,0,0,0.8
0,1182,-0.284788,0.410006,0.574668,0.25,0.25,0.0879121,1,0.666667,0.9
0,1182,-0.491012,-1.18046,-0.830416,0.166667,0.111111,0.0636364,1,0.666667,1
1,1183,-0.589862,0.11501,-0.242407,0.125,0.25,0.120482,0,0.333333,0.1
0,1183,0.557558,-0.177242,0.850296,0.5,0.2,0.234043,1,0.166667,0.2
0,1183,-0.154724,-0.658307,-0.464487,0.2,0.125,0.161765,0,0,0.3
0,1183,-0.903917,1.86196,0.270622,0.111111,1,0.108434,0,0,0.4
0,1183,-0.978135,-1.49922,-1.86789,0.1,0.1,0.191489,1,0.166667,0.5
0,1183,0.0219842,-0.24252,0.398423,0.333333,0.166667,0.171875,0,0,0.6
1,1183,2.71581,1.37932,1.78231,1,0.5,0.148148,1,0,0.7
0,1183,-0.332013,-1.12513,-1.08566,0.142857,0.111111,0.238095,0,0.333333,0.8
0,1183,-0.154067,0.683077,0.835854,0.25,0.333333,0.155172,0,0,0.9
0,1183,-0.182636,-0.336949,-0.477061,0.166667,0.142857,0.192982,0,0.333333,1
0,1184,-0.664851,-0.188348,-0.8944,0.142857,0.142857,0.0744681,0,0.5,0.1
0,1184,0.289785,-0.177454,-0.0688256,0.2,0.166667,0.185185,0,0.333333,0.2
0,1184,-1.0527,0.586739,-0.274033,0.111111,0.333333,0.0983607,0,0.5,0.3
0,1184,-0.666978,-0.176452,-0.605609,0.125,0.2,0.135593,0,0.333333,0.4
0,1184,-0.210513,-1.07374,-0.886388,0.166667,0.125,0.142857,0,0.5,0.5
0,1184,0.406586,-1.44882,-0.52342,0.333333,0.1,0.141026,0,0.5,0.6
0,1184,-1.40411,1.71277,0.103456,0.1,1,0.0983607,0,0.333333,0.7
1,1184,0.645206,0.408607,1.39819,0.5,0.25,0.125,1,0.166667,0.8
0,1184,0.382162,-1.07493,-0.572778,0.25,0.111111,0.15625,1,0.166667,0.9
1,1184,2.27541,1.43164,2.32381,1,0.5,0.1,0,0,1
0,1185,-0.758744,-1.71392,-1.39441,0.125,0.1,0.194444,1,0.333333,0.1
0,1185,-0.854133,0.126605,-0.413983,0.111111,0.25,0.121212,1,0.333333,0.2
0,1185,-0.882813,0.0234783,-0.803509,0.1,0.2,0.0930233,0,0,0.3
0,1185,-0.739396,-0.349959,-0.646439,0.142857,0.142857,0.195122,0,0,0.4
1,1185,0.740769,0.487707,1.44937,0.5,0.5,0.183099,0,0,0.5
0,1185,-0.332766,-0.0650622,-0.252681,0.166667,0.166667,0.113636,1,0.166667,0.6
0,1185,0.687817,-0.405978,-0.0125111,0.333333,0.125,0.2,1,0,0.7
0,1185,-0.230995,-0.760257,-0.623261,0.2,0.111111,0.171875,1,0.333333,0.8
0,1185,-0.113659,0.231488,0.787671,0.25,0.333333,0.103774,0,0.166667,0.9
1,1185,2.48392,2.42589,1.90976,1,1,0.181818,1,0,1
1,1186,-0.483233,-1.07148,-1.85971,0.125,0.125,0.136364,1,0.5,0.1
0,1186,0.590005,0.505014,1.04572,0.333333,0.2,0.047619,0,0,0.2
0,1186,-1.87693,0.726424,-0.683973,0.1,0.333333,0.0566038,0,0,0.3
0,1186,1.98352,-1.35836,0.461074,1,0.111111,0.0649351,1,0.333333,0.4
0,1186,-1.03794,0.849192,0.0448863,0.111111,0.5,0.0625,1,0.5,0.5
1,1186,0.0281217,1.49219,1.49798,0.166667,1,0.130435,0,0,0.6
0,1186,0.403553,0.561836,1.03371,0.25,0.25,0.0757576,0,0,0.7
0,1186,0.700668,-1.58435,-0.280998,0.5,0.1,0.0888889,1,0.333333,0.8
0,1186,-0.455449,-0.530994,-1.16875,0.142857,0.142857,0.111111,0,0,0.9
0,1186,0.147681,0.410522,-0.0899371,0.2,0.166667,0.0506329,0,0,1
1,1187,-0.82617,-0.572005,-1.98109,0.1,0.142857,0.108696,0,0,0.1
1,1187,2.61851,-0.483906,1.36406,1,0.166667,0.170732,1,0,0.2
0,1187,-0.308884,-1.02777,-1.02611,0.2,0.111111,0.114754,1,0.333333,0.3
0,1187,-0.600944,1.82822,1.03993,0.142857,1,0.0697674,0,0,0.4
0,1187,-0.644816,1.41579,0.346353,0.125,0.5,0.108696,0,0,0.5
0,1187,-0.318019,0.952229,0.618132,0.166667,0.333333,0.112903,0,0,0.6
0,1187,-0.0484455,-0.194606,0.952237,0.333333,0.2,0.101695,0,0,0.7
0,1187,0.964094,-1.25896,-0.255878,0.5,0.1,0.142857,1,0.333333,0.8
0,1187,-0.0962165,-0.70947,-0.376081,0.25,0.125,0.0666667,1,0.333333,0.9
0,1187,-0.739112,0.050479,-0.681561,0.111111,0.25,0.0746269,0,0,1
0,1188,-0.332673,0.212963,0.699038,0.25,0.2,0.0659341,1,0.166667,0.1
0,1188,-0.518665,-0.470215,-1.6152,0.142857,0.125,0.0897436,0,0,0.2
1,1188,-0.335658,1.27977,1.98924,0.2,1,0.107143,0,0,0.3
0,1188,-0.551985,1.264,0.405718,0.125,0.5,0.159091,0,0,0.4
0,1188,2.5325,-1.54867,0.491819,1,0.111111,0.111111,0,0,0.5
0,1188,-0.125309,-1.77286,-0.729582,0.333333,0.1,0.0958904,0,0,0.6
0,1188,-0.729524,0.798584,-0.729582,0.1,0.333333,0.0869565,0,0.166667,0.7
1,1188,1.23959,-0.21359,0.774239,0.5,0.142857,0.156863,1,0.166667,0.8
0,1188,-0.515857,-0.0682717,-0.487305,0.166667,0.166667,0.116667,0,0.166667,0.9
0,1188,-0.66242,0.518296,-0.798381,0.111111,0.25,0.109091,0,0,1
0,1189,-0.13354,-0.147502,0.572267,0.25,0.2,0.0729167,0,0,0.1
0,1189,-0.20052,-0.678948,-0.691057,0.2,0.125,0.0551181,0,0,0.2
0,1189,-0.481122,-0.306414,-1.0206,0.142857,0.142857,0.0603448,0,0,0.3
0,1189,-0.601148,0.639843,0.0391964,0.111111,0.5,0.0892857,0,0,0.4
0,1189,-0.704478,0.0240924,-0.938169,0.1,0.25,0.0895522,1,0,0.5
0,1189,-0.094726,-0.198057,0.592768,0.333333,0.166667,0.0707071,0,0,0.6
1,1189,2.86765,-1.04985,0.402628,1,0.111111,0.131148,0,0,0.7
0,1189,0.345809,0.272735,1.93636,0.5,0.333333,0.0689655,0,0,0.8
0,1189,-0.461036,-1.11573,-1.58897,0.166667,0.1,0.0864198,0,0,0.9
1,1189,-0.536895,2.55983,0.695572,0.125,1,0.0888889,0,0,1
0,1190,-0.400927,0.921437,1.37237,0.142857,0.5,0.103448,0,0,0.1
0,1190,-0.264565,-0.174713,-0.127661,0.25,0.142857,0.107143,0,0,0.2
0,1190,-0.190433,0.188133,1.97719,0.333333,0.2,0.0985915,0,0.166667,0.3
0,1190,-0.575139,0.618106,-0.677054,0.111111,0.333333,0.0833333,0,0.166667,0.4
0,1190,-0.388438,0.00398598,-0.863771,0.166667,0.166667,0.125,0,0,0.5
1,1190,2.87095,-2.30212,0.255609,1,0.1,0.139535,1,0,0.6
0,1190,0.463858,-0.697425,0.0848684,0.5,0.111111,0.101449,1,0,0.7
0,1190,-0.378032,-0.525025,-1.49628,0.2,0.125,0.0714286,0,0,0.8
0,1190,-0.522731,0.389926,-0.780881,0.125,0.25,0.0793651,0,0,0.9
1,1190,-0.614541,1.57769,0.255609,0.1,1,0.0810811,0,0,1
0,1191,-0.318282,-0.190706,-0.361245,0.2,0.142857,0.0897436,1,1.16667,0.1
0,1191,-0.660542,0.912025,0.0363654,0.111111,0.5,0.208333,1,1.16667,0.2
0,1191,-0.176686,0.88971,1.15375,0.25,0.333333,0.122807,0,0,0.3
1,1191,2.32356,-2.11784,0.109526,1,0.1,0.175439,1,1.16667,0.4
0,1191,0.0489054,0.356275,0.84721,0.333333,0.2,0.166667,1,1.16667,0.5
0,1191,-0.582975,1.29341,1.21361,0.166667,1,0.0923077,1,1.16667,0.6
1,1191,1.47675,-0.775369,0.308152,0.5,0.125,0.1,1,1.16667,0.7
0,1191,-0.646131,0.187767,-0.9384,0.125,0.166667,0.153846,1,1.16667,0.8
0,1191,-0.830267,-1.0728,-2.31427,0.1,0.111111,0.15625,0,0,0.9
0,1191,-0.63433,0.517526,-0.0547017,0.142857,0.25,0.107143,1,1.16667,1
0,1192,-0.87612,1.83598,0.292046,0.111111,1,0.057971,0,0,0.1
0,1192,-0.854482,-0.905094,-1.39044,0.125,0.111111,0.0526316,1,1.16667,0.2
1,1192,2.37687,0.728065,1.66815,1,0.333333,0.153846,1,1.16667,0.3
0,1192,-0.433825,-0.0319574,-0.282428,0.142857,0.2,0.0961538,1,1.16667,0.4
0,1192,0.118819,-0.877637,-0.0143275,0.333333,0.125,0.0847458,1,1.16667,0.5
0,1192,-0.399688,-0.253974,-0.514827,0.166667,0.142857,0.111111,1,1.33333,0.6
1,1192,1.24469,0.403727,1.15727,0.5,0.25,0.0776699,1,1.16667,0.7
0,1192,-0.87863,-0.1499,-1.15256,0.1,0.166667,0.0784314,1,1.33333,0.8
0,1192,-0.398978,-1.78493,-0.920162,0.2,0.1,0.104167,1,1.16667,0.9
0,1192,0.101346,1.03572,1.15727,0.25,0.5,0.0877193,0,0.333333,1
0,1193,-0.178523,-0.486242,-0.611283,0.2,0.125,0.195122,0,0,0.1
0,1193,-0.433308,0.0480428,-0.0694704,0.166667,0.2,0.102564,0,0,0.2
0,1193,-0.754892,0.377755,-0.0174723,0.125,0.333333,0.0963855,0,0,0.3
1,1193,0.838406,-1.97994,-0.528324,0.333333,0.1,0.153846,0,0,0.4
0,1193,0.00612029,-0.773094,-0.578145,0.25,0.111111,0.236842,0,0,0.5
0,1193,-0.620037,-0.188562,-0.902779,0.142857,0.142857,0.135593,0,0,0.6
0,1193,-0.805532,0.0675732,-0.578145,0.111111,0.25,0.0921053,0,0,0.7
0,1193,-1.34093,0.847363,-0.217052,0.1,0.5,0.12766,0,0,0.8
1,1193,2.01065,2.08388,2.66706,1,1,0.0941176,0,0,0.9
0,1193,1.27804,0.00322993,0.835612,0.5,0.166667,0.128571,1,0,1
0,1194,1.5497,-1.2766,0.27259,1,0.111111,0.0571429,0,0,0.1
0,1194,0.830273,0.856118,1.07273,0.333333,0.333333,0.0606061,0,0,0.2
0,1194,-1.16394,-0.821585,-1.09948,0.125,0.125,0.0645161,0,0,0.3
0,1194,-0.183115,0.412755,-0.0399177,0.142857,0.25,0.0810811,0,0.166667,0.4
0,1194,-0.026321,0.384085,-0.0531715,0.166667,0.2,0.034188,0,0,0.5
0,1194,-1.2367,0.0775049,-0.883115,0.111111,0.166667,0.0869565,1,0.5,0.6
1,1194,0.0413605,-1.94697,-0.858863,0.2,0.1,0.111111,1,0.166667,0.7
0,1194,-1.55919,-0.0695025,-1.28622,0.1,0.142857,0.0666667,1,0.166667,0.8
0,1194,0.996886,1.21153,1.79527,0.5,1,0.0666667,1,0.333333,0.9
1,1194,0.751057,1.17266,1.08018,0.25,0.5,0.0967742,1,0.333333,1
0,1195,2.04527,0.418027,2.27267,1,0.25,0.0923077,1,0.166667,0.1
0,1195,-0.794879,-0.328351,-1.17347,0.125,0.166667,0.0430108,1,0.333333,0.2
0,1195,-0.934655,0.944248,-0.692944,0.1,0.333333,0.0684932,1,0.166667,0.3
0,1195,0.085878,-1.05384,-0.758287,0.25,0.111111,0.145833,0,0,0.4
0,1195,-0.903993,1.50084,0.467121,0.111111,1,0.0446429,0,0,0.5
1,1195,1.27313,-1.63754,-0.284683,0.5,0.1,0.114286,1,0.166667,0.6
0,1195,-0.729564,1.32968,0.735358,0.142857,0.5,0.078125,1,0.333333,0.7
0,1195,0.925321,-0.382685,0.327098,0.333333,0.142857,0.0540541,1,0,0.8
1,1195,-0.555606,-0.921665,-1.17347,0.166667,0.125,0.102041,1,0.5,0.9
0,1195,-0.410901,0.131293,0.2806,0.2,0.2,0.12766,0,0,1
0,1196,-0.272792,-0.0549119,0.213431,0.25,0.166667,0.185185,0,0,0.1
1,1196,2.75773,-2.39698,0.100036,1,0.1,0.322034,0,0,0.2
0,1196,-0.555615,-0.408255,-1.12048,0.142857,0.125,0.123288,0,0,0.3
0,1196,-0.567544,-0.222342,-1.36871,0.111111,0.142857,0.134328,0,0,0.4
0,1196,-0.538025,1.17939,0.800488,0.166667,0.5,0.0978261,0,0,0.5
0,1196,-0.559628,-0.547155,-1.62436,0.125,0.111111,0.101124,0,0,0.6
0,1196,-0.670071,1.22237,0.100036,0.1,1,0.122807,0,0,0.7
1,1196,0.576734,0.831825,1.64084,0.5,0.333333,0.121212,1,0,0.8
0,1196,0.295952,-0.00257103,0.773797,0.333333,0.2,0.2,0,0,0.9
0,1196,-0.46674,0.398628,0.484928,0.2,0.25,0.114943,0,0,1
0,1197,1.38507,-0.284158,0.499984,0.5,0.142857,0.111111,1,0,0.1
1,1197,0.126315,0.353755,0.190785,0.2,0.2,0.108108,1,0.666667,0.2
0,1197,-1.42374,-1.22948,-1.96768,0.1,0.111111,0.0877193,1,0.666667,0.3
1,1197,-0.624838,1.58874,0.786668,0.142857,1,0.0416667,1,0,0.4
0,1197,1.47516,0.478438,1.54523,1,0.25,0.021978,0,0,0.5
0,1197,-0.892302,1.05462,0.262002,0.125,0.5,0.0454545,0,0,0.6
0,1197,-1.24394,-1.12157,-1.51212,0.111111,0.125,0.078125,1,0.666667,0.7
0,1197,-0.011102,0.653222,0.467592,0.166667,0.333333,0.102564,1,0.666667,0.8
0,1197,0.159123,0.152468,0.198683,0.25,0.166667,0.0588235,0,0,0.9
0,1197,1.05025,-1.64603,-0.471145,0.333333,0.1,0.125,1,0.666667,1
1,1198,1.46521,1.03161,1.48558,0.5,0.5,0.107143,0,0,0.1
0,1198,-0.105728,-0.592284,-0.0509875,0.2,0.166667,0.132075,0,0,0.2
0,1198,0.352273,-0.593709,-0.0382781,0.25,0.142857,0.105263,0,0,0.3
0,1198,0.554594,-0.0903517,0.592844,0.333333,0.2,0.121212,0,0,0.4
0,1198,-1.00128,0.205757,-0.424326,0.111111,0.25,0.0925926,1,0.666667,0.5
0,1198,-1.09037,1.01832,-0.387761,0.1,0.333333,0.0588235,1,0.666667,0.6
1,1198,1.89421,2.02966,1.95747,1,1,0.142857,1,0.166667,0.7
0,1198,-0.33847,-1.04571,-1.03159,0.166667,0.1,0.142857,1,0.5,0.8
0,1198,-0.962793,-0.933242,-1.05432,0.125,0.125,0.0694444,1,0.666667,0.9
0,1198,-0.767646,-1.03006,-1.04864,0.142857,0.111111,0.075,1,0.666667,1
0,1199,-0.318956,-0.297949,0.278526,0.333333,0.142857,0.0625,0,0,0.1
0,1199,-0.511238,0.213717,-0.0582468,0.142857,0.25,0.0759494,0,0,0.2
1,1199,2.55442,-0.734195,0.397756,1,0.111111,0.297297,0,0,0.3
0,1199,-0.554566,-0.331695,-1.60433,0.125,0.125,0.151515,0,0,0.4
0,1199,-0.457336,-0.0377016,-0.394106,0.166667,0.166667,0.0740741,0,0,0.5
0,1199,-0.40073,1.1369,1.24975,0.2,0.5,0.0636364,0,0,0.6
1,1199,1.25921,-2.32146,-0.24241,0.5,0.1,0.2,1,0,0.7
0,1199,-0.583638,0.996185,-0.308914,0.111111,0.333333,0.0649351,0,0,0.8
0,1199,-0.39089,1.23307,1.9352,0.25,1,0.0645161,0,0,0.9
0,1199,-0.59627,0.143138,-1.25323,0.1,0.2,0.0655738,0,0,1
