y,batch,x_bm25,x_dense,x_rrf,x_rank_sp,x_rank_de,x_q_overlap,x_title_seed,x_title_deg,x_slot
0,0,0.911357,-0.532211,0.196592,0.333333,0.142857,0.0615385,1,0.666667,0.1
1,0,-0.517414,-0.572283,-0.705276,0.166667,0.125,0.1,1,0,0.2
0,0,1.60125,1.49996,2.10241,1,1,0.0847458,0,0,0.3
0,0,-0.571559,0.903735,0.196592,0.142857,0.333333,0.0543478,0,0,0.4
1,0,-1.29872,-2.09036,-1.93778,0.1,0.1,0.0769231,1,0.166667,0.5
0,0,-1.1113,0.297354,-0.455745,0.111111,0.25,0.057971,0,0.5,0.6
0,0,-0.476264,-0.0182893,-0.0547628,0.2,0.166667,0.0892857,0,0,0.7
0,0,-0.669584,1.05283,0.231599,0.125,0.5,0.0869565,0,0.5,0.8
0,0,0.800585,-0.822477,-0.455745,0.25,0.111111,0.0675676,0,0,0.9
0,0,1.33165,0.281742,0.882112,0.5,0.2,0.0779221,0,0.5,1
0,1,-0.938868,-1.72871,-1.27367,0.111111,0.111111,0.0821918,1,0.333333,0.1
1,1,-0.802544,-1.87876,-1.26885,0.125,0.1,0.0666667,0,0,0.2
0,1,-0.941424,-0.533866,-1.26885,0.1,0.125,0.117647,0,0,0.3
0,1,-0.62009,-0.0434232,-0.588228,0.142857,0.142857,0.125,1,0.333333,0.4
0,1,-0.230451,0.760704,0.716742,0.25,0.333333,0.111111,0,0,0.5
0,1,2.05857,0.949013,1.73779,1,1,0.155172,1,0.666667,0.6
1,1,1.24823,0.67067,0.919559,0.5,0.25,0.137931,1,0.166667,0.7
0,1,1.00951,0.32453,0.341647,0.333333,0.166667,0.14,0,0.166667,0.8
0,1,-0.270742,0.558921,0.139397,0.2,0.2,0.0909091,0,0,0.9
0,1,-0.512196,0.920925,0.544463,0.166667,0.5,0.0538462,0,0,1
0,2,-0.607613,0.735958,0.216507,0.125,0.5,0.09375,0,0,0.1
0,2,-0.448754,0.274287,-0.25381,0.142857,0.2,0.141026,0,0,0.2
1,2,0.28027,-0.0632186,0.615779,0.5,0.166667,0.114943,1,0.333333,0.3
0,2,-0.933169,-1.44891,-1.4405,0.111111,0.111111,0.115385,0,0,0.4
0,2,-0.228363,0.567283,0.386397,0.166667,0.333333,0.120482,1,0.333333,0.5
0,2,0.0509453,0.437323,0.373033,0.2,0.25,0.11,1,0,0.6
0,2,-1.11548,-1.58725,-1.8115,0.1,0.1,0.125,1,0.333333,0.7
0,2,0.22507,-0.488816,-0.0128757,0.333333,0.125,0.0970874,1,0,0.8
1,2,2.66805,1.96369,1.96541,1,1,0.227273,0,0,0.9
0,2,0.109052,-0.390349,-0.0384332,0.25,0.142857,0.225,0,0,1
0,3,-0.740765,-0.52449,-0.906164,0.125,0.125,0.0909091,1,0.833333,0.1
0,3,0.440375,0.654579,0.503685,0.25,0.25,0.0652174,0,0,0.2
0,3,-0.801368,-1.93942,-1.55067,0.1,0.1,0.0851064,0,0,0.3
0,3,-0.693485,-0.168986,0.134955,0.2,0.2,0.102564,1,0.833333,0.4
0,3,0.442132,1.40729,1.28327,0.333333,1,0.0714286,1,1,0.5
1,3,1.73511,0.962292,1.08047,0.5,0.333333,0.2,1,0.166667,0.6
1,3,1.81877,1.25895,1.47962,1,0.5,0.205128,1,0.833333,0.7
0,3,-0.794499,-0.486677,-0.901285,0.111111,0.142857,0.157895,1,0.833333,0.8
0,3,-0.71202,-0.356662,-0.396042,0.142857,0.166667,0.114286,0,0,0.9
0,3,-0.694255,-0.806867,-0.727843,0.166667,0.111111,0.105263,1,0.833333,1
0,4,-0.380948,0.858136,0.178081,0.166667,0.25,0.137931,1,0,0.1
0,4,0.00870884,-1.23691,-0.221087,0.333333,0.111111,0.181818,0,0,0.2
0,4,-0.401631,1.28685,0.705095,0.142857,1,0.2,0,0.333333,0.3
1,4,0.808188,-1.0681,0.234834,0.5,0.125,0.205128,0,0,0.4
0,4,-0.839094,-0.864644,-1.14202,0.111111,0.142857,0.114286,0,0,0.5
0,4,-0.631971,0.630199,-0.488599,0.125,0.2,0.0535714,1,0,0.6
0,4,-0.0609153,-0.135857,0.178081,0.25,0.166667,0.258065,0,0,0.7
0,4,-0.897604,-1.3895,-1.96485,0.1,0.1,0.118421,1,0.166667,0.8
0,4,-0.261614,0.955824,0.645636,0.2,0.333333,0.128571,0,0.333333,0.9
1,4,2.65688,0.964005,1.87483,1,0.5,0.169492,1,0.5,1
0,5,-0.365982,-0.564699,-0.508754,0.166667,0.142857,0.116505,1,0.166667,0.1
0,5,-1.59262,-0.0198422,-0.909308,0.1,0.2,0.155172,0,0,0.2
1,5,1.55027,1.67187,2.16122,1,1,0.324324,1,0,0.3
0,5,-0.595596,0.0617603,-0.0422623,0.142857,0.25,0.268293,0,0.333333,0.4
1,5,1.17746,-0.614203,-0.0141585,0.333333,0.125,0.255319,0,0.333333,0.5
0,5,1.36798,-0.524678,0.677128,0.5,0.166667,0.211268,0,0,0.6
0,5,-0.697635,-1.26986,-1.57802,0.125,0.1,0.166667,1,0.166667,0.7
0,5,0.227218,0.958131,0.891384,0.25,0.333333,0.325,0,0.333333,0.8
0,5,-0.853222,1.50228,0.0280958,0.111111,0.5,0.297297,0,0.166667,0.9
0,5,-0.21787,-1.20076,-0.705327,0.2,0.111111,0.142857,0,0.166667,1
0,6,-0.101878,-0.0662094,0.153167,0.166667,0.25,0.0568182,0,0,0.1
0,6,-0.619706,0.312958,0.171451,0.142857,0.333333,0.109756,0,0,0.2
0,6,-1.26936,-1.41768,-1.51691,0.111111,0.1,0.0879121,0,0,0.3
1,6,0.969603,1.0198,1.17754,0.333333,0.5,0.25,0,0,0.4
0,6,-0.806827,-0.228509,-0.615082,0.125,0.166667,0.125,0,0,0.5
0,6,-1.32476,-0.747587,-1.51691,0.1,0.111111,0.0707071,0,0,0.6
0,6,0.18425,-0.562207,-0.219317,0.25,0.125,0.131579,0,0,0.7
1,6,1.86723,2.37374,1.83355,1,1,0.115385,0,0,0.8
0,6,1.06118,-0.503238,0.385443,0.5,0.142857,0.0656934,0,0,0.9
0,6,0.0402646,-0.181066,0.147079,0.2,0.2,0.0877193,0,0,1
0,7,0.469787,1.12827,1.29229,0.333333,0.5,0.111111,0,0,0.1
0,7,-0.681407,-0.78857,-1.07797,0.111111,0.142857,0.0526316,0,0,0.2
0,7,-0.159226,0.327458,0.381918,0.2,0.25,0.0697674,0,0.166667,0.3
0,7,1.38472,-0.912149,0.221664,0.5,0.125,0.0189873,1,0,0.4
0,7,-0.383133,-0.066835,-0.0524136,0.166667,0.2,0.0689655,0,0,0.5
1,7,-1.68151,-1.30315,-1.85465,0.1,0.1,0.047619,0,0,0.6
0,7,-0.498915,-1.03439,-1.27931,0.125,0.111111,0.0645161,0,0,0.7
1,7,-0.424728,1.92303,0.665551,0.142857,1,0.12,1,0,0.8
0,7,1.99206,-0.101307,0.872993,1,0.166667,0.135593,1,0,0.9
0,7,-0.0176467,0.827636,0.829933,0.25,0.333333,0.0909091,0,0.166667,1
1,8,1.76082,1.09841,1.54437,1,0.333333,0.0561798,1,0.166667,0.1
0,8,-0.155913,-0.811826,-0.679217,0.166667,0.125,0.05,0,0,0.2
1,8,0.269264,-0.341868,0.384292,0.25,0.2,0.0714286,1,0.333333,0.3
0,8,-1.07596,1.9489,0.467095,0.125,1,0.0434783,1,0.333333,0.4
0,8,1.40869,-0.543654,0.634365,0.5,0.166667,0.0375,1,0.166667,0.5
0,8,-0.119824,-0.805031,-0.261471,0.2,0.142857,0.0465116,0,0,0.6
0,8,-1.27167,-0.861537,-1.67508,0.1,0.111111,0.0337079,0,0,0.7
0,8,-0.321335,-0.8815,-1.27577,0.142857,0.1,0.0344828,0,0,0.8
0,8,-1.19672,-0.121604,-0.438905,0.111111,0.25,0.0447761,0,0,0.9
0,8,0.702652,1.3197,1.30032,0.333333,0.5,0.148148,1,0.333333,1
0,9,-0.408768,-0.00660702,-0.047601,0.166667,0.2,0.0608696,0,0,0.1
0,9,-0.421627,0.0937677,-0.0357357,0.142857,0.25,0.0721649,1,0,0.2
0,9,-0.256364,-0.188975,-0.047601,0.2,0.166667,0.132075,1,0.333333,0.3
0,9,0.563247,-0.824604,0.023757,0.5,0.111111,0.116667,0,0,0.4
1,9,-0.961062,-1.4272,-1.51188,0.111111,0.1,0.0888889,1,0.333333,0.5
0,9,-0.493618,-0.369101,-0.801436,0.125,0.142857,0.0769231,1,0.333333,0.6
1,9,2.60524,2.38126,1.82746,1,1,0.189189,1,0,0.7
0,9,-0.145129,0.275697,0.753728,0.25,0.333333,0.101449,0,0,0.8
0,9,0.527281,0.85561,1.17363,0.333333,0.5,0.109589,0,0,0.9
0,9,-1.0092,-0.789852,-1.33432,0.1,0.125,0.0862069,0,0,1
0,10,-0.402232,-1.09797,-1.01024,0.2,0.1,0.132353,1,1.33333,0.1
0,10,0.295703,0.32046,0.990324,0.25,0.333333,0.101562,1,1.5,0.2
0,10,-0.823248,-0.397862,-1.03876,0.111111,0.166667,0.104651,1,1.33333,0.3
0,10,-0.603612,-0.0580413,-0.062543,0.166667,0.2,0.0649351,1,1.33333,0.4
1,10,0.57899,-0.568754,-0.01573,0.333333,0.125,0.28,1,1.33333,0.5
0,10,-0.810309,-0.529674,-1.05301,0.125,0.142857,0.142857,1,1.33333,0.6
0,10,-0.797427,0.0128497,-0.0469532,0.142857,0.25,0.12,1,1.33333,0.7
0,10,1.27292,-0.712798,0.0312143,0.5,0.111111,0.204545,1,0.5,0.8
0,10,-0.876839,0.328049,-0.195408,0.1,0.5,0.0909091,1,1.5,0.9
1,10,2.16606,2.70374,2.4011,1,1,0.242424,1,1.5,1
0,11,0.6005,-1.83775,-0.573832,0.25,0.1,0.075,0,0,0.1
0,11,-0.387086,-0.156786,-0.048037,0.2,0.166667,0.0898876,1,1,0.2
0,11,-0.865435,-0.780197,-1.17249,0.111111,0.125,0.127273,1,0.833333,0.3
1,11,1.83769,1.09749,1.40667,1,0.333333,0.193548,0,0,0.4
0,11,0.934842,1.21191,1.40667,0.333333,1,0.145161,1,0.833333,0.5
0,11,-1.00672,-0.608592,-1.16202,0.1,0.142857,0.0909091,1,0.833333,0.6
0,11,-0.794138,0.795492,-0.220592,0.125,0.25,0.148936,0,0,0.7
0,11,-0.788499,0.0342296,-0.048037,0.166667,0.2,0.132075,1,0.833333,0.8
0,11,-0.793634,-0.946077,-0.987957,0.142857,0.111111,0.0886076,1,0.833333,0.9
1,11,1.26248,1.19028,1.39961,0.5,0.5,0.163636,0,0.166667,1
0,12,-0.367303,0.063694,-0.22176,0.142857,0.2,0.104478,1,0,0.1
0,12,-0.0988782,-0.68235,-0.393584,0.2,0.125,0.0652174,1,0.166667,0.2
0,12,-1.048,-1.21122,-1.2586,0.111111,0.111111,0.0491803,0,0,0.3
0,12,-0.639144,-0.498833,-0.753091,0.125,0.142857,0.048,0,0,0.4
0,12,-1.39196,-1.52224,-1.58275,0.1,0.1,0.0526316,0,0,0.5
0,12,-0.175658,0.616725,0.337604,0.166667,0.333333,0.0657895,0,0,0.6
0,12,-0.0174441,0.409457,0.514108,0.25,0.25,0.0731707,0,0,0.7
1,12,2.00723,2.07345,1.71723,1,1,0.1125,0,0,0.8
1,12,0.212754,-0.0531761,0.337604,0.333333,0.166667,0.112903,1,0.166667,0.9
0,12,1.5184,0.804495,1.30325,0.5,0.5,0.125,0,0,1
0,13,0.153388,0.937269,0.771072,0.2,0.5,0.0731707,1,0.166667,0.1
0,13,-0.72821,-0.403175,-0.984507,0.111111,0.142857,0.0704225,0,0,0.2
0,13,0.283502,0.678356,0.550194,0.25,0.25,0.0961538,0,0,0.3
1,13,-0.433301,-1.98489,-1.15796,0.142857,0.1,0.0657895,1,0,0.4
1,13,1.27539,0.911702,1.18024,0.5,0.333333,0.0961538,1,0,0.5
0,13,-0.660605,-0.908624,-1.16839,0.125,0.111111,0.121212,0,0,0.6
0,13,-0.318969,-0.309292,-0.243155,0.166667,0.166667,0.08,0,0.166667,0.7
0,13,1.76722,1.47877,1.83776,1,1,0.0588235,1,0.166667,0.8
0,13,0.554434,-0.719544,-0.0120394,0.333333,0.125,0.0147368,0,0.166667,0.9
0,13,-1.89284,0.319427,-0.773217,0.1,0.2,0.0322581,0,0,1
0,14,1.62263,0.828209,1.11323,1,0.25,0.24,0,0,0.1
0,14,-0.214424,-0.846392,-0.403355,0.166667,0.142857,0.1,0,0,0.2
0,14,0.617608,0.179289,0.518947,0.333333,0.2,0.162791,0,0.166667,0.3
0,14,1.19428,1.43666,1.50694,0.5,1,0.145833,0,0,0.4
0,14,-0.310658,-0.90776,-0.751448,0.142857,0.125,0.106383,1,0.166667,0.5
1,14,-1.82033,-1.34358,-1.5793,0.1,0.1,0.0759494,1,0,0.6
0,14,-0.75647,-0.119621,-0.574804,0.125,0.166667,0.104167,1,0,0.7
0,14,-1.07947,-1.3013,-1.25586,0.111111,0.111111,0.0641026,1,0.166667,0.8
0,14,0.165006,0.95703,0.518947,0.2,0.333333,0.111111,0,0.166667,0.9
1,14,0.581836,1.11746,0.906696,0.25,0.5,0.148936,0,0,1
0,15,-1.0114,-0.446951,-0.752931,0.111111,0.166667,0.0923077,1,1.16667,0.1
0,15,0.279591,0.301079,0.717821,0.25,0.333333,0.137931,1,1.16667,0.2
1,15,1.27454,2.60606,1.53062,0.5,1,0.170213,1,1.33333,0.3
0,15,-0.06279,0.565817,0.730223,0.2,0.5,0.0888889,1,1.16667,0.4
0,15,-1.02667,-0.967494,-1.60412,0.1,0.1,0.153846,0,0,0.5
0,15,-0.786717,-0.513921,-0.589113,0.142857,0.142857,0.0972222,1,1.16667,0.6
0,15,-0.86426,-0.91542,-1.10649,0.125,0.111111,0.0679612,1,1.16667,0.7
0,15,-0.365183,-0.622169,-0.583836,0.166667,0.125,0.0701754,1,1.16667,0.8
0,15,0.434981,-0.297292,0.527101,0.333333,0.2,0.0666667,1,1.16667,0.9
1,15,2.12791,0.290293,1.13072,1,0.25,0.148936,1,0.166667,1
0,16,-0.8014,0.0636202,-0.386693,0.111111,0.25,0.160714,1,1.33333,0.1
0,16,-0.730671,-0.870018,-1.124,0.142857,0.1,0.126582,1,1.33333,0.2
0,16,-0.464078,-0.408387,-0.236025,0.166667,0.166667,0.135802,1,1.33333,0.3
1,16,2.56997,0.548988,1.36065,1,0.333333,0.23913,1,0,0.4
1,16,0.50424,2.54271,1.56885,0.5,1,0.30303,1,1.33333,0.5
0,16,0.439964,0.010587,0.540265,0.333333,0.2,0.173913,1,1.33333,0.6
0,16,-0.741916,-0.860362,-1.13413,0.125,0.111111,0.117647,1,1.33333,0.7
0,16,-0.320355,-0.771264,-0.230366,0.2,0.142857,0.129412,1,1.33333,0.8
0,16,-0.859951,-0.812615,-1.30249,0.1,0.125,0.115385,1,1.33333,0.9
0,16,0.404201,0.556742,0.943943,0.25,0.5,0.171875,1,1.33333,1
0,17,-0.0957027,-2.15304,-1.14967,0.2,0.1,0.0352113,0,0,0.1
0,17,-1.06401,0.314548,-0.891767,0.111111,0.2,0.0491803,1,0.5,0.2
0,17,-1.55128,-0.378891,-1.99514,0.1,0.125,0.0434783,0,0,0.3
1,17,-0.618081,0.518985,0.255509,0.142857,0.333333,0.130435,1,0.5,0.4
0,17,-0.127561,1.61494,1.18548,0.166667,1,0.0677966,1,0.5,0.5
1,17,1.03544,-0.341764,0.255509,0.333333,0.142857,0.0697674,1,0,0.6
0,17,1.62914,-0.884514,0.364887,1,0.111111,0.0684932,0,0,0.7
0,17,0.636625,-0.138166,0.228262,0.25,0.166667,0.0694444,0,0,0.8
0,17,1.05504,0.351058,1.44591,0.5,0.25,0.025974,1,0.166667,0.9
0,17,-0.899613,1.09684,0.301008,0.125,0.5,0.0588235,1,0.666667,1
0,18,-0.890321,0.030403,-0.975588,0.1,0.166667,0.0843373,1,0.166667,0.1
0,18,0.305448,0.684958,1.40493,0.5,0.5,0.180556,0,0,0.2
1,18,-0.161965,-2.35242,-0.576011,0.25,0.1,0.135593,0,0,0.3
0,18,-0.0121487,0.2028,0.560659,0.333333,0.2,0.136842,0,0,0.4
0,18,-0.319427,0.654686,0.560659,0.2,0.333333,0.166667,0,0.166667,0.5
0,18,-0.478877,-0.505801,-1.17694,0.111111,0.125,0.100917,0,0.166667,0.6
0,18,-0.447497,0.478438,-0.0362,0.142857,0.25,0.135135,0,0,0.7
0,18,-0.467341,-0.2472,-0.811848,0.125,0.142857,0.108434,1,0.166667,0.8
1,18,2.86117,1.62816,1.8512,1,1,0.202899,1,0,0.9
0,18,-0.389039,-0.574024,-0.800866,0.166667,0.111111,0.104167,0,0,1
0,19,-0.63086,-0.368904,-1.03372,0.125,0.142857,0.0952381,0,0,0.1
1,19,2.62864,-1.21164,0.31476,1,0.111111,0.173913,1,0,0.2
0,19,-1.09787,-1.15404,-1.72105,0.1,0.125,0.0454545,0,0,0.3
0,19,-0.300819,0.618699,0.447378,0.2,0.25,0.0961538,1,0.5,0.4
0,19,0.403794,0.533022,0.713879,0.333333,0.2,0.115385,0,0,0.5
0,19,-0.578708,1.12515,0.495506,0.142857,0.5,0.0952381,1,0.666667,0.6
1,19,-0.360326,1.20658,1.02262,0.166667,1,0.0746269,1,0.666667,0.7
0,19,-0.00338419,-1.70786,-0.733427,0.25,0.1,0.0847458,0,0,0.8
0,19,0.58898,0.86595,1.51378,0.5,0.333333,0.0869565,1,0.666667,0.9
0,19,-0.649445,0.0930428,-1.01973,0.111111,0.166667,0.0754717,1,0.5,1
0,20,-0.233001,0.0279545,-0.253579,0.142857,0.2,0.0792079,0,0.166667,0.1
0,20,-1.36991,-0.27631,-1.03483,0.1,0.166667,0.14,0,0,0.2
0,20,-0.231071,-0.390691,-0.462239,0.166667,0.142857,0.0990099,0,0,0.3
1,20,0.754973,-1.58671,-0.388978,0.333333,0.1,0.176471,0,0,0.4
0,20,0.361694,-0.649343,-0.234876,0.25,0.125,0.183673,0,0,0.5
0,20,-1.06395,0.0859737,-0.234876,0.125,0.25,0.0985915,0,0,0.6
0,20,0.80155,1.86214,1.72693,0.5,1,0.166667,1,0,0.7
0,20,-1.07984,-0.94649,-1.43919,0.111111,0.111111,0.125,0,0,0.8
1,20,2.09125,1.53053,1.72693,1,0.5,0.178571,1,0,0.9
0,20,-0.0316924,0.342955,0.594705,0.2,0.333333,0.121622,0,0.166667,1
0,21,-0.660371,-0.186744,-0.0361242,0.142857,0.25,0.0793651,0,0.166667,0.1
0,21,-0.709077,-0.567986,-0.99499,0.125,0.125,0.121951,0,0.166667,0.2
0,21,-0.224237,-0.225735,0.148184,0.2,0.2,0.0746269,0,0.5,0.3
0,21,2.57329,1.68789,1.62466,1,0.5,0.0609756,0,0,0.4
0,21,-0.212121,-0.473804,-0.0361242,0.25,0.142857,0.0705882,0,0.5,0.5
1,21,0.375193,-0.331442,0.363182,0.333333,0.166667,0.0337079,0,0,0.6
0,21,-0.725179,0.270206,-0.191586,0.111111,0.333333,0.0746269,0,0.666667,0.7
0,21,-0.391554,-1.03001,-0.79919,0.166667,0.111111,0.0595238,1,1,0.8
1,21,0.859881,1.99511,1.62466,0.5,1,0.114286,1,0.166667,0.9
0,21,-0.88582,-1.13748,-1.70267,0.1,0.1,0.0694444,0,0.166667,1
0,22,0.236692,0.65526,1.09269,0.5,0.333333,0.134328,1,0.666667,0.1
0,22,-0.0299857,-0.177361,0.322931,0.2,0.25,0.0952381,1,0.833333,0.2
1,22,2.79173,2.10501,1.70143,1,1,0.15,1,0.833333,0.3
0,22,0.0633818,1.42275,1.09269,0.333333,0.5,0.16,1,0.666667,0.4
0,22,-0.662734,-0.947969,-1.24703,0.111111,0.111111,0.0740741,0,0,0.5
1,22,-0.474937,-0.962787,-1.07206,0.142857,0.1,0.0921053,0,0,0.6
0,22,0.0125247,-0.194631,0.322931,0.25,0.2,0.0625,1,0.333333,0.7
0,22,-0.372321,-0.67456,-0.40052,0.166667,0.142857,0.109375,0,0,0.8
0,22,-0.539145,-0.697027,-0.916409,0.125,0.125,0.054878,1,0.166667,0.9
0,22,-1.02521,-0.52869,-0.896658,0.1,0.166667,0.078125,1,0.833333,1
1,23,2.22046,-0.999426,0.297434,1,0.111111,0.0816327,1,0,0.1
0,23,0.778779,-0.944684,-0.0145918,0.333333,0.125,0.0886076,0,0,0.2
0,23,-0.324979,0.249593,0.422752,0.2,0.25,0.048,1,0.666667,0.3
0,23,-0.639386,-0.220375,-0.510507,0.125,0.2,0.116279,1,0.666667,0.4
0,23,-1.00056,-1.21861,-1.84272,0.111111,0.1,0.0465116,1,0.666667,0.5
0,23,-0.623115,-0.354402,-0.294704,0.166667,0.166667,0.135135,0,0,0.6
1,23,-1.07918,0.790039,-0.441224,0.1,0.333333,0.075,1,0.666667,0.7
0,23,0.38679,1.32875,1.17862,0.25,0.5,0.0833333,0,0.166667,0.8
0,23,-0.63577,-0.55243,-0.753947,0.142857,0.142857,0.104167,1,0.666667,0.9
0,23,0.916959,1.92155,1.95889,0.5,1,0.116667,0,0.166667,1
0,24,-0.53411,-1.51668,-1.0521,0.166667,0.1,0.136364,0,0,0.1
0,24,-1.17801,-1.07121,-1.26924,0.111111,0.125,0.105263,1,0.166667,0.2
1,24,2.23087,0.548339,1.29703,1,0.25,0.131148,1,0.166667,0.3
0,24,0.743038,0.704983,1.28211,0.5,0.333333,0.126984,0,0,0.4
0,24,0.390964,1.58885,1.29703,0.25,1,0.0987654,0,0,0.5
0,24,0.497865,-0.00964837,0.392487,0.333333,0.166667,0.12069,1,0.166667,0.6
0,24,0.343666,0.363847,0.160141,0.2,0.2,0.12,1,0.166667,0.7
0,24,-0.68612,-1.43783,-1.26924,0.125,0.111111,0.142857,0,0,0.8
1,24,-0.609291,-0.171115,-0.675761,0.142857,0.142857,0.0909091,1,0.333333,0.9
0,24,-1.19887,1.00048,-0.162471,0.1,0.5,0.0564516,0,0,1
0,25,-0.69935,0.0144914,-0.335729,0.142857,0.2,0.236842,0,0,0.1
0,25,-0.859269,0.198348,-0.563556,0.111111,0.25,0.2,0,0,0.2
0,25,1.78047,-0.416722,0.286386,0.5,0.125,0.0628931,1,0,0.3
0,25,1.98075,-0.521489,0.347162,1,0.111111,0.138462,0,0,0.4
0,25,-0.0672121,-0.155077,0.217174,0.25,0.166667,0.166667,1,0,0.5
0,25,-0.0964859,2.01237,1.40415,0.2,1,0.257143,1,0.5,0.6
0,25,0.0478092,0.660793,1.66961,0.333333,0.5,0.217391,1,0.5,0.7
1,25,-0.759233,0.541588,-0.0170314,0.125,0.333333,0.214286,1,0.5,0.8
0,25,-0.984297,-0.170488,-1.63809,0.1,0.142857,0.173077,1,0.5,0.9
1,25,-0.343173,-2.16382,-1.37008,0.166667,0.1,0.130435,0,0,1
0,26,0.565039,-0.622327,-0.0218018,0.333333,0.125,0.229167,1,1.33333,0.1
0,26,-1.18344,0.504545,-1.03551,0.1,0.25,0.269841,1,1.33333,0.2
0,26,-0.887854,1.16982,0.0432631,0.111111,0.5,0.314815,1,1.33333,0.3
1,26,-0.678142,-0.366368,-0.783403,0.142857,0.166667,0.118421,1,0,0.4
0,26,-0.0291257,-0.674991,-0.721406,0.25,0.111111,0.2625,1,1.33333,0.5
1,26,2.11105,0.931508,2.5384,1,0.333333,0.27381,1,1.33333,0.6
0,26,1.33558,-1.82251,-0.270837,0.5,0.1,0.174242,1,1.33333,0.7
0,26,-0.800093,1.67467,0.767739,0.125,1,0.315789,1,1.33333,0.8
0,26,-0.0477432,-0.184394,0.266952,0.2,0.2,0.25,1,1.33333,0.9
0,26,-0.385273,-0.609964,-0.783403,0.166667,0.142857,0.211111,1,1.33333,1
1,27,1.46298,1.74077,1.23816,0.5,0.5,0.0487805,1,0,0.1
1,27,2.44033,2.23475,1.63145,1,1,0.0769231,1,0,0.2
0,27,-0.487914,-0.49694,0.857342,0.333333,0.333333,0,0,0,0.3
0,27,-0.487914,-0.49694,0.488429,0.25,0.25,0,0,0,0.4
0,27,-0.487914,-0.49694,0.130868,0.2,0.2,0,0,0,0.5
0,27,-0.487914,-0.49694,-0.215859,0.166667,0.166667,0,0,0,0.6
0,27,-0.487914,-0.49694,-0.552235,0.142857,0.142857,0,0,0,0.7
0,27,-0.487914,-0.49694,-0.878718,0.125,0.125,0,0,0,0.8
0,27,-0.487914,-0.49694,-1.19574,0.111111,0.111111,0,0,0,0.9
0,27,-0.487914,-0.49694,-1.5037,0.1,0.1,0,0,0,1
0,28,0.386205,-0.352277,0.3755,0.333333,0.166667,0.128205,1,0.666667,0.1
0,28,-0.108713,-0.952535,-0.414031,0.25,0.111111,0.153846,1,0.166667,0.2
0,28,-0.503647,-1.59577,-1.20347,0.142857,0.1,0.2,0,0,0.3
0,28,-0.856736,-0.0783833,-0.803604,0.1,0.2,0.0909091,0,0.166667,0.4
0,28,-0.295767,0.674632,0.578461,0.2,0.333333,0.119403,1,0.666667,0.5
1,28,-0.309524,-0.596358,-0.640724,0.166667,0.125,0.0865385,1,0.833333,0.6
1,28,2.64467,1.76138,1.90998,1,1,0.185185,1,0.666667,0.7
0,28,-0.784465,-0.000274052,-0.22846,0.125,0.25,0.0857143,0,0.166667,0.8
0,28,-0.808371,-0.392855,-1.0232,0.111111,0.142857,0.0987654,1,0,0.9
0,28,0.636343,1.53244,1.44954,0.5,0.5,0.272727,1,0.666667,1
0,29,-1.23039,-1.24782,-1.29919,0.111111,0.111111,0.138889,1,0.5,0.1
1,29,2.09496,1.33107,1.55894,1,0.5,0.311111,1,0.166667,0.2
0,29,-1.07128,-1.24588,-0.954741,0.125,0.125,0.0679612,1,0.5,0.3
0,29,-1.37516,-1.46732,-1.63379,0.1,0.1,0.147059,1,0.5,0.4
0,29,-0.203652,0.0101589,-0.417273,0.142857,0.166667,0.204082,1,0.5,0.5
0,29,0.851939,0.210127,0.743732,0.5,0.2,0.142857,1,0,0.6
0,29,0.250018,-0.237483,-0.0346629,0.25,0.142857,0.321429,0,0,0.7
0,29,0.102173,0.765004,0.348491,0.166667,0.333333,0.0723684,0,0,0.8
1,29,0.447746,0.436636,0.731101,0.333333,0.25,0.307692,0,0.166667,0.9
0,29,0.133644,1.44549,0.957395,0.2,1,0.217391,1,0.333333,1
0,30,-0.480005,-0.500126,-0.431512,0.166667,0.142857,0.105263,1,0.833333,0.1
0,30,1.55185,1.18427,1.39118,0.5,0.5,0.131148,1,0.333333,0.2
0,30,-0.493768,-0.379836,-0.431512,0.142857,0.166667,0.0649351,1,0.833333,0.3
0,30,-0.942202,-0.643073,-1.33843,0.1,0.125,0.0526316,1,1,0.4
0,30,-0.697142,-0.964212,-1.16542,0.125,0.111111,0.0769231,1,0.166667,0.5
1,30,0.580095,-1.67221,-0.363121,0.333333,0.1,0.0652174,1,0.166667,0.6
0,30,-0.46197,0.820556,0.756048,0.25,0.333333,0.0659341,0,0,0.7
0,30,-0.709472,-0.16254,-0.598239,0.111111,0.2,0.0641026,1,1,0.8
0,30,-0.463064,0.575836,0.347918,0.2,0.25,0.12,1,0.833333,0.9
1,30,2.11568,1.74134,1.83309,1,1,0.157895,1,0.833333,1
0,31,0.886919,0.258999,0.930452,0.333333,0.333333,0.109375,0,0,0.1
1,31,1.52119,2.28361,1.77058,1,1,0.24,1,0.166667,0.2
0,31,0.190739,-0.78068,-0.405811,0.2,0.125,0.0701754,1,0,0.3
0,31,0.791208,1.23491,0.936909,0.25,0.5,0.12766,0,0,0.4
0,31,-1.04935,-0.517944,-0.948515,0.111111,0.142857,0.0983607,0,0,0.5
1,31,-1.68735,-1.0654,-1.63193,0.1,0.1,0.0519481,1,0,0.6
0,31,1.00054,-0.491268,0.554736,0.5,0.166667,0.0769231,0,0,0.7
0,31,-0.45563,-0.915303,-0.948515,0.142857,0.111111,0.0555556,0,0,0.8
0,31,-1.02461,-0.228295,-0.405811,0.125,0.2,0.0952381,0,0.166667,0.9
0,31,-0.173653,0.221377,0.147907,0.166667,0.25,0.0806452,0,0,1
0,32,2.61511,0.482877,1.32479,1,0.25,0.155556,0,0,0.1
0,32,-1.07959,-0.451356,-1.07461,0.1,0.166667,0.108108,0,0,0.2
0,32,0.385037,1.94993,1.55534,0.333333,1,0.097561,0,0,0.3
1,32,0.425884,0.689057,1.30955,0.5,0.333333,0.0961538,0,0,0.4
0,32,-0.97718,1.06514,0.0265084,0.111111,0.5,0.0666667,0,0,0.5
0,32,-0.153362,0.0746121,-0.0531139,0.166667,0.2,0.0366972,1,0.166667,0.6
0,32,-0.0786213,-1.55287,-0.857932,0.2,0.1,0.0571429,0,0,0.7
0,32,-0.497921,-0.618954,-0.690223,0.142857,0.142857,0.0645161,0,0,0.8
0,32,-0.658149,-0.88715,-1.2964,0.125,0.111111,0.0515464,1,0,0.9
1,32,0.018792,-0.751286,-0.243905,0.25,0.125,0.0595238,1,0.166667,1
0,33,-0.475482,0.34332,0.192391,0.142857,0.333333,0.0652174,1,0.333333,0.1
0,33,-0.370976,-0.0216811,0.165042,0.2,0.2,0.0952381,1,0.166667,0.2
0,33,1.83627,-0.160382,0.474652,1,0.125,0.0625,0,0,0.3
0,33,0.32261,-0.113051,-0.0402339,0.25,0.142857,0.0625,0,0,0.4
0,33,-0.975516,-1.81397,-1.70218,0.111111,0.1,0.0659341,0,0,0.5
0,33,-1.13062,-1.29419,-1.70218,0.1,0.111111,0.0594059,0,0,0.6
0,33,0.396426,-0.0839035,0.4045,0.333333,0.166667,0.0666667,1,0.166667,0.7
1,33,1.6941,1.82995,1.80949,0.5,1,0.0697674,1,0.333333,0.8
1,33,-0.471795,1.23089,0.644629,0.166667,0.5,0.115385,1,0.333333,0.9
0,33,-0.82502,0.0830267,-0.246104,0.125,0.25,0.08,0,0,1
1,34,2.71199,0.452167,2.54367,1,0.333333,0.102041,1,0,0.1
0,34,-0.420768,-0.54355,-1.4625,0.142857,0.125,0.0862069,0,0,0.2
0,34,-1.08253,0.521359,-0.271399,0.1,0.5,0.0612245,0,0,0.3
0,34,0.579631,-1.29886,-0.271399,0.5,0.1,0.0492958,0,0.166667,0.4
0,34,-0.142557,-1.23517,-0.722903,0.25,0.111111,0.0352113,0,0.166667,0.5
0,34,-0.329644,-0.0676597,-0.441236,0.166667,0.166667,0.0574713,1,0,0.6
0,34,-0.532,0.246296,-0.398894,0.125,0.25,0.0615385,1,0.5,0.7
1,34,-0.195342,0.0288618,0.267506,0.2,0.2,0.0606061,1,0.333333,0.8
0,34,-0.70472,2.38895,0.445323,0.111111,1,0.0930233,1,0.333333,0.9
0,34,0.115943,-0.492398,0.311834,0.333333,0.142857,0.0574713,0,0.166667,1
1,35,2.66195,1.39191,1.74252,1,1,0.159574,0,0,0.1
0,35,-0.486385,0.0158977,-0.410193,0.142857,0.166667,0.108696,1,0,0.2
0,35,0.367665,0.749928,0.91571,0.333333,0.333333,0.141026,0,0,0.3
0,35,-0.405191,0.685297,0.330729,0.2,0.25,0.133333,1,0,0.4
0,35,-0.643432,0.201037,-0.568683,0.111111,0.2,0.0894309,0,0,0.5
0,35,-0.594522,-0.821695,-0.764186,0.125,0.142857,0.140845,1,0,0.6
0,35,-0.334647,-0.948339,-0.20843,0.25,0.125,0.225806,1,0.166667,0.7
1,35,0.747581,1.37348,1.32245,0.5,0.5,0.0778443,1,0,0.8
0,35,-0.853715,-1.43389,-1.60607,0.1,0.1,0.181818,0,0,0.9
0,35,-0.4593,-1.21363,-0.753849,0.166667,0.111111,0.135802,1,0.166667,1
0,36,-0.691986,0.470698,-0.0142178,0.125,0.333333,0.133333,0,0,0.1
0,36,-0.423799,-0.0531515,-0.0565304,0.166667,0.2,0.107692,0,0,0.2
0,36,0.17772,-0.29621,0.202938,0.333333,0.142857,0.105882,0,0,0.3
0,36,0.0401859,-1.97949,-0.675292,0.25,0.1,0.0517241,0,0,0.4
0,36,-0.108279,-0.188428,-0.0565304,0.2,0.166667,0.0620155,0,0,0.5
1,36,1.43379,0.311769,1.14841,0.5,0.25,0.115942,0,0,0.6
0,36,-1.10412,0.854599,-0.176623,0.1,0.5,0.121212,0,0,0.7
0,36,-0.959861,-0.798812,-1.59065,0.111111,0.111111,0.0641026,0,0,0.8
0,36,-0.55325,-0.356063,-0.951777,0.142857,0.125,0.0740741,0,0,0.9
1,36,2.1896,2.03509,2.17028,1,1,0.23913,1,0,1
1,37,1.41444,1.38748,1.80053,0.5,1,0.16,1,1.5,0.1
0,37,-0.656848,-0.206219,-0.481938,0.166667,0.142857,0.106383,1,1.33333,0.2
0,37,-0.137079,0.749175,0.8444,0.25,0.333333,0.230769,1,1.5,0.3
0,37,-0.663362,-0.783361,-1.09676,0.142857,0.111111,0.078125,1,1.33333,0.4
0,37,-0.31696,1.17394,0.858989,0.2,0.5,0.0943396,1,1.33333,0.5
0,37,-0.678552,0.13836,-0.668149,0.111111,0.2,0.0793651,1,1.5,0.6
0,37,-0.680917,-0.557365,-1.49484,0.1,0.125,0.0757576,1,1.33333,0.7
0,37,-0.664084,0.127953,-0.686788,0.125,0.166667,0.0735294,1,1.33333,0.8
0,37,0.00776367,0.224532,0.8444,0.333333,0.25,0.125,1,1.33333,0.9
1,37,2.3756,-2.25449,0.0801592,1,0.1,0.101266,1,0.5,1
0,38,-0.727029,0.79912,0.589009,0.142857,0.333333,0.0618557,1,0.833333,0.1
0,38,-1.36861,1.11249,-0.512633,0.1,0.5,0.0694444,1,0.833333,0.2
1,38,0.885986,-0.303152,0.589009,0.333333,0.142857,0.137931,1,0.833333,0.3
1,38,0.71468,0.1467,0.526198,0.25,0.166667,0.133333,1,1.16667,0.4
0,38,1.27567,-1.90737,0.24663,1,0.1,0.0724638,0,0,0.5
0,38,-1.16372,1.15865,1.45316,0.125,1,0.0925926,1,0.833333,0.6
0,38,-1.31589,0.414191,-2.05573,0.111111,0.2,0.08,0,0,0.7
0,38,-0.0527613,0.708614,0.526198,0.166667,0.25,0.0530303,1,0.833333,0.8
0,38,0.713846,-0.853326,-1.44373,0.2,0.125,0.1875,1,0.333333,0.9
0,38,1.03783,-1.27591,0.0818874,0.5,0.111111,0.162791,1,0.333333,1
0,39,0.354521,0.468003,1.03403,0.333333,0.333333,0.138462,0,0,0.1
0,39,-0.256092,-0.471904,-0.254103,0.2,0.142857,0.103896,0,0,0.2
0,39,-0.589678,0.598589,0.41364,0.142857,0.5,0.0833333,0,0,0.3
0,39,-0.799305,0.0179716,-0.642162,0.111111,0.2,0.0921053,0,0,0.4
0,39,-0.448984,0.264145,0.164372,0.166667,0.25,0.106667,0,0,0.5
0,39,0.21441,-1.63934,-0.612252,0.25,0.1,0.0699301,0,0,0.6
0,39,-0.713426,-0.774982,-1.25099,0.125,0.111111,0.0833333,0,0,0.7
1,39,2.54618,2.3363,1.96767,1,1,0.375,1,0,0.8
0,39,-1.02995,-0.578963,-1.4367,0.1,0.125,0.0882353,0,0,0.9
1,39,0.722322,-0.219818,0.616489,0.5,0.166667,0.135135,1,0,1
0,40,-0.44746,0.23621,-0.509406,0.142857,0.166667,0.0472973,1,0.333333,0.1
1,40,-0.90984,0.610781,-0.673336,0.1,0.25,0.181818,1,0.333333,0.2
0,40,-0.252077,0.334748,0.173585,0.2,0.2,0.0843373,1,0,0.3
0,40,0.450549,0.660676,1.38975,0.5,0.333333,0.127273,0,0,0.4
0,40,-0.810905,-0.651942,-1.3758,0.111111,0.125,0.0645161,0,0.166667,0.5
0,40,0.165449,-0.369517,0.20235,0.333333,0.142857,0.0555556,0,0,0.6
0,40,-0.291951,-1.70812,-1.14043,0.166667,0.1,0.0550459,1,0.166667,0.7
1,40,2.70631,0.897805,1.90315,1,0.5,0.189655,1,0.166667,0.8
0,40,-0.766054,1.53371,0.499221,0.125,1,0.108696,1,0.5,0.9
0,40,0.155983,-1.54436,-0.469093,0.25,0.111111,0.0823529,0,0,1
0,41,-1.03622,0.769087,-0.244774,0.125,0.25,0.111111,0,0,0.1
0,41,-0.661481,-0.325317,-0.481718,0.142857,0.166667,0.121951,1,0.166667,0.2
0,41,1.6849,0.64006,1.10526,1,0.2,0.169811,0,0,0.3
0,41,0.341645,0.949196,0.402313,0.166667,0.333333,0.137931,0,0,0.4
1,41,0.423162,0.955021,0.858597,0.2,0.5,0.155172,1,0.166667,0.5
0,41,0.559869,-0.79856,0.191351,0.333333,0.142857,0.12963,0,0,0.6
1,41,0.914813,-1.14207,0.225425,0.5,0.125,0.128205,0,0,0.7
0,41,-1.31671,-1.25729,-1.69298,0.111111,0.1,0.0740741,0,0,0.8
0,41,0.558899,1.43444,1.32951,0.25,1,0.153846,0,0,0.9
0,41,-1.46887,-1.22456,-1.69298,0.1,0.111111,0.0431655,0,0,1
0,42,-0.572693,-0.291718,-1.34136,0.111111,0.111111,0.1,1,0.166667,0.1
1,42,-0.504799,-2.59835,-1.33628,0.125,0.1,0.109091,0,0,0.2
0,42,-0.312799,0.0875867,-0.242146,0.166667,0.166667,0.2,0,0,0.3
0,42,-0.369912,0.966045,0.384727,0.142857,0.5,0.173913,0,0.166667,0.4
0,42,-0.0620658,-0.290695,-0.0119895,0.333333,0.125,0.115385,1,0,0.5
0,42,-0.0783401,0.512419,0.754831,0.25,0.333333,0.177215,0,0,0.6
0,42,-0.250689,0.11344,0.146805,0.2,0.2,0.162791,1,0.166667,0.7
0,42,-0.822613,-0.206658,-1.15316,0.1,0.142857,0.1,0,0.166667,0.8
0,42,0.0708118,0.428875,0.968426,0.5,0.25,0.211268,0,0.166667,0.9
1,42,2.9031,1.27905,1.83014,1,1,0.22619,0,0.166667,1
0,43,-0.204318,0.176067,0.551155,0.25,0.2,0.0538462,0,0,0.1
0,43,-0.881824,0.417239,-0.0190238,0.125,0.333333,0.08,1,0.333333,0.2
0,43,-0.913698,0.272839,-0.629482,0.111111,0.25,0.0365854,1,0.833333,0.3
0,43,-0.450735,-0.950937,-1.55564,0.142857,0.111111,0.0675676,1,0.833333,0.4
0,43,0.597093,-0.926112,-0.0190238,0.333333,0.125,0.0526316,0,0,0.5
1,43,1.01135,2.17852,2.55386,0.5,1,0.111111,1,0.666667,0.6
0,43,-0.348789,-0.536418,-0.384215,0.166667,0.166667,0.0472441,0,0,0.7
1,43,2.38631,-1.00698,0.113698,1,0.1,0.0821918,1,0,0.8
0,43,-0.256579,-0.771325,-0.375004,0.2,0.142857,0.057971,1,0.666667,0.9
0,43,-0.938801,1.14711,-0.236326,0.1,0.5,0.0746269,0,0.666667,1
0,44,-0.22035,0.631252,0.202482,0.166667,0.25,0.183333,0,0,0.1
0,44,-0.0187715,1.93644,1.84882,0.333333,1,0.107527,0,0,0.2
1,44,-0.0932472,-0.904537,-0.791048,0.2,0.111111,0.141026,0,0,0.3
0,44,-0.737667,-0.388973,-0.791048,0.111111,0.2,0.0381944,0,0,0.4
0,44,-0.917624,1.08607,-0.197262,0.1,0.5,0.0860215,1,0,0.5
0,44,-0.0463251,-0.658487,-0.0473986,0.25,0.142857,0.111111,0,0,0.6
0,44,-0.704808,-0.536179,-0.813116,0.125,0.166667,0.117647,0,0,0.7
0,44,-0.485627,-0.677657,-1.063,0.142857,0.125,0.0674847,0,0,0.8
1,44,2.75743,0.852249,1.84882,1,0.333333,0.136364,1,0,0.9
0,44,0.466995,-1.34017,-0.197262,0.5,0.1,0.142857,0,0,1
0,45,0.867652,1.24515,1.30684,0.333333,1,0.28125,1,0.5,0.1
0,45,0.700821,1.18273,0.706652,0.25,0.333333,0.209302,1,0.166667,0.2
0,45,0.304634,0.826322,0.325187,0.2,0.25,0.214286,1,0.5,0.3
0,45,0.00341047,-0.872711,-0.403319,0.166667,0.142857,0.151515,1,0.5,0.4
0,45,-1.32502,-0.70426,-0.741216,0.111111,0.166667,0.0784314,1,0.333333,0.5
1,45,1.05819,0.324629,0.718861,0.5,0.2,0.203704,0,0,0.6
1,45,1.38475,1.22079,1.50681,1,0.5,0.238095,1,0.5,0.7
0,45,-1.05625,-0.975324,-0.922813,0.125,0.125,0.205128,1,0.5,0.8
0,45,-0.307162,-0.985623,-0.917844,0.142857,0.111111,0.1125,1,0.333333,0.9
0,45,-1.63103,-1.26171,-1.57916,0.1,0.1,0.155556,0,0,1
0,46,-0.527592,1.54913,0.624408,0.142857,1,0.0935252,1,0.5,0.1
0,46,-0.596182,-0.16551,-1.01681,0.125,0.125,0.151163,0,0,0.2
1,46,0.867467,0.0165825,0.371146,0.333333,0.166667,0.1875,1,0.333333,0.3
0,46,-0.65559,-2.30589,-1.56182,0.111111,0.1,0.114035,0,0,0.4
0,46,-0.00354147,0.750137,0.998957,0.25,0.5,0.0903614,1,0.666667,0.5
0,46,-1.43645,-1.03653,-1.56182,0.1,0.111111,0.188679,1,0.666667,0.6
0,46,0.94733,0.381449,0.998957,0.5,0.25,0.120301,1,0.166667,0.7
0,46,-0.517157,-0.122621,-0.444399,0.166667,0.142857,0.144578,1,0.5,0.8
1,46,2.20768,0.361091,1.01963,1,0.2,0.148936,1,0.166667,0.9
0,46,-0.285963,0.572163,0.571753,0.2,0.333333,0.131868,1,0.666667,1
0,47,-0.58959,-0.343542,-0.729302,0.142857,0.142857,0.0588235,0,0,0.1
0,47,-0.480988,-0.902403,-0.493819,0.2,0.125,0.0416667,0,0,0.2
0,47,-0.473322,0.654941,0.645038,0.25,0.25,0.0714286,0,0,0.3
0,47,-0.543079,-0.0481162,-0.056121,0.166667,0.2,0.0634921,0,0.166667,0.4
0,47,-0.623317,-1.26178,-1.3698,0.125,0.111111,0.0263158,0,0,0.5
1,47,1.38023,-1.63187,-0.426802,0.333333,0.1,0.032967,1,0,0.6
0,47,-0.939754,-0.0794443,-1.13546,0.1,0.166667,0.0447761,0,0.166667,0.7
1,47,1.68161,1.10639,1.6434,1,0.333333,0.1,0,0.166667,0.8
0,47,1.46128,1.1778,1.63515,0.5,0.5,0.0285714,0,0,0.9
0,47,-0.873063,1.32803,0.287712,0.111111,1,0.0566038,0,0.166667,1
0,48,-0.682929,-1.34371,-1.50068,0.1,0.111111,0.0655738,1,1.33333,0.1
0,48,-0.675357,-0.420817,-0.795498,0.125,0.142857,0.108108,1,1.33333,0.2
0,48,-0.338946,0.641934,0.344281,0.2,0.25,0.0657895,1,1.33333,0.3
1,48,-0.448756,-1.41059,-0.95594,0.166667,0.1,0.102564,1,1.33333,0.4
0,48,-0.657018,-0.461551,-0.795498,0.142857,0.125,0.0666667,1,1.33333,0.5
0,48,2.29961,1.09486,1.59528,1,0.5,0.057377,1,1.33333,0.6
0,48,-0.314883,-0.39398,0.151528,0.25,0.166667,0.0403226,1,1.33333,0.7
1,48,1.57285,1.83533,1.59528,0.5,1,0.117647,1,0,0.8
0,48,-0.680313,0.765443,-0.188121,0.111111,0.333333,0.105263,1,1.33333,0.9
0,48,-0.0742609,-0.306915,0.549368,0.333333,0.2,0.0684932,1,1.33333,1
1,49,-0.737984,-0.0130891,-0.80411,0.111111,0.2,0.0909091,0,0.166667,0.1
0,49,-0.600947,1.14162,0.230394,0.142857,0.333333,0.172414,1,0.333333,0.2
1,49,2.55636,0.521618,1.60078,1,0.25,0.129412,0,0,0.3
0,49,-0.736684,1.29619,0.27142,0.125,0.5,0.140845,1,0.333333,0.4
0,49,0.568405,-0.984322,-0.0161414,0.333333,0.125,0.113402,0,0,0.5
0,49,0.00331563,1.55998,1.60078,0.25,1,0.1875,1,0.333333,0.6
0,49,0.753156,-1.04472,0.0320307,0.5,0.111111,0.196078,0,0.166667,0.7
0,49,-0.573322,-1.09084,-1.29848,0.166667,0.1,0.137931,0,0.333333,0.8
0,49,-0.754387,-0.916216,-1.55249,0.1,0.142857,0.138462,0,0,0.9
0,49,-0.477915,-0.470211,-0.0641788,0.2,0.166667,0.129032,0,0,1
0,50,-1.39098,-1.81159,-1.97385,0.1,0.1,0.151899,1,1.33333,0.1
0,50,-0.500588,-0.0255986,-0.276556,0.142857,0.2,0.194805,1,1.33333,0.2
1,50,1.51428,-0.88965,0.285974,1,0.111111,0.320755,1,1.5,0.3
0,50,-1.24146,0.849061,-0.222099,0.111111,0.333333,0.2,1,1.5,0.4
0,50,-0.254248,-0.821075,-0.718403,0.166667,0.125,0.217391,1,1.5,0.5
0,50,-0.0917763,-0.0643187,-0.0557821,0.2,0.166667,0.197368,1,1.5,0.6
0,50,1.0333,1.54215,1.63347,0.333333,1,0.276923,1,1.5,0.7
0,50,-0.758678,0.805356,-0.256158,0.125,0.25,0.21875,1,1.5,0.8
1,50,1.49147,1.04854,1.62528,0.5,0.5,0.34375,1,1,0.9
0,50,0.198683,-0.63287,-0.0418775,0.25,0.142857,0.204819,1,1.33333,1
0,51,-0.411859,0.274083,-0.262547,0.166667,0.166667,0.126761,0,0,0.1
0,51,0.0399342,-1.35689,-0.430146,0.25,0.111111,0.0869565,0,0,0.2
0,51,-1.00668,-0.53232,-1.06302,0.111111,0.142857,0.225806,0,0,0.3
0,51,-1.64142,0.355203,-0.83488,0.1,0.2,0.21875,0,0,0.4
1,51,1.41116,0.615956,1.27437,0.5,0.333333,0.123077,0,0,0.5
0,51,-0.559442,-1.49207,-1.44885,0.125,0.1,0.09,1,0,0.6
0,51,-0.0100034,1.36051,1.07175,0.2,1,0.147059,0,0,0.7
0,51,-0.457725,0.532356,-0.0388031,0.142857,0.25,0.145161,0,0,0.8
1,51,1.57571,1.32669,1.74514,1,0.5,0.2,1,0,0.9
0,51,1.06032,-1.08353,-0.0129996,0.333333,0.125,0.148649,0,0,1
0,52,-0.373099,0.158469,0.16145,0.166667,0.25,0.08,0,0.166667,0.1
0,52,1.74727,1.71613,1.9327,1,1,0.101266,0,0.166667,0.2
0,52,0.384752,-0.149156,0.155032,0.2,0.2,0.125,0,0,0.3
1,52,-1.7426,-1.41148,-1.78135,0.1,0.1,0.0652174,0,0.333333,0.4
0,52,-0.548283,1.46028,0.212903,0.125,0.5,0.0961538,0,0,0.5
0,52,0.708976,0.902774,1.01565,0.333333,0.333333,0.0674157,0,0.166667,0.6
0,52,-1.17388,-0.642966,-1.22875,0.111111,0.125,0.0961538,0,0,0.7
1,52,0.890819,-1.08846,0.025125,0.5,0.111111,0.157895,1,0.333333,0.8
0,52,-0.513868,-0.579129,-0.654203,0.142857,0.142857,0.111111,1,0.166667,0.9
0,52,0.619917,-0.366453,0.16145,0.25,0.166667,0.125,0,0,1
0,53,-0.569119,-0.0737476,-0.471898,0.142857,0.166667,0.0775862,0,0,0.1
0,53,1.18186,0.743289,0.82681,0.333333,0.25,0.294118,1,0.333333,0.2
0,53,0.134151,1.23334,1.08273,0.2,1,0.135802,0,0,0.3
1,53,1.53253,-0.684921,0.267694,1,0.111111,0.10989,0,0,0.4
0,53,-0.512192,-0.641628,-0.672482,0.166667,0.125,0.109756,0,0,0.5
0,53,0.304346,0.998797,1.06077,0.25,0.5,0.115789,0,0.166667,0.6
1,53,1.31361,0.817228,1.28742,0.5,0.333333,0.25,1,0.166667,0.7
0,53,-1.15927,0.134614,-0.65423,0.111111,0.2,0.21875,1,0.166667,0.8
0,53,-1.03914,-0.223354,-0.879143,0.125,0.142857,0.106667,0,0,0.9
0,53,-1.18676,-2.30362,-1.84767,0.1,0.1,0.145833,1,0.166667,1
0,54,2.09101,0.985627,1.5274,1,0.333333,0.126984,1,0.166667,0.1
0,54,-0.77362,-1.02375,-1.27311,0.111111,0.125,0.109375,0,0.166667,0.2
0,54,-0.714279,-0.119872,-0.458962,0.125,0.2,0.122807,0,0.5,0.3
1,54,0.580279,-1.2158,-0.396675,0.333333,0.1,0.105882,1,0.833333,0.4
0,54,-0.243406,1.99421,1.30099,0.25,1,0.235294,1,0.833333,0.5
0,54,-0.310389,-0.395246,-0.258597,0.2,0.142857,0.123077,1,0.166667,0.6
0,54,-1.19969,-0.0625562,-0.62308,0.1,0.25,0.0952381,0,0.5,0.7
1,54,-0.526577,-1.06399,-1.07275,0.142857,0.111111,0.108108,1,0.833333,0.8
0,54,-0.376,-0.186739,-0.264949,0.166667,0.166667,0.135593,0,0.166667,0.9
0,54,1.47267,1.08811,1.51973,0.5,0.5,0.0740741,1,0.5,1
0,55,-0.269767,0.204731,-0.0446559,0.2,0.166667,0.0990991,1,1,0.1
0,55,1.74895,0.266656,1.10102,0.5,0.333333,0.10687,0,0,0.2
0,55,-0.657498,0.256396,-0.0335248,0.142857,0.25,0.1,1,1,0.3
1,55,-0.299704,-1.96472,-0.90349,0.166667,0.1,0.131148,1,0,0.4
0,55,-0.731652,-0.0539317,-0.751851,0.125,0.142857,0.0877193,1,1,0.5
0,55,-0.266605,0.255197,0.325391,0.25,0.2,0.144928,1,1,0.6
0,55,0.0412466,0.448977,1.10102,0.333333,0.5,0.162162,1,1,0.7
0,55,-0.806763,-1.07155,-1.25653,0.111111,0.111111,0.1,1,1,0.8
0,55,-0.848166,-0.42953,-1.25177,0.1,0.125,0.173913,0,0,0.9
1,55,2.08996,2.08777,1.7144,1,1,0.266667,1,1,1
0,56,-0.848884,-0.0983996,-1.06664,0.111111,0.2,0.0784314,0,0,0.1
0,56,-0.586874,0.714881,0.642548,0.166667,0.333333,0.108696,0,0,0.2
0,56,-0.682263,1.29714,0.687059,0.142857,0.5,0.0877193,1,0.5,0.3
0,56,0.907924,-0.998441,-0.0214113,0.333333,0.125,0.0769231,0,0,0.4
0,56,1.15361,-1.29643,-0.265985,0.5,0.1,0.12,1,0.666667,0.5
0,56,-0.4757,1.84983,1.76525,0.2,1,0.138889,1,0.666667,0.6
0,56,-0.726861,0.325072,-0.390936,0.125,0.25,0.0684932,1,0.5,0.7
1,56,-0.0389399,-1.17109,-0.708482,0.25,0.111111,0.0454545,0,0,0.8
1,56,2.18455,-0.425946,1.08101,1,0.142857,0.049505,1,0,0.9
0,56,-0.886555,-0.196612,-1.72241,0.1,0.166667,0.0515464,0,0.333333,1
0,57,0.283711,-0.594733,0.191915,0.333333,0.142857,0.0444444,0,0,0.1
0,57,-0.917483,-0.839447,-1.69797,0.1,0.111111,0.0217391,0,0.333333,0.2
0,57,-0.127391,0.111839,0.846503,0.25,0.333333,0.0375,0,0.333333,0.3
0,57,1.53667,0.00189556,1.08604,0.5,0.25,0.12,1,0.166667,0.4
0,57,-0.597706,-0.656794,-0.900082,0.142857,0.125,0.0309278,0,0,0.5
1,57,-0.620724,-0.00378427,-0.470405,0.125,0.2,0.0361446,1,0.166667,0.6
0,57,-0.807397,2.51374,0.27407,0.111111,1,0.153846,1,0.333333,0.7
0,57,-0.595307,-0.349793,-0.271554,0.166667,0.166667,0.0410959,0,0,0.8
0,57,-0.351578,-1.10135,-0.863524,0.2,0.1,0.0283019,0,0.333333,0.9
1,57,2.19721,0.918416,1.80501,1,0.5,0.1,1,0.333333,1
0,58,1.92947,0.542153,1.37992,1,0.25,0.100719,0,0,0.1
0,58,-0.553856,-0.389569,-1.14399,0.125,0.125,0.222222,0,0,0.2
0,58,-1.24531,0.27508,-0.918867,0.111111,0.166667,0.0952381,1,0,0.3
1,58,-1.68485,-0.164606,-1.33829,0.1,0.142857,0.134615,0,0,0.4
0,58,-0.0730697,0.373831,-0.0553241,0.166667,0.2,0.149254,1,0.333333,0.5
0,58,0.334443,0.611983,1.11616,0.333333,0.333333,0.333333,1,0.333333,0.6
0,58,-0.0772324,0.681476,0.446494,0.142857,0.5,0.130952,1,0,0.7
0,58,1.19246,-0.503767,0.0276115,0.5,0.111111,0.255814,0,0,0.8
0,58,0.188885,1.18428,1.37992,0.25,1,0.183333,1,0,0.9
1,58,-0.0109386,-2.61086,-0.893634,0.2,0.1,0.153846,1,0.333333,1
0,59,-0.516729,0.586818,0.460413,0.2,0.25,0.0652174,0,0,0.1
0,59,-0.675231,-1.29976,-1.7712,0.125,0.1,0.0555556,0,0,0.2
1,59,0.234568,-1.18248,-0.525845,0.25,0.111111,0.0392157,1,0,0.3
0,59,-0.573029,0.868682,0.476908,0.166667,0.333333,0.0612245,0,0,0.4
0,59,0.573887,-0.504575,0.22683,0.333333,0.142857,0.0816327,0,0,0.5
0,59,2.40995,1.32036,2.1334,1,0.5,0.0714286,0,0,0.6
0,59,-0.65194,-0.140507,-0.571035,0.142857,0.166667,0.0535714,0,0,0.7
0,59,-0.684059,1.56493,0.323931,0.111111,1,0.0952381,1,0.166667,0.8
0,59,0.904785,-1.15922,0.267222,0.5,0.125,0.136364,0,0,0.9
1,59,-1.0222,-0.0542491,-1.02062,0.1,0.2,0.0277778,1,0.166667,1
0,60,-1.25856,0.553648,-0.761775,0.1,0.25,0.126437,1,0.833333,0.1
0,60,-0.469784,-2.1923,-1.29022,0.166667,0.1,0.123288,1,0.5,0.2
1,60,0.737918,0.0171315,-0.0478745,0.25,0.142857,0.141509,1,1,0.3
0,60,-0.528447,1.04113,0.809757,0.142857,1,0.131868,1,1,0.4
0,60,1.16919,-1.10768,-0.253904,0.333333,0.111111,0.161616,0,0,0.5
0,60,-0.766227,-0.856533,-1.31864,0.125,0.125,0.119565,1,0.5,0.6
0,60,-1.19209,0.522388,-0.798991,0.111111,0.2,0.104762,1,1,0.7
0,60,1.40136,0.425537,1.06215,1,0.166667,0.238095,1,0.833333,0.8
1,60,1.35375,0.559778,1.57229,0.5,0.333333,0.210526,0,0,0.9
0,60,-0.447107,1.03689,1.0272,0.2,0.5,0.122449,1,1,1
0,61,0.656177,1.45494,0.943526,0.25,0.5,0.152778,0,0,0.1
1,61,0.710785,0.456861,0.937022,0.333333,0.333333,0.215686,0,0.666667,0.2
0,61,-0.685377,-0.911977,-0.955213,0.142857,0.111111,0.16129,1,0.5,0.3
0,61,0.28207,-0.461714,-0.230264,0.2,0.142857,0.144928,0,0,0.4
0,61,-1.10032,0.302826,-0.386522,0.111111,0.25,0.0816327,0,0.5,0.5
0,61,-1.76504,-1.75717,-1.64345,0.1,0.1,0.142857,0,0.5,0.6
1,61,1.02531,-0.0476188,0.558654,0.5,0.166667,0.0803571,1,0.666667,0.7
0,61,1.55139,1.60796,1.78308,1,1,0.212766,1,0.5,0.8
0,61,-0.838967,-0.894315,-0.960385,0.125,0.125,0.114943,1,0.5,0.9
0,61,0.163967,0.250211,-0.0464449,0.166667,0.2,0.140845,1,0.5,1
0,62,0.960861,1.30945,1.73216,0.5,0.5,0.0952381,0,0.166667,0.1
1,62,2.16829,-1.60252,0.0893635,1,0.1,0.0447761,1,0,0.2
1,62,0.852519,-0.0685892,0.448714,0.333333,0.166667,0.0877193,1,0.166667,0.3
0,62,-1.00048,-1.00522,-1.88824,0.1,0.111111,0.0365854,0,0,0.4
0,62,-0.641743,0.531231,0.448714,0.166667,0.333333,0.0697674,1,0.333333,0.5
0,62,-0.875519,1.78489,0.526534,0.125,1,0.0454545,0,0.166667,0.6
0,62,0.336211,0.34471,0.683306,0.25,0.25,0.0784314,0,0,0.7
0,62,-0.918152,-0.821834,-1.45107,0.111111,0.125,0.0483871,0,0.166667,0.8
0,62,-0.690175,0.169149,-0.294744,0.142857,0.2,0.0545455,0,0.166667,0.9
0,62,-0.191808,-0.641269,-0.294744,0.2,0.142857,0.0425532,0,0.166667,1
0,63,-0.525166,-0.366002,-0.435234,0.166667,0.142857,0.156863,0,0,0.1
0,63,-0.539357,0.0690728,-0.0361549,0.142857,0.25,0.258065,1,0.5,0.2
0,63,0.17741,-0.701993,-0.191749,0.333333,0.111111,0.147059,0,0,0.3
0,63,-0.591309,-0.269171,-0.423763,0.125,0.2,0.222222,0,0,0.4
0,63,-0.88676,-1.54933,-1.70412,0.1,0.1,0.152174,0,0,0.5
0,63,-0.370337,-0.53817,-0.423763,0.2,0.125,0.115385,1,0.5,0.6
0,63,-0.831273,-0.279738,-0.79987,0.111111,0.166667,0.241379,0,0.166667,0.7
0,63,-0.189654,0.21636,0.762571,0.25,0.333333,0.2,0,0.166667,0.8
1,63,1.46214,2.2735,1.62604,0.5,1,0.428571,1,0.5,0.9
1,63,2.29431,1.14548,1.62604,1,0.5,0.181818,1,0.5,1
0,64,1.01836,-1.00363,0.214819,0.5,0.125,0.0882353,0,0,0.1
0,64,-0.366555,0.0949815,-0.0507951,0.166667,0.2,0.0819672,0,0,0.2
1,64,2.40107,1.33733,1.95009,1,1,0.136986,1,0,0.3
1,64,0.626078,0.374735,0.804305,0.333333,0.25,0.142857,0,0,0.4
0,64,-0.348028,-1.52621,-0.820478,0.2,0.1,0.106061,0,0,0.5
0,64,-0.194195,1.31746,1.0319,0.25,0.5,0.105263,0,0,0.6
0,64,-0.616799,-0.130504,-0.459054,0.142857,0.166667,0.0921053,1,0,0.7
0,64,-0.772733,1.13249,-0.0127753,0.125,0.333333,0.111111,0,0,0.8
0,64,-0.807384,-1.25419,-1.42927,0.111111,0.111111,0.09375,0,0,0.9
0,64,-0.939806,-0.342464,-1.22874,0.1,0.142857,0.0967742,1,0,1
0,65,1.3407,0.0638686,0.767989,0.5,0.2,0.105263,1,0,0.1
0,65,-1.31233,-1.46934,-1.68708,0.1,0.1,0.0574713,0,0.5,0.2
0,65,1.76842,0.999142,1.39615,1,0.333333,0.0833333,0,0,0.3
1,65,1.03342,1.51596,1.39615,0.333333,1,0.204545,1,0,0.4
0,65,-0.395396,1.25135,0.767989,0.2,0.5,0.107143,0,0,0.5
1,65,0.2818,-1.14506,-0.396783,0.25,0.111111,0.0714286,1,0,0.6
0,65,-0.529183,0.598763,-0.0357934,0.142857,0.25,0.133333,0,0,0.7
0,65,-1.02068,-0.948397,-1.16372,0.111111,0.125,0.0759494,0,0.5,0.8
0,65,-0.430427,-0.556239,-0.430882,0.166667,0.142857,0.064,0,0.5,0.9
0,65,-0.736327,-0.310058,-0.614031,0.125,0.166667,0.0522876,0,0.5,1
0,66,-0.670454,0.000122385,-1.18513,0.125,0.166667,0.0606061,0,0,0.1
0,66,0.088789,0.562016,1.4571,0.333333,0.25,0.0714286,0,0,0.2
1,66,1.77587,-1.54717,0.0459267,0.5,0.111111,0.142857,1,0,0.3
0,66,-0.350184,-0.028204,-0.831634,0.166667,0.142857,0.0512821,0,0.166667,0.4
0,66,-1.01483,1.34359,0.471761,0.111111,1,0.0649351,0,0,0.5
0,66,-1.03843,0.643471,-0.699827,0.1,0.333333,0.0793651,0,0.166667,0.6
0,66,-0.316261,1.24157,1.48227,0.2,0.5,0.0842105,0,0,0.7
0,66,-0.0216625,0.149841,0.670528,0.25,0.2,0.105263,0,0,0.8
1,66,1.96956,-1.7781,0.138323,1,0.1,0.153846,0,0,0.9
0,66,-0.42239,-0.587133,-1.54933,0.142857,0.125,0.0853659,0,0,1
0,67,1.24326,-0.873202,0.638171,1,0.111111,0.234568,0,0.166667,0.1
0,67,-1.07479,1.02471,0.062127,0.111111,0.5,0.175824,1,0.5,0.2
0,67,0.212276,-0.116252,-0.617155,0.2,0.142857,0.145631,1,0.166667,0.3
0,67,-0.631279,0.245316,-1.09534,0.125,0.2,0.10596,0,0,0.4
1,67,0.619937,-2.37547,-1.48701,0.25,0.1,0.135922,0,0.333333,0.5
0,67,-0.08018,0.373299,0.39922,0.166667,0.25,0.219178,1,0.5,0.6
0,67,-0.486635,1.42253,1.58068,0.142857,1,0.151786,0,0,0.7
0,67,-1.96971,0.421265,-0.946686,0.1,0.333333,0.101695,0,0,0.8
1,67,1.08455,0.186969,1.4973,0.5,0.166667,0.178571,1,0.5,0.9
0,67,1.08258,-0.309154,-0.031308,0.333333,0.125,0.210526,1,0.5,1
0,68,1.25529,-2.28495,-0.194531,0.5,0.1,0.0925926,1,0.5,0.1
0,68,-0.876384,0.816701,0.263315,0.125,0.5,0.105263,1,0.5,0.2
0,68,-0.157447,0.455185,0.453682,0.25,0.2,0.0729167,1,0,0.3
0,68,-0.161911,0.85845,1.29104,0.2,1,0.14,0,0.166667,0.4
1,68,-1.25143,-1.26585,-1.97754,0.1,0.111111,0.0444444,0,0,0.5
0,68,-0.212481,0.155889,-0.562687,0.166667,0.142857,0.142857,1,0.5,0.6
1,68,2.09315,0.646948,1.55298,1,0.25,0.137931,1,0.5,0.7
0,68,-0.541099,-0.568141,-1.04828,0.142857,0.125,0.0729167,0,0,0.8
0,68,0.735174,0.372811,0.469936,0.333333,0.166667,0.0945946,0,0,0.9
0,68,-0.882853,0.812953,-0.247901,0.111111,0.333333,0.125,0,0.166667,1
1,69,2.52428,0.160601,2.05717,1,0.2,0.2,1,1,0.1
0,69,-1.06244,1.53013,0.508616,0.111111,1,0.228571,1,1,0.2
1,69,0.643775,-0.691821,0.419574,0.5,0.125,0.134328,1,0.166667,0.3
0,69,0.226125,-1.20678,-0.825647,0.25,0.111111,0.164384,1,1,0.4
0,69,0.250251,0.00959597,0.356154,0.333333,0.142857,0.0990991,1,0.166667,0.5
0,69,-0.591945,0.391855,0.356154,0.142857,0.333333,0.277778,1,1,0.6
0,69,-0.061527,-1.87228,-1.60252,0.2,0.1,0.108911,0,0,0.7
0,69,-1.06244,1.41371,-0.309972,0.1,0.5,0.228571,1,1,0.8
0,69,-0.670781,0.0815434,-1.27771,0.125,0.166667,0.152778,1,1,0.9
0,69,-0.1953,0.183455,0.318174,0.166667,0.25,0.13253,1,1,1
0,70,2.12263,1.08819,1.61691,1,0.5,0.25,1,1,0.1
0,70,-0.489231,0.181827,-0.0359519,0.142857,0.25,0.222222,1,1,0.2
1,70,0.276501,-0.747178,0.171916,0.333333,0.142857,0.164706,1,0.166667,0.3
0,70,-1.18616,-1.13305,-1.69455,0.1,0.1,0.126214,1,0,0.4
1,70,1.36883,2.27428,1.61691,0.5,1,0.515152,1,1,0.5
0,70,-0.489231,0.253472,-0.0120444,0.125,0.333333,0.222222,1,1,0.6
0,70,-0.426396,0.153759,-0.047889,0.166667,0.2,0.259259,1,1,0.7
0,70,-1.14151,-1.01245,-1.3475,0.111111,0.111111,0.156627,1,1,0.8
0,70,0.276501,-0.747178,-0.219912,0.25,0.125,0.164706,1,0.166667,0.9
0,70,-0.311951,-0.311669,-0.047889,0.2,0.166667,0.182796,1,1,1
1,71,2.77805,2.17029,1.72768,1,1,0.186047,1,1.16667,0.1
0,71,-0.0797426,-1.09929,-0.395981,0.2,0.125,0.131579,1,1.33333,0.2
0,71,-0.537892,-1.21119,-1.0886,0.142857,0.1,0.1,1,1.33333,0.3
1,71,0.303561,0.99793,1.31119,0.5,0.5,0.05,0,0,0.4
0,71,-1.05214,-1.16585,-1.42933,0.1,0.111111,0.0454545,1,1.16667,0.5
0,71,-0.612411,-0.196784,-0.57957,0.125,0.166667,0.111111,1,1.16667,0.6
0,71,-0.0649191,0.256147,0.517239,0.25,0.25,0.102564,1,1.16667,0.7
0,71,-0.0966117,-0.198444,-0.406699,0.166667,0.142857,0.102564,0,0.333333,0.8
0,71,-0.631637,0.135159,-0.56384,0.111111,0.2,0.0545455,1,1.16667,0.9
0,71,-0.00626467,0.312029,0.907912,0.333333,0.333333,0.0819672,1,1.16667,1
0,72,0.442938,1.20422,0.746077,0.25,0.333333,0.190476,0,0.5,0.1
0,72,-0.671995,-0.617883,-0.793301,0.142857,0.125,0.101695,0,0.5,0.2
0,72,-0.950383,-0.355507,-0.606818,0.125,0.166667,0.0704225,0,0.5,0.3
1,72,-0.0501239,1.40112,0.566747,0.166667,0.5,0.189189,1,0,0.4
0,72,0.684743,-0.298896,0.54785,0.333333,0.2,0.0595238,0,0,0.5
0,72,-1.30143,-0.77072,-1.3258,0.111111,0.111111,0.0533333,1,0.166667,0.6
0,72,-1.30864,-0.385989,-1.13978,0.1,0.142857,0.057971,0,0.5,0.7
1,72,1.90781,1.62878,1.80891,1,1,0.140845,1,0,0.8
0,72,0.346046,-1.59685,-0.761079,0.2,0.1,0.113924,0,0,0.9
0,72,0.901037,-0.208273,0.957195,0.5,0.25,0.0860215,1,0.166667,1
0,73,-0.956985,-0.0898208,-1.32412,0.111111,0.125,0.102564,1,1,0.1
0,73,-1.24216,0.303463,-0.876277,0.1,0.2,0.137255,1,0.833333,0.2
0,73,0.458754,0.497721,1.10208,0.5,0.25,0.148649,1,1,0.3
0,73,0.140864,0.129235,0.409458,0.333333,0.166667,0.1,1,0,0.4
0,73,0.0684598,-0.020223,-0.040727,0.25,0.142857,0.0729927,1,1,0.5
1,73,2.61317,1.14865,2.08271,1,1,0.35,1,0.833333,0.6
0,73,-0.296004,0.624473,0.194749,0.142857,0.333333,0.136364,1,1,0.7
1,73,-0.0819007,-1.2506,-0.679705,0.2,0.111111,0.0921053,1,0.166667,0.8
0,73,-0.0919871,-2.32371,-1.09759,0.166667,0.1,0.1,1,0.166667,0.9
0,73,-0.612212,0.980815,0.229428,0.125,0.5,0.28125,1,1,1
0,74,0.889001,0.114514,0.642407,0.333333,0.2,0.106061,1,1.16667,0.1
0,74,-0.966655,0.0631896,-1.11784,0.1,0.166667,0.0851064,1,1.16667,0.2
0,74,-0.374825,0.046334,-0.499316,0.166667,0.142857,0.1,1,1.16667,0.3
0,74,-0.946819,0.471067,-0.0138958,0.125,0.333333,0.114286,1,1.16667,0.4
1,74,2.02241,1.09189,2.12112,1,1,0.105263,1,0,0.5
1,74,1.35149,-2.68356,-0.172623,0.5,0.1,0.0704225,0,0,0.6
0,74,-0.179213,0.988463,1.1224,0.25,0.5,0.131579,1,1.16667,0.7
0,74,-0.518449,0.442128,-0.0414782,0.142857,0.25,0.0980392,1,1.16667,0.8
0,74,-0.318006,-0.425129,-0.692242,0.2,0.111111,0.0727273,1,1.16667,0.9
0,74,-0.958941,-0.108901,-1.34854,0.111111,0.125,0.08,1,1.16667,1
0,75,0.728187,0.403476,0.806227,0.5,0.2,0.109091,0,0,0.1
0,75,-0.701912,0.732522,0.377774,0.166667,0.333333,0.178571,1,0.666667,0.2
1,75,2.5906,0.723917,1.24841,1,0.25,0.188679,0,0,0.3
0,75,-0.701912,0.752599,0.403943,0.142857,0.5,0.178571,1,0.666667,0.4
0,75,-0.723615,-0.906273,-1.02939,0.111111,0.142857,0.172414,1,0.666667,0.5
0,75,-0.757258,-1.11255,-1.58972,0.1,0.111111,0.1,0,0,0.6
0,75,0.0890594,-0.0527865,0.160519,0.25,0.166667,0.08,0,0,0.7
0,75,-0.72026,-1.04737,-1.03497,0.125,0.125,0.172414,1,0.666667,0.8
0,75,-0.156359,-1.31569,-0.80847,0.2,0.1,0.14,0,0,0.9
1,75,0.353463,1.82216,1.46567,0.333333,1,0.16,1,0.666667,1
0,76,-0.587735,0.979758,0.18387,0.142857,0.333333,0.117647,0,0,0.1
0,76,-0.752842,-0.878863,-1.62679,0.1,0.111111,0.0980392,0,0,0.2
0,76,1.32567,-0.139327,0.413364,0.5,0.142857,0.153846,1,0,0.3
0,76,-0.653919,0.405999,-0.641735,0.111111,0.2,0.0862069,1,0.166667,0.4
1,76,-0.373386,-2.29019,-0.827326,0.2,0.1,0.111111,0,0,0.5
0,76,-0.641151,-0.606575,-1.0591,0.125,0.125,0.101695,0,0,0.6
1,76,2.455,1.08234,1.96636,1,1,0.178571,1,0,0.7
0,76,-0.214157,-0.0428753,0.164262,0.25,0.166667,0.0598291,0,0,0.8
0,76,-0.0297543,0.438601,0.811018,0.333333,0.25,0.0921053,0,0,0.9
0,76,-0.52773,1.05113,0.616079,0.166667,0.5,0.0857143,1,0.166667,1
0,77,-1.21176,0.879064,-0.571844,0.1,0.333333,0.114286,1,0.833333,0.1
0,77,0.646766,1.94222,2.20188,0.333333,1,0.0923077,1,0.666667,0.2
0,77,-0.888388,0.444269,-0.345295,0.125,0.25,0.0438596,1,0.333333,0.3
0,77,-0.361968,-0.493885,-0.977145,0.142857,0.142857,0.0540541,1,0.833333,0.4
1,77,1.88524,-0.35511,1.2524,1,0.166667,0.139535,1,0,0.5
0,77,-0.125044,-1.23851,-0.94211,0.2,0.111111,0.111111,1,1,0.6
0,77,-0.166969,-0.647499,-0.968392,0.166667,0.125,0.047619,1,1.16667,0.7
0,77,-1.16293,1.08127,0.0375277,0.111111,0.5,0.047619,1,1.16667,0.8
0,77,-0.108662,-0.323051,0.547903,0.25,0.2,0.0909091,1,0.5,0.9
1,77,1.49373,-1.28877,-0.234932,0.5,0.1,0.0757576,1,0.833333,1
1,78,1.29255,1.39375,1.90304,0.5,1,0.136364,1,0,0.1
0,78,-0.558109,0.875082,0.202338,0.142857,0.333333,0.0731707,0,0,0.2
0,78,-0.541492,0.792691,0.4107,0.2,0.25,0.0588235,1,0.166667,0.3
0,78,-0.543667,0.907525,0.677958,0.166667,0.5,0.0638298,1,0.166667,0.4
0,78,-0.646231,0.326516,-0.706191,0.111111,0.2,0.0230769,0,0,0.5
0,78,-0.613325,-0.365923,-0.948967,0.125,0.142857,0.0322581,0,0,0.6
0,78,-0.656002,-1.68141,-1.99442,0.1,0.1,0.0322581,0,0,0.7
0,78,-0.528739,-0.199825,0.180761,0.25,0.166667,0.0909091,1,0.166667,0.8
1,78,2.40232,-0.4611,0.499193,1,0.125,0.0882353,1,0,0.9
0,78,0.392695,-1.5873,-0.224414,0.333333,0.111111,0.0344828,1,0.166667,1
0,79,-1.01254,0.397666,-0.84296,0.1,0.2,0.0545455,1,1.33333,0.1
0,79,-0.913282,-0.257576,-1.07331,0.142857,0.111111,0.0625,1,1.33333,0.2
0,79,-0.910685,0.00331748,-0.471633,0.166667,0.142857,0.0625,1,1.33333,0.3
0,79,-0.916704,0.4109,-0.434308,0.111111,0.25,0.0754717,1,1.33333,0.4
0,79,0.50809,0.660581,0.840621,0.2,0.5,0.113208,1,1.33333,0.5
0,79,0.532329,0.331053,0.167367,0.25,0.166667,0.103448,1,1.33333,0.6
1,79,0.611716,-2.80327,-0.396883,0.333333,0.1,0.105263,0,0,0.7
0,79,1.20887,0.658474,1.2867,0.5,0.333333,0.127273,1,1.33333,0.8
0,79,-0.913282,-0.243467,-1.07912,0.125,0.125,0.0625,1,1.33333,0.9
1,79,1.80549,0.842323,2.00352,1,1,0.189189,1,1.33333,1
0,80,-0.656558,-1.61679,-1.65986,0.125,0.1,0.142857,0,0,0.1
0,80,-0.163376,-1.53974,-0.741908,0.2,0.111111,0.102564,0,0,0.2
1,80,-0.12357,1.43365,1.47695,0.25,1,0.25,1,1,0.3
0,80,-1.04733,0.508154,-0.707351,0.1,0.25,0.155556,1,0.833333,0.4
0,80,-0.256924,0.768235,0.44693,0.166667,0.333333,0.148148,1,0.833333,0.5
0,80,-0.0689848,1.02617,1.45996,0.333333,0.5,0.0941176,1,0.333333,0.6
0,80,-0.569191,0.506005,-0.293572,0.142857,0.2,0.148148,1,1,0.7
1,80,1.99649,-0.521364,0.751905,1,0.142857,0.4,1,0.833333,0.8
0,80,-0.906911,0.148726,-0.983477,0.111111,0.166667,0.0736842,0,0,0.9
0,80,1.79635,-0.713046,0.250424,0.5,0.125,0.266667,1,0.833333,1
0,81,-0.00472811,0.360005,0.954226,0.25,0.333333,0.148148,1,0.333333,0.1
0,81,-0.359352,0.113753,-0.298773,0.142857,0.2,0.1,0,0,0.2
1,81,1.6071,-0.126548,0.765226,1,0.142857,0.103774,1,0,0.3
1,81,1.58236,1.98669,2.03471,0.5,1,0.155172,1,0.333333,0.4
0,81,-1.35514,-0.965358,-1.69569,0.111111,0.111111,0.107692,0,0,0.5
0,81,0.760701,-1.91686,-0.458303,0.333333,0.1,0.0941176,0,0,0.6
0,81,-0.231479,-0.531153,-0.776115,0.166667,0.125,0.0921053,0,0,0.7
0,81,-0.0217697,-0.0502742,-0.0602632,0.2,0.166667,0.0789474,0,0,0.8
0,81,-1.4128,0.137415,-0.719882,0.1,0.25,0.125,1,0.333333,0.9
0,81,-0.564896,0.99233,0.254861,0.125,0.5,0.116667,1,0,1
0,82,-0.578775,-0.485265,-0.79753,0.142857,0.142857,0.08,0,0.333333,0.1
1,82,2.85209,2.76151,2.35612,1,1,0.1,1,0,0.2
0,82,-0.314486,-1.07781,-1.24168,0.166667,0.1,0.0714286,0,0,0.3
0,82,-0.677023,0.0902938,-0.46673,0.1,0.333333,0.0746269,1,0.166667,0.4
0,82,-0.66551,-0.0978664,-0.510742,0.111111,0.25,0.0480769,0,0.166667,0.5
0,82,0.0392757,-0.488076,-0.281824,0.25,0.125,0.0864198,0,0,0.6
1,82,0.191684,-0.28668,0.738193,0.5,0.166667,0.0648148,1,0.166667,0.7
0,82,-0.271134,-0.685877,-0.768935,0.2,0.111111,0.0810811,1,0.166667,0.8
0,82,-0.64351,0.391741,0.259547,0.125,0.5,0.0612245,1,0.333333,0.9
0,82,0.0673909,-0.121969,0.713579,0.333333,0.2,0.04,0,0,1
0,83,0.106061,0.31831,0.515708,0.25,0.25,0.185185,1,0.333333,0.1
0,83,-0.840005,-0.0657371,-0.922798,0.111111,0.142857,0.169811,1,0.333333,0.2
0,83,-0.818553,-1.48692,-1.09516,0.125,0.111111,0.102273,0,0,0.3
0,83,0.284476,0.674256,0.905225,0.333333,0.333333,0.164384,0,0,0.4
0,83,-1.27656,-0.90062,-1.25774,0.1,0.125,0.104478,1,0.333333,0.5
0,83,-0.522408,0.197982,-0.405496,0.142857,0.166667,0.15873,1,0,0.6
0,83,-0.212445,-1.64741,-0.724752,0.2,0.1,0.166667,0,0,0.7
0,83,-0.220607,0.22667,-0.0448688,0.166667,0.2,0.116505,0,0,0.8
1,83,2.2032,1.2622,1.51494,1,0.5,0.307692,1,0,0.9
1,83,1.29684,1.42127,1.51494,0.5,1,0.2,0,0,1
0,84,0.630621,0.256455,0.677831,0.333333,0.25,0.0625,0,0,0.1
0,84,-0.434108,0.0832939,-0.217445,0.166667,0.166667,0.121951,0,0,0.2
0,84,1.10357,1.51856,1.44535,0.5,1,0.153846,1,0,0.3
0,84,0.0704165,0.0915807,0.13183,0.2,0.2,0.146341,1,0,0.4
1,84,2.0632,0.900408,1.44535,1,0.5,0.2,1,0,0.5
0,84,-0.498182,0.0262417,-0.556294,0.142857,0.142857,0.0756303,0,0,0.6
0,84,-0.963059,-1.66418,-1.20453,0.111111,0.111111,0.117647,0,0,0.7
0,84,-0.700061,-0.0571767,-0.885176,0.125,0.125,0.113924,0,0,0.8
1,84,-1.49031,-1.87402,-1.51475,0.1,0.1,0.131579,0,0.166667,0.9
0,84,0.21792,0.718837,0.677831,0.25,0.333333,0.104348,0,0.166667,1
1,85,1.57227,0.4487,0.761628,0.5,0.2,0.164706,0,0,0.1
0,85,0.185913,0.848391,0.549771,0.2,0.333333,0.141176,1,0.833333,0.2
0,85,0.349061,-0.318321,-0.035497,0.25,0.142857,0.125,0,0,0.3
0,85,-1.27638,-1.15553,-1.33045,0.111111,0.111111,0.1,1,0.833333,0.4
1,85,0.486252,0.157446,0.356876,0.333333,0.166667,0.157895,1,0.833333,0.5
0,85,-1.28258,-2.15242,-1.67311,0.1,0.1,0.106061,1,0.833333,0.6
0,85,-0.572953,0.90717,0.381598,0.142857,0.5,0.0934579,1,0.833333,0.7
0,85,-0.277726,0.741714,0.151639,0.166667,0.25,0.186441,0,0,0.8
0,85,1.65757,1.12015,1.81525,1,1,0.230769,0,0,0.9
0,85,-0.841435,-0.597302,-0.977714,0.125,0.125,0.0857143,1,0.833333,1
0,86,-0.967653,-1.01652,-1.48722,0.111111,0.125,0.145833,1,0.666667,0.1
1,86,-1.41257,-1.14239,-1.93529,0.1,0.111111,0.101695,0,0,0.2
0,86,1.61591,0.577573,1.23783,0.5,0.25,0.2,0,0,0.3
0,86,-0.200306,0.309891,-0.0609319,0.166667,0.2,0.0898876,1,0.333333,0.4
0,86,-0.615662,1.78877,0.773716,0.142857,1,0.121212,0,0,0.5
0,86,-0.161227,0.760168,0.70847,0.2,0.333333,0.176471,1,0.333333,0.6
0,86,-0.641605,1.01699,0.257689,0.125,0.5,0.0792079,1,0.333333,0.7
0,86,1.85843,-0.616443,0.773716,1,0.142857,0.186047,0,0,0.8
1,86,0.329002,-0.276746,0.459894,0.333333,0.166667,0.216216,1,0,0.9
0,86,0.195683,-1.40129,-0.72787,0.25,0.1,0.205128,1,0.333333,1
0,87,0.665981,-1.0615,-0.0167287,0.333333,0.125,0.125,0,0,0.1
1,87,1.36172,0.0281662,0.80005,0.5,0.166667,0.104167,1,0.833333,0.2
1,87,0.476915,1.31845,1.65902,0.25,1,0.210526,1,0.833333,0.3
0,87,-0.896802,0.948173,0.238777,0.142857,0.333333,0.111111,1,0.833333,0.4
0,87,-1.15862,0.546373,-1.07438,0.1,0.2,0.0444444,1,0.833333,0.5
0,87,-0.933212,-1.38339,-1.62347,0.125,0.111111,0.06,0,0,0.6
0,87,1.6998,-0.695389,0.844598,1,0.142857,0.0833333,0,0,0.7
0,87,-0.69004,-1.42052,-1.34573,0.166667,0.1,0.0526316,0,0,0.8
0,87,0.427612,0.713592,0.484662,0.2,0.25,0.0666667,1,0.833333,0.9
0,87,-0.953358,1.00604,0.0331961,0.111111,0.5,0.1,1,0.833333,1
0,88,-0.856136,-0.685899,-1.11026,0.111111,0.142857,0.0735294,1,1.33333,0.1
0,88,0.169285,0.892536,0.854792,0.25,0.333333,0.115385,1,1.5,0.2
1,88,1.45651,-0.986872,0.0269424,0.5,0.111111,0.131579,1,1.33333,0.3
0,88,-0.695315,1.97679,0.899142,0.166667,1,0.192308,1,1.5,0.4
0,88,0.442943,-0.205999,0.854792,0.333333,0.25,0.142857,1,1.5,0.5
0,88,-0.982297,-0.215568,-0.87198,0.1,0.2,0.181818,1,1.33333,0.6
0,88,0.0720177,-0.688615,-0.475011,0.2,0.125,0.109091,1,1.33333,0.7
1,88,2.03107,1.37199,1.82269,1,0.5,0.138462,1,0.833333,0.8
0,88,-0.830741,-0.315384,-0.695241,0.125,0.166667,0.125,1,1.5,0.9
0,88,-0.807342,-1.14298,-1.30586,0.142857,0.1,0.0877193,1,1.5,1
0,89,-1.04804,-0.854547,-1.35947,0.111111,0.111111,0.06,0,0,0.1
0,89,-0.423239,-1.08884,-1.16872,0.142857,0.1,0.0833333,0,0.5,0.2
0,89,0.953733,-0.789109,-0.221865,0.25,0.125,0.0714286,0,0,0.3
0,89,1.34409,2.42426,1.85484,1,1,0.0833333,0,0.5,0.4
1,89,-0.236543,0.154864,0.561761,0.2,0.333333,0.0967742,1,0,0.5
0,89,-0.889677,-0.033121,-0.425126,0.125,0.2,0.0588235,0,0.5,0.6
0,89,1.12858,-0.0270401,0.9815,0.5,0.25,0.075,1,0.5,0.7
1,89,1.12858,-0.359845,0.36466,0.333333,0.166667,0.0731707,1,0,0.8
0,89,-1.56847,-0.50853,-1.16872,0.1,0.142857,0.0291262,0,0,0.9
0,89,-0.389023,1.08191,0.581138,0.166667,0.5,0.0789474,0,0,1
0,90,-0.332572,-0.288082,-0.440244,0.166667,0.142857,0.0757576,1,0.333333,0.1
0,90,-0.597142,0.556505,0.0243123,0.111111,0.5,0.108108,1,0.333333,0.2
1,90,2.91529,2.5518,1.87018,1,1,0.219512,1,0,0.3
0,90,-0.201187,0.0550017,0.354959,0.2,0.25,0.0617284,0,0,0.4
1,90,-0.0782344,0.0366403,0.566406,0.333333,0.2,0.0875,1,0,0.5
0,90,-0.762989,-1.30034,-1.72373,0.1,0.1,0.0461538,0,0,0.6
0,90,-0.397458,-0.94694,-1.00188,0.142857,0.111111,0.0701754,1,0.333333,0.7
0,90,0.0935546,0.222883,1.20106,0.5,0.333333,0.0694444,0,0,0.8
0,90,-0.189055,-0.617272,-0.223699,0.25,0.125,0.075,0,0,0.9
0,90,-0.450208,-0.270195,-0.627372,0.125,0.166667,0.0769231,0,0,1
0,91,-0.593997,0.262801,-0.325193,0.142857,0.2,0.0967742,1,1,0.1
0,91,-0.802839,1.30812,0.277398,0.125,0.5,0.166667,1,1,0.2
0,91,-0.338373,-0.635927,-0.325193,0.2,0.142857,0.0659341,0,0,0.3
0,91,-0.391678,-0.673771,-0.844746,0.166667,0.125,0.0983607,1,1,0.4
0,91,-0.0856054,0.578801,0.753897,0.25,0.25,0.166667,1,1,0.5
1,91,1.57655,-1.82751,-0.204935,0.5,0.1,0.111111,0,0,0.6
1,91,2.20721,0.666803,1.92074,1,0.333333,0.259259,1,1,0.7
0,91,-0.802839,1.35886,0.336267,0.111111,1,0.166667,1,1,0.8
0,91,0.0796326,0.135333,0.495069,0.333333,0.166667,0.125,1,1,0.9
0,91,-0.84806,-1.17352,-2.08331,0.1,0.111111,0.102041,0,0,1
0,92,-0.320185,-0.375608,-0.269491,0.166667,0.166667,0.21875,1,0.166667,0.1
1,92,1.68187,-1.37027,-0.165761,0.5,0.1,0.171429,0,0,0.2
1,92,1.97992,2.10362,2.0368,1,1,0.294118,0,0.166667,0.3
0,92,-1.01331,-0.0966868,-0.664723,0.111111,0.2,0.104167,1,0.666667,0.4
0,92,-0.340049,-0.468224,-0.689443,0.142857,0.142857,0.142857,0,0,0.5
0,92,-1.0426,-1.14585,-1.68507,0.1,0.111111,0.0746269,1,0.666667,0.6
0,92,-0.945018,0.144449,-0.24363,0.125,0.25,0.0877193,1,0.833333,0.7
0,92,0.111542,0.782465,1.07036,0.333333,0.333333,0.181818,1,0.833333,0.8
0,92,-0.117052,1.01635,0.854584,0.2,0.5,0.121212,1,0.666667,0.9
0,92,0.0048853,-0.59025,-0.24363,0.25,0.125,0.216216,0,0,1
0,93,-0.0559953,-1.18567,-0.68687,0.2,0.111111,0.0384615,0,0,0.1
0,93,-0.789394,1.09933,-0.218274,0.111111,0.333333,0.0655738,0,0,0.2
0,93,-0.681189,-0.164448,-0.278469,0.166667,0.166667,0.0689655,0,0,0.3
0,93,-0.846454,-0.378965,-1.32613,0.1,0.142857,0.043956,0,0,0.4
0,93,-0.763765,0.116016,-0.482384,0.125,0.2,0.0689655,1,0.333333,0.5
1,93,2.4418,1.54527,2.10467,1,1,0.135135,1,0,0.6
0,93,-0.730429,0.23319,-0.0411564,0.142857,0.25,0.08,0,0.166667,0.7
0,93,1.00507,1.11978,1.59729,0.5,0.5,0.0980392,1,0.166667,0.8
1,93,0.29812,-0.616737,-0.013788,0.333333,0.125,0.0545455,1,0,0.9
0,93,0.122238,-1.76777,-0.654877,0.25,0.1,0.09375,1,0,1
1,94,0.57193,1.05112,1.16901,0.333333,0.5,0.263158,1,0.5,0.1
0,94,-0.864073,0.522825,-0.417201,0.125,0.2,0.269231,0,0,0.2
0,94,-0.0184762,0.666477,0.55129,0.2,0.333333,0.196078,1,0.333333,0.3
0,94,-0.871655,-1.11825,-1.15727,0.111111,0.125,0.0869565,1,0.166667,0.4
1,94,2.46615,1.56574,1.82027,1,1,0.346154,1,0.333333,0.5
0,94,-0.901188,-0.374114,-1.14694,0.1,0.142857,0.145455,0,0,0.6
0,94,-0.787546,-0.142319,-0.428495,0.142857,0.166667,0.126984,0,0,0.7
0,94,-0.334277,-1.54161,-0.959286,0.166667,0.1,0.106667,1,0.333333,0.8
0,94,0.00419108,-1.2478,-0.394584,0.25,0.111111,0.0803571,0,0,0.9
0,94,0.734948,0.61792,0.963206,0.5,0.25,0.129032,1,0.333333,1
0,95,-1.1922,-1.70484,-1.51053,0.111111,0.1,0.0704225,0,0,0.1
1,95,1.40618,1.62162,1.82583,1,1,0.142857,1,0.666667,0.2
0,95,1.25543,0.0463516,0.572048,0.5,0.166667,0.0961538,1,0.333333,0.3
0,95,0.973475,0.875761,0.959489,0.333333,0.333333,0.0731707,1,0.666667,0.4
0,95,-1.26518,0.0382837,-1.15044,0.1,0.142857,0.111111,1,0.333333,0.5
0,95,0.805167,0.0774375,0.346541,0.25,0.2,0.0657895,1,0.333333,0.6
0,95,-1.12372,-1.17662,-1.16081,0.125,0.111111,0.102041,0,0.5,0.7
0,95,-0.473504,0.450136,0.152523,0.166667,0.25,0.16129,0,0.5,0.8
1,95,0.172718,-1.13246,-0.418476,0.2,0.125,0.0612245,0,0.5,0.9
0,95,-0.558356,0.904322,0.383822,0.142857,0.5,0.131579,0,0.166667,1
0,96,0.250542,1.08445,1.3664,0.333333,1,0.097561,0,0,0.1
0,96,-0.102663,0.926195,0.738857,0.25,0.333333,0.0487805,0,0,0.2
0,96,-0.616553,-0.260776,-0.606377,0.142857,0.142857,0.075,0,0,0.3
1,96,1.94908,-0.253461,0.777192,1,0.166667,0.176471,1,0,0.4
1,96,-1.28957,-2.19182,-1.65113,0.1,0.1,0.0740741,0,0,0.5
0,96,-0.372255,1.02013,0.561262,0.166667,0.5,0.0985915,0,0,0.6
0,96,-0.629011,-0.321246,-0.964869,0.125,0.125,0.0714286,0,0,0.7
0,96,-0.173495,0.533578,0.143698,0.2,0.2,0.102941,0,0,0.8
0,96,1.72409,0.585011,0.947931,0.5,0.25,0.105882,0,0,0.9
0,96,-0.740166,-1.12206,-1.31297,0.111111,0.111111,0.075,0,0,1
0,97,1.0865,0.851624,1.11699,0.5,0.333333,0.045045,0,0,0.1
0,97,0.0899663,-1.14726,-0.731775,0.2,0.1,0.0515464,0,0,0.2
0,97,-0.156626,0.289703,0.145291,0.166667,0.25,0.0588235,0,0,0.3
0,97,-1.26538,-0.972952,-1.10577,0.111111,0.125,0.0245098,0,0.166667,0.4
0,97,0.242239,-0.0393804,0.330111,0.25,0.2,0.0617284,1,0.166667,0.5
0,97,-1.49025,-0.660284,-1.0959,0.1,0.142857,0.0333333,1,0.333333,0.6
1,97,0.555602,1.43031,1.11699,0.333333,0.5,0.0857143,1,0.166667,0.7
0,97,-0.245045,-0.386883,-0.409425,0.142857,0.166667,0.0446429,0,0.166667,0.8
1,97,1.97672,1.74817,1.73926,1,1,0.135135,1,0.333333,0.9
0,97,-0.793734,-1.11305,-1.10577,0.125,0.111111,0.0697674,1,0.333333,1
0,98,0.0524394,-1.98134,-0.472399,0.333333,0.1,0.0945946,1,0.5,0.1
1,98,2.63558,0.510354,1.81897,1,0.333333,0.243902,1,0,0.2
0,98,-0.386746,-0.260478,-0.546576,0.2,0.125,0.112676,1,0.333333,0.3
0,98,-0.764419,-0.221734,-1.50261,0.1,0.142857,0.0895522,0,0,0.4
0,98,-0.162555,1.3347,1.2619,0.25,0.5,0.15,0,0.5,0.5
0,98,-0.422072,1.56682,1.03461,0.166667,1,0.134615,1,0.333333,0.6
0,98,-0.627411,-0.0690155,-0.799986,0.125,0.166667,0.1,1,0.333333,0.7
1,98,0.946061,-1.18591,0.0310015,0.5,0.111111,0.333333,1,0,0.8
0,98,-0.545215,0.187443,-0.0466332,0.142857,0.25,0.166667,0,0.5,0.9
0,98,-0.725657,0.119167,-0.778274,0.111111,0.2,0.139535,0,0.5,1
0,99,-0.843983,-1.36343,-1.09693,0.125,0.111111,0.111111,1,0.833333,0.1
1,99,1.66935,1.1064,1.51739,1,0.5,0.230769,1,0.5,0.2
1,99,-0.916124,-0.550147,-1.09693,0.111111,0.125,0.0869565,1,0.333333,0.3
0,99,-0.40868,0.554848,0.339203,0.166667,0.333333,0.166667,1,0.5,0.4
0,99,-0.721855,0.350221,-0.0337391,0.142857,0.25,0.0666667,1,0.5,0.5
0,99,-0.232979,-0.230736,-0.22281,0.2,0.142857,0.222222,1,0.333333,0.6
0,99,0.945863,0.265253,0.522544,0.333333,0.2,0.1,0,0,0.7
0,99,-1.22195,-1.91326,-1.59025,0.1,0.1,0.103448,0,0.5,0.8
0,99,1.58434,1.52834,1.51739,0.5,1,0.176471,1,1,0.9
0,99,0.146015,0.252517,0.14413,0.25,0.166667,0.172414,0,0.5,1
1,100,1.13497,0.530155,0.985284,0.5,0.25,0.128205,0,0,0.1
0,100,-0.10089,-0.612882,-0.403629,0.25,0.111111,0.0754717,0,0,0.2
0,100,-0.755884,-0.315871,-0.81658,0.142857,0.125,0.0714286,1,0.5,0.3
0,100,-0.233153,-0.219578,-0.240455,0.2,0.142857,0.08,1,0.5,0.4
0,100,-0.84478,-0.0717152,-0.783413,0.1,0.2,0.045977,1,0.333333,0.5
0,100,-0.792083,-2.27721,-1.54045,0.111111,0.1,0.108108,0,0,0.6
0,100,-0.790843,-0.163822,-0.624626,0.125,0.166667,0.0851064,1,0.5,0.7
0,100,-0.342983,0.709173,0.583379,0.166667,0.5,0.0606061,1,0.333333,0.8
0,100,0.295757,0.690169,0.978493,0.333333,0.333333,0.0833333,1,0.833333,0.9
1,100,2.42989,1.73159,1.86199,1,1,0.169492,1,0,1
0,101,-1.53081,0.488569,-0.53373,0.1,0.333333,0.0862069,0,0.166667,0.1
1,101,2.10657,-1.1104,0.359793,1,0.111111,0.0533333,1,0,0.2
0,101,0.607218,1.85944,2.05512,0.333333,1,0.119403,0,0,0.3
0,101,1.02727,-0.494847,0.566399,0.5,0.142857,0.0784314,0,0,0.4
0,101,-0.903009,-0.629834,-1.71298,0.111111,0.125,0.125,0,0,0.5
1,101,0.265417,-1.45037,-0.838359,0.25,0.1,0.145833,0,0,0.6
0,101,-0.605025,1.49181,0.566399,0.142857,0.5,0.0843373,0,0.166667,0.7
0,101,-0.239512,-0.0561201,-0.0701812,0.166667,0.2,0.109589,0,0,0.8
0,101,-0.696195,-0.263851,-0.903847,0.125,0.166667,0.0869565,0,0,0.9
0,101,-0.0319151,0.165612,0.511385,0.2,0.25,0.0869565,0,0,1
0,102,-1.35847,-0.101871,-0.749421,0.1,0.2,0.0588235,0,0,0.1
0,102,-0.353354,-0.167703,-0.235672,0.166667,0.166667,0.09,0,0,0.2
0,102,0.964796,1.41229,1.14392,0.333333,0.5,0.150685,0,0,0.3
1,102,1.76465,0.849465,1.35862,1,0.333333,0.234043,0,0.166667,0.4
0,102,-1.13746,-0.668807,-1.13243,0.111111,0.125,0.0672269,0,0,0.5
1,102,0.0101131,-0.94958,-0.581306,0.2,0.111111,0.173913,0,0.166667,0.6
0,102,-0.519716,-1.69676,-1.12232,0.142857,0.1,0.111111,0,0,0.7
0,102,0.982857,1.6183,1.5665,0.5,1,0.0884956,0,0,0.8
0,102,-1.01109,-0.568897,-0.781149,0.125,0.142857,0.0952381,0,0,0.9
0,102,0.65768,0.273563,0.533262,0.25,0.25,0.0674157,0,0,1
0,103,0.242438,0.0692503,-0.0522424,0.2,0.166667,0.19697,1,1.33333,0.1
0,103,0.282477,0.427353,0.600458,0.25,0.25,0.203125,1,1.33333,0.2
0,103,-1.01181,0.641819,-0.208006,0.111111,0.333333,0.148649,1,1.33333,0.3
0,103,-0.409118,-0.074465,-0.678899,0.142857,0.142857,0.135135,1,1.33333,0.4
0,103,0.773627,0.357664,0.607436,0.333333,0.2,0.1625,1,1.33333,0.5
0,103,-0.631128,-1.53205,-1.27513,0.125,0.111111,0.0967742,1,1.33333,0.6
0,103,0.050259,1.21511,0.628388,0.166667,0.5,0.173913,1,1.33333,0.7
1,103,0.950311,1.35139,1.7639,0.5,1,0.218182,1,1.33333,0.8
1,103,1.71186,-0.679804,0.462694,1,0.125,0.171429,1,0,0.9
0,103,-1.95892,-1.77626,-1.8486,0.1,0.1,0.0777778,1,1.33333,1
0,104,0.39441,0.406749,0.312612,0.25,0.2,0.306452,0,0,0.1
0,104,-0.354344,-0.342338,-0.217924,0.166667,0.166667,0.203125,1,0.166667,0.2
1,104,1.96252,1.28302,1.44854,1,0.5,0.35,1,0.166667,0.3
0,104,-1.08866,-1.44951,-1.36264,0.111111,0.1,0.186667,0,0,0.4
1,104,1.01989,1.5749,1.44854,0.5,1,0.338983,0,0,0.5
0,104,-1.34777,-1.32164,-1.36264,0.1,0.111111,0.135802,0,0,0.6
0,104,-0.470943,-0.611769,-0.55752,0.142857,0.142857,0.181818,1,0.166667,0.7
0,104,0.119994,0.429035,0.312612,0.2,0.25,0.25,1,0.166667,0.8
0,104,0.766112,0.785278,0.865547,0.333333,0.333333,0.275362,0,0,0.9
0,104,-1.0012,-0.75373,-0.887127,0.125,0.125,0.21875,0,0,1
0,105,-0.86487,-1.76947,-1.22747,0.125,0.1,0.12,1,0.5,0.1
1,105,0.603113,0.619994,0.693367,0.25,0.333333,0.136364,1,0.5,0.2
0,105,-1.0864,-1.14436,-1.3908,0.1,0.111111,0.0833333,0,0,0.3
0,105,-0.683573,-0.199647,-0.222429,0.166667,0.166667,0.111111,1,0,0.4
0,105,-0.324925,-0.171221,0.134851,0.2,0.2,0.0705882,0,0,0.5
0,105,-0.882297,-0.492364,-1.0688,0.111111,0.125,0.0967742,1,0.5,0.6
0,105,0.661017,1.14991,1.07964,0.333333,0.5,0.0869565,0,0,0.7
1,105,1.67285,0.519992,1.0922,1,0.25,0.0945946,0,0,0.8
0,105,-0.711876,-0.29682,-0.569044,0.142857,0.142857,0.0697674,1,0.5,0.9
0,105,1.61696,1.78399,1.47848,0.5,1,0.189189,0,0,1
0,106,-0.753523,-0.539703,-1.13416,0.111111,0.125,0.0526316,0,0,0.1
0,106,0.985619,-0.191182,0.748478,0.5,0.2,0.104651,1,0,0.2
0,106,-0.464637,-0.766548,-0.955659,0.142857,0.111111,0.0480769,0,0,0.3
1,106,2.43918,2.15483,1.78391,1,1,0.205128,1,0,0.4
0,106,-0.714731,-0.408683,-0.598431,0.125,0.166667,0.1,0,0,0.5
0,106,-0.313735,1.37067,0.748478,0.2,0.5,0.217391,0,0,0.6
0,106,-0.343932,0.363411,0.350715,0.166667,0.333333,0.0769231,0,0,0.7
0,106,0.517386,-0.421431,0.166809,0.333333,0.142857,0.047619,0,0,0.8
0,106,-0.236187,-0.122322,0.534072,0.25,0.25,0.113636,0,0,0.9
1,106,-1.11544,-1.43905,-1.64422,0.1,0.1,0.0277778,0,0,1
0,107,-0.558333,0.260667,-0.512438,0.111111,0.25,0.0930233,1,1.16667,0.1
0,107,0.58774,0.602473,1.51817,0.5,0.333333,0.12,1,1.16667,0.2
0,107,-0.309604,-0.800075,-0.28276,0.25,0.125,0.0387597,0,0,0.3
1,107,-0.302494,-1.20793,-0.46828,0.333333,0.1,0.0833333,1,1.16667,0.4
0,107,-0.376446,-0.124101,-0.54181,0.125,0.2,0.119048,1,1.16667,0.5
0,107,-0.348542,-1.02886,-0.771488,0.2,0.111111,0.0595238,1,1.16667,0.6
0,107,-0.363411,-0.154229,-0.556476,0.142857,0.166667,0.0735294,1,1.16667,0.7
0,107,-0.362824,-0.643714,-0.556476,0.166667,0.142857,0.0549451,1,1.16667,0.8
0,107,-0.794144,0.784375,-0.192384,0.1,0.5,0.107143,1,1.16667,0.9
1,107,2.82806,2.31139,2.36395,1,1,0.15,1,0,1
0,108,-0.488904,0.0942898,-0.419362,0.142857,0.166667,0.0843373,1,0.5,0.1
1,108,2.28092,1.54526,1.78148,1,1,0.170213,0,0,0.2
0,108,0.0863295,0.87939,0.93618,0.333333,0.333333,0.102564,1,0.5,0.3
1,108,1.30922,1.26417,1.35201,0.5,0.5,0.178571,1,0.5,0.4
0,108,0.0439522,-1.27254,-0.386175,0.25,0.111111,0.101449,0,0,0.5
0,108,0.00331042,-0.755093,-0.230057,0.2,0.142857,0.0810811,0,0,0.6
0,108,-0.978053,0.247239,-0.581395,0.111111,0.2,0.0574713,1,0.5,0.7
0,108,-0.482585,0.369581,0.148818,0.166667,0.25,0.0632911,1,0,0.8
0,108,-0.697938,-1.30998,-1.30075,0.125,0.1,0.0789474,0,0,0.9
0,108,-1.07625,-1.06232,-1.30075,0.1,0.125,0.0847458,0,0,1
0,109,-0.761575,0.318893,-0.553599,0.111111,0.25,0.132075,1,1.33333,0.1
0,109,0.965998,-1.14556,0.0331997,0.5,0.111111,0.1,1,1.33333,0.2
0,109,-0.724947,-0.380349,-0.601174,0.142857,0.166667,0.175,1,1.33333,0.3
0,109,-0.795112,-0.829299,-1.86468,0.1,0.125,0.118644,1,1.33333,0.4
1,109,0.254148,-0.0578958,0.773456,0.333333,0.2,0.205128,1,1.33333,0.5
1,109,2.49102,-1.30046,0.0999915,1,0.1,0.111111,1,0,0.6
0,109,-0.734882,-0.500744,-1.11998,0.125,0.142857,0.194444,1,1.33333,0.7
0,109,-0.72018,1.55169,0.800135,0.166667,0.5,0.212121,1,1.33333,0.8
0,109,0.0249493,1.74371,1.6592,0.25,1,0.121212,1,1.33333,0.9
0,109,0.000581189,0.600023,0.773456,0.2,0.333333,0.123077,1,1.33333,1
0,110,0.0896017,1.08124,0.776277,0.25,0.333333,0.12,0,0.166667,0.1
1,110,1.28418,1.63553,1.65527,0.5,1,0.2,1,0,0.2
1,110,2.27848,1.36934,1.65527,1,0.5,0.291667,1,0.166667,0.3
0,110,-0.453988,-1.46668,-0.991888,0.166667,0.1,0.0723684,0,0,0.4
0,110,-0.906335,-0.446607,-0.991888,0.1,0.166667,0.163265,0,0,0.5
0,110,0.272875,-0.607735,0.175994,0.333333,0.142857,0.160494,1,0.166667,0.6
0,110,-0.792672,-0.34589,-0.243056,0.142857,0.2,0.123457,1,0.166667,0.7
0,110,-0.0912542,-0.81585,-0.614246,0.2,0.111111,0.177419,1,0,0.8
0,110,-0.843786,-0.790871,-1.1966,0.111111,0.125,0.115942,0,0,0.9
0,110,-0.837102,0.387517,-0.225129,0.125,0.25,0.111111,0,0,1
1,111,-0.00650417,0.640294,1.0052,0.25,0.333333,0.0821918,0,0,0.1
0,111,-0.624104,-1.02684,-1.54947,0.111111,0.125,0.0847458,0,0,0.2
0,111,-0.488325,1.50881,1.31633,0.2,1,0.1,0,0.333333,0.3
1,111,2.71929,-0.159412,1.05735,1,0.166667,0.1,0,0,0.4
0,111,-0.719077,0.532569,-0.758335,0.1,0.25,0.0877193,0,0,0.5
0,111,-0.59202,1.3927,0.512334,0.142857,0.5,0.0505051,0,0,0.6
0,111,-0.607747,-1.33805,-1.54947,0.125,0.111111,0.0526316,0,0,0.7
0,111,-0.549465,0.281811,-0.0634821,0.166667,0.2,0.119048,0,0.333333,0.8
0,111,0.609964,-0.434891,0.512334,0.5,0.142857,0.0595238,1,0.5,0.9
0,111,0.257986,-1.39698,-0.482783,0.333333,0.1,0.0517241,1,0.166667,1
0,112,-1.35477,1.33246,0.0922408,0.1,1,0.368421,1,0.666667,0.1
0,112,-0.240731,-0.472989,-0.554576,0.166667,0.142857,0.123457,1,0.666667,0.2
0,112,0.550178,-1.03368,-0.281795,0.25,0.125,0.113402,0,0,0.3
0,112,-1.04048,0.372106,-0.768853,0.111111,0.2,0.145455,1,0.666667,0.4
0,112,-0.0554013,0.966699,0.713503,0.2,0.333333,0.105882,1,0.833333,0.5
0,112,-0.911398,-1.51972,-1.72014,0.125,0.1,0.0833333,0,0.166667,0.6
1,112,0.809848,-1.16534,0.0306263,0.5,0.111111,0.102564,0,0,0.7
1,112,2.1426,1.24249,2.0719,1,0.5,0.272727,1,0.666667,0.8
0,112,0.614012,0.690972,0.971668,0.333333,0.25,0.178571,0,0,0.9
0,112,-0.51385,-0.412992,-0.554576,0.142857,0.166667,0.140625,0,0,1
0,113,-0.778764,0.594168,-0.392746,0.125,0.25,0.0444444,0,0,0.1
0,113,-0.118873,-0.842145,-0.42402,0.2,0.142857,0.0410959,0,0.166667,0.2
0,113,-0.364903,-1.31788,-1.73039,0.166667,0.1,0.038961,0,0,0.3
0,113,-0.780252,1.06721,0.0426848,0.111111,0.5,0.0425532,0,0,0.4
0,113,-0.791562,0.464707,-1.38148,0.1,0.2,0.037037,0,0.166667,0.5
1,113,-0.750933,1.7038,1.08601,0.142857,1,0.0869565,1,0,0.6
1,113,2.62825,-1.0796,0.757476,1,0.125,0.0434783,1,0,0.7
0,113,0.696657,-0.0946566,1.02873,0.5,0.166667,0.0740741,0,0,0.8
0,113,0.230298,-1.15495,-0.340526,0.333333,0.111111,0.0333333,0,0,0.9
0,113,0.0300811,0.659346,1.35425,0.25,0.333333,0.09375,0,0,1
0,114,-0.760499,-0.748405,-1.01867,0.125,0.125,0.0666667,0,0.166667,0.1
0,114,0.118887,-0.219411,0.15171,0.2,0.2,0.0925926,1,0.166667,0.2
1,114,0.357668,-0.31048,0.157991,0.25,0.166667,0.0681818,1,0,0.3
0,114,-0.465121,-0.57259,-0.640186,0.142857,0.142857,0.111111,0,0,0.4
0,114,-0.319891,0.0476035,0.371824,0.166667,0.333333,0.0862069,0,0.166667,0.5
0,114,-1.35729,0.0157768,-0.588483,0.1,0.25,0.105263,0,0.166667,0.6
0,114,-1.30627,-0.974454,-1.56468,0.111111,0.1,0.0952381,0,0.166667,0.7
0,114,0.59657,-0.796661,-0.196145,0.333333,0.111111,0.0769231,0,0,0.8
0,114,1.30394,2.50348,1.66332,0.5,1,0.0677966,1,0,0.9
1,114,1.83199,1.05514,1.66332,1,0.5,0.122807,0,0.166667,1
0,115,-0.62733,0.302636,-0.0498905,0.166667,0.2,0.0588235,1,1.33333,0.1
0,115,0.516843,0.444247,0.789982,0.333333,0.25,0.0909091,1,1.33333,0.2
0,115,-0.361095,-0.306158,-0.247347,0.2,0.142857,0.060241,1,1.33333,0.3
1,115,1.99112,1.98608,1.91536,1,1,0.0923077,1,1.33333,0.4
0,115,-0.341722,-1.78837,-0.595974,0.25,0.1,0.0704225,1,1.33333,0.5
0,115,-0.712656,0.582788,-0.198642,0.111111,0.333333,0.0571429,1,1.33333,0.6
0,115,-0.825546,-0.00620569,-1.0094,0.1,0.166667,0.06,1,1.33333,0.7
0,115,-0.70743,-0.786873,-1.03163,0.125,0.125,0.0666667,1,1.33333,0.8
0,115,-0.663513,-1.05789,-1.02608,0.142857,0.111111,0.0615385,1,1.33333,0.9
1,115,1.73133,0.629746,1.45362,0.5,0.5,0.139535,0,0,1
0,116,-0.433858,0.104186,-0.254123,0.142857,0.2,0.122449,1,0.166667,0.1
0,116,-0.0122083,0.794768,0.595981,0.2,0.333333,0.15,0,0,0.2
0,116,-0.211024,-0.673781,-0.66013,0.166667,0.125,0.105263,0,0,0.3
0,116,-1.26262,-0.287781,-1.03705,0.1,0.166667,0.0550459,1,0.333333,0.4
0,116,0.265804,0.842823,1.26378,0.333333,0.5,0.108108,1,0.333333,0.5
0,116,-0.859056,-1.38748,-1.43682,0.125,0.1,0.109091,0,0,0.6
0,116,-1.17794,0.401939,-0.426571,0.111111,0.25,0.0674157,1,0.333333,0.7
0,116,0.256476,-1.32746,-0.426571,0.25,0.111111,0.107692,0,0.166667,0.8
1,116,1.79875,2.00873,1.96783,1,1,0.269231,1,0.166667,0.9
1,116,1.63567,-0.475954,0.413673,0.5,0.142857,0.0967742,1,0.5,1
0,117,1.06459,-0.343038,0.264677,0.5,0.125,0.0847458,0,0,0.1
0,117,0.288914,-0.292264,0.22467,0.333333,0.142857,0.0701754,0,0.166667,0.2
0,117,2.20809,0.453943,1.56101,1,0.25,0.138889,0,0,0.3
1,117,0.00294384,-0.0666847,-0.0625844,0.2,0.166667,0.0740741,1,0.166667,0.4
0,117,-0.612879,1.61786,0.320847,0.111111,1,0.0517241,0,0,0.5
0,117,-0.307091,0.911033,0.752784,0.166667,0.5,0.0412371,0,0,0.6
0,117,-0.428255,-0.860672,-1.28715,0.142857,0.111111,0.0645161,0,0,0.7
1,117,-1.7156,-2.20467,-2.21455,0.1,0.1,0.0208333,0,0,0.8
0,117,0.05422,0.0531941,0.456029,0.25,0.2,0.037037,1,0.333333,0.9
0,117,-0.554929,0.731293,-0.0157404,0.125,0.333333,0.0347826,1,0,1
0,118,1.02726,-0.0393458,0.985177,0.5,0.166667,0.0897436,0,0,0.1
0,118,0.891832,-0.439412,0.294029,0.333333,0.142857,0.0985915,0,0,0.2
1,118,0.731169,-2.24258,-0.978406,0.25,0.1,0.0833333,1,0,0.3
0,118,-0.152214,0.940823,1.3642,0.166667,1,0.16,1,0.166667,0.4
0,118,-0.626494,0.549929,-0.406068,0.142857,0.2,0.122449,0,0,0.5
1,118,1.53719,-0.54758,0.725405,1,0.125,0.142857,1,0.166667,0.6
0,118,-1.10568,-0.923739,-1.99913,0.125,0.111111,0.103448,0,0,0.7
0,118,-1.50059,0.929319,-0.255902,0.1,0.5,0.060241,0,0,0.8
0,118,0.319834,0.90686,0.952328,0.2,0.333333,0.107692,0,0,0.9
0,118,-1.12231,0.865723,-0.681626,0.111111,0.25,0.0612245,0,0,1
0,119,-0.845394,0.461689,-0.389024,0.111111,0.25,0.0576923,0,0,0.1
0,119,-1.00743,-1.22905,-1.65409,0.1,0.1,0.0344828,0,0,0.2
0,119,-0.832718,-1.06556,-1.14096,0.125,0.111111,0.0535714,0,0,0.3
0,119,-0.172594,-1.0092,-0.411322,0.2,0.125,0.0300752,1,0.166667,0.4
0,119,1.03448,0.267488,0.752971,0.5,0.2,0.0625,0,0.166667,0.5
1,119,-0.76838,-0.857752,-0.607465,0.142857,0.142857,0.0769231,1,0.333333,0.6
0,119,2.132,0.604211,1.36885,1,0.333333,0.0615385,0,0.166667,0.7
0,119,-0.742444,-0.00436237,-0.237447,0.166667,0.166667,0.0535714,0,0,0.8
0,119,0.418247,0.731295,0.949632,0.25,0.5,0.0666667,1,0.166667,0.9
1,119,0.784232,2.10124,1.36885,0.333333,1,0.0967742,1,0,1
0,120,-0.0959124,0.841923,0.732161,0.2,0.5,0.0757576,0,0,0.1
1,120,1.95694,2.20931,1.74502,1,1,0.0704225,1,0,0.2
0,120,-1.59178,-1.1622,-1.60837,0.1,0.1,0.0481928,0,0,0.3
0,120,-0.923354,-0.97306,-1.27897,0.111111,0.111111,0.133333,0,0,0.4
0,120,0.231475,0.593827,0.917022,0.333333,0.333333,0.104167,0,0,0.5
0,120,0.179568,-0.772763,-0.208728,0.25,0.125,0.0641026,1,0.166667,0.6
0,120,-0.346624,-0.632939,-0.410781,0.142857,0.166667,0.0816327,0,0.166667,0.7
0,120,-0.0968147,0.573803,0.145772,0.166667,0.25,0.0617284,1,0.166667,0.8
0,120,1.42118,-0.0202583,0.732161,0.5,0.2,0.142857,0,0,0.9
1,120,-0.734673,-0.65764,-0.765281,0.125,0.142857,0.0769231,1,0.166667,1
0,121,-2.01839,-0.76426,-1.48386,0.1,0.142857,0.0625,0,0,0.1
0,121,-0.797361,1.02443,-0.244235,0.111111,0.333333,0.133333,0,0.333333,0.2
0,121,-0.176356,0.411881,-0.0613416,0.166667,0.2,0.184211,0,0,0.3
1,121,1.47534,1.0465,1.78726,0.5,0.5,0.142857,0,0.333333,0.4
0,121,0.349349,1.48548,1.79627,0.333333,1,0.130435,0,0.666667,0.5
0,121,-0.210446,0.00882338,-0.554367,0.142857,0.166667,0.107143,0,0.5,0.6
0,121,0.197258,-1.40546,-0.732765,0.25,0.1,0.0892857,0,0,0.7
1,121,1.64631,-1.39967,0.314476,1,0.111111,0.12766,1,0,0.8
0,121,-0.061746,-0.866209,-0.539756,0.2,0.125,0.0886076,0,0.5,0.9
0,121,-0.403963,0.458489,-0.281688,0.125,0.25,0.12069,0,0,1
0,122,0.245578,0.500827,0.325557,0.25,0.2,0.105263,0,0,0.1
0,122,0.249232,0.853131,1.10158,0.333333,0.5,0.119403,1,0.5,0.2
0,122,0.228813,0.711815,0.51949,0.2,0.333333,0.136364,1,0.5,0.3
0,122,-0.203267,0.504469,0.143287,0.166667,0.25,0.111111,1,0.5,0.4
1,122,-1.01939,-1.45799,-1.41906,0.111111,0.1,0.0819672,1,0,0.5
0,122,-0.271673,-1.08326,-0.752234,0.142857,0.125,0.0933333,0,0,0.6
1,122,2.4848,1.8477,1.71527,1,1,0.2,1,0.833333,0.7
0,122,-0.953232,-0.444053,-0.752234,0.125,0.142857,0.0921053,1,0.5,0.8
0,122,0.425363,-0.314091,0.537409,0.5,0.166667,0.105263,0,0,0.9
0,122,-1.18623,-1.11855,-1.41906,0.1,0.111111,0.104167,1,0.833333,1
0,123,-0.847594,-0.270123,-0.567045,0.111111,0.2,0.0444444,0,0,0.1
1,123,2.646,1.40751,1.52807,1,0.5,0.173913,1,0,0.2
1,123,0.794655,2.34104,1.52807,0.5,1,0.12766,0,0,0.3
0,123,-0.0369979,-0.340961,0.341591,0.333333,0.166667,0.0746269,0,0,0.4
0,123,-0.849298,-0.954655,-1.60145,0.1,0.1,0.0357143,1,0.166667,0.5
0,123,-0.657859,-0.814243,-0.930798,0.142857,0.111111,0.0410959,0,0,0.6
0,123,-0.0853933,-0.0894297,0.716626,0.25,0.333333,0.0480769,0,0,0.7
0,123,-0.663466,-0.768808,-0.935838,0.125,0.125,0.04,0,0.333333,0.8
0,123,-0.170724,-0.104155,0.145144,0.166667,0.25,0.0612245,0,0.5,0.9
0,123,-0.129319,-0.40617,-0.224379,0.2,0.142857,0.0519481,0,0.333333,1
0,124,-0.59677,-0.763649,-0.753558,0.142857,0.125,0.0857143,0,0,0.1
1,124,1.01887,0.55542,1.30406,0.5,0.5,0.172414,1,0.166667,0.2
0,124,-0.949927,0.104888,-0.372478,0.111111,0.25,0.0704225,1,0.166667,0.3
0,124,-0.92459,-0.968705,-1.09244,0.125,0.111111,0.0795455,0,0,0.4
0,124,-0.378033,-0.626848,-0.404488,0.166667,0.142857,0.145455,1,0,0.5
0,124,0.470092,0.440589,0.708701,0.25,0.333333,0.115942,1,0,0.6
0,124,-0.104614,-0.0666275,-0.0447573,0.2,0.166667,0.0824742,0,0,0.7
1,124,2.01664,2.48223,1.71829,1,1,0.225,0,0,0.8
0,124,0.785929,0.0281073,0.520404,0.333333,0.2,0.216216,1,0.333333,0.9
0,124,-1.3376,-1.18541,-1.58374,0.1,0.1,0.0638298,0,0,1
0,125,0.239411,-0.473164,-0.0342615,0.25,0.142857,0.173077,0,0,0.1
0,125,-0.277191,1.55908,0.946308,0.2,1,0.235294,0,0.833333,0.2
1,125,1.50811,1.54374,1.3297,0.5,0.5,0.25,0,0.833333,0.3
0,125,-0.432639,-0.338951,-0.231818,0.166667,0.166667,0.150943,0,0,0.4
1,125,2.01146,0.817514,1.3364,1,0.333333,0.175439,1,0,0.5
0,125,-1.34818,-0.870702,-1.27928,0.1,0.125,0.125,1,0,0.6
0,125,-0.450326,0.156855,-0.22626,0.142857,0.2,0.163265,0,0.833333,0.7
0,125,-0.576984,-1.39591,-1.27928,0.125,0.1,0.117647,0,0.833333,0.8
0,125,0.286908,0.189709,0.722635,0.333333,0.25,0.145161,0,0.833333,0.9
0,125,-0.960572,-1.18817,-1.28414,0.111111,0.111111,0.21875,0,0.833333,1
0,126,0.0243752,-0.273414,0.151558,0.25,0.166667,0.230769,0,0,0.1
0,126,-0.861321,0.397722,0.199859,0.125,0.5,0.136364,0,0,0.2
0,126,-0.448629,-0.550585,-0.61412,0.142857,0.142857,0.122222,0,0,0.3
0,126,-0.336813,-0.798128,-0.784892,0.166667,0.111111,0.0982143,0,0,0.4
0,126,-0.928302,-1.44081,-1.67221,0.1,0.1,0.0824742,1,0.166667,0.5
0,126,-0.922009,-0.590757,-1.15346,0.111111,0.125,0.0747664,1,0.166667,0.6
1,126,0.692893,0.288675,0.960036,0.5,0.25,0.1375,1,0,0.7
0,126,-0.296925,0.343541,0.549476,0.2,0.333333,0.107843,1,0,0.8
1,126,2.5206,2.48631,1.81428,1,1,0.233333,0,0,0.9
0,126,0.55613,0.137447,0.549476,0.333333,0.2,0.157895,0,0,1
1,127,2.66034,1.97912,2.12299,1,1,0.241379,1,0.5,0.1
0,127,-0.0430053,-0.399902,0.177346,0.25,0.166667,0.109375,1,1.16667,0.2
0,127,-0.954793,-0.272083,-0.893224,0.1,0.2,0.117647,0,0.666667,0.3
0,127,0.679535,-0.540492,0.446289,0.5,0.142857,0.0952381,0,0,0.4
0,127,0.0394204,-1.14812,-0.420548,0.333333,0.1,0.122449,0,0.666667,0.5
0,127,-0.832197,-0.837581,-1.34973,0.111111,0.125,0.138889,0,0.666667,0.6
0,127,-0.811436,-0.957921,-1.34973,0.125,0.111111,0.142857,0,0.666667,0.7
0,127,-0.224854,-0.0563618,0.177346,0.166667,0.25,0.0789474,1,0.5,0.8
1,127,-0.177016,0.869112,0.642972,0.2,0.333333,0.0757576,1,0,0.9
0,127,-0.335998,1.36423,0.446289,0.142857,0.5,0.0521739,1,0.5,1
0,128,-0.656875,-0.743869,-1.25153,0.111111,0.111111,0.08,0,0,0.1
0,128,-0.314108,-0.487991,-0.0444782,0.2,0.166667,0.0721649,1,0.166667,0.2
0,128,1.45977,0.649386,1.29593,0.5,0.5,0.117647,1,0.166667,0.3
0,128,-0.633039,0.0851638,-0.0333913,0.142857,0.25,0.0923077,0,0,0.4
0,128,-0.651383,-0.634324,-0.748859,0.125,0.142857,0.115385,0,0,0.5
0,128,-0.375169,-0.954745,-0.899895,0.166667,0.1,0.116667,1,0.333333,0.6
0,128,-0.295387,-0.393745,0.324096,0.25,0.2,0.0933333,1,0.333333,0.7
0,128,0.294234,0.547827,0.897344,0.333333,0.333333,0.137255,1,0.333333,0.8
1,128,-1.07423,-0.637538,-1.24679,0.1,0.125,0.0980392,1,0,0.9
1,128,2.24618,2.56984,1.70757,1,1,0.23913,1,0.333333,1
0,129,0.770745,0.453537,1.09309,0.333333,0.333333,0.0707965,0,0,0.1
0,129,-0.62218,-2.19001,-1.31064,0.142857,0.1,0.103448,0,0,0.2
0,129,-0.513774,0.193083,-0.275215,0.166667,0.166667,0.102941,0,0.5,0.3
0,129,-1.14147,0.744886,-0.169282,0.1,0.5,0.0714286,0,0.166667,0.4
0,129,0.349875,0.423237,0.622738,0.25,0.25,0.12,0,0.5,0.5
0,129,-0.852118,-1.5741,-1.32244,0.125,0.111111,0.0681818,1,0,0.6
1,129,1.2183,1.23586,1.82935,0.5,1,0.134328,0,0.5,0.7
1,129,1.97021,0.11495,0.479862,1,0.125,0.118421,1,0,0.8
0,129,-0.0693505,0.420517,0.166854,0.2,0.2,0.131148,0,0.5,0.9
0,129,-1.11024,0.178042,-1.11431,0.111111,0.142857,0.0882353,0,0.166667,1
0,130,-0.724888,0.806758,-0.206813,0.111111,0.333333,0.217391,1,0.5,0.1
0,130,-0.179825,-0.548427,-0.238528,0.25,0.125,0.106667,0,0,0.2
0,130,-0.746557,-0.53098,-1.2565,0.1,0.142857,0.142857,1,0.5,0.3
0,130,-0.367552,-0.978913,-0.650804,0.2,0.111111,0.129032,0,0,0.4
0,130,-0.426462,-1.49163,-1.05092,0.166667,0.1,0.112676,0,0,0.5
1,130,2.70719,1.50844,1.75379,1,0.5,0.268293,1,0,0.6
0,130,-0.0783928,-0.154252,0.603953,0.333333,0.2,0.142857,0,0,0.7
1,130,0.841194,1.74907,1.75379,0.5,1,0.193548,1,0.5,0.8
0,130,-0.501033,-0.462836,-0.469427,0.142857,0.166667,0.0679612,0,0,0.9
0,130,-0.523673,0.102781,-0.238528,0.125,0.25,0.109375,1,0.5,1
0,131,-1.1097,0.557328,-1.02887,0.1,0.2,0.0634921,1,0.5,0.1
0,131,-1.07211,0.72412,-0.253611,0.111111,0.333333,0.105263,1,1,0.2
0,131,0.00197059,0.952932,1.02602,0.2,0.5,0.0892857,1,1.16667,0.3
1,131,1.81448,1.21627,2.44539,1,1,0.0952381,1,0,0.4
0,131,1.71374,-1.31207,0.0317901,0.5,0.111111,0.111111,1,1,0.5
0,131,-0.675236,0.561447,-0.292503,0.125,0.25,0.0740741,1,1.16667,0.6
0,131,0.310465,-2.06764,-0.484414,0.333333,0.1,0.0821918,1,1,0.7
1,131,-0.596445,-0.322177,-0.57565,0.166667,0.142857,0.0704225,1,1,0.8
0,131,0.25746,0.241036,0.204279,0.25,0.166667,0.0895522,1,1.16667,0.9
0,131,-0.644622,-0.551251,-1.07243,0.142857,0.125,0.0806452,0,0,1
0,132,-0.25575,0.402357,0.576522,0.25,0.25,0.102804,1,1,0.1
0,132,0.0679087,-1.36742,-0.156719,0.5,0.1,0.122222,0,0.666667,0.2
0,132,0.0188299,0.441335,1.01197,0.333333,0.333333,0.12987,1,0.666667,0.3
0,132,-0.311583,-0.0174027,0.154471,0.2,0.2,0.125,0,0.666667,0.4
0,132,-0.32107,1.58873,0.603339,0.166667,0.5,0.15625,1,0.833333,0.5
0,132,-0.818651,-0.732416,-1.40605,0.1,0.125,0.131148,1,1.33333,0.6
0,132,-0.412309,-0.443215,-0.645997,0.125,0.166667,0.10101,1,0.833333,0.7
1,132,-0.361039,-0.985607,-1.03162,0.142857,0.111111,0.189655,1,0.666667,0.8
0,132,-0.519866,-0.652463,-1.03162,0.111111,0.142857,0.0869565,1,0.666667,0.9
1,132,2.91353,1.76611,1.9257,1,1,0.333333,1,0,1
0,133,1.28711,-1.96379,-0.184827,0.5,0.1,0.0833333,0,0,0.1
0,133,-0.617523,-1.11215,-0.741181,0.2,0.111111,0.0543478,0,0,0.2
0,133,-0.66792,0.0962622,-0.768744,0.142857,0.142857,0.0649351,0,0.166667,0.3
0,133,-0.942431,-0.995039,-1.65823,0.1,0.125,0.0943396,0,0.5,0.4
0,133,-0.750854,0.732905,-0.0148782,0.125,0.333333,0.1,1,0.5,0.5
0,133,-0.625435,0.211254,-0.0591561,0.166667,0.2,0.0342466,0,0,0.6
1,133,0.0669209,0.137215,0.189717,0.25,0.166667,0.0759494,0,0.666667,0.7
1,133,1.90859,1.41361,2.27108,1,1,0.122807,0,0.5,0.8
0,133,-0.821009,1.06664,0.029524,0.111111,0.5,0.0346821,0,0,0.9
0,133,1.16255,0.413093,0.936696,0.333333,0.25,0.0555556,0,0,1
0,134,-0.856375,-1.03167,-1.24703,0.111111,0.111111,0.106383,0,0,0.1
0,134,-0.771202,-0.802546,-0.40052,0.166667,0.142857,0.112676,1,0.333333,0.2
0,134,0.912704,0.814692,1.09269,0.5,0.333333,0.242424,1,0.166667,0.3
0,134,-0.95098,-0.709856,-0.896658,0.1,0.166667,0.131148,0,0.166667,0.4
1,134,2.28175,1.79944,1.70143,1,1,0.259259,0,0,0.5
1,134,0.422945,1.18345,1.09269,0.333333,0.5,0.197183,0,0,0.6
0,134,-0.846698,-0.856048,-0.916409,0.125,0.125,0.177778,1,0.166667,0.7
0,134,0.323902,0.384852,0.322931,0.25,0.2,0.164835,1,0.166667,0.8
0,134,0.28707,0.414609,0.322931,0.2,0.25,0.203704,1,0,0.9
0,134,-0.803117,-1.19691,-1.07206,0.142857,0.1,0.125,0,0,1
0,135,-0.163185,0.137577,0.187777,0.25,0.166667,0.116883,0,0,0.1
1,135,-0.312211,-2.31255,-1.18462,0.166667,0.1,0.0588235,1,0,0.2
0,135,-0.697292,1.05377,0.24762,0.125,0.5,0.135593,0,0,0.3
0,135,-0.556637,0.431967,-0.0439564,0.142857,0.25,0.0625,0,0.166667,0.4
0,135,-0.194215,0.773773,0.680788,0.2,0.333333,0.0865385,0,0,0.5
0,135,1.90162,1.11485,2.24785,1,1,0.123457,0,0,0.6
1,135,1.87468,-1.04003,0.029222,0.5,0.111111,0.125,0,0,0.7
0,135,0.0897055,-0.00388002,0.210191,0.333333,0.142857,0.118421,0,0,0.8
0,135,-0.879299,-0.525405,-1.42911,0.111111,0.125,0.0875,0,0.166667,0.9
0,135,-1.06317,0.369924,-0.945758,0.1,0.2,0.0707071,0,0,1
0,136,-0.325888,1.57238,1.37504,0.333333,1,0.217391,1,1.5,0.1
0,136,-0.436156,0.195608,-0.232803,0.142857,0.2,0.15625,1,1.5,0.2
1,136,2.32839,1.02984,1.58544,1,0.5,0.133333,1,1.5,0.3
1,136,1.5458,-1.17125,0.198587,0.5,0.125,0.126582,1,1.5,0.4
0,136,-0.382399,-0.261481,-0.232803,0.2,0.142857,0.16129,1,1.5,0.5
0,136,-0.504592,-1.21468,-1.32127,0.111111,0.111111,0.120482,1,1.5,0.6
0,136,-0.461952,0.0927736,-0.604746,0.125,0.166667,0.142857,1,1.5,0.7
0,136,-0.394,0.659684,0.150593,0.166667,0.25,0.175439,1,1.5,0.8
0,136,-0.989435,-1.60507,-1.66157,0.1,0.1,0.0720721,1,1.5,0.9
0,136,-0.379766,0.702196,0.74353,0.25,0.333333,0.185185,1,1.5,1
0,137,-1.0339,-1.40268,-1.59484,0.1,0.1,0.104167,1,0.666667,0.1
0,137,-1.03171,-1.27338,-1.26821,0.111111,0.111111,0.147059,1,0.666667,0.2
0,137,1.41098,1.37042,1.3132,0.5,0.5,0.0849057,0,0,0.3
0,137,-0.768131,0.0713277,-0.206972,0.125,0.25,0.12069,0,0,0.4
0,137,-0.727007,-0.171749,-0.407323,0.142857,0.166667,0.1,1,0.666667,0.5
1,137,1.65139,0.783911,1.31982,1,0.333333,0.13253,0,0,0.6
0,137,-0.192143,-0.679089,-0.396588,0.2,0.125,0.103448,0,0,0.7
1,137,-0.519445,-0.435121,-0.407323,0.166667,0.142857,0.122449,1,0.666667,0.8
0,137,1.30903,1.79713,1.31982,0.333333,1,0.114286,1,0,0.9
0,137,-0.0990706,-0.0607722,0.328416,0.25,0.2,0.155172,1,0.666667,1
0,138,-0.319977,0.103264,0.19718,0.2,0.2,0.108434,1,0.833333,0.1
0,138,2.54537,0.278973,1.59703,1,0.25,0.235294,0,0,0.2
0,138,0.103891,-0.148817,0.483266,0.333333,0.166667,0.0825688,0,0,0.3
1,138,0.926693,-0.870063,0.0319556,0.5,0.111111,0.103448,0,0,0.4
0,138,-0.564151,-1.55277,-1.79481,0.125,0.1,0.0898876,1,0.833333,0.5
0,138,0.0980937,-0.866634,-0.294026,0.25,0.125,0.153846,1,1,0.6
1,138,-0.763077,0.421185,-0.254932,0.111111,0.333333,0.166667,1,1,0.7
0,138,-1.09921,-0.599356,-1.54885,0.1,0.142857,0.0695652,1,0.5,0.8
0,138,-0.479055,1.29812,0.516742,0.142857,0.5,0.0408163,1,0.833333,0.9
0,138,-0.448576,1.93609,1.06645,0.166667,1,0.210526,1,1,1
0,139,0.828701,0.451594,0.386637,0.25,0.2,0.104478,0,0.333333,0.1
0,139,-1.58927,0.131281,-1.28355,0.1,0.142857,0.102564,0,0,0.2
0,139,1.07255,0.284576,0.400488,0.333333,0.166667,0.108108,0,0.333333,0.3
1,139,1.11443,-2.69795,-0.165783,0.5,0.1,0.038961,1,0.666667,0.4
0,139,-1.37565,-0.52301,-1.49304,0.111111,0.111111,0.104167,1,0.333333,0.5
1,139,1.23635,0.67427,1.79154,1,0.5,0.101266,0,0.333333,0.6
0,139,0.00998779,0.604372,0.400488,0.166667,0.333333,0.179487,0,0,0.7
0,139,-0.655085,0.462363,-0.0398349,0.142857,0.25,0.0983607,1,0.5,0.8
0,139,0.0906135,0.986001,1.10025,0.2,1,0.212121,1,0.5,0.9
0,139,-0.732625,-0.3735,-1.09719,0.125,0.125,0.12,1,0.666667,1
1,140,1.27059,-0.0489152,0.839395,0.5,0.2,0.0697674,0,0,0.1
0,140,0.529355,-0.0674963,0.393316,0.333333,0.166667,0.12766,1,0,0.2
0,140,-0.307393,-0.0735718,-0.258355,0.2,0.142857,0.1,0,0,0.3
0,140,2.09943,2.47608,2.0006,1,1,0.0595238,1,0,0.4
0,140,-0.00044032,-0.729735,-0.433675,0.25,0.111111,0.078125,0,0,0.5
0,140,-0.619015,-1.57626,-1.46074,0.125,0.1,0.0581395,0,0,0.6
0,140,-0.32911,0.158441,0.187072,0.142857,0.333333,0.142857,0,0,0.7
0,140,-0.766942,-0.0425776,-0.433675,0.111111,0.25,0.0816327,0,0,0.8
1,140,-1.5559,-0.683613,-1.46074,0.1,0.125,0.0952381,1,0,0.9
0,140,-0.320572,0.587651,0.626805,0.166667,0.5,0.0980392,0,0,1
0,141,-1.29265,-0.757331,-1.65416,0.1,0.125,0.0588235,0,0.666667,0.1
0,141,-0.331584,-0.841078,-1.21365,0.142857,0.111111,0.030303,0,0,0.2
1,141,-0.270206,0.0194036,0.189251,0.166667,0.25,0.056338,1,0,0.3
0,141,-0.794759,2.45508,0.522639,0.125,1,0.115385,0,0.666667,0.4
0,141,0.156183,-0.59974,0.211842,0.333333,0.142857,0.115385,0,0.666667,0.5
0,141,0.00618859,0.841748,0.950539,0.2,0.5,0.0645161,0,0,0.6
0,141,1.63974,-0.356926,0.709801,0.5,0.166667,0.0526316,0,0,0.7
1,141,1.87687,0.547293,1.72802,1,0.333333,0.0340136,1,0,0.8
0,141,0.133135,-1.06656,-0.704922,0.25,0.1,0.12,0,0.666667,0.9
0,141,-1.12291,-0.24189,-0.73936,0.111111,0.2,0.0833333,0,0.666667,1
1,142,1.12108,1.0721,1.29176,0.5,0.5,0.0909091,1,0.333333,0.1
0,142,-0.644383,-0.220186,-0.746454,0.125,0.142857,0.0571429,0,0,0.2
0,142,-0.789147,-1.36424,-1.40816,0.111111,0.1,0.0634921,1,0,0.3
0,142,2.30042,0.641044,1.29828,1,0.333333,0.0967742,1,0.333333,0.4
1,142,0.166416,0.0543577,0.323055,0.25,0.2,0.0677966,1,0.333333,0.5
0,142,-0.63335,-0.159502,-0.400675,0.142857,0.166667,0.0377358,1,0.333333,0.6
0,142,-1.3413,-1.1226,-1.40816,0.1,0.111111,0.0209424,0,0,0.7
0,142,-0.357598,0.240695,0.142186,0.166667,0.25,0.0588235,1,0.333333,0.8
0,142,-0.0553928,-1.12246,-0.390115,0.2,0.125,0.0373134,0,0,0.9
0,142,0.233261,1.9808,1.29828,0.333333,1,0.0851064,1,0.333333,1
0,143,-1.04994,0.0253592,-0.55619,0.111111,0.2,0.0652174,0,0.833333,0.1
0,143,-0.206639,0.0926861,0.323464,0.2,0.25,0.126984,0,0,0.2
1,143,1.97408,2.02866,1.70424,1,1,0.125,1,0.333333,0.3
0,143,-1.20346,-1.29734,-1.57079,0.1,0.1,0.0517241,0,0.5,0.4
0,143,0.888093,0.890572,0.895594,0.333333,0.333333,0.133333,0,0.333333,0.5
0,143,0.131313,-0.356413,0.142366,0.25,0.166667,0.122807,0,0.166667,0.6
0,143,-0.87466,-0.622844,-0.917923,0.125,0.125,0.0759494,0,0.166667,0.7
0,143,-0.390169,-1.20987,-0.737288,0.166667,0.111111,0.109589,0,0.5,0.8
0,143,-0.505784,-0.587643,-0.576874,0.142857,0.142857,0.0952381,0,0.5,0.9
1,143,1.23717,1.03684,1.2934,0.5,0.5,0.166667,1,0,1
0,144,0.6887,0.0417575,0.682976,0.333333,0.25,0.206897,1,0.833333,0.1
0,144,-0.932619,-0.907695,-1.05278,0.125,0.111111,0.09375,0,0.333333,0.2
0,144,-0.350943,-0.590458,-0.213843,0.2,0.142857,0.0735294,0,0,0.3
0,144,0.415519,0.60297,0.682976,0.25,0.333333,0.0657895,1,0.666667,0.4
0,144,-0.632844,-0.0599955,-0.0431327,0.166667,0.2,0.0735294,0,0,0.5
1,144,1.44144,1.67127,1.25672,0.5,0.5,0.150943,1,0.666667,0.6
0,144,-0.673599,-0.334852,-0.389806,0.142857,0.166667,0.0833333,1,0.833333,0.7
0,144,-0.935991,-0.675664,-1.05278,0.111111,0.125,0.0789474,1,0.833333,0.8
1,144,1.91697,1.71769,1.65592,1,1,0.101449,1,0.166667,0.9
0,144,-0.936629,-1.46502,-1.52625,0.1,0.1,0.0882353,0,0,1
1,145,1.6448,-1.08729,0.0302893,0.5,0.111111,0.0519481,1,0,0.1
0,145,-1.13935,0.801488,-0.241639,0.111111,0.333333,0.0689655,1,0.833333,0.2
0,145,0.404323,0.250708,0.705654,0.333333,0.2,0.138889,1,0.166667,0.3
0,145,-1.06003,0.3274,-0.278694,0.125,0.25,0.0952381,1,0.833333,0.4
0,145,-0.246896,1.20366,0.729994,0.166667,0.5,0.0434783,1,0.833333,0.5
0,145,-1.24974,-1.66837,-2.1475,0.1,0.1,0.0412371,0,0,0.6
1,145,1.67871,0.0687582,1.01084,1,0.166667,0.0833333,1,0.833333,0.7
0,145,-0.413936,-0.579315,-0.788672,0.142857,0.142857,0.0485437,1,0.833333,0.8
0,145,0.300966,1.6063,1.51375,0.25,1,0.1,0,0,0.9
0,145,0.0811405,-0.923349,-0.53402,0.2,0.125,0.0722892,1,1,1
0,146,0.262001,0.882133,1.00106,0.25,0.5,0.0487805,1,0.5,0.1
0,146,-0.991897,-0.42131,-0.795954,0.1,0.2,0.0638298,1,0.5,0.2
0,146,0.139524,-0.596569,-0.433596,0.2,0.125,0.0714286,0,0,0.3
0,146,-0.685495,-0.430271,-0.445333,0.166667,0.142857,0.0444444,1,0.5,0.4
1,146,1.54619,2.47574,1.66377,0.5,1,0.157895,0,0,0.5
1,146,1.75147,-0.423307,0.820748,1,0.166667,0.142857,0,0.166667,0.6
0,146,0.710868,0.0723208,0.780264,0.333333,0.25,0.0733945,1,0.5,0.7
0,146,-0.917977,-0.604559,-1.20275,0.125,0.111111,0.131579,1,0.166667,0.8
0,146,-0.958378,-1.3044,-1.56511,0.111111,0.1,0.15,0,0.166667,0.9
0,146,-0.856309,0.350229,0.176898,0.142857,0.333333,0.117647,1,0.166667,1
0,147,1.85714,-1.18844,0.284627,1,0.111111,0.169492,1,1,0.1
1,147,1.54053,-0.895924,0.234798,0.5,0.125,0.09375,1,0,0.2
0,147,-0.727728,0.632267,0.178054,0.166667,0.25,0.103896,1,1,0.3
0,147,-0.859355,-1.33918,-1.76337,0.111111,0.1,0.130435,0,0,0.4
0,147,-0.240428,0.953742,0.645536,0.2,0.333333,0.175439,1,1,0.5
0,147,-0.7633,-0.628819,-0.715019,0.125,0.166667,0.134328,0,0,0.6
0,147,-0.74767,0.515438,-0.275253,0.142857,0.2,0.163636,1,1,0.7
0,147,-1.08715,-0.704285,-1.34301,0.1,0.142857,0.122807,1,1,0.8
1,147,0.51697,1.33129,1.62578,0.333333,1,0.125,1,1,0.9
0,147,0.510985,1.3239,1.12787,0.25,0.5,0.12381,1,1,1
1,148,-0.271545,0.958534,0.886552,0.2,0.5,0.0967742,1,0.5,0.1
0,148,1.13369,-1.02741,0.0274689,0.5,0.111111,0.104167,0,0,0.2
0,148,-0.162289,-0.530032,-0.0413192,0.25,0.142857,0.163265,0,0,0.3
0,148,-0.536257,0.822233,0.197581,0.142857,0.333333,0.1,0,0,0.4
0,148,-0.825619,-0.0737672,-0.914121,0.111111,0.166667,0.0686275,1,0.5,0.5
0,148,-0.287446,-1.36669,-1.11355,0.166667,0.1,0.157895,0,0,0.6
0,148,-0.102381,2.06625,1.61169,0.333333,1,0.136364,1,0.666667,0.7
0,148,-0.591058,0.0414178,-0.484293,0.125,0.2,0.0714286,1,0.5,0.8
1,148,2.53222,0.0684198,1.37279,1,0.25,0.227273,1,0,0.9
0,148,-0.88931,-0.958953,-1.54281,0.1,0.125,0.0909091,1,0.166667,1
0,149,1.71943,0.286727,0.666779,0.5,0.166667,0.151515,0,0,0.1
0,149,-0.386792,1.05508,0.892926,0.2,0.5,0.223881,0,0,0.2
1,149,2.00917,-1.54666,0.0833261,1,0.1,0.206897,0,0,0.3
0,149,-0.723432,-1.28299,-1.35303,0.125,0.111111,0.148148,0,0,0.4
0,149,-0.918017,-0.345078,-1.34095,0.1,0.142857,0.1625,1,0,0.5
0,149,-0.0127166,0.472119,0.637142,0.25,0.25,0.220588,1,0.166667,0.6
1,149,0.324756,1.48693,1.62328,0.333333,1,0.333333,1,0,0.7
0,149,-0.689949,0.289307,-0.274831,0.142857,0.2,0.245902,1,0.333333,0.8
0,149,-0.793567,-1.21852,-1.35303,0.111111,0.125,0.152174,0,0,0.9
0,149,-0.528873,0.803096,0.418399,0.166667,0.333333,0.258621,1,0.166667,1
0,150,0.0829964,0.591487,0.965611,0.5,0.25,0.0704225,0,0,0.1
0,150,-0.93169,-0.899306,-1.33746,0.111111,0.111111,0.0576923,0,0,0.2
0,150,-0.50485,-0.136854,-0.982865,0.125,0.125,0.111111,0,0.333333,0.3
0,150,0.0650542,1.03264,1.39189,0.333333,1,0.108696,0,0,0.4
1,150,2.78925,-0.00774465,0.791687,1,0.166667,0.12,1,0,0.5
0,150,-0.133275,-0.0940736,-0.429565,0.166667,0.142857,0.111111,0,0.333333,0.6
0,150,-0.0301873,0.248759,0.346349,0.25,0.2,0.0980392,0,0,0.7
1,150,-0.240441,0.77459,0.170634,0.142857,0.333333,0.0952381,1,0,0.8
0,150,-0.0967471,0.969528,0.765641,0.2,0.5,0.0925926,0,0.333333,0.9
0,150,-1.00011,-2.47902,-1.68192,0.1,0.1,0.0566038,0,0,1
0,151,-0.239088,-0.311924,0.37989,0.25,0.2,0.129496,1,0.666667,0.1
0,151,-0.213654,-0.347992,0.3935,0.333333,0.166667,0.176991,1,0.666667,0.2
0,151,-0.667829,-0.563102,-1.07224,0.111111,0.142857,0.182796,0,0.166667,0.3
1,151,2.14934,2.11345,2.00154,1,1,0.274725,1,0,0.4
0,151,-0.378809,1.30315,0.627098,0.166667,0.5,0.266667,1,0.666667,0.5
0,151,-0.361471,0.582787,0.606189,0.2,0.333333,0.211765,0,0,0.6
0,151,-0.581563,0.179597,-0.239411,0.125,0.25,0.209877,1,0.833333,0.7
0,151,-0.940662,-0.884951,-1.46143,0.1,0.125,0.150538,1,0.666667,0.8
1,151,1.75116,-1.03192,0.0260199,0.5,0.111111,0.165289,1,0,0.9
0,151,-0.517428,-1.0391,-1.26115,0.142857,0.1,0.103226,1,0,1
1,152,1.76753,1.14786,1.40625,0.5,0.5,0.25,1,0.833333,0.1
0,152,-0.601961,-0.502486,-0.627207,0.142857,0.142857,0.118644,1,0.833333,0.2
0,152,-0.20612,-0.870031,-0.221637,0.25,0.125,0.0754717,0,0,0.3
0,152,-0.568443,0.00772403,0.561185,0.2,0.333333,0.0804598,1,0.833333,0.4
0,152,-0.596522,-0.874909,-0.976503,0.166667,0.1,0.0853659,0,0,0.5
0,152,-0.742019,-0.871839,-1.35807,0.111111,0.111111,0.142857,0,0,0.6
0,152,-0.661228,-0.394699,-0.621589,0.125,0.166667,0.0923077,0,0,0.7
1,152,1.93189,2.44625,1.85294,1,1,0.183099,1,0.833333,0.8
0,152,-0.875642,-0.00166303,-0.576552,0.1,0.25,0.178571,1,0.833333,0.9
0,152,0.552517,-0.086201,0.561185,0.333333,0.2,0.144928,1,0.833333,1
1,153,1.67108,0.134366,1.22708,1,0.25,0.1,1,0.5,0.1
0,153,-0.923573,-0.368616,-0.432889,0.125,0.2,0.0645161,0,0,0.2
0,153,0.753388,-0.737605,-0.195878,0.333333,0.111111,0.0833333,0,0,0.3
0,153,-1.2921,-0.689607,-1.37905,0.1,0.125,0.0888889,0,0,0.4
0,153,-0.318676,-0.618231,-0.444606,0.166667,0.142857,0.0930233,0,0,0.5
0,153,0.58409,0.481237,0.999423,0.25,0.5,0.113636,1,0.5,0.6
1,153,1.36882,2.67867,1.66106,0.5,1,0.222222,1,0.5,0.7
0,153,-0.78938,-0.792051,-1.19007,0.142857,0.1,0.0923077,0,0,0.8
0,153,-1.08486,-0.494725,-0.817094,0.111111,0.166667,0.0666667,0,0,0.9
0,153,0.0312072,0.406565,0.572019,0.2,0.333333,0.130435,1,0.5,1
0,154,-0.791958,1.10027,0.0296123,0.111111,0.5,0.0384615,1,0.166667,0.1
0,154,-1.80764,-1.81804,-2.0995,0.1,0.1,0.0215054,0,0,0.2
0,154,-0.400072,0.17835,-0.294162,0.142857,0.2,0.115385,0,0,0.3
0,154,1.11223,-0.750444,0.250928,0.5,0.125,0.0454545,0,0,0.4
1,154,1.84087,0.864695,1.73746,1,0.333333,0.0769231,1,0,0.5
0,154,0.902716,-0.59132,0.212999,0.333333,0.142857,0.0384615,0,0,0.6
1,154,-0.422441,0.0108086,-0.764138,0.125,0.166667,0.130435,1,0.166667,0.7
0,154,0.2744,-1.04542,-0.493781,0.25,0.111111,0.0416667,0,0,0.8
0,154,-0.354051,1.5711,1.2303,0.2,1,0.130435,0,0,0.9
0,154,-0.354051,0.480003,0.190285,0.166667,0.25,0.125,0,0,1
0,155,-0.46144,-1.75268,-1.11665,0.142857,0.1,0.129032,1,0.833333,0.1
0,155,0.117554,0.174858,0.53673,0.333333,0.2,0.169231,0,0,0.2
0,155,-0.44128,0.308193,0.148042,0.166667,0.25,0.0934579,1,0.833333,0.3
0,155,0.441202,0.95716,1.34497,0.5,0.5,0.111111,1,0.833333,0.4
1,155,2.79786,1.86611,1.77219,1,1,0.206897,1,0.833333,0.5
0,155,-0.387332,-0.0631399,-0.228859,0.2,0.142857,0.10101,0,0.333333,0.6
1,155,-0.582495,-0.484886,-1.12671,0.111111,0.125,0.145455,1,0.833333,0.7
0,155,-0.0570406,0.0639643,0.148042,0.25,0.166667,0.10989,0,0.333333,0.8
0,155,-0.863597,-1.42609,-1.46615,0.1,0.111111,0.133333,1,0.833333,0.9
0,155,-0.563433,0.356516,-0.0116099,0.125,0.333333,0.137931,0,0.333333,1
0,156,-0.732574,1.28009,0.383001,0.111111,1,0.177778,1,1.16667,0.1
1,156,2.71615,0.858006,2.18769,1,0.333333,0.0978261,1,1,0.2
0,156,-0.72632,1.24235,0.31595,0.125,0.5,0.181818,1,1.16667,0.3
0,156,-0.133384,-0.223328,-0.962148,0.166667,0.125,0.149254,1,1,0.4
0,156,0.235128,-0.0169728,0.898613,0.5,0.166667,0.0769231,1,1.16667,0.5
0,156,0.0163924,-1.04319,-0.936035,0.2,0.111111,0.0662252,1,0.333333,0.6
0,156,0.100525,0.0379618,0.544371,0.25,0.2,0.126582,1,1,0.7
1,156,-1.12124,0.160884,-0.892436,0.1,0.25,0.0933333,1,0.333333,0.8
0,156,0.100888,-2.21577,-0.568157,0.333333,0.1,0.145161,0,0.166667,0.9
0,156,-0.455562,-0.0800355,-0.970844,0.142857,0.142857,0.1,1,1,1
0,157,-0.762315,0.337768,-0.502598,0.111111,0.25,0.0531915,0,0.166667,0.1
0,157,-0.125122,-0.0123405,0.455825,0.333333,0.166667,0.146341,1,0,0.2
0,157,-0.538985,-0.902418,-0.777783,0.166667,0.125,0.0487805,0,0,0.3
0,157,-0.671014,0.4273,-0.0151892,0.125,0.333333,0.106383,1,0.166667,0.4
0,157,-0.207702,-0.775514,-0.299415,0.2,0.142857,0.125,0,0,0.5
0,157,-0.766981,0.0308885,-0.975505,0.1,0.2,0.0549451,0,0.166667,0.6
1,157,1.50432,2.00084,2.03908,0.5,1,0.145833,0,0,0.7
0,157,-0.13095,1.23178,1.22687,0.25,0.5,0.26087,0,0,0.8
0,157,-0.618286,-1.2955,-1.4609,0.142857,0.1,0.0666667,1,0.166667,0.9
1,157,2.31704,-1.04281,0.309611,1,0.111111,0.0754717,1,0,1
1,158,-0.92615,-0.243618,-1.53482,0.1,0.125,0.133333,1,0.666667,0.1
0,158,-0.534167,0.867425,0.413262,0.166667,0.333333,0.14,0,0.333333,0.2
0,158,-0.74626,-0.0968319,-1.12609,0.111111,0.142857,0.06,0,0,0.3
0,158,-0.717453,0.242633,-0.271457,0.142857,0.2,0.0526316,1,0.333333,0.4
1,158,2.26957,1.34487,2.10206,1,1,0.195122,1,0.666667,0.5
0,158,-0.139348,-1.98309,-0.884417,0.2,0.1,0.122449,1,0.333333,0.6
0,158,1.41956,0.0586737,0.658592,0.5,0.166667,0.111111,0,0,0.7
0,158,-0.743933,0.930317,0.23156,0.125,0.5,0.117647,1,0.5,0.8
0,158,0.199344,-1.53026,-0.218004,0.333333,0.111111,0.116279,1,0.166667,0.9
0,158,-0.0811604,0.409884,0.62932,0.25,0.25,0.0339806,0,0,1
0,159,0.235667,-0.281033,0.367547,0.333333,0.166667,0.10084,0,0,0.1
0,159,-0.342575,0.0484943,0.566209,0.2,0.333333,0.0689655,1,0,0.2
0,159,0.600335,-0.0779969,0.989271,0.5,0.25,0.136986,1,0,0.3
0,159,-0.470299,-0.296413,-0.632822,0.142857,0.142857,0.109756,1,0,0.4
0,159,-0.701234,-0.190652,-0.428491,0.125,0.2,0.109091,1,0.666667,0.5
0,159,-0.842735,-0.866306,-1.54668,0.1,0.111111,0.0618557,1,0.5,0.6
1,159,2.69978,2.82271,1.86953,1,1,0.32,1,0,0.7
0,159,-0.737901,-0.436816,-1.18859,0.111111,0.125,0.0721649,1,0.5,0.8
0,159,-0.458251,0.195225,0.58574,0.166667,0.5,0.125,1,0.5,0.9
1,159,0.0172125,-0.917213,-0.581714,0.25,0.1,0.0945946,1,0.166667,1
1,160,0.657564,0.0750809,0.577711,0.5,0.166667,0.302326,0,0,0.1
0,160,0.352737,0.197822,0.76051,0.333333,0.25,0.176471,0,0,0.2
0,160,-0.247462,-0.32369,-0.422618,0.2,0.125,0.207547,0,0,0.3
1,160,2.65582,2.16072,1.8439,1,1,0.311475,1,0,0.4
0,160,-0.697864,0.344811,-0.0120797,0.125,0.333333,0.150943,0,0,0.5
0,160,-0.322627,-0.761298,-0.797708,0.166667,0.111111,0.192982,0,0,0.6
0,160,-0.63133,0.112559,-0.238119,0.142857,0.2,0.186441,0,0,0.7
0,160,-0.741178,-0.168972,-0.987798,0.111111,0.142857,0.15873,0,0,0.8
0,160,-0.875827,-2.06393,-1.69951,0.1,0.1,0.134328,0,0,0.9
0,160,-0.149836,0.426896,0.975711,0.25,0.5,0.214286,0,0,1
1,161,2.34362,-2.3879,0.107565,1,0.1,0.0967742,0,0,0.1
0,161,-0.85042,0.576978,0.302633,0.125,0.5,0.148936,1,1.33333,0.2
0,161,0.167863,-0.0291975,-0.0715593,0.2,0.166667,0.111111,1,1.33333,0.3
0,161,-0.708117,-0.584144,-1.18851,0.166667,0.111111,0.112676,1,1.33333,0.4
0,161,-0.775505,-0.146668,-0.929924,0.142857,0.142857,0.0972222,1,1.33333,0.5
0,161,0.411423,-0.170498,-0.0179977,0.333333,0.125,0.0833333,1,1.33333,0.6
0,161,-0.878092,0.0905485,-0.896582,0.111111,0.2,0.112903,1,1.33333,0.7
0,161,0.386653,0.322409,0.82248,0.25,0.25,0.126582,1,1.33333,0.8
0,161,-0.931504,0.552126,-0.54421,0.1,0.333333,0.12,1,1.33333,0.9
1,161,0.834078,1.77634,2.41611,0.5,1,0.120482,1,1.33333,1
0,162,-0.228307,0.117316,-0.647916,0.125,0.166667,0.109375,1,1.16667,0.1
0,162,0.0616665,-0.116965,-0.647916,0.166667,0.125,0.177778,1,0.5,0.2
0,162,-0.0324017,0.553009,-0.0377687,0.142857,0.25,0.0754717,1,1,0.3
1,162,1.38087,0.872998,1.69862,1,0.5,0.163934,1,1.16667,0.4
1,162,-2.43708,-2.55534,-1.78018,0.1,0.1,0.0428571,0,0,0.5
0,162,0.785637,0.471259,0.81037,0.5,0.2,0.115942,1,1,0.6
0,162,-0.882049,0.692254,-0.200307,0.111111,0.333333,0.102941,1,1,0.7
0,162,0.65426,0.904927,1.4732,0.333333,1,0.15,1,1,0.8
0,162,0.225424,-0.0151097,-0.249421,0.2,0.142857,0.222222,1,1.16667,0.9
0,162,0.47198,-0.924346,-0.418679,0.25,0.111111,0.142857,0,0,1
0,163,-0.537358,0.808077,0.423784,0.166667,0.333333,0.116279,1,0.666667,0.1
0,163,-1.04264,-1.47862,-1.98678,0.1,0.1,0.056338,0,0,0.2
1,163,1.5913,1.83902,1.89575,0.5,1,0.14,1,0.666667,0.3
0,163,-0.599534,0.816628,0.45314,0.142857,0.5,0.0877193,1,0.666667,0.4
0,163,0.833312,0.11216,0.423784,0.333333,0.166667,0.0746269,1,0.666667,0.5
0,163,-0.392494,0.231961,0.409127,0.25,0.2,0.119048,0,0,0.6
1,163,1.93918,-1.2268,0.287848,1,0.111111,0.0444444,0,0,0.7
0,163,-0.71996,-0.482972,-1.15477,0.111111,0.142857,0.0549451,0,0,0.8
0,163,-0.411604,-1.05648,-0.494053,0.2,0.125,0.0493827,0,0,0.9
0,163,-0.660197,0.437029,-0.257837,0.125,0.25,0.057971,1,0.666667,1
0,164,-0.540622,0.691735,0.651385,0.2,0.333333,0.0666667,0,0,0.1
0,164,-0.664524,-0.230464,-1.36739,0.111111,0.125,0.0533333,0,0,0.2
0,164,-0.617345,0.893075,0.452129,0.142857,0.5,0.0392157,0,0,0.3
1,164,2.16706,0.521832,1.39734,1,0.25,0.1,0,0,0.4
0,164,0.782519,-1.14564,-0.223056,0.333333,0.111111,0.0449438,1,0,0.5
0,164,-0.55366,1.09245,0.933099,0.166667,1,0.0816327,0,0,0.6
0,164,-0.650186,0.479154,-0.49295,0.125,0.2,0.0533333,0,0,0.7
0,164,0.923868,0.224166,0.673854,0.5,0.166667,0.0304878,0,0,0.8
0,164,0.480573,-0.162785,-0.0420579,0.25,0.142857,0.0462963,0,0,0.9
1,164,-1.32769,-2.36352,-1.98235,0.1,0.1,0.0307692,0,0,1
0,165,-0.523964,0.0910017,-0.414295,0.142857,0.166667,0.112069,1,0.166667,0.1
0,165,-0.707791,-1.18082,-1.11892,0.125,0.111111,0.118182,0,0,0.2
0,165,1.23968,1.04055,1.33568,0.5,0.5,0.184783,0,0,0.3
1,165,-1.63941,-1.97215,-1.62213,0.1,0.1,0.189655,0,0,0.4
0,165,0.685017,0.856692,0.924868,0.333333,0.333333,0.129771,1,0.166667,0.5
0,165,-1.16628,-0.503273,-1.11892,0.111111,0.125,0.2,1,0,0.6
1,165,0.31861,0.106261,0.334037,0.25,0.2,0.16092,1,0,0.7
0,165,1.7277,0.165927,1.14343,1,0.25,0.196078,0,0,0.8
0,165,-0.169149,1.59931,0.763545,0.166667,1,0.178082,1,0.166667,0.9
0,165,0.235596,-0.203502,-0.227278,0.2,0.142857,0.144231,1,0.166667,1
0,166,0.21757,0.320805,0.75104,0.333333,0.25,0.0361446,0,0,0.1
0,166,-0.761277,-0.664257,-1.1577,0.111111,0.125,0.0241935,0,0,0.2
0,166,-0.19862,0.831495,0.570517,0.166667,0.5,0.0545455,0,0,0.3
0,166,0.165223,0.0390174,-0.0474312,0.2,0.166667,0.0340909,0,0,0.4
0,166,0.199871,0.193993,0.345613,0.25,0.2,0.0357143,0,0,0.5
1,166,2.17756,2.06952,1.82094,1,1,0.0246914,1,0,0.6
0,166,0.932823,-0.566418,0.382794,0.5,0.142857,0.0291262,0,0,0.7
1,166,-1.7861,-1.42346,-1.67835,0.1,0.1,0.0204082,1,0,0.8
0,166,-0.384411,0.541657,0.170272,0.142857,0.333333,0.0441176,0,0,0.9
0,166,-0.562636,-1.34236,-1.1577,0.125,0.111111,0.0405405,0,0,1
0,167,-0.422982,-0.236937,-0.548792,0.166667,0.142857,0.112903,1,1.5,0.1
0,167,-0.370057,0.537889,0.961535,0.25,0.333333,0.159091,1,1.5,0.2
0,167,-0.51729,-0.0673967,-0.548792,0.142857,0.166667,0.12963,1,1.5,0.3
1,167,2.31846,2.09487,2.3313,1,1,0.363636,1,1.5,0.4
1,167,1.43496,-0.711158,0.0303068,0.5,0.111111,0.244444,1,1.5,0.5
0,167,-1.00027,0.174446,-0.725396,0.1,0.25,0.133333,1,1.5,0.6
0,167,-0.615357,0.715485,0.256813,0.125,0.5,0.193548,1,1.5,0.7
0,167,-0.417108,0.051594,0.187006,0.2,0.2,0.111111,1,1.5,0.8
0,167,0.210024,-1.96389,-0.461813,0.333333,0.1,0.136364,1,1.5,0.9
0,167,-0.620382,-0.594907,-1.48217,0.111111,0.125,0.0789474,1,1.5,1
0,168,0.00959357,-0.771596,-0.403384,0.25,0.111111,0.145455,1,1.33333,0.1
1,168,1.60097,0.545205,1.19508,0.5,0.333333,0.138889,1,1.5,0.2
0,168,-0.157692,0.0240825,0.14927,0.2,0.2,0.142857,1,1.33333,0.3
0,168,-0.715127,-0.669752,-0.816084,0.142857,0.125,0.0789474,1,1.33333,0.4
1,168,2.13583,2.37465,1.86086,1,1,0.241379,1,0.166667,0.5
0,168,-0.715127,-0.618412,-0.816084,0.125,0.142857,0.0789474,1,1.33333,0.6
0,168,-0.802533,0.561012,0.0241912,0.111111,0.5,0.127273,1,1.33333,0.7
0,168,0.120257,0.448428,0.767504,0.333333,0.25,0.097561,1,1.33333,0.8
0,168,-0.937174,-1.35185,-1.71514,0.1,0.1,0.0693069,1,1.33333,0.9
0,168,-0.539001,-0.541776,-0.246212,0.166667,0.166667,0.0879121,1,1.33333,1
0,169,0.304467,0.0404869,-0.227115,0.166667,0.166667,0.1,0,0,0.1
0,169,0.546991,-0.129063,-0.0335664,0.25,0.142857,0.0787402,0,0.333333,0.2
0,169,0.897232,0.724368,1.30272,0.5,0.5,0.0963855,0,0,0.3
0,169,0.665691,0.290676,0.707975,0.333333,0.25,0.111111,0,0,0.4
0,169,0.0894469,-1.58943,-1.08157,0.142857,0.1,0.0735294,1,0,0.5
1,169,-1.8756,-1.34299,-1.4201,0.1,0.111111,0.102564,0,0,0.6
0,169,0.543867,0.714785,0.519871,0.2,0.333333,0.0963855,1,0.333333,0.7
0,169,-1.8531,-0.79232,-1.09132,0.111111,0.125,0.0862069,0,0,0.8
1,169,1.00095,1.97272,1.71653,1,1,0.151515,0,0,0.9
0,169,-0.319935,0.110777,-0.393424,0.125,0.2,0.0769231,0,0.333333,1
1,170,1.74477,-0.659101,0.632637,1,0.142857,0.181818,1,0.166667,0.1
0,170,-1.01102,0.0517435,-0.624225,0.111111,0.2,0.0952381,0,0,0.2
0,170,-1.38686,-1.43565,-1.76293,0.1,0.1,0.115385,0,0,0.3
1,170,0.74157,1.5412,1.45893,0.333333,1,0.111111,0,0,0.4
0,170,-0.24369,-0.671407,-0.641639,0.166667,0.125,0.056,0,0,0.5
0,170,-0.527369,0.860357,0.178853,0.142857,0.333333,0.0806452,0,0,0.6
0,170,-0.925842,-1.20384,-1.21604,0.125,0.111111,0.0480769,0,0,0.7
0,170,1.44606,0.423991,1.01212,0.5,0.25,0.09375,1,0.166667,0.8
0,170,0.365205,1.47088,1.01212,0.25,0.5,0.106061,0,0,0.9
0,170,-0.202834,-0.378172,-0.0498215,0.2,0.166667,0.115385,1,0,1
1,171,0.9287,0.21116,1.30983,0.5,0.25,0.173913,0,0,0.1
0,171,0.599948,-0.671766,-0.53658,0.25,0.111111,0.242424,1,0.833333,0.2
0,171,0.486766,0.295451,0.749678,0.2,0.333333,0.117647,1,0,0.3
1,171,0.864602,0.46649,1.58969,0.333333,0.5,0.296296,1,0.833333,0.4
0,171,-0.376376,0.196603,-0.064476,0.166667,0.2,0.076087,1,0.833333,0.5
0,171,-0.580722,0.0336269,-0.582693,0.142857,0.166667,0.259259,1,0.833333,0.6
0,171,-1.62358,-0.615644,-1.80736,0.1,0.125,0.0666667,0,0,0.7
0,171,1.61083,-1.96464,0.0969175,1,0.1,0.118421,0,0,0.8
0,171,-1.31499,2.21221,0.330544,0.111111,1,0.076087,1,0.833333,0.9
0,171,-0.595179,-0.163493,-1.08555,0.125,0.142857,0.25,1,0.833333,1
0,172,0.710344,1.27339,1.1287,0.333333,0.5,0.0806452,0,0,0.1
0,172,0.0428719,1.53325,1.14183,0.25,1,0.36,0,0.333333,0.2
0,172,-0.589946,-0.869607,-0.770754,0.142857,0.125,0.117647,0,0.333333,0.3
0,172,-0.771469,-1.32955,-1.28812,0.111111,0.111111,0.177778,0,0.333333,0.4
0,172,-0.61735,0.228656,-0.402815,0.125,0.2,0.102564,1,0.333333,0.5
0,172,-0.569369,-0.534934,-0.413718,0.166667,0.142857,0.195122,0,0.166667,0.6
0,172,-1.2598,-1.48244,-1.61988,0.1,0.1,0.152174,1,0.5,0.7
1,172,-0.0757098,0.39867,0.333572,0.2,0.25,0.173077,0,0.166667,0.8
1,172,2.38754,0.892531,1.34054,1,0.333333,0.181818,1,0.333333,0.9
0,172,0.742889,-0.109968,0.55064,0.5,0.166667,0.140845,0,0.166667,1
0,173,0.0447563,0.105752,0.141709,0.2,0.2,0.169811,0,0.333333,0.1
0,173,-0.357139,-0.636426,-0.774746,0.142857,0.125,0.101266,0,0.333333,0.2
1,173,1.01278,0.978726,1.34072,0.5,0.5,0.138462,1,0.166667,0.3
0,173,0.0550185,-1.18246,-0.38295,0.25,0.111111,0.105263,1,0.166667,0.4
0,173,-0.265768,-0.0973073,-0.23374,0.166667,0.166667,0.111111,1,0.666667,0.5
0,173,-1.25448,-1.3565,-1.62826,0.1,0.1,0.0888889,1,0.333333,0.6
0,173,0.129135,0.155628,0.928363,0.333333,0.333333,0.183673,1,0.166667,0.7
0,173,-0.814615,-0.38262,-0.774746,0.125,0.142857,0.076087,1,0.333333,0.8
1,173,2.37824,2.27785,1.7666,1,1,0.204545,1,0.166667,0.9
0,173,-0.927931,0.137361,-0.38295,0.111111,0.25,0.0943396,0,0,1
0,174,0.694793,0.372991,0.615707,0.25,0.25,0.271186,1,0.333333,0.1
0,174,-1.3463,-0.341463,-1.10173,0.111111,0.142857,0.229508,0,0,0.2
0,174,-0.348758,1.26905,0.432331,0.142857,0.5,0.306122,0,0,0.3
0,174,1.30535,0.238096,1.11078,1,0.2,0.280702,0,0,0.4
0,174,1.19175,-1.16821,0.0267356,0.5,0.111111,0.275,1,0.166667,0.5
0,174,-0.192237,0.0731744,-0.272108,0.166667,0.166667,0.25,1,0,0.6
1,174,0.273824,1.57347,1.11078,0.2,1,0.652174,1,0,0.7
1,174,0.853359,0.585485,1.08075,0.333333,0.333333,0.291667,1,0.5,0.8
0,174,-0.640572,-1.80214,-1.50162,0.125,0.1,0.194444,1,0.333333,0.9
0,174,-1.7912,-0.800459,-1.50162,0.1,0.125,0.171429,0,0,1
0,175,-0.593705,-1.31604,-1.87679,0.1,0.1,0.0588235,0,0.5,0.1
0,175,-0.538999,-0.190305,-0.68308,0.125,0.166667,0.0769231,0,0,0.2
1,175,2.78288,0.798697,1.7908,1,0.5,0.097561,1,0,0.3
0,175,-0.513601,0.0592433,-0.0530393,0.166667,0.2,0.0714286,0,0.5,0.4
0,175,-0.536278,-0.444041,-0.689254,0.142857,0.142857,0.0597015,0,0,0.5
1,175,-0.384646,2.27243,1.32293,0.25,1,0.0701754,1,0.166667,0.6
0,175,0.166923,-0.823637,-0.0133398,0.333333,0.125,0.125,0,0.5,0.7
0,175,-0.446844,0.403722,0.616701,0.2,0.333333,0.117647,1,0.166667,0.8
0,175,-0.55252,0.361278,-0.441402,0.111111,0.25,0.107143,0,0,0.9
0,175,0.616789,-1.12134,0.0264711,0.5,0.111111,0.0722892,0,0.5,1
0,176,-0.868308,-0.512726,-0.772405,0.111111,0.166667,0.09375,1,0,0.1
0,176,-0.905062,-0.587863,-1.12498,0.1,0.142857,0.0746269,0,0,0.2
0,176,-0.485767,-1.30242,-1.12498,0.142857,0.1,0.107143,0,0,0.3
0,176,0.309065,-0.0375976,0.540734,0.333333,0.2,0.0909091,0,0,0.4
0,176,0.0894477,-0.614892,-0.21356,0.25,0.125,0.166667,0,0,0.5
0,176,-0.454689,0.0115421,0.149147,0.166667,0.25,0.159091,0,0,0.6
0,176,-0.407135,0.310673,0.540734,0.2,0.333333,0.2,0,0,0.7
1,176,2.32589,1.72214,1.57021,1,0.5,0.144737,1,0,0.8
1,176,1.25339,1.87344,1.57021,0.5,1,0.131579,0,0,0.9
0,176,-0.856833,-0.862297,-1.13511,0.125,0.111111,0.115385,0,0,1
0,177,-0.952377,0.376977,-0.393387,0.111111,0.25,0.0735294,1,0.5,0.1
0,177,0.799981,0.375045,0.549617,0.333333,0.2,0.128571,1,0.5,0.2
0,177,-0.707607,-0.867741,-1.15376,0.125,0.111111,0.0875,1,0.5,0.3
0,177,-1.13247,-0.777922,-1.14346,0.1,0.142857,0.0784314,1,0.5,0.4
1,177,-0.448435,0.0315875,-0.24011,0.166667,0.166667,0.0921053,0,0.166667,0.5
0,177,-0.627097,-1.73496,-1.14346,0.142857,0.1,0.0786517,0,0,0.6
0,177,0.975138,1.10419,1.37726,0.5,0.5,0.157895,1,0,0.7
0,177,0.0292716,-0.862234,-0.217069,0.25,0.125,0.0731707,0,0,0.8
0,177,-0.191826,0.624271,0.549617,0.2,0.333333,0.0860215,0,0.166667,0.9
1,177,2.25542,1.73079,1.81475,1,1,0.152778,1,0,1
0,178,-0.712539,1.81959,0.97724,0.166667,1,0.208333,0,0,0.1
1,178,1.49206,-0.888962,0.300792,1,0.111111,0.0833333,0,0,0.2
1,178,-0.838142,-2.02026,-1.64467,0.125,0.1,0.178571,0,0,0.3
0,178,0.329697,0.424782,0.427524,0.2,0.25,0.21875,0,0,0.4
0,178,-1.19935,-0.0599327,-1.41929,0.1,0.142857,0.192308,0,0,0.5
0,178,0.448821,-0.844688,-0.269431,0.25,0.125,0.145455,0,0,0.6
0,178,-1.17849,-0.0416028,-0.974479,0.111111,0.166667,0.2,0,0,0.7
0,178,-0.712695,0.479496,0.210627,0.142857,0.333333,0.171429,0,0,0.8
0,178,1.41796,0.410875,0.945089,0.5,0.2,0.272727,1,0,0.9
0,178,0.952678,0.720701,1.4466,0.333333,0.5,0.163265,0,0,1
0,179,0.93301,-0.927482,-0.19474,0.333333,0.111111,0.0757576,1,0.166667,0.1
0,179,-0.304021,-0.549109,-0.242489,0.2,0.142857,0.0425532,1,0,0.2
0,179,0.51672,-0.388724,0.156859,0.25,0.166667,0.0684932,1,0.666667,0.3
1,179,1.40677,2.17976,1.6514,0.5,1,0.206897,1,0.666667,0.4
0,179,-0.853751,-0.138293,-0.0367189,0.142857,0.25,0.0952381,1,0.666667,0.5
0,179,-0.985545,-1.06847,-1.7307,0.1,0.1,0.0441176,1,0.666667,0.6
0,179,-0.968727,-0.77656,-1.19381,0.111111,0.125,0.0816327,1,1.16667,0.7
0,179,-0.932494,0.590083,-0.0123014,0.125,0.333333,0.102564,1,0.666667,0.8
1,179,1.72918,1.32741,1.6514,1,0.5,0.0972222,1,1.33333,0.9
0,179,-0.54114,-0.248601,-0.0489106,0.166667,0.2,0.040404,1,0.666667,1
0,180,-0.431944,-0.325557,-0.424212,0.142857,0.166667,0.181818,1,0,0.1
1,180,-0.0434961,-0.996687,-0.588119,0.2,0.111111,0.060241,0,0,0.2
0,180,-1.28855,-0.562586,-1.14571,0.111111,0.125,0.105263,1,0.333333,0.3
0,180,-1.31564,-1.30206,-1.66096,0.1,0.1,0.0925926,1,0.166667,0.4
0,180,-0.817002,-0.458761,-0.790304,0.125,0.142857,0.084507,0,0,0.5
1,180,1.4574,-0.128039,0.756101,0.5,0.2,0.103448,0,0,0.6
0,180,0.362705,2.1507,1.1708,0.25,1,0.170213,1,0.333333,0.7
0,180,0.816287,1.41968,1.15733,0.333333,0.5,0.102564,1,0.5,0.8
0,180,-0.379027,0.113085,0.354286,0.166667,0.333333,0.0983607,0,0,0.9
0,180,1.63927,0.0902296,1.1708,1,0.25,0.0364583,0,0,1
0,181,0.0511641,0.655544,0.169414,0.142857,0.333333,0.195122,1,0,0.1
0,181,0.311672,0.71911,0.958706,0.25,0.5,0.126984,1,0.333333,0.2
0,181,-0.874374,-0.615621,-1.15186,0.125,0.111111,0.10101,0,0,0.3
1,181,-1.19473,0.0873755,-0.591281,0.111111,0.2,0.122807,1,0.166667,0.4
1,181,1.03224,-0.161921,0.567642,0.5,0.166667,0.15493,1,0.333333,0.5
0,181,0.294658,-0.235039,-0.233969,0.2,0.142857,0.149254,0,0,0.6
0,181,-1.96972,-2.28141,-1.66989,0.1,0.1,0.0620155,0,0,0.7
0,181,0.729626,0.58267,0.747255,0.333333,0.25,0.0978261,1,0.166667,0.8
0,181,0.164556,-0.438453,-0.607776,0.166667,0.125,0.2,0,0,0.9
0,181,1.45491,1.68774,1.81177,1,1,0.135802,1,0.333333,1
0,182,0.0461579,-1.46363,-0.611726,0.25,0.1,0.166667,1,0.166667,0.1
0,182,2.22598,2.03393,1.96599,1,1,0.0621118,0,0,0.2
1,182,1.21353,1.36929,1.49204,0.5,0.5,0.0943396,1,0.166667,0.3
0,182,-0.390598,-0.684494,-0.862186,0.142857,0.125,0.0674157,1,0.166667,0.4
0,182,-0.111882,0.370909,0.38651,0.166667,0.333333,0.0784314,0,0,0.5
0,182,-0.81054,-0.087124,-0.450599,0.125,0.2,0.107692,0,0,0.6
0,182,-1.18101,-0.546993,-1.23875,0.1,0.142857,0.0594059,1,0.166667,0.7
0,182,-1.14454,-0.164552,-0.850523,0.111111,0.166667,0.0740741,0,0,0.8
0,182,0.202421,-0.944591,-0.203892,0.333333,0.111111,0.0816327,0,0,0.9
1,182,-0.0495258,0.117263,0.373142,0.2,0.25,0.0446429,1,0,1
0,183,0.265587,-0.0901691,0.392236,0.25,0.2,0.125,0,0,0.1
1,183,2.43981,0.492247,1.5763,1,0.333333,0.184615,1,0.666667,0.2
0,183,0.466197,0.228248,0.852354,0.333333,0.25,0.0865385,1,0,0.3
0,183,0.579184,1.327,1.56839,0.5,0.5,0.135135,0,0,0.4
0,183,-0.878899,-0.409451,-1.10709,0.111111,0.142857,0.163636,1,0.666667,0.5
0,183,-1.03928,2.00847,0.0809143,0.1,1,0.191489,1,0.666667,0.6
1,183,-0.591097,-0.657853,-0.693258,0.166667,0.125,0.205128,0,0,0.7
0,183,0.258315,-1.31728,-0.869493,0.2,0.1,0.140845,1,0.666667,0.8
0,183,-0.626235,-1.18863,-1.10709,0.142857,0.111111,0.0733333,0,0,0.9
0,183,-0.87358,-0.392582,-0.693258,0.125,0.166667,0.138462,1,0.666667,1
0,184,0.883589,0.297915,1.15407,0.333333,0.333333,0.15873,0,0,0.1
0,184,-1.91446,0.00340351,-0.92399,0.1,0.2,0.0925926,1,0.166667,0.2
1,184,1.46483,-1.47507,0.0859857,1,0.1,0.122449,1,0,0.3
0,184,-0.328076,-0.395991,-0.743368,0.142857,0.142857,0.117647,0,0,0.4
0,184,-0.0893116,0.23779,0.183455,0.166667,0.25,0.0649351,1,0.166667,0.5
0,184,-0.401415,-0.737632,-1.18285,0.125,0.125,0.185185,0,0,0.6
1,184,-1.02879,-1.06165,-1.60959,0.111111,0.111111,0.108108,0,0,0.7
0,184,1.43843,-0.0480039,0.688061,0.5,0.166667,0.104839,0,0,0.8
0,184,0.0314525,0.959232,1.16208,0.25,0.5,0.190476,0,0,0.9
0,184,-0.0562613,2.22001,1.18614,0.2,1,0.188679,0,0,1
0,185,0.655654,0.406245,0.74448,0.25,0.333333,0.319444,1,1,0.1
0,185,0.730876,1.54334,1.15923,0.333333,0.5,0.37931,0,0,0.2
0,185,0.230454,-1.16493,-0.75945,0.2,0.1,0.220183,1,1,0.3
0,185,-0.944752,0.349974,-0.391283,0.111111,0.25,0.365385,0,0,0.4
0,185,-0.866275,-0.629924,-0.791603,0.125,0.142857,0.289855,1,1,0.5
0,185,-0.114663,-0.31214,-0.238826,0.166667,0.166667,0.328125,1,1,0.6
1,185,1.28152,1.90729,1.80504,1,1,0.289157,1,1,0.7
1,185,1.28037,-0.25281,0.757343,0.5,0.2,0.272727,0,0,0.8
0,185,-1.99453,-1.11303,-1.49333,0.1,0.111111,0.173469,1,1,0.9
0,185,-0.258648,-0.734008,-0.791603,0.142857,0.125,0.304348,1,1,1
0,186,-0.935065,-0.150925,-1.32084,0.111111,0.142857,0.0740741,1,0.666667,0.1
0,186,0.195811,-0.671809,-0.804661,0.2,0.111111,0.173077,1,0.666667,0.2
0,186,0.350643,1.93946,1.88064,0.333333,1,0.0884956,1,0.666667,0.3
0,186,0.288654,1.01956,1.30468,0.25,0.5,0.09,1,0.666667,0.4
0,186,-0.914877,0.172536,-0.0161525,0.125,0.333333,0.0833333,1,0.166667,0.5
1,186,0.937769,0.071497,0.772491,0.5,0.166667,0.175439,0,0,0.6
0,186,-0.624092,-0.544288,-0.827109,0.166667,0.125,0.2,0,0,0.7
0,186,-0.942289,0.0821633,-1.03737,0.1,0.2,0.0695652,1,0.833333,0.8
0,186,-0.684394,0.16945,-0.0482143,0.142857,0.25,0.0860215,0,0,0.9
1,186,2.32784,-2.08765,0.0965368,1,0.1,0.115942,1,0,1
0,187,-0.807471,-0.536608,-0.898514,0.125,0.125,0.115942,0,0,0.1
0,187,-0.658889,-0.775475,-0.893675,0.142857,0.111111,0.0808081,1,0,0.2
0,187,-0.194995,0.0872691,0.316624,0.2,0.25,0.108434,1,0.166667,0.3
0,187,-0.842767,-0.400374,-0.721698,0.111111,0.166667,0.155556,1,0.166667,0.4
1,187,0.36794,-0.12822,0.316624,0.25,0.2,0.109756,0,0,0.5
0,187,0.547777,0.20407,1.26605,0.5,0.5,0.230769,0,0,0.6
0,187,-0.435733,-0.49552,-0.392699,0.166667,0.142857,0.12963,0,0,0.7
1,187,2.55204,2.77911,1.66821,1,1,0.319149,0,0,0.8
0,187,0.402404,0.201266,0.876656,0.333333,0.333333,0.186441,0,0,0.9
0,187,-0.930301,-0.935518,-1.53757,0.1,0.1,0.114286,0,0,1
0,188,-0.82181,-0.347455,-0.579354,0.125,0.166667,0.0645161,1,0.333333,0.1
0,188,0.790788,0.592529,0.907573,0.333333,0.333333,0.137255,1,0,0.2
0,188,0.0800037,-0.459618,-0.033772,0.25,0.142857,0.132075,0,0,0.3
0,188,-0.506219,0.0473422,0.138535,0.2,0.2,0.147059,1,0.333333,0.4
0,188,-0.91875,-1.50511,-1.5918,0.1,0.1,0.0909091,0,0,0.5
0,188,-0.869543,-0.992758,-1.2658,0.111111,0.111111,0.0740741,0,0,0.6
0,188,-0.506597,0.657923,0.541096,0.166667,0.5,0.0967742,1,0.333333,0.7
1,188,2.33628,2.25277,1.72704,1,1,0.145161,1,0.166667,0.8
1,188,0.92734,0.389921,0.913872,0.5,0.25,0.107692,1,0.166667,0.9
0,188,-0.511491,-0.635546,-0.757396,0.142857,0.125,0.107143,0,0,1
0,189,0.206587,-1.1532,-0.567004,0.25,0.1,0.0842105,0,0.333333,0.1
0,189,-1.17283,-0.826046,-1.15853,0.111111,0.125,0.0649351,0,0,0.2
0,189,-0.407264,-0.900719,-0.976201,0.142857,0.111111,0.0963855,1,0.166667,0.3
0,189,0.0813264,0.914969,0.551892,0.2,0.333333,0.140351,1,0.333333,0.4
0,189,-1.32642,-0.630148,-0.960332,0.1,0.166667,0.0847458,0,0.333333,0.5
0,189,0.54023,0.156363,0.751581,0.333333,0.25,0.0655738,1,0.166667,0.6
1,189,1.03723,1.47148,1.38296,0.5,0.5,0.166667,1,0.333333,0.7
1,189,2.13858,1.79594,1.82226,1,1,0.176471,1,0,0.8
0,189,-0.317912,-0.717461,-0.428962,0.166667,0.142857,0.0666667,0,0.333333,0.9
0,189,-0.779518,-0.111184,-0.417656,0.125,0.2,0.0875,1,0.333333,1
1,190,1.5499,1.53294,2.07232,1,1,0.131579,0,0.5,0.1
0,190,-0.326143,0.0849038,-0.267616,0.142857,0.2,0.12963,1,0.666667,0.2
0,190,-0.296585,-0.426023,-0.896523,0.166667,0.111111,0.0921053,0,0.166667,0.3
0,190,-1.53923,0.337636,-0.644811,0.1,0.25,0.0659341,1,0.333333,0.4
0,190,0.863151,0.783968,1.33088,0.333333,0.5,0.142857,1,0.666667,0.5
0,190,-0.752454,0.0709308,-0.69518,0.125,0.166667,0.0695652,0,0.166667,0.6
1,190,1.28651,-2.51066,-0.168651,0.5,0.1,0.138889,1,0.5,0.7
0,190,-1.22137,-0.280318,-1.31751,0.111111,0.125,0.07,1,0.333333,0.8
0,190,0.708529,-0.159391,-0.0405238,0.25,0.142857,0.0853659,1,0.333333,0.9
0,190,-0.272318,0.566012,0.627625,0.2,0.333333,0.0860215,1,0.333333,1
0,191,-0.35225,-0.402994,-0.571224,0.2,0.125,0.180328,1,0.333333,0.1
0,191,-0.407709,-0.704752,-1.58451,0.125,0.111111,0.121622,1,0,0.2
1,191,-0.175036,-0.242049,0.233048,0.333333,0.142857,0.155844,0,0.166667,0.3
0,191,-0.059658,-1.05783,-0.202829,0.5,0.1,0.0792079,0,0,0.4
0,191,-0.49566,-0.135311,-0.493702,0.1,0.333333,0.132353,1,0.333333,0.5
0,191,-0.307884,-0.148191,0.473033,0.25,0.2,0.107527,0,0.166667,0.6
0,191,-0.4269,0.145775,0.0323996,0.111111,0.5,0.128571,1,0.333333,0.7
0,191,-0.371709,-0.13944,0.208196,0.166667,0.25,0.166667,0,0,0.8
0,191,-0.381316,-0.153989,-0.586687,0.142857,0.166667,0.222222,0,0,0.9
1,191,2.97812,2.83878,2.49228,1,1,0.169231,1,0,1
1,192,2.14793,1.8975,1.75648,1,1,0.120482,1,0.166667,0.1
0,192,0.449851,0.636092,1.12804,0.333333,0.5,0.0898876,0,0,0.2
0,192,-0.508192,0.15642,-0.402581,0.125,0.2,0.0363636,0,0,0.3
0,192,0.165341,-0.0367193,-0.0343477,0.25,0.142857,0.0645161,0,0,0.4
0,192,-0.130742,0.551098,0.531971,0.2,0.333333,0.0759494,1,0,0.5
0,192,-0.50545,-0.44795,-0.770308,0.142857,0.125,0.0833333,1,0.166667,0.6
0,192,-0.669874,-1.30227,-1.28737,0.111111,0.111111,0.1,0,0,0.7
0,192,1.08203,0.127521,0.550321,0.5,0.166667,0.193548,0,0,0.8
1,192,-1.70249,-1.90925,-1.61894,0.1,0.1,0.05,0,0,0.9
0,192,-0.328409,0.327559,0.14673,0.166667,0.25,0.0463576,1,0,1
0,193,-0.878631,0.972381,-0.16886,0.1,0.5,0.103896,0,0,0.1
0,193,0.341254,-0.248411,0.436178,0.5,0.142857,0.170213,0,0,0.2
1,193,-0.192474,0.797519,0.628404,0.2,0.333333,0.163636,1,0.166667,0.3
0,193,-0.437282,-1.67622,-0.897636,0.166667,0.111111,0.155556,1,0.166667,0.4
0,193,0.281536,1.37581,1.58263,0.333333,1,0.153846,0,0,0.5
0,193,-0.60022,0.014276,-0.488432,0.142857,0.166667,0.123288,0,0,0.6
0,193,-0.729236,-1.67881,-1.71658,0.111111,0.1,0.134615,1,0,0.7
1,193,2.73816,0.422343,1.12066,1,0.2,0.25,0,0,0.8
0,193,0.111031,0.583679,0.621186,0.25,0.25,0.145161,0,0,0.9
0,193,-0.634138,-0.562564,-1.11756,0.125,0.125,0.0692308,1,0,1
1,194,-0.424746,-0.211714,-0.264666,0.166667,0.166667,0.178571,1,0.333333,0.1
0,194,0.246663,-0.186056,0.839284,0.5,0.2,0.0842105,0,0,0.2
0,194,-0.52337,0.762497,0.187047,0.142857,0.333333,0.104478,1,0.5,0.3
1,194,2.81816,2.1865,2.00034,1,1,0.146341,1,0,0.4
0,194,-0.841074,-0.576363,-1.2604,0.1,0.142857,0.0909091,0,0.166667,0.5
0,194,0.246492,-0.672799,-0.207454,0.333333,0.111111,0.132353,1,0.166667,0.6
0,194,-0.106266,-0.641435,-0.239268,0.25,0.125,0.122807,1,0.333333,0.7
0,194,-0.584792,0.0485714,-0.239268,0.125,0.25,0.206897,0,0.166667,0.8
0,194,-0.22053,0.892045,0.839284,0.2,0.5,0.109589,1,0,0.9
0,194,-0.610533,-1.60125,-1.6549,0.111111,0.1,0.0571429,0,0,1
0,195,1.00542,-0.728267,0.290365,0.5,0.125,0.0808081,0,0,0.1
0,195,-0.760201,0.0808482,-0.604138,0.125,0.2,0.0961538,0,0,0.2
0,195,-0.613884,1.99476,0.871828,0.142857,1,0.106383,1,0,0.3
0,195,-0.968319,-1.6973,-2.18069,0.111111,0.1,0.0609756,0,0,0.4
1,195,2.39903,-0.413233,0.871828,1,0.142857,0.0661157,1,0,0.5
0,195,-0.525587,0.583152,0.220191,0.166667,0.25,0.103448,0,0,0.6
0,195,-0.978446,0.597972,-0.522149,0.1,0.333333,0.0769231,0,0,0.7
0,195,-0.0204848,-1.13192,-0.860236,0.2,0.111111,0.0816327,0,0,0.8
1,195,0.245856,0.0418166,0.518211,0.333333,0.166667,0.0843373,0,0,0.9
0,195,0.216613,0.672174,1.39479,0.25,0.5,0.0666667,0,0,1
0,196,-0.622067,-0.418807,-0.601348,0.142857,0.142857,0.0769231,0,0,0.1
1,196,1.18203,0.748005,0.732729,0.333333,0.25,0.138889,1,0.833333,0.2
0,196,-0.655359,-0.788111,-0.956867,0.125,0.125,0.105263,1,0.833333,0.3
0,196,-0.440234,1.00087,0.538048,0.2,0.333333,0.113208,1,0.833333,0.4
0,196,-0.606807,0.0191118,-0.235056,0.166667,0.166667,0.1,1,0.833333,0.5
0,196,1.61155,1.12642,1.34827,0.5,0.5,0.205128,0,0,0.6
0,196,-0.240751,-0.935766,-0.385106,0.25,0.111111,0.129032,1,0,0.7
0,196,-0.695432,-2.00238,-1.46976,0.111111,0.1,0.084507,0,0,0.8
1,196,-1.17653,0.0312882,-0.747462,0.1,0.2,0.0925926,1,0.833333,0.9
0,196,1.64359,1.21938,1.77655,1,1,0.133333,1,0.833333,1
0,197,-0.743311,0.0885974,-0.558241,0.125,0.2,0.135135,0,0,0.1
0,197,-0.983286,-0.603332,-1.0537,0.111111,0.166667,0.0574713,0,0,0.2
0,197,-0.483214,1.733,1.3155,0.2,1,0.176471,0,0,0.3
0,197,-0.527996,0.99737,0.478842,0.166667,0.333333,0.136364,0,0,0.4
1,197,1.79785,-0.766321,0.805594,1,0.142857,0.121212,1,0.333333,0.5
1,197,-1.08789,-1.39252,-2.2449,0.1,0.1,0.0649351,0,0,0.6
0,197,-0.643322,1.08453,0.512012,0.142857,0.5,0.111111,0,0,0.7
0,197,1.34086,-0.868804,0.268306,0.5,0.125,0.103448,1,0.333333,0.8
0,197,0.18769,0.617262,0.729186,0.25,0.25,0.117647,0,0,0.9
0,197,1.14263,-0.889781,-0.252599,0.333333,0.111111,0.117647,1,0.333333,1
0,198,-0.190455,-0.625162,-0.40934,0.2,0.125,0.113208,0,0,0.1
1,198,1.35499,0.229228,0.749342,0.5,0.2,0.0795455,0,0,0.2
0,198,-0.116731,0.284479,0.534689,0.25,0.25,0.0495868,0,0,0.3
0,198,-0.734138,-0.837678,-1.30899,0.111111,0.111111,0.08,1,0.5,0.4
0,198,2.30436,0.994035,1.36226,1,0.333333,0.0888889,0,0,0.5
0,198,-0.102417,1.03484,1.14698,0.333333,0.5,0.0631579,1,0.166667,0.6
0,198,-0.35197,0.0625514,-0.42042,0.142857,0.166667,0.171429,1,0.5,0.7
0,198,-0.528227,-0.360649,-0.78324,0.125,0.142857,0.056,1,0.5,0.8
0,198,-0.310564,1.38056,0.774834,0.166667,1,0.0612245,0,0,0.9
1,198,-1.32485,-2.1622,-1.64612,0.1,0.1,0.0851064,1,0.666667,1
0,199,-0.558651,0.606839,0.449879,0.142857,0.333333,0.0701754,1,1.33333,0.1
1,199,0.326395,-0.373483,-1.1027,0.2,0.125,0.0703125,1,1.33333,0.2
0,199,-1.57024,0.304805,-2.02423,0.1,0.2,0.0673077,1,1.33333,0.3
1,199,0.904743,-2.59369,-0.391543,0.5,0.1,0.151515,0,0,0.4
0,199,0.291,0.0528152,-0.636565,0.166667,0.166667,0.06,1,1.33333,0.5
0,199,-0.932402,1.3434,1.10991,0.125,1,0.0654206,1,1.33333,0.6
0,199,0.749642,0.365044,1.44037,0.25,0.25,0.0909091,1,1.33333,0.7
0,199,0.770677,-0.0495317,0.449879,0.333333,0.142857,0.0833333,1,1.33333,0.8
0,199,1.45631,-0.406819,0.642462,1,0.111111,0.0746269,1,1.33333,0.9
0,199,-1.43748,0.750621,0.0625447,0.111111,0.5,0.0578512,1,1.33333,1
1,200,1.22462,-2.00288,-0.181658,0.5,0.1,0.0933333,1,0.166667,0.1
0,200,-0.804743,0.0337254,-0.525452,0.142857,0.166667,0.108108,1,0.333333,0.2
1,200,0.89747,-0.0574029,0.208723,0.333333,0.142857,0.228571,1,0.333333,0.3
0,200,-1.07833,0.147993,-0.939152,0.1,0.2,0.0952381,0,0,0.4
0,200,-0.428736,-1.02976,-0.728476,0.2,0.111111,0.119403,1,0.166667,0.5
0,200,-0.861666,0.279432,-0.266996,0.125,0.25,0.0963855,0,0,0.6
0,200,0.893892,1.69256,1.45021,0.25,1,0.0740741,0,0.166667,0.7
0,200,1.69263,0.935007,1.9631,1,0.5,0.1125,1,0.5,0.8
0,200,-0.526916,0.737091,0.438838,0.166667,0.333333,0.142857,1,0.333333,0.9
0,200,-1.00821,-0.735766,-1.41913,0.111111,0.125,0.101266,0,0,1
0,201,-0.576784,-1.76013,-1.75995,0.111111,0.1,0.0833333,0,0.666667,0.1
0,201,-0.324115,1.72054,1.3821,0.25,1,0.111111,1,0.333333,0.2
0,201,0.541705,0.411138,0.892563,0.5,0.2,0.170732,0,0,0.3
0,201,-0.56406,-0.340991,-0.500775,0.142857,0.166667,0.12,0,0.666667,0.4
1,201,2.74964,-1.21555,0.284074,1,0.111111,0.16129,1,0.166667,0.5
0,201,-0.598325,0.583292,-0.661926,0.1,0.25,0.130435,1,0.333333,0.6
0,201,-0.491963,0.826498,0.892563,0.2,0.5,0.130435,1,0.5,0.7
0,201,-0.571042,-0.402944,-0.932939,0.125,0.142857,0.111111,0,0.666667,0.8
1,201,0.392017,0.788086,1.11792,0.333333,0.333333,0.241379,0,0.666667,0.9
0,201,-0.557078,-0.609941,-0.713632,0.166667,0.125,0.105263,0,0.666667,1
0,202,-0.506674,-0.720885,-0.733512,0.166667,0.125,0.166667,0,1.33333,0.1
0,202,-0.42477,0.0773809,-0.282372,0.2,0.142857,0.176471,0,1.33333,0.2
0,202,-0.727096,0.346315,-0.261545,0.125,0.25,0.296296,0,1.33333,0.3
0,202,0.892331,0.314586,0.42988,0.333333,0.166667,0.258065,1,1.33333,0.4
0,202,0.913799,0.355321,1.40426,0.5,0.333333,0.160714,0,1.33333,0.5
1,202,0.0365143,-2.25291,-0.680367,0.25,0.1,0.0430108,0,0,0.6
0,202,-1.19749,0.498996,-0.17795,0.1,0.5,0.212121,0,1.33333,0.7
1,202,2.26993,1.77645,2.18658,1,1,0.4,1,1.33333,0.8
0,202,-0.515299,-0.731817,-1.17138,0.142857,0.111111,0.163636,0,1.33333,0.9
0,202,-0.741243,0.336562,-0.713605,0.111111,0.2,0.285714,0,1.33333,1
1,203,2.18457,2.18821,2.03644,1,1,0.150943,1,0.666667,0.1
0,203,-0.54633,-0.0290203,-0.0530443,0.2,0.166667,0.230769,1,0.666667,0.2
0,203,-0.680256,0.603721,0.224331,0.125,0.5,0.0803571,1,0.666667,0.3
0,203,0.339237,-0.72173,-0.013341,0.333333,0.125,0.0803571,1,0,0.4
1,203,1.50187,-0.696269,0.428095,0.5,0.142857,0.0825688,1,0,0.5
0,203,-0.54633,0.0106686,-0.0530443,0.166667,0.2,0.230769,1,0.666667,0.6
0,203,0.0461704,0.549462,0.83992,0.25,0.333333,0.196429,1,0.166667,0.7
0,203,-0.709598,0.495989,-0.441444,0.111111,0.25,0.235294,1,0.666667,0.8
0,203,-0.914283,-1.65342,-1.87697,0.1,0.1,0.08,1,0.166667,0.9
0,203,-0.675048,-0.747614,-1.09094,0.142857,0.111111,0.0891089,0,0,1
0,204,-0.793614,0.552727,0.217326,0.166667,0.25,0.0697674,1,0.833333,0.1
0,204,-1.07569,-0.277676,-1.63924,0.1,0.142857,0.0434783,1,0.833333,0.2
0,204,0.651163,-1.58995,-0.515353,0.333333,0.1,0.0555556,0,0,0.3
0,204,-0.90235,0.903546,0.0338205,0.111111,0.5,0.0625,0,0,0.4
0,204,1.54995,-0.00184166,0.815097,0.5,0.166667,0.0490196,1,0.833333,0.5
0,204,0.0761107,1.8347,1.40513,0.2,1,0.0701754,1,0.833333,0.6
0,204,0.521991,0.728957,1.07301,0.25,0.333333,0.0555556,0,0,0.7
0,204,1.68237,-0.934508,0.600171,1,0.125,0.0746269,0,0,0.8
1,204,-0.824351,0.00966986,-0.335964,0.142857,0.2,0.0326087,1,0.833333,0.9
1,204,-0.885586,-1.22562,-1.654,0.125,0.111111,0.115385,1,0.833333,1
0,205,-0.772823,-0.778576,-1.45592,0.111111,0.125,0.0933333,0,0.166667,0.1
0,205,-0.670751,0.707109,-0.273917,0.125,0.25,0.0857143,1,0.666667,0.2
1,205,2.37862,-1.21141,0.0896622,1,0.1,0.0980392,0,0,0.3
0,205,0.514211,0.227477,0.693557,0.333333,0.2,0.101266,0,0,0.4
0,205,1.20222,1.66691,2.01398,0.5,1,0.242424,1,0,0.5
0,205,-0.773065,0.979735,-0.453634,0.1,0.333333,0.0895522,0,0.5,0.6
1,205,-0.631042,-0.763358,-0.775152,0.142857,0.142857,0.0740741,0,0,0.7
0,205,-0.384213,-0.711599,-0.0596493,0.2,0.166667,0.0895522,0,0.5,0.8
0,205,-0.617647,-1.18514,-0.990703,0.166667,0.111111,0.0882353,0,0,0.9
0,205,-0.245518,1.06885,1.21177,0.25,0.5,0.142857,1,0.5,1
0,206,-0.502042,-0.067069,0.429727,0.166667,0.333333,0.0925926,1,1,0.1
0,206,-0.48007,-0.257419,-0.0427431,0.25,0.142857,0.0746269,1,1,0.2
0,206,0.29611,-0.14261,0.661998,0.333333,0.2,0.0705882,1,1,0.3
0,206,-0.543973,-0.0747999,-0.473823,0.111111,0.25,0.0543478,0,0,0.4
0,206,-0.505775,0.282885,0.459495,0.142857,0.5,0.102041,1,1,0.5
0,206,-0.499856,-0.832658,-0.919655,0.2,0.1,0.0649351,1,1,0.6
1,206,-0.721432,-0.201701,-1.15193,0.1,0.166667,0.103448,1,1,0.7
1,206,2.6732,2.81577,2.18581,1,1,0.147059,1,0,0.8
0,206,-0.536866,-0.792007,-1.38967,0.125,0.111111,0.0574713,0,0,0.9
0,206,0.820707,-0.730386,0.240786,0.5,0.125,0.0875,1,1,1
0,207,-0.199574,-0.186023,0.321412,0.25,0.2,0.0686275,0,0,0.1
0,207,0.414417,-0.147367,0.698448,0.333333,0.25,0.0958904,1,0,0.2
1,207,2.10067,2.24782,1.69343,1,1,0.219512,0,0,0.3
0,207,-0.875421,-0.995335,-1.24116,0.111111,0.111111,0.0657895,0,0,0.4
0,207,1.60766,1.31474,1.28519,0.5,0.5,0.191489,0,0,0.5
0,207,-0.490407,0.345783,0.332927,0.166667,0.333333,0.238095,1,0.333333,0.6
0,207,-0.634421,-0.333205,-0.568079,0.125,0.166667,0.121951,1,0.333333,0.7
0,207,-0.504761,-0.464386,-0.573214,0.142857,0.142857,0.0806452,1,0.333333,0.8
1,207,-0.462774,-0.628632,-0.38813,0.2,0.125,0.0810811,0,0,0.9
0,207,-0.955386,-1.15339,-1.56082,0.1,0.1,0.0769231,0,0,1
0,208,0.472504,-0.799797,-0.0120908,0.333333,0.125,0.0727273,0,0.166667,0.1
0,208,0.24695,-0.987829,-0.400076,0.25,0.111111,0.0447761,1,0.166667,0.2
1,208,2.03591,1.02856,1.62314,1,0.5,0.0930233,1,0.166667,0.3
0,208,-0.992592,-0.475965,-0.619128,0.125,0.166667,0.047619,0,0,0.4
0,208,-1.04596,-0.577521,-0.98871,0.111111,0.142857,0.0606061,1,0.166667,0.5
0,208,-0.0953983,-0.0374075,-0.0480736,0.166667,0.2,0.0909091,0,0.166667,0.6
1,208,-0.525652,0.334792,-0.0360905,0.142857,0.25,0.0350877,1,0.333333,0.7
0,208,-0.0366804,0.404082,0.558963,0.2,0.333333,0.09375,0,0.166667,0.8
0,208,-1.29505,-1.158,-1.70108,0.1,0.1,0.0454545,0,0.166667,0.9
0,208,1.23598,2.26909,1.62314,0.5,1,0.0576923,1,0.166667,1
0,209,-1.05113,0.482575,-0.228492,0.111111,0.333333,0.0833333,1,0.166667,0.1
0,209,-0.998824,1.84953,0.508264,0.125,1,0.195122,1,0.5,0.2
0,209,-0.0709288,-0.52027,-0.263532,0.25,0.125,0.113402,0,0.666667,0.3
0,209,-1.08411,-0.246362,-1.16108,0.1,0.166667,0.0645161,0,0,0.4
0,209,1.51114,1.38408,1.93762,1,0.5,0.180556,0,0.666667,0.5
1,209,1.51036,0.102474,1.16583,0.5,0.25,0.127451,0,0.833333,0.6
0,209,-0.653549,-1.82168,-1.38821,0.142857,0.1,0.0943396,1,0.5,0.7
1,209,1.27451,-0.00437434,0.667261,0.333333,0.2,0.166667,0,0,0.8
0,209,-0.167458,-0.70984,-0.719024,0.2,0.111111,0.103774,1,1,0.9
0,209,-0.270012,-0.516126,-0.518634,0.166667,0.142857,0.0916667,0,0.666667,1
1,210,1.36128,2.11561,1.70189,0.5,1,0.211538,0,0.166667,0.1
0,210,-0.339391,-0.79716,-0.249902,0.2,0.142857,0.142857,0,0,0.2
0,210,-0.913072,-0.893807,-1.04229,0.125,0.125,0.0625,0,0.166667,0.3
1,210,1.96868,0.249146,0.839554,1,0.166667,0.163636,0,0,0.4
0,210,-1.00825,0.387883,-0.814192,0.1,0.2,0.0909091,1,0.166667,0.5
0,210,-0.991597,-1.08005,-1.41832,0.111111,0.111111,0.0895522,1,0.166667,0.6
0,210,-0.509811,-1.41584,-1.01983,0.166667,0.1,0.148936,0,0,0.7
0,210,0.61262,0.432283,1.01694,0.333333,0.333333,0.0859375,1,0,0.8
0,210,0.488998,0.407735,0.57935,0.25,0.25,0.116279,0,0,0.9
0,210,-0.669455,0.594197,0.406802,0.142857,0.5,0.0898876,1,0,1
0,211,-0.631287,0.388539,-0.0359261,0.142857,0.25,0.0898876,0,0,0.1
0,211,-0.107476,0.302835,0.348699,0.25,0.2,0.116883,0,0,0.2
1,211,2.29645,1.25416,1.8372,1,1,0.133333,1,0,0.3
1,211,-0.674156,0.762832,-0.0120358,0.125,0.333333,0.116667,1,0.166667,0.4
0,211,1.36312,0.293386,0.57561,0.5,0.166667,0.121622,0,0,0.5
0,211,-0.787246,-0.775994,-1.16803,0.111111,0.125,0.148936,0,0,0.6
0,211,-0.27782,-1.24424,-0.599581,0.2,0.111111,0.0632911,0,0,0.7
0,211,-0.593874,-0.243474,-0.43248,0.166667,0.142857,0.0833333,1,0,0.8
0,211,-0.918886,-1.95561,-1.69333,0.1,0.1,0.0853659,0,0,0.9
0,211,0.331173,1.21756,1.17988,0.333333,0.5,0.0957447,1,0.166667,1
0,212,0.995406,-0.339594,0.425332,0.333333,0.166667,0.0485437,1,0.833333,0.1
0,212,-0.828321,2.49676,0.499097,0.125,1,0.129032,1,0.833333,0.2
0,212,0.0778945,0.621139,0.892305,0.25,0.333333,0.222222,1,1,0.3
0,212,-0.45622,-0.408111,-0.50928,0.166667,0.142857,0.0609756,1,1,0.4
1,212,-0.36937,-0.285239,0.173542,0.2,0.2,0.104167,1,1,0.5
0,212,-0.460554,-0.952457,-1.15898,0.142857,0.111111,0.0632911,1,1,0.6
0,212,-0.852277,-0.0267976,-0.468976,0.111111,0.25,0.0714286,0,0,0.7
1,212,2.05165,-0.723832,0.499097,1,0.125,0.104478,1,0,0.8
0,212,1.10667,0.678664,1.6419,0.5,0.5,0.091954,1,0.666667,0.9
0,212,-1.26488,-1.06053,-1.99404,0.1,0.1,0.0352941,0,0,1
0,213,0.601993,-1.45398,-0.461638,0.333333,0.1,0.146341,0,0,0.1
0,213,-0.835269,-0.124571,-0.781762,0.125,0.166667,0.136364,0,0,0.2
0,213,-1.00971,-0.948189,-1.70803,0.111111,0.111111,0.142857,0,0,0.3
0,213,-0.325265,0.620178,0.705794,0.2,0.333333,0.119048,1,0.5,0.4
0,213,0.246312,0.52964,0.697687,0.25,0.25,0.177419,0,0,0.5
0,213,-1.08531,0.118279,-0.980496,0.1,0.2,0.102273,1,0.5,0.6
0,213,-0.63589,2.16102,0.770794,0.142857,1,0.225,0,0,0.7
1,213,1.26895,0.647644,1.76862,0.5,0.5,0.159091,1,0.5,0.8
0,213,-0.335116,-0.74734,-0.548584,0.166667,0.142857,0.084507,1,0.5,0.9
1,213,2.1093,-0.802681,0.537615,1,0.125,0.181818,0,0,1
0,214,-0.805046,1.76153,0.503006,0.125,1,0.0652174,0,0,0.1
0,214,-0.883164,-0.689538,-1.38623,0.111111,0.125,0.0517241,0,0.333333,0.2
0,214,-0.595434,-0.291354,-0.056794,0.166667,0.2,0.0677966,0,0.666667,0.3
1,214,0.306811,-0.506506,0.182142,0.25,0.166667,0.0892857,1,0.166667,0.4
0,214,-0.339046,1.0073,0.660358,0.2,0.333333,0.0769231,0,0.333333,0.5
0,214,0.621322,-0.123713,0.899294,0.333333,0.25,0.0495868,0,0,0.6
1,214,2.40474,-1.28273,0.0853703,1,0.1,0.0666667,1,0,0.7
0,214,-0.889573,-0.760661,-1.80386,0.1,0.111111,0.04,0,0.333333,0.8
0,214,-0.628654,-0.660327,-0.738047,0.142857,0.142857,0.0547945,0,0.333333,0.9
0,214,0.808046,1.54599,1.65476,0.5,0.5,0.125,1,0.166667,1
1,215,1.23597,-2.60776,0.0924534,1,0.1,0.121212,1,0,0.1
0,215,-0.47176,0.292535,-0.0461748,0.142857,0.25,0.170732,1,1.33333,0.2
1,215,0.7217,0.108979,0.448173,0.25,0.2,0.131579,1,1.33333,0.3
0,215,0.760954,0.764103,1.24088,0.333333,0.333333,0.133333,1,1.33333,0.4
0,215,0.720828,-0.166068,-0.541204,0.2,0.125,0.116279,1,1.33333,0.5
0,215,-1.50856,0.0346232,-1.02154,0.111111,0.166667,0.130435,1,1.33333,0.6
0,215,-1.51366,0.990168,-0.192169,0.1,0.5,0.15,1,1.33333,0.7
0,215,0.956745,1.14197,2.07668,0.5,1,0.183673,1,1.33333,0.8
0,215,-1.05981,-0.435808,-1.50124,0.125,0.111111,0.14,1,1.33333,0.9
0,215,0.157593,-0.122747,-0.555854,0.166667,0.142857,0.125,1,1.33333,1
0,216,-0.232014,1.85173,1.6981,0.25,1,0.0853659,0,0,0.1
1,216,2.94192,-0.391572,1.13394,1,0.166667,0.2,1,0,0.2
0,216,-0.388702,0.461147,-0.0680806,0.166667,0.2,0.0857143,0,0,0.3
0,216,-0.393879,0.692607,0.244401,0.142857,0.333333,0.1,0,0,0.4
0,216,-0.204768,-0.659792,-0.0171228,0.333333,0.125,0.134615,0,0,0.5
0,216,0.175199,-1.59872,-0.21271,0.5,0.1,0.0795455,1,0,0.6
1,216,-0.491452,-1.16292,-1.66171,0.125,0.111111,0.101695,0,0,0.7
0,216,-0.38208,0.617862,0.496078,0.2,0.25,0.0810811,0,0,0.8
0,216,-0.525768,-0.605904,-1.64687,0.1,0.142857,0.0634921,0,0,0.9
0,216,-0.498459,0.795566,0.0339781,0.111111,0.5,0.0943396,0,0,1
0,217,-0.0224511,-0.148772,0.701588,0.333333,0.25,0.142857,1,0.166667,0.1
0,217,-0.405541,0.0548584,0.159061,0.142857,0.333333,0.0930233,0,0.166667,0.2
1,217,2.9551,2.79686,1.70104,1,1,0.590909,1,0.166667,0.3
0,217,-0.449295,-0.717414,-1.24674,0.111111,0.111111,0.113924,0,0.166667,0.4
0,217,-0.40464,-0.1512,-0.0443081,0.166667,0.2,0.121212,1,0.166667,0.5
0,217,-0.543754,-0.790139,-1.56784,0.1,0.1,0.172414,0,0,0.6
0,217,-0.344356,-0.262014,0.142099,0.25,0.166667,0.147541,0,0,0.7
0,217,-0.444959,-0.684161,-0.9162,0.125,0.125,0.152174,1,0.333333,0.8
1,217,0.0126139,0.424814,1.29097,0.5,0.5,0.121212,1,0.166667,0.9
0,217,-0.35272,-0.522834,-0.21967,0.2,0.142857,0.173913,0,0,1
0,218,-0.135115,-1.72375,-0.819259,0.25,0.1,0.105263,0,0,0.1
0,218,-0.627869,-0.0905163,-0.603468,0.125,0.2,0.0666667,0,0,0.2
1,218,2.7129,-0.877612,0.351596,1,0.111111,0.169492,0,0,0.3
0,218,-0.649236,-0.0996985,-1.13907,0.111111,0.166667,0.129032,0,0,0.4
0,218,-0.160996,-0.401696,-0.340017,0.2,0.142857,0.04375,0,0,0.5
0,218,-0.55358,0.641551,0.246202,0.142857,0.333333,0.178571,0,0,0.6
0,218,-0.987458,0.758776,-0.214277,0.1,0.5,0.046729,0,0,0.7
1,218,0.492885,2.0448,2.31559,0.5,1,0.111111,1,0,0.8
0,218,-0.400455,-0.78878,-0.883254,0.166667,0.125,0.0546875,0,0,0.9
0,218,0.308921,0.536921,1.08595,0.333333,0.25,0.150943,0,0,1
0,219,-0.362663,-0.035685,-0.637528,0.142857,0.166667,0.0857143,1,0.333333,0.1
0,219,-0.0596627,-0.0903804,-0.0177422,0.333333,0.125,0.1,1,0.666667,0.2
0,219,-0.874959,1.10162,0.0352073,0.111111,0.5,0.157895,1,0.833333,0.3
0,219,0.998506,0.350235,1.73929,0.5,0.333333,0.132075,1,0.666667,0.4
1,219,-0.144001,0.120058,0.217244,0.2,0.2,0.1,0,0,0.5
0,219,-1.17251,-1.60162,-2.24057,0.1,0.111111,0.0625,0,0,0.6
0,219,-0.250893,1.76746,1.17496,0.166667,1,0.368421,1,0.833333,0.7
0,219,-0.554891,0.159735,-0.323945,0.125,0.25,0.116667,0,0,0.8
0,219,-0.0942939,-0.062193,-0.0529595,0.25,0.142857,0.0686275,1,0.666667,0.9
1,219,2.51537,-1.70922,0.106038,1,0.1,0.0714286,0,0,1
1,220,0.330135,1.59678,1.03325,0.25,0.5,0.25,0,0.333333,0.1
0,220,0.46499,-0.123799,0.410477,0.5,0.142857,0.0869565,1,0.166667,0.2
0,220,0.332317,-1.17349,-0.202507,0.333333,0.111111,0.0617284,0,0,0.3
0,220,-0.770978,-1.76673,-1.61543,0.111111,0.1,0.075,1,0.166667,0.4
0,220,-0.307565,-0.0943838,-0.258354,0.166667,0.166667,0.0909091,1,0.333333,0.5
0,220,-0.298081,0.040839,0.370608,0.2,0.25,0.0925926,1,0.333333,0.6
1,220,2.61654,1.66927,1.95263,1,1,0.163934,1,0,0.7
0,220,-1.00826,-0.325928,-1.42572,0.1,0.125,0.0377358,1,0,0.8
0,220,-0.686283,0.182388,-0.012792,0.125,0.333333,0.102041,0,0,0.9
0,220,-0.672812,-0.00493513,-0.25216,0.142857,0.2,0.111111,0,0,1
1,221,1.94491,0.252535,1.82714,1,0.333333,0.111111,0,0,0.1
0,221,-1.15199,1.78013,0.319879,0.111111,1,0.238095,1,0.166667,0.2
0,221,-0.552345,-0.185846,-0.563892,0.142857,0.166667,0.101449,0,0,0.3
0,221,-1.18639,1.54746,-0.194948,0.1,0.5,0.2,0,0,0.4
0,221,-0.411444,-0.534631,-0.803578,0.166667,0.125,0.1,0,0,0.5
0,221,0.12968,-1.01727,-0.519267,0.25,0.111111,0.1,0,0,0.6
0,221,1.21294,0.116823,1.26756,0.5,0.25,0.115942,0,0,0.7
0,221,0.052939,-0.186058,-0.309345,0.2,0.142857,0.0727273,0,0,0.8
1,221,-0.889997,-1.72241,-1.74904,0.125,0.1,0.0666667,0,0,0.9
0,221,0.851692,-0.0507331,0.72549,0.333333,0.2,0.0879121,1,0.166667,1
0,222,1.31243,0.56419,1.08381,1,0.25,0.173913,0,0,0.1
0,222,1.131,1.54576,1.46711,0.5,1,0.26087,1,0.333333,0.2
1,222,0.71722,0.380223,0.133815,0.2,0.2,0.151515,1,0,0.3
1,222,0.82614,0.87117,0.688037,0.25,0.333333,0.104478,1,0.333333,0.4
0,222,0.956328,1.37749,1.07134,0.333333,0.5,0.206897,1,0.333333,0.5
0,222,-0.988624,-0.947768,-0.220719,0.166667,0.166667,0,0,0,0.6
0,222,-0.988624,-0.947768,-0.56467,0.142857,0.142857,0,0,0,0.7
0,222,-0.988624,-0.947768,-0.898504,0.125,0.125,0,0,0,0.8
0,222,-0.988624,-0.947768,-1.22266,0.111111,0.111111,0,0,0,0.9
0,222,-0.988624,-0.947768,-1.53756,0.1,0.1,0,0,0,1
0,223,-0.62485,-0.955776,-0.944623,0.142857,0.111111,0.119403,0,0,0.1
1,223,0.524926,0.14727,0.534039,0.333333,0.2,0.211538,1,0.333333,0.2
0,223,-0.858213,0.271296,-0.382237,0.111111,0.25,0.0918367,1,0,0.3
1,223,2.49055,1.5265,1.76331,1,1,0.214286,0,0.166667,0.4
0,223,-0.0370921,0.991367,0.739835,0.2,0.5,0.166667,1,0.166667,0.5
0,223,-1.11111,-2.06493,-1.62523,0.1,0.1,0.125,0,0,0.6
0,223,0.698937,0.909752,1.13243,0.5,0.333333,0.162791,1,0.333333,0.7
0,223,-0.276836,-0.0680874,-0.415086,0.166667,0.142857,0.171875,0,0,0.8
0,223,-0.0367466,0.00545156,0.1473,0.25,0.166667,0.100917,1,0.333333,0.9
0,223,-0.769558,-0.762852,-0.949737,0.125,0.125,0.0687023,0,0,1
0,224,0.604885,0.0964009,0.79595,0.333333,0.25,0.159091,0,0.166667,0.1
0,224,-0.81683,-1.00495,-1.03943,0.125,0.125,0.0769231,0,0.166667,0.2
0,224,-1.96168,-1.12605,-1.59657,0.1,0.111111,0.0961538,1,0,0.3
0,224,-0.87977,0.034146,-0.629812,0.111111,0.2,0.107692,1,0.166667,0.4
0,224,0.184263,0.672209,0.379402,0.166667,0.333333,0.153846,0,0.166667,0.5
0,224,0.467898,-1.13913,-0.811954,0.2,0.1,0.138889,0,0,0.6
1,224,0.504755,1.09456,1.02118,0.25,0.5,0.205128,1,0.166667,0.7
1,224,1.47293,-0.710464,0.638299,1,0.142857,0.133333,1,0,0.8
0,224,-0.676445,0.0195511,-0.454285,0.142857,0.166667,0.0987654,0,0,0.9
0,224,1.09999,2.06372,1.69722,0.5,1,0.21875,1,0.5,1
0,225,-1.5448,-1.11522,-1.68051,0.1,0.111111,0.101266,0,0,0.1
0,225,1.37438,0.637306,1.07487,0.5,0.25,0.131868,1,0.333333,0.2
0,225,-0.560438,-0.00890339,-0.262319,0.142857,0.2,0.105769,0,0,0.3
0,225,-1.11313,-0.777109,-1.08819,0.111111,0.142857,0.1125,0,0,0.4
0,225,0.158061,1.1328,0.852274,0.2,0.5,0.109244,1,0.5,0.5
1,225,1.74316,-0.194607,0.881267,1,0.166667,0.196429,1,0,0.6
0,225,-0.218935,-0.893783,-0.681419,0.166667,0.125,0.113402,0,0,0.7
0,225,0.676843,1.79062,1.54938,0.333333,1,0.128713,1,0.5,0.8
1,225,0.226776,-1.34781,-0.632048,0.25,0.1,0.178571,0,0,0.9
0,225,-0.741924,0.776712,-0.0133073,0.125,0.333333,0.0555556,1,0.333333,1
1,226,-0.145444,0.0923673,-0.0484685,0.166667,0.2,0.16129,1,0.333333,0.1
0,226,1.47492,-0.16428,0.807283,1,0.166667,0.0821918,0,0,0.2
1,226,-2.18778,-2.23356,-1.71505,0.1,0.1,0.0454545,0,0,0.3
0,226,-0.369254,-0.416342,-0.996831,0.142857,0.111111,0.046729,0,0,0.4
0,226,-0.481181,0.255605,-0.0121902,0.125,0.333333,0.108696,0,0,0.5
0,226,0.84169,1.98586,1.41931,0.333333,1,0.0779221,0,0,0.6
0,226,1.08031,0.197505,0.984634,0.5,0.25,0.08,0,0,0.7
0,226,-0.780358,-0.31367,-1.18302,0.111111,0.125,0.0757576,1,0.333333,0.8
0,226,0.327684,0.787183,0.984634,0.25,0.5,0.113208,1,0.333333,0.9
0,226,0.239415,-0.190669,-0.240297,0.2,0.142857,0.101695,0,0,1
0,227,2.04323,-1.24775,0.078802,1,0.1,0.109375,0,0,0.1
0,227,-0.46311,-0.975081,-0.67516,0.166667,0.125,0.173913,0,0.333333,0.2
0,227,-0.719983,-0.93621,-0.882645,0.125,0.142857,0.12963,1,0.5,0.3
0,227,-0.844198,0.144927,-0.870705,0.111111,0.166667,0.114286,1,0,0.4
1,227,1.0502,1.55864,1.29255,0.333333,0.5,0.185185,1,0.5,0.5
0,227,-0.341326,0.3211,0.161445,0.2,0.2,0.0833333,0,0,0.6
1,227,-0.623244,0.343574,0.188197,0.142857,0.333333,0.166667,1,0.5,0.7
0,227,-1.14623,-1.13624,-1.66508,0.1,0.111111,0.0972222,0,0.333333,0.8
0,227,-0.153064,0.332427,0.602549,0.25,0.25,0.115385,1,0.5,0.9
0,227,1.19773,1.59461,1.77004,0.5,1,0.178571,1,0.333333,1
0,228,-0.2133,-0.574149,-0.435429,0.166667,0.142857,0.1,0,0,0.1
0,228,-1.15781,-1.17036,-1.70488,0.1,0.1,0.0384615,1,0,0.2
1,228,0.157239,-0.121679,0.776093,0.5,0.2,0.102564,0,0,0.3
1,228,2.78938,2.45754,1.84973,1,1,0.240741,1,0,0.4
0,228,-0.500173,-0.781726,-1.176,0.125,0.111111,0.0963855,0,0,0.5
0,228,-0.0913684,0.102665,0.351077,0.2,0.25,0.104651,0,0,0.6
0,228,-0.426405,0.874307,0.388845,0.142857,0.5,0.0989011,0,0,0.7
0,228,0.121209,-0.630783,-0.0121178,0.333333,0.125,0.111111,1,0,0.8
0,228,-0.587577,-0.552383,-0.800227,0.111111,0.166667,0.0808081,0,0,0.9
0,228,-0.0912019,0.39657,0.762912,0.25,0.333333,0.0614525,0,0,1
0,229,-0.667795,1.33658,1.17468,0.142857,1,0.076087,0,0,0.1
1,229,-0.0731107,0.920597,1.07562,0.2,0.333333,0.222222,1,0.166667,0.2
0,229,-0.857236,0.469686,-0.814,0.125,0.2,0.113208,0,0,0.3
0,229,-1.06486,1.03575,-0.289032,0.1,0.5,0.0540541,0,0,0.4
1,229,0.77725,-0.407294,0.332095,0.333333,0.142857,0.0642202,1,0,0.5
0,229,-0.594933,-1.02658,-1.53646,0.166667,0.111111,0.0804598,0,0,0.6
0,229,0.281291,0.719666,1.06326,0.25,0.25,0.1,0,0,0.7
0,229,-1.00949,-0.377061,-1.53646,0.111111,0.166667,0.0659341,0,0,0.8
0,229,1.11702,-1.8946,-0.289032,0.5,0.1,0.07,0,0,0.9
0,229,2.09187,-0.776741,0.819318,1,0.125,0.163265,1,0.166667,1
0,230,-0.990737,-1.03501,-1.46468,0.1,0.111111,0.1,0,0,0.1
0,230,0.97647,0.65532,0.930364,0.333333,0.333333,0.125,1,0.5,0.2
0,230,-0.610942,0.266245,-0.228628,0.142857,0.2,0.109589,1,0.833333,0.3
0,230,1.4231,1.16558,1.34361,0.5,0.5,0.173077,1,0.166667,0.4
0,230,-0.723098,0.0197811,-0.593902,0.125,0.166667,0.0875,0,0.666667,0.5
1,230,-0.223105,-1.39359,-0.550872,0.25,0.1,0.111111,0,0.666667,0.6
0,230,-0.811095,-1.02751,-1.12557,0.111111,0.125,0.142857,0,0.666667,0.7
0,230,-0.580333,0.269645,0.147893,0.166667,0.25,0.0886076,0,0.666667,0.8
0,230,-0.437147,-0.767159,-0.228628,0.2,0.142857,0.103896,0,0,0.9
1,230,1.97689,1.8467,1.77041,1,1,0.305556,0,0.166667,1
0,231,0.127661,-1.2285,-0.381297,0.333333,0.1,0.111111,0,0,0.1
0,231,-0.628777,-0.307174,-0.453111,0.142857,0.166667,0.0634921,0,0,0.2
1,231,2.21062,2.1792,1.92484,1,1,0.195652,0,0,0.3
0,231,-0.611228,0.376461,0.378422,0.166667,0.333333,0.139535,1,0.333333,0.4
0,231,-0.303476,-1.159,-0.628184,0.2,0.111111,0.109091,0,0.166667,0.5
1,231,1.61402,1.22861,1.46082,0.5,0.5,0.127273,0,0,0.6
0,231,-0.748557,-0.446975,-1.21283,0.1,0.142857,0.0666667,0,0,0.7
0,231,-0.675936,-0.594419,-1.03674,0.125,0.125,0.111111,1,0.5,0.8
0,231,-0.74619,-0.246303,-0.628184,0.111111,0.2,0.0793651,1,0.333333,0.9
0,231,-0.238139,0.198102,0.576265,0.25,0.25,0.0921053,0,0,1
0,232,0.508125,0.716936,1.27025,0.5,0.5,0.13913,1,0.166667,0.1
0,232,0.0689476,-0.397122,-0.216144,0.2,0.142857,0.157303,1,0.666667,0.2
1,232,-0.992612,-1.8134,-1.54267,0.1,0.1,0.195652,1,0.166667,0.3
1,232,2.64263,2.10593,1.67374,1,1,0.355932,1,0.666667,0.4
0,232,0.120884,-0.033359,0.317674,0.25,0.2,0.380952,0,0,0.5
0,232,-0.886198,-0.764224,-1.22673,0.111111,0.111111,0.148649,0,0,0.6
0,232,-0.528996,-0.319608,-0.394,0.142857,0.166667,0.171053,1,0.5,0.7
0,232,0.198564,0.506827,0.690325,0.333333,0.25,0.25,1,0,0.8
0,232,-0.633119,-0.575777,-0.901492,0.125,0.125,0.19403,1,0.333333,0.9
0,232,-0.498225,0.573798,0.329055,0.166667,0.333333,0.2,1,0.5,1
0,233,0.60284,0.207892,0.512862,0.333333,0.166667,0.0795455,0,0,0.1
0,233,-0.657006,-1.29363,-1.39749,0.142857,0.111111,0.0566038,1,1,0.2
1,233,1.56173,1.29679,1.9798,0.5,0.5,0.130435,1,1,0.3
0,233,-0.2692,-1.50592,-0.811703,0.25,0.1,0.0735294,1,1,0.4
0,233,-0.71373,0.625229,-0.312033,0.125,0.25,0.0943396,1,1,0.5
0,233,-0.337956,-1.29001,-0.597902,0.2,0.125,0.0649351,1,1,0.6
1,233,2.05159,0.296866,1.40897,1,0.2,0.209302,1,1,0.7
0,233,-0.389538,-0.28055,-0.614086,0.166667,0.142857,0.115385,1,1,0.8
0,233,-0.932956,0.637232,-0.516759,0.1,0.333333,0.032967,0,0.166667,0.9
0,233,-0.915779,1.3061,0.348353,0.111111,1,0.0576923,0,0.166667,1
0,234,-0.216523,-0.315677,-0.28432,0.2,0.142857,0.12766,0,0,0.1
0,234,-0.868606,0.736352,-0.179178,0.1,0.5,0.0697674,1,0.666667,0.2
1,234,2.52847,2.1594,2.20167,1,1,0.184211,1,0.666667,0.3
0,234,-0.845001,-0.0747303,-0.952484,0.111111,0.166667,0.0638298,1,0.666667,0.4
0,234,-0.799687,-0.348607,-1.18584,0.125,0.125,0.117647,1,0.666667,0.5
0,234,0.00646032,0.33309,0.908069,0.25,0.333333,0.0729167,1,0,0.6
1,234,-0.62479,-1.37773,-1.17946,0.142857,0.111111,0.147059,0,0,0.7
0,234,0.849171,-1.56486,-0.179178,0.5,0.1,0.0769231,0,0,0.8
0,234,0.397577,0.164577,0.666801,0.333333,0.2,0.0864198,0,0,0.9
0,234,-0.427071,0.288188,0.183919,0.166667,0.25,0.0482759,1,0.666667,1
0,235,-1.3373,-0.539389,-1.15053,0.1,0.142857,0.0806452,0,0,0.1
1,235,1.07255,0.131164,1.17267,0.5,0.333333,0.0792079,0,0,0.2
1,235,-0.596382,1.72292,0.38385,0.142857,0.5,0.084507,0,0,0.3
0,235,-0.795158,-0.683788,-1.3383,0.111111,0.111111,0.0895522,1,0.666667,0.4
0,235,-0.273891,-0.433422,-0.047562,0.2,0.166667,0.0945946,1,0.666667,0.5
0,235,2.17671,-0.0496083,1.18631,1,0.25,0.142857,0,0,0.6
0,235,0.374563,-0.40609,0.346567,0.25,0.2,0.1,1,0.666667,0.7
0,235,0.574308,2.02645,1.39276,0.333333,1,0.347826,1,0.666667,0.8
0,235,-0.403225,-1.2238,-0.962288,0.166667,0.1,0.0925926,0,0,0.9
0,235,-0.792173,-0.544434,-0.983484,0.125,0.125,0.0909091,1,0.666667,1
0,236,0.764996,1.67581,1.48137,0.5,1,0.0909091,0,0,0.1
0,236,-0.58392,0.352251,-0.0329382,0.142857,0.25,0.0987654,1,0,0.2
0,236,-0.215401,-0.269452,-0.0438746,0.166667,0.2,0.123457,0,0,0.3
0,236,-1.14052,-1.28244,-1.5525,0.1,0.1,0.0923077,0,0,0.4
0,236,0.0602916,-0.324215,0.140708,0.25,0.166667,0.147059,1,0.166667,0.5
1,236,-0.81009,-0.875135,-0.907236,0.125,0.125,0.111111,0,0,0.6
1,236,2.443,1.60452,1.48137,1,0.5,0.294118,1,0,0.7
0,236,0.524196,0.670686,0.885167,0.333333,0.333333,0.189655,0,0,0.8
0,236,-0.146916,-0.422004,-0.217521,0.2,0.142857,0.103448,1,0.166667,0.9
0,236,-0.895637,-1.13003,-1.23454,0.111111,0.111111,0.0888889,0,0,1
1,237,-0.0629586,0.562013,0.928417,0.333333,0.333333,0.120879,0,0,0.1
1,237,2.63383,2.55434,1.7667,1,1,0.217949,1,0.166667,0.2
0,237,-0.634068,-0.435082,-0.592659,0.125,0.166667,0.0720721,0,0,0.3
0,237,-0.167514,-0.51474,-0.0345476,0.25,0.142857,0.107527,1,0,0.4
0,237,-0.851222,-0.620738,-1.28996,0.1,0.125,0.0823529,0,0,0.5
0,237,-0.30595,0.717706,0.553523,0.166667,0.5,0.0721649,1,0,0.6
0,237,0.918184,-0.230714,0.741259,0.5,0.2,0.0805369,0,0,0.7
0,237,-0.468501,-0.81383,-0.946441,0.142857,0.111111,0.0825688,0,0,0.8
0,237,-0.227258,-0.193337,0.335319,0.2,0.25,0.0989011,0,0,0.9
0,237,-0.834546,-1.02562,-1.46161,0.111111,0.1,0.0752688,1,0.166667,1
0,238,-0.785054,-0.50657,-1.48358,0.142857,0.125,0.163265,1,1.16667,0.1
0,238,-1.18624,0.604284,-0.350841,0.111111,0.333333,0.152174,1,1.16667,0.2
0,238,-0.0302414,0.856947,1.46766,0.166667,1,0.11,1,1.16667,0.3
1,238,0.957895,-0.62645,-0.350841,0.333333,0.111111,0.13253,1,1.16667,0.4
0,238,-1.12731,0.806691,0.372656,0.125,0.5,0.125,1,1.16667,0.5
0,238,0.616317,-0.112582,-0.0661522,0.25,0.142857,0.185185,1,1.16667,0.6
1,238,1.07312,0.603977,1.79008,0.5,0.25,0.204545,1,0.166667,0.7
0,238,-1.30815,0.540406,-1.42332,0.1,0.2,0.111111,1,1.16667,0.8
0,238,0.208168,0.430563,-0.0881166,0.2,0.166667,0.11236,1,1.16667,0.9
0,238,1.58151,-2.59727,0.132453,1,0.1,0.129032,1,0.166667,1
1,239,1.61626,1.90224,1.23816,0.5,0.5,0.0566038,1,0,0.1
1,239,2.33215,2.09408,1.63145,1,1,0.0909091,1,0,0.2
0,239,-0.493552,-0.49954,0.857342,0.333333,0.333333,0,0,0,0.3
0,239,-0.493552,-0.49954,0.488429,0.25,0.25,0,0,0,0.4
0,239,-0.493552,-0.49954,0.130868,0.2,0.2,0,0,0,0.5
0,239,-0.493552,-0.49954,-0.215859,0.166667,0.166667,0,0,0,0.6
0,239,-0.493552,-0.49954,-0.552235,0.142857,0.142857,0,0,0,0.7
0,239,-0.493552,-0.49954,-0.878718,0.125,0.125,0,0,0,0.8
0,239,-0.493552,-0.49954,-1.19574,0.111111,0.111111,0,0,0,0.9
0,239,-0.493552,-0.49954,-1.5037,0.1,0.1,0,0,0,1
0,240,-1.09517,-0.584625,-1.47928,0.1,0.111111,0.072,0,0.166667,0.1
0,240,-0.13669,0.922645,0.541536,0.2,0.333333,0.234043,0,0,0.2
0,240,-0.835346,-0.25557,-0.77355,0.111111,0.166667,0.0833333,0,0,0.3
1,240,0.177454,-1.97044,-0.556365,0.25,0.1,0.170732,0,0.333333,0.4
0,240,-0.536273,-0.0368522,-0.230908,0.142857,0.2,0.103774,0,0.333333,0.5
1,240,2.38821,1.54175,1.78806,1,1,0.142857,0,0.333333,0.6
0,240,0.226143,0.094706,0.737479,0.333333,0.25,0.0869565,0,0,0.7
0,240,-0.788431,-0.529218,-0.784158,0.125,0.142857,0.0769231,0,0,0.8
0,240,-0.477329,-0.554873,-0.599825,0.166667,0.125,0.130952,0,0,0.9
0,240,1.07744,1.37248,1.35701,0.5,0.5,0.110236,1,0.166667,1
0,241,0.498159,0.148541,0.748848,0.5,0.2,0.196078,0,0,0.1
0,241,-0.797591,-1.06936,-1.30812,0.111111,0.111111,0.24,0,0,0.2
0,241,-0.527166,-0.176533,-0.598727,0.125,0.166667,0.0980392,0,0,0.3
0,241,-0.338803,0.321559,0.350888,0.166667,0.333333,0.113402,1,0.5,0.4
0,241,-1.02822,-1.05181,-1.30317,0.1,0.125,0.125,0,0.333333,0.5
0,241,-0.20898,-1.3427,-0.750931,0.2,0.1,0.169811,0,0,0.6
0,241,-0.466823,-0.371902,-0.604139,0.142857,0.142857,0.136986,1,0.333333,0.7
0,241,-0.136745,1.58276,0.944432,0.25,0.5,0.0940171,1,0.5,0.8
1,241,0.305805,0.196294,0.736129,0.333333,0.25,0.144928,0,0,0.9
1,241,2.70036,1.76316,1.78479,1,1,0.134146,1,0,1
0,242,-0.42425,0.61175,-0.0849134,0.142857,0.25,0.208333,0,0,0.1
1,242,2.84519,-1.97842,0.170018,1,0.1,0.140845,1,0,0.2
1,242,0.381492,0.433424,1.82192,0.5,0.2,0.203704,0,0,0.3
0,242,-0.81261,0.863898,-0.35339,0.1,0.5,0.191489,1,0,0.4
0,242,-0.563476,-0.0182534,-1.45668,0.125,0.166667,0.141026,0,0,0.5
0,242,-0.591387,1.31302,0.579858,0.111111,1,0.192982,0,0,0.6
0,242,-0.0843652,-0.0551985,-0.0849134,0.25,0.142857,0.102564,0,0,0.7
0,242,-0.369865,-0.427415,-1.45668,0.166667,0.125,0.141026,0,0,0.8
0,242,-0.0572845,-1.5097,-0.450341,0.333333,0.111111,0.12987,0,0,0.9
0,242,-0.323439,0.766903,1.31512,0.2,0.333333,0.16,0,0,1
0,243,-0.440241,-0.232633,0.148093,0.2,0.2,0.135593,0,0,0.1
0,243,-0.485105,-1.22128,-0.972943,0.166667,0.1,0.101266,0,0,0.2
1,243,2.15058,2.11968,1.84619,1,1,0.24,1,0.166667,0.3
0,243,-0.211085,-0.490245,-0.220829,0.25,0.125,0.0857143,0,0,0.4
0,243,-0.704096,-0.229185,-0.57445,0.1,0.25,0.102941,1,0.166667,0.5
1,243,1.75903,1.67482,1.40112,0.5,0.5,0.106383,1,0.166667,0.6
0,243,-0.670207,-0.302285,-0.619323,0.125,0.166667,0.0886076,0,0,0.7
0,243,-0.672563,-0.421948,-0.989021,0.111111,0.142857,0.0851064,0,0,0.8
0,243,-0.633428,-0.758101,-0.989021,0.142857,0.111111,0.0786517,0,0,0.9
0,243,-0.0928829,-0.138821,0.970186,0.333333,0.333333,0.115385,1,0.166667,1
1,244,0.276486,-0.554138,-0.0421103,0.25,0.142857,0.0357143,1,0,0.1
1,244,-1.34013,-0.39481,-1.13487,0.1,0.166667,0.0307692,0,0,0.2
0,244,2.41648,-1.20955,0.0843152,1,0.1,0.0571429,0,0,0.3
0,244,-0.663917,-1.02586,-1.36909,0.125,0.111111,0.0258621,0,0,0.4
0,244,-0.550106,-0.185428,-0.278093,0.142857,0.2,0.0410959,0,0,0.5
0,244,0.577175,2.30386,1.64255,0.333333,1,0.047619,1,0,0.6
0,244,-0.394694,0.887251,0.674693,0.166667,0.5,0.0483871,0,0,0.7
0,244,-0.66823,-0.706026,-1.36909,0.111111,0.125,0.025641,0,0,0.8
0,244,0.697495,0.407267,1.13951,0.5,0.25,0.05,0,0,0.9
0,244,-0.350554,0.477433,0.652196,0.2,0.333333,0.0283019,0,0,1
0,245,0.957707,0.28515,1.16173,0.5,0.333333,0.179104,0,0,0.1
1,245,2.63232,2.34327,1.80893,1,1,0.326087,1,0,0.2
0,245,-0.20621,0.0753104,0.343333,0.25,0.2,0.217391,0,0,0.3
1,245,-1.05898,-1.94061,-1.66728,0.1,0.1,0.0821918,1,0,0.4
0,245,-0.180799,-0.33579,0.169149,0.333333,0.142857,0.114583,0,0.166667,0.5
0,245,-0.322631,-0.103157,-0.0471182,0.2,0.166667,0.157895,0,0,0.6
0,245,-0.537254,-0.502316,-1.32581,0.111111,0.111111,0.104651,0,0,0.7
0,245,-0.338366,0.18896,0.151111,0.166667,0.25,0.147059,0,0.166667,0.8
0,245,-0.43722,-0.355141,-0.793308,0.142857,0.125,0.0884956,1,0.166667,0.9
0,245,-0.508574,0.344328,0.199269,0.125,0.5,0.1875,1,0.166667,1
0,246,-0.609375,0.638008,-0.0231847,0.125,0.333333,0.111111,0,0.166667,0.1
0,246,-0.56166,-2.40818,-1.86508,0.166667,0.1,0.0735294,1,0.166667,0.2
0,246,-0.940227,0.469705,-0.767164,0.111111,0.25,0.0759494,1,0.166667,0.3
0,246,-0.0513371,-0.061612,-0.811137,0.2,0.125,0.0958904,0,0,0.4
1,246,2.09757,0.0250665,1.53539,1,0.166667,0.136364,1,0.166667,0.5
0,246,-0.600663,0.831252,0.743966,0.142857,0.5,0.111111,0,0,0.6
1,246,1.58237,0.377122,1.48488,0.5,0.2,0.146667,1,0,0.7
0,246,0.0928086,-1.0934,-0.367032,0.333333,0.111111,0.0695652,0,0.166667,0.8
0,246,0.0626669,-0.0187184,-0.0692052,0.25,0.142857,0.173077,0,0,0.9
0,246,-1.07215,1.24076,0.138566,0.1,1,0.0568182,1,0.166667,1
0,247,1.78616,0.533898,1.45604,1,0.333333,0.0980392,1,0.5,0.1
0,247,0.546382,0.462091,0.787325,0.333333,0.25,0.0892857,1,0.5,0.2
0,247,-1.10941,-1.5098,-1.75944,0.1,0.1,0.0300752,0,0.5,0.3
1,247,-0.834062,-0.483929,-0.83716,0.125,0.142857,0.0789474,1,0.5,0.4
0,247,-1.07325,1.5035,0.0248159,0.111111,0.5,0.097561,0,0.5,0.5
0,247,-0.767049,0.173215,-0.246515,0.142857,0.2,0.0265487,0,0.5,0.6
1,247,-0.1075,-0.218431,-0.0497228,0.2,0.166667,0.0261438,1,0.5,0.7
0,247,-0.248298,-0.81515,-0.640367,0.166667,0.125,0.0588235,0,0,0.8
0,247,1.65801,1.57769,1.67883,0.5,1,0.25,1,0.5,0.9
0,247,0.149017,-1.22308,-0.413801,0.25,0.111111,0.047619,0,0,1
0,248,-0.0968353,0.046925,0.493034,0.25,0.25,0.0506329,1,0.166667,0.1
0,248,-0.306167,0.0374206,-0.0428961,0.166667,0.2,0.0384615,0,0,0.2
0,248,0.495776,0.609735,1.05763,0.333333,0.5,0.0325203,0,0,0.3
0,248,0.947294,0.531386,1.05763,0.5,0.333333,0.0365854,1,0,0.4
1,248,-0.923522,-1.33971,-1.51788,0.1,0.1,0.0540541,1,0.166667,0.5
1,248,2.45401,2.40278,1.64683,1,1,0.142857,1,0,0.6
0,248,-0.696076,-0.45286,-0.722222,0.125,0.142857,0.0434783,0,0,0.7
0,248,-0.692142,-0.694015,-0.722222,0.142857,0.125,0.0410959,0,0.166667,0.8
0,248,-0.26244,-0.104106,-0.0428961,0.2,0.166667,0.0379747,0,0,0.9
0,248,-0.919898,-1.03755,-1.20701,0.111111,0.111111,0.0241935,0,0.166667,1
0,249,-0.448042,-0.0190631,0.345828,0.166667,0.333333,0.0918367,1,0.833333,0.1
1,249,0.941216,-0.34764,0.369785,0.5,0.142857,0.113636,0,0,0.2
0,249,-1.25972,-1.34769,-1.62131,0.1,0.1,0.0821918,0,0.5,0.3
0,249,-0.121826,-0.083897,0.333868,0.2,0.25,0.111111,1,0.5,0.4
1,249,2.20529,2.54961,1.75906,1,1,0.245614,1,0,0.5
0,249,-1.07078,-0.624699,-1.28926,0.111111,0.111111,0.0707071,1,0.833333,0.6
0,249,0.799657,0.877548,1.1297,0.333333,0.5,0.145833,1,1.16667,0.7
0,249,-0.582946,-0.532078,-0.947446,0.125,0.125,0.1,1,1.16667,0.8
0,249,0.0967396,-0.243396,0.146945,0.25,0.166667,0.0932203,1,0.833333,0.9
0,249,-0.55959,-0.228688,-0.227162,0.142857,0.2,0.109589,1,0.833333,1
0,250,-0.147826,0.288279,-0.0678664,0.2,0.166667,0.0958904,1,0.833333,0.1
0,250,-1.22932,0.286956,-1.64169,0.1,0.142857,0.09375,1,0.833333,0.2
0,250,0.978301,0.928625,1.67329,0.333333,0.5,0.0947368,1,0.666667,0.3
1,250,2.06203,-0.499972,0.601071,1,0.125,0.119403,1,0.5,0.4
0,250,-0.455406,0.7021,0.243632,0.142857,0.333333,0.0958904,1,0.833333,0.5
0,250,-0.301517,-2.40761,-1.37309,0.166667,0.1,0.0983607,1,0.5,0.6
0,250,-0.0654452,-1.07425,-0.564796,0.25,0.111111,0.12963,1,0.833333,0.7
0,250,-1.02759,0.411782,-0.564796,0.111111,0.25,0.09375,1,0.5,0.8
1,250,1.06341,0.383087,1.09318,0.5,0.2,0.148148,1,0.833333,0.9
0,250,-0.876641,0.981005,0.601071,0.125,1,0.127273,1,1,1
1,251,2.19167,1.66578,1.73697,1,1,0.162162,1,0.166667,0.1
0,251,-0.384052,-0.692511,-0.398109,0.2,0.125,0.060241,1,0.166667,0.2
0,251,-0.359659,0.76964,0.716406,0.25,0.333333,0.135135,0,0,0.3
0,251,-0.659635,-1.63611,-1.43701,0.111111,0.1,0.01,1,0,0.4
0,251,-0.325992,0.209229,0.341486,0.333333,0.166667,0.106383,0,0,0.5
0,251,-0.498381,0.576582,-0.0339662,0.142857,0.25,0.0363636,0,0.166667,0.6
0,251,-0.40635,-0.511355,-0.408886,0.166667,0.142857,0.0704225,0,0,0.7
0,251,-0.670388,-1.45295,-1.43701,0.1,0.111111,0.0294118,0,0,0.8
0,251,-0.646991,0.258935,-0.398109,0.125,0.2,0.0677966,0,0.166667,0.9
1,251,1.75978,0.812759,1.31823,0.5,0.5,0.153846,0,0,1
1,252,2.48724,-0.0297827,1.04871,1,0.2,0.195122,1,0,0.1
0,252,0.0241835,-0.65614,-0.0127202,0.333333,0.125,0.0769231,0,0,0.2
1,252,1.30291,2.03724,1.70763,0.5,1,0.140625,0,0,0.3
0,252,-0.572121,-0.0443293,-0.651354,0.125,0.166667,0.104167,1,0.5,0.4
0,252,-0.56057,0.904805,0.408174,0.142857,0.5,0.102041,0,0,0.5
0,252,-0.545618,0.399967,0.588058,0.2,0.333333,0.135135,1,0.5,0.6
0,252,-0.626254,-1.3488,-1.60637,0.1,0.111111,0.0666667,0,0,0.7
0,252,-0.557568,-1.57065,-1.02326,0.166667,0.1,0.108696,0,0,0.8
0,252,-0.376628,0.381962,0.581304,0.25,0.25,0.0515464,1,0.5,0.9
0,252,-0.575578,-0.0742669,-1.04017,0.111111,0.142857,0.0819672,1,0.5,1
0,253,-0.383185,-1.42455,-0.772918,0.2,0.1,0.0384615,0,0,0.1
0,253,-0.141407,0.682377,0.757683,0.25,0.333333,0.0714286,0,0.5,0.2
0,253,-0.700677,-1.31262,-1.16794,0.125,0.111111,0.0547945,0,0,0.3
0,253,-0.87948,0.201224,-0.599533,0.111111,0.2,0.0789474,0,0,0.4
0,253,1.54854,1.13061,1.39419,0.5,0.5,0.0689655,0,0.333333,0.5
1,253,1.82296,0.469952,1.19352,1,0.25,0.0967742,1,0,0.6
0,253,-0.919177,-0.0451252,-0.968129,0.1,0.166667,0.0588235,1,0.333333,0.7
0,253,-0.695688,-1.12808,-0.805641,0.142857,0.125,0.0588235,0,0,0.8
0,253,-0.679794,-0.274505,-0.432445,0.166667,0.142857,0.057971,0,0.166667,0.9
1,253,1.02791,1.70072,1.40122,0.333333,1,0.107143,1,0,1
0,254,-0.658526,-0.896379,-1.06801,0.142857,0.1,0.0759494,0,0,0.1
1,254,2.35163,2.24451,1.69501,1,1,0.309524,1,0.166667,0.2
0,254,-0.698258,-0.553106,-0.733293,0.111111,0.166667,0.111111,0,0,0.3
0,254,-0.26799,-0.649115,-0.218891,0.2,0.142857,0.148148,0,0,0.4
0,254,-0.11843,-0.0587591,0.507457,0.25,0.25,0.114035,1,0.333333,0.5
0,254,0.0400546,0.346035,0.890741,0.333333,0.333333,0.127451,1,0.166667,0.6
0,254,-0.789943,-0.826756,-1.23761,0.1,0.125,0.0558376,1,0.333333,0.7
0,254,-0.660362,-0.834173,-1.07763,0.125,0.111111,0.111111,1,0,0.8
1,254,1.42063,1.3804,1.28639,0.5,0.5,0.224138,0,0,0.9
0,254,-0.618801,-0.152663,-0.0441509,0.166667,0.2,0.0932203,1,0.333333,1
0,255,-0.267821,-2.09887,-1.11504,0.2,0.1,0.04,0,0,0.1
0,255,-0.342032,-0.247507,-1.42742,0.125,0.125,0.105263,1,0.833333,0.2
0,255,-0.170008,0.16404,0.503005,0.25,0.2,0.0634921,1,0.833333,0.3
0,255,-0.688686,0.733121,-0.274851,0.111111,0.333333,0.0705882,1,0.166667,0.4
0,255,-1.38319,1.1109,-0.21568,0.1,0.5,0.0641026,1,1,0.5
0,255,-0.293287,-1.36095,-1.41974,0.142857,0.111111,0.057377,0,0,0.6
1,255,2.53931,0.0628131,0.876562,1,0.142857,0.195652,1,0,0.7
1,255,0.0159249,0.0891555,0.521025,0.333333,0.166667,0.105263,1,0.833333,0.8
0,255,-0.291008,1.35412,1.14977,0.166667,1,0.103896,1,0.833333,0.9
0,255,0.880796,0.193165,1.40236,0.5,0.25,0.151515,1,0.833333,1
0,256,0.16352,2.13138,1.35064,0.2,1,0.36,0,0.333333,0.1
0,256,-1.22535,0.13048,-0.542078,0.111111,0.25,0.166667,1,0.5,0.2
1,256,0.843207,-1.03847,0.0325088,0.5,0.111111,0.130952,1,0.5,0.3
0,256,-0.547573,-0.6581,-1.09668,0.142857,0.125,0.133333,1,0,0.4
0,256,-0.0390131,0.12985,-0.0651367,0.166667,0.2,0.16129,0,0,0.5
0,256,-0.758204,0.00864785,-0.83888,0.125,0.166667,0.173913,1,0.5,0.6
0,256,-1.26385,-0.152717,-1.57566,0.1,0.142857,0.159091,1,0.833333,0.7
1,256,2.25952,-1.74573,0.0979107,1,0.1,0.125,0,0,0.8
0,256,0.182346,0.849598,1.32325,0.25,0.5,0.185185,0,0.333333,0.9
0,256,0.385405,0.345058,1.31413,0.333333,0.333333,0.232558,0,0,1
1,257,2.9033,2.84347,1.66845,1,1,0.358491,1,0.333333,0.1
0,257,-0.409038,-0.469046,-0.7317,0.125,0.142857,0.162162,1,0.166667,0.2
0,257,-0.14829,-0.180444,0.499504,0.25,0.25,0.188406,0,0,0.3
0,257,-0.363369,-0.283287,-0.215461,0.142857,0.2,0.184615,1,0,0.4
0,257,-0.764069,-0.674369,-1.5378,0.1,0.1,0.166667,0,0,0.5
1,257,-0.108597,-0.109535,0.876782,0.333333,0.333333,0.147059,1,0.333333,0.6
0,257,-0.67039,-0.595345,-1.06075,0.111111,0.125,0.136364,1,0.5,0.7
0,257,-0.354662,-0.602787,-0.721802,0.166667,0.111111,0.141304,1,0.5,0.8
0,257,0.151342,0.479952,1.26623,0.5,0.5,0.25,1,0.666667,0.9
0,257,-0.236228,-0.408608,-0.043459,0.2,0.166667,0.146667,1,0.5,1
0,258,0.904995,1.11775,1.58389,0.333333,1,0.22,1,0.166667,0.1
0,258,-1.02537,-1.45301,-1.3202,0.125,0.111111,0.116883,1,0.5,0.2
0,258,-1.40016,1.00299,-0.168995,0.1,0.5,0.25,1,0.333333,0.3
0,258,0.482319,-0.549923,-0.248383,0.25,0.125,0.171875,1,0.333333,0.4
1,258,1.34549,-0.308756,0.436526,0.5,0.142857,0.166667,1,0.5,0.5
0,258,-1.05707,-1.82153,-1.71795,0.111111,0.1,0.0714286,0,0.333333,0.6
0,258,-0.181502,-0.298632,-0.0540889,0.2,0.166667,0.0869565,0,0,0.7
0,258,-0.303033,0.628383,-0.0540889,0.166667,0.2,0.120879,0,0,0.8
0,258,-0.412947,0.746808,-0.0406065,0.142857,0.25,0.166667,0,0,0.9
1,258,1.64727,0.935916,1.58389,1,0.333333,0.206897,1,0.166667,1
0,259,0.939846,0.129983,0.806506,0.333333,0.25,0.0819672,1,0.166667,0.1
0,259,-0.753529,0.155772,0.384434,0.166667,0.333333,0.0731707,0,0,0.2
0,259,-0.788439,-0.4265,-1.04754,0.111111,0.142857,0.0461538,0,0,0.3
1,259,1.23411,-0.695984,0.0254205,0.5,0.111111,0.037037,1,0,0.4
1,259,2.11877,2.67439,1.95543,1,1,0.2,1,0.166667,0.5
0,259,-0.804957,-0.444835,-1.42776,0.1,0.125,0.032967,0,0,0.6
0,259,-0.292549,-1.261,-0.822723,0.2,0.1,0.0714286,0,0,0.7
0,259,-0.126518,0.408565,1.03472,0.25,0.5,0.1,0,0,0.8
0,259,-0.766323,-0.410317,-0.655968,0.125,0.166667,0.0789474,0,0,0.9
0,259,-0.760413,-0.13007,-0.252521,0.142857,0.2,0.0652174,0,0,1
1,260,-0.279144,-1.94278,-0.638182,0.25,0.1,0.109091,0,0,0.1
0,260,1.16374,0.36958,1.3172,0.5,0.333333,0.084507,0,0,0.2
0,260,-0.734451,-1.03644,-1.09875,0.142857,0.111111,0.091954,1,0.166667,0.3
0,260,-0.947432,0.368357,-0.638182,0.1,0.25,0.179487,0,0,0.4
0,260,0.997654,-0.543657,-0.0134365,0.333333,0.125,0.122222,1,0.166667,0.5
0,260,-0.792719,-0.125682,-0.887307,0.111111,0.166667,0.117647,0,0,0.6
0,260,-0.750781,-0.175271,-0.899474,0.125,0.142857,0.0833333,0,0,0.7
0,260,-0.503921,0.851124,0.642599,0.166667,0.5,0.119403,0,0,0.8
0,260,-0.297867,0.306353,0.164523,0.2,0.2,0.160714,0,0,0.9
1,260,2.14493,1.92842,2.05101,1,1,0.107692,1,0,1
1,261,0.421834,-0.282352,0.75902,0.5,0.2,0.132353,0,0,0.1
0,261,-0.541715,-0.690409,-0.793356,0.142857,0.125,0.135135,0,0,0.2
0,261,-1.02369,0.310151,-0.562891,0.1,0.25,0.184211,0,0.166667,0.3
1,261,2.60613,2.55152,1.80904,1,1,0.272727,1,0.333333,0.4
0,261,-0.810449,-0.490077,-0.793356,0.125,0.142857,0.117647,1,0.166667,0.5
0,261,0.253943,0.616369,1.1618,0.333333,0.5,0.172414,1,0.166667,0.6
0,261,-0.388692,-1.14349,-0.953366,0.166667,0.1,0.132353,0,0,0.7
0,261,0.237379,0.350815,0.746129,0.25,0.333333,0.217391,1,0.333333,0.8
0,261,0.110082,-0.471387,-0.0471211,0.2,0.166667,0.118644,0,0.166667,0.9
0,261,-0.864812,-0.751138,-1.32589,0.111111,0.111111,0.109375,1,0.333333,1
1,262,0.464057,-0.72189,-0.0259879,0.333333,0.125,0.0659341,0,0.833333,0.1
0,262,0.569499,-0.893446,0.0515699,0.5,0.111111,0.0510204,0,0.833333,0.2
0,262,-0.731968,0.20634,-0.103329,0.166667,0.2,0.137931,1,0.333333,0.3
0,262,-0.73615,1.80541,1.31208,0.142857,1,0.1,1,0.333333,0.4
0,262,-0.756465,0.967196,0.436991,0.125,0.5,0.0784314,0,0.833333,0.5
0,262,0.193061,0.53981,1.63614,0.25,0.333333,0.125,0,0.833333,0.6
0,262,0.0339687,-0.321718,-0.512283,0.2,0.142857,0.0961538,0,0.833333,0.7
0,262,-0.758752,0.423168,-0.85992,0.111111,0.25,0.0952381,1,0.333333,0.8
1,262,2.55139,-1.96663,0.155319,1,0.1,0.0540541,1,0,0.9
0,262,-0.828643,-0.0382439,-2.09058,0.1,0.166667,0.0784314,0,0.833333,1
0,263,-0.432519,-0.115483,-0.429576,0.142857,0.166667,0.12987,0,0,0.1
0,263,-0.416849,0.276559,-0.0475333,0.166667,0.2,0.123457,0,0,0.2
0,263,-0.5634,-0.893263,-1.16019,0.125,0.111111,0.0787402,1,0.166667,0.3
1,263,2.27471,1.62138,1.82486,1,1,0.294118,0,0.166667,0.4
0,263,-0.816176,0.544817,-0.189256,0.111111,0.333333,0.08,1,0.166667,0.5
0,263,-0.054055,-0.346507,-0.011955,0.333333,0.125,0.0970874,0,0,0.6
0,263,-1.10426,-2.25549,-1.68196,0.1,0.1,0.119403,1,0.333333,0.7
0,263,1.48021,0.836639,1.38494,0.5,0.5,0.27451,0,0.166667,0.8
0,263,-0.1974,-0.169281,-0.23566,0.2,0.142857,0.0740741,0,0,0.9
1,263,-0.170263,0.500626,0.546333,0.25,0.25,0.170213,1,0,1
0,264,0.672804,1.74818,1.49152,0.333333,1,0.105263,0,0,0.1
0,264,0.918392,0.362412,1.03473,0.5,0.25,0.121622,0,0,0.2
1,264,-0.0746027,-1.32506,-0.63817,0.2,0.111111,0.170732,0,0.166667,0.3
0,264,-0.493521,-1.52301,-1.03052,0.166667,0.1,0.116667,1,0.666667,0.4
0,264,-0.742393,0.888331,-0.0128104,0.125,0.333333,0.0686275,1,0.166667,0.5
1,264,2.34988,0.953055,1.71974,1,0.5,0.127907,1,0.5,0.6
0,264,-0.608836,-0.0181079,-0.252523,0.142857,0.2,0.125,0,0,0.7
0,264,-0.017395,-1.01831,-0.233897,0.25,0.125,0.131148,1,0.166667,0.8
0,264,-1.03404,-0.0247829,-1.03052,0.1,0.166667,0.0618557,1,0.5,0.9
0,264,-0.970286,-0.0427045,-1.04755,0.111111,0.142857,0.153846,1,0.5,1
0,265,-0.414207,1.25618,1.19627,0.2,1,0.139535,0,0,0.1
0,265,-0.762411,-0.811367,-1.40814,0.125,0.111111,0.0731707,0,0,0.2
0,265,-1.13311,0.0621321,-1.16724,0.1,0.166667,0.0520833,0,0,0.3
0,265,-0.856421,-0.249504,-1.18653,0.111111,0.142857,0.0714286,0,0,0.4
0,265,1.67532,0.499219,1.43898,1,0.25,0.0857143,0,0,0.5
0,265,-0.559832,0.747975,0.435439,0.166667,0.333333,0.09375,0,0,0.6
1,265,-0.0719259,-2.30274,-0.689166,0.25,0.1,0.0609756,0,0.166667,0.7
0,265,1.30862,-0.449146,-0.0145099,0.333333,0.125,0.125,0,0,0.8
1,265,1.42205,0.0728331,0.929294,0.5,0.2,0.0769231,1,0.166667,0.9
0,265,-0.608085,1.17442,0.465603,0.142857,0.5,0.09375,0,0,1
1,266,1.76794,2.07558,1.98214,1,1,0.283333,0,0,0.1
1,266,0.559597,-0.802044,-0.0129853,0.333333,0.125,0.142857,1,0.166667,0.2
0,266,0.115714,0.949452,0.83165,0.2,0.5,0.164557,0,0,0.3
0,266,-2.03052,-0.50748,-1.24893,0.1,0.142857,0.177419,1,0.833333,0.4
0,266,-0.58323,-1.18009,-1.45277,0.111111,0.111111,0.152174,1,0.833333,0.5
0,266,-0.38884,-1.26218,-1.04459,0.166667,0.1,0.111111,1,1,0.6
0,266,-0.417451,0.910051,0.185346,0.142857,0.333333,0.153061,1,0.833333,0.7
0,266,0.189319,0.0171654,0.376209,0.25,0.2,0.141509,1,0.833333,0.8
0,266,1.23438,-0.266658,0.621022,0.5,0.166667,0.22093,0,0,0.9
0,266,-0.446904,0.0662053,-0.237091,0.125,0.25,0.2,1,0.833333,1
0,267,-0.497071,-0.530419,-0.457204,0.142857,0.166667,0.0612245,0,0.166667,0.1
0,267,-0.902552,0.446089,-0.817171,0.1,0.2,0.0819672,0,0,0.2
0,267,0.922213,0.469189,1.02774,0.5,0.25,0.0961538,0,0,0.3
0,267,-0.38795,0.519299,0.38184,0.166667,0.333333,0.111111,0,0,0.4
1,267,-0.560783,-1.43994,-1.60683,0.111111,0.1,0.159091,0,0,0.5
0,267,-0.549095,-0.589568,-0.851767,0.125,0.142857,0.0660377,0,0.166667,0.6
1,267,2.67356,2.06506,1.94223,1,1,0.206897,1,0,0.7
0,267,-0.184061,-0.749145,-0.0127238,0.333333,0.125,0.123077,0,0,0.8
0,267,-0.196646,-1.03469,-0.421022,0.25,0.111111,0.0851064,1,0,0.9
0,267,-0.317615,0.84413,0.814904,0.2,0.5,0.097561,0,0,1
0,268,-0.127931,0.00455325,0.336287,0.25,0.2,0.121622,1,0.166667,0.1
0,268,-0.164926,0.0380036,0.336287,0.2,0.25,0.3125,1,1,0.2
0,268,1.0831,1.59485,1.35145,0.333333,1,0.236842,0,0,0.3
0,268,-0.946462,-0.434999,-1.12646,0.111111,0.125,0.217391,1,1,0.4
0,268,-1.21496,-0.235619,-1.1164,0.1,0.142857,0.147541,1,1,0.5
1,268,-0.263364,0.793965,0.348334,0.166667,0.333333,0.30303,1,1,0.6
0,268,-0.892009,-2.2138,-1.29369,0.125,0.1,0.183673,1,1,0.7
0,268,1.86837,1.16768,1.55824,1,0.5,0.285714,1,1,0.8
0,268,-0.629808,-0.530771,-0.949173,0.142857,0.111111,0.181818,1,0.833333,0.9
1,268,1.28798,-0.183858,0.555121,0.5,0.166667,0.161765,0,0,1
0,269,-0.461599,-0.764315,-0.997193,0.166667,0.1,0.134615,1,0.333333,0.1
0,269,-0.0775368,-0.0925721,0.78043,0.25,0.333333,0.166667,0,0.166667,0.2
0,269,0.107883,0.974768,1.21521,0.333333,0.5,0.225,0,0,0.3
0,269,-0.728269,-0.259274,-0.617531,0.111111,0.2,0.111111,0,0,0.4
0,269,-0.522862,-0.437708,-0.634759,0.125,0.166667,0.159091,0,0,0.5
1,269,2.7872,2.64909,1.8922,1,1,0.307692,1,0.166667,0.6
0,269,-0.831763,-0.668644,-1.56544,0.1,0.111111,0.105263,0,0.166667,0.7
0,269,-0.218449,-0.542024,-0.244356,0.2,0.142857,0.170213,0,0,0.8
1,269,-0.504789,-0.241934,-0.0370017,0.142857,0.25,0.0740741,1,0.166667,0.9
0,269,0.450186,-0.617389,0.208442,0.5,0.125,0.172414,0,0,1
0,270,-0.0306178,0.0323248,0.399072,0.333333,0.166667,0.186441,1,1.33333,0.1
0,270,-0.571155,-0.724679,-1.09331,0.125,0.125,0.114583,1,1.33333,0.2
0,270,-0.31906,-0.0305592,-0.477837,0.166667,0.142857,0.15942,1,1.33333,0.3
0,270,0.48305,0.143161,0.85168,0.5,0.2,0.15493,1,1.33333,0.4
1,270,2.7705,1.87191,2.02988,1,1,0.224138,1,1.33333,0.5
1,270,-0.0584533,-2.0279,-0.631607,0.25,0.1,0.0860215,0,0,0.6
0,270,-0.247461,0.575246,0.614773,0.2,0.333333,0.171875,1,1.33333,0.7
0,270,-1.00187,0.307467,-0.631607,0.1,0.25,0.185185,1,1.33333,0.8
0,270,-0.69738,-0.91005,-1.48776,0.111111,0.111111,0.125,1,1.33333,0.9
0,270,-0.327551,0.763079,0.426716,0.142857,0.5,0.22449,1,1.33333,1
0,271,-0.594226,-0.271853,-0.317709,0.142857,0.2,0.0769231,0,0,0.1
0,271,1.57658,-1.36415,0.0963264,1,0.1,0.0625,0,0,0.2
0,271,-0.38452,1.08219,0.770807,0.166667,0.5,0.0483871,0,0,0.3
0,271,-0.925323,-0.440184,-1.07893,0.125,0.142857,0.019802,1,0.166667,0.4
0,271,-1.08869,0.00549427,-0.533307,0.111111,0.25,0.038961,1,0.166667,0.5
0,271,0.348376,2.10773,1.59838,0.25,1,0.05,1,0.166667,0.6
1,271,0.0612928,0.85066,0.745106,0.2,0.333333,0.0444444,1,0.166667,0.7
0,271,1.09592,-0.609844,-0.0161173,0.333333,0.125,0.108108,0,0,0.8
0,271,-1.39412,-1.02453,-2.03536,0.1,0.111111,0.0384615,0,0,0.9
1,271,1.30471,-0.335511,0.770807,0.5,0.166667,0.0689655,1,0,1
0,272,-0.937703,0.48637,-0.447727,0.125,0.2,0.137255,0,0.166667,0.1
0,272,1.34763,0.640622,1.25454,0.5,0.333333,0.196078,1,0.666667,0.2
1,272,0.598964,-1.33908,-0.637522,0.2,0.111111,0.0923077,0,0.166667,0.3
0,272,-1.0601,0.596678,-0.423455,0.111111,0.25,0.156863,1,0.833333,0.4
0,272,-1.58184,-1.56398,-1.80049,0.1,0.1,0.0983607,1,0.666667,0.5
1,272,1.38468,1.25926,1.95345,1,1,0.268293,1,0.833333,0.6
0,272,0.66264,0.328313,0.384047,0.333333,0.166667,0.204082,0,0.166667,0.7
0,272,0.622265,-1.33562,-0.23366,0.25,0.125,0.0854701,0,0,0.8
0,272,-0.37872,-0.188343,-0.459846,0.166667,0.142857,0.0891089,1,0.666667,0.9
0,272,-0.657833,1.11578,0.41065,0.142857,0.5,0.156863,0,0.166667,1
0,273,-0.0685086,0.169716,0.54634,0.2,0.333333,0.132075,1,0.333333,0.1
0,273,0.0291419,-0.632981,-0.215774,0.25,0.125,0.0479452,0,0,0.2
1,273,1.73453,1.53453,1.36905,0.5,0.5,0.16129,0,0.166667,0.3
0,273,0.274876,0.1312,0.744021,0.333333,0.25,0.0727273,1,0.5,0.4
0,273,-1.0767,-0.576576,-1.13664,0.1,0.142857,0.117647,0,0,0.5
0,273,-0.255477,-0.700895,-0.780413,0.166667,0.111111,0.0704225,0,0,0.6
1,273,1.87268,1.93559,1.80393,1,1,0.151515,0,0,0.7
0,273,-1.05593,-0.347353,-0.780413,0.111111,0.166667,0.129032,1,0.333333,0.8
0,273,-0.781742,0.0688432,-0.413455,0.125,0.2,0.125,0,0,0.9
0,273,-0.672859,-1.58207,-1.13664,0.142857,0.1,0.0543478,0,0,1
0,274,-0.520809,0.362215,-0.244821,0.142857,0.2,0.125,0,0,0.1
0,274,-0.527498,-0.000149166,-0.635967,0.125,0.166667,0.114035,0,0,0.2
1,274,0.715539,-1.17344,-0.196613,0.333333,0.111111,0.211268,0,0,0.3
0,274,-0.493205,1.11369,0.593971,0.166667,0.5,0.158537,0,0,0.4
0,274,-0.182983,-0.523958,-0.226764,0.25,0.125,0.136364,0,0,0.5
0,274,-0.195124,0.365233,0.359822,0.2,0.25,0.214286,1,0.166667,0.6
0,274,1.06165,0.509463,1.21752,0.5,0.333333,0.179775,1,0,0.7
0,274,-1.27291,-0.460543,-1.19453,0.1,0.142857,0.142857,0,0,0.8
1,274,2.26888,1.68608,1.8958,1,1,0.225806,1,0,0.9
0,274,-0.853531,-1.87859,-1.56842,0.111111,0.1,0.192982,1,0.166667,1
0,275,-0.25277,-1.42261,-0.75005,0.2,0.1,0.0325581,1,0.333333,0.1
0,275,-0.87675,-1.0874,-1.47484,0.1,0.111111,0.0508475,0,0,0.2
1,275,2.25589,1.06984,1.56782,1,0.5,0.138462,1,0,0.3
0,275,-0.538235,-0.686787,-0.60343,0.142857,0.142857,0.057971,0,0,0.4
0,275,-0.249593,0.156291,0.533709,0.25,0.25,0.0847458,0,0,0.5
1,275,1.62527,1.90196,1.56782,0.5,1,0.2,1,0,0.6
0,275,-0.676534,-0.69672,-1.13338,0.111111,0.125,0.0806452,1,0.333333,0.7
0,275,-0.574008,-0.00514416,-0.40859,0.125,0.2,0.0681818,0,0,0.8
0,275,-0.209384,-0.228432,0.350476,0.333333,0.166667,0.0609756,1,0.333333,0.9
0,275,-0.503878,0.998995,0.350476,0.166667,0.333333,0.0862069,0,0,1
1,276,2.37266,2.16754,1.63145,1,1,0.0727273,1,0,0.1
1,276,1.56089,1.8204,1.23816,0.5,0.5,0.06,1,0,0.2
0,276,-0.491694,-0.498491,0.857342,0.333333,0.333333,0,0,0,0.3
0,276,-0.491694,-0.498491,0.488429,0.25,0.25,0,0,0,0.4
0,276,-0.491694,-0.498491,0.130868,0.2,0.2,0,0,0,0.5
0,276,-0.491694,-0.498491,-0.215859,0.166667,0.166667,0,0,0,0.6
0,276,-0.491694,-0.498491,-0.552235,0.142857,0.142857,0,0,0,0.7
0,276,-0.491694,-0.498491,-0.878718,0.125,0.125,0,0,0,0.8
0,276,-0.491694,-0.498491,-1.19574,0.111111,0.111111,0,0,0,0.9
0,276,-0.491694,-0.498491,-1.5037,0.1,0.1,0,0,0,1
0,277,-0.343064,1.42075,0.73273,0.142857,1,0.216216,0,0,0.1
1,277,2.67926,-0.305676,0.73273,1,0.142857,0.318182,1,0.166667,0.2
0,277,-1.17911,0.0907359,-0.932076,0.1,0.2,0.136364,0,0,0.3
0,277,-0.0595972,-0.498164,-0.264984,0.25,0.125,0.151515,0,0,0.4
0,277,-0.781638,-0.233888,-0.958395,0.111111,0.166667,0.208333,0,0.166667,0.5
0,277,0.194745,0.635434,1.16417,0.333333,0.333333,0.135802,0,0,0.6
0,277,-0.107274,-1.96962,-0.932076,0.2,0.1,0.113636,0,0,0.7
1,277,-0.164391,0.541495,0.18506,0.166667,0.25,0.142857,0,0.333333,0.8
0,277,0.42553,1.37389,1.68128,0.5,0.5,0.152778,0,0.166667,0.9
0,277,-0.664463,-1.05497,-1.40844,0.125,0.111111,0.21875,0,0.166667,1
0,278,-0.98931,-0.539673,-0.764647,0.125,0.142857,0.0869565,1,0.166667,0.1
0,278,-1.39675,-1.65043,-1.60704,0.1,0.1,0.075,0,0,0.2
0,278,0.452539,-0.804493,-0.208555,0.25,0.125,0.115385,0,0,0.3
0,278,0.191496,-0.0293303,0.139862,0.2,0.2,0.0629371,0,0,0.4
0,278,0.584799,1.06374,1.32325,0.5,0.5,0.107143,1,0.166667,0.5
1,278,-0.18421,0.323951,-0.0340953,0.142857,0.25,0.135135,0,0.333333,0.6
0,278,-0.171523,-0.928956,-0.754304,0.166667,0.111111,0.0921053,0,0.333333,0.7
1,278,2.18624,1.86706,1.74357,1,1,0.123457,1,0.166667,0.8
0,278,0.505157,0.852913,0.916262,0.333333,0.333333,0.138889,0,0.333333,0.9
0,278,-1.17843,-0.154782,-0.754304,0.111111,0.166667,0.0352113,1,0.166667,1
1,279,2.27502,1.17438,1.50496,1,0.5,0.105263,1,0.5,0.1
0,279,0.201338,1.37031,1.11177,0.25,1,0.0779221,1,0.5,0.2
0,279,0.581313,0.503245,0.518266,0.333333,0.2,0.0480769,1,0.166667,0.3
0,279,-0.442105,0.594138,0.14295,0.166667,0.25,0.0617284,0,0,0.4
0,279,0.84036,0.780327,1.09898,0.5,0.333333,0.0684932,0,0,0.5
1,279,-0.926235,-1.3477,-1.25421,0.111111,0.111111,0.0769231,0,0,0.6
0,279,-0.670926,-0.85579,-0.750462,0.142857,0.125,0.0657895,1,0.5,0.7
0,279,-1.26551,-1.51616,-1.57723,0.1,0.1,0.0291971,0,0,0.8
0,279,0.182245,-0.816989,-0.220986,0.2,0.142857,0.0434783,1,0.166667,0.9
0,279,-0.775492,0.114244,-0.57405,0.125,0.166667,0.0869565,1,0.5,1
1,280,1.53603,1.05454,1.15398,1,0.25,0.115385,0,0,0.1
0,280,0.59372,-0.219819,0.337121,0.25,0.2,0.0869565,0,0,0.2
0,280,-0.66926,-0.394626,-0.41812,0.142857,0.166667,0.0462963,1,0.333333,0.3
0,280,-1.24674,-0.757839,-0.951528,0.111111,0.142857,0.0793651,0,0.166667,0.4
1,280,-1.05989,-1.34958,-1.29689,0.125,0.1,0.0263158,1,0.166667,0.5
0,280,-1.29846,-0.864871,-1.29689,0.1,0.125,0.0684932,1,0.5,0.6
0,280,-0.0314865,1.0992,0.349198,0.166667,0.333333,0.036036,1,0.166667,0.7
0,280,0.117961,-1.07627,-0.579673,0.2,0.111111,0.0806452,1,0.333333,0.8
0,280,0.614572,1.36732,1.3548,0.333333,1,0.105263,0,0,0.9
0,280,1.44356,1.14195,1.34801,0.5,0.5,0.112676,0,0,1
0,281,-0.364399,-0.123847,0.336125,0.2,0.25,0.152174,1,0.833333,0.1
0,281,-0.874341,-0.233792,-0.577961,0.111111,0.2,0.0921053,1,0.833333,0.2
0,281,-0.528404,-0.979663,-0.766148,0.166667,0.111111,0.0879121,1,0.833333,0.3
0,281,-0.643876,-0.546283,-0.953853,0.125,0.125,0.107692,1,0.166667,0.4
1,281,2.04669,0.590854,1.3508,1,0.333333,0.149254,1,0,0.5
0,281,-0.128791,-0.293686,0.147939,0.25,0.166667,0.14,1,0.833333,0.6
0,281,-0.559903,-1.14453,-1.11586,0.142857,0.1,0.0721649,0,0,0.7
1,281,0.625268,0.615215,1.13734,0.333333,0.5,0.113636,1,1,0.8
0,281,1.51916,2.52584,1.55749,0.5,1,0.384615,0,0,0.9
0,281,-1.0914,-0.410111,-1.11586,0.1,0.142857,0.0594059,1,0.833333,1
0,282,-0.849589,0.382796,-0.451337,0.125,0.2,0.115789,1,0.833333,0.1
0,282,-0.412285,-0.553628,-0.863598,0.142857,0.125,0.126316,1,0.833333,0.2
1,282,-0.20604,0.975609,0.616969,0.166667,0.5,0.133333,0,0,0.3
1,282,1.8649,1.4887,1.96921,1,1,0.225352,1,0.833333,0.4
0,282,-1.29108,-1.37978,-1.62914,0.1,0.111111,0.134328,1,0.833333,0.5
0,282,0.268004,0.789247,1.03483,0.333333,0.333333,0.079096,0,0,0.6
0,282,-0.994508,0.781082,-0.426869,0.111111,0.25,0.136986,1,0.833333,0.7
0,282,-0.197339,-1.69835,-0.828521,0.2,0.1,0.164179,1,0.833333,0.8
0,282,0.144528,-0.236147,0.1645,0.25,0.166667,0.142857,1,0,0.9
0,282,1.67341,-0.549527,0.413961,0.5,0.142857,0.149254,0,0,1
1,283,1.42598,0.87459,1.63126,1,0.333333,0.0588235,1,0.5,0.1
0,283,-0.0998823,-1.18365,-0.697961,0.2,0.111111,0.0744681,1,0.5,0.2
0,283,-0.32251,-2.00366,-1.12707,0.166667,0.1,0.109091,1,0.5,0.3
0,283,1.32727,-1.03605,-0.0140106,0.333333,0.125,0.0875,0,0,0.4
0,283,-0.94672,0.969282,0.449582,0.142857,0.5,0.0810811,1,0.333333,0.5
0,283,0.308823,0.177173,0.178655,0.25,0.166667,0.0642202,1,0.833333,0.6
0,283,-1.03128,0.29108,-0.697961,0.111111,0.2,0.0769231,1,0.333333,0.7
0,283,-0.986984,0.163462,-0.937908,0.125,0.142857,0.0882353,0,0,0.8
0,283,-1.06386,0.612858,-0.665452,0.1,0.25,0.0625,0,0,0.9
1,283,1.38917,1.13492,1.88086,0.5,1,0.179487,1,0,1
0,284,-0.440133,0.292957,-0.489386,0.125,0.2,0.102941,1,0.5,0.1
0,284,-0.311019,-0.637202,-0.489386,0.2,0.125,0.1,1,0.5,0.2
1,284,2.96587,0.729965,1.87784,1,0.5,0.189655,1,0,0.3
1,284,-0.440181,-1.35614,-1.56496,0.111111,0.111111,0.134615,0,0,0.4
0,284,-0.406628,0.39195,0.199659,0.142857,0.333333,0.155556,0,0,0.5
0,284,-0.266467,0.158262,0.178368,0.25,0.166667,0.104478,0,0,0.6
0,284,-0.219241,0.354802,0.880659,0.333333,0.25,0.122807,1,0.5,0.7
0,284,-0.518516,-0.5113,-1.34538,0.1,0.142857,0.1,1,0.5,0.8
0,284,0.0417343,-1.50105,-0.173769,0.5,0.1,0.130435,0,0,0.9
0,284,-0.405423,2.07775,0.926351,0.166667,1,0.233333,0,0,1
0,285,-0.6744,0.418789,0.332122,0.2,0.25,0.0714286,0,1,0.1
0,285,-0.911471,-1.11544,-1.61283,0.1,0.1,0.0434783,0,1,0.2
1,285,0.562581,0.617708,0.721721,0.25,0.333333,0.12,1,0,0.3
1,285,1.47615,-0.787002,0.192762,0.5,0.125,0.0526316,1,0.166667,0.4
0,285,1.84403,2.26358,1.74986,1,1,0.107143,1,0.166667,0.5
0,285,-0.742819,-0.635716,-0.411919,0.142857,0.166667,0.0740741,0,1,0.6
0,285,-0.776112,-0.737408,-0.767403,0.125,0.142857,0.0689655,0,1,0.7
0,285,0.726666,0.892357,1.12379,0.333333,0.5,0.0689655,0,1,0.8
0,285,-0.798916,-0.839988,-1.28252,0.111111,0.111111,0.0740741,0,1,0.9
0,285,-0.705704,-0.0768806,-0.0455796,0.166667,0.2,0.0869565,0,1,1
1,286,2.57393,0.512925,1.2403,1,0.25,0.133333,1,1.16667,0.1
0,286,-0.656185,0.0637144,-0.646202,0.142857,0.142857,0.116279,1,1.16667,0.2
0,286,-0.657744,0.558646,0.210299,0.125,0.5,0.104167,1,1.16667,0.3
0,286,-0.117674,0.54441,0.57818,0.2,0.333333,0.0869565,1,1.16667,0.4
0,286,-0.330776,-0.278828,-0.825894,0.166667,0.111111,0.0588235,1,1.16667,0.5
0,286,-0.659801,0.257682,-0.825894,0.111111,0.166667,0.104167,1,1.16667,0.6
0,286,0.86013,0.878705,1.67895,0.5,1,0.0740741,1,1.16667,0.7
0,286,-0.0591388,-0.171411,-0.228349,0.25,0.125,0.0983607,1,1.16667,0.8
1,286,-1.09115,-2.82306,-1.75956,0.1,0.1,0.0357143,0,0,0.9
0,286,0.138417,0.457219,0.57818,0.333333,0.2,0.0731707,0,0,1
0,287,-0.399149,0.170704,-0.0502617,0.166667,0.2,0.0503597,1,0.666667,0.1
0,287,-0.389485,0.300438,0.584405,0.2,0.333333,0.0909091,1,0.666667,0.2
0,287,1.71149,2.28585,1.69702,0.5,1,0.126984,1,0.833333,0.3
0,287,0.333227,0.850708,1.23923,0.333333,0.5,0.152174,0,0,0.4
0,287,-0.494511,-0.504638,-0.653159,0.142857,0.142857,0.0510949,0,0,0.5
0,287,-0.846859,-0.514274,-1.22679,0.111111,0.125,0.12,0,0,0.6
0,287,-1.28087,-1.43903,-1.77851,0.1,0.1,0.05,1,0.666667,0.7
1,287,-0.590752,0.252291,-0.230808,0.125,0.25,0.107143,1,0.166667,0.8
1,287,1.92256,-1.08529,0.257673,1,0.111111,0.116667,1,0,0.9
0,287,0.0343496,-0.316768,0.161192,0.25,0.166667,0.0721649,1,0.666667,1
0,288,-0.498652,0.504431,0.423555,0.166667,0.333333,0.0632911,0,0,0.1
0,288,-0.241024,-0.169173,-0.278218,0.2,0.142857,0.0666667,1,0.666667,0.2
1,288,2.38916,-0.223758,0.497012,1,0.125,0.09375,1,0,0.3
1,288,1.1167,1.80042,1.89473,0.5,1,0.123077,0,0,0.4
0,288,0.145079,-2.01198,-0.670357,0.25,0.1,0.0438596,0,0.5,0.5
0,288,-1.07189,0.255762,-0.670357,0.1,0.25,0.0769231,0,0.5,0.6
0,288,-0.679871,0.174065,-0.278218,0.142857,0.2,0.1,0,0.5,0.7
0,288,-0.738903,-1.16672,-1.57903,0.111111,0.111111,0.08,0,0,0.8
0,288,0.27524,0.952368,1.3836,0.333333,0.5,0.142857,0,0,0.9
0,288,-0.695841,-0.115415,-0.722721,0.125,0.166667,0.0655738,1,0.166667,1
0,289,0.183508,-0.641736,0.166625,0.333333,0.142857,0.091954,0,0,0.1
1,289,2.74092,2.57397,1.78193,1,1,0.346154,1,0.166667,0.2
1,289,0.469332,0.704587,1.35236,0.5,0.5,0.0816327,1,0,0.3
0,289,-0.220361,-0.676776,-0.581545,0.2,0.111111,0.0921053,0,0,0.4
0,289,-0.0956584,0.323277,0.734951,0.25,0.333333,0.0559006,0,0,0.5
0,289,-0.356419,-0.508903,-0.235769,0.166667,0.166667,0.114286,0,0,0.6
0,289,-0.579537,-0.282883,-0.408415,0.125,0.2,0.0833333,0,0,0.7
0,289,-0.383511,0.206689,-0.0348454,0.142857,0.25,0.137255,1,0.166667,0.8
0,289,-0.779169,-1.04928,-1.47421,0.111111,0.1,0.157895,0,0,0.9
0,289,-0.979101,-0.648951,-1.30108,0.1,0.125,0.0819672,0,0,1
0,290,0.690647,-0.473065,0.237824,0.5,0.125,0.0803571,0,0,0.1
0,290,-0.495667,1.16987,0.237824,0.125,0.5,0.0714286,1,0.333333,0.2
1,290,2.63509,1.79752,2.15892,1,1,0.194444,1,0.166667,0.3
0,290,-0.470794,-0.39129,-0.730778,0.142857,0.142857,0.111111,0,0,0.4
0,290,-0.0211287,-0.910503,-0.467994,0.25,0.111111,0.0833333,0,0,0.5
0,290,-0.8243,0.58589,-0.223901,0.111111,0.333333,0.101695,1,0.333333,0.6
1,290,0.173107,-0.00429824,0.653854,0.333333,0.2,0.162791,1,0.333333,0.7
0,290,-1.10718,-1.93825,-1.98986,0.1,0.1,0.0625,0,0,0.8
0,290,-0.353801,0.283096,0.180348,0.166667,0.25,0.0921053,1,0.333333,0.9
0,290,-0.225979,-0.118975,-0.0562346,0.2,0.166667,0.0686275,0,0.166667,1
0,291,-0.545668,-1.42232,-1.36575,0.125,0.111111,0.0818182,1,1.16667,0.1
0,291,-0.84451,0.195678,-0.929346,0.111111,0.166667,0.0833333,1,1.16667,0.2
1,291,2.54397,-1.2219,0.495575,1,0.125,0.169014,1,0.333333,0.3
0,291,-0.261275,1.13714,1.13672,0.25,0.5,0.160714,1,1.16667,0.4
0,291,0.149582,-0.283522,0.200872,0.333333,0.142857,0.0934579,1,1.16667,0.5
0,291,-0.962041,-1.46011,-1.97997,0.1,0.1,0.0571429,0,0,0.6
0,291,-0.509215,1.41143,0.71052,0.142857,1,0.142857,1,1.16667,0.7
1,291,1.03011,0.374093,0.901317,0.5,0.2,0.191489,1,1.33333,0.8
0,291,-0.307782,0.600506,0.179451,0.166667,0.25,0.125,1,1.16667,0.9
0,291,-0.293171,0.669002,0.650603,0.2,0.333333,0.1,1,1.33333,1
1,292,0.702532,-1.70906,-0.484403,0.333333,0.1,0.0714286,0,0,0.1
0,292,-0.0125777,0.309824,0.196154,0.2,0.2,0.102564,0,0.333333,0.2
0,292,0.222756,0.680729,1.00857,0.25,0.333333,0.194444,0,0.333333,0.3
1,292,-0.628807,-1.66272,-1.55467,0.125,0.111111,0.118644,0,0.333333,0.4
0,292,-0.724538,1.58404,0.326541,0.111111,1,0.0961538,1,0.166667,0.5
0,292,-0.46084,-0.598202,-1.07241,0.142857,0.125,0.111111,0,0,0.6
0,292,1.49289,-0.0758478,0.514053,0.5,0.142857,0.0941176,1,0,0.7
0,292,-1.7892,0.196733,-1.2887,0.1,0.166667,0.0549451,0,0,0.8
0,292,-0.444341,0.762653,0.766145,0.166667,0.5,0.0568182,1,0.166667,0.9
0,292,1.64212,0.511848,1.58872,1,0.25,0.101266,0,0,1
0,293,-0.264163,0.768945,0.138082,0.166667,0.25,0.25,1,1,0.1
0,293,-0.812704,-0.93327,-0.890302,0.125,0.125,0.115942,0,0,0.2
0,293,-0.993269,-1.43066,-1.52352,0.1,0.1,0.166667,1,0.833333,0.3
0,293,0.656417,0.903519,1.06156,0.5,0.333333,0.0952381,0,0,0.4
0,293,-0.908115,-1.38233,-1.2115,0.111111,0.111111,0.181818,1,0.833333,0.5
1,293,-0.0646682,-0.0214504,0.313731,0.25,0.2,0.126437,1,1,0.6
0,293,-0.0719408,-0.138212,-0.0430556,0.2,0.166667,0.109589,1,0.333333,0.7
0,293,0.130035,1.00446,1.06156,0.333333,0.5,0.192308,1,0.833333,0.8
1,293,2.62888,1.6095,1.65296,1,1,0.22449,1,0,0.9
0,293,-0.300477,-0.380491,-0.559515,0.142857,0.142857,0.107143,1,0.833333,1
0,294,-0.721887,0.0348715,-0.603109,0.1,0.25,0.0714286,1,0,0.1
0,294,0.0835789,-0.127062,0.381066,0.333333,0.166667,0.107692,1,0.166667,0.2
0,294,-0.139036,-0.768294,-0.231846,0.25,0.125,0.0683761,0,0.166667,0.3
0,294,-0.419445,-0.134512,-0.656097,0.142857,0.142857,0.0724638,0,0,0.4
1,294,-0.641633,-1.10208,-1.42063,0.111111,0.111111,0.0701754,0,0,0.5
0,294,-0.610314,0.353103,-0.012698,0.125,0.333333,0.0674157,0,0,0.6
0,294,-0.324358,-0.00586126,0.155481,0.2,0.2,0.0736842,0,0,0.7
0,294,0.233551,0.536434,1.47102,0.5,0.5,0.0659341,0,0,0.8
0,294,-0.32836,-1.2656,-1.02148,0.166667,0.1,0.047619,0,0,0.9
1,294,2.8679,2.479,1.93829,1,1,0.160714,1,0,1
1,295,0.00133042,0.583932,0.581263,0.25,0.25,0.103448,0,0.166667,0.1
0,295,-0.220521,0.832181,0.381704,0.166667,0.333333,0.15873,0,0.166667,0.2
0,295,-0.514467,1.43033,0.642171,0.142857,1,0.0762712,0,0,0.3
0,295,0.151876,1.09138,1.24689,0.333333,0.5,0.140845,0,0.166667,0.4
0,295,-0.98228,-1.31613,-1.41762,0.1,0.125,0.0923077,0,0.166667,0.5
0,295,-0.00677814,-0.165563,-0.250727,0.2,0.142857,0.126761,0,0,0.6
0,295,-0.87469,-1.42456,-1.60625,0.111111,0.1,0.106061,1,0,0.7
0,295,-0.862622,-1.36791,-1.23437,0.125,0.111111,0.125,0,0.166667,0.8
0,295,0.727368,0.248193,0.814613,0.5,0.2,0.09375,1,0,0.9
1,295,2.58078,0.0881417,0.842325,1,0.166667,0.244898,0,0.166667,1
0,296,-1.07613,-0.976735,-1.31591,0.1,0.125,0.123288,0,0,0.1
0,296,-0.939637,-0.375959,-0.965479,0.111111,0.142857,0.142857,0,0,0.2
0,296,0.140196,0.980607,0.953665,0.25,0.5,0.188679,1,0.333333,0.3
1,296,-0.738688,0.863645,0.168524,0.142857,0.333333,0.166667,0,0,0.4
0,296,-0.895466,-1.49488,-1.14581,0.125,0.111111,0.0970874,0,0,0.5
0,296,-0.653305,-1.50186,-0.949784,0.166667,0.1,0.195652,0,0,0.6
0,296,0.887349,0.195186,0.54583,0.333333,0.2,0.12963,1,0.166667,0.7
1,296,2.00361,0.820094,1.1709,1,0.25,0.2,1,0.5,0.8
0,296,0.109675,0.0792369,-0.046944,0.2,0.166667,0.153846,1,0.333333,0.9
0,296,1.1624,1.41067,1.58501,0.5,1,0.235294,1,0,1
0,297,-0.0014588,1.15987,0.88236,0.25,0.5,0.0810811,1,0.333333,0.1
1,297,-0.168623,-0.237456,-0.220626,0.166667,0.166667,0.210526,1,0.333333,0.2
0,297,-0.803796,-1.55743,-1.21752,0.125,0.1,0.114286,0,0,0.3
0,297,-0.568278,-0.36173,-0.564432,0.142857,0.142857,0.137931,1,0.333333,0.4
1,297,2.38219,2.01245,1.66749,1,1,0.164835,0,0.166667,0.5
0,297,-1.11811,-0.921277,-1.37953,0.1,0.111111,0.0882353,0,0,0.6
0,297,-0.88142,-0.836071,-1.06014,0.111111,0.125,0.0666667,0,0,0.7
0,297,1.13918,0.360092,0.88236,0.5,0.25,0.127451,0,0,0.8
0,297,0.0467594,0.538407,0.876278,0.333333,0.333333,0.0990099,0,0.166667,0.9
0,297,-0.0264494,-0.156862,0.133758,0.2,0.2,0.14,0,0,1
0,298,-0.197476,-0.336539,-0.275905,0.2,0.142857,0.127907,0,0.333333,0.1
0,298,0.976828,2.3109,1.87898,0.5,1,0.16129,0,0,0.2
0,298,-0.771235,0.502935,0.199779,0.142857,0.333333,0.140845,1,0.5,0.3
0,298,-0.248818,-1.27632,-0.924292,0.166667,0.111111,0.0898876,0,0,0.4
1,298,2.29387,-0.150469,0.92691,1,0.166667,0.157303,0,0.166667,0.5
0,298,-0.913781,0.0344744,-0.664783,0.1,0.25,0.056701,0,0,0.6
0,298,-0.190426,0.754604,1.13054,0.25,0.5,0.204545,1,0,0.7
0,298,-0.900864,0.0159105,-0.69726,0.111111,0.2,0.136364,0,0.333333,0.8
0,298,0.813884,-0.509638,-0.0139965,0.333333,0.125,0.0743243,1,0.166667,0.9
1,298,-0.861986,-1.34585,-1.55997,0.125,0.1,0.113924,0,0.166667,1
0,299,-1.42946,-1.71344,-1.87468,0.1,0.111111,0.0888889,1,0.166667,0.1
0,299,-0.882303,0.241801,-0.271044,0.125,0.25,0.0581395,1,0.333333,0.2
0,299,-1.35508,0.166087,-1.21392,0.111111,0.142857,0.102564,0,0,0.3
0,299,-0.273653,0.64937,0.211888,0.142857,0.333333,0.0347222,0,0,0.4
0,299,0.369037,-1.84236,-0.705076,0.25,0.1,0.0810811,1,0.166667,0.5
1,299,-0.00471025,1.4997,1.22388,0.2,1,0.111111,1,0.166667,0.6
0,299,-0.230402,0.21149,-0.0590238,0.166667,0.2,0.0490196,0,0,0.7
0,299,1.02687,0.875968,1.45526,0.333333,0.5,0.0413793,1,0.333333,0.8
0,299,1.10707,0.175945,0.709956,0.5,0.166667,0.0972222,1,0.5,0.9
1,299,1.67263,-0.264555,0.522754,1,0.125,0.0689655,0,0,1
1,300,0.221181,-1.97594,-0.74782,0.25,0.1,0.097561,1,0,0.1
0,300,-0.54943,-0.624771,-0.565757,0.166667,0.142857,0.105263,0,0,0.2
0,300,0.631071,1.16735,1.54349,0.333333,0.5,0.0833333,0,0.166667,0.3
0,300,-0.385531,1.17559,1.29808,0.2,1,0.109091,0,0.166667,0.4
1,300,1.87882,0.470466,1.29808,1,0.2,0.146341,0,0,0.5
0,300,-1.04542,0.692,-0.74782,0.1,0.25,0.142857,1,0.166667,0.6
0,300,-0.741478,0.80843,-0.0157448,0.125,0.333333,0.0697674,0,0,0.7
0,300,-1.02032,0.0761458,-1.03974,0.111111,0.166667,0.166667,1,0.333333,0.8
0,300,-0.584729,-0.907139,-1.28751,0.142857,0.111111,0.121212,1,0,0.9
0,300,1.59584,-0.882123,0.264752,0.5,0.125,0.0819672,1,0.166667,1
1,301,0.273995,-0.139205,-0.259097,0.25,0.125,0.230769,1,0.333333,0.1
0,301,1.56716,1.18679,1.64392,0.5,0.5,0.121951,1,0,0.2
1,301,1.61682,0.340069,1.4073,1,0.25,0.135593,1,0.166667,0.3
0,301,-0.422211,-1.89623,-1.36485,0.142857,0.1,0.0961538,0,0,0.4
0,301,-0.034099,0.0658956,-0.0564219,0.166667,0.2,0.0810811,1,0.166667,0.5
0,301,0.299912,-1.61875,-0.224647,0.333333,0.111111,0.0862069,0,0,0.6
0,301,-0.519016,-0.0487872,-0.949951,0.125,0.142857,0.0895522,0,0,0.7
0,301,-1.62785,0.781847,-0.42909,0.1,0.333333,0.1,1,0.166667,0.8
0,301,-1.28429,0.0558376,-0.937101,0.111111,0.166667,0.128205,1,0.166667,0.9
0,301,0.129585,1.27253,1.16993,0.2,1,0.101266,0,0,1
0,302,0.616177,0.849058,1.05326,0.25,0.333333,0.162162,0,0,0.1
0,302,-1.05143,-0.156382,-1.36804,0.111111,0.142857,0.131579,0,0,0.2
1,302,0.320174,1.14251,0.800092,0.166667,0.5,0.1,1,0.5,0.3
0,302,1.22893,-0.640392,0.34101,1,0.111111,0.0892857,1,0,0.4
1,302,-2.3269,-2.4028,-2.35372,0.1,0.1,0.0952381,0,0,0.5
0,302,0.831036,-0.394406,0.281311,0.5,0.125,0.119403,1,0.333333,0.6
0,302,0.327186,0.13776,0.204845,0.2,0.2,0.12963,1,0.666667,0.7
0,302,-0.0113033,0.315185,-0.0499369,0.142857,0.25,0.0606061,1,0.166667,0.8
0,302,-0.553277,1.21942,0.589123,0.125,1,0.178571,1,0.5,0.9
0,302,0.619409,-0.0699526,0.502052,0.333333,0.166667,0.15,1,0.5,1
0,303,-0.300309,0.763053,0.166934,0.142857,0.333333,0.142857,1,0.166667,0.1
0,303,-1.16333,-0.813996,-1.12487,0.1,0.142857,0.097561,1,0.166667,0.2
0,303,-0.0866491,0.471841,0.338837,0.2,0.25,0.112903,1,0.166667,0.3
0,303,0.0630362,0.913011,0.94467,0.25,0.5,0.111111,0,0.333333,0.4
1,303,-0.176641,-0.966749,-0.598878,0.166667,0.125,0.0851064,1,0,0.5
1,303,2.26927,1.80875,1.78524,1,1,0.227273,0,0.333333,0.6
0,303,-1.1606,-1.39834,-1.47695,0.111111,0.1,0.138889,0,0,0.7
0,303,0.889157,0.457597,0.749037,0.5,0.2,0.123288,0,0.333333,0.8
0,303,0.598168,-0.0859785,0.350976,0.333333,0.166667,0.122807,1,0.166667,0.9
0,303,-0.932097,-1.14918,-1.135,0.125,0.111111,0.0857143,0,0,1
1,304,2.99903,0.564789,1.15312,1,0.25,0.128205,1,0,0.1
0,304,-0.333901,1.07734,0.556083,0.166667,0.5,0.0434783,0,0,0.2
0,304,-0.349192,-1.07454,-0.950818,0.142857,0.111111,0.0597015,0,0,0.3
0,304,-0.351784,-0.184392,-0.778374,0.125,0.142857,0.0454545,0,0,0.4
0,304,-0.298742,0.956075,0.932711,0.333333,0.333333,0.1,0,0,0.5
0,304,-0.322715,-0.000204969,0.33687,0.25,0.2,0.0571429,0,0,0.6
1,304,-0.285509,1.42583,1.56094,0.5,1,0.0714286,1,0,0.7
0,304,-0.356737,-0.134902,-0.767845,0.111111,0.166667,0.047619,0,0,0.8
0,304,-0.326455,-0.641217,-0.406797,0.2,0.125,0.0769231,0,0,0.9
0,304,-0.374001,-1.98879,-1.63589,0.1,0.1,0.0533333,0,0,1
0,305,0.258927,-0.0288566,0.19055,0.2,0.2,0.0989011,0,0,0.1
0,305,-1.07602,1.29144,-0.193323,0.1,0.5,0.315789,0,0,0.2
1,305,-0.987956,-1.01031,-1.04177,0.142857,0.125,0.08,1,0.166667,0.3
0,305,0.694476,-1.11114,0.0308812,0.5,0.111111,0.0917431,0,0,0.4
0,305,-1.04136,-1.55256,-1.73446,0.125,0.1,0.107692,0,0,0.5
0,305,-1.05387,0.92848,-0.246361,0.111111,0.333333,0.26087,0,0,0.6
0,305,0.579743,-0.440371,0.222126,0.333333,0.142857,0.0952381,0,0,0.7
0,305,0.109272,0.551744,0.198439,0.166667,0.25,0.0789474,0,0,0.8
1,305,2.15466,1.51178,2.37548,1,1,0.214286,1,0.166667,0.9
0,305,0.362126,-0.140207,0.198439,0.25,0.166667,0.107527,0,0,1
0,306,-0.627375,0.370537,-0.0331316,0.142857,0.25,0.0384615,1,0.333333,0.1
0,306,0.471229,0.247039,0.513137,0.333333,0.2,0.078125,0,0,0.2
0,306,-0.583748,-1.05486,-0.568368,0.166667,0.125,0.0571429,0,0,0.3
0,306,-0.0269132,0.960439,0.698804,0.25,0.333333,0.121212,0,0,0.4
0,306,1.91311,0.999008,1.49007,1,0.5,0.116279,1,0.5,0.5
1,306,-0.696947,-0.509611,-0.743035,0.125,0.142857,0.0470588,0,0,0.6
0,306,-0.526709,-0.340783,-0.0441322,0.2,0.166667,0.0677966,0,0,0.7
0,306,-0.89726,-1.22506,-1.40171,0.1,0.111111,0.0535714,0,0,0.8
1,306,1.77953,1.81593,1.49007,0.5,1,0.111111,1,0.5,0.9
0,306,-0.80492,-1.26264,-1.40171,0.111111,0.1,0.0491803,1,0.333333,1
0,307,-1.05723,0.000574175,-0.823908,0.111111,0.166667,0.0735294,1,0.5,0.1
0,307,0.396798,-1.26263,-0.37726,0.333333,0.1,0.0909091,0,0,0.2
1,307,0.709142,1.86328,1.67491,0.5,1,0.12987,1,0.5,0.3
0,307,-0.000270483,0.311455,-0.0496067,0.166667,0.2,0.137255,1,0,0.4
0,307,0.241501,0.613027,0.570164,0.25,0.25,0.131148,1,0.5,0.5
0,307,-1.3294,-1.24642,-1.57558,0.1,0.111111,0.08,0,0,0.6
1,307,2.3417,0.872061,1.67491,1,0.5,0.157895,0,0,0.7
0,307,-0.57728,-1.14774,-0.835206,0.142857,0.125,0.12,0,0,0.8
0,307,0.0354744,-0.645929,-0.24594,0.2,0.142857,0.107692,0,0,0.9
0,307,-0.760424,0.642312,-0.0124764,0.125,0.333333,0.0740741,1,0.5,1
0,308,1.1492,-0.269097,0.747304,0.5,0.2,0.0625,1,0.166667,0.1
0,308,-0.869821,-1.4901,-1.30048,0.125,0.1,0.0983607,0,0,0.2
0,308,0.0504826,-0.527412,-0.23566,0.166667,0.166667,0.109375,0,0,0.3
0,308,0.144914,0.588108,0.734612,0.25,0.333333,0.125,0,0,0.4
0,308,-0.709865,-0.617194,-0.781109,0.142857,0.125,0.119048,1,0.166667,0.5
1,308,2.19544,2.18831,1.78111,1,1,0.14,1,0,0.6
1,308,0.193637,1.07035,1.14386,0.333333,0.5,0.159091,1,0.166667,0.7
0,308,-1.03863,-0.648899,-1.30543,0.111111,0.111111,0.0952381,1,0.333333,0.8
0,308,0.0892664,-0.536617,-0.23001,0.2,0.142857,0.116279,1,0.333333,0.9
0,308,-1.20463,0.24255,-0.554202,0.1,0.25,0.0892857,0,0.166667,1
0,309,0.335846,-0.228701,0.162906,0.25,0.166667,0.105263,0,0,0.1
0,309,-0.624509,0.39008,0.182351,0.142857,0.333333,0.0851064,1,1.16667,0.2
1,309,0.951395,2.63737,1.71506,0.5,1,0.128205,1,1.16667,0.3
0,309,-0.662636,-0.325496,-0.855228,0.125,0.142857,0.0615385,1,1.16667,0.4
0,309,-0.60191,-0.127286,0.370131,0.2,0.25,0.0701754,1,1.16667,0.5
0,309,-0.922072,-0.891554,-1.61336,0.1,0.111111,0.0508475,1,1.16667,0.6
1,309,2.38927,-0.772598,0.449883,1,0.125,0.0655738,1,0,0.7
0,309,-0.76705,-0.996622,-1.61336,0.111111,0.1,0.057971,1,1.16667,0.8
0,309,0.51592,-0.218822,0.590617,0.333333,0.2,0.0793651,1,1.16667,0.9
0,309,-0.614253,0.53363,0.61099,0.166667,0.5,0.0930233,1,1.16667,1
0,310,-0.408726,-0.394846,-0.324292,0.166667,0.166667,0.115942,0,0,0.1
0,310,-0.218984,1.40173,1.29695,0.25,0.5,0.137255,1,0.666667,0.2
1,310,-0.036021,-0.928369,-0.0160568,0.333333,0.125,0.0833333,1,0,0.3
1,310,2.48791,0.582613,1.59239,1,0.25,0.192308,1,0.666667,0.4
0,310,-1.00411,1.51981,0.095965,0.1,1,0.0945946,1,0.833333,0.5
0,310,-0.572373,0.114361,-0.56176,0.125,0.2,0.112676,1,0.5,0.6
0,310,1.21055,-1.12487,0.0318628,0.5,0.111111,0.173077,0,0,0.7
0,310,-0.4213,-0.45257,-0.829641,0.142857,0.142857,0.0897436,0,0,0.8
0,310,-0.321539,0.787202,0.74231,0.2,0.333333,0.118644,1,0.666667,0.9
0,310,-0.715413,-1.50506,-2.02773,0.111111,0.1,0.112903,1,0.333333,1
0,311,0.306171,-1.15572,-0.446294,0.25,0.111111,0.0550459,0,0.166667,0.1
1,311,2.01084,-0.0554356,0.893205,1,0.166667,0.0555556,1,0,0.2
0,311,1.34206,-0.307273,0.432798,0.5,0.142857,0.0806452,0,0,0.3
1,311,-0.514649,0.952653,0.863819,0.2,0.5,0.0490196,1,0.166667,0.4
0,311,-0.551086,0.863613,0.192515,0.142857,0.333333,0.0909091,0,0,0.5
0,311,-0.545068,0.648729,0.171985,0.166667,0.25,0.0609756,0,0,0.6
0,311,-0.663087,0.394676,-0.471874,0.125,0.2,0.05,0,0,0.7
0,311,-1.12575,-1.77711,-1.89759,0.1,0.1,0.0361446,0,0.166667,0.8
0,311,0.723322,1.45965,1.57037,0.333333,1,0.0769231,1,0.166667,0.9
0,311,-0.982752,-1.02378,-1.30893,0.111111,0.125,0.045977,0,0,1
0,312,-0.972779,-0.302479,-1.13996,0.1,0.166667,0.0869565,0,0,0.1
0,312,-0.816718,-0.964857,-1.16507,0.125,0.125,0.1,0,0,0.2
0,312,2.11446,0.852316,1.64992,1,0.333333,0.102041,1,0,0.3
1,312,-0.211495,1.98759,1.16831,0.2,1,0.037037,1,0.166667,0.4
0,312,-0.74888,0.606733,0.180698,0.166667,0.25,0.0857143,1,0,0.5
0,312,0.495402,0.902623,1.14462,0.25,0.5,0.142857,0,0,0.6
0,312,-0.913987,-0.257751,-0.705944,0.111111,0.2,0.0779221,0,0.166667,0.7
0,312,0.85709,-0.473339,0.202268,0.333333,0.142857,0.2,1,0.166667,0.8
0,312,-0.760438,-0.996455,-1.1588,0.142857,0.111111,0.111111,0,0.166667,0.9
1,312,0.957342,-1.35438,-0.17604,0.5,0.1,0.0641026,0,0,1
1,313,1.12784,1.88598,1.87458,0.5,1,0.078125,1,0,0.1
0,313,-0.101928,1.69433,0.894318,0.2,0.5,0.0909091,0,0,0.2
0,313,-0.892232,-0.137892,-0.462051,0.111111,0.25,0.037037,0,0,0.3
0,313,-0.864162,-0.431103,-0.721498,0.142857,0.142857,0.0540541,0,0.166667,0.4
1,313,2.30964,-0.97996,0.284633,1,0.111111,0.0833333,1,0,0.5
0,313,-0.885325,-0.294096,-0.488535,0.125,0.2,0.025641,0,0,0.6
0,313,-0.319868,-1.28806,-1.12331,0.166667,0.1,0.0449438,0,0,0.7
0,313,0.266854,-0.395877,0.419051,0.333333,0.166667,0.0571429,0,0,0.8
0,313,-0.902504,-0.528379,-1.55632,0.1,0.125,0.03125,0,0.166667,0.9
0,313,0.261692,0.475064,0.879128,0.25,0.333333,0.0555556,0,0,1
0,314,-1.03539,0.44691,-0.39937,0.111111,0.25,0.0634921,1,0.166667,0.1
0,314,0.111965,0.823923,0.974889,0.25,0.5,0.108911,1,0.333333,0.2
0,314,0.0895203,-1.14347,-0.601262,0.2,0.111111,0.11,1,0.333333,0.3
0,314,0.241411,0.459256,0.968169,0.333333,0.333333,0.14433,1,0.5,0.4
0,314,-0.383473,0.304508,-0.237918,0.142857,0.2,0.0827586,0,0,0.5
1,314,0.810175,0.0850227,0.577224,0.5,0.166667,0.127119,0,0,0.6
0,314,-0.895636,-2.16509,-1.34519,0.125,0.1,0.107143,0,0,0.7
0,314,-0.28197,0.0329176,-0.433692,0.166667,0.142857,0.1375,1,0.166667,0.8
0,314,-1.09771,-0.457881,-1.34519,0.1,0.125,0.130435,1,0.166667,0.9
1,314,2.44112,1.6139,1.84235,1,1,0.184211,1,0.333333,1
0,315,-0.409302,-0.83116,-0.803105,0.125,0.142857,0.0833333,0,0,0.1
0,315,-0.186479,0.75353,0.347573,0.2,0.25,0.0555556,0,0,0.2
0,315,-0.585697,-0.843786,-1.16426,0.111111,0.125,0.0784314,0,0,0.3
0,315,-0.163581,1.15373,0.969024,0.25,0.5,0.25,0,0,0.4
0,315,-0.73676,-1.23204,-1.68787,0.1,0.1,0.0491803,0,0,0.5
1,315,2.93228,0.999455,1.39681,1,0.333333,0.184211,1,0,0.6
1,315,-0.323223,-0.0281135,-0.0477001,0.166667,0.2,0.0769231,0,0,0.7
0,315,-0.143532,1.63757,1.39681,0.333333,1,0.277778,0,0,0.8
0,315,-0.401752,-0.484951,-0.431083,0.142857,0.166667,0.0806452,0,0,0.9
0,315,0.0180449,-1.12423,0.0238064,0.5,0.111111,0.0704225,0,0,1
1,316,2.13108,2.2957,1.67978,1,1,0.232558,1,0,0.1
0,316,-0.672978,-0.284552,-0.395424,0.142857,0.166667,0.09375,0,0,0.2
0,316,-0.894267,-0.70822,-0.899877,0.111111,0.142857,0.135135,0,0,0.3
0,316,0.439508,0.138641,0.502899,0.25,0.25,0.0813953,1,0.333333,0.4
0,316,-0.703016,-1.09242,-1.2265,0.125,0.1,0.0833333,0,0,0.5
0,316,0.638971,0.238687,0.88274,0.333333,0.333333,0.0895522,1,0.333333,0.6
0,316,-0.559391,-0.206447,0.134745,0.2,0.2,0.25,1,0.166667,0.7
0,316,-0.654631,-0.868429,-0.726707,0.166667,0.111111,0.075,0,0,0.8
1,316,1.21695,1.23404,1.27483,0.5,0.5,0.2,1,0.333333,0.9
0,316,-0.942224,-0.746998,-1.2265,0.1,0.125,0.0735294,1,0.166667,1
0,317,-0.780892,-0.753978,-1.23319,0.111111,0.125,0.08,0,0.166667,0.1
1,317,1.66905,0.420674,1.2457,0.5,0.333333,0.140625,1,0.333333,0.2
0,317,-0.76365,-0.485796,-0.850653,0.125,0.142857,0.111111,0,0.166667,0.3
0,317,-0.0609852,-0.472167,0.162034,0.25,0.166667,0.0909091,1,0,0.4
0,317,-0.76161,-0.114711,-0.0379303,0.142857,0.25,0.0821918,0,0.333333,0.5
1,317,1.96556,2.28597,1.93969,1,1,0.1875,1,0,0.6
0,317,0.528034,-0.777505,-0.201165,0.333333,0.111111,0.111111,0,0,0.7
0,317,-0.216435,1.2371,0.813838,0.2,0.5,0.111111,1,0.333333,0.8
0,317,-0.818897,-0.15763,-0.816102,0.1,0.2,0.0943396,1,0.333333,0.9
0,317,-0.760175,-1.18196,-1.02222,0.166667,0.1,0.0392157,0,0,1
0,318,-0.634346,-0.625094,-0.217208,0.2,0.142857,0.097561,1,0.5,0.1
0,318,0.145939,-0.604777,0.140506,0.25,0.166667,0.078125,1,0.5,0.2
0,318,0.808781,1.0951,0.883891,0.333333,0.333333,0.119048,0,0,0.3
0,318,1.57931,1.17456,1.2765,0.5,0.5,0.142857,0,0,0.4
0,318,-0.72115,-0.42815,-0.0438114,0.166667,0.2,0.0512821,0,0.166667,0.5
1,318,-0.748761,-0.867216,-1.06935,0.125,0.111111,0.133333,1,0.5,0.6
0,318,-0.794027,-0.778157,-1.06935,0.111111,0.125,0.0384615,0,0,0.7
0,318,-0.726888,0.0316737,-0.0328907,0.142857,0.25,0.0493827,1,0.5,0.8
1,318,1.88593,2.02101,1.68198,1,1,0.176471,1,0,0.9
0,318,-0.794786,-1.01895,-1.55026,0.1,0.1,0.0666667,0,0.166667,1
0,319,1.31143,2.34399,1.58279,0.5,1,0.30303,1,0.166667,0.1
0,319,-0.762107,-0.489842,-0.412492,0.125,0.2,0.116667,0,0,0.2
0,319,-1.15115,-0.676274,-1.13399,0.1,0.142857,0.0847458,0,0,0.3
0,319,-0.220696,0.953367,0.952332,0.25,0.5,0.0909091,0,0,0.4
0,319,-0.261836,-0.0529426,0.341586,0.2,0.25,0.112676,0,0,0.5
0,319,-1.03461,-0.946563,-1.48893,0.111111,0.1,0.0612245,1,0.666667,0.6
1,319,1.88045,-0.57825,0.7808,1,0.166667,0.103896,1,0.833333,0.7
0,319,-0.602994,-0.7021,-0.964129,0.142857,0.111111,0.0740741,1,0.666667,0.8
1,319,1.10367,0.836652,0.945768,0.333333,0.333333,0.119565,1,0.666667,0.9
0,319,-0.262159,-0.688042,-0.603735,0.166667,0.125,0.109375,1,0.666667,1
0,320,-0.40565,1.26689,0.971975,0.166667,1,0.0714286,1,0.666667,0.1
0,320,-0.063377,1.17106,0.939997,0.2,0.5,0.0930233,1,0.666667,0.2
1,320,-0.522232,-1.244,-1.20019,0.142857,0.111111,0.0769231,1,0.666667,0.3
0,320,2.56742,1.10529,1.70885,1,0.333333,0.106383,0,0,0.4
0,320,-0.530807,-0.699359,-1.20669,0.125,0.125,0.0347826,1,0.666667,0.5
0,320,-0.535602,-0.0744513,-0.969229,0.111111,0.166667,0.0506329,0,0,0.6
1,320,0.536047,-1.88743,-0.182328,0.5,0.1,0.025,1,0,0.7
0,320,-1.41886,0.116109,-0.942612,0.1,0.2,0.0350877,0,0.166667,0.8
0,320,0.0675131,0.400127,0.67073,0.25,0.25,0.0481928,0,0.166667,0.9
0,320,0.305544,-0.15423,0.209492,0.333333,0.142857,0.0714286,1,0.666667,1
0,321,0.170588,0.70425,1.23737,0.333333,0.333333,0.125,1,0.833333,0.1
0,321,-0.493046,0.959093,0.494982,0.142857,0.5,0.235294,1,1,0.2
0,321,-0.324542,-0.311355,-0.789881,0.166667,0.125,0.130435,1,0.833333,0.3
1,321,-0.315422,1.14557,1.27175,0.2,1,0.148148,1,0.666667,0.4
0,321,0.315636,-2.58848,-0.191625,0.5,0.1,0.122807,0,0,0.5
0,321,-0.0992469,0.286504,0.446905,0.25,0.2,0.0775194,0,0.5,0.6
0,321,-0.594134,0.357502,-0.510416,0.111111,0.25,0.155556,0,0,0.7
0,321,-0.547022,-0.486732,-1.49699,0.125,0.111111,0.135593,1,0.833333,0.8
1,321,2.81182,0.0801353,1.02154,1,0.166667,0.245283,1,0,0.9
0,321,-0.924632,-0.146495,-1.48363,0.1,0.142857,0.115385,1,1,1
0,322,-0.621981,0.115626,-0.53043,0.125,0.2,0.0967742,0,0,0.1
0,322,-1.10336,1.29545,0.0300858,0.111111,0.5,0.169811,0,0,0.2
0,322,-0.601523,0.209841,-0.0452556,0.142857,0.25,0.132353,1,0,0.3
1,322,1.72561,-0.332594,0.765462,1,0.142857,0.18,0,0.333333,0.4
1,322,1.34082,1.46725,2.03534,0.5,1,0.34375,1,0,0.5
0,322,0.768631,1.05119,1.21618,0.333333,0.333333,0.185185,0,0,0.6
0,322,0.369261,-1.29088,-0.501675,0.25,0.111111,0.156863,0,0,0.7
0,322,0.048963,-0.98435,-0.53043,0.2,0.125,0.1,1,0.333333,0.8
0,322,-0.383013,-1.50327,-1.21964,0.166667,0.1,0.08,0,0.333333,0.9
0,322,-1.54341,-0.0282576,-1.21964,0.1,0.166667,0.101124,1,0,1
1,323,0.275643,0.760156,0.931011,0.333333,0.333333,0.126316,1,0.333333,0.1
0,323,-1.19486,-1.22545,-1.29848,0.111111,0.111111,0.0989011,1,0.166667,0.2
0,323,1.16009,1.58047,1.55809,0.5,1,0.243902,1,0.166667,0.3
0,323,-0.125537,0.402434,0.336256,0.2,0.25,0.0869565,1,0,0.4
0,323,0.0469027,1.15146,0.937472,0.25,0.5,0.207547,1,0.166667,0.5
1,323,2.23033,-0.11832,0.585976,1,0.142857,0.107843,0,0.166667,0.6
0,323,-1.19835,-1.63889,-1.63291,0.1,0.1,0.135593,1,0,0.7
0,323,-0.803321,-1.07662,-0.954223,0.125,0.125,0.128205,1,0.166667,0.8
0,323,-0.210297,0.258624,-0.228787,0.142857,0.2,0.116505,0,0.166667,0.9
0,323,-0.180594,-0.0938716,-0.234407,0.166667,0.166667,0.144578,0,0,1
0,324,-0.144324,0.470886,0.515614,0.25,0.25,0.15,1,0.333333,0.1
0,324,-1.21025,-0.166801,-0.907632,0.1,0.166667,0.0952381,1,0.5,0.2
0,324,0.359945,0.280761,0.521605,0.333333,0.2,0.139241,1,0,0.3
1,324,2.24591,1.89368,1.72226,1,1,0.242424,0,0.333333,0.4
0,324,-0.83925,-1.65728,-1.42484,0.111111,0.1,0.101449,1,0.666667,0.5
0,324,-0.588796,-0.535271,-0.755298,0.142857,0.125,0.126437,1,0.333333,0.6
1,324,1.3245,0.803701,1.30707,0.5,0.5,0.144737,1,0,0.7
0,324,-0.622004,-1.42217,-1.09496,0.125,0.111111,0.09375,1,0.5,0.8
0,324,-0.190752,-0.239177,-0.22241,0.2,0.142857,0.12037,0,0,0.9
0,324,-0.33498,0.571664,0.338593,0.166667,0.333333,0.144737,1,1,1
0,325,-0.711944,-0.247082,-0.596742,0.125,0.166667,0.0882353,0,0,0.1
0,325,-0.664926,-1.21327,-1.12086,0.142857,0.1,0.0408163,0,0.166667,0.2
0,325,0.595364,1.98151,1.15572,0.25,1,0.0769231,1,0.166667,0.3
0,325,-0.604088,-0.697002,-0.41875,0.166667,0.142857,0.0571429,0,0,0.4
1,325,2.39201,0.973496,1.56445,1,0.5,0.138889,1,0.166667,0.5
0,325,-0.933651,-1.12712,-1.47168,0.1,0.111111,0.0365854,0,0,0.6
0,325,-0.787483,0.04066,-0.580546,0.111111,0.2,0.0666667,0,0.166667,0.7
1,325,0.622633,0.937025,0.934812,0.333333,0.333333,0.0759494,1,0,0.8
0,325,-0.556527,-0.9352,-0.407713,0.2,0.125,0.0493827,1,0.166667,0.9
0,325,0.648615,0.286976,0.9413,0.5,0.25,0.0888889,1,0.166667,1
0,326,1.217,-1.68055,-0.162922,0.5,0.1,0.0393258,0,0,0.1
0,326,-0.420658,0.645418,-0.0391473,0.142857,0.25,0.134328,0,0,0.2
0,326,-0.3685,0.0359841,-0.0521453,0.166667,0.2,0.140625,0,0,0.3
0,326,-0.690538,-0.0559067,-0.671566,0.125,0.166667,0.107143,1,0.166667,0.4
0,326,-0.339622,1.48362,1.08125,0.2,1,0.152542,1,0,0.5
1,326,1.92397,0.656227,1.52698,1,0.333333,0.157895,0,0,0.6
0,326,-0.226927,-0.132802,-0.0391473,0.25,0.142857,0.113924,1,0.166667,0.7
1,326,-1.43565,-1.50143,-1.65621,0.1,0.111111,0.08,0,0.166667,0.8
0,326,-0.762711,-0.647268,-1.27276,0.111111,0.125,0.0804598,0,0.166667,0.9
0,326,1.10364,1.19672,1.28567,0.333333,0.5,0.128571,0,0,1
0,327,-0.353956,-0.289042,-1.10425,0.111111,0.166667,0.0840336,0,0,0.1
0,327,0.282938,0.429594,1.05276,0.333333,0.25,0.116505,1,0,0.2
0,327,-0.332515,1.62669,0.844243,0.142857,1,0.123457,0,0.333333,0.3
1,327,-1.95631,0.218458,-1.07393,0.1,0.2,0.116883,0,0,0.4
0,327,2.27723,-0.45139,0.588845,1,0.125,0.114286,0,0,0.5
0,327,-0.18024,0.55183,0.773049,0.2,0.333333,0.106796,0,0,0.6
0,327,0.687655,-1.71121,-0.207728,0.5,0.1,0.105263,0,0.666667,0.7
0,327,0.10649,1.34076,1.35066,0.25,0.5,0.114583,0,0.333333,0.8
0,327,-0.347327,-1.26536,-1.62279,0.125,0.111111,0.123288,1,0.333333,0.9
1,327,-0.183973,-0.450328,-0.600859,0.166667,0.142857,0.0978261,1,0.333333,1
0,328,-1.36464,-0.584393,-1.10911,0.1,0.142857,0.0480769,0,0.166667,0.1
0,328,-0.200388,-0.692541,-0.77195,0.142857,0.125,0.0606061,1,0.666667,0.2
0,328,0.30001,1.18059,0.738541,0.2,0.5,0.0694444,1,0.166667,0.3
1,328,2.13807,1.75462,1.76023,1,1,0.125,1,0.166667,0.4
0,328,-0.947516,-1.4335,-1.28523,0.125,0.1,0.116279,1,0.5,0.5
0,328,0.690034,0.0670206,0.738541,0.5,0.2,0.0606061,1,0.166667,0.6
0,328,0.30701,-0.270503,0.147043,0.25,0.166667,0.0645161,1,0.5,0.7
0,328,-1.35044,-1.31443,-1.29012,0.111111,0.111111,0.049505,0,0,0.8
0,328,0.0513307,0.717263,0.346059,0.166667,0.333333,0.172414,0,0,0.9
1,328,0.376523,0.575872,0.725998,0.333333,0.25,0.111111,1,0.666667,1
0,329,-0.626796,-1.07707,-1.13409,0.142857,0.1,0.0909091,0,0.166667,0.1
0,329,0.505702,-0.242761,0.742354,0.333333,0.25,0.113208,0,0.166667,0.2
0,329,-0.706591,-0.710335,-1.14431,0.125,0.111111,0.0714286,0,0,0.3
0,329,-0.447124,1.05415,0.563919,0.166667,0.5,0.0983607,1,0.166667,0.4
0,329,-1.23926,-0.487223,-0.757281,0.1,0.2,0.0625,0,0,0.5
1,329,-0.913131,-0.650729,-1.14431,0.111111,0.125,0.119048,1,0.5,0.6
0,329,2.38308,2.21458,1.79989,1,1,0.175,1,0.5,0.7
1,329,0.723406,0.997316,1.15592,0.5,0.333333,0.0754717,0,0.166667,0.8
0,329,0.0403433,-0.58513,-0.232435,0.2,0.142857,0.108696,1,0.333333,0.9
0,329,0.280364,-0.512803,0.150355,0.25,0.166667,0.0864198,0,0,1
0,330,0.0711668,0.71173,0.423994,0.166667,0.333333,0.0746269,1,0.166667,0.1
0,330,-1.20865,0.178835,-0.723469,0.125,0.166667,0.08,1,0.166667,0.2
0,330,0.148934,0.195613,0.172996,0.2,0.2,0.0961538,1,0.333333,0.3
0,330,-0.0470176,1.31869,0.453365,0.142857,0.5,0.0331126,0,0,0.4
0,330,1.57023,0.435531,1.40115,1,0.25,0.16129,1,0.333333,0.5
0,330,0.625936,1.51938,1.40115,0.25,1,0.0530973,0,0,0.6
0,330,-1.47087,-1.17542,-1.78421,0.1,0.111111,0.0555556,0,0,0.7
0,330,1.06773,-1.56052,-0.175514,0.5,0.1,0.105263,0,0,0.8
1,330,-1.39409,-0.971276,-1.37113,0.111111,0.125,0.08,1,0.333333,0.9
1,330,0.636622,-0.652556,0.201663,0.333333,0.142857,0.0319149,0,0,1
0,331,-0.549882,-0.0545343,-0.254663,0.142857,0.2,0.0769231,1,0.5,0.1
0,331,-0.296812,0.0449053,0.374287,0.2,0.25,0.25,0,0.5,0.2
0,331,-0.725971,-0.505788,-0.661533,0.125,0.166667,0.1,1,0.5,0.3
0,331,0.00241931,0.320902,1.26646,0.333333,0.5,0.121212,0,0.333333,0.4
1,331,2.58992,2.71332,1.97202,1,1,0.375,1,0.666667,0.5
0,331,-0.409556,0.308992,0.387696,0.166667,0.333333,0.0786517,0,0.166667,0.6
0,331,-0.786775,-0.532741,-1.24255,0.1,0.142857,0.122449,0,0,0.7
1,331,0.999614,-1.06939,-0.160488,0.5,0.1,0.177778,0,0.333333,0.8
0,331,-0.0578071,-0.606277,-0.23588,0.25,0.125,0.115942,1,0.5,0.9
0,331,-0.765155,-0.619385,-1.44534,0.111111,0.111111,0.157895,1,0.5,1
0,332,1.97862,0.0222793,0.777071,1,0.166667,0.0961538,0,0,0.1
0,332,0.0170641,1.02699,0.542464,0.2,0.333333,0.125,1,0.5,0.2
1,332,-0.373398,0.377534,-0.0350252,0.142857,0.25,0.134615,1,0.666667,0.3
1,332,-1.52306,-1.97504,-1.65087,0.1,0.1,0.101695,1,0.333333,0.4
0,332,-0.038388,-0.64598,-0.600852,0.166667,0.125,0.0786517,0,0.166667,0.5
0,332,0.473524,0.0288289,0.542464,0.333333,0.2,0.0886076,1,0.5,0.6
0,332,-0.817293,-0.346826,-0.785501,0.125,0.142857,0.105263,1,0.166667,0.7
0,332,0.258728,1.11881,0.947784,0.25,0.5,0.150943,1,0.5,0.8
0,332,1.16638,1.42836,1.57523,0.5,1,0.152542,1,0.166667,0.9
0,332,-1.14217,-1.03496,-1.31277,0.111111,0.111111,0.0721649,0,0,1
0,333,-0.842206,-0.144563,-0.490752,0.125,0.2,0.0485437,0,0.166667,0.1
0,333,0.0481074,0.325409,0.64848,0.2,0.333333,0.106061,0,0,0.2
1,333,0.411768,2.57635,1.3911,0.25,1,0.142857,0,0.333333,0.3
0,333,-1.00997,-0.527282,-1.14705,0.111111,0.142857,0.0943396,0,0.166667,0.4
0,333,-1.29046,-0.813933,-1.77142,0.1,0.111111,0.0930233,0,0,0.5
0,333,-0.841538,0.462695,0.450113,0.142857,0.5,0.128205,0,0.166667,0.6
0,333,-0.372224,-1.27929,-1.1284,0.166667,0.1,0.0485437,0,0.166667,0.7
1,333,1.71808,-0.529454,0.493958,1,0.125,0.125,0,0,0.8
0,333,0.727165,0.24934,0.883118,0.333333,0.25,0.114286,0,0,0.9
0,333,1.45127,-0.319275,0.670849,0.5,0.166667,0.108434,0,0.333333,1
1,334,0.59057,-0.66377,0.211752,0.333333,0.142857,0.0666667,1,1.16667,0.1
0,334,1.42802,0.992271,1.45433,0.5,0.333333,0.08,1,1,0.2
0,334,-0.835587,-0.919404,-1.43973,0.125,0.111111,0.125,1,1.16667,0.3
0,334,0.189228,1.1072,1.19829,0.25,0.5,0.108696,1,0.666667,0.4
0,334,-1.25058,-0.447909,-0.979684,0.111111,0.166667,0.075,1,1,0.5
1,334,1.74893,-1.61011,0.088665,1,0.1,0.0675676,1,1,0.6
0,334,-0.0693794,0.61154,0.189171,0.166667,0.25,0.116279,1,1.16667,0.7
0,334,-1.46215,-0.745766,-1.65346,0.1,0.125,0.0222222,0,0,0.8
0,334,-0.335503,1.66742,0.749006,0.142857,1,0.108108,1,1.16667,0.9
0,334,-0.00354063,0.00852234,0.181651,0.2,0.2,0.0892857,0,0,1
0,335,-0.525489,0.219871,-0.232912,0.142857,0.2,0.0769231,0,0,0.1
0,335,-0.699634,-0.282485,-0.780264,0.111111,0.166667,0.0491803,0,0,0.2
0,335,-0.276126,0.398583,0.342318,0.2,0.25,0.0714286,1,0.333333,0.3
1,335,-0.686192,-0.323467,-0.790963,0.125,0.142857,0.0396825,1,0.333333,0.4
1,335,2.77491,1.63122,1.80358,1,1,0.142857,1,0.166667,0.5
0,335,0.16016,1.04146,1.15829,0.333333,0.5,0.0594059,1,0.166667,0.6
0,335,0.346019,0.931232,1.15829,0.5,0.333333,0.0786517,0,0,0.7
0,335,0.14498,-1.63323,-0.561194,0.25,0.1,0.0888889,1,0.333333,0.8
0,335,-0.783076,-0.56635,-1.31689,0.1,0.125,0.0961538,0,0,0.9
0,335,-0.455553,-1.41685,-0.780264,0.166667,0.111111,0.0714286,0,0,1
0,336,-0.618992,0.833503,0.229847,0.125,0.5,0.114286,0,0.166667,0.1
0,336,-0.0307956,-1.07099,-0.413322,0.333333,0.1,0.0487805,0,0,0.2
1,336,2.83884,2.53596,2.08651,1,1,0.101266,1,0.333333,0.3
0,336,-0.219243,-0.0528637,0.396018,0.2,0.25,0.0655738,1,0.333333,0.4
1,336,-0.159569,0.380352,0.860572,0.25,0.333333,0.0490196,1,0.5,0.5
0,336,-0.274958,-0.574896,-0.699942,0.166667,0.125,0.0540541,0,0.166667,0.6
0,336,-0.641436,-0.838993,-1.52926,0.111111,0.111111,0.0615385,1,0,0.7
0,336,-0.773291,-0.216092,-0.877876,0.1,0.2,0.0327869,1,0.166667,0.8
0,336,0.38193,-0.462009,0.653722,0.5,0.166667,0.0618557,0,0,0.9
0,336,-0.502482,-0.533971,-0.706268,0.142857,0.142857,0.0657895,0,0,1
0,337,0.440906,-1.22207,0.0370136,0.5,0.111111,0.0506329,0,0,0.1
0,337,-0.459063,0.0302583,-0.340565,0.125,0.25,0.078125,0,0.166667,0.2
0,337,-0.211309,-0.12327,-0.670236,0.166667,0.142857,0.104167,1,0.166667,0.3
1,337,0.060672,1.12541,1.19461,0.2,0.5,0.0714286,1,0.166667,0.4
0,337,0.346922,-1.70363,-0.56401,0.333333,0.1,0.0487805,0,0,0.5
0,337,-0.403431,-0.14108,-1.24865,0.142857,0.125,0.0609756,1,0.166667,0.6
0,337,-1.13095,-0.0263003,-0.929202,0.111111,0.2,0.05,0,0,0.7
1,337,2.43802,-0.091436,1.23524,1,0.166667,0.0227273,1,0,0.8
0,337,-1.39392,0.0818779,-0.56401,0.1,0.333333,0.047619,0,0.166667,0.9
0,337,0.312151,2.07023,1.8498,0.25,1,0.0862069,1,0.166667,1
0,338,-0.839446,-1.02073,-1.46037,0.1,0.111111,0.117647,0,1,0.1
0,338,0.125702,-0.280015,0.347037,0.333333,0.166667,0.166667,0,0,0.2
1,338,2.40351,2.43737,1.7652,1,1,0.285714,1,0,0.3
0,338,-0.690518,0.261745,-0.0459793,0.166667,0.2,0.142857,0,1,0.4
0,338,-0.746044,-0.768993,-0.950757,0.125,0.125,0.105263,0,1,0.5
1,338,1.14453,0.331444,0.934067,0.5,0.25,0.116667,1,0,0.6
0,338,-0.816334,-1.22188,-1.46037,0.111111,0.1,0.136364,0,1,0.7
0,338,-0.694728,0.468615,0.371077,0.142857,0.5,0.125,0,1,0.8
0,338,0.0128572,-0.570192,-0.227956,0.2,0.142857,0.118644,0,1,0.9
0,338,0.100466,0.362627,0.72805,0.25,0.333333,0.12963,0,1,1
0,339,-0.990447,0.0675968,-0.463341,0.125,0.2,0.0425532,0,0.5,0.1
0,339,-0.423391,0.837968,0.168875,0.166667,0.25,0.0675676,0,0.166667,0.2
0,339,-1.11866,-0.97111,-1.67247,0.1,0.111111,0.047619,0,0.5,0.3
0,339,1.19728,-1.85878,-0.164522,0.5,0.1,0.128205,0,0,0.4
0,339,0.231424,1.16355,0.848198,0.2,0.5,0.0909091,1,0.166667,0.5
1,339,0.796462,1.4339,1.54197,0.333333,1,0.111111,1,0.166667,0.6
1,339,1.82851,0.840128,1.54197,1,0.333333,0.166667,1,0,0.7
0,339,0.433392,-0.594722,-0.241809,0.25,0.125,0.130435,0,0,0.8
0,339,-0.864404,-0.415365,-0.475883,0.142857,0.166667,0.0851064,0,0.666667,0.9
0,339,-1.09017,-0.503161,-1.08298,0.111111,0.142857,0.0769231,0,0.5,1
1,340,-0.999166,-2.53332,-1.83457,0.1,0.1,0.0869565,0,0,0.1
0,340,-0.710728,0.209351,-0.238084,0.125,0.25,0.131579,0,0,0.2
0,340,-0.463783,0.630115,0.391318,0.166667,0.333333,0.146341,0,0,0.3
1,340,2.68758,-0.0361333,0.863542,1,0.166667,0.140351,1,0,0.4
0,340,-0.111257,-0.478901,-0.649592,0.2,0.111111,0.107143,0,0,0.5
0,340,-0.504701,0.0693144,-0.257042,0.142857,0.2,0.0612245,0,0,0.6
0,340,0.241574,1.25415,1.51822,0.333333,1,0.104478,1,0,0.7
0,340,0.153608,1.13893,1.05325,0.25,0.5,0.05,0,0,0.8
0,340,0.430631,-0.0831329,0.418425,0.5,0.142857,0.0833333,0,0,0.9
0,340,-0.723763,-0.170376,-1.26546,0.111111,0.125,0.0757576,1,0,1
0,341,-0.684202,-0.560312,-0.577926,0.142857,0.142857,0.0882353,0,0,0.1
0,341,0.0567655,0.0704344,0.136956,0.2,0.2,0.137255,0,0.333333,0.2
0,341,-1.15675,-1.3297,-1.41251,0.111111,0.1,0.0864198,0,0.333333,0.3
1,341,0.561391,0.61743,1.09649,0.333333,0.5,0.212121,1,0,0.4
0,341,-0.812955,-0.97386,-1.08548,0.125,0.111111,0.0843373,1,0,0.5
0,341,-0.161969,0.186267,0.142626,0.166667,0.25,0.106667,0,0,0.6
0,341,-1.39729,-0.63066,-1.24663,0.1,0.125,0.0769231,0,0.166667,0.7
0,341,0.413848,0.459214,0.704189,0.25,0.333333,0.173913,0,0.333333,0.8
1,341,1.6391,2.42311,1.70735,1,1,0.263158,0,0,0.9
0,341,1.54206,-0.261921,0.534928,0.5,0.166667,0.235294,0,0.166667,1
0,342,-0.839462,-1.55584,-1.46775,0.111111,0.1,0.138889,1,0.666667,0.1
0,342,-0.846291,-0.30823,-1.11786,0.1,0.142857,0.0769231,1,0.666667,0.2
0,342,-0.429344,0.58582,0.537315,0.2,0.333333,0.0697674,1,0.166667,0.3
1,342,1.01745,1.1522,1.34643,0.5,0.5,0.181818,1,0.166667,0.4
0,342,0.162727,1.86013,1.15264,0.25,1,0.159091,1,0.833333,0.5
0,342,-0.830425,0.061406,-0.595149,0.125,0.166667,0.125,1,0.666667,0.6
0,342,-0.471787,-1.37683,-0.767521,0.166667,0.111111,0.0952381,1,0.833333,0.7
0,342,-0.577926,-0.652845,-0.778046,0.142857,0.125,0.0869565,1,0.5,0.8
0,342,0.376847,0.101702,0.537315,0.333333,0.2,0.0769231,1,0.166667,0.9
1,342,2.43821,0.132496,1.15264,1,0.25,0.290323,1,0.333333,1
1,343,0.909011,0.95885,1.22173,0.333333,0.5,0.0857143,1,0.833333,0.1
0,343,-0.65402,0.321634,-0.245669,0.142857,0.2,0.0641026,0,0,0.2
0,343,-0.707789,-1.10002,-1.3943,0.111111,0.111111,0.0877193,1,0.5,0.3
0,343,0.331567,-0.364483,-0.227549,0.25,0.125,0.0645161,0,0,0.4
0,343,-0.329921,1.19043,1.02748,0.2,1,0.185185,1,0.5,0.5
0,343,1.25186,0.675857,1.22173,0.5,0.333333,0.0289017,1,0.333333,0.6
0,343,-0.676519,0.070295,-0.638168,0.125,0.166667,0.0632911,0,0.166667,0.7
1,343,1.85384,0.0263733,0.629215,1,0.142857,0.097561,1,0.333333,0.8
0,343,-1.54055,-2.33384,-1.7534,0.1,0.1,0.0652174,1,0.5,0.9
0,343,-0.437465,0.554905,0.158916,0.166667,0.25,0.104167,0,0.166667,1
0,344,-0.229883,-0.342076,-0.0506272,0.2,0.166667,0.137255,0,0.5,0.1
0,344,-0.794312,-0.484503,-1.41915,0.1,0.125,0.119048,1,0.333333,0.2
1,344,2.81956,2.4162,1.94364,1,1,0.131148,1,0,0.3
0,344,-0.622736,-0.40442,-0.657908,0.142857,0.142857,0.1,1,0.333333,0.4
0,344,-0.677243,-0.152154,-0.421328,0.111111,0.25,0.075,1,0.666667,0.5
0,344,0.00937263,-1.15629,-0.604774,0.25,0.1,0.101449,0,0.333333,0.6
0,344,-0.630079,0.29913,-0.0127331,0.125,0.333333,0.117647,0,0,0.7
0,344,-0.237016,-0.953583,-0.840856,0.166667,0.111111,0.0909091,1,0.5,0.8
0,344,0.159294,-0.313032,0.588655,0.333333,0.2,0.162162,0,0.833333,0.9
1,344,0.203048,1.09073,1.47508,0.5,0.5,0.170213,0,0.833333,1
0,345,-0.685101,0.230395,-0.948231,0.125,0.166667,0.145833,0,0,0.1
0,345,-0.114665,0.629807,1.16584,0.25,0.333333,0.111111,0,0,0.2
0,345,1.17828,-1.56111,0.0367464,0.5,0.111111,0.0985915,0,0,0.3
0,345,-0.144248,1.10494,1.18598,0.2,0.5,0.08,0,0,0.4
1,345,-0.667794,-1.59032,-1.78105,0.142857,0.1,0.1,0,0,0.5
0,345,-0.724018,0.417588,-0.612741,0.111111,0.25,0.162791,0,0,0.6
0,345,-0.332375,0.0431005,-0.665399,0.166667,0.142857,0.0963855,0,0,0.7
1,345,2.47901,0.241892,1.5267,1,0.2,0.155556,1,0,0.8
0,345,-0.937864,1.46893,0.110674,0.1,1,0.130435,0,0,0.9
0,345,-0.0512275,-0.985229,-0.0185178,0.333333,0.125,0.075,0,0,1
0,346,-0.750175,0.240113,-0.563313,0.111111,0.2,0.27907,1,0.333333,0.1
0,346,-0.739126,-1.17173,-1.26029,0.125,0.1,0.148649,1,0.666667,0.2
0,346,0.332745,0.591756,0.913358,0.5,0.25,0.173333,0,0,0.3
0,346,-1.22057,-0.902065,-1.26029,0.1,0.125,0.188679,1,0.166667,0.4
1,346,-0.191692,-0.620926,-0.228377,0.166667,0.166667,0.0943396,0,0,0.5
0,346,0.322416,1.07474,1.10851,0.333333,0.5,0.25,1,0.5,0.6
0,346,-0.204629,-1.04248,-0.924672,0.142857,0.111111,0.137931,0,0,0.7
1,346,2.66183,1.92615,1.72607,1,1,0.208791,1,0.5,0.8
0,346,-0.117743,-0.77699,-0.222902,0.2,0.142857,0.22807,0,0,0.9
0,346,-0.0930463,0.681426,0.711909,0.25,0.333333,0.164557,1,0.5,1
0,347,0.640177,0.0845411,0.915767,0.333333,0.333333,0.119403,0,0.166667,0.1
0,347,-0.728559,-0.330111,-0.0453914,0.166667,0.2,0.147059,1,1,0.2
0,347,-0.728559,-0.330111,-0.410218,0.142857,0.166667,0.147059,1,1,0.3
0,347,-0.728559,-0.330111,-0.764234,0.125,0.142857,0.147059,1,1,0.4
0,347,-0.129563,-1.31635,-0.542229,0.25,0.1,0.0769231,1,1.16667,0.5
0,347,-0.728559,-0.330111,-1.10791,0.111111,0.125,0.147059,1,1,0.6
0,347,-0.728559,-0.330111,-1.4417,0.1,0.111111,0.147059,1,1,0.7
1,347,2.28431,0.345147,1.53258,1,0.5,0.257143,0,0,0.8
1,347,1.24305,2.74803,1.53258,0.5,1,0.257143,1,0,0.9
0,347,-0.395175,-0.210814,0.33075,0.2,0.25,0.176471,1,1,1
0,348,-0.781809,0.413701,-0.193853,0.111111,0.333333,0.108108,1,0.833333,0.1
0,348,-0.622291,-0.0609121,-0.44001,0.142857,0.166667,0.0537634,1,0.833333,0.2
1,348,-0.770468,-1.96215,-1.36479,0.125,0.1,0.137931,0,0,0.3
1,348,2.11688,1.95186,1.86919,1,1,0.2,1,1,0.4
0,348,0.979354,0.0617719,0.784259,0.5,0.2,0.0366972,1,0.166667,0.5
0,348,-0.539246,-0.96685,-0.808647,0.166667,0.111111,0.0930233,0,0,0.6
0,348,0.446881,0.980632,0.989091,0.25,0.5,0.0657895,1,0.833333,0.7
0,348,-0.212507,-0.407027,-0.428414,0.2,0.125,0.102564,0,0,0.8
0,348,-1.3671,-0.228431,-1.17776,0.1,0.142857,0.0652174,1,0.833333,0.9
0,348,0.750311,0.217407,0.770939,0.333333,0.25,0.08,1,0.833333,1
0,349,-0.372644,0.612629,-0.0484535,0.166667,0.2,0.111111,1,0.333333,0.1
0,349,-0.40194,-0.956212,-0.815789,0.142857,0.125,0.0789474,1,0.166667,0.2
0,349,-0.633316,0.944704,-0.0121864,0.125,0.333333,0.181818,0,0,0.3
1,349,0.7398,1.14668,1.41887,0.333333,1,0.138462,1,0.166667,0.4
0,349,-1.03408,-1.96163,-1.71452,0.1,0.1,0.0967742,1,0.333333,0.5
0,349,-1.03231,-0.983624,-1.36339,0.111111,0.111111,0.0659341,1,0.333333,0.6
0,349,-0.175058,-0.0799252,0.155393,0.25,0.166667,0.0909091,0,0,0.7
1,349,2.42152,-0.42203,0.615265,1,0.142857,0.0857143,0,0,0.8
0,349,0.792965,1.02142,1.41175,0.5,0.5,0.176471,1,0,0.9
0,349,-0.304937,0.677984,0.353063,0.2,0.25,0.137255,0,0,1
0,350,-0.511798,-0.853562,-1.18019,0.125,0.111111,0.15625,0,0.166667,0.1
0,350,-0.113095,0.127951,0.562208,0.333333,0.2,0.244898,1,0.666667,0.2
0,350,-0.168238,-0.218533,-0.0363,0.25,0.142857,0.218182,1,0.666667,0.3
0,350,-0.176742,0.826222,0.562208,0.2,0.333333,0.104167,1,0.333333,0.4
0,350,-1.00454,-2.11443,-1.71096,0.1,0.1,0.0860215,0,0,0.5
1,350,0.719552,0.105576,0.581601,0.5,0.166667,0.229167,0,0,0.6
0,350,-0.419895,1.274,0.805355,0.166667,1,0.164179,1,0.833333,0.7
0,350,-0.477743,0.422651,-0.0363,0.142857,0.25,0.146667,1,0.5,0.8
0,350,-0.569604,-0.821388,-1.18019,0.111111,0.125,0.195652,1,0.666667,0.9
1,350,2.72211,1.25151,1.63257,1,0.5,0.405405,1,0.5,1
1,351,1.63795,-1.81091,0.0945972,1,0.1,0.0430108,1,0,0.1
0,351,-0.877453,-0.0112215,-0.568743,0.142857,0.166667,0.0888889,1,0.5,0.2
0,351,-0.999576,1.44872,0.0314086,0.111111,0.5,0.0857143,1,0.5,0.3
0,351,-0.725662,1.71181,1.04819,0.166667,1,0.190476,0,0.333333,0.4
1,351,-1.13341,-1.10526,-1.99883,0.1,0.111111,0.0689655,1,0.5,0.5
0,351,0.688951,-0.178785,0.22592,0.333333,0.142857,0.0595238,0,0,0.6
0,351,0.348087,0.165026,0.458565,0.2,0.25,0.0657895,0,0,0.7
0,351,1.332,0.331565,1.55163,0.5,0.333333,0.148148,0,0,0.8
0,351,0.680069,-0.00263895,0.458565,0.25,0.2,0.08,1,0.833333,0.9
0,351,-0.950953,-0.548306,-1.30131,0.125,0.125,0.0655738,0,0.333333,1
0,352,0.862268,-0.774082,0.198891,0.333333,0.142857,0.1,0,0,0.1
1,352,1.61268,0.933566,1.366,0.5,0.333333,0.129032,1,0.333333,0.2
0,352,-0.644168,-0.211592,-0.5007,0.142857,0.166667,0.0649351,0,0,0.3
0,352,-0.582368,0.362438,0.403703,0.2,0.25,0.0925926,0,0,0.4
0,352,-0.647831,-1.51968,-1.55304,0.125,0.1,0.0505051,0,0,0.5
1,352,-0.733321,1.54478,0.0832799,0.1,1,0.222222,1,0.333333,0.6
0,352,-0.544272,1.31533,1.12552,0.25,0.5,0.0862069,0,0,0.7
0,352,-0.602152,-0.999048,-0.920182,0.166667,0.111111,0.0568182,0,0,0.8
0,352,1.95625,0.27282,1.14881,1,0.2,0.1875,1,0.333333,0.9
0,352,-0.677091,-0.92453,-1.35228,0.111111,0.125,0.0526316,0,0,1
0,353,-1.09184,0.0292559,-0.672139,0.1,0.25,0.041958,0,0,0.1
0,353,0.163575,-0.538781,-0.0422412,0.25,0.142857,0.0744681,0,0,0.2
0,353,-0.404767,-0.593801,-0.724642,0.166667,0.125,0.12766,0,0,0.3
0,353,-0.521851,0.242489,0.20199,0.142857,0.333333,0.0786517,0,0,0.4
0,353,0.131425,0.751024,0.906334,0.2,0.5,0.0813953,0,0,0.5
1,353,2.61841,2.54042,2.16014,1,1,0.125,0,0,0.6
0,353,0.233314,-0.670689,-0.224028,0.333333,0.111111,0.056,0,0,0.7
0,353,-0.879994,-0.0216016,-0.704975,0.111111,0.2,0.0581395,0,0,0.8
0,353,-0.677296,-1.26824,-1.57723,0.125,0.1,0.125,0,0,0.9
1,353,0.429014,-0.470072,0.676791,0.5,0.166667,0.131579,1,0,1
0,354,-0.15032,0.552327,1.00444,0.5,0.25,0.115385,1,0.5,0.1
1,354,-0.835051,-2.11641,-1.74955,0.1,0.1,0.115385,1,0.5,0.2
0,354,-0.200222,0.368368,0.360275,0.25,0.2,0.12766,1,0.333333,0.3
0,354,-0.287559,0.317991,-0.446837,0.142857,0.166667,0.105263,1,0.5,0.4
0,354,-0.200422,0.771324,0.574889,0.2,0.333333,0.101695,0,0,0.5
0,354,-0.17381,1.24118,1.44785,0.333333,1,0.171429,1,0.5,0.6
0,354,-0.554393,-1.03955,-1.39123,0.111111,0.111111,0.0617284,0,0,0.7
0,354,-0.233416,1.03141,0.594719,0.166667,0.5,0.171429,1,0.5,0.8
1,354,2.93824,-0.742677,0.437902,1,0.125,0.125,1,0.333333,0.9
0,354,-0.303049,-0.383965,-0.832453,0.125,0.142857,0.111111,1,0.5,1
0,355,-0.553896,-0.409759,-0.493424,0.125,0.2,0.0833333,0,0,0.1
0,355,-1.275,-0.798252,-1.3687,0.111111,0.125,0.0652174,0,0,0.2
1,355,-0.45365,-0.8576,-0.931356,0.166667,0.111111,0.0543478,1,0.5,0.3
0,355,1.26653,-0.955004,-0.175203,0.5,0.1,0.0909091,0,0.166667,0.4
1,355,1.7834,2.11946,2.15283,1,1,0.172414,1,0.166667,0.5
0,355,-0.507816,-0.475788,-0.50678,0.142857,0.166667,0.0588235,1,0.5,0.6
0,355,-0.138582,1.16492,0.903267,0.2,0.5,0.0442478,1,0.5,0.7
0,355,-1.32425,-0.111702,-0.669865,0.1,0.25,0.136364,1,0.5,0.8
0,355,0.200057,1.00061,0.887926,0.25,0.333333,0.0526316,1,0.166667,0.9
0,355,1.00321,-0.676881,0.201306,0.333333,0.142857,0.0641026,0,0.166667,1
0,356,-0.591612,0.386627,-0.226178,0.125,0.25,0.0625,1,0.833333,0.1
1,356,2.66027,0.488245,1.66298,1,0.5,0.126316,1,0.833333,0.2
0,356,-0.296652,0.353001,0.151679,0.2,0.2,0.0927835,0,0,0.3
0,356,0.344409,1.638,1.44229,0.333333,1,0.1,1,0.5,0.4
0,356,-0.836158,0.351422,-0.81804,0.111111,0.166667,0.0879121,1,0.5,0.5
0,356,-0.944423,-2.36535,-1.74283,0.1,0.1,0.175,1,0.833333,0.6
1,356,-0.550726,-0.913832,-1.01298,0.142857,0.111111,0.0945946,1,0,0.7
0,356,0.206749,-0.236219,-0.226178,0.25,0.125,0.107527,1,0.833333,0.8
0,356,-0.459149,0.423632,0.371749,0.166667,0.333333,0.0775194,1,1.16667,0.9
0,356,0.467288,-0.12553,0.397501,0.5,0.142857,0.0852713,1,1.16667,1
1,357,2.32532,2.26714,1.97869,1,1,0.211538,1,0,0.1
0,357,-1.18185,-0.303245,-1.04278,0.1,0.166667,0.0641026,1,0.333333,0.2
0,357,0.981457,0.737136,1.27075,0.5,0.333333,0.121951,1,0,0.3
1,357,-0.101949,-0.162288,0.375555,0.2,0.25,0.101695,1,0.166667,0.4
0,357,-0.900349,-0.910227,-1.45024,0.111111,0.111111,0.0909091,0,0,0.5
0,357,0.407768,-1.03709,-0.391964,0.333333,0.1,0.0895522,1,0.166667,0.6
0,357,-0.62555,1.09197,0.415956,0.142857,0.5,0.048,1,0.333333,0.7
0,357,-0.884829,-0.703145,-0.867759,0.125,0.142857,0.0582524,0,0,0.8
0,357,0.178574,-0.742192,-0.236679,0.25,0.125,0.0786517,0,0,0.9
0,357,-0.198591,-0.238064,-0.0515402,0.166667,0.2,0.104478,1,0.333333,1
1,358,2.22633,2.40438,1.91168,1,1,0.171053,1,0.166667,0.1
0,358,-0.611842,0.485542,0.178757,0.142857,0.333333,0.0462428,0,0,0.2
0,358,-0.496557,-0.276675,-0.252936,0.166667,0.166667,0.0869565,1,0.166667,0.3
0,358,0.414075,-0.969375,-0.414399,0.25,0.111111,0.103448,1,0.333333,0.4
0,358,0.596582,0.54052,1.22772,0.333333,0.5,0.0697674,1,0,0.5
1,358,0.771618,0.429971,1.01158,0.5,0.25,0.0947368,1,0.166667,0.6
0,358,-0.886103,-0.805217,-1.02965,0.125,0.125,0.12766,1,0.166667,0.7
0,358,0.205543,-1.20662,-0.804318,0.2,0.1,0.118421,0,0,0.8
0,358,-1.04289,0.0181767,-0.623888,0.111111,0.2,0.0704225,0,0,0.9
0,358,-1.17675,-0.620712,-1.20454,0.1,0.142857,0.0531915,0,0,1
0,359,0.567237,0.519306,0.924722,0.25,0.333333,0.0927835,1,0.5,0.1
0,359,-0.229891,1.11901,0.702452,0.166667,0.5,0.0989011,0,0,0.2
0,359,1.739,-2.30002,0.0877842,1,0.1,0.125,1,0.166667,0.3
0,359,0.827843,1.40912,1.71013,0.333333,1,0.155172,0,0,0.4
0,359,-1.13606,-0.361995,-1.20759,0.125,0.125,0.112903,1,0.5,0.5
1,359,0.0838656,-0.84078,-0.731705,0.2,0.111111,0.07,1,0,0.6
0,359,-1.25563,-0.358553,-1.20109,0.111111,0.142857,0.0958904,1,0.5,0.7
0,359,-0.449196,0.33442,-0.0438428,0.142857,0.25,0.123288,1,0.5,0.8
0,359,-1.26293,0.1722,-1.18156,0.1,0.166667,0.075,0,0,0.9
1,359,1.11576,0.307292,0.940699,0.5,0.2,0.169231,1,0.166667,1
0,360,-1.11413,-0.803948,-1.58931,0.1,0.111111,0.08,0,0,0.1
0,360,0.0959139,-0.830511,-0.380547,0.333333,0.1,0.126761,0,0,0.2
1,360,2.07417,0.875022,1.6895,1,0.5,0.2,0,0,0.3
0,360,-0.170938,-0.677793,0.160478,0.25,0.166667,0.0598291,0,0,0.4
0,360,-0.439285,-0.0349996,0.364615,0.2,0.25,0.15,1,0.333333,0.5
0,360,-0.632359,0.851446,-0.199232,0.111111,0.333333,0.2,1,0,0.6
0,360,-0.481147,-0.78714,-0.842483,0.142857,0.125,0.0909091,0,0,0.7
1,360,1.73421,2.34187,1.6895,0.5,1,0.282051,1,0.333333,0.8
0,360,-0.627145,-0.760722,-0.842483,0.125,0.142857,0.084507,0,0,0.9
0,360,-0.439285,-0.173227,-0.0500389,0.166667,0.2,0.146341,1,0.333333,1
0,361,-0.463758,1.29941,0.63137,0.166667,0.5,0.0724638,1,0.5,0.1
0,361,-0.67809,0.0962688,-0.461872,0.125,0.2,0.0666667,1,0.333333,0.2
0,361,-0.354398,-0.556567,0.16834,0.25,0.166667,0.0458716,0,0,0.3
0,361,-0.443137,1.57784,1.08841,0.2,1,0.0505051,1,0.5,0.4
1,361,-0.812924,-1.76669,-1.85737,0.1,0.1,0.0641026,1,0.333333,0.5
0,361,0.588497,-0.684344,-0.0132017,0.333333,0.125,0.0892857,0,0,0.6
0,361,1.24531,-0.594203,0.423624,0.5,0.142857,0.0923077,1,0.333333,0.7
0,361,-0.638507,0.445671,-0.0394063,0.142857,0.25,0.0714286,0,0,0.8
1,361,2.33178,0.911373,1.53708,1,0.333333,0.0875,1,0.333333,0.9
0,361,-0.774778,-0.728757,-1.47697,0.111111,0.111111,0.05,0,0,1
0,362,-0.693123,1.34587,0.302363,0.111111,1,0.134615,1,1,0.1
0,362,-0.477865,-1.38298,-1.4267,0.142857,0.1,0.0695652,1,1.16667,0.2
1,362,2.69265,-0.225181,1.22295,1,0.2,0.266667,1,0.166667,0.3
0,362,0.318817,-0.712214,0.211727,0.333333,0.142857,0.116279,0,0,0.4
0,362,-0.465942,-1.10954,-0.97957,0.166667,0.111111,0.064,1,1.16667,0.5
0,362,-0.676141,1.22351,0.24943,0.125,0.5,0.116667,1,1,0.6
0,362,-0.364982,-0.377455,-0.058979,0.2,0.166667,0.121212,1,1.33333,0.7
1,362,0.715653,1.05809,1.45416,0.5,0.333333,0.115385,1,1,0.8
0,362,-0.338418,1.01509,0.677886,0.25,0.25,0.091954,1,1,0.9
0,362,-0.710654,-0.835189,-1.65327,0.1,0.125,0.0823529,1,0.5,1
0,363,-1.16223,-1.77091,-1.59761,0.1,0.1,0.0483871,0,0,0.1
0,363,-0.869467,-0.386896,-0.928569,0.111111,0.142857,0.097561,1,0.333333,0.2
1,363,-0.485995,-1.22543,-0.749877,0.166667,0.111111,0.0645161,1,0,0.3
0,363,-0.0264744,0.193857,0.139041,0.2,0.2,0.0520833,0,0,0.4
0,363,-0.694903,0.674612,0.162081,0.142857,0.333333,0.0769231,1,0.5,0.5
0,363,0.355432,0.802228,1.11318,0.333333,0.5,0.0729167,0,0,0.6
0,363,-0.752141,-0.694069,-0.933596,0.125,0.125,0.0943396,0,0.166667,0.7
1,363,2.11226,1.79783,1.73334,1,1,0.132075,1,0.333333,0.8
0,363,0.106316,0.00688103,0.144797,0.25,0.166667,0.0689655,0,0,0.9
0,363,1.41721,0.601906,0.917207,0.5,0.25,0.0522388,0,0,1
0,364,-1.49516,0.0874495,-0.621064,0.1,0.25,0.049505,0,0,0.1
0,364,-0.192854,0.403498,0.837462,0.2,0.5,0.0638298,1,0.166667,0.2
0,364,2.20849,0.0652711,1.07805,1,0.2,0.1125,0,0,0.3
0,364,0.161583,0.0907798,1.04891,0.333333,0.333333,0.115385,1,0.333333,0.4
0,364,-0.323585,-0.29227,-0.669577,0.166667,0.125,0.0941176,1,0.5,0.5
0,364,-0.370048,-0.0188415,-0.669577,0.125,0.166667,0.0952381,1,0.5,0.6
1,364,0.0997512,-1.83275,-0.621064,0.25,0.1,0.0679612,0,0,0.7
0,364,-0.984694,-0.0932212,-1.06927,0.111111,0.142857,0.0933333,1,0.5,0.8
1,364,1.22307,2.39182,1.7554,0.5,1,0.163636,1,0.5,0.9
0,364,-0.32656,-0.801739,-1.06927,0.142857,0.111111,0.115942,0,0.166667,1
0,365,-0.69271,0.735388,-0.409928,0.111111,0.333333,0.242424,1,0.5,0.1
1,365,0.797183,-1.71099,-0.321677,0.5,0.1,0.103896,1,0.166667,0.2
0,365,-0.63591,1.23926,1.30735,0.142857,1,0.32,0,0,0.3
0,365,-0.390412,-0.651547,-1.32596,0.166667,0.125,0.0967742,1,0.333333,0.4
0,365,-0.234925,-0.161437,-0.510439,0.2,0.142857,0.173077,1,0.333333,0.5
0,365,-0.180439,0.110682,0.330189,0.25,0.166667,0.109589,0,0,0.6
1,365,0.133881,0.715741,1.63025,0.333333,0.25,0.169811,0,0,0.7
0,365,-0.795389,0.146644,-1.66303,0.1,0.2,0.25,0,0,0.8
0,365,-0.672777,1.18627,0.435418,0.125,0.5,0.258065,0,0,0.9
0,365,2.6715,-1.61,0.527822,1,0.111111,0.105263,1,0,1
1,366,1.56059,-0.318171,0.550971,0.5,0.166667,0.172414,1,0,0.1
0,366,-0.11821,0.489234,0.526482,0.25,0.25,0.135135,1,0.166667,0.2
0,366,-1.0528,-1.03066,-1.45487,0.1,0.111111,0.123077,0,0,0.3
0,366,-0.678211,-1.19944,-1.10806,0.142857,0.1,0.0947368,0,0,0.4
0,366,-0.61241,-0.946553,-0.413968,0.166667,0.142857,0.160714,1,0.166667,0.5
1,366,1.73554,1.83011,1.75856,1,1,0.375,0,0.166667,0.6
0,366,-0.726637,0.29253,-0.403057,0.125,0.2,0.123288,1,0.166667,0.7
0,366,-0.972931,-0.962913,-1.11804,0.111111,0.125,0.0909091,0,0,0.8
0,366,-0.178325,1.23665,0.737841,0.2,0.5,0.222222,0,0,0.9
0,366,1.0434,0.609213,0.924137,0.333333,0.333333,0.114583,0,0,1
1,367,2.56739,-2.16206,0.104605,1,0.1,0.108696,1,0,0.1
0,367,-0.883765,-0.473477,-1.95072,0.1,0.125,0.078125,0,0,0.2
0,367,0.714059,0.454233,1.71579,0.5,0.333333,0.0816327,0,0,0.3
0,367,-0.462794,1.32925,1.12095,0.2,0.5,0.0357143,1,0,0.4
0,367,-0.668165,1.39835,0.61634,0.125,1,0.111111,0,0,0.5
0,367,-0.801373,0.267159,-0.871914,0.111111,0.2,0.0806452,0,0,0.6
0,367,-0.611143,0.0155099,-0.628914,0.142857,0.166667,0.0740741,0,0,0.7
0,367,-0.489178,0.391779,0.223181,0.166667,0.25,0.111111,0,0,0.8
0,367,0.331108,-0.292183,0.249821,0.333333,0.142857,0.118644,0,0,0.9
1,367,0.303858,-0.928555,-0.579143,0.25,0.111111,0.0875,0,0,1
0,368,-0.392068,-0.104265,-0.0424406,0.142857,0.25,0.08,0,0,0.1
0,368,-0.313533,-0.187244,0.181302,0.25,0.166667,0.07,0,0,0.2
0,368,-0.304609,-0.555191,-0.225085,0.333333,0.111111,0.137931,0,0,0.3
0,368,-0.523454,-0.0907653,-0.429927,0.1,0.333333,0.0862069,1,0.5,0.4
1,368,-0.426166,-1.35921,-1.79554,0.111111,0.1,0.117647,1,0.166667,0.5
0,368,-0.337785,-0.116044,-0.056532,0.166667,0.2,0.0603448,1,0.5,0.6
1,368,2.9671,2.76562,2.17034,1,1,0.372881,1,0.666667,0.7
0,368,0.0691784,-0.261791,0.239081,0.5,0.125,0.144928,1,0,0.8
0,368,-0.323383,0.120778,0.910611,0.2,0.5,0.104478,1,0.5,0.9
0,368,-0.415276,-0.211894,-0.951804,0.125,0.142857,0.0659341,0,0,1
0,369,-0.184174,0.763467,0.872975,0.2,0.5,0.0862069,0,0,0.1
0,369,-0.881562,-0.402257,-1.11462,0.111111,0.142857,0.0430108,0,0,0.2
0,369,-0.413252,-1.58343,-1.51918,0.125,0.1,0.0535714,0,0,0.3
0,369,-0.171192,-0.811787,-0.451024,0.25,0.111111,0.0533333,0,0,0.4
0,369,-0.958738,-0.0955889,-0.875404,0.1,0.2,0.0327869,0,0,0.5
1,369,-0.201932,0.731012,0.40905,0.166667,0.333333,0.15,1,0.166667,0.6
0,369,0.38696,-0.703011,0.2292,0.5,0.125,0.0735294,1,0,0.7
0,369,-0.279036,0.119022,-0.0406865,0.142857,0.25,0.0520833,0,0,0.8
1,369,2.79167,2.23061,2.08064,1,1,0.266667,1,0.166667,0.9
0,369,-0.088742,-0.24804,0.40905,0.333333,0.166667,0.0895522,0,0,1
0,370,-0.214952,0.391722,0.409277,0.2,0.25,0.0606061,0,0,0.1
1,370,0.351361,-2.4263,-0.670965,0.25,0.1,0.08,1,0,0.2
0,370,1.96777,0.0371424,0.935529,1,0.166667,0.108696,1,0.166667,0.3
0,370,0.588443,1.25436,1.64478,0.333333,1,0.0877193,0,0,0.4
0,370,-0.416202,1.22513,0.675608,0.166667,0.5,0.138889,0,0,0.5
0,370,1.35883,-0.0251773,0.453306,0.5,0.142857,0.0754717,1,0.166667,0.6
0,370,-1.27187,-0.618626,-1.78399,0.1,0.111111,0.0714286,0,0,0.7
0,370,-0.722408,0.453998,-0.0141267,0.125,0.333333,0.0581395,0,0,0.8
1,370,-0.589799,0.208677,-0.27847,0.142857,0.2,0.0930233,1,0.333333,0.9
0,370,-1.05117,-0.500925,-1.37095,0.111111,0.125,0.0545455,0,0,1
0,371,-0.698002,1.22016,0.463563,0.125,0.5,0.0555556,1,1.16667,0.1
0,371,0.100216,-1.2487,-0.912208,0.25,0.111111,0.08,1,0.666667,0.2
0,371,0.26063,-0.947115,-0.0275682,0.333333,0.125,0.106383,1,0.333333,0.3
0,371,-0.665289,0.593397,0.351532,0.166667,0.25,0.0454545,1,1,0.4
0,371,-0.712366,0.128622,-2.2177,0.1,0.166667,0.0769231,1,1,0.5
0,371,0.39164,0.346218,1.76561,0.5,0.2,0.0714286,1,1.16667,0.6
1,371,-0.0276383,-0.522021,-0.543433,0.2,0.142857,0.121951,1,1.33333,0.7
0,371,-0.700972,1.38198,0.561939,0.111111,1,0.0634921,1,1,0.8
0,371,-0.667381,0.734172,0.393493,0.142857,0.333333,0.056338,1,1,0.9
1,371,2.71916,-1.68671,0.164764,1,0.1,0.0736842,1,0,1
0,372,-0.486279,-0.985078,-0.895635,0.142857,0.111111,0.135802,1,1,0.1
0,372,-0.46912,-0.66674,-0.39356,0.166667,0.142857,0.107843,1,0.666667,0.2
0,372,-0.751695,-1.27018,-1.54095,0.1,0.1,0.12,1,0.666667,0.3
0,372,-0.616652,-0.431695,-0.560845,0.125,0.166667,0.12987,1,0.833333,0.4
0,372,-0.63589,-0.706765,-1.06292,0.111111,0.125,0.176471,1,0.333333,0.5
0,372,-0.39953,-0.360647,0.134109,0.2,0.2,0.140845,0,0.5,0.6
1,372,2.81657,1.65124,1.67187,1,1,0.24,1,0,0.7
0,372,0.223897,0.166227,0.884676,0.5,0.25,0.2,0,0,0.8
0,372,0.168702,1.3795,1.0737,0.333333,0.5,0.115702,1,0.666667,0.9
1,372,0.149992,1.22414,0.689553,0.25,0.333333,0.164384,0,0,1
1,373,2.73074,2.21473,2.10973,1,1,0.152542,1,0.166667,0.1
0,373,-0.814403,-0.0171711,-0.688522,0.111111,0.2,0.0491803,0,0,0.2
0,373,0.358284,0.453551,0.870147,0.333333,0.25,0.130435,0,0,0.3
0,373,-0.949501,0.617908,-0.171695,0.1,0.5,0.15,1,0.166667,0.4
0,373,-0.31892,-0.750174,-0.707729,0.166667,0.125,0.0606061,0,0,0.5
1,373,-0.223167,-1.58586,-0.887643,0.2,0.1,0.0666667,1,0,0.6
0,373,-0.360088,-0.0222189,-0.496633,0.142857,0.166667,0.08,0,0,0.7
0,373,0.387913,-0.327386,0.443501,0.5,0.142857,0.138889,0,0,0.8
0,373,-0.193881,0.467136,0.870147,0.25,0.333333,0.111111,0,0,0.9
0,373,-0.616974,-1.05052,-1.3413,0.125,0.111111,0.0555556,0,0,1
0,374,-0.0755853,0.294869,0.797427,0.25,0.25,0.0661157,0,0,0.1
1,374,2.62899,-0.92152,0.355683,1,0.111111,0.0857143,1,0,0.2
0,374,-0.737889,-2.11165,-2.2036,0.111111,0.1,0.121951,1,0.333333,0.3
1,374,-1.25945,0.152226,-1.12067,0.1,0.2,0.0625,1,0.666667,0.4
0,374,-0.360454,-0.0468313,-0.627008,0.142857,0.166667,0.0823529,1,0.333333,0.5
0,374,-0.500161,0.32528,-0.0174494,0.125,0.333333,0.0864198,0,0,0.6
0,374,0.585292,-0.521457,0.293415,0.5,0.125,0.0806452,0,0,0.7
0,374,-0.358168,1.50886,1.15558,0.166667,1,0.048951,0,0,0.8
0,374,0.260179,-0.0656729,0.249064,0.333333,0.142857,0.134615,1,0.333333,0.9
0,374,-0.182751,1.3859,1.11756,0.2,0.5,0.0967742,1,0.333333,1
1,375,2.33269,-1.37535,0.272224,1,0.111111,0.109589,0,0,0.1
0,375,-0.0384092,-0.531315,-0.263259,0.2,0.142857,0.0852713,0,0.166667,0.2
1,375,0.322574,1.61746,1.32445,0.25,1,0.153846,1,1.16667,0.3
0,375,0.776795,0.65649,1.30921,0.5,0.333333,0.111111,1,1.16667,0.4
0,375,-0.819427,-0.830973,-1.098,0.125,0.125,0.125,1,1.16667,0.5
0,375,0.690672,0.622987,0.840802,0.333333,0.25,0.116883,1,1.16667,0.6
0,375,-0.691011,1.21704,0.638704,0.166667,0.5,0.119403,1,1.16667,0.7
0,375,-0.775998,0.164007,-0.263259,0.142857,0.2,0.0824742,1,1.33333,0.8
0,375,-0.95026,-0.0609775,-1.07433,0.1,0.166667,0.118644,1,1.16667,0.9
0,375,-0.847626,-1.47937,-1.68654,0.111111,0.1,0.111111,1,1.16667,1
0,376,0.112067,-0.0634581,0.573726,0.333333,0.166667,0.09375,0,0,0.1
0,376,-0.879246,0.940757,0.321471,0.125,0.5,0.0754717,1,0.833333,0.2
0,376,-0.879246,0.91497,-0.302652,0.111111,0.333333,0.0754717,1,0.833333,0.3
0,376,-0.136682,-0.807536,-0.37686,0.2,0.142857,0.0895522,1,0.833333,0.4
0,376,-0.879246,0.80064,-0.908031,0.1,0.25,0.0769231,1,0.833333,0.5
0,376,-0.636737,-1.2557,-1.56334,0.142857,0.111111,0.0724638,1,0.833333,0.6
1,376,2.11751,-1.4899,0.11426,1,0.1,0.0736842,1,0,0.7
0,376,0.0678728,1.3325,1.89597,0.25,1,0.15625,0,0,0.8
0,376,-0.476461,-1.00442,-0.978961,0.166667,0.125,0.0704225,1,0.833333,0.9
1,376,1.59017,0.63216,1.22442,0.5,0.2,0.190476,0,0,1
0,377,-0.568134,-0.306921,-0.467151,0.142857,0.166667,0.0759494,0,0,0.1
1,377,1.8006,0.81977,1.2893,1,0.25,0.102564,1,0.166667,0.2
0,377,-0.713517,-1.62394,-1.44897,0.125,0.1,0.05,0,0,0.3
0,377,0.213679,-1.0224,-0.430181,0.25,0.111111,0.0617284,1,0.166667,0.4
0,377,-0.0270055,-0.963541,-0.454839,0.2,0.125,0.0598291,0,0,0.5
0,377,-1.24214,0.899951,-0.20581,0.111111,0.333333,0.0568182,1,0,0.6
0,377,0.663655,0.903383,1.27447,0.333333,0.5,0.0609756,0,0,0.7
0,377,-1.29096,0.109966,-0.834949,0.1,0.2,0.0403226,0,0,0.8
0,377,-0.299111,-0.476816,-0.467151,0.166667,0.142857,0.0789474,0,0,0.9
1,377,1.46294,1.66055,1.74528,0.5,1,0.155556,1,0,1
0,378,0.908328,-0.013817,0.734403,0.5,0.2,0.0818182,0,0,0.1
0,378,-0.630253,-1.32149,-1.44809,0.111111,0.1,0.0571429,0,0,0.2
0,378,-0.0577356,-0.492022,-0.0342281,0.25,0.142857,0.0875,0,0,0.3
0,378,-0.578217,0.605624,0.332218,0.2,0.25,0.0722892,1,0.5,0.4
1,378,2.62937,2.08111,1.75036,1,1,0.103093,1,0,0.5
0,378,-0.597156,-0.480596,-0.412038,0.142857,0.166667,0.0566038,1,0.333333,0.6
0,378,-0.58591,0.86328,0.548404,0.166667,0.5,0.117647,0,0,0.7
0,378,0.173217,0.688366,0.91983,0.333333,0.333333,0.102941,0,0,0.8
0,378,-0.611846,-0.97445,-1.11283,0.125,0.111111,0.0530973,1,0.333333,0.9
1,378,-0.649794,-0.956002,-1.27803,0.1,0.125,0.0491803,0,0.166667,1
0,379,-0.618995,0.322747,-0.427109,0.142857,0.166667,0.1,1,0.5,0.1
0,379,-0.792407,-0.898449,-1.15353,0.111111,0.125,0.0481928,1,0.333333,0.2
0,379,-0.62536,-0.00752365,-0.795701,0.125,0.142857,0.0869565,0,0,0.3
0,379,0.354145,-1.29307,-0.188169,0.333333,0.111111,0.0470588,1,0.166667,0.4
1,379,0.93849,1.63868,1.59569,0.5,1,0.1,1,0.166667,0.5
0,379,0.041103,0.433476,0.344369,0.25,0.2,0.0967742,0,0,0.6
0,379,-0.291992,0.500916,0.344369,0.2,0.25,0.0877193,1,0,0.7
0,379,-0.963736,-1.89106,-1.6723,0.1,0.1,0.0535714,0,0,0.8
1,379,2.50541,0.557226,1.38393,1,0.333333,0.212121,1,0.5,0.9
0,379,-0.546662,0.637056,0.568462,0.166667,0.5,0.045977,0,0,1
1,380,-0.357119,0.0373401,-0.434434,0.142857,0.166667,0.0735294,1,0.166667,0.1
0,380,0.0320334,1.40704,0.800661,0.166667,1,0.0833333,0,0,0.2
0,380,-1.83908,-0.246787,-1.16284,0.1,0.142857,0.0769231,0,0,0.3
0,380,-0.481566,-1.18702,-1.17331,0.125,0.111111,0.0909091,0,0,0.4
0,380,-0.961098,-1.96648,-1.5268,0.111111,0.1,0.0506329,0,0,0.5
1,380,2.15432,0.240233,0.996769,1,0.2,0.0877193,1,0.166667,0.6
0,380,0.579451,0.326357,0.976556,0.5,0.25,0.0862069,1,0.166667,0.7
0,380,0.327656,0.9553,0.761168,0.25,0.333333,0.0895522,0,0,0.8
0,380,0.497046,1.08617,1.18521,0.333333,0.5,0.0869565,1,0.166667,0.9
0,380,0.0483639,-0.652152,-0.422984,0.2,0.125,0.117647,0,0,1
1,381,-0.289721,-2.27981,-1.04991,0.142857,0.1,0.133333,1,0,0.1
0,381,-1.1445,-1.20015,-1.37853,0.1,0.111111,0.14,0,0,0.2
0,381,-0.243271,0.274004,-0.0434026,0.2,0.166667,0.163636,1,1,0.3
0,381,-0.286758,0.391627,-0.0434026,0.166667,0.2,0.145161,1,1,0.4
1,381,2.61758,1.31209,1.66628,1,1,0.220339,1,1,0.5
0,381,-0.676509,-0.246141,-0.897477,0.125,0.125,0.210526,1,0,0.6
0,381,-0.90807,-0.210284,-0.892644,0.111111,0.142857,0.123077,1,1,0.7
0,381,0.395417,0.731771,1.26459,0.5,0.5,0.2,1,1,0.8
0,381,0.392196,0.711293,0.875645,0.333333,0.333333,0.166667,1,1,0.9
0,381,0.143635,0.515599,0.498856,0.25,0.25,0.135802,1,1,1
0,382,-0.388964,0.305017,-0.253362,0.142857,0.2,0.0842105,1,0.833333,0.1
0,382,-0.502932,-1.35417,-1.43796,0.111111,0.111111,0.1,0,0,0.2
1,382,-0.363968,-0.955397,-0.658152,0.166667,0.125,0.0952381,0,0,0.3
0,382,-0.110579,1.8655,1.49647,0.333333,1,0.0756303,1,0.833333,0.4
0,382,-0.707004,-1.5397,-1.8083,0.1,0.1,0.0857143,1,0.833333,0.5
1,382,2.91077,-0.356295,0.648918,1,0.142857,0.139535,1,0,0.6
0,382,-0.268728,0.202805,0.163893,0.25,0.166667,0.132353,1,0.833333,0.7
0,382,-0.488622,0.732287,0.216124,0.125,0.5,0.106667,0,0,0.8
0,382,0.246792,0.53624,1.03817,0.5,0.25,0.209302,1,0.833333,0.9
0,382,-0.326762,0.56371,0.594195,0.2,0.333333,0.116667,1,0.833333,1
0,383,-0.493874,1.18723,0.537101,0.142857,0.5,0.150685,0,0,0.1
0,383,-0.699266,-1.13416,-1.62438,0.125,0.111111,0.102804,1,1.16667,0.2
0,383,0.429592,-0.184708,0.502306,0.333333,0.166667,0.142857,1,1.16667,0.3
0,383,-0.232256,-0.912589,-0.857094,0.166667,0.125,0.0794702,1,1.16667,0.4
0,383,-0.876133,1.4639,0.341182,0.111111,1,0.196078,1,1.16667,0.5
0,383,0.661471,0.778829,1.64085,0.5,0.333333,0.232143,1,1.16667,0.6
1,383,-0.0228421,-1.51474,-0.794995,0.25,0.1,0.103448,1,1.16667,0.7
0,383,-0.180541,-0.838433,-0.329946,0.2,0.142857,0.0789474,1,1.16667,0.8
1,383,2.5496,0.468681,1.37996,1,0.2,0.157303,1,0,0.9
0,383,-1.13575,0.685984,-0.794995,0.1,0.25,0.210526,1,1.16667,1
0,384,-0.0440649,-0.48593,-0.287495,0.2,0.142857,0.121622,0,0,0.1
0,384,-0.74641,0.248335,-0.230884,0.111111,0.333333,0.0930233,1,0.333333,0.2
1,384,2.77469,1.75185,1.95791,1,0.5,0.175439,1,0.333333,0.3
0,384,-1.02159,-0.66087,-1.6255,0.1,0.125,0.114754,0,0,0.4
1,384,-0.227037,1.75295,0.965847,0.166667,1,0.123288,1,0.333333,0.5
0,384,-0.454128,-0.0500344,-0.287495,0.142857,0.2,0.195122,0,0,0.6
0,384,0.0741964,-1.09347,-0.48259,0.25,0.111111,0.0963855,0,0,0.7
0,384,0.164296,0.122204,1.17803,0.5,0.25,0.0769231,1,0,0.8
0,384,-0.62938,-0.220521,-0.746819,0.125,0.166667,0.186047,0,0,0.9
0,384,0.109433,-1.36451,-0.441003,0.333333,0.1,0.162162,0,0,1
0,385,-0.468213,-0.0441853,-0.228628,0.142857,0.2,0.157143,0,0,0.1
0,385,-0.145308,-0.2871,0.147893,0.25,0.166667,0.132653,0,0,0.2
0,385,0.151074,-0.0399714,0.930364,0.333333,0.333333,0.103448,0,0,0.3
1,385,1.43011,1.27754,1.34361,0.5,0.5,0.152672,1,0.166667,0.4
0,385,-0.88909,-1.38999,-1.46468,0.111111,0.1,0.0857143,0,0,0.5
0,385,-0.412467,-0.654285,-0.593902,0.166667,0.125,0.15873,1,0.166667,0.6
0,385,-0.211282,-0.318729,-0.228628,0.2,0.142857,0.155172,0,0,0.7
1,385,2.27588,2.28209,1.77041,1,1,0.380952,1,0,0.8
0,385,-0.797924,-0.781213,-1.12557,0.125,0.111111,0.0884956,0,0,0.9
0,385,-0.932779,-0.044151,-0.550872,0.1,0.25,0.0714286,0,0,1
0,386,0.0764612,0.565526,0.46314,0.2,0.25,0.0677966,0,0,0.1
0,386,1.12921,-0.913802,0.268804,0.5,0.125,0.0813953,0,0,0.2
0,386,-0.956695,-0.222579,-1.05566,0.111111,0.166667,0.075,1,0.333333,0.3
0,386,-0.213304,-0.683445,-0.825976,0.142857,0.142857,0.0705882,0,0,0.4
1,386,-2.1676,-1.53707,-2.24908,0.1,0.1,0.0333333,1,0.666667,0.5
1,386,-0.0606355,1.56885,1.05865,0.166667,1,0.0961538,1,0,0.6
0,386,1.57433,-1.03086,0.32585,1,0.111111,0.123077,0,0,0.7
0,386,-0.301922,1.3877,0.268804,0.125,0.5,0.0821918,1,0.666667,0.8
0,386,0.637654,0.166796,0.739031,0.333333,0.2,0.0824742,0,0.5,0.9
0,386,0.282498,0.698887,1.00643,0.25,0.333333,0.1,0,0.5,1
0,387,-0.497464,0.627515,0.666577,0.2,0.333333,0.137931,0,0,0.1
1,387,2.63098,1.28317,2.20093,1,1,0.3125,1,0.166667,0.2
0,387,-0.582501,-1.04122,-1.39928,0.125,0.111111,0.0963855,1,0.166667,0.3
0,387,-0.681182,0.0302169,-1.38679,0.1,0.142857,0.0853659,0,0,0.4
0,387,0.196219,0.393745,0.4327,0.333333,0.166667,0.214286,1,0.166667,0.5
0,387,0.954986,-0.952847,0.242451,0.5,0.125,0.2,1,0.166667,0.6
1,387,-0.308588,-2.14725,-0.68483,0.25,0.1,0.0661157,0,0,0.7
0,387,-0.610073,0.875079,0.028612,0.111111,0.5,0.162791,1,0,0.8
0,387,-0.57966,0.440218,-0.284225,0.142857,0.2,0.173913,0,0,0.9
0,387,-0.522719,0.49138,0.183857,0.166667,0.25,0.106667,0,0,1
0,388,-1.2238,-0.314581,-1.08881,0.111111,0.142857,0.0492958,1,0.166667,0.1
0,388,-1.68512,-0.140097,-0.855131,0.1,0.2,0.0806452,0,0,0.2
0,388,-0.383112,-0.599208,-1.08881,0.142857,0.111111,0.126984,0,0,0.3
0,388,-0.815494,-2.25068,-1.484,0.125,0.1,0.127273,0,0.166667,0.4
1,388,0.830201,1.36061,1.55026,0.333333,1,0.190476,1,0,0.5
1,388,0.0144623,1.27683,0.852759,0.2,0.5,0.195122,1,0,0.6
0,388,1.57678,-0.361416,0.468876,1,0.125,0.147541,1,0,0.7
0,388,1.17444,0.413843,1.07548,0.5,0.25,0.142857,0,0,0.8
0,388,0.543068,-0.184794,0.169783,0.25,0.166667,0.0884956,0,0,0.9
0,388,-0.0314194,0.79949,0.399578,0.166667,0.333333,0.138462,0,0,1
0,389,0.0529578,0.615081,0.741031,0.25,0.333333,0.204545,0,0,0.1
0,389,-0.552141,0.1614,-0.0351337,0.142857,0.25,0.0714286,0,0,0.2
0,389,-0.0338143,-0.965673,-0.586356,0.2,0.111111,0.0427807,0,0,0.3
1,389,2.70705,-0.378085,0.779479,1,0.166667,0.117647,1,0,0.4
0,389,-1.05728,-1.16995,-1.65598,0.1,0.1,0.0454545,0,0,0.5
1,389,0.344117,2.0296,1.58011,0.5,1,0.25641,0,0,0.6
0,389,-0.240664,-0.254332,-0.0467991,0.166667,0.2,0.108434,0,0,0.7
0,389,-0.628033,-0.576385,-0.787935,0.125,0.142857,0.122449,0,0,0.8
0,389,-0.795648,-0.846689,-1.14227,0.111111,0.125,0.0629921,0,0,0.9
0,389,0.203458,1.38503,1.15386,0.333333,0.5,0.225,0,0,1
1,390,0.235832,1.37744,1.15642,0.333333,0.5,0.0816327,1,0.166667,0.1
0,390,-0.802362,-1.30768,-1.31476,0.125,0.1,0.0588235,0,0,0.2
0,390,1.76755,1.72584,1.58362,0.5,1,0.0555556,1,0.166667,0.3
0,390,1.93933,0.262739,1.16988,1,0.25,0.0694444,0,0,0.4
0,390,-0.228443,0.222998,0.144441,0.2,0.2,0.0684932,0,0,0.5
0,390,-0.598179,0.755227,0.168376,0.142857,0.333333,0.0461538,1,0.166667,0.6
0,390,-0.116011,-0.498261,-0.0352118,0.25,0.142857,0.0666667,0,0,0.7
0,390,-0.952151,-1.28474,-1.31976,0.111111,0.111111,0.0487805,0,0,0.8
1,390,-0.229349,-0.768968,-0.604053,0.166667,0.125,0.0638298,1,0.166667,0.9
0,390,-1.01622,-0.484598,-0.948955,0.1,0.166667,0.0465116,0,0,1
1,391,1.66729,-0.597005,0.606486,0.5,0.166667,0.0898876,1,0,0.1
0,391,-0.8684,-0.909605,-1.23069,0.125,0.111111,0.142857,1,0.666667,0.2
0,391,0.00940113,-0.0140467,0.155277,0.2,0.2,0.123457,0,0,0.3
1,391,0.0161442,1.58878,1.25764,0.25,1,0.125,0,0,0.4
0,391,-0.756849,0.0803262,-0.0378532,0.142857,0.25,0.116883,1,0.666667,0.5
0,391,0.473374,1.10345,1.01725,0.333333,0.333333,0.108911,1,0.666667,0.6
0,391,-0.95405,-0.841139,-1.23069,0.111111,0.125,0.156863,1,0.666667,0.7
0,391,-1.00007,-1.29342,-1.78416,0.1,0.1,0.135593,1,0.666667,0.8
0,391,1.88129,-0.630527,0.640256,1,0.142857,0.0583942,1,0,0.9
0,391,-0.468129,1.51319,0.606486,0.166667,0.5,0.188679,0,0,1
0,392,0.373588,-0.953259,-0.26207,0.333333,0.111111,0.0795455,1,0,0.1
0,392,-0.540163,1.36361,0.53121,0.142857,0.5,0.115385,0,0,0.2
0,392,-0.220382,-1.66638,-1.06319,0.2,0.1,0.0847458,0,0,0.3
1,392,-0.50056,1.69424,1.09631,0.166667,1,0.181818,0,0,0.4
0,392,-0.778801,-0.0734896,-1.09321,0.111111,0.166667,0.119048,0,0,0.5
0,392,-0.828616,-0.758732,-1.84506,0.1,0.125,0.0480769,0,0,0.6
0,392,-0.208218,0.136008,0.756526,0.25,0.25,0.0707071,0,0,0.7
0,392,-0.593536,0.798468,-0.0165544,0.125,0.333333,0.192308,0,0,0.8
1,392,2.68436,0.0471209,1.36483,1,0.2,0.112903,0,0,0.9
0,392,0.612323,-0.58759,0.53121,0.5,0.142857,0.115385,1,0,1
0,393,-0.962294,-0.114813,-1.58224,0.1,0.142857,0.097561,1,0.333333,0.1
0,393,1.32421,-0.644069,0.0326444,0.5,0.111111,0.135593,1,0.333333,0.2
1,393,2.33875,0.0764424,1.63145,1,0.25,0.157895,0,0.166667,0.3
0,393,-0.59529,-0.00628601,-0.591121,0.142857,0.166667,0.0806452,1,0.666667,0.4
0,393,0.214567,0.0384253,0.760521,0.333333,0.2,0.0886076,1,0.166667,0.5
0,393,-0.943702,1.39625,0.335325,0.111111,1,0.16,1,0.333333,0.6
0,393,-0.254745,0.969988,1.05359,0.2,0.5,0.0638298,0,0.333333,0.7
0,393,-0.596261,-0.170715,-1.35251,0.125,0.125,0.135135,0,0,0.8
1,393,-0.23664,-2.42356,-0.781346,0.25,0.1,0.0384615,0,0,0.9
0,393,-0.288599,0.878337,0.493682,0.166667,0.333333,0.15,0,0.333333,1
0,394,1.86372,-0.944783,0.291525,1,0.111111,0.176471,1,0.166667,0.1
0,394,0.0692675,-0.369088,-0.26113,0.25,0.125,0.117647,1,0.166667,0.2
0,394,-0.253839,0.101835,-0.0568648,0.166667,0.2,0.0824742,0,0,0.3
0,394,-0.785223,-0.19273,-0.738967,0.142857,0.142857,0.0481928,0,0,0.4
1,394,-1.09279,-2.22907,-2.01216,0.1,0.1,0.0789474,1,0.166667,0.5
0,394,-0.926513,1.33477,0.503633,0.125,1,0.09375,0,0,0.6
0,394,1.55521,0.516569,1.40203,0.5,0.333333,0.109756,1,0.166667,0.7
1,394,0.546739,1.28806,1.40203,0.333333,0.5,0.142857,1,0,0.8
0,394,-1.03311,-0.00287764,-0.944456,0.111111,0.166667,0.0546875,0,0,0.9
0,394,0.056531,0.497317,0.414353,0.2,0.25,0.0567376,0,0,1
0,395,1.31837,0.561646,1.63773,1,0.5,0.0595238,0,0,0.1
0,395,-0.611246,0.131199,-0.246388,0.166667,0.166667,0.0642202,0,0.5,0.2
0,395,-1.44258,-0.431068,-1.54061,0.1,0.111111,0.0652174,1,0.666667,0.3
0,395,-0.830367,0.174764,-0.240481,0.142857,0.2,0.0538462,0,0,0.4
1,395,0.754484,0.542926,0.768052,0.25,0.333333,0.0882353,1,0,0.5
1,395,0.553073,-2.70563,-0.783496,0.2,0.1,0.116279,1,0,0.6
0,395,1.08007,1.28962,1.42039,0.333333,1,0.21875,1,0.666667,0.7
0,395,-0.90087,0.414916,-0.222744,0.125,0.25,0.0638298,0,0,0.8
0,395,1.10287,0.0226166,0.391465,0.5,0.142857,0.12069,0,0.5,0.9
0,395,-1.0238,-0.000987282,-1.18392,0.111111,0.125,0.0642202,1,0.666667,1
0,396,-0.0212586,0.0905368,0.327066,0.25,0.2,0.255319,0,0,0.1
0,396,-0.63568,-0.341131,-0.578072,0.125,0.166667,0.180328,0,0.333333,0.2
0,396,-0.88877,-1.41135,-1.42564,0.111111,0.1,0.125,0,0.333333,0.3
0,396,-0.231545,-1.22477,-0.745498,0.166667,0.111111,0.169231,1,0.333333,0.4
1,396,0.835273,1.7809,1.51551,0.5,1,0.243902,1,0.333333,0.5
0,396,-0.600075,-0.476548,-0.583297,0.142857,0.142857,0.215686,0,0,0.6
1,396,2.42754,0.433554,1.11956,1,0.25,0.15942,0,0.333333,0.7
0,396,0.511022,1.42504,1.10668,0.333333,0.5,0.227273,1,0.333333,0.8
0,396,-1.22973,-0.74141,-1.25821,0.1,0.125,0.0987654,0,0,0.9
0,396,-0.166785,0.465176,0.521898,0.2,0.333333,0.1875,0,0,1
1,397,0.0907253,-0.517339,-0.0146131,0.333333,0.125,0.111111,1,1,0.1
0,397,-0.562923,-0.280839,-0.525091,0.142857,0.166667,0.0952381,1,1,0.2
0,397,-0.334172,0.215477,0.186337,0.166667,0.25,0.0674157,0,0,0.3
0,397,-0.569607,0.519521,-0.0146131,0.125,0.333333,0.075,1,1,0.4
0,397,0.0397881,-0.996262,-0.483537,0.25,0.111111,0.0649351,1,1,0.5
0,397,-1.00697,-1.40568,-2.05595,0.1,0.1,0.0666667,1,1,0.6
1,397,2.59216,2.43722,2.23062,1,1,0.139535,1,1,0.7
0,397,-0.901516,0.539836,0.028998,0.111111,0.5,0.0574713,0,0,0.8
0,397,0.815266,-0.311556,0.468915,0.5,0.142857,0.06,0,0,0.9
0,397,-0.162755,-0.20038,0.17893,0.2,0.2,0.0779221,1,1,1
0,398,-0.641324,-0.654432,-0.781205,0.166667,0.125,0.102041,1,0.333333,0.1
0,398,-0.0145424,-0.324833,0.441995,0.25,0.2,0.166667,0,0.166667,0.2
0,398,1.07208,-0.820783,0.0302737,0.5,0.111111,0.1625,0,0,0.3
0,398,-0.727259,0.298836,-0.015256,0.125,0.333333,0.140625,0,0,0.4
1,398,2.35639,0.123245,1.51297,1,0.25,0.145833,0,0.166667,0.5
0,398,-0.869041,-0.44141,-1.24754,0.111111,0.142857,0.111111,0,0,0.6
0,398,-0.704169,-1.08138,-1.46733,0.142857,0.1,0.09,0,0,0.7
0,398,-0.127862,-0.428414,-0.0606584,0.2,0.166667,0.123596,0,0,0.8
1,398,0.545825,2.55861,1.77627,0.333333,1,0.227273,1,0.333333,0.9
0,398,-0.890104,0.770568,-0.18952,0.1,0.5,0.117647,1,0.333333,1
0,399,-0.800484,0.804913,-0.0136542,0.125,0.333333,0.104167,0,0.5,0.1
0,399,-0.721283,-0.213418,-0.490635,0.142857,0.166667,0.106383,0,0.5,0.2
0,399,0.173776,-1.42103,-0.648524,0.25,0.1,0.109589,0,0,0.3
0,399,-0.500725,-0.763009,-0.699183,0.166667,0.125,0.0674157,0,0,0.4
0,399,-0.330761,-0.0800744,0.167189,0.2,0.2,0.0555556,1,0,0.5
0,399,0.282918,-0.993225,-0.216157,0.333333,0.111111,0.122449,0,0,0.6
0,399,-0.910447,-0.521616,-1.31327,0.1,0.142857,0.0833333,0,0.5,0.7
1,399,2.18446,2.07233,2.08425,1,1,0.0901639,0,0,0.8
0,399,-0.823199,0.0458214,-0.451808,0.111111,0.25,0.104167,0,0.5,0.9
1,399,1.44574,1.0693,1.58179,0.5,0.5,0.176471,1,0,1
0,400,-0.104328,-1.29412,-0.64439,0.25,0.1,0.125,1,0.166667,0.1
0,400,-0.0515243,-0.533444,0.64885,0.5,0.166667,0.101695,1,0.333333,0.2
0,400,-0.37365,1.28502,0.228134,0.125,0.5,0.0967742,1,0.833333,0.3
0,400,-0.0773834,-0.590354,0.193651,0.333333,0.142857,0.1125,1,0.833333,0.4
1,400,2.88982,1.57195,2.07096,1,1,0.233333,1,1.16667,0.5
0,400,-0.886413,-0.698354,-1.51212,0.1,0.125,0.0576923,1,0.666667,0.6
0,400,-0.294307,1.19492,0.193651,0.142857,0.333333,0.101449,1,0.833333,0.7
0,400,-0.743807,-1.15229,-1.51787,0.111111,0.111111,0.12963,1,0.833333,0.8
0,400,-0.178619,0.497613,0.393067,0.2,0.25,0.0833333,1,0.333333,0.9
1,400,-0.179784,-0.280934,-0.0539436,0.166667,0.2,0.0879121,0,0,1
1,401,2.24127,1.92515,2.01821,1,1,0.147059,1,0,0.1
0,401,-0.773071,-0.446354,-1.27166,0.1,0.142857,0.0454545,1,0.5,0.2
0,401,-0.72752,-0.0245904,-0.462569,0.125,0.2,0.0597015,0,0.166667,0.3
0,401,-0.748017,-0.283652,-0.873118,0.111111,0.166667,0.0833333,1,0.666667,0.4
0,401,-0.287539,-1.64605,-0.627977,0.25,0.1,0.045977,0,0,0.5
0,401,-0.391544,-0.799671,-0.658656,0.2,0.111111,0.0609756,0,0.333333,0.6
1,401,1.10727,1.32255,1.53168,0.5,0.5,0.138889,1,0.5,0.7
0,401,-0.702593,0.258933,-0.0394658,0.142857,0.25,0.0645161,1,0.666667,0.8
0,401,-0.663773,0.479886,0.396778,0.166667,0.333333,0.0784314,0,0.166667,0.9
0,401,0.945518,-0.786195,-0.0132216,0.333333,0.125,0.104167,1,0,1
0,402,1.07126,-0.769608,0.207944,0.333333,0.142857,0.114286,0,0.166667,0.1
0,402,1.29763,1.36565,1.95576,0.5,1,0.129032,1,0.333333,0.2
0,402,-0.271757,1.13764,0.917201,0.25,0.333333,0.145833,1,0,0.3
0,402,-0.6972,-1.05954,-0.962064,0.166667,0.111111,0.0909091,1,0,0.4
0,402,-0.275486,0.656358,0.422078,0.2,0.25,0.106061,0,0,0.5
0,402,2.01368,-0.893059,0.513022,1,0.125,0.0987654,0,0,0.6
1,402,-0.724485,1.31304,0.244972,0.125,0.5,0.133333,0,0,0.7
0,402,-0.850014,-0.46147,-1.17195,0.1,0.166667,0.101695,0,0,0.8
1,402,-0.844936,0.107055,-0.725755,0.111111,0.2,0.0769231,1,0.166667,0.9
0,402,-0.718688,-1.39607,-1.40121,0.142857,0.1,0.0869565,0,0,1
0,403,1.63179,1.67201,2.17301,1,1,0.225,0,0,0.1
0,403,-0.23258,0.799799,0.427212,0.166667,0.333333,0.131148,0,0,0.2
0,403,0.48123,0.171474,0.658123,0.333333,0.2,0.130435,0,0,0.3
0,403,-0.328281,-1.64521,-1.3692,0.142857,0.1,0.0923077,1,0,0.4
1,403,-0.475562,-0.967772,-1.17041,0.125,0.125,0.084507,0,0,0.5
0,403,-1.29553,0.0140983,-0.940087,0.111111,0.166667,0.044586,0,0,0.6
0,403,-1.65434,1.22571,-0.176846,0.1,0.5,0.0560748,0,0,0.7
0,403,0.127522,-0.563662,-0.28062,0.2,0.142857,0.160714,0,0,0.8
1,403,1.49026,-0.994394,0.0282491,0.5,0.111111,0.140351,1,0,0.9
0,403,0.255498,0.287948,0.650563,0.25,0.25,0.112676,0,0,1
1,404,2.3064,2.00039,1.96919,1,1,0.147059,1,1.33333,0.1
1,404,1.02121,-1.10826,0.0255994,0.5,0.111111,0.125,1,1.33333,0.2
0,404,-1.03053,-1.60146,-1.81499,0.1,0.1,0.0875,1,0,0.3
0,404,-0.317554,0.701394,0.616965,0.166667,0.5,0.194444,1,1.33333,0.4
0,404,-0.220673,-0.103463,-0.0512927,0.2,0.166667,0.107143,1,1.33333,0.5
0,404,-0.956027,0.40994,-0.426866,0.111111,0.25,0.12069,1,1.33333,0.6
0,404,-0.934518,-1.03212,-1.06063,0.125,0.125,0.0833333,1,1.33333,0.7
0,404,0.633805,0.628863,1.03483,0.333333,0.333333,0.126582,1,1.33333,0.8
0,404,-0.0154587,-0.132826,-0.0385072,0.25,0.142857,0.15,1,1.33333,0.9
0,404,-0.486664,0.237534,-0.254299,0.142857,0.2,0.118421,1,1.33333,1
0,405,0.464431,-0.878129,-0.774088,0.166667,0.111111,0.116667,0,0,0.1
1,405,0.596564,1.96171,1.3648,0.333333,1,0.181818,0,0,0.2
0,405,-0.787335,0.368385,0.167314,0.142857,0.333333,0.0789474,0,0,0.3
0,405,-1.72099,-0.409277,-1.30646,0.1,0.125,0.131579,0,0,0.4
0,405,0.974346,-0.0308204,0.750742,0.5,0.2,0.0761905,0,0,0.5
0,405,1.42286,1.28318,1.57363,1,0.5,0.155172,0,0,0.6
0,405,0.595917,-0.366125,0.149472,0.25,0.166667,0.108434,0,0,0.7
0,405,0.518362,0.223483,0.339609,0.2,0.25,0.123077,0,0,0.8
1,405,-0.788484,-1.7579,-1.30646,0.125,0.1,0.0357143,1,0,0.9
0,405,-1.27567,-0.394514,-0.958549,0.111111,0.142857,0.0877193,0,0,1
0,406,-1.02527,0.654368,-0.273486,0.111111,0.333333,0.0487805,1,0.333333,0.1
0,406,0.249089,-0.783641,-0.315425,0.25,0.125,0.0337079,1,0.166667,0.2
0,406,-0.479605,-0.115263,-0.340543,0.142857,0.2,0.0352941,1,0.333333,0.3
0,406,-1.30712,0.672447,-0.214609,0.1,0.5,0.0166667,0,0,0.4
0,406,2.1815,-0.666009,0.872209,1,0.142857,0.034188,0,0,0.5
1,406,-0.21089,2.17484,1.42428,0.2,1,0.1,1,0.666667,0.6
1,406,0.525117,0.608284,1.08763,0.333333,0.25,0.0517241,1,0.5,0.7
0,406,-0.368368,-1.0691,-1.14083,0.166667,0.111111,0.0272727,0,0,0.8
0,406,1.12289,-0.139393,0.826205,0.5,0.166667,0.0416667,1,0.333333,0.9
0,406,-0.68734,-1.33653,-1.92543,0.125,0.1,0.0294118,0,0,1
1,407,-1.3017,-1.09321,-1.95901,0.1,0.111111,0.0588235,1,0.833333,0.1
0,407,0.785955,0.953283,1.52073,0.333333,0.5,0.136364,1,0.833333,0.2
0,407,0.849784,-1.19711,-0.192708,0.5,0.1,0.0412371,0,0,0.3
0,407,-0.527842,-0.211414,-0.557414,0.142857,0.166667,0.0387597,0,0,0.4
0,407,-1.1895,-0.573691,-1.26852,0.111111,0.142857,0.0483871,1,0.833333,0.5
1,407,2.07568,-0.77625,0.546269,1,0.125,0.104167,1,0,0.6
0,407,0.407294,0.163466,0.708917,0.25,0.25,0.08,1,0.833333,0.7
0,407,-0.095234,0.0144635,0.189944,0.2,0.2,0.049505,0,0,0.8
0,407,-0.879286,0.422332,-0.0155127,0.125,0.333333,0.0526316,1,0.833333,0.9
0,407,-0.125147,2.29813,1.02731,0.166667,1,0.0793651,1,0.833333,1
0,408,-0.78636,-1.59835,-1.66087,0.111111,0.1,0.0909091,1,0.666667,0.1
0,408,-0.85126,-0.826531,-1.46582,0.1,0.125,0.0490196,1,0.666667,0.2
0,408,0.400368,-0.195971,0.628984,0.5,0.166667,0.0945946,1,0.666667,0.3
0,408,0.210805,0.0692012,0.608011,0.333333,0.2,0.0921053,1,0.666667,0.4
0,408,-0.0407812,-0.544333,-0.0392574,0.25,0.142857,0.0526316,0,0.5,0.5
1,408,-0.50392,-1.20951,-1.07547,0.142857,0.111111,0.0961538,0,0.166667,0.6
0,408,-0.164698,1.28026,0.842312,0.2,0.5,0.0892857,1,0.333333,0.7
0,408,-0.744836,1.0875,-0.0131518,0.125,0.333333,0.1,1,0.666667,0.8
1,408,2.74664,0.607905,1.30429,1,0.25,0.189189,1,0,0.9
0,408,-0.265955,1.32983,0.870967,0.166667,1,0.111111,0,0.333333,1
1,409,1.80906,-2.55464,0.0811486,1,0.1,0.0714286,1,0,0.1
0,409,-0.95025,0.325046,-0.475028,0.125,0.2,0.125,0,0,0.2
0,409,-0.201217,0.374852,0.393372,0.2,0.25,0.109375,0,0.333333,0.3
0,409,0.265724,0.77475,1.09671,0.25,0.5,0.122807,0,0,0.4
1,409,0.659102,1.20211,1.58086,0.333333,1,0.0853659,0,0,0.5
0,409,-1.31317,-0.174111,-1.30591,0.1,0.142857,0.147059,0,0.333333,0.6
0,409,1.50706,0.705365,1.33104,0.5,0.333333,0.0933333,0,0,0.7
0,409,-0.418741,-0.201749,-0.908928,0.142857,0.125,0.155556,0,0.333333,0.8
0,409,-0.373537,-0.731691,-0.896633,0.166667,0.111111,0.12,0,0,0.9
0,409,-0.984024,0.280068,-0.896633,0.111111,0.166667,0.15,0,0,1
0,410,0.72162,0.691137,1.08371,0.5,0.333333,0.131579,0,0,0.1
0,410,-0.0879502,0.906885,0.89292,0.25,0.5,0.0625,1,0.5,0.2
0,410,-1.51632,-1.85518,-1.55531,0.1,0.1,0.0508475,1,0.5,0.3
0,410,-0.363546,0.247934,-0.397227,0.142857,0.166667,0.0314465,1,0,0.4
0,410,-0.297396,0.543573,-0.0439539,0.166667,0.2,0.0652174,0,0,0.5
0,410,-0.418021,-1.30378,-1.07283,0.125,0.111111,0.0888889,0,0,0.6
0,410,0.24134,0.599841,0.695979,0.333333,0.25,0.0634921,0,0,0.7
0,410,2.52051,1.35915,1.68745,1,1,0.132075,1,0.5,0.8
1,410,-0.551008,-0.216112,-0.903981,0.111111,0.142857,0.0447761,1,0,0.9
1,410,-0.249237,-0.973447,-0.386758,0.2,0.125,0.115385,1,0.5,1
1,411,-0.195072,-0.263961,-0.0480645,0.2,0.166667,0.109091,1,0.166667,0.1
1,411,2.29755,2.24183,1.84526,1,1,0.217391,1,0,0.2
0,411,0.399673,-0.648051,-0.220718,0.25,0.125,0.0793651,0,0,0.3
0,411,-1.03202,-0.878235,-1.35244,0.111111,0.111111,0.0943396,0,0,0.4
0,411,0.788288,0.222756,0.976427,0.5,0.25,0.1,1,0.166667,0.5
0,411,-0.628919,0.844242,0.387905,0.142857,0.5,0.113208,0,0,0.6
0,411,0.68878,0.0866561,0.558858,0.333333,0.2,0.142857,0,0,0.7
0,411,-1.095,-0.561155,-1.16268,0.1,0.142857,0.0784314,0,0,0.8
0,411,-0.711161,-1.54268,-1.34732,0.125,0.1,0.0551181,0,0,0.9
0,411,-0.512124,0.498601,0.362775,0.166667,0.333333,0.0684932,0,0,1
0,412,0.0760325,-0.535395,-0.0451871,0.2,0.166667,0.0645161,0,0,0.1
0,412,-1.06556,-0.651154,-0.934376,0.125,0.125,0.0689655,0,0.166667,0.2
0,412,-1.07202,-0.802348,-1.59894,0.1,0.1,0.0363636,0,0,0.3
1,412,0.443124,1.80089,1.11411,0.333333,0.5,0.114286,1,0,0.4
0,412,-1.06975,-0.573642,-0.929344,0.111111,0.142857,0.0588235,0,0,0.5
0,412,-0.187932,-0.28967,0.144918,0.166667,0.25,0.075,0,0,0.6
0,412,0.084395,-0.661107,-0.376054,0.25,0.111111,0.08,0,0,0.7
0,412,-0.202625,-0.478273,-0.224028,0.142857,0.2,0.0784314,0,0.166667,0.8
1,412,2.44646,2.07617,1.73479,1,1,0.178571,1,0,0.9
0,412,0.547873,0.114525,1.11411,0.5,0.333333,0.097561,0,0,1
0,413,-0.70601,-1.38083,-1.54083,0.125,0.1,0.155556,0,0,0.1
0,413,-0.492253,-0.865671,-0.912948,0.166667,0.111111,0.107143,0,0,0.2
1,413,2.21855,-0.566222,0.697983,1,0.142857,0.147541,1,0,0.3
0,413,0.0486374,0.0135676,0.631782,0.25,0.25,0.114286,0,0,0.4
0,413,-0.922568,0.704158,-0.418031,0.1,0.333333,0.227273,0,0,0.5
0,413,-0.696923,-0.807918,-0.925467,0.142857,0.125,0.194444,0,0,0.6
0,413,0.260872,-0.279855,0.414879,0.333333,0.166667,0.225,0,0,0.7
0,413,-0.749476,-0.0532418,-0.688703,0.111111,0.2,0.230769,0,0,0.8
0,413,-0.436546,1.09004,0.885414,0.2,0.5,0.363636,0,0,0.9
1,413,1.47572,2.14598,1.85592,0.5,1,0.235294,0,0,1
1,414,1.90886,0.753682,2.01279,1,0.333333,0.22449,0,0,0.1
0,414,0.22669,0.329921,0.211676,0.2,0.2,0.0846154,0,0,0.2
0,414,-1.04396,0.526306,-0.572029,0.111111,0.25,0.0849057,0,0,0.3
0,414,-0.636456,-0.748584,-1.15727,0.142857,0.125,0.116883,0,0,0.4
0,414,0.256009,-1.04877,-0.572029,0.25,0.111111,0.190476,1,0,0.5
0,414,0.271957,-2.11746,-0.522736,0.333333,0.1,0.163934,1,0,0.6
0,414,-0.70082,0.765797,0.290692,0.125,0.5,0.0528455,0,0,0.7
0,414,-1.45864,0.10073,-1.39068,0.1,0.166667,0.131148,0,0,0.8
0,414,-0.236352,1.51641,1.14485,0.166667,1,0.0887097,0,0,0.9
1,414,1.41272,-0.0780329,0.554732,0.5,0.142857,0.212766,0,0,1
0,415,1.79685,0.0727534,1.20408,1,0.2,0.114754,0,0.333333,0.1
0,415,-0.98368,0.28643,-0.231203,0.111111,0.333333,0.0625,0,0,0.2
0,415,-0.207439,0.183109,0.186229,0.166667,0.25,0.0967742,0,0,0.3
0,415,-1.02304,-0.883392,-1.84435,0.1,0.111111,0.0714286,0,0,0.4
1,415,0.479726,-1.9039,-0.441613,0.333333,0.1,0.0375,1,0,0.5
0,415,-0.917404,0.754847,0.24558,0.125,0.5,0.0961538,0,0,0.6
0,415,1.78672,2.16777,1.96061,0.5,1,0.139535,0,0,0.7
1,415,-0.636063,-0.378378,-0.977675,0.142857,0.125,0.0574713,1,0.166667,0.8
0,415,-0.17651,-0.0575263,-0.0580686,0.2,0.166667,0.109091,0,0.333333,0.9
0,415,-0.119159,-0.241717,-0.0435941,0.25,0.142857,0.122449,1,0.5,1
1,416,0.987768,-0.041967,0.936327,0.5,0.166667,0.116279,1,1,0.1
0,416,0.694252,-1.8325,-0.592002,0.333333,0.1,0.148936,0,0,0.2
0,416,-0.415143,0.596283,0.249649,0.166667,0.25,0.0961538,1,1,0.3
1,416,2.37489,-0.0607458,0.988462,1,0.142857,0.151515,1,1.16667,0.4
0,416,-0.329248,-0.170219,-0.68496,0.2,0.125,0.0892857,1,1,0.5
0,416,-0.461232,1.04912,0.628238,0.142857,0.5,0.109756,1,1,0.6
0,416,-0.306078,0.924994,1.2326,0.25,0.333333,0.0891089,1,1,0.7
0,416,-1.04557,0.127513,-1.25738,0.1,0.2,0.102564,1,0.5,0.8
0,416,-0.970465,1.13623,0.399075,0.111111,1,0.0816327,1,1.16667,0.9
0,416,-0.529181,-1.7287,-1.9,0.125,0.111111,0.076087,0,0.166667,1
0,417,-0.665939,0.400288,0.173369,0.142857,0.333333,0.0652174,1,1,0.1
0,417,-0.680345,-0.673301,-0.813102,0.125,0.142857,0.0487805,1,0.166667,0.2
0,417,-1.13294,-0.800847,-1.35375,0.1,0.125,0.037037,1,1,0.3
0,417,0.503834,-0.052446,0.561525,0.333333,0.2,0.0533333,1,1,0.4
0,417,0.491495,-0.930581,-0.576901,0.25,0.1,0.0441176,1,0.166667,0.5
1,417,1.18952,0.418228,1.4071,0.5,0.5,0.0588235,1,1.16667,0.6
0,417,-0.432221,-0.870165,-0.802103,0.166667,0.111111,0.0315789,1,1,0.7
0,417,-1.12253,-0.454644,-0.802103,0.111111,0.166667,0.0319149,1,1,0.8
1,417,2.09572,2.56489,1.85406,1,1,0.0549451,1,0.166667,0.9
0,417,-0.246595,0.398574,0.3519,0.2,0.25,0.0430108,1,1,1
0,418,-1.31647,0.194078,-0.950349,0.1,0.2,0.106383,0,0,0.1
1,418,2.25816,-0.508987,0.521085,1,0.125,0.103774,1,0,0.2
0,418,-0.308456,-0.446026,-0.531716,0.166667,0.142857,0.103093,0,0,0.3
0,418,0.42365,1.38017,1.72288,0.333333,1,0.104762,0,0,0.4
0,418,-0.315777,0.592089,-0.0441697,0.142857,0.25,0.12987,1,0.166667,0.5
0,418,1.10965,-1.40333,0.0293639,0.5,0.111111,0.116505,0,0,0.6
0,418,-0.0415807,1.02459,1.19524,0.25,0.5,0.166667,0,0,0.7
0,418,-0.756372,-1.82717,-1.64924,0.125,0.1,0.0989011,0,0,0.8
1,418,-0.0606013,0.942605,0.684093,0.2,0.333333,0.142857,0,0,0.9
0,418,-0.992196,0.051981,-0.977184,0.111111,0.166667,0.148148,1,0.166667,1
0,419,0.607958,0.21709,0.370665,0.333333,0.166667,0.194444,0,0.166667,0.1
0,419,0.180035,-0.458932,-0.432127,0.2,0.125,0.111111,1,0.5,0.2
0,419,-1.08765,-2.05789,-1.37662,0.125,0.1,0.131579,0,0,0.3
0,419,-1.13443,1.04913,0.02451,0.111111,0.5,0.0769231,0,0.166667,0.4
1,419,2.0679,1.34413,1.88539,1,1,0.0882353,0,0,0.5
0,419,0.764634,0.626379,1.21083,0.5,0.333333,0.127273,0,0,0.6
0,419,-0.0755168,0.13333,-0.443824,0.166667,0.142857,0.241379,1,0.666667,0.7
0,419,-1.19653,-1.42281,-1.5598,0.1,0.111111,0.135135,1,0.5,0.8
1,419,0.577806,0.244483,0.357846,0.25,0.2,0.216216,1,0.666667,0.9
0,419,-0.704207,0.325096,-0.0368685,0.142857,0.25,0.133333,1,0.666667,1
0,420,-1.11436,-0.683072,-1.26919,0.1,0.142857,0.0420168,0,0,0.1
1,420,-0.520795,0.762673,0.188351,0.142857,0.333333,0.0980392,1,0,0.2
0,420,0.470517,0.445134,0.830783,0.333333,0.25,0.0789474,0,0,0.3
0,420,0.0430118,1.75464,1.08793,0.2,1,0.125,0,0,0.4
0,420,-1.01862,-1.26731,-1.47073,0.125,0.1,0.0740741,0,0,0.5
0,420,-1.069,-1.14453,-1.47633,0.111111,0.111111,0.0543478,0,0,0.6
0,420,0.27389,1.31903,1.06587,0.25,0.5,0.0875,0,0,0.7
0,420,1.99527,-0.752303,0.464686,1,0.125,0.119048,0,0,0.8
1,420,-0.420298,-0.640643,-0.266511,0.166667,0.166667,0.0740741,1,0,0.9
0,420,1.36038,0.20637,0.845137,0.5,0.2,0.0923077,0,0,1
0,421,-1.15979,1.82861,0.411828,0.111111,1,0.0909091,0,0,0.1
0,421,-0.288069,-1.20136,-1.62528,0.166667,0.1,0.0769231,1,0.166667,0.2
0,421,0.0202986,0.643995,0.585344,0.2,0.25,0.0865385,1,0.833333,0.3
0,421,-1.24799,0.75484,-0.610921,0.1,0.333333,0.0909091,1,0.5,0.4
0,421,-0.318271,1.31096,0.648315,0.142857,0.5,0.0629921,1,0.333333,0.5
1,421,-0.870809,-0.843792,-1.66108,0.125,0.125,0.106061,1,0.666667,0.6
0,421,0.137868,-1.03401,-0.66853,0.25,0.111111,0.131148,1,0.5,0.7
1,421,1.1191,-0.525614,0.966249,0.5,0.166667,0.148936,1,0.333333,0.8
0,421,0.442689,-0.375913,0.934031,0.333333,0.2,0.0891089,0,0,0.9
0,421,2.16496,-0.557711,1.02005,1,0.142857,0.117647,0,0,1
0,422,-1.13425,-0.440374,-1.91157,0.111111,0.111111,0.118644,0,0,0.1
0,422,-0.486903,1.63971,0.862649,0.142857,1,0.114286,1,0,0.2
0,422,1.25225,-2.35675,-0.212257,0.5,0.1,0.0645161,0,0,0.3
0,422,-1.45225,0.0734602,-0.811533,0.1,0.25,0.122449,0,0,0.4
0,422,-0.137093,0.0122386,0.209212,0.2,0.2,0.153846,1,0.333333,0.5
0,422,1.80189,0.00626105,1.13152,1,0.166667,0.123077,0,0,0.6
1,422,-0.00429289,-0.201085,-0.0510016,0.25,0.142857,0.108108,1,0.166667,0.7
0,422,-0.580904,0.501853,-0.0170863,0.125,0.333333,0.163265,1,0,0.8
0,422,-0.307919,-0.315112,-0.874925,0.166667,0.125,0.131148,1,0.166667,0.9
1,422,1.04947,1.0798,1.67499,0.333333,0.5,0.111111,1,0,1
0,423,-0.479386,0.505818,1.89849,0.25,0.5,0.117647,1,1.5,0.1
0,423,-0.529695,0.281795,0.680956,0.2,0.25,0.126582,1,1.5,0.2
0,423,-1.02351,2.02115,0.140474,0.1,1,0.109589,1,1.5,0.3
0,423,-0.535652,0.395158,0.705351,0.166667,0.333333,0.117647,1,1.5,0.4
0,423,-0.578381,-0.079569,-1.57342,0.125,0.142857,0.113636,1,1.5,0.5
0,423,-0.793661,0.0197616,-1.55214,0.111111,0.166667,0.1125,1,1.5,0.6
1,423,1.38818,-1.76453,-0.291982,0.5,0.1,0.136986,0,1.5,0.7
1,423,1.76667,-1.49535,0.479097,1,0.111111,0.128205,0,1.5,0.8
0,423,1.35034,-0.115986,-0.023504,0.333333,0.125,0.129412,1,1.5,0.9
0,423,-0.564905,0.231754,-0.463319,0.142857,0.2,0.114943,1,1.5,1
0,424,-0.139918,0.452638,0.374643,0.25,0.2,0.0752688,0,0,0.1
0,424,-0.589681,0.480318,0.164891,0.166667,0.25,0.111111,0,0,0.2
0,424,-0.660887,0.361096,-0.464658,0.142857,0.166667,0.0612245,1,0.333333,0.3
0,424,-0.883007,0.688012,-0.160641,0.1,0.5,0.118644,1,0.333333,0.4
0,424,-0.663735,-1.42071,-1.25494,0.125,0.111111,0.175,0,0,0.5
1,424,-0.383291,-0.175522,-0.452411,0.2,0.125,0.0714286,0,0,0.6
0,424,-0.878438,-2.26315,-1.63302,0.111111,0.1,0.118644,0,0,0.7
1,424,1.62108,0.0783969,0.414947,0.5,0.142857,0.243902,1,0.333333,0.8
0,424,0.545137,0.611926,1.0373,0.333333,0.333333,0.157895,0,0,0.9
0,424,2.03274,1.187,1.97389,1,1,0.146667,0,0,1
0,425,-0.592216,-0.130479,-0.452977,0.125,0.2,0.115385,1,1.16667,0.1
0,425,-1.03706,0.15478,-0.204968,0.111111,0.333333,0.0833333,1,1.16667,0.2
0,425,-0.392935,-0.272233,-0.668984,0.142857,0.142857,0.1,0,0.166667,0.3
1,425,2.18111,2.6628,1.97636,1,1,0.3125,1,1.33333,0.4
1,425,-0.345426,-1.42287,-1.04155,0.166667,0.1,0.175,1,1.16667,0.5
0,425,1.01059,0.138968,1.0458,0.5,0.25,0.0947368,1,1.33333,0.6
0,425,-0.201447,0.217631,1.0458,0.25,0.5,0.134615,1,1.16667,0.7
0,425,-1.2674,-0.410388,-1.44304,0.1,0.125,0.0923077,1,1.16667,0.8
0,425,-0.255003,-0.251603,-0.0514794,0.2,0.166667,0.105263,1,1.16667,0.9
0,425,0.899784,-0.686604,-0.204968,0.333333,0.111111,0.057554,1,0.166667,1
0,426,0.894877,-0.675546,0.200294,0.5,0.125,0.126984,1,0.5,0.1
0,426,-0.710685,-1.2028,-1.32758,0.125,0.1,0.09375,1,0.166667,0.2
0,426,-0.990181,-0.531068,-1.14565,0.1,0.142857,0.0746269,1,0.166667,0.3
0,426,-0.181947,-0.176997,0.14585,0.2,0.2,0.12069,1,0.5,0.4
0,426,-0.491581,0.669332,0.357462,0.166667,0.333333,0.194444,1,0.5,0.5
1,426,0.491014,2.32334,1.38686,0.333333,1,0.136364,1,0.833333,0.6
0,426,0.152277,-0.00198674,0.544347,0.25,0.25,0.14,0,0,0.7
0,426,-0.619145,-0.178459,-0.428014,0.142857,0.166667,0.125,0,0,0.8
0,426,-0.965275,-1.08252,-1.33263,0.111111,0.111111,0.046875,0,0,0.9
1,426,2.42065,0.856707,1.59907,1,0.5,0.153846,1,0,1
0,427,-0.600934,0.336962,-0.25999,0.125,0.25,0.111111,1,1,0.1
0,427,-0.604978,-0.556982,-1.16441,0.111111,0.142857,0.0869565,0,0,0.2
0,427,-0.567082,1.39572,0.456925,0.142857,0.5,0.0634921,1,1,0.3
1,427,0.0333063,-0.941269,-0.0142395,0.333333,0.125,0.0769231,1,1,0.4
0,427,0.522298,-0.227063,0.681001,0.5,0.166667,0.103448,1,1,0.5
1,427,2.80452,1.10458,1.65791,1,0.333333,0.0842105,0,0,0.6
0,427,-0.0770185,-1.23254,-0.471172,0.25,0.111111,0.0555556,1,1,0.7
0,427,-0.330766,-0.173665,0.174355,0.2,0.2,0.0543478,1,1,0.8
0,427,-0.564114,1.53959,0.942997,0.166667,1,0.111111,1,1,0.9
0,427,-0.615229,-1.24534,-2.00337,0.1,0.1,0.0833333,0,0,1
0,428,0.672508,-0.126145,0.209368,0.25,0.166667,0.0909091,0,0,0.1
0,428,0.461297,0.230743,0.759066,0.2,0.333333,0.0853659,0,0.166667,0.2
0,428,-0.485449,-0.0979258,-0.0652834,0.166667,0.2,0.0985915,0,0.166667,0.3
1,428,1.28126,2.07903,2.20421,0.5,1,0.230769,1,0,0.4
0,428,-1.1222,0.17944,-0.543299,0.111111,0.25,0.0983607,0,0,0.5
0,428,0.736567,-0.884012,-0.259929,0.333333,0.111111,0.0686275,1,0.333333,0.6
0,428,-0.872175,-0.35613,-0.848368,0.142857,0.142857,0.0882353,0,0.166667,0.7
0,428,-1.28272,-0.562528,-1.82999,0.1,0.125,0.0833333,0,0,0.8
0,428,-0.9321,1.22393,0.276092,0.125,0.5,0.139535,1,0.166667,0.9
1,428,1.54302,-1.6864,0.0981311,1,0.1,0.135135,0,0,1
0,429,0.231772,1.14479,1.58092,0.2,1,0.163636,0,0,0.1
0,429,-1.08179,1.13687,0.0380515,0.111111,0.5,0.142857,0,0,0.2
0,429,-1.55727,0.384843,-1.23152,0.1,0.2,0.169811,1,0,0.3
0,429,-0.370966,0.260344,-0.387279,0.166667,0.166667,0.136364,1,0.333333,0.4
0,429,0.904371,-1.09517,-0.634502,0.25,0.111111,0.140625,1,0.5,0.5
0,429,0.927187,-1.66693,-0.579825,0.333333,0.1,0.0769231,0,0,0.6
1,429,-1.07747,0.782345,-0.350114,0.125,0.25,0.219512,0,0,0.7
0,429,1.5213,-0.993536,0.675254,1,0.125,0.0526316,0,0,0.8
1,429,-0.431945,-0.87199,-0.990782,0.142857,0.142857,0.142857,1,0.5,0.9
0,429,0.934817,0.918438,1.8798,0.5,0.333333,0.166667,1,0.333333,1
0,430,-0.0902342,0.122888,-0.303389,0.2,0.142857,0.046729,1,1.33333,0.1
0,430,-0.655361,0.63022,0.541978,0.125,1,0.0816327,1,1.33333,0.2
0,430,-0.700691,0.53461,-0.731006,0.1,0.25,0.0645161,1,1.33333,0.3
0,430,0.419295,0.167323,0.736065,0.5,0.166667,0.060241,1,1.33333,0.4
0,430,-0.651874,0.607169,0.49387,0.142857,0.5,0.0888889,1,1.33333,0.5
0,430,0.0337652,0.279029,0.711522,0.333333,0.2,0.0617284,1,1.33333,0.6
0,430,-0.679093,-0.131197,-1.72189,0.111111,0.111111,0.0597015,1,1.33333,0.7
1,430,2.79506,0.592452,1.79196,1,0.333333,0.125,1,1.33333,0.8
0,430,-0.029162,0.104111,-0.281012,0.25,0.125,0.0609756,1,1.33333,0.9
1,430,-0.441709,-2.90661,-1.2381,0.166667,0.1,0.0408163,0,0,1
0,431,-0.176383,0.671477,0.551927,0.2,0.333333,0.104651,1,0.666667,0.1
0,431,-0.162595,0.394891,0.545588,0.25,0.25,0.103448,1,0.666667,0.2
0,431,-0.703681,-0.874426,-1.15861,0.125,0.111111,0.078125,0,0,0.3
0,431,-0.548947,-0.0406023,-0.235339,0.142857,0.2,0.103093,1,0.333333,0.4
1,431,1.59971,2.03848,1.60271,0.5,1,0.157143,1,0.833333,0.5
0,431,-0.142508,-0.703257,-0.0119387,0.333333,0.125,0.145161,0,0,0.6
1,431,2.23395,1.02165,1.60271,1,0.5,0.115385,1,0.833333,0.7
0,431,-0.818121,-0.301955,-0.788394,0.111111,0.166667,0.06,0,0,0.8
0,431,-0.433717,-1.55491,-0.960394,0.166667,0.1,0.10101,0,0,0.9
0,431,-0.847705,-0.651347,-1.14826,0.1,0.142857,0.0842105,1,0.666667,1
1,432,-0.623346,0.17628,-0.284627,0.125,0.25,0.08,1,0,0.1
0,432,-0.181721,-0.368618,0.222506,0.333333,0.142857,0.0652174,0,0.333333,0.2
0,432,-0.224416,1.02132,1.25915,0.25,0.5,0.0517241,0,0.166667,0.3
0,432,0.980896,0.923798,1.52819,0.5,0.333333,0.057971,0,0.166667,0.4
1,432,2.66605,-0.83954,0.54895,1,0.125,0.0645161,1,0,0.5
0,432,-0.69853,-1.26128,-1.96863,0.1,0.111111,0.0377358,0,0,0.6
0,432,-0.461081,0.0110522,-0.307292,0.142857,0.2,0.0337079,0,0,0.7
0,432,-0.440248,-1.45608,-1.25403,0.166667,0.1,0.038961,0,0.333333,0.8
0,432,-0.66042,1.87456,0.317756,0.111111,1,0.0392157,0,0,0.9
0,432,-0.357181,-0.0814978,-0.0619815,0.2,0.166667,0.0545455,0,0.333333,1
0,433,-0.482828,-0.644435,-0.769561,0.142857,0.125,0.0697674,0,0.333333,0.1
0,433,0.72334,2.53994,1.33847,0.333333,1,0.0652174,1,0.5,0.2
0,433,-1.51253,-0.751455,-1.45175,0.1,0.111111,0.028169,0,0,0.3
0,433,1.87502,0.582888,1.54326,1,0.5,0.0731707,0,0,0.4
1,433,1.13945,0.366924,1.12695,0.5,0.333333,0.0746269,1,0,0.5
0,433,-0.494028,-0.486193,-0.588659,0.125,0.166667,0.0666667,0,0,0.6
1,433,0.168567,-0.615175,-0.22661,0.2,0.142857,0.0508475,1,0.166667,0.7
0,433,0.296125,0.279594,0.525351,0.25,0.25,0.0454545,0,0.333333,0.8
0,433,-0.460143,-1.1802,-0.924772,0.166667,0.1,0.0645161,0,0,0.9
0,433,-1.25297,-0.0918929,-0.572683,0.111111,0.2,0.0416667,0,0,1
0,434,-0.472693,0.00114469,-0.415661,0.2,0.142857,0.0652174,1,1.16667,0.1
0,434,-0.993024,1.13526,0.126024,0.1,1,0.142857,1,1.16667,0.2
0,434,-0.487507,-0.524745,-1.07975,0.166667,0.125,0.0810811,1,1.16667,0.3
0,434,-0.592645,0.390594,-0.385003,0.125,0.25,0.0961538,0,0,0.4
0,434,-0.50729,0.763592,0.300975,0.142857,0.333333,0.0961538,1,1,0.5
1,434,2.38177,-2.15416,0.126024,1,0.1,0.121951,1,1,0.6
0,434,-0.385012,0.321764,0.61091,0.25,0.2,0.0882353,1,1.16667,0.7
1,434,-0.718263,0.313287,-1.39248,0.111111,0.166667,0.0657895,1,1.16667,0.8
0,434,1.01493,1.06567,2.44277,0.5,0.5,0.114754,1,0.833333,0.9
0,434,0.759742,-1.31241,-0.333813,0.333333,0.111111,0.0875,0,0,1
0,435,2.32902,-0.56388,0.880077,1,0.166667,0.0538922,1,1,0.1
0,435,-0.818301,0.0821301,-0.662031,0.111111,0.2,0.0886076,1,0.833333,0.2
0,435,0.271871,1.29198,1.07342,0.25,0.5,0.24,1,0.833333,0.3
0,435,-0.72112,0.500048,-0.242643,0.125,0.25,0.112903,1,0.666667,0.4
0,435,-0.146662,-0.706908,-0.477524,0.166667,0.142857,0.0727273,1,0.666667,0.5
1,435,-1.57301,-0.934727,-1.67824,0.1,0.111111,0.102564,1,0.5,0.6
0,435,0.0111196,1.62351,1.09564,0.2,1,0.227273,1,0.833333,0.7
0,435,0.703865,0.996625,1.30277,0.5,0.333333,0.135593,1,0.5,0.8
1,435,0.371043,-0.885246,-0.0132894,0.333333,0.125,0.189189,1,1,0.9
0,435,-0.42782,-1.40353,-1.27818,0.142857,0.1,0.0747664,1,0.833333,1
0,436,-0.267596,-0.363593,-0.116443,0.2,0.166667,0.1875,0,0,0.1
0,436,-0.970585,0.734301,-0.969055,0.111111,0.25,0.0925926,1,0.666667,0.2
1,436,-1.25942,0.273928,-1.88086,0.1,0.2,0.0571429,1,0.666667,0.3
0,436,1.80016,-0.817169,1.03129,1,0.125,0.0744681,1,0.5,0.4
0,436,0.155374,-1.06146,-0.969055,0.25,0.111111,0.0588235,0,0,0.5
1,436,0.89553,-0.65619,0.418015,0.333333,0.142857,0.0943396,1,0.5,0.6
0,436,1.44919,-1.61175,-0.363812,0.5,0.1,0.109375,0,0,0.7
0,436,-0.358588,1.09842,1.40061,0.166667,0.5,0.146341,1,1,0.8
0,436,-0.545747,0.79198,0.418015,0.142857,0.333333,0.0869565,1,1,0.9
0,436,-0.898308,1.61153,1.03129,0.125,1,0.128205,1,0.666667,1
0,437,-0.507696,-1.11495,-1.15427,0.166667,0.1,0.14433,1,0.166667,0.1
0,437,-0.265599,0.174743,0.41571,0.2,0.25,0.178571,0,0,0.2
0,437,-0.685052,0.583004,0.0284733,0.111111,0.5,0.151899,1,0.166667,0.3
0,437,-0.656678,-0.461469,-0.960542,0.125,0.142857,0.142857,0,0,0.4
0,437,-0.633882,-0.525283,-0.960542,0.142857,0.125,0.139785,0,0,0.5
0,437,-0.825622,-0.208188,-0.921528,0.1,0.2,0.119565,0,0,0.6
1,437,1.64612,-0.905985,0.0284733,0.5,0.111111,0.218182,1,0,0.7
0,437,-0.184439,0.200298,0.903363,0.25,0.333333,0.171053,0,0,0.8
0,437,-0.108036,-0.36179,0.430602,0.333333,0.166667,0.191781,0,0,0.9
1,437,2.22088,2.61962,2.19026,1,1,0.3125,0,0,1
1,438,-0.413738,0.235576,0.430529,0.142857,0.5,0.128205,0,0,0.1
0,438,-0.348943,-0.686418,-0.861681,0.2,0.1,0.0804598,1,0,0.2
0,438,-0.593066,-0.0950999,-0.405697,0.1,0.333333,0.157895,0,0,0.3
0,438,0.0587438,-0.154603,1.08372,0.5,0.25,0.233333,0,0,0.4
0,438,-0.403377,-0.218591,-0.0533459,0.166667,0.2,0.0470588,0,0,0.5
0,438,0.0215306,-0.472765,0.191506,0.333333,0.142857,0.0980392,0,0,0.6
0,438,-0.540873,-0.48843,-1.10308,0.125,0.125,0.104478,1,0,0.7
0,438,-0.144449,-0.389458,0.171084,0.25,0.166667,0.115385,0,0,0.8
1,438,2.92574,2.89599,2.04802,1,1,0.5,1,0,0.9
0,438,-0.561565,-0.626197,-1.50105,0.111111,0.111111,0.0985915,0,0,1
0,439,-0.00704409,-0.703179,-0.510913,0.2,0.125,0.111111,0,0,0.1
0,439,-0.958065,1.0317,-0.0146034,0.125,0.333333,0.130435,0,0,0.2
1,439,0.455426,0.348042,0.423089,0.25,0.2,0.0631579,0,0.166667,0.3
0,439,-0.0208922,-0.654986,-0.524743,0.166667,0.142857,0.106383,0,0,0.4
0,439,-1.22058,-1.40088,-1.6338,0.111111,0.111111,0.037037,0,0,0.5
1,439,1.84286,0.677133,1.44825,1,0.25,0.0542636,1,0,0.6
0,439,-0.718664,-1.69911,-1.40457,0.142857,0.1,0.047619,0,0,0.7
0,439,1.16831,0.140567,0.698409,0.5,0.166667,0.0675676,0,0,0.8
0,439,-1.2607,1.19297,0.0872789,0.1,1,0.0285714,1,0,0.9
0,439,0.719348,1.06774,1.43159,0.333333,0.5,0.0694444,0,0.166667,1
0,440,-0.0916621,-0.0511635,0.165861,0.2,0.2,0.113924,0,0,0.1
1,440,0.726752,-0.326875,0.193345,0.333333,0.142857,0.163636,1,0.666667,0.2
0,440,1.48683,-0.573276,0.227774,0.5,0.125,0.142857,1,0.666667,0.3
0,440,0.154052,-0.11647,0.172727,0.25,0.166667,0.191489,1,0.666667,0.4
0,440,1.76623,1.28815,1.81846,1,0.5,0.121622,1,0.666667,0.5
1,440,-1.37067,-1.23919,-1.71062,0.1,0.111111,0.0714286,1,0,0.6
0,440,-0.84223,0.4006,-0.247324,0.125,0.25,0.163265,0,0,0.7
0,440,-0.926992,-1.69544,-1.71062,0.111111,0.1,0.0930233,1,0.666667,0.8
0,440,-0.0940878,0.590318,0.406506,0.166667,0.333333,0.115385,0,0,0.9
0,440,-0.808221,1.72335,0.683897,0.142857,1,0.150943,0,0,1
1,441,2.80305,2.30598,1.79799,1,1,0.341463,1,0,0.1
0,441,-0.735527,-0.710692,-1.3178,0.111111,0.111111,0.0895522,1,0.833333,0.2
0,441,0.313287,0.357972,1.1547,0.5,0.333333,0.16129,0,0.166667,0.3
0,441,-0.889565,-0.0288826,-0.947543,0.1,0.166667,0.0632911,1,0.833333,0.4
0,441,-0.0825653,0.242238,0.341257,0.25,0.2,0.109589,0,0.166667,0.5
1,441,-0.100151,-1.79436,-0.756483,0.2,0.1,0.107143,1,0,0.6
0,441,-0.281786,0.373533,0.563325,0.166667,0.5,0.12069,1,0.833333,0.7
0,441,0.0667818,0.269547,0.741572,0.333333,0.25,0.136364,1,0.833333,0.8
0,441,-0.463623,-0.653173,-0.78851,0.142857,0.125,0.114286,1,0.833333,0.9
0,441,-0.629902,-0.36217,-0.78851,0.125,0.142857,0.12069,1,0.833333,1
0,442,-0.158995,-0.817245,-0.568616,0.2,0.111111,0.0705882,0,0,0.1
0,442,-0.58071,-1.45853,-1.09782,0.142857,0.1,0.0819672,0,0,0.2
0,442,0.316635,0.638283,0.52162,0.25,0.25,0.113208,1,0.166667,0.3
0,442,-0.467403,0.39599,-0.0453831,0.166667,0.2,0.0943396,0,0,0.4
0,442,-0.620824,-0.736132,-0.584478,0.125,0.166667,0.113636,0,0,0.5
0,442,-0.988275,-0.789091,-0.933377,0.111111,0.142857,0.0735294,0,0,0.6
1,442,2.52752,0.828507,1.32896,1,0.333333,0.151515,0,0,0.7
0,442,-1.01497,-0.790719,-1.27216,0.1,0.125,0.0657895,0,0,0.8
1,442,0.653205,1.83395,1.5323,0.5,1,0.1875,1,0.333333,0.9
0,442,0.333816,0.894987,1.11895,0.333333,0.5,0.115385,1,0.166667,1
0,443,-0.00942922,-0.0711286,-0.0451743,0.2,0.166667,0.0941176,1,0,0.1
0,443,-0.796348,-1.49574,-1.4348,0.111111,0.1,0.0588235,1,0.166667,0.2
0,443,-1.80589,-1.07944,-1.2663,0.1,0.125,0.108108,0,0,0.3
0,443,-0.434584,0.139951,-0.0339139,0.142857,0.25,0.0645161,0,0,0.4
1,443,1.74901,1.41754,1.7343,1,1,0.15,1,0,0.5
0,443,-0.41749,0.135108,-0.0451743,0.166667,0.2,0.0967742,0,0,0.6
0,443,-0.599126,-1.23926,-1.10261,0.125,0.111111,0.0714286,0,0,0.7
1,443,1.37032,1.14681,1.1138,0.5,0.333333,0.219512,0,0,0.8
0,443,0.457162,1.28042,0.917713,0.25,0.5,0.0882353,0,0,0.9
0,443,0.48638,-0.234268,0.16217,0.333333,0.142857,0.155556,1,0.166667,1
0,444,-0.502682,0.325033,-0.0419568,0.142857,0.25,0.0547945,0,0,0.1
0,444,-0.270196,0.0901552,-0.0558876,0.166667,0.2,0.0705882,1,0.166667,0.2
0,444,-1.03909,-1.07874,-1.56661,0.1,0.125,0.0697674,0,0,0.3
1,444,-0.168803,-1.18165,-0.700229,0.2,0.111111,0.0735294,0,0,0.4
1,444,2.6454,1.45136,1.88698,1,0.5,0.114943,1,0.333333,0.5
0,444,-0.04423,-0.0590959,0.421822,0.333333,0.166667,0.0571429,1,0.333333,0.6
0,444,0.805904,0.799321,1.37794,0.5,0.333333,0.0833333,0,0,0.7
0,444,-0.100369,-1.22661,-0.667613,0.25,0.1,0.0387597,0,0,0.8
0,444,-0.780025,1.59887,0.286515,0.111111,1,0.0677966,1,0.333333,0.9
0,444,-0.545905,-0.718647,-0.940955,0.125,0.142857,0.0666667,1,0.166667,1
0,445,2.06163,0.629332,1.16864,1,0.25,0.264706,0,0,0.1
0,445,-0.543741,1.24924,0.563565,0.166667,0.5,0.130435,1,0.166667,0.2
1,445,1.1379,0.813393,1.15519,0.5,0.333333,0.09375,1,0.333333,0.3
1,445,0.128906,-0.87927,-0.215156,0.25,0.125,0.162162,1,0.166667,0.4
0,445,-0.254987,0.491199,0.144288,0.2,0.2,0.114754,1,0,0.5
0,445,-0.937009,-0.176875,-0.778175,0.111111,0.166667,0.114754,0,0,0.6
0,445,-0.657224,-0.74695,-0.608865,0.142857,0.142857,0.0769231,1,0.333333,0.7
0,445,-1.19338,-1.64738,-1.6579,0.1,0.1,0.0472441,0,0,0.8
0,445,0.938343,1.36422,1.37201,0.333333,1,0.222222,0,0,0.9
0,445,-0.680443,-1.0969,-1.14359,0.125,0.111111,0.0631579,1,0.333333,1
0,446,-0.21109,1.53516,1.35115,0.2,1,0.314286,1,0.333333,0.1
0,446,-0.207951,-0.480634,-0.0489189,0.25,0.142857,0.120879,0,0,0.2
0,446,0.769072,0.774919,1.31462,0.333333,0.333333,0.151163,1,0.166667,0.3
1,446,1.80148,-1.98466,0.0979477,1,0.1,0.0701754,0,0,0.4
1,446,1.61367,0.3737,1.04961,0.5,0.2,0.202899,0,0,0.5
0,446,-1.255,-0.488698,-1.82657,0.1,0.125,0.132353,0,0,0.6
0,446,-1.02908,0.969838,0.0325211,0.111111,0.5,0.227273,0,0,0.7
0,446,-0.696002,0.40551,-0.299229,0.125,0.25,0.13253,0,0.166667,0.8
0,446,-0.242829,0.0714213,-0.330992,0.166667,0.166667,0.174603,0,0,0.9
0,446,-0.542269,-1.17656,-1.34015,0.142857,0.111111,0.13253,0,0,1
0,447,-0.26528,-0.190599,0.89896,0.333333,0.333333,0.146341,0,0,0.1
0,447,-0.387521,-0.300367,0.142901,0.25,0.166667,0.0724638,0,0,0.2
0,447,-0.637952,-0.735022,-1.41524,0.1,0.111111,0.0535714,1,0.5,0.3
0,447,-0.435767,-0.28702,0.32468,0.2,0.25,0.0769231,0,0,0.4
0,447,-0.480561,-0.578015,-0.573855,0.166667,0.125,0.0930233,1,0.5,0.5
0,447,-0.631975,-0.292857,-0.558281,0.111111,0.2,0.0526316,1,0.5,0.6
0,447,-0.583034,-0.936786,-1.24903,0.125,0.1,0.0701754,1,0.5,0.7
1,447,2.04455,1.78815,1.50445,1,0.5,0.25,1,0.166667,0.8
0,447,-0.552868,-0.571949,-0.579042,0.142857,0.142857,0.0833333,0,0,0.9
1,447,1.9304,2.10447,1.50445,0.5,1,0.26,1,0.166667,1
0,448,0.369713,-1.16501,-0.557682,0.333333,0.1,0.121212,0,0,0.1
0,448,-0.140426,-0.77733,-0.363559,0.2,0.142857,0.1875,1,0.833333,0.2
1,448,2.59147,-0.78951,0.649466,1,0.125,0.0851064,1,0,0.3
0,448,-0.861831,0.315382,-0.29197,0.111111,0.333333,0.0851064,1,0.5,0.4
0,448,-0.640958,-0.223379,-0.64525,0.125,0.2,0.12,1,0.833333,0.5
0,448,-0.416263,1.9658,1.22139,0.166667,1,0.0891089,1,0.666667,0.6
1,448,-0.978791,-0.271938,-1.48365,0.1,0.166667,0.0879121,0,0,0.7
0,448,-0.584182,0.129722,-0.0550519,0.142857,0.25,0.0733945,0,0,0.8
0,448,-0.0455843,-0.812023,-0.61027,0.25,0.111111,0.266667,1,0.666667,0.9
0,448,0.706854,1.62828,2.13658,0.5,0.5,0.147541,1,0.833333,1
0,449,0.490067,0.0905271,0.588128,0.333333,0.2,0.123967,0,0.166667,0.1
1,449,0.632475,-0.274414,0.408222,0.5,0.142857,0.20339,0,0,0.2
0,449,-1.11489,-0.941548,-1.41788,0.1,0.125,0.0860215,0,0,0.3
1,449,2.54128,2.04064,1.9419,1,1,0.413043,0,0.166667,0.4
0,449,-0.503332,-1.11666,-0.840104,0.166667,0.111111,0.148649,1,0,0.5
0,449,-0.437728,-0.190986,-0.0505819,0.2,0.166667,0.130435,0,0,0.6
0,449,-0.568424,0.926297,0.213917,0.125,0.5,0.227273,1,0.166667,0.7
0,449,-0.745302,-1.45237,-1.60656,0.111111,0.1,0.0980392,0,0.166667,0.8
0,449,-0.529134,0.770028,0.181583,0.142857,0.333333,0.129032,1,0.166667,0.9
0,449,0.234983,0.148484,0.581372,0.25,0.25,0.178082,1,0.166667,1
0,450,-0.435094,1.11507,1.01003,0.25,0.5,0.0943396,1,0,0.1
0,450,-0.602638,-0.859626,-1.02808,0.125,0.125,0.046729,1,0,0.2
0,450,-0.513803,0.607455,0.159451,0.166667,0.25,0.0413223,0,0,0.3
0,450,-0.438343,-1.63017,-0.80309,0.2,0.1,0.119048,0,0,0.4
0,450,-0.768682,-0.42023,-1.00592,0.1,0.166667,0.0298507,0,0,0.5
0,450,1.06298,1.67709,1.67869,0.5,1,0.0581395,1,0.166667,0.6
0,450,-0.734039,-0.983443,-1.39898,0.111111,0.111111,0.0384615,0,0,0.7
0,450,-0.547874,0.123203,-0.246495,0.142857,0.2,0.0352113,0,0,0.8
1,450,2.48847,-0.504225,0.63133,1,0.142857,0.0789474,1,0.333333,0.9
1,450,0.489029,0.874875,1.00307,0.333333,0.333333,0.162162,1,0.166667,1
1,451,0.21741,1.51874,1.89893,0.333333,1,0.122222,1,1.33333,0.1
0,451,-0.424784,1.269,0.52335,0.142857,0.5,0.163636,1,1.33333,0.2
0,451,-0.321044,-0.248491,-0.570602,0.2,0.125,0.0645161,1,1.33333,0.3
0,451,0.490648,0.246468,1.04455,0.5,0.2,0.0917431,1,1.33333,0.4
1,451,2.76866,-0.17059,0.823433,1,0.142857,0.1875,1,0,0.5
0,451,-0.695672,0.31652,-0.0163095,0.125,0.333333,0.119403,1,1.33333,0.6
0,451,-0.16324,-1.11625,-0.539669,0.25,0.111111,0.136364,1,1.33333,0.7
0,451,-0.386955,-2.12119,-1.31201,0.166667,0.1,0.0873786,1,1.33333,0.8
0,451,-0.740223,0.292623,-0.539669,0.111111,0.25,0.145455,1,1.33333,0.9
0,451,-0.744802,0.0131681,-1.31201,0.1,0.166667,0.148148,1,1.33333,1
0,452,-1.15493,-0.388492,-1.19873,0.111111,0.142857,0.0892857,1,0,0.1
0,452,-0.578246,-0.0242541,-0.288967,0.142857,0.2,0.139535,0,0,0.2
0,452,-0.351123,1.76121,1.20857,0.2,1,0.129032,0,0,0.3
0,452,-0.632403,0.95489,-0.0146592,0.125,0.333333,0.109091,0,0,0.4
0,452,-1.17205,-0.324922,-1.17924,0.1,0.166667,0.0961538,0,0,0.5
1,452,2.11986,-0.604592,0.516214,1,0.125,0.136842,0,0,0.6
0,452,0.285362,-1.29363,-0.48506,0.25,0.111111,0.0943396,0,0,0.7
0,452,0.837597,0.188175,0.922908,0.333333,0.25,0.101266,1,0,0.8
0,452,-0.366029,-1.47934,-1.17924,0.166667,0.1,0.0840336,0,0,0.9
1,452,1.01197,1.21094,1.69821,0.5,0.5,0.2,0,0,1
0,453,-0.144979,0.3883,1.00746,0.25,0.25,0.0582524,0,0,0.1
0,453,-0.578453,0.12877,-0.434567,0.142857,0.2,0.0394737,1,0.5,0.2
0,453,1.34016,0.956046,2.16114,0.5,0.333333,0.0945946,0,0,0.3
1,453,-0.996619,0.0528665,-1.45582,0.111111,0.166667,0.0980392,1,0.5,0.4
1,453,2.15416,-1.79263,0.131757,1,0.1,0.192308,0,0,0.5
0,453,-1.11257,1.49318,0.131757,0.1,1,0.0568182,0,0.166667,0.6
0,453,-0.786982,1.11043,0.370697,0.125,0.5,0.047619,1,0.666667,0.7
0,453,-0.164083,-1.24301,-1.09823,0.2,0.111111,0.113636,0,0,0.8
0,453,0.524648,-0.76629,-0.0220454,0.333333,0.125,0.0777778,0,0,0.9
0,453,-0.235277,-0.327663,-0.792155,0.166667,0.142857,0.0821918,1,0.5,1
0,454,-1.05787,-0.35712,-0.915051,0.111111,0.142857,0.05,1,0.333333,0.1
1,454,1.30891,0.226924,0.903855,0.5,0.25,0.09375,1,0,0.2
0,454,-0.525643,-0.295408,-0.220583,0.142857,0.2,0.060241,0,0,0.3
0,454,0.615371,1.14074,0.903855,0.25,0.5,0.0735294,0,0,0.4
0,454,-1.16245,-0.548255,-1.41314,0.1,0.111111,0.0535714,0,0,0.5
0,454,-0.507039,-0.32908,-0.226001,0.166667,0.166667,0.0512821,0,0,0.6
1,454,1.58161,2.0395,1.70811,1,1,0.28,1,0.333333,0.7
0,454,-0.306802,-0.410306,-0.391494,0.2,0.125,0.0549451,0,0,0.8
0,454,1.10102,0.410963,0.897625,0.333333,0.333333,0.078125,0,0,0.9
0,454,-1.0471,-1.87796,-1.24718,0.125,0.1,0.0645161,1,0.333333,1
0,455,0.4585,0.956902,0.705826,0.25,0.333333,0.150943,1,0.5,0.1
0,455,-0.91436,-0.79563,-0.750502,0.125,0.142857,0.111111,0,0,0.2
0,455,-1.47069,-0.889301,-1.24952,0.1,0.125,0.0693069,0,0.166667,0.3
0,455,-0.379227,-0.523429,-0.226426,0.166667,0.166667,0.113924,0,0.166667,0.4
0,455,0.102974,0.75058,0.324807,0.2,0.25,0.122807,1,0.5,0.5
0,455,1.05334,1.33172,1.30532,0.333333,1,0.285714,1,0.5,0.6
1,455,1.39452,0.502654,0.718021,0.5,0.2,0.131579,1,0.166667,0.7
0,455,-1.11261,-1.18573,-1.25427,0.111111,0.111111,0.0892857,0,0,0.8
1,455,1.42573,1.22613,1.50504,1,0.5,0.195122,1,0.666667,0.9
0,455,-0.558176,-1.3739,-1.07829,0.142857,0.1,0.115942,0,0,1
1,456,-0.177221,0.174014,0.134827,0.2,0.2,0.0363636,1,0,0.1
0,456,-0.363439,0.778058,0.140408,0.166667,0.25,0.0677966,1,0.333333,0.2
0,456,-0.37022,-0.935195,-0.737122,0.142857,0.125,0.0537634,0,0,0.3
0,456,2.90665,1.68067,1.68081,1,1,0.0675676,0,0,0.4
1,456,0.130656,0.981687,1.27561,0.5,0.5,0.119048,1,0.333333,0.5
0,456,-0.692552,-1.61053,-1.39055,0.111111,0.1,0.0689655,0,0.166667,0.6
0,456,-0.732535,-0.985709,-1.39055,0.1,0.111111,0.0597015,0,0.166667,0.7
0,456,-0.135544,0.837425,0.883279,0.333333,0.333333,0.0310559,0,0,0.8
0,456,-0.42271,-0.385677,-0.563845,0.125,0.166667,0.0379747,1,0.333333,0.9
0,456,-0.143084,-0.534736,-0.032868,0.25,0.142857,0.0555556,0,0,1
0,457,-0.977502,-1.1147,-1.50585,0.111111,0.111111,0.0625,1,0,0.1
0,457,0.139827,0.674044,0.622251,0.2,0.333333,0.084507,0,0,0.2
1,457,0.349841,0.441702,0.389956,0.25,0.2,0.104167,0,0,0.3
0,457,0.398855,1.59946,1.56713,0.333333,1,0.0810811,0,0.166667,0.4
0,457,0.0930407,0.804794,0.643715,0.166667,0.5,0.0594059,0,0.166667,0.5
0,457,-0.966036,-0.542028,-1.10661,0.125,0.125,0.056338,0,0.166667,0.6
1,457,2.38636,-2.04852,0.0804439,1,0.1,0.0816327,0,0.166667,0.7
0,457,-1.02914,-0.311861,-1.29457,0.1,0.142857,0.0615385,0,0,0.8
0,457,0.498656,0.557601,1.08719,0.5,0.25,0.0757576,0,0,0.9
0,457,-0.893908,-0.0604907,-0.483649,0.142857,0.166667,0.05,0,0,1
0,458,1.39569,2.52377,1.48512,0.5,1,0.0980392,1,1,0.1
0,458,-0.7748,-0.870474,-1.39705,0.111111,0.1,0.0615385,1,1,0.2
0,458,-0.775831,-0.780901,-1.39705,0.1,0.111111,0.0727273,1,1,0.3
0,458,-0.749487,-0.594026,-0.223429,0.166667,0.166667,0.0833333,1,1,0.4
0,458,0.0606286,-0.340989,0.320508,0.25,0.2,0.0746269,1,1,0.5
0,458,-0.751703,-0.644847,-0.740569,0.125,0.142857,0.0833333,1,1,0.6
0,458,-0.750094,-0.763561,-0.740569,0.142857,0.125,0.0851064,1,1,0.7
1,458,0.457401,0.665338,1.08449,0.333333,0.5,0.178571,1,0,0.8
0,458,-0.313849,0.520786,0.511434,0.2,0.333333,0.057971,0,0,0.9
1,458,2.20204,0.284906,1.09711,1,0.25,0.043956,1,0,1
0,459,-1.8956,1.65462,0.107099,0.1,1,0.0879121,1,1,0.1
0,459,0.430048,-0.1395,-0.643906,0.166667,0.142857,0.164179,1,1,0.2
0,459,-1.02075,-0.0586571,-1.18337,0.111111,0.166667,0.173913,0,0.5,0.3
0,459,0.573904,1.09745,1.14768,0.2,0.5,0.22449,1,1.16667,0.4
1,459,0.894625,-1.81266,-0.22261,0.5,0.1,0.121212,1,1,0.5
0,459,0.59159,0.630022,1.12818,0.25,0.333333,0.23913,1,0.333333,0.6
0,459,-0.966423,-0.738727,-1.47329,0.125,0.125,0.108911,1,1,0.7
0,459,-0.705281,0.211862,-0.35324,0.142857,0.2,0.107843,1,1.16667,0.8
0,459,0.86436,-1.2604,-0.283683,0.333333,0.111111,0.112903,1,0.333333,0.9
1,459,1.23353,0.415985,1.77714,1,0.25,0.193548,1,1.5,1
0,460,-0.381182,-1.05381,-0.196984,0.333333,0.111111,0.097561,0,0,0.1
0,460,-0.409375,-0.95038,-0.832976,0.142857,0.125,0.0625,0,0.166667,0.2
1,460,2.69599,1.0981,1.67044,1,0.5,0.137931,1,0,0.3
0,460,0.9575,2.24668,1.67044,0.5,1,0.0961538,0,0,0.4
1,460,-0.811514,0.0324743,-1.00098,0.1,0.166667,0.0909091,1,0,0.5
0,460,-0.386871,0.0429748,0.360501,0.25,0.2,0.0714286,0,0.166667,0.6
0,460,-0.422316,0.20995,-0.0124431,0.125,0.333333,0.0666667,0,0.166667,0.7
0,460,-0.398503,-0.737437,-0.245283,0.2,0.142857,0.057971,1,0,0.8
0,460,-0.404604,0.166989,0.158667,0.166667,0.25,0.0714286,0,0.166667,0.9
0,460,-0.43913,-1.05554,-1.57138,0.111111,0.1,0.0571429,0,0,1
0,461,-0.442191,0.0265799,-0.016094,0.125,0.333333,0.139241,1,1.33333,0.1
0,461,-0.024337,-0.820685,-0.254781,0.333333,0.111111,0.13,1,1.33333,0.2
0,461,-0.438743,-0.0262772,-0.317251,0.142857,0.2,0.152778,1,1.33333,0.3
0,461,-0.434265,0.0659509,0.769696,0.166667,0.5,0.152778,1,1.33333,0.4
1,461,2.92643,2.73136,2.45667,1,1,0.261905,0,0,0.5
0,461,-0.430879,-0.0914698,0.205221,0.25,0.166667,0.152778,1,1.33333,0.6
0,461,-0.486139,0.00853764,-0.764406,0.1,0.25,0.131579,1,1.33333,0.7
1,461,0.214147,-1.25144,-0.199931,0.5,0.1,0.158537,1,1.33333,0.8
0,461,-0.452703,-0.520568,-1.56188,0.111111,0.125,0.134146,1,1.33333,0.9
0,461,-0.431316,-0.121985,-0.317251,0.2,0.142857,0.152778,1,1.33333,1
0,462,-0.705624,-1.15525,-1.07012,0.125,0.111111,0.0806452,0,0,0.1
0,462,-0.581843,-0.423019,-0.738163,0.142857,0.125,0.0925926,0,0,0.2
0,462,1.68767,1.19557,1.27742,0.5,0.5,0.0895522,0,0.166667,0.3
1,462,-0.760101,-0.402579,-0.901699,0.111111,0.142857,0.0540541,0,0.166667,0.4
0,462,-0.94343,-1.72392,-1.55138,0.1,0.1,0.0769231,0,0.166667,0.5
1,462,0.643781,-0.328646,0.330912,0.333333,0.166667,0.0649351,0,0.166667,0.6
0,462,1.95232,1.79584,1.68318,1,1,0.179487,0,0,0.7
0,462,-0.495729,0.731099,0.509772,0.2,0.333333,0.0543478,0,0,0.8
0,462,-0.569007,0.0954606,-0.0438429,0.166667,0.2,0.138889,0,0,0.9
0,462,-0.228032,0.215431,0.503917,0.25,0.25,0.109091,0,0,1
0,463,-0.593998,1.8092,0.912345,0.166667,1,0.111111,1,0.666667,0.1
0,463,-0.125791,-0.340322,0.399134,0.25,0.2,0.104167,1,0.833333,0.2
0,463,-0.681013,0.776167,-0.0137766,0.125,0.333333,0.0740741,0,0,0.3
0,463,1.02689,-0.451687,0.442073,0.5,0.142857,0.0537634,1,0.666667,0.4
1,463,2.57483,1.06319,1.84945,1,0.5,0.117647,1,0,0.5
1,463,0.0268413,-1.52426,-0.416575,0.333333,0.1,0.0722892,1,0.666667,0.6
0,463,-0.671158,-0.36967,-0.495033,0.142857,0.166667,0.0615385,0,0,0.7
0,463,-0.698206,-0.595484,-1.33698,0.111111,0.125,0.0677966,0,0.166667,0.8
0,463,-0.132351,0.763047,0.399134,0.2,0.25,0.0943396,0,0,0.9
0,463,-0.726044,-1.13018,-1.73978,0.1,0.111111,0.0454545,1,0.666667,1
0,464,-0.895298,-1.40176,-1.66074,0.111111,0.1,0.0746269,0,0,0.1
0,464,-0.458007,-0.549164,-0.673404,0.166667,0.125,0.0673077,1,0,0.2
0,464,1.39846,-0.357095,0.628936,0.5,0.166667,0.114754,1,0,0.3
0,464,-0.954038,-1.3471,-1.66074,0.1,0.111111,0.0606061,0,0,0.4
0,464,-0.653169,1.47975,0.463097,0.125,1,0.0268817,1,0.166667,0.5
0,464,-0.376581,-0.407329,-0.259233,0.2,0.142857,0.142857,0,0,0.6
0,464,-0.649111,1.29377,0.421991,0.142857,0.5,0.0531915,0,0,0.7
0,464,-0.341841,-0.266097,0.381003,0.25,0.2,0.148936,0,0,0.8
1,464,2.06684,1.26843,1.53115,1,0.333333,0.204545,1,0,0.9
1,464,0.862748,0.286596,0.827944,0.333333,0.25,0.102273,1,0.166667,1
0,465,-0.480354,0.0946655,-0.362135,0.142857,0.2,0.0526316,0,0.166667,0.1
0,465,-0.0231216,-1.26053,-0.91518,0.2,0.111111,0.05,0,0,0.2
0,465,-1.12738,1.19562,-0.228216,0.1,0.5,0.0555556,1,0.333333,0.3
0,465,-0.445283,1.17242,0.551309,0.166667,0.333333,0.0606061,1,0.333333,0.4
0,465,-1.11868,-0.614747,-1.50226,0.111111,0.142857,0.0909091,0,0,0.5
0,465,0.154898,1.51851,1.82189,0.25,1,0.0892857,0,0,0.6
1,465,-0.674552,-0.448168,-0.940711,0.125,0.166667,0.0634921,1,0.333333,0.7
1,465,2.29392,-1.36208,0.109796,1,0.1,0.0657895,0,0,0.8
0,465,1.09626,0.490283,1.48388,0.5,0.25,0.0909091,1,0,0.9
0,465,0.3243,-0.785968,-0.018371,0.333333,0.125,0.0833333,0,0.166667,1
1,466,3,2.29134,1.63145,1,1,0.04,0,0,0.1
1,466,-0.333333,1.66985,1.23816,0.5,0.5,0,1,0,0.2
0,466,-0.333333,-0.495148,0.857342,0.333333,0.333333,0,0,0,0.3
0,466,-0.333333,-0.495148,0.488429,0.25,0.25,0,0,0,0.4
0,466,-0.333333,-0.495148,0.130868,0.2,0.2,0,0,0,0.5
0,466,-0.333333,-0.495148,-0.215859,0.166667,0.166667,0,0,0,0.6
0,466,-0.333333,-0.495148,-0.552235,0.142857,0.142857,0,0,0,0.7
0,466,-0.333333,-0.495148,-0.878718,0.125,0.125,0,0,0,0.8
0,466,-0.333333,-0.495148,-1.19574,0.111111,0.111111,0,0,0,0.9
0,466,-0.333333,-0.495148,-1.5037,0.1,0.1,0,0,0,1
0,467,-0.122879,0.450847,0.85911,0.2,0.333333,0.0892857,1,1.5,0.1
0,467,-1.14788,0.986194,-0.230853,0.1,0.5,0.0625,1,1.5,0.2
0,467,-0.00105423,1.68978,1.84294,0.25,1,0.101695,1,1.5,0.3
0,467,0.151311,-2.24967,-0.561917,0.333333,0.1,0.0434783,1,1.5,0.4
0,467,-0.591071,0.314564,-0.339301,0.125,0.25,0.0694444,1,1.5,0.5
0,467,-0.148449,-0.0596686,-0.375317,0.166667,0.166667,0.0714286,1,1.5,0.6
1,467,0.352028,-0.166798,0.596311,0.5,0.142857,0.0568182,1,1.5,0.7
0,467,-0.709303,-0.609089,-2.07905,0.111111,0.111111,0.0735294,1,1.5,0.8
1,467,2.7192,-0.592224,0.654398,1,0.125,0.131579,1,1.5,0.9
0,467,-0.501904,0.236075,-0.36632,0.142857,0.2,0.0735294,1,1.5,1
0,468,-0.741436,-0.519596,-0.807494,0.125,0.142857,0.105263,0,0,0.1
0,468,1.43247,1.52154,1.61934,1,0.5,0.169811,0,0.5,0.2
0,468,-1.18273,-0.144634,-0.600912,0.111111,0.2,0.115385,1,0,0.3
0,468,-0.583364,-1.02081,-0.98639,0.142857,0.111111,0.106061,1,0.166667,0.4
0,468,-0.466829,0.230577,0.153813,0.166667,0.25,0.122807,0,0.333333,0.5
0,468,-0.424624,-1.40196,-0.774696,0.2,0.1,0.132075,1,0.166667,0.6
1,468,1.36054,0.889197,1.1825,0.5,0.333333,0.195652,0,0.333333,0.7
1,468,0.800127,1.59313,1.19626,0.25,1,0.09375,1,0,0.8
0,468,1.07569,-0.157638,0.361993,0.333333,0.166667,0.142857,0,0,0.9
0,468,-1.26984,-0.989802,-1.34441,0.1,0.125,0.0704225,1,0.166667,1
0,469,0.333827,-0.892798,-0.220439,0.333333,0.111111,0.127273,0,0,0.1
0,469,-0.12853,1.41734,1.12474,0.25,0.5,0.21875,1,0.5,0.2
0,469,-0.193209,-0.165484,0.170501,0.2,0.2,0.0945946,1,0.666667,0.3
0,469,-0.974496,-0.860725,-1.35135,0.111111,0.125,0.122449,1,0.5,0.4
0,469,-1.00702,-0.761527,-1.33929,0.1,0.142857,0.130435,0,0,0.5
0,469,-0.90402,0.112123,-0.254244,0.125,0.25,0.139535,1,0.5,0.6
1,469,2.27152,2.04067,2.12554,1,1,0.183333,0,0,0.7
0,469,1.28346,-1.10669,-0.172982,0.5,0.1,0.101266,1,0.166667,0.8
1,469,-0.255867,0.567172,0.417878,0.166667,0.333333,0.114754,0,0,0.9
0,469,-0.425664,-0.350076,-0.500355,0.142857,0.166667,0.108108,0,0,1
0,470,-0.813674,1.19271,-0.228791,0.1,0.5,0.0769231,0,0,0.1
0,470,-0.552978,0.972411,-0.0184172,0.125,0.333333,0.102564,0,0,0.2
1,470,0.11669,-0.794912,0.0365468,0.5,0.111111,0.121212,1,0,0.3
1,470,2.8525,1.68501,2.8113,1,1,0.189189,1,0,0.4
0,470,0.0421638,-0.663941,-0.33627,0.25,0.125,0.0833333,0,0,0.5
0,470,-0.504398,0.0239385,-0.0732275,0.166667,0.2,0.0727273,0,0,0.6
0,470,-0.0854586,-0.629969,-0.363047,0.2,0.142857,0.060241,0,0,0.7
0,470,-0.56093,-0.0831697,-1.21622,0.111111,0.166667,0.0909091,0,0,0.8
0,470,-0.548348,0.115146,-0.0549744,0.142857,0.25,0.1,0,0,0.9
0,470,0.0544362,-1.81722,-0.556897,0.333333,0.1,0.0547945,0,0,1
0,471,-0.470038,-0.193833,-0.0375234,0.142857,0.25,0.0795455,0,0,0.1
1,471,0.40269,0.51291,1.23234,0.5,0.333333,0.153846,0,0,0.2
0,471,-0.41423,-0.828295,-0.626239,0.2,0.111111,0.0654206,0,0,0.3
0,471,-0.446703,-0.441191,-0.451708,0.166667,0.142857,0.0714286,0,0,0.4
0,471,-0.518713,0.854365,0.0249454,0.111111,0.5,0.0769231,0,0,0.5
0,471,-0.362768,-0.31533,0.364202,0.25,0.2,0.0853659,0,0,0.6
0,471,-0.73127,-0.460822,-1.40107,0.1,0.125,0.0684932,0,0,0.7
0,471,-0.498546,-1.21436,-1.40107,0.125,0.1,0.0608696,0,0,0.8
1,471,2.83171,2.47948,1.91888,1,1,0.20339,1,0,0.9
0,471,0.207865,-0.392932,0.37725,0.333333,0.166667,0.0761905,0,0,1
0,472,-0.197904,-0.860109,-0.201107,0.25,0.125,0.0727273,0,0.5,0.1
0,472,-0.445461,0.158141,0.31911,0.2,0.25,0.0833333,0,0.5,0.2
1,472,-0.893328,-1.34504,-1.23228,0.111111,0.111111,0.0555556,1,0,0.3
1,472,1.41965,0.935188,1.27599,0.5,0.5,0.107143,1,0.166667,0.4
0,472,-0.467394,0.0809838,-0.043794,0.166667,0.2,0.0674157,0,0,0.5
0,472,-1.02503,-1.58187,-1.54965,0.1,0.1,0.0540541,0,0.5,0.6
0,472,-0.826824,-0.159494,-0.737339,0.125,0.142857,0.0816327,0,0,0.7
0,472,-0.480154,0.0797171,-0.395782,0.142857,0.166667,0.1,0,0.5,0.8
0,472,0.951857,0.906863,0.88354,0.333333,0.333333,0.0480769,1,0.166667,0.9
0,472,1.96459,1.78562,1.68131,1,1,0.0869565,0,0,1
0,473,-1.13572,-1.37583,-1.60957,0.1,0.1,0.043956,1,0.5,0.1
0,473,-0.136639,0.301264,0.33145,0.2,0.25,0.192308,1,0.666667,0.2
0,473,0.487391,0.0882596,0.528894,0.333333,0.2,0.0606061,0,0,0.3
0,473,-0.140057,-0.106239,-0.231057,0.166667,0.166667,0.185185,1,0.666667,0.4
0,473,-0.481517,0.746429,0.367107,0.142857,0.5,0.116279,0,0,0.5
0,473,-0.118076,-0.4454,-0.034149,0.25,0.142857,0.172414,0,0.333333,0.6
0,473,-0.527776,-0.756286,-0.940587,0.125,0.125,0.0684932,0,0,0.7
0,473,-1.02925,-1.08752,-1.27993,0.111111,0.111111,0.105263,1,0.5,0.8
1,473,2.56608,2.3213,1.74632,1,1,0.105263,1,0.166667,0.9
1,473,0.515563,0.314024,1.12152,0.5,0.333333,0.1,1,0.166667,1
1,474,1.04293,0.459345,1.07599,0.5,0.333333,0.103448,0,0.333333,0.1
0,474,-0.0614263,0.342264,0.501595,0.25,0.25,0.0961538,1,0.5,0.2
0,474,-0.619528,0.232,-0.216362,0.142857,0.2,0.0649351,0,0.5,0.3
0,474,-0.829864,-0.420177,-0.734762,0.125,0.142857,0.0862069,0,0,0.4
0,474,-0.179085,-0.545244,-0.384004,0.2,0.125,0.075,0,0,0.5
0,474,0.389144,0.775496,1.07599,0.333333,0.5,0.118644,1,0.833333,0.6
1,474,2.39896,2.12432,1.67543,1,1,0.195122,0,0.5,0.7
0,474,-1.02819,-0.909489,-1.3861,0.1,0.111111,0.0655738,0,0,0.8
0,474,-0.224001,-0.29301,-0.221677,0.166667,0.166667,0.16129,1,0.5,0.9
0,474,-0.888933,-1.76551,-1.3861,0.111111,0.1,0.0657895,1,0.5,1
0,475,0.0119774,0.239913,0.793093,0.333333,0.25,0.170732,0,0,0.1
0,475,-0.678425,1.2578,-0.156491,0.1,0.5,0.131579,1,0.166667,0.2
0,475,-0.65023,-0.135693,-0.831885,0.111111,0.166667,0.046875,1,0.166667,0.3
0,475,-0.384119,-0.660279,-0.645058,0.166667,0.125,0.0694444,0,0,0.4
1,475,0.159732,1.27282,1.69112,0.5,1,0.169811,0,0.166667,0.5
1,475,2.87546,1.08652,1.4667,1,0.333333,0.151515,0,0.166667,0.6
0,475,-0.542415,-0.868947,-1.03012,0.142857,0.111111,0.0909091,1,0.166667,0.7
0,475,-0.602729,-2.07162,-1.40401,0.125,0.1,0.0704225,1,0.166667,0.8
0,475,-0.0889396,0.100231,0.364966,0.25,0.2,0.195122,0,0,0.9
0,475,-0.10031,-0.220738,-0.248321,0.2,0.142857,0.216216,0,0,1
0,476,-1.1284,-0.715449,-1.04792,0.111111,0.142857,0.0722892,1,0.333333,0.1
0,476,-0.53339,1.8328,0.848655,0.166667,1,0.0860215,0,0,0.2
1,476,-0.701688,-1.05631,-1.04792,0.142857,0.111111,0.233333,1,0.333333,0.3
0,476,-1.23811,-0.431649,-1.03088,0.1,0.166667,0.0777778,0,0,0.4
1,476,1.72248,1.25428,1.72034,1,0.5,0.114583,0,0,0.5
0,476,-0.811138,-0.0494173,-0.448339,0.125,0.2,0.102941,0,0,0.6
0,476,0.202734,-0.9505,-0.233979,0.25,0.125,0.109756,1,0.333333,0.7
0,476,1.21661,0.661183,1.03509,0.5,0.25,0.0990991,0,0,0.8
0,476,0.154198,-1.21111,-0.823018,0.2,0.1,0.0917431,0,0,0.9
0,476,1.1167,0.666175,1.02796,0.333333,0.333333,0.113636,0,0,1
0,477,-0.391506,0.55963,0.196497,0.142857,0.333333,0.0746269,0,0,0.1
1,477,2.4477,2.34859,2.10139,1,1,0.4,1,0.166667,0.2
0,477,0.259228,-0.854589,-0.0137665,0.333333,0.125,0.172414,1,0.166667,0.3
0,477,-0.611034,-1.39051,-1.53434,0.125,0.1,0.0574713,0,0,0.4
0,477,0.00299631,0.0464347,0.398843,0.25,0.2,0.0694444,0,0,0.5
0,477,-1.00576,-0.455307,-1.12574,0.111111,0.142857,0.0701754,1,0.166667,0.6
0,477,-0.239337,-0.873295,-0.685803,0.2,0.111111,0.036036,1,0.166667,0.7
0,477,-0.373133,0.705923,0.658384,0.166667,0.5,0.0833333,0,0,0.8
0,477,-1.09407,0.0848124,-0.653859,0.1,0.25,0.031746,1,0.166667,0.9
1,477,1.00492,-0.171692,0.658384,0.5,0.166667,0.25,1,0.166667,1
1,478,0.183928,-1.43472,-1.0137,0.2,0.1,0.128205,1,0,0.1
0,478,0.405137,0.368534,0.201266,0.25,0.166667,0.060241,0,0,0.2
0,478,-0.0673947,0.65707,0.473672,0.166667,0.333333,0.113636,1,0.5,0.3
0,478,-1.15753,1.61997,0.321734,0.111111,1,0.0675676,1,0.5,0.4
0,478,-0.885572,0.553977,-0.552213,0.125,0.2,0.0217391,0,0,0.5
0,478,1.29101,0.561947,1.27491,0.5,0.25,0.108696,0,0,0.6
0,478,-1.85555,-0.477756,-1.5181,0.1,0.142857,0.0510204,0,0,0.7
0,478,-0.0695094,-1.37259,-1.2907,0.142857,0.111111,0.108696,0,0,0.8
1,478,1.42105,-1.21322,0.555821,1,0.125,0.136364,1,0.5,0.9
0,478,0.734434,0.736792,1.54732,0.333333,0.5,0.0714286,1,0.5,1
1,479,2.55446,1.86063,1.878,1,1,0.225,0,0,0.1
1,479,0.887884,1.44117,1.42527,0.5,0.5,0.204545,1,0.166667,0.2
0,479,-0.251808,-1.0098,-0.790148,0.2,0.1,0.08,0,0,0.3
0,479,0.331433,-0.546195,0.369213,0.333333,0.166667,0.114286,1,0.166667,0.4
0,479,-0.715312,1.11002,-0.0123031,0.125,0.333333,0.0641026,0,0,0.5
0,479,-0.0681652,-0.411283,0.356443,0.25,0.2,0.112903,0,0,0.6
0,479,-0.439667,-0.796689,-0.812459,0.166667,0.111111,0.101695,0,0,0.7
0,479,-0.824778,-0.676038,-1.00606,0.111111,0.142857,0.0487805,1,0,0.8
0,479,-0.601305,-0.187715,-0.036724,0.142857,0.25,0.06,0,0,0.9
0,479,-0.872743,-0.7841,-1.37123,0.1,0.125,0.0677966,0,0,1
1,480,2.92185,2.38543,1.72065,1,1,0.320755,1,0.333333,0.1
0,480,-0.482352,-0.940795,-1.09394,0.125,0.111111,0.212766,1,0.333333,0.2
0,480,-0.460392,-0.361029,-0.405044,0.142857,0.166667,0.16,0,0,0.3
0,480,-0.161458,-0.191605,0.521119,0.333333,0.2,0.0769231,1,0.833333,0.4
0,480,-0.398672,-0.0954355,0.326578,0.2,0.25,0.175439,1,0.833333,0.5
0,480,0.233967,0.709457,1.10503,0.5,0.333333,0.324324,1,0.166667,0.6
0,480,-0.52547,-0.377859,-0.92177,0.111111,0.142857,0.208333,1,0.666667,0.7
1,480,-0.16364,0.771831,0.910491,0.25,0.5,0.164384,1,0.666667,0.8
0,480,-0.407703,-1.26752,-0.906786,0.166667,0.1,0.103448,1,0.833333,0.9
0,480,-0.556133,-0.632473,-1.25634,0.1,0.125,0.208333,0,0,1
0,481,0.0566806,0.358089,0.739272,0.25,0.25,0.26087,1,0.166667,0.1
0,481,-0.711025,0.219439,-1.06827,0.111111,0.166667,0.112903,0,0,0.2
1,481,1.43421,1.29095,2.17168,0.5,1,0.130435,1,0.166667,0.3
0,481,-0.292536,0.950559,1.03606,0.2,0.5,0.133333,1,0,0.4
0,481,-0.365896,0.284501,-0.318884,0.142857,0.2,0.0714286,1,0.166667,0.5
0,481,0.60704,-1.60382,-0.256092,0.333333,0.111111,0.108434,0,0,0.6
0,481,-0.309941,0.195895,-0.581281,0.166667,0.142857,0.0921053,0,0,0.7
0,481,-0.619728,-1.03633,-1.33,0.125,0.125,0.101449,0,0,0.8
1,481,1.88188,-1.60844,0.0966827,1,0.1,0.0851064,0,0,0.9
0,481,-1.68069,0.949158,-0.489153,0.1,0.333333,0.05,1,0.166667,1
0,482,-0.404384,-1.96756,-0.976719,0.166667,0.1,0.0645161,0,0,0.1
0,482,-0.950866,-0.0635518,-0.801795,0.111111,0.166667,0.0757576,0,0,0.2
0,482,-1.06246,-0.0876676,-1.16778,0.1,0.142857,0.0806452,1,0.666667,0.3
1,482,2.42714,0.295687,1.20411,1,0.25,0.121951,1,0,0.4
0,482,-0.0934494,-1.26507,-0.604853,0.2,0.111111,0.0833333,0,0,0.5
0,482,0.253617,0.280572,0.351765,0.25,0.2,0.107692,1,0.666667,0.6
0,482,-0.600784,0.556756,0.173303,0.142857,0.333333,0.0504202,1,0.666667,0.7
0,482,-0.814603,-0.23454,-0.998234,0.125,0.125,0.0704225,1,0.666667,0.8
1,482,0.48344,0.573037,1.19026,0.333333,0.5,0.0930233,1,0,0.9
0,482,0.76235,1.91234,1.62996,0.5,1,0.0736842,1,0.666667,1
1,483,2.06439,-0.677919,0.782551,1,0.142857,0.0471698,1,0,0.1
0,483,0.815169,2.38598,1.80465,0.333333,1,0.0923077,1,0.5,0.2
0,483,1.08307,0.321047,1.25196,0.5,0.25,0.057377,1,0,0.3
0,483,-0.774072,-1.18406,-1.72751,0.125,0.1,0.0641026,1,0.5,0.4
0,483,-1.2037,0.456266,-0.468679,0.1,0.333333,0.0714286,0,0,0.5
1,483,0.267033,-0.367726,0.197643,0.25,0.166667,0.0508475,1,0.5,0.6
0,483,-0.241523,-0.760699,-0.793686,0.166667,0.125,0.0319149,1,0.166667,0.7
0,483,-1.08126,0.622398,0.0307574,0.111111,0.5,0.0952381,1,0.166667,0.8
0,483,-0.711824,0.201016,-0.305537,0.142857,0.2,0.135135,1,0.5,0.9
0,483,-0.217287,-0.996302,-0.772146,0.2,0.111111,0.0769231,0,0,1
0,484,-1.02008,-0.695579,-1.40039,0.111111,0.111111,0.0666667,0,0,0.1
0,484,-1.0609,-0.175409,-1.00693,0.1,0.166667,0.0898876,1,0.333333,0.2
0,484,-0.260402,-0.446251,-0.646752,0.142857,0.142857,0.121951,1,0,0.3
0,484,-0.0342593,0.181571,0.801668,0.2,0.5,0.174603,1,0.333333,0.4
0,484,-0.232891,0.121772,0.375638,0.166667,0.333333,0.0909091,1,0.333333,0.5
1,484,0.347496,-1.15447,-0.378492,0.333333,0.1,0.114754,0,0,0.6
0,484,0.0529312,0.104401,0.572026,0.25,0.25,0.148649,0,0,0.7
1,484,2.60615,2.73513,1.91068,1,1,0.40625,1,0.166667,0.8
0,484,-0.797323,-0.64267,-1.02911,0.125,0.125,0.189189,1,0.166667,0.9
0,484,0.399276,-0.0284895,0.801668,0.5,0.2,0.15493,0,0,1
0,485,-0.822896,0.659721,-0.0145016,0.125,0.333333,0.142857,0,0,0.1
0,485,0.0114029,1.37706,0.928762,0.2,0.5,0.204545,0,0,0.2
0,485,-1.09911,-0.0786212,-1.16657,0.1,0.166667,0.166667,0,0,0.3
0,485,-0.714829,-0.250195,-0.970775,0.142857,0.125,0.177778,0,0,0.4
1,485,1.91911,1.56955,2.2136,1,1,0.285714,1,0.166667,0.5
0,485,-1.09665,-0.0843626,-1.18585,0.111111,0.142857,0.166667,0,0,0.6
0,485,-0.442764,-0.0683862,-0.0576588,0.166667,0.2,0.142857,0,0,0.7
1,485,1.37995,-1.96407,-0.180148,0.5,0.1,0.0833333,0,0,0.8
0,485,0.781425,-1.12498,-0.229572,0.333333,0.111111,0.130952,1,0.166667,0.9
0,485,0.0843554,-0.0357076,0.662713,0.25,0.25,0.155172,0,0,1
0,486,0.720764,-1.48194,-0.795488,0.25,0.1,0.107692,0,0,0.1
0,486,-0.802546,-0.939831,-1.37699,0.125,0.125,0.0619469,0,0,0.2
1,486,1.3755,0.731932,1.64187,0.5,0.333333,0.14,1,0,0.3
1,486,-0.67392,-1.46853,-1.36958,0.142857,0.111111,0.0674157,1,0,0.4
0,486,1.02031,0.306539,0.774285,0.333333,0.2,0.129032,0,0,0.5
0,486,-0.936473,0.427573,-0.554192,0.111111,0.25,0.0769231,0,0,0.6
0,486,-1.18577,1.15668,-0.20806,0.1,0.5,0.0675676,0,0,0.7
0,486,-0.600641,1.58629,1.10915,0.166667,1,0.0674157,1,0,0.8
0,486,-0.511986,-0.00688371,-0.0665923,0.2,0.166667,0.1,0,0,0.9
0,486,1.59476,-0.311822,0.845593,1,0.142857,0.166667,0,0,1
0,487,-0.61624,0.690981,0.186196,0.142857,0.333333,0.180328,1,0.333333,0.1
1,487,2.56637,0.492821,1.29369,1,0.25,0.294118,1,0.333333,0.2
0,487,0.957787,0.00554431,0.623871,0.5,0.166667,0.210526,1,0.333333,0.3
0,487,0.289992,-1.0961,-0.206511,0.333333,0.111111,0.130952,0,0.333333,0.4
1,487,-0.274632,1.36685,1.05367,0.25,0.5,0.22449,1,0.666667,0.5
0,487,-0.635863,-0.686686,-0.87326,0.125,0.142857,0.125,0,0.5,0.6
0,487,-0.924619,-0.904881,-1.45391,0.1,0.125,0.140845,1,0.5,0.7
0,487,-0.276248,1.54655,1.07548,0.2,1,0.153846,1,0.333333,0.8
0,487,-0.418202,0.166121,-0.0518669,0.166667,0.2,0.131868,0,0.666667,0.9
0,487,-0.668343,-1.5812,-1.64737,0.111111,0.1,0.104348,0,0.333333,1
0,488,-0.620004,-1.15128,-1.31954,0.125,0.1,0.078125,1,0,0.1
0,488,-0.52074,0.13873,0.150967,0.166667,0.25,0.111111,0,0.166667,0.2
0,488,1.16249,-0.122206,0.758254,0.5,0.2,0.0810811,0,0,0.3
0,488,-0.561985,0.211748,0.168988,0.142857,0.333333,0.0480769,0,0.166667,0.4
0,488,-0.966641,-0.284349,-0.781833,0.111111,0.166667,0.0930233,0,0.166667,0.5
1,488,2.27717,2.01445,1.80721,1,1,0.204545,0,0,0.6
0,488,-0.376874,-0.752372,-0.414208,0.2,0.125,0.0857143,0,0,0.7
0,488,0.111659,-0.666187,-0.0353397,0.25,0.142857,0.0560748,0,0,0.8
0,488,-1.05106,-0.970952,-1.49512,0.1,0.111111,0.0526316,1,0.166667,0.9
1,488,0.545989,1.58242,1.16062,0.333333,0.5,0.0786517,0,0,1
1,489,1.40692,1.36624,1.48991,0.5,0.5,0.160714,1,1.16667,0.1
0,489,-1.40927,-1.60146,-1.80945,0.1,0.1,0.117647,1,0.666667,0.2
0,489,0.466908,0.280472,0.594572,0.333333,0.2,0.186441,1,1,0.3
1,489,2.03498,-1.03886,0.452895,1,0.125,0.0807453,1,0,0.4
0,489,0.132163,0.419659,0.809704,0.25,0.333333,0.132353,0,1,0.5
0,489,-0.761916,-1.32513,-1.24813,0.125,0.111111,0.125,0,0,0.6
0,489,-0.188937,0.394194,0.37261,0.2,0.25,0.0645161,1,1,0.7
0,489,-0.781161,-0.129341,-1.05169,0.111111,0.142857,0.12963,1,1.16667,0.8
0,489,-0.334154,0.120242,-0.259749,0.166667,0.166667,0.132353,1,1.16667,0.9
0,489,-0.565539,1.51399,0.649329,0.142857,1,0.123077,1,1.16667,1
1,490,2.68888,2.86106,2.01574,1,1,0.422222,1,1.5,0.1
0,490,-0.334763,-0.396141,-0.474509,0.166667,0.142857,0.130841,1,1.5,0.2
0,490,-0.871181,-0.304227,-0.872049,0.111111,0.166667,0.211538,1,1.5,0.3
0,490,0.117826,-0.249776,0.382586,0.25,0.2,0.197368,1,1.5,0.4
0,490,-0.5497,0.114951,0.423744,0.142857,0.5,0.126126,1,1.5,0.5
0,490,-0.903132,-0.849219,-1.8579,0.1,0.1,0.138298,1,1.5,0.6
0,490,0.0362653,-0.742054,-0.65785,0.2,0.111111,0.213333,1,1.5,0.7
1,490,0.439058,-0.447651,0.222051,0.5,0.125,0.229508,1,1.5,0.8
0,490,0.12361,-0.0855847,0.831384,0.333333,0.25,0.175258,1,1.5,0.9
0,490,-0.746867,0.0986441,-0.0132054,0.125,0.333333,0.122807,1,1.5,1
0,491,-0.577392,-0.319506,-0.625622,0.142857,0.142857,0.0714286,1,0.166667,0.1
0,491,-0.578,0.365913,-0.0121082,0.125,0.333333,0.103448,1,0.666667,0.2
0,491,-0.268781,0.116167,0.553337,0.25,0.25,0.21875,1,0.833333,0.3
1,491,-0.287812,-1.15138,-0.777634,0.2,0.1,0.0869565,0,0,0.4
0,491,-0.891216,-0.297424,-0.799592,0.111111,0.166667,0.119048,1,0.666667,0.5
1,491,1.61395,2.48575,1.62548,0.5,1,0.36,1,1,0.6
0,491,2.07789,0.724818,1.62548,1,0.5,0.243243,0,0,0.7
0,491,0.4327,-0.255146,0.559767,0.333333,0.2,0.109589,1,0.333333,0.8
0,491,-0.519547,-1.12947,-0.799592,0.166667,0.111111,0.0576923,0,0,0.9
0,491,-1.00179,-0.539727,-1.34951,0.1,0.125,0.0943396,1,0.666667,1
0,492,0.321685,-2.01904,-0.66968,0.25,0.1,0.137255,1,0,0.1
0,492,-0.753825,0.772599,0.201251,0.142857,0.333333,0.111111,0,0,0.2
0,492,-0.513338,-0.0995846,-0.284764,0.166667,0.166667,0.0762712,0,0.166667,0.3
0,492,0.618974,0.459742,0.887681,0.333333,0.25,0.0887097,1,0.333333,0.4
1,492,1.94906,1.55648,2.15224,1,1,0.0909091,1,0,0.5
1,492,1.31464,-0.128789,0.452438,0.5,0.142857,0.126582,0,0,0.6
0,492,-0.983614,-0.857308,-1.36833,0.111111,0.125,0.133333,1,0.333333,0.7
0,492,-0.981694,-0.954666,-1.36833,0.125,0.111111,0.0884956,1,0.333333,0.8
0,492,-1.09872,0.961273,-0.175155,0.1,0.5,0.0769231,0,0,0.9
0,492,0.126833,0.3093,0.172643,0.2,0.2,0.1,0,0.166667,1
0,493,-0.38427,0.88006,0.825466,0.2,0.5,0.105263,0,0.666667,0.1
0,493,0.360494,-0.234958,0.386789,0.333333,0.166667,0.0693642,0,0,0.2
0,493,-0.422347,-1.55334,-1.03682,0.166667,0.1,0.115385,1,0.166667,0.3
0,493,-0.619704,-0.43662,-0.862807,0.142857,0.125,0.0747664,0,0.666667,0.4
0,493,-0.763018,-0.279333,-1.23965,0.1,0.142857,0.0897436,0,0.666667,0.5
0,493,-0.663555,-0.119404,-0.450924,0.125,0.2,0.0804598,0,0.666667,0.6
0,493,-0.762142,-0.113732,-0.426479,0.111111,0.25,0.0972222,0,0.666667,0.7
1,493,2.61559,-0.103732,1.50064,1,0.333333,0.15873,0,0,0.8
0,493,-0.186071,-0.524113,-0.426479,0.25,0.111111,0.056962,0,0,0.9
1,493,0.825019,2.48518,1.73026,0.5,1,0.109091,1,0.166667,1
0,494,-0.780921,0.887496,-0.23927,0.111111,0.333333,0.0759494,1,0.833333,0.1
0,494,0.653486,-0.379329,0.484996,0.5,0.142857,0.0930233,1,0.833333,0.2
0,494,0.0107561,0.651324,0.437889,0.2,0.25,0.0853659,1,0.833333,0.3
1,494,0.292005,1.03096,1.48167,0.333333,0.5,0.106667,1,0.833333,0.4
0,494,-0.398397,-1.26729,-1.23594,0.142857,0.111111,0.0722892,0,0,0.5
1,494,2.33266,0.184651,1.00093,1,0.166667,0.107692,0,0,0.6
0,494,-1.74496,-0.642791,-1.68454,0.1,0.125,0.0634921,0,0,0.7
0,494,-0.0349327,-2.00687,-1.21585,0.166667,0.1,0.0508475,0,0,0.8
0,494,0.132878,0.376034,0.437889,0.25,0.2,0.0879121,1,0.833333,0.9
0,494,-0.462572,1.16582,0.53224,0.125,1,0.0810811,1,0.833333,1
0,495,-0.694581,0.212642,-0.262837,0.166667,0.166667,0.147059,0,0,0.1
0,495,-0.737812,0.508306,0.185755,0.142857,0.333333,0.106383,0,0,0.2
1,495,-0.178933,0.367772,0.159349,0.2,0.2,0.0943396,0,0,0.3
0,495,-0.773429,-1.32197,-1.45597,0.111111,0.111111,0.0847458,0,0,0.4
0,495,1.17442,1.57249,1.74707,0.5,1,0.0804598,1,0,0.5
1,495,2.32591,-2.15617,0.0777793,1,0.1,0.105263,1,0,0.6
0,495,0.237836,0.430788,0.59473,0.25,0.25,0.0923077,0,0,0.7
0,495,-0.916436,-0.0946977,-1.25169,0.1,0.142857,0.111111,0,0,0.8
0,495,-0.748572,-0.196401,-1.06996,0.125,0.125,0.0531915,0,0,0.9
0,495,0.311599,0.677234,1.27578,0.333333,0.5,0.0882353,0,0,1
1,496,2.16184,1.82483,2.46377,1,1,0.139241,1,0,0.1
0,496,-0.278602,1.14176,0.77192,0.166667,0.5,0.12,0,0,0.2
0,496,-0.308674,-0.77225,-0.833968,0.142857,0.142857,0.126984,0,0,0.3
0,496,-1.52962,0.727811,-0.488054,0.1,0.333333,0.0666667,0,0,0.4
0,496,-0.987839,-0.207335,-1.06587,0.111111,0.166667,0.0701754,0,0,0.5
1,496,0.152789,-1.3341,-0.766614,0.25,0.1,0.109756,0,0,0.6
0,496,-0.622449,0.263905,-0.56469,0.125,0.2,0.0676692,0,0,0.7
0,496,0.439795,-1.07262,-0.255517,0.333333,0.111111,0.121622,0,0,0.8
0,496,1.10307,-1.00493,0.271405,0.5,0.125,0.136364,0,0,0.9
0,496,-0.130311,0.432927,0.467621,0.2,0.25,0.126582,0,0,1
0,497,-0.751424,-0.607106,-0.707216,0.125,0.166667,0.0792079,1,1,0.1
1,497,-0.466306,1.17497,0.44318,0.142857,0.5,0.153846,1,1,0.2
0,497,-0.0361525,-0.884581,-0.456999,0.25,0.111111,0.145161,1,1,0.3
0,497,0.0104315,1.3824,1.60804,0.333333,1,0.191489,1,1,0.4
0,497,-0.0456796,0.859154,0.638492,0.2,0.333333,0.157895,1,1,0.5
0,497,0.399948,0.396268,0.884539,0.5,0.2,0.112676,0,0.333333,0.6
0,497,-0.837183,-0.686783,-1.12938,0.111111,0.142857,0.0860215,1,1,0.7
1,497,2.74149,-0.821433,0.48635,1,0.125,0.138889,1,0.333333,0.8
0,497,-0.909166,-1.66846,-1.94311,0.1,0.1,0.112676,0,0.333333,0.9
0,497,-0.10596,0.85557,0.176111,0.166667,0.25,0.147541,1,1,1
0,498,-0.0532122,0.554646,0.767151,0.25,0.333333,0.0449438,1,0,0.1
0,498,-0.24437,-0.636575,-0.426308,0.2,0.125,0.0352941,1,0.166667,0.2
0,498,-0.545378,-0.031936,-0.426308,0.125,0.2,0.0333333,0,0,0.3
0,498,0.0774169,0.732689,1.41161,0.5,0.5,0.0609756,0,0.166667,0.4
1,498,2.88421,2.27549,1.86001,1,1,0.114754,1,0,0.5
1,498,-0.502589,-0.339297,-0.629598,0.142857,0.142857,0.0588235,0,0.166667,0.6
0,498,-0.816745,-1.33734,-1.71435,0.1,0.1,0.025974,0,0,0.7
0,498,-0.560783,0.311564,-0.403198,0.111111,0.25,0.0517241,0,0,0.8
0,498,-0.281708,-0.316577,-0.246098,0.166667,0.166667,0.0526316,0,0,0.9
0,498,0.0431604,-1.21266,-0.192901,0.333333,0.111111,0.0434783,1,0.166667,1
0,499,0.121335,0.870342,1.01427,0.333333,0.333333,0.0857143,0,0,0.1
0,499,-0.878844,-1.2325,-1.59677,0.1,0.111111,0.05,0,0,0.2
0,499,0.0877701,1.04532,1.02131,0.25,0.5,0.0779221,0,0,0.3
1,499,0.202081,0.756324,1.02131,0.5,0.25,0.0952381,1,0,0.4
0,499,-0.757229,-1.57706,-1.59677,0.111111,0.1,0.04,0,0,0.5
1,499,2.79444,-0.502854,0.638381,1,0.142857,0.103448,1,0.166667,0.6
0,499,-0.600574,-0.407992,-0.647465,0.125,0.166667,0.0588235,0,0,0.7
0,499,-0.164952,-0.821356,-0.442369,0.2,0.125,0.0550459,0,0,0.8
0,499,-0.213626,1.53889,0.837355,0.166667,1,0.16129,1,0.166667,0.9
0,499,-0.590397,0.330885,-0.249248,0.142857,0.2,0.106383,0,0,1
0,500,-0.186559,1.44628,0.801869,0.166667,0.5,0.128205,0,0,0.1
0,500,0.748589,1.78611,1.95216,0.333333,1,0.162162,0,0,0.2
0,500,-1.52987,-0.836898,-1.86872,0.1,0.125,0.0555556,0,0,0.3
0,500,-0.387231,0.0553403,-0.602477,0.142857,0.166667,0.0714286,1,0,0.4
1,500,0.5781,-1.53791,-0.796358,0.25,0.1,0.135135,0,0,0.5
0,500,0.185817,0.112503,0.485764,0.2,0.25,0.0779221,0,0,0.6
0,500,1.65257,-1.19105,0.341767,1,0.111111,0.125,1,0.166667,0.7
1,500,1.16037,-0.274332,0.538022,0.5,0.142857,0.0875,1,0,0.8
0,500,-1.10696,0.0680479,-0.586599,0.125,0.2,0.0454545,0,0,0.9
0,500,-1.11483,0.371913,-0.265431,0.111111,0.333333,0.0588235,1,0.166667,1
1,501,1.4673,-0.162854,0.767168,0.5,0.2,0.229167,0,0,0.1
0,501,-0.367809,-1.04623,-0.963599,0.166667,0.1,0.121951,0,0.166667,0.2
0,501,-0.247523,0.46242,0.967537,0.25,0.5,0.161765,1,0,0.3
0,501,-0.00884488,0.308967,0.960868,0.333333,0.333333,0.176471,1,0.166667,0.4
0,501,-0.821134,-0.276477,-0.791025,0.111111,0.166667,0.210526,1,0,0.5
0,501,-0.27327,-0.92827,-0.596727,0.2,0.111111,0.185185,1,0.333333,0.6
0,501,-0.572788,-0.555206,-0.984825,0.125,0.125,0.160714,0,0,0.7
0,501,-0.427761,-0.154309,-0.0357551,0.142857,0.25,0.149254,0,0,0.8
1,501,2.30026,2.68156,1.82846,1,1,0.428571,0,0,0.9
0,501,-1.04843,-0.329597,-1.1521,0.1,0.142857,0.122807,0,0,1
1,502,1.16058,-0.819821,0.0270686,0.5,0.111111,0.0909091,1,0.333333,0.1
1,502,-1.58664,-1.38308,-1.91915,0.1,0.1,0.0588235,0,0,0.2
0,502,-0.160522,-0.457733,-0.0542364,0.2,0.166667,0.0779221,1,0.333333,0.3
0,502,-0.830724,0.55928,-0.215945,0.111111,0.333333,0.0416667,0,0.333333,0.4
0,502,-0.797698,0.954578,0.229373,0.125,0.5,0.0434783,0,0.166667,0.5
0,502,0.538412,-0.187077,0.3952,0.25,0.2,0.122449,0,0,0.6
0,502,-0.588309,-0.588372,-0.70481,0.142857,0.142857,0.0735294,1,0.333333,0.7
0,502,1.64931,2.23776,2.0822,1,1,0.132075,0,0.166667,0.8
0,502,1.09448,0.363252,0.858795,0.333333,0.25,0.084507,0,0,0.9
0,502,-0.478887,-0.678785,-0.698497,0.166667,0.125,0.125,0,0,1
0,503,-0.533027,-0.167039,-0.446345,0.125,0.2,0.135135,0,0,0.1
0,503,-0.181234,0.0384024,0.803208,0.333333,0.25,0.138889,1,0.333333,0.2
1,503,2.90173,2.7181,1.94743,1,1,0.235294,0,0,0.3
0,503,-0.29368,0.193028,0.589801,0.2,0.333333,0.191489,0,0.166667,0.4
1,503,0.351297,-0.701061,0.0253165,0.5,0.111111,0.13253,1,0.333333,0.5
0,503,-0.533291,-0.446096,-1.04326,0.111111,0.142857,0.2,0,0.166667,0.6
0,503,-0.539254,-0.510528,-1.42192,0.1,0.125,0.12987,0,0.166667,0.7
0,503,-0.453601,-1.1984,-1.22706,0.142857,0.1,0.15625,1,0,0.8
0,503,-0.443091,0.31546,0.610146,0.166667,0.5,0.101266,0,0,0.9
0,503,-0.275845,-0.24187,0.162681,0.25,0.166667,0.111111,1,0.5,1
0,504,-1.04031,0.403927,-0.393299,0.1,0.333333,0.1,0,0,0.1
0,504,0.232547,1.28198,1.27508,0.333333,0.5,0.0980392,0,0,0.2
0,504,-0.242107,-0.624463,-0.467374,0.166667,0.142857,0.115385,1,0.333333,0.3
1,504,2.41488,2.09928,1.98543,1,1,0.122222,1,0.5,0.4
0,504,-0.726854,-0.0611456,-0.467374,0.142857,0.166667,0.103896,0,0,0.5
1,504,-0.818848,-1.33284,-1.64257,0.111111,0.1,0.2,0,0,0.6
0,504,-0.745429,0.052767,-0.237485,0.125,0.25,0.0816327,0,0,0.7
0,504,1.091,-0.0568405,0.83303,0.5,0.2,0.147059,1,0.5,0.8
0,504,-0.16921,-0.712865,-0.455056,0.2,0.125,0.148148,1,0,0.9
0,504,0.00433845,-1.0498,-0.430387,0.25,0.111111,0.0927835,1,0.333333,1
0,505,-0.460856,-0.361637,-0.61801,0.142857,0.142857,0.0869565,1,1.5,0.1
0,505,-0.202996,-1.36536,-0.568098,0.25,0.1,0.166667,1,1.5,0.2
0,505,-0.373756,0.0936904,0.358945,0.166667,0.333333,0.102041,1,1.5,0.3
0,505,1.17599,1.57987,1.17254,0.333333,0.5,0.227273,1,1.5,0.4
0,505,-0.36204,-0.0431094,-0.047557,0.2,0.166667,0.15873,1,1.5,0.5
1,505,1.75867,0.0840926,1.18619,1,0.25,0.160714,1,1.5,0.6
0,505,-0.901556,-0.750932,-1.16077,0.111111,0.125,0.128571,1,1.5,0.7
0,505,-0.537239,0.0582342,-0.418462,0.125,0.2,0.125,1,1.5,0.8
0,505,-1.44341,-1.17637,-1.51048,0.1,0.111111,0.0769231,1,1.5,0.9
1,505,1.3472,1.88153,1.6057,0.5,1,0.214286,1,1.5,1
0,506,-0.461174,0.0731846,-0.0488016,0.166667,0.2,0.103896,0,0,0.1
0,506,0.537573,0.13073,0.772739,0.333333,0.25,0.128571,0,0,0.2
1,506,1.72483,-0.408265,0.619686,1,0.142857,0.146341,1,0,0.3
0,506,-1.60327,-0.698137,-1.36798,0.1,0.125,0.131579,1,0.333333,0.4
1,506,-0.590327,1.02499,0.175192,0.142857,0.333333,0.118644,1,0.333333,0.5
0,506,-0.218025,1.32486,0.78609,0.2,0.5,0.0985915,1,0.333333,0.6
0,506,0.333775,0.0192394,0.15651,0.25,0.166667,0.115942,1,0,0.7
0,506,-0.63214,-1.77219,-1.36798,0.125,0.1,0.0843373,0,0,0.8
0,506,1.60174,1.44312,1.64772,0.5,1,0.152174,0,0,0.9
0,506,-0.692982,-1.13753,-1.37318,0.111111,0.111111,0.107143,0,0,1
0,507,0.295525,0.346264,0.347589,0.25,0.2,0.0803571,1,0.666667,0.1
0,507,-0.924155,0.0172439,-0.792277,0.111111,0.166667,0.0985915,1,0.666667,0.2
0,507,-0.707606,-0.121823,-0.431103,0.166667,0.142857,0.0736842,1,0.666667,0.3
1,507,2.4126,1.33781,1.83135,1,1,0.203125,0,0,0.4
1,507,0.331464,0.654068,0.96239,0.333333,0.333333,0.1875,1,0,0.5
0,507,-0.740981,-1.06821,-0.981073,0.142857,0.111111,0.0909091,0,0,0.6
0,507,0.763983,1.11743,1.38986,0.5,0.5,0.05625,0,0,0.7
0,507,-0.753007,-0.431455,-0.986384,0.125,0.125,0.101449,0,0,0.8
0,507,-0.929648,0.370071,-0.569834,0.1,0.25,0.214286,1,0.666667,0.9
0,507,0.251829,-2.2214,-0.77052,0.2,0.1,0.0967742,1,0.666667,1
0,508,-0.637237,-0.300871,-1.82667,0.1,0.166667,0.0344828,1,1.16667,0.1
0,508,-0.326366,0.798622,1.04977,0.2,0.333333,0.0892857,1,1.16667,0.2
0,508,-0.103909,0.394579,1.03771,0.25,0.25,0.0923077,1,1.16667,0.3
0,508,-0.612977,1.68026,0.462858,0.111111,1,0.125,1,1.16667,0.4
0,508,-0.401359,-0.482623,-1.16276,0.166667,0.125,0.0549451,1,1.16667,0.5
0,508,-0.411522,-0.412696,-1.17327,0.142857,0.142857,0.0724638,1,1.16667,0.6
1,508,0.231321,-1.70432,-0.282085,0.5,0.1,0.0625,0,0,0.7
0,508,-0.610442,1.22833,0.381827,0.125,0.5,0.097561,1,1.16667,0.8
0,508,-0.0161117,0.0135379,1.04977,0.333333,0.2,0.0983607,1,1.16667,0.9
1,508,2.8886,-1.21482,0.462858,1,0.111111,0.132353,0,0,1
0,509,-0.569954,0.102075,-0.300408,0.166667,0.166667,0.0322581,0,0,0.1
0,509,0.425976,-2.36327,-0.706471,0.25,0.1,0.0638298,0,0,0.2
0,509,-0.888964,-0.859627,-1.6641,0.111111,0.111111,0.0606061,1,0.666667,0.3
0,509,0.989174,1.4917,1.73182,0.333333,1,0.0517241,0,0,0.4
1,509,1.37746,0.214452,0.952628,0.5,0.2,0.111111,1,0.166667,0.5
1,509,1.80155,-0.400932,0.523788,1,0.125,0.08,1,0.833333,0.6
0,509,-0.827138,0.86735,0.477294,0.142857,0.5,0.0784314,0,0,0.7
0,509,-0.494677,0.277438,0.430935,0.2,0.25,0.0431034,1,0.666667,0.8
0,509,-0.973378,0.0359089,-1.43061,0.1,0.142857,0.06,1,0.666667,0.9
0,509,-0.840046,0.634905,-0.0148743,0.125,0.333333,0.039604,1,0.666667,1
0,510,-0.36559,-0.29089,-0.26565,0.2,0.142857,0.0943396,0,0,0.1
0,510,-1.76255,-1.38118,-1.896,0.1,0.1,0.0461538,0,0,0.2
1,510,0.538057,-0.257354,0.390434,0.25,0.2,0.0746269,1,0.166667,0.3
1,510,2.08511,2.31651,2.05709,1,1,0.166667,0,0.166667,0.4
0,510,0.706738,-0.69752,-0.21334,0.333333,0.111111,0.0869565,0,0,0.5
0,510,-0.720138,0.294191,-0.21334,0.111111,0.333333,0.0549451,1,0,0.6
0,510,-0.446148,-0.653359,-1.10797,0.125,0.125,0.0314961,1,0.166667,0.7
0,510,-0.389813,-0.252565,0.171841,0.166667,0.25,0.0666667,0,0,0.8
0,510,-0.410507,1.19807,0.432436,0.142857,0.5,0.0833333,0,0.166667,0.9
0,510,0.764833,-0.275905,0.644504,0.5,0.166667,0.0925926,0,0,1
1,511,-1.16814,-1.45752,-1.58597,0.1,0.1,0.0823529,0,0,0.1
0,511,-0.908036,-0.0877209,-0.394384,0.125,0.2,0.106061,0,0,0.2
0,511,0.607273,1.72518,1.31248,0.333333,1,0.115385,0,0,0.3
1,511,2.04324,0.133908,1.11793,1,0.25,0.1875,1,0.333333,0.4
0,511,-0.443147,-0.409848,-0.227669,0.166667,0.166667,0.142857,0,0,0.5
0,511,0.257335,-0.623663,-0.222211,0.2,0.142857,0.129032,0,0,0.6
0,511,-0.996544,-0.67922,-1.09398,0.111111,0.125,0.12766,0,0,0.7
0,511,-0.904656,-0.985339,-0.921805,0.142857,0.111111,0.0842105,0,0,0.8
0,511,0.913058,1.33759,1.3059,0.5,0.5,0.269231,1,0.333333,0.9
0,511,0.599616,1.04663,0.709701,0.25,0.333333,0.0865385,1,0.333333,1
0,512,0.294693,0.445293,1.16348,0.333333,0.333333,0.142857,1,0.333333,0.1
0,512,-0.792897,-0.665115,-1.19248,0.125,0.125,0.103093,1,0.333333,0.2
1,512,-0.321381,0.0820024,-0.292936,0.166667,0.166667,0.131579,0,0,0.3
1,512,2.07699,-0.756807,0.29565,1,0.111111,0.109756,1,0.166667,0.4
0,512,-0.0437317,1.9865,1.1958,0.2,1,0.189655,0,0.333333,0.5
0,512,1.40795,0.167272,1.17155,0.5,0.25,0.109756,1,0.666667,0.6
0,512,-1.2709,-1.8294,-2.04063,0.1,0.1,0.128571,1,0.5,0.7
0,512,0.0986933,-0.580208,-0.0432944,0.25,0.142857,0.1,1,0.833333,0.8
0,512,-0.402436,0.0953494,-0.285913,0.142857,0.2,0.0805369,1,0.833333,0.9
0,512,-1.04699,1.05512,0.028782,0.111111,0.5,0.181818,0,0.333333,1
0,513,0.0556508,0.0843422,1.21137,0.5,0.25,0.104167,0,0,0.1
0,513,-0.558845,-0.70632,-1.44244,0.1,0.142857,0.0784314,0,0.333333,0.2
1,513,-0.460489,1.14537,0.717242,0.166667,0.5,0.16,1,0,0.3
0,513,-0.509857,-0.155727,-0.524691,0.125,0.2,0.121212,0,0,0.4
0,513,-0.199618,-0.826053,-0.273826,0.25,0.125,0.0943396,0,0.333333,0.5
0,513,-0.242062,-1.31285,-0.963177,0.2,0.1,0.0925926,0,0.333333,0.6
0,513,-0.536247,-0.230218,-0.990374,0.111111,0.166667,0.0909091,0,0.333333,0.7
0,513,-0.46074,1.9263,0.757179,0.142857,1,0.153846,0,0.333333,0.8
0,513,-0.0227174,-0.958779,-0.237418,0.333333,0.111111,0.078125,0,0.333333,0.9
1,513,2.93493,1.03393,1.74614,1,0.333333,0.16,1,0,1
0,514,-1.42553,-0.811818,-0.999191,0.111111,0.142857,0.0630631,0,0,0.1
0,514,-1.47005,-0.95301,-1.36186,0.1,0.125,0.0677966,0,0,0.2
0,514,1.04916,1.85268,1.64035,0.5,1,0.144737,1,0.333333,0.3
1,514,0.755335,0.416315,0.5584,0.25,0.25,0.162162,1,0.333333,0.4
0,514,-0.0833764,-1.19656,-0.78475,0.2,0.1,0.122449,0,0,0.5
0,514,0.771091,1.36033,1.19785,0.333333,0.5,0.178571,1,0.333333,0.6
1,514,1.67246,-0.297658,0.809195,1,0.166667,0.219512,0,0,0.7
0,514,-0.121665,0.184946,-0.0485832,0.166667,0.2,0.118421,0,0,0.8
0,514,-0.395122,0.518572,0.174408,0.142857,0.333333,0.12766,0,0,0.9
0,514,-0.752294,-1.07379,-1.18582,0.125,0.111111,0.0808081,0,0,1
1,515,2.00866,2.40391,1.6944,1,1,0.155172,1,0,0.1
0,515,-0.327842,-0.0753035,0.135917,0.2,0.2,0.0972222,0,0,0.2
0,515,-0.864787,-0.10595,-0.568405,0.125,0.166667,0.0833333,0,0.166667,0.3
0,515,-0.0971223,-0.356751,-0.0331337,0.25,0.142857,0.0526316,0,0,0.4
0,515,-0.405058,0.288292,0.333117,0.166667,0.333333,0.0921053,0,0.166667,0.5
0,515,1.55554,0.814475,1.28593,0.5,0.5,0.115942,1,0,0.6
0,515,-0.889599,-0.97871,-1.24187,0.111111,0.111111,0.0909091,0,0.166667,0.7
0,515,0.630541,0.165917,0.698848,0.333333,0.25,0.0886076,0,0,0.8
1,515,-0.680305,-0.974913,-0.743082,0.142857,0.125,0.117647,1,0,0.9
0,515,-0.930028,-1.18097,-1.56172,0.1,0.1,0.0631579,0,0.166667,1
0,516,-1.25871,-1.65562,-1.61658,0.111111,0.1,0.0333333,1,0,0.1
0,516,-0.305146,-0.226338,-0.459979,0.166667,0.142857,0.0657895,0,0,0.2
0,516,0.211886,0.0757562,0.156742,0.2,0.2,0.0566038,0,0,0.3
1,516,1.5338,0.946084,1.71849,1,0.5,0.0757576,1,0,0.4
0,516,0.856929,-1.19638,-0.202651,0.333333,0.111111,0.0759494,0,0,0.5
0,516,1.23316,2.07485,1.71849,0.5,1,0.0958904,0,0,0.6
1,516,-1.27698,-0.108542,-1.02977,0.1,0.166667,0.0441176,0,0,0.7
0,516,-1.1949,0.277054,-0.233727,0.125,0.25,0.0408163,0,0,0.8
0,516,-0.443917,0.388522,0.182716,0.142857,0.333333,0.046875,0,0,0.9
0,516,0.643881,-0.575384,-0.233727,0.25,0.125,0.078125,0,0,1
0,517,-0.612237,-0.882703,-1.19858,0.125,0.111111,0.0631579,0,0,0.1
0,517,-0.61625,-0.13202,-0.61526,0.111111,0.2,0.142857,0,0,0.2
0,517,-0.966409,-0.982494,-1.73761,0.1,0.1,0.1,0,0,0.3
0,517,-0.215227,0.0701854,0.357817,0.2,0.25,0.0552147,1,0,0.4
0,517,-0.203257,-0.825284,-0.0368656,0.25,0.142857,0.104651,1,0.166667,0.5
1,517,2.62117,0.682648,1.43798,1,0.333333,0.080292,1,0.166667,0.6
0,517,-0.196466,-0.858077,-0.0123505,0.333333,0.125,0.0849057,0,0,0.7
0,517,-0.435772,0.906068,0.396311,0.142857,0.5,0.0987654,0,0,0.8
1,517,0.99406,2.33092,1.658,0.5,1,0.344828,0,0,0.9
0,517,-0.369616,-0.309244,-0.249437,0.166667,0.166667,0.115942,1,0,1
0,518,0.278713,1.1402,1.31285,0.333333,0.333333,0.142857,0,0.166667,0.1
0,518,-0.699272,1.18972,0.275204,0.125,0.5,0.102041,0,0,0.2
1,518,2.7177,-0.0674845,1.08385,1,0.166667,0.160714,1,0,0.3
0,518,-0.783317,0.376632,-0.777343,0.1,0.25,0.116279,0,0,0.4
0,518,0.2183,-0.0722914,-0.0488529,0.25,0.142857,0.111111,0,0,0.5
1,518,0.41316,-1.44028,-0.203314,0.5,0.1,0.0735294,1,0,0.6
0,518,-0.735879,-1.37185,-1.83104,0.111111,0.111111,0.0535714,0,0.166667,0.7
0,518,-0.467606,0.107378,-0.0650734,0.166667,0.2,0.0757576,0,0,0.8
0,518,-0.393938,1.32506,1.34932,0.2,1,0.0659341,0,0,0.9
0,518,-0.54786,-1.18709,-1.09561,0.142857,0.125,0.0632911,0,0.333333,1
1,519,0.677166,-1.52724,-0.202091,0.5,0.1,0.20339,0,0,0.1
0,519,-0.441222,-0.316181,-0.584553,0.142857,0.166667,0.1125,0,0,0.2
0,519,-0.263708,-0.280095,0.752071,0.333333,0.2,0.144928,0,0,0.3
0,519,-0.54452,-0.407557,-1.33749,0.125,0.125,0.123077,0,0,0.4
0,519,-0.339761,-1.25587,-0.538293,0.25,0.111111,0.116279,1,0.666667,0.5
0,519,-0.363883,0.417153,0.471312,0.2,0.25,0.148148,1,0.666667,0.6
0,519,-0.551221,0.829317,-0.491906,0.1,0.333333,0.148936,1,0.666667,0.7
1,519,2.81665,2.01668,2.48322,1,1,0.428571,1,0,0.8
0,519,-0.549467,0.844924,0.0322817,0.111111,0.5,0.152174,1,0.5,0.9
0,519,-0.440029,-0.321122,-0.584553,0.166667,0.142857,0.1125,1,0.5,1
0,520,-1.66799,-1.23098,-1.6044,0.1,0.1,0.035461,1,0.5,0.1
0,520,0.0749218,-0.531062,-0.0453412,0.2,0.166667,0.0545455,1,0.166667,0.2
0,520,0.375323,1.19529,0.914756,0.333333,0.333333,0.166667,1,0.5,0.3
1,520,-0.476111,-0.821084,-0.937563,0.125,0.125,0.0555556,1,0.5,0.4
0,520,0.243248,1.30197,1.13092,0.25,1,0.2,0,0,0.5
0,520,1.29086,0.959548,0.921104,0.5,0.25,0.142857,1,0.166667,0.6
1,520,1.91043,1.24405,1.53089,1,0.5,0.177778,1,0.666667,0.7
0,520,-1.11286,-0.224703,-0.56809,0.111111,0.2,0.0581395,0,0,0.8
0,520,-0.201553,-1.16327,-0.753063,0.166667,0.111111,0.0704225,0,0,0.9
0,520,-0.436265,-0.729764,-0.589217,0.142857,0.142857,0.0533333,1,0.166667,1
1,521,2.07636,1.79447,1.70317,1,1,0.196429,1,0,0.1
0,521,0.946427,0.973137,1.09381,0.5,0.333333,0.0547945,1,0.333333,0.2
0,521,0.862738,0.575702,0.702465,0.333333,0.25,0.0978261,1,0.333333,0.3
0,521,-0.815818,-0.173381,-0.390362,0.125,0.2,0.108696,1,1,0.4
1,521,0.631984,1.0973,0.901242,0.25,0.5,0.101124,1,1,0.5
0,521,-0.329727,-0.676561,-0.390362,0.2,0.125,0.1,1,1,0.6
0,521,-0.759475,-0.46817,-0.400929,0.142857,0.166667,0.130435,1,1,0.7
0,521,-0.758522,-0.642725,-0.400929,0.166667,0.142857,0.105263,1,0.833333,0.8
0,521,-0.881021,-1.46645,-1.40905,0.111111,0.1,0.084507,1,0.833333,0.9
0,521,-0.97295,-1.01332,-1.40905,0.1,0.111111,0.104167,1,1,1
0,522,-0.777275,0.710003,0.258371,0.125,0.5,0.0416667,1,1.16667,0.1
0,522,-0.774688,0.498107,0.461111,0.166667,0.333333,0.04,1,1.16667,0.2
0,522,1.05875,-0.600966,0.219317,0.333333,0.142857,0.0512821,0,0.166667,0.3
1,522,1.75984,-0.250946,1.01756,1,0.166667,0.060241,1,1.16667,0.4
0,522,0.49839,2.17147,1.52381,0.25,1,0.075,1,1.16667,0.5
0,522,-0.775358,0.0130615,-0.302887,0.142857,0.2,0.0344828,1,1.16667,0.6
0,522,-0.799317,-0.658483,-1.94041,0.1,0.111111,0.0338983,1,1.16667,0.7
0,522,-0.791061,-0.604197,-1.49116,0.111111,0.125,0.0392157,1,1.16667,0.8
0,522,-0.768056,0.477403,0.445163,0.2,0.25,0.0289855,1,1.33333,0.9
1,522,1.36877,-1.75545,-0.190878,0.5,0.1,0.0277778,1,0,1
0,523,0.580293,0.827209,1.40525,0.5,0.5,0.185185,0,0,0.1
0,523,-0.571217,-0.821971,-0.991932,0.142857,0.111111,0.1,1,0,0.2
0,523,-1.31774,-0.137315,-0.576141,0.1,0.25,0.076087,0,0.166667,0.3
0,523,0.296191,-0.3148,0.154677,0.25,0.166667,0.104167,0,0,0.4
0,523,-0.0966411,-0.452447,-0.621145,0.166667,0.125,0.0879121,0,0,0.5
0,523,0.0239507,0.351632,0.560785,0.2,0.333333,0.0854701,0,0.333333,0.6
0,523,-0.627118,-0.313546,-0.424387,0.125,0.2,0.0860215,0,0,0.7
0,523,-1.08308,-1.27933,-1.53186,0.111111,0.1,0.112903,0,0,0.8
1,523,0.390321,-0.37328,0.173141,0.333333,0.142857,0.15,1,0,0.9
1,523,2.40504,2.51385,1.85162,1,1,0.263158,0,0.166667,1
0,524,0.720921,0.903641,1.13977,0.333333,0.5,0.09375,1,0.166667,0.1
0,524,-0.90864,-1.08872,-1.12832,0.111111,0.125,0.0862069,0,0,0.2
1,524,1.26944,1.90469,1.56082,0.5,1,0.0864198,1,0.166667,0.3
0,524,0.503264,-0.0703138,0.148255,0.25,0.166667,0.107692,0,0,0.4
0,524,-0.989483,-1.46922,-1.63576,0.1,0.1,0.0666667,0,0,0.5
0,524,1.9785,0.203173,0.958549,1,0.2,0.134615,0,0,0.6
0,524,-0.818084,0.614509,0.165952,0.142857,0.333333,0.142857,1,0.333333,0.7
0,524,-0.227592,-0.27353,-0.229187,0.2,0.142857,0.0608696,0,0,0.8
1,524,-0.70328,0.489581,0.148255,0.166667,0.25,0.106383,1,0.333333,0.9
0,524,-0.825046,-1.21381,-1.12832,0.125,0.111111,0.128205,1,0.333333,1
1,525,2.92357,2.51373,1.63145,1,1,0.108108,1,0,0.1
1,525,0.343846,1.34799,1.23816,0.5,0.5,0.0277778,1,0,0.2
0,525,-0.408427,-0.482714,0.857342,0.333333,0.333333,0,0,0,0.3
0,525,-0.408427,-0.482714,0.488429,0.25,0.25,0,0,0,0.4
0,525,-0.408427,-0.482714,0.130868,0.2,0.2,0,0,0,0.5
0,525,-0.408427,-0.482714,-0.215859,0.166667,0.166667,0,0,0,0.6
0,525,-0.408427,-0.482714,-0.552235,0.142857,0.142857,0,0,0,0.7
0,525,-0.408427,-0.482714,-0.878718,0.125,0.125,0,0,0,0.8
0,525,-0.408427,-0.482714,-1.19574,0.111111,0.111111,0,0,0,0.9
0,525,-0.408427,-0.482714,-1.5037,0.1,0.1,0,0,0,1
0,526,-0.448325,-0.68955,-0.569815,0.166667,0.125,0.0972222,0,0,0.1
0,526,-0.30902,0.398892,0.514442,0.2,0.333333,0.0382775,0,0,0.2
0,526,-0.227242,-0.308327,0.508533,0.25,0.25,0.155172,0,0,0.3
0,526,1.4062,1.13291,1.28912,0.5,0.5,0.205882,0,0,0.4
0,526,-0.612033,-0.794788,-1.07992,0.125,0.111111,0.136364,0,0,0.5
1,526,0.437268,-0.495507,0.333944,0.333333,0.166667,0.119048,1,0,0.6
0,526,-0.885551,-0.506316,-0.90996,0.111111,0.142857,0.105263,0,0,0.7
0,526,-1.10484,-0.812894,-1.56559,0.1,0.1,0.122807,0,0,0.8
0,526,-0.46686,-0.383207,-0.219355,0.142857,0.2,0.153846,0,0,0.9
1,526,2.2104,2.45879,1.69861,1,1,0.326531,0,0,1
1,527,-0.828939,-1.52803,-1.32793,0.125,0.1,0.108108,1,0,0.1
0,527,-0.0517484,0.450373,0.151928,0.166667,0.25,0.0756303,1,0,0.2
0,527,-1.13319,-0.30492,-0.958463,0.1,0.166667,0.0746269,0,0,0.3
1,527,2.51191,-0.200426,0.982299,1,0.2,0.153846,0,0.166667,0.4
0,527,0.123962,0.720317,0.750119,0.25,0.333333,0.0875,0,0.166667,0.5
0,527,0.619159,1.33317,1.38027,0.5,0.5,0.105882,0,0,0.6
0,527,-0.638407,-0.675627,-0.797598,0.142857,0.125,0.0571429,0,0,0.7
0,527,-0.914309,-0.620293,-0.974301,0.111111,0.142857,0.0877193,0,0,0.8
0,527,0.0427342,-0.974916,-0.593547,0.2,0.111111,0.159091,0,0,0.9
0,527,0.26883,1.80035,1.38723,0.333333,1,0.15625,0,0,1
0,528,-0.552829,-0.800856,-0.677228,0.142857,0.142857,0.0612245,0,0.166667,0.1
1,528,-0.422582,1.89269,0.868,0.166667,1,0.173913,1,0.166667,0.2
0,528,-0.594016,-1.13112,-1.46083,0.125,0.1,0.0576923,0,0,0.3
0,528,1.75991,1.20711,1.5184,0.5,0.5,0.0603448,0,0,0.4
0,528,-0.185868,0.101948,0.379734,0.2,0.25,0.078125,0,0,0.5
0,528,0.082786,0.940073,1.05139,0.333333,0.333333,0.0327869,0,0,0.6
0,528,-1.24357,-0.961138,-1.46083,0.1,0.125,0.0344828,0,0,0.7
0,528,0.0789296,0.0434652,0.379734,0.25,0.2,0.16129,1,0.166667,0.8
1,528,1.9335,-1.08491,0.267168,1,0.111111,0.0697674,1,0,0.9
0,528,-0.856255,-0.207262,-0.865548,0.111111,0.166667,0.130435,0,0.166667,1
0,529,-0.541183,0.00645979,-0.230999,0.142857,0.2,0.0561798,0,0.166667,0.1
1,529,-0.0553632,0.0166909,0.535528,0.25,0.25,0.08,1,0.166667,0.2
0,529,-0.217987,1.14233,0.750518,0.2,0.5,0.0833333,1,0.166667,0.3
0,529,-0.634399,-0.091933,-0.600062,0.125,0.166667,0.0677966,0,0,0.4
1,529,0.99071,-0.496725,0.197049,0.5,0.125,0.111111,1,0,0.5
0,529,2.50157,1.79866,1.78877,1,1,0.150943,0,0,0.6
0,529,0.195556,0.620969,0.940014,0.333333,0.333333,0.0496454,0,0,0.7
0,529,-1.05077,-2.07175,-1.6487,0.1,0.1,0.0508475,0,0,0.8
0,529,-0.882621,-0.684942,-1.31104,0.111111,0.111111,0.0547945,0,0,0.9
0,529,-0.305512,-0.23977,-0.42108,0.166667,0.142857,0.0657895,1,0.166667,1
1,530,0.777424,-1.20364,-0.567507,0.25,0.1,0.0606061,1,0,0.1
0,530,-0.262089,-0.521945,-0.799861,0.142857,0.125,0.1,0,0,0.2
0,530,1.24438,0.0278287,1.18495,1,0.25,0.114286,1,0.166667,0.3
0,530,0.907493,0.572396,1.17132,0.333333,0.5,0.150943,0,0,0.4
0,530,-1.26583,-0.400857,-0.789041,0.111111,0.166667,0.0546875,0,0.166667,0.5
0,530,0.134466,0.257271,0.358571,0.166667,0.333333,0.0879121,0,0,0.6
0,530,-1.06341,-0.422928,-0.799861,0.125,0.142857,0.0744681,0,0.166667,0.7
0,530,0.369446,-0.216024,0.146303,0.2,0.2,0.108108,0,0,0.8
0,530,-1.78343,-0.730982,-1.50891,0.1,0.111111,0.0566038,0,0,0.9
1,530,0.941557,2.63888,1.60403,0.5,1,0.114754,1,0.166667,1
0,531,-0.571677,-0.441861,-0.0456323,0.166667,0.2,0.0819672,1,0.666667,0.1
0,531,-0.417791,-0.75371,-0.571738,0.2,0.111111,0.178571,1,0.333333,0.2
0,531,-0.626791,-0.560062,-0.412396,0.142857,0.166667,0.0847458,0,0.333333,0.3
0,531,0.658456,1.20668,1.12509,0.333333,0.5,0.0675676,0,0.333333,0.4
0,531,0.695792,0.893575,1.12509,0.5,0.333333,0.0952381,1,0.333333,0.5
1,531,2.32933,0.867389,1.13818,1,0.25,0.139535,1,0,0.6
0,531,-0.68129,-0.685336,-0.943582,0.125,0.125,0.0769231,0,0,0.7
0,531,0.587402,1.63126,1.13818,0.25,1,0.0649351,0,0,0.8
0,531,-1.04093,-1.55702,-1.6147,0.1,0.1,0.0697674,0,0,0.9
1,531,-0.932498,-0.600905,-0.938501,0.111111,0.142857,0.0909091,1,0,1
0,532,-0.157993,0.351764,0.517524,0.25,0.25,0.0472441,0,0.333333,0.1
0,532,-0.346405,-0.387185,-0.406923,0.166667,0.142857,0.056338,0,0,0.2
0,532,-0.499245,-1.46895,-1.26217,0.125,0.1,0.0930233,1,0.666667,0.3
0,532,-0.662444,-0.216122,-0.747841,0.111111,0.166667,0.0470588,0,0.166667,0.4
1,532,2.87878,1.67337,1.72864,1,1,0.157143,1,0,0.5
0,532,-0.495205,0.0897635,-0.223233,0.142857,0.2,0.0588235,1,0.666667,0.6
0,532,-0.691786,-0.947725,-1.26217,0.1,0.125,0.0689655,1,0.666667,0.7
0,532,-0.225688,-1.20883,-0.564151,0.2,0.111111,0.0724638,1,0.5,0.8
1,532,0.305986,0.812184,1.11016,0.5,0.333333,0.0689655,1,0.166667,0.9
0,532,-0.106,1.30173,1.11016,0.333333,0.5,0.142857,1,0.166667,1
0,533,-0.653838,-0.319259,-0.413944,0.142857,0.166667,0.135802,1,0.5,0.1
0,533,-0.124336,0.127744,0.526452,0.25,0.25,0.137931,1,0.5,0.2
0,533,0.821699,0.178493,0.924084,0.333333,0.333333,0.217391,1,0.666667,0.3
1,533,1.67621,1.58506,1.33454,0.5,0.5,0.16,1,0,0.4
1,533,1.86134,2.00317,1.75846,1,1,0.314815,0,0,0.5
0,533,-0.610317,-0.783267,-0.403034,0.2,0.125,0.088,0,0,0.6
0,533,-0.859465,-0.0314895,-0.739852,0.1,0.2,0.107143,0,0,0.7
0,533,-0.632118,-1.10818,-0.926711,0.166667,0.1,0.0733333,1,0.5,0.8
0,533,-0.777306,-1.06824,-1.28882,0.111111,0.111111,0.115942,0,0.166667,0.9
0,533,-0.701872,-0.584039,-0.771175,0.125,0.142857,0.103093,1,0.333333,1
0,534,0.86046,1.0903,1.16662,0.333333,0.5,0.152,1,1.33333,0.1
0,534,-0.76292,-0.467573,-0.427617,0.142857,0.166667,0.142857,1,1,0.2
0,534,-1.2766,-0.90144,-1.50285,0.1,0.111111,0.12987,1,1,0.3
0,534,-0.98804,-0.566521,-0.796648,0.125,0.142857,0.15493,1,1,0.4
1,534,1.62113,0.285302,1.18019,1,0.25,0.137931,1,0.333333,0.5
0,534,-1.23183,0.0725414,-0.59284,0.111111,0.2,0.176471,0,0,0.6
0,534,0.345785,0.902498,0.550162,0.2,0.333333,0.245902,1,1,0.7
1,534,1.1476,1.90555,1.59759,0.5,1,0.24,1,1,0.8
0,534,-0.331704,-1.50242,-0.957322,0.166667,0.1,0.148148,1,1,0.9
0,534,0.616111,-0.818241,-0.217284,0.25,0.125,0.121495,1,0.333333,1
0,535,-0.624448,-0.917733,-0.874308,0.166667,0.142857,0.0714286,1,0.333333,0.1
0,535,-0.88292,1.03042,-0.302264,0.1,0.5,0.0505051,0,0.166667,0.2
0,535,-0.806088,0.946408,-0.0243317,0.125,0.333333,0.0714286,0,0,0.3
1,535,2.44031,-0.627182,1.61135,1,0.166667,0.111111,1,0,0.4
0,535,-0.841753,1.5716,0.495969,0.111111,1,0.0493827,0,0.166667,0.5
0,535,0.36769,-1.18905,-1.15566,0.25,0.1,0.0897436,1,0.333333,0.6
0,535,0.779722,0.873085,1.96534,0.5,0.25,0.0945946,0,0,0.7
0,535,-0.0653694,-0.969594,-0.851265,0.2,0.125,0.0458716,0,0.166667,0.8
1,535,0.408992,-1.05291,-0.38519,0.333333,0.111111,0.0921053,1,0.333333,0.9
0,535,-0.776133,0.334952,-0.479635,0.142857,0.2,0.0675676,0,0.166667,1
0,536,-0.712036,-0.00937926,-0.601335,0.111111,0.2,0.0857143,1,0.833333,0.1
0,536,2.13549,1.9337,1.84257,1,1,0.295455,1,0,0.2
1,536,0.0463996,-1.99216,-0.365,0.333333,0.1,0.116279,0,0,0.3
0,536,-0.258985,0.230127,0.759961,0.25,0.333333,0.145455,1,0.833333,0.4
0,536,-0.805906,-0.66149,-1.52438,0.1,0.111111,0.0588235,1,0.833333,0.5
0,536,-0.689912,-0.479562,-0.992429,0.125,0.125,0.0707071,1,0.833333,0.6
0,536,-0.517659,0.0545092,0.153921,0.166667,0.25,0.08,1,1,0.7
1,536,1.73058,1.22735,1.39838,0.5,0.5,0.210526,1,0,0.8
0,536,-0.613252,-0.0614233,-0.433745,0.142857,0.166667,0.0795455,1,0.166667,0.9
0,536,-0.31472,-0.241674,-0.237947,0.2,0.142857,0.170213,1,0.833333,1
0,537,-0.360095,-0.1955,-0.643751,0.125,0.166667,0.189189,0,0,0.1
0,537,-0.342257,-1.45649,-1.20915,0.142857,0.1,0.194444,0,0,0.2
0,537,-0.200244,-1.12516,-0.830199,0.166667,0.111111,0.0909091,0,0,0.3
0,537,1.6427,0.0505886,1.03647,1,0.2,0.129032,1,0.333333,0.4
0,537,-1.61591,0.337085,-0.597108,0.1,0.25,0.0789474,0,0,0.5
0,537,-0.129436,-0.658582,-0.0375259,0.25,0.142857,0.0958904,1,0.333333,0.6
0,537,0.878465,0.849921,1.00845,0.333333,0.333333,0.1,1,0.166667,0.7
1,537,-0.169803,1.35536,0.80516,0.2,0.5,0.193548,1,0.166667,0.8
1,537,1.47911,1.66839,1.6877,0.5,1,0.21875,1,0.5,0.9
0,537,-1.18254,-0.825604,-1.22004,0.111111,0.125,0.109589,1,0.166667,1
0,538,-0.827976,0.841297,0.213391,0.125,0.5,0.0612245,1,0.333333,0.1
0,538,-0.736531,-0.099637,-0.456003,0.142857,0.166667,0.16129,1,0.5,0.2
1,538,0.860103,-0.534359,-0.200899,0.333333,0.111111,0.184211,0,0,0.3
0,538,1.76693,0.164032,1.47755,1,0.333333,0.145833,1,0.666667,0.4
0,538,-0.039054,-0.062784,0.155388,0.2,0.2,0.181818,0,0,0.5
0,538,-0.888223,-1.84178,-1.60261,0.111111,0.1,0.0645161,1,0.333333,0.6
0,538,-0.609802,0.128577,0.16182,0.166667,0.25,0.0833333,1,0.5,0.7
0,538,-1.18654,-0.454193,-1.4144,0.1,0.125,0.0588235,1,0.333333,0.8
0,538,0.137608,-0.416548,-0.0378802,0.25,0.142857,0.157895,1,0.333333,0.9
1,538,1.52348,2.27539,1.70363,0.5,1,0.129032,1,0.666667,1
0,539,-0.107022,-0.049656,0.15059,0.25,0.166667,0.12,1,0.166667,0.1
0,539,0.397248,1.14427,1.36811,0.5,0.5,0.121212,0,0,0.2
0,539,-0.230635,-0.370228,-0.424356,0.166667,0.142857,0.0681818,1,0.166667,0.3
1,539,-0.534604,-1.88335,-1.49138,0.111111,0.1,0.0895522,0,0,0.4
0,539,-0.265807,0.591517,0.168566,0.142857,0.333333,0.129412,0,0.166667,0.5
0,539,-1.6207,-0.633174,-1.31624,0.1,0.125,0.0504202,0,0,0.6
0,539,0.245664,0.432151,0.545966,0.333333,0.2,0.148148,0,0,0.7
0,539,-0.179894,-1.25107,-0.588319,0.2,0.111111,0.108434,1,0.333333,0.8
0,539,-0.278043,0.529097,-0.215627,0.125,0.25,0.127907,0,0,0.9
1,539,2.57379,1.49044,1.80269,1,1,0.254237,1,0.166667,1
1,540,1.60795,0.39976,1.11911,1,0.2,0.176471,1,1,0.1
0,540,-0.211374,0.825707,0.393265,0.2,0.25,0.105263,1,0.833333,0.2
0,540,-0.98671,-0.672812,-1.09195,0.1,0.166667,0.0506329,0,0.166667,0.3
0,540,1.11985,-1.55969,-0.410449,0.333333,0.1,0.152542,0,0,0.4
0,540,-0.945335,1.4951,0.685324,0.142857,1,0.114286,1,0.833333,0.5
1,540,1.40908,0.9824,1.33068,0.5,0.333333,0.228571,1,0.166667,0.6
0,540,0.411777,1.00044,1.09641,0.25,0.5,0.114754,1,0.833333,0.7
0,540,-0.470442,-0.7217,-0.487754,0.166667,0.142857,0.0714286,1,0.833333,0.8
0,540,-0.982308,-0.977291,-1.51863,0.111111,0.111111,0.0645161,0,0.166667,0.9
0,540,-0.952478,-0.771911,-1.116,0.125,0.125,0.0625,1,0.833333,1
1,541,1.48357,1.39717,1.48031,0.5,0.5,0.166667,1,0.166667,0.1
0,541,-1.24837,-0.723243,-1.42418,0.1,0.125,0.0581395,0,0.166667,0.2
0,541,-0.0279012,0.717186,0.804486,0.25,0.333333,0.102941,0,0,0.3
0,541,0.988252,-1.26985,-0.202289,0.333333,0.111111,0.142857,1,0.166667,0.4
0,541,-1.21426,-1.53066,-1.61369,0.111111,0.1,0.0952381,0,0,0.5
0,541,-0.624766,-0.31468,-0.660239,0.142857,0.142857,0.0833333,1,0.166667,0.6
0,541,-0.230576,0.424446,0.16294,0.166667,0.25,0.106061,0,0,0.7
0,541,-0.719316,-0.0284876,-0.447056,0.125,0.2,0.0437956,0,0.333333,0.8
1,541,-0.0860489,1.63696,1.0535,0.2,1,0.1,0,0,0.9
0,541,1.67942,-0.308843,0.846226,1,0.166667,0.0853659,1,0,1
0,542,0.448982,-0.89292,-0.181028,0.5,0.1,0.0707071,0,0,0.1
0,542,-0.162073,-0.0274798,0.422189,0.2,0.25,0.0652174,0,0,0.2
0,542,-0.663553,-0.771682,-1.4142,0.111111,0.125,0.0568182,0,0,0.3
1,542,2.80737,2.66125,2.2244,1,1,0.125,1,0,0.4
0,542,-0.44387,0.556328,0.696923,0.166667,0.5,0.105263,0,0,0.5
1,542,-0.783654,-0.527609,-1.40158,0.1,0.142857,0.115385,0,0,0.6
0,542,0.00812486,-0.864591,-0.230692,0.333333,0.111111,0.0618557,0,0,0.7
0,542,-0.0878014,-0.24984,0.185818,0.25,0.166667,0.084507,0,0,0.8
0,542,-0.546419,0.302794,0.207999,0.142857,0.333333,0.0675676,0,0,0.9
0,542,-0.577103,-0.186252,-0.509827,0.125,0.2,0.125,0,0,1
0,543,-0.336278,0.0103654,0.38478,0.2,0.25,0.0851064,1,1,0.1
1,543,2.15998,2.38274,2.0273,1,1,0.292683,1,0.166667,0.2
0,543,1.06352,0.914115,1.30197,0.333333,0.5,0.0978261,1,1.16667,0.3
0,543,-0.807768,-0.234319,-0.68008,0.125,0.166667,0.0909091,1,1.16667,0.4
0,543,-0.524625,-0.117836,-0.0528063,0.166667,0.2,0.0833333,1,1.16667,0.5
0,543,-0.870258,0.443328,-0.401593,0.1,0.333333,0.104167,1,1,0.6
0,543,-0.581426,-1.00614,-1.08605,0.142857,0.111111,0.102941,1,1.16667,0.7
0,543,-0.329756,-1.18024,-0.630805,0.25,0.1,0.123077,1,1.16667,0.8
0,543,-0.869746,-0.808186,-1.2889,0.111111,0.125,0.0740741,1,1.16667,0.9
1,543,1.09635,-0.40382,0.426174,0.5,0.142857,0.0754717,1,0.166667,1
0,544,0.115783,0.328234,0.384002,0.2,0.25,0.0735294,1,0.166667,0.1
0,544,0.0867684,-0.790735,-0.875275,0.166667,0.111111,0.106383,0,0,0.2
0,544,-1.35692,-1.59388,-1.67381,0.111111,0.1,0.0833333,0,0,0.3
1,544,0.146103,1.83344,1.31446,0.25,1,0.0617284,0,0.166667,0.4
0,544,0.0376189,-0.490573,-0.684838,0.142857,0.142857,0.131579,0,0,0.5
0,544,1.90483,-0.631504,0.466742,1,0.125,0.0892857,0,0,0.6
0,544,-1.56418,-0.463803,-1.06623,0.1,0.166667,0.12,0,0,0.7
0,544,0.192683,-0.369356,0.61275,0.333333,0.2,0.0704225,1,0.166667,0.8
1,544,1.19521,1.11943,1.53546,0.5,0.5,0.0769231,0,0,0.9
0,544,-0.757899,1.05875,-0.0132543,0.125,0.333333,0.111111,0,0.166667,1
0,545,2.69437,1.97987,2.20961,1,1,0.0555556,1,0,0.1
0,545,-0.503046,-0.626828,-0.741238,0.166667,0.125,0.0952381,0,0,0.2
0,545,-0.199589,-0.565397,0.206616,0.333333,0.142857,0.0769231,0,0,0.3
1,545,-0.21844,-0.281129,0.184583,0.25,0.166667,0.117647,1,0.166667,0.4
1,545,-0.279359,1.74996,0.927091,0.2,0.5,0.0877193,0,0,0.5
0,545,0.917922,-1.06339,-0.179824,0.5,0.1,0.0967742,0,0,0.6
0,545,-0.727289,-0.17622,-0.92967,0.1,0.2,0.0588235,1,0.166667,0.7
0,545,-0.592634,-1.03146,-1.61949,0.111111,0.111111,0.0930233,0,0,0.8
0,545,-0.583308,-0.00362838,-0.2643,0.125,0.25,0.0784314,0,0,0.9
0,545,-0.508631,0.0182151,0.206616,0.142857,0.333333,0.1,0,0,1
0,546,0.0279609,-0.413105,0.353148,0.25,0.2,0.106796,1,0.333333,0.1
0,546,-0.508868,-0.479109,-0.437998,0.142857,0.166667,0.134328,1,1,0.2
0,546,-0.805878,-0.574424,-0.996764,0.111111,0.142857,0.142857,1,1.16667,0.3
0,546,-0.8712,-0.789888,-1.71494,0.1,0.1,0.0958904,1,0.833333,0.4
0,546,-0.593986,0.0918241,-0.222558,0.125,0.25,0.132353,1,1.16667,0.5
1,546,0.513654,2.6843,1.41921,0.333333,1,0.22,1,1.33333,0.6
0,546,0.595914,-0.614701,0.204966,0.5,0.125,0.2,1,1,0.7
1,546,2.62284,0.628672,1.63637,1,0.5,0.16,0,0,0.8
0,546,-0.481548,0.241442,0.563517,0.2,0.333333,0.142857,1,1.16667,0.9
0,546,-0.498889,-0.77501,-0.804949,0.166667,0.111111,0.204545,1,1,1
1,547,-0.385454,0.192279,0.33723,0.2,0.25,0.142857,0,0.166667,0.1
0,547,-0.595288,-0.589336,-0.951834,0.111111,0.142857,0.166667,0,0.166667,0.2
0,547,-0.591541,-0.754287,-0.951834,0.142857,0.111111,0.0877193,0,0,0.3
0,547,-0.454153,-0.141615,-0.0462806,0.166667,0.2,0.132075,0,0.166667,0.4
0,547,-0.59503,-1.39832,-1.29731,0.125,0.1,0.076087,0,0,0.5
0,547,1.35646,1.11058,1.34844,0.5,0.5,0.15625,1,0.166667,0.6
1,547,2.4731,2.27372,1.77677,1,1,0.166667,1,0.166667,0.7
0,547,-0.162556,-0.713062,-0.0116399,0.333333,0.125,0.0824742,1,0.333333,0.8
0,547,-0.353059,0.292448,0.732821,0.25,0.333333,0.137255,1,0.333333,0.9
0,547,-0.692481,-0.272412,-0.936361,0.1,0.166667,0.0923077,1,0.5,1
0,548,-0.370837,-1.08678,-1.03757,0.166667,0.1,0.2,0,0,0.1
0,548,-0.0290476,-0.92976,0.413879,0.5,0.142857,0.192982,0,0,0.2
1,548,2.94232,1.38595,1.96881,1,1,0.163934,1,0.166667,0.3
0,548,-0.473281,-1.0244,-1.05471,0.142857,0.111111,0.123288,0,0,0.4
1,548,-0.109457,-0.774033,0.164467,0.25,0.166667,0.2,0,0,0.5
0,548,-0.651356,-0.935157,-1.43753,0.1,0.125,0.16,0,0,0.6
0,548,-0.492937,0.257494,-0.642534,0.111111,0.2,0.156863,1,0.166667,0.7
0,548,-0.265313,0.658595,0.373679,0.2,0.25,0.145833,0,0.166667,0.8
0,548,-0.0756802,1.14052,1.03463,0.333333,0.333333,0.155556,0,0.166667,0.9
0,548,-0.474408,1.30757,0.216882,0.125,0.5,0.105263,0,0,1
0,549,-0.733906,-0.534788,-0.683286,0.166667,0.125,0.272727,0,0,0.1
0,549,-0.798582,-0.431753,-1.07343,0.1,0.166667,0.257143,0,0,0.2
0,549,-0.175088,-0.295594,0.386594,0.2,0.25,0.322581,0,0,0.3
0,549,0.28421,0.989163,1.30811,0.333333,0.5,0.222222,0,0,0.4
1,549,1.32283,2.29378,1.79135,0.5,1,0.37037,1,0,0.5
0,549,-0.733906,-0.560838,-1.09117,0.142857,0.111111,0.257143,0,0,0.6
0,549,-0.746377,-0.456736,-1.09117,0.111111,0.142857,0.321429,0,0,0.7
1,549,2.30553,-1.38175,0.0797504,1,0.1,0.145455,1,0,0.8
0,549,0.0174986,0.77931,0.840094,0.25,0.333333,0.219512,0,0.166667,0.9
0,549,-0.742208,-0.400794,-0.466843,0.125,0.2,0.264706,0,0.166667,1
0,550,-0.295426,-0.828611,-0.77266,0.166667,0.111111,0.108333,0,0,0.1
0,550,-0.573957,-0.389571,-0.77266,0.111111,0.166667,0.129032,1,0.5,0.2
0,550,-0.609351,-0.176749,-0.751442,0.1,0.2,0.138462,1,0.5,0.3
0,550,-0.0666643,0.173905,0.938561,0.333333,0.333333,0.189189,1,0.166667,0.4
0,550,-0.271374,-0.562773,-0.409348,0.2,0.125,0.12963,0,0,0.5
0,550,-0.204024,0.0550529,0.5347,0.25,0.25,0.119048,1,0.166667,0.6
0,550,-0.534779,-0.491561,-0.783256,0.125,0.142857,0.15,1,0,0.7
1,550,2.92059,2.77188,1.78601,1,1,0.380282,0,0,0.8
0,550,-0.506399,-0.868815,-1.12535,0.142857,0.1,0.139241,1,0.5,0.9
1,550,0.141381,0.317246,1.35545,0.5,0.5,0.158416,1,0.5,1
0,551,0.431262,2.51231,1.64328,0.333333,1,0.0921053,1,0,0.1
0,551,0.0564806,0.60491,0.903927,0.2,0.5,0.12766,0,0,0.2
0,551,-0.725759,-0.057571,-0.493784,0.125,0.2,0.111111,0,0,0.3
0,551,-0.687705,-0.66506,-0.944817,0.142857,0.125,0.133333,1,0.166667,0.4
1,551,0.547135,-1.41073,-0.175331,0.5,0.1,0.103896,0,0,0.5
0,551,-1.03158,0.14434,-0.467015,0.111111,0.25,0.111111,1,0.166667,0.6
0,551,-0.282754,-0.313419,-0.50715,0.166667,0.142857,0.116667,0,0,0.7
0,551,0.242305,0.209816,0.888574,0.25,0.333333,0.148936,0,0,0.8
0,551,-1.04342,-0.827419,-1.78236,0.1,0.111111,0.0930233,0,0,0.9
1,551,2.49404,-0.197184,0.934677,1,0.166667,0.096,0,0,1
0,552,-0.501499,0.4047,0.17809,0.166667,0.25,0.0740741,0,0.333333,0.1
0,552,-0.963583,0.345637,-0.896971,0.1,0.2,0.0638298,1,0,0.2
0,552,1.03541,-0.673425,0.234847,0.5,0.125,0.0361446,0,0,0.3
0,552,-0.670033,-0.665536,-0.934945,0.125,0.142857,0.0727273,0,0,0.4
0,552,-0.422979,1.26982,0.894482,0.2,0.5,0.0655738,0,0.333333,0.5
0,552,2.42795,0.900822,1.62611,1,0.333333,0.111111,0,0.333333,0.6
1,552,0.030983,1.48116,1.38507,0.25,1,0.210526,1,0,0.7
0,552,-0.823655,-0.771415,-1.56252,0.111111,0.111111,0.0634921,0,0,0.8
1,552,0.463035,-1.84636,-0.422312,0.333333,0.1,0.0517241,1,0,0.9
0,552,-0.57563,-0.445407,-0.501851,0.142857,0.166667,0.0816327,0,0,1
1,553,0.326143,-0.423143,0.396993,0.333333,0.166667,0.0967742,0,0,0.1
0,553,-1.14018,-0.801792,-1.4744,0.1,0.125,0.129032,0,0,0.2
0,553,-0.440283,1.56405,0.632666,0.166667,0.5,0.210526,0,0,0.3
0,553,2.02176,1.85085,2.01931,1,1,0.212766,1,0,0.4
0,553,1.71356,-0.517791,0.424494,0.5,0.142857,0.15,0,0,0.5
1,553,-0.420173,-0.404084,0.16198,0.2,0.2,0.125,0,0,0.6
0,553,-0.662234,0.930331,-0.0132288,0.125,0.333333,0.0731707,0,0,0.7
0,553,-0.710524,-1.13622,-1.67059,0.111111,0.1,0.0775862,0,0,0.8
0,553,-0.442259,-0.253467,-0.0394872,0.142857,0.25,0.113924,0,0,0.9
0,553,-0.245809,-0.808725,-0.43773,0.25,0.111111,0.105882,0,0,1
0,554,1.8712,0.260857,1.25799,1,0.2,0.0316742,1,0,0.1
0,554,-0.139557,-1.63793,-1.46758,0.142857,0.1,0.0390625,0,0,0.2
0,554,-2.0218,0.402817,-0.724728,0.1,0.25,0.0625,0,0,0.3
0,554,-1.19993,1.23445,0.0302789,0.111111,0.5,0.0462963,0,0,0.4
0,554,0.0315884,-0.976267,-0.781339,0.166667,0.125,0.0412371,0,0,0.5
0,554,0.401952,1.66651,1.77657,0.333333,1,0.106383,0,0,0.6
1,554,-0.252486,-0.328877,-1.02145,0.125,0.142857,0.136364,1,0,0.7
0,554,0.747927,-1.18075,0.0302789,0.5,0.111111,0.0492958,0,0,0.8
0,554,0.215347,-0.0153279,-0.0606688,0.2,0.166667,0.0666667,0,0,0.9
1,554,0.345761,0.574523,0.960649,0.25,0.333333,0.0952381,1,0,1
0,555,-1.17236,-1.19419,-2.01816,0.1,0.125,0.0789474,1,0.833333,0.1
1,555,0.939538,0.815866,1.45252,0.333333,0.333333,0.125,1,0.166667,0.2
1,555,-0.119065,1.82306,1.49287,0.2,1,0.0869565,1,0.833333,0.3
0,555,-0.560886,0.00209224,-0.650656,0.142857,0.166667,0.056338,1,0.833333,0.4
0,555,1.35272,-0.708079,0.581046,0.5,0.142857,0.0810811,0,0,0.5
0,555,1.8397,-1.2346,0.108222,1,0.1,0.0754717,1,0.166667,0.6
0,555,-0.815246,0.848644,0.304481,0.125,0.5,0.056338,1,0.833333,0.7
0,555,-0.477312,0.382407,-0.0719962,0.166667,0.2,0.133333,1,0.833333,0.8
0,555,0.14681,-1.21093,-0.599164,0.25,0.111111,0.0862069,0,0,0.9
0,555,-1.1339,0.475734,-0.599164,0.111111,0.25,0.1,1,0.833333,1
0,556,-0.374937,1.15975,1.54642,0.25,1,0.137255,0,0.666667,0.1
0,556,-1.05856,-0.289681,-1.49977,0.1,0.142857,0.0657895,0,0,0.2
0,556,-0.451655,0.338943,-0.0619996,0.2,0.166667,0.122807,0,0.666667,0.3
0,556,-0.459939,0.705189,-0.0465453,0.142857,0.25,0.116667,0,0.666667,0.4
0,556,-0.459763,0.944552,0.74575,0.166667,0.5,0.132075,0,0.666667,0.5
0,556,-0.483857,0.468241,-0.776807,0.111111,0.2,0.109375,0,0.666667,0.6
1,556,2.29973,-0.852698,0.54911,1,0.125,0.101695,1,0,0.7
0,556,-0.084202,0.710865,1.25084,0.333333,0.333333,0.111111,0,0,0.8
0,556,-0.464944,-1.07179,-1.51328,0.125,0.111111,0.1,0,0,0.9
1,556,1.53812,-2.11336,-0.193711,0.5,0.1,0.0972222,1,0,1
0,557,0.405522,0.90511,0.729921,0.2,0.333333,0.111111,1,1,0.1
0,557,1.16639,1.44861,2.11958,0.5,1,0.139535,1,0.333333,0.2
0,557,1.72693,-0.876726,0.555993,1,0.125,0.131579,1,0.333333,0.3
0,557,-0.727822,-0.49186,-1.05694,0.125,0.142857,0.125,0,0,0.4
0,557,-1.57901,0.702682,-0.749909,0.1,0.25,0.166667,1,0.666667,0.5
1,557,-0.405043,-1.44755,-1.27012,0.166667,0.1,0.0877193,1,0.666667,0.6
0,557,0.558078,-1.29899,-0.522439,0.25,0.111111,0.121212,1,0.333333,0.7
0,557,-0.599254,1.26153,0.506641,0.142857,0.5,0.16129,1,0.666667,0.8
1,557,0.589151,-0.404045,0.473819,0.333333,0.166667,0.142857,1,0.666667,0.9
0,557,-1.13494,0.201244,-0.786544,0.111111,0.2,0.106383,1,0.666667,1
1,558,1.94215,-0.631742,0.579656,1,0.125,0.0645161,1,0,0.1
1,558,0.0693913,-0.0752565,0.201554,0.2,0.2,0.0535714,1,0.833333,0.2
0,558,-0.976729,-0.493108,-1.34605,0.111111,0.142857,0.0645161,0,0.166667,0.3
0,558,-0.211584,0.143864,0.209897,0.166667,0.25,0.0375,1,0.833333,0.4
0,558,0.255521,1.085,1.32958,0.25,0.5,0.0769231,1,0.833333,0.5
0,558,-0.965595,1.83031,0.579656,0.125,1,0.0740741,0,0,0.6
0,558,-0.956249,0.909398,0.234953,0.142857,0.333333,0.0833333,1,0.833333,0.7
0,558,-1.022,-1.7708,-2.3159,0.1,0.1,0.025974,0,0.166667,0.8
0,558,0.418433,-0.0842706,0.493985,0.333333,0.166667,0.0967742,1,0.833333,0.9
0,558,1.44666,-0.913397,0.0326644,0.5,0.111111,0.0588235,1,0.833333,1
0,559,-1.05118,-1.44124,-1.54208,0.111111,0.111111,0.0877193,1,0.333333,0.1
0,559,0.763785,-0.351341,-0.0137836,0.333333,0.125,0.0958904,0,0,0.2
0,559,0.1149,1.28527,1.11334,0.25,0.5,0.07,0,0,0.3
0,559,-1.11391,-1.96502,-1.93924,0.1,0.1,0.0869565,1,0.166667,0.4
1,559,2.18932,0.0992539,0.912809,1,0.166667,0.102941,0,0,0.5
0,559,1.08508,0.200005,0.882778,0.5,0.2,0.121212,0,0,0.6
0,559,-0.563304,0.453316,0.19674,0.142857,0.333333,0.0697674,0,0,0.7
0,559,-0.7032,0.249445,-0.251667,0.125,0.25,0.0582524,0,0,0.8
1,559,-0.273951,0.0689393,-0.271708,0.2,0.142857,0.146341,0,0,0.9
0,559,-0.44754,1.40137,0.912809,0.166667,1,0.192308,1,0.166667,1
0,560,-0.374178,0.986187,0.481922,0.142857,0.5,0.0892857,1,1.16667,0.1
0,560,-0.322853,-0.0248765,-0.0597138,0.166667,0.2,0.0594059,1,1.16667,0.2
0,560,-0.538125,-1.04573,-1.23476,0.125,0.125,0.0505051,0,0,0.3
0,560,-0.0232104,-0.0591797,0.450701,0.333333,0.166667,0.0694444,1,1.16667,0.4
1,560,2.90611,2.2407,2.29249,1,1,0.227273,1,1.16667,0.5
0,560,0.113748,-1.23752,-0.186569,0.5,0.1,0.0987654,0,0,0.6
1,560,-0.180994,-1.13038,-0.496949,0.25,0.111111,0.15,1,1.16667,0.7
0,560,-0.219427,0.296839,0.694308,0.2,0.333333,0.0909091,1,1.16667,0.8
0,560,-0.676595,-0.0883408,-1.22811,0.111111,0.142857,0.0396825,1,1.16667,0.9
0,560,-0.68448,0.0622936,-0.71332,0.1,0.25,0.0408163,1,1.16667,1
1,561,2.30313,0.1859,1.01793,1,0.166667,0.25,1,0.5,0.1
0,561,0.846383,-1.06959,0.258465,0.5,0.125,0.102041,1,1,0.2
0,561,-0.579172,-1.62035,-1.47839,0.142857,0.1,0.0740741,1,1,0.3
0,561,0.652047,1.12961,1.78965,0.333333,1,0.0983607,0,0,0.4
1,561,-0.655823,1.07863,0.258465,0.125,0.5,0.0714286,1,0,0.5
0,561,-0.161687,0.704726,0.445325,0.2,0.25,0.0581395,1,0.833333,0.6
0,561,-1.34478,-0.0786226,-1.47839,0.1,0.142857,0.0425532,1,0.333333,0.7
0,561,0.205608,-1.53791,-0.508613,0.25,0.111111,0.135135,1,0.5,0.8
0,561,-0.868105,0.321587,-0.765729,0.111111,0.2,0.078125,1,0.833333,0.9
0,561,-0.3976,0.886021,0.461279,0.166667,0.333333,0.128205,0,0.666667,1
0,562,-0.518504,1.09184,0.228625,0.125,0.5,0.18,1,0.833333,0.1
0,562,0.159264,-0.0888614,-0.0540597,0.2,0.166667,0.183333,1,0.833333,0.2
0,562,-0.209476,-1.23495,-0.910178,0.142857,0.125,0.16,1,0.833333,0.3
0,562,-1.19785,-1.33976,-1.52113,0.111111,0.111111,0.0779221,0,0,0.4
0,562,0.385656,0.54451,0.855997,0.333333,0.25,0.192982,1,0.833333,0.5
1,562,2.07554,1.65351,2.07542,1,1,0.272727,1,1.16667,0.6
0,562,0.332461,0.718173,0.855997,0.25,0.333333,0.243902,1,1.16667,0.7
1,562,0.80031,-1.37771,-0.168903,0.5,0.1,0.135593,1,0.333333,0.8
0,562,-1.73521,0.148775,-0.873209,0.1,0.2,0.111111,1,1,0.9
0,562,-0.092198,-0.115519,-0.488557,0.166667,0.142857,0.257143,1,0.333333,1
0,563,1.61129,-0.272772,0.593676,1,0.125,0.169231,1,1.33333,0.1
0,563,-0.852234,0.501602,-0.800733,0.1,0.25,0.173077,1,1.33333,0.2
0,563,-0.766194,-0.275792,-1.11331,0.166667,0.111111,0.118421,1,1.33333,0.3
0,563,-0.558571,-0.103144,-0.0670315,0.2,0.166667,0.181818,1,1.33333,0.4
0,563,-0.775812,-0.0655727,-0.332328,0.142857,0.2,0.1875,1,1.33333,0.5
0,563,0.284399,0.805096,1.36174,0.25,0.5,0.0552764,0,0,0.6
0,563,-0.814059,0.776356,-0.0168589,0.125,0.333333,0.142857,1,1.33333,0.7
0,563,-0.846528,-0.109126,-1.37861,0.111111,0.142857,0.0918367,1,1.33333,0.8
1,563,1.46691,-2.56876,-0.209432,0.5,0.1,0.222222,1,1.33333,0.9
1,563,1.2508,1.31211,1.96289,0.333333,1,0.227273,1,1.33333,1
0,564,-0.476382,0.609773,0.176428,0.166667,0.25,0.0425532,1,0,0.1
0,564,0.0224374,-0.0926607,0.400855,0.25,0.2,0.125,0,0,0.2
1,564,2.06772,1.10194,2.11199,1,1,0.138462,1,0.166667,0.3
0,564,0.26229,-0.215349,0.197488,0.333333,0.142857,0.0810811,0,0.166667,0.4
0,564,1.57266,-0.535876,0.0274559,0.5,0.111111,0.0895522,1,0.166667,0.5
0,564,-0.624127,-2.40194,-1.54208,0.125,0.1,0.0740741,0,0.166667,0.6
0,564,-0.282625,1.04164,0.886133,0.2,0.5,0.116279,0,0,0.7
0,564,-0.553515,-0.385562,-0.926218,0.142857,0.125,0.104167,0,0,0.8
1,564,-1.31225,-0.145493,-1.11302,0.1,0.166667,0.0606061,0,0,0.9
0,564,-0.676211,1.02353,-0.219034,0.111111,0.333333,0.0869565,1,0,1
0,565,0.339698,-0.0339685,0.769089,0.333333,0.25,0.0555556,0,0,0.1
0,565,-0.515877,-0.0855109,0.353919,0.25,0.2,0.0535714,1,0.666667,0.2
0,565,-0.528865,-0.437561,-0.817769,0.142857,0.125,0.0545455,0,0,0.3
1,565,1.51629,-0.266408,0.584228,0.5,0.166667,0.0519481,1,0.166667,0.4
0,565,2.25343,2.49312,1.86471,1,1,0.142857,1,0.166667,0.5
0,565,-0.525218,0.727241,0.584228,0.166667,0.5,0.0306122,1,0.666667,0.6
0,565,-0.589003,0.167491,-0.193388,0.111111,0.333333,0.03125,1,0.666667,0.7
0,565,-0.518172,-0.432074,-0.240805,0.2,0.142857,0.0555556,1,0.666667,0.8
1,565,-0.865599,-1.56438,-1.71869,0.1,0.1,0.0294118,1,0.666667,0.9
0,565,-0.566689,-0.567953,-1.18552,0.125,0.111111,0.0422535,0,0,1
0,566,-0.522634,-0.290554,-0.951721,0.142857,0.111111,0.103448,0,0,0.1
1,566,2.53598,0.878286,1.35508,1,0.333333,0.254902,0,0,0.2
0,566,-0.690712,-0.289795,-1.12948,0.111111,0.125,0.157143,0,0,0.3
0,566,-0.110757,0.163484,0.337189,0.25,0.2,0.224138,1,0.166667,0.4
0,566,-0.0139002,0.936223,1.14094,0.333333,0.5,0.111111,0,0,0.5
0,566,-0.941341,-2.6145,-1.63744,0.1,0.1,0.123457,0,0,0.6
0,566,-0.465983,1.04097,0.770751,0.166667,1,0.171053,1,0.166667,0.7
1,566,1.11604,0.400432,0.940076,0.5,0.25,0.170455,0,0,0.8
0,566,-0.301201,-0.273767,-0.229422,0.2,0.142857,0.192982,1,0,0.9
0,566,-0.605485,0.04922,-0.595965,0.125,0.166667,0.151899,1,0.333333,1
0,567,-0.550637,-0.647409,-0.825824,0.142857,0.142857,0.060241,0,0,0.1
1,567,0.107787,-0.947435,-0.291823,0.25,0.125,0.108696,1,0,0.2
0,567,-0.838401,-1.02014,-1.55109,0.125,0.111111,0.0574713,0,0,0.3
1,567,2.35643,1.06624,1.8609,1,0.333333,0.111111,1,0,0.4
0,567,-0.987032,1.46405,-0.19855,0.1,0.5,0.108696,0,0,0.5
0,567,1.1891,-1.3361,-0.19855,0.5,0.1,0.0869565,1,0,0.6
0,567,-0.191354,-0.0942083,0.195702,0.2,0.2,0.0724638,0,0,0.7
0,567,0.185904,0.224136,1.00625,0.333333,0.25,0.0724638,0,0,0.8
0,567,-0.351846,1.56324,1.05846,0.166667,1,0.0952381,0,0,0.9
0,567,-0.919957,-0.272375,-1.05547,0.111111,0.166667,0.0657895,0,0,1
0,568,-0.757122,-0.970471,-1.24631,0.111111,0.125,0.0918367,0,0.166667,0.1
0,568,-0.274082,0.652514,0.593706,0.2,0.333333,0.111111,0,0,0.2
0,568,-0.412458,-1.50896,-1.03309,0.166667,0.1,0.0854701,1,0.333333,0.3
0,568,-0.269557,0.101815,0.163758,0.25,0.166667,0.142857,1,0.166667,0.4
1,568,-0.423347,-0.571994,-0.663554,0.142857,0.142857,0.15873,1,0.166667,0.5
0,568,0.232959,-1.01325,-0.203304,0.333333,0.111111,0.0982143,0,0,0.6
0,568,-0.590892,0.195894,-0.4493,0.125,0.2,0.0989011,1,0.166667,0.7
0,568,0.655987,2.05286,1.72403,0.5,1,0.134831,0,0,0.8
1,568,2.70893,0.826693,1.72403,1,0.5,0.224138,1,0,0.9
0,568,-0.870415,0.234902,-0.609963,0.1,0.25,0.153846,0,0,1
0,569,-0.108038,-0.508174,0.182779,0.333333,0.142857,0.205479,1,0,0.1
0,569,-0.72383,0.14518,-1.03013,0.1,0.166667,0.0673575,0,0,0.2
0,569,-0.291074,-0.778187,-0.448011,0.2,0.125,0.295455,0,0,0.3
1,569,0.642724,0.951226,1.48347,0.5,0.5,0.164557,1,0,0.4
0,569,-0.581353,-0.831505,-1.43265,0.111111,0.111111,0.104,0,0.166667,0.5
1,569,2.79636,1.7208,1.9547,1,1,0.287671,1,0,0.6
0,569,-0.232875,-1.97563,-0.608213,0.25,0.1,0.156863,1,0.166667,0.7
0,569,-0.532978,0.153509,-0.448011,0.125,0.2,0.0860927,0,0,0.8
0,569,-0.509596,0.580464,0.182779,0.142857,0.333333,0.12381,1,0.333333,0.9
0,569,-0.45934,0.54231,0.163288,0.166667,0.25,0.133929,0,0,1
0,570,0.214188,-0.946612,0.0262697,0.5,0.111111,0.195122,1,1.16667,0.1
0,570,-0.108827,-0.55551,-0.0395155,0.25,0.142857,0.18,0,0,0.2
0,570,-0.0890413,0.138538,1.06192,0.333333,0.333333,0.12,1,1,0.3
0,570,-0.633582,0.119257,-0.438044,0.111111,0.25,0.14,1,1.16667,0.4
1,570,-0.296035,-0.586107,-0.677883,0.166667,0.125,0.179487,1,1.16667,0.5
0,570,-0.4086,0.276523,0.424798,0.142857,0.5,0.163265,1,1.16667,0.6
0,570,-0.574339,-0.233775,-0.677883,0.125,0.166667,0.194444,1,1,0.7
1,570,2.8813,2.7177,2.02075,1,1,0.424242,1,0.5,0.8
0,570,-0.208466,0.0192208,0.162096,0.2,0.2,0.12963,1,0.5,0.9
0,570,-0.7766,-0.949232,-1.86251,0.1,0.1,0.139535,1,1,1
0,571,0.50445,1.56331,1.50419,0.5,1,0.2,1,0.833333,0.1
1,571,-0.415636,0.384763,-0.220872,0.142857,0.2,0.108696,1,0.833333,0.2
1,571,2.65244,1.04584,1.50419,1,0.5,0.136364,1,0,0.3
0,571,0.192009,0.399888,0.705427,0.333333,0.25,0.11828,1,0.833333,0.4
0,571,-0.385177,0.043091,-0.226298,0.166667,0.166667,0.0980392,1,0.833333,0.5
0,571,-0.556348,-0.103666,-0.750077,0.125,0.142857,0.18,1,0.833333,0.6
0,571,-0.165756,0.649806,0.518,0.2,0.333333,0.10101,1,0.833333,0.7
0,571,-0.85701,-1.70019,-1.41499,0.111111,0.1,0.157895,0,0,0.8
0,571,0.152389,-0.8074,-0.204581,0.25,0.125,0.0967742,0,0,0.9
0,571,-1.12136,-1.47545,-1.41499,0.1,0.111111,0.0909091,0,0,1
0,572,0.189043,0.508102,0.792459,0.25,0.333333,0.111111,0,0.166667,0.1
0,572,-0.504697,0.326029,-0.248122,0.142857,0.2,0.15625,1,0.666667,0.2
0,572,0.782512,0.194058,0.179663,0.333333,0.142857,0.107692,0,0.5,0.3
0,572,1.56612,-1.22256,0.0249777,0.5,0.111111,0.0727273,0,0,0.4
1,572,1.77649,1.72731,1.92137,1,1,0.133333,1,0.833333,0.5
1,572,-0.988526,-2.02127,-1.58957,0.111111,0.1,0.0555556,1,0.5,0.6
0,572,-1.28847,-0.714638,-1.40289,0.1,0.125,0.0384615,0,0,0.7
0,572,-0.715278,0.276071,-0.644542,0.125,0.166667,0.108108,1,0.666667,0.8
0,572,-0.462062,0.369575,0.160504,0.166667,0.25,0.116279,1,1,0.9
0,572,-0.355131,0.55732,0.806151,0.2,0.5,0.0434783,1,0.666667,1
0,573,0.0239706,-0.732114,-0.190196,0.333333,0.111111,0.125,0,0.833333,0.1
1,573,2.7368,2.60563,1.83392,1,1,0.35,1,0.333333,0.2
0,573,-0.321164,0.328761,0.555426,0.2,0.333333,0.144737,1,0.333333,0.3
0,573,-0.421261,-0.802793,-1.15554,0.142857,0.1,0.166667,1,0.333333,0.4
0,573,-0.705143,-0.535063,-0.982452,0.111111,0.142857,0.0909091,1,0.833333,0.5
0,573,-0.89953,-0.51309,-0.966482,0.1,0.166667,0.1,1,0.833333,0.6
0,573,-0.501328,-0.689134,-0.987771,0.125,0.125,0.120482,1,0.833333,0.7
0,573,-0.231706,-0.439576,0.348077,0.25,0.2,0.0882353,0,0,0.8
0,573,-0.372458,-0.0597951,0.153199,0.166667,0.25,0.113402,0,0.833333,0.9
1,573,0.691818,0.83717,1.39182,0.5,0.5,0.121951,0,0.833333,1
0,574,-1.22236,0.514302,-0.158306,0.1,0.5,0.0943396,0,0.333333,0.1
0,574,-0.264414,0.277835,-0.0506679,0.166667,0.2,0.0424242,0,0.333333,0.2
0,574,-0.35568,-0.620196,-0.853073,0.142857,0.125,0.0980392,0,0.166667,0.3
0,574,0.0423376,-1.35834,-0.421667,0.25,0.111111,0.039548,0,0,0.4
1,574,1.29926,0.507413,1.24925,0.5,0.333333,0.135135,0,0,0.5
1,574,2.13749,2.17618,1.94521,1,1,0.173913,1,0.166667,0.6
0,574,-0.12659,-0.298051,-0.251201,0.2,0.142857,0.171429,0,0.166667,0.7
0,574,-0.835764,-0.27961,-0.65254,0.125,0.166667,0.08,0,0,0.8
0,574,-1.08173,-1.42038,-1.60929,0.111111,0.1,0.0517241,0,0,0.9
0,574,0.40745,0.500839,0.802291,0.333333,0.25,0.0630631,1,0.5,1
0,575,-0.0973749,-0.144854,-0.0436837,0.2,0.166667,0.135135,1,1.16667,0.1
0,575,-0.27988,0.182731,0.140096,0.166667,0.25,0.241379,1,1.16667,0.2
0,575,0.127807,-0.139222,0.318307,0.25,0.2,0.238806,1,1.16667,0.3
0,575,-0.962613,-0.690586,-1.22917,0.111111,0.111111,0.208333,1,1.16667,0.4
0,575,-0.966634,-0.634484,-1.22452,0.1,0.125,0.2,1,1.16667,0.5
0,575,0.924678,0.757026,1.27278,0.5,0.5,0.229508,0,0,0.6
1,575,2.35133,2.39457,1.67707,1,1,0.339623,0,0,0.7
1,575,0.531647,0.309918,0.881316,0.333333,0.333333,0.269841,1,1.16667,0.8
0,575,-0.670122,-1.55272,-1.05671,0.142857,0.1,0.181818,1,1.16667,0.9
0,575,-0.958835,-0.482378,-0.735483,0.125,0.142857,0.212766,1,1.16667,1
0,576,0.5272,1.06607,1.16642,0.333333,0.333333,0.102564,1,1.5,0.1
0,576,-0.936738,-1.51738,-1.62064,0.125,0.1,0.0804598,1,1.33333,0.2
0,576,0.0984139,-1.08154,-0.724379,0.2,0.111111,0.09,1,1.33333,0.3
0,576,-0.723296,1.56403,0.73414,0.142857,1,0.123077,1,1.33333,0.4
0,576,-1.32716,0.363835,-0.690639,0.1,0.25,0.0777778,1,1.33333,0.5
0,576,-1.18596,-0.101794,-0.96024,0.111111,0.166667,0.0933333,1,1.33333,0.6
1,576,0.285568,-0.0581147,0.421278,0.25,0.2,0.170732,1,0.333333,0.7
0,576,0.0825835,-0.726375,-0.522497,0.166667,0.142857,0.0952381,1,1.33333,0.8
0,576,1.61481,-0.791365,0.51205,1,0.125,0.169492,1,1.33333,0.9
1,576,1.56458,1.28263,1.68451,0.5,0.5,0.0990991,1,1.5,1
0,577,-1.02397,1.36698,-0.183202,0.1,0.5,0.0705882,0,0,0.1
1,577,1.94014,1.76318,2.25111,1,1,0.153846,0,0,0.2
0,577,0.789303,-0.0593886,0.681775,0.333333,0.2,0.0869565,0,0,0.3
0,577,-0.687944,-0.968198,-0.973874,0.166667,0.111111,0.103896,0,0,0.4
0,577,0.0977852,-0.745462,-0.515949,0.2,0.125,0.135802,0,0,0.5
0,577,0.153466,-1.39633,-0.700445,0.25,0.1,0.11828,0,0,0.6
0,577,-0.99349,1.01066,-0.233462,0.111111,0.333333,0.106061,0,0,0.7
0,577,-0.797605,-0.273779,-0.529915,0.142857,0.166667,0.156863,0,0,0.8
1,577,1.33315,-0.00501677,1.19119,0.5,0.25,0.0989011,1,0,0.9
0,577,-0.810846,-0.692645,-0.987228,0.125,0.142857,0.114286,0,0,1
0,578,-0.771445,-1.67678,-1.59851,0.1,0.1,0.115385,0,0,0.1
0,578,-0.65871,-0.909304,-0.929092,0.142857,0.111111,0.142857,0,0,0.2
0,578,0.277222,1.21269,1.11381,0.333333,0.5,0.123288,1,0.166667,0.3
0,578,-0.654133,0.197941,0.144878,0.166667,0.25,0.0963855,0,0,0.4
1,578,2.40718,-0.156418,0.936719,1,0.2,0.192308,1,0,0.5
0,578,-0.714731,-0.74555,-1.10263,0.111111,0.125,0.0952381,0,0,0.6
0,578,-0.662371,-0.191778,-0.581795,0.125,0.166667,0.16,0,0,0.7
0,578,0.0676144,0.474428,0.715312,0.25,0.333333,0.116883,0,0,0.8
0,578,-0.501455,-0.197839,-0.223967,0.2,0.142857,0.0841121,0,0,0.9
1,578,1.21083,1.9926,1.52527,0.5,1,0.160494,1,0.166667,1
0,579,0.837956,0.10865,0.743168,0.5,0.2,0.15625,1,1,0.1
0,579,-1.27118,-0.219529,-0.766278,0.111111,0.166667,0.0897436,1,0.5,0.2
0,579,0.794456,1.6146,1.35103,0.333333,1,0.102041,1,1,0.3
0,579,-0.490012,-0.564843,-0.776786,0.125,0.142857,0.105263,1,1,0.4
0,579,0.388147,0.531646,0.530283,0.25,0.25,0.166667,1,0.333333,0.5
0,579,0.300317,-1.32265,-0.57806,0.2,0.111111,0.157895,1,0,0.6
1,579,1.87648,1.35399,1.55775,1,0.5,0.164179,1,0.166667,0.7
1,579,-0.407405,-0.744235,-0.776786,0.142857,0.125,0.117647,1,1,0.8
0,579,-1.65653,-1.45301,-1.63255,0.1,0.1,0.208333,1,1,0.9
0,579,-0.372232,0.695377,0.348226,0.166667,0.333333,0.0825688,1,1,1
1,580,0.0304863,0.480986,0.389525,0.2,0.25,0.226415,1,0.333333,0.1
0,580,-0.387639,-0.261118,-0.900039,0.142857,0.125,0.08,0,0.166667,0.2
0,580,-0.143475,1.26723,0.643003,0.166667,0.5,0.19697,1,0.166667,0.3
0,580,-1.54863,-0.0799952,-1.08157,0.1,0.166667,0.169811,1,0.333333,0.4
1,580,2.29085,1.36361,2.0523,1,1,0.226667,1,0.166667,0.5
0,580,0.368911,0.229823,0.621563,0.333333,0.2,0.11215,0,0,0.6
0,580,-0.873143,-1.39346,-1.50419,0.111111,0.111111,0.123288,0,0,0.7
0,580,-0.688481,0.536667,-0.0134449,0.125,0.333333,0.192982,1,0.333333,0.8
0,580,0.0529567,-1.97972,-0.638584,0.25,0.1,0.138298,0,0.166667,0.9
0,580,0.898163,-0.164035,0.431429,0.5,0.142857,0.17284,0,0,1
0,581,0.529295,1.44257,1.30873,0.333333,0.5,0.0689655,0,0,0.1
0,581,-1.15462,-0.238395,-1.07394,0.1,0.166667,0.0724638,0,0,0.2
0,581,-0.179546,0.669116,0.617179,0.2,0.333333,0.0612245,0,0,0.3
0,581,-0.712826,-0.510473,-0.893691,0.125,0.142857,0.0520833,0,0,0.4
0,581,1.3774,0.225453,1.07833,0.5,0.25,0.130435,0,0,0.5
1,581,0.0788683,1.73672,1.32396,0.25,1,0.108108,1,0,0.6
1,581,2.05229,-1.75771,0.0797882,1,0.1,0.0909091,0,0,0.7
0,581,-0.25368,-0.177451,-0.0530804,0.166667,0.2,0.0821918,0,0,0.8
0,581,-0.587774,-0.693879,-0.893691,0.142857,0.125,0.0722892,0,0,0.9
0,581,-1.14941,-0.695954,-1.49358,0.111111,0.111111,0.114286,0,0,1
0,582,-0.908964,0.54983,-0.214638,0.111111,0.333333,0.119048,0,0,0.1
0,582,-0.365608,0.350932,-0.0404707,0.142857,0.25,0.148649,0,0,0.2
1,582,-0.290491,0.928785,0.868345,0.2,0.5,0.123596,0,0,0.3
0,582,-0.155564,1.40997,1.3446,0.25,1,0.0990991,1,0.333333,0.4
0,582,0.0911444,-0.188017,0.193524,0.333333,0.142857,0.0869565,1,0.5,0.5
0,582,-1.16241,-2.52542,-1.90754,0.1,0.1,0.114286,0,0,0.6
0,582,-0.311469,-0.389023,-0.895349,0.166667,0.111111,0.0970874,1,0.333333,0.7
0,582,1.13591,0.0303207,0.648423,0.5,0.166667,0.151163,0,0,0.8
1,582,2.44134,0.185095,1.11781,1,0.2,0.297297,1,0.5,0.9
0,582,-0.473888,-0.352474,-1.11471,0.125,0.125,0.146667,0,0,1
0,583,-0.82214,0.894898,-0.50787,0.1,0.5,0.0806452,1,1,0.1
0,583,0.149173,-0.375061,-0.122032,0.25,0.142857,0.0617284,0,0,0.2
1,583,1.8919,-1.76367,0.244339,1,0.1,0.0666667,0,0,0.3
0,583,-0.735127,1.07572,1.43966,0.125,1,0.1,1,1,0.4
0,583,-0.793744,0.631834,-1.35277,0.111111,0.25,0.0877193,1,1,0.5
1,583,1.78514,-1.67754,0.0811266,0.5,0.111111,0.103448,0,0,0.6
0,583,-0.682129,0.575208,-0.16255,0.166667,0.2,0.0694444,1,1,0.7
0,583,-0.69494,0.564543,-1.46903,0.142857,0.166667,0.0657895,1,1,0.8
0,583,0.404988,-0.643073,-0.0408826,0.333333,0.125,0.0543478,1,1,0.9
0,583,-0.50312,0.717151,1.89001,0.2,0.333333,0.0704225,1,1,1
0,584,-0.158751,-0.962248,-0.871998,0.2,0.1,0.0823529,0,0,0.1
0,584,0.185131,-0.492774,0.435684,0.5,0.142857,0.0803571,0,0,0.2
0,584,-0.351188,-0.376064,-0.487879,0.142857,0.166667,0.0983607,0,0,0.3
0,584,-0.830252,0.249319,-0.410554,0.1,0.333333,0.0789474,0,0,0.4
1,584,-0.779432,-0.879132,-1.31766,0.125,0.111111,0.15625,0,0,0.5
0,584,0.124175,0.451461,1.33102,0.333333,0.5,0.0695652,0,0,0.6
0,584,-0.168746,-0.561619,-0.695255,0.166667,0.125,0.134615,1,0.166667,0.7
0,584,-0.783763,0.179374,-0.449269,0.111111,0.25,0.0714286,0,0.166667,0.8
0,584,-0.0408356,-0.29468,0.393366,0.25,0.2,0.0808081,1,0.333333,0.9
1,584,2.80366,2.68636,2.07254,1,1,0.16,0,0,1
0,585,-0.522715,-0.949799,-0.80986,0.142857,0.125,0.097561,0,0,0.1
0,585,-0.441614,0.164953,-0.244334,0.166667,0.166667,0.134615,0,0.166667,0.2
0,585,2.24359,1.4349,1.84667,1,1,0.189655,0,0.333333,0.3
1,585,1.13481,1.059,1.40149,0.5,0.5,0.129412,1,0.5,0.4
1,585,-0.657932,0.36495,-0.423252,0.125,0.2,0.0909091,1,0.333333,0.5
0,585,0.170997,0.953988,0.761651,0.25,0.333333,0.0613497,0,0.333333,0.6
0,585,0.20813,-1.31494,-0.191518,0.333333,0.111111,0.0819672,0,0,0.7
0,585,-1.46831,-1.6302,-1.70206,0.1,0.1,0.0657895,0,0,0.8
0,585,-0.737511,0.436544,-0.400307,0.111111,0.25,0.0761905,1,0.166667,0.9
0,585,0.0705656,-0.519399,-0.238476,0.2,0.142857,0.0746269,1,0.166667,1
0,586,-0.728382,-0.208287,-0.970174,0.1,0.166667,0.162162,1,0.833333,0.1
0,586,-0.717613,0.207532,-0.190923,0.111111,0.333333,0.136364,1,0.833333,0.2
1,586,1.9315,2.59737,1.61903,0.5,1,0.295082,1,0,0.3
0,586,-0.68306,-1.03176,-1.17041,0.125,0.111111,0.109375,1,0.666667,0.4
0,586,-0.112401,-0.0982403,0.349407,0.25,0.2,0.15625,1,0.666667,0.5
0,586,-0.101785,-0.0172025,0.759284,0.333333,0.25,0.144928,0,0.166667,0.6
1,586,1.96012,0.586634,1.61903,1,0.5,0.194444,0,0,0.7
0,586,-0.649857,-1.14914,-1.15996,0.142857,0.1,0.101266,1,0.833333,0.8
0,586,-0.267363,-0.57529,-0.421937,0.2,0.125,0.130435,1,0.333333,0.9
0,586,-0.631159,-0.311611,-0.433358,0.166667,0.142857,0.112676,0,0,1
0,587,2.56951,1.29097,1.60555,1,0.333333,0.205882,0,0,0.1
0,587,-0.875259,-0.445972,-1.32631,0.1,0.142857,0.111111,1,1,0.2
0,587,0.28886,-1.02254,-0.25178,0.25,0.125,0.08,1,1,0.3
0,587,-0.701164,0.198756,-0.0411618,0.142857,0.25,0.116279,1,1,0.4
1,587,0.558082,-1.29523,-0.171306,0.5,0.1,0.0574713,0,0,0.5
0,587,-0.0542797,-0.058261,0.168849,0.2,0.2,0.0638298,0,0,0.6
0,587,-0.712056,-0.424239,-0.706125,0.125,0.166667,0.185185,1,1,0.7
0,587,-0.625432,1.5331,0.913218,0.166667,1,0.104167,1,1,0.8
1,587,0.385553,1.29769,1.35183,0.333333,0.5,0.139535,1,1,0.9
0,587,-0.833812,-1.07427,-1.54277,0.111111,0.111111,0.0769231,1,1,1
0,588,-0.670911,0.644901,-0.563612,0.125,0.25,0.175,1,0.666667,0.1
0,588,0.00379403,-2.10381,-0.933398,0.333333,0.1,0.0633803,0,0,0.2
0,588,-0.110427,-0.12404,-0.608492,0.2,0.142857,0.0941176,1,0.666667,0.3
1,588,0.00164215,-0.823934,-0.563612,0.25,0.125,0.138462,1,0.666667,0.4
0,588,-0.7112,0.690382,-0.488673,0.111111,0.333333,0.132075,0,0,0.5
0,588,-0.578835,0.952858,0.99053,0.142857,0.5,0.135593,0,0,0.6
1,588,2.77367,0.626333,2.54495,1,0.2,0.272727,0,0,0.7
0,588,0.481209,-1.18952,0.061255,0.5,0.111111,0.121622,1,0.666667,0.8
0,588,-0.775009,1.10601,0.184489,0.1,1,0.157895,1,0.666667,0.9
0,588,-0.413938,0.220824,-0.623438,0.166667,0.166667,0.163265,0,0,1
0,589,-0.00211481,0.739161,0.734347,0.2,0.5,0.195652,1,1.33333,0.1
1,589,0.943796,1.0941,1.335,0.333333,1,0.227273,1,1.33333,0.2
0,589,1.80681,0.513533,1.335,1,0.333333,0.209677,1,1.33333,0.3
0,589,-1.09138,-1.11446,-1.11274,0.125,0.111111,0.09375,1,1.5,0.4
0,589,-1.30429,-0.0745189,-1.27793,0.1,0.125,0.1,1,1.5,0.5
1,589,1.14039,0.312945,0.548362,0.5,0.166667,0.206897,1,1.33333,0.6
0,589,-1.16221,-2.49053,-1.44798,0.111111,0.1,0.06,1,0.333333,0.7
0,589,-0.213724,0.42264,-0.0455893,0.166667,0.2,0.179487,1,1.33333,0.8
0,589,0.293936,0.507998,0.523989,0.25,0.25,0.155172,1,1.33333,0.9
0,589,-0.411201,0.089125,-0.59244,0.142857,0.142857,0.103448,1,1.33333,1
0,590,-0.504977,-1.25975,-0.921187,0.166667,0.1,0.137931,0,0,0.1
0,590,-0.62733,-0.646736,-0.591677,0.142857,0.142857,0.184211,0,0,0.2
0,590,0.137882,0.359572,0.918576,0.333333,0.333333,0.162791,0,0.166667,0.3
0,590,0.0415235,-0.172456,0.146019,0.25,0.166667,0.156863,0,0,0.4
0,590,-0.152706,0.218216,0.331765,0.2,0.25,0.0833333,0,0,0.5
0,590,-0.829304,-0.784896,-1.11131,0.111111,0.125,0.0909091,0,0.166667,0.6
1,590,2.53657,2.04837,1.74798,1,1,0.309524,1,0,0.7
0,590,-0.705475,-1.10926,-1.11131,0.125,0.111111,0.117647,0,0,0.8
1,590,0.969065,1.32102,1.32659,0.5,0.5,0.22,0,0,0.9
0,590,-0.865254,0.0259188,-0.735442,0.1,0.2,0.076087,0,0,1
0,591,0.380378,-0.198686,0.742614,0.5,0.2,0.0601504,1,0,0.1
0,591,-0.498805,-0.550174,-0.953305,0.125,0.125,0.0617284,0,0,0.2
0,591,-0.087698,-0.809256,-0.383673,0.25,0.111111,0.121212,0,0,0.3
0,591,0.016537,0.424998,1.13668,0.333333,0.5,0.0945946,1,0.166667,0.4
0,591,-0.183395,0.00672517,0.335932,0.2,0.25,0.0921053,1,0.333333,0.5
0,591,-0.279118,0.0437625,0.347967,0.166667,0.333333,0.0740741,1,0.166667,0.6
0,591,-0.714243,-0.428882,-0.948172,0.111111,0.142857,0.0909091,0,0,0.7
0,591,-0.285818,-0.291277,-0.416645,0.142857,0.166667,0.0747664,1,0.333333,0.8
1,591,2.76649,2.76238,1.76993,1,1,0.342105,1,0,0.9
1,591,-1.11432,-0.959592,-1.63134,0.1,0.1,0.0909091,0,0.333333,1
0,592,0.357198,1.22504,1.01098,0.25,0.5,0.156863,1,0.166667,0.1
0,592,-0.306878,-1.27105,-1.0235,0.142857,0.111111,0.140351,0,0,0.2
0,592,0.619223,0.432235,0.801613,0.5,0.2,0.121951,0,0,0.3
0,592,-1.24218,0.560041,-0.198143,0.111111,0.333333,0.122449,1,0.166667,0.4
0,592,-1.05655,0.513192,-0.228528,0.125,0.25,0.0598291,1,0.166667,0.5
1,592,2.16259,1.44644,1.91055,1,1,0.130435,1,0.166667,0.6
1,592,0.455034,-0.216816,0.178651,0.333333,0.142857,0.0757576,1,0.333333,0.7
0,592,-1.33554,-1.64146,-1.76094,0.1,0.1,0.113208,1,0,0.8
0,592,0.235714,0.0834485,-0.0497653,0.2,0.166667,0.0746269,1,0.333333,0.9
0,592,0.111387,-1.13106,-0.640915,0.166667,0.125,0.0447761,1,0.333333,1
0,593,-0.809829,-0.0658656,-0.733377,0.111111,0.2,0.130435,0,0,0.1
0,593,2.43683,-0.652212,0.743259,1,0.142857,0.16,0,0,0.2
0,593,-0.408697,0.92831,0.44179,0.166667,0.333333,0.145833,0,0.166667,0.3
0,593,-0.388122,-0.786335,-0.515045,0.2,0.125,0.114754,0,0,0.4
0,593,-0.110926,1.40211,1.1891,0.25,0.5,0.104651,0,0.166667,0.5
0,593,0.228404,1.5146,1.71404,0.333333,1,0.0769231,1,0.166667,0.6
1,593,1.18784,-1.23425,0.0292131,0.5,0.111111,0.116883,1,0,0.7
0,593,-0.876892,-0.220724,-1.18426,0.1,0.166667,0.076087,0,0,0.8
0,593,-0.790463,-1.40873,-1.64077,0.125,0.1,0.0833333,0,0,0.9
1,593,-0.468146,0.523105,-0.043943,0.142857,0.25,0.132075,1,0.166667,1
0,594,0.132232,-0.0613195,0.540283,0.333333,0.2,0.105263,1,0.833333,0.1
1,594,0.0708747,0.488138,0.735773,0.25,0.333333,0.084507,1,0.833333,0.2
0,594,-0.521056,-0.962143,-0.955668,0.142857,0.111111,0.0806452,0,0,0.3
0,594,-0.606973,-0.156768,-0.598437,0.125,0.166667,0.0888889,0,0,0.4
1,594,2.81698,2.27744,1.78393,1,1,0.107692,1,0,0.5
0,594,-0.65229,-0.944082,-1.13417,0.111111,0.125,0.0816327,1,0.833333,0.6
0,594,-0.468494,0.351585,0.149022,0.166667,0.25,0.0746269,0,0,0.7
0,594,0.342576,-0.714382,0.375013,0.5,0.142857,0.0923077,1,0.833333,0.8
0,594,-0.655814,-1.15336,-1.64423,0.1,0.1,0.0851064,1,0.833333,0.9
0,594,-0.458033,0.874895,0.748485,0.2,0.5,0.125,1,0.833333,1
0,595,-0.436632,0.216879,0.187045,0.2,0.2,0.0697674,0,0.333333,0.1
0,595,-0.51261,0.68626,0.218039,0.142857,0.333333,0.107143,0,0.333333,0.2
0,595,0.487828,-0.278417,0.490181,0.5,0.142857,0.0666667,0,0,0.3
1,595,2.78643,1.8458,2.33178,1,1,0.166667,1,0,0.4
0,595,0.0385302,-1.92464,-0.725545,0.25,0.1,0.0470588,0,0,0.5
1,595,-0.654583,-0.123533,-1.00877,0.111111,0.166667,0.0731707,1,0,0.6
0,595,-0.479428,0.747301,0.730566,0.166667,0.5,0.0555556,0,0,0.7
0,595,0.0912198,-1.21298,-0.241828,0.333333,0.111111,0.0566038,0,0.333333,0.8
0,595,-0.705486,0.373307,-0.725545,0.1,0.25,0.0545455,0,0,0.9
0,595,-0.615271,-0.329979,-1.25592,0.125,0.125,0.0731707,0,0,1
0,596,-0.030531,0.561751,0.719081,0.25,0.333333,0.060241,0,0,0.1
0,596,-0.68402,-0.576254,-0.399596,0.125,0.2,0.0392157,0,0,0.2
0,596,0.0613166,0.463744,0.719081,0.333333,0.25,0.0943396,0,0.333333,0.3
0,596,-0.100668,-0.609752,-0.225148,0.2,0.142857,0.0892857,0,0,0.4
0,596,-0.367491,-0.800074,-0.754253,0.166667,0.111111,0.0487805,0,0,0.5
0,596,-0.775824,-0.581377,-0.754253,0.111111,0.166667,0.0512821,0,0,0.6
1,596,0.82754,0.943888,1.32316,0.5,0.5,0.05,1,0,0.7
0,596,-1.1269,-0.765693,-1.27299,0.1,0.125,0.05,0,0.333333,0.8
0,596,-0.38717,-0.958278,-1.09854,0.142857,0.1,0.0420168,0,0.333333,0.9
1,596,2.58374,2.32204,1.74346,1,1,0.134615,1,0,1
0,597,-0.768539,-0.180645,-0.622758,0.111111,0.2,0.225806,0,0,0.1
0,597,-0.213464,-0.172908,0.571287,0.25,0.25,0.140625,0,0,0.2
0,597,-0.481811,-0.112839,0.178433,0.142857,0.333333,0.177778,0,0,0.3
0,597,0.904032,1.56583,1.4482,0.5,0.5,0.119048,0,0,0.4
0,597,-0.331703,-0.358549,-0.640131,0.166667,0.125,0.147541,0,0,0.5
0,597,-0.704641,-0.295059,-0.640131,0.125,0.166667,0.2,0,0,0.6
0,597,-0.218536,-0.306873,-0.246424,0.2,0.142857,0.107527,1,0,0.7
0,597,-0.922191,-0.757594,-1.57869,0.1,0.111111,0.107692,0,0,0.8
1,597,2.60626,2.09786,1.90822,1,1,0.1875,0,0,0.9
1,597,0.130598,-1.47923,-0.378003,0.333333,0.1,0.0740741,1,0,1
1,598,2.82723,-1.00101,0.728751,1,0.125,0.119403,0,0.333333,0.1
0,598,-0.0128144,1.24936,1.67157,0.25,0.5,0.0952381,1,0.833333,0.2
0,598,-0.602221,0.462298,-0.377852,0.125,0.25,0.0603448,1,0.833333,0.3
1,598,0.0686937,0.0894599,0.621043,0.333333,0.166667,0.0945946,1,1,0.4
0,598,-0.749627,-1.14211,-2.31527,0.111111,0.111111,0.117647,1,1.16667,0.5
0,598,0.208967,-1.29159,-0.257083,0.5,0.1,0.0923077,0,0,0.6
0,598,-0.0344449,0.441459,0.253396,0.2,0.2,0.0842105,1,0.833333,0.7
0,598,-0.500046,0.490406,0.295385,0.142857,0.333333,0.112903,0,0,0.8
0,598,-0.436292,-0.983516,-0.743619,0.166667,0.142857,0.0892857,1,0.833333,0.9
0,598,-0.769443,1.68524,0.123684,0.1,1,0.0923077,0,0.5,1
0,599,-0.40377,0.157571,-0.0536753,0.166667,0.2,0.258065,0,0,0.1
0,599,-0.432153,-0.0789407,-0.485084,0.142857,0.166667,0.233333,1,0.166667,0.2
0,599,-0.901888,1.11506,-0.167702,0.1,0.5,0.119403,1,0,0.3
0,599,-0.541287,-0.12892,-0.903707,0.125,0.142857,0.105263,0,0,0.4
1,599,2.58705,0.272012,1.3388,1,0.25,0.227273,1,0.166667,0.5
0,599,1.09708,1.62703,1.81228,0.5,1,0.15625,0,0,0.6
1,599,-0.660074,-0.540102,-1.31011,0.111111,0.125,0.119403,0,0,0.7
0,599,-0.333782,-2.2496,-0.867001,0.2,0.1,0.117647,0,0,0.8
0,599,-0.294333,-0.643919,-0.446695,0.25,0.111111,0.166667,0,0,0.9
0,599,-0.116845,0.469807,1.0829,0.333333,0.333333,0.173913,0,0,1
0,600,-0.548091,-0.627805,-0.747056,0.166667,0.111111,0.0804598,0,0,0.1
0,600,-0.656777,-0.458173,-1.09786,0.111111,0.125,0.115385,1,0.333333,0.2
0,600,-0.118811,0.22844,0.907458,0.333333,0.333333,0.0777778,1,0.333333,0.3
0,600,-0.354681,-0.373939,0.327749,0.25,0.2,0.115942,0,0.166667,0.4
1,600,2.23267,1.22814,1.51868,1,0.5,0.244444,1,0,0.5
0,600,-0.356687,-0.110842,0.327749,0.2,0.25,0.137931,0,0.166667,0.6
0,600,-0.722193,-0.419013,-0.910038,0.1,0.166667,0.0877193,1,0.333333,0.7
0,600,-0.565883,-1.35826,-1.08806,0.142857,0.1,0.0673077,0,0,0.8
0,600,1.68099,2.3375,1.51868,0.5,1,0.3125,0,0,0.9
1,600,-0.590544,-0.446046,-0.7573,0.125,0.142857,0.172414,1,0,1
0,601,-0.398039,0.320324,0.37006,0.2,0.25,0.0857143,0,0.666667,0.1
1,601,0.635268,0.699959,1.25216,0.5,0.333333,0.116667,0,0.666667,0.2
0,601,2.78175,2.02306,1.94975,1,1,0.206897,0,0,0.3
0,601,-0.481015,-0.658479,-0.458973,0.166667,0.142857,0.1,1,0,0.4
1,601,0.0930825,-1.04692,-0.0127731,0.333333,0.125,0.0461538,0,0,0.5
0,601,-0.307128,0.0730711,0.37006,0.25,0.2,0.12766,0,0.666667,0.6
0,601,-0.587675,-1.20582,-1.61305,0.111111,0.1,0.0508475,0,0,0.7
0,601,-0.678979,1.0505,-0.158676,0.1,0.5,0.153846,1,0,0.8
0,601,-0.53906,-0.162142,-0.654063,0.125,0.166667,0.0833333,0,0.666667,0.9
0,601,-0.518204,-1.09355,-1.0445,0.142857,0.111111,0.0847458,0,0.666667,1
0,602,0.984389,-0.79743,0.200455,0.5,0.125,0.189189,0,0,0.1
0,602,-0.696936,-0.565133,-0.615954,0.142857,0.142857,0.147059,0,0,0.2
0,602,-0.137945,-0.425865,-0.0473988,0.2,0.166667,0.193548,1,0,0.3
1,602,-0.995788,-0.420641,-0.59387,0.111111,0.2,0.0707071,1,0.666667,0.4
0,602,-0.474355,0.00219767,0.152011,0.166667,0.25,0.107692,1,0.666667,0.5
0,602,2.05792,1.4854,1.60036,1,0.5,0.136364,0,0,0.6
0,602,-0.896623,-0.871848,-1.15691,0.125,0.111111,0.0641026,1,0.166667,0.7
0,602,0.903977,2.11143,1.38798,0.333333,1,0.205882,1,0.666667,0.8
1,602,-1.13921,-1.00991,-1.6772,0.1,0.1,0.08,1,0.833333,0.9
0,602,0.394577,0.491805,0.750526,0.25,0.333333,0.0813953,1,0.666667,1
0,603,-0.714944,-0.457211,-0.938128,0.111111,0.142857,0.137255,1,0,0.1
1,603,0.645208,1.8623,1.54011,0.5,1,0.135802,0,0.166667,0.2
0,603,-0.561478,-0.0474435,-0.412232,0.142857,0.166667,0.0792079,0,0,0.3
0,603,-0.920633,-1.29159,-1.44877,0.1,0.111111,0.1,0,0,0.4
0,603,-0.491254,0.842541,0.344281,0.166667,0.333333,0.153846,0,0,0.5
1,603,2.63027,0.903101,1.54011,1,0.5,0.139785,0,0.166667,0.6
0,603,0.443209,0.166001,0.530367,0.333333,0.2,0.144928,0,0,0.7
0,603,-0.372224,-1.66155,-0.736792,0.2,0.1,0.0697674,1,0,0.8
0,603,-0.644149,-0.537923,-0.943207,0.125,0.125,0.131148,0,0,0.9
0,603,-0.0140018,0.221774,0.524275,0.25,0.25,0.12,0,0,1
1,604,1.14296,1.83455,1.54737,0.5,1,0.313725,1,0.666667,0.1
0,604,0.874382,0.302991,0.924603,0.333333,0.333333,0.170455,0,0.166667,0.2
1,604,2.02617,1.80765,1.54737,1,0.5,0.25,0,0.166667,0.3
0,604,-0.782951,-0.181942,-0.403261,0.125,0.2,0.190476,1,0.666667,0.4
0,604,-0.808209,-0.537105,-0.942553,0.111111,0.142857,0.170213,1,0.333333,0.5
0,604,0.523189,-0.504181,0.146977,0.25,0.166667,0.179104,0,0,0.6
0,604,-0.944262,-0.726026,-1.45561,0.1,0.111111,0.152174,0,0,0.7
0,604,-0.576524,-1.32314,-0.740267,0.2,0.1,0.0761905,1,0.333333,0.8
0,604,-0.755915,-0.648701,-0.771608,0.142857,0.125,0.166667,1,0.333333,0.9
0,604,-0.698838,-0.024098,0.146977,0.166667,0.25,0.175,1,0.666667,1
0,605,0.607686,0.244664,0.947463,0.333333,0.25,0.0714286,0,0,0.1
0,605,-0.113313,-1.72561,-0.966514,0.2,0.1,0.109091,1,0.666667,0.2
1,605,2.32989,1.9532,2.29718,1,1,0.106061,1,0.5,0.3
0,605,-0.873736,0.750107,-0.23824,0.111111,0.333333,0.0724638,0,0,0.4
0,605,-0.849257,-0.463014,-1.00743,0.125,0.142857,0.0714286,0,0,0.5
1,605,1.03331,-0.218192,0.719727,0.5,0.166667,0.0895522,1,0.333333,0.6
0,605,0.0473167,-0.940627,-0.497966,0.25,0.111111,0.06,1,0.5,0.7
0,605,-0.728254,-0.472407,-1.00743,0.142857,0.125,0.0582524,0,0,0.8
0,605,-0.571897,-0.210096,-0.0598361,0.166667,0.2,0.0550459,0,0,0.9
0,605,-0.88174,1.08197,-0.186951,0.1,0.5,0.0625,1,0.666667,1
1,606,-0.92097,-1.90091,-1.2753,0.125,0.1,0.08,0,0,0.1
0,606,-1.40356,-0.326613,-0.920477,0.1,0.166667,0.0625,0,0,0.2
0,606,1.10274,0.804491,0.924238,0.5,0.25,0.0714286,0,0,0.3
0,606,-0.597108,-0.501722,-0.585925,0.166667,0.125,0.0625,1,0,0.4
1,606,1.65897,0.941653,1.33225,1,0.333333,0.123077,1,0.166667,0.5
0,606,-0.6239,-0.410894,-0.591221,0.142857,0.142857,0.0833333,0,0,0.6
0,606,0.770006,1.13872,1.12172,0.333333,0.5,0.0650407,1,0.333333,0.7
0,606,-1.11264,-1.10204,-1.28015,0.111111,0.111111,0.0740741,0,0.166667,0.8
0,606,0.527867,0.010414,0.140107,0.2,0.2,0.0674157,1,0.333333,0.9
0,606,0.598597,1.34689,1.13477,0.25,1,0.118644,1,0.333333,1
0,607,-0.981249,-1.70895,-1.68626,0.1,0.1,0.0879121,0,0,0.1
0,607,0.739892,0.384113,0.554095,0.333333,0.2,0.150685,0,0,0.2
0,607,0.997256,-0.214363,0.573207,0.5,0.166667,0.122807,0,0,0.3
0,607,-0.284268,-0.781805,-0.419324,0.2,0.125,0.128571,0,0,0.4
0,607,-0.969625,-0.800588,-1.34091,0.111111,0.111111,0.0860215,0,0,0.5
1,607,2.21114,2.09562,1.82953,1,1,0.152542,1,0,0.6
1,607,0.332721,0.628931,0.968105,0.25,0.5,0.163934,0,0,0.7
0,607,-0.802192,0.400052,-0.218837,0.125,0.25,0.235294,0,0,0.8
0,607,-0.791419,0.58442,0.171075,0.142857,0.333333,0.242424,0,0,0.9
0,607,-0.452251,-0.587424,-0.430674,0.166667,0.142857,0.0743802,0,0,1
1,608,1.89121,-0.610874,0.453468,1,0.125,0.145455,1,0.333333,0.1
0,608,0.496152,1.06997,1.04014,0.25,0.5,0.18,0,0,0.2
0,608,-0.548938,-1.16554,-1.05303,0.142857,0.111111,0.0747664,0,0,0.3
0,608,1.42519,1.98168,1.72873,0.5,1,0.15625,1,0.333333,0.4
0,608,-1.24947,0.131626,-0.611626,0.1,0.25,0.0720721,0,0,0.5
0,608,-0.713289,-1.57752,-1.43523,0.125,0.1,0.135135,0,0,0.6
0,608,0.515365,0.719781,1.03297,0.333333,0.333333,0.144928,1,0.166667,0.7
0,608,-0.342744,-0.114469,-0.0512008,0.2,0.166667,0.0686275,1,0.166667,0.8
1,608,-0.34553,-0.0371322,-0.0512008,0.166667,0.2,0.137931,0,0,0.9
0,608,-1.12794,-0.397516,-1.05303,0.111111,0.142857,0.156863,1,0.333333,1
1,609,2.43972,0.991407,1.63814,1,0.5,0.1,1,0,0.1
0,609,-0.660973,0.369845,-0.624847,0.125,0.166667,0.0789474,1,1.33333,0.2
0,609,-0.584838,0.419557,0.149414,0.2,0.2,0.06,1,1.33333,0.3
0,609,1.00681,1.41351,1.63814,0.5,1,0.115385,1,1.33333,0.4
1,609,0.203978,-1.68831,-0.579574,0.25,0.1,0.0526316,1,1.33333,0.5
0,609,-0.615339,-1.16884,-0.997842,0.142857,0.111111,0.0428571,1,1.33333,0.6
0,609,-0.731911,-1.14794,-1.18422,0.111111,0.125,0.037037,1,1.33333,0.7
0,609,0.420284,0.797835,0.97884,0.333333,0.333333,0.0869565,1,1.33333,0.8
0,609,-0.862886,0.523828,-0.579574,0.1,0.25,0.0740741,1,1.33333,0.9
0,609,-0.614846,-0.510881,-0.438472,0.166667,0.142857,0.0352941,1,1.33333,1
1,610,1.76224,2.08268,1.44039,0.5,1,0.09375,1,0,0.1
1,610,2.21703,1.91449,1.44039,1,0.5,0.0657895,1,0,0.2
0,610,-0.497408,-0.499646,0.860677,0.333333,0.333333,0,0,0,0.3
0,610,-0.497408,-0.499646,0.490329,0.25,0.25,0,0,0,0.4
0,610,-0.497408,-0.499646,0.131377,0.2,0.2,0,0,0,0.5
0,610,-0.497408,-0.499646,-0.216698,0.166667,0.166667,0,0,0,0.6
0,610,-0.497408,-0.499646,-0.554383,0.142857,0.142857,0,0,0,0.7
0,610,-0.497408,-0.499646,-0.882136,0.125,0.125,0,0,0,0.8
0,610,-0.497408,-0.499646,-1.20039,0.111111,0.111111,0,0,0,0.9
0,610,-0.497408,-0.499646,-1.50955,0.1,0.1,0,0,0,1
1,611,0.557829,-1.25756,-0.230658,0.333333,0.111111,0.0821918,1,0.666667,0.1
0,611,-0.694723,-0.45626,-0.752833,0.142857,0.142857,0.104167,1,1,0.2
0,611,1.72764,0.969557,1.69642,1,0.333333,0.109091,1,0.666667,0.3
0,611,0.331055,0.0475615,0.178405,0.2,0.2,0.108696,1,0.5,0.4
0,611,1.39682,1.1075,1.68791,0.5,0.5,0.0943396,1,0.666667,0.5
0,611,-1.14414,-1.57005,-1.84,0.111111,0.1,0.137931,0,0,0.6
0,611,-0.56523,-0.0608107,-0.294269,0.166667,0.166667,0.135135,1,0.5,0.7
0,611,0.501392,-0.967917,-0.26603,0.25,0.125,0.106061,0,0,0.8
1,611,-1.2187,1.44201,0.0870805,0.1,1,0.0888889,1,1,0.9
0,611,-0.891944,0.745966,-0.26603,0.125,0.25,0.0961538,0,0,1
0,612,-0.68326,-0.650983,-1.624,0.1,0.125,0.0555556,1,1.16667,0.1
1,612,2.61504,2.6161,2.2242,1,1,0.16,1,0,0.2
1,612,-0.251887,0.261605,0.665886,0.25,0.25,0.0689655,1,1,0.3
0,612,-0.63447,0.31401,0.207979,0.142857,0.333333,0.125,1,1,0.4
0,612,0.99484,-0.530907,0.467565,0.5,0.142857,0.0684932,0,0.166667,0.5
0,612,-0.63447,0.515047,0.245014,0.125,0.5,0.125,1,1,0.6
0,612,0.12122,-1.01649,-0.440596,0.333333,0.1,0.0324675,1,1,0.7
0,612,-0.53005,-0.868227,-0.962229,0.166667,0.111111,0.0444444,1,1,0.8
0,612,-0.646598,-0.20588,-0.72588,0.111111,0.2,0.103448,1,1,0.9
0,612,-0.350361,-0.434275,-0.0579349,0.2,0.166667,0.0576923,0,0,1
1,613,-0.679947,-1.31588,-1.46919,0.125,0.1,0.0485437,1,0,0.1
0,613,0.707556,-0.666002,-0.013182,0.333333,0.125,0.0786517,0,0,0.2
0,613,0.208289,2.38585,1.30729,0.25,1,0.0377358,0,0,0.3
0,613,2.15737,0.632807,1.76963,1,0.5,0.125,0,0,0.4
0,613,-0.28585,0.0992746,-0.0524122,0.166667,0.2,0.0434783,1,0.333333,0.5
0,613,-0.0298432,-0.0691526,-0.0524122,0.2,0.166667,0.0793651,0,0,0.6
0,613,0.821903,-0.610075,0.422993,0.5,0.142857,0.0752688,0,0.166667,0.7
0,613,-1.64657,-1.0745,-1.66469,0.1,0.111111,0.0206186,0,0.166667,0.8
0,613,-0.832842,0.312466,-0.208682,0.111111,0.333333,0.0555556,1,0.333333,0.9
1,613,-0.420064,0.305219,-0.0393477,0.142857,0.25,0.0352113,1,0.333333,1
0,614,0.277072,0.451013,0.469146,0.25,0.2,0.230769,0,1,0.1
1,614,1.72697,-1.82016,0.0967801,1,0.1,0.117647,0,1,0.2
0,614,-0.767557,-0.31421,-1.08401,0.125,0.142857,0.115385,1,0.333333,0.3
0,614,-0.601194,0.866793,0.469146,0.2,0.25,0.275,0,1,0.4
1,614,1.24286,1.14908,1.88538,0.333333,1,0.3,1,1.16667,0.5
0,614,-1.12297,0.0654245,-1.30265,0.1,0.166667,0.157143,0,1,0.6
0,614,-0.601194,0.937909,0.774437,0.166667,0.5,0.275,0,1.16667,0.7
0,614,1.31237,-1.36172,0.0321334,0.5,0.111111,0.0865385,0,0,0.8
0,614,-0.84635,-0.874365,-1.5715,0.111111,0.125,0.147541,1,0.333333,0.9
0,614,-0.62001,0.900234,0.231133,0.142857,0.333333,0.268293,0,1,1
0,615,-0.229445,0.558734,0.56725,0.2,0.333333,0.0930233,1,0.666667,0.1
1,615,0.401469,-0.179172,0.56725,0.333333,0.2,0.09,1,0,0.2
0,615,0.783593,0.857918,1.42145,0.5,0.5,0.125,1,0,0.3
0,615,-0.431782,-0.717222,-0.628307,0.166667,0.125,0.0689655,1,0.666667,0.4
0,615,-0.718313,-0.280875,-0.810282,0.111111,0.166667,0.08,0,0,0.5
0,615,-0.660001,-0.666716,-0.633986,0.142857,0.142857,0.0945946,0,0,0.6
0,615,-0.682632,-1.2813,-1.36755,0.125,0.1,0.076087,0,0,0.7
1,615,2.60312,2.20238,1.87297,1,1,0.27451,1,0.666667,0.8
0,615,-0.198536,-1.04305,-0.406008,0.25,0.111111,0.0625,1,0.666667,0.9
0,615,-0.867473,0.549308,-0.582783,0.1,0.25,0.0779221,1,0.666667,1
0,616,-0.700734,0.119561,-0.215105,0.111111,0.333333,0.114286,0,0,0.1
0,616,-0.27803,-0.206709,-0.488247,0.142857,0.166667,0.105263,1,0.166667,0.2
0,616,-0.15279,-0.61257,-0.267847,0.2,0.142857,0.0612245,0,0,0.3
0,616,-0.414035,0.532007,0.22848,0.125,0.5,0.0348432,1,0.333333,0.4
1,616,-0.160313,-0.915895,-1.09306,0.166667,0.1,0.0862069,0,0,0.5
0,616,-0.0491964,0.0898061,1.09752,0.5,0.25,0.0808824,1,0.5,0.6
0,616,-0.0934787,-0.787555,-0.449608,0.25,0.111111,0.116883,1,0,0.7
0,616,-0.0577079,-0.15505,0.628166,0.333333,0.2,0.0693642,1,0.333333,0.8
0,616,-0.967762,-0.752068,-1.51441,0.1,0.125,0.0740741,0,0,0.9
1,616,2.87405,2.68847,2.0741,1,1,0.166667,1,0,1
0,617,-0.0732862,0.0263328,0.509582,0.25,0.25,0.0526316,1,0,0.1
0,617,0.805872,-0.259138,0.15916,0.333333,0.142857,0.0963855,0,0,0.2
0,617,-0.692526,-0.193249,-0.400679,0.142857,0.166667,0.142857,1,0.333333,0.3
0,617,-0.405089,0.358855,0.334632,0.166667,0.333333,0.170732,1,0.333333,0.4
0,617,-0.330684,-0.16419,0.136535,0.2,0.2,0.104478,0,0,0.5
0,617,-0.973491,-1.21636,-1.56882,0.1,0.1,0.113636,0,0,0.6
0,617,-0.718119,-0.970382,-0.916772,0.125,0.125,0.106061,0,0,0.7
1,617,1.11543,1.3235,1.29178,0.5,0.5,0.257143,1,0.333333,0.8
0,617,-0.957123,-1.02862,-1.24752,0.111111,0.111111,0.0857143,0,0,0.9
1,617,2.22902,2.12325,1.70211,1,1,0.155844,0,0,1
0,618,0.285739,0.110563,0.334087,0.333333,0.166667,0.0892857,0,0,0.1
0,618,-0.878975,-0.913547,-0.915278,0.125,0.125,0.0636364,0,0,0.2
0,618,-1.08049,-1.661,-1.56626,0.1,0.1,0.117647,0,0,0.3
0,618,0.197994,0.406118,0.508751,0.25,0.25,0.126582,0,0,0.4
0,618,-0.751042,-1.07168,-0.910349,0.142857,0.111111,0.0933333,1,0,0.5
1,618,2.45073,1.773,1.69933,1,1,0.302326,0,0,0.6
0,618,0.155738,0.322477,0.136313,0.2,0.2,0.126984,0,0,0.7
0,618,0.108563,0.825413,0.334087,0.166667,0.333333,0.0891089,0,0,0.8
1,618,0.534883,0.85608,1.28967,0.5,0.5,0.149254,0,0,0.9
0,618,-1.02314,-0.647432,-0.910349,0.111111,0.142857,0.121951,0,0,1
0,619,1.10731,0.44852,1.4311,0.5,0.25,0.122807,0,0,0.1
0,619,0.0443168,-1.23811,-0.88263,0.2,0.111111,0.0892857,0,0,0.2
0,619,-0.284198,2.02381,1.17333,0.166667,1,0.103448,1,0.5,0.3
0,619,-0.511042,-0.42174,-1.18606,0.125,0.142857,0.0689655,1,0.5,0.4
0,619,-0.369099,1.05873,0.568533,0.142857,0.5,0.0967742,1,0.5,0.5
1,619,1.87228,-1.46058,0.105891,1,0.1,0.155556,1,0.166667,0.6
0,619,-1.3718,-0.234154,-0.88263,0.111111,0.2,0.0431034,0,0,0.7
0,619,0.42626,0.605047,1.11546,0.25,0.333333,0.0864198,0,0,0.8
1,619,-1.53104,-0.314048,-1.42528,0.1,0.166667,0.108108,1,0.5,0.9
0,619,0.617007,-0.467471,-0.0177176,0.333333,0.125,0.0804598,1,0.166667,1
0,620,-1.03929,-1.26599,-1.66291,0.1,0.111111,0.136364,1,0.666667,0.1
0,620,-0.42184,0.0214771,-0.265947,0.166667,0.166667,0.12963,1,0,0.2
0,620,-0.445525,-0.0282722,-0.881498,0.125,0.142857,0.111111,0,0,0.3
1,620,2.61987,0.118396,1.08563,1,0.2,0.147059,1,0,0.4
0,620,-0.439917,-0.255632,-0.881498,0.142857,0.125,0.132075,1,0.833333,0.5
0,620,0.90174,0.799499,1.29087,0.5,0.333333,0.166667,1,0.666667,0.6
0,620,-0.382484,1.12861,1.30589,0.25,1,0.159091,0,0,0.7
1,620,0.186623,-2.21345,-0.39817,0.333333,0.1,0.0882353,0,0.333333,0.8
0,620,-0.568816,0.664446,-0.435717,0.111111,0.25,0.136364,1,0.833333,0.9
0,620,-0.410363,1.03093,0.843348,0.2,0.5,0.137255,1,0.666667,1
0,621,0.765356,0.653471,0.939419,0.333333,0.333333,0.116071,0,0,0.1
1,621,1.51636,2.11107,1.57217,0.5,1,0.215385,0,0,0.2
0,621,-0.667018,-0.805588,-0.783972,0.125,0.142857,0.0909091,0,0,0.3
0,621,-0.997294,-1.03701,-1.47893,0.1,0.111111,0.0677966,1,0,0.4
0,621,-0.24115,0.685426,0.945939,0.25,0.5,0.163636,0,0,0.5
0,621,-0.517963,-1.4467,-0.94209,0.166667,0.1,0.225,0,0.166667,0.6
0,621,-0.589889,0.287117,-0.230853,0.142857,0.2,0.128571,0,0.166667,0.7
0,621,-0.927317,-0.811256,-1.13653,0.111111,0.125,0.116883,0,0,0.8
1,621,2.00526,0.0754253,0.775559,1,0.166667,0.203704,1,0,0.9
0,621,-0.34635,0.288048,0.339293,0.2,0.25,0.132353,1,0,1
1,622,0.616635,1.25774,1.67819,0.5,0.5,0.0842105,1,0.166667,0.1
0,622,-0.394536,-1.16221,-1.16534,0.166667,0.1,0.0909091,0,0,0.2
0,622,-0.592119,1.20316,0.20677,0.142857,0.333333,0.107143,1,0.333333,0.3
0,622,-0.0951501,1.36652,1.43664,0.25,1,0.259259,0,0,0.4
0,622,-0.63388,0.678919,-0.264498,0.125,0.25,0.176471,0,0,0.5
0,622,-0.345988,-1.14019,-0.506816,0.2,0.125,0.102941,0,0,0.6
1,622,2.75823,-1.15311,0.295284,1,0.111111,0.105263,1,0,0.7
0,622,-0.712081,-0.690442,-1.3933,0.1,0.142857,0.0967742,0,0,0.8
0,622,-0.679627,-0.425274,-0.956636,0.111111,0.166667,0.113208,0,0.166667,0.9
0,622,0.0785177,0.0648993,0.669708,0.333333,0.2,0.0555556,0,0,1
0,623,-0.888632,-1.13615,-1.37535,0.111111,0.125,0.0933333,1,1,0.1
0,623,-0.106083,0.745087,0.410591,0.2,0.25,0.109589,1,1,0.2
0,623,0.167423,-1.71071,-0.428532,0.333333,0.1,0.0952381,0,0,0.3
1,623,1.84046,1.28894,1.90254,0.5,1,0.230769,1,1,0.4
0,623,-0.830482,0.274612,-0.495821,0.125,0.2,0.159091,1,1,0.5
0,623,-0.203478,-1.26498,-0.935882,0.166667,0.111111,0.0869565,0,0,0.6
1,623,1.84656,0.883831,1.65006,1,0.333333,0.2,1,0,0.7
0,623,-1.0143,0.973813,-0.176055,0.1,0.5,0.2,1,1,0.8
0,623,-0.028343,-0.309685,-0.0423028,0.25,0.142857,0.097561,1,1,0.9
0,623,-0.783122,0.255236,-0.509243,0.142857,0.166667,0.102941,1,1,1
0,624,0.204611,0.236122,0.507618,0.25,0.25,0.08,0,0,0.1
0,624,-0.685495,-0.942683,-0.908322,0.142857,0.111111,0.0952381,0,0,0.2
1,624,1.73318,1.99198,1.69555,1,1,0.0983607,1,0,0.3
0,624,-0.897006,-0.886414,-1.07798,0.111111,0.125,0.056338,1,0.166667,0.4
0,624,0.17136,-0.695061,-0.399134,0.166667,0.142857,0.0631579,0,0.166667,0.5
0,624,0.63291,0.886051,1.08891,0.333333,0.5,0.142857,0,0.166667,0.6
1,624,1.17832,0.859918,1.08891,0.5,0.333333,0.134615,1,0.166667,0.7
0,624,-1.81937,-0.075244,-0.893556,0.1,0.166667,0.0833333,0,0,0.8
0,624,-0.715763,-1.507,-1.23801,0.125,0.1,0.0519481,0,0,0.9
0,624,0.197253,0.132331,0.136009,0.2,0.2,0.1,0,0,1
0,625,-0.795506,1.4917,0.812257,0.166667,1,0.210526,0,0,0.1
0,625,-0.802292,-0.432176,-0.440726,0.142857,0.166667,0.0714286,0,0,0.2
0,625,-0.821372,-1.17285,-1.37221,0.111111,0.111111,0.0666667,0,0,0.3
0,625,-0.813936,-0.958836,-1.0084,0.125,0.125,0.0666667,0,0,0.4
0,625,-0.354497,-1.52223,-0.78772,0.2,0.1,0.037594,0,0,0.5
1,625,1.1903,1.18386,1.42089,0.5,0.5,0.102564,1,0,0.6
0,625,2.12406,0.425225,1.01121,1,0.2,0.0985915,1,0,0.7
0,625,-0.833795,-0.493012,-1.17968,0.1,0.142857,0.038835,0,0,0.8
1,625,0.66365,0.569125,0.772193,0.333333,0.25,0.0961538,0,0,0.9
0,625,0.443385,0.909193,0.772193,0.25,0.333333,0.131579,0,0,1
0,626,0.391934,-0.455414,-0.198412,0.333333,0.111111,0.125,1,0.5,0.1
0,626,-0.0675362,0.0437596,-0.247061,0.142857,0.2,0.15,1,0.666667,0.2
0,626,-0.445131,-0.442153,-1.21632,0.111111,0.125,0.138462,1,0.666667,0.3
0,626,0.0905607,1.38499,1.03331,0.2,1,0.131579,0,0,0.4
0,626,0.180726,1.0917,1.01235,0.25,0.5,0.185185,0,0,0.5
0,626,1.48282,0.699172,1.45926,1,0.333333,0.11828,0,0,0.6
1,626,-2.46486,-2.39696,-1.76334,0.1,0.1,0.0526316,1,0.5,0.7
0,626,0.0146,0.412354,0.159817,0.166667,0.25,0.123457,0,0,0.8
1,626,1.11366,-0.059302,0.599406,0.5,0.166667,0.148148,1,0,0.9
0,626,-0.296764,-0.278154,-0.839014,0.125,0.142857,0.160714,1,0.666667,1
0,627,-1.15178,-1.7375,-1.5883,0.111111,0.1,0.0582524,0,0,0.1
0,627,-0.843462,0.729674,-0.0125771,0.125,0.333333,0.128205,0,0,0.2
0,627,-0.521293,1.16063,0.6015,0.166667,0.5,0.155556,0,0,0.3
0,627,0.143962,-0.52265,-0.247924,0.2,0.142857,0.0909091,0,0,0.4
1,627,2.01411,1.71359,1.91983,1,1,0.28125,0,0,0.5
0,627,0.603671,-0.395323,0.377437,0.333333,0.166667,0.0985915,1,0,0.6
0,627,-0.703391,0.425283,-0.037542,0.142857,0.25,0.12766,0,0,0.7
0,627,0.582688,-0.741645,-0.229638,0.25,0.125,0.105882,0,0,0.8
0,627,-1.15916,-0.950514,-1.5883,0.1,0.111111,0.0495868,0,0,0.9
1,627,1.03466,0.318461,0.805507,0.5,0.2,0.133333,1,0,1
1,628,1.76456,1.87822,1.86711,1,1,0.117647,1,0.166667,0.1
0,628,-0.145826,-0.500407,-0.0365111,0.25,0.142857,0.0689655,0,0,0.2
0,628,0.961372,0.831575,0.981182,0.333333,0.333333,0.101695,0,0,0.3
0,628,-0.298631,-1.41884,-0.785566,0.2,0.1,0.05,0,0,0.4
0,628,-1.17433,-0.73218,-1.54468,0.1,0.111111,0.0425532,0,0,0.5
0,628,-0.61673,-0.366924,-0.241116,0.142857,0.2,0.045977,1,0.166667,0.6
0,628,-0.699401,1.50402,0.205678,0.125,0.5,0.0784314,1,0.166667,0.7
0,628,-0.886347,-0.606931,-1.18705,0.111111,0.125,0.035461,0,0,0.8
0,628,-0.505323,-0.440691,-0.247039,0.166667,0.166667,0.0714286,1,0.166667,0.9
1,628,1.60066,-0.147842,0.987992,0.5,0.25,0.1,1,0,1
0,629,1.94521,1.53565,1.89349,1,1,0.148148,0,0,0.1
0,629,0.156065,-1.20798,-0.635192,0.166667,0.125,0.0944882,0,0,0.2
1,629,0.664021,-1.27366,0.0246154,0.5,0.111111,0.151515,0,0.166667,0.3
0,629,-1.69652,-1.5545,-1.74522,0.1,0.1,0.176471,1,0.333333,0.4
0,629,0.534026,0.0877545,0.359383,0.25,0.2,0.11828,1,0.333333,0.5
0,629,-0.747926,0.0679597,-0.445731,0.142857,0.166667,0.173913,0,0,0.6
0,629,-0.946468,-0.0151996,-1.01436,0.111111,0.142857,0.1375,0,0.166667,0.7
1,629,0.661951,1.11912,1.21603,0.333333,0.5,0.131313,0,0.166667,0.8
0,629,0.230322,0.386921,0.359383,0.2,0.25,0.179104,0,0,0.9
0,629,-0.800679,0.853942,-0.0124046,0.125,0.333333,0.103774,1,0.5,1
0,630,-0.741065,0.346356,-0.201793,0.111111,0.333333,0.146341,0,0,0.1
0,630,0.343405,-0.361582,0.181943,0.333333,0.142857,0.115385,1,0.166667,0.2
0,630,-0.320743,-0.818089,-0.445961,0.2,0.125,0.0873786,1,0.5,0.3
0,630,-0.0125416,0.794329,1.0296,0.25,0.5,0.166667,1,0.5,0.4
0,630,-0.66707,-1.26871,-1.226,0.142857,0.1,0.0714286,1,0.5,0.5
1,630,1.95965,2.32087,1.94575,1,1,0.158879,1,0.666667,0.6
0,630,-0.735369,0.346356,-0.232738,0.125,0.25,0.15,0,0,0.7
1,630,1.74166,-0.0438527,0.816381,0.5,0.2,0.161765,0,0,0.8
0,630,-0.51819,-0.175326,-0.257443,0.166667,0.166667,0.12069,0,0,0.9
0,630,-1.04974,-1.14035,-1.60974,0.1,0.111111,0.0519481,0,0,1
0,631,-0.584093,0.581759,-0.0426723,0.142857,0.25,0.102041,0,0,0.1
0,631,0.715692,1.44062,1.66447,0.333333,1,0.148936,0,0,0.2
0,631,1.62502,0.550558,0.915583,0.5,0.2,0.193548,0,0,0.3
0,631,-0.55088,0.730727,0.429015,0.166667,0.333333,0.0495868,0,0,0.4
0,631,-1.16523,-1.14787,-1.59333,0.1,0.125,0.0746269,0,0,0.5
0,631,-1.13685,0.781005,0.0283684,0.111111,0.5,0.0634921,1,0,0.6
1,631,1.63531,0.372599,0.94673,1,0.166667,0.181818,1,0,0.7
0,631,0.535989,-0.276543,-0.0426723,0.25,0.142857,0.116279,0,0,0.8
1,631,-0.457005,-1.57615,-0.918131,0.2,0.1,0.0943396,0,0,0.9
0,631,-0.617954,-1.4567,-1.38737,0.125,0.111111,0.0882353,0,0,1
0,632,-0.474343,0.879603,0.569978,0.166667,0.333333,0.152174,0,0,0.1
0,632,-0.264177,-1.77812,-0.902098,0.25,0.1,0.0784314,0,0,0.2
0,632,-0.149439,-0.711609,-0.0189931,0.333333,0.125,0.0952381,1,0,0.3
0,632,0.652572,-1.49764,0.0376894,0.5,0.111111,0.0941176,0,0,0.4
0,632,-0.519634,-0.087726,-1.27145,0.125,0.142857,0.0921053,0,0,0.5
0,632,-0.490596,0.461332,-0.0566932,0.142857,0.25,0.14,0,0,0.6
1,632,2.81364,0.322367,1.56588,1,0.2,0.117647,1,0,0.7
0,632,-0.594321,-0.032898,-1.52788,0.1,0.166667,0.157895,0,0,0.8
1,632,-0.52213,1.19457,0.0376894,0.111111,0.5,0.2,0,0,0.9
0,632,-0.451573,1.25011,1.56588,0.2,1,0.148936,0,0,1
0,633,-0.597313,-1.37436,-1.07607,0.142857,0.1,0.0786517,1,0.333333,0.1
0,633,0.402264,1.27163,1.09678,0.333333,0.5,0.142857,0,0,0.2
0,633,-0.478199,0.370436,-0.0444841,0.166667,0.2,0.171429,1,0,0.3
0,633,-0.343874,-0.848637,-0.391423,0.2,0.125,0.0823529,0,0,0.4
0,633,-0.684078,-0.763265,-0.748958,0.125,0.142857,0.084507,0,0.333333,0.5
0,633,-0.716316,-0.61745,-0.738827,0.111111,0.166667,0.130435,0,0.333333,0.6
1,633,2.69693,1.31024,1.7078,1,1,0.188679,0,0.166667,0.7
0,633,-0.792268,-1.13957,-1.41288,0.1,0.111111,0.0517241,1,0.333333,0.8
1,633,0.502141,1.05934,1.09678,0.5,0.333333,0.212121,1,0.5,0.9
0,633,0.010708,0.731642,0.511286,0.25,0.25,0.103448,0,0.333333,1
0,634,-0.927847,-0.0638322,-0.556052,0.111111,0.2,0.181818,0,0,0.1
1,634,2.44675,1.86272,1.70382,1,1,0.275,0,0,0.2
0,634,0.732179,1.27382,1.29308,0.5,0.5,0.25,1,0.5,0.3
0,634,0.618303,0.0564663,0.702732,0.333333,0.25,0.148649,1,0.5,0.4
0,634,-1.06613,-1.30005,-1.5704,0.1,0.1,0.162791,0,0,0.5
0,634,-0.0793045,-0.312196,-0.0443804,0.2,0.166667,0.169811,0,0,0.6
1,634,-0.0078652,0.900942,0.702732,0.25,0.333333,0.207547,1,0.5,0.7
0,634,-0.724991,-0.328215,-0.747212,0.125,0.142857,0.119048,1,0.5,0.8
0,634,-0.688439,-0.974076,-0.747212,0.142857,0.125,0.138462,0,0,0.9
0,634,-0.302651,-1.11559,-0.737105,0.166667,0.111111,0.169811,0,0,1
0,635,-0.0463891,-0.755826,-0.220421,0.25,0.125,0.103093,0,0,0.1
0,635,0.0185011,-0.253483,0.558107,0.333333,0.2,0.169492,0,0,0.2
1,635,-0.744895,-0.325974,-0.618179,0.125,0.166667,0.150943,1,0,0.3
0,635,-0.792684,-0.82637,-1.35062,0.111111,0.111111,0.109589,0,0,0.4
0,635,-0.136953,-1.55014,-0.775328,0.2,0.1,0.121951,0,0,0.5
0,635,1.14876,1.4284,1.39853,0.5,0.5,0.140845,1,0.166667,0.6
0,635,-0.465548,1.08501,0.362288,0.166667,0.333333,0.0286458,0,0,0.7
0,635,-0.902713,-0.575971,-1.16112,0.1,0.142857,0.0945946,1,0,0.8
1,635,2.4771,1.61137,1.84278,1,1,0.227273,1,0.166667,0.9
0,635,-0.55518,0.16299,-0.0360352,0.142857,0.25,0.0656934,0,0,1
0,636,-0.0674469,0.0763373,0.154496,0.2,0.2,0.181818,0,0,0.1
0,636,-0.600666,-0.599391,-0.844656,0.125,0.142857,0.0886076,0,0.5,0.2
1,636,2.54272,2.13975,1.92601,1,1,0.322581,1,0,0.3
0,636,0.309606,0.527963,0.794375,0.25,0.333333,0.103093,1,0.166667,0.4
0,636,-1.15446,-0.639238,-1.40628,0.1,0.125,0.0659341,1,0.5,0.5
0,636,-0.326795,-0.932694,-0.83323,0.166667,0.111111,0.097561,1,0.5,0.6
0,636,-1.08732,-0.487816,-0.83323,0.111111,0.166667,0.105263,1,0.166667,0.7
1,636,0.399544,-1.385,-0.156744,0.5,0.1,0.101449,1,0.5,0.8
0,636,0.374381,1.14892,1.23692,0.333333,0.5,0.104651,0,0,0.9
0,636,-0.389563,0.151166,-0.0376629,0.142857,0.25,0.16,0,0,1
0,637,0.439128,1.55081,1.54425,0.333333,1,0.107527,1,0,0.1
0,637,-0.492144,-0.952483,-1.09046,0.125,0.125,0.0769231,0,0,0.2
0,637,-0.0731729,0.271394,0.384263,0.25,0.2,0.142857,0,0,0.3
0,637,-0.802177,0.461323,-0.209968,0.111111,0.333333,0.0934579,0,0,0.4
1,637,1.02405,-1.81463,-0.164766,0.5,0.1,0.153846,0,0.166667,0.5
0,637,-0.274483,0.282284,-0.0395903,0.142857,0.25,0.163636,0,0,0.6
0,637,-0.13656,0.174594,-0.0527354,0.2,0.166667,0.25,0,0,0.7
1,637,2.23114,1.22664,1.78054,1,0.5,0.245614,1,0,0.8
0,637,-0.264932,0.022005,-0.476589,0.166667,0.142857,0.107843,0,0,0.9
0,637,-1.65085,-1.22193,-1.67495,0.1,0.111111,0.0819672,0,0.166667,1
1,638,2.13059,2.33551,1.73609,1,1,0.259259,1,0,0.1
0,638,0.0163826,1.08439,0.918662,0.25,0.5,0.0764706,0,0,0.2
0,638,-1.40721,-1.11154,-1.60014,0.1,0.1,0.12963,0,0,0.3
1,638,1.1745,-0.336129,0.728414,0.5,0.2,0.113402,0,0,0.4
0,638,-0.876354,-0.931862,-1.27243,0.111111,0.111111,0.0948276,0,0,0.5
0,638,-0.461563,-0.551039,-0.58239,0.166667,0.125,0.146667,0,0,0.6
0,638,-0.226695,-0.544541,-0.224196,0.2,0.142857,0.134146,0,0,0.7
0,638,-0.53065,0.0889557,-0.20766,0.125,0.25,0.117021,0,0,0.8
0,638,0.711072,0.504649,0.91233,0.333333,0.333333,0.147727,1,0,0.9
0,638,-0.53007,-0.538395,-0.408679,0.142857,0.166667,0.152174,0,0,1
0,639,-0.146225,0.530525,0.417121,0.2,0.25,0.0387597,0,0.166667,0.1
0,639,-0.8654,-0.976266,-1.61075,0.111111,0.111111,0.0294118,0,0.166667,0.2
0,639,-0.463406,1.30899,0.726897,0.142857,1,0.1,0,0.166667,0.3
0,639,0.594151,0.56018,1.15491,0.333333,0.333333,0.0857143,0,0.166667,0.4
0,639,-0.614229,0.136653,-0.503707,0.125,0.2,0.078125,0,0,0.5
0,639,0.769759,1.15315,1.66789,0.5,0.5,0.075,0,0.166667,0.6
1,639,-1.4799,0.134035,-1.15819,0.1,0.166667,0.0566038,0,0,0.7
0,639,2.26504,-0.763247,0.506998,1,0.125,0.108108,0,0,0.8
1,639,0.400134,-2.18606,-0.683824,0.25,0.1,0.0392157,0,0,0.9
0,639,-0.459925,0.102036,-0.517341,0.166667,0.142857,0.0704225,0,0.166667,1
0,640,-0.887602,-0.792065,-1.30293,0.1,0.125,0.0545455,0,0,0.1
0,640,-0.82819,-0.824569,-1.30788,0.111111,0.111111,0.0769231,0,0,0.2
1,640,2.71618,2.10624,1.78447,1,1,0.177778,1,0.166667,0.3
0,640,-0.811721,0.320541,-0.408995,0.125,0.2,0.130435,0,0.166667,0.4
0,640,0.432144,0.741466,1.35428,0.5,0.5,0.192308,0,0,0.5
1,640,-0.224256,-1.659,-0.750794,0.2,0.1,0.0588235,0,0,0.6
0,640,-0.315832,-0.739398,-0.420066,0.166667,0.142857,0.142857,0,0.333333,0.7
0,640,0.213888,0.0725754,0.350824,0.333333,0.166667,0.138889,1,0.333333,0.8
0,640,-0.325896,0.385657,-0.034895,0.142857,0.25,0.0677966,1,0.5,0.9
0,640,0.0312822,0.388558,0.735995,0.25,0.333333,0.121951,1,0.166667,1
0,641,-0.630171,-0.774364,-0.931588,0.142857,0.111111,0.102041,0,0,0.1
0,641,1.54391,1.62521,1.73898,1,1,0.135593,0,0,0.2
1,641,1.38001,1.18178,1.1168,0.333333,0.5,0.150943,0,0,0.3
0,641,-0.623872,-0.523209,-0.409358,0.166667,0.142857,0.133333,0,0,0.4
0,641,-0.67111,-0.275718,-0.39857,0.125,0.2,0.122449,0,0,0.5
1,641,-0.404088,0.648199,0.330057,0.2,0.25,0.130435,1,0.333333,0.6
0,641,-0.100288,-0.649664,-0.208006,0.25,0.125,0.136364,0,0,0.7
0,641,-0.691568,-0.521286,-0.752315,0.111111,0.166667,0.146341,1,0.166667,0.8
0,641,-1.28057,-1.70566,-1.6028,0.1,0.1,0.0454545,0,0,0.9
0,641,1.47775,0.994714,1.1168,0.5,0.333333,0.159091,1,0.166667,1
0,642,-1.01543,-1.31546,-1.46462,0.111111,0.111111,0.0550459,0,0,0.1
0,642,0.804787,-0.988091,0.220131,0.5,0.125,0.0842105,1,0.166667,0.2
1,642,2.27737,1.36529,1.75744,1,0.5,0.121212,1,0.333333,0.3
0,642,-0.243244,0.521521,0.166931,0.166667,0.25,0.148936,1,0.333333,0.4
0,642,-0.138745,0.558787,0.605213,0.2,0.333333,0.112903,0,0,0.5
0,642,-0.902093,-0.0235124,-0.670355,0.125,0.166667,0.107143,0,0,0.6
0,642,-0.27611,-0.492364,-0.676414,0.142857,0.142857,0.0686275,0,0,0.7
1,642,-1.28884,0.00189283,-0.840768,0.1,0.2,0.0888889,0,0,0.8
0,642,0.0755181,-1.3195,-0.621785,0.25,0.1,0.1,1,0.166667,0.9
0,642,0.706783,1.69144,1.52422,0.333333,1,0.127273,1,0.333333,1
1,643,2.12393,1.63064,1.84178,1,1,0.191489,1,0.5,0.1
0,643,-0.29497,0.810581,0.974588,0.25,0.5,0.131148,1,0.5,0.2
0,643,-0.496024,-0.850405,-0.992002,0.125,0.125,0.115385,0,0,0.3
1,643,0.888257,-1.11788,-0.191011,0.333333,0.111111,0.0675676,0,0,0.4
0,643,-0.307005,0.762206,0.557805,0.2,0.333333,0.275862,1,0.5,0.5
0,643,1.11785,0.703186,0.772759,0.5,0.2,0.125,1,0,0.6
0,643,-1.47728,-0.724638,-1.16049,0.1,0.142857,0.121951,0,0,0.7
0,643,-0.670655,-1.56743,-1.52372,0.111111,0.1,0.131148,0,0,0.8
0,643,-0.4487,0.72056,-0.0360157,0.142857,0.25,0.133333,1,0.5,0.9
0,643,-0.435403,-0.366819,-0.243687,0.166667,0.166667,0.0701754,0,0,1
0,644,-0.462685,-0.705955,-1.02597,0.166667,0.1,0.0704225,1,1,0.1
0,644,-0.232248,-0.256797,0.156164,0.2,0.2,0.103448,1,1,0.2
0,644,-0.205399,-0.437893,-0.232866,0.25,0.125,0.0277778,1,0.166667,0.3
1,644,2.55932,2.9228,1.94681,1,1,0.269231,1,1.16667,0.4
0,644,-0.752992,-0.553489,-1.42687,0.111111,0.111111,0.105263,1,1,0.5
0,644,-0.946278,-0.255617,-0.605761,0.1,0.25,0.0555556,1,0,0.6
0,644,0.347284,-0.431522,0.182042,0.333333,0.142857,0.0540541,1,1,0.7
0,644,-0.542516,-0.168746,0.182042,0.142857,0.333333,0.102041,1,1,0.8
1,644,0.903436,0.176427,1.47749,0.5,0.5,0.0655738,1,1,0.9
0,644,-0.667921,-0.289212,-0.653079,0.125,0.166667,0.0519481,0,0,1
1,645,0.63861,-0.906238,-0.425303,0.25,0.111111,0.0909091,1,0.166667,0.1
0,645,-0.259241,-2.25261,-0.825482,0.2,0.1,0.0746269,0,0,0.2
1,645,1.47368,0.674768,1.27468,1,0.25,0.170213,0,0,0.3
0,645,-1.14013,0.12769,-0.848791,0.111111,0.166667,0.060241,0,0,0.4
0,645,-1.16112,-0.881903,-1.43254,0.1,0.125,0.097561,0,0,0.5
0,645,-0.969842,0.105709,-0.86043,0.125,0.142857,0.116279,0,0,0.6
0,645,1.29114,0.701265,1.26002,0.5,0.333333,0.125,0,0,0.7
0,645,-0.489407,0.351443,-0.0511049,0.166667,0.2,0.148148,0,0,0.8
0,645,-0.605103,0.858636,0.412443,0.142857,0.5,0.0722892,0,0,0.9
0,645,1.22141,1.22124,1.49651,0.333333,1,0.0945946,1,0.166667,1
0,646,-0.938851,-1.43174,-2.23442,0.1,0.1,0.05,0,0,0.1
0,646,-0.904225,1.24785,0.559263,0.125,1,0.0392157,0,0,0.2
0,646,-0.919728,0.909382,-0.251419,0.111111,0.333333,0.0408163,0,0,0.3
0,646,-0.858341,-1.41136,-1.2987,0.142857,0.111111,0.0363636,0,0,0.4
0,646,0.0251707,-0.0206861,-0.063146,0.2,0.166667,0.0326087,1,0,0.5
0,646,0.643253,-0.739126,0.226687,0.333333,0.142857,0.0595238,0,0,0.6
0,646,-0.823395,0.945437,0.75954,0.166667,0.5,0.0470588,0,0,0.7
1,646,0.517284,0.875366,0.72578,0.25,0.25,0.084507,0,0,0.8
0,646,1.47397,-0.99281,0.267053,0.5,0.125,0.0654206,0,0,0.9
1,646,1.78486,0.617691,1.30936,1,0.2,0.0625,1,0,1
0,647,-1.08463,-0.922652,-1.4028,0.1,0.111111,0.0859375,1,0,0.1
0,647,-0.317406,-0.634289,-0.21897,0.2,0.142857,0.136842,1,0.166667,0.2
0,647,-0.496589,-0.0559309,-0.0441668,0.166667,0.2,0.184615,1,0.166667,0.3
0,647,-0.995479,-0.671874,-1.07802,0.111111,0.125,0.0689655,0,0,0.4
0,647,-0.743904,-0.297201,-0.568813,0.125,0.166667,0.0872483,0,0,0.5
1,647,2.32999,1.79635,1.69562,1,1,0.160305,1,0.166667,0.6
0,647,0.671308,0.20995,0.69935,0.333333,0.25,0.168421,1,0,0.7
1,647,0.52938,1.61036,0.897246,0.25,0.5,0.151786,1,0.333333,0.8
0,647,-0.565353,-1.46709,-1.0684,0.142857,0.1,0.0909091,0,0,0.9
0,647,0.672687,0.432378,1.08896,0.5,0.333333,0.161905,1,0.166667,1
0,648,-0.00820906,1.36559,0.907892,0.25,0.5,0.1,1,0.833333,0.1
0,648,0.0267969,0.335925,0.707648,0.333333,0.25,0.109375,0,0,0.2
0,648,-0.715044,-1.20572,-1.09081,0.125,0.111111,0.0731707,1,0.666667,0.3
0,648,-0.25121,0.573386,0.519631,0.2,0.333333,0.103448,0,0,0.4
0,648,-0.633702,-0.433989,-0.580764,0.142857,0.142857,0.0681818,1,0.5,0.5
0,648,-0.726073,-0.770185,-1.09081,0.111111,0.125,0.084507,1,1,0.6
1,648,1.56949,1.78053,1.50893,0.5,1,0.22,1,0.666667,0.7
0,648,-0.892132,-1.5024,-1.58138,0.1,0.1,0.05,1,0.666667,0.8
1,648,2.21294,0.0296988,0.926683,1,0.2,0.125,1,0,0.9
0,648,-0.582865,-0.172839,-0.22701,0.166667,0.166667,0.0736842,1,1,1
0,649,-0.0360706,-0.373702,0.177431,0.333333,0.142857,0.0849057,0,0,0.1
0,649,-0.558902,-1.17859,-1.56982,0.1,0.111111,0.08,0,0,0.2
0,649,-0.506249,-1.21481,-1.56982,0.111111,0.1,0.107692,0,0,0.3
0,649,-0.229011,0.409131,0.782615,0.25,0.333333,0.222222,1,0.166667,0.4
1,649,-0.479128,0.55122,0.209026,0.125,0.5,0.127273,1,0.166667,0.5
0,649,-0.472216,0.235466,-0.0371053,0.142857,0.25,0.155556,0,0,0.6
0,649,0.000507253,-0.101948,0.594503,0.5,0.166667,0.123288,0,0,0.7
0,649,-0.315312,0.0616254,0.152209,0.2,0.2,0.140351,0,0,0.8
0,649,-0.353328,-0.799807,-0.636536,0.166667,0.125,0.125,0,0,0.9
1,649,2.94971,2.41142,1.8975,1,1,0.294118,1,0,1
0,650,0.723219,0.627903,1.38912,0.5,0.5,0.137255,0,0,0.1
0,650,-0.561039,0.301391,-0.236371,0.142857,0.2,0.111111,0,0,0.2
1,650,2.61279,0.622205,1.39612,1,0.333333,0.138889,1,0.166667,0.3
0,650,-0.447252,0.525104,0.347402,0.2,0.25,0.12766,0,0,0.4
0,650,-0.574116,-0.0921197,-0.80271,0.125,0.142857,0.105263,0,0,0.5
1,650,-0.712381,-0.0501669,-0.791852,0.111111,0.166667,0.16129,0,0.166667,0.6
0,650,-0.377098,1.92093,1.18917,0.25,1,0.125,0,0,0.7
0,650,-0.752448,-1.62805,-1.68704,0.1,0.1,0.0769231,0,0,0.8
0,650,0.585503,-1.21433,-0.189827,0.333333,0.111111,0.0652174,0,0,0.9
0,650,-0.497179,-1.01286,-0.614016,0.166667,0.125,0.105263,0,0,1
0,651,0.278882,-1.51647,-0.56606,0.25,0.1,0.133333,0,0,0.1
0,651,-0.462354,0.496418,0.151971,0.166667,0.25,0.16129,0,0,0.2
0,651,1.61921,1.06734,1.59994,1,0.5,0.230769,0,0,0.3
1,651,1.59848,1.96951,1.59994,0.5,1,0.229167,0,0,0.4
0,651,0.149658,-0.730742,-0.416961,0.2,0.125,0.153846,0,0,0.5
1,651,0.75552,0.712687,0.956015,0.333333,0.333333,0.114286,1,0.333333,0.6
0,651,-1.1151,-0.496591,-1.14628,0.1,0.142857,0.184211,1,0.333333,0.7
0,651,-0.838748,-0.309934,-0.428248,0.142857,0.166667,0.138462,1,0.333333,0.8
0,651,-1.09307,-1.00868,-1.33336,0.111111,0.111111,0.140625,0,0,0.9
0,651,-0.892487,-0.183544,-0.416961,0.125,0.2,0.173077,0,0,1
0,652,-0.877627,-1.14943,-1.61878,0.125,0.111111,0.0595238,1,1,0.1
0,652,-0.46763,0.621688,0.771141,0.2,0.333333,0.116279,1,1,0.2
0,652,0.378028,-0.014048,0.483263,0.25,0.2,0.0382166,1,1,0.3
0,652,1.06132,-1.03133,0.280484,0.5,0.125,0.0705882,1,0,0.4
1,652,2.16301,-1.32456,0.0996921,1,0.1,0.0793651,1,0,0.5
0,652,-0.900634,-0.483122,-1.60433,0.1,0.142857,0.114286,1,1,0.6
0,652,-0.740959,0.52384,-0.0497901,0.142857,0.25,0.133333,1,1,0.7
0,652,-0.513166,-0.0287426,-0.336887,0.166667,0.166667,0.106383,1,1,0.8
1,652,0.79572,2.07599,1.94211,0.333333,1,0.0779221,1,1,0.9
0,652,-0.898059,0.809709,0.0331003,0.111111,0.5,0.0677966,0,0,1
0,653,-1.21615,-1.23094,-1.66636,0.1,0.1,0.075,1,0.333333,0.1
1,653,0.884318,1.32015,1.37209,0.5,0.5,0.0540541,1,0,0.2
0,653,0.155254,-1.13915,-0.187501,0.333333,0.111111,0.0857143,0,0,0.3
0,653,-0.16256,0.328916,-0.0470924,0.166667,0.2,0.0925926,0,0,0.4
0,653,-0.215129,-0.72432,-0.611973,0.142857,0.142857,0.0793651,0,0,0.5
0,653,-0.141439,-0.648508,-0.0470924,0.2,0.166667,0.0540541,0,0,0.6
0,653,-0.991333,0.644926,-0.391911,0.111111,0.25,0.125,1,0.333333,0.7
0,653,2.47409,1.47503,1.80794,1,1,0.162162,0,0,0.8
1,653,-0.0705979,0.93535,0.745675,0.25,0.333333,0.0769231,1,0.333333,0.9
0,653,-0.716452,-0.961462,-0.973773,0.125,0.125,0.0519481,0,0,1
0,654,-0.585806,-1.6574,-1.43747,0.142857,0.1,0.0533333,0,0,0.1
0,654,-0.0798883,-0.526711,-0.0446118,0.25,0.142857,0.0895522,1,1,0.2
1,654,1.87516,1.90808,2.28137,1,1,0.117647,1,1,0.3
0,654,-0.398954,-0.16011,-0.0594241,0.2,0.166667,0.102041,1,1,0.4
1,654,1.43538,-0.159086,0.957197,0.5,0.2,0.101695,1,1,0.5
0,654,-1.13731,0.67206,-0.451922,0.1,0.333333,0.0588235,1,1,0.6
0,654,-0.971985,1.15509,0.0296577,0.111111,0.5,0.0384615,1,1,0.7
0,654,-0.701939,-0.747092,-1.22877,0.125,0.125,0.0555556,0,0,0.8
0,654,0.998203,-0.883623,-0.2366,0.333333,0.111111,0.0638298,0,0,0.9
0,654,-0.432866,0.398799,0.190577,0.166667,0.25,0.0724638,1,1,1
1,655,2.70996,2.8573,1.71616,1,1,0.136986,1,0,0.1
0,655,-0.60613,-1.00164,-1.25306,0.125,0.1,0.0642202,0,0,0.2
0,655,-0.314509,-0.0851092,0.325726,0.2,0.25,0.136364,0,0.166667,0.3
0,655,-0.918101,-0.287164,-0.90442,0.1,0.166667,0.0967742,0,0,0.4
0,655,-0.162743,0.139691,0.908116,0.25,0.5,0.127273,0,0.166667,0.5
0,655,-0.345982,-0.526824,-0.575704,0.166667,0.125,0.091954,0,0,0.6
1,655,0.530625,-0.0147596,1.10215,0.5,0.333333,0.125,1,0,0.7
0,655,-0.351639,-0.33288,-0.580908,0.142857,0.142857,0.0842105,0,0,0.8
0,655,-0.840335,-0.539493,-1.25782,0.111111,0.111111,0.0923077,0,0,0.9
0,655,0.29885,-0.209121,0.51976,0.333333,0.2,0.0803571,0,0,1
0,656,-0.373019,-0.180231,-0.409779,0.142857,0.166667,0.172414,0,0,0.1
1,656,-0.00693524,-0.22601,0.365939,0.5,0.142857,0.122449,0,0,0.2
0,656,-0.335101,0.647483,0.71797,0.333333,0.25,0.263158,0,0,0.3
0,656,-0.437001,-1.79189,-1.60445,0.1,0.1,0.102041,0,0,0.4
0,656,-0.335101,0.766247,0.921134,0.25,0.5,0.263158,0,0,0.5
0,656,-0.4041,-1.08855,-1.10672,0.125,0.111111,0.142857,0,0,0.6
0,656,-0.335101,0.755727,0.527211,0.2,0.333333,0.263158,0,0,0.7
0,656,-0.404659,-0.999581,-1.10672,0.111111,0.125,0.131579,1,0.166667,0.8
0,656,-0.349542,0.465302,-0.0453427,0.166667,0.2,0.238095,1,0,0.9
1,656,2.98056,1.6515,1.74076,1,1,0.115942,1,0.166667,1
0,657,-0.223145,-1.80302,-1.18237,0.166667,0.1,0.114754,0,0,0.1
0,657,-0.883549,0.41118,-0.514221,0.125,0.2,0.0537634,0,0,0.2
1,657,2.18304,0.809663,1.71129,1,0.333333,0.151515,1,0,0.3
0,657,-0.975488,0.944834,0.0291664,0.111111,0.5,0.0769231,1,0.5,0.4
0,657,-1.00143,0.573844,-0.698099,0.1,0.25,0.048,1,0.5,0.5
0,657,0.762359,-1.00842,-0.23268,0.333333,0.111111,0.134615,0,0,0.6
1,657,0.0927564,-0.80694,-0.0438727,0.25,0.142857,0.142857,1,0.5,0.7
0,657,-0.855071,-0.921913,-0.983922,0.142857,0.125,0.125,0,0,0.8
0,657,-0.150998,0.369771,-0.0584396,0.2,0.166667,0.0967742,1,0.5,0.9
0,657,1.05152,1.431,1.97314,0.5,1,0.142857,1,0,1
1,658,-0.258285,-1.04066,-0.401656,0.25,0.125,0.0803571,1,1.33333,0.1
0,658,0.905544,-1.66113,-0.665183,0.333333,0.1,0.0833333,0,0,0.2
1,658,2.04672,0.692417,2.18163,1,0.25,0.202899,1,0.833333,0.3
0,658,-0.487087,0.939468,0.660168,0.166667,0.333333,0.0941176,1,0.666667,0.4
0,658,-0.752346,0.0758721,-1.45271,0.111111,0.166667,0.097561,1,0.833333,0.5
0,658,-0.422873,-0.409014,-0.43364,0.2,0.142857,0.125,0,0.5,0.6
0,658,1.38655,-1.36889,0.0436532,0.5,0.111111,0.0917431,1,0.666667,0.7
0,658,-0.725465,0.605623,-0.769632,0.125,0.2,0.125,1,1.16667,0.8
0,658,-1.0204,0.949935,-0.273279,0.1,0.5,0.117647,1,0.666667,0.9
0,658,-0.672359,1.21638,1.11065,0.142857,1,0.140351,1,0.666667,1
0,659,0.375092,0.601223,1.15539,0.333333,0.5,0.147541,0,0,0.1
0,659,-0.695397,-1.21439,-1.48838,0.111111,0.1,0.106061,0,0,0.2
1,659,1.68728,-0.479683,0.378194,0.5,0.142857,0.09,1,0,0.3
1,659,2.11339,2.41137,1.79906,1,1,0.151515,0,0,0.4
0,659,-0.526937,-0.0496983,-0.0468612,0.166667,0.2,0.173913,0,0,0.5
0,659,-0.650243,-0.19714,-0.603514,0.125,0.166667,0.0769231,0,0,0.6
0,659,-0.731224,-1.20619,-1.48838,0.1,0.111111,0.0909091,0,0,0.7
0,659,-0.523661,-0.576914,-0.412341,0.2,0.125,0.210526,0,0,0.8
0,659,-0.482115,0.219868,0.538608,0.25,0.25,0.150943,0,0,0.9
0,659,-0.566188,0.491553,0.168226,0.142857,0.333333,0.097561,0,0,1
0,660,0.27674,-0.871425,-0.408825,0.25,0.111111,0.125,1,0.833333,0.1
0,660,0.113282,0.228319,0.571187,0.2,0.333333,0.107143,1,0.833333,0.2
0,660,-0.809029,-1.28914,-1.37704,0.125,0.1,0.0535714,1,0.833333,0.3
1,660,1.024,-0.489075,0.396463,0.5,0.142857,0.0588235,0,0,0.4
0,660,-0.441543,-0.263808,-0.0491248,0.166667,0.2,0.119048,1,0.166667,0.5
0,660,0.797767,1.19458,1.2112,0.333333,0.5,0.127273,1,0.166667,0.6
0,660,-0.613945,0.184514,-0.0368797,0.142857,0.25,0.2,1,0.833333,0.7
0,660,-1.27017,-0.469545,-0.993907,0.1,0.166667,0.108108,1,0.833333,0.8
1,660,2.03624,2.2949,1.88597,1,1,0.222222,1,0.833333,0.9
0,660,-1.11335,-0.519326,-1.19904,0.111111,0.125,0.142857,0,0,1
1,661,0.952878,-1.25179,0.0246081,0.5,0.111111,0.0625,1,0,0.1
0,661,1.40246,1.09354,1.89293,1,1,0.0958904,1,1,0.2
0,661,0.886523,0.992216,0.994752,0.333333,0.333333,0.0958904,1,0.833333,0.3
0,661,-1.35137,-0.684665,-1.01406,0.111111,0.142857,0.0416667,1,0.833333,0.4
1,661,0.870913,0.480075,0.359277,0.25,0.2,0.133333,1,1,0.5
0,661,0.519396,0.0771214,-0.0493063,0.2,0.166667,0.0847458,0,0,0.6
0,661,-1.41958,-1.59281,-1.7447,0.1,0.1,0.029703,0,0,0.7
0,661,-0.375107,0.935722,0.158128,0.166667,0.25,0.108696,1,1,0.8
0,661,-0.407961,1.00817,0.397928,0.142857,0.5,0.0568182,1,1,0.9
0,661,-1.07815,-1.05757,-1.01955,0.125,0.125,0.0348837,1,1,1
0,662,-0.633252,-1.45256,-1.47108,0.111111,0.1,0.108108,0,0,0.1
1,662,-0.387472,-0.904573,-0.779808,0.142857,0.125,0.125,1,0.166667,0.2
0,662,-0.362286,0.174805,0.142635,0.2,0.2,0.243243,0,0,0.3
0,662,-0.261776,0.721604,0.733388,0.25,0.333333,0.3,0,0,0.4
0,662,-0.490265,0.0969755,-0.596497,0.125,0.166667,0.209302,0,0,0.5
0,662,-0.370166,0.843413,0.557108,0.166667,0.5,0.236842,0,0,0.6
0,662,-0.909602,-1.05227,-1.47108,0.1,0.111111,0.145833,0,0,0.7
0,662,-0.0233759,0.331575,0.733388,0.333333,0.25,0.192308,0,0,0.8
0,662,0.686338,-0.760149,0.373797,0.5,0.142857,0.09,1,0.166667,0.9
1,662,2.75186,2.00119,1.77815,1,1,0.454545,1,0,1
0,663,0.317906,0.243675,0.938718,0.5,0.25,0.0396825,0,0,0.1
0,663,-0.63702,0.615464,-0.183981,0.111111,0.333333,0.0319149,0,0,0.2
0,663,-0.536184,-0.319986,-1.12785,0.125,0.111111,0.0454545,0,0,0.3
0,663,-0.201009,0.209346,0.336703,0.25,0.2,0.0675676,1,0.333333,0.4
1,663,2.87209,1.34679,1.77399,1,1,0.157895,1,0.333333,0.5
0,663,-0.367433,0.00541393,-0.417601,0.142857,0.166667,0.0632911,0,0,0.6
0,663,-0.175812,0.854356,1.13929,0.333333,0.5,0.0769231,0,0,0.7
1,663,-0.798935,-2.60642,-1.63508,0.1,0.1,0.0465116,0,0,0.8
0,663,-0.23588,-0.0804802,-0.229091,0.2,0.142857,0.0892857,1,0.333333,0.9
0,663,-0.237719,-0.268154,-0.595105,0.166667,0.125,0.0961538,0,0,1
0,664,0.386868,-0.332083,-0.0397722,0.25,0.142857,0.149254,0,0,0.1
0,664,-1.02238,0.257279,-0.663769,0.111111,0.2,0.0526316,1,0,0.2
0,664,-1.16647,-1.13767,-1.68265,0.1,0.111111,0.155556,0,0,0.3
0,664,-0.517853,0.0502956,-0.478778,0.142857,0.166667,0.0877193,0,0,0.4
0,664,-0.307522,0.756482,0.399858,0.166667,0.333333,0.181818,0,0,0.5
0,664,-0.857566,-0.768116,-1.09547,0.125,0.125,0.1,0,0,0.6
1,664,2.42891,1.08867,1.78872,1,0.5,0.139535,0,0,0.7
1,664,0.485436,-1.90815,-0.165523,0.5,0.1,0.162162,0,0,0.8
0,664,0.130012,1.52181,1.09851,0.2,1,0.163636,0,0,0.9
0,664,0.440564,0.471487,0.838864,0.333333,0.25,0.117647,0,0,1
0,665,-0.285935,-1.01289,-0.370854,0.25,0.111111,0.0933333,0,0,0.1
1,665,2.77382,2.05743,1.7108,1,1,0.275,0,0.166667,0.2
0,665,-0.0988494,0.266951,0.89904,0.333333,0.333333,0.0559441,0,0,0.3
0,665,-0.532515,-0.233385,-0.573906,0.125,0.166667,0.0980392,0,0,0.4
0,665,-0.558218,-0.65944,-1.08767,0.111111,0.125,0.1,0,0,0.5
0,665,-0.328395,0.072729,0.324709,0.2,0.25,0.101695,0,0,0.6
0,665,-0.898264,-1.34027,-1.57683,0.1,0.1,0.0638298,0,0,0.7
1,665,0.660517,1.42172,1.29837,0.5,0.5,0.113636,0,0,0.8
0,665,-0.375215,-0.597419,-0.579093,0.142857,0.142857,0.116279,0,0.166667,0.9
0,665,-0.356949,0.0245748,-0.0445622,0.166667,0.2,0.114286,0,0,1
1,666,0.650431,2.31064,1.17748,0.25,1,0.116279,1,0.5,0.1
0,666,-0.958107,-0.79134,-1.15225,0.125,0.111111,0.0454545,0,0,0.2
0,666,-1.12339,-0.713663,-0.970908,0.111111,0.142857,0.030303,1,0.333333,0.3
0,666,-0.37701,-0.581984,-0.239796,0.166667,0.166667,0.0535714,0,0,0.4
0,666,-0.839224,-0.290403,-0.234047,0.142857,0.2,0.0869565,0,0.166667,0.5
0,666,1.12046,-0.774758,0.199649,0.5,0.125,0.0392157,1,0.166667,0.6
0,666,1.05294,0.206916,0.747506,0.333333,0.25,0.115385,0,0,0.7
0,666,-0.0774313,0.394789,0.548899,0.2,0.333333,0.113636,1,0.5,0.8
1,666,1.6949,1.18637,1.59392,1,0.5,0.0606061,1,0.333333,0.9
0,666,-1.14357,-0.946564,-1.67045,0.1,0.1,0.0319149,0,0,1
1,667,2.65514,2.0205,1.85252,1,1,0.142857,1,0.666667,0.1
0,667,0.258418,0.194973,0.561057,0.333333,0.2,0.0437956,1,0,0.2
0,667,-0.593706,-1.3811,-1.17777,0.125,0.111111,0.103448,0,0,0.3
0,667,0.628864,-0.616401,0.204071,0.5,0.125,0.125,1,0.333333,0.4
0,667,-0.241042,0.0785624,-0.0482536,0.2,0.166667,0.0793651,1,0.5,0.5
1,667,-1.08909,-1.54105,-1.70745,0.1,0.1,0.0789474,0,0,0.6
0,667,-0.420446,0.318982,-0.0362257,0.142857,0.25,0.1,1,0.5,0.7
0,667,-0.289167,0.772189,0.58041,0.166667,0.5,0.0306748,1,0.166667,0.8
0,667,-0.124512,0.577352,0.764063,0.25,0.333333,0.0943396,1,0.5,0.9
0,667,-0.784466,-0.424007,-0.992413,0.111111,0.142857,0.0481928,0,0,1
1,668,0.222763,1.1926,0.94509,0.25,0.5,0.119565,0,0,0.1
0,668,-0.672831,-0.403228,-0.783269,0.125,0.142857,0.106383,1,0,0.2
0,668,0.690338,0.683532,0.736643,0.333333,0.25,0.103093,0,0,0.3
0,668,-0.486433,-1.78446,-1.12537,0.142857,0.1,0.130435,1,0,0.4
0,668,0.95463,1.50762,1.57075,0.5,1,0.13253,1,0.333333,0.5
0,668,-1.30543,-0.856856,-1.13551,0.111111,0.125,0.0952381,0,0,0.6
0,668,-1.3499,-0.989221,-1.47761,0.1,0.111111,0.102941,1,0.333333,0.7
0,668,-0.119177,0.776565,0.351132,0.166667,0.333333,0.0900901,0,0,0.8
0,668,-0.0153964,0.225576,0.143268,0.2,0.2,0.163636,1,0,0.9
1,668,2.08143,-0.352127,0.774863,1,0.166667,0.178571,1,0.333333,1
0,669,-0.909431,-0.126538,-0.750213,0.142857,0.142857,0.1,0,0.666667,0.1
0,669,0.0509568,0.596031,0.929911,0.2,0.5,0.09375,0,0.166667,0.2
0,669,-0.909431,-0.120123,-0.507978,0.125,0.2,0.1,0,0.666667,0.3
0,669,0.63285,-1.27961,-0.439039,0.333333,0.1,0.0454545,0,0,0.4
0,669,-0.945361,-0.0622402,-0.689624,0.1,0.25,0.0909091,0,0.666667,0.5
0,669,-0.427552,-1.22768,-0.958829,0.166667,0.111111,0.0625,0,0.5,0.6
1,669,2.17578,2.39747,2.21634,1,1,0.0571429,1,0.166667,0.7
0,669,1.13772,-0.619932,0.244148,0.5,0.125,0.06,1,0.166667,0.8
0,669,-0.909431,-0.121971,-0.958829,0.111111,0.166667,0.1,0,0.666667,0.9
1,669,0.103904,0.564596,0.914117,0.25,0.333333,0.0714286,1,0,1
0,670,0.0569883,-0.560588,-0.0347871,0.25,0.142857,0.0945946,0,0,0.1
1,670,1.89644,2.23687,1.77895,1,1,0.177419,0,0,0.2
0,670,-0.23302,-0.738825,-0.596768,0.166667,0.125,0.103896,0,0,0.3
0,670,-0.501068,0.335635,-0.0347871,0.142857,0.25,0.122807,1,0.333333,0.4
0,670,-0.562885,-0.88482,-1.131,0.125,0.111111,0.05,1,0,0.5
0,670,0.607357,0.795578,1.14248,0.333333,0.5,0.142857,0,0,0.6
1,670,1.43862,0.289768,0.746398,0.5,0.2,0.132075,0,0,0.7
0,670,-0.130319,0.345442,0.538777,0.2,0.333333,0.1,0,0,0.8
0,670,-1.37171,-0.297145,-0.937511,0.1,0.166667,0.0714286,1,0.333333,0.9
0,670,-1.20041,-1.52191,-1.47175,0.111111,0.1,0.0641026,1,0.333333,1
0,671,-0.0521203,-0.398789,-0.408089,0.2,0.142857,0.205128,0,0.166667,0.1
0,671,0.964507,-0.0722987,0.990082,0.5,0.166667,0.0677966,0,0,0.2
1,671,-0.491988,1.90183,1.04521,0.142857,1,0.159091,1,0.666667,0.3
0,671,-0.66333,-0.983362,-1.70206,0.125,0.125,0.125,0,0,0.4
0,671,0.381376,0.765235,1.67218,0.25,0.5,0.0654206,1,0.5,0.5
0,671,-1.03569,0.633988,-0.327732,0.111111,0.333333,0.0972222,1,0.666667,0.6
0,671,-1.52339,0.416007,-1.32957,0.1,0.2,0.0821918,1,0.5,0.7
0,671,2.15822,-1.40816,0.123729,1,0.1,0.102273,0,0,0.8
0,671,0.408533,-1.36083,-0.327732,0.333333,0.111111,0.0661157,0,0,0.9
1,671,-0.14612,0.506383,0.263981,0.166667,0.25,0.121212,1,0.166667,1
0,672,-0.470238,-0.616294,-0.446561,0.166667,0.142857,0.135593,1,0,0.1
0,672,-0.73761,0.36453,-0.226909,0.125,0.25,0.137931,1,0.333333,0.2
0,672,-1.20294,-0.00412353,-0.999732,0.1,0.166667,0.133333,1,0.333333,0.3
0,672,1.70011,1.3509,1.66836,1,0.5,0.222222,1,0,0.4
0,672,-0.31008,-0.873819,-0.434792,0.2,0.125,0.0934579,1,0.333333,0.5
1,672,0.777372,0.0405035,0.574534,0.333333,0.2,0.119403,1,0,0.6
0,672,-0.481428,0.850769,0.177386,0.142857,0.333333,0.210526,0,0,0.7
0,672,-1.09272,-1.5512,-1.56942,0.111111,0.1,0.125,0,0,0.8
0,672,0.160642,-1.13541,-0.411221,0.25,0.111111,0.0659341,0,0,0.9
1,672,1.6569,1.57415,1.66836,0.5,1,0.203125,0,0,1
0,673,-0.498977,-1.54009,-1.26651,0.142857,0.1,0.0886076,1,0.5,0.1
1,673,2.86465,-0.209001,0.872045,1,0.166667,0.166667,0,0,0.2
1,673,-0.55782,-0.565026,-1.08263,0.125,0.125,0.0843373,1,0.333333,0.3
0,673,-0.187122,-1.43066,-0.655989,0.2,0.111111,0.0860215,0,0,0.4
0,673,-0.0623582,1.37986,1.30591,0.25,1,0.148148,0,0,0.5
0,673,-0.246651,1.16036,0.395171,0.166667,0.333333,0.0672269,0,0,0.6
0,673,-0.774774,-0.42588,-1.26651,0.1,0.142857,0.0853659,0,0,0.7
0,673,-0.715455,0.557118,-0.435721,0.111111,0.25,0.0744681,1,0.333333,0.8
0,673,0.143084,-0.134234,0.843355,0.5,0.2,0.103896,1,0.166667,0.9
0,673,0.0354186,1.20755,1.29088,0.333333,0.5,0.163265,0,0,1
0,674,-0.219558,-0.947676,-0.551443,0.2,0.111111,0.0675676,1,0.166667,0.1
0,674,-1.19069,-1.36258,-1.55738,0.1,0.1,0.0537634,1,0.833333,0.2
1,674,1.65261,1.23373,1.08515,0.5,0.333333,0.175,1,1.16667,0.3
0,674,-0.666041,-0.503247,-0.57195,0.142857,0.142857,0.0458015,0,0,0.4
0,674,0.628964,1.36007,1.08515,0.333333,0.5,0.0823529,1,0.833333,0.5
0,674,-0.327509,-0.144948,-0.0440125,0.166667,0.2,0.0431655,0,0.333333,0.6
0,674,-0.690034,-0.447735,-0.566826,0.125,0.166667,0.0769231,0,0.333333,0.7
0,674,-1.17048,-0.918106,-1.07426,0.111111,0.125,0.0701754,1,0.833333,0.8
1,674,1.71409,1.59271,1.6897,1,1,0.179487,1,0.833333,0.9
0,674,0.268645,0.137774,0.505866,0.25,0.25,0.0679612,1,1,1
1,675,2.9154,2.48994,1.86605,1,1,0.27907,1,0.5,0.1
1,675,-0.538236,-0.223301,-0.427693,0.125,0.2,0.0877193,0,0.333333,0.2
0,675,-0.0855325,1.15322,0.987428,0.25,0.5,0.0610687,1,1,0.3
0,675,0.0134967,-1.00439,-0.36965,0.333333,0.1,0.0945946,0,0,0.4
0,675,-0.46403,-0.649111,-0.818357,0.142857,0.125,0.0769231,1,0.166667,0.5
0,675,-0.194683,-0.583698,-0.240979,0.2,0.142857,0.12,1,1,0.6
0,675,-0.648967,-0.727782,-1.5438,0.1,0.111111,0.0961538,1,0.5,0.7
0,675,-0.458098,-0.203777,0.155882,0.166667,0.25,0.0657895,1,0.166667,0.8
0,675,0.024932,0.0275382,1.19841,0.5,0.333333,0.0747664,1,0.5,0.9
0,675,-0.564278,-0.278642,-0.807287,0.111111,0.166667,0.0595238,0,0.5,1
1,676,-1.42109,-0.579845,-2.28605,0.1,0.125,0.0517241,1,0,0.1
0,676,-0.565708,-0.0698136,-0.7176,0.125,0.2,0.0877193,0,0,0.2
0,676,-0.527795,1.37512,0.658175,0.142857,0.5,0.0694444,1,0,0.3
0,676,-0.0586454,-0.098021,-0.081553,0.2,0.166667,0.0403226,0,0.166667,0.4
0,676,0.0393912,-0.991104,-0.678698,0.25,0.111111,0.097561,0,0,0.5
1,676,0.512567,-1.62336,-0.254803,0.5,0.1,0.06,1,0,0.6
0,676,-0.579454,1.9113,0.418092,0.111111,1,0.108696,0,0,0.7
0,676,0.115508,-0.0223275,1.29134,0.333333,0.25,0.0515464,1,0,0.8
0,676,-0.113289,0.540144,0.615536,0.166667,0.333333,0.0465116,0,0.166667,0.9
0,676,2.59851,-0.442097,1.03557,1,0.142857,0.0542636,1,0,1
0,677,-0.761917,-1.45817,-1.2903,0.125,0.1,0.05,0,0,0.1
0,677,0.138613,0.6523,0.728859,0.25,0.333333,0.315789,1,1,0.2
0,677,-0.53719,0.560552,-0.0460304,0.166667,0.2,0.2,1,1,0.3
0,677,-1.11203,-1.36441,-1.2903,0.1,0.125,0.0816327,0,0,0.4
0,677,-0.791069,-0.410424,-0.946688,0.111111,0.142857,0.0582524,1,0.833333,0.5
1,677,2.54818,1.2084,1.76716,1,1,0.225,1,1.16667,0.6
0,677,0.138613,0.6523,0.335406,0.2,0.25,0.315789,1,1.16667,0.7
0,677,0.580729,0.987639,1.34115,0.5,0.5,0.233333,1,1,0.8
0,677,-0.53719,0.560552,-0.415993,0.142857,0.166667,0.2,1,1,0.9
1,677,0.333265,-1.38874,-0.183272,0.333333,0.111111,0.0833333,1,0.5,1
1,678,2.65157,2.29981,1.90376,1,1,0.230769,1,1,0.1
0,678,-0.278913,-0.28738,-0.448147,0.166667,0.142857,0.0537634,1,0.5,0.2
0,678,-0.154833,0.288176,0.576575,0.2,0.333333,0.0155844,0,0,0.3
0,678,-0.0867185,-1.10735,-0.412682,0.25,0.111111,0.105263,1,0.5,0.4
0,678,-0.459283,0.831834,0.209715,0.125,0.5,0.0485437,1,0.5,0.5
0,678,-0.310232,0.0570992,-0.245848,0.142857,0.2,0.0537634,0,0,0.6
0,678,-0.765991,-1.4147,-1.575,0.111111,0.1,0.05,1,0.5,0.7
1,678,0.597949,0.174287,1.00738,0.5,0.25,0.142857,1,0,0.8
0,678,0.0726141,-0.0760959,0.374276,0.333333,0.166667,0.0581395,1,0.5,0.9
0,678,-1.26616,-0.76568,-1.39003,0.1,0.125,0.0882353,1,0.5,1
1,679,2.40256,-0.246055,0.775409,1,0.166667,0.136364,1,0,0.1
0,679,-0.525401,-1.14252,-0.957472,0.142857,0.111111,0.0384615,0,0,0.2
0,679,-0.425661,1.00953,1.14783,0.333333,0.5,0.0441176,1,0,0.3
0,679,-0.428072,1.92315,1.16119,0.25,1,0.111111,0,0.166667,0.4
0,679,1.51273,0.717853,1.14783,0.5,0.333333,0.0609756,0,0.166667,0.5
0,679,-0.568052,-0.365061,-1.12616,0.1,0.142857,0.0540541,1,0.166667,0.6
0,679,-0.53547,-1.40872,-1.47865,0.111111,0.1,0.0461538,0,0,0.7
1,679,-0.429677,0.482911,0.339227,0.2,0.25,0.0526316,1,0.166667,0.8
0,679,-0.532403,-1.02343,-0.962656,0.125,0.125,0.0333333,0,0,0.9
0,679,-0.470548,0.0523377,-0.0465547,0.166667,0.2,0.0410959,0,0.333333,1
0,680,-0.880856,0.147673,-0.432474,0.111111,0.25,0.196429,0,0,0.1
0,680,0.584448,2.07079,1.75458,0.5,1,0.265306,1,0.166667,0.2
0,680,-0.392276,0.446242,0.392226,0.166667,0.333333,0.2,0,0,0.3
1,680,2.69858,1.13958,1.75458,1,0.5,0.305085,1,0.166667,0.4
0,680,-0.423753,-0.560368,-0.675313,0.142857,0.142857,0.169811,0,0,0.5
1,680,-0.619873,-1.11159,-1.2684,0.125,0.111111,0.103774,0,0,0.6
0,680,-0.906901,0.145223,-0.839399,0.1,0.2,0.178571,0,0,0.7
0,680,-0.0846389,-0.170035,0.16666,0.25,0.166667,0.170732,0,0,0.8
0,680,-0.14943,-1.4849,-0.839399,0.2,0.1,0.126437,0,0,0.9
0,680,0.174699,-0.622615,-0.0130699,0.333333,0.125,0.211538,0,0,1
0,681,-0.899083,0.108977,-0.464502,0.125,0.2,0.132075,1,1.16667,0.1
1,681,2.51786,-1.5359,0.27063,1,0.111111,0.205128,0,0,0.2
0,681,0.472329,-0.181183,0.189507,0.333333,0.142857,0.123288,1,1.16667,0.3
0,681,-0.233779,0.544746,0.169298,0.166667,0.25,0.163265,1,1.16667,0.4
1,681,0.702966,1.74166,1.78236,0.5,1,0.15,1,1.16667,0.5
0,681,-0.910523,-0.180722,-0.876765,0.111111,0.166667,0.125,1,1.16667,0.6
0,681,-0.45786,-0.395648,-0.888788,0.142857,0.125,0.125,1,1.16667,0.7
0,681,-1.00691,-1.68123,-1.86794,0.1,0.1,0.0752688,0,0,0.8
0,681,-0.164739,0.830549,0.850322,0.2,0.5,0.0963855,1,1.16667,0.9
0,681,-0.0202655,0.74876,0.83588,0.25,0.333333,0.0891089,1,1.16667,1
0,682,-0.4664,2.11332,0.859249,0.166667,1,0.113636,1,1.33333,0.1
0,682,-0.715726,-0.899471,-1.25917,0.125,0.111111,0.0689655,1,1.33333,0.2
0,682,-0.134435,-0.499929,0.165447,0.25,0.166667,0.130435,1,1.33333,0.3
0,682,-0.757155,-0.665892,-1.061,0.111111,0.142857,0.0458716,1,1.33333,0.4
0,682,-1.02722,0.177053,-0.616257,0.1,0.25,0.0909091,1,1.33333,0.5
0,682,-0.171688,-0.759139,-0.453936,0.2,0.125,0.105263,1,1.33333,0.6
1,682,0.922766,0.835843,1.27194,0.5,0.333333,0.131148,1,1.33333,0.7
0,682,-0.512713,-1.17556,-1.24793,0.142857,0.1,0.0714286,1,1.33333,0.8
1,682,2.52277,-0.256492,1.06971,1,0.2,0.133333,1,0,0.9
0,682,0.339805,1.13027,1.27194,0.333333,0.5,0.118644,1,1.33333,1
0,683,-0.909439,1.11176,0.221442,0.125,0.5,0.0617284,0,0,0.1
1,683,1.7368,-0.578453,0.422581,0.5,0.142857,0.0679612,1,0.666667,0.2
1,683,-1.33468,-0.764922,-1.46776,0.1,0.125,0.047619,0,0.166667,0.3
0,683,-0.00465255,1.73078,1.08573,0.2,1,0.0404624,0,0,0.4
0,683,-0.925532,-1.69984,-1.66306,0.111111,0.1,0.0952381,0,0,0.5
0,683,1.73973,0.427476,1.30601,1,0.25,0.0853659,1,0.666667,0.6
0,683,-0.368982,-1.0667,-0.869654,0.166667,0.111111,0.0769231,0,0,0.7
0,683,0.0370044,-0.0678152,0.167925,0.25,0.166667,0.0869565,1,0.833333,0.8
0,683,0.435475,0.787045,1.05638,0.333333,0.333333,0.146341,1,0.666667,0.9
0,683,-0.405731,0.120673,-0.259595,0.142857,0.2,0.0645161,1,0.666667,1
0,684,0.347573,1.19761,1.52281,0.5,0.5,0.116279,1,0.333333,0.1
0,684,-0.105891,-1.34821,-0.654841,0.2,0.111111,0.115942,1,0.5,0.2
0,684,-0.552114,-0.620977,-1.08073,0.125,0.125,0.0833333,1,0.5,0.3
0,684,-0.530024,0.0273317,-0.0522651,0.166667,0.2,0.1,0,0,0.4
0,684,-0.806541,0.528156,-0.397477,0.1,0.333333,0.0923077,1,0.5,0.5
0,684,0.0351392,0.487978,0.600719,0.25,0.25,0.105882,1,0.166667,0.6
1,684,0.0450931,-1.58471,-0.397477,0.333333,0.1,0.102273,1,0.333333,0.7
0,684,-0.699988,-0.4112,-1.07492,0.111111,0.142857,0.060241,0,0,0.8
1,684,2.80212,1.77801,2.00652,1,1,0.244898,1,0,0.9
0,684,-0.535363,-0.0539879,-0.472339,0.142857,0.166667,0.118644,1,1,1
1,685,0.939943,2.19576,1.54501,0.333333,1,0.186441,1,0,0.1
0,685,-0.486128,-1.54568,-1.06748,0.166667,0.1,0.133333,1,0.666667,0.2
0,685,-0.937065,-0.169006,-0.661056,0.111111,0.2,0.162791,1,0.666667,0.3
0,685,1.09943,1.06439,1.53726,0.5,0.5,0.116279,0,0,0.4
0,685,-0.751112,-0.414786,-0.685639,0.142857,0.142857,0.108108,1,0.666667,0.5
0,685,-0.477656,0.331542,0.384451,0.2,0.25,0.116883,0,0,0.6
0,685,-0.898528,0.370667,-0.0132698,0.125,0.333333,0.0888889,0,0.5,0.7
1,685,1.98701,-0.630952,0.467288,1,0.125,0.155556,0,0,0.8
0,685,0.514453,-0.390942,0.169208,0.25,0.166667,0.18,0,0,0.9
0,685,-0.990351,-0.810997,-1.67577,0.1,0.111111,0.127273,1,0.5,1
0,686,-0.573363,-0.15842,-0.629549,0.125,0.166667,0.0851064,1,0.166667,0.1
0,686,0.668686,1.9185,1.65047,0.5,1,0.05,1,0.166667,0.2
0,686,-0.576033,-0.307168,-1.00535,0.111111,0.142857,0.0816327,0,0,0.3
1,686,2.80011,0.791921,1.43144,1,0.333333,0.125,1,0,0.4
0,686,-0.259916,0.901668,0.993051,0.25,0.5,0.0806452,1,0.166667,0.5
0,686,-0.529576,-1.65551,-1.18248,0.142857,0.1,0.0930233,1,0.166667,0.6
1,686,-0.307462,-1.328,-0.612464,0.2,0.111111,0.04,0,0,0.7
0,686,-0.485309,-0.418617,-0.629549,0.166667,0.125,0.1,0,0,0.8
0,686,-0.594296,0.28198,-0.583936,0.1,0.25,0.0727273,0,0,0.9
0,686,-0.142847,-0.0263468,0.568372,0.333333,0.2,0.0684932,0,0,1
0,687,-0.357465,1.16843,0.669069,0.166667,0.5,0.205128,1,1.33333,0.1
0,687,-0.631153,-0.461779,-0.936524,0.142857,0.125,0.112676,1,1.33333,0.2
0,687,0.302185,1.30638,1.62886,0.333333,1,0.0989011,1,1.33333,0.3
0,687,-0.674283,-0.0672719,-1.14401,0.111111,0.142857,0.1,1,1.33333,0.4
0,687,-0.647549,-0.944613,-1.35768,0.125,0.111111,0.163265,1,1.33333,0.5
0,687,0.662079,0.363054,1.13001,0.5,0.25,0.157895,1,1.33333,0.6
0,687,-1.22243,0.183452,-0.898485,0.1,0.2,0.0736842,1,1.33333,0.7
0,687,0.213462,0.681113,0.880775,0.25,0.333333,0.160714,1,1.33333,0.8
1,687,2.54815,-2.27736,0.0836123,1,0.1,0.112903,1,0,0.9
1,687,-0.192997,0.048595,-0.0556245,0.2,0.166667,0.132353,1,1.33333,1
0,688,-0.76321,-0.44652,-0.761125,0.111111,0.166667,0.0879121,0,0,0.1
0,688,-0.236203,-1.20125,-0.381377,0.25,0.111111,0.155172,0,0.166667,0.2
0,688,2.15115,2.28115,1.75934,1,1,0.209677,1,0,0.3
0,688,-0.44426,0.316322,0.333922,0.2,0.25,0.107143,0,0,0.4
0,688,-0.628989,0.501749,0.345885,0.166667,0.333333,0.163265,1,0.166667,0.5
1,688,1.48707,0.813504,1.33521,0.5,0.5,0.135802,1,0,0.6
0,688,-0.675145,-0.474322,-0.595525,0.142857,0.142857,0.0769231,0,0,0.7
0,688,-0.700181,-0.494538,-0.9476,0.125,0.125,0.0737705,0,0,0.8
0,688,0.599773,-0.00350915,0.532838,0.333333,0.2,0.114583,0,0.166667,0.9
1,688,-0.790002,-1.29259,-1.62157,0.1,0.1,0.117647,1,0.166667,1
0,689,0.855131,1.25654,1.19935,0.333333,0.5,0.118421,0,0,0.1
0,689,-0.467405,-0.541609,-0.241168,0.2,0.142857,0.14,0,0,0.2
0,689,-0.679511,-0.240716,-0.241168,0.142857,0.2,0.109375,1,0,0.3
1,689,1.97284,1.63033,1.86751,1,1,0.173077,1,0,0.4
0,689,-0.713686,-1.42229,-1.36357,0.125,0.1,0.125,0,0,0.5
0,689,-0.644885,-0.33672,-0.247092,0.166667,0.166667,0.205882,0,0,0.6
0,689,0.0264433,-0.981704,-0.404825,0.25,0.111111,0.0961538,0,0,0.7
0,689,-1.03328,-0.951851,-1.36357,0.1,0.125,0.0952381,0,0,0.8
0,689,-0.768834,1.06317,-0.193679,0.111111,0.333333,0.0886076,0,0,0.9
1,689,1.45318,0.524841,0.988204,0.5,0.25,0.207547,0,0,1
0,690,0.00157976,-0.706363,-0.270724,0.25,0.125,0.206349,0,0,0.1
0,690,-0.256548,-1.63364,-1.19277,0.166667,0.1,0.270833,0,0,0.2
0,690,-0.28777,1.77724,0.7486,0.142857,1,0.16092,1,0,0.3
0,690,-0.654449,1.03945,0.249324,0.125,0.5,0.0886076,1,0,0.4
0,690,0.576352,0.798015,1.18939,0.333333,0.333333,0.217391,1,0.166667,0.5
1,690,1.98832,0.104865,1.22243,1,0.2,0.222222,1,0,0.6
0,690,-1.42779,-0.590072,-1.4261,0.1,0.142857,0.0948276,0,0,0.7
0,690,-0.0296156,-1.07074,-0.738647,0.2,0.111111,0.171429,0,0,0.8
0,690,-1.19882,-0.312811,-0.979153,0.111111,0.166667,0.0875912,0,0,0.9
1,690,1.28874,0.594043,1.19764,0.5,0.25,0.293103,1,0.166667,1
0,691,-0.580253,0.0198101,-0.435507,0.125,0.2,0.0625,0,0.166667,0.1
0,691,-0.105282,1.68377,1.6711,0.5,1,0.0857143,1,0.166667,0.2
1,691,-0.168734,-0.179794,0.15873,0.25,0.166667,0.0361446,1,0.166667,0.3
0,691,-0.340963,-1.75329,-1.19726,0.142857,0.1,0.0483871,0,0,0.4
0,691,-0.629204,-0.759408,-1.38739,0.1,0.125,0.0392157,0,0,0.5
0,691,-0.179375,0.755199,0.575479,0.2,0.333333,0.0638298,0,0,0.6
0,691,-0.186969,1.07498,0.595329,0.166667,0.5,0.0967742,0,0.333333,0.7
0,691,-0.15745,0.666087,0.783703,0.333333,0.25,0.075,0,0.166667,0.8
1,691,2.94366,-0.457142,0.628477,1,0.142857,0.0714286,1,0,0.9
0,691,-0.595431,-1.0502,-1.39266,0.111111,0.111111,0.0555556,0,0,1
0,692,-0.267541,0.180054,-0.222406,0.2,0.142857,0.0958904,1,1.33333,0.1
0,692,-0.270088,0.231468,-0.227869,0.166667,0.166667,0.0945946,1,1.33333,0.2
0,692,-0.262007,0.395652,0.911326,0.25,0.5,0.0985915,1,1.33333,0.3
0,692,-0.297934,-0.15164,-1.26227,0.111111,0.111111,0.0813953,1,1.33333,0.4
0,692,-0.253786,0.253226,0.911326,0.5,0.25,0.104478,1,1.33333,0.5
1,692,-0.799349,-2.76084,-1.58737,0.1,0.1,0.0238095,0,0,0.6
0,692,-0.281707,-0.0247529,-0.92761,0.125,0.125,0.0897436,1,1.33333,0.7
0,692,-0.272507,0.255628,0.161042,0.142857,0.333333,0.0897436,1,1.33333,0.8
0,692,-0.257321,0.232667,0.521597,0.333333,0.2,0.0985915,1,1.33333,0.9
1,692,2.96224,1.38854,1.72223,1,1,0.217391,1,1.33333,1
0,693,-1.10969,0.678945,-0.0127684,0.125,0.333333,0.0555556,1,0.5,0.1
1,693,1.72157,2.30831,1.94904,1,1,0.09375,1,0.166667,0.2
0,693,1.38887,-0.685436,0.214703,0.5,0.125,0.101449,0,0,0.3
0,693,-1.1998,-1.03328,-1.79641,0.1,0.1,0.0517241,1,0.833333,0.4
0,693,0.190343,-0.608529,0.162815,0.25,0.166667,0.1,0,0.333333,0.5
0,693,-1.11791,0.293118,-0.422497,0.111111,0.25,0.0491803,1,0.5,0.6
0,693,-0.0432956,-0.220961,-0.0507677,0.166667,0.2,0.0789474,0,0.333333,0.7
1,693,0.759048,0.890777,1.25171,0.333333,0.5,0.0560748,1,0.166667,0.8
0,693,0.151956,-0.641564,-0.251696,0.2,0.142857,0.0757576,0,0,0.9
0,693,-0.741081,-0.981385,-1.04412,0.142857,0.111111,0.0555556,1,0.5,1
0,694,0.743475,0.179195,0.506834,0.333333,0.2,0.104167,0,0,0.1
0,694,-0.397617,-0.186521,-0.221419,0.166667,0.166667,0.0888889,0,0,0.2
0,694,-0.533264,-0.640028,-0.733908,0.142857,0.125,0.0456853,0,0,0.3
0,694,0.183273,0.248332,0.317625,0.2,0.25,0.111111,0,0,0.4
0,694,0.355223,0.549717,0.885532,0.25,0.5,0.107692,0,0,0.5
1,694,1.33208,0.352315,1.07474,0.5,0.333333,0.0925926,1,0,0.6
0,694,-0.973426,-1.27103,-1.06395,0.125,0.111111,0.0632911,0,0,0.7
0,694,-1.13742,-0.331043,-0.896501,0.111111,0.142857,0.0694444,0,0,0.8
1,694,1.75297,2.38071,1.67348,1,1,0.185714,0,0,0.9
0,694,-1.32529,-1.28165,-1.54244,0.1,0.1,0.0428571,0,0,1
0,695,-0.968374,-0.458771,-1.14395,0.111111,0.125,0.0707071,0,0,0.1
0,695,-1.5368,-0.316416,-1.13374,0.1,0.142857,0.0574713,1,0.166667,0.2
0,695,1.91825,2.45326,1.79932,1,1,0.0851064,0,0,0.3
0,695,-0.239123,-0.130237,-0.046868,0.2,0.166667,0.133333,1,0.5,0.4
0,695,-0.694137,-1.35398,-1.31378,0.125,0.1,0.0707071,1,0.5,0.5
1,695,1.06349,0.420774,1.36556,0.5,0.5,0.166667,1,0.166667,0.6
0,695,-0.36451,0.268902,0.353745,0.166667,0.333333,0.119403,1,0.166667,0.7
1,695,1.02994,0.101643,0.544946,0.333333,0.2,0.169231,1,0,0.8
0,695,-0.36451,0.240799,-0.0351855,0.142857,0.25,0.119403,1,0.166667,0.9
0,695,0.155773,-1.22597,-0.390044,0.25,0.111111,0.173913,1,0.333333,1
1,696,1.64455,0.816105,1.12346,1,0.25,0.19697,1,0,0.1
1,696,1.25917,0.986854,1.31235,0.5,0.5,0.178571,1,0,0.2
0,696,-1.11796,-1.18817,-1.4306,0.1,0.111111,0.0816327,1,0.666667,0.3
0,696,0.417202,-0.203933,-0.045042,0.2,0.166667,0.0532544,0,0,0.4
0,696,0.491321,0.870393,0.713208,0.25,0.333333,0.1,0,0,0.5
0,696,-1.07668,-0.707244,-1.09938,0.111111,0.125,0.0784314,1,0.666667,0.6
0,696,-0.717316,-0.623731,-0.407061,0.166667,0.142857,0.128205,1,0.666667,0.7
0,696,-0.982415,-0.0849816,-0.396333,0.125,0.2,0.125,1,0.666667,0.8
0,696,-0.796307,-1.55185,-1.08957,0.142857,0.1,0.121951,1,0.666667,0.9
0,696,0.878428,1.68656,1.31897,0.333333,1,0.114286,0,0,1
0,697,-0.759796,-1.09936,-1.34192,0.111111,0.111111,0.192308,1,1,0.1
1,697,0.57954,-0.960848,0.20169,0.5,0.125,0.166667,1,0.333333,0.2
0,697,-0.449408,0.889494,0.573638,0.166667,0.5,0.0631579,1,0.833333,0.3
0,697,-0.583891,0.273553,-0.23644,0.142857,0.2,0.12,1,0.666667,0.4
0,697,0.563182,0.297954,0.755148,0.333333,0.25,0.0747664,1,0.333333,0.5
0,697,-0.362713,-0.299807,-0.23644,0.2,0.142857,0.132075,1,0.333333,0.6
1,697,2.6573,1.91506,1.8309,1,1,0.173333,1,0.333333,0.7
0,697,-0.778403,-1.61679,-1.68753,0.1,0.1,0.0862069,1,0.5,0.8
0,697,-0.269768,0.725557,0.755148,0.25,0.333333,0.14,1,0.666667,0.9
0,697,-0.596045,-0.12482,-0.614196,0.125,0.166667,0.0821918,1,0.666667,1
0,698,0.899307,0.458175,1.17065,0.5,0.25,0.0641026,1,1,0.1
0,698,-0.548035,0.223398,-0.507052,0.125,0.2,0.0694444,0,0,0.2
0,698,-1.33813,-0.300339,-0.95708,0.111111,0.166667,0.0930233,1,1,0.3
0,698,-1.81454,0.545393,-0.438238,0.1,0.333333,0.0833333,1,1,0.4
0,698,1.68612,1.51001,1.94563,1,0.5,0.136364,0,0,0.5
0,698,-0.511441,-0.858416,-0.970204,0.142857,0.125,0.0641026,1,1,0.6
1,698,0.244295,-1.26369,-0.95708,0.166667,0.111111,0.0322581,1,0,0.7
1,698,0.444989,-0.547565,-0.043261,0.25,0.142857,0.125,1,1,0.8
0,698,0.413445,1.60172,1.19488,0.2,1,0.106383,1,1,0.9
0,698,0.523983,-1.36868,-0.438238,0.333333,0.1,0.0612245,1,1,1
0,699,-0.520145,0.419602,0.550457,0.2,0.333333,0.133333,0,0,0.1
0,699,0.78593,0.672214,1.16724,0.333333,0.5,0.111111,0,0.166667,0.2
1,699,-0.630195,-0.23895,-0.234712,0.142857,0.2,0.0701754,1,0.166667,0.3
0,699,0.843551,-0.567688,0.382075,0.5,0.142857,0.0862069,0,0,0.4
0,699,-0.582366,0.0211856,0.151829,0.166667,0.25,0.0909091,0,0.166667,0.5
0,699,-0.686776,-0.80524,-1.15552,0.125,0.111111,0.0612245,1,0.166667,0.6
0,699,-0.202924,-0.666715,-0.2174,0.25,0.125,0.0833333,1,0,0.7
0,699,-0.698947,-0.470791,-0.786294,0.111111,0.166667,0.0540541,0,0.333333,0.8
0,699,-0.771363,-0.962091,-1.6752,0.1,0.1,0.0461538,0,0,0.9
1,699,2.46323,2.59847,1.81752,1,1,0.28125,1,0,1
0,700,0.11291,-1.35959,-1.50371,0.166667,0.111111,0.0810811,0,0.166667,0.1
0,700,0.297255,0.481807,1.05269,0.2,0.333333,0.0729167,0,0,0.2
1,700,0.787632,-0.609845,-0.0227706,0.333333,0.125,0.0921053,1,0.166667,0.3
0,700,-1.12605,1.0402,0.382891,0.125,0.5,0.0724638,1,0.166667,0.4
1,700,0.685522,-2.1374,-1.08152,0.25,0.1,0.0833333,0,0.166667,0.5
0,700,-1.13313,0.481766,-0.753461,0.111111,0.25,0.108696,1,0.166667,0.6
0,700,1.10088,0.218897,0.730678,0.5,0.142857,0.119048,1,0.166667,0.7
0,700,1.55996,0.365319,1.87732,1,0.2,0.0776699,1,0,0.8
0,700,-1.16084,1.16564,0.136091,0.1,1,0.0357143,0,0,0.9
0,700,-1.12414,0.353219,-0.818213,0.142857,0.166667,0.0757576,0,0,1
0,701,-1.01258,0.142373,0.02446,0.111111,0.5,0.106383,0,0,0.1
0,701,-0.889916,-0.739262,-1.19623,0.125,0.111111,0.0952381,0,0.166667,0.2
0,701,-0.717813,0.101447,-0.0367933,0.142857,0.25,0.0923077,1,0.166667,0.3
0,701,0.732839,0.114695,1.20836,0.5,0.333333,0.0851064,1,0.333333,0.4
0,701,0.0997265,-0.301549,-0.0490097,0.2,0.166667,0.121951,1,0.333333,0.5
1,701,2.23794,2.8001,1.88154,1,1,0.242424,1,0.666667,0.6
0,701,-1.13698,-0.901007,-1.73421,0.1,0.1,0.0877193,0,0,0.7
1,701,0.647984,-0.541023,0.175939,0.333333,0.142857,0.217391,1,0.333333,0.8
0,701,0.465911,-0.0682301,0.357115,0.25,0.2,0.0958904,1,0.333333,0.9
0,701,-0.427113,-0.607543,-0.631183,0.166667,0.125,0.0967742,1,0.333333,1
1,702,2.52304,2.27721,1.73489,1,1,0.337349,1,0.166667,0.1
0,702,0.570658,0.711313,0.911701,0.333333,0.333333,0.272727,1,0.166667,0.2
0,702,-0.709239,-0.730194,-0.76084,0.142857,0.125,0.185185,0,0,0.3
0,702,-0.712321,-1.22885,-1.26674,0.125,0.1,0.188679,0,0,0.4
0,702,-0.52299,0.0687248,0.144926,0.166667,0.25,0.0890411,0,0,0.5
0,702,-0.513453,-0.704926,-0.224042,0.2,0.142857,0.0952381,0,0,0.6
0,702,0.811867,0.916648,1.31666,0.5,0.5,0.25,1,0,0.7
0,702,-0.722058,-0.855735,-1.27155,0.111111,0.111111,0.1,0,0,0.8
1,702,0.03559,-0.436571,0.144926,0.25,0.166667,0.14433,0,0,0.9
0,702,-0.761096,-0.0176187,-0.729937,0.1,0.2,0.116883,0,0,1
0,703,-0.210491,-0.60734,-0.037864,0.25,0.142857,0.150943,1,0.666667,0.1
0,703,-0.690616,-0.596933,-0.83768,0.111111,0.166667,0.139535,1,0.666667,0.2
0,703,-0.16873,-0.164265,0.798618,0.333333,0.25,0.0879121,0,0,0.3
1,703,-0.643232,0.141386,-0.012685,0.125,0.333333,0.131579,1,0.833333,0.4
0,703,-0.314226,-0.765311,-0.814676,0.2,0.1,0.0952381,0,0,0.5
0,703,-0.88084,-0.542991,-0.814676,0.1,0.2,0.12766,1,0.833333,0.6
0,703,-0.625565,-0.646526,-0.849167,0.142857,0.125,0.0823529,0,0,0.7
1,703,2.11251,2.03788,1.9363,1,1,0.393939,1,0.5,0.8
0,703,-0.361316,-0.677322,-0.83768,0.166667,0.111111,0.14,0,0,0.9
0,703,1.78251,1.82143,1.46951,0.5,0.5,0.265306,1,0.833333,1
0,704,-0.577959,-1.83547,-1.27151,0.125,0.1,0.0675676,0,0,0.1
0,704,-0.645747,-1.29706,-1.27635,0.111111,0.111111,0.0909091,0,0,0.2
1,704,2.82777,1.48658,1.74143,1,1,0.127273,1,0,0.3
0,704,0.43514,0.91928,1.11838,0.5,0.333333,0.133333,0,0,0.4
0,704,-0.211248,0.0176743,-0.0453602,0.2,0.166667,0.0495868,0,0,0.5
0,704,0.0429741,0.146652,0.527414,0.333333,0.2,0.0555556,0,0,0.6
0,704,-0.54274,1.12334,0.36608,0.142857,0.5,0.0961538,0,0,0.7
0,704,-0.513653,-0.200047,-0.409936,0.166667,0.142857,0.0625,0,0,0.8
1,704,-0.155512,0.321928,0.521356,0.25,0.25,0.0379747,0,0,0.9
0,704,-0.65902,-0.682878,-1.27151,0.1,0.125,0.078125,0,0,1
0,705,0.218921,-0.194232,0.414611,0.333333,0.166667,0.0810811,1,1,0.1
0,705,-0.419585,-0.245302,-0.713854,0.142857,0.142857,0.0806452,1,1.16667,0.2
1,705,-0.619155,-0.0213655,-0.656202,0.1,0.25,0.097561,1,1,0.3
0,705,-0.395175,-1.06375,-0.68826,0.2,0.111111,0.0520833,1,1,0.4
0,705,-0.392896,-1.14204,-0.656202,0.25,0.1,0.0588235,0,0.166667,0.5
0,705,-0.609702,0.272438,-0.0138159,0.125,0.333333,0.0784314,1,1,0.6
0,705,-0.611615,-0.0587759,-0.68826,0.111111,0.2,0.0727273,1,1,0.7
0,705,0.408732,0.659935,1.60052,0.5,0.5,0.101695,0,0,0.8
1,705,2.82887,2.53133,2.10892,1,1,0.125,1,0.166667,0.9
0,705,-0.40839,-0.738238,-0.70746,0.166667,0.125,0.0423729,1,1.16667,1
0,706,-0.393838,-0.411061,-0.43273,0.166667,0.142857,0.109756,0,0,0.1
0,706,-0.589975,-0.216709,-0.616665,0.125,0.166667,0.0860215,0,0,0.2
1,706,-1.03946,-0.84732,-1.34731,0.111111,0.111111,0.108108,0,0,0.3
0,706,-0.0702614,-0.440271,-0.219882,0.25,0.125,0.121212,1,0.166667,0.4
0,706,-0.394076,-1.66442,-1.15828,0.142857,0.1,0.0652174,0,0,0.5
0,706,1.74535,1.51466,1.39511,0.5,0.5,0.128571,0,0.166667,0.6
1,706,1.80194,0.266613,1.40214,1,0.333333,0.135593,0,0,0.7
0,706,-1.28138,-0.008207,-0.571985,0.1,0.25,0.102941,1,0.166667,0.8
0,706,0.495795,1.92915,1.40214,0.333333,1,0.0898876,0,0.166667,0.9
0,706,-0.274092,-0.122446,0.147457,0.2,0.2,0.0725806,0,0,1
1,707,0.247943,-0.532399,-0.0546748,0.2,0.166667,0.109091,1,0,0.1
0,707,0.319031,-0.71264,0.196276,0.333333,0.142857,0.0917431,0,0,0.2
1,707,2.43444,2.4165,2.09904,1,1,0.180328,1,0.333333,0.3
0,707,0.274269,0.496037,0.865738,0.25,0.333333,0.1125,0,0,0.4
0,707,0.364056,-0.830921,0.231227,0.5,0.125,0.0792079,0,0,0.5
0,707,-1.32847,0.517323,-0.170825,0.1,0.5,0.133333,1,0.333333,0.6
0,707,-1.13742,-0.890478,-1.53844,0.111111,0.111111,0.0729167,0,0,0.7
0,707,-0.0906127,0.10766,-0.0546748,0.166667,0.2,0.08,1,0,0.8
0,707,-0.698194,-1.05934,-1.53261,0.125,0.1,0.0636364,0,0,0.9
0,707,-0.385043,0.488259,-0.0410463,0.142857,0.25,0.0882353,1,0.333333,1
0,708,-0.722822,-0.607695,-0.786484,0.142857,0.125,0.0860215,1,0.5,0.1
1,708,1.53134,0.939549,1.36104,0.5,0.5,0.0761905,1,0,0.2
0,708,0.83031,-0.0968702,0.739667,0.333333,0.25,0.0947368,0,0,0.3
0,708,-0.700236,0.0195218,0.352574,0.166667,0.333333,0.125,0,0,0.4
0,708,-0.984238,-1.2437,-1.65294,0.1,0.1,0.102041,1,0,0.5
0,708,-0.74029,-0.290849,-0.601604,0.125,0.166667,0.0740741,1,0.333333,0.6
0,708,0.204286,-0.619287,-0.388753,0.25,0.111111,0.0818182,0,0,0.7
0,708,-0.753399,-0.203419,-0.585277,0.111111,0.2,0.097561,0,0.166667,0.8
1,708,1.87903,2.54655,1.79337,1,1,0.354839,1,0.333333,0.9
0,708,-0.543984,-0.443802,-0.231593,0.2,0.142857,0.0888889,0,0.333333,1
0,709,-0.327874,0.368157,0.403024,0.166667,0.333333,0.0810811,1,0,0.1
1,709,-0.209849,-0.556939,0.403024,0.333333,0.166667,0.0571429,1,0.166667,0.2
0,709,-0.496147,-0.747017,-1.10414,0.125,0.125,0.0757576,0,0,0.3
0,709,-0.716914,-0.882308,-1.69597,0.1,0.111111,0.0606061,0,0,0.4
0,709,-0.302618,0.288698,0.389085,0.2,0.25,0.103448,1,0,0.5
0,709,-0.2863,-1.26485,-0.637862,0.25,0.1,0.1,0,0,0.6
0,709,-0.67331,0.0817165,-0.669024,0.111111,0.2,0.0409836,0,0,0.7
0,709,-0.341543,1.19667,0.430942,0.142857,0.5,0.0757576,0,0,0.8
0,709,0.511459,-0.646872,0.430942,0.5,0.142857,0.0857143,1,0.166667,0.9
1,709,2.8431,2.16274,2.04998,1,1,0.0990099,1,0,1
0,710,-0.796619,-0.64775,-0.734507,0.142857,0.125,0.111111,1,0.666667,0.1
1,710,1.68738,1.42608,1.47297,1,0.5,0.30303,0,0,0.2
0,710,0.436847,-0.325077,0.317885,0.2,0.25,0.210526,0,0,0.3
0,710,1.11532,1.36543,1.07562,0.5,0.333333,0.196078,0,0,0.4
0,710,0.443459,-0.488725,0.13991,0.25,0.166667,0.104839,0,0,0.5
1,710,0.807716,1.65657,1.2775,0.333333,1,0.294118,1,0.666667,0.6
0,710,-1.3242,-0.953656,-1.38562,0.1,0.111111,0.0769231,1,0.666667,0.7
0,710,-1.07533,-0.584868,-0.734507,0.125,0.142857,0.109756,1,0.666667,0.8
0,710,-1.14049,-1.10721,-1.38562,0.111111,0.1,0.101124,1,0.666667,0.9
0,710,-0.154089,-0.340789,-0.0436258,0.166667,0.2,0.109091,1,0,1
0,711,0.829191,2.47301,1.56999,0.5,1,0.291667,1,0.666667,0.1
0,711,-0.920456,-0.408816,-0.598853,0.125,0.166667,0.1,1,0,0.2
0,711,-0.454627,0.329359,0.350961,0.166667,0.333333,0.108108,1,0.666667,0.3
0,711,-1.25673,-1.35293,-1.64538,0.1,0.1,0.108108,0,0,0.4
0,711,-0.972699,-0.59552,-1.3084,0.111111,0.111111,0.0629921,1,0.666667,0.5
1,711,0.665287,-0.48293,-0.0116949,0.333333,0.125,0.11828,0,0,0.6
0,711,-0.503099,-0.0117329,-0.0349086,0.142857,0.25,0.142857,0,0,0.7
0,711,-0.178687,-0.476564,-0.230534,0.2,0.142857,0.103448,1,0.666667,0.8
1,711,2.1403,0.905196,1.56999,1,0.5,0.203704,1,0.666667,0.9
0,711,0.651523,-0.37907,0.338823,0.25,0.2,0.157895,0,0,1
0,712,-0.570954,-0.539979,-0.972396,0.125,0.125,0.0616438,0,0,0.1
0,712,0.268392,-0.438166,0.565641,0.5,0.166667,0.151515,0,0,0.2
0,712,-0.403958,0.236701,0.150814,0.166667,0.25,0.142857,1,0,0.3
0,712,-0.26717,-0.164898,0.144819,0.2,0.2,0.0819672,0,0,0.4
1,712,-0.0552145,0.916544,0.955326,0.25,0.5,0.145161,1,0.166667,0.5
0,712,0.0661144,-0.49883,0.168817,0.333333,0.142857,0.08,1,0.166667,0.6
1,712,2.85048,2.16199,1.80538,1,1,0.318182,0,0,0.7
0,712,-0.48029,0.606461,0.168817,0.142857,0.333333,0.209302,0,0,0.8
0,712,-0.620913,-1.733,-1.49361,0.111111,0.1,0.0842105,1,0,0.9
0,712,-0.786484,-0.546823,-1.49361,0.1,0.111111,0.106061,0,0,1
0,713,-0.802486,-0.324093,-0.990414,0.1,0.166667,0.0952381,0,0,0.1
0,713,-0.284996,-0.925561,-0.613333,0.2,0.111111,0.102041,1,0,0.2
0,713,-0.538736,-0.618894,-0.824186,0.142857,0.125,0.0967742,0,0,0.3
0,713,0.127786,0.206157,0.987607,0.333333,0.333333,0.13253,1,0.166667,0.4
1,713,2.68617,2.69114,1.87934,1,1,0.291667,1,0.333333,0.5
0,713,-0.382582,0.0543435,0.156993,0.166667,0.25,0.113636,0,0.166667,0.6
0,713,-0.737083,-0.406128,-0.824186,0.125,0.142857,0.163265,1,0.166667,0.7
0,713,-0.790229,-0.215505,-0.613333,0.111111,0.2,0.0776699,1,0.166667,0.8
1,713,0.659262,0.493757,1.42628,0.5,0.5,0.214286,1,0.166667,0.9
0,713,0.0628901,-0.955212,-0.584766,0.25,0.1,0.0952381,1,0.166667,1
0,714,-0.734997,0.212258,0.359776,0.166667,0.333333,0.0897436,0,0,0.1
0,714,0.717926,0.117486,0.754776,0.333333,0.25,0.126984,0,0,0.2
0,714,-0.826123,-0.788151,-1.16346,0.111111,0.125,0.157895,1,0,0.3
1,714,0.0318839,-0.188577,-0.236324,0.2,0.142857,0.0784314,1,0.166667,0.4
0,714,0.0830423,0.524524,0.968355,0.25,0.5,0.132353,0,0,0.5
0,714,-0.796746,-0.971737,-1.16346,0.125,0.111111,0.15,0,0,0.6
0,714,-1.10897,0.0333816,-0.769953,0.1,0.2,0.0746269,0,0,0.7
1,714,1.75842,2.4881,1.83,1,1,0.188679,0,0,0.8
0,714,1.64484,-0.0599194,0.573355,0.5,0.166667,0.1,1,0.166667,0.9
0,714,-0.769278,-1.36736,-1.15307,0.142857,0.1,0.112903,0,0,1
0,715,0.721562,0.741172,1.76702,0.5,0.333333,0.123596,1,0.5,0.1
0,715,-0.713112,0.329621,-0.897949,0.111111,0.2,0.0695652,1,0.333333,0.2
0,715,-0.562558,-0.533335,-0.922999,0.166667,0.125,0.0714286,0,0,0.3
1,715,-0.679915,-0.0195323,-0.931342,0.142857,0.142857,0.190476,0,0,0.4
0,715,-0.51146,0.879323,1.15443,0.2,0.5,0.0733945,1,0.333333,0.5
0,715,0.469794,0.639072,1.13482,0.333333,0.25,0.0709677,0,0.166667,0.6
0,715,0.262522,-2.0278,-0.856124,0.25,0.1,0.1,1,0.5,0.7
0,715,-0.82921,1.24237,0.107729,0.1,1,0.0752688,0,0.166667,0.8
0,715,-0.699934,0.222424,-0.922999,0.125,0.166667,0.108108,0,0,0.9
1,715,2.54231,-1.47331,0.367417,1,0.111111,0.159091,1,0.333333,1
0,716,-0.170651,0.678876,0.142475,0.166667,0.25,0.075,1,0.333333,0.1
1,716,-0.0886105,-0.437806,-0.0444254,0.2,0.166667,0.0506329,1,0,0.2
0,716,0.602832,0.583701,0.516545,0.333333,0.2,0.0736842,0,0,0.3
0,716,-0.523082,-1.50604,-1.07465,0.142857,0.1,0.057971,0,0,0.4
0,716,-0.548514,-1.37394,-1.08433,0.125,0.111111,0.0546875,0,0,0.5
1,716,1.28694,1.23037,1.49997,0.5,1,0.0427807,1,0,0.6
0,716,1.92064,1.11946,1.49997,1,0.5,0.0824742,1,0.333333,0.7
0,716,0.20494,1.06593,0.703446,0.25,0.333333,0.125,0,0,0.8
0,716,-1.21029,-0.575081,-0.913679,0.111111,0.142857,0.037037,0,0,0.9
0,716,-1.4742,-0.785462,-1.24531,0.1,0.125,0.0493827,1,0.333333,1
0,717,-0.463201,-0.728348,-0.219837,0.2,0.142857,0.0819672,0,0,0.1
0,717,-0.503796,-0.344037,-0.219837,0.142857,0.2,0.0930233,0,0,0.2
0,717,0.490163,1.03129,1.09327,0.5,0.333333,0.101449,0,0.333333,0.3
0,717,0.305278,0.225258,0.702119,0.333333,0.25,0.0769231,1,0.166667,0.4
0,717,-0.605356,-1.01239,-1.24296,0.125,0.1,0.104167,1,0.5,0.5
1,717,2.70989,1.24048,1.49714,1,0.5,0.225806,1,0.5,0.6
0,717,-0.468847,-0.717177,-0.225236,0.166667,0.166667,0.0684932,1,0.5,0.7
1,717,0.117197,1.94899,1.10599,0.25,1,0.117647,0,0.166667,0.8
0,717,-0.744047,-0.756095,-1.08229,0.111111,0.125,0.0833333,1,0.5,0.9
0,717,-0.837284,-0.88798,-1.40836,0.1,0.111111,0.0877193,0,0,1
0,718,0.524107,-0.154303,0.405282,0.333333,0.166667,0.092437,0,0,0.1
0,718,-0.512254,-0.331046,-0.485273,0.166667,0.142857,0.112676,1,0.666667,0.2
0,718,-1.0964,-1.14075,-1.51091,0.111111,0.111111,0.0898876,0,0,0.3
0,718,0.391665,-0.526011,-0.472483,0.2,0.125,0.102041,1,0.333333,0.4
0,718,0.511022,-0.0491274,0.617168,0.25,0.25,0.0675676,1,0.333333,0.5
1,718,-1.53019,1.13126,-0.167768,0.1,0.5,0.178571,1,0,0.6
0,718,-0.541093,-1.65524,-1.29892,0.142857,0.1,0.2,0,0,0.7
0,718,0.727914,-0.101,0.864934,0.5,0.2,0.11,0,0,0.8
1,718,2.08907,1.77549,2.06147,1,1,0.244898,1,0.666667,0.9
0,718,-0.563842,1.05073,-0.013505,0.125,0.333333,0.138462,1,0.333333,1
0,719,-0.205059,-0.103408,-0.743663,0.142857,0.166667,0.0705882,0,0,0.1
0,719,-0.0788754,0.820148,1.32548,0.2,0.5,0.206897,1,0.833333,0.2
0,719,0.0675418,1.91642,2.05246,0.25,1,0.12,1,0.833333,0.3
0,719,-1.19177,0.585621,-0.684811,0.111111,0.25,0.131579,1,0.833333,0.4
0,719,-0.611439,-0.774097,-1.38544,0.125,0.142857,0.0810811,1,0.833333,0.5
0,719,-0.140322,0.267916,-0.0822876,0.166667,0.2,0.125,1,0.833333,0.6
1,719,-1.6185,0.716196,-0.625799,0.1,0.333333,0.0833333,1,0.833333,0.7
0,719,1.04687,-0.781203,0.348005,0.5,0.125,0.101266,1,0.166667,0.8
0,719,0.779636,-1.35505,-0.625799,0.333333,0.1,0.0875,0,0,0.9
1,719,1.95192,-1.29254,0.421858,1,0.111111,0.12,1,0.166667,1
0,720,-0.717071,-0.705041,-1.09838,0.111111,0.125,0.0641026,1,0.666667,0.1
0,720,-0.312997,-0.442134,-0.406688,0.142857,0.166667,0.0673077,1,0.666667,0.2
0,720,0.108965,-0.552164,0.363179,0.5,0.142857,0.103896,0,0,0.3
0,720,-0.216158,0.092587,0.327904,0.2,0.25,0.0560748,0,0,0.4
0,720,-0.0225032,0.367577,0.907886,0.333333,0.333333,0.0672269,1,0.666667,0.5
0,720,-0.159585,0.766824,0.914187,0.25,0.5,0.0769231,0,0,0.6
1,720,2.89207,2.56991,1.72764,1,1,0.16129,0,0,0.7
0,720,-0.258814,-0.348608,-0.0450007,0.166667,0.2,0.0795455,1,0.666667,0.8
1,720,-0.589709,-0.786486,-1.09838,0.125,0.111111,0.122449,0,0.166667,0.9
0,720,-0.724198,-0.962462,-1.59235,0.1,0.1,0.0595238,1,0.833333,1
0,721,0.937384,0.116364,0.594519,0.5,0.166667,0.1625,0,0,0.1
0,721,-0.631863,0.143716,-0.434914,0.125,0.2,0.123077,1,0,0.2
0,721,0.77401,-0.662677,-0.0124312,0.333333,0.125,0.175,0,0,0.3
1,721,2.11036,1.07517,1.66883,1,0.5,0.205479,0,0,0.4
0,721,-0.199937,1.43614,0.823244,0.166667,1,0.146667,1,0.166667,0.5
0,721,-1.36266,-0.707224,-1.56987,0.1,0.111111,0.15,0,0,0.6
0,721,-0.151415,0.685776,0.574696,0.2,0.333333,0.2,0,0,0.7
0,721,0.200199,0.520053,0.568095,0.25,0.25,0.0956522,0,0,0.8
0,721,-0.44758,-0.390364,-0.642308,0.142857,0.142857,0.117647,0,0,0.9
1,721,-1.2285,-2.21695,-1.56987,0.111111,0.1,0.118644,1,0.166667,1
0,722,-0.782654,-0.454839,-0.911532,0.125,0.142857,0.0277778,0,0.166667,0.1
1,722,2.03071,0.590087,1.82797,1,0.5,0.0549451,1,0.166667,0.2
0,722,0.275742,-0.830692,-0.215561,0.333333,0.111111,0.0267857,1,0.333333,0.3
0,722,-0.659263,2.34821,0.901749,0.166667,1,0.0952381,1,0.333333,0.4
1,722,-0.830364,0.0462967,-0.678333,0.111111,0.2,0.025974,1,0.166667,0.5
0,722,1.6164,0.512628,1.33485,0.5,0.333333,0.0508475,0,0,0.6
0,722,-0.771346,0.263595,-0.0406449,0.142857,0.25,0.04,0,0,0.7
0,722,0.169911,-1.52604,-0.646738,0.25,0.1,0.0288462,0,0.166667,0.8
0,722,-0.896436,-0.72667,-1.51763,0.1,0.125,0.0246914,0,0,0.9
0,722,-0.152698,-0.222571,-0.0541401,0.2,0.166667,0.0425532,0,0,1
0,723,0.648042,-0.710405,0.218896,0.5,0.125,0.0569106,0,0,0.1
0,723,-0.667085,0.421288,-0.0130178,0.125,0.333333,0.102564,0,0,0.2
0,723,-0.820939,-0.804187,-1.4564,0.111111,0.111111,0.0882353,1,0,0.3
0,723,-0.156411,-0.298545,0.37715,0.2,0.25,0.0588235,0,0,0.4
1,723,2.67613,1.70708,1.74758,1,0.5,0.216216,1,0,0.5
1,723,0.275532,2.00594,1.51567,0.333333,1,0.227273,0,0,0.6
0,723,-0.577895,-1.04505,-1.25206,0.142857,0.1,0.0833333,0,0,0.7
0,723,-0.825818,-0.348413,-0.836051,0.1,0.2,0.0833333,0,0,0.8
0,723,-0.400238,-0.453195,-0.262915,0.166667,0.166667,0.0694444,0,0,0.9
0,723,-0.151319,-0.474517,-0.0388574,0.25,0.142857,0.0434783,0,0,1
0,724,-1.01173,0.576778,-1.52347,0.111111,0.2,0.169811,0,0,0.1
0,724,-0.362439,1.15624,1.544,0.142857,1,0.208333,0,0,0.2
1,724,1.23907,-0.205815,0.514235,0.5,0.125,0.220339,0,0,0.3
1,724,2.21057,-2.21568,0.182774,1,0.1,0.0775194,1,0,0.4
0,724,0.0767521,-0.192325,-0.0912845,0.25,0.142857,0.15,0,0,0.5
0,724,-0.115778,0.703033,1.4138,0.2,0.333333,0.196429,1,0,0.6
0,724,-0.340669,0.00127228,-0.617643,0.166667,0.166667,0.172414,0,0,0.7
0,724,-0.834333,0.846981,0.514235,0.125,0.5,0.18,0,0,0.8
0,724,-1.21194,0.640833,-1.45251,0.1,0.25,0.156863,0,0,0.9
0,724,0.350493,-1.31132,-0.484131,0.333333,0.111111,0.15,0,0,1
1,725,1.94247,0.125369,1.06457,1,0.166667,0.084507,1,0,0.1
0,725,-0.478043,-0.47176,-0.577627,0.166667,0.142857,0.046875,0,0,0.2
0,725,-0.867933,0.923893,-0.254482,0.111111,0.333333,0.0581395,0,0,0.3
0,725,0.298269,-1.52839,-0.486078,0.333333,0.1,0.0481928,0,0,0.4
0,725,-0.187344,1.17748,1.32531,0.2,1,0.109091,1,0,0.5
0,725,-0.758334,0.947452,0.51583,0.142857,0.5,0.0714286,0,0,0.6
0,725,-0.817853,0.571802,-0.562403,0.125,0.2,0.0735294,0,0,0.7
0,725,-0.966765,-1.52677,-2.03005,0.1,0.111111,0.0666667,0,0,0.8
1,725,1.71077,0.786587,1.29844,0.5,0.25,0.0869565,0,0,0.9
0,725,0.124755,-1.00566,-0.293507,0.25,0.125,0.046875,1,0,1
0,726,-1.56527,-0.645654,-1.28132,0.1,0.125,0.0379747,1,0.5,0.1
0,726,1.9415,1.51597,1.54334,1,0.5,0.151515,0,0,0.2
0,726,-0.234715,0.147893,0.146594,0.166667,0.25,0.0519481,0,0.166667,0.3
0,726,-0.429037,-0.741196,-0.940097,0.142857,0.111111,0.0769231,1,0.5,0.4
0,726,-1.22483,-1.79816,-1.45182,0.111111,0.1,0.0535714,0,0.166667,0.5
0,726,-0.635167,-0.309402,-0.588687,0.125,0.166667,0.05,1,0.166667,0.6
0,726,0.882085,0.468717,1.127,0.5,0.333333,0.0485437,0,0,0.7
1,726,0.626588,1.72578,1.14012,0.25,1,0.0555556,1,0,0.8
0,726,0.682009,-0.427299,0.164093,0.333333,0.142857,0.0547945,1,0.5,0.9
1,726,-0.0431661,0.0633591,0.140767,0.2,0.2,0.0740741,1,0.666667,1
0,727,-1.39298,-1.63332,-1.63235,0.1,0.1,0.105263,1,0.333333,0.1
0,727,0.0429437,-0.216965,-0.594112,0.166667,0.125,0.108911,0,0,0.2
0,727,0.804701,0.125637,0.743075,0.5,0.2,0.217391,1,0,0.3
0,727,-0.5884,0.508917,0.165605,0.142857,0.333333,0.132353,1,0.166667,0.4
0,727,-1.19862,-1.62994,-1.29804,0.111111,0.111111,0.1,1,0.333333,0.5
1,727,2.15918,0.786113,1.55756,1,0.5,0.0947368,1,0,0.6
1,727,0.499824,1.91146,1.35086,0.333333,1,0.192982,0,0.333333,0.7
0,727,0.117913,0.237805,0.336141,0.2,0.25,0.150685,1,0.5,0.8
0,727,0.326687,-0.14848,-0.0346323,0.25,0.142857,0.0964912,1,0.333333,0.9
0,727,-0.771244,0.0587696,-0.594112,0.125,0.166667,0.150943,0,0,1
0,728,-0.151574,0.00541966,0.139516,0.2,0.2,0.152174,0,0,0.1
0,728,0.194103,0.485248,1.11698,0.5,0.333333,0.0576923,1,0.166667,0.2
0,728,-0.449951,0.668595,0.365623,0.142857,0.5,0.0736842,1,0.166667,0.3
0,728,-0.243614,-0.561769,-0.409425,0.166667,0.142857,0.0945946,1,0.333333,0.4
1,728,0.08065,0.237238,0.520705,0.25,0.25,0.12766,0,0.166667,0.5
0,728,0.119532,-0.159823,0.341937,0.333333,0.166667,0.148936,1,0.333333,0.6
0,728,-0.786059,-1.60316,-1.43891,0.111111,0.1,0.104167,0,0.166667,0.7
0,728,-0.703039,-0.614349,-0.936784,0.125,0.125,0.0666667,0,0,0.8
1,728,2.7952,2.3177,1.73926,1,1,0.15493,1,0.666667,0.9
0,728,-0.855249,-0.775104,-1.43891,0.1,0.111111,0.0641026,0,0,1
1,729,-0.462634,-0.312812,-0.225283,0.166667,0.166667,0.0535714,1,0.166667,0.1
0,729,-0.482197,-0.912304,-0.746715,0.142857,0.125,0.0625,0,0,0.2
0,729,1.18998,0.0982861,0.900985,0.5,0.25,0.0714286,0,0,0.3
0,729,-0.45347,0.127458,0.702265,0.25,0.333333,0.0810811,0,0,0.4
0,729,-0.523583,-1.17961,-1.56935,0.1,0.1,0.0344828,0,0,0.5
0,729,-0.488559,-0.925326,-1.08251,0.125,0.111111,0.0555556,0,0,0.6
1,729,2.60317,1.95825,1.70269,1,1,0.0727273,1,0,0.7
0,729,-0.456542,-0.314713,-0.219882,0.2,0.142857,0.0833333,0,0,0.8
0,729,-0.412463,1.67789,1.0935,0.333333,0.5,0.1875,1,0.166667,0.9
0,729,-0.513703,-0.217123,-0.555682,0.111111,0.2,0.0454545,0,0,1
0,730,-0.471364,0.810868,0.573888,0.166667,0.5,0.147541,1,0,0.1
1,730,2.66064,0.678684,1.39714,1,0.333333,0.232558,1,0,0.2
0,730,-0.617444,-1.08791,-1.34251,0.111111,0.111111,0.117647,1,0.5,0.3
0,730,-0.597916,-0.794354,-0.803296,0.142857,0.125,0.0654206,1,0.5,0.4
0,730,-0.351677,0.445203,0.347656,0.2,0.25,0.138462,0,0,0.5
1,730,-0.603647,0.0752616,-0.419822,0.125,0.2,0.194444,0,0,0.6
0,730,-0.266783,-0.226348,0.153013,0.25,0.166667,0.147541,1,0.5,0.7
0,730,-0.876532,-1.25405,-1.68827,0.1,0.1,0.0727273,1,0.5,0.8
0,730,0.564798,-0.79418,0.385056,0.5,0.142857,0.146341,0,0,0.9
0,730,0.559923,2.14683,1.39714,0.333333,1,0.215686,0,0,1
0,731,-0.460026,-0.128448,-0.0507426,0.166667,0.2,0.104478,1,0.5,0.1
1,731,-0.229366,-0.159087,-0.0507426,0.2,0.166667,0.102564,0,0,0.2
1,731,2.30269,2.48857,1.94807,1,1,0.177778,1,0.166667,0.3
0,731,0.451376,-0.356153,0.18216,0.333333,0.142857,0.117647,0,0,0.4
0,731,1.16252,0.0463448,1.03083,0.5,0.25,0.16,1,0.333333,0.5
0,731,-1.00915,-1.60205,-1.79553,0.1,0.1,0.139535,1,0.166667,0.6
0,731,0.132179,-0.688067,-0.422289,0.25,0.111111,0.142857,0,0,0.7
0,731,-0.764956,0.626274,0.409519,0.142857,0.5,0.145833,0,0,0.8
0,731,-0.810671,-0.412125,-1.23853,0.111111,0.125,0.159091,0,0,0.9
0,731,-0.774597,0.18474,-0.0127621,0.125,0.333333,0.162791,1,0.5,1
1,732,-1.6617,-1.16471,-1.8932,0.1,0.1,0.0465116,0,0.166667,0.1
0,732,0.0877507,-0.235282,0.622091,0.333333,0.2,0.0701754,0,0,0.2
0,732,-0.00807026,1.97324,1.1094,0.2,1,0.142857,1,0.166667,0.3
0,732,2.30825,-0.15584,1.33449,1,0.25,0.0506329,1,0,0.4
0,732,-0.34304,-0.768948,-0.900804,0.142857,0.125,0.0366972,0,0,0.5
0,732,-0.794442,-0.55004,-0.888619,0.111111,0.166667,0.0555556,0,0,0.6
0,732,-0.053787,-0.628795,-0.483525,0.166667,0.142857,0.0330579,1,0,0.7
0,732,-0.5066,1.04167,-0.0134564,0.125,0.333333,0.130435,0,0.166667,0.8
1,732,0.0261743,1.28752,1.08691,0.25,0.5,0.0851064,1,0.166667,0.9
0,732,0.945467,-0.798825,0.0267025,0.5,0.111111,0.0652174,0,0,1
0,733,-0.261712,0.223114,0.140445,0.166667,0.25,0.27907,1,0.666667,0.1
0,733,0.745258,1.26266,1.07973,0.333333,0.5,0.189655,1,0.666667,0.2
0,733,-1.17437,-0.816226,-1.06889,0.111111,0.125,0.0777778,1,0.5,0.3
1,733,0.920702,1.02863,1.07973,0.5,0.333333,0.176471,1,0.166667,0.4
0,733,-0.620562,-0.449449,-0.563994,0.125,0.166667,0.212766,1,0.666667,0.5
0,733,0.100321,-0.799925,-0.217115,0.2,0.142857,0.140845,0,0,0.6
0,733,-1.50523,-1.20429,-1.5496,0.1,0.1,0.0769231,0,0,0.7
0,733,0.118022,0.0893827,0.3191,0.25,0.2,0.387097,1,0.5,0.8
0,733,-0.399632,-1.1004,-0.900664,0.142857,0.111111,0.176471,1,0.833333,0.9
1,733,2.0772,1.7665,1.68125,1,1,0.264151,1,1,1
0,734,-0.958447,-1.42865,-1.60504,0.111111,0.1,0.147059,0,0.666667,0.1
0,734,-0.439098,1.29678,0.607839,0.166667,0.5,0.214286,0,0.666667,0.2
0,734,-0.695964,0.928868,-0.0127097,0.125,0.333333,0.125,0,0.666667,0.3
1,734,1.18263,0.62141,1.0266,0.5,0.25,0.1875,0,0.666667,0.4
0,734,-0.493453,-0.905322,-1.03931,0.142857,0.111111,0.178571,0,0.666667,0.5
0,734,-1.26386,-0.438766,-1.02242,0.1,0.166667,0.194444,1,0.166667,0.6
0,734,0.129175,-0.841637,-0.232058,0.25,0.125,0.16,1,0,0.7
1,734,2.22044,1.63382,1.94006,1,1,0.15,1,0,0.8
0,734,-0.129637,-0.0705569,0.155623,0.2,0.2,0.222222,1,0.166667,0.9
0,734,0.448216,-0.795955,0.181411,0.333333,0.142857,0.183333,0,0,1
0,735,-1.36504,-1.01626,-1.53345,0.1,0.125,0.116279,1,0.5,0.1
0,735,0.316649,0.559403,0.636065,0.2,0.333333,0.0384615,1,0.333333,0.2
0,735,0.52507,-0.203542,0.196383,0.333333,0.142857,0.0786517,0,0,0.3
0,735,-0.584342,-0.125051,-0.494386,0.142857,0.166667,0.0657895,0,0,0.4
0,735,-1.13905,-1.50158,-1.7375,0.111111,0.1,0.08,1,0.5,0.5
0,735,0.375668,0.528612,0.628759,0.25,0.25,0.0769231,1,0.166667,0.6
1,735,-0.582925,0.517712,-0.0547047,0.166667,0.2,0.0909091,1,0.5,0.7
0,735,1.35229,1.467,1.84703,0.5,1,0.0853659,0,0,0.8
1,735,-0.71513,1.23172,0.231353,0.125,0.5,0.111111,1,0.833333,0.9
0,735,1.81681,-1.45801,0.280451,1,0.111111,0.113208,1,0.5,1
0,736,-0.845938,-0.554549,-1.40408,0.111111,0.125,0.0357143,0,0.666667,0.1
0,736,-0.393419,-0.234305,-0.0575253,0.2,0.166667,0.08,1,0.5,0.2
0,736,0.660863,0.893132,1.41832,0.5,0.333333,0.0806452,0,0.5,0.3
0,736,-0.778453,1.61114,0.509483,0.125,1,0.0769231,1,0.666667,0.4
1,736,0.507447,-0.383868,0.206509,0.333333,0.142857,0.0862069,1,0.5,0.5
0,736,-0.921266,-1.64817,-2.03553,0.1,0.1,0.0252101,0,0,0.6
0,736,-0.496191,0.131528,0.184487,0.166667,0.25,0.0540541,0,0.5,0.7
1,736,2.52521,-1.0741,0.294911,1,0.111111,0.0574713,1,0,0.8
0,736,-0.53188,-0.211977,-0.285199,0.142857,0.2,0.0449438,1,0.5,0.9
0,736,0.273628,1.47117,1.16862,0.25,0.5,0.105263,0,0.5,1
0,737,0.13416,-0.249534,0.358298,0.333333,0.166667,0.102564,0,0,0.1
0,737,-0.862771,-0.881228,-0.981608,0.125,0.125,0.109375,0,0,0.2
0,737,0.496368,-0.870738,0.383118,0.5,0.142857,0.125,0,0,0.3
1,737,0.0343492,0.996324,0.764661,0.2,0.5,0.135135,1,0.166667,0.4
0,737,-1.05367,-1.03242,-1.67977,0.1,0.1,0.0909091,0,0,0.5
0,737,-1.00093,-0.920226,-1.33575,0.111111,0.111111,0.0983607,0,0,0.6
1,737,2.59871,2.18364,1.82248,1,1,0.228571,1,0.166667,0.7
0,737,-0.336251,0.00664545,-0.0356383,0.142857,0.25,0.163265,0,0,0.8
0,737,0.0710374,-0.0824422,0.345906,0.25,0.2,0.0552486,0,0,0.9
0,737,-0.0810024,0.849979,0.358298,0.166667,0.333333,0.0847458,1,0,1
0,738,-0.885163,-0.23614,-1.20829,0.1,0.142857,0.16,0,0,0.1
0,738,-0.840057,0.294206,-0.229376,0.125,0.25,0.186047,0,0.333333,0.2
0,738,-0.56027,-1.37948,-0.829606,0.166667,0.111111,0.103896,0,0,0.3
0,738,1.14537,1.51093,1.46269,0.333333,1,0.207547,1,0,0.4
0,738,-0.0317997,-1.90498,-0.596682,0.25,0.1,0.176471,0,0,0.5
1,738,1.62952,0.49517,1.23154,0.5,0.333333,0.207547,1,0.166667,0.6
1,738,-0.416823,-0.366398,-0.439518,0.2,0.125,0.108108,0,0,0.7
0,738,-0.840057,0.141498,-0.829606,0.111111,0.166667,0.186047,0,0.333333,0.8
0,738,1.63046,1.26991,1.68649,1,0.5,0.137931,1,0.166667,0.9
0,738,-0.831173,0.17528,-0.247641,0.142857,0.2,0.195122,0,0.333333,1
0,739,-0.640183,1.39655,0.479399,0.125,1,0.0543478,0,0,0.1
0,739,0.191639,-0.12951,0.394415,0.25,0.2,0.08,1,0.166667,0.2
0,739,-1.58844,-0.223391,-1.09514,0.1,0.166667,0.046875,1,0,0.3
0,739,-0.180182,-0.327192,-0.697109,0.166667,0.125,0.15,1,0.333333,0.4
1,739,2.32893,1.17201,1.82758,1,0.5,0.0967742,1,0.166667,0.5
0,739,-0.0845516,0.742512,0.629366,0.2,0.333333,0.0925926,0,0,0.6
0,739,-0.948921,-0.54214,-1.52307,0.111111,0.111111,0.0909091,0,0,0.7
0,739,0.435282,-2.3051,-0.411649,0.333333,0.1,0.0704225,0,0,0.8
0,739,-0.180182,-0.291977,-0.70341,0.142857,0.142857,0.15,1,0.333333,0.9
1,739,0.666615,0.508238,1.09962,0.5,0.25,0.192308,1,0.333333,1
0,740,-0.375893,-0.178254,-0.242999,0.142857,0.2,0.113636,0,0,0.1
0,740,-0.370649,-0.731466,-0.814056,0.166667,0.111111,0.0754717,1,0.166667,0.2
1,740,0.973922,-0.457787,0.207285,0.5,0.125,0.0735294,0,0,0.3
0,740,-0.209437,0.165364,0.776096,0.25,0.333333,0.0779221,0,0,0.4
0,740,-0.574847,-0.301386,-0.631234,0.125,0.166667,0.0674157,0,0,0.5
0,740,-1.18672,-1.27,-1.73434,0.1,0.1,0.0869565,0,0,0.6
0,740,-0.934561,-0.177746,-0.407899,0.111111,0.25,0.0641026,0,0,0.7
1,740,0.497548,0.780403,1.20846,0.333333,0.5,0.08,1,0,0.8
0,740,2.41161,2.5847,1.88169,1,1,0.119403,0,0,0.9
0,740,-0.230979,-0.413822,-0.242999,0.2,0.142857,0.0943396,1,0.166667,1
0,741,0.598692,-0.892277,-0.479779,0.25,0.111111,0.107143,0,0,0.1
0,741,-0.151093,-1.96845,-0.931215,0.2,0.1,0.104167,1,0.166667,0.2
0,741,-0.397242,0.326431,0.184889,0.166667,0.25,0.142857,1,0.5,0.3
0,741,0.953503,0.0858166,0.928631,0.5,0.2,0.11215,0,0,0.4
1,741,2.01359,-0.203998,0.960222,1,0.166667,0.144928,0,0,0.5
0,741,-0.547221,0.846524,-0.0144996,0.125,0.333333,0.205882,1,0.666667,0.6
0,741,-1.1708,-0.228948,-1.18568,0.111111,0.142857,0.0963855,0,0,0.7
0,741,-0.540327,1.00612,0.465271,0.142857,0.5,0.181818,1,0.666667,0.8
0,741,-1.43949,-0.682068,-1.61603,0.1,0.125,0.109375,1,0.5,0.9
1,741,0.680381,1.71085,1.68819,0.333333,1,0.219512,1,0.166667,1
1,742,0.758743,1.87823,1.57461,0.5,1,0.145161,0,0.166667,0.1
1,742,0.400825,-0.00219866,0.351994,0.333333,0.166667,0.257143,0,0,0.2
0,742,2.30579,0.186411,1.36565,1,0.333333,0.175439,0,0,0.3
0,742,-1.30028,-0.839329,-1.30728,0.1,0.125,0.09375,1,0.333333,0.4
0,742,-0.0634274,-0.668782,-0.231212,0.2,0.142857,0.128571,0,0.166667,0.5
0,742,0.326462,0.116509,0.33982,0.25,0.2,0.117647,1,0.166667,0.6
0,742,-0.0790895,0.133072,0.149565,0.166667,0.25,0.178571,0,0.166667,0.7
0,742,-0.833916,-0.962274,-1.13829,0.125,0.111111,0.184211,0,0,0.8
0,742,-1.14241,-1.38983,-1.48123,0.111111,0.1,0.0851064,1,0.166667,0.9
0,742,-0.37269,1.54819,0.376378,0.142857,0.5,0.138889,0,0.166667,1
0,743,-0.793999,-1.63136,-1.31007,0.111111,0.111111,0.0740741,0,0,0.1
0,743,-0.0202855,0.734382,0.945834,0.25,0.5,0.0699301,0,0,0.2
0,743,-0.430864,-0.308992,-0.599616,0.166667,0.125,0.133333,0,0,0.3
0,743,-0.44822,0.709427,0.16714,0.142857,0.333333,0.12963,0,0,0.4
0,743,0.0749123,-0.202814,0.16714,0.333333,0.142857,0.0925926,0,0,0.5
1,743,2.11741,1.48923,1.78744,1,1,0.183333,1,0.166667,0.6
0,743,-0.414484,0.0186568,-0.0465585,0.2,0.166667,0.0792079,0,0,0.7
0,743,-0.665268,0.360732,-0.409677,0.125,0.2,0.0833333,1,0.166667,0.8
1,743,1.65248,0.665886,0.945834,0.5,0.25,0.106667,1,0.333333,0.9
0,743,-1.07168,-1.83515,-1.64747,0.1,0.1,0.109091,1,0,1
0,744,-0.5734,-0.265089,-0.283728,0.166667,0.166667,0.0961538,1,1,0.1
1,744,2.01708,1.90279,2.14441,1,1,0.228571,1,0.666667,0.2
1,744,1.70842,-0.486572,0.450792,0.5,0.142857,0.12,0,0.333333,0.3
0,744,0.099749,0.711866,0.884451,0.25,0.333333,0.0614035,1,1,0.4
0,744,-1.08794,0.406847,-0.667243,0.1,0.25,0.0280374,0,0.333333,0.5
0,744,-0.748381,0.926828,0.0278772,0.111111,0.5,0.0714286,0,0.333333,0.6
0,744,-0.628248,-0.637817,-1.155,0.125,0.125,0.103448,1,0.666667,0.7
0,744,0.194258,0.271378,0.649459,0.333333,0.2,0.104167,1,0.333333,0.8
0,744,-0.580596,-1.24848,-1.14878,0.142857,0.111111,0.0446429,0,0,0.9
0,744,-0.40094,-1.58175,-0.902236,0.2,0.1,0.102564,1,0.666667,1
0,745,-0.615784,-0.122904,-0.0620004,0.166667,0.2,0.126761,0,0,0.1
0,745,-0.777466,-0.090156,-0.284713,0.125,0.25,0.137255,0,0,0.2
0,745,-0.699032,-0.579037,-1.27514,0.142857,0.111111,0.0990099,0,0,0.3
0,745,-0.359014,-0.34025,-0.0620004,0.2,0.166667,0.102041,1,0.666667,0.4
0,745,-0.893696,0.494501,-0.193713,0.1,0.5,0.137931,0,0,0.5
0,745,0.431429,0.136343,1.25085,0.333333,0.333333,0.0884354,0,0,0.6
0,745,-0.872235,-0.529466,-1.5133,0.111111,0.125,0.1,1,0.5,0.7
1,745,1.65301,2.69102,2.09336,0.5,1,0.292683,1,0.5,0.8
0,745,0.1591,-0.404139,-0.0465459,0.25,0.142857,0.108108,1,0.5,0.9
1,745,1.97369,-1.25592,0.0931963,1,0.1,0.176471,0,0.166667,1
0,746,-1.4854,-0.901579,-1.43754,0.1,0.125,0.25,0,0,0.1
0,746,0.734036,0.896423,1.03463,0.333333,0.333333,0.285714,1,1,0.2
0,746,-0.484087,0.357867,-0.254251,0.142857,0.2,0.146067,0,0,0.3
0,746,-1.03809,-0.121205,-1.05472,0.111111,0.142857,0.186441,1,0.833333,0.4
0,746,0.011859,0.141903,-0.0512832,0.2,0.166667,0.214286,1,1,0.5
0,746,0.87953,1.19496,1.73151,0.5,1,0.217391,1,1,0.6
1,746,1.99716,-2.02117,0.0770866,1,0.1,0.159091,1,0,0.7
1,746,-0.0610197,0.549454,0.164468,0.166667,0.25,0.240741,1,1,0.8
0,746,-0.992279,-1.14402,-1.25172,0.125,0.111111,0.173913,1,0.833333,0.9
0,746,0.438287,1.04736,1.04181,0.25,0.5,0.16129,1,0.666667,1
0,747,0.0682929,1.23352,1.8996,0.333333,0.5,0.0909091,0,0,0.1
0,747,-0.120185,0.430606,1.21996,0.25,0.333333,0.101266,1,0.166667,0.2
0,747,-0.426913,-0.114451,-0.0770454,0.2,0.166667,0.0463576,0,0.166667,0.3
0,747,-0.727958,-0.674252,-1.88052,0.111111,0.125,0.0789474,0,0,0.4
0,747,-0.619359,0.0908971,-0.353802,0.125,0.25,0.0729167,1,0.166667,0.5
1,747,1.36936,-1.45263,-0.24072,0.5,0.1,0.132353,0,0,0.6
0,747,-0.864868,2.07315,0.115811,0.1,1,0.106383,0,0,0.7
1,747,2.38486,-1.01333,0.394983,1,0.111111,0.132075,1,0,0.8
0,747,-0.599297,-0.616634,-1.00122,0.142857,0.142857,0.0630631,1,0.166667,0.9
0,747,-0.463934,0.0431261,-0.0770454,0.166667,0.2,0.057377,0,0,1
1,748,1.99548,0.322225,1.39042,1,0.25,0.166667,1,1.33333,0.1
1,748,1.68987,-0.197217,0.670521,0.5,0.166667,0.0925926,1,1.33333,0.2
0,748,0.387982,-1.22298,-0.221953,0.333333,0.111111,0.14,1,1.33333,0.3
0,748,-0.714285,1.38851,0.235754,0.125,0.5,0.102041,1,1.33333,0.4
0,748,-0.715302,-1.55201,-1.77055,0.111111,0.1,0.0759494,0,0,0.5
0,748,-0.58024,1.446,1.1559,0.2,1,0.0631579,1,1.33333,0.6
0,748,-0.60402,0.990593,0.420747,0.166667,0.333333,0.111111,1,1.33333,0.7
0,748,-0.878391,-0.489596,-1.34848,0.1,0.142857,0.116279,1,1.33333,0.8
0,748,-0.70773,-0.831659,-0.938558,0.142857,0.125,0.166667,1,1.33333,0.9
0,748,0.126635,0.146127,0.406195,0.25,0.2,0.109375,1,1.33333,1
0,749,-0.251187,0.546098,1.16605,0.25,0.5,0.234375,1,0.666667,0.1
1,749,1.83335,-1.68119,-0.179336,0.5,0.1,0.174603,0,0,0.2
0,749,-0.655603,0.305413,-0.0430912,0.142857,0.25,0.152174,1,0.833333,0.3
0,749,0.318303,-0.30993,0.206055,0.333333,0.142857,0.153153,0,0,0.4
0,749,-0.353247,-1.01675,-0.719161,0.2,0.111111,0.13253,0,0,0.5
0,749,-0.687966,-0.141803,-0.739224,0.125,0.166667,0.115044,0,0,0.6
0,749,-0.444206,-0.118912,-0.0573987,0.166667,0.2,0.191176,1,0.666667,0.7
0,749,-0.832916,0.414924,-0.228536,0.111111,0.333333,0.1625,1,0.666667,0.8
1,749,1.94728,2.31286,2.20361,1,1,0.386364,1,0.166667,0.9
0,749,-0.87381,-0.310712,-1.60897,0.1,0.125,0.1625,1,0.666667,1
0,750,-0.255765,-0.182309,-0.304557,0.166667,0.166667,0.0930233,0,0.833333,0.1
0,750,-0.241397,0.595426,0.697137,0.2,0.333333,0.0561798,0,0.833333,0.2
0,750,-1.06744,0.243518,-0.96847,0.1,0.2,0.0493827,0,0,0.3
0,750,2.4505,-0.575942,0.531021,1,0.125,0.0689655,0,0.833333,0.4
0,750,0.53327,0.322386,0.94938,0.333333,0.25,0.0526316,1,1,0.5
0,750,-0.880202,1.80695,0.531021,0.125,1,0.0754717,0,0.166667,0.6
0,750,0.674204,1.11971,1.74692,0.5,0.5,0.0641026,0,1,0.7
1,750,0.20549,-1.69612,-0.716226,0.25,0.1,0.028169,1,0,0.8
0,750,-0.418016,-0.376739,-0.779153,0.142857,0.142857,0.0413223,0,0.833333,0.9
1,750,-1.00065,-1.25687,-1.68708,0.111111,0.111111,0.0701754,1,0.166667,1
0,751,-0.259793,1.10496,0.360942,0.166667,0.333333,0.0927835,0,0,0.1
0,751,-0.216227,1.10647,0.770305,0.2,0.5,0.0775862,1,0.333333,0.2
1,751,-1.79477,-1.39678,-1.51889,0.1,0.111111,0.0784314,0,0,0.3
0,751,0.612094,-0.59909,-0.0359014,0.25,0.142857,0.115942,0,0,0.4
0,751,1.21024,1.05533,0.971494,0.5,0.25,0.175439,1,0.333333,0.5
0,751,1.53442,-0.0112295,0.991602,1,0.2,0.0743243,1,0,0.6
0,751,0.956702,1.17294,1.40037,0.333333,1,0.068323,1,0,0.7
0,751,-1.00977,-0.805233,-1.16723,0.111111,0.125,0.0786517,0,0,0.8
0,751,-0.551371,-0.188138,-0.615883,0.125,0.166667,0.122807,0,0,0.9
1,751,-0.481511,-1.43925,-1.15681,0.142857,0.1,0.1,1,0.333333,1
0,752,-0.528282,-0.182422,-0.592545,0.142857,0.142857,0.09375,0,0.166667,0.1
1,752,-0.709225,-1.29865,-1.28302,0.111111,0.111111,0.0833333,1,0,0.2
0,752,-0.42137,0.882079,0.332251,0.2,0.25,0.0754717,0,0,0.3
0,752,0.680471,1.01695,1.12423,0.5,0.333333,0.104167,0,0,0.4
0,752,0.428519,1.13078,1.12423,0.333333,0.5,0.0724638,0,0,0.5
0,752,-0.53638,-0.82722,-0.942859,0.125,0.125,0.0655738,0,0,0.6
0,752,-0.464073,-0.0817024,-0.0455974,0.166667,0.2,0.0869565,0,0,0.7
0,752,-0.740373,-1.71914,-1.61346,0.1,0.1,0.0714286,0,0,0.8
0,752,-0.390676,1.23264,1.13731,0.25,1,0.0634921,0,0.166667,0.9
1,752,2.68139,-0.153316,0.759463,1,0.166667,0.0930233,1,0,1
0,753,0.586782,0.983795,1.24617,0.5,0.5,0.111111,0,0,0.1
0,753,-0.21456,0.264268,-0.0427704,0.2,0.166667,0.145455,0,0,0.2
0,753,-0.85438,-1.62821,-1.20347,0.111111,0.111111,0.146341,0,0,0.3
0,753,-0.786787,-0.492901,-0.884403,0.125,0.125,0.153846,1,0.833333,0.4
0,753,-0.975428,-1.71073,-1.51343,0.1,0.1,0.131579,1,0.833333,0.5
1,753,0.422113,0.448501,0.677239,0.333333,0.25,0.205128,1,0.833333,0.6
0,753,0.00251852,0.848913,0.677239,0.25,0.333333,0.210526,1,0.833333,0.7
1,753,2.60686,1.4073,1.64201,1,1,0.222222,1,0,0.8
0,753,-0.506435,-0.401099,-0.555808,0.142857,0.142857,0.159091,1,0.833333,0.9
0,753,-0.280688,0.280168,-0.0427704,0.166667,0.2,0.16,1,0.833333,1
0,754,-0.954064,0.0384335,-0.277228,0.125,0.25,0.0545455,0,0,0.1
0,754,-0.116539,0.443588,0.70194,0.2,0.333333,0.0857143,0,0.333333,0.2
0,754,-1.41959,-0.763451,-1.69227,0.1,0.125,0.0227273,0,0,0.3
0,754,0.79125,-0.813239,-0.240367,0.333333,0.111111,0.0454545,0,0,0.4
0,754,-0.347156,-0.30913,-0.0603703,0.166667,0.2,0.047619,0,0,0.5
1,754,1.65289,-0.651633,0.766585,1,0.142857,0.0410959,1,0.333333,0.6
1,754,-0.514268,1.1874,0.487219,0.142857,0.5,0.046875,1,0.166667,0.7
0,754,1.48638,2.30865,2.03833,0.5,1,0.0769231,1,0.166667,0.8
0,754,-0.975361,-0.359835,-1.00268,0.111111,0.166667,0.0535714,0,0,0.9
0,754,0.39646,-1.08078,-0.721161,0.25,0.1,0.0471698,0,0.333333,1
0,755,-0.43297,0.266838,0.164018,0.166667,0.25,0.0655738,1,0,0.1
1,755,-0.927375,-0.467766,-1.43361,0.1,0.125,0.0441176,0,0.333333,0.2
0,755,-0.785665,0.420398,-0.0128628,0.125,0.333333,0.0535714,0,0.166667,0.3
0,755,-0.878476,-0.294244,-1.05184,0.111111,0.142857,0.04,0,0.166667,0.4
0,755,2.40874,1.95873,1.96344,1,1,0.0882353,0,0,0.5
0,755,0.241995,-0.836715,-0.203628,0.333333,0.111111,0.0444444,0,0.166667,0.6
0,755,-0.557404,-1.80853,-1.23715,0.142857,0.1,0.0408163,0,0,0.7
1,755,1.16476,-0.18594,0.823805,0.5,0.2,0.0724638,0,0.333333,0.8
0,755,-0.181207,1.23388,0.823805,0.2,0.5,0.0515464,1,0.333333,0.9
0,755,-0.0523961,-0.286653,0.164018,0.25,0.166667,0.0379747,1,0.166667,1
0,756,-1.06186,-0.867264,-1.27696,0.111111,0.125,0.0930233,0,0.166667,0.1
0,756,0.549936,-0.507997,0.167785,0.25,0.166667,0.0864198,0,0,0.2
0,756,0.571839,-1.11416,-0.208304,0.333333,0.111111,0.125,0,0,0.3
0,756,-0.470939,1.36374,0.394874,0.166667,0.333333,0.135135,1,0.166667,0.4
0,756,-0.591497,-1.11729,-1.26556,0.142857,0.1,0.0618557,0,0.166667,0.5
0,756,-0.338268,0.40879,0.381217,0.2,0.25,0.09375,0,0,0.6
1,756,2.22241,1.4067,2.00853,1,1,0.25,0,0,0.7
1,756,0.944772,-0.242262,0.84272,0.5,0.2,0.135593,1,0,0.8
0,756,-1.08261,-0.716665,-1.26556,0.1,0.142857,0.0512821,0,0,0.9
0,756,-0.743779,1.38641,0.221256,0.125,0.5,0.0735294,0,0.166667,1
0,757,-0.386472,0.647104,0.364364,0.166667,0.333333,0.115044,1,0.166667,0.1
1,757,-0.066873,-0.946548,-0.401753,0.25,0.111111,0.164384,0,0,0.2
0,757,-0.524024,-0.802424,-0.812785,0.142857,0.125,0.12,0,0,0.3
0,757,-0.0719707,0.926935,0.777609,0.2,0.5,0.185714,0,0,0.4
0,757,-0.0274362,0.294701,0.764402,0.333333,0.25,0.229508,0,0,0.5
0,757,0.198218,-0.692128,0.580667,0.5,0.166667,0.112676,1,0,0.6
0,757,-0.681176,-0.752635,-0.992853,0.111111,0.142857,0.11,0,0,0.7
0,757,-0.700079,-1.00733,-1.70821,0.1,0.1,0.1,1,0.166667,0.8
1,757,2.86468,2.2421,1.85334,1,1,0.227848,1,0,0.9
0,757,-0.604864,0.0902326,-0.424781,0.125,0.2,0.150685,0,0,1
0,758,-0.727989,-0.972191,-1.316,0.1,0.125,0.116667,0,0,0.1
0,758,-0.311441,1.09658,0.756224,0.2,0.5,0.257143,0,0,0.2
0,758,-0.239897,-0.271283,0.150563,0.25,0.166667,0.11236,1,0,0.3
0,758,-0.46406,-1.1564,-1.316,0.125,0.1,0.0869565,1,0.333333,0.4
1,758,2.91303,1.98775,1.80237,1,1,0.215686,1,0,0.5
0,758,-0.564175,-0.876004,-0.965549,0.111111,0.142857,0.109375,1,0.333333,0.6
0,758,0.129761,0.188797,0.756224,0.5,0.2,0.171875,0,0,0.7
1,758,-0.394617,0.539129,0.168536,0.142857,0.333333,0.189189,1,0.333333,0.8
0,758,0.0106771,0.523262,0.74338,0.333333,0.25,0.121622,0,0,0.9
0,758,-0.351291,-1.05964,-0.779741,0.166667,0.111111,0.0989011,0,0,1
1,759,-0.432663,-0.231855,-0.264712,0.142857,0.2,0.0819672,1,0.666667,0.1
0,759,0.4119,-0.241269,0.402994,0.333333,0.166667,0.0722892,0,0,0.2
0,759,-0.753266,0.902444,0.225807,0.125,0.5,0.222222,1,0.666667,0.3
0,759,-0.812776,-0.73361,-1.50238,0.111111,0.111111,0.129032,1,0,0.4
0,759,-0.39981,0.108484,0.171235,0.166667,0.25,0.0909091,1,0.5,0.5
0,759,-0.87985,-1.71282,-1.88932,0.1,0.1,0.0888889,0,0.166667,0.6
1,759,2.65915,-0.393624,0.472886,1,0.125,0.0520833,1,0,0.7
0,759,-0.370913,0.328743,0.620816,0.2,0.333333,0.104167,1,0.5,0.8
0,759,0.0596466,-0.313159,-0.0400841,0.25,0.142857,0.09375,0,0,0.9
0,759,0.518583,2.28667,1.80275,0.5,1,0.230769,1,0.833333,1
0,760,-0.871023,-0.586512,-1.33116,0.1,0.125,0.106383,1,0,0.1
0,760,-0.660969,-1.13606,-1.15909,0.125,0.111111,0.139535,0,0,0.2
0,760,-0.744511,-0.157081,-0.788719,0.111111,0.166667,0.122449,0,0,0.3
0,760,0.00125271,-0.483697,-0.0356509,0.25,0.142857,0.18,0,0,0.4
0,760,-0.271747,0.347896,0.358424,0.166667,0.333333,0.148148,0,0,0.5
0,760,-0.134574,-1.45553,-0.76706,0.2,0.1,0.0777778,0,0,0.6
0,760,-0.300049,0.168941,-0.0356509,0.142857,0.25,0.195122,0,0,0.7
1,760,0.120731,0.996233,1.38362,0.5,0.5,0.259259,0,0,0.8
1,760,2.83779,2.19878,1.82313,1,1,0.315789,1,0,0.9
0,760,0.0231016,0.10703,0.552155,0.333333,0.2,0.112676,0,0,1
0,761,-0.863814,-0.4855,-1.3391,0.1,0.142857,0.0909091,0,0,0.1
0,761,-0.612279,-0.768021,-0.712934,0.166667,0.125,0.125,0,0,0.2
0,761,0.434686,0.0802201,0.41782,0.333333,0.166667,0.0754717,0,0,0.3
1,761,2.43722,1.86429,2.12524,1,1,0.217391,1,0,0.4
0,761,-0.82019,0.198891,-0.693585,0.111111,0.2,0.0869565,0,0,0.5
0,761,1.00712,-1.56193,-0.172958,0.5,0.1,0.103896,0,0,0.6
1,761,-0.0883376,0.991426,0.89169,0.2,0.5,0.0963855,1,0.166667,0.7
0,761,-0.738045,0.560706,-0.0139228,0.125,0.333333,0.166667,1,0,0.8
0,761,-0.0432333,0.434209,0.636261,0.25,0.25,0.142857,1,0.166667,0.9
0,761,-0.713129,-1.31429,-1.13851,0.142857,0.111111,0.0614035,0,0,1
0,762,-0.203846,0.275603,0.360126,0.2,0.25,0.049505,0,0,0.1
0,762,-1.05702,-0.802394,-1.20631,0.111111,0.125,0.0338983,1,0.333333,0.2
0,762,-1.08754,-0.409543,-0.999937,0.1,0.166667,0.025641,0,0,0.3
1,762,2.30963,1.97476,1.89741,1,1,0.134615,0,0.166667,0.4
0,762,0.0993569,-0.59974,0.177422,0.333333,0.142857,0.0704225,0,0,0.5
0,762,-0.308272,0.954509,0.373028,0.166667,0.333333,0.0588235,1,0,0.6
1,762,1.2724,1.0988,1.44,0.5,0.5,0.076087,1,0.5,0.7
0,762,-0.520358,-0.988406,-1.01646,0.142857,0.111111,0.046729,1,0.333333,0.8
0,762,-0.570107,-0.191741,-0.434881,0.125,0.2,0.0566038,0,0,0.9
0,762,0.065759,-1.31185,-0.590388,0.25,0.1,0.0444444,1,0,1
0,763,0.534473,1.74367,1.76029,0.5,1,0.142857,0,0,0.1
0,763,0.431535,-0.0419797,0.606193,0.333333,0.2,0.0833333,0,0,0.2
0,763,-0.440733,1.03962,0.839794,0.2,0.5,0.118644,0,0,0.3
1,763,2.57336,-1.72393,0.078368,1,0.1,0.0941176,1,0,0.4
0,763,-0.913324,-1.08725,-1.6559,0.1,0.111111,0.0853659,1,0.333333,0.5
0,763,0.372082,0.887572,0.825531,0.25,0.333333,0.140625,0,0.166667,0.6
0,763,-0.750955,-0.933538,-1.07806,0.125,0.125,0.137255,0,0,0.7
0,763,-0.840836,-0.0553871,-0.86591,0.111111,0.166667,0.0933333,0,0.166667,0.8
0,763,-0.451336,0.237242,0.167202,0.166667,0.25,0.109589,0,0,0.9
1,763,-0.51426,-0.0660237,-0.67751,0.142857,0.142857,0.159091,1,0.333333,1
0,764,-0.960673,-1.6918,-1.48948,0.111111,0.1,0.0952381,1,0.666667,0.1
0,764,0.948225,1.47242,1.58337,0.5,1,0.243243,1,0.166667,0.2
0,764,-0.187642,-0.135541,-0.23821,0.166667,0.166667,0.173913,1,0.5,0.3
1,764,0.272977,1.09399,0.952682,0.25,0.5,0.285714,1,0.833333,0.4
0,764,0.209072,-0.041027,0.144418,0.2,0.2,0.173913,1,0.5,0.5
0,764,-1.83178,-0.75474,-1.31455,0.1,0.125,0.0521739,0,0.166667,0.6
0,764,0.759703,0.935766,0.946116,0.333333,0.333333,0.257143,1,0.833333,0.7
0,764,-0.648476,-1.04553,-1.14463,0.125,0.111111,0.137255,1,0.5,0.8
1,764,1.86749,-0.691567,0.595483,1,0.142857,0.09375,1,0,0.9
0,764,-0.428897,0.858037,-0.0352062,0.142857,0.25,0.137255,1,0.166667,1
0,765,-0.851656,-0.286137,-0.723908,0.125,0.166667,0.150943,1,0.5,0.1
0,765,-0.832171,-0.819423,-0.730451,0.142857,0.142857,0.125,0,0,0.2
0,765,-0.60814,-0.83167,-0.723908,0.166667,0.125,0.0782609,1,0.5,0.3
1,765,1.41279,1.07992,1.63773,0.5,0.5,0.171875,1,0.166667,0.4
0,765,-0.219365,0.817833,0.409578,0.2,0.25,0.181818,1,0.5,0.5
0,765,-1.02872,0.897817,-0.427474,0.1,0.333333,0.0816327,1,0.5,0.6
0,765,0.738158,1.10408,1.64599,0.333333,1,0.141026,0,0,0.7
0,765,0.541001,0.771129,0.409578,0.25,0.2,0.0932203,1,0.166667,0.8
0,765,-0.974656,-0.940122,-1.58162,0.111111,0.111111,0.102564,0,0,0.9
1,765,1.82276,-1.79343,0.0844917,1,0.1,0.205882,1,0,1
1,766,2.42552,-0.293599,0.851027,1,0.166667,0.0588235,1,0,0.1
0,766,-0.733901,-0.491568,-1.05084,0.111111,0.142857,0.0882353,0,0.5,0.2
0,766,-0.240723,-0.894966,-0.640178,0.2,0.111111,0.0769231,0,0.666667,0.3
1,766,-0.902644,-1.84386,-1.80799,0.1,0.1,0.06,1,0,0.4
0,766,-0.666897,0.277853,-0.449592,0.125,0.2,0.0625,0,0.5,0.5
0,766,0.0227431,0.674721,1.03083,0.333333,0.333333,0.108696,1,0.666667,0.6
0,766,-0.582535,1.17617,0.412361,0.142857,0.5,0.097561,1,0.333333,0.7
0,766,-0.0245345,-0.687831,-0.234633,0.25,0.125,0.0757576,0,0,0.8
0,766,1.26616,1.71713,1.72515,0.5,1,0.115385,0,0,0.9
0,766,-0.563182,0.365955,0.163864,0.166667,0.25,0.125,0,0,1
0,767,1.33449,-1.21281,0.0304363,0.5,0.111111,0.1,1,1.16667,0.1
0,767,-0.680077,-0.156719,-0.792499,0.142857,0.142857,0.0792079,1,0.833333,0.2
0,767,-0.412469,0.686521,0.444369,0.2,0.25,0.106667,0,0,0.3
0,767,-0.72844,0.206523,-0.7854,0.125,0.166667,0.0957447,1,0.833333,0.4
0,767,-0.507828,-2.14582,-1.23385,0.166667,0.1,0.0625,1,0.333333,0.5
1,767,-0.136052,0.722558,0.965642,0.25,0.333333,0.2,1,0.833333,0.6
0,767,-1.04463,0.745039,-0.190538,0.1,0.5,0.091954,1,0.833333,0.7
0,767,-0.872512,0.630402,-0.764084,0.111111,0.2,0.108108,1,0.166667,0.8
1,767,1.14743,-0.679651,-0.0153379,0.333333,0.125,0.153846,1,0.5,0.9
0,767,1.90009,1.20396,2.34126,1,1,0.127907,1,0.833333,1
0,768,1.27939,0.739281,1.48705,0.5,0.333333,0.197183,1,0.333333,0.1
0,768,0.905753,-1.24425,-0.240139,0.333333,0.111111,0.0973451,0,0.166667,0.2
0,768,-0.925755,-0.744259,-1.45898,0.1,0.142857,0.108911,0,0,0.3
0,768,-0.256742,0.347011,0.185738,0.2,0.2,0.129032,1,0.5,0.4
0,768,-0.917529,0.438197,-0.501935,0.111111,0.25,0.134831,0,0,0.5
0,768,-0.801486,-1.30012,-1.22027,0.166667,0.1,0.123596,0,0.333333,0.6
1,768,0.667031,0.937449,1.22526,0.25,0.5,0.189189,0,0,0.7
0,768,-0.838693,-1.16451,-1.01546,0.142857,0.125,0.116279,1,0.333333,0.8
1,768,1.78434,0.243498,1.00456,1,0.166667,0.107843,1,0,0.9
0,768,-0.896313,1.7477,0.534173,0.125,1,0.183333,0,0,1
0,769,-0.692752,0.699845,0.0427772,0.111111,0.5,0.0943396,0,0,0.1
0,769,-0.658865,0.534535,-0.424938,0.142857,0.2,0.0714286,0,0,0.2
1,769,2.66561,-0.156808,0.759116,1,0.125,0.131579,1,0,0.3
0,769,0.181739,0.674989,1.72922,0.333333,0.333333,0.0618557,0,0,0.4
0,769,-0.667855,1.17717,0.759116,0.125,1,0.0925926,1,0.166667,0.5
0,769,-0.0815654,0.203793,0.274881,0.25,0.166667,0.0645161,0,0,0.6
0,769,-0.161772,-1.21837,-1.07389,0.2,0.111111,0.0535714,0,0,0.7
1,769,0.75501,-2.34039,-0.267795,0.5,0.1,0.1,1,0.166667,0.8
0,769,-0.643527,0.576464,0.274881,0.166667,0.25,0.106383,0,0,0.9
0,769,-0.696024,-0.151232,-2.07336,0.1,0.142857,0.0537634,0,0,1
0,770,0.483313,0.327977,0.772566,0.25,0.25,0.0642202,0,0,0.1
0,770,-1.49886,0.725938,-0.511183,0.1,0.333333,0.0420168,1,0,0.2
0,770,-0.938678,-0.965758,-1.3899,0.125,0.125,0.0431655,0,0,0.3
0,770,1.00153,-0.811351,0.542472,0.5,0.142857,0.0686275,0,0,0.4
1,770,-1.11842,1.60787,0.344594,0.111111,1,0.153846,1,0.166667,0.5
0,770,0.0891569,-1.37155,-1.35994,0.166667,0.1,0.0757576,0,0,0.6
0,770,0.981913,0.295603,0.781543,0.333333,0.2,0.0725806,0,0,0.7
0,770,1.57426,0.00657061,1.11955,1,0.166667,0.108108,1,0.166667,0.8
1,770,0.333179,1.35797,1.08272,0.2,0.5,0.0666667,0,0,0.9
0,770,-0.907391,-1.17327,-1.38242,0.142857,0.111111,0.0701754,0,0,1
0,771,0.902688,0.67058,1.08199,0.333333,0.333333,0.147059,0,0,0.1
1,771,1.25991,0.457866,1.0895,0.5,0.25,0.333333,0,0,0.2
0,771,-0.199554,-1.53688,-0.640648,0.25,0.1,0.0980392,0,0,0.3
0,771,-1.23645,-0.169861,-1.08506,0.1,0.166667,0.101695,0,0,0.4
0,771,-0.865902,0.877001,0.0267661,0.111111,0.5,0.0989011,1,0.333333,0.5
0,771,-0.483347,0.447684,-0.265888,0.142857,0.2,0.169231,1,0.166667,0.6
1,771,2.06782,1.77381,2.05894,1,1,0.254237,1,0,0.7
0,771,-0.481222,-0.632781,-0.690691,0.166667,0.125,0.139241,1,0.166667,0.8
0,771,-0.673952,-0.37262,-0.902949,0.125,0.142857,0.11,0,0,0.9
0,771,-0.289981,-1.51479,-0.671946,0.2,0.111111,0.118812,0,0,1
1,772,-0.54242,-0.693826,-1.41633,0.142857,0.111111,0.0869565,0,0,0.1
0,772,-0.846566,1.09063,-0.274191,0.111111,0.333333,0.25,0,0,0.2
0,772,0.739064,-0.446931,-0.0173201,0.333333,0.125,0.0985915,0,0,0.3
0,772,2.4703,-0.0583585,1.14701,1,0.166667,0.0429448,0,0,0.4
0,772,-0.743965,0.184629,-0.316238,0.125,0.25,0.16129,0,0,0.5
0,772,-0.203202,1.43361,1.71767,0.25,1,0.176471,0,0,0.6
0,772,-0.938767,-0.382606,-1.66586,0.1,0.142857,0.2,0,0,0.7
0,772,-0.32129,-0.0524289,0.212076,0.2,0.2,0.166667,0,0,0.8
1,772,0.779253,-2.16678,-0.215162,0.5,0.1,0.0416667,1,0,0.9
0,772,-0.392408,1.09206,0.828334,0.166667,0.5,0.222222,0,0,1
0,773,-0.559527,-1.5452,-0.992629,0.142857,0.111111,0.0967742,0,0,0.1
0,773,0.0737435,0.19668,0.351683,0.25,0.2,0.0632911,0,0,0.2
0,773,0.134234,-0.0397892,0.173263,0.333333,0.142857,0.114583,1,0,0.3
1,773,0.718892,0.0310272,0.580536,0.5,0.166667,0.123077,1,0,0.4
0,773,-1.05357,-1.57818,-1.70782,0.1,0.1,0.0819672,0,0,0.5
0,773,-0.927593,-0.900227,-1.17803,0.111111,0.125,0.0952381,0,0,0.6
0,773,-0.0809177,0.994397,0.777433,0.2,0.5,0.0892857,0,0,0.7
1,773,2.59111,1.54897,1.85292,1,1,0.243243,1,0,0.8
0,773,-0.612672,0.493054,-0.221635,0.125,0.25,0.112676,0,0,0.9
0,773,-0.283702,0.799275,0.364282,0.166667,0.333333,0.0857143,0,0,1
0,774,-0.411153,-0.794205,-0.608,0.2,0.111111,0.0733945,0,0.333333,0.1
0,774,0.925452,-0.64363,0.174204,0.333333,0.142857,0.16129,0,0,0.2
0,774,-0.576524,-0.93116,-1.17386,0.142857,0.1,0.179487,1,0.666667,0.3
0,774,-0.234787,-0.203393,0.557749,0.25,0.25,0.125,0,0.333333,0.4
1,774,1.67132,1.80613,1.63844,0.5,1,0.22,1,0.333333,0.5
0,774,-0.850896,-0.634842,-0.624961,0.125,0.166667,0.185185,1,1,0.6
0,774,-0.574389,0.977137,0.366262,0.166667,0.333333,0.227273,1,1,0.7
0,774,-0.886456,-0.475158,-0.783834,0.1,0.2,0.0882353,1,0.666667,0.8
0,774,-0.856905,-0.732946,-1.18443,0.111111,0.125,0.117647,1,0.666667,0.9
1,774,1.79434,1.63207,1.63844,1,0.5,0.28125,1,0.333333,1
0,775,-0.519074,-0.538833,-1.22794,0.125,0.111111,0.0519481,0,0,0.1
1,775,2.89082,2.9595,1.93142,1,1,0.161765,1,0.166667,0.2
0,775,-0.69165,-0.652183,-1.78018,0.1,0.1,0.0438596,0,0,0.3
0,775,0.0500848,-0.138802,1.01498,0.333333,0.333333,0.0454545,0,0,0.4
0,775,-0.099616,-0.388819,-0.442677,0.2,0.125,0.0833333,1,0.333333,0.5
1,775,-0.619045,-0.117057,0.0251084,0.111111,0.5,0.111111,1,0,0.6
0,775,-0.51105,-0.148923,-0.0377686,0.142857,0.25,0.0561798,0,0,0.7
0,775,0.060334,-0.35151,0.406019,0.5,0.142857,0.0869565,0,0.166667,0.8
0,775,-0.0833868,-0.284462,0.366582,0.25,0.2,0.0862069,0,0,0.9
0,775,-0.477416,-0.338914,-0.255548,0.166667,0.166667,0.0471698,1,0,1
0,776,-0.421034,-0.326478,-1.26566,0.142857,0.142857,0.0582524,1,0.333333,0.1
1,776,2.21178,-1.75605,0.146399,1,0.1,0.12963,1,0,0.2
0,776,-0.156632,1.00597,1.17149,0.166667,0.5,0.08,0,0,0.3
0,776,-1.27918,0.335542,-1.57318,0.1,0.2,0.0625,0,0,0.4
0,776,-0.129937,1.42416,2.01952,0.2,1,0.0740741,0,0,0.5
0,776,0.310058,-0.0279456,0.31235,0.25,0.166667,0.0769231,0,0,0.6
0,776,-1.26739,0.790614,-0.387781,0.111111,0.333333,0.0862069,1,0.333333,0.7
1,776,0.845109,-1.62488,0.0486082,0.5,0.111111,0.125,0,0,0.8
0,776,-0.700621,0.522422,-0.447248,0.125,0.25,0.0804598,0,0,0.9
0,776,0.587837,-0.343358,-0.0244954,0.333333,0.125,0.0909091,1,0.333333,1
0,777,1.31026,1.23283,1.45554,0.5,0.5,0.196078,1,0.333333,0.1
0,777,-0.866267,-1.54723,-1.40035,0.125,0.1,0.0921053,1,0.5,0.2
0,777,-0.622039,0.448374,-0.0375039,0.142857,0.25,0.166667,0,0,0.3
1,777,1.98575,0.0220548,0.832065,1,0.166667,0.153846,1,0.166667,0.4
0,777,-0.409716,-0.435079,-0.451473,0.166667,0.142857,0.0795455,0,0,0.5
0,777,0.278777,0.383906,0.364013,0.25,0.2,0.112903,0,0,0.6
0,777,-1.16409,-1.17828,-1.58669,0.1,0.111111,0.076087,1,0.333333,0.7
0,777,-1.05489,0.645978,-0.198904,0.111111,0.333333,0.0645161,1,0,0.8
0,777,-0.142535,-1.13738,-0.439575,0.2,0.125,0.0676692,0,0.166667,0.9
1,777,0.684759,1.56484,1.46288,0.333333,1,0.0990991,1,0.166667,1
0,778,-0.235169,-0.915869,-0.796969,0.166667,0.125,0.191489,1,0.333333,0.1
0,778,-0.300068,0.254387,-0.3068,0.142857,0.2,0.160714,0,0,0.2
0,778,-0.115649,0.203265,-0.0618825,0.2,0.166667,0.188679,0,0,0.3
1,778,0.0925575,-1.40158,-0.514996,0.25,0.111111,0.150943,1,0,0.4
1,778,2.35805,0.100255,0.785787,1,0.142857,0.217391,0,0,0.5
0,778,-0.653724,1.81568,0.548073,0.125,1,0.0487805,0,0,0.6
0,778,-1.5762,-1.69466,-2.18971,0.1,0.1,0.111111,1,0.333333,0.7
0,778,0.828465,0.593484,1.52575,0.5,0.333333,0.100917,0,0,0.8
0,778,0.346249,0.439281,0.979866,0.333333,0.25,0.122449,1,0.333333,0.9
0,778,-0.744517,0.605759,0.0308846,0.111111,0.5,0.0989011,0,0,1
1,779,2.86825,1.23334,1.65812,1,0.5,0.131783,1,1,0.1
0,779,0.242817,-0.603924,0.20769,0.5,0.125,0.142857,1,0,0.2
1,779,0.136133,1.25706,1.43808,0.333333,1,0.266667,1,1,0.3
0,779,-0.460888,-0.679118,-0.81565,0.166667,0.111111,0.116505,1,1,0.4
0,779,-0.510675,-0.324451,-0.443821,0.142857,0.166667,0.305556,1,1,0.5
0,779,-0.625376,-0.383917,-1.01002,0.111111,0.142857,0.178571,1,0,0.6
0,779,-0.532873,-2.13974,-1.37661,0.125,0.1,0.190476,1,0,0.7
0,779,-0.637218,0.285128,-0.793251,0.1,0.2,0.162162,1,1,0.8
0,779,-0.354284,0.330371,0.357843,0.2,0.25,0.333333,1,1,0.9
0,779,-0.125884,1.02526,0.777615,0.25,0.333333,0.315789,1,1,1
1,780,0.108619,0.822833,0.69711,0.166667,0.5,0.146341,0,0,0.1
0,780,-1.2107,-0.171798,-1.19195,0.111111,0.142857,0.0983607,0,0.166667,0.2
0,780,1.84118,0.0343912,0.965303,1,0.166667,0.166667,0,0,0.3
0,780,-1.2107,-0.173141,-1.62458,0.1,0.125,0.0983607,0,0.166667,0.4
0,780,0.465218,0.125798,0.673866,0.333333,0.2,0.116667,0,0,0.5
0,780,0.45283,1.44814,1.44556,0.25,1,0.0921053,0,0,0.6
1,780,1.08075,-2.53497,-0.181076,0.5,0.1,0.0512821,1,0,0.7
0,780,0.418041,0.526259,0.673866,0.2,0.333333,0.153846,0,0,0.8
0,780,-1.04478,0.432053,-0.26614,0.125,0.25,0.111111,1,0,0.9
0,780,-0.900448,-0.509563,-1.19195,0.142857,0.111111,0.0684932,0,0,1
0,781,-0.944673,0.807502,-0.213133,0.111111,0.333333,0.133333,0,0.166667,0.1
1,781,-1.03554,-0.567491,-1.2949,0.1,0.142857,0.142857,1,0,0.2
0,781,0.610694,-0.523955,0.404028,0.333333,0.166667,0.111111,1,0.166667,0.3
0,781,-0.883422,-1.33998,-1.50053,0.125,0.1,0.0561798,1,0.5,0.4
0,781,0.558762,0.738032,0.615259,0.25,0.25,0.114286,0,0.166667,0.5
0,781,-0.821463,1.47391,0.679729,0.142857,1,0.181818,1,0,0.6
1,781,2.04933,1.35284,1.80738,1,0.5,0.212766,1,0.666667,0.7
0,781,1.134,0.216464,0.862258,0.5,0.2,0.189189,1,0.5,0.8
0,781,-0.0286703,-0.947032,-0.471022,0.2,0.125,0.0695652,0,0,0.9
0,781,-0.639016,-1.21029,-0.889072,0.166667,0.111111,0.0581395,1,0.5,1
0,782,0.026458,-0.19008,-0.0479921,0.2,0.166667,0.102041,1,1.16667,0.1
0,782,1.2124,0.820371,1.39831,0.5,0.5,0.0588235,0,0,0.2
1,782,-0.709211,0.811626,0.172286,0.142857,0.333333,0.208333,1,1.16667,0.3
0,782,-0.0910735,2.02902,0.79935,0.166667,1,0.208333,1,1.16667,0.4
1,782,2.0656,0.481966,1.19704,1,0.25,0.157895,0,0,0.5
0,782,0.510893,0.0967946,0.558016,0.333333,0.2,0.101695,1,1.16667,0.6
0,782,0.136059,-0.711959,-0.0360294,0.25,0.142857,0.09375,1,1.16667,0.7
0,782,-1.00334,-0.993481,-1.17139,0.111111,0.125,0.0925926,1,1.16667,0.8
0,782,-0.79222,-1.04594,-1.17139,0.125,0.111111,0.111111,1,1.16667,0.9
0,782,-1.35557,-1.29832,-1.6982,0.1,0.1,0.0869565,1,1.16667,1
0,783,-1.89898,-0.441484,-1.60899,0.1,0.142857,0.0138889,1,0.5,0.1
0,783,0.496697,-1.33043,-0.505843,0.333333,0.1,0.0416667,0,0,0.2
0,783,0.11942,-0.332348,0.484665,0.25,0.2,0.0697674,0,0,0.3
0,783,-0.313861,0.822489,0.238779,0.142857,0.333333,0.027027,1,0.166667,0.4
1,783,1.38017,-1.15006,0.0331963,0.5,0.111111,0.075,1,0,0.5
0,783,-0.923662,2.1824,0.340994,0.111111,1,0.0666667,1,0.5,0.6
0,783,1.75482,0.884076,2.24577,1,0.5,0.0588235,1,0.5,0.7
0,783,-0.228783,-0.441519,-0.856622,0.166667,0.125,0.0348837,0,0,0.8
1,783,-0.00558397,0.192759,0.484665,0.2,0.25,0.130435,1,0.666667,0.9
0,783,-0.380245,-0.385882,-0.856622,0.125,0.166667,0.0428571,0,0,1
0,784,-0.369261,-0.153997,-0.0725278,0.2,0.166667,0.0769231,0,0,0.1
0,784,-0.974783,0.206952,-1.17152,0.1,0.2,0.0701754,1,0.666667,0.2
0,784,-0.682438,0.453076,-0.0182412,0.125,0.333333,0.102041,1,0.666667,0.3
1,784,2.0897,-1.39046,0.109021,1,0.1,0.0990099,1,0,0.4
0,784,-0.639576,-1.38534,-1.49165,0.142857,0.111111,0.0632911,0,0.166667,0.5
0,784,-0.0673511,1.86955,1.80902,0.25,1,0.1875,1,0.666667,0.6
1,784,1.30028,0.434302,1.4734,0.5,0.25,0.126761,1,0.166667,0.7
0,784,0.859285,-0.42314,0.260366,0.333333,0.142857,0.150943,1,0.833333,0.8
0,784,-0.546679,-0.789605,-0.934067,0.166667,0.125,0.0980392,0,0.166667,0.9
0,784,-0.969182,1.17867,0.0361976,0.111111,0.5,0.05,1,0.666667,1
0,785,-0.837181,0.365991,-0.229165,0.142857,0.2,0.0857143,1,0.333333,0.1
1,785,0.690593,0.411824,0.731912,0.333333,0.25,0.123288,1,0.333333,0.2
0,785,1.62887,0.96987,1.35356,1,0.333333,0.0927835,1,0.166667,0.3
0,785,-1.05091,-0.609534,-0.778238,0.125,0.142857,0.0492958,0,0,0.4
0,785,-1.09823,0.00728163,-0.767711,0.111111,0.166667,0.1,0,0,0.5
0,785,-0.207879,-0.727205,-0.595297,0.166667,0.125,0.153846,1,0.333333,0.6
0,785,-1.17164,-1.06096,-1.46812,0.1,0.111111,0.0659341,0,0,0.7
0,785,1.50133,1.34018,1.56067,0.5,1,0.157895,1,0,0.8
0,785,0.131132,-1.88013,-0.746629,0.2,0.1,0.1875,0,0,0.9
1,785,0.413923,1.18269,0.939021,0.25,0.5,0.125,1,0.166667,1
0,786,-0.567616,-0.660142,-0.925647,0.142857,0.125,0.0384615,0,0.166667,0.1
0,786,-0.749626,-0.325129,-0.656752,0.1,0.25,0.0322581,0,0,0.2
1,786,2.74315,1.00518,1.85628,1,0.5,0.1,1,0,0.3
1,786,-0.604051,-0.420434,-0.708054,0.125,0.166667,0.0410959,1,0.166667,0.4
0,786,-0.370197,-0.872443,-0.688837,0.2,0.111111,0.045977,0,0,0.5
0,786,0.282303,-0.925941,-0.418112,0.333333,0.1,0.0533333,0,0,0.6
0,786,-0.146951,2.40958,1.3713,0.25,1,0.15,1,0.166667,0.7
0,786,-0.681812,-0.471051,-1.13072,0.111111,0.142857,0.0333333,0,0,0.8
0,786,-0.461733,0.673761,0.414959,0.166667,0.333333,0.0909091,0,0,0.9
0,786,0.556536,-0.413384,0.885586,0.5,0.2,0.1,0,0.166667,1
0,787,-0.747779,0.791999,-0.03711,0.142857,0.25,0.163934,0,0,0.1
0,787,-0.389265,-2.00617,-1.00011,0.166667,0.1,0.243902,0,0.166667,0.2
0,787,-0.789844,0.113686,-0.832256,0.125,0.142857,0.117647,0,0,0.3
0,787,-1.03741,-0.592258,-1.20652,0.111111,0.125,0.155172,0,0.166667,0.4
0,787,-0.195807,-1.47977,-0.619339,0.2,0.111111,0.152778,0,0,0.5
1,787,1.21605,1.02443,1.44025,0.5,0.5,0.12381,1,0.166667,0.6
1,787,2.06976,0.796632,1.44751,1,0.333333,0.193548,1,0.333333,0.7
0,787,0.279953,1.02803,1.23295,0.25,1,0.146341,0,0,0.8
0,787,0.699268,0.135565,0.373093,0.333333,0.166667,0.0813953,1,0.166667,0.9
0,787,-1.10493,0.187854,-0.798452,0.1,0.2,0.0909091,0,0,1
0,788,2.39028,-0.737568,1.03682,1,0.125,0.0816327,1,0.166667,0.1
0,788,-0.931085,0.288916,-0.537584,0.125,0.25,0.190476,0,0,0.2
1,788,0.777479,-2.28159,-0.365761,0.5,0.1,0.0789474,1,0.166667,0.3
0,788,-0.332233,0.24983,-0.117067,0.166667,0.2,0.0961538,1,0.333333,0.4
0,788,-1.0257,0.940955,-0.466107,0.111111,0.333333,0.0606061,0,0,0.5
1,788,0.101034,-0.764512,-0.974248,0.25,0.111111,0.049505,0,0,0.6
0,788,0.554067,-0.0963292,0.420255,0.333333,0.142857,0.042735,1,0,0.7
0,788,-0.0882172,1.27014,2.42743,0.2,1,0.16129,1,0.333333,0.8
0,788,-1.09889,0.997166,-0.365761,0.1,0.5,0.0754717,1,0.333333,0.9
0,788,-0.346738,0.132998,-1.05797,0.142857,0.166667,0.0925926,0,0,1
1,789,1.93166,1.75887,1.67631,1,1,0.255319,0,0,0.1
0,789,-0.88509,-0.781893,-0.735148,0.125,0.142857,0.113208,0,0,0.2
0,789,-1.34854,-1.34946,-1.54504,0.1,0.1,0.104167,1,0,0.3
0,789,1.34007,0.984865,1.07656,0.5,0.333333,0.263158,1,0.166667,0.4
1,789,-0.468596,-0.912528,-0.735148,0.142857,0.125,0.107692,0,0,0.5
0,789,0.414573,0.803907,0.501858,0.25,0.25,0.0842105,0,0,0.6
0,789,-0.358467,-0.392285,-0.221794,0.166667,0.166667,0.12963,0,0,0.7
0,789,-1.04251,-0.918187,-1.22861,0.111111,0.111111,0.09375,0,0,0.8
0,789,-0.0892669,0.996105,0.703332,0.2,0.5,0.0588235,1,0,0.9
0,789,0.506162,-0.189395,0.50769,0.333333,0.2,0.205128,1,0.166667,1
0,790,-0.0871177,-0.184535,-0.0379687,0.25,0.142857,0.0865385,1,0,0.1
0,790,0.223268,0.631949,1.47357,0.5,0.5,0.0967742,1,0.666667,0.2
0,790,-0.706807,0.241725,-0.63367,0.111111,0.2,0.151515,1,0.666667,0.3
0,790,-0.39187,0.590947,0.381726,0.166667,0.333333,0.111111,1,0.666667,0.4
0,790,-0.639389,0.322214,-0.232248,0.125,0.25,0.111111,1,0.666667,0.5
0,790,-0.730337,-1.26393,-1.60635,0.1,0.111111,0.102941,0,0,0.6
1,790,-0.00453408,-1.71412,-0.384627,0.333333,0.1,0.153846,0,0,0.7
1,790,2.85542,2.05618,1.94165,1,1,0.25,1,0,0.8
0,790,-0.431512,-0.513445,-0.851515,0.142857,0.125,0.101266,1,0.666667,0.9
0,790,-0.0871177,-0.166993,-0.0505754,0.2,0.166667,0.0857143,1,0,1
0,791,-0.509534,1.13752,0.225392,0.125,0.5,0.2,0,0.166667,0.1
0,791,-0.347895,1.47235,1.1051,0.2,1,0.153846,0,0.166667,0.2
0,791,-0.326198,0.211197,0.388343,0.25,0.2,0.184615,0,0,0.3
1,791,2.81386,0.548776,1.32932,1,0.25,0.107692,1,0,0.4
0,791,0.0164724,0.976108,1.07523,0.333333,0.333333,0.206349,0,0,0.5
0,791,-0.404495,-0.369617,-0.69258,0.142857,0.142857,0.183333,0,0,0.6
1,791,-0.4032,-1.45476,-0.88517,0.166667,0.111111,0.134831,1,0,0.7
0,791,-0.666924,-0.167255,-0.88517,0.111111,0.166667,0.171875,0,0,0.8
0,791,-0.722086,-1.48325,-1.88585,0.1,0.1,0.134328,0,0,0.9
0,791,0.550003,-0.87107,0.225392,0.5,0.125,0.12987,1,0,1
1,792,0.305555,-1.43688,-0.759091,0.25,0.1,0.05,0,0,0.1
0,792,1.14239,-0.738921,0.512845,0.5,0.142857,0.175,0,0,0.2
1,792,0.912716,0.718545,1.28203,0.333333,0.333333,0.184211,1,0.166667,0.3
0,792,-0.0112642,1.32969,1.0584,0.166667,1,0.0886076,0,0,0.4
0,792,-1.31027,-1.41815,-1.78804,0.111111,0.111111,0.0882353,0,0,0.5
0,792,0.220089,0.700721,0.463033,0.2,0.25,0.118644,0,0,0.6
0,792,-2.00314,1.07315,-0.198541,0.1,0.5,0.113636,0,0,0.7
0,792,1.32613,0.391758,1.0584,1,0.166667,0.123077,0,0,0.8
0,792,-0.46786,-1.05344,-1.31399,0.125,0.125,0.0985915,0,0,0.9
0,792,-0.114354,0.433522,-0.315045,0.142857,0.2,0.176471,1,0.166667,1
0,793,-0.439066,-0.632281,-0.588778,0.142857,0.142857,0.130435,1,0.666667,0.1
0,793,0.189904,1.77054,1.32674,0.333333,1,0.25,1,0.666667,0.2
0,793,-0.660587,-1.2127,-1.27003,0.125,0.1,0.121951,0,0,0.3
1,793,0.873967,0.510529,0.920419,0.5,0.25,0.230769,1,0.666667,0.4
0,793,2.52966,0.899707,1.32674,1,0.333333,0.121212,0,0,0.5
0,793,0.142336,1.38876,0.920419,0.25,0.5,0.233333,1,0.666667,0.6
0,793,-0.736371,-0.990494,-1.27486,0.111111,0.111111,0.0609756,0,0,0.7
0,793,-0.349901,-0.494261,0.139528,0.2,0.2,0.1,0,0,0.8
0,793,-0.397031,-0.6521,-0.583504,0.166667,0.125,0.157895,1,0.666667,0.9
1,793,-1.15291,-0.587703,-0.916673,0.1,0.166667,0.0517241,1,0,1
0,794,-0.811586,-0.912413,-1.29539,0.1,0.125,0.0769231,1,0.666667,0.1
0,794,-0.621912,0.0221507,0.348792,0.166667,0.333333,0.0945946,1,0.5,0.2
1,794,2.251,1.70563,1.56029,1,0.5,0.106383,0,0,0.3
0,794,-0.722926,-0.981862,-1.29539,0.125,0.1,0.0693069,1,0.5,0.4
0,794,0.0983537,-0.92982,-0.384583,0.25,0.111111,0.0645161,0,0.166667,0.5
0,794,-0.795125,-0.305809,-0.767523,0.111111,0.166667,0.0895522,1,0.5,0.6
0,794,0.23446,-0.063932,0.731733,0.333333,0.25,0.15,0,0.166667,0.7
0,794,-0.389561,-0.128112,0.142313,0.2,0.2,0.137255,1,1.16667,0.8
1,794,1.43447,2.03088,1.56029,0.5,1,0.131579,1,0.5,0.9
0,794,-0.67718,-0.436714,-0.60053,0.142857,0.142857,0.112903,1,0.5,1
0,795,-0.0194628,-0.847484,-1.04748,0.2,0.111111,0.131579,0,0,0.1
0,795,-0.952571,1.35354,0.428602,0.111111,1,0.190476,1,0.166667,0.2
0,795,-0.577375,0.213578,-0.755552,0.142857,0.166667,0.120482,1,0.166667,0.3
0,795,1.80783,0.270874,2.08527,1,0.25,0.224138,0,0,0.4
1,795,1.79719,-0.728377,0.67472,0.5,0.142857,0.123457,0,0,0.5
0,795,-0.898527,1.33234,0.353568,0.125,0.5,0.145161,1,0.166667,0.6
0,795,-0.391097,0.878895,0.631009,0.166667,0.333333,0.121951,1,0.166667,0.7
0,795,0.107658,-1.88781,-0.998692,0.25,0.1,0.116667,1,0,0.8
1,795,0.236678,-0.801359,-0.0210268,0.333333,0.125,0.136986,0,0,0.9
0,795,-1.11032,0.215797,-1.35042,0.1,0.2,0.1,0,0,1
1,796,-0.541238,-1.35419,-1.55752,0.142857,0.111111,0.0757576,0,0,0.1
0,796,-0.139149,0.399539,0.233218,0.2,0.2,0.107692,0,0,0.2
0,796,1.96733,0.256589,0.961634,1,0.142857,0.172414,0,0,0.3
0,796,0.243278,0.337309,0.242873,0.25,0.166667,0.0555556,0,0,0.4
1,796,1.45159,-1.54029,-0.236612,0.5,0.1,0.147059,1,0,0.5
0,796,0.459279,0.564215,1.86718,0.333333,0.5,0.0891089,0,0,0.6
0,796,-0.358573,0.461299,0.242873,0.166667,0.25,0.0648148,0,0,0.7
0,796,-1.11958,1.72332,0.388243,0.111111,1,0.185185,0,0,0.8
0,796,-0.725052,-1.31666,-1.56596,0.125,0.125,0.103448,0,0,0.9
0,796,-1.23788,0.468871,-0.575934,0.1,0.333333,0.142857,0,0,1
1,797,0.280893,1.04177,1.39737,0.333333,0.5,0.136364,1,0.5,0.1
0,797,-0.602253,-0.0283077,-0.915467,0.1,0.2,0.137255,0,0,0.2
0,797,-0.519595,0.1521,-0.0142544,0.125,0.333333,0.2,0,0,0.3
0,797,-0.555829,-1.40869,-1.80011,0.111111,0.1,0.102564,1,0.5,0.4
0,797,-0.428912,2.32563,1.41363,0.25,1,0.129032,1,0.5,0.5
0,797,0.414611,-0.629028,0.239689,0.5,0.125,0.183673,0,0,0.6
0,797,-0.439279,-0.249998,-0.0566758,0.2,0.166667,0.285714,0,0,0.7
1,797,2.82112,-0.364722,0.719672,1,0.142857,0.242424,1,0.5,0.8
0,797,-0.504248,-0.946101,-1.16563,0.142857,0.111111,0.181818,0,0,0.9
0,797,-0.466512,0.107354,0.181763,0.166667,0.25,0.205128,0,0,1
0,798,-0.750734,0.992896,-0.0153578,0.125,0.333333,0.0731707,0,0,0.1
0,798,0.212656,0.546952,0.70184,0.25,0.25,0.0684932,0,0.333333,0.2
0,798,-0.940211,-1.71255,-2.16072,0.1,0.1,0.0265487,0,0.333333,0.3
1,798,0.623958,-1.2841,-0.243126,0.333333,0.111111,0.0277778,1,0.166667,0.4
1,798,-0.530537,1.2976,1.26617,0.2,1,0.173913,1,0.166667,0.5
0,798,2.04704,-0.691817,0.540816,1,0.125,0.0833333,0,0,0.6
0,798,-0.62422,-0.0342674,-0.310174,0.166667,0.166667,0.0754717,0,0,0.7
0,798,1.4604,0.421921,0.983597,0.5,0.2,0.0821918,0,0,0.8
0,798,-0.725844,1.14938,0.492811,0.142857,0.5,0.0697674,1,0.5,0.9
0,798,-0.772504,-0.68602,-1.25586,0.111111,0.142857,0.027972,1,0.166667,1
0,799,-0.0781455,0.88095,0.550297,0.166667,0.5,0.0806452,1,0.666667,0.1
0,799,0.262621,0.46908,0.923005,0.333333,0.333333,0.113636,1,0.666667,0.2
1,799,2.39055,2.15584,1.75641,1,1,0.0352941,1,0,0.3
0,799,0.404721,0.336164,0.929411,0.5,0.25,0.034965,0,0,0.4
0,799,-0.139961,-0.413184,-0.59453,0.142857,0.142857,0.047619,0,0,0.5
0,799,-1.64897,-0.645553,-1.28244,0.1,0.125,0.0425532,1,0.666667,0.6
0,799,0.220324,-0.0308697,0.333364,0.25,0.2,0.0862069,0,0,0.7
1,799,-0.95153,-1.61663,-1.45309,0.111111,0.1,0.0425532,1,0.666667,0.8
0,799,-0.582049,-0.122762,-0.589205,0.125,0.166667,0.0431034,1,0.666667,0.9
0,799,0.12244,-1.01304,-0.573214,0.2,0.111111,0.0754717,0,0,1
1,800,1.26202,0.415774,1.20464,0.5,0.333333,0.118421,1,0.166667,0.1
0,800,-0.566199,-1.25985,-1.1819,0.142857,0.1,0.118644,1,1,0.2
0,800,0.518992,0.361208,0.773647,0.333333,0.25,0.0909091,1,0.166667,0.3
0,800,-0.790848,-0.944874,-1.36959,0.1,0.125,0.0983607,1,1,0.4
0,800,-0.533425,-0.913247,-0.242232,0.2,0.142857,0.111111,1,1,0.5
0,800,-0.746526,0.335008,-0.612164,0.111111,0.2,0.176471,1,1,0.6
0,800,-0.563081,-1.08497,-0.811488,0.166667,0.111111,0.107143,1,1,0.7
0,800,-0.742548,1.28146,0.206631,0.125,0.5,0.130435,1,1,0.8
0,800,-0.173257,-0.0476126,0.156693,0.25,0.166667,0.117647,1,1,0.9
1,800,2.33488,1.8571,1.87576,1,1,0.121622,1,0,1
1,801,2.09572,0.372912,1.57208,1,0.25,0.154762,1,0,0.1
0,801,-0.58856,0.441624,0.226264,0.142857,0.333333,0.123457,0,0,0.2
0,801,-0.916494,-0.329428,-1.76677,0.1,0.125,0.0952381,0,0,0.3
0,801,-0.235251,1.92733,1.57208,0.25,1,0.129412,0,0,0.4
1,801,1.6875,-2.22221,-0.196924,0.5,0.1,0.133333,0,0,0.5
0,801,-0.791434,0.201062,-0.789694,0.111111,0.2,0.1,0,0,0.6
0,801,-0.615689,0.539295,0.266554,0.125,0.5,0.106383,0,0.166667,0.7
0,801,0.282347,-0.157423,0.226264,0.333333,0.142857,0.108911,0,0,0.8
0,801,-0.536376,-0.739878,-1.04682,0.166667,0.111111,0.106383,0,0,0.9
0,801,-0.381761,-0.0332803,-0.0630282,0.2,0.166667,0.13253,0,0.166667,1
0,802,-0.238889,-0.313174,0.140575,0.2,0.2,0.0917431,1,1,0.1
0,802,-0.448581,-0.838635,-1.10422,0.142857,0.1,0.176471,1,1,0.2
0,802,-0.823802,-0.76598,-1.44984,0.1,0.111111,0.102941,1,1,0.3
1,802,2.81667,2.43146,1.75247,1,1,0.211268,1,0,0.4
0,802,0.149037,-0.0713659,0.722798,0.333333,0.25,0.175439,1,1,0.5
1,802,0.32666,1.11954,1.33,0.5,0.5,0.11,1,1,0.6
0,802,-0.340336,-0.481572,-0.23187,0.166667,0.166667,0.0762712,0,0,0.7
0,802,-0.802558,-0.75889,-1.11417,0.111111,0.125,0.103896,1,1,0.8
0,802,-0.454964,0.378743,-0.0114807,0.125,0.333333,0.0957447,1,1,0.9
0,802,-0.183239,-0.700124,-0.0342693,0.25,0.142857,0.0672269,1,0,1
0,803,0.420336,-0.994961,-0.244046,0.333333,0.111111,0.0884956,1,0,0.1
0,803,-0.470208,-0.581082,-1.03198,0.142857,0.125,0.0442804,0,0,0.2
0,803,-0.552626,0.524003,0.259221,0.125,0.5,0.166667,0,0,0.3
0,803,-1.04143,0.15247,-1.01802,0.111111,0.166667,0.14,1,0,0.4
1,803,0.0181685,0.344914,0.446628,0.2,0.25,0.111111,0,0,0.5
0,803,0.0670156,-1.9291,-0.732198,0.25,0.1,0.115942,0,0,0.6
0,803,-1.0701,0.416126,-0.466143,0.1,0.333333,0.189189,0,0,0.7
0,803,0.437925,0.173741,0.987319,0.5,0.2,0.0780142,0,0,0.8
0,803,-0.399603,-0.179434,-0.553938,0.166667,0.142857,0.0580645,0,0,0.9
1,803,2.59053,2.07332,2.35316,1,1,0.131579,1,0,1
0,804,-0.842639,0.655257,-0.0137906,0.125,0.333333,0.0672269,0,0,0.1
0,804,-0.723093,0.775395,0.913269,0.166667,1,0.0833333,0,0,0.2
1,804,1.22201,-0.826489,0.0273657,0.5,0.111111,0.142857,1,0.333333,0.3
0,804,0.997498,0.77002,1.35191,0.333333,0.5,0.0542169,0,0,0.4
0,804,0.601099,0.521912,0.630219,0.25,0.25,0.0989011,0,0,0.5
0,804,1.73076,0.490941,1.13696,1,0.2,0.1,1,0.333333,0.6
1,804,-1.01444,-2.64414,-1.74154,0.111111,0.1,0.0606061,1,0,0.7
0,804,-0.050645,0.409174,-0.0548317,0.2,0.166667,0.112676,0,0,0.8
0,804,-0.80859,-0.144908,-0.923177,0.142857,0.125,0.0769231,0,0,0.9
0,804,-1.11196,-0.00715857,-1.32638,0.1,0.142857,0.0776699,1,0.333333,1
0,805,-0.656403,-0.175214,-0.748202,0.125,0.166667,0.107143,0,0,0.1
1,805,-0.631635,-2.17892,-1.40534,0.142857,0.1,0.0632911,1,0,0.2
0,805,0.823974,-0.506188,-0.0146115,0.333333,0.125,0.0784314,0,0,0.3
0,805,-0.877883,1.09305,0.0289948,0.111111,0.5,0.0714286,0,0.166667,0.4
0,805,-0.168039,0.311495,0.17891,0.2,0.2,0.103448,0,0,0.5
1,805,2.26585,0.720301,1.70123,1,0.333333,0.126582,1,0.5,0.6
0,805,0.0250675,-0.850379,-0.483483,0.25,0.111111,0.101449,0,0.166667,0.7
0,805,-0.503155,1.3852,0.967636,0.166667,1,0.0729167,1,0.5,0.8
0,805,0.925511,0.596664,1.18021,0.5,0.25,0.148936,1,0.333333,0.9
0,805,-1.20328,-0.396016,-1.40534,0.1,0.142857,0.0595238,0,0,1
0,806,-0.497882,-0.0299419,-0.237865,0.166667,0.166667,0.125,1,0.666667,0.1
0,806,-0.206775,0.0913738,0.538225,0.25,0.25,0.0888889,1,0.666667,0.2
0,806,-0.302885,-1.11927,-0.756396,0.2,0.1,0.0701754,0,0,0.3
1,806,2.87913,2.2837,1.79778,1,1,0.0724638,0,0,0.4
0,806,-0.538594,-0.933863,-0.968303,0.125,0.125,0.0731707,1,0.666667,0.5
0,806,-0.546324,-0.745798,-0.963089,0.111111,0.142857,0.06,1,0.666667,0.6
1,806,-0.0807083,0.0694203,0.544479,0.333333,0.2,0.0727273,1,0.833333,0.7
0,806,-0.57667,-0.98493,-1.48732,0.1,0.111111,0.0645161,0,0,0.8
0,806,-0.507512,0.98629,0.377925,0.142857,0.5,0.0857143,1,0.166667,0.9
0,806,0.378221,0.383019,1.15457,0.5,0.333333,0.0740741,0,0,1
0,807,-0.37306,1.32103,0.677051,0.142857,1,0.025974,1,0.833333,0.1
1,807,1.06409,0.251265,0.85886,0.5,0.2,0.0434783,1,0,0.2
1,807,2.13173,1.28287,1.80026,1,0.5,0.133333,1,0.833333,0.3
0,807,-1.261,-0.511885,-1.0966,0.111111,0.142857,0.0555556,1,0.833333,0.4
0,807,0.243167,-1.39462,-0.443732,0.25,0.111111,0.0491803,0,0,0.5
0,807,0.377458,-0.114286,0.402436,0.333333,0.166667,0.04,1,0.833333,0.6
0,807,-0.265831,1.08596,0.402436,0.166667,0.333333,0.025,1,0.833333,0.7
0,807,-1.39293,-1.67577,-1.8867,0.1,0.1,0.0540541,0,0,0.8
0,807,0.0878398,-0.515054,-0.469166,0.2,0.125,0.03,0,0,0.9
0,807,-0.611478,0.270496,-0.244849,0.125,0.25,0.0196078,1,0.833333,1
0,808,-0.139757,0.925013,0.624441,0.2,0.333333,0.267857,1,0.833333,0.1
1,808,2.74264,0.376605,1.33954,1,0.25,0.24,0,0,0.2
1,808,0.206946,-0.399334,-0.0135072,0.333333,0.125,0.283019,1,0.833333,0.3
0,808,-0.476447,-0.379848,-0.272798,0.166667,0.166667,0.214286,1,0.833333,0.4
0,808,0.476266,1.86302,1.81328,0.5,1,0.384615,1,0.833333,0.5
0,808,-0.722183,-0.383536,-0.904207,0.125,0.142857,0.245614,1,0.833333,0.6
0,808,-0.803211,-0.211696,-0.86748,0.1,0.2,0.26,0,0.166667,0.7
0,808,-0.0413207,-1.7314,-0.64154,0.25,0.1,0.183099,1,0,0.8
0,808,-0.519258,0.979676,0.433427,0.142857,0.5,0.318182,1,0.833333,0.9
0,808,-0.723674,-1.0385,-1.51115,0.111111,0.111111,0.25,0,0.166667,1
0,809,-0.600328,-0.632333,-0.773154,0.142857,0.125,0.12,0,0,0.1
0,809,-0.934859,-0.592003,-0.929089,0.1,0.166667,0.0438596,0,0,0.2
0,809,-0.203343,-0.456359,0.334611,0.25,0.2,0.137255,0,0,0.3
1,809,-0.389881,0.200393,0.346598,0.166667,0.333333,0.208333,1,0.333333,0.4
0,809,1.66908,1.50536,1.33797,0.5,0.5,0.204082,1,0.333333,0.5
0,809,-0.902812,-0.625049,-0.944442,0.111111,0.142857,0.0847458,0,0,0.6
0,809,-0.350652,-0.648033,-0.575357,0.2,0.111111,0.101449,0,0,0.7
1,809,1.89853,2.30144,1.76297,1,1,0.15873,1,0,0.8
0,809,-0.876053,-0.717822,-1.28724,0.125,0.1,0.108696,0,0,0.9
0,809,0.690311,-0.335594,0.72713,0.333333,0.25,0.145455,1,0.333333,1
1,810,1.61517,-0.492215,0.953047,1,0.142857,0.0888889,1,0,0.1
0,810,-0.0439883,0.771614,1.20897,0.2,0.5,0.106383,1,0.666667,0.2
0,810,-0.902069,2.19754,0.664733,0.125,1,0.190476,1,0.666667,0.3
0,810,-0.0618881,-0.127994,-0.0750545,0.166667,0.2,0.0537634,0,0,0.4
0,810,0.553924,-1.19786,-0.570791,0.333333,0.1,0.0434783,0,0,0.5
0,810,-1.47599,0.633133,-0.570791,0.1,0.333333,0.046875,1,0,0.6
0,810,1.43571,0.562518,1.52473,0.5,0.25,0.139535,1,0.666667,0.7
1,810,-0.297025,-0.3442,-0.678295,0.142857,0.166667,0.056338,1,0.666667,0.8
0,810,0.481807,-1.1446,-0.624616,0.25,0.111111,0.0649351,0,0,0.9
0,810,-1.30565,-0.857936,-1.83193,0.111111,0.125,0.0555556,1,0.666667,1
0,811,-0.306274,0.278675,0.402546,0.2,0.25,0.047619,1,0.833333,0.1
0,811,-0.401363,1.49859,0.920144,0.166667,1,0.171429,1,0.833333,0.2
0,811,-0.109517,1.32226,1.12229,0.25,0.5,0.0886076,1,0.833333,0.3
1,811,-0.0779142,1.15397,1.11455,0.333333,0.333333,0.0769231,1,0.833333,0.4
0,811,-0.837595,-1.04496,-1.75465,0.1,0.111111,0.0704225,0,0,0.5
0,811,-0.469124,-1.27926,-1.33637,0.142857,0.1,0.142857,0,0,0.6
0,811,-0.614955,0.2129,-0.486106,0.125,0.2,0.0857143,1,0.833333,0.7
1,811,2.71535,-0.825982,0.701498,1,0.142857,0.0869565,0,0.166667,0.8
0,811,-0.673514,-0.28772,-0.917544,0.111111,0.166667,0.0740741,1,0.833333,0.9
0,811,0.774906,-1.02847,0.233636,0.5,0.125,0.111111,0,0.166667,1
0,812,-0.923425,-1.47267,-1.21501,0.125,0.1,0.184615,0,0.166667,0.1
0,812,-0.437621,-0.481203,-0.729773,0.142857,0.125,0.188406,1,0.666667,0.2
0,812,0.711256,0.748891,1.06868,0.333333,0.5,0.176471,1,0.833333,0.3
0,812,-1.28012,-1.13198,-1.37669,0.1,0.111111,0.147541,0,0,0.4
0,812,-0.288563,-0.386626,-0.220172,0.166667,0.166667,0.179487,0,0,0.5
0,812,-1.0643,-0.474729,-0.89145,0.111111,0.142857,0.11236,1,0.5,0.6
0,812,2.20378,2.2088,1.66405,1,1,0.378378,1,0.166667,0.7
0,812,-0.082792,0.254387,0.315836,0.2,0.25,0.17284,1,0.333333,0.8
1,812,0.749439,0.658166,1.06868,0.5,0.333333,0.304348,0,0.333333,0.9
1,812,0.412354,0.0769729,0.315836,0.25,0.2,0.232143,1,0.666667,1
0,813,-1.12943,0.333764,-0.791397,0.1,0.25,0.162791,0,0.166667,0.1
1,813,1.62119,0.823945,1.63343,0.5,0.333333,0.183099,0,0,0.2
0,813,-0.724539,0.857786,0.0330643,0.111111,0.5,0.181818,1,0.5,0.3
0,813,-0.290536,-0.979364,-0.83006,0.2,0.111111,0.138462,1,0.5,0.4
0,813,-0.659953,-0.969066,-1.36991,0.125,0.125,0.131148,1,0.333333,0.5
1,813,2.14608,-1.47994,0.0995839,1,0.1,0.119403,1,0,0.6
0,813,-0.297219,0.0826818,-0.0662499,0.166667,0.2,0.0967742,0,0,0.7
0,813,-0.184679,-0.404232,-0.0497361,0.25,0.142857,0.0825688,1,0.666667,0.8
0,813,-0.562537,-0.297061,-0.598724,0.142857,0.166667,0.107143,1,0.5,0.9
0,813,0.0816166,2.03149,1.94,0.333333,1,0.0925926,0,0,1
0,814,0.11608,0.236508,0.539133,0.333333,0.2,0.189189,0,0.166667,0.1
0,814,-0.0152483,1.23002,0.941965,0.25,0.5,0.135593,0,0,0.2
0,814,-0.708434,-1.61546,-1.29976,0.125,0.1,0.118644,0,0.333333,0.3
0,814,-0.139536,1.36383,0.961462,0.2,1,0.152174,0,0.333333,0.4
0,814,-0.678943,-1.10605,-0.953633,0.142857,0.111111,0.109375,0,0.333333,0.5
0,814,-1.04747,-0.824961,-1.29976,0.1,0.125,0.122449,0,0,0.6
0,814,1.07794,1.07342,1.14323,0.5,0.333333,0.2,0,0.333333,0.7
1,814,2.46995,0.638438,1.15653,1,0.25,0.3,0,0.666667,0.8
0,814,-0.354011,-0.467471,-0.23553,0.166667,0.166667,0.103896,0,0.5,0.9
1,814,-0.720332,-0.528281,-0.953633,0.111111,0.142857,0.08,0,0.666667,1
0,815,0.140932,0.241023,0.729971,0.333333,0.25,0.177778,1,0.333333,0.1
0,815,-0.632834,0.97652,-0.0115946,0.125,0.333333,0.21875,1,0.333333,0.2
1,815,1.54614,1.18715,1.3432,0.5,0.5,0.183333,0,0,0.3
0,815,-0.432708,-1.4059,-0.577605,0.2,0.111111,0.0833333,0,0,0.4
0,815,-0.523382,-0.332326,-0.599085,0.142857,0.142857,0.108108,0,0,0.5
0,815,-0.36647,-0.300498,0.147847,0.25,0.166667,0.156863,0,0,0.6
0,815,-0.85016,-0.429205,-1.29227,0.1,0.125,0.109091,0,0,0.7
1,815,2.27763,1.62519,1.76986,1,1,0.192308,0,0,0.8
0,815,-0.503806,0.0425502,-0.0461006,0.166667,0.2,0.111111,0,0,0.9
0,815,-0.655339,-1.60451,-1.46422,0.111111,0.1,0.0526316,1,0.333333,1
0,816,-0.751405,0.484346,-0.270434,0.125,0.25,0.186047,0,0,0.1
0,816,-1.12265,0.549753,-0.447866,0.1,0.333333,0.122449,0,0,0.2
0,816,-0.508289,0.350037,-0.0588908,0.166667,0.2,0.0918367,0,0,0.3
0,816,-0.471119,-0.115305,-0.0588908,0.2,0.166667,0.0989011,0,0,0.4
0,816,0.362263,1.75008,1.46888,0.25,1,0.111111,0,0,0.5
0,816,-0.519451,-0.782023,-0.991518,0.142857,0.125,0.140351,0,0,0.6
1,816,1.35664,0.964791,1.71585,0.5,0.5,0.217391,0,0,0.7
0,816,-1.00883,-1.60631,-1.87046,0.111111,0.1,0.1,0,0,0.8
0,816,0.664313,-0.13838,0.211411,0.333333,0.142857,0.166667,1,0,0.9
1,816,1.99854,-1.45699,0.301911,1,0.111111,0.0803571,1,0,1
0,817,0.697075,-1.57656,-0.442394,0.333333,0.1,0.192308,0,0,0.1
0,817,-0.915619,0.412416,-0.26713,0.125,0.25,0.106383,1,0.833333,0.2
0,817,-1.72229,0.372272,-0.939623,0.1,0.2,0.0454545,0,0,0.3
0,817,1.15627,0.526194,1.70343,1,0.333333,0.148936,1,0.333333,0.4
0,817,-0.653576,1.60069,0.738662,0.142857,1,0.0769231,1,0.5,0.5
0,817,0.616628,0.316932,-0.0581713,0.2,0.166667,0.134615,0,0.5,0.6
0,817,0.6434,-1.35767,-0.484111,0.25,0.111111,0.185185,0,0.5,0.7
0,817,0.981193,1.09126,1.69489,0.5,0.5,0.084507,1,0.666667,0.8
1,817,-1.36744,-1.06172,-1.41984,0.111111,0.125,0.0655738,1,0,0.9
1,817,0.564353,-0.323818,-0.525715,0.166667,0.142857,0.15,1,0,1
0,818,0.564494,-1.01617,-0.252975,0.25,0.125,0.0515464,0,0,0.1
0,818,-0.873861,0.42962,-0.27312,0.142857,0.2,0.0769231,0,0,0.2
0,818,-0.916653,0.94879,-0.0138553,0.125,0.333333,0.0714286,0,0,0.3
0,818,1.72819,-0.408981,0.699523,1,0.142857,0.078125,1,0.166667,0.4
1,818,0.833487,-0.169496,0.415794,0.333333,0.166667,0.0555556,1,0.166667,0.5
0,818,1.29091,0.826304,1.11913,0.5,0.25,0.0813953,0,0,0.6
0,818,-0.370521,1.06673,0.662627,0.166667,0.5,0.104167,0,0,0.7
1,818,0.0204549,1.24412,1.14229,0.2,1,0.101695,1,0,0.8
0,818,-1.11918,-1.29887,-1.55009,0.111111,0.111111,0.0533333,0,0,0.9
0,818,-1.15732,-1.62205,-1.94932,0.1,0.1,0.047619,0,0,1
0,819,-0.324042,-1.07749,-0.583654,0.2,0.111111,0.0759494,0,0.166667,0.1
0,819,-0.583661,-0.560566,-0.605359,0.142857,0.142857,0.0704225,0,0,0.2
0,819,-0.746356,-0.872024,-0.963248,0.125,0.125,0.0480769,0,0,0.3
0,819,-1.20602,-1.14632,-1.64835,0.1,0.1,0.0857143,0,0.166667,0.4
0,819,1.11836,-0.166144,0.75036,0.5,0.2,0.0985915,0,0,0.5
0,819,-1.1316,0.264529,-0.387675,0.111111,0.25,0.157895,0,0,0.6
0,819,0.551488,0.362429,0.737616,0.25,0.333333,0.0909091,0,0,0.7
1,819,0.786458,1.8121,1.36411,0.333333,1,0.12069,0,0.166667,0.8
0,819,-0.438588,-0.303418,-0.236624,0.166667,0.166667,0.0631579,0,0.166667,0.9
1,819,1.97397,1.6869,1.57283,1,0.5,0.184211,0,0,1
0,820,-0.50494,0.875777,0.18817,0.142857,0.333333,0.148936,0,0,0.1
0,820,0.422311,0.296899,0.168104,0.25,0.166667,0.126984,0,0,0.2
0,820,-1.08377,-0.691227,-1.27939,0.111111,0.125,0.0833333,0,0,0.3
0,820,0.247807,0.444064,0.161422,0.2,0.2,0.109589,0,0,0.4
0,820,1.52684,1.01595,1.52723,0.5,0.5,0.075188,0,0,0.5
0,820,-0.319605,0.631585,0.168104,0.166667,0.25,0.109375,0,0,0.6
0,820,-0.920174,-0.347247,-0.88252,0.125,0.142857,0.0522388,0,0,0.7
1,820,-1.47713,-1.43549,-1.66484,0.1,0.111111,0.121951,0,0,0.8
1,820,1.62243,-1.90269,0.0787908,1,0.1,0.129032,1,0,0.9
0,820,0.486229,1.11238,1.53493,0.333333,1,0.128571,0,0,1
0,821,0.998939,-0.55828,0.194999,0.333333,0.142857,0.0505051,0,0,0.1
0,821,-1.20182,-0.43521,-0.877398,0.1,0.2,0.0446429,1,1.16667,0.2
0,821,0.558274,-0.809971,-0.680575,0.2,0.111111,0.0645161,0,0,0.3
0,821,-0.764733,-0.875634,-1.099,0.166667,0.1,0.0462963,1,1.16667,0.4
0,821,-0.799051,0.99449,0.194999,0.142857,0.333333,0.111111,1,1.16667,0.5
0,821,-1.09556,-0.38378,-0.452052,0.111111,0.25,0.0378788,1,1.16667,0.6
0,821,-1.01269,-0.504683,-0.699561,0.125,0.166667,0.0615385,1,1.16667,0.7
1,821,1.1288,2.24127,1.83401,0.5,1,0.101695,1,1.16667,0.8
1,821,1.34833,1.06223,1.83401,1,0.5,0.0985915,1,1.16667,0.9
0,821,0.839509,-0.730426,-0.249439,0.25,0.125,0.0652174,1,1.16667,1
0,822,-0.782014,-1.99781,-1.12157,0.142857,0.1,0.0952381,0,0,0.1
0,822,-0.781099,-0.167346,-0.235514,0.166667,0.166667,0.0625,0,0,0.2
0,822,-0.812024,-0.35283,-0.953569,0.111111,0.142857,0.0655738,0,0,0.3
0,822,1.24567,1.86399,1.56545,0.5,1,0.166667,0,0,0.4
0,822,-0.923489,-0.0647394,-0.748919,0.1,0.2,0.0491803,1,0.833333,0.5
0,822,-0.734522,0.377426,0.337844,0.2,0.25,0.0727273,0,0.166667,0.6
0,822,1.59923,1.11396,1.56545,1,0.5,0.0632911,1,0.333333,0.7
1,822,0.864806,-0.531663,-0.212914,0.25,0.125,0.0508475,1,0.333333,0.8
1,822,1.11492,0.463707,0.935409,0.333333,0.333333,0.131579,1,0.333333,0.9
0,822,-0.791477,-0.704694,-1.13167,0.125,0.111111,0.0645161,1,0.333333,1
0,823,-0.271682,-0.368463,0.136985,0.2,0.2,0.12,0,0.166667,0.1
0,823,-0.531908,-0.462809,-0.919794,0.125,0.125,0.125,0,0,0.2
0,823,-0.73789,-0.851775,-1.41281,0.1,0.111111,0.0941176,0,0,0.3
1,823,-0.0902176,-0.459092,0.159685,0.333333,0.142857,0.128713,0,0,0.4
1,823,2.88232,2.55184,1.70772,1,1,0.224138,1,0,0.5
0,823,-0.285672,-0.127097,0.142656,0.166667,0.25,0.152778,0,0,0.6
0,823,-0.149675,0.907781,0.903647,0.25,0.5,0.157143,0,0,0.7
0,823,0.272341,0.282409,1.09673,0.5,0.333333,0.1875,0,0,0.8
0,823,-0.625177,-1.05051,-1.41281,0.111111,0.1,0.138889,0,0,0.9
0,823,-0.462438,-0.422286,-0.401999,0.142857,0.166667,0.117647,0,0.166667,1
0,824,-0.147941,0.157415,0.506222,0.25,0.25,0.155844,0,0,0.1
0,824,-0.544191,-1.06484,-0.905825,0.142857,0.111111,0.137255,0,0,0.2
0,824,-0.357885,-0.59211,-0.567226,0.166667,0.125,0.115789,0,0,0.3
0,824,-0.657616,-0.0677477,-0.567226,0.125,0.166667,0.16,0,0,0.4
1,824,0.856799,0.93201,1.28326,0.5,0.5,0.222222,0,0,0.5
0,824,0.133105,0.114683,0.512105,0.333333,0.2,0.130435,1,0,0.6
0,824,-0.716539,-0.341777,-0.905825,0.111111,0.142857,0.101266,0,0,0.7
0,824,-0.886096,-1.54875,-1.55848,0.1,0.1,0.101266,0,0,0.8
0,824,-0.319509,0.161002,0.512105,0.2,0.333333,0.2,0,0,0.9
1,824,2.63987,2.25011,1.69089,1,1,0.339286,0,0,1
1,825,0.863723,0.312613,0.580656,0.333333,0.2,0.0816327,1,0.5,0.1
0,825,-0.126468,1.24984,0.83178,0.166667,1,0.0612245,1,0.5,0.2
0,825,-0.582712,-0.251342,-0.840804,0.125,0.142857,0.0410959,1,0.5,0.3
0,825,1.45268,0.388724,1.24561,1,0.25,0.0789474,1,0.166667,0.4
0,825,0.879587,0.134682,0.600685,0.5,0.166667,0.0909091,0,0.166667,0.5
0,825,0.279445,-0.374708,-0.439424,0.2,0.125,0.0634921,0,0.166667,0.6
1,825,0.720121,1.08095,1.01451,0.25,0.5,0.0416667,1,0.166667,0.7
0,825,-0.207765,0.913213,0.179276,0.142857,0.333333,0.06,1,0.5,0.8
0,825,-1.63931,-1.72698,-1.40519,0.111111,0.111111,0,0,0,0.9
0,825,-1.63931,-1.72698,-1.7671,0.1,0.1,0,0,0,1
0,826,-1.16706,-0.469197,-0.922774,0.1,0.166667,0.105263,0,0,0.1
0,826,-0.288117,-0.821743,-0.757511,0.166667,0.111111,0.117647,0,0,0.2
0,826,-0.598098,-0.570638,-0.9431,0.125,0.125,0.12766,0,0,0.3
1,826,1.76163,1.54825,1.32887,0.5,0.5,0.1625,1,0.166667,0.4
1,826,0.537916,1.83132,1.33557,0.333333,1,0.232558,1,0.333333,0.5
0,826,-0.501411,-0.469465,-0.592696,0.142857,0.142857,0.173077,1,0.166667,0.6
0,826,1.7976,0.22695,1.1376,1,0.25,0.186441,1,0.166667,0.7
0,826,-0.238689,0.616155,0.530307,0.2,0.333333,0.109589,1,0.166667,0.8
0,826,-1.10735,-1.4878,-1.44861,0.111111,0.1,0.0875,0,0,0.9
0,826,-0.19643,-0.403828,0.332336,0.25,0.2,0.147059,0,0,1
0,827,-1.3103,-1.3667,-1.55952,0.1,0.111111,0.0632911,0,0,0.1
0,827,-0.440594,-0.757596,-0.826693,0.142857,0.125,0.0619469,0,0,0.2
0,827,0.191705,0.823428,0.997486,0.25,0.5,0.0559441,0,0,0.3
1,827,0.248009,-1.50655,-0.373415,0.333333,0.1,0.16129,0,0,0.4
0,827,0.00851563,-0.052563,-0.0491011,0.2,0.166667,0.0754717,0,0,0.5
0,827,-0.400685,0.708809,0.370599,0.166667,0.333333,0.148936,0,0,0.6
1,827,2.51026,1.81604,1.88505,1,1,0.164179,1,0.333333,0.7
0,827,0.66609,0.689037,0.997486,0.5,0.25,0.205128,1,0.333333,0.8
0,827,-0.745613,0.190406,-0.615199,0.111111,0.2,0.105263,1,0.333333,0.9
0,827,-0.72739,-0.544317,-0.826693,0.125,0.142857,0.0631579,0,0,1
0,828,-0.684967,1.02748,0.426714,0.142857,0.5,0.0645161,0,0,0.1
0,828,0.931951,-0.24404,0.399069,0.333333,0.166667,0.0886076,0,0,0.2
0,828,-0.0444765,0.099231,0.385267,0.25,0.2,0.0704225,0,0,0.3
0,828,-0.957137,-0.312518,-1.08742,0.111111,0.142857,0.0350877,0,0,0.4
0,828,-0.750542,0.150141,-0.2428,0.125,0.25,0.117647,0,0,0.5
0,828,-0.262084,0.587623,0.399069,0.166667,0.333333,0.0520833,1,0,0.6
0,828,1.49748,-0.548428,0.223607,0.5,0.125,0.0769231,0,0,0.7
0,828,-0.256235,-1.37482,-0.66246,0.2,0.111111,0.108696,0,0,0.8
1,828,1.79038,2.04392,2.02987,1,1,0.212121,1,0,0.9
1,828,-1.26437,-1.42859,-1.87091,0.1,0.1,0.0555556,0,0,1
1,829,1.22186,1.84037,2.02816,1,1,0.103093,1,0.833333,0.1
0,829,1.19848,-0.892533,0.026366,0.5,0.111111,0.0615385,0,0,0.2
0,829,-1.26491,0.68695,-0.21034,0.111111,0.333333,0.0740741,1,0.666667,0.3
1,829,0.5767,0.718902,0.850957,0.2,0.5,0.109589,1,0,0.4
0,829,0.894476,0.618225,0.836505,0.333333,0.25,0.0621118,0,0.333333,0.5
0,829,-1.00078,-0.39478,-0.680367,0.125,0.166667,0.08,1,1,0.6
0,829,-0.778926,-0.452878,-0.686516,0.142857,0.142857,0.0860215,1,0.666667,0.7
0,829,-1.465,-0.657521,-1.48086,0.1,0.125,0.0744681,1,0.666667,0.8
0,829,0.752054,0.401653,0.384943,0.25,0.2,0.134328,1,0.833333,0.9
0,829,-0.133954,-1.86839,-1.06884,0.166667,0.1,0.0909091,0,0,1
1,830,2.62211,2.4824,1.8206,1,1,0.148649,1,0.166667,0.1
0,830,-0.568791,0.130768,-0.0356015,0.142857,0.25,0.1,1,0.833333,0.2
0,830,-0.363551,-0.0704388,-0.0356015,0.25,0.142857,0.0873786,1,0,0.3
0,830,-0.767647,-1.65189,-1.67803,0.1,0.1,0.102941,0,0,0.4
0,830,-0.623753,-0.741436,-1.33437,0.111111,0.111111,0.119403,1,0.833333,0.5
0,830,-0.516397,0.0689916,-0.0474221,0.166667,0.2,0.148148,1,0.833333,0.6
0,830,0.556492,0.302888,1.16922,0.333333,0.5,0.130435,1,0.833333,0.7
0,830,0.732483,-0.642555,0.200554,0.5,0.125,0.103896,1,0.166667,0.8
1,830,-0.489981,0.161672,0.551389,0.2,0.333333,0.177778,1,0.833333,0.9
0,830,-0.580967,-0.0404016,-0.610738,0.125,0.166667,0.125,1,0.833333,1
0,831,-0.690317,0.0375789,0.143293,0.166667,0.25,0.0757576,0,0,0.1
1,831,1.16635,0.727958,1.10163,0.5,0.333333,0.0714286,1,0,0.2
1,831,0.937979,1.81994,1.30839,0.333333,1,0.16,1,0.5,0.3
0,831,0.90844,-0.67206,-0.0335433,0.25,0.142857,0.133333,1,0.5,0.4
0,831,-0.72278,-0.898462,-0.918928,0.142857,0.111111,0.0923077,1,0.5,0.5
0,831,1.56354,1.61438,1.50858,1,0.5,0.09,0,0,0.6
0,831,-0.987414,-0.617204,-0.575431,0.125,0.166667,0.151515,1,0.333333,0.7
0,831,-1.12374,-0.702332,-1.25246,0.1,0.125,0.111111,1,0.333333,0.8
0,831,-1.11754,-1.18375,-1.41912,0.111111,0.1,0.106383,1,0.333333,0.9
0,831,0.0654752,-0.126046,0.137597,0.2,0.2,0.0666667,1,0.5,1
0,832,1.25913,1.22994,1.52024,0.5,0.5,0.0833333,0,0,0.1
0,832,-0.457947,-1.20326,-0.671976,0.166667,0.125,0.0379747,1,0.5,0.2
0,832,0.347247,0.643405,0.599707,0.25,0.25,0.0634921,1,0.5,0.3
1,832,-1.4052,-1.2127,-1.65722,0.1,0.111111,0.0294118,1,0.833333,0.4
1,832,-0.453765,0.710272,0.606676,0.2,0.333333,0.08,1,0.333333,0.5
0,832,-0.492796,-1.39617,-1.26217,0.142857,0.1,0.111111,0,0,0.6
0,832,2.11389,0.211787,1.08191,1,0.2,0.0958904,0,0,0.7
0,832,-0.528608,1.50685,0.462115,0.125,1,0.0347826,0,0,0.8
0,832,-0.839073,0.119264,-0.866598,0.111111,0.166667,0.0243902,1,0.333333,0.9
0,832,0.457115,-0.609388,0.187309,0.333333,0.142857,0.060241,1,0.5,1
0,833,-0.591852,0.250205,0.158209,0.166667,0.25,0.134615,1,1.33333,0.1
1,833,2.62129,-1.30554,0.252905,1,0.111111,0.125,1,0,0.2
0,833,-0.307043,0.85884,0.794627,0.2,0.5,0.0985915,1,1.33333,0.3
0,833,-0.637671,-0.576499,-1.20408,0.111111,0.125,0.102941,1,1.33333,0.4
0,833,0.14717,0.623551,0.995261,0.333333,0.333333,0.0930233,1,1.33333,0.5
0,833,0.971464,2.0351,1.66562,0.5,1,0.137931,1,1.33333,0.6
1,833,-0.284421,0.191284,0.359461,0.25,0.2,0.0972222,1,1.33333,0.7
0,833,-0.605772,-0.206184,-0.445827,0.142857,0.166667,0.127273,1,1.33333,0.8
0,833,-0.689707,-1.56926,-1.7456,0.1,0.1,0.0795455,1,1.33333,0.9
0,833,-0.623459,-0.301495,-0.830573,0.125,0.142857,0.109375,1,1.33333,1
0,834,-0.508686,0.618173,0.183168,0.142857,0.333333,0.111111,1,0.333333,0.1
0,834,-0.328141,-0.997497,-0.639283,0.2,0.111111,0.0833333,0,0.166667,0.2
0,834,0.196815,0.199122,0.586447,0.25,0.25,0.222222,1,0.333333,0.3
0,834,-0.967296,-0.486398,-0.859057,0.125,0.142857,0.0813953,0,0.166667,0.4
0,834,-0.994439,-0.188002,-0.639283,0.111111,0.2,0.132075,1,0.333333,0.5
0,834,1.85225,1.52684,1.72274,1,0.5,0.326923,1,0.333333,0.6
1,834,1.39394,1.83904,1.72274,0.5,1,0.340909,1,0.333333,0.7
0,834,-0.34728,-1.39288,-1.03232,0.166667,0.1,0.0884956,0,0,0.8
0,834,-1.18096,-0.431768,-1.03232,0.1,0.166667,0.0869565,1,0.333333,0.9
1,834,0.883803,-0.686627,-0.0128327,0.333333,0.125,0.111111,1,0.333333,1
0,835,-0.0879438,-0.414033,-0.0378844,0.25,0.142857,0.125,0,0.166667,0.1
1,835,1.90573,1.77003,1.70382,0.5,1,0.138889,1,0.166667,0.2
0,835,-0.707461,0.241673,-0.444034,0.125,0.2,0.0714286,0,0.166667,0.3
0,835,-0.34923,-0.453022,-0.444034,0.2,0.125,0.0769231,0,0,0.4
0,835,0.0122206,-0.0298725,0.380879,0.333333,0.166667,0.135135,0,0.166667,0.5
0,835,-0.78207,-1.15453,-1.60278,0.1,0.111111,0.0366972,0,0.333333,0.6
0,835,-0.6519,0.288806,-0.0378844,0.142857,0.25,0.102564,0,0.166667,0.7
0,835,-0.728671,0.495849,-0.200922,0.111111,0.333333,0.121212,1,0.166667,0.8
1,835,1.96059,1.12611,1.70382,1,0.5,0.121212,1,0,0.9
0,835,-0.571268,-1.87102,-1.02098,0.166667,0.1,0.0555556,0,0,1
0,836,-0.97037,-0.328134,-1.18011,0.111111,0.125,0.171429,0,0,0.1
1,836,2.28153,0.518561,1.20595,1,0.25,0.186047,0,0,0.2
0,836,0.431633,0.715538,0.975446,0.333333,0.333333,0.142857,1,0.5,0.3
0,836,0.170149,-2.46308,-0.577565,0.25,0.1,0.0545455,0,0,0.4
0,836,-0.789973,0.205623,-0.239707,0.142857,0.2,0.155556,1,0.166667,0.5
0,836,-0.999552,-0.17948,-1.16958,0.1,0.142857,0.157895,0,0,0.6
1,836,-0.365239,-0.150677,-0.245594,0.166667,0.166667,0.118644,1,0.333333,0.7
0,836,1.08059,1.0064,1.40872,0.5,0.5,0.15,0,0,0.8
0,836,-0.844667,-0.586137,-1.18011,0.125,0.111111,0.175,0,0.166667,0.9
0,836,0.0058978,1.26138,1.00255,0.2,1,0.2,1,0.5,1
1,837,2.11399,2.56326,2.4287,1,1,0.232558,1,0,0.1
0,837,-0.350469,-0.0479238,-0.0632617,0.166667,0.2,0.0487805,0,0,0.2
1,837,0.705511,-1.41925,-0.481107,0.333333,0.1,0.109589,0,0,0.3
0,837,-1.24382,-0.218669,-1.5303,0.1,0.142857,0.121212,0,0,0.4
0,837,-0.300505,0.170266,0.460965,0.2,0.25,0.0875,1,0,0.5
0,837,0.809674,-0.809087,0.031573,0.5,0.111111,0.0695652,1,0,0.6
0,837,-0.96422,0.403499,0.267542,0.125,0.5,0.0638298,0,0,0.7
0,837,-1.0459,0.201551,-0.25188,0.111111,0.333333,0.0722892,0,0,0.8
0,837,-0.389318,-0.669178,-1.06511,0.142857,0.125,0.0660377,0,0,0.9
0,837,0.665056,-0.174473,0.202884,0.25,0.166667,0.113208,0,0,1
0,838,-0.722308,-0.169322,-0.976838,0.125,0.166667,0.105263,1,0.333333,0.1
0,838,-0.913519,0.0586011,-0.301996,0.111111,0.333333,0.1875,1,0.833333,0.2
1,838,0.782931,-1.02303,-0.236981,0.5,0.1,0.177419,1,0.5,0.3
0,838,-0.229251,-0.248053,-0.376043,0.2,0.142857,0.142857,1,0.833333,0.4
1,838,2.46805,2.69453,2.91193,1,1,0.487805,1,1,0.5
0,838,-0.668486,-0.0380031,-0.0569423,0.142857,0.25,0.261905,1,0.5,0.6
0,838,-0.919654,0.44339,-0.236981,0.1,0.5,0.272727,1,0.833333,0.7
0,838,-0.554526,-0.0505221,-0.0758488,0.166667,0.2,0.222222,1,0.833333,0.8
0,838,0.362971,-0.769491,-0.348307,0.25,0.125,0.153846,1,0.333333,0.9
0,838,0.393794,-0.898104,-0.301996,0.333333,0.111111,0.163934,1,0.333333,1
0,839,-0.739076,0.206665,0.256151,0.125,0.5,0.2,1,0.666667,0.1
0,839,0.12106,-0.332588,-0.0152333,0.333333,0.125,0.186047,1,0.666667,0.2
0,839,-1.00775,0.0833911,-0.504058,0.111111,0.25,0.194444,0,0.166667,0.3
0,839,-0.152829,0.203457,0.704241,0.2,0.333333,0.0957447,1,0.666667,0.4
0,839,0.0439518,-0.206197,0.194246,0.25,0.166667,0.131579,1,0.666667,0.5
0,839,-0.626114,-0.090682,-0.300284,0.142857,0.2,0.119403,0,0.166667,0.6
0,839,-1.0308,-0.294686,-1.46515,0.1,0.142857,0.179487,0,0,0.7
1,839,2.10106,2.65447,2.32529,1,1,0.22807,1,0.666667,0.8
1,839,1.56627,-0.84561,0.0302287,0.5,0.111111,0.219512,1,0,0.9
0,839,-0.275777,-1.37822,-1.22543,0.166667,0.1,0.133333,0,0,1
0,840,1.51762,1.83355,1.59438,0.5,1,0.209302,1,0.666667,0.1
0,840,-0.760599,-0.669618,-0.976447,0.125,0.125,0.142857,0,0,0.2
1,840,-1.23362,-1.95305,-1.67094,0.1,0.1,0.15,1,0.833333,0.3
0,840,0.126846,-0.000538354,0.151443,0.25,0.166667,0.135593,0,0,0.4
0,840,-0.354007,1.00708,0.567997,0.166667,0.5,0.140351,0,0.166667,0.5
1,840,1.97587,0.149042,0.979162,1,0.2,0.16,1,0.666667,0.6
0,840,0.0768311,-0.0818643,-0.234115,0.2,0.142857,0.136364,1,0,0.7
0,840,0.330363,0.327231,0.747723,0.333333,0.25,0.184211,1,0.833333,0.8
0,840,-0.725707,0.414459,0.16952,0.142857,0.333333,0.179487,0,0.166667,0.9
0,840,-0.953593,-1.0263,-1.32873,0.111111,0.111111,0.145833,1,0.666667,1
1,841,2.09987,2.34183,1.99026,1,1,0.111111,1,0,0.1
1,841,0.591023,0.795154,1.05316,0.25,0.5,0.171429,1,0,0.2
0,841,-1.0643,-0.380054,-1.25405,0.1,0.142857,0.0769231,0,0,0.3
0,841,-0.543955,-1.04782,-0.861025,0.166667,0.111111,0.0746269,0,0,0.4
0,841,0.661208,-0.0527114,0.391283,0.333333,0.166667,0.0472441,1,0,0.5
0,841,0.333311,0.420615,0.602774,0.2,0.333333,0.0810811,0,0,0.6
0,841,-1.05913,0.0498926,-0.649534,0.111111,0.2,0.0645161,0,0.166667,0.7
0,841,-0.708816,-1.21064,-1.25405,0.142857,0.1,0.0810811,0,0,0.8
0,841,0.737679,-0.99366,0.219244,0.5,0.125,0.121212,0,0,0.9
0,841,-1.04689,0.077395,-0.238063,0.125,0.25,0.056338,0,0.166667,1
1,842,0.416467,1.66274,1.19451,0.25,1,0.3,1,1.16667,0.1
0,842,0.559463,-0.705199,-0.0120448,0.333333,0.125,0.217391,1,0.166667,0.2
0,842,0.204362,-0.857257,-0.795404,0.166667,0.111111,0.0892857,1,1.16667,0.3
0,842,0.250677,0.839718,0.556835,0.2,0.333333,0.310345,1,1.16667,0.4
0,842,-1.28301,-1.2466,-1.6946,0.1,0.1,0.106667,1,1.16667,0.5
1,842,1.44825,0.478571,0.972893,0.5,0.25,0.184615,1,1.33333,0.6
0,842,1.52495,1.57178,1.61696,1,0.5,0.277778,1,1.16667,0.7
0,842,-1.21775,-0.437765,-0.600031,0.111111,0.2,0.140351,1,1.16667,0.8
0,842,-0.800802,-0.650124,-0.432804,0.142857,0.166667,0.111111,1,1.16667,0.9
0,842,-1.1026,-0.655865,-0.806311,0.125,0.142857,0.242424,0,0,1
1,843,0.016388,-0.263964,-0.253629,0.2,0.142857,0.102564,1,0.166667,0.1
0,843,-0.749707,0.829889,-0.203687,0.111111,0.333333,0.107143,1,0,0.2
0,843,-0.48241,-0.0959065,-0.253629,0.142857,0.2,0.12766,0,0,0.3
0,843,2.50677,1.12902,1.72727,1,0.5,0.155172,0,0,0.4
0,843,-0.232717,1.96479,0.852074,0.166667,1,0.106667,0,0,0.5
1,843,-1.36737,-1.35914,-1.81021,0.1,0.1,0.0967742,1,0,0.6
0,843,0.127613,-0.626452,-0.234922,0.25,0.125,0.101449,0,0,0.7
0,843,0.542296,0.00972965,1.03926,0.5,0.25,0.101266,0,0,0.8
0,843,0.377116,-0.247786,0.386121,0.333333,0.166667,0.0714286,1,0.166667,0.9
0,843,-0.737985,-1.34019,-1.24865,0.125,0.111111,0.104478,0,0,1
1,844,-0.0428757,-0.974685,-0.0141052,0.333333,0.125,0.107692,1,0.166667,0.1
1,844,1.50764,1.44711,1.63403,0.5,0.5,0.0839695,1,0,0.2
0,844,-0.794728,0.563316,-0.223296,0.111111,0.333333,0.0721649,0,0.166667,0.3
0,844,2.29926,0.35528,1.39884,1,0.25,0.146667,0,0.166667,0.4
0,844,-0.920083,-0.897767,-1.35664,0.1,0.142857,0.0480769,1,0.333333,0.5
0,844,-0.608161,0.151639,-0.493481,0.125,0.2,0.0666667,0,0,0.6
0,844,-0.362138,1.77167,0.934104,0.166667,1,0.117647,1,0,0.7
0,844,-0.249697,-0.176552,0.17986,0.25,0.166667,0.0683761,1,0.166667,0.8
0,844,-0.577824,-1.16768,-1.35664,0.142857,0.1,0.0897436,0,0,0.9
0,844,-0.251396,-1.07233,-0.702672,0.2,0.111111,0.105263,0,0,1
0,845,-0.60415,-0.0177081,-0.944628,0.111111,0.142857,0.101695,0,0,0.1
0,845,0.251517,-0.689009,-0.382239,0.25,0.111111,0.059322,0,0,0.2
0,845,-0.308723,0.689228,0.552463,0.166667,0.5,0.0777778,1,0.5,0.3
0,845,-0.365271,0.0186502,-0.415088,0.142857,0.166667,0.0522388,0,0,0.4
1,845,1.32985,0.559915,1.13244,0.5,0.333333,0.157895,1,0.5,0.5
1,845,-1.87275,-2.50985,-1.62524,0.1,0.1,0.08,0,0,0.6
0,845,0.467709,0.383613,0.727273,0.333333,0.25,0.0735294,1,0.5,0.7
0,845,1.87561,1.49721,1.76332,1,1,0.233333,1,0.5,0.8
0,845,-0.261872,0.184978,0.141445,0.2,0.2,0.0777778,0,0,0.9
0,845,-0.511921,-0.117023,-0.949742,0.125,0.125,0.0882353,0,0,1
0,846,-0.431311,-0.278262,-0.438978,0.166667,0.142857,0.0555556,0,0,0.1
0,846,-0.140281,-0.33851,-0.223056,0.25,0.125,0.0684932,0,0,0.2
1,846,2.78842,2.72087,1.8648,1,1,0.186047,1,0.166667,0.3
1,846,-0.417502,-0.728635,-0.60859,0.2,0.111111,0.0625,1,0.333333,0.4
0,846,0.506166,0.0670239,1.19761,0.5,0.333333,0.0483871,0,0,0.5
0,846,-0.548609,-1.30953,-1.36159,0.125,0.1,0.0571429,0,0,0.6
0,846,-0.482658,-0.125262,-0.240818,0.142857,0.2,0.0519481,1,0.333333,0.7
0,846,-0.71806,-0.226454,-0.982755,0.1,0.166667,0.0652174,0,0,0.8
0,846,0.16027,0.287801,1.19761,0.333333,0.5,0.0769231,1,0.166667,0.9
0,846,-0.716434,-0.0690429,-0.404238,0.111111,0.25,0.0681818,1,0.333333,1
1,847,-1.28228,-2.44561,-1.82793,0.1,0.1,0.0714286,1,0.833333,0.1
0,847,-0.765077,-0.205465,-1.26087,0.111111,0.125,0.0609756,0,0,0.2
1,847,1.77965,-0.7492,0.0257819,0.5,0.111111,0.142857,1,0,0.3
0,847,-0.600456,0.339644,0.165671,0.166667,0.25,0.0454545,1,0.833333,0.4
0,847,0.116985,1.22071,1.28849,0.25,1,0.0512821,1,0.833333,0.5
0,847,-0.643509,-0.0686632,-0.671308,0.142857,0.142857,0.078125,1,0.833333,0.6
0,847,0.218802,1.20921,1.27366,0.333333,0.5,0.111111,1,0.833333,0.7
0,847,-0.676995,0.0762593,-0.454551,0.125,0.2,0.0462963,1,0.833333,0.8
0,847,0.0342157,0.579073,0.600644,0.2,0.333333,0.0923077,0,0,0.9
0,847,1.81867,0.0440439,0.860413,1,0.166667,0.0923077,0,0,1
0,848,-0.86595,-0.229207,-0.406484,0.111111,0.25,0.0697674,1,0.166667,0.1
0,848,1.80731,0.732566,1.43029,1,0.333333,0.114754,0,0,0.2
0,848,-0.67394,-0.494795,-0.242156,0.142857,0.2,0.0625,0,0,0.3
1,848,-0.163128,-0.673294,-0.429783,0.2,0.125,0.0675676,1,0.166667,0.4
0,848,-1.28686,-0.516081,-0.988216,0.1,0.166667,0.037037,0,0.166667,0.5
0,848,1.24845,2.02043,1.64914,0.5,1,0.285714,1,0.166667,0.6
1,848,1.13391,1.54704,1.20427,0.333333,0.5,0.2,1,0.166667,0.7
0,848,-0.840017,-0.775307,-1.19217,0.125,0.111111,0.0714286,0,0.166667,0.8
0,848,0.160842,-0.616565,-0.0366686,0.25,0.142857,0.147059,0,0.166667,0.9
0,848,-0.520617,-0.994788,-0.988216,0.166667,0.1,0.0869565,1,0.166667,1
1,849,2.86971,2.1491,2.28256,1,1,0.125,1,0.833333,0.1
0,849,-0.211372,-0.945053,-0.494796,0.25,0.111111,0.0315789,0,0,0.2
0,849,-0.525854,0.00122633,-0.494796,0.111111,0.25,0.0491803,1,0.666667,0.3
0,849,-0.446567,-1.47772,-1.66662,0.125,0.1,0.047619,1,0.833333,0.4
0,849,-0.323138,1.22805,0.957698,0.2,0.5,0.09375,1,0.666667,0.5
0,849,-0.0523679,-0.464353,0.213437,0.333333,0.142857,0.0508475,1,0.166667,0.6
0,849,0.337386,-0.480815,0.251444,0.5,0.125,0.0666667,0,0,0.7
0,849,-0.428139,-0.419939,-0.537319,0.142857,0.166667,0.0508475,0,0,0.8
0,849,-0.390697,-0.00677514,-0.0594552,0.166667,0.2,0.0769231,1,0.666667,0.9
1,849,-0.828964,0.416281,-0.452158,0.1,0.333333,0.0192308,0,0.166667,1
0,850,-0.40671,0.421294,1.28187,0.333333,0.5,0.142857,1,1.33333,0.1
0,850,-0.420919,0.0732025,-0.863511,0.166667,0.111111,0.137931,1,1.33333,0.2
0,850,-0.431227,0.174912,-0.863511,0.111111,0.166667,0.131148,1,1.33333,0.3
0,850,-0.413882,0.305947,0.823244,0.25,0.333333,0.140351,1,1.33333,0.4
0,850,-0.427823,0.148998,-0.875352,0.125,0.142857,0.133333,1,1.33333,0.5
0,850,-0.420919,0.266673,-0.257761,0.142857,0.2,0.133333,1,1.33333,0.6
0,850,-0.413882,0.301719,0.37884,0.2,0.25,0.137931,1,1.33333,0.7
1,850,0.801921,1.09103,1.75542,0.5,1,0.155172,1,1.33333,0.8
0,850,-0.643511,0.0986735,-1.45739,0.1,0.125,0.117647,1,1.33333,0.9
1,850,2.77695,-2.88245,0.0781509,1,0.1,0.0895522,0,0,1
0,851,-0.199408,0.332688,0.44893,0.2,0.25,0.170213,1,0.666667,0.1
1,851,2.46063,2.02054,2.36529,1,1,0.292683,0,0,0.2
0,851,-0.83271,0.526947,-0.245304,0.111111,0.333333,0.125,1,0.666667,0.3
0,851,-0.567318,0.780857,0.497225,0.142857,0.5,0.109589,0,0.166667,0.4
0,851,0.326605,-0.435469,-0.282921,0.25,0.125,0.188679,0,0,0.5
0,851,-0.398529,-0.219094,-0.312953,0.166667,0.166667,0.186047,1,0.666667,0.6
1,851,0.747668,-0.388838,0.497225,0.5,0.142857,0.0909091,1,0,0.7
0,851,0.391775,-1.66136,-0.468546,0.333333,0.1,0.145455,0,0,0.8
0,851,-0.802631,-1.28843,-1.50378,0.125,0.111111,0.130435,1,0.833333,0.9
0,851,-1.12608,0.332163,-0.995169,0.1,0.2,0.1,1,0.666667,1
0,852,-0.434487,-0.193636,0.136272,0.2,0.2,0.121951,1,0.333333,0.1
0,852,-0.668899,-0.957599,-0.910076,0.142857,0.111111,0.0909091,1,0.5,0.2
1,852,1.7947,1.68789,1.28928,0.5,0.5,0.0839161,0,0,0.3
0,852,-0.830326,-0.512663,-1.07041,0.1,0.142857,0.0491803,1,0.5,0.4
0,852,-0.78329,-0.464592,-0.734943,0.111111,0.166667,0.0634921,1,0.5,0.5
1,852,1.95148,1.80191,1.69882,1,1,0.15,1,0,0.6
0,852,0.424447,0.668312,0.892744,0.333333,0.333333,0.075,1,0,0.7
0,852,-0.54635,-0.711278,-0.569887,0.166667,0.125,0.0666667,1,0.5,0.8
0,852,-0.719483,-1.22902,-1.2404,0.125,0.1,0.097561,1,0.333333,0.9
0,852,-0.187796,-0.0893189,0.508598,0.25,0.25,0.102041,1,0.333333,1
1,853,0.243826,0.0147052,0.550552,0.2,0.25,0.111111,1,0.666667,0.1
0,853,0.929054,2.52924,2.21253,0.333333,1,0.142857,1,0.666667,0.2
0,853,1.825,-0.665821,0.669179,1,0.125,0.0714286,0,0.166667,0.3
0,853,-1.04013,0.0858267,-0.019003,0.125,0.333333,0.0416667,1,0.666667,0.4
0,853,1.07541,-1.14891,-0.236068,0.5,0.1,0.0434783,0,0.166667,0.5
0,853,-1.13402,-0.0108579,-1.22044,0.1,0.2,0.0307692,0,0,0.6
1,853,0.357894,-0.927426,-0.628793,0.25,0.111111,0.0512821,1,0,0.7
0,853,-1.07624,-0.0557229,-1.2549,0.111111,0.166667,0.0425532,1,0.666667,0.8
0,853,-0.244788,-0.600697,-0.682831,0.166667,0.142857,0.0697674,0,0,0.9
0,853,-0.936,0.779668,0.60978,0.142857,0.5,0.0714286,1,0.666667,1
0,854,-0.0671665,0.496703,0.623443,0.2,0.333333,0.162791,1,0.166667,0.1
1,854,-0.0575271,-2.7295,-0.640515,0.25,0.1,0.0789474,0,0,0.2
0,854,-1.05871,0.493415,-0.640515,0.1,0.25,0.142857,0,0,0.3
0,854,-0.156852,0.585124,0.644948,0.166667,0.5,0.134615,1,0.166667,0.4
0,854,1.53553,0.591579,1.81038,0.5,1,0.0789474,1,0.166667,0.5
0,854,-1.05012,0.328102,-1.30874,0.111111,0.125,0.125,0,0,0.6
0,854,-0.338031,0.3508,-0.69679,0.142857,0.142857,0.0853659,1,0,0.7
0,854,-0.907455,-0.907077,-1.30874,0.125,0.111111,0.035461,0,0,0.8
1,854,2.10909,0.372168,0.893073,1,0.166667,0.0743802,0,0,0.9
0,854,-0.00875367,0.418688,0.623443,0.333333,0.2,0.08,1,0.166667,1
0,855,-0.42686,0.649065,0.599087,0.2,0.333333,0.0877193,1,0,0.1
0,855,-0.65687,-0.651297,-1.4443,0.1,0.125,0.0519481,0,0,0.2
0,855,-0.480479,0.648933,0.165242,0.166667,0.25,0.0634921,0,0,0.3
0,855,-0.528967,-0.290363,-0.867492,0.125,0.142857,0.0909091,0,0,0.4
1,855,0.224164,0.0329012,0.388889,0.333333,0.166667,0.148936,0,0,0.5
0,855,-0.536593,-1.16643,-1.44979,0.111111,0.111111,0.0925926,0,0,0.6
0,855,-0.525163,1.30826,0.654259,0.142857,1,0.0757576,0,0,0.7
1,855,2.84838,1.06267,1.73966,1,0.5,0.111111,1,0,0.8
0,855,0.310478,0.463417,0.829948,0.5,0.2,0.104478,1,0,0.9
0,855,-0.228087,-2.05715,-0.615491,0.25,0.1,0.0612245,0,0,1
0,856,1.47662,-0.509043,0.484755,1,0.125,0.101266,1,0.5,0.1
1,856,-1.91898,-2.23041,-1.93674,0.1,0.1,0.107143,0,0,0.2
0,856,0.302481,1.88895,1.36518,0.25,1,0.222222,1,0.5,0.3
0,856,0.934822,0.464817,1.10424,0.333333,0.333333,0.0470588,1,0.5,0.4
0,856,-0.486306,0.335772,-0.251342,0.125,0.25,0.176471,0,0,0.5
0,856,-0.294073,0.629699,0.441726,0.142857,0.5,0.0882353,0,0,0.6
0,856,-0.281136,0.113132,-0.278022,0.166667,0.166667,0.07,0,0,0.7
0,856,-1.13081,-0.620319,-1.54009,0.111111,0.111111,0.119048,0,0,0.8
1,856,0.19143,0.154042,0.168555,0.2,0.2,0.152174,0,0,0.9
0,856,1.20595,-0.226637,0.441726,0.5,0.142857,0.122449,1,0.5,1
1,857,1.3499,1.65835,1.31805,0.5,0.5,0.2625,0,0,0.1
0,857,-0.0155469,-0.0317844,0.716305,0.333333,0.25,0.186047,1,0,0.2
0,857,-0.098963,-0.0669507,-0.0452376,0.166667,0.2,0.215385,0,0,0.3
0,857,-0.0170051,-0.747715,-0.207736,0.25,0.125,0.166667,0,0,0.4
0,857,-0.399574,-0.510525,-0.587869,0.142857,0.142857,0.170455,0,0,0.5
0,857,-0.767401,-1.30075,-1.26807,0.125,0.1,0.178082,0,0,0.6
0,857,-1.16785,-0.491851,-0.915258,0.1,0.166667,0.140845,0,0,0.7
0,857,-0.0331661,0.618455,0.525988,0.2,0.333333,0.177083,1,0,0.8
0,857,-1.06731,-0.928792,-1.2729,0.111111,0.111111,0.144578,0,0,0.9
1,857,2.21693,1.80157,1.73673,1,1,0.36,1,0,1
1,858,0.470497,-0.155114,0.358327,0.2,0.25,0.153846,1,0.333333,0.1
0,858,-1.56726,-0.999788,-1.74009,0.1,0.1,0.097561,0,0,0.2
0,858,0.964844,1.85271,1.21246,0.333333,0.5,0.0551724,1,0,0.3
0,858,-0.48036,-0.341649,-0.243804,0.142857,0.2,0.0515464,1,0.166667,0.4
1,858,1.15286,-0.563685,0.396875,0.5,0.142857,0.108696,1,0.166667,0.5
0,858,1.30066,1.97291,1.88793,1,1,0.107692,0,0,0.6
0,858,-0.181281,-0.386061,-0.249793,0.166667,0.166667,0.0983607,0,0,0.7
0,858,-0.923217,-0.738846,-1.20029,0.125,0.111111,0.0576923,0,0,0.8
0,858,0.627438,-0.718324,-0.225822,0.25,0.125,0.0789474,0,0,0.9
0,858,-1.36418,0.0778468,-0.195796,0.111111,0.333333,0.125,0,0,1
0,859,-0.50869,-0.697993,-0.431614,0.2,0.125,0.12069,1,1.33333,0.1
1,859,1.00585,0.0346364,0.989613,0.333333,0.333333,0.188679,1,1.33333,0.2
0,859,-0.804433,-0.765926,-1.55795,0.1,0.111111,0.111111,1,1.33333,0.3
0,859,-0.802972,-0.397264,-1.00882,0.111111,0.142857,0.111111,1,1.33333,0.4
1,859,1.54307,2.6718,1.65617,0.5,1,0.178571,1,1.33333,0.5
0,859,0.193636,-0.843561,-0.585953,0.25,0.1,0.0957447,0,0,0.6
0,859,-0.787212,0.820808,0.590008,0.166667,0.5,0.122449,1,1.33333,0.7
0,859,-0.802235,-0.376066,-0.631724,0.125,0.166667,0.113208,1,1.33333,0.8
0,859,1.76448,-0.189747,1.22347,1,0.25,0.139241,1,1.33333,0.9
0,859,-0.801492,-0.256686,-0.243188,0.142857,0.2,0.115385,1,1.33333,1
0,860,-0.264528,1.45882,1.32354,0.2,1,0.0972222,1,0,0.1
0,860,-0.653069,0.585559,0.229142,0.142857,0.333333,0.0603448,1,0.5,0.2
0,860,-0.779164,-1.52205,-1.55796,0.125,0.111111,0.0612245,0,0,0.3
0,860,-0.373364,1.24454,0.767768,0.166667,0.5,0.166667,1,0.666667,0.4
1,860,1.55759,-0.185028,0.515142,0.5,0.142857,0.139535,0,0,0.5
0,860,-0.916229,0.251519,-0.799741,0.111111,0.2,0.15,1,0.5,0.6
0,860,-0.937453,-0.90753,-1.78925,0.1,0.125,0.115385,1,0.333333,0.7
0,860,0.140035,0.572567,1.01071,0.333333,0.25,0.0898876,1,0.666667,0.8
0,860,0.0847201,0.0545188,0.204707,0.25,0.166667,0.0909091,1,0,0.9
1,860,2.14146,-1.55291,0.0959466,1,0.1,0.0873786,0,0,1
0,861,-0.131436,-0.25377,-0.0586867,0.2,0.166667,0.0945946,0,0,0.1
0,861,-1.2305,-0.742554,-1.64507,0.1,0.125,0.0806452,0,0,0.2
0,861,-0.727174,0.936447,0.248194,0.125,0.5,0.0540541,0,0,0.3
0,861,0.672481,-1.14675,-0.18336,0.5,0.1,0.133333,0,0,0.4
1,861,0.277655,-0.00115937,0.427628,0.25,0.2,0.0638298,1,0,0.5
0,861,-1.1317,0.111622,-0.4884,0.111111,0.25,0.0819672,0,0,0.6
0,861,-0.355807,-1.05401,-1.20699,0.142857,0.111111,0.0895522,0,0,0.7
0,861,0.621186,-0.58004,0.210678,0.333333,0.142857,0.0923077,0,0,0.8
1,861,2.34553,2.36644,2.25306,1,1,0.18,0,0,0.9
0,861,-0.340226,0.363775,0.442948,0.166667,0.333333,0.0853659,0,0,1
0,862,-0.0950151,0.732837,0.526396,0.25,0.25,0.0423729,0,0,0.1
0,862,-0.816949,-0.022744,-0.595161,0.142857,0.142857,0.0519481,1,0.666667,0.2
0,862,-0.165616,0.812905,0.73772,0.2,0.5,0.0641026,1,0.5,0.3
1,862,1.35588,0.484673,0.73772,0.5,0.2,0.102941,1,0.833333,0.4
1,862,2.31308,1.14125,1.75827,1,1,0.1,0,0,0.5
0,862,-0.821512,-0.848561,-1.11785,0.111111,0.125,0.0540541,0,0,0.6
0,862,0.119097,0.770205,0.923985,0.333333,0.333333,0.0515464,1,0.5,0.7
0,862,-0.819169,-2.20966,-1.2838,0.125,0.1,0.0714286,0,0,0.8
0,862,-0.830737,0.16023,-0.926612,0.1,0.166667,0.0373832,1,0.666667,0.9
0,862,-0.239063,-1.02113,-0.760661,0.166667,0.111111,0.0462963,1,0.833333,1
0,863,1.33108,1.00279,1.15689,0.5,0.333333,0.118644,0,0,0.1
0,863,-0.367564,-0.274117,-0.238345,0.166667,0.166667,0.0545455,0,0.333333,0.2
0,863,-0.561912,1.17025,0.378687,0.142857,0.5,0.116279,1,0.5,0.3
0,863,-1.17395,-0.629307,-1.3153,0.1,0.125,0.0384615,0,0.333333,0.4
1,863,0.496596,-0.0202334,0.341905,0.25,0.2,0.113208,1,0.5,0.5
0,863,1.73064,1.28133,1.80141,1,1,0.0630631,0,0,0.6
0,863,-0.265091,-2.00961,-0.757921,0.2,0.1,0.0735294,0,0,0.7
0,863,-1.06585,-0.358911,-0.965031,0.111111,0.142857,0.0869565,1,0.5,0.8
0,863,-1.04775,-0.896888,-1.14528,0.125,0.111111,0.0769231,1,0.833333,0.9
1,863,0.923803,0.734694,0.742981,0.333333,0.25,0.0641026,0,0,1
0,864,-0.959548,-0.553993,-1.1499,0.1,0.142857,0.132075,0,0,0.1
1,864,-0.77526,0.035662,-0.395603,0.111111,0.25,0.0897436,0,0,0.2
0,864,-0.660912,-0.900205,-0.982947,0.125,0.125,0.0897436,0,0,0.3
1,864,2.07886,1.34577,1.60499,1,0.5,0.2,1,0.333333,0.4
0,864,-0.0970493,-0.909053,-0.395603,0.25,0.111111,0.181818,0,0,0.5
0,864,0.0855479,1.04833,0.959035,0.333333,0.333333,0.103896,1,0.333333,0.6
0,864,1.73857,1.76021,1.60499,0.5,1,0.138889,1,0.333333,0.7
0,864,-0.381304,-0.366443,-0.047536,0.2,0.166667,0.1125,0,0,0.8
0,864,-0.56783,-1.38058,-1.1499,0.142857,0.1,0.15,0,0,0.9
0,864,-0.461075,-0.0796949,-0.047536,0.166667,0.2,0.0987654,0,0,1
0,865,0.0356536,0.805409,0.626365,0.2,0.333333,0.164179,1,0.5,0.1
0,865,1.69669,0.706019,1.34366,1,0.25,0.266667,0,0,0.2
0,865,0.471714,1.20732,1.34366,0.25,1,0.236842,1,0.666667,0.3
0,865,-0.349345,-2.08911,-1.30313,0.142857,0.1,0.170732,1,0.166667,0.4
0,865,-1.42595,-0.65683,-1.31487,0.111111,0.125,0.0945946,1,0.5,0.5
0,865,0.636056,-0.023601,0.406597,0.333333,0.166667,0.214286,0,0,0.6
1,865,1.26492,0.542799,0.867739,0.5,0.2,0.232558,1,0.5,0.7
0,865,-1.55497,0.899664,-0.168312,0.1,0.5,0.12963,0,0,0.8
0,865,-0.28886,-1.2089,-0.894723,0.166667,0.111111,0.163934,0,0,0.9
1,865,-0.48591,-0.182774,-0.906992,0.125,0.142857,0.111111,1,0,1
0,866,-0.233441,1.57586,1.07962,0.2,1,0.048913,0,0,0.1
1,866,-0.959992,-1.45221,-1.46505,0.111111,0.111111,0.111111,1,0.333333,0.2
0,866,0.392301,-1.54138,-0.395967,0.333333,0.1,0.142857,1,0.166667,0.3
0,866,-0.381834,1.22824,0.420204,0.142857,0.5,0.0803571,0,0,0.4
0,866,-1.05154,-0.580127,-1.4595,0.1,0.125,0.166667,1,0.166667,0.5
1,866,2.44517,0.751979,1.52467,1,0.333333,0.139241,0,0,0.6
0,866,-0.880204,-0.431592,-0.876621,0.125,0.142857,0.123077,0,0,0.7
0,866,0.897952,0.0770952,0.838682,0.5,0.2,0.144928,0,0,0.8
0,866,0.0132202,0.61025,0.598437,0.25,0.25,0.106383,1,0.166667,0.9
0,866,-0.241634,-0.238111,-0.264476,0.166667,0.166667,0.160714,1,0.166667,1
0,867,-1.32512,-0.204891,-0.995437,0.1,0.166667,0.0603448,1,0.333333,0.1
0,867,0.435633,0.693256,0.779055,0.333333,0.25,0.113636,1,0.5,0.2
0,867,-0.204001,0.763876,0.371349,0.166667,0.333333,0.108434,1,0.666667,0.3
1,867,1.46025,1.82107,1.66119,0.5,1,0.206897,1,1,0.4
0,867,1.83868,-0.766127,0.435752,1,0.125,0.161765,0,0,0.5
0,867,-1.22597,-1.57002,-1.56268,0.111111,0.1,0.102041,1,0.5,0.6
0,867,-0.711704,-0.989783,-1.20088,0.125,0.111111,0.0933333,0,0.333333,0.7
0,867,0.24407,1.04735,0.999504,0.25,0.5,0.0735294,1,0.5,0.8
0,867,-0.642901,-0.655529,-0.639368,0.142857,0.142857,0.12069,1,0.5,0.9
1,867,0.131077,-0.139203,0.151516,0.2,0.2,0.116667,1,0,1
0,868,1.22367,-1.23753,0.03606,0.5,0.111111,0.0638298,0,0,0.1
0,868,1.18548,0.134924,0.840093,0.333333,0.2,0.0967742,0,0,0.2
0,868,-0.703026,0.453783,-0.331791,0.125,0.25,0.0340136,0,0.333333,0.3
1,868,1.45409,0.129288,1.20342,1,0.166667,0.0816327,1,0,0.4
0,868,-0.4914,1.14073,0.869071,0.166667,0.5,0.0595238,0,0,0.5
0,868,0.417499,-1.71955,-0.863098,0.25,0.1,0.047619,0,0.333333,0.6
0,868,-1.23794,-0.246337,-1.48598,0.111111,0.142857,0.0434783,1,0.333333,0.7
0,868,0.196033,1.64728,1.49818,0.2,1,0.025,0,0,0.8
0,868,-1.47615,0.606866,-0.549479,0.1,0.333333,0.0422535,0,0,0.9
1,868,-0.568269,-0.90945,-1.21648,0.142857,0.125,0.114286,1,0,1
0,869,1.53231,-0.0526837,0.727656,0.5,0.2,0.277778,1,0,0.1
0,869,-0.556146,-0.328246,-1.1026,0.125,0.111111,0.157143,0,0.166667,0.2
0,869,0.724722,0.929409,1.11379,0.333333,0.5,0.266667,1,0.333333,0.3
0,869,0.0482532,-0.171954,-0.397494,0.2,0.125,0.179104,1,0.5,0.4
1,869,-1.67362,-2.51614,-1.59848,0.1,0.1,0.0833333,0,0,0.5
0,869,0.279512,0.115494,0.519215,0.25,0.25,0.206897,0,0,0.6
0,869,-0.521881,-0.108397,-0.587042,0.142857,0.142857,0.22,0,0,0.7
0,869,-1.00282,-0.102609,-0.750284,0.111111,0.166667,0.138462,0,0.166667,0.8
1,869,1.57831,1.37414,1.73428,1,1,0.212121,1,0.333333,0.9
0,869,-0.408646,0.860982,0.340958,0.166667,0.333333,0.261905,0,0.166667,1
0,870,0.599167,0.888574,1.5126,0.5,0.333333,0.131579,0,0,0.1
0,870,-0.703707,0.0966306,-1.24123,0.1,0.166667,0.0714286,1,1.16667,0.2
1,870,2.79707,-0.476781,0.314514,1,0.111111,0.0888889,1,1.16667,0.3
0,870,-0.319907,-0.00141316,-0.797241,0.142857,0.142857,0.075,1,1.16667,0.4
1,870,-0.263983,-2.59898,-0.732854,0.25,0.1,0.0322581,0,0,0.5
0,870,-0.690655,-0.193756,-1.49741,0.111111,0.125,0.0666667,1,1.16667,0.6
0,870,-0.312237,0.0992108,0.188929,0.2,0.2,0.0769231,1,1.16667,0.7
0,870,-0.682566,1.04381,0.543349,0.125,1,0.121951,1,1.16667,0.8
0,870,-0.110941,1.03462,1.5126,0.333333,0.5,0.12766,1,1.16667,0.9
0,870,-0.312237,0.108082,0.19675,0.166667,0.25,0.075,1,1.16667,1
0,871,0.0793851,0.340087,0.714711,0.25,0.333333,0.144737,0,0,0.1
0,871,0.715741,0.494555,1.31512,0.5,0.5,0.107438,1,0.333333,0.2
0,871,-0.857722,-0.971728,-1.27006,0.111111,0.111111,0.111111,1,0.5,0.3
1,871,2.54979,2.53437,1.73286,1,1,0.25,1,0.166667,0.4
0,871,0.200553,-0.380686,0.162036,0.333333,0.142857,0.122222,0,0,0.5
1,871,-0.412371,-0.0742102,-0.407918,0.142857,0.166667,0.0661157,1,0.666667,0.6
0,871,-1.25659,-1.14825,-1.59717,0.1,0.1,0.0714286,1,0.5,0.7
0,871,-0.0824257,-0.0625404,0.139002,0.2,0.2,0.0806452,0,0,0.8
0,871,-0.398087,-0.881573,-0.581306,0.166667,0.125,0.114286,1,0.333333,0.9
0,871,-0.538279,0.149971,-0.207274,0.125,0.25,0.121622,1,0.5,1
1,872,2.5816,1.17971,1.62482,1,0.5,0.158537,1,0.833333,0.1
0,872,0.182557,0.508299,0.553112,0.25,0.25,0.140845,0,0,0.2
0,872,0.390714,-0.270599,0.388378,0.5,0.142857,0.144737,0,0,0.3
0,872,-0.893804,-0.535199,-1.17459,0.111111,0.125,0.131148,1,0.833333,0.4
0,872,-1.10582,-0.0146458,-0.777318,0.1,0.2,0.0833333,1,0.833333,0.5
0,872,0.379994,1.47385,1.40919,0.333333,1,0.127907,0,0,0.6
0,872,-0.586378,-0.677284,-0.989728,0.142857,0.111111,0.062069,1,0.833333,0.7
1,872,-0.753969,-2.16784,-1.34896,0.125,0.1,0.0705882,1,0.833333,0.8
0,872,0.0636739,-0.26425,-0.0481231,0.2,0.166667,0.101124,0,0,0.9
0,872,-0.258575,0.767951,0.363218,0.166667,0.333333,0.152542,1,0.833333,1
0,873,-0.0482364,0.462008,0.766429,0.2,0.333333,0.133333,0,0.166667,0.1
1,873,0.370999,-2.3745,-0.787416,0.25,0.1,0.125,1,0,0.2
0,873,-1.59452,0.120149,-0.825885,0.111111,0.2,0.214286,0,0.333333,0.3
0,873,-0.217212,0.966754,0.27877,0.125,0.5,0.149254,1,0.333333,0.4
0,873,-0.0634341,-0.0808605,-0.334828,0.166667,0.166667,0.125,1,0.333333,0.5
0,873,-1.70861,-0.792868,-2.09361,0.1,0.111111,0.116883,0,0,0.6
0,873,-0.18407,1.53872,0.837013,0.142857,1,0.225,0,0.5,0.7
1,873,1.63585,0.405573,1.64412,1,0.25,0.134146,0,0.333333,0.8
0,873,0.890218,-0.0915475,0.236633,0.333333,0.142857,0.175439,1,0.333333,0.9
0,873,0.919015,-0.153435,0.27877,0.5,0.125,0.13253,0,0,1
0,874,-0.0715519,0.770831,0.386026,0.142857,0.5,0.0697674,0,0,0.1
0,874,-1.59547,-1.13142,-1.34079,0.1,0.125,0.097561,1,0.333333,0.2
0,874,1.65708,0.678062,0.991809,1,0.2,0.12963,0,0,0.3
0,874,-0.624944,-0.545255,-0.805319,0.125,0.142857,0.0659341,0,0,0.4
0,874,-1.59038,-1.80561,-1.5192,0.111111,0.1,0.097561,0,0,0.5
0,874,0.0597663,0.670001,-0.0478316,0.2,0.166667,0.166667,1,0.166667,0.6
1,874,0.887647,1.11433,1.40066,0.333333,1,0.0808081,0,0,0.7
0,874,0.289326,0.740446,0.757381,0.25,0.333333,0.107143,1,0.166667,0.8
1,874,0.036118,-1.18078,-0.794426,0.166667,0.111111,0.128205,1,0.333333,0.9
0,874,0.952413,0.689397,0.971697,0.5,0.25,0.189189,1,0.333333,1
0,875,0.399529,-1.06199,-0.197905,0.333333,0.111111,0.0416667,0,0,0.1
1,875,0.0388308,-0.0247746,0.362185,0.25,0.2,0.06,1,0,0.2
1,875,-0.680581,-1.05182,-1.21321,0.111111,0.125,0.0214286,1,0,0.3
0,875,-1.03797,0.794445,-0.378011,0.1,0.333333,0.0967742,0,0,0.4
0,875,-0.593478,-0.135429,-0.449206,0.142857,0.166667,0.0740741,0,0,0.5
0,875,2.65246,1.67594,1.90826,1,1,0.0588235,0,0,0.6
0,875,-0.623088,-1.48686,-1.39332,0.125,0.1,0.0363636,0,0,0.7
0,875,0.477397,1.30707,1.44823,0.5,0.5,0.125,0,0,0.8
0,875,-0.0997603,0.431981,0.362185,0.2,0.25,0.0833333,0,0,0.9
0,875,-0.533332,-0.448566,-0.449206,0.166667,0.142857,0.0336134,0,0,1
0,876,-0.0412009,-0.182128,-0.427423,0.166667,0.142857,0.0736842,0,0,0.1
0,876,0.0651464,-0.794778,-0.217185,0.25,0.125,0.0609756,0,0.166667,0.2
1,876,1.44219,0.531186,0.761824,0.5,0.2,0.140351,0,0.166667,0.3
0,876,0.0378617,0.788388,0.549912,0.2,0.333333,0.217391,0,0,0.4
1,876,1.64338,1.22401,1.81572,1,1,0.230769,1,0,0.5
0,876,-0.281951,0.829868,0.381696,0.142857,0.5,0.111111,0,0,0.6
0,876,-1.42766,-1.10847,-1.50216,0.1,0.111111,0.0694444,1,0.166667,0.7
0,876,-1.41186,-2.13761,-1.50216,0.111111,0.1,0.0571429,0,0.166667,0.8
0,876,-0.75478,0.217842,-0.609102,0.125,0.166667,0.0961538,0,0,0.9
0,876,0.728873,0.631686,0.748885,0.333333,0.25,0.25,0,0,1
0,877,-0.859095,-0.852539,-0.972681,0.125,0.125,0.105263,1,1,0.1
0,877,-1.79862,-1.57576,-1.66449,0.1,0.1,0.106383,1,1,0.2
1,877,0.054148,1.03443,0.565806,0.166667,0.5,0.181818,1,1,0.3
1,877,1.91583,-0.553471,0.783484,1,0.166667,0.133333,0,0,0.4
0,877,-0.996997,-0.851902,-0.967443,0.111111,0.142857,0.0952381,1,1,0.5
0,877,0.788313,0.837255,1.15979,0.5,0.333333,0.0631579,0,0,0.6
0,877,0.223647,0.837243,0.34276,0.2,0.25,0.116667,1,1,0.7
0,877,0.487669,0.479688,0.34276,0.25,0.2,0.0512821,0,0,0.8
0,877,0.557946,1.51582,1.37746,0.333333,1,0.0958904,1,1,0.9
0,877,-0.372833,-0.870766,-0.967443,0.142857,0.111111,0.171429,1,1,1
1,878,0.926051,1.61091,1.90581,0.5,1,0.0384615,1,0.166667,0.1
0,878,0.777518,-0.360126,0.426031,0.333333,0.166667,0.0588235,0,0,0.2
0,878,1.85487,-0.997775,0.499918,1,0.125,0.045977,0,0,0.3
0,878,-0.51165,-1.1155,-1.16089,0.142857,0.111111,0.025641,1,0.166667,0.4
1,878,-1.85247,-1.44802,-1.99732,0.1,0.1,0,0,0,0.5
0,878,0.545617,-0.159435,0.411296,0.25,0.2,0.0597015,0,0,0.6
0,878,-0.507773,-0.37769,-0.510117,0.166667,0.142857,0.0275229,0,0,0.7
0,878,-0.663371,1.15884,0.0281711,0.111111,0.5,0.0322581,0,0,0.8
0,878,0.0667339,0.815798,0.411296,0.2,0.25,0.0508475,0,0,0.9
0,878,-0.635524,0.873001,-0.0141964,0.125,0.333333,0.0240964,0,0,1
0,879,-0.312098,1.23188,1.67546,0.25,1,0.115942,1,0,0.1
0,879,0.231088,0.171312,0.54212,0.5,0.142857,0.238095,0,0,0.2
1,879,2.93313,-2.24417,0.100971,1,0.1,0.104478,1,0,0.3
1,879,-0.512519,-1.39457,-1.89011,0.111111,0.111111,0.204545,0,0,0.4
0,879,-0.40874,0.451016,-0.308466,0.125,0.25,0.25,0,0,0.5
0,879,-0.339363,0.516065,0.781035,0.2,0.333333,0.176471,1,0.166667,0.6
0,879,-0.38418,0.790962,0.807976,0.166667,0.5,0.195652,0,0,0.7
0,879,-0.215905,-0.280753,-0.0168944,0.333333,0.125,0.121951,0,0,0.8
0,879,-0.583333,0.307329,-1.35906,0.1,0.166667,0.216216,1,0.166667,0.9
0,879,-0.408083,0.450928,-0.333029,0.142857,0.2,0.236842,0,0,1
0,880,-1.07153,-1.09837,-1.65475,0.1,0.111111,0.121951,1,0.833333,0.1
0,880,-0.143582,0.194105,0.160443,0.2,0.2,0.0847458,1,0.666667,0.2
1,880,2.64702,0.351996,1.52563,1,0.333333,0.186667,1,0,0.3
0,880,-0.283429,-0.470879,-0.264641,0.166667,0.166667,0.1875,1,0.833333,0.4
0,880,-0.585369,0.31006,-0.239246,0.125,0.25,0.140625,0,0,0.5
1,880,-0.0456184,-1.3141,-0.622358,0.25,0.1,0.104478,0,0.166667,0.6
0,880,-0.855746,-0.685976,-1.27164,0.111111,0.125,0.109375,1,0.333333,0.7
0,880,-0.485556,1.91104,0.661558,0.142857,1,0.186047,1,0.666667,0.8
0,880,0.626437,1.43618,1.51797,0.5,0.5,0.146067,1,0.5,0.9
0,880,0.197379,-0.634055,0.18703,0.333333,0.142857,0.164179,0,0.333333,1
0,881,-1.17798,-0.577693,-0.984362,0.111111,0.142857,0.0526316,1,0.833333,0.1
0,881,-1.20271,-0.914626,-1.6936,0.1,0.1,0.047619,1,0.833333,0.2
0,881,-0.176206,0.859593,0.575701,0.166667,0.5,0.029703,1,0.333333,0.3
0,881,0.292036,-0.321839,0.147395,0.2,0.2,0.0444444,1,0.333333,0.4
0,881,-1.08473,-0.713392,-0.989691,0.125,0.125,0.0555556,1,0.666667,0.5
0,881,0.34045,-0.56079,0.153497,0.25,0.166667,0.043956,1,0.666667,0.6
0,881,1.23541,-0.838352,-0.190566,0.333333,0.111111,0.0714286,0,0,0.7
0,881,-0.865195,-0.056683,-0.0359318,0.142857,0.25,0.1,1,0.833333,0.8
1,881,1.32956,2.45037,1.83749,1,1,0.0684932,1,1.16667,0.9
1,881,1.30937,0.673415,1.18007,0.5,0.333333,0.12,1,0,1
0,882,0.330527,-0.349496,-0.722387,0.166667,0.142857,0.137931,0,0,0.1
0,882,-1.3464,0.500441,-0.954855,0.1,0.25,0.0769231,1,0.333333,0.2
0,882,-1.21979,0.403703,-0.703348,0.125,0.2,0.0882353,1,0.5,0.3
1,882,1.35726,-2.29416,0.120152,1,0.1,0.184211,1,0.5,0.4
0,882,-1.34466,0.80904,-0.318259,0.111111,0.333333,0.0625,0,0,0.5
0,882,0.643534,-0.405877,-0.367064,0.25,0.125,0.145455,0,0,0.6
0,882,0.876384,0.128067,0.603311,0.333333,0.166667,0.0740741,1,0.833333,0.7
0,882,1.06954,1.00624,2.32895,0.5,0.5,0.0909091,1,0.166667,0.8
0,882,-0.705972,1.18099,1.015,0.142857,1,0.0958904,1,0.333333,0.9
1,882,0.339578,-0.978941,-1.0015,0.2,0.111111,0.0892857,1,0.666667,1
0,883,0.27449,1.11366,1.23741,0.333333,0.5,0.113636,0,0,0.1
1,883,1.06043,-1.90982,-0.156806,0.5,0.1,0.0909091,1,0,0.2
0,883,-0.382615,0.587058,0.378801,0.166667,0.333333,0.0636364,0,0,0.3
0,883,-0.207605,-0.315974,-0.0376777,0.25,0.142857,0.0705882,0,0,0.4
1,883,2.49982,1.88052,1.92677,1,1,0.236842,0,0,0.5
0,883,-0.885507,-0.701234,-1.40684,0.1,0.125,0.0638298,0,0,0.6
0,883,-0.736039,-0.223956,-0.646356,0.125,0.166667,0.12,0,0,0.7
0,883,-0.847015,-0.73574,-1.41218,0.111111,0.111111,0.0833333,0,0,0.8
0,883,-0.480722,0.124087,-0.248821,0.142857,0.2,0.115385,0,0,0.9
0,883,-0.295234,0.181392,0.3657,0.2,0.25,0.0648148,0,0,1
0,884,0.502595,0.550175,0.905105,0.25,0.333333,0.137931,1,1.5,0.1
0,884,0.82479,0.2349,0.920743,0.5,0.2,0.105263,1,0.5,0.2
1,884,2.26061,1.71864,2.19448,1,1,0.35,1,1.16667,0.3
0,884,-0.14736,-0.814065,-0.50297,0.2,0.125,0.097561,1,0.5,0.4
0,884,-0.659858,-0.525724,-0.742816,0.142857,0.142857,0.0754717,1,1.16667,0.5
0,884,-0.318304,-0.964219,-0.949375,0.166667,0.111111,0.0479042,1,1.16667,0.6
0,884,-0.844409,1.28746,0.241741,0.125,0.5,0.0985915,1,1.5,0.7
1,884,-1.05848,0.358685,-0.475703,0.111111,0.25,0.333333,1,1.16667,0.8
0,884,0.559368,-1.73834,-0.434711,0.333333,0.1,0.0657895,1,1.16667,0.9
0,884,-1.11895,-0.107512,-1.1565,0.1,0.166667,0.0736842,1,1.16667,1
0,885,-0.0964293,0.0474973,0.165213,0.2,0.2,0.14,0,0,0.1
0,885,0.0432506,-0.922866,-0.213602,0.333333,0.111111,0.0567376,0,0,0.2
1,885,2.37309,1.8914,2.05962,1,1,0.1875,1,0,0.3
0,885,-0.891436,-0.859589,-1.30944,0.111111,0.125,0.115385,0,0,0.4
1,885,1.22094,1.08335,1.32272,0.5,0.333333,0.111111,1,0,0.5
0,885,-1.0349,1.16325,-0.167617,0.1,0.5,0.12,0,0,0.6
0,885,-0.587213,-1.2,-1.29775,0.142857,0.1,0.102941,0,0,0.7
0,885,-0.770486,-0.450987,-0.690919,0.125,0.166667,0.166667,0,0,0.8
0,885,-0.00703029,-0.810071,-0.0402754,0.25,0.142857,0.0519481,0,0,0.9
0,885,-0.249781,0.0580058,0.172052,0.166667,0.25,0.12963,0,0,1
0,886,-0.866702,-0.307877,-0.769757,0.1,0.2,0.0714286,0,0,0.1
1,886,2.69599,2.60932,1.82954,1,1,0.2,1,0.166667,0.2
0,886,-0.601967,-0.493328,-0.985408,0.125,0.125,0.0634921,0,0,0.3
0,886,0.428091,-0.197739,0.754585,0.333333,0.25,0.0543478,1,0,0.4
0,886,-0.387056,-0.391333,-0.236264,0.2,0.142857,0.0769231,0,0,0.5
1,886,-0.680419,-1.16509,-1.5136,0.111111,0.1,0.0470588,0,0,0.6
0,886,0.0432336,-0.766103,-0.396593,0.25,0.111111,0.0574713,1,0.166667,0.7
0,886,-0.583869,0.396592,0.171076,0.142857,0.333333,0.121212,0,0,0.8
0,886,-0.51261,-0.347018,-0.242067,0.166667,0.166667,0.0925926,0,0.166667,0.9
0,886,0.465308,0.662571,1.38849,0.5,0.5,0.115942,0,0.166667,1
0,887,0.0608825,0.849472,1.18326,0.25,0.5,0.2,1,1.33333,0.1
0,887,-0.68385,0.544627,0.439619,0.166667,0.333333,0.137931,1,1.33333,0.2
0,887,-0.891707,0.323076,-0.729773,0.111111,0.2,0.103448,1,1.33333,0.3
0,887,0.0021953,1.98927,1.20775,0.2,1,0.172414,1,1.33333,0.4
1,887,2.02241,-1.53454,0.0875523,1,0.1,0.0636364,1,0,0.5
0,887,-0.819567,0.0210244,-0.526387,0.142857,0.166667,0.075,1,1.33333,0.6
1,887,0.747735,-0.543244,0.209095,0.333333,0.142857,0.0853659,1,1.33333,0.7
0,887,1.34715,0.351573,1.18326,0.5,0.25,0.0833333,1,1.33333,0.8
0,887,-0.846957,-1.2687,-1.42166,0.125,0.111111,0.043956,1,1.33333,0.9
0,887,-0.938296,-0.732565,-1.63271,0.1,0.125,0.0754717,1,1.33333,1
1,888,-0.824022,-1.01993,-0.72002,0.142857,0.125,0.105882,1,0.166667,0.1
0,888,-0.986007,-0.764123,-0.72002,0.125,0.142857,0.205882,1,0.166667,0.2
0,888,0.594044,0.0144644,0.131699,0.2,0.2,0.28125,1,0.166667,0.3
0,888,-0.483672,-0.542692,-0.217229,0.166667,0.166667,0.181818,1,0.166667,0.4
0,888,0.627107,0.617006,0.491531,0.25,0.25,0.375,1,0.5,0.5
0,888,0.801483,1.20269,1.0544,0.5,0.333333,0.473684,1,0.5,0.6
0,888,0.801483,1.22477,1.0544,0.333333,0.5,0.473684,1,0.5,0.7
0,888,-1.1782,-1.16701,-1.51325,0.1,0.1,0.15625,1,0.166667,0.8
0,888,-1.17377,-1.06662,-1.20333,0.111111,0.111111,0.0843373,0,0,0.9
1,888,1.82155,1.50145,1.64181,1,1,0.555556,1,0.666667,1
0,889,-0.996441,0.115263,-1.44421,0.1,0.2,0.0666667,1,0.166667,0.1
0,889,-0.35081,1.62157,1.85395,0.2,1,0.0952381,0,0,0.2
0,889,1.99473,-1.3744,0.134397,1,0.1,0.138889,1,0.166667,0.3
1,889,-0.678756,-0.38015,-1.16189,0.142857,0.142857,0.105263,0,0,0.4
0,889,-0.238429,0.159786,1.02765,0.25,0.25,0.0666667,1,0.166667,0.5
0,889,-0.35901,0.410537,0.674835,0.166667,0.333333,0.0961538,1,0.166667,0.6
1,889,1.11605,-1.36688,-0.355989,0.333333,0.111111,0.0402685,1,0.333333,0.7
0,889,-0.724743,0.106403,-1.15149,0.125,0.166667,0.0689655,0,0,0.8
0,889,-0.990269,1.57856,0.0446231,0.111111,0.5,0.0568182,1,0.166667,0.9
0,889,1.22768,-0.870687,0.378125,0.5,0.125,0.0617284,1,0.166667,1
1,890,1.57137,-0.398997,0.845341,1,0.166667,0.148936,1,0,0.1
0,890,-1.32694,-0.663749,-1.04382,0.111111,0.142857,0.0588235,0,0,0.2
0,890,0.563606,-0.703467,-0.0127648,0.333333,0.125,0.0958904,0,0,0.3
0,890,-0.807254,-0.0569562,-0.0381024,0.142857,0.25,0.0654206,0,0,0.4
0,890,0.103955,2.5901,0.845341,0.166667,1,0.119403,0,0,0.5
0,890,-0.819818,-0.875056,-1.42269,0.125,0.1,0.135135,1,0,0.6
1,890,0.465151,0.483275,0.803645,0.25,0.333333,0.205882,1,0,0.7
0,890,1.44668,0.658197,1.47876,0.5,0.5,0.079646,0,0,0.8
0,890,-1.33746,-0.853633,-1.612,0.1,0.111111,0.0697674,0,0,0.9
0,890,0.140709,-0.179718,0.156299,0.2,0.2,0.0583942,0,0,1
0,891,-1.4833,0.721565,-0.410384,0.1,0.333333,0.0869565,0,0,0.1
0,891,-0.0988845,-0.315163,-0.0539623,0.166667,0.2,0.148148,0,0,0.2
0,891,-1.13002,-0.545687,-1.10982,0.111111,0.142857,0.0379747,0,0.166667,0.3
1,891,2.28488,2.23049,2.07168,1,1,0.121951,1,0.166667,0.4
0,891,-0.438019,-0.862525,-0.908539,0.142857,0.125,0.0393701,0,0,0.5
0,891,0.810312,0.800329,1.57226,0.5,0.5,0.111111,0,0,0.6
1,891,-0.00333685,0.543531,0.393203,0.2,0.25,0.0689655,1,0,0.7
0,891,0.457957,-1.12624,-0.410384,0.333333,0.1,0.0674157,1,0.166667,0.8
0,891,0.0780392,-0.960783,-0.449083,0.25,0.111111,0.0526316,0,0,0.9
0,891,-0.477626,-0.48552,-0.694967,0.125,0.166667,0.097561,0,0.166667,1
0,892,-0.334572,0.0939706,-0.0412926,0.142857,0.25,0.046875,0,0.166667,0.1
0,892,-0.293688,0.880217,0.639533,0.2,0.333333,0.075,1,1,0.2
0,892,-0.35635,-1.10905,-1.34251,0.125,0.111111,0.0384615,1,0.833333,0.3
1,892,2.99535,-1.50305,0.082678,1,0.1,0.0348837,1,0,0.4
0,892,-0.327724,-0.239622,-0.0550029,0.166667,0.2,0.0857143,0,0.166667,0.5
1,892,-0.389754,-0.470837,-1.34251,0.111111,0.125,0.06,1,0.833333,0.6
0,892,-0.267196,1.98318,1.8571,0.5,1,0.0833333,1,0.666667,0.7
0,892,-0.274892,-0.462425,0.197454,0.333333,0.142857,0.0625,1,0.666667,0.8
0,892,-0.291015,1.1062,1.11738,0.25,0.5,0.0517241,0,0,0.9
0,892,-0.460158,-0.278589,-1.11283,0.1,0.166667,0.0588235,1,1,1
1,893,0.315033,0.646437,0.49021,0.25,0.25,0.0338983,0,0,0.1
1,893,0.47388,1.00757,1.05157,0.333333,0.5,0.0363636,1,0,0.2
0,893,0.733009,0.922423,1.05157,0.5,0.333333,0.06,0,0,0.3
0,893,2.53026,2.04046,1.6374,1,1,0.111111,0,0,0.4
0,893,-0.675363,-0.769481,0.131345,0.2,0.2,0,0,0,0.5
0,893,-0.675363,-0.769481,-0.216645,0.166667,0.166667,0,0,0,0.6
0,893,-0.675363,-0.769481,-0.554248,0.142857,0.142857,0,0,0,0.7
0,893,-0.675363,-0.769481,-0.881921,0.125,0.125,0,0,0,0.8
0,893,-0.675363,-0.769481,-1.2001,0.111111,0.111111,0,0,0,0.9
0,893,-0.675363,-0.769481,-1.50918,0.1,0.1,0,0,0,1
0,894,-0.745583,-0.194157,-1.05392,0.111111,0.166667,0.150685,1,0.333333,0.1
0,894,-1.53919,1.1928,-0.198259,0.1,0.5,0.147541,0,0,0.2
1,894,1.14459,-1.80479,-0.198259,0.5,0.1,0.18,1,0,0.3
0,894,0.924619,0.280684,0.737812,0.333333,0.2,0.166667,1,0.166667,0.4
0,894,-0.396505,0.797929,0.478941,0.166667,0.333333,0.157895,1,0,0.5
1,894,1.95028,1.55095,2.43614,1,1,0.189873,1,0.666667,0.6
0,894,0.243405,-0.3334,-0.0476382,0.25,0.142857,0.226415,1,0.333333,0.7
0,894,-0.50792,-1.27497,-1.30506,0.142857,0.111111,0.146067,1,0.166667,0.8
0,894,-0.703487,0.340532,-0.291395,0.125,0.25,0.141176,1,0.333333,0.9
0,894,-0.370212,-0.555575,-0.558356,0.2,0.125,0.132653,1,0.333333,1
0,895,0.00260426,-0.106128,0.569411,0.333333,0.2,0.0795455,1,1.16667,0.1
0,895,-0.481874,0.080699,0.175804,0.142857,0.333333,0.05,1,1.16667,0.2
0,895,-0.693884,-0.770305,-1.55543,0.1,0.111111,0.0280374,1,1.16667,0.3
1,895,2.53213,2.53321,1.8801,1,1,0.306122,1,0,0.4
1,895,1.19833,1.04571,1.42686,0.5,0.5,0.104651,1,0,0.5
0,895,-0.467752,-0.597089,-0.248757,0.166667,0.166667,0.0526316,1,1.16667,0.6
0,895,-0.691794,-0.639853,-1.00719,0.111111,0.142857,0.0384615,1,1.16667,0.7
0,895,-0.690458,-0.0649609,-0.224886,0.125,0.25,0.0280374,1,1.16667,0.8
0,895,-0.26884,-0.814595,-0.585003,0.25,0.1,0.0431034,1,1.16667,0.9
0,895,-0.438462,-0.66669,-0.430914,0.2,0.125,0.0510204,1,1.16667,1
1,896,0.718895,-1.51456,-0.174544,0.5,0.1,0.125,1,0,0.1
0,896,-0.503354,1.80678,1.15839,0.2,1,0.0925926,1,0.666667,0.2
0,896,-0.573391,-1.34281,-1.14896,0.142857,0.111111,0.102041,1,0.666667,0.3
0,896,-0.0440129,0.309141,0.642096,0.25,0.25,0.0560748,0,0.166667,0.4
0,896,0.18907,0.277017,0.649558,0.333333,0.2,0.0810811,0,0.166667,0.5
0,896,-0.556614,-0.0175813,-0.283771,0.166667,0.166667,0.0595238,0,0,0.6
0,896,-0.680988,0.683173,-0.424855,0.1,0.333333,0.0967742,1,0.666667,0.7
1,896,2.70283,1.03162,1.88622,1,0.5,0.0592105,1,0.666667,0.8
0,896,-0.615712,-0.912244,-1.15518,0.125,0.125,0.0609756,1,0.666667,0.9
0,896,-0.636723,-0.320545,-1.14896,0.111111,0.142857,0.097561,0,0,1
1,897,-0.970787,1.33334,0.107962,0.1,1,0.147059,1,0.333333,0.1
0,897,-0.546641,-0.530331,-0.93336,0.142857,0.142857,0.0833333,0,0,0.2
0,897,-0.486907,-2.17589,-1.16015,0.2,0.1,0.0869565,0,0.166667,0.3
0,897,-0.358272,1.24756,1.45909,0.25,0.5,0.181818,1,0.333333,0.4
0,897,1.57521,-0.820679,0.368213,1,0.111111,0.0316742,0,0,0.5
0,897,1.53234,0.350794,1.15693,0.5,0.2,0.0731707,0,0.333333,0.6
0,897,1.39872,0.451859,1.44904,0.333333,0.333333,0.111111,0,0.166667,0.7
0,897,-0.680677,0.305936,-0.924999,0.125,0.166667,0.138889,0,0.166667,0.8
1,897,-0.923946,0.439499,-0.597728,0.111111,0.25,0.148148,1,0.166667,0.9
0,897,-0.539037,-0.602093,-0.924999,0.166667,0.125,0.0810811,0,0,1
0,898,-0.927234,-0.702528,-0.698779,0.142857,0.142857,0.131579,0,0,0.1
0,898,0.946855,2.31848,1.81555,0.5,1,0.157895,1,0.666667,0.2
0,898,0.728984,-0.541584,0.405856,0.333333,0.166667,0.106383,0,0.5,0.3
1,898,-1.14694,0.844588,0.026837,0.111111,0.5,0.16,1,0,0.4
0,898,-1.24543,-0.743228,-1.50731,0.1,0.125,0.1,1,0.666667,0.5
0,898,0.0182472,-0.947851,-0.893093,0.166667,0.111111,0.0961538,1,1,0.6
0,898,0.0939612,-0.136616,0.165596,0.2,0.2,0.121951,1,1,0.7
0,898,-0.976425,0.15958,-0.246929,0.125,0.25,0.125,0,0.5,0.8
0,898,0.646458,-1.01931,-0.642344,0.25,0.1,0.0740741,1,0.666667,0.9
1,898,1.86152,0.768468,1.57462,1,0.333333,0.097561,1,0,1
1,899,2.57673,2.15465,1.71653,1,1,0.133333,1,0,0.1
1,899,-0.905038,-0.711617,-1.08158,0.1,0.142857,0.0952381,1,0.166667,0.2
0,899,-0.670994,-0.383795,-0.404075,0.142857,0.166667,0.0588235,0,0.166667,0.3
0,899,-0.213225,0.719452,0.519873,0.2,0.333333,0.0655738,0,0.166667,0.4
0,899,-0.737166,-1.23464,-1.42011,0.111111,0.1,0.0588235,0,0,0.5
0,899,0.381927,-0.724905,-0.205321,0.25,0.125,0.060241,0,0.333333,0.6
0,899,-0.708498,-1.13419,-1.09132,0.125,0.111111,0.0545455,0,0.333333,0.7
0,899,0.50029,0.736915,1.30273,0.5,0.5,0.0655738,1,0.166667,0.8
0,899,-0.650079,0.0246717,-0.0447116,0.166667,0.2,0.0833333,0,0,0.9
0,899,0.426052,0.553464,0.707977,0.333333,0.25,0.0352941,1,0,1
1,900,2.8423,0.88973,1.58225,1,0.333333,0.166667,1,0,0.1
0,900,-0.678127,0.0770434,-0.645457,0.1,0.25,0.0483871,0,0.333333,0.2
0,900,0.144359,-0.105598,0.407823,0.333333,0.166667,0.0361446,0,0,0.3
0,900,-0.308636,-0.100832,-0.0540329,0.166667,0.2,0.0506329,0,0.333333,0.4
0,900,-0.282271,-0.145127,-0.0405644,0.25,0.142857,0.0493827,0,0,0.5
0,900,-0.291386,-0.695386,-0.67699,0.2,0.111111,0.0425532,0,0.333333,0.6
0,900,-0.485852,-0.228849,-0.909727,0.142857,0.125,0.0526316,0,0,0.7
0,900,0.34458,1.62814,1.82435,0.5,1,0.114286,0,0,0.8
1,900,-0.627407,-2.25694,-1.51462,0.125,0.1,0.027027,1,0,0.9
0,900,-0.657558,0.937814,0.026967,0.111111,0.5,0.0769231,0,0,1
1,901,2.18212,0.227493,1.35147,1,0.333333,0.111111,0,0.166667,0.1
0,901,0.160766,-0.250356,0.142128,0.2,0.2,0.0598291,0,0.166667,0.2
0,901,0.468172,0.118616,0.730782,0.333333,0.25,0.137255,0,0,0.3
0,901,0.278096,-0.284965,0.148012,0.25,0.166667,0.0584416,0,0.166667,0.4
1,901,0.945359,2.63581,1.55826,0.5,1,0.25641,1,0.833333,0.5
0,901,-1.3385,-1.01634,-1.63308,0.1,0.1,0.0674157,1,0.833333,0.6
0,901,-0.605504,-0.664407,-0.777037,0.142857,0.125,0.0677966,1,0.833333,0.7
0,901,-0.208932,-0.567608,-0.417091,0.166667,0.142857,0.145833,1,1,0.8
0,901,-1.09928,-0.815564,-1.29862,0.111111,0.111111,0.111111,1,0.833333,0.9
0,901,-0.782301,0.617319,0.195182,0.125,0.5,0.159091,1,0.833333,1
0,902,-0.106576,0.247481,0.912749,0.333333,0.25,0.0958904,1,0.666667,0.1
1,902,1.88681,-0.513967,0.243783,0.5,0.125,0.0722892,1,0.166667,0.2
0,902,-0.287599,-0.394047,-0.0432752,0.25,0.142857,0.0454545,1,0.666667,0.3
0,902,2.05662,-0.316761,0.960106,1,0.166667,0.0769231,1,0.166667,0.4
0,902,-0.567666,-0.181747,-0.285786,0.142857,0.2,0.0659341,1,0.833333,0.5
0,902,-0.554935,1.63746,0.693357,0.166667,0.5,0.103448,1,0.166667,0.6
0,902,-0.594005,-0.975273,-1.40697,0.125,0.111111,0.0625,0,0,0.7
0,902,-0.617378,0.326674,-0.229512,0.111111,0.333333,0.0722892,1,0.666667,0.8
0,902,-0.525437,1.76323,1.19527,0.2,1,0.105263,1,0.666667,0.9
1,902,-0.68984,-1.59305,-2.03972,0.1,0.1,0.122449,0,0,1
0,903,0.298597,-0.151711,0.382687,0.25,0.2,0.172414,0,0,0.1
1,903,2.29378,2.58694,2.01627,1,1,0.205882,0,0,0.2
0,903,1.07921,-0.310958,0.631715,0.5,0.166667,0.0390625,1,0,0.3
0,903,-0.802799,0.648788,0.423856,0.142857,0.5,0.0568182,0,0,0.4
0,903,-0.849897,-0.576528,-1.28188,0.111111,0.125,0.0819672,0,0,0.5
0,903,-0.753791,-0.0441665,0.168432,0.166667,0.25,0.151515,0,0,0.6
0,903,0.105711,-1.31245,-0.848324,0.2,0.1,0.047619,0,0,0.7
1,903,0.322401,-0.326028,0.188537,0.333333,0.142857,0.137931,0,0,0.8
0,903,-0.823297,0.228823,-0.0132089,0.125,0.333333,0.035461,0,0,0.9
0,903,-0.869919,-0.742704,-1.66808,0.1,0.111111,0.0505051,0,0,1
0,904,-0.298136,0.337052,0.143982,0.166667,0.25,0.0776699,1,0.333333,0.1
0,904,-1.40957,-1.11613,-1.58862,0.1,0.1,0.076087,0,0,0.2
0,904,-0.0628265,0.0269276,0.138259,0.2,0.2,0.079646,0,0,0.3
0,904,0.247526,1.41768,1.10692,0.333333,0.5,0.0810811,1,0.333333,0.4
0,904,-0.89533,-0.904392,-1.09581,0.111111,0.125,0.0895522,0,0,0.5
1,904,1.92804,1.89897,1.72359,1,1,0.109589,1,0.333333,0.6
0,904,0.0566056,-0.999945,-0.373628,0.25,0.111111,0.148148,0,0,0.7
0,904,-0.707493,-0.58465,-0.578198,0.125,0.166667,0.113208,0,0,0.8
0,904,-0.474673,-0.69409,-0.583424,0.142857,0.142857,0.0616438,0,0,0.9
1,904,1.61586,0.618571,1.10692,0.5,0.333333,0.118421,0,0,1
1,905,-0.552722,-0.65024,-0.765903,0.142857,0.125,0.138889,1,0,0.1
0,905,-0.534301,-1.11214,-0.920377,0.166667,0.1,0.0576923,1,0.333333,0.2
0,905,0.184121,-0.205202,0.331473,0.25,0.2,0.0933333,1,0.166667,0.3
0,905,0.327201,-0.114738,0.924137,0.5,0.25,0.1125,1,0.166667,0.4
0,905,0.233339,0.63929,1.12159,0.333333,0.5,0.145455,0,0,0.5
0,905,-0.578682,-0.765988,-1.11033,0.125,0.111111,0.0598291,1,0.333333,0.6
1,905,2.76222,2.56176,1.74644,1,1,0.203125,0,0,0.7
0,905,-0.741257,-0.383256,-0.755543,0.111111,0.166667,0.0462963,1,0.333333,0.8
0,905,-0.332586,0.553607,0.52893,0.2,0.333333,0.0597015,0,0,0.9
0,905,-0.767334,-0.523093,-1.10042,0.1,0.142857,0.0731707,0,0,1
0,906,1.90454,1.17533,2.36418,1,1,0.0649351,0,0.333333,0.1
0,906,-1.24451,1.05598,0.0307343,0.111111,0.5,0.0526316,0,0.333333,0.2
1,906,0.539396,-1.94864,-0.735628,0.25,0.1,0.0344828,1,0,0.3
0,906,-0.267443,0.571582,0.197495,0.166667,0.25,0.0512821,1,0.5,0.4
0,906,0.408863,0.933466,0.716021,0.2,0.333333,0.0470588,1,0.166667,0.5
0,906,-1.29392,-0.194093,-1.24593,0.1,0.166667,0.0379747,0,0,0.6
0,906,0.807717,-1.41916,0.0307343,0.5,0.111111,0.043956,0,0,0.7
0,906,-0.31163,0.484728,-0.305307,0.142857,0.2,0.0434783,0,0,0.8
0,906,-1.19971,-0.376188,-1.27337,0.125,0.125,0.0526316,0,0,0.9
1,906,0.65669,-0.283006,0.22107,0.333333,0.142857,0.0655738,1,0,1
0,907,0.567057,-0.173053,0.220682,0.333333,0.142857,0.0409836,0,0,0.1
0,907,-0.159535,0.487881,0.463981,0.166667,0.333333,0.0320513,1,0,0.2
0,907,0.506236,1.59862,1.27468,0.2,1,0.0555556,0,0,0.3
0,907,-1.04094,0.27771,-0.511592,0.111111,0.25,0.0235294,0,0,0.4
0,907,0.634119,-1.23735,0.0306805,0.5,0.111111,0.0980392,1,0,0.5
0,907,-0.80585,-1.87517,-1.72319,0.125,0.1,0.0519481,0,0,0.6
0,907,-0.727971,1.26903,0.496122,0.142857,0.5,0.0540541,0,0,0.7
1,907,2.02125,0.158546,1.27468,1,0.2,0.121212,0,0,0.8
0,907,0.540096,0.126573,0.197149,0.25,0.166667,0.05,0,0,0.9
1,907,-1.53446,-0.632779,-1.72319,0.1,0.125,0.0294118,0,0,1
0,908,1.52623,0.539634,1.41635,1,0.333333,0.0493827,0,0,0.1
1,908,1.47759,2.20607,1.63306,0.5,1,0.125,1,0.166667,0.2
0,908,-0.537739,1.03243,0.779095,0.2,0.5,0.0535714,0,0,0.3
0,908,-0.615052,-0.854995,-0.622911,0.166667,0.125,0.0810811,0,0,0.4
0,908,-0.782178,-1.27723,-1.35581,0.125,0.1,0.0428571,0,0,0.5
0,908,0.320828,-0.879021,-0.402521,0.25,0.111111,0.0547945,0,0,0.6
0,908,-0.975156,-0.0796453,-0.803323,0.111111,0.166667,0.04,0,0,0.7
0,908,-0.714172,0.108874,-0.036311,0.142857,0.25,0.0348837,0,0,0.8
1,908,1.28984,-0.00689333,0.562379,0.333333,0.2,0.107143,1,0.166667,0.9
0,908,-0.990197,-0.789224,-1.17001,0.1,0.142857,0.0408163,0,0,1
1,909,2.04737,2.54374,1.80022,1,1,0.166667,1,0,0.1
0,909,-0.482353,-0.389991,-0.0352031,0.25,0.142857,0.08,0,0,0.2
1,909,-0.516294,-0.506467,-0.78949,0.142857,0.125,0.130435,1,0,0.3
0,909,-0.530304,-0.666428,-1.48934,0.1,0.111111,0.0533333,1,0.166667,0.4
0,909,-0.442481,0.805009,1.15614,0.333333,0.5,0.0833333,0,0,0.5
0,909,1.95056,-0.338866,0.564025,0.5,0.166667,0.0583333,0,0,0.6
0,909,-0.496608,0.0117801,0.150384,0.166667,0.25,0.0588235,0,0,0.7
0,909,-0.521067,-1.37776,-1.48934,0.111111,0.1,0.0606061,1,0.166667,0.8
0,909,-0.491051,-0.118486,0.144406,0.2,0.2,0.0701754,0,0,0.9
0,909,-0.517772,0.0374732,-0.0117935,0.125,0.333333,0.045977,0,0,1
0,910,-1.15348,0.160862,-1.59896,0.111111,0.142857,0.0677966,1,0.5,0.1
0,910,-0.375301,0.174932,-0.394913,0.166667,0.166667,0.0714286,0,0,0.2
0,910,1.65587,-1.95959,-0.242907,0.5,0.1,0.105263,0,0.166667,0.3
0,910,-0.590846,1.02089,0.328795,0.125,0.5,0.0833333,0,0,0.4
0,910,-0.219475,0.529371,0.566502,0.2,0.25,0.0462963,0,0,0.5
1,910,1.84692,-1.43097,0.398572,1,0.111111,0.0655738,0,0,0.6
0,910,-0.0280542,1.29407,1.93916,0.25,1,0.0641026,1,0.333333,0.7
0,910,-1.15617,0.691232,-0.591256,0.1,0.333333,0.0540541,0,0,0.8
1,910,-0.555709,-0.722794,-1.30896,0.142857,0.125,0.108108,0,0,0.9
0,910,0.576245,0.241987,0.903965,0.333333,0.2,0.0793651,1,0.333333,1
0,911,0.144924,0.791227,0.327891,0.2,0.25,0.0909091,1,0.5,0.1
0,911,0.0922803,0.899368,0.339638,0.166667,0.333333,0.111111,1,0.5,0.2
0,911,1.63853,0.48491,0.933074,1,0.2,0.0869565,0,0,0.3
1,911,0.880465,0.953045,1.10948,0.333333,0.5,0.0641026,1,0.5,0.4
0,911,0.346476,0.320258,0.144314,0.25,0.166667,0.0727273,1,0.5,0.5
1,911,1.26946,1.29825,1.51933,0.5,1,0.0810811,1,0,0.6
0,911,-1.09303,-1.18676,-0.584769,0.142857,0.142857,0,0,0,0.7
0,911,-1.09303,-1.18676,-0.930487,0.125,0.125,0,0,0,0.8
0,911,-1.09303,-1.18676,-1.26618,0.111111,0.111111,0,0,0,0.9
0,911,-1.09303,-1.18676,-1.59229,0.1,0.1,0,0,0,1
0,912,-0.525391,0.0133714,-0.78777,0.125,0.142857,0.0493827,1,1,0.1
0,912,-0.175112,0.897533,0.94397,0.333333,0.333333,0.0724638,1,0.833333,0.2
0,912,-0.315192,1.04564,0.562796,0.166667,0.5,0.0684932,1,0.333333,0.3
0,912,-0.271157,0.436465,0.537782,0.25,0.25,0.1,1,0.833333,0.4
0,912,-0.75867,-2.27191,-1.4861,0.111111,0.1,0.102564,1,0.833333,0.5
0,912,-0.508011,0.163858,-0.422852,0.142857,0.166667,0.0634921,0,0,0.6
1,912,-0.915046,-0.924277,-1.4861,0.1,0.111111,0.0449438,1,0.833333,0.7
0,912,-0.284292,0.259924,0.144091,0.2,0.2,0.0943396,1,1,0.8
1,912,2.47919,1.11926,1.7963,1,1,0.157895,0,0,0.9
0,912,1.27368,-0.739866,0.197878,0.5,0.125,0.0543478,1,0,1
0,913,-0.0117056,-0.128316,-0.302979,0.2,0.142857,0.103896,0,0,0.1
0,913,-0.770172,-0.0383563,-0.552288,0.142857,0.166667,0.08,0,0,0.2
0,913,-0.837977,0.745513,-0.464755,0.1,0.333333,0.0387097,1,0.333333,0.3
0,913,-0.772101,0.698039,-0.280632,0.125,0.25,0.0722892,1,0.333333,0.4
0,913,-0.453382,1.0176,0.73507,0.166667,0.5,0.0777778,1,0.333333,0.5
0,913,0.147816,-1.76558,-0.730018,0.25,0.1,0.115385,1,0,0.6
0,913,-0.797431,-0.606939,-1.49161,0.111111,0.125,0.1,0,0,0.7
1,913,0.296249,0.0627109,0.71056,0.333333,0.2,0.0945946,0,0,0.8
0,913,0.589047,-1.4779,0.0304999,0.5,0.111111,0.111111,0,0,0.9
1,913,2.60966,1.49323,2.34615,1,1,0.289474,1,0,1
0,914,-0.0994402,-0.85555,-0.0187348,0.333333,0.125,0.0727273,0,0,0.1
0,914,-0.443441,0.27356,-0.369306,0.142857,0.2,0.0769231,1,0.833333,0.2
0,914,-0.485709,0.608791,-0.296586,0.111111,0.333333,0.0597015,0,0,0.3
1,914,2.96609,-0.0193152,0.945879,1,0.142857,0.0857143,1,0,0.4
0,914,-0.089827,0.208415,0.89599,0.5,0.166667,0.0769231,0,0,0.5
0,914,-0.250081,1.44342,1.54458,0.2,1,0.0714286,1,0.666667,0.6
0,914,-0.486001,0.284751,-0.889831,0.1,0.25,0.0597015,1,0.833333,0.7
0,914,-0.479136,-1.22763,-1.81815,0.125,0.111111,0.0677966,1,0.666667,0.8
0,914,-0.424633,1.1991,0.89599,0.166667,0.5,0.08,0,0.333333,0.9
1,914,-0.20782,-1.91554,-0.889831,0.25,0.1,0.0869565,1,0.666667,1
1,915,1.92001,-0.586872,0.655133,1,0.142857,0.232558,1,0.166667,0.1
0,915,-0.954916,-1.40245,-1.63868,0.111111,0.1,0.16129,0,0,0.2
0,915,-0.353708,0.136429,0.37594,0.2,0.25,0.164179,1,0.333333,0.3
0,915,-0.38014,0.196987,0.389408,0.166667,0.333333,0.212766,0,0,0.4
0,915,-0.3878,-0.688565,-1.0611,0.142857,0.111111,0.192982,0,0,0.5
1,915,1.88711,2.34131,1.74198,0.5,1,0.340426,1,0.166667,0.6
0,915,-1.09645,-0.617989,-1.44623,0.1,0.125,0.119403,0,0,0.7
0,915,-0.0535489,-0.401849,0.389408,0.333333,0.166667,0.179104,0,0,0.8
0,915,-0.137111,-0.0402352,0.37594,0.25,0.2,0.183673,1,0.333333,0.9
0,915,-0.443447,1.06323,0.218194,0.125,0.5,0.15873,1,0.333333,1
0,916,-0.951689,-1.11492,-1.23793,0.111111,0.111111,0.0980392,1,0.5,0.1
1,916,2.47689,2.00949,1.68902,1,1,0.282051,0,0,0.2
0,916,-1.13385,-1.08139,-1.23324,0.1,0.125,0.0869565,0,0,0.3
0,916,0.118533,0.330288,0.505663,0.25,0.25,0.123596,0,0.166667,0.4
0,916,-0.418539,-0.32304,-0.223475,0.166667,0.166667,0.134328,0,0,0.5
0,916,-0.255453,0.413992,0.511539,0.2,0.333333,0.219512,0,0.166667,0.6
1,916,0.61654,1.25284,1.08472,0.333333,0.5,0.232558,1,0.166667,0.7
0,916,0.649814,0.061695,0.708664,0.5,0.2,0.113208,0,0.333333,0.8
0,916,-0.619586,-1.21697,-1.23324,0.125,0.1,0.0526316,0,0,0.9
0,916,-0.482651,-0.33199,-0.57172,0.142857,0.142857,0.109756,0,0.333333,1
1,917,-0.756206,-0.914786,-1.57456,0.1,0.1,0.075,1,0,0.1
0,917,-0.548852,-0.865495,-1.0861,0.125,0.111111,0.0606061,0,0,0.2
0,917,-0.673157,-0.386216,-0.915171,0.111111,0.142857,0.0353982,0,0,0.3
0,917,-0.342471,0.440883,0.716768,0.2,0.5,0.0769231,0,0,0.4
0,917,-0.352502,-0.791268,-0.573078,0.166667,0.125,0.0641026,0,0,0.5
1,917,2.84902,2.70852,1.70833,1,1,0.0860215,1,0,0.6
0,917,-0.357482,-0.190506,-0.402144,0.142857,0.166667,0.0689655,0,0,0.7
0,917,0.0340632,-0.116359,0.517389,0.333333,0.2,0.0458716,0,0,0.8
0,917,0.369993,-0.10342,0.903973,0.5,0.25,0.0555556,0,0,0.9
0,917,-0.222406,0.218644,0.704594,0.25,0.333333,0.0980392,0,0,1
0,918,-1.23017,0.507976,-1.13093,0.1,0.25,0.0588235,0,0.333333,0.1
0,918,0.711313,-0.186128,0.714558,0.333333,0.166667,0.0581395,1,0.666667,0.2
1,918,-1.05201,1.72291,0.485351,0.111111,1,0.0576923,1,0.666667,0.3
0,918,0.863413,-0.770157,0.400383,0.5,0.125,0.0649351,0,0,0.4
0,918,0.580011,1.237,1.92327,0.25,0.5,0.05,0,0,0.5
0,918,-0.822993,-0.0887159,-0.833042,0.125,0.2,0.0666667,1,0.833333,0.6
0,918,-0.0333769,-1.51824,-1.52922,0.2,0.1,0.0454545,0,0,0.7
1,918,2.09976,-1.31702,0.485351,1,0.111111,0.08,1,0.666667,0.8
0,918,-0.355476,-0.285278,-0.855591,0.166667,0.142857,0.0444444,0,0.166667,0.9
0,918,-0.760461,0.697651,0.339864,0.142857,0.333333,0.102564,1,1,1
0,919,-1.02715,-1.22503,-1.49415,0.111111,0.1,0.0606061,1,0.666667,0.1
0,919,-0.173463,0.411425,0.342783,0.2,0.25,0.0618557,1,0.666667,0.2
0,919,-0.324382,-0.932212,-0.605852,0.166667,0.125,0.0757576,0,0,0.3
1,919,0.268326,-0.711584,-0.0353167,0.25,0.142857,0.043956,1,0,0.4
0,919,-0.426473,-1.16383,-0.967509,0.142857,0.111111,0.107143,1,0.666667,0.5
0,919,1.11345,0.942069,1.37065,0.5,0.5,0.125,0,0,0.6
0,919,0.730056,0.19113,0.546978,0.333333,0.2,0.170732,0,0,0.7
0,919,-0.435013,0.614512,-0.0118316,0.125,0.333333,0.0980392,1,0.666667,0.8
1,919,1.94786,2.06448,1.80603,1,1,0.222222,0,0,0.9
0,919,-1.67321,-0.190961,-0.951782,0.1,0.166667,0.0740741,1,0.666667,1
0,920,-0.97359,-0.241171,-2.35605,0.1,0.142857,0.025,0,0.333333,0.1
0,920,-0.422426,-0.114521,-0.494737,0.166667,0.166667,0.0483871,0,0,0.2
0,920,-0.399918,0.35205,0.709698,0.2,0.25,0.03125,0,0.333333,0.3
0,920,0.324514,-0.482932,-0.0244961,0.333333,0.125,0.0384615,1,0,0.4
0,920,-0.887,0.770676,0.0486096,0.111111,0.5,0.0416667,0,0.333333,0.5
0,920,-0.32904,0.605758,1.54222,0.25,0.333333,0.0576923,0,0.333333,0.6
1,920,2.39468,-0.702166,0.49932,1,0.111111,0.0322581,0,0,0.7
0,920,-0.430851,0.263729,-0.482876,0.142857,0.2,0.0422535,0,0,0.8
1,920,-0.513242,1.76755,0.862616,0.125,1,0.0288462,0,0.666667,0.9
0,920,1.23687,-2.21897,-0.304307,0.5,0.1,0.03125,0,0,1
0,921,-0.477183,-0.961312,-0.754623,0.166667,0.111111,0.121951,1,0.333333,0.1
1,921,-0.780941,-1.52458,-1.27361,0.125,0.1,0.0263158,1,0,0.2
1,921,2.36734,2.39894,1.74431,1,1,0.166667,1,0.333333,0.3
0,921,0.0970456,-0.0361775,0.522218,0.25,0.25,0.0574713,0,0.166667,0.4
0,921,-0.951075,-0.166502,-0.919256,0.1,0.166667,0.05,0,0.166667,0.5
0,921,-0.769602,-0.356738,-0.590437,0.142857,0.142857,0.137931,1,0.333333,0.6
0,921,0.845766,0.540701,1.12023,0.5,0.333333,0.0972222,0,0,0.7
0,921,0.707456,-0.137809,0.528286,0.333333,0.2,0.157895,0,0,0.8
0,921,-0.904436,-0.377929,-1.10898,0.111111,0.125,0.0588235,0,0,0.9
0,921,-0.134373,0.621405,0.731864,0.2,0.5,0.172414,1,0,1
1,922,0.303548,-2.92948,-0.196909,0.5,0.1,0.037037,1,0,0.1
0,922,-0.442699,0.296506,-1.29618,0.111111,0.142857,0.0625,1,1.33333,0.2
0,922,-0.381387,0.509175,1.30682,0.2,1,0.0943396,1,1.33333,0.3
0,922,-0.385633,0.418834,-0.569565,0.142857,0.166667,0.0909091,1,1.33333,0.4
0,922,-0.385633,0.425722,-0.554554,0.125,0.2,0.0909091,1,1.33333,0.5
0,922,-0.37051,0.480033,1.27149,0.333333,0.333333,0.1,1,1.33333,0.6
0,922,-0.381387,0.502832,0.758064,0.166667,0.5,0.0943396,1,1.33333,0.7
0,922,-0.379242,0.442749,0.724371,0.25,0.25,0.0943396,1,1.33333,0.8
0,922,-0.50712,0.0369817,-1.76664,0.1,0.125,0.0373134,1,1.33333,0.9
1,922,2.93006,-0.183348,0.323097,1,0.111111,0.159091,1,1.33333,1
0,923,-0.434097,-0.485449,-0.658603,0.125,0.166667,0.0923077,0,0,0.1
1,923,0.304464,0.561408,0.809746,0.333333,0.25,0.193548,1,0,0.2
0,923,-0.898286,-0.576289,-1.05175,0.111111,0.142857,0.0657895,0,0,0.3
0,923,-0.322022,-0.0511431,-0.253535,0.142857,0.2,0.0652174,0,0,0.4
1,923,2.26391,1.59108,1.96328,1,1,0.111111,1,0.166667,0.5
0,923,0.180453,1.28652,0.823736,0.2,0.5,0.125,1,0.166667,0.6
0,923,-1.78171,-1.2023,-1.62424,0.1,0.111111,0.130435,0,0,0.7
0,923,0.275476,-1.20525,-0.610884,0.25,0.1,0.16129,0,0,0.8
0,923,0.602915,-0.965842,0.216272,0.5,0.125,0.176471,0,0,0.9
0,923,-0.191108,1.04727,0.385978,0.166667,0.333333,0.125,0,0,1
0,924,-0.269083,-0.888619,-0.585802,0.166667,0.125,0.0810811,1,1.5,0.1
0,924,0.262279,0.734518,1.12148,0.333333,0.5,0.133333,1,1.5,0.2
0,924,-0.3677,-0.634944,-0.591097,0.142857,0.142857,0.0625,1,1.5,0.3
0,924,-1.07936,-0.103601,-0.569903,0.111111,0.2,0.0634921,1,1.5,0.4
1,924,0.801169,-0.158044,0.547119,0.5,0.166667,0.09375,1,1.5,0.5
0,924,-0.728912,-1.01443,-1.11022,0.125,0.111111,0.0655738,1,1.5,0.6
0,924,-0.0995426,0.632578,0.528876,0.2,0.333333,0.104167,1,1.5,0.7
1,924,2.45505,2.25907,1.74626,1,1,0.258065,1,1.5,0.8
0,924,0.17411,0.410679,0.522801,0.25,0.25,0.0795455,1,1.5,0.9
0,924,-1.14801,-1.23721,-1.60952,0.1,0.1,0.105263,1,1.5,1
1,925,1.82237,1.92472,1.23816,0.5,0.5,0.0833333,1,0,0.1
1,925,2.16582,2.07308,1.63145,1,1,0.0746269,1,0,0.2
0,925,-0.498523,-0.499725,0.857342,0.333333,0.333333,0,0,0,0.3
0,925,-0.498523,-0.499725,0.488429,0.25,0.25,0,0,0,0.4
0,925,-0.498523,-0.499725,0.130868,0.2,0.2,0,0,0,0.5
0,925,-0.498523,-0.499725,-0.215859,0.166667,0.166667,0,0,0,0.6
0,925,-0.498523,-0.499725,-0.552235,0.142857,0.142857,0,0,0,0.7
0,925,-0.498523,-0.499725,-0.878718,0.125,0.125,0,0,0,0.8
0,925,-0.498523,-0.499725,-1.19574,0.111111,0.111111,0,0,0,0.9
0,925,-0.498523,-0.499725,-1.5037,0.1,0.1,0,0,0,1
0,926,0.357607,0.449677,0.945528,0.5,0.25,0.0958904,0,0,0.1
0,926,-0.772076,-1.4872,-1.47829,0.111111,0.1,0.0659341,0,0,0.2
1,926,2.42092,2.17317,1.78686,1,1,0.144928,1,0.333333,0.3
1,926,-1.75438,-0.486405,-0.941681,0.1,0.166667,0.0727273,0,0,0.4
0,926,-0.113907,-0.636802,-0.599422,0.166667,0.125,0.105263,1,0,0.5
0,926,0.215899,0.231078,0.339145,0.25,0.2,0.0943396,1,0.333333,0.6
0,926,-0.175925,0.691845,0.37563,0.142857,0.5,0.0673077,1,0.333333,0.7
0,926,-0.41116,-0.975182,-1.13603,0.125,0.111111,0.0821918,0,0,0.8
0,926,0.275511,0.627134,0.939011,0.333333,0.333333,0.0853659,0,0,0.9
0,926,-0.042496,-0.587315,-0.230753,0.2,0.142857,0.048951,0,0,1
1,927,2.56853,0.977074,1.27434,1,0.333333,0.296875,0,0.166667,0.1
0,927,-0.751469,-0.477099,-0.560457,0.125,0.166667,0.16129,0,0.166667,0.2
1,927,0.354632,-0.0612446,0.500182,0.25,0.25,0.166667,1,0.333333,0.3
0,927,-0.679608,-0.794053,-0.732692,0.142857,0.125,0.0645161,0,0.333333,0.4
0,927,-0.975354,-1.09687,-1.53988,0.1,0.1,0.0869565,1,0.333333,0.5
0,927,0.390554,1.75048,1.27434,0.333333,1,0.196078,0,0.333333,0.6
0,927,0.522234,1.59777,1.26795,0.5,0.5,0.215686,0,0.333333,0.7
0,927,-0.15534,-0.380649,0.134017,0.2,0.2,0.142857,1,0.166667,0.8
0,927,-0.774602,-0.944946,-1.22451,0.111111,0.111111,0.163934,0,0.333333,0.9
0,927,-0.499581,-0.570468,-0.393288,0.166667,0.142857,0.171429,0,0.166667,1
1,928,-0.238802,-2.81949,-1.66928,0.2,0.1,0.128205,0,0,0.1
0,928,0.121143,-0.0296442,-0.0259917,0.333333,0.125,0.120482,1,1.16667,0.2
0,928,-0.817794,0.319829,-1.66928,0.1,0.2,0.137931,1,1.16667,0.3
0,928,-0.794144,0.789931,0.915283,0.125,1,0.16,1,1.16667,0.4
0,928,-0.310906,0.534926,-0.0775839,0.142857,0.25,0.183673,1,1.16667,0.5
0,928,-0.79757,0.65141,0.0515774,0.111111,0.5,0.156863,1,1.16667,0.6
0,928,-0.303027,0.597628,0.780006,0.166667,0.333333,0.183673,1,1.16667,0.7
1,928,2.75714,0.236659,1.72128,1,0.166667,0.152941,1,1.16667,0.8
0,928,-0.0617214,0.142338,-0.0775839,0.25,0.142857,0.0934579,1,1.16667,0.9
0,928,0.445685,-0.423591,0.0515774,0.5,0.111111,0.125,0,0,1
0,929,-0.633393,0.733495,-0.0190998,0.125,0.333333,0.045977,1,0.5,0.1
0,929,-1.07197,-0.399239,-1.56185,0.111111,0.142857,0.0769231,1,0.666667,0.2
0,929,0.724547,0.694289,1.20248,0.333333,0.25,0.0609756,0,0.166667,0.3
0,929,0.287161,-1.27448,-0.631996,0.25,0.111111,0.0571429,0,0,0.4
0,929,-0.493106,0.800732,1.22325,0.2,0.5,0.117647,0,0,0.5
0,929,-0.504878,1.90895,1.26487,0.166667,1,0.114286,0,0.166667,0.6
0,929,-1.07501,-0.207564,-1.53646,0.1,0.166667,0.06,0,0.166667,0.7
0,929,1.27898,-0.839978,0.321165,0.5,0.125,0.0561798,1,0.5,0.8
1,929,-0.568837,0.053316,-0.376501,0.142857,0.2,0.0888889,1,0.5,0.9
1,929,2.0565,-1.46953,0.114152,1,0.1,0.0547945,1,0,1
1,930,2.00422,0.859303,1.50626,1,0.5,0.0645161,1,0,0.1
1,930,0.653058,-0.353428,0.160151,0.333333,0.142857,0.097561,1,0.5,0.2
0,930,-1.07301,-1.04769,-0.922477,0.125,0.125,0.0363636,1,0.5,0.3
0,930,1.20563,1.42362,1.50626,0.5,1,0.0615385,1,0.5,0.4
0,930,-1.07452,-1.83855,-1.41693,0.111111,0.1,0.037037,0,0,0.5
0,930,0.468191,0.735568,0.706395,0.25,0.333333,0.0735294,0,0,0.6
0,930,-1.07452,-1.17523,-1.41693,0.1,0.111111,0.0408163,0,0,0.7
0,930,-0.280036,0.266041,-0.0446117,0.2,0.166667,0.0517241,0,0,0.8
0,930,-0.389138,0.575496,0.143072,0.166667,0.25,0.0412371,0,0,0.9
0,930,-0.439869,0.554869,-0.221175,0.142857,0.2,0.0540541,1,0.5,1
0,931,-0.570047,1.35088,0.87038,0.166667,0.5,0.310345,1,1.33333,0.1
0,931,-0.646038,-0.391271,-0.940342,0.142857,0.142857,0.236842,1,1.33333,0.2
0,931,-0.516167,1.76468,1.50043,0.2,1,0.391304,1,1.33333,0.3
0,931,0.399387,0.0857327,0.841359,0.333333,0.2,0.238095,1,1.33333,0.4
0,931,0.00425551,-0.437321,-0.33229,0.25,0.125,0.146667,1,1.33333,0.5
0,931,-0.717069,-0.502223,-1.76618,0.125,0.111111,0.147541,1,1.33333,0.6
1,931,1.52325,-2.10014,-0.226083,0.5,0.1,0.159091,1,0,0.7
1,931,2.15845,-0.0501882,1.20523,1,0.166667,0.226415,1,1.33333,0.8
0,931,-0.814164,0.0907501,-0.6022,0.111111,0.25,0.235294,1,1.33333,0.9
0,931,-0.821864,0.189099,-0.550307,0.1,0.333333,0.210526,1,1.33333,1
0,932,-0.691959,0.444324,-0.0342858,0.142857,0.25,0.166667,1,1.33333,0.1
0,932,-0.928887,-2.05949,-1.45054,0.111111,0.1,0.170732,1,1.33333,0.2
0,932,-0.774825,-0.3585,-0.944354,0.125,0.125,0.195652,1,1.33333,0.3
0,932,-1.21658,-1.03542,-1.45054,0.1,0.111111,0.125,1,1.33333,0.4
1,932,2.0211,1.25745,1.54198,1,0.5,0.190476,1,1.33333,0.5
1,932,1.14206,-0.0675194,0.735642,0.5,0.2,0.0882353,0,0,0.6
0,932,-0.435637,0.710881,0.3447,0.166667,0.333333,0.183673,1,1.33333,0.7
0,932,0.3005,-0.157846,0.146465,0.25,0.166667,0.119048,1,1.33333,0.8
0,932,-0.315365,-0.216338,-0.226421,0.2,0.142857,0.113924,1,1.33333,0.9
0,932,0.899593,1.48245,1.33735,0.333333,1,0.183333,1,1.33333,1
0,933,-0.560853,-1.77312,-1.15743,0.142857,0.1,0.131579,0,0.166667,0.1
0,933,0.632068,-0.00565742,0.556334,0.333333,0.2,0.145455,0,0,0.2
1,933,2.5489,2.14464,1.83692,1,1,0.152174,0,0,0.3
0,933,-0.437039,0.496463,0.348646,0.2,0.25,0.0714286,0,0.166667,0.4
0,933,-0.397711,-0.139416,0.153449,0.25,0.166667,0.107143,0,0,0.5
0,933,-0.568347,0.58942,0.202353,0.125,0.5,0.060241,0,0.166667,0.6
0,933,-0.465869,-0.937356,-0.794688,0.166667,0.111111,0.12766,0,0.166667,0.7
1,933,0.815667,0.565476,1.1797,0.5,0.333333,0.145455,1,0.166667,0.8
0,933,-0.842704,-0.506138,-1.34123,0.1,0.125,0.136364,0,0,0.9
0,933,-0.724114,-0.434308,-0.984058,0.111111,0.142857,0.0888889,1,0.166667,1
0,934,-0.612806,0.410986,0.740833,0.2,0.5,0.106383,1,1.16667,0.1
1,934,1.98535,0.2958,1.14715,1,0.25,0.0821918,1,0.5,0.2
0,934,-0.604614,-0.356464,-0.0345278,0.25,0.142857,0.0675676,1,0.666667,0.3
0,934,-0.625264,-0.509589,-0.951019,0.125,0.125,0.0490196,1,0.666667,0.4
0,934,-0.615742,0.0393453,-0.0459919,0.166667,0.2,0.0485437,1,0.666667,0.5
0,934,1.5991,2.50685,1.55286,0.5,1,0.135593,1,0.666667,0.6
1,934,0.83788,0.316841,0.927884,0.333333,0.333333,0.091954,1,0.666667,0.7
0,934,-0.646776,-0.314086,-0.763871,0.111111,0.166667,0.0462963,0,0.333333,0.8
0,934,-0.624769,-1.28611,-1.11255,0.142857,0.1,0.0581395,0,0,0.9
0,934,-0.692363,-1.10357,-1.46077,0.1,0.111111,0.105263,1,0.666667,1
1,935,0.461224,-0.0975825,0.13944,0.25,0.166667,0.10989,1,0.166667,0.1
0,935,1.11069,0.68401,0.877189,0.333333,0.333333,0.114583,1,0.166667,0.2
0,935,-1.21679,-1.07211,-1.06124,0.111111,0.125,0.137255,0,0.166667,0.3
1,935,1.13133,1.42498,1.26682,0.5,0.5,0.156863,0,0,0.4
0,935,-1.34155,-1.17127,-1.38096,0.1,0.111111,0.122807,0,0.166667,0.5
0,935,0.0336628,0.382441,0.316817,0.2,0.25,0.118421,1,0.166667,0.6
0,935,-0.661965,0.32075,-0.215561,0.142857,0.2,0.131148,1,0.333333,0.7
0,935,-0.153613,-0.61761,-0.392937,0.166667,0.142857,0.12,1,0.166667,0.8
0,935,1.60838,1.54449,1.66922,1,1,0.238095,0,0,0.9
0,935,-0.971375,-1.3981,-1.21878,0.125,0.1,0.116667,0,0,1
0,936,-0.502719,0.499822,0.162878,0.142857,0.333333,0.0666667,0,0,0.1
0,936,-0.372269,-0.125934,-0.208351,0.25,0.125,0.0862069,0,0,0.2
1,936,-0.533259,-0.0719308,-0.763896,0.125,0.142857,0.0677966,1,0.166667,0.3
0,936,-0.640259,-2.00746,-1.60546,0.1,0.1,0.0645161,1,0.166667,0.4
0,936,-0.379748,0.0773868,-0.0453713,0.2,0.166667,0.0793651,0,0,0.5
0,936,-0.393645,0.211645,-0.0453713,0.166667,0.2,0.0413223,0,0,0.6
0,936,1.07954,0.289302,0.921716,0.5,0.25,0.105263,0,0,0.7
1,936,2.64996,1.7676,1.74186,1,1,0.0985915,1,0,0.8
0,936,-0.542308,-1.3774,-1.27666,0.111111,0.111111,0.0675676,0,0,0.9
0,936,-0.365296,0.736969,1.11866,0.333333,0.5,0.0574713,0,0,1
0,937,-0.321811,0.27257,-0.0891163,0.166667,0.2,0.126582,0,0,0.1
0,937,-0.9286,0.00219956,-1.83282,0.111111,0.142857,0.125,0,0,0.2
0,937,-0.0633077,1.55128,2.22278,0.25,1,0.263158,0,0,0.3
0,937,-0.616357,0.132929,-0.805376,0.142857,0.166667,0.10989,0,0,0.4
1,937,1.78645,-1.08547,0.0444766,0.5,0.111111,0.0952381,0,0,0.5
0,937,-0.18702,0.276047,0.649357,0.2,0.25,0.120879,1,0.166667,0.6
1,937,1.81729,-2.28301,0.133956,1,0.1,0.104478,1,0,0.7
0,937,-0.626332,0.970785,0.376884,0.125,0.5,0.138889,1,0.166667,0.8
0,937,0.394151,-0.117795,-0.0224134,0.333333,0.125,0.142857,0,0,0.9
0,937,-1.25446,0.280474,-0.677731,0.1,0.333333,0.184211,0,0,1
0,938,0.0428287,0.57529,0.737107,0.25,0.333333,0.0714286,0,0.166667,0.1
0,938,-0.168362,0.632625,0.559933,0.166667,0.5,0.0705882,1,0.166667,0.2
0,938,-1.05222,-0.530844,-1.30986,0.111111,0.111111,0.0342466,0,0,0.3
0,938,0.0589309,-0.43057,0.167114,0.333333,0.142857,0.0508475,0,0,0.4
1,938,-1.52683,-1.67429,-1.64721,0.1,0.1,0.025641,0,0,0.5
0,938,-0.238823,0.102524,-0.0349477,0.142857,0.25,0.0952381,1,0.166667,0.6
0,938,-0.0561305,-0.382904,-0.0465513,0.2,0.166667,0.0875,0,0,0.7
0,938,1.65476,-0.224318,0.749842,0.5,0.2,0.0725806,0,0.166667,0.8
1,938,1.84767,2.3669,1.78716,1,1,0.104478,1,0.333333,0.9
0,938,-0.561825,-0.434411,-0.962584,0.125,0.125,0.09375,0,0,1
0,939,0.379383,-0.470108,0.410753,0.5,0.142857,0.107692,1,0.333333,0.1
0,939,-0.0162113,0.881512,1.02681,0.333333,0.333333,0.140845,1,0.333333,0.2
0,939,-0.335173,0.578165,0.163225,0.166667,0.25,0.121951,1,0.666667,0.3
1,939,-0.31058,1.0045,0.819818,0.2,0.5,0.181818,1,0.666667,0.4
0,939,-0.260017,-1.99014,-0.607979,0.25,0.1,0.134328,0,0,0.5
0,939,-0.566861,-0.251266,-0.65547,0.125,0.166667,0.145161,1,0.333333,0.6
0,939,-0.773282,0.0589207,-0.822099,0.1,0.2,0.134615,1,0.5,0.7
0,939,-0.373794,-0.599924,-0.856904,0.142857,0.125,0.230769,0,0,0.8
1,939,2.85662,1.61087,1.95394,1,1,0.301887,1,0.333333,0.9
0,939,-0.600084,-0.822524,-1.4321,0.111111,0.111111,0.109375,1,0.5,1
0,940,-0.0269406,2.49867,1.76676,0.333333,1,0.183673,1,1.16667,0.1
0,940,-0.0475864,-0.862629,-0.502106,0.25,0.111111,0.140351,1,0.5,0.2
1,940,2.82669,-0.35915,1.00491,1,0.166667,0.208333,0,0,0.3
0,940,0.363418,-0.389649,0.486923,0.5,0.142857,0.166667,0,0,0.4
0,940,-0.698293,-0.74642,-1.47262,0.111111,0.125,0.12963,1,0.833333,0.5
0,940,-0.528051,-0.950134,-1.45947,0.142857,0.1,0.0952381,1,0.5,0.6
0,940,-0.150755,-0.205413,0.185802,0.2,0.2,0.0957447,1,0.5,0.7
0,940,-0.755115,-0.10904,-0.720724,0.1,0.25,0.125,1,0.5,0.8
0,940,-0.365372,1.10332,0.725711,0.166667,0.5,0.114754,1,0.833333,0.9
1,940,-0.617991,0.02045,-0.0151743,0.125,0.333333,0.112903,1,0.5,1
0,941,0.282548,-1.53916,-0.748358,0.2,0.1,0.0430108,0,0,0.1
0,941,-0.972151,-1.07844,-1.13083,0.125,0.111111,0.0714286,0,0,0.2
0,941,-0.580296,-0.426663,-0.418703,0.142857,0.166667,0.0491803,0,0,0.3
1,941,0.751242,1.31757,1.34989,0.5,0.5,0.0877193,1,0.833333,0.4
0,941,-0.385415,-0.430321,-0.418703,0.166667,0.142857,0.08,0,0,0.5
0,941,-1.26189,-0.882145,-1.2987,0.1,0.125,0.0454545,1,0.666667,0.6
0,941,0.742943,1.67869,1.35669,0.333333,1,0.0952381,1,0.666667,0.7
1,941,2.10514,0.623303,1.35669,1,0.333333,0.0434783,1,0.333333,0.8
0,941,-1.08833,0.135846,-0.580482,0.111111,0.2,0.0769231,1,0.666667,0.9
0,941,0.406213,0.601328,0.532505,0.25,0.25,0.0519481,1,0.833333,1
0,942,-0.844539,-0.066162,-0.456104,0.142857,0.166667,0.104167,1,1,0.1
0,942,-0.879427,-0.111723,-1.03797,0.111111,0.142857,0.0714286,1,1,0.2
0,942,1.21613,-0.726451,-0.0126932,0.333333,0.125,0.140351,0,0.166667,0.3
1,942,1.51917,-0.0510252,0.812944,0.5,0.2,0.125,1,1,0.4
0,942,-0.458966,0.350972,0.161856,0.166667,0.25,0.108696,1,1,0.5
0,942,-0.192747,-1.28613,-0.632334,0.2,0.111111,0.0736842,0,0,0.6
0,942,-0.974792,-1.30221,-1.78583,0.1,0.1,0.0806452,0,0.166667,0.7
1,942,1.65818,2.37536,1.93756,1,1,0.3,1,1,0.8
0,942,-0.178726,0.367621,0.799137,0.25,0.333333,0.193548,1,1,0.9
0,942,-0.864283,0.449751,0.213439,0.125,0.5,0.135135,1,1,1
0,943,2.20937,0.744582,1.39891,1,0.25,0.0945946,0,0,0.1
0,943,-0.965896,0.506924,-0.90593,0.1,0.2,0.056338,0,0.5,0.2
0,943,-0.962872,0.297583,-0.931511,0.111111,0.166667,0.0952381,0,0.5,0.3
1,943,1.06732,-0.065685,0.452638,0.5,0.142857,0.0853659,1,0.5,0.4
0,943,-0.186191,0.92108,1.16295,0.2,1,0.0576923,0,0.5,0.5
0,943,-0.647947,0.797013,0.20134,0.142857,0.333333,0.0632911,1,0.5,0.6
0,943,-0.647652,-0.482402,-0.72231,0.166667,0.125,0.0568182,1,0.5,0.7
1,943,0.488257,-1.94535,-0.669976,0.25,0.1,0.0754717,0,0,0.8
0,943,0.509936,0.896813,1.38282,0.333333,0.5,0.142857,0,0.5,0.9
0,943,-0.864323,-1.67055,-1.36893,0.125,0.111111,0.0952381,1,0.5,1
0,944,-0.557731,-0.703407,-0.231354,0.2,0.142857,0.037037,0,0,0.1
0,944,-0.770819,-0.741417,-0.785674,0.142857,0.125,0.0714286,0,0.166667,0.2
0,944,-0.0596584,0.208101,0.536351,0.25,0.25,0.0588235,1,0.166667,0.3
0,944,1.60933,1.59366,1.79152,1,1,0.0833333,0,0,0.4
0,944,1.40058,-0.505219,0.542583,0.333333,0.2,0.0538462,0,0,0.5
0,944,-0.594771,-0.836303,-0.775046,0.166667,0.111111,0.034188,0,0,0.6
1,944,-0.792711,1.32264,-0.0117365,0.125,0.333333,0.0638298,1,0.166667,0.7
0,944,-0.824148,-1.10186,-1.48214,0.111111,0.1,0.0526316,0,0.166667,0.8
0,944,-0.867851,-0.657968,-0.944134,0.1,0.166667,0.0447761,0,0,0.9
1,944,1.45777,1.42177,1.35963,0.5,0.5,0.0645161,1,0,1
0,945,0.574834,0.909949,0.704439,0.25,0.333333,0.176471,1,1.33333,0.1
1,945,2.04654,1.01223,1.50209,1,0.5,0.166667,1,1.33333,0.2
0,945,-0.550115,-1.71114,-1.07617,0.142857,0.1,0.0689655,1,1.33333,0.3
0,945,-1.17424,-0.627372,-1.07617,0.1,0.142857,0.0941176,1,1.33333,0.4
0,945,-1.17303,-1.21634,-1.25181,0.111111,0.111111,0.0695652,1,1.5,0.5
0,945,1.04691,0.696959,0.903774,0.5,0.25,0.159091,1,1.5,0.6
1,945,0.718888,1.4817,1.30275,0.333333,1,0.178571,1,1.33333,0.7
0,945,-0.662074,-0.682883,-0.919923,0.125,0.125,0.114286,1,1.33333,0.8
0,945,-0.291251,-0.239284,-0.0444882,0.2,0.166667,0.102804,1,1.33333,0.9
0,945,-0.536459,0.376185,-0.0444882,0.166667,0.2,0.153846,1,0.333333,1
0,946,-0.312345,-0.268824,0.141252,0.166667,0.25,0.101695,0,0,0.1
0,946,-0.277408,-0.276492,0.135637,0.2,0.2,0.157895,1,0,0.2
0,946,-0.541917,-0.884108,-1.23462,0.125,0.1,0.0724638,0,0,0.3
0,946,-0.61349,-0.635962,-1.23931,0.111111,0.111111,0.0833333,0,0,0.4
1,946,2.8793,2.77579,1.69091,1,1,0.409091,0,0.166667,0.5
0,946,-0.66299,-0.489723,-1.23462,0.1,0.125,0.0705882,0,0,0.6
0,946,-0.454437,-0.317872,-0.398042,0.142857,0.166667,0.103448,0,0,0.7
0,946,-0.25264,-0.488196,-0.0330654,0.25,0.142857,0.084507,1,0,0.8
1,946,-0.134394,0.616448,1.08593,0.333333,0.5,0.0740741,1,0.166667,0.9
0,946,0.370327,-0.0310608,1.08593,0.5,0.333333,0.117647,0,0,1
1,947,1.62557,-0.797013,0.392113,0.5,0.142857,0.122807,1,0,0.1
0,947,0.5203,-0.932116,-0.0122197,0.333333,0.125,0.102273,0,0,0.2
0,947,-0.525977,-0.115515,-0.439088,0.142857,0.166667,0.155556,0,0,0.3
0,947,-0.253258,1.12833,0.769323,0.25,0.333333,0.079646,0,0,0.4
0,947,-0.639739,0.245161,-0.427515,0.125,0.2,0.102564,0,0,0.5
0,947,-0.452612,0.726483,0.155818,0.166667,0.25,0.159091,0,0,0.6
1,947,2.01234,1.25547,1.86527,1,1,0.152542,1,0,0.7
0,947,-1.18143,-1.031,-1.54316,0.1,0.111111,0.113208,0,0,0.8
0,947,-0.357789,1.15066,0.782615,0.2,0.5,0.0882353,0,0,0.9
0,947,-0.7474,-1.63046,-1.54316,0.111111,0.1,0.101695,0,0,1
0,948,-0.363438,0.236414,-0.273141,0.142857,0.2,0.0934579,0,0.333333,0.1
0,948,2.13964,-0.3452,0.699578,1,0.142857,0.166667,1,0,0.2
1,948,1.54631,0.297751,1.11922,0.5,0.25,0.161765,0,0,0.3
0,948,0.163571,0.766849,1.1115,0.333333,0.333333,0.135802,0,0.333333,0.4
0,948,-1.02113,-1.28741,-1.55022,0.111111,0.111111,0.0873786,0,0,0.5
0,948,-0.641373,1.71818,0.487943,0.125,1,0.157895,0,0,0.6
0,948,-0.212386,0.210932,-0.0550933,0.2,0.166667,0.0818182,1,0,0.7
1,948,-0.172692,-1.19675,-0.252995,0.25,0.125,0.157895,1,0,0.8
0,948,-1.11192,-1.42138,-1.94947,0.1,0.1,0.0961538,0,0,0.9
0,948,-0.326584,1.02061,0.662679,0.166667,0.5,0.0982143,0,0.333333,1
0,949,-0.666366,-0.974581,-1.95928,0.1,0.111111,0.0769231,0,0,0.1
0,949,-0.625655,0.39162,-0.772895,0.111111,0.2,0.0877193,1,1,0.2
0,949,-0.38168,0.828674,0.993653,0.2,0.5,0.125,1,1,0.3
0,949,-0.592014,0.688259,-0.0155148,0.125,0.333333,0.046875,1,1,0.4
1,949,2.73735,-1.65513,0.0927258,1,0.1,0.0895522,0,0,0.5
0,949,-0.392847,-0.317984,-0.313345,0.166667,0.166667,0.128205,1,1,0.6
0,949,-0.524256,0.444237,-0.0463109,0.142857,0.25,0.111111,1,1,0.7
0,949,-0.202955,-0.89471,-0.283276,0.25,0.125,0.0895522,1,1,0.8
1,949,0.821547,1.9256,2.0828,0.5,1,0.148936,1,1,0.9
0,949,-0.173122,-0.435989,0.22145,0.333333,0.142857,0.119048,0,0,1
0,950,0.229386,-0.429895,-0.42334,0.25,0.125,0.0705882,1,0.166667,0.1
0,950,-1.36165,-0.164624,-1.10125,0.1,0.25,0.111111,1,0.5,0.2
1,950,-0.543593,1.48908,0.744008,0.142857,0.5,0.0666667,0,0,0.3
0,950,1.22779,-0.829575,0.0460099,0.5,0.111111,0.0722892,0,0,0.4
1,950,-0.404221,-1.79648,-1.86518,0.166667,0.1,0.047619,1,0,0.5
0,950,-0.959879,1.0653,-0.367053,0.111111,0.333333,0.0961538,1,0.5,0.6
0,950,-0.805605,1.50903,0.816482,0.125,1,0.0724638,1,0.666667,0.7
0,950,2.09046,-0.223163,1.91156,1,0.2,0.0795455,1,0.5,0.8
0,950,0.109518,-0.283859,-0.0921884,0.2,0.166667,0.0697674,0,0,0.9
0,950,0.417791,-0.335817,0.330945,0.333333,0.142857,0.0882353,0,0,1
0,951,-0.349264,-0.130258,-0.655295,0.125,0.166667,0.0884956,1,1.33333,0.1
0,951,-1.37161,0.0173952,-0.63751,0.111111,0.2,0.173913,1,1.33333,0.2
0,951,-0.0801424,-0.52353,-0.447719,0.2,0.125,0.123077,1,1.33333,0.3
0,951,-0.318388,0.227878,-0.0381988,0.142857,0.25,0.10989,1,1.33333,0.4
1,951,0.332383,1.78616,1.48998,0.333333,1,0.185185,1,1.33333,0.5
1,951,2.16541,0.730915,1.48998,1,0.333333,0.183673,1,1.33333,0.6
0,951,-0.0834912,-0.184095,-0.459838,0.166667,0.142857,0.2,1,1.33333,0.7
0,951,0.957434,-0.640585,0.0253944,0.5,0.111111,0.141026,1,1.33333,0.8
0,951,-1.45731,-2.16898,-1.80045,0.1,0.1,0.0851064,0,0,0.9
0,951,0.204974,0.885093,1.03366,0.25,0.5,0.178571,1,1.33333,1
0,952,-0.722949,-1.09799,-1.13173,0.125,0.111111,0.060241,0,0.333333,0.1
0,952,0.821033,1.53096,1.35778,0.333333,1,0.116279,1,0.5,0.2
1,952,0.93966,1.23057,1.35097,0.5,0.5,0.142857,1,0.333333,0.3
0,952,-0.552531,0.36287,-0.0463674,0.166667,0.2,0.04,1,0.5,0.4
1,952,0.0663547,-0.740924,-0.0348096,0.25,0.142857,0.0736842,1,0.666667,0.5
0,952,-0.514077,1.05777,0.539125,0.2,0.333333,0.0470588,1,0.333333,0.6
0,952,-0.967272,-0.582542,-0.938117,0.1,0.166667,0.107143,1,0.333333,0.7
0,952,-0.826541,-1.06521,-1.13173,0.111111,0.125,0.0833333,1,0.333333,0.8
0,952,-0.568423,-1.19062,-1.12163,0.142857,0.1,0.0806452,1,0.166667,0.9
0,952,2.32474,0.495115,1.15652,1,0.25,0.204082,0,0.5,1
0,953,-0.146401,0.377712,0.142591,0.166667,0.25,0.0661157,0,0,0.1
0,953,0.00674063,0.506966,0.70402,0.25,0.333333,0.097561,1,0.666667,0.2
0,953,-1.023,-1.24786,-1.57328,0.1,0.1,0.06,0,0,0.3
1,953,0.494107,1.31146,1.29544,0.5,0.5,0.0853659,1,0.666667,0.4
0,953,-0.110001,-1.13779,-0.55707,0.2,0.111111,0.0833333,0,0,0.5
0,953,-0.871322,-0.36253,-0.572611,0.125,0.166667,0.0909091,0,0,0.6
0,953,-0.37312,-0.421126,-0.577787,0.142857,0.142857,0.0843373,1,0.666667,0.7
0,953,-0.944403,-1.01554,-1.08522,0.111111,0.125,0.0746269,0,0,0.8
1,953,2.59786,1.9193,1.70694,1,1,0.0873786,1,0.666667,0.9
0,953,0.369544,0.0694087,0.516967,0.333333,0.2,0.0952381,1,0.666667,1
0,954,0.20922,-0.936616,0.0408315,0.5,0.111111,0.0569106,0,0,0.1
0,954,-0.451817,0.435776,-0.375694,0.125,0.25,0.0598291,0,0,0.2
0,954,-0.362305,0.111247,-0.0818126,0.2,0.166667,0.0551181,0,0,0.3
0,954,-0.147451,0.719506,1.29545,0.25,0.333333,0.101449,1,0,0.4
0,954,-0.783672,-0.264197,-1.97905,0.1,0.142857,0.0943396,0,0,0.5
0,954,-0.409102,1.41854,1.36266,0.166667,1,0.0967742,0,0,0.6
1,954,2.90045,-0.536303,0.724587,1,0.125,0.111111,1,0,0.7
0,954,-0.421378,1.00964,0.66027,0.142857,0.5,0.101695,0,0,0.8
0,954,-0.47296,0.265724,-1.02505,0.111111,0.2,0.0393258,0,0,0.9
1,954,-0.0609865,-2.22332,-0.622187,0.333333,0.1,0.0549451,0,0,1
1,955,1.90793,1.9399,2.00788,1,1,0.128205,1,0,0.1
0,955,-0.708395,0.571719,0.187753,0.142857,0.333333,0.0833333,0,0,0.2
0,955,-0.897216,-0.260027,-0.868649,0.111111,0.166667,0.0930233,0,0,0.3
0,955,-1.07433,0.145532,-0.844795,0.1,0.2,0.0441176,0,0,0.4
0,955,-0.223182,0.208918,0.381095,0.2,0.25,0.0833333,1,0,0.5
0,955,0.385233,-0.597463,-0.435254,0.25,0.111111,0.026616,0,0,0.6
0,955,0.419424,0.8937,1.2895,0.333333,0.5,0.0512821,0,0,0.7
0,955,1.58882,-0.413904,0.422092,0.5,0.142857,0.0655738,0,0.166667,0.8
1,955,-0.59248,-2.06713,-1.05816,0.166667,0.1,0.0632911,1,0.166667,0.9
0,955,-0.805802,-0.421245,-1.08147,0.125,0.125,0.0454545,0,0,1
0,956,0.3313,-1.28084,-0.630602,0.25,0.111111,0.0674157,0,0,0.1
0,956,1.58283,-1.5927,-0.236746,0.5,0.1,0.101449,0,0,0.2
0,956,1.88186,-0.467978,0.962179,1,0.142857,0.0983607,1,0.5,0.3
0,956,-1.28335,0.267025,-1.53307,0.1,0.166667,0.0735294,1,0,0.4
0,956,-0.207082,0.608332,0.233351,0.2,0.2,0.142857,1,0.5,0.5
1,956,-0.983661,-1.23864,-1.84948,0.111111,0.125,0.075,0,0,0.6
0,956,-0.354246,0.808943,0.571915,0.166667,0.333333,0.0779221,1,0.5,0.7
0,956,-0.782162,0.829178,0.320457,0.125,0.5,0.0689655,0,0,0.8
1,956,0.371781,0.758886,1.19982,0.333333,0.25,0.0769231,1,0,0.9
0,956,-0.557273,1.30779,0.962179,0.142857,1,0.108108,1,0.5,1
0,957,-0.385022,0.482131,-0.0136535,0.125,0.333333,0.0892857,0,0,0.1
0,957,1.28935,0.849338,1.5817,0.5,0.5,0.0714286,0,0,0.2
0,957,-0.374268,0.176032,-0.269142,0.142857,0.2,0.106383,0,0,0.3
0,957,-1.68726,-1.56641,-1.72422,0.1,0.111111,0.0454545,0,0,0.4
0,957,0.327538,-0.449644,-0.0136535,0.333333,0.125,0.0853659,0,0,0.5
1,957,0.183301,1.90178,0.904189,0.166667,1,0.0571429,1,0.166667,0.6
0,957,0.282311,0.383054,0.395566,0.2,0.25,0.0458716,0,0,0.7
1,957,1.59744,-0.187588,0.689334,1,0.142857,0.111111,1,0.166667,0.8
0,957,0.296921,0.0114845,0.1741,0.25,0.166667,0.0595238,0,0.166667,0.9
0,957,-1.53031,-1.60018,-1.72422,0.111111,0.1,0.0454545,0,0.166667,1
0,958,-0.931222,0.0791824,-0.937852,0.1,0.2,0.0606061,1,1,0.1
0,958,0.810251,-1.15843,0.0289777,0.5,0.111111,0.0892857,0,0,0.2
0,958,-0.460549,-1.04884,-0.747762,0.166667,0.125,0.0615385,1,1,0.3
0,958,-0.765868,-0.387694,-0.964334,0.111111,0.166667,0.0652174,1,1,0.4
0,958,0.702563,1.01467,1.17139,0.333333,0.333333,0.0806452,0,0.333333,0.5
0,958,-0.649788,1.18694,0.24555,0.125,0.5,0.0588235,1,1,0.6
0,958,-0.380944,0.894023,0.423074,0.2,0.25,0.0380952,1,1,0.7
0,958,-0.287733,-1.27477,-0.693583,0.25,0.1,0.0512821,1,1,0.8
1,958,2.49932,1.4192,2.22906,1,1,0.0851064,1,0.333333,0.9
1,958,-0.53603,-0.724279,-0.75452,0.142857,0.142857,0.075,1,1.33333,1
1,959,1.4703,0.219627,0.951422,0.5,0.2,0.12766,1,0.166667,0.1
0,959,-0.912131,0.0793663,-0.981009,0.111111,0.166667,0.0465116,1,0.5,0.2
0,959,-0.261215,1.48366,1.22475,0.2,1,0.0847458,0,0,0.3
0,959,0.877071,-1.25756,-0.235173,0.333333,0.111111,0.0923077,0,0,0.4
0,959,-0.931514,-0.439613,-1.4288,0.1,0.142857,0.0769231,0,0,0.5
0,959,-0.870801,0.915125,0.212039,0.142857,0.333333,0.0784314,1,0.666667,0.6
0,959,0.245521,1.06544,1.19991,0.25,0.5,0.0833333,0,0,0.7
0,959,-0.903505,-1.66445,-1.6557,0.125,0.1,0.0588235,1,0.5,0.8
0,959,-0.548265,0.556117,0.189427,0.166667,0.25,0.0641026,1,0.5,0.9
1,959,1.83454,-0.957707,0.523125,1,0.125,0.102941,0,0,1
0,960,-0.604227,-0.831534,-1.02678,0.142857,0.111111,0.136364,0,0.166667,0.1
1,960,1.61029,0.104339,1.01422,0.5,0.25,0.231884,1,0.833333,0.2
1,960,1.63336,2.02476,1.91668,1,1,0.203704,1,0,0.3
0,960,-0.490782,1.02284,0.804182,0.2,0.5,0.3,1,0.833333,0.4
0,960,-1.04276,0.0135788,-0.625519,0.111111,0.2,0.22,1,0.833333,0.5
0,960,1.05037,-0.29149,0.179224,0.333333,0.142857,0.179775,1,0.833333,0.6
0,960,-1.04276,0.0135788,-1.01009,0.1,0.166667,0.22,1,0.833333,0.7
0,960,-0.589465,0.47927,0.376816,0.166667,0.333333,0.24,1,0.833333,0.8
0,960,-0.692333,-1.82569,-1.39946,0.125,0.1,0.0961538,0,0.166667,0.9
0,960,0.168305,-0.709652,-0.229261,0.25,0.125,0.142857,0,0,1
0,961,-1.11187,0.672803,-0.0142182,0.125,0.333333,0.116667,1,0.833333,0.1
0,961,0.811946,-1.04845,-0.225085,0.333333,0.111111,0.119048,1,1,0.2
1,961,0.422923,0.755131,1.14844,0.25,0.5,0.136364,1,0,0.3
0,961,-1.2104,-0.431904,-1.36751,0.1,0.142857,0.189189,1,0.833333,0.4
0,961,1.88361,1.62573,2.17034,1,1,0.169492,1,1,0.5
0,961,-1.13878,-0.474264,-1.37983,0.111111,0.125,0.134615,1,0.833333,0.6
0,961,-0.854812,0.508671,-0.280274,0.142857,0.2,0.153846,1,0.833333,0.7
0,961,0.00733413,0.628693,0.181302,0.166667,0.25,0.166667,0,0.333333,0.8
1,961,0.892426,-2.03162,-0.176628,0.5,0.1,0.116279,0,0,0.9
0,961,0.297621,-0.204789,-0.056532,0.2,0.166667,0.147541,0,0,1
0,962,-0.76522,-1.25989,-1.10394,0.125,0.111111,0.04,0,0,0.1
0,962,-1.34153,-1.53655,-1.60041,0.1,0.1,0.0377358,1,0.833333,0.2
0,962,0.943406,1.8179,1.12811,0.25,1,0.113636,1,1,0.3
0,962,-0.613846,0.304653,-0.224233,0.142857,0.2,0.0422535,0,0,0.4
1,962,1.45426,0.690561,1.32443,1,0.333333,0.0581395,1,1,0.5
0,962,-0.245074,0.434583,0.329563,0.2,0.25,0.0731707,1,0.833333,0.6
0,962,-0.337616,-0.231654,-0.229741,0.166667,0.166667,0.047619,1,0.166667,0.7
1,962,1.16832,1.03466,1.31779,0.5,0.5,0.166667,1,0.5,0.8
0,962,1.02179,-0.430134,0.162365,0.333333,0.142857,0.0697674,1,1,0.9
0,962,-1.2845,-0.824134,-1.10394,0.111111,0.125,0.0307692,1,1,1
0,963,-0.186209,0.145366,0.714162,0.25,0.333333,0.166667,0,0.166667,0.1
0,963,-0.453429,-0.443978,-0.0451022,0.166667,0.2,0.154762,1,0.333333,0.2
0,963,-0.454899,-0.846225,-1.09102,0.142857,0.1,0.144578,0,0.166667,0.3
1,963,-0.531974,-0.704869,-1.10085,0.125,0.111111,0.207547,0,0,0.4
0,963,-0.421832,-0.612387,-0.396862,0.2,0.125,0.153846,1,0.166667,0.5
1,963,2.82873,2.59205,1.73153,1,1,0.5625,1,0,0.6
0,963,0.591179,0.990316,1.31411,0.5,0.5,0.202703,0,0.166667,0.7
0,963,-0.182057,-0.152348,0.714162,0.333333,0.25,0.178571,0,0,0.8
0,963,-0.596819,-0.44709,-0.912519,0.1,0.166667,0.15625,0,0,0.9
0,963,-0.592695,-0.520832,-0.927598,0.111111,0.142857,0.115044,1,0.333333,1
0,964,-0.275817,1.12769,0.520053,0.2,0.333333,0.0727273,0,0,0.1
0,964,-0.229203,-0.0148043,0.32591,0.25,0.2,0.101449,0,0.5,0.2
1,964,2.36635,1.35171,1.51015,1,0.5,0.210526,1,0.166667,0.3
0,964,-1.00948,-1.54254,-1.58267,0.1,0.1,0.122449,0,0,0.4
0,964,-0.437291,-1.09617,-0.742863,0.166667,0.111111,0.111111,0,0.5,0.5
0,964,-0.554837,-0.811504,-0.924863,0.125,0.125,0.0886076,0,0.5,0.6
0,964,-0.976391,-0.327668,-0.742863,0.111111,0.166667,0.125,0,0,0.7
0,964,1.07195,0.165316,0.908628,0.5,0.25,0.09375,1,0.166667,0.8
0,964,-0.547831,-0.392412,-0.581235,0.142857,0.142857,0.101449,0,0.5,0.9
1,964,0.592544,1.54037,1.30975,0.333333,1,0.0987654,0,0,1
0,965,0.218662,0.177012,0.135484,0.2,0.2,0.10989,1,1.33333,0.1
0,965,-0.854155,-1.19528,-1.07381,0.125,0.111111,0.0705882,1,1,0.2
0,965,-0.798143,-0.383015,-0.571713,0.142857,0.142857,0.0689655,1,0.166667,0.3
0,965,-1.01869,-1.33954,-1.39733,0.111111,0.1,0.0598291,1,1.16667,0.4
0,965,0.550975,0.618505,0.69662,0.25,0.333333,0.139241,1,1.33333,0.5
1,965,1.20377,1.80746,1.48541,0.5,1,0.196721,1,1.33333,0.6
1,965,1.72413,1.27983,1.48541,1,0.5,0.149254,1,1.33333,0.7
0,965,0.868811,-0.113864,0.332055,0.333333,0.166667,0.113636,1,1.33333,0.8
0,965,-1.31618,-1.10978,-1.23323,0.1,0.125,0.0862069,1,1,0.9
0,965,-0.579179,0.258667,0.141092,0.166667,0.25,0.1,1,1,1
0,966,-0.757219,-0.339498,-0.464167,0.142857,0.166667,0.112903,0,0,0.1
0,966,-0.00388784,-1.12667,-0.853042,0.166667,0.111111,0.0789474,0,0,0.2
1,966,0.85494,-0.398058,0.184379,0.333333,0.142857,0.140845,0,0,0.3
0,966,-1.20951,0.567344,-0.427434,0.111111,0.25,0.146341,0,0,0.4
0,966,1.56258,1.40102,1.73413,1,0.5,0.0826446,1,0,0.5
0,966,-1.09317,0.687732,-0.0129176,0.125,0.333333,0.114754,0,0,0.6
0,966,1.02246,0.0197085,0.827315,0.5,0.2,0.112676,0,0,0.7
0,966,0.15111,-0.489628,-0.451934,0.2,0.125,0.121212,0,0,0.8
1,966,-1.35654,-1.80525,-1.8174,0.1,0.1,0.0943396,1,0,0.9
0,966,0.829228,1.4833,1.28107,0.25,1,0.142857,0,0,1
0,967,-0.735284,1.10259,0.0238167,0.111111,0.5,0.0446429,1,1.16667,0.1
0,967,-0.268379,-1.35182,-1.15437,0.142857,0.1,0.0779221,0,0,0.2
0,967,-0.773446,-1.05498,-1.51568,0.1,0.111111,0.0735294,1,0.666667,0.3
0,967,-0.0855838,0.0711786,0.347723,0.25,0.2,0.0618557,1,0.666667,0.4
0,967,-0.24365,-0.826327,-0.614582,0.166667,0.125,0.08,1,1,0.5
0,967,-0.0780712,0.950717,0.96276,0.333333,0.333333,0.142857,1,0.666667,0.6
0,967,0.212585,0.940614,0.969442,0.5,0.25,0.0909091,0,0.5,0.7
0,967,-0.67114,-0.719352,-0.803451,0.125,0.142857,0.0909091,1,0.666667,0.8
1,967,2.85903,1.55189,1.83206,1,1,0.107143,1,0.166667,0.9
1,967,-0.216056,-0.664507,-0.0477206,0.2,0.166667,0.0735294,1,0.833333,1
0,968,-0.206852,-0.304542,-0.758946,0.142857,0.125,0.232143,0,0,0.1
1,968,-1.25595,-2.38669,-1.59506,0.1,0.1,0.0625,1,0,0.2
0,968,-0.0459268,0.490247,0.524125,0.333333,0.2,0.270833,0,0,0.3
0,968,-0.706928,-0.0682585,-0.927086,0.111111,0.142857,0.148148,1,0,0.4
0,968,-0.296928,0.211217,-0.580539,0.125,0.166667,0.160494,0,0,0.5
0,968,-0.0578989,0.693153,0.915742,0.25,0.5,0.240741,0,0,0.6
0,968,-0.0250129,0.642052,1.11141,0.5,0.333333,0.295455,0,0,0.7
0,968,-0.0778904,-1.0767,-0.564783,0.2,0.111111,0.0862069,0,0,0.8
0,968,-0.11352,0.546044,0.144565,0.166667,0.25,0.26,0,0,0.9
1,968,2.78691,1.25348,1.73057,1,1,0.372093,1,0,1
0,969,-1.19813,-0.447987,-0.94829,0.111111,0.166667,0.126761,1,0.333333,0.1
0,969,-0.655899,0.824196,-0.0428637,0.142857,0.25,0.230769,1,0.333333,0.2
1,969,0.515152,1.42297,1.1839,0.2,1,0.216667,1,0.333333,0.3
0,969,0.984817,-1.25424,-0.178389,0.5,0.1,0.133333,1,0,0.4
0,969,-1.0894,-0.0409433,-0.502395,0.125,0.2,0.235294,0,0,0.5
0,969,-1.60783,-0.856121,-1.60047,0.1,0.125,0.122449,1,0.333333,0.6
1,969,1.40838,1.26583,1.92776,1,0.5,0.25641,0,0.333333,0.7
0,969,0.839007,-1.21497,-0.227329,0.333333,0.111111,0.146067,0,0,0.8
0,969,0.16054,-0.761389,-0.515994,0.166667,0.142857,0.123711,0,0,0.9
0,969,0.64336,1.06265,0.90407,0.25,0.333333,0.309524,0,0.333333,1
0,970,1.06654,0.374053,1.4275,0.5,0.333333,0.127273,0,0,0.1
0,970,-1.00957,-1.61955,-1.62295,0.125,0.1,0.0851064,0,0,0.2
0,970,-1.32234,-0.365089,-1.19075,0.111111,0.142857,0.0925926,0,0,0.3
0,970,-0.119424,1.92031,0.964333,0.166667,1,0.294118,0,0,0.4
1,970,0.752501,1.42321,1.4275,0.333333,0.5,0.2,1,0,0.5
0,970,0.0255604,-0.0302265,0.1783,0.2,0.2,0.0618557,0,0,0.6
0,970,1.74058,-0.999022,0.296819,1,0.111111,0.0769231,0,0,0.7
1,970,0.493742,-0.520724,-0.265873,0.25,0.125,0.0888889,1,0.166667,0.8
0,970,-1.4904,0.136407,-0.691623,0.1,0.25,0.0568182,0,0,0.9
0,970,-0.137189,-0.31937,-0.523241,0.142857,0.166667,0.135135,1,0.166667,1
0,971,-1.25049,-1.26314,-1.46577,0.111111,0.111111,0.0555556,1,0.333333,0.1
1,971,1.45786,2.09938,1.75883,0.5,1,0.0958904,1,0.166667,0.2
0,971,-0.599268,0.943697,0.220304,0.125,0.5,0.0909091,0,0,0.3
0,971,-1.35121,-0.911498,-1.46022,0.1,0.125,0.0470588,0,0,0.4
0,971,0.165947,0.202374,0.598731,0.25,0.25,0.0631579,1,0.5,0.5
1,971,0.440454,-1.46001,-0.396162,0.333333,0.1,0.1,1,0.333333,0.6
0,971,0.00575335,0.298014,0.605688,0.2,0.333333,0.0789474,0,0,0.7
0,971,-0.384142,0.0366375,-0.264606,0.166667,0.166667,0.111111,0,0,0.8
0,971,-0.384628,-0.0484699,-0.676946,0.142857,0.142857,0.0625,1,0.5,0.9
0,971,1.89972,0.103022,1.08015,1,0.2,0.153846,1,0.166667,1
0,972,-0.871518,-0.685911,-1.1798,0.111111,0.125,0.0609756,1,0.5,0.1
0,972,-0.944859,-1.32943,-1.53525,0.1,0.111111,0.075,1,0.333333,0.2
0,972,-0.541146,0.104834,0.148857,0.2,0.2,0.0877193,1,0.666667,0.3
1,972,1.25952,1.75254,1.41545,0.333333,1,0.127273,1,0.5,0.4
0,972,1.59309,1.33608,1.40835,0.5,0.5,0.0921053,1,0,0.5
0,972,-0.550183,-0.227466,-0.24553,0.166667,0.166667,0.0877193,1,0.5,0.6
1,972,1.62526,0.408815,1.20564,1,0.25,0.103448,0,0,0.7
0,972,-0.19589,-1.55266,-0.577414,0.25,0.1,0.0689655,0,0,0.8
0,972,-0.644378,-0.254378,-0.628144,0.142857,0.142857,0.0757576,1,0.5,0.9
0,972,-0.729902,0.447577,-0.012157,0.125,0.333333,0.0877193,1,0.333333,1
0,973,-1.08201,-0.240591,-0.966789,0.1,0.166667,0.0724638,0,0,0.1
0,973,-0.77853,-0.723305,-0.982765,0.142857,0.111111,0.0821918,0,0,0.2
0,973,-0.79341,-1.92615,-1.33947,0.125,0.1,0.0746269,0,0,0.3
0,973,-0.437484,0.494657,0.153248,0.166667,0.25,0.0864198,0,0,0.4
1,973,0.625167,1.78871,1.39928,0.333333,1,0.111111,0,0,0.5
1,973,2.10814,-0.216923,0.990833,1,0.2,0.102041,1,0.166667,0.6
0,973,0.0265258,0.959246,0.769708,0.2,0.5,0.0842105,0,0,0.7
0,973,0.205666,-0.385408,-0.0358735,0.25,0.142857,0.0597015,0,0,0.8
0,973,-1.0587,-0.622718,-1.16632,0.111111,0.125,0.0869565,0,0,0.9
0,973,1.18463,0.872479,1.17815,0.5,0.333333,0.097561,1,0.166667,1
0,974,-0.144078,-0.250779,0.154551,0.25,0.166667,0.119048,1,0.333333,0.1
0,974,-0.54482,-1.02755,-0.778415,0.2,0.1,0.142857,1,0.166667,0.2
1,974,1.39687,0.816419,1.4041,0.5,0.5,0.424242,1,0.5,0.3
1,974,2.07618,2.67604,1.85011,1,1,0.535714,1,0.5,0.4
0,974,-0.686745,-0.570544,-0.62064,0.166667,0.125,0.18,0,0,0.5
0,974,0.866839,-0.204345,0.560329,0.333333,0.2,0.27027,0,0,0.6
0,974,-0.748513,-0.693884,-1.356,0.111111,0.111111,0.216216,0,0,0.7
0,974,-0.756501,-0.362632,-1.16574,0.1,0.142857,0.25,1,0.166667,0.8
0,974,-0.742907,-0.195335,-0.221299,0.125,0.25,0.285714,0,0,0.9
0,974,-0.716328,-0.187393,0.173,0.142857,0.333333,0.235294,1,0.333333,1
0,975,0.273424,0.561472,0.993252,0.333333,0.333333,0.088,1,1.16667,0.1
0,975,-0.0871318,0.368224,0.358735,0.2,0.25,0.0719424,1,1.16667,0.2
0,975,-0.396084,-0.503724,-0.639778,0.142857,0.142857,0.121212,1,1.16667,0.3
0,975,-0.632491,-1.74125,-1.38004,0.125,0.1,0.129032,1,1.16667,0.4
0,975,-0.905157,-1.30666,-1.38529,0.111111,0.111111,0.0853659,1,1.16667,0.5
0,975,-1.30425,0.979111,-0.15382,0.1,0.5,0.153846,1,1.16667,0.6
1,975,2.47381,1.8019,1.89008,1,1,0.211538,0,0,0.7
0,975,-0.276536,-0.529657,-0.634047,0.166667,0.125,0.142857,1,1.16667,0.8
0,975,0.0536167,0.158989,0.15789,0.25,0.166667,0.15493,1,1.16667,0.9
1,975,0.800802,0.211596,0.793023,0.5,0.2,0.103774,0,0,1
0,976,-0.96231,-1.53478,-1.98577,0.1,0.1,0.0375,0,0,0.1
0,976,-0.425379,1.81358,0.934709,0.166667,1,0.105263,0,0,0.2
1,976,2.61868,-0.269384,0.934709,1,0.166667,0.119048,1,0.166667,0.3
0,976,0.243807,-0.446129,0.20146,0.333333,0.142857,0.021978,0,0.166667,0.4
1,976,-0.525762,1.65228,0.452909,0.142857,0.5,0.0731707,1,0,0.5
0,976,0.235895,-0.978054,-0.467031,0.25,0.111111,0.0625,0,0.166667,0.6
0,976,-0.667578,-0.149453,-0.493801,0.125,0.2,0.0566038,0,0,0.7
0,976,-0.222128,0.372934,0.652509,0.2,0.333333,0.0243902,1,0.166667,0.8
0,976,-0.89106,-0.484933,-1.36975,0.111111,0.125,0.0517241,0,0.166667,0.9
0,976,0.595833,0.0239396,1.14005,0.5,0.25,0.0888889,0,0.166667,1
0,977,-0.625282,0.0616279,-0.234964,0.125,0.25,0.0882353,1,0.333333,0.1
0,977,-0.342533,-0.0124723,-0.0511667,0.166667,0.2,0.0487805,0,0,0.2
0,977,-1.05978,-1.21875,-1.81053,0.1,0.1,0.0597015,0,0,0.3
1,977,-0.420104,-0.706135,-0.66492,0.142857,0.142857,0.0877193,0,0,0.4
0,977,-0.0127045,-0.707265,-0.234964,0.25,0.125,0.0645161,0,0,0.5
0,977,0.0581022,-0.854761,-0.203723,0.333333,0.111111,0.0864198,0,0,0.6
0,977,-0.734884,0.615555,-0.203723,0.111111,0.333333,0.0746269,0,0,0.7
1,977,2.73072,2.33041,1.96436,1,1,0.117647,1,0.333333,0.8
0,977,-0.0302566,-0.40625,-0.0511667,0.2,0.166667,0.0761905,0,0,0.9
0,977,0.436729,0.898046,1.4908,0.5,0.5,0.0795455,1,0.333333,1
0,978,-0.914911,-0.628479,-1.03661,0.111111,0.142857,0.0740741,0,0.166667,0.1
1,978,0.926404,1.24755,1.46855,0.5,0.5,0.15493,1,0.333333,0.2
0,978,-0.618851,-1.60643,-1.21925,0.142857,0.1,0.0869565,0,0.166667,0.3
0,978,0.315557,0.869297,0.798094,0.333333,0.25,0.0948905,1,0.333333,0.4
0,978,-0.682916,1.4436,0.446401,0.125,1,0.0761905,1,0.333333,0.5
0,978,-0.325237,-0.691566,-0.649126,0.166667,0.125,0.145161,1,0,0.6
0,978,-0.229105,1.05734,0.586046,0.2,0.333333,0.0967742,0,0,0.7
0,978,0.125592,-0.558483,0.161645,0.25,0.166667,0.1,1,0,0.8
1,978,2.46197,-0.368229,1.04512,1,0.2,0.2125,0,0,0.9
0,978,-1.05851,-0.764607,-1.60087,0.1,0.111111,0.0769231,0,0,1
0,979,-0.883156,0.476774,-0.911526,0.1,0.2,0.08,0,0.166667,0.1
1,979,1.62506,-1.1745,0.238657,0.5,0.125,0.0819672,1,0,0.2
0,979,0.264163,-1.17482,-0.469635,0.25,0.111111,0.0634921,0,0,0.3
0,979,-0.810158,0.686952,-0.0423653,0.142857,0.25,0.0952381,0,0.5,0.4
1,979,0.694641,1.17584,1.39136,0.333333,0.5,0.0888889,1,0,0.5
0,979,1.83527,1.28295,2.16649,1,1,0.166667,0,0,0.6
0,979,-0.840489,0.688194,-0.014193,0.125,0.333333,0.0869565,0,0.666667,0.7
0,979,-0.867753,-0.987851,-1.16061,0.111111,0.142857,0.05,0,0,0.8
0,979,-0.62102,0.404646,-0.286649,0.166667,0.166667,0.0769231,0,0.5,0.9
0,979,-0.396557,-1.37818,-0.911526,0.2,0.1,0.0444444,0,0.5,1
0,980,-0.710244,0.107161,-0.212943,0.125,0.25,0.222222,0,0,0.1
1,980,-0.323405,-0.514762,-0.597205,0.166667,0.125,0.104478,0,0,0.2
0,980,-0.22684,0.955379,0.539171,0.2,0.333333,0.0714286,0,0,0.3
0,980,-0.109323,-0.482293,-0.0348126,0.25,0.142857,0.0909091,0,0,0.4
0,980,-0.791478,-0.398875,-0.770172,0.111111,0.166667,0.0693069,0,0,0.5
0,980,-0.544883,-1.72694,-1.12173,0.142857,0.1,0.0909091,1,0.333333,0.6
0,980,0.0684398,-0.246719,0.539171,0.333333,0.2,0.104651,0,0,0.7
1,980,2.62015,1.66281,1.78026,1,1,0.15942,1,0.333333,0.8
0,980,-0.867052,-0.774102,-1.47282,0.1,0.111111,0.0550459,0,0,0.9
0,980,0.884639,1.41834,1.35108,0.5,0.5,0.174603,1,0.333333,1
0,981,-0.551016,-1.33613,-1.34714,0.142857,0.1,0.0740741,0,0,0.1
0,981,-0.814494,0.119471,-1.12673,0.1,0.166667,0.0714286,0,0,0.2
0,981,-0.570489,-0.806877,-0.937626,0.125,0.142857,0.109091,0,0,0.3
0,981,-0.118982,-1.32127,-0.221732,0.333333,0.111111,0.076087,0,0.333333,0.4
1,981,1.05162,-1.03551,0.23552,0.5,0.125,0.0869565,1,0.166667,0.5
1,981,2.61801,1.51734,2.13801,1,1,0.134146,1,0,0.6
0,981,-0.617776,0.531682,-0.463461,0.111111,0.25,0.0631579,0,0,0.7
0,981,-0.42056,0.640625,0.420329,0.166667,0.333333,0.181818,1,0.333333,0.8
0,981,-0.221424,0.453639,0.405792,0.25,0.2,0.114754,0,0.333333,0.9
0,981,-0.354887,1.23702,0.897046,0.2,0.5,0.122449,0,0.166667,1
0,982,-1.01877,-1.36346,-1.50473,0.1,0.111111,0.08,1,0.666667,0.1
0,982,-0.222728,-1.46608,-0.95852,0.166667,0.1,0.174419,1,0.5,0.2
1,982,0.359843,1.87529,1.59958,0.5,1,0.285714,1,0.666667,0.3
0,982,-0.583546,0.420921,-0.217555,0.125,0.25,0.162162,1,0.166667,0.4
0,982,-0.495635,-0.469765,-0.615656,0.142857,0.142857,0.0897436,1,0,0.5
0,982,-0.0415281,0.130433,0.55085,0.333333,0.2,0.170732,0,0.166667,0.6
0,982,-0.0632286,-0.527356,-0.217555,0.25,0.125,0.14433,1,0.666667,0.7
1,982,2.79782,0.969533,1.59958,1,0.5,0.346939,0,0.5,0.8
0,982,-0.584314,-0.396829,-0.786855,0.111111,0.166667,0.114286,1,0.166667,0.9
0,982,-0.147921,0.827312,0.55085,0.2,0.333333,0.103175,1,0.166667,1
0,983,-0.75198,0.0446844,-0.595584,0.142857,0.166667,0.117647,0,0,0.1
1,983,2.01608,-0.14462,0.836832,1,0.142857,0.0759494,1,0,0.2
1,983,1.45281,0.203737,1.06155,0.5,0.2,0.12766,0,0,0.3
0,983,-0.788857,0.726961,0.27871,0.125,0.5,0.122449,0,0,0.4
0,983,-0.874471,-1.27349,-1.85436,0.111111,0.111111,0.0769231,0,0,0.5
0,983,0.68891,0.291115,1.04352,0.333333,0.25,0.0714286,0,0,0.6
0,983,-0.320091,-1.4276,-1.33335,0.166667,0.1,0.0733945,0,0,0.7
0,983,-1.0945,2.02899,0.0990615,0.1,1,0.117647,0,0,0.8
0,983,-0.311492,-1.07478,-0.579887,0.2,0.125,0.0620155,0,0,0.9
0,983,-0.0164132,0.625,1.04352,0.25,0.333333,0.0747664,0,0,1
0,984,-0.968624,0.0975649,-0.579566,0.111111,0.2,0.103448,1,0.166667,0.1
0,984,0.597964,1.08653,1.1405,0.333333,0.5,0.135593,1,0,0.2
1,984,1.38577,1.05213,1.1405,0.5,0.333333,0.189189,1,0,0.3
0,984,-0.657357,-0.780675,-0.601119,0.142857,0.142857,0.103448,0,0,0.4
0,984,-0.213203,-0.186015,-0.234966,0.166667,0.166667,0.0972222,0,0.5,0.5
0,984,1.84539,1.38013,1.77587,1,1,0.121622,0,0.5,0.6
0,984,-0.943903,-0.863323,-0.956502,0.125,0.125,0.0689655,0,0.5,0.7
0,984,0.26817,-1.50987,-0.552571,0.25,0.1,0.0683761,1,0.166667,0.8
0,984,-1.39003,-1.16071,-1.4692,0.1,0.111111,0.0925926,1,0,0.9
1,984,0.0758147,0.884231,0.337059,0.2,0.25,0.0843373,1,0.5,1
0,985,-0.401188,-1.12546,-0.763131,0.166667,0.111111,0.0594059,1,0,0.1
0,985,-0.357006,0.195202,0.334802,0.2,0.25,0.0625,1,0,0.2
0,985,0.526583,-0.590487,-0.0115561,0.333333,0.125,0.113924,1,0.833333,0.3
0,985,-1.13257,-1.50046,-1.62585,0.1,0.1,0.0301205,0,0,0.4
1,985,1.01048,1.44876,1.33873,0.5,0.5,0.084507,1,0.166667,0.5
0,985,0.0738611,0.772879,0.727545,0.25,0.333333,0.0869565,1,0.833333,0.6
0,985,-0.731891,-0.0873521,-0.4043,0.125,0.2,0.117647,1,0.833333,0.7
0,985,-0.766803,-0.567714,-0.944981,0.111111,0.142857,0.153846,1,0.833333,0.8
0,985,-0.597306,-0.275436,-0.415243,0.142857,0.166667,0.0821918,1,0.833333,0.9
1,985,2.37584,1.73007,1.76398,1,1,0.211538,1,1,1
0,986,-0.172129,1.38787,0.947732,0.2,1,0.163934,1,0,0.1
0,986,-0.782237,-1.71955,-1.2812,0.125,0.1,0.132353,1,0,0.2
0,986,-0.883124,-1.58602,-1.28607,0.111111,0.111111,0.138462,0,0,0.3
0,986,-0.172447,0.277838,-0.0457059,0.166667,0.2,0.166667,0,0,0.4
0,986,0.0818219,0.714403,0.922113,0.333333,0.333333,0.169811,0,0,0.5
1,986,0.733646,0.233824,0.549765,0.5,0.166667,0.176471,1,0.166667,0.6
0,986,-0.288074,-0.0865013,-0.593956,0.142857,0.142857,0.12987,0,0,0.7
1,986,2.60805,1.00369,1.5432,1,0.5,0.2,1,0.166667,0.8
0,986,-0.0699949,0.565072,0.52533,0.25,0.25,0.208333,0,0,0.9
0,986,-1.05551,-0.790631,-1.2812,0.1,0.125,0.123077,0,0,1
0,987,-0.37602,0.0974905,-0.229787,0.166667,0.166667,0.192308,0,0,0.1
0,987,-0.0598981,-0.460402,-0.0339613,0.25,0.142857,0.153846,0,0,0.2
0,987,-0.569962,-1.60383,-1.26807,0.125,0.1,0.102564,0,0,0.3
1,987,2.87145,1.22517,1.73672,1,1,0.206897,1,0.166667,0.4
0,987,-0.795525,-0.893444,-1.26807,0.1,0.125,0.0697674,0,0,0.5
0,987,-0.516332,-1.51891,-0.930379,0.142857,0.111111,0.0319635,1,0,0.6
0,987,-0.592753,0.621675,-0.566789,0.111111,0.2,0.18,1,0.166667,0.7
1,987,-0.135727,0.916531,0.525986,0.2,0.333333,0.28125,0,0,0.8
0,987,0.0724258,0.623306,0.716302,0.333333,0.25,0.164179,0,0,0.9
0,987,0.102344,0.992408,1.31804,0.5,0.5,0.285714,0,0,1
0,988,-0.911807,-1.74113,-1.77002,0.111111,0.1,0.0566038,1,0.5,0.1
1,988,1.05234,1.08901,1.62372,0.5,0.5,0.0754717,1,0.5,0.2
0,988,-0.420192,0.905309,0.64797,0.2,0.333333,0.142857,0,0,0.3
1,988,0.778259,-0.207106,0.420621,0.333333,0.166667,0.0291971,1,0.333333,0.4
0,988,-0.990933,1.51557,0.0837688,0.1,1,0.0606061,0,0,0.5
0,988,-0.4877,0.541343,0.178725,0.166667,0.25,0.0816327,1,0.5,0.6
0,988,2.31614,0.257737,1.15556,1,0.2,0.0555556,1,0,0.7
0,988,-0.519411,-1.30623,-1.14615,0.142857,0.111111,0.121212,1,0.833333,0.8
0,988,-0.194638,-0.553596,-0.255912,0.25,0.125,0.0174672,1,0.5,0.9
0,988,-0.62206,-0.500915,-0.938277,0.125,0.142857,0.0816327,1,0.5,1
0,989,-0.949314,0.563246,-0.258201,0.111111,0.333333,0.0740741,0,0,0.1
0,989,1.17459,-0.341029,0.274257,0.5,0.125,0.131579,0,0,0.2
0,989,-0.734742,-0.111138,-0.586068,0.142857,0.166667,0.121951,1,0.666667,0.3
0,989,-0.76509,0.477542,-0.297797,0.125,0.25,0.108108,1,0.5,0.4
0,989,-1.33196,-1.78687,-2.2947,0.1,0.1,0.043956,0,0,0.5
1,989,0.305436,-0.074425,0.472534,0.25,0.2,0.142857,1,0.666667,0.6
1,989,2.05249,-1.34755,0.332459,1,0.111111,0.1,1,0,0.7
0,989,0.283304,-0.229555,-0.32151,0.2,0.142857,0.172414,1,0.5,0.8
0,989,-0.482629,1.73982,1.08012,0.166667,1,0.119048,0,0,0.9
0,989,0.447918,1.10997,1.5989,0.333333,0.5,0.09375,1,0.666667,1
0,990,1.43746,0.614813,1.08331,0.5,0.333333,0.155172,1,0,0.1
0,990,-0.29184,0.0129662,0.13531,0.2,0.2,0.102273,1,0.166667,0.2
0,990,-1.09544,-0.0299157,-0.888964,0.1,0.166667,0.0833333,0,0,0.3
0,990,-0.64266,-0.840379,-0.565866,0.166667,0.125,0.135593,0,0,0.4
1,990,1.66051,2.15957,1.68683,1,1,0.141026,0,0,0.5
0,990,-0.928854,-1.18126,-1.39553,0.111111,0.1,0.148148,1,0.166667,0.6
0,990,0.545321,0.168345,0.505009,0.25,0.25,0.136364,0,0,0.7
0,990,-0.788545,-0.790059,-0.57098,0.142857,0.142857,0.112676,0,0,0.8
0,990,-0.867454,-1.10502,-1.07244,0.125,0.111111,0.113208,0,0,0.9
1,990,0.971512,0.990942,1.08331,0.333333,0.5,0.235294,1,0,1
1,991,2.05033,0.528897,1.34562,1,0.2,0.203704,1,0,0.1
0,991,-1.1815,-0.188161,-1.5698,0.1,0.142857,0.105263,1,0.166667,0.2
0,991,-0.0262559,0.677594,0.472862,0.2,0.25,0.185185,1,0.5,0.3
0,991,-1.02681,0.926322,0.0323879,0.111111,0.5,0.140625,1,0.5,0.4
0,991,0.154006,0.894045,1.02756,0.25,0.333333,0.169492,1,0.166667,0.5
0,991,0.849421,-0.0473648,0.489803,0.333333,0.166667,0.13253,1,0.333333,0.6
0,991,-0.491984,1.28922,0.824034,0.142857,1,0.152542,1,0.5,0.7
1,991,1.09698,-1.5147,0.0323879,0.5,0.111111,0.2,0,0,0.8
0,991,-0.977027,-0.884239,-1.34188,0.125,0.125,0.111111,1,0.5,0.9
0,991,-0.447155,-1.68162,-1.31296,0.166667,0.1,0.121951,0,0,1
0,992,-1.01466,-1.13755,-1.67549,0.1,0.1,0.142857,1,0.5,0.1
0,992,-0.213733,0.240841,0.357385,0.166667,0.333333,0.173913,0,0,0.2
1,992,1.75575,2.24719,1.59872,0.5,1,0.447368,1,0,0.3
0,992,0.035954,-0.126487,0.550554,0.333333,0.2,0.212121,1,0.833333,0.4
0,992,-0.155529,-0.82542,-0.394057,0.25,0.111111,0.148515,1,0.666667,0.5
0,992,-0.179245,-0.347843,-0.0473503,0.2,0.166667,0.205882,0,0,0.6
1,992,1.99801,1.31976,1.59872,1,0.5,0.26087,0,0.166667,0.7
0,992,-0.439015,-0.601342,-0.615325,0.142857,0.142857,0.11811,1,0,0.8
0,992,-0.861205,-0.820805,-0.979106,0.125,0.125,0.206897,1,0.333333,0.9
0,992,-0.926319,0.0516473,-0.394057,0.111111,0.25,0.244898,1,0.5,1
0,993,1.03764,-0.467724,0.835521,0.5,0.166667,0.108696,0,0,0.1
0,993,0.212051,0.387777,0.807662,0.2,0.333333,0.18,0,0,0.2
1,993,0.747356,-0.72355,-0.318982,0.25,0.125,0.148148,0,0,0.3
0,993,-0.575206,-0.349823,-0.344382,0.142857,0.2,0.103896,1,0.833333,0.4
0,993,-1.16589,-0.496556,-1.42861,0.111111,0.142857,0.0933333,1,0.833333,0.5
0,993,1.59633,-0.9097,0.35611,1,0.111111,0.106383,0,0,0.6
0,993,-0.328447,-0.9452,-1.40539,0.166667,0.1,0.106667,1,0.833333,0.7
0,993,-1.39402,0.7949,-0.217029,0.1,0.5,0.142857,1,0.833333,0.8
1,993,0.940518,2.51981,2.03409,0.333333,1,0.12,1,0.833333,0.9
0,993,-1.07034,0.190066,-0.318982,0.125,0.25,0.0886076,1,0.833333,1
1,994,2.62075,-2.52034,0.0947205,1,0.1,0.0779221,1,0,0.1
0,994,-0.754865,0.46395,-0.524416,0.111111,0.25,0.176471,0,0,0.2
1,994,0.490613,0.00928519,0.475612,0.333333,0.166667,0.169811,0,0,0.3
0,994,-0.491227,-0.0834966,-0.811547,0.166667,0.125,0.134328,0,0,0.4
0,994,-0.864409,-0.812619,-2.00143,0.1,0.111111,0.0775862,0,0,0.5
0,994,-0.609015,0.982706,0.508559,0.142857,0.5,0.225,0,0,0.6
0,994,-0.121488,-0.0738756,-0.0473071,0.25,0.142857,0.120482,0,0,0.7
0,994,-0.720157,0.551326,-0.0158486,0.125,0.333333,0.18,0,0,0.8
0,994,0.629356,1.18332,2.1276,0.5,1,0.191489,0,0,0.9
0,994,-0.179562,0.299741,0.194057,0.2,0.2,0.111111,0,0,1
0,995,-0.0992699,0.235426,0.498771,0.25,0.25,0.0916667,0,0,0.1
0,995,0.942436,0.118746,0.504566,0.333333,0.2,0.161765,0,0,0.2
0,995,-0.401824,-0.122663,-0.220429,0.166667,0.166667,0.173913,0,0.166667,0.3
0,995,-0.274773,0.330697,0.504566,0.2,0.333333,0.115385,0,0,0.4
0,995,-0.995615,-0.352047,-1.05919,0.111111,0.125,0.0804598,0,0.166667,0.5
0,995,-0.626047,-0.319778,-0.563927,0.142857,0.142857,0.186047,1,0.166667,0.6
1,995,1.68359,1.74176,1.666,1,1,0.255319,1,0.333333,0.7
1,995,1.67795,1.08844,1.26437,0.5,0.5,0.193548,1,0.333333,0.8
0,995,-0.867805,-2.27152,-1.21643,0.125,0.1,0.114754,1,0.333333,0.9
0,995,-1.03863,-0.449058,-1.3783,0.1,0.111111,0.137255,1,0.166667,1
0,996,-0.294944,-1.17851,-0.760539,0.2,0.1,0.152941,0,0,0.1
0,996,-0.228971,0.702234,0.956515,0.25,0.5,0.175439,0,0,0.2
0,996,-0.603528,-0.830842,-1.14923,0.125,0.111111,0.174603,1,1,0.3
0,996,-0.312553,-0.161101,-0.239168,0.166667,0.166667,0.192308,1,0,0.4
1,996,2.74696,2.53859,1.80763,1,1,0.347826,1,1,0.5
1,996,-0.123364,-0.0264966,0.547461,0.333333,0.2,0.164179,1,1,0.6
0,996,-0.783089,-0.543174,-1.13897,0.1,0.142857,0.177419,1,1,0.7
0,996,0.749086,-0.00943552,0.956515,0.5,0.25,0.179775,1,1,0.8
0,996,-0.539652,0.274367,0.169027,0.142857,0.333333,0.4,1,1,0.9
0,996,-0.609948,-0.765634,-1.14923,0.111111,0.125,0.22,1,1,1
0,997,-0.196894,0.461855,0.788167,0.333333,0.2,0.121622,1,1.16667,0.1
1,997,-0.653849,-0.798614,-2.15299,0.1,0.111111,0.104478,0,0,0.2
0,997,-0.221052,0.601224,0.788167,0.2,0.333333,0.116883,1,1.16667,0.3
0,997,-0.229629,0.642677,0.815354,0.166667,0.5,0.138462,1,1.16667,0.4
1,997,2.96213,-2.73272,0.101893,1,0.1,0.091954,1,0,0.5
0,997,-0.547693,0.0492304,-1.65453,0.111111,0.125,0.107692,1,1.16667,0.6
0,997,-0.249661,0.542109,-0.0508895,0.142857,0.25,0.128571,1,1.16667,0.7
0,997,-0.183282,0.217498,0.54707,0.5,0.142857,0.0891089,1,1.16667,0.8
0,997,-0.46402,0.660276,0.600361,0.125,1,0.0963855,1,1.16667,0.9
0,997,-0.216054,0.356464,0.217394,0.25,0.166667,0.155172,1,1.16667,1
0,998,0.442603,-0.389269,0.538329,0.333333,0.2,0.105263,0,0,0.1
0,998,1.67615,-0.408297,0.771148,1,0.166667,0.030303,1,0.166667,0.2
0,998,-1.22701,-1.071,-1.63829,0.1,0.1,0.0214286,0,0,0.3
1,998,0.00059492,0.951266,0.538329,0.2,0.333333,0.05,1,0,0.4
0,998,0.274689,1.2992,0.94056,0.25,0.5,0.0967742,0,0,0.5
0,998,-0.874559,-0.865039,-1.13006,0.125,0.111111,0.0333333,0,0,0.6
0,998,-0.00625408,-0.294261,0.148483,0.166667,0.25,0.0816327,0,0,0.7
1,998,-0.803349,-0.680599,-0.779514,0.142857,0.125,0.0294118,1,0.166667,0.8
0,998,1.64955,2.06708,1.56322,0.5,1,0.0816327,1,0.166667,0.9
0,998,-1.13242,-0.609076,-0.952211,0.111111,0.142857,0.0247934,0,0.166667,1
1,999,1.41822,0.251273,0.706979,0.5,0.2,0.0576923,1,0,0.1
0,999,-0.952725,-1.33993,-1.39402,0.111111,0.1,0.0428571,0,0,0.2
0,999,-0.748243,-0.388894,-0.570361,0.142857,0.142857,0.0869565,0,0,0.3
0,999,1.68063,1.58594,1.685,1,1,0.1,0,0,0.4
0,999,-0.921616,-1.26932,-1.07127,0.125,0.111111,0.0555556,0,0,0.5
1,999,-0.116807,0.480949,0.319812,0.2,0.25,0.0769231,1,0.333333,0.6
0,999,1.08052,0.765083,0.885482,0.333333,0.333333,0.12,0,0,0.7
0,999,-1.05349,-1.21464,-1.23031,0.1,0.125,0.0379747,0,0,0.8
0,999,-0.68391,-0.118566,-0.222944,0.166667,0.166667,0.0519481,1,0.166667,0.9
0,999,0.297423,1.2481,0.891628,0.25,0.5,0.227273,1,0.166667,1
0,1000,-1.06608,-0.752122,-1.34486,0.111111,0.125,0.0851064,0,0,0.1
0,1000,1.00218,0.638138,1.11162,0.333333,0.333333,0.236842,0,0,0.2
1,1000,1.98895,2.3007,2.11533,1,1,0.409091,1,0.333333,0.3
0,1000,-0.626004,-0.42888,-0.716024,0.142857,0.142857,0.0536913,0,0,0.4
0,1000,-0.793861,0.0976141,-0.484829,0.125,0.2,0.119403,0,0,0.5
1,1000,0.165855,-1.47357,-0.658196,0.25,0.1,0.128205,1,0.333333,0.6
0,1000,1.13224,-0.847587,0.0274993,0.5,0.111111,0.195652,1,0.333333,0.7
0,1000,-0.118884,0.693293,0.887533,0.2,0.5,0.181818,0,0,0.8
0,1000,-1.10575,0.154567,-0.658196,0.1,0.25,0.142857,0,0,0.9
0,1000,-0.57864,-0.382159,-0.279881,0.166667,0.166667,0.105263,0,0,1
1,1001,2.49147,0.870814,2.29698,1,0.5,0.222222,1,0,0.1
0,1001,-0.396697,0.669838,0.513475,0.166667,0.333333,0.119048,1,0.666667,0.2
0,1001,0.0424368,0.270479,0.209506,0.2,0.2,0.131579,0,0.166667,0.3
1,1001,-0.647057,0.148249,-0.876153,0.125,0.166667,0.142857,1,0.666667,0.4
0,1001,-1.32257,0.653446,-0.812672,0.1,0.25,0.102041,1,0.666667,0.5
0,1001,0.596039,-1.36621,0.0339532,0.5,0.111111,0.151515,0,0,0.6
0,1001,-0.527321,-2.33998,-1.64567,0.142857,0.1,0.103448,0,0,0.7
0,1001,-0.786915,0.958805,0.348769,0.111111,1,0.0941176,1,0.666667,0.8
0,1001,0.100139,0.0517981,-0.312406,0.25,0.125,0.152778,1,0.833333,0.9
0,1001,0.450476,0.0827638,0.244223,0.333333,0.142857,0.15942,0,0,1
0,1002,-0.796712,-0.837035,-1.53934,0.1,0.111111,0.0704225,0,0,0.1
0,1002,-1.73934e-05,-1.46691,-0.578952,0.25,0.1,0.0761905,0,0,0.2
0,1002,0.0837957,0.358547,0.977788,0.333333,0.333333,0.0941176,1,0.833333,0.3
0,1002,-0.646838,-0.245425,-0.438001,0.142857,0.166667,0.0638298,0,0,0.4
0,1002,-0.6076,-0.809647,-0.624176,0.166667,0.125,0.138889,1,0.833333,0.5
0,1002,-0.713539,-0.121939,-0.426457,0.125,0.2,0.0909091,1,0.833333,0.6
0,1002,-0.724632,0.228704,-0.403338,0.111111,0.25,0.0895522,1,0.833333,0.7
1,1002,1.72979,1.88738,1.63638,0.5,1,0.136364,1,0,0.8
1,1002,2.0909,1.5442,1.63638,1,0.5,0.131579,1,0.833333,0.9
0,1002,-0.415155,-0.537872,-0.240282,0.2,0.142857,0.0985915,1,0.833333,1
0,1003,0.0978242,0.320872,0.872676,0.333333,0.333333,0.208333,1,0,0.1
0,1003,-0.142835,0.185403,0.138723,0.166667,0.25,0.208333,0,0,0.2
0,1003,-0.898742,-0.90141,-0.894434,0.125,0.125,0.137931,0,0,0.3
0,1003,0.0401269,-0.0682696,0.315187,0.25,0.2,0.166667,1,0.5,0.4
0,1003,-0.301635,-0.284255,-0.390916,0.142857,0.166667,0.142857,0,0,0.5
0,1003,-0.968416,-1.1534,-1.37386,0.111111,0.1,0.131148,0,0.166667,0.6
1,1003,2.263,1.99242,1.66063,1,1,0.28125,1,0.166667,0.7
1,1003,1.22803,1.49729,1.2603,0.5,0.5,0.238095,1,0.5,0.8
0,1003,-0.0952465,-0.51075,-0.214452,0.2,0.142857,0.147059,1,0.333333,0.9
0,1003,-1.22211,-1.0779,-1.37386,0.1,0.111111,0.113636,1,0,1
0,1004,-1.09493,-1.17313,-1.62736,0.1,0.1,0.117647,1,0.333333,0.1
0,1004,0.613415,0.0853229,0.728223,0.333333,0.25,0.104478,1,0.166667,0.2
0,1004,-0.910864,-0.714261,-0.950983,0.125,0.125,0.0531915,1,0.333333,0.3
1,1004,2.35627,2.50279,1.76562,1,1,0.212766,0,0,0.4
0,1004,-0.200447,0.745514,0.553185,0.166667,0.5,0.217391,1,0.833333,0.5
0,1004,-0.944217,-0.661082,-0.945862,0.111111,0.142857,0.0549451,1,0.333333,0.6
0,1004,0.227463,0.0814839,0.335114,0.25,0.2,0.0507246,0,0,0.7
1,1004,0.771395,-0.0645704,0.553185,0.5,0.166667,0.179487,0,0,0.8
0,1004,-0.664019,-0.909494,-0.945862,0.142857,0.111111,0.2,1,0.333333,0.9
0,1004,-0.154061,0.107416,0.53474,0.2,0.333333,0.0833333,0,0,1
0,1005,-0.520508,0.63841,0.364563,0.166667,0.333333,0.0816327,0,0.166667,0.1
0,1005,-0.539644,0.126978,-0.436517,0.142857,0.166667,0.0625,0,0.5,0.2
0,1005,-0.849097,-0.803659,-1.17894,0.111111,0.125,0.0392157,1,0.5,0.3
0,1005,-0.302004,1.70045,1.20476,0.25,1,0.148148,1,0.666667,0.4
1,1005,1.12653,0.388688,0.561612,0.333333,0.2,0.0506329,1,0,0.5
1,1005,-0.917561,-2.00779,-1.70914,0.1,0.1,0.0394737,1,0.333333,0.6
0,1005,1.96232,0.413081,1.20476,1,0.25,0.0384615,0,0.166667,0.7
0,1005,-0.469417,0.698945,0.778033,0.2,0.5,0.0727273,1,0.833333,0.8
0,1005,-0.820928,-1.0925,-1.17894,0.125,0.111111,0.0425532,0,0,0.9
0,1005,1.33031,-0.0626051,0.389817,0.5,0.142857,0.0869565,0,0.166667,1
0,1006,-0.946848,-0.454283,-1.45681,0.1,0.142857,0.0588235,0,0,0.1
0,1006,-0.0186089,-1.26494,-0.50119,0.25,0.111111,0.0967742,0,0,0.2
1,1006,2.47774,0.847954,1.76353,1,0.333333,0.25,1,0,0.3
0,1006,0.802383,-0.467568,0.254693,0.5,0.125,0.0769231,0,0,0.4
0,1006,-0.66665,1.59275,0.764722,0.142857,1,0.132075,0,0,0.5
1,1006,-0.246623,-0.00498785,0.185463,0.2,0.2,0.145455,0,0,0.6
0,1006,-0.726296,0.680735,-0.50119,0.111111,0.25,0.136364,0,0,0.7
0,1006,-0.62817,1.06447,0.724387,0.166667,0.5,0.162791,0,0,0.8
0,1006,-0.691174,-1.75014,-1.68815,0.125,0.1,0.0551181,0,0,0.9
0,1006,0.644247,-0.243984,0.454548,0.333333,0.166667,0.147059,0,0,1
0,1007,-0.944598,-0.672093,-1.19923,0.111111,0.125,0.115942,0,0,0.1
1,1007,1.84728,1.28294,1.88627,1,1,0.212121,0,0,0.2
0,1007,-0.422913,1.115,0.590985,0.166667,0.5,0.0843373,1,0,0.3
0,1007,-0.746,-0.1133,-0.638489,0.142857,0.142857,0.140625,0,0.333333,0.4
0,1007,0.0222083,0.44784,0.564717,0.25,0.25,0.131579,0,0,0.5
0,1007,1.19608,0.415192,0.791425,0.5,0.2,0.104839,1,0.5,0.6
0,1007,-0.746,-0.10494,-0.632769,0.125,0.166667,0.140625,0,0.5,0.7
0,1007,-0.135307,0.699184,0.571279,0.2,0.333333,0.149254,0,0.5,0.8
0,1007,-1.25018,-0.806365,-1.56053,0.1,0.111111,0.0722892,1,0.166667,0.9
1,1007,1.17942,-2.26346,-0.373656,0.333333,0.1,0.121951,0,0,1
0,1008,0.0411297,0.0657681,0.40774,0.2,0.25,0.1,1,0.333333,0.1
1,1008,2.43285,-0.0527588,0.932015,1,0.166667,0.038961,1,0.333333,0.2
0,1008,0.342348,-0.0916431,0.20088,0.333333,0.142857,0.121951,1,0.5,0.3
0,1008,0.557967,-0.00283618,0.901352,0.5,0.2,0.133333,0,0,0.4
0,1008,-0.187236,-0.322497,-0.929382,0.166667,0.111111,0.0684932,1,0.666667,0.5
0,1008,0.21741,1.78745,1.39571,0.25,1,0.1,0,0,0.6
0,1008,-0.525704,0.31529,0.20088,0.142857,0.333333,0.119048,0,0,0.7
0,1008,-0.531699,-0.179276,-1.15708,0.125,0.125,0.0714286,0,0,0.8
1,1008,-1.53079,-2.40284,-1.98004,0.1,0.1,0.136364,1,0.666667,0.9
0,1008,-0.816272,0.883344,0.0279274,0.111111,0.5,0.0819672,1,0.5,1
0,1009,0.153781,0.551017,1.22769,0.5,0.333333,0.142857,0,0,0.1
0,1009,-0.906568,-0.541427,-1.20451,0.1,0.142857,0.0804598,0,0.333333,0.2
1,1009,-0.470703,0.0648519,-0.0373817,0.142857,0.25,0.0743802,1,0.166667,0.3
0,1009,-0.479585,0.633475,0.210583,0.125,0.5,0.166667,0,0.333333,0.4
0,1009,-0.0621248,0.0284825,0.578961,0.333333,0.2,0.13253,1,0.166667,0.5
0,1009,-0.484463,-1.30271,-1.58151,0.111111,0.1,0.0898876,0,0.166667,0.6
0,1009,-0.303159,-0.0203817,-0.252929,0.166667,0.166667,0.0967742,0,0.166667,0.7
0,1009,-0.144998,-0.732834,-0.228658,0.25,0.125,0.166667,0,0.333333,0.8
1,1009,2.88389,2.37613,1.91163,1,1,0.219178,1,0,0.9
0,1009,-0.186068,-1.0566,-0.623874,0.2,0.111111,0.149254,0,0,1
0,1010,1.58346,2.06663,1.62356,0.5,1,0.242424,1,0.166667,0.1
0,1010,1.77254,1.64986,1.62356,1,0.5,0.140351,1,0.166667,0.2
0,1010,-0.269052,-0.684648,-0.602479,0.2,0.111111,0.0980392,0,0,0.3
0,1010,-0.679262,-0.509307,-0.43457,0.166667,0.142857,0.102041,0,0,0.4
1,1010,1.06601,-0.449844,0.362937,0.333333,0.166667,0.0909091,1,0.166667,0.5
0,1010,-0.257734,-0.25057,0.350384,0.25,0.2,0.192308,0,0.166667,0.6
0,1010,-0.927213,-1.21476,-1.70152,0.1,0.1,0.0952381,0,0,0.7
0,1010,-0.698375,-0.177398,-0.0360998,0.142857,0.25,0.0877193,0,0,0.8
1,1010,-0.827005,0.240087,-0.191456,0.111111,0.333333,0.153846,1,0,0.9
0,1010,-0.76338,-0.670054,-0.994317,0.125,0.125,0.0877193,0,0,1
1,1011,2.89051,1.85053,2.29586,1,1,0.146341,1,1.33333,0.1
0,1011,-0.771877,0.231146,-0.454792,0.1,0.333333,0.04,1,1.33333,0.2
0,1011,-0.163206,-0.907684,-0.274616,0.25,0.125,0.0810811,1,1.33333,0.3
0,1011,-0.595503,-1.23871,-1.89939,0.111111,0.1,0.0531915,1,1.33333,0.4
1,1011,0.149199,-0.198373,0.482629,0.5,0.142857,0.121951,1,0,0.5
0,1011,0.0489757,-1.19796,-0.238103,0.333333,0.111111,0.0952381,1,1.33333,0.6
0,1011,-0.334505,-0.0585768,0.435752,0.2,0.25,0.172414,1,1.33333,0.7
0,1011,-0.334505,-0.0585768,-0.0598015,0.166667,0.2,0.172414,1,1.33333,0.8
0,1011,-0.334505,-0.0585768,-0.540448,0.142857,0.166667,0.172414,1,1.33333,0.9
0,1011,-0.554582,1.63678,0.252908,0.125,0.5,0.173913,1,1.33333,1
0,1012,-0.409257,0.110984,-0.965468,0.1,0.2,0.0588235,1,1.33333,0.1
0,1012,0.246428,-0.424177,0.029831,0.5,0.111111,0.0632911,1,1.33333,0.2
0,1012,-0.401391,-2.34075,-1.20931,0.166667,0.1,0.0851064,0,0,0.3
1,1012,2.94379,2.03674,2.2947,1,1,0.0877193,1,1.33333,0.4
0,1012,-0.402959,0.333628,0.252781,0.125,0.5,0.0606061,1,1.33333,0.5
1,1012,-0.400454,-0.109547,-0.274477,0.25,0.125,0.0689655,1,1.33333,0.6
0,1012,-0.406331,-0.00236536,-1.22929,0.111111,0.142857,0.0606061,1,1.33333,0.7
0,1012,-0.400551,0.168806,0.694976,0.2,0.333333,0.0666667,1,1.33333,0.8
0,1012,-0.36771,0.0757603,0.451134,0.333333,0.166667,0.0769231,1,1.33333,0.9
0,1012,-0.401566,0.150921,-0.0448724,0.142857,0.25,0.0677966,1,1.33333,1
0,1013,0.662065,-0.606413,0.0308438,0.5,0.111111,0.0588235,0,0.166667,0.1
0,1013,-1.31227,-1.05842,-2.18682,0.1,0.1,0.032967,0,0,0.2
0,1013,0.611541,-0.529511,-0.0155433,0.333333,0.125,0.075,0,0.166667,0.3
0,1013,-0.787693,-0.186306,-0.795916,0.125,0.166667,0.047619,1,0.833333,0.4
0,1013,0.570535,2.82629,1.54146,0.25,1,0.121212,1,0.833333,0.5
0,1013,-0.682405,-0.406724,-0.558516,0.166667,0.142857,0.0597015,1,0.833333,0.6
1,1013,2.18658,-0.164465,1.28146,1,0.2,0.0857143,1,0,0.7
0,1013,-0.743542,0.0700387,0.221857,0.142857,0.333333,0.0655738,1,0.833333,0.8
1,1013,0.291918,-0.0431801,0.450319,0.2,0.25,0.0793651,1,0.833333,0.9
0,1013,-0.796731,0.0986853,0.0308438,0.111111,0.5,0.08,1,0.833333,1
1,1014,2.70454,-0.783648,0.598727,1,0.125,0.121622,1,0,0.1
0,1014,0.562893,-1.06461,-0.211214,0.5,0.1,0.15493,1,0.666667,0.2
0,1014,-0.327385,0.381575,-0.050751,0.142857,0.25,0.227273,1,0.5,0.3
1,1014,-0.26758,0.427746,0.510236,0.166667,0.333333,0.263158,1,0.666667,0.4
0,1014,-0.0487267,-0.63687,-0.050751,0.25,0.142857,0.11,0,0,0.5
0,1014,-0.239149,-0.423826,0.208185,0.2,0.2,0.151515,0,0.666667,0.6
0,1014,-0.37186,-0.440636,-0.870626,0.125,0.166667,0.188679,0,0.666667,0.7
0,1014,-0.0276903,2.25871,1.97959,0.333333,1,0.238095,1,0.833333,0.8
0,1014,-1.09504,-0.860004,-2.14713,0.1,0.111111,0.0752688,1,0.5,0.9
0,1014,-0.890006,1.14156,0.0337391,0.111111,0.5,0.132075,1,0.5,1
0,1015,-0.611594,0.66543,-0.226062,0.125,0.25,0.101266,1,0.833333,0.1
0,1015,0.812494,1.14347,1.44155,0.333333,1,0.0833333,1,0.166667,0.2
0,1015,0.52319,0.406895,0.151602,0.2,0.2,0.105691,1,0.166667,0.3
1,1015,0.67957,0.768932,0.779494,0.25,0.333333,0.116071,1,1,0.4
0,1015,1.10368,0.899142,1.43432,0.5,0.5,0.0851064,1,0.833333,0.5
1,1015,-0.655879,-2.3542,-1.56356,0.111111,0.1,0.137255,0,0,0.6
0,1015,-0.611078,-0.735405,-0.828832,0.142857,0.125,0.0833333,1,1,0.7
0,1015,-2.04279,0.138764,-0.995997,0.1,0.166667,0.111111,1,0.833333,0.8
0,1015,1.32685,-0.195596,0.625102,1,0.142857,0.117647,1,0.5,0.9
0,1015,-0.524442,-0.737425,-0.817621,0.166667,0.111111,0.0925926,1,1,1
0,1016,-0.497836,-0.647346,-1.0698,0.125,0.111111,0.0638298,0,0.5,0.1
0,1016,-0.457743,-0.264777,0.134978,0.2,0.2,0.0967742,0,0,0.2
0,1016,-0.523493,-0.437622,-0.727965,0.111111,0.166667,0.0571429,0,0,0.3
0,1016,-0.414694,1.16304,1.08066,0.333333,0.5,0.136364,0,0.166667,0.4
0,1016,2.27279,1.05574,1.28348,1,0.333333,0.134615,1,0.166667,0.5
1,1016,-0.650948,-1.64927,-1.55093,0.1,0.1,0.0105263,0,0,0.6
0,1016,-0.485651,-0.626853,-0.564477,0.166667,0.125,0.0625,0,0.333333,0.7
1,1016,1.68523,1.85555,1.47987,0.5,1,0.153846,1,0.166667,0.8
0,1016,-0.487841,-0.536826,-0.569579,0.142857,0.142857,0.0625,0,0.333333,0.9
0,1016,-0.439818,0.0883625,0.50377,0.25,0.25,0.125,0,0,1
1,1017,1.08372,1.72289,1.59528,0.5,1,0.0526316,1,0.666667,0.1
0,1017,-0.906649,-0.00587527,-0.0472482,0.166667,0.2,0.0454545,0,0,0.2
0,1017,-0.966145,-1.17256,-1.32444,0.125,0.1,0.0310078,0,0,0.3
0,1017,1.26923,0.94372,1.38357,1,0.333333,0.0793651,0,0,0.4
1,1017,0.988462,0.690002,0.748143,0.333333,0.25,0.0487805,1,0.666667,0.5
0,1017,-0.939177,-0.867196,-0.795497,0.142857,0.125,0.0294118,0,0,0.6
0,1017,0.653255,1.18658,0.761069,0.2,0.5,0.0581395,1,0.666667,0.7
0,1017,-0.994685,-0.805885,-0.971735,0.111111,0.142857,0.0666667,1,0.666667,0.8
0,1017,-1.13473,-0.688232,-0.955938,0.1,0.166667,0.0428571,1,0.666667,0.9
0,1017,0.946721,-1.00344,-0.393207,0.25,0.111111,0.0462963,0,0,1
0,1018,-0.227598,-0.593023,-0.0446102,0.25,0.142857,0.1,0,0,0.1
0,1018,0.460979,-1.08183,0.0296567,0.5,0.111111,0.151515,0,0,0.2
0,1018,-0.148249,-1.30846,-0.451906,0.333333,0.1,0.111111,0,0,0.3
0,1018,-0.616538,-0.0828844,-1.20224,0.1,0.166667,0.101695,0,0,0.4
0,1018,-0.566395,-0.0285448,-0.272874,0.125,0.25,0.136364,0,0,0.5
1,1018,-0.576874,-0.623549,-1.45037,0.111111,0.125,0.0810811,0,0,0.6
0,1018,-0.42972,-0.0813096,-0.0594221,0.166667,0.2,0.130435,0,0,0.7
1,1018,2.86074,2.28095,2.28129,1,1,0.25,1,0,0.8
0,1018,-0.491008,0.700595,0.213318,0.142857,0.333333,0.132075,1,0,0.9
0,1018,-0.265341,0.81805,0.957164,0.2,0.5,0.138889,0,0,1
0,1019,-0.241157,-0.2669,-0.419475,0.166667,0.142857,0.0740741,1,0.5,0.1
1,1019,2.58728,2.48239,1.78195,1,1,0.214286,1,0,0.2
0,1019,-0.585707,-0.00503188,-0.0348458,0.142857,0.25,0.0519481,1,0.5,0.3
0,1019,-1.04778,-1.82014,-1.64241,0.1,0.1,0.046875,0,0,0.4
0,1019,-0.926947,-0.300537,-1.13291,0.111111,0.125,0.0526316,1,0.5,0.5
0,1019,0.1594,-0.416069,-0.386278,0.25,0.111111,0.0519481,0,0,0.6
0,1019,-0.685518,-0.195406,-0.597775,0.125,0.166667,0.0612245,0,0,0.7
0,1019,0.342892,0.334257,1.1444,0.333333,0.5,0.137931,0,0,0.8
0,1019,0.55638,-0.0127417,0.747657,0.5,0.2,0.0666667,0,0,0.9
1,1019,-0.15884,0.200175,0.539686,0.2,0.333333,0.0930233,1,0.5,1
0,1020,-0.656726,-0.812278,-1.17407,0.125,0.111111,0.153846,0,0,0.1
0,1020,-0.435508,-0.365447,0.148133,0.2,0.2,0.1375,1,0.333333,0.2
1,1020,2.63367,2.36312,1.84669,1,1,0.213333,0,0,0.3
0,1020,-0.625175,-0.133171,0.154265,0.166667,0.25,0.136986,0,0,0.4
0,1020,-0.653484,-0.46264,-0.434714,0.142857,0.166667,0.151515,0,0,0.5
0,1020,-0.705566,-0.833945,-1.70208,0.1,0.1,0.103093,0,0,0.6
0,1020,-0.666546,0.266361,-0.19152,0.111111,0.333333,0.177778,0,0,0.7
0,1020,0.250367,-0.658458,0.17268,0.333333,0.142857,0.139535,0,0,0.8
1,1020,0.783906,1.31523,1.4015,0.5,0.5,0.214286,1,0.333333,0.9
0,1020,0.0750607,-0.678771,-0.220889,0.25,0.125,0.136986,1,0.333333,1
0,1021,1.82913,-0.80869,0.273857,0.5,0.125,0.166667,1,0.166667,0.1
0,1021,-0.660219,-0.246937,-0.833963,0.125,0.166667,0.131579,0,0,0.2
0,1021,-0.542496,0.252206,0.207673,0.166667,0.25,0.166667,0,0,0.3
1,1021,-0.0356871,-1.89846,-0.492463,0.333333,0.1,0.0816327,0,0,0.4
0,1021,-0.308416,0.0769004,0.471846,0.25,0.2,0.15,0,0,0.5
1,1021,2.08036,0.969641,1.89623,1,0.333333,0.206897,1,0.166667,0.6
0,1021,-0.638856,-0.287277,-0.841501,0.142857,0.142857,0.135135,0,0,0.7
0,1021,-0.660219,-0.842131,-1.82208,0.111111,0.111111,0.135135,0,0,0.8
0,1021,-0.744137,1.42438,0.0973369,0.1,1,0.0754717,0,0,0.9
0,1021,-0.319455,1.36037,1.04307,0.2,0.5,0.125,0,0,1
1,1022,2.14826,1.6648,1.97231,1,1,0.185185,0,0,0.1
0,1022,-0.432225,0.699297,0.387753,0.166667,0.333333,0.181818,1,0,0.2
0,1022,-0.645071,-0.596488,-0.864958,0.125,0.142857,0.128571,0,0,0.3
1,1022,-1.74984,-2.0293,-1.81786,0.1,0.1,0.107143,1,0,0.4
0,1022,0.893533,0.474582,0.827524,0.5,0.2,0.184615,0,0,0.5
0,1022,0.178809,0.609707,0.374342,0.2,0.25,0.164179,0,0,0.6
0,1022,-0.655379,0.815354,0.0256399,0.111111,0.5,0.151515,1,0.166667,0.7
0,1022,-0.444333,-0.606865,-0.864958,0.142857,0.125,0.107527,0,0,0.8
0,1022,0.271282,-0.74352,-0.427542,0.25,0.111111,0.15625,1,0.333333,0.9
0,1022,0.434966,-0.287569,0.387753,0.333333,0.166667,0.15942,0,0.166667,1
1,1023,1.33561,1.8775,1.52583,0.5,1,0.0833333,1,0,0.1
0,1023,-0.0920395,0.55178,0.911734,0.333333,0.333333,0.0344828,0,0,0.2
0,1023,-0.717477,-1.31707,-1.26678,0.125,0.1,0.0491803,0,0,0.3
1,1023,-0.120264,1.30289,0.918062,0.25,0.5,0.0697674,1,0,0.4
0,1023,-0.208359,-0.805529,-0.22405,0.2,0.142857,0.0571429,0,0,0.5
0,1023,-0.829236,-0.944351,-1.10303,0.111111,0.125,0.0508475,0,0,0.6
0,1023,-0.852573,-0.999039,-1.43535,0.1,0.111111,0.0416667,0,0,0.7
0,1023,-0.585367,-0.198733,-0.408412,0.142857,0.166667,0.0666667,0,0,0.8
0,1023,2.4016,0.170716,0.937064,1,0.2,0.0892857,0,0.166667,0.9
0,1023,-0.3319,0.361835,0.144932,0.166667,0.25,0.0428571,0,0.166667,1
0,1024,0.433006,-0.113471,0.540717,0.333333,0.166667,0.134831,0,1.33333,0.1
0,1024,-0.477579,-0.0928851,-0.0716402,0.166667,0.2,0.174603,0,1.33333,0.2
0,1024,-0.197899,1.39225,1.78689,0.25,1,0.392857,0,1.33333,0.3
0,1024,-0.77262,-0.115185,-1.4734,0.111111,0.142857,0.15873,0,1.33333,0.4
0,1024,0.491227,-0.4327,0.302976,0.5,0.125,0.107438,0,1.33333,0.5
0,1024,-0.514661,-0.936339,-1.4734,0.142857,0.111111,0.169231,0,1.33333,0.6
0,1024,-0.774892,0.167728,-0.855788,0.1,0.25,0.188679,0,1.33333,0.7
1,1024,-0.200034,1.29555,1.15397,0.2,0.5,0.392857,0,1.33333,0.8
1,1024,2.70594,-2.09538,0.107687,1,0.1,0.0909091,1,0,0.9
0,1024,-0.692492,0.930437,-0.018018,0.125,0.333333,0.212766,0,1.33333,1
0,1025,-0.206718,2.04136,1.51656,0.166667,1,0.0810811,1,0.333333,0.1
0,1025,1.26576,-0.40562,0.734844,0.5,0.142857,0.0987654,0,0,0.2
0,1025,0.812036,-1.12859,-0.362532,0.333333,0.111111,0.0694444,0,0.333333,0.3
1,1025,0.447621,0.252841,1.04653,0.25,0.25,0.113208,1,0.666667,0.4
0,1025,-1.13492,1.04072,0.385075,0.125,0.5,0.0740741,1,0.666667,0.5
0,1025,0.30844,-1.51763,-1.47075,0.2,0.1,0.0740741,0,0,0.6
0,1025,-0.665605,-0.347661,-0.822879,0.142857,0.166667,0.078125,1,0.666667,0.7
0,1025,-1.28959,-0.129791,-1.47075,0.1,0.2,0.0645161,1,0.5,0.8
0,1025,-1.16475,0.724794,-0.362532,0.111111,0.333333,0.0634921,1,0.166667,0.9
1,1025,1.62772,-0.530427,0.806426,1,0.125,0.0941176,0,0,1
0,1026,-1.49053,-0.387216,-1.44257,0.1,0.142857,0.0925926,1,0.833333,0.1
1,1026,0.971468,2.45681,1.74629,0.333333,1,0.112903,1,0.833333,0.2
0,1026,-1.36636,-0.189381,-0.99046,0.111111,0.166667,0.192308,0,0,0.3
0,1026,-0.203163,-0.455241,-1.00404,0.142857,0.125,0.12,1,0.833333,0.4
0,1026,-1.3197,0.00561859,-0.27385,0.125,0.25,0.147059,1,0.833333,0.5
0,1026,0.0575889,0.732673,0.717304,0.166667,0.5,0.146341,0,0,0.6
0,1026,0.99186,-1.65559,-0.186322,0.5,0.1,0.145833,1,0.833333,0.7
1,1026,0.501579,0.0944175,0.693387,0.2,0.333333,0.125,1,0,0.8
0,1026,1.26132,-0.0740466,1.23655,1,0.2,0.162791,1,0.833333,0.9
0,1026,0.595937,-0.52805,-0.496289,0.25,0.111111,0.139535,0,0,1
0,1027,-0.382489,-0.156331,0.556477,0.2,0.333333,0.192308,0,0,0.1
1,1027,0.464652,1.69474,1.39445,0.5,0.5,0.27907,0,0,0.2
1,1027,2.83927,2.21482,1.8374,1,1,0.293333,0,0,0.3
0,1027,-0.435911,-0.185373,0.153489,0.166667,0.25,0.166667,0,0,0.4
0,1027,-0.332276,-0.517451,0.153489,0.25,0.166667,0.170213,1,0.666667,0.5
0,1027,-0.576842,-0.575646,-0.984312,0.111111,0.142857,0.152174,1,0.666667,0.6
0,1027,-0.571108,-0.503344,-0.421127,0.125,0.2,0.145833,1,0.666667,0.7
0,1027,-0.524437,-0.758607,-1.15773,0.142857,0.1,0.173913,1,0,0.8
0,1027,0.0959799,-0.616795,-0.190556,0.333333,0.111111,0.136364,1,0.666667,0.9
0,1027,-0.576842,-0.59601,-1.34158,0.1,0.125,0.152174,1,0.666667,1
0,1028,0.931412,0.673646,1.28685,0.5,0.333333,0.181818,1,1,0.1
0,1028,-1.8505,-0.340896,-1.46305,0.1,0.125,0.0447761,0,0,0.2
0,1028,1.54624,1.35083,2.00376,1,1,0.352941,1,1,0.3
0,1028,-0.383753,0.41845,-0.239677,0.125,0.25,0.131579,1,1,0.4
0,1028,0.169724,-0.290679,-0.258763,0.2,0.142857,0.1,1,1,0.5
0,1028,-0.171897,1.22107,0.421226,0.142857,0.5,0.192308,1,1,0.6
0,1028,-1.46925,0.260824,-0.65394,0.111111,0.2,0.0909091,1,1,0.7
1,1028,-0.106013,-2.20967,-1.05599,0.166667,0.1,0.0434783,0,0,0.8
0,1028,0.828081,-0.143728,0.393937,0.333333,0.166667,0.109091,1,1,0.9
1,1028,0.505962,-0.939844,-0.43436,0.25,0.111111,0.133333,0,0,1
0,1029,-1.00842,-0.499725,-1.30087,0.1,0.166667,0.0813953,0,0,0.1
0,1029,-0.168303,-0.0484779,0.198007,0.2,0.2,0.137931,1,0.5,0.2
1,1029,2.65897,2.29889,2.46844,1,1,0.392857,1,0.166667,0.3
0,1029,-0.0712495,0.371532,0.739008,0.25,0.25,0.0891089,1,0.5,0.4
0,1029,-0.721101,0.645536,-0.256001,0.111111,0.333333,0.0967742,1,0.5,0.5
0,1029,-0.269589,-0.931722,-0.828064,0.166667,0.125,0.147541,1,0,0.6
0,1029,-0.708037,0.808954,0.27192,0.125,0.5,0.142857,1,0.5,0.7
1,1029,-0.501794,-0.693203,-0.835548,0.142857,0.142857,0.0958904,0,0,0.8
0,1029,0.727995,-0.991719,-0.200888,0.5,0.1,0.25,1,0.166667,0.9
0,1029,0.0615284,-0.960066,-0.256001,0.333333,0.111111,0.102273,0,0,1
1,1030,1.27889,0.973548,1.48204,1,0.333333,0.278689,0,0,0.1
0,1030,-0.671076,-0.402642,-0.657694,0.142857,0.142857,0.196721,1,0.833333,0.2
0,1030,-0.760778,-2.21793,-1.41869,0.125,0.1,0.169492,0,0,0.3
0,1030,0.950259,1.45443,1.48204,0.333333,1,0.346939,0,0,0.4
1,1030,0.889492,-0.413715,-0.23241,0.25,0.125,0.209877,1,0.333333,0.5
0,1030,-0.449689,-0.664864,-0.840582,0.166667,0.111111,0.179104,1,0.333333,0.6
0,1030,0.552499,1.02851,0.815231,0.2,0.5,0.263158,1,0.166667,0.7
0,1030,-1.74159,0.411969,-0.604577,0.1,0.25,0.222222,1,0.333333,0.8
0,1030,1.00053,-0.0704709,0.815231,0.5,0.2,0.25,0,0,0.9
0,1030,-1.04855,-0.0988413,-0.840582,0.111111,0.166667,0.259259,1,0.333333,1
0,1031,-0.96413,-0.048591,-0.793502,0.1,0.2,0.104167,0,0.166667,0.1
1,1031,0.0645683,-2.43196,-0.58683,0.25,0.1,0.0526316,1,0,0.2
0,1031,-0.699479,-0.155895,-1.01034,0.111111,0.142857,0.115385,1,1.16667,0.3
0,1031,0.481414,0.6125,1.21121,0.5,0.333333,0.145455,0,0,0.4
0,1031,-0.674086,-0.0760227,-0.63267,0.125,0.166667,0.125,1,1,0.5
0,1031,-0.226018,-0.465169,-0.815908,0.166667,0.111111,0.0897436,1,1,0.6
0,1031,0.121162,0.482304,0.777861,0.333333,0.25,0.194444,1,1,0.7
1,1031,2.71161,1.50834,1.88597,1,1,0.195652,1,1,0.8
0,1031,-0.672188,-0.34079,-0.827096,0.142857,0.125,0.0923077,1,1,0.9
0,1031,-0.142858,0.915279,0.791301,0.2,0.5,0.181818,1,1,1
0,1032,0.287227,1.33171,0.90892,0.25,0.5,0.0789474,1,0.5,0.1
1,1032,1.35494,0.570957,1.31017,1,0.333333,0.130435,1,0.5,0.2
1,1032,1.25107,0.405833,0.90892,0.5,0.25,0.132353,1,1,0.3
0,1032,-0.588621,-0.55315,-0.753291,0.125,0.142857,0.0721649,0,0,0.4
0,1032,0.203508,-0.75184,-0.393688,0.2,0.125,0.0898876,1,0.5,0.5
0,1032,-0.577272,-0.319111,-0.221819,0.142857,0.2,0.0714286,0,0,0.6
0,1032,-1.47154,-0.996495,-1.25894,0.111111,0.111111,0.078125,1,0.5,0.7
0,1032,1.17118,2.00763,1.31017,0.333333,1,0.122449,1,0.5,0.8
0,1032,-1.49678,-1.23621,-1.58317,0.1,0.1,0.0540541,0,0,0.9
0,1032,-0.133718,-0.459325,-0.227267,0.166667,0.166667,0.132075,1,0.5,1
0,1033,-0.753222,0.20211,-0.239242,0.125,0.25,0.147541,0,0,0.1
0,1033,-0.907543,-0.331028,-1.05407,0.1,0.166667,0.173077,0,0,0.2
0,1033,-0.592936,0.385567,0.187027,0.142857,0.333333,0.192308,0,0,0.3
1,1033,2.2663,1.46941,1.75903,1,0.5,0.238095,1,0.166667,0.4
0,1033,0.142867,-0.0280361,0.60576,0.333333,0.2,0.175439,0,0,0.5
0,1033,-0.0478042,1.921,1.29946,0.25,1,0.264706,0,0,0.6
1,1033,1.43623,-0.474339,0.42046,0.5,0.142857,0.15,1,0,0.7
0,1033,-0.48974,-1.51571,-1.05407,0.166667,0.1,0.102041,1,0.166667,0.8
0,1033,-0.873807,-0.842025,-1.46594,0.111111,0.111111,0.101695,0,0,0.9
0,1033,-0.180338,-0.786952,-0.458422,0.2,0.125,0.175439,0,0,1
0,1034,-0.488326,-0.854349,-1.15449,0.111111,0.125,0.0519481,1,0.833333,0.1
0,1034,-0.353235,0.530641,0.151693,0.166667,0.25,0.060241,1,0.833333,0.2
0,1034,-0.246909,-0.365367,0.549967,0.333333,0.2,0.116279,0,0,0.3
1,1034,-0.314895,-0.621926,-0.234503,0.2,0.142857,0.16,0,0.166667,0.4
1,1034,2.92642,1.80448,1.8159,1,1,0.18,1,0.833333,0.5
0,1034,-0.442981,1.25095,0.200037,0.125,0.5,0.0909091,1,0.833333,0.6
0,1034,-0.288923,-0.370686,0.151693,0.25,0.166667,0.131579,1,0.833333,0.7
0,1034,0.247313,0.926556,1.1662,0.5,0.333333,0.0923077,0,0.166667,0.8
0,1034,-0.391477,-1.20315,-1.14419,0.142857,0.1,0.0526316,0,0,0.9
0,1034,-0.646986,-1.09714,-1.50231,0.1,0.111111,0.075,1,0.833333,1
0,1035,-0.0192409,0.651501,0.777667,0.25,0.333333,0.0641026,0,0.166667,0.1
0,1035,0.137017,-0.262259,0.590744,0.5,0.166667,0.0454545,1,0.166667,0.2
0,1035,0.112416,-0.146845,0.571046,0.333333,0.2,0.056338,0,0,0.3
0,1035,-0.888871,0.100746,-0.408725,0.111111,0.25,0.0638298,0,0,0.4
0,1035,-0.232597,-0.782479,-0.44385,0.166667,0.142857,0.0677966,0,0.166667,0.5
0,1035,-0.656959,-0.892944,-1.19874,0.125,0.111111,0.0412371,0,0,0.6
1,1035,2.7912,2.37568,1.8855,1,1,0.0675676,1,0,0.7
0,1035,-0.0554892,-0.857476,-0.432152,0.2,0.125,0.0549451,0,0,0.8
1,1035,-0.28267,0.820548,0.396366,0.142857,0.5,0.057971,1,0.166667,0.9
0,1035,-0.904803,-1.00648,-1.73785,0.1,0.1,0.0566038,0,0,1
0,1036,0.704443,-0.298816,0.406803,0.333333,0.166667,0.0634921,0,1,0.1
0,1036,-1.60814,-1.62299,-1.90717,0.1,0.1,0.0206186,0,1,0.2
0,1036,-0.132539,-1.24364,-1.10849,0.142857,0.111111,0.0512821,0,1,0.3
0,1036,1.90339,1.03466,1.57829,1,0.333333,0.0833333,0,0,0.4
0,1036,0.567611,1.56236,1.34434,0.25,1,0.111111,0,1,0.5
1,1036,0.0637963,-0.63758,-0.474256,0.2,0.125,0.0571429,1,0,0.6
0,1036,-1.31372,0.573392,-0.448546,0.111111,0.25,0.0487805,0,1,0.7
1,1036,0.746935,-0.488301,0.434983,0.5,0.142857,0.0588235,1,0,0.8
0,1036,-0.124533,0.00523711,-0.0538978,0.166667,0.2,0.0512821,0,1,0.9
0,1036,-0.807248,1.11567,0.227941,0.125,0.5,0.0697674,0,1,1
0,1037,-0.363408,0.305064,-0.224866,0.125,0.25,0.111111,1,0.333333,0.1
0,1037,0.915498,0.487527,1.20733,0.5,0.333333,0.170213,1,0.333333,0.2
0,1037,-0.319013,-1.61286,-1.0071,0.142857,0.111111,0.07,1,0,0.3
0,1037,-0.287387,-1.71288,-0.790962,0.2,0.1,0.0813953,1,0.333333,0.4
0,1037,0.675709,1.85161,1.43393,0.333333,1,0.15,1,0,0.5
0,1037,-0.301068,-0.198154,-0.630644,0.166667,0.125,0.0987654,0,0,0.6
0,1037,-1.00196,-0.0990096,-1.0071,0.111111,0.142857,0.0714286,0,0,0.7
1,1037,2.23072,0.792778,1.65334,1,0.5,0.169811,1,0.166667,0.8
1,1037,-1.52232,0.165952,-0.790962,0.1,0.2,0.0746269,0,0,0.9
0,1037,-0.0267743,0.0199743,0.157043,0.25,0.166667,0.0886076,1,0.166667,1
0,1038,-0.666047,1.24798,0.4925,0.125,1,0.210526,0,0,0.1
0,1038,0.10845,0.533186,0.880512,0.333333,0.25,0.178947,0,0,0.2
0,1038,-0.311276,-1.87107,-1.12507,0.166667,0.1,0.131313,0,0,0.3
0,1038,-0.793793,0.787855,-0.422899,0.1,0.333333,0.177419,0,0,0.4
0,1038,-0.389067,-0.687072,-0.936244,0.142857,0.125,0.168539,0,0,0.5
0,1038,-0.0715349,0.312134,0.405194,0.25,0.2,0.163462,0,0,0.6
0,1038,-0.133885,0.118419,-0.275692,0.2,0.142857,0.174419,0,0,0.7
1,1038,2.8454,0.943636,1.87753,1,0.5,0.185841,1,0,0.8
0,1038,-0.726479,-1.58793,-1.56469,0.111111,0.111111,0.157895,0,0,0.9
1,1038,0.138228,0.202869,0.668868,0.5,0.166667,0.203125,0,0,1
0,1039,-0.0499006,0.527165,0.590409,0.25,0.25,0.0963855,0,0,0.1
0,1039,-0.556896,0.178582,-0.451997,0.125,0.2,0.0666667,0,0,0.2
0,1039,0.0154355,1.13975,1.50422,0.333333,1,0.0714286,0,0,0.3
0,1039,0.828674,-1.97623,-0.160494,0.5,0.1,0.151515,1,0.166667,0.4
0,1039,-0.376418,1.02991,0.617872,0.166667,0.5,0.0921053,1,0,0.5
0,1039,-0.303124,0.140317,-0.254673,0.2,0.142857,0.111111,0,0,0.6
0,1039,-0.41788,0.154013,-0.464233,0.142857,0.166667,0.107692,0,0,0.7
1,1039,2.634,0.774415,1.50422,1,0.333333,0.173913,1,0.166667,0.8
1,1039,-1.08815,-1.63415,-1.63153,0.1,0.111111,0.05,0,0,0.9
0,1039,-0.685733,-0.333763,-1.25379,0.111111,0.125,0.115385,0,0,1
0,1040,1.10401,1.84528,1.60072,0.5,1,0.0877193,1,0.166667,0.1
1,1040,0.621606,1.16649,0.963123,0.25,0.5,0.0687023,1,0.166667,0.2
0,1040,-1.0513,-0.879534,-1.33401,0.111111,0.111111,0.0526316,0,0,0.3
0,1040,-0.685758,-0.274296,-0.235047,0.142857,0.2,0.0666667,0,0.333333,0.4
0,1040,-1.02836,-0.581029,-0.980332,0.125,0.125,0.107143,0,0,0.5
0,1040,-0.0804435,-0.208957,0.345456,0.2,0.25,0.0707071,0,0,0.6
0,1040,-1.35741,-1.57786,-1.67759,0.1,0.1,0.0444444,0,0,0.7
1,1040,1.7981,-0.309617,0.789647,1,0.166667,0.147059,1,0.333333,0.8
0,1040,0.813418,-0.326047,0.170195,0.333333,0.142857,0.0833333,0,0.333333,0.9
0,1040,-0.133859,1.14558,0.357832,0.166667,0.333333,0.0816327,0,0.333333,1
1,1041,1.59636,2.01396,1.63744,0.5,1,0.122807,0,0.5,0.1
0,1041,-0.575529,-0.498613,-0.624582,0.125,0.166667,0.0705882,0,0,0.2
1,1041,0.600839,-1.18181,-0.368821,0.333333,0.1,0.0438596,0,0,0.3
0,1041,-0.360462,0.454591,0.55741,0.25,0.25,0.139535,1,0.833333,0.4
0,1041,-0.667125,-0.984,-1.36461,0.111111,0.111111,0.0746269,0,1,0.5
0,1041,-0.57421,0.715437,0.174099,0.142857,0.333333,0.131579,1,0.833333,0.6
0,1041,-0.363589,-0.550216,-0.240439,0.2,0.142857,0.0967742,0,0.333333,0.7
0,1041,2.02949,1.19029,1.63744,1,0.5,0.109375,1,0.833333,0.8
0,1041,-1.14515,-0.911495,-1.35944,0.1,0.125,0.0652174,1,0.666667,0.9
0,1041,-0.540631,-0.248147,-0.0484971,0.166667,0.2,0.0652174,1,0.666667,1
0,1042,0.0495567,-0.317985,-0.328892,0.166667,0.166667,0.062069,0,0,0.1
0,1042,0.221072,1.01764,1.5964,0.333333,0.5,0.111111,0,0,0.2
0,1042,-1.47839,0.171052,-1.04586,0.1,0.2,0.0980392,0,0,0.3
0,1042,1.27014,-0.634887,0.273828,0.5,0.125,0.0854701,0,0,0.4
0,1042,-0.970112,0.558817,-0.257798,0.111111,0.333333,0.111111,0,0,0.5
0,1042,-0.673558,-1.75359,-1.56626,0.142857,0.1,0.0659341,0,0,0.6
1,1042,0.0787411,1.90396,1.34258,0.2,1,0.185185,1,0,0.7
1,1042,2.06428,-0.999736,0.331939,1,0.111111,0.132353,1,0,0.8
0,1042,0.125198,0.484303,0.744194,0.25,0.25,0.0740741,0,0,0.9
0,1042,-0.686924,-0.42957,-1.09013,0.125,0.142857,0.0666667,0,0,1
1,1043,2.08415,2.76792,1.92357,1,1,0.233333,1,1.33333,0.1
0,1043,-0.319037,-0.369112,-0.248407,0.2,0.142857,0.152778,1,1.33333,0.2
0,1043,-0.535602,-0.238356,-0.440878,0.125,0.2,0.101449,1,1.33333,0.3
0,1043,-0.300883,-0.783734,-0.416977,0.25,0.111111,0.147059,1,1.33333,0.4
0,1043,-0.390659,0.446784,0.404368,0.142857,0.5,0.1875,1,1.33333,0.5
0,1043,-1.15986,-0.272469,-1.01373,0.1,0.166667,0.109375,1,1.33333,0.6
0,1043,1.53477,0.167639,1.23535,0.5,0.333333,0.142857,1,1.33333,0.7
0,1043,-1.00103,-0.693832,-1.22295,0.111111,0.125,0.0775194,1,1.5,0.8
0,1043,-0.354536,-0.846216,-1.01373,0.166667,0.1,0.126582,1,0.166667,0.9
1,1043,0.442694,-0.17862,0.793368,0.333333,0.25,0.277778,1,1.33333,1
0,1044,-0.542119,-0.141425,-0.222695,0.142857,0.2,0.047619,0,0,0.1
0,1044,-0.431873,-0.390583,-0.395243,0.2,0.125,0.035461,1,0.5,0.2
0,1044,-0.497305,-1.14925,-0.746036,0.166667,0.111111,0.0526316,0,0,0.3
0,1044,-0.808782,-0.373583,-0.923813,0.111111,0.142857,0.056338,1,0.5,0.4
0,1044,-0.799263,-0.209307,-0.578489,0.125,0.166667,0.0597015,1,0.5,0.5
0,1044,-0.813056,-1.69099,-1.58943,0.1,0.1,0.047619,0,0,0.6
1,1044,1.68232,1.94581,1.5166,0.5,1,0.0720721,0,0,0.7
1,1044,2.09099,0.618365,1.31534,1,0.333333,0.104478,1,0.5,0.8
0,1044,-0.173633,0.290565,0.516275,0.25,0.25,0.0784314,1,0,0.9
0,1044,0.292722,1.10039,1.10748,0.333333,0.5,0.111111,0,0,1
1,1045,1.18631,-0.582281,0.46668,0.5,0.142857,0.0980392,1,0,0.1
0,1045,0.286085,0.825264,0.915624,0.25,0.333333,0.222222,0,0,0.2
0,1045,0.310269,-0.954068,-0.230235,0.333333,0.111111,0.116279,1,0.833333,0.3
1,1045,2.18953,2.30468,2.21999,1,1,0.181818,1,0.666667,0.4
0,1045,-0.131615,0.893713,0.695541,0.166667,0.5,0.12987,0,0,0.5
0,1045,-0.953592,-0.310589,-0.508816,0.125,0.2,0.16,1,0.666667,0.6
0,1045,-0.985319,-0.571487,-0.960409,0.111111,0.166667,0.145455,1,0.666667,0.7
0,1045,-0.0918829,-1.01978,-0.934035,0.2,0.1,0.0825688,0,0,0.8
0,1045,-1.10094,0.11038,-0.690761,0.1,0.25,0.14,1,0.666667,0.9
0,1045,-0.708848,-0.695829,-0.973579,0.142857,0.125,0.115385,0,0.166667,1
1,1046,1.03466,-0.243847,0.753311,0.5,0.2,0.0877193,1,0,0.1
0,1046,-0.849225,-0.681574,-1.31093,0.1,0.125,0.0980392,0,0,0.2
0,1046,-0.544059,0.00402245,0.149983,0.166667,0.25,0.14,1,0,0.3
0,1046,-0.575463,-0.575761,-0.607739,0.142857,0.142857,0.0983607,0,0,0.4
0,1046,-0.58781,-0.949924,-1.31093,0.125,0.1,0.118644,0,0,0.5
0,1046,-0.0622549,-0.880041,-0.389199,0.25,0.111111,0.107692,0,0,0.6
0,1046,-0.823408,-0.57416,-0.776737,0.111111,0.166667,0.0945946,1,0,0.7
0,1046,0.335696,1.18222,1.15306,0.333333,0.5,0.363636,0,0.166667,0.8
0,1046,-0.429459,0.34867,0.543767,0.2,0.333333,0.28,0,0,0.9
1,1046,2.50132,2.3704,1.79543,1,1,0.423077,0,0.166667,1
1,1047,1.77439,-0.648021,0.960976,1,0.142857,0.163636,0,0.166667,0.1
0,1047,0.952356,-1.02417,-0.30132,0.333333,0.111111,0.102941,1,0.166667,0.2
0,1047,1.19951,-1.02148,0.320056,0.5,0.125,0.0884956,0,0,0.3
0,1047,-1.08277,-0.0275989,-1.25694,0.111111,0.166667,0.101449,0,0,0.4
1,1047,-0.538721,-1.76918,-1.53116,0.166667,0.1,0.0821918,1,0.166667,0.5
0,1047,-0.75107,0.615279,-0.375201,0.142857,0.2,0.140351,0,0.166667,0.6
0,1047,-0.909777,0.872842,0.320056,0.125,0.5,0.162791,0,0,0.7
0,1047,-0.0980991,1.37437,1.56924,0.2,1,0.191489,0,0,0.8
0,1047,0.591018,0.8493,1.19832,0.25,0.333333,0.192308,0,0,0.9
0,1047,-1.13683,0.778663,-0.904033,0.1,0.25,0.0958904,0,0,1
0,1048,-0.490757,-0.699331,-0.433957,0.166667,0.142857,0.107143,0,0,0.1
0,1048,-0.933618,-1.0569,-1.52513,0.1,0.111111,0.0882353,1,0.333333,0.2
0,1048,0.865971,0.318864,0.77347,0.5,0.2,0.139241,0,0,0.3
0,1048,-0.0558268,-1.44929,-0.573607,0.25,0.1,0.16,0,0,0.4
0,1048,-0.925499,-0.384563,-0.797523,0.111111,0.166667,0.103448,0,0,0.5
0,1048,-0.501444,0.438306,-0.0360489,0.142857,0.25,0.0851064,1,0.333333,0.6
1,1048,2.53974,1.77199,1.84348,1,1,0.183099,1,0,0.7
1,1048,-0.360668,1.02274,0.77347,0.2,0.5,0.109589,1,0.333333,0.8
0,1048,-0.536193,-0.893354,-0.992916,0.125,0.125,0.122807,0,0,0.9
0,1048,0.398297,0.931537,0.968762,0.333333,0.333333,0.121951,0,0,1
0,1049,1.35793,-0.0603049,0.693886,1,0.142857,0.0675676,0,0,0.1
0,1049,0.646705,1.35124,1.60018,0.333333,1,0.101695,1,0.5,0.2
0,1049,-1.6638,0.678652,-0.217572,0.111111,0.333333,0.15,1,0.5,0.3
0,1049,-1.69104,-2.22533,-1.93361,0.1,0.1,0.0714286,0,0.166667,0.4
0,1049,0.352561,0.148759,0.168283,0.2,0.2,0.0606061,0,0,0.5
0,1049,-0.175333,0.537335,-0.041024,0.142857,0.25,0.0833333,0,0.166667,0.6
1,1049,0.610829,1.09344,1.11011,0.25,0.5,0.0833333,1,0.5,0.7
0,1049,-0.113569,-0.0304497,-0.277573,0.166667,0.166667,0.166667,1,0.5,0.8
1,1049,1.15658,-0.486453,0.231101,0.5,0.125,0.136364,0,0,0.9
0,1049,-0.480858,-1.00689,-1.33378,0.125,0.111111,0.1,0,0,1
0,1050,-0.417558,0.290029,0.180761,0.166667,0.25,0.133333,0,0.333333,0.1
0,1050,-0.431654,0.405753,0.202338,0.142857,0.333333,0.117647,0,0.333333,0.2
0,1050,-1.44601,-1.32407,-1.99442,0.1,0.1,0.0229885,0,0,0.3
0,1050,-1.28311,-0.343291,-1.1592,0.111111,0.142857,0.047619,0,0,0.4
0,1050,0.976495,-0.950959,0.238368,0.5,0.125,0.0549451,0,0,0.5
0,1050,0.176247,-0.0528877,0.173575,0.2,0.2,0.108696,0,0.166667,0.6
1,1050,2.02804,-0.991702,0.288954,1,0.111111,0.0666667,1,0,0.7
1,1050,0.370261,2.30295,1.40584,0.25,1,0.1,1,0,0.8
0,1050,0.591143,0.814525,1.38967,0.333333,0.5,0.1,0,0.333333,0.9
0,1050,-0.563852,-0.150345,-0.72589,0.125,0.166667,0.0952381,0,0.166667,1
0,1051,0.714935,1.53542,1.55852,0.333333,1,0.0888889,0,0,0.1
0,1051,-1.04091,-1.15047,-1.29905,0.125,0.111111,0.0491803,0,0.166667,0.2
0,1051,0.558576,1.11769,0.842742,0.25,0.333333,0.0769231,0,0.166667,0.3
0,1051,-1.22533,-0.207058,-0.883962,0.111111,0.166667,0.0375,0,0,0.4
1,1051,1.58961,-0.818475,0.675823,1,0.142857,0.0298507,1,0,0.5
1,1051,-0.493674,1.22988,0.429533,0.142857,0.5,0.0789474,1,0,0.6
0,1051,1.20242,-1.08908,0.225085,0.5,0.125,0.0375,0,0,0.7
0,1051,-0.272047,0.210321,-0.0532225,0.166667,0.2,0.030303,0,0,0.8
0,1051,-1.45684,-1.21129,-1.88328,0.1,0.1,0.0315789,0,0,0.9
0,1051,0.423263,0.383067,0.387813,0.2,0.25,0.0634921,0,0,1
1,1052,2.38739,1.48746,1.74234,1,1,0.146667,0,0,0.1
0,1052,-0.951768,-0.908394,-1.44145,0.1,0.111111,0.101695,0,0.166667,0.2
0,1052,-0.022399,-0.603707,-0.208407,0.25,0.125,0.136364,1,0.333333,0.3
0,1052,-0.190987,0.220469,0.330694,0.2,0.25,0.1,0,0,0.4
0,1052,-0.305433,0.925749,0.342541,0.166667,0.333333,0.222222,1,0.5,0.5
1,1052,-0.8752,-0.233284,-0.764104,0.125,0.142857,0.162162,0,0,0.6
0,1052,-0.917111,-2.06244,-1.44145,0.111111,0.1,0.0535714,0,0.166667,0.7
0,1052,1.22586,0.10485,0.731035,0.5,0.2,0.157895,1,0.5,0.8
0,1052,-0.390891,-0.0983672,-0.410149,0.142857,0.166667,0.0727273,0,0,0.9
0,1052,0.0405369,1.16767,1.11896,0.333333,0.5,0.102273,1,0.333333,1
0,1053,-0.739101,0.0545714,-0.475499,0.111111,0.25,0.0731707,1,0.833333,0.1
0,1053,-0.883092,-0.255272,-1.156,0.1,0.166667,0.0434783,1,1,0.2
1,1053,-0.522058,0.271772,0.461121,0.142857,0.5,0.1,1,0.833333,0.3
0,1053,-0.00856859,-0.917607,-0.682531,0.25,0.1,0.049505,1,0.833333,0.4
0,1053,0.468004,0.263303,1.15272,0.333333,0.333333,0.04,0,0,0.5
0,1053,-0.55965,-0.0180483,-0.502754,0.125,0.2,0.0615385,1,1.16667,0.6
0,1053,-0.486792,-0.694716,-0.502754,0.2,0.125,0.0588235,1,1.16667,0.7
1,1053,2.65365,2.72026,2.19354,1,1,0.0641026,1,0.166667,0.8
0,1053,0.580644,-0.554613,0.461121,0.5,0.142857,0.06,1,0.833333,0.9
0,1053,-0.503038,-0.869651,-0.948967,0.166667,0.111111,0.0512821,0,0.5,1
1,1054,2.00928,2.4417,1.63145,1,1,0.103448,1,0,0.1
1,1054,1.99068,1.46092,1.23816,0.5,0.5,0.08,1,0,0.2
0,1054,-0.499996,-0.487827,0.857342,0.333333,0.333333,0,0,0,0.3
0,1054,-0.499996,-0.487827,0.488429,0.25,0.25,0,0,0,0.4
0,1054,-0.499996,-0.487827,0.130868,0.2,0.2,0,0,0,0.5
0,1054,-0.499996,-0.487827,-0.215859,0.166667,0.166667,0,0,0,0.6
0,1054,-0.499996,-0.487827,-0.552235,0.142857,0.142857,0,0,0,0.7
0,1054,-0.499996,-0.487827,-0.878718,0.125,0.125,0,0,0,0.8
0,1054,-0.499996,-0.487827,-1.19574,0.111111,0.111111,0,0,0,0.9
0,1054,-0.499996,-0.487827,-1.5037,0.1,0.1,0,0,0,1
0,1055,1.44908,0.369612,1.04814,0.5,0.25,0.0857143,0,0,0.1
0,1055,-0.59382,0.273485,-0.466277,0.142857,0.166667,0.0449438,0,0,0.2
1,1055,-0.684836,1.28262,0.456954,0.125,1,0.0625,1,0.333333,0.3
0,1055,-0.542358,-1.36775,-0.85692,0.166667,0.111111,0.0487805,1,0.166667,0.4
0,1055,0.139494,0.832836,1.04091,0.333333,0.333333,0.125,0,0,0.5
0,1055,-0.062694,-1.7062,-0.616327,0.25,0.1,0.0657895,0,0,0.6
0,1055,-0.7493,-0.206516,-1.06112,0.111111,0.142857,0.111111,0,0,0.7
0,1055,-0.48878,0.324317,0.158888,0.2,0.2,0.043956,0,0,0.8
0,1055,-0.780209,-1.01938,-1.44626,0.1,0.125,0.108108,0,0,0.9
1,1055,2.31342,1.21698,1.74202,1,0.5,0.127273,1,0.166667,1
0,1056,-0.53672,1.10073,0.214896,0.125,0.5,0.0551181,1,0.333333,0.1
1,1056,0.376344,0.0294473,0.818496,0.5,0.2,0.0941176,1,0,0.2
0,1056,-0.486357,-0.399537,-0.459219,0.166667,0.142857,0.0804598,1,0.333333,0.3
0,1056,-0.471738,0.0341951,0.370258,0.2,0.25,0.0853659,1,0.333333,0.4
1,1056,2.77101,2.10173,1.95079,1,1,0.177419,1,0,0.5
0,1056,-0.525684,0.571555,0.182414,0.142857,0.333333,0.0853659,0,0,0.6
0,1056,-0.746573,-1.50281,-1.79803,0.1,0.1,0.038961,1,0,0.7
0,1056,-0.0470301,-1.07299,-0.422877,0.25,0.111111,0.0851064,0,0,0.8
0,1056,-0.686849,-0.656164,-1.24025,0.111111,0.125,0.0779221,0,0.166667,0.9
0,1056,0.353598,-0.206147,0.383523,0.333333,0.166667,0.127273,0,0.166667,1
0,1057,-0.161197,-1.65791,-0.81569,0.2,0.1,0.137931,0,0,0.1
0,1057,-0.174036,-1.04931,-0.65036,0.166667,0.125,0.0816327,0,0,0.2
0,1057,0.932615,0.589248,1.02588,0.5,0.25,0.12987,0,0,0.3
0,1057,-0.62149,0.873177,0.181284,0.142857,0.333333,0.135593,1,0.333333,0.4
1,1057,2.12005,1.32375,1.93871,1,1,0.113208,1,0,0.5
0,1057,0.881778,0.469563,0.587161,0.333333,0.2,0.0818182,1,0.333333,0.6
0,1057,0.0754045,0.403112,0.161952,0.25,0.166667,0.134328,0,0,0.7
1,1057,-1.45317,-1.11335,-1.60391,0.1,0.111111,0.102941,0,0,0.8
0,1057,-0.895555,-0.828183,-1.03859,0.111111,0.142857,0.1,0,0,0.9
0,1057,-0.704397,0.989897,0.213565,0.125,0.5,0.135593,1,0.333333,1
0,1058,-0.521162,-0.871105,-1.56447,0.111111,0.111111,0.0909091,1,0,0.1
0,1058,-0.373425,-0.0905619,-0.0417407,0.142857,0.25,0.112245,0,0,0.2
1,1058,0.162916,-0.305948,0.668772,0.5,0.166667,0.171429,1,0,0.3
0,1058,-0.629448,-0.247169,-0.898087,0.1,0.2,0.148148,0,0,0.4
0,1058,-0.201733,-0.441874,-0.0139837,0.333333,0.125,0.1375,0,0,0.5
0,1058,-0.233111,-0.306939,-0.0417407,0.25,0.142857,0.0814815,1,0.333333,0.6
0,1058,-0.304354,0.492201,0.646473,0.2,0.333333,0.147541,1,0.333333,0.7
0,1058,-0.366621,-1.38634,-1.12491,0.166667,0.1,0.0851064,0,0,0.8
1,1058,2.93659,2.48411,2.13455,1,1,0.240741,0,0,0.9
0,1058,-0.469648,0.673627,0.235139,0.125,0.5,0.2,1,0.333333,1
0,1059,-1.00039,0.508774,0.0312911,0.111111,0.5,0.0535714,1,0.666667,0.1
0,1059,-0.754535,-0.688941,-1.75748,0.125,0.1,0.0333333,1,0.666667,0.2
0,1059,0.240215,-0.0503562,1.2649,0.333333,0.333333,0.0649351,0,0,0.3
0,1059,-0.431156,-0.549847,-0.814755,0.142857,0.142857,0.056338,0,0,0.4
0,1059,-0.19824,2.821,1.04427,0.166667,1,0.0930233,1,0.666667,0.5
1,1059,0.243556,-0.302216,1.00991,0.5,0.2,0.049505,0,0,0.6
0,1059,0.11122,-0.582146,-0.551681,0.2,0.125,0.0396825,0,0,0.7
0,1059,0.198642,-0.184151,0.720618,0.25,0.25,0.0793651,1,0.833333,0.8
0,1059,-1.04459,-0.303128,-1.2685,0.1,0.166667,0.037037,1,0.666667,0.9
1,1059,2.63528,-0.668992,0.321423,1,0.111111,0.0744681,1,0.166667,1
0,1060,0.656504,0.496942,0.933,0.5,0.25,0.151899,0,0,0.1
0,1060,-0.679333,-0.488947,-1.28739,0.1,0.125,0.114286,1,0.333333,0.2
0,1060,-0.485049,0.901,0.164872,0.142857,0.333333,0.0740741,0,0.333333,0.3
0,1060,-0.127727,1.0126,1.13235,0.333333,0.5,0.133333,0,0,0.4
0,1060,-0.401976,-0.0372822,0.141435,0.2,0.2,0.135135,0,0,0.5
0,1060,-0.220696,-0.0610897,0.14729,0.25,0.166667,0.0840336,0,0,0.6
0,1060,-0.517146,-0.877956,-1.12098,0.125,0.111111,0.0930233,0,0,0.7
1,1060,2.80161,1.3788,1.76319,1,1,0.2,1,0,0.8
1,1060,-0.476861,-2.23421,-0.929203,0.166667,0.1,0.0761905,0,0,0.9
0,1060,-0.549329,-0.0898619,-0.944557,0.111111,0.142857,0.0967742,0,0.333333,1
0,1061,-0.0573605,-0.0545575,0.325695,0.25,0.2,0.0842105,1,0.333333,0.1
0,1061,-0.675079,-1.49383,-1.58162,0.1,0.1,0.133333,1,0.333333,0.2
1,1061,0.261393,1.29355,1.30232,0.5,0.5,0.150943,1,0.333333,0.3
0,1061,-0.640501,-0.493935,-0.919277,0.111111,0.142857,0.153846,0,0,0.4
0,1061,-0.556398,0.449758,-0.033556,0.142857,0.25,0.1,0,0,0.5
0,1061,-0.628089,-1.12396,-1.09098,0.125,0.111111,0.106061,0,0,0.6
0,1061,-0.252969,1.10172,0.51971,0.2,0.333333,0.06,0,0,0.7
1,1061,2.84452,1.48173,1.716,1,1,0.128205,0,0,0.8
0,1061,0.134544,-0.192924,0.337363,0.333333,0.166667,0.142857,0,0,0.9
0,1061,-0.430058,-0.967545,-0.575649,0.166667,0.125,0.0606061,0,0,1
1,1062,-0.250184,-0.656461,-0.791734,0.166667,0.111111,0.097561,0,0,0.1
0,1062,0.353883,-0.417635,0.171128,0.333333,0.142857,0.135135,0,0,0.2
0,1062,-0.906335,-0.126869,-0.569443,0.1,0.25,0.109589,1,0.166667,0.3
0,1062,-0.405038,-0.450358,-0.802591,0.142857,0.125,0.101124,0,0,0.4
0,1062,-0.217607,-0.0436763,0.554266,0.2,0.333333,0.108108,0,0,0.5
0,1062,-0.0318639,-0.153907,0.347351,0.25,0.2,0.131579,0,0,0.6
0,1062,0.404333,0.356185,1.38891,0.5,0.5,0.215686,1,0.166667,0.7
0,1062,-0.831262,-1.09299,-1.51406,0.111111,0.1,0.1,1,0,0.8
1,1062,2.69546,2.79047,1.8301,1,1,0.377778,1,0,0.9
0,1062,-0.811382,-0.204755,-0.613925,0.125,0.166667,0.111111,0,0,1
0,1063,-0.243958,-0.130762,-0.0364786,0.25,0.142857,0.121622,1,0.333333,0.1
0,1063,0.733027,0.677947,1.41574,0.5,0.5,0.255319,1,0.666667,0.2
1,1063,2.75661,2.32513,1.86545,1,1,0.351351,1,0.333333,0.3
0,1063,-0.386866,0.0713225,0.149638,0.2,0.2,0.102273,1,0.333333,0.4
0,1063,-0.716472,0.193646,-0.404379,0.111111,0.25,0.162791,1,0.333333,0.5
0,1063,-0.724484,-1.32183,-1.54331,0.1,0.111111,0.184211,1,0.333333,0.6
0,1063,-0.0648398,-0.704398,-0.0122209,0.333333,0.125,0.135593,0,0,0.7
1,1063,-0.416239,0.00942724,-0.246819,0.166667,0.166667,0.145455,1,0.333333,0.8
0,1063,-0.460527,0.215409,0.174434,0.142857,0.333333,0.0978261,1,0.333333,0.9
0,1063,-0.476256,-1.33589,-1.36206,0.125,0.1,0.0703125,0,0,1
0,1064,0.643367,1.62374,1.41887,0.333333,1,0.121951,1,0.166667,0.1
0,1064,-0.0790895,0.355338,-0.0484535,0.166667,0.2,0.060241,0,0,0.2
0,1064,0.0771857,0.193974,0.155393,0.25,0.166667,0.0909091,0,0,0.3
0,1064,1.36015,0.743479,1.41175,0.5,0.5,0.0618557,0,0,0.4
1,1064,-0.867725,-0.995825,-1.36339,0.111111,0.111111,0.0235294,0,0.166667,0.5
0,1064,-0.386946,0.537365,-0.0121864,0.125,0.333333,0.0769231,0,0,0.6
0,1064,-0.163636,-0.40582,-0.815789,0.142857,0.125,0.0746269,0,0,0.7
1,1064,1.52955,-0.236499,0.615265,1,0.142857,0.105263,1,0.166667,0.8
0,1064,-0.00220311,0.414491,0.353063,0.2,0.25,0.142857,0,0.166667,0.9
0,1064,-2.11066,-2.23024,-1.71452,0.1,0.1,0,0,0,1
0,1065,-0.848654,0.504241,-0.437903,0.111111,0.25,0.111111,0,0,0.1
0,1065,-0.916661,-0.329642,-1.47498,0.1,0.125,0.125,1,0,0.2
0,1065,0.0743906,-1.87078,-0.628566,0.25,0.1,0.0927835,0,0,0.3
0,1065,-0.839852,-1.82455,-1.28432,0.125,0.111111,0.0877193,0,0,0.4
1,1065,2.61285,0.922551,1.77661,1,0.5,0.121495,0,0,0.5
0,1065,-0.176397,0.105922,-0.260874,0.2,0.142857,0.111111,1,0,0.6
1,1065,0.543775,0.265638,0.632916,0.5,0.166667,0.0909091,0,0,0.7
0,1065,0.384276,0.915006,1.06158,0.333333,0.333333,0.0927835,0,0,0.8
0,1065,-0.217313,0.954128,0.876412,0.166667,1,0.117647,1,0,0.9
0,1065,-0.616411,0.357486,-0.260874,0.142857,0.2,0.109589,1,0,1
0,1066,-0.516307,1.06321,0.780807,0.2,0.5,0.0612245,0,0.5,0.1
0,1066,-0.584262,-1.11589,-1.18314,0.111111,0.125,0.04,1,1,0.2
0,1066,-0.611477,-1.3684,-1.71524,0.1,0.1,0.0428571,1,0.666667,0.3
0,1066,-0.524527,1.81111,0.615521,0.142857,1,0.0517241,0,0,0.4
0,1066,0.455082,-0.02756,0.563614,0.333333,0.2,0.0449438,0,0.166667,0.5
0,1066,0.675965,0.633496,1.19514,0.5,0.333333,0.0533333,0,0.666667,0.6
1,1066,-0.55051,-1.32599,-1.18314,0.125,0.111111,0.0652174,1,0.666667,0.7
1,1066,2.69082,0.532762,1.20905,1,0.25,0.0857143,1,0,0.8
0,1066,-0.52339,-0.0421959,-0.246225,0.166667,0.166667,0.075,1,1,0.9
0,1066,-0.51139,-0.160547,-0.0363908,0.25,0.142857,0.04,1,1,1
0,1067,-0.280978,1.06378,0.947858,0.25,0.5,0.257143,0,0,0.1
0,1067,-0.438009,-1.28137,-0.964795,0.125,0.125,0.175439,0,0,0.2
0,1067,-0.417548,-1.43863,-0.774936,0.166667,0.111111,0.0617284,0,0,0.3
0,1067,-1.03421,0.424211,-0.944001,0.1,0.166667,0.152542,0,0,0.4
1,1067,1.84636,0.527299,0.947858,0.5,0.25,0.203704,1,0,0.5
1,1067,2.05017,1.36675,1.79127,1,1,0.258065,1,0,0.6
0,1067,-0.223865,-0.146793,0.167497,0.333333,0.142857,0.133333,0,0,0.7
0,1067,-0.355149,0.547355,0.542506,0.2,0.333333,0.229167,0,0,0.8
0,1067,-0.433308,0.454876,-0.231322,0.142857,0.2,0.141026,0,0,0.9
0,1067,-0.713464,-1.51748,-1.48193,0.111111,0.1,0.133333,0,0,1
0,1068,-0.198137,-0.129486,-0.0487766,0.166667,0.2,0.156863,1,0.166667,0.1
0,1068,-0.393582,0.524779,-0.0366183,0.142857,0.25,0.175,0,0,0.2
0,1068,-1.00613,-0.425849,-1.00317,0.111111,0.142857,0.1,1,0.5,0.3
0,1068,-1.23894,-1.4943,-1.72596,0.1,0.1,0.0675676,0,0,0.4
0,1068,0.110527,-0.584771,-0.429194,0.2,0.125,0.189189,0,0,0.5
0,1068,-0.88528,1.11291,-0.0122677,0.125,0.333333,0.222222,1,0.5,0.6
0,1068,0.511945,1.30815,1.42117,0.5,0.5,0.195652,1,0.5,0.7
1,1068,2.44257,1.35881,1.8726,1,1,0.180328,1,0.5,0.8
0,1068,0.424776,-0.21845,0.36815,0.333333,0.166667,0.219512,1,0.166667,0.9
1,1068,0.232255,-1.45179,-0.405927,0.25,0.111111,0.0533333,0,0,1
0,1069,0.687056,1.44591,1.7346,0.5,0.5,0.2,1,0.333333,0.1
0,1069,-0.0590789,-0.560663,-0.523852,0.2,0.125,0.112676,0,0,0.2
0,1069,0.135935,1.65103,1.48493,0.25,1,0.0853659,1,0.333333,0.3
0,1069,0.247725,-0.502132,0.213721,0.333333,0.142857,0.2,0,0,0.4
1,1069,2.52273,-1.61167,0.0894892,1,0.1,0.0617284,1,0,0.5
0,1069,-0.972635,-0.259514,-0.745918,0.111111,0.2,0.109375,1,0,0.6
0,1069,-0.102816,0.150547,0.19093,0.166667,0.25,0.0952381,1,0.333333,0.7
1,1069,-0.628414,-0.437221,-0.538032,0.142857,0.166667,0.134615,0,0,0.8
0,1069,-0.75161,0.992098,-0.0149733,0.125,0.333333,0.137255,0,0,0.9
0,1069,-1.0789,-0.86838,-1.8909,0.1,0.111111,0.104478,0,0,1
0,1070,-0.257941,-0.550503,-0.700178,0.2,0.111111,0.0795455,1,1.16667,0.1
0,1070,-0.471138,-0.2079,-0.277059,0.142857,0.2,0.0583333,1,1.16667,0.2
1,1070,2.90545,2.8524,2.14544,1,1,0.210526,0,0,0.3
0,1070,-0.376918,-0.162744,0.179222,0.166667,0.25,0.06,0,0,0.4
1,1070,-0.0194979,0.314032,1.37784,0.333333,0.5,0.0824742,1,1.16667,0.5
0,1070,-0.542532,-0.495163,-1.14933,0.111111,0.142857,0.0793651,1,1.16667,0.6
0,1070,-0.692572,-0.0684079,-0.424996,0.1,0.333333,0.1,1,1.16667,0.7
0,1070,0.187853,-0.895872,-0.174602,0.5,0.1,0.162791,1,1.16667,0.8
0,1070,-0.208715,-0.268009,0.179222,0.25,0.166667,0.0958904,1,1.16667,0.9
0,1070,-0.523987,-0.517833,-1.15556,0.125,0.125,0.0659341,1,1.16667,1
1,1071,1.60994,2.45803,1.5408,0.5,1,0.263158,1,0.166667,0.1
1,1071,2.11769,0.977264,1.5408,1,0.5,0.148148,1,0,0.2
0,1071,-0.89284,-0.53032,-1.27921,0.1,0.125,0.0724638,0,0,0.3
0,1071,0.311124,-0.0788507,0.722596,0.333333,0.25,0.0661765,0,0.166667,0.4
0,1071,-0.687048,-0.121717,-0.226248,0.142857,0.2,0.0705882,0,0.166667,0.5
0,1071,-0.244327,-0.632103,-0.379781,0.25,0.111111,0.0655738,0,0.166667,0.6
0,1071,-0.887581,-1.46188,-1.44943,0.111111,0.1,0.0533333,1,0.166667,0.7
0,1071,-0.72656,-0.19271,-0.58772,0.125,0.166667,0.0606061,0,0,0.8
0,1071,-0.269889,-0.0678842,0.530608,0.2,0.333333,0.111111,0,0,0.9
0,1071,-0.330514,-0.349832,-0.412419,0.166667,0.142857,0.0689655,1,0.166667,1
0,1072,-0.16661,-0.272001,-0.0444493,0.2,0.166667,0.148148,0,0,0.1
0,1072,0.131424,1.57263,1.30161,0.333333,1,0.204082,0,0,0.2
0,1072,-0.458568,0.0679063,-0.0444493,0.166667,0.2,0.1875,0,0,0.3
1,1072,0.00691502,1.14994,0.902984,0.25,0.5,0.150685,0,0,0.4
0,1072,-0.533286,-0.564165,-0.577625,0.142857,0.142857,0.0987654,0,0,0.5
0,1072,-1.007,-1.26452,-1.41178,0.1,0.111111,0.0857143,0,0,0.6
0,1072,-0.561548,-0.685761,-1.08492,0.111111,0.125,0.166667,0,0,0.7
1,1072,2.77938,0.695609,1.10868,1,0.25,0.166667,1,0,0.8
0,1072,-0.535649,-1.57654,-1.24598,0.125,0.1,0.109375,0,0,0.9
0,1072,0.344936,0.876903,1.09592,0.5,0.333333,0.128571,0,0,1
0,1073,-0.089651,-0.41802,-0.256974,0.166667,0.166667,0.111111,0,0,0.1
1,1073,0.847472,2.31746,1.48142,0.333333,1,0.2,1,0.166667,0.2
0,1073,-1.70131,-1.10181,-1.6068,0.1,0.111111,0.0186047,0,0,0.3
0,1073,-0.166827,-0.42056,-0.657421,0.142857,0.142857,0.0266667,1,0.166667,0.4
0,1073,1.33808,0.592322,1.47399,0.5,0.5,0.111111,1,0.5,0.5
0,1073,-0.0763326,-1.2626,-0.81716,0.2,0.1,0.047619,1,0.166667,0.6
0,1073,-0.883786,0.149321,-0.445148,0.125,0.2,0.0769231,1,0.333333,0.7
1,1073,-1.02501,0.531732,-0.201425,0.111111,0.333333,0.09375,1,0.333333,0.8
0,1073,0.110804,-0.8016,-0.232314,0.25,0.125,0.0519481,0,0,0.9
0,1073,1.64656,0.413748,1.26183,1,0.25,0.0877193,0,0,1
1,1074,2.36279,1.78177,1.74474,1,1,0.131148,1,0.333333,0.1
1,1074,-0.0216713,0.291039,0.33115,0.2,0.25,0.101266,1,0.666667,0.2
0,1074,-0.900239,-0.192966,-0.754808,0.111111,0.166667,0.12,1,0.666667,0.3
0,1074,-0.779134,-0.574543,-1.10925,0.125,0.111111,0.107143,0,0,0.4
0,1074,-1.43457,-0.524329,-1.27393,0.1,0.125,0.0641026,0,0,0.5
0,1074,-0.295745,-0.248864,-0.590582,0.142857,0.142857,0.24,1,0.833333,0.6
0,1074,0.12792,0.881373,0.923239,0.25,0.5,0.25,1,0.833333,0.7
0,1074,0.575636,0.616803,0.916876,0.333333,0.333333,0.064,1,0.666667,0.8
0,1074,-0.286257,-2.20218,-0.919482,0.166667,0.1,0.162162,0,0,0.9
0,1074,0.65128,0.171899,0.732044,0.5,0.2,0.119403,0,0,1
0,1075,0.100159,0.255766,0.879775,0.333333,0.333333,0.171429,0,0.166667,0.1
0,1075,-0.935893,-1.34276,-1.38503,0.111111,0.1,0.09375,0,0.166667,0.2
1,1075,2.6264,2.55584,1.67414,1,1,0.424242,1,0.166667,0.3
0,1075,0.674994,0.13787,0.885881,0.5,0.25,0.196721,0,0.166667,0.4
0,1075,-0.14447,-0.195565,-0.0436073,0.2,0.166667,0.15942,0,0,0.5
0,1075,0.0523282,0.386855,0.885881,0.25,0.5,0.130435,1,0.166667,0.6
1,1075,-0.312054,-0.23601,-0.394096,0.166667,0.142857,0.123288,1,0.166667,0.7
0,1075,-0.790937,-0.322918,-0.90171,0.125,0.125,0.159091,0,0,0.8
0,1075,-0.313705,-0.137492,-0.216196,0.142857,0.2,0.212766,1,0.166667,0.9
0,1075,-0.95682,-1.10158,-1.38503,0.1,0.111111,0.0787402,1,0.166667,1
0,1076,-0.129787,2.26538,1.43785,0.333333,1,0.166667,0,0,0.1
0,1076,-0.502314,-0.348891,-0.432054,0.125,0.2,0.0869565,0,0.166667,0.2
1,1076,1.69572,-0.908044,0.0245059,0.5,0.111111,0.0327869,1,0,0.3
0,1076,-0.394385,0.291077,0.570916,0.2,0.333333,0.0701754,0,0.166667,0.4
0,1076,2.17016,0.160011,1.22472,1,0.25,0.121951,0,0.333333,0.5
0,1076,-0.199106,1.31044,0.997496,0.25,0.5,0.142857,0,0.166667,0.6
0,1076,-0.499019,-0.554536,-0.638083,0.142857,0.142857,0.0597015,0,0,0.7
0,1076,-1.03143,-1.03245,-1.73746,0.1,0.1,0.0327869,1,0.166667,0.8
0,1076,-0.659397,-0.694042,-1.19847,0.111111,0.125,0.0555556,0,0.166667,0.9
1,1076,-0.450449,-0.488941,-0.249415,0.166667,0.166667,0.102564,1,0.166667,1
0,1077,1.40101,1.96844,1.54027,0.5,1,0.106061,1,0,0.1
1,1077,0.372509,-0.259777,-0.226169,0.2,0.142857,0.0714286,1,0,0.2
0,1077,0.867078,0.471997,0.920359,0.333333,0.333333,0.1,0,0,0.3
0,1077,1.4194,0.232323,0.945928,1,0.2,0.0707071,0,0,0.4
0,1077,-1.23911,-1.69706,-1.44893,0.111111,0.1,0.0638298,0,0,0.5
0,1077,0.401147,0.365941,0.52433,0.25,0.25,0.0806452,0,0.333333,0.6
0,1077,-0.470941,-0.0503896,-0.412275,0.142857,0.166667,0.1,1,0.166667,0.7
0,1077,-0.238839,0.862422,0.548719,0.166667,0.5,0.0961538,1,0.5,0.8
0,1077,-1.2793,-1.28409,-1.44893,0.1,0.111111,0.0540541,0,0,0.9
1,1077,-1.23294,-0.609804,-0.943306,0.125,0.125,0.0833333,0,0.333333,1
0,1078,-0.478811,-0.699536,-0.846525,0.142857,0.125,0.0344828,0,0,0.1
0,1078,-0.916743,-0.0711935,-0.629957,0.111111,0.2,0.0625,0,0,0.2
1,1078,-0.871899,1.03246,0.212636,0.125,0.5,0.181818,1,0,0.3
0,1078,-0.060372,-0.672893,-0.0377462,0.25,0.142857,0.138889,1,0,0.4
1,1078,2.08091,2.4163,1.93028,1,1,0.3125,1,0,0.5
0,1078,-0.47345,-0.0302884,0.366365,0.2,0.25,0.0625,0,0.166667,0.6
0,1078,-0.474944,-1.13181,-1.01726,0.166667,0.1,0.0510204,0,0.166667,0.7
0,1078,1.0738,0.237142,1.01437,0.333333,0.333333,0.0909091,0,0,0.8
0,1078,1.11576,-0.203368,0.604772,0.5,0.166667,0.1,0,0,0.9
0,1078,-0.994262,-0.876815,-1.59694,0.1,0.111111,0.0714286,0,0,1
0,1079,-0.334096,0.017238,-0.228839,0.142857,0.2,0.122449,0,0,0.1
0,1079,-0.83681,-1.36437,-1.46603,0.111111,0.1,0.0660377,0,0,0.2
1,1079,2.78685,2.26093,1.77204,1,1,0.134328,1,0.166667,0.3
0,1079,-0.271483,0.363553,0.536683,0.2,0.333333,0.0660377,0,0,0.4
0,1079,-0.441902,-0.727251,-0.954439,0.125,0.125,0.0588235,0,0,0.5
1,1079,-0.324906,0.685586,0.555195,0.166667,0.5,0.119048,1,0.333333,0.6
0,1079,-0.0465933,-0.1472,-0.0346519,0.25,0.142857,0.102941,0,0,0.7
0,1079,-0.00206575,-0.0515432,0.348381,0.333333,0.166667,0.0886076,0,0.166667,0.8
0,1079,-0.93716,-1.33498,-1.46603,0.1,0.111111,0.0810811,0,0,0.9
0,1079,0.408164,0.298041,0.937684,0.5,0.25,0.145455,0,0,1
0,1080,-0.605566,1.3755,0.620366,0.166667,0.5,0.0816327,1,0.833333,0.1
0,1080,-0.638964,-0.422593,-1.06073,0.111111,0.142857,0.0625,0,0,0.2
1,1080,-0.65138,-1.6069,-1.825,0.1,0.1,0.0754717,0,0.166667,0.3
0,1080,-0.613026,0.428336,-0.0387196,0.142857,0.25,0.0645161,1,0.666667,0.4
0,1080,1.0787,0.432405,1.27162,0.5,0.333333,0.101695,1,0.666667,0.5
0,1080,-0.636565,-0.960902,-1.06648,0.125,0.125,0.0540541,0,0.166667,0.6
1,1080,2.52639,-1.0595,0.264409,1,0.111111,0.0847458,1,0,0.7
0,1080,0.303716,1.66083,1.51029,0.333333,1,0.0877193,0,0.333333,0.8
0,1080,-0.169597,-0.207292,0.165406,0.25,0.166667,0.0724638,1,0.666667,0.9
0,1080,-0.593703,0.36012,0.158831,0.2,0.2,0.0784314,1,0.833333,1
0,1081,0.530738,0.487556,0.727442,0.333333,0.25,0.127273,1,1,0.1
0,1081,0.0050911,0.630865,0.534166,0.2,0.333333,0.0617284,1,0.5,0.2
0,1081,-0.888396,-1.04052,-1.28779,0.125,0.1,0.104167,1,1,0.3
0,1081,-0.902495,-0.719516,-1.11131,0.1,0.142857,0.102041,1,1,0.4
0,1081,0.889133,-0.390724,0.740011,0.5,0.2,0.0810811,1,1.33333,0.5
0,1081,-0.890466,-0.56598,-0.763023,0.111111,0.166667,0.104167,1,1,0.6
0,1081,-0.55306,-0.927387,-0.763023,0.166667,0.111111,0.0752688,1,1,0.7
1,1081,2.30427,2.02761,1.76373,1,1,0.15,0,0.333333,0.8
1,1081,0.382325,1.29681,0.933287,0.25,0.5,0.0530303,1,0.5,0.9
0,1081,-0.877136,-0.798712,-0.773486,0.142857,0.125,0.104167,1,1,1
0,1082,-0.35392,-0.891337,-0.752725,0.166667,0.111111,0.0490196,1,0.333333,0.1
1,1082,1.42382,1.98966,1.5302,0.5,1,0.170732,1,0.166667,0.2
0,1082,-0.0639031,0.397507,0.526957,0.2,0.333333,0.0941176,0,0,0.3
0,1082,-0.579512,-0.900403,-1.09631,0.142857,0.1,0.0897436,0,0,0.4
1,1082,1.97734,1.64177,1.5302,1,0.5,0.134328,1,0.166667,0.5
0,1082,0.301483,-0.0533041,0.330236,0.25,0.2,0.118644,1,0.333333,0.6
0,1082,0.43942,-0.0080958,0.717625,0.333333,0.25,0.0733945,0,0,0.7
0,1082,-1.06871,-0.70304,-0.752725,0.111111,0.166667,0.0731707,0,0,0.8
0,1082,-0.946862,-0.758242,-0.937142,0.125,0.125,0.0895522,0,0,0.9
0,1082,-1.12916,-0.714513,-1.09631,0.1,0.142857,0.0833333,0,0,1
1,1083,-0.567707,-1.26763,-1.81579,0.111111,0.1,0.102564,0,0,0.1
0,1083,-0.5533,-0.081512,-0.736274,0.125,0.166667,0.0714286,0,0,0.2
0,1083,-0.44216,-0.95323,-0.736274,0.166667,0.125,0.116667,0,0,0.3
0,1083,-0.420783,0.296277,0.176058,0.2,0.2,0.0963855,0,0,0.4
1,1083,2.84811,1.93881,2.19482,1,1,0.266667,1,0,0.5
0,1083,-0.622576,0.903377,-0.17862,0.1,0.5,0.122449,0,0,0.6
0,1083,0.116469,-1.10283,-0.227624,0.333333,0.111111,0.108696,1,0,0.7
0,1083,-0.443024,0.726674,0.205232,0.142857,0.333333,0.0792079,0,0,0.8
0,1083,0.420791,-0.924563,0.461389,0.5,0.142857,0.181818,0,0,0.9
0,1083,-0.335819,0.464626,0.65709,0.25,0.25,0.121212,0,0,1
0,1084,0.536735,2.37675,1.76644,0.5,1,0.2,0,0.5,0.1
0,1084,-0.677405,-0.510378,-1.08182,0.125,0.125,0.0648148,0,0.666667,0.2
1,1084,0.187649,0.401334,0.608312,0.2,0.333333,0.0987654,0,0.5,0.3
0,1084,0.266858,0.684962,1.06283,0.25,0.5,0.142857,0,0.5,0.4
0,1084,-0.590646,-0.0450425,-0.0523178,0.166667,0.2,0.0875,0,0.666667,0.5
0,1084,-0.900557,-0.223661,-0.868935,0.111111,0.166667,0.0618557,0,0.666667,0.6
0,1084,0.283996,0.0975541,0.828415,0.333333,0.25,0.133333,0,0.5,0.7
1,1084,2.54453,-1.65157,0.0786418,1,0.1,0.0425532,1,0,0.8
0,1084,-0.640755,-0.692872,-1.076,0.142857,0.111111,0.0514706,1,0.666667,0.9
0,1084,-1.0104,-0.437073,-1.26557,0.1,0.142857,0.0384615,0,0.666667,1
1,1085,-0.898662,-2.25923,-1.66859,0.1,0.1,0.0357143,1,0.5,0.1
1,1085,1.99468,0.533074,1.17617,1,0.25,0.0638298,1,0.333333,0.2
0,1085,-0.586638,-0.387804,-0.793932,0.125,0.142857,0.021978,0,0,0.3
0,1085,-0.582385,-0.453291,-0.969823,0.142857,0.111111,0.0322581,0,0,0.4
0,1085,1.63769,0.711693,1.16264,0.5,0.333333,0.038835,1,0.333333,0.5
0,1085,-0.524865,0.0528853,0.145218,0.2,0.2,0.0425532,1,0.5,0.6
0,1085,-0.561863,0.772758,0.567198,0.166667,0.5,0.037037,1,0.5,0.7
0,1085,-0.523617,-0.39743,-0.216543,0.25,0.125,0.0240964,0,0,0.8
0,1085,-0.677855,-0.279509,-0.783192,0.111111,0.166667,0.025641,1,0.5,0.9
0,1085,0.723514,1.70685,1.38085,0.333333,1,0.0405405,1,0.333333,1
0,1086,-0.59102,1.83607,0.518356,0.125,1,0.0847458,1,0.166667,0.1
0,1086,-1.31909,-0.482665,-1.2037,0.111111,0.142857,0.102041,1,0.166667,0.2
0,1086,-1.39548,-0.439206,-1.18414,0.1,0.166667,0.0609756,0,0.666667,0.3
0,1086,-0.0855969,0.44189,0.180239,0.2,0.2,0.0675676,0,0,0.4
0,1086,-0.589872,-1.58984,-1.41578,0.142857,0.1,0.0568182,0,0.666667,0.5
0,1086,1.42073,-0.857913,0.518356,1,0.125,0.151515,0,0.666667,0.6
0,1086,1.03449,0.82289,1.18078,0.333333,0.333333,0.122449,0,0.666667,0.7
1,1086,0.998557,-1.06163,-0.487073,0.25,0.111111,0.116279,1,0,0.8
0,1086,-0.568014,0.49953,0.1877,0.166667,0.25,0.135135,0,0,0.9
1,1086,1.09529,0.830882,1.70526,0.5,0.5,0.14,0,0.666667,1
0,1087,-0.0077816,1.0355,1.37658,0.2,1,0.121212,0,0,0.1
0,1087,-0.303877,-0.34749,-0.854992,0.166667,0.125,0.0645161,1,0.666667,0.2
1,1087,0.278751,-0.440265,-0.264326,0.333333,0.111111,0.112676,0,0.333333,0.3
0,1087,-0.758175,0.217849,-0.854992,0.125,0.166667,0.109375,0,0.5,0.4
0,1087,-0.962287,0.364133,-0.793045,0.1,0.25,0.0821918,1,0.166667,0.5
0,1087,-0.651767,0.041278,-0.86272,0.142857,0.142857,0.0752688,0,0.166667,0.6
1,1087,2.57618,-2.67364,0.0997913,1,0.1,0.191489,1,0,0.7
0,1087,0.564708,0.533886,1.63683,0.5,0.333333,0.135135,1,0.166667,0.8
0,1087,-0.950107,0.323606,-0.831788,0.111111,0.2,0.0983607,1,0.5,0.9
0,1087,0.214351,0.945144,1.34866,0.25,0.5,0.140625,1,0.166667,1
0,1088,0.141782,0.0173102,0.135479,0.2,0.2,0.21875,0,0,0.1
1,1088,0.938402,1.90946,1.48536,0.5,1,0.481481,0,0,0.2
0,1088,-0.48371,-0.238381,-0.223464,0.166667,0.166667,0.123711,0,0,0.3
0,1088,-0.550991,0.456744,-0.0330268,0.142857,0.25,0.366667,0,0.166667,0.4
0,1088,0.265045,0.721618,0.887548,0.333333,0.333333,0.317073,1,0,0.5
0,1088,-0.79353,-0.967618,-1.07377,0.125,0.111111,0.135802,0,0,0.6
1,1088,2.37166,0.944465,1.48536,1,0.5,0.25,1,0,0.7
0,1088,-1.09029,-1.78185,-1.55668,0.1,0.1,0.145161,1,0,0.8
0,1088,-1.00317,-0.547157,-1.07377,0.111111,0.125,0.185185,0,0,0.9
0,1088,0.204805,-0.514595,-0.0330268,0.25,0.142857,0.22807,0,0.166667,1
0,1089,-0.990469,0.456649,-0.4019,0.111111,0.25,0.103448,0,0,0.1
0,1089,-0.810346,-0.00696813,-0.424936,0.125,0.2,0.122449,0,0,0.2
0,1089,-1.06274,-1.57153,-1.53385,0.1,0.111111,0.0414508,0,0,0.3
1,1089,1.40745,1.61438,1.63054,0.5,1,0.204545,1,0,0.4
0,1089,0.570039,0.858515,0.974301,0.333333,0.333333,0.152542,0,0,0.5
0,1089,-0.316785,-0.261877,-0.436439,0.166667,0.142857,0.0941176,0,0,0.6
0,1089,-0.197133,-1.586,-0.780057,0.2,0.1,0.0930233,0,0,0.7
0,1089,-0.10125,-0.440963,-0.221766,0.25,0.125,0.0918367,0,0,0.8
0,1089,-0.600444,-0.147661,-0.436439,0.142857,0.166667,0.106667,0,0,0.9
1,1089,2.10168,1.08545,1.63054,1,0.5,0.173913,0,0,1
0,1090,-0.177758,-1.4633,-0.77148,0.2,0.1,0.0675676,0,0,0.1
1,1090,2.1302,1.53686,1.83363,1,1,0.126761,1,0,0.2
0,1090,-0.205489,-0.281186,-0.242609,0.166667,0.166667,0.15,0,0,0.3
0,1090,-0.691801,0.73595,-0.0120124,0.125,0.333333,0.09375,0,0,0.4
0,1090,-0.221883,0.634285,-0.236793,0.142857,0.2,0.0823529,0,0,0.5
0,1090,-1.46587,-1.4595,-1.51698,0.1,0.111111,0.0967742,0,0,0.6
0,1090,0.428461,-0.579251,0.171459,0.333333,0.142857,0.097561,0,0,0.7
0,1090,1.12229,0.996206,1.39159,0.5,0.5,0.1,0,0,0.8
1,1090,0.191775,0.650071,0.548958,0.25,0.25,0.114754,0,0,0.9
0,1090,-1.10992,-0.770133,-1.16577,0.111111,0.125,0.0930233,1,0,1
0,1091,0.127498,-0.572495,0.15407,0.25,0.166667,0.129032,0,0,0.1
0,1091,-0.858761,0.861584,-0.191277,0.111111,0.333333,0.1,1,0.166667,0.2
0,1091,-0.587889,0.0125973,-0.238176,0.142857,0.2,0.15625,1,0.166667,0.3
0,1091,-1.28196,-1.00814,-1.52585,0.1,0.111111,0.0681818,0,0.166667,0.4
0,1091,-0.634826,-1.05918,-1.34665,0.125,0.1,0.10084,1,0.166667,0.5
1,1091,1.62512,1.45374,1.39972,0.5,0.5,0.188235,0,0,0.6
0,1091,0.624072,1.77618,1.40678,0.333333,1,0.2,1,0.166667,0.7
0,1091,-0.570467,-0.831879,-0.434162,0.166667,0.142857,0.14,1,0,0.8
0,1091,-0.290472,-0.878079,-0.422719,0.2,0.125,0.150685,1,0,0.9
1,1091,1.84769,0.245674,1.19826,1,0.25,0.181818,1,0.166667,1
0,1092,1.0542,0.0479518,0.914692,0.5,0.25,0.0714286,0,0,0.1
0,1092,-0.872832,-0.131457,-0.396188,0.125,0.2,0.153846,0,0,0.2
1,1092,2.40111,2.29199,1.72859,1,1,0.130435,1,0,0.3
1,1092,0.00488885,0.182011,0.712948,0.25,0.333333,0.0588235,1,0,0.4
0,1092,-0.00817574,-0.794573,-0.396188,0.2,0.125,0.0909091,0,0,0.5
0,1092,-0.868402,-0.131457,-0.406912,0.142857,0.166667,0.16,0,0,0.6
0,1092,-0.0900307,-0.820307,-0.74782,0.166667,0.111111,0.12,0,0,0.7
0,1092,-0.897763,-1.22781,-1.59323,0.1,0.1,0.133333,0,0,0.8
0,1092,-0.87718,-0.628689,-0.926022,0.111111,0.142857,0.148148,0,0,0.9
0,1092,0.154185,1.21234,1.11013,0.333333,0.5,0.0638298,1,0,1
1,1093,0.190389,1.07758,1.14766,0.25,0.5,0.117647,0,0,0.1
0,1093,-0.704122,1.80476,0.500346,0.125,1,0.136364,0,0,0.2
0,1093,-0.361031,0.170512,-0.0564936,0.166667,0.2,0.105263,0,0.166667,0.3
0,1093,0.35675,-0.789525,0.238919,0.5,0.125,0.105263,1,0.333333,0.4
1,1093,2.6918,0.713841,1.65431,1,0.333333,0.142857,1,0.166667,0.5
0,1093,-0.910948,-1.63933,-1.99903,0.1,0.1,0.047619,0,0,0.6
0,1093,0.323699,-1.04371,-0.224932,0.333333,0.111111,0.0555556,0,0,0.7
0,1093,-0.178365,0.532002,0.411648,0.2,0.25,0.121212,0,0,0.8
0,1093,-0.646413,-0.509637,-0.734144,0.142857,0.142857,0.0357143,0,0,0.9
0,1093,-0.76176,-0.316498,-0.938291,0.111111,0.166667,0.0857143,0,0,1
0,1094,0.0653684,-0.662124,-0.456202,0.2,0.125,0.135135,0,0,0.1
1,1094,2.56361,2.39286,1.99043,1,1,0.09375,1,0,0.2
0,1094,0.0190078,-1.13609,-1.04896,0.166667,0.1,0.113636,0,0,0.3
0,1094,0.298963,-0.0912318,0.602825,0.333333,0.2,0.0821918,0,0,0.4
0,1094,0.422033,0.514816,1.27829,0.5,0.333333,0.0666667,0,0,0.5
1,1094,0.151071,-1.10046,-0.43147,0.25,0.111111,0.121951,0,0,0.6
0,1094,-0.889215,-0.305629,-0.861098,0.111111,0.166667,0.0943396,0,0,0.7
0,1094,-1.02358,-0.440254,-1.25416,0.1,0.142857,0.0816327,0,0,0.8
0,1094,-0.765666,0.878085,0.418423,0.142857,0.5,0.138889,0,0,0.9
0,1094,-0.841589,-0.0499666,-0.238083,0.125,0.25,0.0847458,0,0,1
0,1095,-0.426604,0.0743108,-0.564059,0.125,0.166667,0.0892857,1,1,0.1
1,1095,-0.698694,-2.36213,-1.54978,0.1,0.1,0.0384615,0,0,0.2
0,1095,-0.110592,0.588418,0.889747,0.5,0.25,0.115385,1,1,0.3
0,1095,-0.416573,-0.039991,-0.569158,0.142857,0.142857,0.0943396,1,1,0.4
0,1095,-0.437584,-0.511108,-1.06901,0.111111,0.125,0.0806452,1,1,0.5
0,1095,-0.156091,0.821277,1.07986,0.333333,0.5,0.136364,1,1,0.6
0,1095,-0.278668,-0.786994,-0.727426,0.166667,0.111111,0.101695,0,0,0.7
0,1095,-0.179059,0.609457,0.693505,0.25,0.333333,0.122449,1,1,0.8
1,1095,2.95865,1.45515,1.68145,1,1,0.123077,1,0,0.9
0,1095,-0.254785,0.151612,0.134878,0.2,0.2,0.0594059,1,1,1
1,1096,2.79855,-2.07082,0.106523,1,0.1,0.2,0,0,0.1
0,1096,-0.373371,-1.39634,-1.45747,0.142857,0.111111,0.144928,1,1.33333,0.2
0,1096,-0.497049,1.28219,0.363304,0.111111,1,0.15873,1,1.33333,0.3
1,1096,-0.0937105,1.10378,1.74724,0.333333,0.5,0.166667,1,1.33333,0.4
0,1096,0.472491,0.645164,1.74724,0.5,0.333333,0.139785,1,1.33333,0.5
0,1096,-0.369009,-0.015103,-0.35997,0.166667,0.166667,0.135802,1,1.33333,0.6
0,1096,-0.437823,0.297274,-0.623564,0.125,0.2,0.148649,1,1.33333,0.7
0,1096,-0.354149,-0.284635,-0.623564,0.2,0.125,0.149254,1,1.33333,0.8
0,1096,-1.04189,0.549081,-0.846541,0.1,0.25,0.116279,1,1.33333,0.9
0,1096,-0.104035,-0.110592,-0.0532017,0.25,0.142857,0.116505,1,1.33333,1
0,1097,-0.847288,-1.15183,-1.06202,0.125,0.111111,0.0785714,1,0.5,0.1
0,1097,-1.09828,-0.325676,-0.722666,0.111111,0.166667,0.130435,0,0,0.2
0,1097,-0.297991,-0.695408,-0.393225,0.166667,0.142857,0.204082,1,0.666667,0.3
0,1097,-1.36646,-1.30121,-1.53964,0.1,0.1,0.0985915,1,0.666667,0.4
0,1097,0.634288,0.624928,0.877831,0.333333,0.333333,0.214286,1,0.666667,0.5
0,1097,-0.188344,0.20085,0.317049,0.2,0.25,0.135135,1,0.166667,0.6
0,1097,1.89687,1.44565,1.46909,1,0.5,0.212121,1,0.5,0.7
0,1097,-0.541599,-0.778843,-0.732575,0.142857,0.125,0.125,1,0.5,0.8
1,1097,1.18258,1.79695,1.46909,0.5,1,0.0980392,1,0.166667,0.9
1,1097,0.626227,0.184588,0.317049,0.25,0.2,0.183333,1,0.5,1
0,1098,-0.223263,-0.703671,-0.424072,0.2,0.125,0.0268817,0,0,0.1
1,1098,0.870265,-0.236784,0.560369,0.333333,0.2,0.1,0,0,0.2
0,1098,-0.0921222,-0.720443,-0.401082,0.25,0.111111,0.0595238,0,0,0.3
0,1098,-0.733471,-0.344207,-0.435551,0.142857,0.166667,0.0625,0,0,0.4
1,1098,1.67465,2.27275,1.62723,0.5,1,0.0864198,1,0,0.5
0,1098,-0.855072,-0.214138,-0.401082,0.111111,0.25,0.102564,0,0,0.6
0,1098,1.76356,1.09322,1.62723,1,0.5,0.0958904,0,0,0.7
0,1098,-0.979882,-1.21388,-1.70536,0.1,0.1,0.056338,0,0,0.8
0,1098,-0.825459,-0.648011,-0.811428,0.125,0.142857,0.0869565,0,0,0.9
0,1098,-0.599202,0.715173,0.363756,0.166667,0.333333,0.138889,0,0,1
0,1099,-1.21752,1.37827,0.0283856,0.111111,0.5,0.111111,0,0,0.1
0,1099,-1.30358,-0.85805,-1.5943,0.1,0.125,0.0909091,0,0,0.2
0,1099,-0.603376,0.0908641,0.182402,0.166667,0.25,0.113636,0,0.333333,0.3
0,1099,1.4578,-0.951129,0.0283856,0.5,0.111111,0.0967742,0,0.5,0.4
0,1099,1.48124,2.14927,2.18351,1,1,0.0493827,0,0,0.5
0,1099,-0.795853,-0.0106302,-0.500456,0.125,0.2,0.113636,0,0.166667,0.6
0,1099,-0.72187,-1.15628,-1.37582,0.142857,0.1,0.0675676,0,0.333333,0.7
1,1099,0.534309,-0.360371,0.182402,0.25,0.166667,0.0967742,1,0,0.8
0,1099,0.661711,-0.544171,0.204175,0.333333,0.142857,0.0779221,0,0,0.9
1,1099,0.507138,0.26223,0.661303,0.2,0.333333,0.142857,0,0,1
0,1100,0.732083,0.964711,1.08803,0.333333,0.5,0.101695,0,0,0.1
1,1100,-1.05196,-0.982583,-1.24171,0.111111,0.111111,0.097561,0,0,0.2
0,1100,0.541218,0.907928,0.513103,0.2,0.333333,0.0804598,0,0,0.3
0,1100,1.41376,2.00254,1.69418,1,1,0.056,1,0.166667,0.4
0,1100,-0.0545185,0.0422713,-0.0441293,0.166667,0.2,0.0631579,0,0,0.5
0,1100,-0.920616,-0.819285,-0.912503,0.125,0.125,0.0877193,0,0,0.6
0,1100,-0.280271,-0.612051,-0.573468,0.142857,0.142857,0.122449,0,0,0.7
1,1100,-1.96696,-1.45348,-1.56151,0.1,0.1,0.0517241,1,0.166667,0.8
0,1100,0.857361,-0.257273,0.530801,0.5,0.166667,0.0810811,0,0,0.9
0,1100,0.729906,0.207228,0.507209,0.25,0.25,0.14,0,0,1
0,1101,-0.296466,0.456989,0.389806,0.25,0.2,0.227273,1,0.166667,0.1
0,1101,-0.420801,-0.157209,-0.483464,0.166667,0.142857,0.166667,0,0.166667,0.2
0,1101,-0.527981,-0.8379,-1.30573,0.125,0.111111,0.128205,0,0,0.3
0,1101,2.22167,0.466242,1.33433,1,0.25,0.117647,0,0,0.4
0,1101,-0.240422,1.32252,1.56653,0.333333,1,0.25,0,0.166667,0.5
0,1101,-0.964534,-2.27813,-1.89296,0.1,0.1,0.0909091,1,0.166667,0.6
1,1101,-0.583011,0.907278,0.0266991,0.111111,0.5,0.142857,1,0.166667,0.7
1,1101,1.6777,-0.630709,0.226242,0.5,0.125,0.121212,1,0,0.8
0,1101,-0.469319,0.825538,0.192045,0.142857,0.333333,0.235294,0,0.166667,0.9
0,1101,-0.396837,-0.0746168,-0.0534961,0.2,0.166667,0.192308,0,0,1
1,1102,-0.0273628,-0.140307,-0.0447475,0.2,0.166667,0.0588235,1,0.166667,0.1
1,1102,1.44469,1.44909,1.51084,0.5,1,0.0967742,1,0,0.2
0,1102,-1.50192,-1.5174,-1.58339,0.1,0.1,0.037037,0,0,0.3
0,1102,0.526015,0.820844,0.708546,0.25,0.333333,0.0442478,1,0.333333,0.4
0,1102,-0.145795,0.712594,0.143508,0.166667,0.25,0.0512821,1,0.333333,0.5
0,1102,1.63693,0.497583,0.927859,1,0.2,0.0632911,1,0.166667,0.6
0,1102,-0.490632,-1.12428,-0.920304,0.142857,0.111111,0.0242424,0,0,0.7
0,1102,-1.00793,-0.666991,-0.753394,0.125,0.142857,0.0333333,0,0,0.8
0,1102,0.597866,1.08883,1.10328,0.333333,0.5,0.0769231,1,0.333333,0.9
0,1102,-1.03187,-1.11997,-1.0922,0.111111,0.125,0.0245399,0,0,1
0,1103,-0.998978,-1.15439,-1.317,0.125,0.1,0.105263,0,0,0.1
0,1103,-1.10968,-1.06203,-1.14676,0.111111,0.125,0.0882353,0,0,0.2
0,1103,-0.689008,1.15845,0.168664,0.142857,0.333333,0.0634921,0,0,0.3
1,1103,0.992505,-0.612879,0.379178,0.5,0.142857,0.0869565,1,0,0.4
0,1103,0.127307,-0.517577,-0.0469831,0.2,0.166667,0.0659341,0,0,0.5
0,1103,0.451576,1.5374,1.37581,0.333333,1,0.0465116,0,0,0.6
0,1103,-1.21042,-1.10097,-1.49225,0.1,0.111111,0.0714286,0,0,0.7
0,1103,0.373186,-0.0760134,0.342348,0.25,0.2,0.0724638,0,0,0.8
0,1103,-0.0539105,0.525638,0.150678,0.166667,0.25,0.0618557,0,0,0.9
1,1103,2.11742,1.30237,1.58632,1,0.5,0.0679612,1,0,1
0,1104,-0.456847,-0.884319,-1.33133,0.125,0.1,0.0833333,0,0,0.1
0,1104,-0.346891,-0.58979,0.358472,0.333333,0.166667,0.0561798,0,0,0.2
0,1104,0.704473,0.157418,1.171,0.5,0.333333,0.0769231,0,0,0.3
0,1104,-0.367696,1.72072,0.964844,0.25,0.5,0.266667,0,0,0.4
0,1104,-0.452672,-0.123069,-0.0356556,0.142857,0.25,0.117647,0,0,0.5
1,1104,2.81372,2.07928,1.82337,1,1,0.125,1,0,0.6
0,1104,-0.422195,-0.727653,-0.788823,0.166667,0.111111,0.0549451,0,0,0.7
1,1104,-0.480491,-0.252096,-0.595067,0.111111,0.2,0.0701754,1,0,0.8
0,1104,-0.403468,-0.693619,-0.417911,0.2,0.125,0.0735294,1,0,0.9
0,1104,-0.587928,-0.686869,-1.14889,0.1,0.142857,0.0357143,0,0,1
1,1105,2.71021,1.48483,1.52331,1,0.5,0.0877193,1,0,0.1
1,1105,-0.0580286,1.89281,1.32115,0.333333,1,0.039604,1,0.5,0.2
0,1105,0.912527,-0.377808,0.726733,0.5,0.2,0.0657895,1,0.833333,0.3
0,1105,-0.501338,-0.504923,-0.407736,0.166667,0.142857,0.0517241,1,0.5,0.4
0,1105,-0.533936,-0.474486,-0.912812,0.1,0.166667,0.04,1,0.666667,0.5
0,1105,-0.49444,0.334949,0.328748,0.2,0.25,0.037037,0,0,0.6
0,1105,-0.466054,0.656045,0.714391,0.25,0.333333,0.0576923,0,0,0.7
0,1105,-0.525733,-1.10344,-1.26468,0.125,0.1,0.0454545,0,0.166667,0.8
0,1105,-0.515919,-0.885507,-0.759608,0.142857,0.125,0.0681818,1,0.333333,0.9
0,1105,-0.527285,-1.02247,-1.26949,0.111111,0.111111,0.047619,0,0,1
0,1106,-0.385587,-0.0514667,-0.417096,0.2,0.125,0.10101,1,0.166667,0.1
0,1106,-0.672505,-1.18295,-1.33379,0.111111,0.111111,0.137931,0,0,0.2
1,1106,1.24153,1.79013,1.60046,0.5,1,0.149123,1,0,0.3
0,1106,-0.247528,0.364232,0.750573,0.25,0.333333,0.125,0,0,0.4
1,1106,2.52389,0.258631,1.18232,1,0.25,0.22093,0,0,0.5
0,1106,-0.47096,0.0900268,-0.428386,0.166667,0.142857,0.0918367,1,0.166667,0.6
0,1106,-0.608514,0.621355,0.200468,0.125,0.5,0.0989011,0,0.166667,0.7
0,1106,-0.726368,-2.18082,-1.67731,0.1,0.1,0.122807,0,0,0.8
0,1106,-0.542456,0.119132,-0.428386,0.142857,0.166667,0.128571,0,0.166667,0.9
0,1106,-0.111495,0.171732,0.551151,0.333333,0.2,0.180328,0,0,1
0,1107,0.965398,-0.00479556,0.769934,0.5,0.2,0.181818,1,1,0.1
0,1107,-1.32402,-0.817995,-1.51815,0.1,0.111111,0.0943396,0,0,0.2
1,1107,2.00113,2.48945,1.83505,1,1,0.28,1,1,0.3
0,1107,0.388422,0.206754,0.549382,0.25,0.25,0.137255,1,1,0.4
1,1107,-1.16194,-0.560958,-0.988376,0.125,0.125,0.0740741,1,0.166667,0.5
0,1107,-1.22223,0.513535,0.0238556,0.111111,0.5,0.25,1,1,0.6
0,1107,-0.312829,-1.49859,-1.15625,0.142857,0.1,0.137255,1,1,0.7
0,1107,0.173455,-0.172811,-0.0477986,0.2,0.166667,0.148936,1,1,0.8
0,1107,0.42843,0.257946,0.964332,0.333333,0.333333,0.145833,1,1,0.9
0,1107,0.0641826,-0.412533,-0.431973,0.166667,0.142857,0.0983607,1,0.166667,1
0,1108,-0.868145,0.310154,-0.390458,0.125,0.25,0.185185,1,0.666667,0.1
1,1108,2.17379,-1.74857,0.12781,1,0.1,0.153846,1,0.166667,0.2
0,1108,-0.00315856,-0.409446,-0.0638333,0.25,0.142857,0.0857143,0,0,0.3
0,1108,-0.258275,0.15297,0.261849,0.2,0.2,0.0689655,0,0,0.4
0,1108,1.56309,-0.650351,0.359593,0.5,0.125,0.0895522,1,0.166667,0.5
0,1108,0.0963319,1.99916,2.48987,0.333333,1,0.3,1,0.666667,0.6
0,1108,-0.868145,0.427065,-0.338542,0.111111,0.333333,0.185185,1,0.666667,0.7
1,1108,-0.368556,-0.178896,-0.431904,0.166667,0.166667,0.08,1,0.666667,0.8
0,1108,-0.598786,-0.955158,-1.74873,0.142857,0.111111,0.08,0,0,0.9
0,1108,-0.868145,1.05308,-0.265659,0.1,0.5,0.185185,1,0.666667,1
0,1109,-0.515941,0.959449,0.514937,0.2,0.333333,0.0983607,1,0.833333,0.1
1,1109,2.50993,1.48047,1.70024,1,1,0.101695,1,0.833333,0.2
1,1109,0.945054,1.1841,1.29036,0.5,0.5,0.227273,1,0.833333,0.3
0,1109,0.29822,-0.381872,0.158985,0.333333,0.142857,0.12766,0,0,0.4
0,1109,-0.552232,-0.0428186,-0.22496,0.166667,0.166667,0.122449,1,0.833333,0.5
0,1109,0.169396,0.218339,0.509022,0.25,0.25,0.0882353,0,0,0.6
0,1109,-0.795807,-1.77597,-1.40662,0.111111,0.1,0.0735294,1,0.833333,0.7
0,1109,-0.905689,-1.37241,-1.40662,0.1,0.111111,0.0704225,0,0,0.8
0,1109,-0.584408,-0.463586,-0.915766,0.125,0.125,0.125,1,0.833333,0.9
0,1109,-0.568524,0.194306,-0.219566,0.142857,0.2,0.0779221,0,0,1
0,1110,0.434811,1.07899,1.19863,0.333333,0.333333,0.166667,0,0,0.1
0,1110,-1.26591,-0.569809,-1.43717,0.1,0.142857,0.0550459,0,0.166667,0.2
1,1110,2.00317,0.374032,1.23193,1,0.2,0.121622,1,0,0.3
0,1110,-0.0657434,0.867898,0.432911,0.2,0.25,0.106061,0,0,0.4
0,1110,0.0688855,1.18817,1.20694,0.25,0.5,0.132075,0,0,0.5
0,1110,1.38641,-1.18706,0.0296515,0.5,0.111111,0.0833333,0,0,0.6
0,1110,-0.414533,-0.487352,-0.536925,0.142857,0.166667,0.0645161,0,0,0.7
1,1110,-0.144843,-1.45901,-1.20203,0.166667,0.1,0.0987654,0,0,0.8
0,1110,-1.18442,1.19525,0.304582,0.111111,1,0.139535,0,0,0.9
0,1110,-0.817834,-1.00111,-1.22851,0.125,0.125,0.0813953,0,0.166667,1
0,1111,-0.507327,-0.511601,-0.906677,0.142857,0.125,0.12,1,0.833333,0.1
0,1111,-0.507937,-1.13991,-1.31441,0.125,0.111111,0.117647,1,0.833333,0.2
1,1111,-0.091226,-1.30553,-0.643293,0.25,0.1,0.075,1,0,0.3
0,1111,-0.0520201,0.345192,1.32774,0.333333,0.5,0.0674157,1,0,0.4
1,1111,2.87201,0.097537,1.11664,1,0.2,0.111111,1,0.833333,0.5
0,1111,-0.392119,2.52564,0.896946,0.166667,1,0.105263,1,0.833333,0.6
0,1111,-0.572574,0.140471,-0.448163,0.111111,0.25,0.0857143,0,0,0.7
0,1111,-0.104906,-0.399354,-0.266986,0.2,0.142857,0.0933333,1,0.833333,0.8
0,1111,-0.834421,0.0313907,-1.08954,0.1,0.166667,0.0847458,1,0.833333,0.9
0,1111,0.190522,0.216166,1.32774,0.5,0.333333,0.14,0,0,1
1,1112,1.34051,1.73932,1.42064,0.5,0.5,0.0615385,1,0,0.1
0,1112,-0.676481,-0.312051,-0.610909,0.111111,0.2,0.0379747,0,0.166667,0.2
0,1112,-0.682745,-0.769924,-1.36678,0.1,0.125,0.0447761,0,0.333333,0.3
1,1112,1.91152,0.312477,1.42781,1,0.333333,0.121212,1,0.166667,0.4
0,1112,1.27306,-0.347092,0.368015,0.333333,0.166667,0.1,0,0,0.5
0,1112,-0.642725,0.301118,-0.223906,0.125,0.25,0.0461538,0,0,0.6
0,1112,-0.629302,-0.525169,-0.241736,0.2,0.142857,0.0416667,0,0,0.7
0,1112,-0.635267,-0.815938,-1.0028,0.142857,0.111111,0.0447761,1,0,0.8
0,1112,-0.629486,-1.36414,-0.9865,0.166667,0.1,0.0535714,0,0,0.9
0,1112,-0.629084,1.7814,1.21616,0.25,1,0.05,0,0,1
0,1113,-0.859093,-0.808442,-0.917257,0.125,0.125,0.0967742,0,0,0.1
0,1113,0.10937,0.0404164,0.515776,0.333333,0.2,0.0649351,1,0,0.2
0,1113,-0.578957,0.356865,0.159244,0.142857,0.333333,0.0301205,0,0,0.3
1,1113,-0.0755667,0.272886,0.509851,0.25,0.25,0.0666667,1,0,0.4
0,1113,-0.889344,-0.87828,-1.24818,0.111111,0.111111,0.0857143,1,0.166667,0.5
0,1113,-0.365588,-0.178517,-0.225326,0.166667,0.166667,0.0615385,0,0,0.6
0,1113,2.22176,1.02411,1.49773,1,0.5,0.0681818,0,0,0.7
0,1113,-0.114078,-0.808246,-0.219924,0.2,0.142857,0.0704225,0,0,0.8
0,1113,-0.924919,-1.26514,-1.56965,0.1,0.1,0.0731707,0,0,0.9
1,1113,1.47642,2.24435,1.49773,0.5,1,0.105263,1,0.166667,1
0,1114,-1.31354,-1.58813,-1.93292,0.1,0.1,0.0625,0,0,0.1
0,1114,1.24606,0.914822,1.34682,0.5,0.333333,0.11,0,0.166667,0.2
0,1114,1.59837,-1.13367,0.483799,1,0.125,0.105769,0,0,0.3
0,1114,-1.15719,1.1172,0.0272627,0.111111,0.5,0.109375,0,0.333333,0.4
0,1114,0.876328,1.1285,1.5996,0.333333,1,0.115789,0,0,0.5
1,1114,0.485302,0.325619,0.398035,0.25,0.2,0.117647,0,0.166667,0.6
0,1114,-0.819271,-0.0934585,-0.709866,0.142857,0.142857,0.0686275,1,0,0.7
1,1114,0.394799,-1.519,-0.684414,0.2,0.111111,0.0803571,1,0,0.8
0,1114,-0.392387,0.585796,0.175187,0.166667,0.25,0.102273,0,0.333333,0.9
0,1114,-0.918471,0.262315,-0.703507,0.125,0.166667,0.12069,0,0.333333,1
0,1115,0.709985,-0.78288,-0.0174237,0.333333,0.125,0.0632911,0,0,0.1
0,1115,-0.354971,-0.0482176,-0.343462,0.142857,0.2,0.0632911,1,1.16667,0.2
0,1115,-1.2401,1.01327,-0.27583,0.111111,0.333333,0.0571429,1,1.16667,0.3
0,1115,-0.262109,-1.0202,-1.15061,0.166667,0.111111,0.0649351,1,1.16667,0.4
0,1115,1.36853,-0.0679517,0.833286,0.5,0.166667,0.101695,1,1.16667,0.5
1,1115,0.568877,-0.177908,-0.0520087,0.25,0.142857,0.0816327,1,1.16667,0.6
1,1115,1.59629,1.19825,2.33905,1,0.5,0.0689655,1,1.16667,0.7
0,1115,-1.17657,1.67115,0.613564,0.125,1,0.0754717,1,1.16667,0.8
0,1115,0.0667642,-1.74669,-1.11901,0.2,0.1,0.097561,0,0,0.9
0,1115,-1.2767,-0.0388335,-0.827559,0.1,0.25,0.0606061,1,1.16667,1
0,1116,0.625111,1.86472,1.92957,0.333333,1,0.166667,0,0,0.1
1,1116,2.43761,-1.17831,0.0990486,1,0.1,0.172414,1,0.166667,0.2
0,1116,-0.444548,-1.02498,-0.848629,0.166667,0.125,0.109375,0,0,0.3
0,1116,0.88911,-1.03239,0.0328866,0.5,0.111111,0.125,1,0.166667,0.4
0,1116,-0.870435,-0.493302,-1.09442,0.111111,0.166667,0.104167,0,0,0.5
0,1116,-0.910526,-0.749498,-1.59397,0.1,0.142857,0.0895522,1,0.5,0.6
1,1116,-0.627961,0.144757,-0.326688,0.142857,0.2,0.2,0,0,0.7
0,1116,-0.406006,1.13586,1.06141,0.2,0.5,0.0707071,1,0.5,0.8
0,1116,-0.7293,0.747577,-0.0165727,0.125,0.333333,0.0967742,1,0.5,0.9
0,1116,0.0369393,0.585567,0.757362,0.25,0.25,0.184211,1,0.5,1
1,1117,2.78021,1.09244,2.49991,1,0.5,0.180328,1,0.5,0.1
0,1117,0.0874239,-0.33853,-0.0186219,0.333333,0.125,0.0777778,1,0.5,0.2
0,1117,-0.0899867,-1.0567,-0.927678,0.2,0.111111,0.0566038,0,0.166667,0.3
0,1117,-0.533799,-0.094321,-0.669137,0.142857,0.166667,0.0740741,1,0.666667,0.4
0,1117,-0.50848,0.73919,0.558838,0.166667,0.333333,0.1,1,0.5,0.5
0,1117,-0.535215,1.53361,0.655758,0.125,1,0.0925926,1,0.5,0.6
0,1117,-0.914681,0.278946,-0.884469,0.1,0.25,0.0549451,1,0.5,0.7
0,1117,0.0174799,-0.2714,-0.0555853,0.25,0.142857,0.0463576,0,0.166667,0.8
0,1117,-0.672011,0.229553,-0.927678,0.111111,0.2,0.0681818,1,0.666667,0.9
1,1117,0.369061,-2.1128,-0.231333,0.5,0.1,0.138889,1,0.5,1
1,1118,1.6668,1.24379,1.83973,1,1,0.138298,1,0.166667,0.1
0,1118,-0.457474,0.454472,-0.23758,0.142857,0.2,0.121739,0,0,0.2
0,1118,0.242202,0.573583,0.758788,0.25,0.333333,0.109091,0,0,0.3
0,1118,1.15384,0.266336,0.576403,0.5,0.166667,0.25,0,0,0.4
0,1118,0.0436549,-2.23808,-0.774046,0.2,0.1,0.151899,1,0.166667,0.5
0,1118,-1.46624,-0.790323,-1.34328,0.1,0.125,0.113402,0,0,0.6
1,1118,1.0856,0.542334,0.758788,0.333333,0.25,0.229508,0,0,0.7
0,1118,-0.184523,1.07511,0.576403,0.166667,0.5,0.178082,0,0,0.8
0,1118,-1.25038,-0.311012,-0.985562,0.111111,0.142857,0.166667,0,0,0.9
0,1118,-0.833471,-0.816203,-1.16964,0.125,0.111111,0.192982,1,0,1
1,1119,1.65355,1.93499,1.95965,0.5,1,0.20339,1,0.666667,0.1
0,1119,-0.925973,1.60037,0.24546,0.125,0.5,0.25,1,0.166667,0.2
0,1119,-0.968955,-0.802748,-1.41664,0.111111,0.125,0.170732,1,0.666667,0.3
0,1119,-0.671257,-0.0256412,-0.287751,0.142857,0.2,0.195122,1,0.666667,0.4
0,1119,-0.981732,-0.622931,-1.404,0.1,0.142857,0.170732,1,0.666667,0.5
1,1119,1.81609,-0.887955,0.297551,1,0.111111,0.12987,1,0,0.6
0,1119,-0.109053,-1.26186,-0.937506,0.2,0.1,0.0786517,0,0,0.7
0,1119,-0.480243,0.23949,0.438069,0.166667,0.333333,0.177778,1,0.833333,0.8
0,1119,-0.0480278,-0.409597,0.186138,0.25,0.166667,0.0408163,0,0,0.9
0,1119,0.715605,0.235884,0.919027,0.333333,0.25,0.217391,1,0,1
0,1120,0.676535,1.20441,1.06431,0.333333,0.5,0.181818,1,0.333333,0.1
0,1120,-0.260665,-0.0835313,-0.560964,0.142857,0.142857,0.160714,0,0.166667,0.2
0,1120,-0.0583117,0.355469,-0.0431671,0.166667,0.2,0.144737,0,0.166667,0.3
0,1120,-1.29254,-0.547156,-1.05362,0.111111,0.125,0.0675676,1,0.5,0.4
1,1120,-1.34148,-2.1428,-1.52747,0.1,0.1,0.0810811,0,0,0.5
0,1120,0.933601,0.645106,1.06431,0.5,0.333333,0.315789,0,0,0.6
0,1120,-1.25512,-1.12214,-1.05362,0.125,0.111111,0.0582524,0,0,0.7
1,1120,1.79831,1.25564,1.65724,1,1,0.192308,1,0.5,0.8
0,1120,0.408741,-0.0812388,0.13844,0.25,0.166667,0.184211,1,0.166667,0.9
0,1120,0.390929,0.516244,0.314543,0.2,0.25,0.150685,1,0.166667,1
1,1121,0.401698,-0.834667,-0.01685,0.333333,0.125,0.196078,0,0,0.1
0,1121,0.671393,-0.743231,0.540694,0.5,0.142857,0.0916031,0,0,0.2
0,1121,-0.762182,1.07237,0.0334369,0.111111,0.5,0.128571,1,0.333333,0.3
1,1121,2.55943,2.0151,2.57207,1,1,0.262295,0,0.166667,0.4
0,1121,-0.866389,0.756249,-0.509508,0.1,0.333333,0.173913,1,0.333333,0.5
0,1121,-0.729822,0.0383898,-0.589512,0.125,0.2,0.0891089,1,0.333333,0.6
0,1121,-0.647707,-0.275534,-0.60547,0.142857,0.166667,0.121951,0,0,0.7
0,1121,-0.549555,-1.00449,-1.11273,0.166667,0.111111,0.115385,0,0,0.8
0,1121,0.314071,-1.33598,-0.800313,0.25,0.1,0.113924,0,0,0.9
0,1121,-0.390935,0.311789,0.488177,0.2,0.25,0.129032,0,0.166667,1
0,1122,-0.616791,0.0944343,-0.240362,0.125,0.25,0.142857,1,1,0.1
0,1122,-0.73863,-0.171886,-1.059,0.1,0.166667,0.096,1,1,0.2
0,1122,-0.586494,-1.0333,-1.0765,0.142857,0.111111,0.115789,1,1,0.3
0,1122,-0.325531,-1.31526,-0.625263,0.25,0.1,0.131313,1,1,0.4
1,1122,1.8498,2.18591,1.76727,0.5,1,0.262295,0,0,0.5
0,1122,-0.115259,-0.6829,-0.0131645,0.333333,0.125,0.117647,1,1,0.6
0,1122,-0.737826,-0.113866,-0.655809,0.111111,0.2,0.130952,0,0,0.7
1,1122,2.0778,1.31646,1.76727,1,0.5,0.109827,1,0,0.8
0,1122,-0.374303,0.119271,0.608597,0.2,0.333333,0.141414,1,1,0.9
0,1122,-0.432761,-0.398864,-0.473037,0.166667,0.142857,0.154762,1,1,1
1,1123,2.90826,2.95418,1.82801,1,1,0.369565,0,0,0.1
0,1123,-0.49176,-0.524051,-1.16219,0.125,0.111111,0.0810811,0,0.166667,0.2
0,1123,-0.483319,-0.411865,-0.430317,0.166667,0.142857,0.136364,0,0.5,0.3
0,1123,0.108938,-0.319614,0.572732,0.5,0.166667,0.216216,0,0.5,0.4
0,1123,-0.483319,-0.455069,-0.801677,0.142857,0.125,0.136364,0,0.5,0.5
0,1123,-0.528375,-0.118572,-0.189583,0.111111,0.333333,0.116279,0,0.333333,0.6
0,1123,-0.0960919,-0.285759,0.346955,0.25,0.2,0.123077,0,0.166667,0.7
0,1123,-0.540735,-0.632028,-1.68487,0.1,0.1,0.106383,0,0.333333,0.8
1,1123,0.0885406,-0.140335,0.753955,0.333333,0.25,0.195652,0,0.5,0.9
0,1123,-0.482142,-0.0668827,0.766982,0.2,0.5,0.12766,0,0.333333,1
0,1124,-0.683234,-0.53691,-0.530043,0.166667,0.142857,0.0909091,0,0,0.1
0,1124,-0.955438,0.737532,-0.233519,0.111111,0.333333,0.0485437,1,0.166667,0.2
0,1124,-0.884136,-1.02396,-0.987467,0.142857,0.125,0.0434783,0,0,0.3
0,1124,-0.905278,-1.42698,-1.64405,0.125,0.1,0.0403226,0,0,0.4
0,1124,-0.971311,1.54377,0.0881604,0.1,1,0.0458716,1,0.166667,0.5
0,1124,0.606765,-0.322029,0.442673,0.333333,0.166667,0.0638298,0,0,0.6
0,1124,-0.00829846,-1.06718,-0.734842,0.2,0.111111,0.0471698,0,0,0.7
0,1124,0.592299,-0.0181912,0.427362,0.25,0.2,0.0674157,0,0,0.8
1,1124,1.92755,0.72342,1.46288,1,0.25,0.08,1,0,0.9
1,1124,1.28109,1.39052,1.70884,0.5,0.5,0.0506329,1,0,1
0,1125,0.125607,-0.403635,0.211679,0.5,0.125,0.0574713,0,0.166667,0.1
0,1125,0.0563915,-0.172756,0.581975,0.333333,0.2,0.0699301,0,0.166667,0.2
1,1125,-0.436775,0.513927,0.160522,0.166667,0.25,0.0786517,1,1,0.3
0,1125,-0.697209,-0.293166,-1.01268,0.1,0.166667,0.1,1,1,0.4
0,1125,-0.599384,-0.964366,-1.22169,0.125,0.111111,0.109375,1,0.666667,0.5
0,1125,-0.610228,-1.88041,-1.58975,0.111111,0.1,0.0752688,1,1,0.6
0,1125,0.0350859,0.629698,0.79255,0.25,0.333333,0.2,1,0.666667,0.7
1,1125,2.86705,1.58981,1.92159,1,1,0.206897,0,0,0.8
0,1125,-0.173862,-0.400098,-0.248151,0.2,0.142857,0.112676,1,0.666667,0.9
0,1125,-0.566672,1.38099,0.403951,0.142857,0.5,0.142857,1,0.666667,1
0,1126,0.0316361,-0.149347,0.367815,0.25,0.2,0.235294,1,1,0.1
1,1126,2.21576,0.491126,1.47816,1,0.333333,0.270833,0,0,0.2
1,1126,1.46394,2.28327,1.70433,0.5,1,0.282609,1,0.166667,0.3
0,1126,-0.524047,-0.417446,-0.256407,0.166667,0.166667,0.193548,1,1,0.4
0,1126,-0.113598,1.06426,0.813096,0.2,0.5,0.22,1,1.16667,0.5
0,1126,-0.798624,-0.612355,-1.04378,0.125,0.125,0.183333,1,1,0.6
0,1126,-0.840633,0.044605,-0.602993,0.1,0.25,0.140625,1,1,0.7
0,1126,-0.783119,-0.597014,-0.655971,0.142857,0.142857,0.196429,1,1,0.8
0,1126,-0.82009,-0.690947,-1.42035,0.111111,0.111111,0.164179,1,1,0.9
0,1126,0.168781,-1.41615,-0.383887,0.333333,0.1,0.0940171,0,0,1
0,1127,-0.465661,0.747935,0.195959,0.142857,0.333333,0.0714286,1,0.666667,0.1
1,1127,0.744809,-0.149352,0.656582,0.5,0.166667,0.0677966,1,0,0.2
0,1127,-0.916824,0.0888093,-0.881718,0.1,0.2,0.08,0,0,0.3
0,1127,0.0620357,1.60151,1.59846,0.333333,1,0.125,1,0.666667,0.4
0,1127,-0.207103,-1.00611,-0.454277,0.25,0.111111,0.0634921,1,0.166667,0.5
0,1127,-0.513134,0.267817,-0.250668,0.125,0.25,0.0714286,1,0.666667,0.6
0,1127,-0.360475,-0.713051,-0.703005,0.166667,0.125,0.0930233,0,0,0.7
0,1127,-0.720056,-0.59108,-1.12266,0.111111,0.142857,0.0352941,1,0.666667,0.8
1,1127,2.70572,1.43775,1.84304,1,0.5,0.162162,1,0.833333,0.9
0,1127,-0.329313,-1.68423,-0.881718,0.2,0.1,0.0512821,0,0,1
1,1128,2.7473,1.43757,1.79178,1,1,0.19697,1,0,0.1
0,1128,-0.491712,-0.633291,-0.785786,0.125,0.142857,0.153846,0,0,0.2
0,1128,-0.609568,-1.16717,-1.31324,0.111111,0.111111,0.162162,1,0,0.3
0,1128,-0.256571,0.996879,0.73901,0.25,0.333333,0.109589,0,0,0.4
0,1128,-0.409925,1.1434,0.376663,0.142857,0.5,0.0701754,0,0,0.5
0,1128,-1.00827,-1.6233,-1.65147,0.1,0.1,0.1,0,0,0.6
0,1128,-0.392482,0.345344,-0.0466715,0.166667,0.2,0.0650407,0,0,0.7
0,1128,0.518481,0.120028,0.561379,0.5,0.166667,0.149254,1,0,0.8
1,1128,0.23505,0.364162,0.73901,0.333333,0.25,0.181818,1,0,0.9
0,1128,-0.332304,-0.983622,-0.410671,0.2,0.125,0.170213,0,0,1
0,1129,1.21662,0.472044,1.23952,0.5,0.333333,0.0843373,0,0,0.1
0,1129,-0.158801,-0.041648,0.15482,0.2,0.2,0.1,1,0.333333,0.2
0,1129,-1.16052,-0.90704,-1.40923,0.1,0.125,0.0561798,0,0,0.3
1,1129,0.73534,-1.03038,-0.382329,0.333333,0.1,0.078125,1,0.333333,0.4
1,1129,2.10448,2.23409,1.93006,1,1,0.232558,1,0.333333,0.5
0,1129,-0.949537,-0.880332,-1.03395,0.111111,0.142857,0.0740741,0,0.166667,0.6
0,1129,-0.459639,-0.270897,-0.255367,0.166667,0.166667,0.0659341,1,0.333333,0.7
0,1129,-0.694839,-0.968488,-1.03395,0.142857,0.111111,0.0645161,0,0.333333,0.8
0,1129,-0.753665,0.964466,0.212612,0.125,0.5,0.1,0,0,0.9
0,1129,0.120561,0.428177,0.577825,0.25,0.25,0.097561,1,0.5,1
0,1130,-0.404285,0.216465,0.161995,0.142857,0.333333,0.137255,0,0,0.1
1,1130,2.43358,2.68359,1.73243,1,1,0.32,1,0.166667,0.2
0,1130,-0.892763,-0.862685,-1.26974,0.111111,0.111111,0.103448,0,0,0.3
0,1130,0.146634,0.17983,0.714531,0.333333,0.25,0.0898876,1,0.166667,0.4
0,1130,-0.401826,-0.969896,-0.912991,0.166667,0.1,0.0334728,0,0,0.5
0,1130,1.10245,0.237225,1.31479,0.5,0.5,0.123457,0,0,0.6
0,1130,0.0507063,0.137817,0.328813,0.25,0.2,0.0747664,0,0,0.7
0,1130,-0.222847,-0.394467,-0.0451255,0.2,0.166667,0.0559441,0,0,0.8
1,1130,-1.01885,-0.771311,-1.26493,0.1,0.125,0.0943396,0,0,0.9
0,1130,-0.79281,-0.456564,-0.759758,0.125,0.142857,0.0806452,0,0,1
1,1131,1.83557,0.623864,1.14297,0.5,0.333333,0.101695,1,0,0.1
0,1131,1.96413,2.04775,1.77972,1,1,0.103448,1,0.166667,0.2
0,1131,-0.730403,-0.114973,-0.748796,0.1,0.2,0.0724638,1,0,0.3
0,1131,0.422081,0.505216,0.734036,0.333333,0.25,0.0769231,1,0.166667,0.4
1,1131,-0.701488,-0.58215,-1.13149,0.111111,0.125,0.0847458,1,0.166667,0.5
0,1131,-0.630656,-0.381547,-0.597025,0.125,0.166667,0.0612245,0,0.166667,0.6
0,1131,-0.540142,-1.22406,-0.76994,0.166667,0.111111,0.12,0,0.166667,0.7
0,1131,-0.601901,-1.38719,-1.12139,0.142857,0.1,0.0631579,0,0,0.8
0,1131,-0.506978,1.00163,0.941747,0.25,0.5,0.0555556,1,0.5,0.9
0,1131,-0.510222,-0.488545,-0.22983,0.2,0.142857,0.0810811,0,0,1
0,1132,0.347456,1.62566,1.42598,0.333333,1,0.130435,0,0,0.1
1,1132,2.50372,-0.759543,0.431287,1,0.125,0.0649351,0,0,0.2
0,1132,0.180325,0.336159,0.354832,0.25,0.2,0.0652174,0,0,0.3
0,1132,0.177558,0.962848,0.566203,0.2,0.333333,0.105263,0,0.333333,0.4
0,1132,0.389525,0.997348,1.41882,0.5,0.5,0.0967742,0,0.333333,0.5
0,1132,-1.23306,-1.33724,-1.54667,0.1,0.111111,0.0571429,1,0.333333,0.6
0,1132,-0.523827,0.577111,-0.036558,0.142857,0.25,0.0515464,0,0,0.7
0,1132,-0.0549175,-0.255203,-0.247356,0.166667,0.166667,0.0530973,0,0.333333,0.8
1,1132,-0.912388,-0.717175,-1.00152,0.111111,0.142857,0.0547945,1,0.333333,0.9
0,1132,-0.8744,-1.42997,-1.36503,0.125,0.1,0.0571429,1,0.333333,1
0,1133,-1.35294,-1.12027,-1.55959,0.1,0.1,0.0625,0,0,0.1
0,1133,0.811025,1.88063,1.48813,0.5,1,0.0310559,1,0.166667,0.2
1,1133,-0.32793,-0.47006,-0.223881,0.166667,0.166667,0.0833333,1,0.166667,0.3
0,1133,-0.592925,-0.703745,-0.911377,0.125,0.125,0.0512821,0,0,0.4
0,1133,-0.431952,-0.519153,-0.57276,0.142857,0.142857,0.0571429,1,0.333333,0.5
0,1133,0.171925,1.16418,0.697895,0.25,0.333333,0.0833333,1,0.166667,0.6
1,1133,-1.27436,-1.07049,-1.24018,0.111111,0.111111,0.0625,0,0,0.7
0,1133,0.069371,-0.0837162,0.321157,0.2,0.25,0.0967742,0,0,0.8
0,1133,2.14279,-0.341383,0.913911,1,0.2,0.0535714,0,0,0.9
0,1133,0.784995,1.264,1.08669,0.333333,0.5,0.121951,1,0.166667,1
0,1134,-0.352098,0.542228,0.36164,0.2,0.25,0.225,1,0.833333,0.1
1,1134,0.823679,-0.711619,0.400544,0.5,0.142857,0.123077,1,0,0.2
0,1134,-0.640893,0.0907595,-0.621833,0.111111,0.2,0.106061,0,0,0.3
0,1134,-0.404774,0.567532,0.374595,0.166667,0.333333,0.235294,1,0.666667,0.4
1,1134,2.70374,1.70972,1.90538,1,1,0.461538,1,0,0.5
0,1134,-0.79072,-1.52117,-1.75618,0.1,0.1,0.125,1,0.833333,0.6
0,1134,0.0522512,-0.717791,-0.0124824,0.333333,0.125,0.183673,0,0,0.7
0,1134,-0.544569,-1.07153,-1.02073,0.142857,0.111111,0.15,1,0.666667,0.8
0,1134,-0.301084,1.3777,1.00824,0.25,0.5,0.290323,0,0.333333,0.9
0,1134,-0.545532,-0.265827,-0.63918,0.125,0.166667,0.186047,1,0.666667,1
0,1135,-0.698743,-0.404105,-1.18158,0.125,0.142857,0.0636364,0,0,0.1
0,1135,-0.617291,-0.211758,-0.634238,0.142857,0.166667,0.131148,1,0.166667,0.2
0,1135,-0.306572,0.0836149,0.511372,0.2,0.25,0.101266,0,0,0.3
0,1135,0.677464,-1.07232,0.0350256,0.5,0.111111,0.157895,0,0,0.4
0,1135,-0.572944,-0.0977461,-0.0701795,0.166667,0.2,0.1,0,0,0.5
0,1135,-0.836306,1.41922,0.0350256,0.111111,0.5,0.125,0,0,0.6
1,1135,0.113322,-0.603572,-0.322273,0.25,0.125,0.142857,1,0,0.7
1,1135,2.55144,2.05514,2.69428,1,1,0.210526,1,0.166667,0.8
0,1135,-0.854915,0.234501,-0.533717,0.1,0.333333,0.159091,1,0.166667,0.9
0,1135,0.544545,-1.40298,-0.533717,0.333333,0.1,0.0776699,1,0.166667,1
1,1136,0.891208,0.72358,1.39613,0.5,0.5,0.203704,0,0,0.1
0,1136,0.13086,-0.819135,-0.190785,0.333333,0.111111,0.171875,0,0,0.2
0,1136,-0.85964,-0.168105,-0.600366,0.111111,0.2,0.135593,0,0,0.3
0,1136,-0.0423606,-0.302246,-0.0479172,0.2,0.166667,0.145161,0,0,0.4
0,1136,0.00215924,-0.000431662,0.758736,0.25,0.333333,0.104167,0,0,0.5
0,1136,-1.13073,-0.851265,-1.69555,0.1,0.1,0.129032,0,0,0.6
0,1136,-0.43816,-0.766386,-0.617114,0.166667,0.125,0.0738255,0,0,0.7
0,1136,-0.610404,-0.0669612,-0.220042,0.125,0.25,0.0596026,1,0.333333,0.8
1,1136,2.52669,2.68046,1.8396,1,1,0.227848,1,0.333333,0.9
0,1136,-0.469625,-0.429512,-0.622692,0.142857,0.142857,0.136986,1,0.333333,1
0,1137,0.396654,0.914336,0.912825,0.333333,0.333333,0.0833333,0,0.166667,0.1
0,1137,-0.914747,-0.794885,-1.2683,0.1,0.125,0.0428571,0,0.5,0.2
0,1137,-0.369344,-0.432244,-0.0452455,0.166667,0.2,0.113636,0,0.5,0.3
0,1137,-0.816066,-0.546077,-0.4089,0.142857,0.166667,0.0615385,0,0.5,0.4
0,1137,0.454867,-0.579177,0.365155,0.5,0.142857,0.076087,0,0,0.5
0,1137,-0.863564,-1.06666,-1.43707,0.111111,0.1,0.0571429,0,0.5,0.6
0,1137,-0.834803,-1.02018,-1.10435,0.125,0.111111,0.0727273,0,0,0.7
0,1137,0.0782781,0.272911,0.329687,0.2,0.25,0.0875,0,0.166667,0.8
1,1137,2.53733,1.91837,1.73703,1,1,0.241379,0,0,0.9
1,1137,0.331396,1.33361,0.91916,0.25,0.5,0.105263,1,0,1
0,1138,1.08043,-0.607941,0.419604,0.5,0.125,0.0909091,1,0.166667,0.1
0,1138,-0.301084,0.784433,1.15363,0.2,0.333333,0.12987,0,0,0.2
0,1138,-0.872536,0.940966,0.049518,0.111111,0.5,0.160714,0,0,0.3
0,1138,-0.885749,-0.00238694,-2.40008,0.1,0.142857,0.108434,0,0,0.4
0,1138,-0.829354,0.318095,-0.873033,0.125,0.2,0.113924,0,0,0.5
0,1138,-0.463733,0.512856,0.318196,0.166667,0.25,0.1125,1,0,0.6
1,1138,2.2825,-1.89141,0.149139,1,0.1,0.130435,1,0.166667,0.7
1,1138,0.599152,-1.57331,-0.39504,0.333333,0.111111,0.128205,1,0,0.8
0,1138,0.214175,0.23046,0.318196,0.25,0.166667,0.105263,0,0,0.9
0,1138,-0.823794,1.28824,1.25987,0.142857,1,0.115385,0,0,1
0,1139,-0.574363,1.77189,0.732681,0.142857,1,0.0754717,0,0,0.1
0,1139,-0.501515,-1.65759,-1.16741,0.166667,0.1,0.0615385,1,0.166667,0.2
0,1139,0.335998,-0.61218,0.207137,0.333333,0.142857,0.123077,0,0,0.3
0,1139,-0.238296,-0.683833,-0.264967,0.25,0.125,0.0927835,0,0,0.4
1,1139,2.10111,0.418216,1.43919,1,0.25,0.218182,1,0.166667,0.5
0,1139,-0.583597,-0.0649472,-0.507715,0.125,0.2,0.153846,0,0,0.6
1,1139,1.65917,1.23695,1.68117,0.5,0.5,0.137931,1,0,0.7
0,1139,-0.45086,-0.376804,-0.0577003,0.2,0.166667,0.0857143,0,0,0.8
0,1139,-0.945894,0.826395,-0.438812,0.1,0.333333,0.0813953,0,0,0.9
0,1139,-0.801756,-0.858102,-1.62357,0.111111,0.111111,0.0792079,0,0,1
0,1140,-0.609431,-0.933634,-1.12341,0.125,0.125,0.111111,1,0.833333,0.1
0,1140,-0.207272,-1.67628,-0.87756,0.2,0.1,0.176471,0,0,0.2
0,1140,-0.243189,1.00807,0.653486,0.166667,0.5,0.0674157,1,1,0.3
1,1140,2.85007,-0.0199248,0.904896,1,0.166667,0.0697674,1,0,0.4
0,1140,-0.113807,1.64628,1.59092,0.333333,1,0.230769,1,1,0.5
0,1140,-0.133444,-1.28739,-0.452135,0.25,0.111111,0.09375,0,0,0.6
0,1140,-0.684232,-0.308503,-1.31422,0.1,0.142857,0.0684932,1,0.833333,0.7
0,1140,-0.584963,0.500547,-0.0407867,0.142857,0.25,0.0757576,1,1,0.8
0,1140,0.375485,0.622478,1.33951,0.5,0.333333,0.0933333,1,1,0.9
1,1140,-0.649218,0.44836,-0.680701,0.111111,0.2,0.135135,1,1,1
0,1141,-0.555772,-1.19013,-1.35076,0.142857,0.111111,0.0740741,0,0,0.1
1,1141,2.42586,-1.24585,0.0987232,1,0.1,0.0754717,1,0,0.2
0,1141,-0.712804,1.2087,0.277758,0.125,0.5,0.0594059,0,0,0.3
1,1141,-0.454786,-0.204951,-0.333612,0.166667,0.166667,0.0923077,1,0.166667,0.4
0,1141,0.00709817,-0.111611,0.478566,0.25,0.2,0.137255,1,0,0.5
0,1141,0.0547088,1.64221,1.92323,0.333333,1,0.0652174,0,0,0.6
0,1141,-0.894211,-0.893332,-1.60305,0.111111,0.125,0.075,0,0,0.7
0,1141,-0.931689,0.64972,-0.784557,0.1,0.25,0.0769231,1,0.166667,0.8
0,1141,-0.123877,0.963812,0.763646,0.2,0.333333,0.137255,1,0.166667,0.9
0,1141,1.18547,-0.81857,0.53005,0.5,0.142857,0.109589,1,0.166667,1
0,1142,-0.176003,-0.0920217,0.449644,0.333333,0.166667,0.111111,0,0,0.1
0,1142,-0.532265,-2.33582,-2.10802,0.1,0.1,0.15873,0,0,0.2
0,1142,-0.448846,0.607177,-0.0447242,0.142857,0.25,0.15625,1,0.166667,0.3
0,1142,-0.49617,0.894522,-0.237196,0.111111,0.333333,0.133333,0,0.166667,0.4
1,1142,2.96226,-0.220338,0.756473,1,0.142857,0.173333,1,0,0.5
0,1142,-0.0338411,0.543131,0.959609,0.5,0.2,0.107143,0,0.166667,0.6
0,1142,-0.367006,0.965077,0.716573,0.166667,0.5,0.134146,1,0,0.7
1,1142,-0.219202,1.03469,1.23529,0.2,1,0.138462,1,0.166667,0.8
0,1142,-0.199688,-0.850108,-0.495784,0.25,0.111111,0.147059,0,0,0.9
0,1142,-0.489234,-0.546317,-1.23186,0.125,0.125,0.103093,0,0,1
0,1143,-0.836217,-0.852915,-1.25621,0.125,0.111111,0.0666667,0,0,0.1
0,1143,-0.273258,-0.0321236,0.598421,0.2,0.333333,0.0943396,0,0,0.2
1,1143,1.83704,2.74202,1.97589,1,1,0.4,1,0,0.3
1,1143,1.63984,-0.181082,0.415366,0.5,0.142857,0.0945946,0,0,0.4
0,1143,-0.640586,-0.0646701,0.165058,0.166667,0.25,0.1875,0,0,0.5
0,1143,-0.196486,0.216171,1.04555,0.25,0.5,0.105263,0,0,0.6
0,1143,-0.867114,-0.114878,-0.644843,0.111111,0.2,0.172414,0,0,0.7
0,1143,-0.668005,-0.148411,-0.465127,0.142857,0.166667,0.101695,0,0,0.8
0,1143,-0.868007,-0.328921,-1.4427,0.1,0.125,0.16129,0,0,0.9
0,1143,0.872789,-1.23519,-0.391409,0.333333,0.1,0.0886076,0,0,1
0,1144,1.26166,1.18511,1.63391,1,0.5,0.134021,1,0.833333,0.1
0,1144,-1.07501,0.0522522,-0.803739,0.111111,0.166667,0.101124,1,0.833333,0.2
1,1144,0.780446,1.2173,1.41708,0.333333,1,0.162162,1,0.833333,0.3
0,1144,0.217706,-2.17203,-0.578078,0.25,0.1,0.101449,1,0.333333,0.4
0,1144,-2.25659,0.147315,-0.781668,0.1,0.2,0.227273,1,0.833333,0.5
0,1144,1.18369,0.664991,1.19314,0.5,0.333333,0.104348,1,1,0.6
0,1144,-0.250527,-0.427672,-1.00065,0.125,0.125,0.15625,1,0.333333,0.7
0,1144,0.0517039,-0.177485,-0.43734,0.166667,0.142857,0.0964912,0,0,0.8
1,1144,-0.0860116,-1.13791,-0.995266,0.142857,0.111111,0.112903,0,0,0.9
0,1144,0.172936,0.648131,0.352617,0.2,0.25,0.150685,1,1,1
0,1145,-0.113968,0.563412,0.5709,0.2,0.333333,0.156863,1,0,0.1
1,1145,-0.898021,-0.276302,-0.40862,0.111111,0.25,0.0789474,1,0,0.2
1,1145,2.14104,1.73907,1.65781,1,0.5,0.203125,1,0.666667,0.3
0,1145,-0.651368,-0.647857,-0.826677,0.142857,0.125,0.0757576,1,0.666667,0.4
0,1145,0.33392,-0.568534,0.370592,0.333333,0.166667,0.216216,0,0,0.5
0,1145,-0.354328,-0.704649,-0.815495,0.166667,0.111111,0.163265,0,0,0.6
0,1145,-1.30788,-0.369918,-0.7931,0.1,0.2,0.0446429,1,0.666667,0.7
0,1145,0.249156,-0.635546,-0.0368612,0.25,0.142857,0.155172,1,0,0.8
0,1145,-0.694686,-1.03246,-1.37635,0.125,0.1,0.0495868,1,0.666667,0.9
0,1145,1.29613,1.93278,1.65781,0.5,1,0.23913,1,0.666667,1
0,1146,-0.807253,-0.97345,-1.41437,0.125,0.111111,0.0416667,1,0.666667,0.1
1,1146,0.618175,1.84609,1.44534,0.25,1,0.0642202,1,0.666667,0.2
0,1146,-1.19711,-0.878137,-1.40174,0.1,0.142857,0.0833333,1,0.333333,0.3
1,1146,0.985544,-0.572503,0.697003,0.5,0.166667,0.0666667,0,0,0.4
0,1146,-0.784261,0.452843,0.208022,0.142857,0.333333,0.0454545,1,0.5,0.5
0,1146,-1.19268,0.281194,-0.482243,0.111111,0.25,0.0793651,1,0.5,0.6
0,1146,2.00621,-0.881735,0.513216,1,0.125,0.0648148,0,0,0.7
0,1146,-0.0818063,-1.00427,-0.935998,0.2,0.1,0.0555556,0,0,0.8
0,1146,-0.215027,0.165362,-0.0579468,0.166667,0.2,0.0686275,0,0,0.9
0,1146,0.668207,1.5646,1.42871,0.333333,0.5,0.0943396,1,0,1
1,1147,0.792148,0.960148,1.48742,0.5,0.5,0.101695,1,0,0.1
0,1147,-0.179601,-0.0646726,0.163723,0.25,0.166667,0.227273,0,0,0.2
0,1147,-0.927365,0.367772,-0.609833,0.1,0.25,0.0869565,0,0,0.3
0,1147,-0.371308,0.0837671,-0.253099,0.142857,0.2,0.0851064,0,0,0.4
0,1147,-0.899056,-0.104845,-1.04994,0.111111,0.142857,0.101266,0,0,0.5
1,1147,2.6753,1.30853,1.9599,1,1,0.151515,0,0,0.6
0,1147,-0.308237,0.922699,0.385314,0.166667,0.333333,0.119403,1,0,0.7
0,1147,-0.450515,-0.549814,-1.24604,0.125,0.111111,0.1,0,0,0.8
0,1147,-0.0562084,-0.51811,-0.0128396,0.333333,0.125,0.123457,1,0,0.9
0,1147,-0.275157,-2.40547,-0.824606,0.2,0.1,0.126582,0,0,1
1,1148,1.47328,1.72154,1.70767,1,1,0.128571,1,0.333333,0.1
1,1148,1.19656,1.60155,1.296,0.5,0.5,0.118644,1,0,0.2
0,1148,0.909767,0.629872,0.897395,0.333333,0.333333,0.0460526,0,0.166667,0.3
0,1148,-1.10467,0.0452726,-0.391394,0.125,0.2,0.153846,1,0.333333,0.4
0,1148,0.223264,-1.0258,-0.557309,0.2,0.111111,0.151515,0,0.166667,0.5
0,1148,0.856941,0.335503,0.511247,0.25,0.25,0.0803571,0,0,0.6
0,1148,-0.405116,-0.667293,-0.401988,0.166667,0.142857,0.113208,1,0.333333,0.7
0,1148,-1.20553,-0.948701,-1.24686,0.1,0.125,0.0606061,0,0.166667,0.8
0,1148,-1.14186,-1.10197,-1.41277,0.111111,0.1,0.0851064,0,0.166667,0.9
0,1148,-0.802645,-0.589976,-0.401988,0.142857,0.166667,0.078125,0,0,1
0,1149,-0.435298,0.815896,0.386674,0.142857,0.5,0.160494,1,0.666667,0.1
0,1149,-0.23794,0.274454,0.147548,0.2,0.2,0.0909091,0,0.5,0.2
1,1149,0.276617,-1.56551,-0.190764,0.333333,0.111111,0.1,1,0,0.3
0,1149,-0.304398,0.27124,-0.243372,0.166667,0.166667,0.0802469,0,0.5,0.4
0,1149,-0.783759,-0.0495891,-0.985386,0.111111,0.142857,0.112245,1,0.333333,0.5
0,1149,0.936786,0.279475,0.973329,0.5,0.25,0.147727,1,0.166667,0.6
0,1149,-1.28646,-1.84971,-1.69536,0.1,0.1,0.146667,0,0.5,0.7
0,1149,-0.637661,-0.300995,-0.990721,0.125,0.125,0.166667,1,0,0.8
1,1149,2.45581,1.72749,1.8394,1,1,0.319149,1,0,0.9
0,1149,0.0163061,0.39725,0.758653,0.25,0.333333,0.136364,0,0,1
0,1150,-0.893294,-0.546039,-0.758707,0.125,0.142857,0.107143,1,0.666667,0.1
0,1150,0.0274827,0.686008,0.713543,0.25,0.333333,0.0782609,1,0.833333,0.2
1,1150,1.68817,1.68642,1.5215,0.5,1,0.264151,1,1,0.3
0,1150,-0.926298,-1.67775,-1.43127,0.111111,0.1,0.0888889,0,0,0.4
0,1150,0.582498,0.460697,0.713543,0.333333,0.25,0.0984848,1,0.166667,0.5
0,1150,-0.296351,-0.669204,-0.580357,0.166667,0.125,0.0944882,1,0.5,0.6
0,1150,-0.145947,-0.47448,-0.0450631,0.2,0.166667,0.0869565,0,0,0.7
0,1150,-0.588687,-0.781308,-0.926795,0.142857,0.111111,0.0782609,1,0.666667,0.8
1,1150,1.78382,1.43605,1.5215,1,0.5,0.203125,1,0.833333,0.9
0,1150,-1.23139,-0.120397,-0.727891,0.1,0.2,0.0642202,0,0,1
0,1151,-0.928385,-0.376369,-0.86014,0.142857,0.125,0.142857,0,0.166667,0.1
0,1151,2.06905,1.74966,1.96132,1,1,0.307692,0,0,0.2
0,1151,0.62872,1.45577,1.25959,0.333333,0.5,0.157895,0,0,0.3
0,1151,-0.0531628,0.607848,0.385593,0.166667,0.333333,0.2,0,0,0.4
1,1151,0.444236,-0.279294,0.163841,0.25,0.166667,0.210526,1,0.166667,0.5
1,1151,0.956159,-1.90024,-0.159618,0.5,0.1,0.156863,0,0,0.6
0,1151,-1.13676,-0.130247,-0.825203,0.1,0.2,0.0869565,1,0.166667,0.7
0,1151,-1.06547,-0.703894,-1.43751,0.111111,0.111111,0.0821918,0,0,0.8
0,1151,-0.958171,-0.304815,-0.86014,0.125,0.142857,0.122449,0,0.166667,0.9
0,1151,0.0437842,-0.118416,0.372257,0.2,0.25,0.12,0,0,1
1,1152,1.61209,1.5635,2.13711,0.5,1,0.0877193,0,0.166667,0.1
1,1152,1.80401,-0.559227,0.560593,1,0.125,0.15625,1,0.166667,0.2
0,1152,0.0870783,0.124695,-0.0632961,0.2,0.166667,0.105263,0,0,0.3
0,1152,0.469244,0.652974,1.27699,0.333333,0.333333,0.136986,0,0.166667,0.4
0,1152,-1.29099,0.369715,-0.756113,0.1,0.25,0.102941,1,0.333333,0.5
0,1152,-0.860796,-0.0760102,-1.06569,0.125,0.142857,0.0958904,0,0,0.6
0,1152,-0.906543,0.876583,0.0315902,0.111111,0.5,0.0963855,1,0.333333,0.7
0,1152,0.185338,-2.23971,-0.756113,0.25,0.1,0.0769231,1,0.166667,0.8
0,1152,-0.709025,0.200419,-0.313809,0.142857,0.2,0.0795455,1,0.333333,0.9
0,1152,-0.390402,-0.912936,-1.05127,0.166667,0.111111,0.175,0,0,1
0,1153,-0.00585106,0.48512,0.927982,0.333333,0.333333,0.257143,1,1,0.1
0,1153,-0.27549,-0.516791,-0.0459968,0.2,0.166667,0.114286,1,1,0.2
0,1153,-0.144425,-1.12763,-0.549461,0.25,0.1,0.0769231,1,0.166667,0.3
0,1153,-0.923481,-0.716981,-1.28936,0.1,0.125,0.109375,1,1,0.4
1,1153,2.11152,1.5128,1.55302,1,0.5,0.322581,1,1,0.5
1,1153,1.7126,2.04434,1.55302,0.5,1,0.25641,1,1,0.6
0,1153,-0.787335,-0.834859,-1.29426,0.111111,0.111111,0.0677966,1,0.166667,0.7
0,1153,-0.737388,-0.686276,-0.774428,0.125,0.142857,0.118644,0,0.166667,0.8
0,1153,-0.327034,0.0981244,0.147515,0.166667,0.25,0.0978261,1,1,0.9
0,1153,-0.623119,-0.257852,-0.228043,0.142857,0.2,0.0833333,1,1.16667,1
0,1154,-0.148315,0.487822,0.140272,0.166667,0.25,0.172414,1,0.166667,0.1
1,1154,-0.0829077,-0.159935,-0.0437385,0.2,0.166667,0.153846,0,0,0.2
0,1154,-0.475985,-1.12534,-0.736406,0.142857,0.125,0.106383,0,0,0.3
1,1154,2.59059,1.2587,1.67918,1,1,0.196721,1,0,0.4
0,1154,0.335397,1.21011,1.0784,0.333333,0.5,0.205882,1,0.166667,0.5
0,1154,-0.900438,-1.47404,-1.3892,0.111111,0.1,0.0526316,0,0,0.6
0,1154,0.339515,1.06245,1.0784,0.5,0.333333,0.116667,0,0,0.7
0,1154,0.222278,0.415752,0.318706,0.25,0.2,0.166667,1,0,0.8
0,1154,-1.23842,-0.316597,-1.05804,0.1,0.142857,0.105263,0,0,0.9
0,1154,-0.641714,-1.35893,-1.06757,0.125,0.111111,0.0930233,0,0,1
0,1155,-0.854548,-0.830502,-1.07523,0.125,0.111111,0.038961,0,0,0.1
0,1155,-0.6824,-0.788226,-0.567339,0.166667,0.125,0.0508475,0,0,0.2
0,1155,0.738039,0.3251,0.888752,0.333333,0.333333,0.0731707,0,0,0.3
0,1155,-0.742385,-0.435758,-0.398117,0.142857,0.166667,0.0394737,0,0,0.4
0,1155,-0.948292,-1.1673,-1.39917,0.111111,0.1,0.037037,0,0,0.5
1,1155,1.74231,2.52739,1.69122,1,1,0.115385,1,0,0.6
0,1155,-0.336515,0.124795,0.135662,0.2,0.2,0.0526316,0,0,0.7
0,1155,-1.02667,-0.494197,-1.06563,0.1,0.142857,0.0215827,0,0,0.8
1,1155,1.49056,0.13433,0.89492,0.5,0.25,0.0449438,1,0,0.9
0,1155,0.619913,0.604361,0.89492,0.25,0.5,0.0666667,0,0,1
0,1156,1.11472,-0.108052,0.620868,0.5,0.166667,0.1125,0,0.166667,0.1
0,1156,-1.50033,0.0176828,-0.616601,0.1,0.25,0.0952381,1,0.666667,0.2
0,1156,0.547736,1.16498,1.27265,0.333333,0.5,0.115942,1,0.666667,0.3
0,1156,-0.777497,0.191987,-0.0129821,0.125,0.333333,0.0958904,0,0.166667,0.4
0,1156,0.321519,-0.0544795,0.376116,0.25,0.2,0.0963855,1,0.666667,0.5
0,1156,-0.7388,-0.125214,-0.670774,0.142857,0.142857,0.162791,1,0.666667,0.6
0,1156,-0.997606,-0.220689,-1.25987,0.111111,0.125,0.0853659,0,0.166667,0.7
1,1156,1.96414,1.79229,1.98165,1,1,0.194444,1,0.666667,0.8
0,1156,-0.187662,-2.27278,-1.04433,0.166667,0.1,0.102564,0,0,0.9
1,1156,0.253785,-0.385733,-0.646724,0.2,0.111111,0.127273,0,0.166667,1
0,1157,-0.516072,-0.567917,-0.999656,0.125,0.125,0.15,0,0,0.1
0,1157,1.97369,0.921112,1.63228,1,0.5,0.0887097,0,0,0.2
0,1157,-0.378661,-0.377533,-0.436903,0.142857,0.166667,0.188679,0,0,0.3
0,1157,-0.0989723,-0.580842,-0.802938,0.166667,0.111111,0.138462,1,0.333333,0.4
0,1157,0.105393,-1.84842,-0.577501,0.25,0.1,0.114286,1,0.166667,0.5
0,1157,-1.59398,-0.516724,-1.16945,0.1,0.142857,0.0769231,0,0,0.6
0,1157,-1.07739,0.187011,-0.402328,0.111111,0.25,0.0676692,0,0,0.7
1,1157,1.38889,2.01254,1.63228,0.5,1,0.188679,1,0.166667,0.8
1,1157,0.207982,0.761631,0.975339,0.333333,0.333333,0.117647,0,0,0.9
0,1157,-0.0108786,0.00914411,0.148879,0.2,0.2,0.101852,0,0,1
0,1158,-0.402318,-0.0879625,-0.241023,0.142857,0.2,0.0408163,1,0.333333,0.1
0,1158,-0.347093,-0.35325,-0.439351,0.166667,0.142857,0.117647,1,0.833333,0.2
0,1158,-0.250746,-0.124427,0.155911,0.25,0.166667,0.0515464,1,0.833333,0.3
0,1158,-0.950918,-0.734081,-1.36275,0.1,0.125,0.0430108,1,0.833333,0.4
0,1158,-0.836702,0.120395,-0.404581,0.111111,0.25,0.0625,1,0.833333,0.5
0,1158,0.817241,0.746705,1.41645,0.5,0.5,0.0714286,1,0.333333,0.6
0,1158,-0.289658,0.536436,0.565258,0.2,0.333333,0.0634921,1,0.833333,0.7
1,1158,2.57044,2.31279,1.86639,1,1,0.189189,1,1.16667,0.8
0,1158,-0.722312,-1.51186,-1.36275,0.125,0.1,0.031746,0,0,0.9
1,1158,0.412069,-0.904742,-0.193563,0.333333,0.111111,0.0306122,0,0,1
0,1159,1.17288,0.993215,1.06321,0.5,0.333333,0.166667,0,0,0.1
1,1159,1.39393,1.04118,1.45597,1,0.5,0.159091,1,0.166667,0.2
1,1159,0.710392,1.32796,1.26276,0.333333,1,0.225806,0,0,0.3
0,1159,0.387937,0.593743,0.314217,0.2,0.25,0.125,1,0.166667,0.4
0,1159,0.373087,0.308507,-0.219043,0.166667,0.166667,0.125,0,0,0.5
0,1159,0.641633,0.437316,0.314217,0.25,0.2,0.163265,0,0,0.6
0,1159,-1.16996,-1.17548,-0.560382,0.142857,0.142857,0,0,0,0.7
0,1159,-1.16996,-1.17548,-0.891682,0.125,0.125,0,0,0,0.8
0,1159,-1.16996,-1.17548,-1.21338,0.111111,0.111111,0,0,0,0.9
0,1159,-1.16996,-1.17548,-1.52588,0.1,0.1,0,0,0,1
0,1160,-0.569501,0.467026,0.34995,0.166667,0.333333,0.0470588,0,0,0.1
0,1160,-0.605579,-0.664232,-1.13168,0.111111,0.125,0.0520833,0,0,0.2
0,1160,-0.576613,-0.828023,-0.953576,0.142857,0.111111,0.0666667,0,0,0.3
1,1160,0.477901,0.301451,0.941908,0.5,0.25,0.0882353,0,0,0.4
0,1160,0.406781,1.3632,1.14316,0.333333,0.5,0.0930233,1,0,0.5
1,1160,2.73913,1.96791,1.78002,1,1,0.0884956,1,0,0.6
0,1160,-0.461722,-0.403867,-0.22987,0.2,0.142857,0.0925926,0,0,0.7
0,1160,-0.602282,-1.57138,-1.29969,0.125,0.1,0.0769231,0,0,0.8
0,1160,-0.106285,-0.339653,0.148696,0.25,0.166667,0.122449,1,0,0.9
0,1160,-0.701826,-0.292431,-0.748925,0.1,0.2,0.035461,0,0,1
1,1161,2.47531,2.20633,1.88385,1,1,0.122449,1,0,0.1
0,1161,-0.241976,0.154641,0.776985,0.333333,0.25,0.114754,0,0,0.2
1,1161,-0.554975,-0.22754,-0.443461,0.142857,0.166667,0.0701754,0,0,0.3
0,1161,-0.606152,-1.55365,-1.55853,0.111111,0.1,0.112903,0,0,0.4
0,1161,1.31591,0.967553,1.42971,0.5,0.5,0.135802,0,0,0.5
0,1161,-0.310766,-0.672958,-0.431773,0.2,0.125,0.0897436,0,0,0.6
0,1161,-0.250853,-0.596184,-0.0368384,0.25,0.142857,0.126984,0,0,0.7
0,1161,-0.365734,-0.729827,-0.814989,0.166667,0.111111,0.114286,0,0,0.8
0,1161,-0.883816,0.588793,-0.373176,0.1,0.333333,0.146341,0,0,0.9
0,1161,-0.576944,-0.137159,-0.431773,0.125,0.2,0.0655738,0,0,1
0,1162,-0.529161,-0.781325,-0.927273,0.142857,0.125,0.129032,0,0,0.1
0,1162,-0.323547,1.67111,1.142,0.2,1,0.0792079,1,0.666667,0.2
0,1162,-1.37643,1.03214,-0.172075,0.1,0.5,0.0409357,1,0.666667,0.3
0,1162,0.309698,-0.23297,-0.0413467,0.25,0.142857,0.145161,0,0.166667,0.4
0,1162,-0.916325,-1.42954,-1.5497,0.111111,0.111111,0.0672269,0,0,0.5
0,1162,-0.601986,-1.67751,-1.54383,0.125,0.1,0.0740741,1,0.333333,0.6
1,1162,0.448644,0.181764,0.415688,0.333333,0.166667,0.142857,1,0.666667,0.7
1,1162,-0.447189,0.599383,0.415688,0.166667,0.333333,0.122807,1,1,0.8
0,1162,1.47582,0.207687,0.887141,0.5,0.2,0.160714,1,0.5,0.9
0,1162,1.96048,0.429266,1.37371,1,0.25,0.192308,1,0.666667,1
0,1163,0.511855,0.133711,0.185561,0.25,0.166667,0.0757576,0,0,0.1
0,1163,0.315931,0.265812,0.178185,0.2,0.2,0.151515,1,0.166667,0.2
0,1163,-0.326402,0.820851,0.244698,0.125,0.5,0.0851064,0,0,0.3
0,1163,1.5383,0.630691,1.44318,1,0.25,0.1,1,0.166667,0.4
1,1163,0.556539,-0.250153,-0.0145523,0.333333,0.125,0.034188,1,0.166667,0.5
0,1163,-0.0628919,1.25251,0.734713,0.142857,1,0.153846,0,0,0.6
0,1163,0.0531236,0.733323,0.43671,0.166667,0.333333,0.0925926,0,0,0.7
1,1163,0.892625,0.0647245,0.466962,0.5,0.142857,0.0731707,1,0.166667,0.8
0,1163,-1.73954,-1.82573,-1.62807,0.111111,0.111111,0,0,0,0.9
0,1163,-1.73954,-1.82573,-2.04738,0.1,0.1,0,0,0,1
0,1164,0.135734,1.51936,1.53229,0.5,1,0.117647,0,0.5,0.1
1,1164,-0.671754,-1.6527,-1.60586,0.1,0.1,0.0735294,1,0,0.2
0,1164,-0.669675,-1.36756,-1.27698,0.111111,0.111111,0.097561,0,0,0.3
0,1164,-0.208674,0.482982,0.330686,0.2,0.25,0.0857143,0,0.5,0.4
0,1164,0.11509,0.43629,0.527675,0.333333,0.2,0.0909091,0,0.5,0.5
0,1164,-0.407351,0.319346,-0.230524,0.166667,0.166667,0.08,0,0.166667,0.6
0,1164,-0.435209,0.593667,0.162918,0.142857,0.333333,0.0892857,0,0,0.7
0,1164,-0.668163,-0.600031,-0.764086,0.125,0.142857,0.1,0,0.166667,0.8
1,1164,2.86706,1.08714,1.53229,1,0.5,0.21875,1,0.5,0.9
0,1164,-0.0570581,-0.8185,-0.208402,0.25,0.125,0.109091,0,0,1
0,1165,-0.376262,-0.451933,-0.98245,0.111111,0.142857,0.0666667,0,0,0.1
0,1165,-0.358631,-1.27117,-1.16595,0.125,0.111111,0.0493827,0,0.333333,0.2
0,1165,-0.286394,1.3539,1.39883,0.333333,1,0.0597015,0,0,0.3
0,1165,-0.306542,-1.20232,-0.219362,0.25,0.125,0.108108,0,0.333333,0.4
1,1165,2.99838,0.624331,1.19148,1,0.25,0.0714286,1,0,0.5
0,1165,-0.348914,0.48459,-0.0477692,0.166667,0.2,0.056338,0,0,0.6
0,1165,-0.309301,1.02241,0.769461,0.2,0.5,0.097561,0,0.333333,0.7
0,1165,-0.349842,-1.59624,-1.15554,0.142857,0.1,0.0701754,0,0.166667,0.8
1,1165,-0.284814,0.788625,1.17778,0.5,0.333333,0.0909091,1,0,0.9
0,1165,-0.377676,0.247813,-0.96648,0.1,0.166667,0.0454545,0,0.5,1
1,1166,0.108197,-1.06689,-0.37131,0.333333,0.1,0.0873786,1,0,0.1
0,1166,-0.385901,-0.878376,-0.810913,0.166667,0.111111,0.166667,0,0,0.2
0,1166,-0.191717,-0.194082,-0.0488243,0.2,0.166667,0.193548,0,0.333333,0.3
0,1166,-0.976157,-0.621404,-1.36862,0.1,0.125,0.121212,0,0,0.4
0,1166,1.02686,0.446307,1.42255,0.5,0.5,0.275862,0,0,0.5
0,1166,-0.445724,0.0193507,-0.0366541,0.142857,0.25,0.215686,0,0.333333,0.6
0,1166,-0.741518,-0.14314,-0.429614,0.125,0.2,0.178571,0,0,0.7
0,1166,-0.184387,0.0437405,0.773099,0.25,0.333333,0.146341,1,0.5,0.8
0,1166,-0.749529,-0.315641,-1.00415,0.111111,0.142857,0.127907,1,0.166667,0.9
1,1166,2.53988,2.71013,1.87443,1,1,0.62069,0,0,1
0,1167,-0.417486,-0.720604,-0.592617,0.2,0.111111,0.09375,0,0,0.1
0,1167,1.00406,0.49125,1.37811,0.5,0.5,0.188679,0,0,0.2
1,1167,0.0666041,0.00101606,0.748943,0.25,0.333333,0.156863,1,0.666667,0.3
0,1167,0.174345,-0.343563,0.549954,0.333333,0.2,0.1,1,0.666667,0.4
0,1167,-0.811381,-0.473747,-0.972774,0.111111,0.142857,0.0588235,1,0,0.5
0,1167,-0.556155,-0.753354,-1.14416,0.142857,0.1,0.0833333,0,0,0.6
0,1167,-0.725436,-0.527126,-0.978041,0.125,0.125,0.0641026,1,0.666667,0.7
0,1167,-0.452953,-0.397591,-0.240257,0.166667,0.166667,0.0909091,1,0.666667,0.8
0,1167,-0.815197,-0.0845363,-0.565014,0.1,0.25,0.0655738,1,0.666667,0.9
1,1167,2.5336,2.80826,1.81586,1,1,0.304348,1,0,1
1,1168,0.564722,1.47942,1.16797,0.333333,0.5,0.0714286,1,0,0.1
0,1168,0.971324,-0.0811645,0.763052,0.5,0.2,0.0927835,1,0.166667,0.2
1,1168,2.47902,1.88138,1.81865,1,1,0.113043,1,0.166667,0.3
0,1168,-0.605741,-0.920167,-0.974266,0.142857,0.111111,0.0779221,0,0,0.4
0,1168,-0.767432,-1.42974,-1.50458,0.111111,0.1,0.0684932,0,0,0.5
0,1168,-0.481165,-0.833219,-0.416829,0.2,0.125,0.0909091,0,0,0.6
0,1168,-0.495811,0.321437,0.151923,0.166667,0.25,0.0674157,0,0,0.7
0,1168,-0.819816,-0.649394,-1.14591,0.1,0.142857,0.0645161,0,0,0.8
0,1168,-0.677186,0.368883,-0.0119142,0.125,0.333333,0.09375,0,0,0.9
0,1168,-0.167912,-0.137435,0.151923,0.25,0.166667,0.0842105,0,0,1
0,1169,-0.76912,0.600596,-0.266879,0.142857,0.2,0.102564,0,0,0.1
1,1169,1.68985,1.03831,1.81751,1,0.5,0.1,1,0,0.2
0,1169,-0.877346,0.811219,-0.247195,0.125,0.25,0.0701754,1,0.666667,0.3
1,1169,-1.35229,-1.77408,-1.90478,0.1,0.1,0.0526316,0,0,0.4
0,1169,1.33868,-0.856673,0.227655,0.5,0.125,0.0540541,0,0,0.5
0,1169,-0.105431,-1.07754,-0.894056,0.166667,0.111111,0.0784314,0,0.666667,0.6
0,1169,-1.00804,0.879804,-0.214328,0.111111,0.333333,0.0701754,0,0.666667,0.7
0,1169,1.06432,-0.27934,0.406293,0.333333,0.166667,0.12,0,0,0.8
0,1169,-0.0232609,-0.617829,-0.266879,0.2,0.142857,0.0588235,0,0.666667,0.9
0,1169,0.0426444,1.27553,1.34266,0.25,1,0.131579,0,0.666667,1
0,1170,0.468607,-0.648924,-0.43492,0.25,0.111111,0.0413223,0,0,0.1
0,1170,0.850923,0.824488,1.52267,0.5,0.5,0.230769,1,0.833333,0.2
0,1170,1.57667,-0.504146,0.663606,1,0.142857,0.0909091,0,0,0.3
0,1170,-1.60161,-0.396321,-0.654783,0.111111,0.2,0.0531915,1,0.833333,0.4
0,1170,-0.335922,-0.591766,-1.08064,0.125,0.125,0.0821918,0,0,0.5
0,1170,0.268673,0.187885,0.607645,0.2,0.333333,0.105263,0,0,0.6
1,1170,-0.312696,-1.04916,-1.26418,0.142857,0.1,0.107143,1,0.833333,0.7
1,1170,0.710946,2.60129,1.53035,0.333333,1,0.16129,1,0.833333,0.8
0,1170,-1.78639,-0.481235,-1.05735,0.1,0.166667,0.0549451,1,0.833333,0.9
0,1170,0.160789,0.0578921,0.167602,0.166667,0.25,0.0983607,1,0.833333,1
0,1171,0.832475,-2.79353,-0.299173,0.5,0.1,0.139241,0,0,0.1
0,1171,-0.499489,-0.0185163,-0.865365,0.166667,0.142857,0.171875,0,0,0.2
1,1171,2.7339,-0.216119,0.848063,1,0.125,0.211538,0,0,0.3
0,1171,-0.440006,0.287841,-0.0957541,0.2,0.166667,0.277778,0,0.333333,0.4
0,1171,-0.591473,0.660416,0.0477895,0.111111,0.5,0.209302,0,0,0.5
0,1171,-0.502994,0.932853,1.21589,0.142857,1,0.27027,0,0,0.6
0,1171,-0.662155,0.360427,-1.54669,0.1,0.2,0.272727,0,0.333333,0.7
0,1171,-0.514526,0.52483,-0.439715,0.125,0.25,0.238095,0,0.333333,0.8
1,1171,-0.0768867,0.5311,1.93183,0.333333,0.333333,0.181818,1,0,0.9
0,1171,-0.278843,-0.269306,-0.796882,0.25,0.111111,0.16,0,0,1
0,1172,-0.647352,-0.470747,-0.872645,0.125,0.142857,0.12987,1,0.5,0.1
0,1172,-0.150201,1.58381,1.07473,0.2,1,0.3,1,0.5,0.2
0,1172,-0.120545,1.2545,1.05293,0.25,0.5,0.285714,1,0.5,0.3
1,1172,2.87642,-0.663125,0.459045,1,0.125,0.119048,1,0,0.4
0,1172,-0.70675,-1.63879,-1.64621,0.111111,0.1,0.09,0,0,0.5
0,1172,-0.226599,0.631773,0.166223,0.166667,0.25,0.128571,1,0,0.6
0,1172,0.160433,-0.112297,0.834878,0.5,0.2,0.181818,1,0,0.7
0,1172,-0.723509,-0.466479,-1.04865,0.1,0.166667,0.111111,0,0,0.8
1,1172,-0.0530236,0.92414,1.04567,0.333333,0.333333,0.3125,1,0.5,0.9
0,1172,-0.408875,-1.04279,-1.06598,0.142857,0.111111,0.102273,0,0,1
0,1173,2.54769,0.910907,1.64828,1,0.333333,0.125,0,0.5,0.1
0,1173,-1.07988,1.00716,-0.175865,0.1,0.5,0.0869565,0,0.333333,0.2
0,1173,-0.369255,-0.824439,-0.495288,0.2,0.125,0.0925926,0,0.333333,0.3
0,1173,-0.438387,-0.626093,-1.15765,0.111111,0.142857,0.0925926,0,0.666667,0.4
0,1173,-0.377978,0.434311,0.180519,0.166667,0.25,0.0833333,0,0.5,0.5
0,1173,-0.425814,-1.51123,-1.57783,0.125,0.1,0.0877193,0,0.5,0.6
0,1173,-0.397795,-0.245644,-0.508694,0.142857,0.166667,0.0847458,0,0.833333,0.7
0,1173,-0.367491,0.116183,0.410149,0.25,0.2,0.0961538,0,0.333333,0.8
1,1173,1.15591,-1.09088,0.0280925,0.5,0.111111,0.0416667,1,0,0.9
1,1173,-0.246999,1.82973,1.64828,0.333333,1,0.1,1,0,1
0,1174,-0.501867,0.162259,-0.936606,0.125,0.142857,0.333333,0,0,0.1
0,1174,-0.490556,0.662567,0.199703,0.142857,0.333333,0.326087,0,0.333333,0.2
0,1174,-0.3748,-0.47577,-0.716437,0.166667,0.125,0.225352,0,0,0.3
1,1174,2.85269,-2.44691,0.0836196,1,0.1,0.186441,0,0,0.4
0,1174,-0.835053,-0.886547,-1.76687,0.1,0.111111,0.179487,1,0.166667,0.5
0,1174,-0.604197,0.424337,-0.462957,0.111111,0.25,0.205128,0,0.333333,0.6
1,1174,0.267742,1.14723,1.87825,0.5,1,0.361702,0,0,0.7
0,1174,-0.128526,0.965929,1.13011,0.25,0.5,0.421053,0,0.333333,0.8
0,1174,0.0825101,0.277808,0.646816,0.333333,0.2,0.236842,0,0,0.9
0,1174,-0.267942,0.169104,-0.0556294,0.2,0.166667,0.182927,1,0.166667,1
0,1175,-0.674141,-0.215358,-1.02568,0.111111,0.166667,0.107143,1,0.166667,0.1
1,1175,2.79506,-1.85762,0.0928273,1,0.1,0.0808081,1,0,0.2
0,1175,-0.431188,1.22976,0.742807,0.166667,0.5,0.159091,0,0.333333,0.3
0,1175,-0.643935,0.686691,-0.0155318,0.125,0.333333,0.130435,1,0.166667,0.4
0,1175,0.235317,1.6665,1.80838,0.333333,1,0.133333,0,0,0.5
0,1175,0.353192,0.183426,0.994741,0.5,0.2,0.133333,0,0.333333,0.6
0,1175,-0.67505,-0.413735,-1.49386,0.1,0.142857,0.084507,0,0,0.7
0,1175,-0.383295,0.383411,0.449985,0.2,0.25,0.122807,0,0,0.8
1,1175,0.0153488,-0.772128,-0.283586,0.25,0.125,0.131148,0,0.333333,0.9
0,1175,-0.591307,-0.89094,-1.27009,0.142857,0.111111,0.0921053,0,0,1
0,1176,-0.745852,0.787683,0.391196,0.142857,0.5,0.214286,0,0,0.1
1,1176,0.347987,2.59686,1.41942,0.333333,1,0.290323,0,0,0.2
1,1176,1.43351,-0.0438148,0.780786,0.5,0.2,0.135135,1,0,0.3
0,1176,-1.27885,-0.823675,-1.53955,0.1,0.111111,0.0842105,0,0,0.4
0,1176,-0.45436,-0.889624,-0.980704,0.166667,0.1,0.0978261,0,0,0.5
0,1176,0.301658,-0.0224004,0.557125,0.25,0.25,0.0866142,1,0,0.6
0,1176,-0.805661,-0.0952291,-0.624263,0.125,0.166667,0.166667,0,0,0.7
0,1176,0.260906,-0.802117,-0.426516,0.2,0.125,0.121951,0,0,0.8
0,1176,-0.974514,-0.714907,-0.99691,0.111111,0.142857,0.102273,0,0,0.9
0,1176,1.91518,0.00722948,1.41942,1,0.333333,0.169492,1,0,1
0,1177,-1.08596,-0.335693,-0.647738,0.125,0.166667,0.0641026,0,0,0.1
1,1177,-0.777989,0.851938,0.405907,0.142857,0.5,0.0724638,1,0,0.2
0,1177,-1.21984,-0.477498,-1.40984,0.1,0.125,0.0543478,0,0,0.3
0,1177,-0.324607,-0.972603,-0.835341,0.166667,0.111111,0.0674157,0,0,0.4
0,1177,0.171337,0.784832,0.584793,0.2,0.333333,0.0566038,0,0,0.5
0,1177,0.548129,1.99438,1.25448,0.25,1,0.0759494,0,0,0.6
0,1177,1.60469,0.266893,1.25448,1,0.25,0.0625,0,0,0.7
0,1177,0.787152,-0.472183,0.180553,0.333333,0.142857,0.0666667,1,0.333333,0.8
1,1177,1.38416,0.116698,0.810147,0.5,0.2,0.0465116,0,0.166667,0.9
0,1177,-1.08706,-1.75677,-1.59745,0.111111,0.1,0.0666667,1,0.166667,1
0,1178,-0.377444,-0.583312,-0.450702,0.166667,0.142857,0.08,1,0.333333,0.1
0,1178,-0.312324,-0.662174,-0.438823,0.2,0.125,0.0487805,0,0.166667,0.2
0,1178,-0.461031,-0.817006,-1.21725,0.125,0.111111,0.0357143,0,0.166667,0.3
1,1178,-0.256538,-0.848099,-0.59574,0.25,0.1,0.0697674,1,0.333333,0.4
0,1178,-0.52509,-0.238802,-0.80555,0.1,0.2,0.0380952,1,0.333333,0.5
1,1178,2.96884,2.64385,1.91461,1,1,0.111111,1,0.333333,0.6
0,1178,-0.385689,-0.0192672,0.179031,0.142857,0.333333,0.047619,0,0,0.7
0,1178,-0.47768,-0.275115,-0.828296,0.111111,0.166667,0.103448,1,0.333333,0.8
0,1178,-0.0897566,-0.0424877,0.789672,0.333333,0.25,0.038961,1,0.333333,0.9
0,1178,-0.0832841,0.84241,1.45305,0.5,0.5,0.0228571,0,0,1
0,1179,-0.0448488,0.60562,0.529768,0.2,0.333333,0.0759494,0,0.5,0.1
1,1179,0.0741878,-0.0217124,0.146122,0.25,0.166667,0.0526316,1,0,0.2
0,1179,-0.0734613,-0.542728,-0.58679,0.166667,0.125,0.0631579,0,0,0.3
0,1179,1.48727,-0.00646777,0.944761,1,0.2,0.0816327,0,0,0.4
0,1179,-1.42437,-1.22364,-1.28204,0.111111,0.111111,0.0510204,0,0.166667,0.5
0,1179,-0.209164,0.306227,-0.0342055,0.142857,0.25,0.12766,0,0.5,0.6
0,1179,0.992357,0.949523,1.12337,0.333333,0.5,0.0958904,0,0.5,0.7
0,1179,-0.448494,-0.305557,-0.767118,0.125,0.142857,0.0588235,0,0,0.8
0,1179,-1.66907,-1.71416,-1.61223,0.1,0.1,0.0403226,0,0.166667,0.9
1,1179,1.3156,1.95289,1.53837,0.5,1,0.212121,1,0.5,1
0,1180,0.307258,-1.11948,-0.469715,0.333333,0.1,0.0857143,1,0,0.1
0,1180,-0.142968,-0.195122,0.45005,0.2,0.25,0.179487,0,0,0.2
1,1180,-1.04392,-0.48497,-1.73133,0.1,0.125,0.047619,1,0.666667,0.3
0,1180,-0.114964,-0.747982,-0.514009,0.25,0.111111,0.0693069,0,0,0.4
0,1180,-0.732174,0.0506348,-0.245916,0.111111,0.333333,0.0729167,1,0.666667,0.5
0,1180,-0.701845,0.843678,0.261207,0.125,0.5,0.181818,0,0,0.6
0,1180,0.965601,-0.358379,0.498466,0.5,0.142857,0.119403,0,0,0.7
0,1180,-0.601427,-0.331655,-0.558183,0.142857,0.166667,0.0810811,1,0.666667,0.8
0,1180,-0.438915,-0.280218,-0.0617638,0.166667,0.2,0.0786517,1,0.666667,0.9
1,1180,2.50335,2.62349,2.37119,1,1,0.333333,1,0.666667,1
0,1181,0.731657,0.40718,0.83349,0.5,0.2,0.181818,1,0.833333,0.1
0,1181,0.0644853,-0.915446,-0.455307,0.2,0.125,0.186047,1,0.666667,0.2
0,1181,-0.695619,0.42892,-0.237616,0.125,0.25,0.125,0,0,0.3
1,1181,2.34577,1.90636,1.98653,1,1,0.323529,1,0.833333,0.4
0,1181,0.406221,0.250649,0.390549,0.333333,0.166667,0.123457,0,0,0.5
0,1181,-0.651053,-0.92167,-1.0642,0.142857,0.111111,0.0860215,0,0,0.6
0,1181,-0.933875,0.472425,-0.206022,0.111111,0.333333,0.0833333,1,0,0.7
0,1181,-1.34497,-0.515815,-1.2517,0.1,0.142857,0.125,1,0.666667,0.8
1,1181,-0.27835,-1.81278,-1.0469,0.166667,0.1,0.119403,1,0.333333,0.9
0,1181,0.355731,0.700183,1.05118,0.25,0.5,0.166667,1,0.666667,1
0,1182,-0.862842,0.895437,-0.590334,0.1,0.333333,0.0707071,0,0,0.1
0,1182,0.219467,1.61178,2.27308,0.333333,1,0.0747664,1,0.666667,0.2
0,1182,-0.513469,0.551749,-0.0582753,0.142857,0.25,0.0677966,1,0.666667,0.3
1,1182,2.22622,-0.766708,0.687493,1,0.125,0.122449,1,0,0.4
0,1182,-0.41093,-1.37043,-0.972572,0.2,0.111111,0.0816327,0,0,0.5
0,1182,-0.83464,-0.174876,-1.28925,0.111111,0.166667,0.076087,0,0,0.6
0,1182,-0.607242,-0.0216223,-0.68303,0.125,0.2,0.127273,1,0.666667,0.7
1,1182,1.55924,-1.49579,-0.242528,0.5,0.1,0.160714,0,0,0.8
0,1182,-0.284788,-0.410006,-0.0582753,0.25,0.142857,0.0879121,1,0.666667,0.9
0,1182,-0.491012,1.18046,0.933689,0.166667,0.5,0.0636364,1,0.666667,1
1,1183,-0.589862,-0.11501,-1.24379,0.125,0.142857,0.120482,0,0.333333,0.1
0,1183,0.557558,0.177242,0.888582,0.5,0.166667,0.234043,1,0.166667,0.2
0,1183,-0.154724,0.658307,0.858953,0.2,0.333333,0.161765,0,0,0.3
0,1183,-0.903917,-1.86196,-2.34635,0.111111,0.1,0.108434,0,0,0.4
0,1183,-0.978135,1.49922,0.111044,0.1,1,0.191489,1,0.166667,0.5
0,1183,0.0219842,0.24252,0.858953,0.333333,0.2,0.171875,0,0,0.6
1,1183,2.71581,-1.37932,0.378725,1,0.111111,0.148148,1,0,0.7
0,1183,-0.332013,1.12513,0.596203,0.142857,0.5,0.238095,0,0.333333,0.8
0,1183,-0.154067,-0.683077,-0.339239,0.25,0.125,0.155172,0,0,0.9
0,1183,-0.182636,0.336949,0.236919,0.166667,0.25,0.192982,0,0.333333,1
0,1184,-0.664851,0.188348,-0.0404632,0.142857,0.25,0.0744681,0,0.5,0.1
0,1184,0.289785,0.177454,0.165983,0.2,0.2,0.185185,0,0.333333,0.2
0,1184,-1.0527,-0.586739,-1.31554,0.111111,0.125,0.0983607,0,0.5,0.3
0,1184,-0.666978,0.176452,-0.69414,0.125,0.166667,0.135593,0,0.333333,0.4
0,1184,-0.210513,1.07374,0.406805,0.166667,0.333333,0.142857,0,0.5,0.5
0,1184,0.406586,1.44882,1.5783,0.333333,1,0.141026,0,0.5,0.6
0,1184,-1.40411,-1.71277,-1.90718,0.1,0.1,0.0983607,0,0.333333,0.7
1,1184,0.645206,-0.408607,0.434986,0.5,0.142857,0.125,1,0.166667,0.8
0,1184,0.382162,1.07493,1.09494,0.25,0.5,0.15625,1,0.166667,0.9
1,1184,2.27541,-1.43164,0.276315,1,0.111111,0.1,0,0,1
0,1185,-0.758744,1.71392,0.699652,0.125,1,0.194444,1,0.333333,0.1
0,1185,-0.854133,-0.126605,-1.6247,0.111111,0.142857,0.121212,1,0.333333,0.2
0,1185,-0.882813,-0.0234783,-1.59829,0.1,0.166667,0.0930233,0,0,0.3
0,1185,-0.739396,0.349959,-0.059306,0.142857,0.25,0.195122,0,0,0.4
1,1185,0.740769,-0.487707,0.0394263,0.5,0.111111,0.183099,0,0,0.5
0,1185,-0.332766,0.0650622,-0.0789972,0.166667,0.2,0.113636,1,0.166667,0.6
0,1185,0.687817,0.405978,1.59376,0.333333,0.333333,0.2,1,0,0.7
0,1185,-0.230995,0.760257,1.27248,0.2,0.5,0.171875,1,0.333333,0.8
0,1185,-0.113659,-0.231488,-0.362765,0.25,0.125,0.103774,0,0.166667,0.9
1,1185,2.48392,-2.42589,0.118745,1,0.1,0.181818,1,0,1
1,1186,-0.483233,1.07148,-0.0120804,0.125,0.333333,0.136364,1,0.5,0.1
0,1186,0.590005,-0.505014,0.362531,0.333333,0.166667,0.047619,0,0,0.2
0,1186,-1.87693,-0.726424,-1.34641,0.1,0.125,0.0566038,0,0,0.3
0,1186,1.98352,1.35836,1.62174,1,0.5,0.0649351,1,0.333333,0.4
0,1186,-1.03794,-0.849192,-1.35153,0.111111,0.111111,0.0625,1,0.5,0.5
1,1186,0.0281217,-1.49219,-0.971799,0.166667,0.1,0.130435,0,0,0.6
0,1186,0.403553,-0.561836,-0.0360594,0.25,0.142857,0.0757576,0,0,0.7
0,1186,0.700668,1.58435,1.62174,0.5,1,0.0888889,1,0.333333,0.8
0,1186,-0.455449,0.530994,-0.0360594,0.142857,0.25,0.111111,0,0,0.9
0,1186,0.147681,-0.410522,0.147918,0.2,0.2,0.0506329,0,0,1
1,1187,-0.82617,0.572005,-0.593616,0.1,0.25,0.108696,0,0,0.1
1,1187,2.61851,0.483906,1.03041,1,0.2,0.170732,1,0,0.2
0,1187,-0.308884,1.02777,0.800451,0.2,0.5,0.114754,1,0.333333,0.3
0,1187,-0.600944,-1.82822,-1.20208,0.142857,0.1,0.0697674,0,0,0.4
0,1187,-0.644816,-1.41579,-1.21291,0.125,0.111111,0.108696,0,0,0.5
0,1187,-0.318019,-0.952229,-0.639985,0.166667,0.125,0.112903,0,0,0.6
0,1187,-0.0484455,0.194606,0.375067,0.333333,0.166667,0.101695,0,0,0.7
0,1187,0.964094,1.25896,1.67783,0.5,1,0.142857,1,0.333333,0.8
0,1187,-0.0962165,0.70947,0.786856,0.25,0.333333,0.0666667,1,0.333333,0.9
0,1187,-0.739112,-0.050479,-1.02202,0.111111,0.142857,0.0746269,0,0,1
0,1188,-0.332673,-0.212963,0.151186,0.25,0.166667,0.0659341,1,0.166667,0.1
0,1188,-0.518665,0.470215,0.169233,0.142857,0.333333,0.0897436,0,0,0.2
1,1188,-0.335658,-1.27977,-0.761465,0.2,0.1,0.107143,0,0,0.3
0,1188,-0.551985,-1.264,-1.15063,0.125,0.111111,0.159091,0,0,0.4
0,1188,2.5325,1.54867,1.59168,1,0.5,0.111111,0,0,0.5
0,1188,-0.125309,1.77286,1.38045,0.333333,1,0.0958904,0,0,0.6
0,1188,-0.729524,-0.798584,-1.32145,0.1,0.125,0.0869565,0,0.166667,0.7
1,1188,1.23959,0.21359,0.957681,0.5,0.25,0.156863,1,0.166667,0.8
0,1188,-0.515857,0.0682717,-0.0471417,0.166667,0.2,0.116667,0,0.166667,0.9
0,1188,-0.66242,-0.518296,-0.969544,0.111111,0.142857,0.109091,0,0,1
0,1189,-0.13354,0.147502,0.162831,0.25,0.166667,0.0729167,0,0,0.1
0,1189,-0.20052,0.678948,0.590345,0.2,0.333333,0.0551181,0,0,0.2
0,1189,-0.481122,0.306414,-0.0381167,0.142857,0.25,0.0603448,0,0,0.3
0,1189,-0.601148,-0.639843,-1.42864,0.111111,0.111111,0.0892857,0,0,0.4
0,1189,-0.704478,-0.0240924,-1.22819,0.1,0.142857,0.0895522,1,0,0.5
0,1189,-0.094726,0.198057,0.590345,0.333333,0.2,0.0707071,0,0,0.6
1,1189,2.86765,1.04985,1.71427,1,0.5,0.131148,0,0,0.7
0,1189,0.345809,-0.272735,0.214724,0.5,0.125,0.0689655,0,0,0.8
0,1189,-0.461036,1.11573,0.84566,0.166667,1,0.0864198,0,0,0.9
1,1189,-0.536895,-2.55983,-1.42323,0.125,0.1,0.0888889,0,0,1
0,1190,-0.400927,-0.921437,-0.901699,0.142857,0.111111,0.103448,0,0,0.1
0,1190,-0.264565,0.174713,0.503917,0.25,0.25,0.107143,0,0,0.2
0,1190,-0.190433,-0.188133,0.330912,0.333333,0.166667,0.0985915,0,0.166667,0.3
0,1190,-0.575139,-0.618106,-1.07012,0.111111,0.125,0.0833333,0,0.166667,0.4
0,1190,-0.388438,-0.00398598,-0.0438429,0.166667,0.2,0.125,0,0,0.5
1,1190,2.87095,2.30212,1.68318,1,1,0.139535,1,0,0.6
0,1190,0.463858,0.697425,1.27742,0.5,0.5,0.101449,1,0,0.7
0,1190,-0.378032,0.525025,0.509772,0.2,0.333333,0.0714286,0,0,0.8
0,1190,-0.522731,-0.389926,-0.738163,0.125,0.142857,0.0793651,0,0,0.9
1,1190,-0.614541,-1.57769,-1.55138,0.1,0.1,0.0810811,0,0,1
0,1191,-0.318282,0.190706,0.380354,0.2,0.25,0.0897436,1,1.16667,0.1
0,1191,-0.660542,-0.912025,-1.46877,0.111111,0.111111,0.208333,1,1.16667,0.2
0,1191,-0.176686,-0.88971,-0.239704,0.25,0.125,0.122807,0,0,0.3
1,1191,2.32356,2.11784,2.00398,1,1,0.175439,1,1.16667,0.4
0,1191,0.0489054,-0.356275,0.393981,0.333333,0.166667,0.166667,1,1.16667,0.5
0,1191,-0.582975,-1.29341,-1.0561,0.166667,0.1,0.0923077,1,1.16667,0.6
1,1191,1.47675,0.775369,1.28699,0.5,0.333333,0.1,1,1.16667,0.7
0,1191,-0.646131,-0.187767,-0.459308,0.125,0.2,0.153846,1,1.16667,0.8
0,1191,-0.830267,1.0728,-0.16309,0.1,0.5,0.15625,0,0,0.9
0,1191,-0.63433,-0.517526,-0.678333,0.142857,0.142857,0.107143,1,1.16667,1
0,1192,-0.87612,-1.83598,-2.03777,0.111111,0.1,0.057971,0,0,0.1
0,1192,-0.854482,0.905094,0.271334,0.125,0.5,0.0526316,1,1.16667,0.2
1,1192,2.37687,-0.728065,0.56823,1,0.125,0.153846,1,1.16667,0.3
0,1192,-0.433825,0.0319574,-0.579823,0.142857,0.166667,0.0961538,1,1.16667,0.4
0,1192,0.118819,0.877637,1.29439,0.333333,0.333333,0.0847458,1,1.16667,0.5
0,1192,-0.399688,0.253974,0.20576,0.166667,0.25,0.111111,1,1.33333,0.6
1,1192,1.24469,-0.403727,0.517792,0.5,0.142857,0.0776699,1,1.16667,0.7
0,1192,-0.87863,0.1499,-1.03633,0.1,0.2,0.0784314,1,1.33333,0.8
0,1192,-0.398978,1.78493,1.33035,0.2,1,0.104167,1,1.16667,0.9
0,1192,0.101346,-1.03572,-0.533937,0.25,0.111111,0.0877193,0,0.333333,1
0,1193,-0.178523,0.486242,0.616864,0.2,0.333333,0.195122,0,0,0.1
0,1193,-0.433308,-0.0480428,-0.269488,0.166667,0.166667,0.102564,0,0,0.2
0,1193,-0.754892,-0.377755,-1.09703,0.125,0.125,0.0963855,0,0,0.3
1,1193,0.838406,1.97994,1.55357,0.333333,1,0.153846,0,0,0.4
0,1193,0.00612029,0.773094,1.07778,0.25,0.5,0.236842,0,0,0.5
0,1193,-0.620037,0.188562,-0.039829,0.142857,0.25,0.135593,0,0,0.6
0,1193,-0.805532,-0.0675732,-1.09113,0.111111,0.142857,0.0921053,0,0,0.7
0,1193,-1.34093,-0.847363,-1.68505,0.1,0.111111,0.12766,0,0,0.8
1,1193,2.01065,-2.08388,0.0797475,1,0.1,0.0941176,0,0,0.9
0,1193,1.27804,-0.00322993,0.854577,0.5,0.2,0.128571,1,0,1
0,1194,1.5497,1.2766,2.30618,1,0.5,0.0571429,0,0,0.1
0,1194,0.830273,-0.856118,-0.0171788,0.333333,0.125,0.0606061,0,0,0.2
0,1194,-1.16394,0.821585,-0.0171788,0.125,0.333333,0.0645161,0,0,0.3
0,1194,-0.183115,-0.412755,-0.887616,0.142857,0.142857,0.0810811,0,0.166667,0.4
0,1194,-0.026321,-0.384085,-0.346953,0.166667,0.166667,0.034188,0,0,0.5
0,1194,-1.2367,-0.0775049,-0.855791,0.111111,0.2,0.0869565,1,0.5,0.6
1,1194,0.0413605,1.94697,1.4163,0.2,1,0.111111,1,0.166667,0.7
0,1194,-1.55919,0.0695025,-0.815929,0.1,0.25,0.0666667,1,0.166667,0.8
0,1194,0.996886,-1.21153,-0.213407,0.5,0.1,0.0666667,1,0.333333,0.9
1,1194,0.751057,-1.17266,-0.568434,0.25,0.111111,0.0967742,1,0.333333,1
0,1195,2.04527,-0.418027,0.611106,1,0.142857,0.0923077,1,0.166667,0.1
0,1195,-0.794879,0.328351,-0.423469,0.125,0.2,0.0430108,1,0.333333,0.2
0,1195,-0.934655,-0.944248,-1.34904,0.1,0.125,0.0684932,1,0.166667,0.3
0,1195,0.085878,1.05384,0.977676,0.25,0.5,0.145833,0,0,0.4
0,1195,-0.903993,-1.50084,-1.52855,0.111111,0.1,0.0446429,0,0,0.5
1,1195,1.27313,1.63754,1.62491,0.5,1,0.114286,1,0.166667,0.6
0,1195,-0.729564,-1.32968,-0.989787,0.142857,0.111111,0.078125,1,0.333333,0.7
0,1195,0.925321,0.382685,0.762041,0.333333,0.25,0.0540541,1,0,0.8
1,1195,-0.555606,0.921665,0.363239,0.166667,0.333333,0.102041,1,0.5,0.9
0,1195,-0.410901,-0.131293,-0.048126,0.2,0.166667,0.12766,0,0,1
0,1196,-0.272792,0.0549119,0.403916,0.25,0.2,0.185185,0,0,0.1
1,1196,2.75773,2.39698,2.12813,1,1,0.322034,0,0,0.2
0,1196,-0.555615,0.408255,0.198996,0.142857,0.333333,0.123288,0,0,0.3
0,1196,-0.567544,0.222342,-0.461319,0.111111,0.25,0.134328,0,0,0.4
0,1196,-0.538025,-1.17939,-0.920668,0.166667,0.111111,0.0978261,0,0,0.5
0,1196,-0.559628,0.547155,0.234431,0.125,0.5,0.101124,0,0,0.6
0,1196,-0.670071,-1.22237,-1.96148,0.1,0.1,0.122807,0,0,0.7
1,1196,0.576734,-0.831825,0.234431,0.5,0.125,0.121212,1,0,0.8
0,1196,0.295952,0.00257103,0.418387,0.333333,0.166667,0.2,0,0,0.9
0,1196,-0.46674,-0.398628,-0.274823,0.2,0.142857,0.114943,0,0,1
0,1197,1.38507,0.284158,1.20169,0.5,0.25,0.111111,1,0,0.1
1,1197,0.126315,-0.353755,-0.0591528,0.2,0.166667,0.108108,1,0.666667,0.2
0,1197,-1.42374,1.22948,-0.184816,0.1,0.5,0.0877193,1,0.666667,0.3
1,1197,-0.624838,-1.58874,-1.43091,0.142857,0.1,0.0416667,1,0,0.4
0,1197,1.47516,-0.478438,0.751125,1,0.142857,0.021978,0,0,0.5
0,1197,-0.892302,-1.05462,-1.4438,0.125,0.111111,0.0454545,0,0,0.6
0,1197,-1.24394,1.12157,-0.23552,0.111111,0.333333,0.078125,1,0.666667,0.7
0,1197,-0.011102,-0.653222,-0.761814,0.166667,0.125,0.102564,1,0.666667,0.8
0,1197,0.159123,-0.152468,0.431024,0.25,0.2,0.0588235,0,0,0.9
0,1197,1.05025,1.64603,1.73218,0.333333,1,0.125,1,0.666667,1
1,1198,1.46521,-1.03161,0.0377012,0.5,0.111111,0.107143,0,0,0.1
0,1198,-0.105728,0.592284,0.232633,0.2,0.2,0.132075,0,0,0.2
0,1198,0.352273,0.593709,0.86824,0.25,0.25,0.105263,0,0,0.3
0,1198,0.554594,0.0903517,0.570156,0.333333,0.166667,0.121212,0,0,0.4
0,1198,-1.00128,-0.205757,-1.55361,0.111111,0.142857,0.0925926,1,0.666667,0.5
0,1198,-1.09037,-1.01832,-2.11751,0.1,0.125,0.0588235,1,0.666667,0.6
1,1198,1.89421,-2.02966,0.113549,1,0.1,0.142857,1,0.166667,0.7
0,1198,-0.33847,1.04571,1.25819,0.166667,1,0.142857,1,0.5,0.8
0,1198,-0.962793,0.933242,-0.018999,0.125,0.333333,0.0694444,1,0.666667,0.9
0,1198,-0.767646,1.03006,0.609651,0.142857,0.5,0.075,1,0.666667,1
0,1199,-0.318956,0.297949,0.79118,0.333333,0.25,0.0625,0,0,0.1
0,1199,-0.511238,-0.213717,-0.649319,0.142857,0.142857,0.0759494,0,0,0.2
1,1199,2.55442,0.734195,1.68704,1,0.5,0.297297,0,0,0.3
0,1199,-0.554566,0.331695,-0.0125668,0.125,0.333333,0.151515,0,0,0.4
0,1199,-0.457336,0.0377016,-0.0499662,0.166667,0.2,0.0740741,0,0,0.5
0,1199,-0.40073,-1.1369,-0.626038,0.2,0.111111,0.0636364,0,0,0.6
1,1199,1.25921,2.32146,1.68704,0.5,1,0.2,1,0,0.7
0,1199,-0.583638,-0.996185,-1.21957,0.111111,0.125,0.0649351,0,0,0.8
0,1199,-0.39089,-1.23307,-0.596878,0.25,0.1,0.0645161,0,0,0.9
0,1199,-0.59627,-0.143138,-1.01093,0.1,0.166667,0.0655738,0,0,1
