y,batch,x_q_toks,x_q_chars,x_qmark,x_q_ents,x_n_cand,x_js_overlap,x_rank_corr,x_sparse_margin,x_dense_margin,x_rrf_top1_mass,x_fuse_uniq,x_mean_q_overlap,x_ks,x_kd
0,0,0.25,0.3625,1,0.833333,1,0.25,0.2,0.260156,0.0315157,0.10717,1,0.0731021,5,5
0,0,0.45,0.6375,1,0.833333,1,0.666667,0.769697,1.7337,0.00172804,0.10717,1,0.119612,5,5
1,0,0.625,0.94375,1,0.166667,1,0.25,0.393939,5.08896,0.0712569,0.10717,1,0.133289,5,5
1,0,0.325,0.49375,1,1,1,1,0.878788,0.240808,0.0109306,0.106306,1,0.128868,5,5
1,0,0.4,0.51875,1,1,1,0.25,0.187879,2.67717,0.0191397,0.106306,1,0.168224,5,5
1,0,0.45,0.49375,1,0.333333,1,0.25,0.115152,0.233487,0.0111574,0.10717,1,0.282642,5,5
1,0,0.425,0.6625,1,0.333333,1,0.428571,0.587879,1.20662,0.0717007,0.10717,1,0.11953,5,5
0,0,0.375,0.55,1,0.5,1,0.428571,0.357576,1.0745,0.0429273,0.104605,1,0.105476,5,5
1,0,0.2,0.29375,1,0.833333,1,0.428571,0.309091,0.429158,0.0349113,0.105469,1,0.071347,5,5
0,0,0.275,0.35,1,1,1,0.428571,0.587879,2.83853,0.050593,0.10717,1,0.117812,5,5
1,0,0.725,1.00625,1,0.833333,1,0.25,-0.115152,3.89049,0.134305,0.10717,1,0.189706,5,5
1,0,0.425,0.61875,1,0.833333,1,0.428571,0.539394,1.41398,0.000902842,0.105469,1,0.144862,5,5
1,0,0.55,0.775,1,1.33333,1,0.428571,0.806061,1.43691,0.0924402,0.10717,1,0.0978727,5,5
0,0,0.325,0.425,1,0.833333,1,0.666667,0.551515,0.85078,0.024582,0.10717,1,0.0678078,5,5
0,0,0.325,0.60625,1,0.833333,1,1,0.830303,0.202091,0.0296827,0.106306,1,0.161734,5,5
1,0,0.4,0.55,1,0.666667,1,1,0.769697,1.23148,0.092341,0.106306,1,0.122527,5,5
1,0,0.55,0.7875,1,0.5,1,0.666667,0.660606,8.0667,0.158992,0.106306,1,0.203472,5,5
0,0,0.225,0.38125,1,1,1,0.111111,-0.272727,0.542608,0.024523,0.103794,1,0.0703044,5,5
0,0,0.55,0.9125,1,1.16667,1,0.666667,0.515152,10.0394,0.0549786,0.10717,1,0.16442,5,5
0,0,0.275,0.43125,1,1.16667,1,0.428571,-0.030303,3.42858,0.00465647,0.104605,1,0.093672,5,5
0,0,0.5,0.7,1,1,1,0.428571,0.345455,2.4239,0.0193561,0.106306,1,0.149825,5,5
1,0,0.275,0.39375,1,0.666667,1,0.428571,0.551515,2.42417,0.0152961,0.106306,1,0.0725922,5,5
0,0,0.5,0.78125,1,0.833333,1,1,0.818182,5.49157,0.0668674,0.10717,1,0.120413,5,5
0,0,0.4,0.5875,1,1,1,0.428571,0.0666667,2.71814,0.0230906,0.106306,1,0.083648,5,5
0,0,0.375,0.4625,1,0.666667,1,0.666667,0.333333,1.89507,0.0220354,0.104658,1,0.119517,5,5
0,0,0.4,0.475,1,1,1,0.25,-0.212121,0.20438,0.0969065,0.104605,1,0.168511,5,5
0,0,0.675,1.0125,1,1.33333,1,0.25,-0.539394,1.18961,0.0252225,0.105469,1,0.276716,5,5
1,0,0.225,0.35,1,0.5,0.2,1,1,1.87242,0.0356995,0.504065,0.4,0.0628518,5,5
0,0,0.475,0.825,1,0.666667,1,0.428571,0.418182,5.27459,0.0144681,0.10717,1,0.158247,5,5
1,0,0.45,0.58125,1,1,1,0.666667,0.721212,3.00199,0.0090381,0.106306,1,0.210284,5,5
1,0,0.25,0.3375,1,1,1,0.666667,0.551515,0.995048,0.0302429,0.10717,1,0.108039,5,5
0,0,0.35,0.4875,1,0.666667,1,0.428571,0.69697,0.536915,0.0849374,0.10717,1,0.126921,5,5
0,0,0.25,0.35625,0,0.666667,1,0.428571,0.260606,2.45315,0.0509594,0.105469,1,0.0905269,5,5
1,0,0.3,0.48125,1,1,1,0.25,0.284848,0.0598643,0.0360113,0.106306,1,0.0759072,5,5
1,0,0.275,0.40625,1,0.833333,1,0.25,-0.539394,3.29535,0.0690282,0.105469,1,0.0748732,5,5
1,0,0.475,0.6875,1,0.5,1,0.666667,0.733333,3.10732,0.000667612,0.10717,1,0.147517,5,5
1,0,0.475,0.68125,1,1,1,0.25,0.10303,2.27885,0.0988782,0.10717,1,0.140396,5,5
1,0,0.425,0.64375,1,0.833333,1,0.666667,0.260606,2.99066,0.00595747,0.106306,1,0.142275,5,5
1,0,0.35,0.575,1,1.5,1,0,-0.866667,0.2761,0.00620327,0.101654,1,0.0957486,5,5
1,0,0.375,0.55625,1,0.333333,1,0.25,0.357576,3.10691,0.139867,0.10717,1,0.167719,5,5
0,0,0.4,0.625,1,1.33333,1,0.428571,0.115152,6.94393,0.038991,0.106306,1,0.113103,5,5
1,0,0.35,0.5625,1,0.5,1,0.428571,0.309091,1.23849,0.0368242,0.104658,1,0.148993,5,5
0,0,0.625,0.8625,1,0.5,1,0.666667,0.587879,10.3444,0.0201144,0.10717,1,0.190275,5,5
1,0,0.325,0.4875,1,0.666667,1,0.25,-0.393939,1.83835,0.0348189,0.106306,1,0.0759561,5,5
0,0,0.625,0.93125,1,2,1,0.25,-0.127273,8.68879,0.0492593,0.105469,1,0.124871,5,5
1,0,0.425,0.64375,1,0.666667,1,1,0.818182,0.502589,0.00158487,0.106306,1,0.229327,5,5
0,0,0.675,0.78125,1,0.5,1,0.666667,0.539394,3.60588,0.0415866,0.103873,1,0.116998,5,5
0,0,0.25,0.3625,1,0.333333,1,0.428571,0.127273,0.17367,0.00606179,0.105469,1,0.0640192,5,5
0,0,0.2,0.2875,1,0.5,1,0.666667,0.6,0.959073,0.0179703,0.106306,1,0.0699259,5,5
0,0,0.5,0.725,1,1.33333,1,0.25,-0.127273,5.15246,0.00744424,0.104658,1,0.16525,5,5
1,0,0.825,1.11875,1,0.833333,1,0.25,0.163636,0.0564393,0.00786194,0.105469,1,0.268723,5,5
1,0,0.45,0.59375,1,0.166667,1,0.428571,0.333333,0.216408,0.00126048,0.106306,1,0.152789,5,5
0,0,0.325,0.4,1,0.333333,1,0.428571,0.430303,0.790963,0.0214274,0.10717,1,0.0939671,5,5
1,0,0.475,0.575,1,0.666667,1,0.666667,0.345455,0.430915,0.00483456,0.104605,1,0.18112,5,5
0,0,0.325,0.5125,1,0.5,1,0.428571,0.29697,0.721811,0.0333632,0.105469,1,0.139004,5,5
0,0,0.7,0.98125,0,1,1,0.666667,0.793939,1.26012,0.117575,0.10717,1,0.156125,5,5
0,0,0.225,0.3375,1,0,1,0.111111,-0.50303,0.666825,0.0163893,0.103873,1,0.0923464,5,5
0,0,0.2,0.3,1,0.666667,1,0.428571,0.260606,1.29296,0.113462,0.106306,1,0.0911581,5,5
0,0,0.45,0.60625,1,0.5,1,0.428571,0.175758,1.23992,0.0288262,0.104658,1,0.20083,5,5
0,0,0.15,0.2125,1,0.5,1,0.25,-0.10303,1.77981,0.0120852,0.106306,1,0.0858944,5,5
1,0,0.8,1.08125,1,1.16667,1,0.25,-0.115152,0.163676,0.000214774,0.104605,1,0.16889,5,5
1,0,0.475,0.625,1,0.5,1,0.428571,0.672727,0.59576,0.00960723,0.10717,1,0.160486,5,5
0,0,0.225,0.3125,1,0.833333,1,0.25,0.0424242,1.72453,0.0211084,0.105442,1,0.0753222,5,5
1,0,0.45,0.59375,1,1.83333,1,0.428571,0.539394,2.96302,0.0739419,0.106306,1,0.243103,5,5
1,0,0.475,0.7375,1,0.5,1,0.428571,0.381818,4.34898,0.00067388,0.10717,1,0.116891,5,5
0,0,0.375,0.56875,1,0.833333,1,0.666667,0.6,0.705159,0.0164,0.105469,1,0.126724,5,5
0,0,0.425,0.6625,1,0.666667,1,0.428571,-0.575758,0.517481,0.00430958,0.103008,1,0.0959367,5,5
0,0,0.775,1.06875,1,0.333333,1,0,-0.769697,0.225881,0.0175718,0.102372,1,0.191985,5,5
0,0,0.35,0.44375,0,0.666667,1,0.428571,-0.0545455,0.884774,0.00323361,0.104658,1,0.110141,5,5
1,0,0.675,0.85625,1,0.5,1,0.111111,-0.648485,4.84987,0.00681598,0.103873,1,0.187955,5,5
1,0,0.675,1.0375,1,1.33333,1,0.25,0.575758,1.2461,0.115029,0.106306,1,0.27486,5,5
1,0,0.35,0.4875,0,0.5,1,0.666667,0.757576,6.81953,0.133487,0.10717,1,0.110431,5,5
1,0,0.45,0.7625,1,0.666667,1,0.666667,0.612121,3.19713,0.0119452,0.10717,1,0.133211,5,5
0,0,0.475,0.69375,1,1.16667,1,0.25,0.2,5.13469,0.0122121,0.10717,1,0.203252,5,5
0,0,0.325,0.6,1,0.666667,1,0.428571,0.151515,1.4203,0.0080325,0.10717,1,0.111046,5,5
1,0,0.375,0.5875,1,1.33333,1,0.428571,0.454545,5.44111,0.0747289,0.105469,1,0.162983,5,5
0,0,0.375,0.50625,1,0.833333,1,0.25,0.369697,3.49106,0.0015977,0.10717,1,0.125577,5,5
1,0,0.3,0.475,1,0.333333,1,0.25,-0.381818,0.715693,0.0409423,0.105469,1,0.0892257,5,5
1,0,0.25,0.4625,1,0.833333,1,0.25,0.151515,2.30591,0.0360149,0.106306,1,0.0840846,5,5
1,0,0.325,0.41875,1,0.666667,1,0.428571,0.29697,1.23783,0.0133979,0.10717,1,0.127676,5,5
1,1,0.375,0.525,1,0.833333,1,0.25,0.030303,0.168244,0.0333145,0.104658,1,0.231786,5,5
1,1,0.675,0.83125,1,1.66667,1,0.25,-0.0181818,0.036002,0.0544907,0.106306,1,0.120542,5,5
1,1,0.425,0.66875,1,0.333333,1,0.25,-0.0787879,7.63651,0.0811269,0.10717,1,0.0704918,5,5
1,1,0.575,0.91875,1,0.666667,1,0.666667,0.769697,3.07796,0.00846955,0.106306,1,0.194753,5,5
0,1,0.7,0.93125,1,1.33333,1,1,0.975758,4.11119,0.0437967,0.106306,1,0.133407,5,5
1,1,0.55,0.8625,1,0.666667,1,0.428571,0.636364,0.257804,0.01205,0.10717,1,0.157601,5,5
0,1,0.4,0.55625,1,0.5,1,0.25,0.00606061,0.42445,0.0263607,0.103794,1,0.179989,5,5
1,1,0.25,0.4125,1,1.16667,1,0.25,-0.175758,0.309592,0.047513,0.104658,1,0.115161,5,5
1,1,0.325,0.43125,1,0.5,1,0.428571,0.224242,1.08717,0.0383194,0.106306,1,0.144118,5,5
1,1,0.225,0.34375,1,0.833333,1,0.428571,0.515152,0.105227,0.0419667,0.10717,1,0.0814451,5,5
1,1,0.325,0.43125,1,0.333333,1,0.666667,0.515152,8.9329,0.0960646,0.10717,1,0.109259,5,5
0,1,0.3,0.49375,1,0.833333,1,0.25,-0.151515,1.04446,0.00464201,0.105469,1,0.176852,5,5
1,1,0.4,0.54375,1,0.5,1,0.428571,0.260606,0.696466,0.0556286,0.10717,1,0.171259,5,5
1,1,0.225,0.3375,1,0.5,1,0.25,0.151515,1.79685,0.0220102,0.10717,1,0.0866587,5,5
1,1,0.55,0.9,1,0.333333,1,0.666667,0.575758,4.497,0.030513,0.10717,1,0.202956,5,5
0,1,0.175,0.2625,1,0.333333,1,0.428571,0.6,0.0531415,0.0322688,0.10717,1,0.10191,5,5
0,1,0.35,0.475,1,0.5,1,0.666667,0.69697,0.560294,0.00273652,0.105469,1,0.105457,5,5
1,1,0.3,0.44375,1,0.833333,1,0.666667,0.733333,0.96372,0.0179497,0.10717,1,0.0772893,5,5
1,1,0.425,0.59375,1,0.5,1,0.25,-0.0787879,6.10844,0.00482243,0.105469,1,0.205704,5,5
0,1,0.225,0.2875,1,0.5,1,0.428571,0.793939,0.0767913,0.0253412,0.106306,1,0.169264,5,5
1,1,0.4,0.61875,1,0.5,1,0.428571,0.515152,3.67072,0.0866143,0.10717,1,0.104327,5,5
0,1,0.35,0.4875,1,0.5,1,0.25,-0.272727,1.46321,0.014143,0.105469,1,0.0844923,5,5
0,1,0.4,0.575,1,0.5,1,0.666667,0.648485,1.19256,0.00932259,0.106306,1,0.126128,5,5
1,1,0.45,0.68125,1,0.833333,1,0.428571,0.345455,1.31082,0.00563135,0.106306,1,0.18583,5,5
1,1,0.675,0.9125,1,2,1,1,0.963636,2.4127,0.0219748,0.106306,1,0.304159,5,5
1,1,0.325,0.46875,1,0.666667,1,1,0.890909,0.0812017,0.026042,0.106306,1,0.115538,5,5
0,1,0.375,0.4125,1,0.333333,1,0.666667,0.684848,4.85707,0.0621046,0.10717,1,0.143546,5,5
1,1,0.325,0.475,1,0.666667,1,0.25,-0.10303,3.75258,0.0649921,0.10717,1,0.0998472,5,5
1,1,0.45,0.65,1,1,1,0.428571,0.648485,3.30801,0.0177367,0.10717,1,0.119144,5,5
1,1,0.525,0.7375,1,0.833333,1,0.428571,-0.175758,3.68107,0.0063177,0.104658,1,0.15453,5,5
1,1,0.45,0.5625,1,0.833333,1,0.428571,0.466667,2.85071,0.0125622,0.106306,1,0.176654,5,5
1,1,0.3,0.425,1,0.166667,1,0.25,-0.0909091,2.85138,0.00500558,0.103873,1,0.0784441,5,5
1,1,0.525,0.6875,1,1.33333,1,0.428571,-0.0545455,2.91069,0.00656311,0.106306,1,0.205633,5,5
1,1,0.2,0.31875,1,0.833333,1,0.111111,-0.50303,2.74425,0.0235006,0.102957,1,0.0681624,5,5
1,1,0.225,0.33125,1,0.5,1,0.428571,0.466667,0.556234,0.0623398,0.106306,1,0.087517,5,5
1,1,0.3,0.525,1,0.666667,1,0.428571,0.406061,0.552475,0.0335116,0.10717,1,0.0877436,5,5
1,1,0.375,0.525,1,0.166667,1,0.428571,0.345455,0.213643,0.0544111,0.10717,1,0.149312,5,5
0,1,0.325,0.5125,1,0.5,1,0.25,-0.0424242,2.08532,0.0382853,0.104658,1,0.0707266,5,5
0,1,0.275,0.3125,1,0.666667,1,0.111111,-0.454545,0.401363,0.000577364,0.103111,1,0.119777,5,5
0,1,0.2,0.3,1,0.833333,1,0.666667,0.660606,1.33996,0.0397294,0.105469,1,0.0682102,5,5
0,1,0.225,0.31875,1,0.5,1,0.666667,0.757576,0.517256,0.0538413,0.10717,1,0.0909865,5,5
1,1,0.425,0.625,1,1,1,0.25,-0.0666667,0.314341,0.0209333,0.105469,1,0.143699,5,5
0,1,0.575,0.88125,1,0.833333,1,0.666667,0.818182,5.98281,0.0587215,0.10717,1,0.133259,5,5
1,1,0.3,0.48125,1,0.333333,1,0.428571,0.757576,6.19244,0.0440091,0.106306,1,0.0971002,5,5
1,1,0.475,0.70625,1,1.5,1,0.666667,0.793939,2.90042,0.125558,0.10717,1,0.162409,5,5
1,1,0.45,0.6,1,0.5,1,0.666667,0.745455,0.795021,0.000935193,0.105469,1,0.195794,5,5
1,1,0.775,1.11875,1,1.33333,1,0.666667,0.624242,10.463,0.131643,0.10717,1,0.154587,5,5
1,1,0.325,0.425,1,0.5,1,0.25,0.163636,3.70568,0.0286472,0.10717,1,0.114785,5,5
0,1,0.35,0.50625,1,1,1,0.666667,0.806061,1.71078,0.143926,0.10717,1,0.135935,5,5
1,1,0.375,0.5375,1,0.666667,1,0.666667,0.224242,0.937556,0.0353703,0.106306,1,0.114939,5,5
1,1,0.5,0.75,1,1.83333,1,0.428571,0.29697,8.65487,0.0168011,0.106306,1,0.185751,5,5
0,1,0.3,0.43125,1,0.666667,1,0.25,-0.151515,0.171405,0.0144394,0.10717,1,0.0980901,5,5
0,1,0.4,0.51875,1,0.666667,1,0.666667,0.418182,6.35889,0.0108499,0.10717,1,0.169451,5,5
1,1,0.35,0.55,1,0.5,1,0.25,0.00606061,0.834635,0.0142046,0.10717,1,0.0777988,5,5
1,1,0.825,1.2375,1,1.83333,1,1,0.818182,7.87198,0.056604,0.10717,1,0.213481,5,5
0,1,0.325,0.50625,1,0.333333,1,0.25,0.030303,0.0164231,0.00304056,0.10717,1,0.116179,5,5
1,1,0.375,0.65,1,1,1,0.428571,0.648485,0.97033,0.0290244,0.106306,1,0.167586,5,5
0,1,0.575,0.85625,1,1.5,1,0.666667,0.781818,0.87789,0.0488156,0.105469,1,0.121517,5,5
0,1,0.45,0.5875,1,1,1,0.25,-0.10303,3.04058,0.0286755,0.104658,1,0.135528,5,5
0,1,0.35,0.49375,1,0.833333,1,0.428571,0.284848,0.13546,0.0239632,0.106306,1,0.141092,5,5
0,1,0.225,0.4,1,0.833333,1,0.25,0.321212,1.19311,0.11498,0.10717,1,0.0995694,5,5
0,1,0.275,0.4,1,0.833333,1,0.25,0.0424242,0.196963,0.0640931,0.105469,1,0.0763861,5,5
1,1,0.225,0.3625,1,0.666667,1,0.666667,0.842424,1.5554,0.0577581,0.105469,1,0.079882,5,5
1,1,0.575,0.89375,1,0.833333,1,0.666667,0.818182,1.70827,0.0368115,0.10717,1,0.134958,5,5
1,1,0.45,0.65,1,1.16667,1,0.666667,0.939394,1.23534,0.00249005,0.10717,1,0.119722,5,5
1,1,0.25,0.30625,0,1,1,0.25,0.00606061,0.0366707,0.014147,0.104658,1,0.0835297,5,5
1,1,0.45,0.725,1,0.5,1,0.428571,0.490909,0.309653,0.077382,0.106306,1,0.108115,5,5
1,1,0.6,0.65625,1,0.5,1,0.428571,0.187879,0.852191,0.000373209,0.105469,1,0.137498,5,5
1,1,0.425,0.525,1,0.5,1,0.428571,0.187879,4.42655,0.0500349,0.105469,1,0.132915,5,5
0,1,0.65,0.85,1,1.16667,1,0.428571,0.187879,0.531742,0.0278954,0.105469,1,0.237588,5,5
0,1,0.25,0.36875,1,0.833333,1,0.666667,0.636364,3.61272,0.00187284,0.105469,1,0.09795,5,5
0,1,0.95,1.4875,1,1.33333,1,0.428571,0.321212,2.04064,0.052159,0.10717,1,0.211929,5,5
1,1,0.475,0.61875,1,0.333333,1,0.666667,0.515152,0.569863,0.10511,0.10717,1,0.146792,5,5
1,1,0.6,0.75,1,1,1,0.666667,0.478788,1.14616,0.216455,0.106306,1,0.129925,5,5
0,1,0.15,0.3,1,0.5,1,0.25,0.00606061,0.44088,0.0226526,0.105469,1,0.0832548,5,5
0,1,0.45,0.5875,1,0.333333,1,0.428571,0.684848,6.68959,0.0542432,0.10717,1,0.138117,5,5
0,1,0.45,0.60625,1,1,1,0.25,-0.369697,3.56134,0.001325,0.105469,1,0.132185,5,5
1,1,0.3,0.475,1,1.16667,1,0.25,-0.030303,1.1507,0.0522023,0.106306,1,0.14698,5,5
0,1,0.425,0.575,1,0.666667,1,0.25,0.187879,1.83134,0.0274002,0.10717,1,0.119572,5,5
0,1,0.575,0.7125,1,1.16667,1,0.428571,0.515152,11.4739,0.233999,0.10717,1,0.150358,5,5
1,2,0.825,1.225,1,1.16667,1,0.428571,0.563636,9.00813,0.111101,0.10717,1,0.2311,5,5
1,2,0.425,0.56875,1,1,1,0.25,-0.321212,3.70941,0.0648521,0.106306,1,0.115222,5,5
0,2,0.35,0.49375,1,1.16667,1,0.428571,0.418182,0.767685,0.00398743,0.106306,1,0.121658,5,5
0,2,0.275,0.48125,1,1,1,0.25,0.163636,0.494227,0.0637175,0.106306,1,0.107535,5,5
0,2,0.225,0.2875,1,0.5,1,0.25,0.187879,1.44079,0.00778591,0.104658,1,0.0636006,5,5
0,2,0.825,1.05625,1,1.33333,1,0.666667,0.745455,1.18675,0.0289761,0.105442,1,0.169927,5,5
0,2,0.2,0.3,0,0.666667,1,0.428571,0.624242,0.818408,0.0384079,0.10717,1,0.0360444,5,5
1,2,0.5,0.75,1,2.16667,1,0.428571,-0.0545455,3.21481,0.12841,0.10717,1,0.214366,5,5
1,2,0.375,0.68125,1,0.666667,1,0.666667,0.539394,1.05664,0.0796585,0.10717,1,0.149592,5,5
0,2,0.45,0.63125,1,0.666667,1,0.666667,0.793939,0.12591,0.0628715,0.10717,1,0.106828,5,5
1,2,0.425,0.54375,1,0.5,1,0.428571,0.478788,0.548495,0.00691403,0.105469,1,0.114677,5,5
1,2,0.45,0.61875,1,0.666667,1,0.428571,-0.127273,0.750675,0.0907327,0.104605,1,0.156473,5,5
1,2,0.45,0.53125,1,0.5,1,0.666667,0.745455,3.01314,0.00999247,0.105469,1,0.187277,5,5
1,2,0.45,0.7,1,1.33333,1,0.666667,0.684848,3.95949,0.0988444,0.10717,1,0.161521,5,5
1,2,0.675,0.8875,1,1.83333,1,0.666667,0.284848,0.104218,0.0245415,0.103873,1,0.36037,5,5
1,2,0.225,0.3125,1,0.666667,1,0.428571,0.284848,4.09981,0.104582,0.106306,1,0.0965345,5,5
1,2,0.5,0.7,1,0.833333,1,0.666667,0.648485,3.94081,0.00910775,0.106306,1,0.145263,5,5
0,2,0.55,0.85,1,0.833333,1,0.666667,0.587879,4.90543,0.0287847,0.10717,1,0.119687,5,5
0,2,0.375,0.45,0,0.666667,1,0.428571,0.0666667,0.0821844,0.0298143,0.104605,1,0.189282,5,5
1,2,0.3,0.4375,1,1,1,0.25,0.50303,0.519988,0.0664705,0.106306,1,0.114083,5,5
0,2,0.325,0.4875,1,0.5,1,0.666667,0.660606,0.314427,0.0438346,0.104658,1,0.102209,5,5
0,2,0.425,0.59375,1,0.666667,1,0.428571,0.624242,0.545172,0.0440336,0.10717,1,0.142133,5,5
1,2,0.4,0.6,1,1.33333,1,0.428571,0.333333,2.52694,0.0281629,0.10717,1,0.0722317,5,5
0,2,0.475,0.73125,1,1.66667,1,0.666667,0.224242,2.02734,0.0400915,0.105469,1,0.144556,5,5
0,2,0.525,0.66875,1,0.833333,1,0.428571,0.115152,0.0567729,0.0689006,0.103873,1,0.141532,5,5
1,2,0.95,1.50625,1,1,1,0.666667,0.612121,0.00242787,0.0132921,0.10717,1,0.317753,5,5
1,2,0.625,0.95,1,1.33333,1,0.25,-0.139394,4.07385,0.0468437,0.105469,1,0.110642,5,5
1,2,0.525,0.775,1,1,1,1,0.90303,7.46798,0.222306,0.10717,1,0.19091,5,5
1,2,0.375,0.6,1,1.33333,1,0.666667,0.793939,3.58773,0.110323,0.10717,1,0.126788,5,5
1,2,0.425,0.53125,1,0.666667,1,0.666667,0.563636,2.61966,0.0151794,0.10717,1,0.127312,5,5
1,2,0.425,0.6,1,0.666667,1,0.428571,0.2,0.440792,0.0311903,0.10717,1,0.116942,5,5
1,2,0.6,0.85,1,2,1,0.25,-0.175758,21.6616,0.302425,0.10717,1,0.145568,5,5
0,2,0.35,0.5125,1,0.5,1,0.428571,0.733333,2.02335,0.0724753,0.10717,1,0.105245,5,5
1,2,0.55,0.93125,1,0.666667,1,0.666667,0.248485,6.05531,0.0268974,0.105469,1,0.176571,5,5
0,2,0.55,0.73125,1,0.5,1,0.428571,0.321212,5.95093,0.0882271,0.10717,1,0.115394,5,5
1,2,0.4,0.55625,1,1.5,1,0.111111,-0.212121,3.58743,0.0324387,0.103794,1,0.0808622,5,5
0,2,0.4,0.60625,1,1.16667,1,0.666667,0.660606,0.0572216,0.00455559,0.10717,1,0.138112,5,5
0,2,0.25,0.46875,1,0.333333,1,0.25,-0.0666667,0.62862,0.0395401,0.103873,1,0.132561,5,5
0,2,0.425,0.54375,1,0.5,1,0.666667,0.69697,1.45042,0.0286652,0.105469,1,0.0684807,5,5
0,2,0.4,0.61875,1,0.166667,1,0.111111,-0.769697,0.720733,0.0505529,0.102147,1,0.0768931,5,5
1,2,0.4,0.61875,1,0.5,1,0.25,0.0424242,0.951375,0.0276288,0.106306,1,0.130267,5,5
1,2,0.325,0.5125,1,0.833333,1,0.666667,0.187879,6.08499,0.0474867,0.104658,1,0.162989,5,5
0,2,0.35,0.6125,1,0.5,1,0.25,0.0666667,1.52378,0.106729,0.10717,1,0.265439,5,5
1,2,0.6,0.94375,1,1.83333,1,0.25,0.29697,2.67285,0.101258,0.10717,1,0.118131,5,5
0,2,0.275,0.425,1,0.833333,1,0.25,-0.2,0.12008,0.0666468,0.103873,1,0.063829,5,5
0,2,0.325,0.4125,1,0.5,1,0.428571,-0.00606061,1.57786,0.0426745,0.106306,1,0.134828,5,5
0,2,0.275,0.35,1,1.16667,1,0.25,0.0909091,4.21001,0.133921,0.10717,1,0.0999561,5,5
0,2,0.325,0.475,1,1,1,0.666667,0.854545,0.887968,0.0933732,0.10717,1,0.162723,5,5
1,2,0.325,0.5375,1,1,1,0.428571,0.551515,0.881874,0.0631332,0.106306,1,0.0704561,5,5
1,2,0.625,0.8625,1,1.16667,1,0.428571,0.0787879,0.00178645,0.0216962,0.106306,1,0.150626,5,5
1,2,0.4,0.58125,1,0.5,1,0.428571,0.418182,1.04071,0.0792936,0.106306,1,0.133456,5,5
1,2,0.525,0.7,1,1,1,0.428571,0.575758,2.21502,0.00157932,0.10717,1,0.11685,5,5
0,2,0.3,0.48125,1,1.16667,1,0.428571,0.163636,1.98191,0.0549835,0.105442,1,0.119246,5,5
1,2,0.55,0.73125,1,1.16667,1,0.428571,-0.0181818,2.14497,0.0606802,0.105442,1,0.172475,5,5
0,2,0.25,0.3625,1,1,1,0.428571,0.139394,2.92924,0.0129885,0.105442,1,0.0812026,5,5
1,2,0.375,0.54375,1,0.5,1,0.428571,-0.0666667,0.311412,0.00839081,0.106306,1,0.148106,5,5
0,2,0.375,0.5,1,0.333333,1,0.25,-0.212121,8.06563,0.0457474,0.104658,1,0.112157,5,5
1,2,0.475,0.65,1,0.833333,1,0.428571,0.842424,10.3991,0.296606,0.10717,1,0.219109,5,5
1,2,0.35,0.50625,1,0.5,1,0.25,-0.260606,5.623,0.0382719,0.106306,1,0.131369,5,5
1,2,0.425,0.725,1,0.666667,1,0.25,-0.260606,1.76952,0.0414603,0.104605,1,0.165964,5,5
1,2,0.3,0.5625,1,1,1,0.428571,0.393939,3.81658,0.00473266,0.10717,1,0.139105,5,5
0,2,0.325,0.50625,1,0.666667,1,0.428571,-0.0787879,1.23584,0.0199001,0.105469,1,0.150612,5,5
1,2,0.275,0.40625,1,0.666667,0.5,1,0.1,1.00453,0.0281637,0.203176,1,0.179534,5,5
1,2,0.7,1.1,1,0.666667,1,0.666667,0.709091,5.73464,0.0387476,0.10717,1,0.17124,5,5
1,2,0.375,0.51875,1,0.833333,1,0.428571,0.430303,0.355358,0.0869336,0.106306,1,0.17403,5,5
0,2,0.725,1.0125,1,1,1,0.428571,0.29697,1.06483,0.0367809,0.105469,1,0.124362,5,5
0,2,0.275,0.35,1,1,1,0.428571,0.563636,0.290553,0.0617361,0.105469,1,0.0924034,5,5
1,2,0.4,0.6,1,1,1,0.666667,0.309091,1.3673,0.00248939,0.106306,1,0.145828,5,5
1,2,0.475,0.68125,1,1,1,0.666667,0.563636,8.15464,0.0927318,0.10717,1,0.121662,5,5
1,2,0.35,0.49375,1,0.5,1,0.25,-0.575758,1.23183,0.00929965,0.102372,1,0.125159,5,5
0,2,0.4,0.6375,1,0.833333,1,0.428571,0.672727,0.949544,0.0697762,0.10717,1,0.160366,5,5
1,2,0.375,0.61875,1,0.5,1,0.428571,0.393939,1.56862,0.0598305,0.10717,1,0.133135,5,5
0,2,0.775,1.05625,1,1.16667,1,0.666667,0.90303,10.0205,0.139473,0.10717,1,0.265203,5,5
1,2,0.35,0.51875,1,1.33333,1,0.25,-0.236364,1.49237,0.000721627,0.105442,1,0.114263,5,5
0,2,0.35,0.5,1,0.666667,1,0.428571,0.0666667,2.33611,0.0906836,0.10717,1,0.092318,5,5
1,2,0.475,0.65,1,1.16667,1,0.666667,0.6,2.09077,0.0223006,0.105469,1,0.15088,5,5
0,2,0.65,0.9125,1,0.666667,1,0.428571,0.878788,5.76904,0.00599791,0.106306,1,0.164101,5,5
1,2,0.8,1.1,1,0,1,0.666667,0.709091,5.87682,0.151865,0.10717,1,0.118086,5,5
0,2,0.6,0.8375,1,1,1,0.111111,-0.539394,0.869152,0.00255037,0.103794,1,0.150753,5,5
1,2,0.2,0.33125,1,0.5,0.2,1,1,0.0530665,0.0135498,0.504065,0.4,0.0737564,5,5
0,3,0.6,0.8125,1,0.166667,1,0.666667,0.636364,4.63472,0.0130806,0.10717,1,0.135573,5,5
1,3,0.425,0.63125,1,0.333333,1,0.666667,0.660606,3.68367,0.0134967,0.10717,1,0.136514,5,5
1,3,0.5,0.8625,1,1.33333,1,0.25,-0.721212,4.0608,0.0395333,0.103008,1,0.181173,5,5
1,3,0.45,0.625,1,0.5,1,0.666667,0.515152,1.43811,0.0292022,0.10717,1,0.136615,5,5
0,3,0.2,0.31875,1,0.5,1,0.428571,0.151515,1.58067,0.0888748,0.105469,1,0.0462902,5,5
0,3,0.475,0.56875,1,1,1,0.428571,0.636364,5.96213,0.14455,0.10717,1,0.204933,5,5
1,3,0.475,0.60625,1,1,1,0.111111,-0.575758,1.03908,0.0194157,0.103111,1,0.112414,5,5
0,3,0.2,0.29375,1,0.5,1,0.428571,0.454545,0.0782007,0.00713079,0.106306,1,0.112206,5,5
0,3,0.3,0.475,1,1.16667,1,0.666667,0.963636,4.23137,0.109887,0.10717,1,0.0602115,5,5
1,3,0.675,0.975,1,1.33333,1,0.428571,0.733333,6.24774,0.0923379,0.10717,1,0.141606,5,5
1,3,0.475,0.6125,1,1.16667,1,0.25,-0.212121,1.5365,0.00284994,0.104605,1,0.11709,5,5
1,3,0.175,0.26875,1,0.833333,1,0.428571,0.757576,0.449923,0.0652414,0.10717,1,0.118778,5,5
1,3,0.475,0.76875,1,1.16667,1,0.666667,0.418182,4.83867,0.0463364,0.106306,1,0.124894,5,5
1,3,0.275,0.43125,1,0.833333,1,0.666667,0.551515,0.574493,0.0150542,0.105469,1,0.0804564,5,5
1,3,0.55,0.75625,1,1,1,0.666667,0.830303,3.07614,0.0464616,0.10717,1,0.173674,5,5
1,3,0.425,0.575,1,0.333333,1,0.25,-0.236364,4.18321,0.0175307,0.103794,1,0.123964,5,5
1,3,0.425,0.5375,1,0.833333,1,0.428571,-0.151515,1.53479,0.0930529,0.103873,1,0.206739,5,5
1,3,0.65,1.0125,1,0.833333,1,0.666667,0.90303,12.2322,0.262663,0.10717,1,0.218124,5,5
1,3,0.45,0.7,1,0.5,1,0.25,0.236364,0.66505,0.00708127,0.105469,1,0.169437,5,5
1,3,0.2,0.35625,1,0.666667,1,0.428571,0.369697,1.4257,0.213938,0.10717,1,0.098435,5,5
0,3,0.425,0.60625,1,0.333333,1,0.428571,0.224242,2.10946,0.0470432,0.10717,1,0.118908,5,5
1,3,0.475,0.725,1,0.666667,1,0.666667,0.6,4.70074,0.128359,0.10717,1,0.182706,5,5
0,3,0.275,0.425,1,1.16667,1,0.111111,-0.660606,2.64834,0.0562714,0.102957,1,0.0817012,5,5
1,3,0.7,1.10625,1,0.666667,1,0.428571,0.587879,2.84573,0.0345421,0.10717,1,0.191877,5,5
0,3,0.575,0.76875,1,1,1,0.428571,0.357576,3.56854,0.0589485,0.106306,1,0.110913,5,5
0,3,0.225,0.33125,1,0.333333,1,0.428571,0.0909091,0.166357,0.00390239,0.104658,1,0.0979344,5,5
0,3,0.675,0.975,1,1.16667,1,0.428571,0.345455,1.30072,0.0601663,0.10717,1,0.192678,5,5
0,3,0.4,0.59375,1,0.5,1,0.428571,0.393939,6.54436,0.0330197,0.10717,1,0.12696,5,5
1,3,0.6,0.88125,1,0.833333,1,0.666667,0.69697,1.21976,0.0338622,0.106306,1,0.221795,5,5
1,3,0.35,0.55625,1,1,1,0.428571,0.466667,5.0884,0.0710011,0.10717,1,0.189169,5,5
0,3,0.425,0.625,1,1.33333,1,0.428571,0.272727,3.41687,0.067588,0.10717,1,0.192375,5,5
1,3,0.225,0.3875,1,0.5,1,0.25,-0.10303,0.209906,0.0500721,0.104658,1,0.0548594,5,5
0,3,0.5,0.625,1,0.333333,1,0.25,0.381818,0.049951,0.0099271,0.10717,1,0.182157,5,5
1,3,0.425,0.58125,1,0.666667,1,0.666667,0.6,0.387114,0.0200641,0.10717,1,0.113111,5,5
1,3,0.775,1.00625,1,0.833333,1,0.428571,0.466667,4.09252,0.0346046,0.10717,1,0.197934,5,5
1,3,0.475,0.7625,1,0.833333,1,0.428571,0.660606,2.62407,0.0322271,0.106306,1,0.114078,5,5
1,3,0.2,0.34375,1,0.666667,0.2,1,1,0.653271,0.0255126,0.504065,0.4,0.0663636,5,5
1,3,0.45,0.6,1,0.666667,1,0.25,0.0787879,5.27094,0.00167786,0.105442,1,0.193167,5,5
1,3,0.45,0.69375,1,0.833333,1,0.666667,0.733333,3.40116,0.0433721,0.10717,1,0.113512,5,5
0,3,0.25,0.35625,1,0.5,1,0.666667,0.830303,1.71317,0.00792119,0.106306,1,0.0722967,5,5
0,3,0.35,0.50625,1,0.666667,1,0.666667,0.684848,0.18228,0.0174019,0.105469,1,0.0912633,5,5
1,3,0.475,0.7875,1,1,1,0.666667,0.672727,1.15061,0.188803,0.106306,1,0.187936,5,5
1,3,0.625,0.74375,1,0.833333,1,0.25,0.357576,0.613858,0.0214301,0.10717,1,0.145978,5,5
1,3,0.325,0.4625,1,1,1,0.25,0.127273,0.0649192,0.00830839,0.106306,1,0.0942224,5,5
0,3,0.4,0.43125,1,0.5,1,0.25,0.163636,10.671,0.0616781,0.106306,1,0.161166,5,5
1,3,0.2,0.2875,1,0.833333,1,0.666667,0.745455,0.507259,0.062254,0.10717,1,0.0840337,5,5
0,3,0.375,0.54375,1,0.666667,1,0.666667,0.466667,1.72081,0.0263901,0.106306,1,0.0943403,5,5
0,3,0.425,0.61875,1,0.833333,1,0.428571,0.442424,0.405114,0.0940649,0.106306,1,0.11178,5,5
1,3,0.3,0.43125,1,0.666667,1,0.25,0.127273,2.97456,0.0463752,0.106306,1,0.0979284,5,5
1,3,0.4,0.5,0,1.16667,1,0.428571,0.660606,6.98976,0.153571,0.10717,1,0.142579,5,5
1,3,0.375,0.5375,1,0.666667,1,0.25,0.139394,3.84179,0.0391662,0.10717,1,0.120225,5,5
1,3,0.6,0.925,1,0.833333,1,0.428571,0.2,5.26743,0.0128926,0.103794,1,0.152815,5,5
0,3,0.35,0.54375,1,0.833333,1,0.428571,-0.10303,0.134357,0.0541106,0.104658,1,0.10856,5,5
1,3,0.625,0.8875,1,1.5,1,0.666667,0.951515,7.46224,0.0526479,0.10717,1,0.177694,5,5
0,3,0.425,0.60625,1,1.16667,1,0.428571,0.381818,8.82473,0.111738,0.10717,1,0.0950881,5,5
1,3,0.55,0.7375,1,0.666667,1,0.428571,0.454545,4.04619,0.026052,0.104605,1,0.131842,5,5
1,3,0.55,0.7125,1,0.666667,1,0.666667,0.636364,1.15267,0.018012,0.106306,1,0.184054,5,5
0,3,0.575,0.85,1,0.833333,1,1,0.915152,4.52233,0.0847157,0.10717,1,0.122475,5,5
0,3,0.725,0.95,1,0.833333,1,0.25,0.151515,2.78373,0.0663756,0.106306,1,0.147662,5,5
1,3,0.325,0.4375,1,0.666667,1,0.25,0.0545455,0.673263,0.0114614,0.104605,1,0.0706801,5,5
0,3,0.3,0.4625,1,0.333333,1,0.428571,-0.0909091,0.321354,0.000557683,0.104605,1,0.0981001,5,5
0,3,0.4,0.5625,1,0.666667,1,0.428571,0.115152,0.0660682,0.00346486,0.105442,1,0.10522,5,5
0,3,0.375,0.51875,1,0.833333,1,0.25,-0.139394,0.420427,0.00803432,0.102957,1,0.136004,5,5
0,3,0.35,0.48125,1,0.833333,1,0.666667,0.672727,2.35907,0.0442759,0.10717,1,0.139476,5,5
1,3,0.275,0.50625,1,1,1,0.666667,0.69697,6.89793,0.0174467,0.106306,1,0.080051,5,5
0,3,0.35,0.475,1,0.333333,1,0.25,-0.0787879,2.42064,0.00772099,0.10717,1,0.11898,5,5
0,3,0.225,0.31875,1,0.666667,1,0.666667,0.854545,0.203053,0.0562379,0.106306,1,0.0930378,5,5
1,3,0.65,0.90625,1,0.5,1,0.428571,0.442424,5.55904,0.0969844,0.106306,1,0.126048,5,5
1,3,0.35,0.49375,1,0.666667,1,0.666667,0.660606,1.2397,0.0998455,0.10717,1,0.120574,5,5
1,3,0.25,0.4,1,1.16667,1,0.428571,0.430303,2.04408,0.113977,0.106306,1,0.0872685,5,5
0,3,0.525,0.7125,1,1,1,0.428571,-0.10303,2.00474,0.0035235,0.104658,1,0.143176,5,5
1,3,0.275,0.43125,1,0.833333,1,0.25,0.284848,1.0005,0.0246265,0.105469,1,0.0706105,5,5
0,3,0.25,0.4,1,0.666667,1,0.428571,0.127273,1.0189,0.0282675,0.105469,1,0.11353,5,5
1,3,0.225,0.275,1,0.833333,1,0.428571,0.163636,2.42695,0.00726624,0.106306,1,0.0730132,5,5
1,3,0.75,0.85,1,0.833333,1,0.428571,0.551515,3.70757,0.0451433,0.10717,1,0.129466,5,5
0,3,0.25,0.3,1,0.166667,1,0.666667,0.6,6.7029,0.0465354,0.105469,1,0.167593,5,5
1,3,0.35,0.55625,1,0.666667,1,1,0.866667,2.73704,0.0872875,0.10717,1,0.170701,5,5
1,3,0.375,0.5875,1,0.666667,1,0.428571,0.381818,0.863447,0.0622979,0.10717,1,0.122467,5,5
0,3,0.275,0.4625,1,1.16667,1,0.428571,0.878788,0.621458,0.0632588,0.10717,1,0.113177,5,5
1,3,0.475,0.675,1,1.33333,1,0.666667,0.648485,1.72784,0.0683951,0.106306,1,0.146015,5,5
1,4,0.225,0.28125,1,0.666667,1,0.25,-0.0545455,2.16158,0.0375776,0.106306,1,0.0629034,5,5
0,4,0.45,0.7,1,0.5,1,0.25,0.030303,7.97808,0.135555,0.106306,1,0.142327,5,5
0,4,0.375,0.48125,1,0.333333,1,0.428571,0.030303,0.389318,0.0204921,0.104658,1,0.14041,5,5
1,4,0.375,0.4875,1,0.5,1,0.111111,-0.721212,0.898899,0.0313358,0.104658,1,0.119372,5,5
0,4,0.75,1.10625,0,1,1,0.111111,-0.781818,4.14369,0.0105997,0.10141,1,0.116249,5,5
0,4,0.225,0.375,1,0.666667,1,0.111111,-0.672727,2.53931,0.00213567,0.102372,1,0.0750239,5,5
1,4,0.4,0.625,1,0.833333,1,0.25,-0.333333,0.984537,0.0116947,0.106306,1,0.0943209,5,5
0,4,0.4,0.54375,1,1.16667,1,0.25,0.175758,0.915992,0.0227612,0.106306,1,0.111433,5,5
0,4,0.3,0.50625,1,0.833333,1,0.111111,-0.721212,1.50602,0.00242793,0.102247,1,0.0826237,5,5
0,4,0.35,0.51875,1,0.666667,1,0.25,-0.624242,2.23765,0.0136318,0.102372,1,0.086585,5,5
0,4,0.2,0.2375,1,0.333333,1,0.25,-0.163636,0.36674,0.0136674,0.106306,1,0.0900356,5,5
1,4,0.525,0.76875,1,0.666667,1,0.25,-0.345455,5.40963,0.0379412,0.106306,1,0.189565,5,5
0,4,0.4,0.55,1,0.333333,1,0.111111,-0.684848,1.39079,0.055174,0.103873,1,0.0874546,5,5
0,4,0.425,0.6125,1,0.666667,1,0.25,-0.187879,0.498936,0.0196046,0.105469,1,0.0978573,5,5
1,4,0.3,0.4,1,0.833333,1,0.25,-0.0545455,0.523454,0.0224418,0.10717,1,0.085704,5,5
0,4,0.4,0.5375,1,0.833333,1,0.111111,-0.6,6.21859,0.0149639,0.104658,1,0.0882464,5,5
0,4,0.3,0.44375,1,0.833333,1,0.25,-0.2,3.42998,0.01696,0.105469,1,0.0654989,5,5
0,4,0.25,0.375,1,1.16667,1,0.428571,0.357576,1.22696,0.0303179,0.105469,1,0.0574566,5,5
1,4,0.325,0.45625,1,0.5,1,0.25,-0.721212,1.59367,0.0125169,0.102172,1,0.164811,5,5
0,4,0.375,0.59375,1,1,1,0.25,-0.29697,1.57714,0.0689393,0.106306,1,0.111606,5,5
1,4,0.375,0.45625,1,0.666667,1,0.428571,-0.369697,6.00155,0.181787,0.103873,1,0.0987082,5,5
0,4,0.35,0.575,1,1,1,0.111111,-0.830303,0.169838,0.0203162,0.103008,1,0.151489,5,5
0,4,0.375,0.5375,1,1,1,0,-0.69697,4.10704,0.00979296,0.102372,1,0.137666,5,5
0,4,0.4,0.58125,1,1,1,0.25,-0.50303,0.664538,0.105723,0.104658,1,0.0687831,5,5
0,4,0.425,0.60625,1,0.833333,1,0.25,-0.369697,8.26373,0.0122498,0.104658,1,0.124585,5,5
1,4,0.375,0.45625,1,0,1,0.25,0.333333,2.43828,0.00154101,0.105442,1,0.105107,5,5
0,4,0.675,0.95,1,1.33333,1,0.111111,-0.769697,6.12362,0.00708133,0.101654,1,0.179355,5,5
0,4,0.35,0.4875,1,0.5,1,0.111111,-0.539394,3.20369,0.0517947,0.104658,1,0.149517,5,5
0,4,0.225,0.325,1,0.166667,1,0.111111,-0.50303,1.10135,0.0630344,0.102247,1,0.0900431,5,5
0,4,0.525,0.9125,1,0.5,1,0.25,-0.563636,3.98497,0.0358361,0.104658,1,0.0836558,5,5
1,4,0.475,0.65625,1,0.5,1,0.25,-0.575758,4.65555,0.111961,0.103008,1,0.25078,5,5
0,4,0.3,0.41875,1,0.666667,1,0.25,0.0666667,0.248121,0.0420552,0.10717,1,0.0792513,5,5
0,4,0.275,0.4875,1,1.16667,1,0.111111,-0.187879,0.348218,0.0394852,0.103111,1,0.104771,5,5
0,4,0.425,0.66875,1,0.333333,1,0.428571,-0.115152,5.62715,0.0287237,0.104605,1,0.102941,5,5
1,4,0.275,0.39375,1,0.833333,1,0.111111,-0.515152,3.72115,0.0634779,0.105469,1,0.109031,5,5
1,4,0.2,0.3,1,0.5,1,0.25,-0.115152,0.50643,0.0045939,0.106306,1,0.0893981,5,5
1,4,0.45,0.65625,1,0.5,1,0.25,-0.490909,3.12,0.0713982,0.103794,1,0.117742,5,5
0,4,0.525,0.775,1,0.666667,1,0.25,-0.333333,4.30255,0.00820214,0.105469,1,0.118521,5,5
1,4,0.65,0.94375,1,1,1,0.25,-0.418182,6.36546,0.0106119,0.103873,1,0.123064,5,5
1,4,0.425,0.60625,1,0.5,1,0.25,-0.0545455,1.03644,0.0866207,0.10717,1,0.113984,5,5
0,4,0.4,0.65,1,0.5,1,0.25,-0.418182,1.05312,0.00198916,0.105469,1,0.1115,5,5
1,4,0.275,0.3625,1,0.5,1,0.428571,-0.345455,1.56302,0.0394707,0.103794,1,0.0758135,5,5
1,4,0.425,0.575,1,0.666667,1,0.25,-0.0545455,7.683,0.0146354,0.103111,1,0.126379,5,5
1,4,0.325,0.39375,1,0.5,1,0.111111,-0.769697,1.29811,0.0151696,0.102247,1,0.0732366,5,5
0,4,0.375,0.58125,1,0.666667,1,0.111111,-0.309091,1.21094,0.0327551,0.104658,1,0.101181,5,5
0,4,0.325,0.48125,1,0.666667,1,0.666667,0.660606,1.51261,0.00893855,0.106306,1,0.11772,5,5
1,4,0.575,0.85625,1,0.833333,1,0.111111,-0.721212,0.616133,0.011536,0.103008,1,0.18349,5,5
1,4,0.375,0.54375,1,1,1,0.428571,0.248485,3.54281,0.0257627,0.10717,1,0.0941093,5,5
1,4,0.675,1.03125,1,0.833333,1,0.428571,-0.115152,25.7432,0.108339,0.104605,1,0.168677,5,5
0,4,0.25,0.4,1,0.5,1,0.428571,-0.212121,4.96934,0.0639293,0.104605,1,0.107331,5,5
0,4,0.3,0.39375,1,0.666667,1,0.428571,-0.163636,0.422092,0.0946439,0.104658,1,0.0780283,5,5
1,4,0.325,0.49375,1,1,1,0.666667,0.69697,4.0368,0.0304278,0.10717,1,0.0906894,5,5
0,4,0.6,0.76875,1,1.16667,1,0,-0.90303,11.711,0.015404,0.101507,1,0.160729,5,5
0,4,0.3,0.4375,1,0.333333,1,0.25,-0.163636,3.62625,0.0388701,0.103873,1,0.0904304,5,5
0,4,0.325,0.4875,1,0.666667,1,0.428571,0.224242,1.71635,0.051137,0.106306,1,0.0978084,5,5
0,4,0.5,0.625,1,0.666667,1,0.25,-0.29697,3.75031,0.00320403,0.106306,1,0.106793,5,5
1,4,0.4,0.625,1,0.5,1,0.428571,0.393939,1.33642,0.00597232,0.10717,1,0.100159,5,5
0,4,0.3,0.55625,1,0.333333,1,0.25,-0.321212,0.489297,0.0269183,0.103794,1,0.0706138,5,5
0,4,0.4,0.58125,1,0.833333,1,0.111111,-0.745455,5.87632,0.0119539,0.102247,1,0.0765302,5,5
1,4,0.4,0.64375,1,1,1,0.111111,-0.624242,3.79023,0.0536725,0.104605,1,0.101905,5,5
0,4,0.325,0.4125,1,0.666667,1,0.111111,-0.587879,2.30547,0.0316525,0.103111,1,0.0866231,5,5
1,4,0.45,0.5625,1,1.5,1,0.111111,-0.90303,4.03883,0.122702,0.102372,1,0.185567,5,5
1,4,0.525,0.7375,1,0.833333,1,0.25,-0.418182,11.1198,0.0086388,0.104658,1,0.132429,5,5
1,4,0.4,0.59375,1,0.666667,1,0.428571,0.187879,3.29895,0.0295383,0.104658,1,0.112405,5,5
0,4,0.425,0.625,1,1.5,1,0.428571,-0.0545455,4.90052,0.0188403,0.105469,1,0.126506,5,5
0,4,0.7,0.89375,1,1.16667,1,0.25,-0.672727,4.65101,0.0475565,0.10141,1,0.124153,5,5
0,4,0.375,0.54375,1,0.5,1,0.25,0.0666667,0.727338,0.016749,0.106306,1,0.0781736,5,5
1,4,0.4,0.45625,1,0.5,1,0.428571,-0.0787879,3.44691,0.0573472,0.104658,1,0.177857,5,5
0,4,0.5,0.65625,1,0.666667,1,0.25,-0.29697,0.554629,0.0597426,0.105469,1,0.12663,5,5
1,4,0.45,0.61875,1,1.16667,1,0.25,-0.660606,6.51753,0.0128698,0.103873,1,0.105057,5,5
0,4,0.225,0.3,1,0.666667,1,0.111111,-0.636364,0.226436,0.000966687,0.102372,1,0.061509,5,5
0,4,0.45,0.64375,1,1.5,1,0.25,-0.466667,0.517964,0.0113962,0.104658,1,0.107129,5,5
0,4,0.425,0.575,1,0.5,1,0.428571,0.151515,4.15342,0.0396333,0.104605,1,0.0926572,5,5
1,4,0.25,0.375,1,0.666667,1,0.25,0.151515,1.70222,0.0857347,0.105442,1,0.111138,5,5
0,4,0.35,0.5125,1,0.666667,1,0.25,-0.139394,0.241732,0.0668028,0.106306,1,0.106203,5,5
0,4,0.375,0.6375,1,1.16667,1,0.25,-0.527273,0.301084,0.111198,0.103873,1,0.085186,5,5
0,4,0.525,0.775,1,1,1,0,-0.793939,3.95522,0.0101517,0.102372,1,0.184931,5,5
1,4,0.325,0.48125,1,0.833333,1,0.428571,-0.0666667,2.36983,0.0221879,0.103794,1,0.0884495,5,5
0,4,0.5,0.75625,1,0.166667,1,0.25,0.030303,3.94744,0.0128995,0.105442,1,0.133408,5,5
1,4,0.425,0.65,1,0.5,1,0.25,-0.175758,2.18217,0.0153352,0.104658,1,0.113218,5,5
0,5,0.55,0.9,1,1.5,1,0.428571,-0.236364,11.8707,0.0132357,0.104658,1,0.140432,5,5
1,5,0.275,0.425,1,0.833333,1,0.428571,-0.260606,3.38765,0.059727,0.104658,1,0.0994134,5,5
0,5,0.25,0.4125,1,0.5,1,0.25,-0.0666667,0.678541,0.0155482,0.105469,1,0.10399,5,5
0,5,0.425,0.65625,1,0.666667,1,0.25,-0.10303,0.174319,0.0338182,0.105442,1,0.149762,5,5
1,5,0.425,0.5875,1,0.666667,1,0.428571,-0.369697,2.20609,0.0333733,0.105442,1,0.12334,5,5
0,5,0.375,0.5,1,0.5,1,0.111111,-0.660606,0.634013,0.0394433,0.102247,1,0.0984355,5,5
0,5,0.2,0.3125,1,0.666667,1,0.428571,0.224242,0.904711,0.021656,0.104658,1,0.0332494,5,5
1,5,0.325,0.475,0,0.666667,1,0.25,0.030303,2.12382,0.00625871,0.106306,1,0.0667465,5,5
1,5,0.325,0.45625,1,0.333333,1,0.25,-0.357576,5.84049,0.0196687,0.103008,1,0.104935,5,5
0,5,0.5,0.63125,1,0.666667,1,0.111111,-0.224242,0.447447,0.109409,0.10717,1,0.109938,5,5
0,5,0.25,0.40625,1,0.833333,1,0.111111,-0.866667,2.18655,0.0195761,0.102172,1,0.0900384,5,5
0,5,0.425,0.70625,1,0.833333,1,0.25,-0.563636,1.50538,0.0199192,0.102957,1,0.0972862,5,5
0,5,0.275,0.4375,1,0.666667,1,0.25,-0.757576,4.05606,0.00840932,0.103794,1,0.0914024,5,5
0,5,0.425,0.53125,1,0.5,1,0.25,-0.187879,2.05058,0.0419057,0.104658,1,0.165937,5,5
1,5,0.65,0.89375,1,0.833333,1,0.428571,0.248485,0.93413,0.0338875,0.105469,1,0.18171,5,5
1,5,0.25,0.3875,1,1,1,0.428571,-0.0666667,0.00946629,0.0330762,0.105469,1,0.0882531,5,5
1,5,0.525,0.7,1,1,1,0.666667,0.393939,2.45611,0.00886237,0.105469,1,0.116421,5,5
1,5,0.275,0.4125,1,0.833333,1,0.111111,-0.515152,1.21628,0.00356649,0.104658,1,0.0485597,5,5
0,5,0.425,0.64375,1,0.5,1,0.25,-0.0424242,2.69865,0.013169,0.105469,1,0.105407,5,5
0,5,0.425,0.5625,1,0.833333,1,0.25,-0.490909,1.88539,0.0320164,0.102172,1,0.161157,5,5
0,5,0.35,0.53125,1,0.833333,1,0.111111,-0.345455,0.64788,0.00436069,0.105469,1,0.0837449,5,5
0,5,0.35,0.4625,1,0.666667,1,0.428571,0.430303,1.47683,0.00624023,0.104658,1,0.112753,5,5
0,5,0.475,0.60625,1,0.5,1,0.428571,0.212121,0.64037,0.125886,0.106306,1,0.109099,5,5
1,5,0.45,0.6625,1,1.33333,1,0.428571,0.587879,0.402176,0.00662139,0.106306,1,0.126964,5,5
1,5,0.375,0.45,1,0.666667,1,0.25,-0.357576,0.566556,0.0685392,0.103794,1,0.136849,5,5
1,5,0.375,0.5,1,0.666667,1,0.25,-0.333333,1.88519,0.0450478,0.104605,1,0.149011,5,5
0,5,0.35,0.575,1,1.16667,1,0.111111,-0.612121,3.75068,0.00634402,0.104605,1,0.112291,5,5
1,5,0.325,0.5375,1,0.666667,1,0.428571,-0.151515,5.03999,0.000671583,0.103794,1,0.0806942,5,5
1,5,0.3,0.475,1,0.666667,1,0.428571,0.163636,0.18476,0.0446043,0.10717,1,0.122735,5,5
0,5,0.325,0.41875,1,0.5,1,0.428571,0.393939,0.213422,0.0424424,0.105469,1,0.115941,5,5
1,5,0.3,0.4,1,0.5,1,0.428571,0.030303,2.12876,0.244927,0.103111,1,0.0697523,5,5
0,5,0.525,0.65,1,1.16667,1,0.111111,-0.575758,1.33261,0.0399017,0.103768,1,0.108626,5,5
0,5,0.275,0.3875,1,0.833333,1,0.428571,0.0424242,2.5065,0.00316836,0.105469,1,0.0562422,5,5
1,5,0.25,0.36875,1,0.666667,1,0.111111,-0.709091,1.07023,0.0119829,0.103111,1,0.0665857,5,5
0,5,0.4,0.6125,1,1.16667,1,0.428571,0.50303,2.39197,0.032107,0.10717,1,0.088797,5,5
0,5,0.3,0.4,1,0.5,1,0.25,-0.309091,1.24437,0.029192,0.103873,1,0.105234,5,5
0,5,0.25,0.35625,1,0.5,1,1,0.733333,0.454234,0.0233805,0.106306,1,0.104901,5,5
1,5,0.675,0.95,1,0.666667,1,0.25,-0.0787879,3.32919,0.010203,0.105442,1,0.201315,5,5
0,5,0.45,0.69375,1,0.166667,1,0.428571,-0.248485,13.6629,0.00850717,0.103873,1,0.205443,5,5
1,5,0.425,0.675,1,0.5,1,0.25,-0.0787879,1.57075,0.0183393,0.103008,1,0.0687438,5,5
0,5,0.325,0.44375,1,0.666667,1,0.428571,-0.272727,0.289907,0.0208044,0.104605,1,0.142526,5,5
0,5,0.475,0.64375,1,1.33333,1,0.111111,-0.624242,11.5507,0.093792,0.103873,1,0.125734,5,5
1,5,0.3,0.4625,1,0.5,1,0.111111,-0.733333,2.39985,0.0467886,0.103008,1,0.120956,5,5
0,5,0.375,0.49375,1,0.833333,1,0.25,-0.769697,0.64945,0.0140894,0.102957,1,0.119887,5,5
1,5,0.325,0.4625,1,0.833333,1,0.428571,-0.139394,4.90554,0.00283947,0.104658,1,0.0735416,5,5
1,5,0.325,0.4375,1,0.333333,1,0.111111,-0.660606,0.905367,0.029015,0.102957,1,0.126204,5,5
1,5,0.525,0.79375,1,1.16667,1,0.25,0.139394,0.305552,0.0546136,0.10717,1,0.135529,5,5
0,5,0.475,0.8625,1,1.66667,1,0.111111,-0.806061,0.793659,0.0277209,0.101654,1,0.126401,5,5
0,5,0.45,0.63125,1,0.833333,1,0.666667,0.345455,3.37792,0.0158576,0.105469,1,0.161605,5,5
0,5,0.725,1.03125,1,1.33333,1,0.25,-0.418182,7.70711,0.03016,0.103794,1,0.140896,5,5
1,5,0.375,0.5375,1,0.5,1,0.25,-0.454545,3.89282,0.03073,0.104658,1,0.0890695,5,5
0,5,0.45,0.6125,1,0.833333,1,0.428571,0.151515,6.06094,0.0489325,0.104658,1,0.1135,5,5
1,5,0.475,0.7625,1,1.5,1,0.25,-0.0545455,2.90097,0.0076027,0.105469,1,0.123296,5,5
0,5,0.325,0.4375,1,0.5,1,0.428571,0.539394,1.34647,0.0272231,0.10717,1,0.112102,5,5
1,5,0.275,0.39375,1,0.833333,1,0.111111,-0.818182,0.465858,0.0996835,0.102172,1,0.114267,5,5
1,5,0.375,0.56875,1,0.666667,1,0,-0.818182,0.0427549,0.018687,0.102372,1,0.129171,5,5
0,5,0.25,0.2875,1,0.833333,1,0.111111,-0.878788,6.17806,0.0171762,0.102147,1,0.0729799,5,5
1,5,0.325,0.5,1,0.166667,1,0.111111,-0.272727,2.23623,0.0557532,0.10717,1,0.076079,5,5
0,5,0.3,0.48125,1,0.833333,1,0,-0.878788,1.3589,0.00620736,0.102372,1,0.0697122,5,5
1,5,0.575,0.74375,1,0.833333,1,0.25,0.29697,0.442129,0.047581,0.106306,1,0.140151,5,5
0,5,0.2,0.3125,1,0.5,1,0.25,-0.454545,2.57277,3.38914e-05,0.104605,1,0.0826212,5,5
1,5,0.575,0.83125,1,0.833333,1,0.666667,0.151515,13.6062,0.0275083,0.106306,1,0.171199,5,5
0,5,0.35,0.43125,0,0.5,1,0.111111,-0.878788,0.416885,0.0298157,0.102172,1,0.0989166,5,5
1,5,0.25,0.4375,1,0.833333,1,0.25,-0.212121,3.71708,0.0110119,0.105469,1,0.0786642,5,5
0,5,0.375,0.53125,1,1.16667,1,0.25,-0.357576,1.46721,0.00431925,0.103008,1,0.120818,5,5
0,5,0.275,0.54375,0,1.16667,1,0.428571,0.333333,2.0168,0.00578288,0.10717,1,0.0761882,5,5
1,5,0.15,0.26875,1,0.333333,0.2,1,-1,1.92924,0.0554958,0.5,0.4,0.02,5,5
1,5,0.325,0.45,1,0.833333,1,0.428571,0.333333,3.56748,0.0923567,0.105469,1,0.0753667,5,5
0,5,0.3,0.38125,1,0.666667,1,0.25,-0.551515,0.0834628,0.0198612,0.103873,1,0.149291,5,5
0,5,0.475,0.7375,1,1.16667,1,0.25,-0.151515,2.22946,0.00917733,0.106306,1,0.125783,5,5
1,5,0.35,0.5375,1,1,1,0.666667,0.369697,4.79018,0.0580419,0.105469,1,0.101754,5,5
0,5,0.525,0.6875,1,0.333333,1,0.25,-0.430303,10.4707,0.0105395,0.103008,1,0.0855511,5,5
1,5,0.3,0.4375,1,0.833333,1,0.111111,-0.878788,0.902637,0.00784708,0.102957,1,0.0752873,5,5
1,5,0.325,0.525,1,0.666667,1,0.111111,-0.757576,4.13944,0.0180364,0.102147,1,0.0964478,5,5
1,5,0.35,0.49375,1,0.5,1,0.111111,-0.890909,3.55132,0.0557028,0.102172,1,0.107103,5,5
0,5,0.325,0.49375,0,0.5,1,0.111111,-0.418182,6.72952,0.0456153,0.101654,1,0.119701,5,5
1,5,0.4,0.575,1,0.5,1,0.25,-0.369697,0.90798,0.0033355,0.103873,1,0.129703,5,5
0,5,0.275,0.35,1,0.833333,1,0.428571,-0.187879,2.3561,0.0589446,0.103768,1,0.117073,5,5
1,5,0.325,0.4875,1,0.833333,1,0.428571,0.0787879,0.102622,0.00316322,0.105469,1,0.10844,5,5
0,5,0.425,0.65,1,0.5,1,0.25,-0.478788,5.55604,0.0147978,0.103873,1,0.126777,5,5
0,6,0.5,0.675,1,1.5,1,0,-0.781818,8.87766,0.0259328,0.103111,1,0.207643,5,5
0,6,0.3,0.3375,1,0.333333,1,0.25,0.151515,0.613984,0.000156595,0.10717,1,0.129593,5,5
0,6,0.375,0.53125,1,0.666667,1,0.111111,-0.527273,2.5537,0.030506,0.103111,1,0.0895831,5,5
0,6,0.275,0.35625,1,0.833333,1,0.428571,0.0545455,1.41977,0.00431038,0.104658,1,0.0554975,5,5
1,6,0.525,0.74375,1,0.333333,1,0.111111,-0.442424,3.95383,0.0371389,0.105469,1,0.186358,5,5
1,6,0.45,0.625,1,0.5,1,0.25,-0.0545455,0.931866,0.0588645,0.106306,1,0.16659,5,5
1,6,0.325,0.4,1,0.5,1,0.428571,0.187879,0.147035,0.000380755,0.104658,1,0.122161,5,5
0,6,0.45,0.66875,1,0.333333,1,0.25,-0.369697,2.944,0.0189212,0.104605,1,0.172989,5,5
0,6,0.3,0.49375,1,0.166667,1,0.25,-0.624242,2.11495,0.011186,0.102247,1,0.101108,5,5
1,6,0.525,0.76875,1,0.833333,1,0.111111,-0.418182,1.64476,0.0101126,0.105469,1,0.134109,5,5
0,6,0.7,0.96875,1,1.83333,1,0.25,-0.309091,9.32809,0.00980042,0.104605,1,0.189262,5,5
0,6,0.3,0.39375,1,0.833333,1,0.111111,-0.527273,0.903716,0.00191177,0.103873,1,0.113782,5,5
1,6,0.375,0.48125,1,0.666667,1,0.25,-0.127273,0.607885,0.0463043,0.104658,1,0.10639,5,5
0,6,0.55,0.9,1,1,1,0.25,-0.345455,7.54313,0.0433986,0.103794,1,0.0950415,5,5
0,6,0.425,0.6375,1,0.5,1,0.25,-0.0181818,2.74268,0.0149087,0.103873,1,0.0823529,5,5
0,6,0.35,0.58125,1,0.5,1,0.111111,-0.345455,1.74626,0.0693486,0.10717,1,0.0965134,5,5
1,6,0.5,0.675,1,0.666667,1,0.428571,0.163636,2.08989,0.0107374,0.104658,1,0.126793,5,5
0,6,0.425,0.5875,1,1.16667,1,0.25,-0.224242,2.15485,0.0401389,0.105469,1,0.140178,5,5
0,6,0.275,0.46875,1,0.5,1,0.25,-0.515152,9.67079,0.0095976,0.104605,1,0.0560952,5,5
1,6,0.275,0.3625,1,0.666667,1,0.25,-0.466667,2.50836,0.00862033,0.104658,1,0.0758893,5,5
1,6,0.325,0.4,1,0.5,1,0.428571,0.187879,1.00078,0.0193496,0.106306,1,0.0993972,5,5
1,6,0.625,0.78125,1,0.166667,1,0.111111,-0.563636,3.2266,0.0105195,0.103111,1,0.228269,5,5
0,6,0.375,0.525,1,0.5,1,0.25,-0.224242,0.78527,0.0389008,0.105442,1,0.100157,5,5
1,6,0.6,0.88125,1,1,1,0.25,-0.393939,5.16069,0.0263933,0.105442,1,0.154815,5,5
0,6,0.55,0.76875,1,1,1,0.25,-0.321212,2.72845,0.0143334,0.103794,1,0.140675,5,5
0,6,0.45,0.7125,1,0.666667,1,0.25,-0.587879,0.842854,0.00670173,0.104658,1,0.129998,5,5
0,6,0.325,0.45,1,0.666667,1,0.25,-0.539394,0.123993,0.0383752,0.104658,1,0.116467,5,5
0,6,0.475,0.90625,1,0.5,1,0.111111,-0.539394,4.22682,0.0637007,0.103873,1,0.10897,5,5
1,6,0.425,0.64375,1,1,1,0.25,0.551515,8.72986,0.020391,0.106306,1,0.0880933,5,5
1,6,0.225,0.3625,1,0.5,1,0.25,-0.0424242,0.696891,0.0901823,0.105469,1,0.069561,5,5
0,6,0.325,0.54375,1,0.5,1,0.428571,-0.260606,1.41295,0.0462156,0.104605,1,0.0789339,5,5
1,6,0.425,0.58125,1,0.666667,1,0.111111,-0.806061,2.14451,0.0378875,0.102372,1,0.150465,5,5
0,6,0.55,0.83125,1,1.33333,1,0.25,-0.115152,1.43529,0.0331915,0.106306,1,0.118188,5,5
0,6,0.3,0.43125,1,0.833333,1,0.428571,-0.00606061,4.70929,0.0191583,0.104605,1,0.105845,5,5
1,6,0.45,0.575,1,0.666667,1,0.25,-0.527273,1.26342,0.0125517,0.103873,1,0.145934,5,5
1,6,0.45,0.54375,1,0.666667,1,0.111111,-0.854545,1.64572,0.0067132,0.102147,1,0.0954433,5,5
0,6,0.3,0.44375,1,0.833333,1,0.25,-0.369697,0.418034,0.0165885,0.104605,1,0.0657909,5,5
0,6,0.375,0.61875,1,1.16667,1,0.25,-0.50303,2.71881,0.0048581,0.103768,1,0.0866013,5,5
1,6,0.325,0.55,1,0.666667,1,0.428571,0.139394,5.17064,0.00330655,0.106306,1,0.0924435,5,5
1,6,0.575,0.75625,1,0.666667,1,0.25,0.175758,10.3564,0.0180275,0.106306,1,0.201134,5,5
0,6,0.35,0.575,1,1,1,0.111111,-0.757576,1.10068,0.00497588,0.102247,1,0.0962128,5,5
0,6,0.525,0.79375,1,0.833333,1,0.111111,-0.830303,4.71783,0.0377626,0.102172,1,0.0884782,5,5
1,6,0.25,0.34375,1,0.666667,1,0.428571,0.00606061,0.753789,0.0585151,0.106306,1,0.042483,5,5
0,6,0.5,0.7375,1,0.5,1,0.25,-0.527273,4.40533,0.0361597,0.102957,1,0.110996,5,5
0,6,0.3,0.45625,1,0.5,1,0.25,-0.709091,1.11448,0.00823489,0.103111,1,0.0996098,5,5
1,6,0.175,0.3375,1,0.5,0.2,1,-1,2.14682,0.114714,0.5,0.4,0.0679429,5,5
1,6,0.55,0.71875,1,0.833333,1,0.111111,-0.842424,3.1169,0.00129981,0.102172,1,0.160394,5,5
1,6,0.375,0.5625,1,0.166667,1,0.111111,-0.6,2.96727,0.0270329,0.103111,1,0.116814,5,5
0,6,0.225,0.31875,1,0.666667,1,0.111111,-0.345455,0.138788,0.00170798,0.106306,1,0.0763764,5,5
0,6,0.275,0.40625,1,0.333333,1,0.111111,-0.672727,2.76338,0.0455187,0.104605,1,0.0866972,5,5
0,6,0.35,0.5,1,1.33333,1,0.111111,-0.587879,0.300395,0.0278935,0.104658,1,0.0879207,5,5
0,6,0.275,0.475,1,0.833333,1,0.111111,-0.745455,2.27537,0.0387626,0.103008,1,0.112007,5,5
1,6,0.45,0.5625,1,0.333333,1,0.111111,-0.757576,11.2446,0.015346,0.103008,1,0.0895867,5,5
1,6,0.775,1.20625,1,1,1,0.111111,-0.684848,0.943985,0.0027766,0.103111,1,0.150418,5,5
1,6,0.75,1.125,1,2,1,0.111111,-0.6,1.48635,0.0357729,0.103111,1,0.155489,5,5
1,6,0.3,0.49375,1,1,1,0.666667,0.624242,2.89603,0.00762037,0.104658,1,0.0866852,5,5
1,6,0.425,0.675,1,1,1,0.25,-0.539394,1.58904,0.112544,0.105469,1,0.172636,5,5
0,6,0.425,0.56875,1,0.666667,1,0.111111,-0.430303,0.232728,0.0224218,0.103111,1,0.122055,5,5
0,6,0.45,0.65,1,0.833333,1,0.25,-0.418182,0.377007,0.08115,0.104605,1,0.146855,5,5
0,6,0.525,0.75625,1,0.666667,1,0.25,-0.624242,6.24065,0.036547,0.103008,1,0.106863,5,5
1,6,0.4,0.6125,1,1.16667,1,0.111111,-0.248485,0.587029,0.0292243,0.105469,1,0.138706,5,5
0,6,0.475,0.6625,1,0.333333,1,0.25,-0.418182,0.569007,0.0150208,0.104605,1,0.114692,5,5
0,6,0.3,0.43125,1,0.333333,1,0.428571,-0.0545455,5.49788,0.00138685,0.106306,1,0.0797776,5,5
1,6,0.425,0.775,1,0.5,1,0.25,-0.260606,4.20639,0.0160863,0.104658,1,0.1384,5,5
0,6,0.275,0.36875,1,0.5,1,0.111111,-0.309091,0.595282,0.0451467,0.105469,1,0.0852695,5,5
0,6,0.275,0.36875,1,0.5,1,0.428571,-0.0666667,3.10983,0.00162365,0.106306,1,0.0884276,5,5
0,6,0.525,0.6625,1,0.333333,1,0.111111,-0.539394,9.17645,0.000572549,0.104605,1,0.153446,5,5
0,6,0.35,0.53125,1,0.666667,1,0.111111,-0.660606,2.31819,0.0318542,0.103768,1,0.113839,5,5
1,6,0.525,0.65625,1,1,1,0.25,-0.357576,7.32944,0.00371878,0.103794,1,0.176041,5,5
1,6,0.4,0.625,1,0.833333,1,0.111111,-0.248485,1.79685,0.0620515,0.10717,1,0.253583,5,5
1,6,0.875,1.2,1,1.33333,1,0.111111,-0.624242,28.2779,0.0039213,0.102372,1,0.18318,5,5
1,6,0.4,0.5625,1,0.333333,1,0.25,-0.151515,6.57451,0.031585,0.106306,1,0.108584,5,5
0,6,0.2,0.2875,1,1,1,0.25,-0.163636,1.09424,0.0628937,0.105469,1,0.0670398,5,5
0,6,0.45,0.66875,1,0.666667,1,0.428571,-0.309091,0.703091,0.00960371,0.103794,1,0.128602,5,5
0,6,0.25,0.29375,1,0.5,1,0.25,0.030303,0.639876,0.022573,0.105442,1,0.0455873,5,5
0,6,0.275,0.375,0,0.833333,1,0.428571,0.29697,0.81154,0.0010915,0.10717,1,0.0848195,5,5
1,6,0.275,0.43125,1,0.5,1,0.428571,0.0545455,0.621377,0.0496746,0.106306,1,0.106567,5,5
1,6,0.225,0.325,1,0.833333,1,0.428571,0.10303,0.277603,0.00789578,0.105469,1,0.12458,5,5
1,6,0.175,0.3,1,0.5,1,0.428571,0.115152,0.383682,0.0263274,0.105469,1,0.0599319,5,5
1,6,0.475,0.64375,1,0.666667,1,0.428571,-0.248485,2.08773,0.0479088,0.103873,1,0.110668,5,5
1,7,0.425,0.725,1,1.16667,1,0.428571,0.0181818,9.23873,0.00785922,0.106306,1,0.119198,5,5
0,7,0.25,0.3375,1,1,1,0.428571,0.030303,1.75462,0.00380298,0.104605,1,0.123878,5,5
0,7,0.55,0.8375,1,1.33333,1,0.25,-0.212121,2.39109,0.00396803,0.106306,1,0.18581,5,5
1,7,0.375,0.51875,1,0.666667,1,0.428571,0.212121,0.220499,0.0890134,0.106306,1,0.183793,5,5
0,7,0.3,0.425,1,0.5,1,0.25,-0.175758,0.62312,0.0930249,0.105442,1,0.0947748,5,5
0,7,0.2,0.275,1,0.833333,1,0.25,-0.539394,1.67131,0.0718545,0.103008,1,0.0519716,5,5
1,7,0.8,1.15,1,1.16667,1,0.111111,-0.709091,5.31883,0.0926428,0.101654,1,0.189185,5,5
1,7,0.325,0.46875,1,0.5,1,0.25,0.115152,1.41622,0.00813432,0.106306,1,0.0873397,5,5
1,7,0.425,0.49375,1,0.666667,1,0.25,-0.345455,5.95896,0.0164271,0.104605,1,0.141882,5,5
1,7,0.875,1.18125,1,1.5,1,0.428571,-0.357576,11.0021,0.0597248,0.104658,1,0.222005,5,5
1,7,0.6,0.84375,1,0.666667,1,0.25,-0.29697,12.2682,0.000289012,0.105442,1,0.223677,5,5
0,7,0.55,0.68125,1,0.666667,1,0.111111,-0.818182,5.12492,0.0153202,0.102957,1,0.12147,5,5
1,7,0.3,0.5625,1,1,1,0.25,-0.442424,0.265775,0.0782824,0.105442,1,0.0960839,5,5
1,7,0.55,0.85,1,1.16667,1,0.111111,-0.551515,8.72257,0.00554089,0.104605,1,0.170371,5,5
0,7,0.25,0.43125,1,0.5,1,0.25,-0.381818,0.648532,0.0026624,0.103794,1,0.099175,5,5
0,7,0.775,1.19375,1,1.5,1,0.111111,-0.878788,7.10937,0.0570809,0.102372,1,0.220743,5,5
0,7,0.375,0.5,1,0.666667,1,0.25,-0.0787879,0.0708118,0.01933,0.105469,1,0.121184,5,5
0,7,0.575,0.9125,1,0.5,1,0.25,-0.00606061,1.89765,0.0206437,0.104658,1,0.108767,5,5
1,7,0.475,0.71875,1,0.833333,1,0.111111,-0.781818,3.92996,0.0450076,0.103111,1,0.139031,5,5
1,7,0.625,0.73125,1,1,1,0.111111,-0.69697,2.61114,0.0077895,0.103008,1,0.160861,5,5
0,7,0.55,0.69375,1,1,1,0.25,-0.248485,2.60496,0.0310904,0.104658,1,0.145991,5,5
0,7,0.225,0.33125,1,0.5,1,0.111111,-0.284848,0.475636,0.064639,0.10717,1,0.0953769,5,5
0,7,0.425,0.5875,1,0.833333,1,0.25,-0.272727,1.26749,0.105625,0.103111,1,0.149358,5,5
1,7,0.275,0.43125,1,0.666667,1,0.666667,0.866667,0.091967,0.00595335,0.10717,1,0.0703961,5,5
0,7,0.425,0.6125,0,0.666667,1,0.25,-0.2,4.99899,0.00452826,0.103873,1,0.106877,5,5
0,7,0.5,0.80625,1,0.666667,1,0.25,-0.539394,2.34516,0.0226961,0.104605,1,0.10192,5,5
0,7,0.8,1.35625,1,1.5,1,0.111111,-0.539394,0.200395,0.00763811,0.102372,1,0.13609,5,5
0,7,0.375,0.48125,1,0.666667,1,0.25,-0.2,3.03809,0.0142932,0.106306,1,0.0968213,5,5
1,7,0.4,0.56875,1,1,1,0.666667,0.769697,5.61279,0.0286735,0.105469,1,0.138062,5,5
0,7,0.425,0.61875,1,1,1,0.111111,-0.757576,1.61086,0.0644889,0.103008,1,0.145099,5,5
1,7,0.7,1.1125,1,1,1,0.111111,-0.709091,7.4215,0.0125569,0.103111,1,0.188393,5,5
1,7,0.5,0.6,1,0.666667,1,0.111111,-0.69697,8.49692,0.00905882,0.103794,1,0.135221,5,5
0,7,0.55,0.70625,1,1.5,1,0.25,-0.454545,2.70184,0.0264122,0.102957,1,0.0914925,5,5
0,7,0.425,0.60625,1,1.16667,1,0.428571,-0.0545455,2.66065,0.0066489,0.105442,1,0.110379,5,5
0,7,0.325,0.40625,1,0.666667,1,0.111111,-0.684848,5.74035,0.00842308,0.103794,1,0.0942029,5,5
0,7,0.225,0.34375,1,0.833333,1,0.428571,0.0545455,3.92762,0.0187557,0.104658,1,0.0820333,5,5
0,7,0.275,0.4875,1,0.5,1,0.111111,-0.721212,3.52478,0.00800968,0.102372,1,0.0818076,5,5
1,7,0.525,0.7625,1,1,1,0.25,-0.430303,4.87491,0.073163,0.105469,1,0.127138,5,5
1,7,0.45,0.625,1,0.333333,1,0.428571,0.454545,4.45114,0.00663941,0.106306,1,0.102648,5,5
0,7,0.425,0.63125,0,0.666667,1,0.25,-0.224242,1.59931,0.0922779,0.103873,1,0.16835,5,5
0,7,0.4,0.53125,1,1,1,0,-0.757576,1.63321,0.0579134,0.102372,1,0.117186,5,5
1,7,0.275,0.4125,1,0.166667,1,0.111111,-0.381818,3.31006,0.00625669,0.103768,1,0.0796827,5,5
0,7,0.325,0.56875,1,0.5,1,0.25,-0.612121,1.13211,0.00863674,0.104605,1,0.132641,5,5
0,7,0.425,0.7875,1,0.5,1,0.111111,-0.721212,5.61107,0.0244854,0.103873,1,0.121125,5,5
0,7,0.7,0.95625,1,0.666667,1,0.25,-0.69697,4.32238,0.0350956,0.103873,1,0.168483,5,5
0,7,0.35,0.49375,1,0.833333,1,0.428571,0.030303,1.77086,0.03659,0.103873,1,0.0776648,5,5
1,7,0.375,0.5,1,0.666667,1,0,-0.745455,1.17283,0.0367306,0.101654,1,0.0822159,5,5
0,7,0.525,0.84375,1,0.666667,1,0.25,-0.6,3.86299,0.0427738,0.103008,1,0.112871,5,5
0,7,0.4,0.54375,1,0.333333,1,0.25,-0.369697,0.434725,0.0261872,0.105469,1,0.113782,5,5
1,7,0.2,0.30625,1,0.833333,1,0.111111,-0.490909,2.09702,0.0281876,0.104658,1,0.0635479,5,5
1,7,0.175,0.30625,1,0.5,0.2,1,1,1.43914,0.0160477,0.504065,0.4,0.0797697,5,5
0,7,0.3,0.45,1,1.16667,1,0.25,-0.0666667,0.369129,0.0179007,0.104605,1,0.105923,5,5
0,7,0.25,0.375,1,0.833333,1,0.428571,-0.0666667,2.98317,0.00719161,0.105469,1,0.0726195,5,5
0,7,0.3,0.4,1,0.5,1,0.428571,-0.321212,2.05419,0.00912286,0.103794,1,0.0813659,5,5
0,7,0.6,0.80625,1,0.833333,1,0.25,0.10303,0.564977,0.0472772,0.10717,1,0.139576,5,5
1,7,0.5,0.775,1,1.16667,1,0.111111,-0.478788,6.54021,0.0113103,0.103794,1,0.114412,5,5
0,7,0.725,1.05625,1,0.833333,1,0.25,-0.212121,20.0769,0.00580774,0.103794,1,0.0829122,5,5
1,7,0.375,0.54375,1,0.666667,1,0.111111,-0.842424,2.89015,0.0142884,0.102957,1,0.141745,5,5
1,7,0.475,0.7375,1,1,1,0.111111,-0.842424,6.32606,0.0379192,0.102172,1,0.150369,5,5
0,7,0.3,0.3875,1,0.5,1,0.428571,0.272727,1.02723,0.00793675,0.10717,1,0.103415,5,5
1,7,0.375,0.475,1,0.833333,1,0.111111,-0.321212,2.62463,0.0739354,0.105469,1,0.132733,5,5
1,7,0.575,0.90625,1,1.16667,1,0.111111,-0.672727,1.38318,0.0207662,0.103873,1,0.165591,5,5
1,7,0.325,0.48125,1,1.16667,1,0.25,-0.0787879,4.05719,0.00051484,0.106306,1,0.0877759,5,5
1,7,0.5,0.70625,1,0.833333,1,0.25,-0.10303,0.0131428,0.039244,0.105469,1,0.142105,5,5
1,7,0.275,0.4,0,0.833333,1,0,-0.830303,0.75885,0.0290139,0.101654,1,0.088664,5,5
1,7,0.2,0.25625,1,0.333333,1,0.111111,-0.527273,1.36624,0.0125596,0.103873,1,0.080314,5,5
1,7,0.4,0.53125,1,0.5,1,0.25,-0.478788,0.427349,0.217666,0.104605,1,0.116504,5,5
0,7,0.35,0.50625,1,0.666667,1,0.428571,-0.454545,1.87412,0.05783,0.102957,1,0.0973938,5,5
1,7,0.35,0.63125,1,0.666667,1,0.25,-0.515152,0.348519,0.0251408,0.103873,1,0.0876615,5,5
0,7,0.6,0.6875,1,0.333333,1,0.111111,-0.478788,2.58563,0.0103136,0.105442,1,0.13778,5,5
1,7,0.625,0.90625,1,0.833333,1,0.25,-0.393939,0.908902,0.00796667,0.102957,1,0.118967,5,5
1,7,0.325,0.525,1,0.166667,1,0.428571,-0.127273,0.0118371,0.00840494,0.103873,1,0.134844,5,5
0,7,0.425,0.775,1,0.833333,1,0.428571,0.369697,7.54589,0.0117464,0.105442,1,0.0955079,5,5
1,7,0.425,0.63125,1,0.5,1,0.111111,-0.806061,6.45107,0.014353,0.102372,1,0.133051,5,5
0,7,0.4,0.56875,1,1,1,0.111111,-0.818182,2.79412,0.0162456,0.102247,1,0.180347,5,5
0,7,0.6,0.7375,1,0.333333,1,0.25,-0.539394,5.25056,0.052377,0.103873,1,0.146279,5,5
1,7,0.5,0.6875,1,1,1,0.111111,-0.406061,5.41993,0.0263955,0.106306,1,0.161612,5,5
1,7,0.575,0.8125,1,0.666667,1,0.25,-0.284848,3.59086,0.0399104,0.106306,1,0.180032,5,5
1,7,0.65,0.86875,1,0.833333,1,0.111111,-0.769697,2.18439,0.00714245,0.102247,1,0.156621,5,5
0,7,0.225,0.3625,1,0.5,1,0.25,-0.10303,1.65496,0.0679498,0.105469,1,0.0644316,5,5
1,8,0.25,0.43125,1,0.666667,1,0.25,-0.648485,4.69385,0.0738686,0.103873,1,0.119054,5,5
0,8,0.3,0.45625,1,0.666667,1,0.111111,-0.745455,0.0960963,0.0510484,0.102957,1,0.133284,5,5
0,8,0.325,0.4375,1,0.333333,1,0.25,-0.309091,2.0024,0.000204718,0.104658,1,0.0858192,5,5
1,8,0.475,0.71875,1,0.666667,1,0.111111,-0.563636,1.79717,0.0274586,0.104605,1,0.126118,5,5
0,8,0.35,0.575,1,0.666667,1,0.25,-0.369697,3.62141,0.013978,0.103111,1,0.10535,5,5
1,8,0.375,0.58125,1,0.833333,1,0.25,-0.369697,0.311372,0.0459716,0.103873,1,0.115406,5,5
0,8,0.35,0.65625,1,0.5,1,0.428571,0.0545455,0.572138,0.0017844,0.104605,1,0.0512833,5,5
0,8,0.925,1.23125,1,1.33333,1,0.111111,-0.842424,9.02915,0.0284132,0.102372,1,0.143676,5,5
0,8,0.375,0.53125,1,1,1,0,-0.830303,1.85479,0.0208044,0.103111,1,0.0851455,5,5
0,8,0.375,0.53125,1,0.833333,1,0.25,-0.490909,10.5467,0.00175136,0.103008,1,0.147001,5,5
0,8,0.325,0.5,1,0.166667,1,0.111111,-0.587879,2.51978,0.0267388,0.104605,1,0.104709,5,5
0,8,0.575,0.84375,1,1,1,0.25,-0.575758,0.0376206,0.0163517,0.104658,1,0.154572,5,5
0,8,0.3,0.375,1,0.666667,1,0.25,0.175758,0.954138,0.00765793,0.10717,1,0.0708153,5,5
0,8,0.275,0.38125,1,1,1,0.25,-0.612121,1.6734,0.00327129,0.104605,1,0.0861969,5,5
0,8,0.375,0.6,1,0.833333,1,0.428571,0.00606061,0.803411,0.0486825,0.104605,1,0.0820902,5,5
1,8,0.325,0.45,1,0.666667,1,0,-0.793939,2.36318,0.0312275,0.101654,1,0.0997035,5,5
1,8,0.3,0.50625,1,1,1,0.111111,-0.769697,8.00569,0.0580038,0.103794,1,0.149289,5,5
1,8,0.425,0.625,1,1.33333,1,0.428571,-0.0181818,2.75063,0.0415633,0.104605,1,0.133748,5,5
1,8,0.375,0.6,1,0.5,1,0.666667,0.539394,1.57722,0.0150173,0.105469,1,0.116666,5,5
1,8,0.375,0.55625,1,0.666667,1,0.25,-0.648485,1.05762,0.000353917,0.103794,1,0.141809,5,5
1,8,0.25,0.35625,1,0.5,1,0.25,-0.478788,0.755621,0.0165301,0.103794,1,0.117378,5,5
1,8,0.325,0.45,1,0.666667,1,0.25,-0.490909,0.685069,0.0216781,0.105442,1,0.0812345,5,5
1,8,0.425,0.60625,1,0.333333,1,0.111111,-0.69697,3.50751,0.0422056,0.103794,1,0.193992,5,5
0,8,0.275,0.35625,1,0.5,1,0.111111,-0.684848,6.06684,0.203147,0.101507,1,0.0676288,5,5
1,8,0.625,0.79375,1,1,1,0.25,-0.284848,3.63557,0.0371186,0.106306,1,0.13372,5,5
1,8,0.575,0.8,1,0.5,1,0.111111,-0.806061,9.96267,0.027835,0.103794,1,0.120349,5,5
0,8,0.3,0.5375,1,1.33333,1,0.111111,-0.636364,1.62455,0.0189868,0.104605,1,0.0585152,5,5
0,8,0.3,0.4125,1,0.666667,1,0.25,-0.563636,4.46321,0.0109232,0.104605,1,0.0988932,5,5
0,8,0.475,0.575,1,0.666667,1,0.111111,-0.684848,1.25792,0.0219229,0.103873,1,0.141653,5,5
0,8,0.2,0.275,1,0.666667,1,0.25,-0.0666667,0.832668,0.00270864,0.105469,1,0.0650195,5,5
0,8,0.425,0.6125,1,0.5,1,0.111111,-0.672727,1.14975,0.038016,0.102247,1,0.0889337,5,5
0,8,0.375,0.5,1,1.16667,1,0.666667,0.466667,0.828919,0.00183528,0.10717,1,0.113263,5,5
0,8,0.525,0.81875,1,1,1,0.25,-0.454545,0.131361,0.0206208,0.103794,1,0.125203,5,5
1,8,0.35,0.46875,1,0.5,1,0.25,-0.321212,3.59941,0.00367163,0.103873,1,0.105906,5,5
1,8,0.375,0.5625,1,0.5,1,0.111111,-0.854545,0.103599,0.0220522,0.103008,1,0.104324,5,5
0,8,0.5,0.7375,1,0.666667,1,0.25,-0.50303,9.77131,0.0234607,0.105469,1,0.129071,5,5
0,8,0.275,0.375,1,0.5,1,0.666667,0.442424,2.49822,0.0170762,0.106306,1,0.0607387,5,5
1,8,0.325,0.5,1,0.333333,1,0.111111,-0.672727,3.64187,0.0067552,0.104605,1,0.181491,5,5
0,8,0.4,0.58125,1,1,1,0.25,-0.466667,5.38285,0.0271265,0.103794,1,0.0820047,5,5
0,8,0.225,0.34375,1,0.666667,1,0.111111,-0.684848,1.48454,0.0100707,0.103873,1,0.0630576,5,5
1,8,0.55,0.65625,1,0.666667,1,0.428571,-0.29697,5.76527,0.0191412,0.103873,1,0.183513,5,5
1,8,0.675,0.9,1,0.833333,1,0.25,-0.309091,5.97751,0.00520502,0.106306,1,0.135737,5,5
0,8,0.375,0.5,0,1,1,0.25,-0.357576,2.813,0.0139956,0.103111,1,0.101885,5,5
0,8,0.325,0.4375,1,0.666667,1,0.25,-0.345455,0.00309545,0.0209908,0.103794,1,0.0824889,5,5
1,8,0.525,0.65625,1,0.833333,1,0.25,-0.272727,7.88329,0.0125812,0.105469,1,0.132545,5,5
0,8,0.5,0.775,1,1.33333,1,0.25,-0.29697,1.91533,0.0243209,0.105469,1,0.138655,5,5
1,8,0.275,0.36875,1,0.5,1,0.111111,-0.478788,3.69776,0.0187079,0.103008,1,0.0853033,5,5
1,8,0.425,0.6,1,1.16667,1,0.25,-0.163636,2.28114,0.0648848,0.10717,1,0.135818,5,5
1,8,0.45,0.65625,1,0.666667,1,0.111111,-0.709091,1.6904,0.00479951,0.103794,1,0.146577,5,5
1,8,0.475,0.66875,1,0.333333,1,0.25,-0.50303,1.34652,0.0187229,0.103794,1,0.148356,5,5
1,8,0.775,1.19375,1,1.33333,1,0.25,-0.0424242,2.37693,0.0133761,0.103111,1,0.232787,5,5
1,8,0.2,0.3125,1,0.666667,1,0.25,-0.490909,3.77824,0.0278678,0.104658,1,0.0573032,5,5
1,8,0.3,0.4375,1,0.833333,1,0.111111,-0.806061,7.97089,0.28619,0.101507,1,0.108032,5,5
0,8,0.4,0.6,1,0.5,1,0.428571,-0.393939,0.759273,0.001964,0.104605,1,0.0853025,5,5
1,8,0.65,0.95,1,0.833333,1,0,-0.90303,1.49968,0.000686505,0.10141,1,0.09829,5,5
0,8,0.55,0.7625,1,1.5,1,0.25,-0.624242,1.73324,0.00445165,0.103794,1,0.126458,5,5
1,8,0.375,0.50625,1,1.16667,1,0.111111,-0.781818,1.04509,0.0290007,0.102372,1,0.13579,5,5
1,8,0.525,0.75,1,0.833333,1,0.25,-0.6,7.5829,0.0391487,0.104605,1,0.12661,5,5
1,8,0.325,0.5,1,0.833333,1,0.25,-0.0545455,0.822927,0.00474776,0.105469,1,0.0837898,5,5
0,8,0.35,0.5375,1,1.16667,1,0.25,-0.612121,6.47989,0.0115557,0.103794,1,0.111634,5,5
1,8,0.325,0.425,1,0.333333,1,0.428571,0.563636,0.813362,0.0178415,0.104658,1,0.0906474,5,5
0,8,0.3,0.475,1,0.5,1,0.25,-0.50303,2.85091,0.0133517,0.102957,1,0.11808,5,5
1,8,0.95,1.38125,1,2,1,0.25,-0.745455,14.6952,0.0241181,0.101654,1,0.190156,5,5
0,8,0.475,0.7875,1,0.166667,1,0.25,-0.369697,1.20591,0.0123405,0.103873,1,0.111289,5,5
0,8,0.35,0.53125,1,0.5,1,0.111111,-0.757576,5.35754,0.0175596,0.101654,1,0.0737086,5,5
0,8,0.325,0.5625,1,1.16667,1,0.428571,-0.139394,6.70718,0.00442636,0.104658,1,0.0718722,5,5
1,8,0.45,0.75625,1,1.16667,1,0.111111,-0.551515,0.0955362,0.0372841,0.102957,1,0.107977,5,5
1,8,0.375,0.50625,1,1,1,0.428571,-0.2,3.35784,0.00823887,0.104605,1,0.104801,5,5
0,8,0.4,0.60625,1,1,1,0.25,-0.636364,1.03744,0.0472898,0.103794,1,0.0907012,5,5
1,8,0.375,0.55,1,0.5,1,0.428571,-0.260606,8.30339,0.0176444,0.104658,1,0.0835249,5,5
0,8,0.65,0.98125,1,0.666667,1,0.111111,-0.90303,1.32146,0.0159703,0.101361,1,0.163236,5,5
1,8,0.575,0.8375,0,1.16667,1,0.25,-0.672727,2.69836,0.0468782,0.103768,1,0.138287,5,5
0,8,0.55,0.91875,1,0.333333,1,0.25,-0.648485,10.791,0.0965323,0.103008,1,0.13911,5,5
1,8,0.475,0.6375,1,0.5,1,0.25,-0.454545,7.83336,0.00214686,0.104658,1,0.160001,5,5
0,8,0.325,0.475,1,0.5,1,0.25,-0.575758,0.133705,0.0208523,0.103008,1,0.113664,5,5
0,8,0.35,0.4375,1,0.333333,1,0.25,0.309091,3.6249,0.0207275,0.106306,1,0.105017,5,5
0,8,0.4,0.60625,1,0.666667,1,0.111111,-0.818182,0.975795,0.00671273,0.102372,1,0.06389,5,5
0,8,0.325,0.51875,1,0.666667,1,0.111111,-0.842424,4.5985,0.00710336,0.101654,1,0.118063,5,5
0,8,0.65,0.90625,1,0.833333,1,0.25,-0.236364,3.85823,0.0163928,0.102372,1,0.123431,5,5
0,8,0.4,0.525,1,0.833333,1,0.428571,0.478788,1.38695,0.00216629,0.106306,1,0.092087,5,5
1,9,0.475,0.725,1,0.333333,1,0.111111,-0.793939,13.8899,0.0139132,0.103794,1,0.102877,5,5
1,9,0.775,1.0625,1,1,1,0.25,-0.50303,3.30975,0.0692284,0.103768,1,0.151455,5,5
0,9,0.25,0.33125,1,0.833333,1,0.428571,-0.212121,0.902507,0.0336087,0.104658,1,0.0407955,5,5
0,9,0.3,0.44375,1,0.333333,1,0.25,-0.333333,5.75533,0.0127954,0.104605,1,0.0976347,5,5
1,9,0.55,0.79375,1,0.333333,1,0.666667,0.757576,2.28107,0.0710264,0.10717,1,0.154054,5,5
1,9,0.275,0.46875,1,0.5,1,0.428571,0.10303,0.463958,8.41625e-05,0.105469,1,0.0626813,5,5
0,9,0.275,0.45,1,0.833333,1,0.111111,-0.733333,1.18438,0.046125,0.102957,1,0.0770696,5,5
0,9,0.5,0.68125,1,0.666667,1,0.111111,-0.709091,2.34387,0.000170346,0.102247,1,0.124559,5,5
0,9,0.4,0.5375,1,0.833333,1,0.111111,-0.769697,7.63117,0.0545292,0.102172,1,0.112064,5,5
0,9,0.225,0.34375,1,0.833333,1,0.111111,-0.830303,2.87005,0.008311,0.101507,1,0.06146,5,5
0,9,0.475,0.6375,0,0.833333,1,0.25,-0.612121,6.24946,0.00711923,0.103794,1,0.132918,5,5
1,9,0.375,0.56875,1,0.333333,1,0.428571,-0.406061,2.46305,0.0464491,0.103794,1,0.140169,5,5
0,9,0.2,0.29375,1,0.333333,1,0.111111,-0.284848,0.957409,0.0314191,0.105442,1,0.0511562,5,5
0,9,0.5,0.65,1,1.5,1,0.111111,-0.878788,1.72997,0.00735935,0.101507,1,0.191561,5,5
0,9,0.6,0.8625,1,0.666667,1,0.25,-0.406061,2.79081,0.0154017,0.102957,1,0.171293,5,5
0,9,0.25,0.36875,1,0.833333,1,0.25,-0.224242,0.373957,0.00276399,0.106306,1,0.0868296,5,5
1,9,0.2,0.325,1,0.666667,1,0.428571,-0.127273,2.61124,0.0313663,0.106306,1,0.0659067,5,5
0,9,0.575,0.75,1,0.666667,1,0.25,-0.624242,8.76205,0.010953,0.103794,1,0.120459,5,5
1,9,0.45,0.66875,1,0.333333,1,0.25,-0.406061,0.00245547,0.0271452,0.104658,1,0.146791,5,5
1,9,0.2,0.29375,1,0.666667,1,0.111111,-0.224242,1.35467,0.0523089,0.105469,1,0.117901,5,5
0,9,0.3,0.4125,1,1.16667,1,0.25,-0.490909,2.62728,0.0161399,0.104605,1,0.08994,5,5
0,9,0.5,0.725,1,0.166667,1,0.428571,-0.0909091,1.58806,0.0442082,0.103873,1,0.115552,5,5
0,9,0.575,0.9,1,0.666667,1,0.25,-0.672727,2.69431,0.020259,0.102172,1,0.166094,5,5
1,9,0.475,0.68125,1,0.666667,1,0.25,-0.672727,1.32305,0.00996974,0.102957,1,0.119027,5,5
1,9,0.375,0.625,1,0.5,1,0.25,-0.127273,0.818851,0.0223284,0.103873,1,0.119989,5,5
0,9,0.675,0.90625,1,1.66667,1,0.428571,0.0787879,1.1689,0.0381112,0.10717,1,0.114813,5,5
0,9,0.65,0.8125,1,0.5,1,0.25,-0.369697,3.33593,0.0620445,0.10717,1,0.210079,5,5
1,9,0.375,0.4875,1,1,1,0.428571,0.393939,2.55552,0.0160149,0.106306,1,0.0929516,5,5
1,9,0.425,0.65,1,1,1,0.25,-0.187879,0.467881,0.00899354,0.104605,1,0.128375,5,5
1,9,0.625,0.8125,1,0.666667,1,0.428571,-0.0666667,0.361986,0.0467294,0.106306,1,0.207565,5,5
1,9,0.3,0.41875,1,0.666667,1,0.25,-0.00606061,2.04004,0.0163617,0.105469,1,0.0568088,5,5
1,9,0.4,0.49375,1,0.5,1,0.111111,-0.6,0.520815,0.00315872,0.103111,1,0.108827,5,5
1,9,0.275,0.36875,1,0.833333,1,0.111111,-0.769697,2.68889,0.0110045,0.103873,1,0.0835051,5,5
1,9,0.375,0.575,1,0.5,1,0.111111,-0.975758,5.03678,0.00437995,0.10067,1,0.163099,5,5
0,9,0.225,0.425,1,0.666667,1,0.428571,0.0181818,0.241913,0.0115589,0.104658,1,0.0516525,5,5
0,9,0.275,0.425,1,1,1,0.25,-0.369697,2.58734,0.0398545,0.104605,1,0.0567869,5,5
1,9,0.375,0.53125,1,0.333333,1,0.25,-0.309091,3.37884,0.000164468,0.104605,1,0.131774,5,5
0,9,0.625,0.86875,1,0.333333,1,0.25,-0.551515,10.0204,0.00313373,0.103794,1,0.145314,5,5
0,9,0.425,0.6625,1,0.666667,1,0.111111,-0.636364,9.25236,0.00513754,0.102247,1,0.118343,5,5
0,9,0.275,0.38125,1,0.666667,1,0.428571,-0.29697,2.99503,0.0541248,0.105469,1,0.0872087,5,5
0,9,0.4,0.525,1,0.666667,1,0.25,-0.575758,8.49724,0.0283706,0.103873,1,0.165156,5,5
0,9,0.4,0.5375,1,0.833333,1,0.25,-0.151515,3.96803,0.00929449,0.106306,1,0.116633,5,5
1,9,0.375,0.6875,1,1.33333,1,0.25,-0.442424,1.34175,0.0175654,0.104658,1,0.0744597,5,5
1,9,0.4,0.51875,1,0.5,1,0.111111,-0.333333,3.51547,0.027763,0.10717,1,0.123331,5,5
0,9,0.35,0.475,1,0.666667,1,0.111111,-0.660606,0.844806,0.0470939,0.104658,1,0.15146,5,5
1,9,0.425,0.58125,1,0.166667,1,0.111111,-0.127273,0.854683,0.0394843,0.10717,1,0.130361,5,5
1,9,0.3,0.4375,1,0.833333,1,0.428571,-0.393939,1.31277,0.0340643,0.103873,1,0.07604,5,5
0,9,0.45,0.61875,1,1.66667,1,0.25,0.0666667,0.810531,0.0573203,0.105442,1,0.104692,5,5
0,9,0.575,0.825,1,1.83333,1,0.25,0.00606061,0.577974,0.00198564,0.104605,1,0.128449,5,5
1,9,0.25,0.3375,1,0.833333,1,0.666667,0.50303,3.49471,0.0453897,0.106306,1,0.0823044,5,5
0,9,0.425,0.625,1,0.5,1,0.25,0.187879,1.03958,0.00537767,0.103873,1,0.0790498,5,5
1,9,0.75,0.9875,1,1.66667,1,0.25,-0.212121,3.11993,0.00134765,0.104658,1,0.188732,5,5
1,9,0.275,0.33125,1,0.5,1,0.428571,0.236364,1.58585,0.086447,0.106306,1,0.0873652,5,5
0,9,0.75,0.95625,1,1.33333,1,0.25,-0.563636,9.471,0.00248764,0.103008,1,0.0959386,5,5
0,9,0.4,0.56875,1,1.16667,1,0.25,-0.50303,0.493771,0.015194,0.103008,1,0.164084,5,5
0,9,0.425,0.64375,1,1.83333,1,0.25,-0.430303,11.0939,0.0135446,0.103794,1,0.0940419,5,5
1,9,0.35,0.46875,1,0.5,1,0.666667,0.624242,2.13336,0.00558901,0.10717,1,0.0961428,5,5
0,9,0.375,0.5,1,1.16667,1,0.25,-0.454545,1.37173,0.0187321,0.103873,1,0.101214,5,5
1,9,0.55,0.73125,1,0.5,1,0.428571,0.030303,3.41931,0.0139628,0.104658,1,0.156638,5,5
0,9,0.725,0.93125,1,1,1,0.111111,-0.478788,7.5156,0.106926,0.104605,1,0.179482,5,5
0,9,0.4,0.58125,1,0.166667,1,0.25,-0.0909091,0.727097,0.10047,0.106306,1,0.100294,5,5
0,9,0.475,0.75,1,1.5,1,0.25,-0.260606,1.56631,0.0093556,0.102247,1,0.096837,5,5
0,9,0.325,0.4625,1,0.5,1,0.25,-0.6,1.16537,0.0134597,0.102372,1,0.113298,5,5
0,9,0.2,0.3,1,0.666667,1,0.25,0.2,0.428929,0.0102671,0.105469,1,0.0560283,5,5
1,9,0.375,0.625,1,0.333333,1,0.428571,0.321212,2.20648,0.000239362,0.10717,1,0.107609,5,5
0,9,0.4,0.50625,1,0.666667,1,0.111111,-0.672727,0.21867,0.0567457,0.103873,1,0.12467,5,5
0,9,0.225,0.33125,1,0.5,1,0.25,-0.163636,4.72709,0.00318558,0.105469,1,0.0675544,5,5
1,9,0.45,0.63125,0,1,1,0.25,-0.454545,1.7604,0.0270727,0.103111,1,0.159087,5,5
1,9,0.2,0.25625,1,0.333333,1,0.666667,0.745455,1.05097,0.117288,0.106306,1,0.0690825,5,5
1,9,0.475,0.6,1,0.833333,1,0,-0.90303,1.42359,0.0429717,0.10141,1,0.187093,5,5
1,9,0.425,0.575,1,0.333333,1,0.428571,-0.381818,5.68552,0.0150352,0.105469,1,0.135473,5,5
1,9,0.6,0.9625,1,0.666667,1,0.111111,-0.29697,6.79071,0.00129123,0.104605,1,0.138268,5,5
1,9,0.425,0.525,1,0.666667,1,0.428571,0.0909091,0.0798416,0.00125859,0.104658,1,0.124105,5,5
0,9,0.275,0.38125,1,0.333333,1,0,-0.757576,2.51601,0.0185806,0.101654,1,0.138561,5,5
0,9,0.45,0.65,1,0.833333,1,0.111111,-0.672727,2.96863,0.00192253,0.103794,1,0.100622,5,5
1,9,0.475,0.7125,1,1.16667,1,0.666667,0.490909,0.0193141,0.110747,0.104658,1,0.146565,5,5
1,9,0.375,0.51875,1,0.5,1,0.428571,0.369697,0.975414,0.00539429,0.106306,1,0.110847,5,5
0,9,0.3,0.39375,1,0.333333,1,0.428571,-0.139394,3.8012,0.0304614,0.104658,1,0.199239,5,5
0,9,0.25,0.36875,1,0.833333,1,0.25,-0.00606061,1.01687,0.0297704,0.105469,1,0.0576689,5,5
1,9,0.225,0.31875,1,0.666667,1,0.111111,-0.721212,1.35276,0.0319919,0.103008,1,0.0548982,5,5
0,10,0.6,1.025,1,2,1,0.25,-0.490909,4.25869,0.00534845,0.102372,1,0.114593,5,5
1,10,0.55,0.85625,1,1.5,1,0.428571,0.0909091,0.838773,0.068496,0.106306,1,0.127184,5,5
1,10,0.5,0.8375,1,0.833333,1,0.111111,-0.721212,7.38523,0.00454846,0.102372,1,0.148081,5,5
0,10,0.45,0.675,1,0.833333,1,0.25,0.0787879,4.3218,0.0427969,0.104658,1,0.0769593,5,5
1,10,0.3,0.33125,1,0.166667,1,0.25,-0.224242,0.31814,0.0714957,0.105442,1,0.0986125,5,5
1,10,0.55,0.7625,1,0.5,1,0.25,-0.0666667,2.16266,0.022598,0.103794,1,0.103738,5,5
1,10,0.325,0.43125,1,0.833333,1,0.111111,-0.636364,7.7784,0.00577962,0.103873,1,0.0725223,5,5
1,10,0.2,0.29375,1,0.666667,1,0.428571,-0.284848,0.987199,0.015469,0.103794,1,0.0591984,5,5
1,10,0.65,0.875,1,1,1,0.25,-0.236364,5.38704,0.0452051,0.104658,1,0.234081,5,5
0,10,0.35,0.48125,1,0.5,1,0.111111,-0.684848,0.704362,0.00628589,0.103008,1,0.122571,5,5
0,10,0.25,0.35625,1,0.666667,1,0.428571,0.357576,0.19526,0.00197439,0.105469,1,0.0784785,5,5
1,10,0.4,0.55625,1,0.5,1,0.25,-0.212121,2.99712,0.0205923,0.104658,1,0.0976541,5,5
1,10,0.55,0.8,1,1.16667,1,0,-0.915152,2.35495,0.0231617,0.101654,1,0.257578,5,5
1,10,0.6,0.875,1,1,1,0.428571,0.2,1.55588,0.0161683,0.10717,1,0.130936,5,5
0,10,0.35,0.48125,1,0.5,1,0,-0.69697,2.52441,0.0233251,0.102372,1,0.183442,5,5
0,10,0.575,0.80625,1,1,1,0.25,-0.684848,3.33635,0.0104243,0.103008,1,0.132583,5,5
0,10,0.4,0.60625,1,1.16667,1,0.428571,-0.0424242,1.37592,0.00769654,0.106306,1,0.117255,5,5
0,10,0.35,0.38125,1,0.5,1,0.428571,-0.0424242,0.132851,0.00674753,0.105469,1,0.162209,5,5
0,10,0.35,0.525,1,1,1,0.428571,-0.236364,0.609504,0.0138899,0.104658,1,0.0628483,5,5
0,10,0.325,0.60625,1,0.833333,1,0.111111,-0.660606,2.39287,0.00545874,0.103008,1,0.0985085,5,5
1,10,0.3,0.44375,1,0.166667,1,0.25,-0.321212,0.110789,0.030211,0.10717,1,0.112549,5,5
0,10,0.275,0.4,1,0.333333,1,0.428571,-0.175758,0.249093,0.00423485,0.103111,1,0.0650253,5,5
1,10,0.25,0.40625,1,0.833333,1,0.111111,-0.648485,0.349403,0.0351281,0.102957,1,0.0810944,5,5
1,10,0.6,0.975,1,1,1,0.111111,-0.830303,15.0732,0.0176512,0.102957,1,0.160848,5,5
0,10,0.7,1.01875,1,0.666667,1,0,-0.854545,9.24876,0.0421516,0.101507,1,0.164806,5,5
1,10,0.2,0.3,1,0.5,0.8,0.666667,-0.190476,0.590686,0.0090433,0.127943,1,0.0713296,5,5
0,10,0.475,0.725,1,1,1,0,-0.733333,0.0697507,0.0458769,0.102372,1,0.140229,5,5
1,10,0.425,0.53125,1,0.5,1,0.25,-0.478788,3.7173,0.0105494,0.105469,1,0.133603,5,5
0,10,0.325,0.3625,1,0.833333,1,0.428571,-0.29697,0.58998,0.00433481,0.104605,1,0.111354,5,5
0,10,0.525,0.70625,1,1.16667,1,0.111111,-0.272727,0.0393005,0.0435768,0.105442,1,0.0903961,5,5
0,10,0.525,0.675,1,0.5,1,0.25,-0.612121,9.62527,0.0366363,0.104605,1,0.112454,5,5
0,10,0.375,0.48125,1,0.5,1,0.111111,-0.806061,0.471512,0.0111836,0.102147,1,0.0986905,5,5
0,10,0.3,0.425,1,0.5,1,0.111111,-0.345455,1.73061,0.00833568,0.103111,1,0.0777101,5,5
1,10,0.325,0.45,1,1,1,0.111111,-0.50303,3.04705,0.00978831,0.106306,1,0.106544,5,5
0,10,0.675,0.89375,1,1.33333,1,0.25,-0.345455,2.19467,0.0328561,0.103768,1,0.166417,5,5
0,10,0.25,0.4375,1,0.833333,1,0.428571,-0.393939,0.109738,0.0340762,0.103111,1,0.102765,5,5
0,10,0.475,0.5875,1,0.833333,1,0.111111,-0.539394,2.68825,0.119781,0.104658,1,0.14169,5,5
1,10,0.375,0.55625,1,1,1,0.428571,0.127273,2.98398,0.0468411,0.105469,1,0.118192,5,5
1,10,0.8,1.125,1,1.5,1,0.666667,0.418182,7.20609,0.0144054,0.106306,1,0.225172,5,5
1,10,0.5,0.7375,1,0.5,1,0.428571,0.0424242,1.53527,0.0270232,0.105442,1,0.179708,5,5
1,10,0.45,0.6875,1,1.33333,1,0.25,-0.648485,0.687783,0.0435064,0.103111,1,0.153233,5,5
0,10,0.3,0.375,1,0.5,1,0.25,-0.321212,2.32631,0.0127622,0.104605,1,0.0870551,5,5
0,10,0.4,0.6125,1,0.833333,1,0.111111,-0.575758,0.105796,0.0182317,0.103768,1,0.175147,5,5
0,10,0.4,0.525,1,0.833333,1,0.428571,-0.393939,1.99296,0.000603616,0.102957,1,0.106376,5,5
0,10,0.375,0.55,1,0.833333,1,0.428571,-0.139394,1.70593,0.00286015,0.103768,1,0.103548,5,5
1,10,0.25,0.3,1,0.5,1,0.111111,-0.709091,0.606156,0.124904,0.103794,1,0.120816,5,5
0,10,0.375,0.525,1,1.16667,1,0.25,-0.490909,6.45654,0.0355725,0.103008,1,0.0584157,5,5
1,10,0.25,0.3375,1,0.666667,1,0.25,-0.381818,0.0522946,0.0808961,0.105442,1,0.0891388,5,5
0,10,0.275,0.39375,1,0.666667,1,0.25,-0.478788,0.838386,0.0173421,0.103111,1,0.0975531,5,5
0,10,0.25,0.34375,1,0.833333,1,0.428571,0.00606061,5.03338,0.0196661,0.104605,1,0.0643424,5,5
1,10,0.35,0.4625,1,0.833333,1,0.111111,-0.357576,3.2916,0.0645335,0.10717,1,0.133173,5,5
1,10,0.625,0.91875,1,1.16667,1,0.428571,0.0787879,4.48231,0.0197119,0.105469,1,0.169632,5,5
1,10,0.625,0.8375,1,1.66667,1,0,-0.818182,0.747924,0.0182329,0.101654,1,0.0978106,5,5
1,10,0.225,0.3375,1,1,1,0.428571,0.381818,0.750001,0.0113321,0.106306,1,0.0694135,5,5
1,10,0.325,0.475,1,0.333333,1,0.25,-0.248485,0.878868,0.137908,0.104658,1,0.0708309,5,5
1,10,0.4,0.5625,1,0.833333,1,0.25,-0.369697,10.4621,0.0209836,0.104658,1,0.103668,5,5
0,10,0.35,0.44375,1,0.666667,1,0.25,-0.248485,0.205237,0.119567,0.105469,1,0.0993928,5,5
1,10,1.05,1.625,1,0.666667,1,0.111111,-0.745455,4.24617,0.024345,0.102957,1,0.230659,5,5
0,10,0.35,0.5,1,0.666667,1,0.25,-0.490909,0.253928,0.0174786,0.103794,1,0.0901177,5,5
0,10,0.55,0.75,1,1.16667,1,0.25,-0.490909,0.679991,0.00419989,0.104658,1,0.131093,5,5
1,10,0.325,0.50625,1,1.33333,1,0.428571,0.0909091,0.981408,0.0015444,0.10717,1,0.0937869,5,5
0,10,0.425,0.6125,1,0.833333,1,0.428571,-0.030303,3.203,0.00287968,0.106306,1,0.0947235,5,5
1,10,0.375,0.55625,1,0.833333,1,0,-0.709091,2.90645,0.0398572,0.102247,1,0.0744425,5,5
1,10,0.325,0.53125,1,0.833333,1,0.111111,-0.624242,0.772509,0.02784,0.103873,1,0.0892813,5,5
0,10,0.425,0.56875,1,0.833333,1,0.25,-0.563636,0.690373,0.035281,0.103794,1,0.146812,5,5
0,10,0.45,0.6,1,0.666667,1,0.111111,-0.248485,0.604427,0.0434981,0.102372,1,0.209635,5,5
1,10,0.525,0.65,1,0.5,1,0.111111,-0.345455,2.53225,0.00392719,0.105469,1,0.128904,5,5
0,10,0.5,0.71875,1,1.16667,1,0.111111,-0.50303,0.837504,0.0570282,0.105469,1,0.118293,5,5
1,10,0.4,0.625,1,1,1,0.428571,0.309091,0.461619,0.0136365,0.105442,1,0.0808283,5,5
1,10,0.4,0.55625,1,0.666667,1,0.111111,-0.769697,0.0819048,0.152298,0.102247,1,0.181896,5,5
1,10,0.25,0.3125,1,0.666667,1,0.25,0.030303,2.73101,0.171764,0.106306,1,0.0809298,5,5
0,10,0.525,0.725,1,0.666667,1,0.111111,-0.769697,6.23414,0.0060245,0.102957,1,0.133075,5,5
1,10,0.4,0.6,1,0.833333,1,0.25,-0.551515,4.90736,0.0866,0.103794,1,0.107411,5,5
1,10,0.425,0.55,1,0.833333,1,0.428571,0.151515,0.579413,0.0638855,0.104658,1,0.138423,5,5
0,10,0.325,0.40625,1,0.666667,1,0.111111,-0.6,0.838632,0.0314683,0.103111,1,0.14225,5,5
0,10,0.25,0.36875,1,0.5,1,0.111111,-0.430303,3.14145,0.0125973,0.104605,1,0.0460935,5,5
0,10,0.375,0.6875,1,0.833333,1,0.111111,-0.624242,0.267379,0.0826634,0.102957,1,0.116431,5,5
0,10,0.275,0.38125,1,0.5,1,0.111111,-0.660606,0.746649,0.0243677,0.103873,1,0.105117,5,5
0,10,0.2,0.33125,1,0.5,1,0.25,-0.151515,1.11919,0.0232962,0.105469,1,0.0435332,5,5
1,10,0.35,0.50625,1,1.33333,1,0.428571,0.187879,3.79336,0.0400954,0.10717,1,0.169108,5,5
1,11,0.45,0.63125,1,1.16667,1,0.25,-0.333333,6.92694,0.0142302,0.104658,1,0.137227,5,5
1,11,0.35,0.6125,1,1,1,0.25,-0.575758,0.0316168,0.00345653,0.104605,1,0.0702994,5,5
1,11,0.35,0.48125,1,0.833333,1,0.666667,0.454545,0.369791,0.0455151,0.10717,1,0.126191,5,5
1,11,0.35,0.45,1,0,1,0.25,-0.418182,2.99896,0.0891704,0.106306,1,0.119062,5,5
0,11,0.375,0.4875,1,0.5,1,0.25,-0.0666667,0.820592,0.0650511,0.105469,1,0.133304,5,5
1,11,0.325,0.5125,1,0.5,1,0.25,-0.224242,1.8772,0.0163304,0.104605,1,0.102048,5,5
1,11,0.4,0.60625,1,1.16667,1,0.25,-0.563636,7.93202,0.0341126,0.103794,1,0.0871602,5,5
1,11,0.3,0.43125,1,1,1,0.25,-0.0787879,1.08511,0.0143855,0.10717,1,0.0702583,5,5
1,11,0.425,0.70625,1,0.666667,1,0,-0.987879,2.07085,0.0195723,0.10079,1,0.275142,5,5
1,11,0.325,0.49375,1,0.5,1,0.428571,0.551515,0.912589,0.000452024,0.10717,1,0.0825631,5,5
0,11,0.275,0.4125,1,0.5,1,0.25,-0.430303,0.145426,0.000998036,0.103873,1,0.1036,5,5
0,11,0.25,0.35625,1,0.666667,1,0.25,-0.187879,2.36817,0.00595543,0.105469,1,0.0784959,5,5
1,11,0.2,0.25625,1,0.833333,1,0.25,-0.187879,3.19468,0.0182057,0.10717,1,0.0558357,5,5
1,11,0.175,0.275,1,0.5,0.4,1,-1,2.27089,0.0210249,0.250064,0.8,0.0603433,5,5
0,11,0.625,0.85625,1,2.66667,1,0.428571,0.139394,1.27627,0.0374146,0.106306,1,0.17036,5,5
1,11,0.425,0.60625,1,1.16667,1,0.25,-0.478788,9.29811,0.00390371,0.104658,1,0.116889,5,5
1,11,0.3,0.45625,1,0.666667,1,0.111111,-0.139394,3.80108,0.00608161,0.106306,1,0.0856616,5,5
0,11,0.275,0.36875,0,0.166667,1,0.25,0.309091,0.0362905,0.057773,0.106306,1,0.0767987,5,5
0,11,0.275,0.41875,1,0.833333,1,0.25,-0.224242,0.336395,0.00260119,0.104658,1,0.10115,5,5
0,11,0.225,0.4,1,0.833333,1,0.111111,-0.793939,3.26434,0.00596252,0.102957,1,0.0684475,5,5
1,11,0.275,0.4125,1,0.833333,1,0.428571,-0.212121,4.1589,0.0695172,0.103008,1,0.0643548,5,5
0,11,0.425,0.54375,1,1.33333,1,0.111111,-0.709091,2.47363,0.014259,0.101654,1,0.104088,5,5
0,11,0.35,0.5,1,1.5,1,0.428571,-0.127273,0.525235,0.0280616,0.104605,1,0.0706114,5,5
1,11,0.225,0.375,1,0.333333,1,0.428571,-0.309091,1.70939,0.0316437,0.103873,1,0.120582,5,5
1,11,0.425,0.6875,1,0.5,1,0.111111,-0.781818,0.442759,0.00551978,0.103794,1,0.102778,5,5
0,11,0.45,0.5875,1,0.5,1,0,-0.721212,9.66732,0.0225872,0.103111,1,0.0924487,5,5
1,11,0.225,0.34375,1,0.5,1,0.428571,0.0787879,1.1226,0.0148473,0.105442,1,0.0523158,5,5
0,11,0.225,0.2875,1,0.333333,1,0.428571,0.0181818,1.20633,0.0448569,0.105442,1,0.0724366,5,5
0,11,0.2,0.28125,1,0.5,1,0.111111,-0.527273,0.0836161,0.0135484,0.103794,1,0.0670517,5,5
1,11,0.25,0.375,1,1,1,0.25,-0.648485,0.206478,0.028413,0.103008,1,0.0992082,5,5
1,11,0.275,0.45,0,0.333333,1,0.25,0.406061,0.335014,0.0298342,0.106306,1,0.0859477,5,5
1,11,0.2,0.2875,1,0.5,0.6,0.666667,-0.0857143,0.799813,0.0121787,0.171974,1,0.0791553,5,5
0,11,0.25,0.36875,1,0.333333,1,0.111111,-0.660606,1.59518,0.0383867,0.104605,1,0.0974541,5,5
1,11,0.475,0.79375,1,0.5,1,0.428571,0.0666667,6.59472,0.0317333,0.105442,1,0.142892,5,5
1,11,0.25,0.38125,1,0.666667,1,0.666667,0.345455,4.69505,0.0253236,0.104658,1,0.0780236,5,5
0,11,0.525,0.825,0,1.16667,1,0.25,-0.381818,0.0985795,0.0576805,0.104658,1,0.189922,5,5
0,11,0.525,0.8,1,1,1,0,-0.866667,5.46339,0.00837979,0.102247,1,0.133905,5,5
0,11,0.325,0.56875,1,1.33333,1,0,-0.830303,8.06453,0.00314058,0.101507,1,0.0602271,5,5
0,11,0.25,0.325,1,0.666667,1,0.666667,0.6,1.31267,0.00827506,0.106306,1,0.0585947,5,5
0,11,0.4,0.54375,1,0.833333,1,0.111111,-0.612121,2.42363,0.00427141,0.102147,1,0.0916388,5,5
0,11,0.275,0.3875,1,0.5,1,0.428571,0.612121,1.67303,0.0466706,0.106306,1,0.0416098,5,5
1,11,0.35,0.5125,1,0.5,1,0,-0.733333,4.73968,0.0286216,0.102247,1,0.11401,5,5
1,11,0.275,0.3875,1,0.5,1,0.25,0.0787879,3.33958,0.219059,0.106306,1,0.0962753,5,5
1,11,0.25,0.3875,1,0.666667,1,0.25,-0.369697,1.98513,0.000134949,0.104658,1,0.154571,5,5
1,11,0.325,0.54375,1,0.5,1,0.111111,-0.745455,2.99118,0.0169984,0.103008,1,0.120747,5,5
1,11,0.2,0.3125,1,0.5,0.2,1,-1,0.0723052,0.0127573,0.5,0.4,0.0789801,5,5
0,11,0.475,0.625,1,0.333333,1,0.111111,-0.660606,4.09319,0.0474162,0.101507,1,0.0796461,5,5
0,11,0.675,1.00625,1,1,1,0,-0.915152,9.44531,0.0156366,0.101654,1,0.167092,5,5
1,11,0.425,0.5125,1,1.33333,1,1,0.660606,4.83176,0.209127,0.105442,1,0.124017,5,5
0,11,0.275,0.4125,1,1,1,0.428571,0.369697,0.994753,0.00974364,0.10717,1,0.0612032,5,5
1,11,0.3,0.53125,1,1,1,0.25,-0.830303,1.60859,0.0176164,0.102957,1,0.0574404,5,5
1,11,0.5,0.69375,1,1,1,0.428571,0.309091,1.18358,0.121587,0.106306,1,0.183562,5,5
1,11,0.525,0.7125,1,1,1,0.25,-0.745455,1.54065,0.0513553,0.102247,1,0.136483,5,5
0,11,0.35,0.56875,1,1,1,0.111111,-0.563636,4.84929,0.0344408,0.102372,1,0.131458,5,5
1,11,0.475,0.75625,1,1.16667,1,0.111111,-0.709091,1.10452,0.00737715,0.102372,1,0.0697745,5,5
1,11,0.4,0.55,0,0.833333,1,0.111111,-0.90303,0.668925,0.0146232,0.101654,1,0.148303,5,5
0,11,0.3,0.4625,1,0.5,1,0.25,-0.757576,2.49135,0.02838,0.102957,1,0.0867886,5,5
1,11,0.45,0.625,1,0.333333,1,0.428571,0.551515,0.0635601,0.0651944,0.10717,1,0.114668,5,5
1,11,0.45,0.64375,1,0.333333,1,0.25,-0.684848,0.326705,0.0963888,0.102957,1,0.0682093,5,5
0,11,0.575,0.83125,1,0.666667,1,0.25,-0.369697,11.7245,0.0973114,0.104658,1,0.17681,5,5
0,11,0.525,0.675,0,0.833333,1,0.428571,0.00606061,7.31832,0.00280953,0.103873,1,0.141267,5,5
1,11,0.25,0.3875,1,1,1,0.111111,-0.660606,1.3809,0.0208803,0.103873,1,0.0651274,5,5
1,11,0.425,0.65625,1,1,1,0.25,-0.418182,0.239433,0.00143008,0.103768,1,0.143936,5,5
1,11,0.4,0.5,1,0.666667,1,0.25,-0.139394,2.46871,0.0193021,0.104658,1,0.0814977,5,5
0,11,0.275,0.45,1,1,1,0.111111,-0.636364,0.336732,0.00948981,0.102247,1,0.0498263,5,5
0,11,0.675,0.9125,1,0.833333,1,0.111111,-0.818182,4.04595,0.0202553,0.102372,1,0.113418,5,5
0,11,0.35,0.46875,1,0.333333,1,0.111111,-0.854545,5.40436,0.0330082,0.102147,1,0.153408,5,5
1,11,0.6,0.8,1,0.833333,1,0.25,-0.539394,1.01135,0.0445879,0.103794,1,0.118505,5,5
1,11,0.4,0.525,1,0.166667,1,0.428571,-0.236364,0.778718,0.00417382,0.104658,1,0.13286,5,5
0,11,0.35,0.55625,1,1,1,0.428571,0.0545455,4.57145,0.0328742,0.10717,1,0.100656,5,5
0,11,0.275,0.425,1,1,1,0.666667,0.575758,1.03913,0.0585075,0.105442,1,0.0716554,5,5
0,11,0.575,0.80625,1,0.666667,1,0.25,-0.393939,2.76454,0.0902683,0.105442,1,0.146576,5,5
1,11,0.35,0.60625,1,0.833333,1,0.111111,-0.672727,2.50023,0.00640628,0.102372,1,0.112302,5,5
1,11,0.3,0.45,1,0.333333,1,0.111111,-0.818182,2.40901,0.00537824,0.103008,1,0.0822632,5,5
1,11,0.3,0.4125,1,0.666667,1,0.666667,0.454545,4.18655,0.0510581,0.105469,1,0.0759068,5,5
1,11,0.35,0.46875,1,0.666667,1,0.25,-0.284848,0.753074,0.0552365,0.103794,1,0.0658281,5,5
0,11,0.3,0.3875,1,0.833333,1,0.428571,0.357576,0.330234,0.0129385,0.106306,1,0.0974012,5,5
0,11,0.275,0.4,1,0.833333,1,0.428571,-0.260606,0.503962,0.00225583,0.104658,1,0.0745768,5,5
0,11,0.25,0.36875,1,0.666667,1,0.25,-0.030303,2.25015,0.00461667,0.105442,1,0.0735716,5,5
1,11,0.4,0.5375,1,1,1,0.25,-0.0545455,0.923657,0.011957,0.105469,1,0.0930131,5,5
0,12,0.525,0.79375,1,0.833333,1,0.25,-0.430303,0.0524692,0.0431883,0.102957,1,0.157407,5,5
0,12,0.4,0.4875,1,0.666667,1,0.428571,-0.10303,1.02818,0.0799363,0.106306,1,0.137395,5,5
1,12,0.325,0.4625,1,0.833333,1,0.111111,-0.781818,0.429046,0.00960276,0.102957,1,0.0744619,5,5
1,12,0.775,1.025,1,0.833333,1,0.111111,-0.745455,13.7727,0.018759,0.102372,1,0.249409,5,5
0,12,0.425,0.525,1,1,1,0,-0.806061,3.14893,0.0336427,0.102247,1,0.127857,5,5
0,12,0.375,0.625,1,0.833333,1,0.111111,-0.866667,1.04296,0.00901689,0.102172,1,0.0924546,5,5
0,12,0.375,0.4875,1,0.333333,1,0.25,-0.369697,0.528361,0.027078,0.102957,1,0.107265,5,5
0,12,0.3,0.45625,1,1,1,0.111111,-0.575758,3.28473,0.0140521,0.102372,1,0.0768433,5,5
0,12,0.525,0.75625,1,0.833333,1,0.111111,-0.769697,6.68776,0.117079,0.103008,1,0.189428,5,5
0,12,0.55,0.74375,1,0.833333,1,0.25,-0.0909091,1.1187,0.00237487,0.106306,1,0.193809,5,5
0,12,0.275,0.3875,1,0.5,1,0.25,-0.0787879,0.720575,0.0380885,0.106306,1,0.0880093,5,5
0,12,0.35,0.5,1,0.833333,1,0.111111,-0.333333,0.617543,0.00795135,0.105469,1,0.0870119,5,5
0,12,0.475,0.69375,1,1.33333,1,0.111111,-0.539394,0.0741875,0.0124224,0.104658,1,0.0855992,5,5
0,12,0.425,0.5625,1,0.666667,1,0.111111,-0.587879,1.93538,0.0443737,0.103111,1,0.0832244,5,5
0,12,0.55,0.85625,1,1.33333,1,0.25,-0.527273,3.05586,0.0512553,0.103873,1,0.249578,5,5
1,12,0.5,0.64375,1,0.333333,1,0.111111,-0.478788,5.61807,0.0219949,0.102247,1,0.148426,5,5
0,12,0.225,0.3375,1,1,1,0.428571,-0.187879,1.99434,0.0178691,0.103873,1,0.0659829,5,5
0,12,0.525,0.75,1,0.666667,1,0.428571,-0.357576,8.11102,0.0282407,0.104605,1,0.080895,5,5
0,12,0.9,1.3,1,2.33333,1,0.111111,-0.442424,7.44783,0.0328955,0.103111,1,0.127902,5,5
0,12,0.225,0.35,1,0.833333,1,0.428571,-0.0909091,0.259699,0.00953036,0.104605,1,0.0866987,5,5
1,12,0.475,0.60625,1,0.5,1,0.111111,-0.660606,4.76668,0.0612343,0.102372,1,0.110073,5,5
1,12,0.375,0.5875,1,1.33333,1,0.25,-0.139394,4.33513,0.000903342,0.104605,1,0.0972036,5,5
0,12,0.9,1.325,1,0.833333,1,0.111111,-0.587879,14.6981,0.00642032,0.103111,1,0.185233,5,5
1,12,0.425,0.6,1,1,1,0.25,0.151515,1.55649,0.00418281,0.104658,1,0.0820895,5,5
0,12,0.275,0.375,1,0.666667,1,0.111111,-0.660606,0.567128,0.0161198,0.104658,1,0.11032,5,5
1,12,0.5,0.725,1,0.333333,1,0.111111,-0.69697,3.52652,0.0227296,0.103768,1,0.0998992,5,5
1,12,0.4,0.475,1,0.333333,1,0.111111,-0.745455,3.67711,0.00457843,0.103008,1,0.163419,5,5
0,12,0.5,0.76875,1,0.833333,1,0.111111,-0.745455,10.4734,0.00660602,0.102147,1,0.13189,5,5
0,12,0.3,0.4875,1,0.833333,1,0.25,-0.175758,2.04269,0.0184183,0.103111,1,0.0560072,5,5
1,12,0.25,0.38125,1,1,1,0.428571,0.115152,0.930176,0.0264258,0.106306,1,0.118161,5,5
0,12,0.45,0.675,1,0.666667,1,0,-0.854545,0.495824,0.00363802,0.10141,1,0.138629,5,5
1,12,0.5,0.59375,1,0.333333,1,0.25,0.127273,1.63483,0.00435075,0.105442,1,0.153859,5,5
0,12,0.825,1,1,0.5,1,0.25,-0.6,1.12652,0.0190286,0.103794,1,0.194049,5,5
1,12,0.5,0.7125,1,1.33333,1,0.428571,0.260606,1.06759,0.00118868,0.106306,1,0.117979,5,5
1,12,0.45,0.65625,1,1.16667,1,0.428571,0.0909091,2.0072,0.120995,0.10717,1,0.122731,5,5
1,12,0.55,0.7375,1,0.5,1,0,-0.915152,0.0169156,0.105388,0.101654,1,0.163411,5,5
1,12,0.55,0.70625,1,0.666667,1,0.111111,-0.612121,5.81718,0.0260038,0.103873,1,0.203865,5,5
1,12,0.55,0.8625,1,1.33333,1,0.428571,0.175758,7.45997,0.0897869,0.10717,1,0.112467,5,5
0,12,0.225,0.4125,1,0.666667,1,0.111111,-0.709091,0.0257348,0.0116616,0.103873,1,0.043948,5,5
0,12,0.3,0.4375,1,0.5,1,0,-0.878788,0.461619,0.00596777,0.102247,1,0.075221,5,5
1,12,0.375,0.55625,1,0.5,1,0.25,-0.151515,1.34519,0.0574461,0.105442,1,0.204696,5,5
0,12,0.4,0.6,1,0.333333,1,0.428571,0.236364,3.91389,0.0323793,0.105442,1,0.157877,5,5
0,12,0.35,0.39375,1,0.833333,1,0.25,-0.50303,0.85356,0.0249764,0.104658,1,0.107874,5,5
1,12,0.525,0.88125,1,1.5,1,0.111111,-0.927273,4.07446,0.00760836,0.101361,1,0.192844,5,5
0,12,0.25,0.34375,1,0.666667,1,0.111111,-0.721212,2.44946,0.0160574,0.103008,1,0.130467,5,5
1,12,0.275,0.44375,1,0.833333,1,0.111111,-0.587879,0.716737,0.0407327,0.103794,1,0.0516156,5,5
0,12,0.425,0.65,1,1.33333,1,0.428571,-0.00606061,5.48071,0.0164641,0.104605,1,0.125175,5,5
1,12,0.65,0.94375,1,1.33333,1,0.111111,-0.50303,2.53725,0.0970245,0.105469,1,0.142223,5,5
1,12,0.275,0.36875,1,0.833333,1,0.25,-0.187879,2.19934,0.11772,0.103873,1,0.0998205,5,5
0,12,0.55,0.8,1,0.666667,1,0.25,-0.442424,11.4636,0.0113706,0.103008,1,0.136239,5,5
0,12,0.25,0.375,1,0.666667,1,0.25,-0.551515,0.341265,0.0442177,0.103008,1,0.12473,5,5
0,12,0.475,0.675,1,1.16667,1,0.666667,0.0545455,11.8301,0.00188004,0.104605,1,0.104775,5,5
1,12,0.35,0.5125,1,1,1,0.428571,0.0181818,6.81865,0.0960514,0.105442,1,0.0764011,5,5
0,12,0.225,0.35625,1,1,1,0.25,0.030303,1.24702,0.0178004,0.105442,1,0.0624413,5,5
0,12,0.475,0.725,1,1.16667,1,0.428571,0.2,4.27277,0.0166845,0.106306,1,0.122667,5,5
0,12,0.525,0.725,1,0.666667,1,0.111111,-0.490909,0.366587,0.071404,0.104658,1,0.103187,5,5
0,12,0.225,0.35625,1,0.5,1,0,-0.878788,1.80191,0.0675257,0.101654,1,0.0667943,5,5
0,12,0.225,0.30625,1,0.166667,1,0.111111,-0.6,0.188464,0.00574412,0.103794,1,0.0469723,5,5
1,12,0.425,0.59375,1,1.66667,1,0.428571,0.00606061,8.18913,0.0112774,0.105469,1,0.138741,5,5
0,12,0.175,0.28125,1,0.5,1,0.111111,-0.672727,2.14954,0.113705,0.103794,1,0.0907699,5,5
0,12,0.85,1.39375,1,1.33333,1,0.25,-0.551515,11.5906,0.00126321,0.102957,1,0.149359,5,5
1,12,0.3,0.43125,1,0.333333,1,0.25,0.139394,0.448655,0.0509519,0.105469,1,0.148066,5,5
0,12,0.55,0.70625,1,1,1,0.25,-0.369697,2.19391,0.125205,0.103794,1,0.1586,5,5
0,12,0.225,0.325,1,0.833333,1,0.111111,-0.781818,1.46507,0.0141177,0.103111,1,0.062685,5,5
0,12,0.55,0.80625,1,1.16667,1,0.428571,0.29697,4.62513,0.121639,0.10717,1,0.135403,5,5
1,12,0.35,0.475,1,1.5,1,0.666667,0.563636,0.594662,0.0105341,0.105469,1,0.0899218,5,5
0,12,0.25,0.3875,0,1,1,0.25,-0.00606061,0.255759,0.0512744,0.106306,1,0.136212,5,5
1,12,0.75,1.11875,1,1.5,1,0.25,-0.551515,15.0677,0.010537,0.104605,1,0.210579,5,5
1,12,0.25,0.3875,1,0.333333,1,0.428571,-0.29697,0.516911,0.141047,0.103794,1,0.113544,5,5
0,12,0.525,0.7875,1,0.5,1,0.25,0.163636,5.6634,0.00261551,0.106306,1,0.196356,5,5
1,12,0.625,0.8375,1,1.66667,1,0.111111,-0.393939,0.763005,0.0875199,0.102957,1,0.217432,5,5
0,12,0.35,0.51875,1,0.833333,1,0.111111,-0.454545,3.36931,0.142237,0.104658,1,0.114916,5,5
1,12,0.375,0.5375,1,1.33333,1,0.111111,-0.818182,0.145082,0.0202228,0.102172,1,0.0969709,5,5
1,12,0.45,0.7125,1,0.666667,1,0.25,-0.321212,1.41177,0.0484162,0.103794,1,0.168203,5,5
0,12,0.3,0.4,1,0.833333,1,0.25,-0.612121,7.3621,0.00756447,0.102372,1,0.110559,5,5
0,12,0.275,0.38125,1,0.833333,1,0.25,-0.50303,5.47637,0.00514313,0.103008,1,0.0531543,5,5
1,12,0.225,0.33125,1,0.833333,1,0.428571,-0.260606,1.19359,0.0173876,0.103794,1,0.0628148,5,5
0,12,0.35,0.54375,1,0.666667,1,0.25,-0.466667,1.85247,0.00436085,0.103873,1,0.101716,5,5
1,12,0.8,1.26875,1,1,1,0.25,-0.163636,11.9128,0.0127682,0.103111,1,0.174729,5,5
1,12,0.425,0.56875,1,0.833333,1,0.25,-0.369697,4.05963,0.0196959,0.106306,1,0.116585,5,5
0,13,0.325,0.39375,0,0.5,1,0.25,-0.636364,1.05459,0.0272316,0.103873,1,0.0869222,5,5
0,13,0.25,0.3625,1,0.666667,1,0.25,-0.515152,0.473146,0.00680272,0.105469,1,0.0928341,5,5
0,13,0.325,0.4875,1,0.5,1,0.25,0.139394,1.25499,0.0294789,0.106306,1,0.08398,5,5
0,13,0.6,0.8125,1,0.833333,1,0.25,-0.406061,1.4108,0.0040398,0.103794,1,0.169411,5,5
0,13,0.4,0.675,1,0.166667,1,0.111111,-0.781818,1.37234,0.0225896,0.102247,1,0.0637241,5,5
1,13,0.45,0.8125,1,1.16667,1,0.428571,-0.0424242,2.23304,0.00445079,0.104605,1,0.118818,5,5
1,13,0.425,0.875,1,0.5,1,0.111111,-0.636364,3.39905,0.00993054,0.103794,1,0.167099,5,5
1,13,0.475,0.84375,1,0.833333,1,0.428571,0.369697,0.994102,0.0367109,0.104658,1,0.125915,5,5
0,13,0.525,0.74375,1,1.16667,1,0.111111,-0.551515,5.88759,0.0250358,0.104658,1,0.142458,5,5
0,13,0.25,0.35625,1,0.333333,1,0.25,-0.236364,0.18954,0.0472686,0.104658,1,0.0871932,5,5
0,13,0.225,0.30625,1,0.833333,1,0.25,-0.163636,1.4124,0.0164634,0.106306,1,0.0706592,5,5
0,13,0.175,0.2875,1,0.666667,1,0.25,-0.309091,0.166209,0.0022963,0.104658,1,0.0450066,5,5
0,13,0.45,0.625,1,0,1,0.111111,-0.757576,2.81623,0.0426741,0.102957,1,0.119238,5,5
0,13,0.275,0.425,1,0.833333,1,0.428571,-0.0666667,4.79706,0.00229873,0.104658,1,0.0567426,5,5
1,13,0.2,0.3,1,0.333333,0.2,1,1,0.463138,0.0589574,0.504065,0.4,0.0917241,5,5
0,13,0.325,0.49375,1,0.333333,1,0.111111,-0.345455,1.2573,0.00890306,0.104658,1,0.0905114,5,5
1,13,0.4,0.66875,1,1.16667,1,0.25,-0.406061,5.89051,0.0152349,0.103794,1,0.112875,5,5
0,13,0.325,0.4875,1,0.5,1,0.25,-0.406061,1.21695,0.024494,0.103873,1,0.113116,5,5
1,13,0.625,0.80625,1,0.666667,1,0.428571,-0.151515,10.925,0.0233383,0.103768,1,0.143251,5,5
1,13,0.275,0.43125,1,0.5,1,0.25,0.0666667,4.9045,0.00130335,0.106306,1,0.0523848,5,5
1,13,0.4,0.6125,1,0.666667,1,0.111111,-0.69697,5.00297,0.0496511,0.103111,1,0.121029,5,5
0,13,0.325,0.5,1,1,1,0.111111,-0.806061,6.11973,0.0117545,0.102172,1,0.105414,5,5
0,13,0.575,0.84375,1,0.666667,1,0.111111,-0.563636,9.68271,0.0373896,0.102957,1,0.11308,5,5
0,13,0.425,0.49375,1,0.833333,1,0.25,-0.515152,7.57268,0.00115651,0.103768,1,0.18684,5,5
1,13,0.225,0.375,1,0.5,0.9,0.25,-0.4,0.321464,0.0541978,0.116334,1,0.0712368,5,5
1,13,0.675,1.01875,1,1.16667,1,0.428571,-0.29697,5.32886,0.00230556,0.104658,1,0.100804,5,5
1,13,0.225,0.39375,1,0.833333,1,0.111111,-0.575758,3.00378,0.00178059,0.102372,1,0.0578418,5,5
1,13,0.625,0.94375,1,1,1,0.111111,-0.648485,0.495793,0.00524189,0.102957,1,0.158033,5,5
1,13,0.4,0.55,1,1.33333,1,0.428571,-0.50303,4.52029,0.0050305,0.103794,1,0.141986,5,5
0,13,0.375,0.5375,0,0.5,1,0.428571,-0.0181818,1.11367,0.0434563,0.10717,1,0.135776,5,5
0,13,0.55,0.70625,1,1.16667,1,0.428571,-0.115152,13.4867,0.0168903,0.106306,1,0.122937,5,5
0,13,0.35,0.50625,1,1.16667,1,0.111111,-0.721212,1.44062,0.0408477,0.103794,1,0.0804394,5,5
0,13,0.45,0.7125,1,1.16667,1,0.111111,-0.842424,7.55959,0.0136755,0.102372,1,0.130305,5,5
0,13,0.225,0.325,1,0.5,1,0.25,-0.393939,0.291517,0.00985091,0.103873,1,0.0650128,5,5
0,13,0.4,0.6125,1,1,1,0,-0.733333,2.65764,0.0595745,0.103111,1,0.116771,5,5
1,13,0.55,0.8,1,1,1,0.111111,-0.90303,6.01226,0.0250135,0.101507,1,0.199484,5,5
1,13,0.225,0.30625,1,1,1,0.111111,-0.515152,0.291721,0.00594615,0.105442,1,0.0699581,5,5
1,13,0.325,0.44375,1,0.833333,1,0.111111,-0.757576,0.0365625,0.0162554,0.103111,1,0.0778598,5,5
0,13,0.3,0.53125,1,1.16667,1,0.25,-0.418182,2.03158,0.0263802,0.103111,1,0.127378,5,5
0,13,0.35,0.41875,1,0.5,1,0.25,-0.709091,6.36025,0.00131021,0.102172,1,0.107474,5,5
1,13,0.3,0.45,1,0.5,1,0.25,-0.381818,3.45693,0.025079,0.106306,1,0.077686,5,5
0,13,0.35,0.50625,1,0.5,1,0,-0.69697,3.33393,0.00629903,0.102247,1,0.0983912,5,5
0,13,0.525,0.75,1,1,1,0,-0.733333,0.993304,0.00059702,0.102372,1,0.093026,5,5
1,13,0.5,0.65625,1,1,1,0.25,-0.0909091,8.60789,0.0147908,0.104605,1,0.155282,5,5
0,13,0.325,0.4875,1,0.833333,1,0.111111,-0.309091,2.47637,0.0604897,0.10717,1,0.0984344,5,5
1,13,0.175,0.225,1,0.666667,1,0.111111,-0.636364,0.426146,0.043843,0.102957,1,0.0389467,5,5
1,13,0.3,0.49375,1,0.833333,1,0.25,-0.0545455,0.305266,0.0207481,0.105469,1,0.117412,5,5
1,13,0.425,0.65,1,0.5,1,0.25,0.2,6.50665,0.177147,0.10717,1,0.115817,5,5
0,13,0.7,0.96875,1,1.16667,1,0.111111,-0.866667,4.57555,0.0764605,0.102147,1,0.215221,5,5
0,13,0.45,0.56875,1,0.833333,1,0.25,-0.515152,1.46629,0.00105706,0.103873,1,0.121087,5,5
1,13,0.45,0.55,1,0.5,1,0.25,-0.563636,2.00729,0.000166675,0.103873,1,0.101329,5,5
0,13,0.575,0.7125,1,0.666667,1,0.25,-0.563636,0.550515,0.00291419,0.102372,1,0.140475,5,5
0,13,0.3,0.4125,1,0.5,1,0.111111,-0.769697,2.37304,0.0116638,0.102247,1,0.109221,5,5
0,13,0.225,0.41875,0,0.5,1,0.25,-0.151515,4.24882,0.0279122,0.104605,1,0.0774018,5,5
0,13,0.225,0.3625,1,0.666667,1,0.25,-0.309091,2.40874,0.00246636,0.103794,1,0.103916,5,5
1,13,0.225,0.325,1,0.333333,1,0,-0.878788,7.68108,0.108199,0.102247,1,0.0945915,5,5
0,13,0.525,0.6125,1,1,1,0.428571,0.29697,5.7879,0.0273737,0.10717,1,0.150094,5,5
0,13,0.55,0.75625,1,1.33333,1,0,-0.90303,1.26428,0.00739232,0.100957,1,0.160622,5,5
0,13,0.375,0.55,1,0.5,1,0.25,-0.539394,0.191289,0.0293925,0.103794,1,0.0677268,5,5
0,13,0.2,0.24375,1,0.5,1,0.428571,-0.10303,0.0161281,0.00836003,0.105442,1,0.0776841,5,5
1,13,0.275,0.325,0,0.333333,1,0.111111,-0.866667,0.647538,0.0305617,0.103008,1,0.0748171,5,5
0,13,0.25,0.40625,1,1,1,0.25,-0.284848,0.513185,0.081647,0.104605,1,0.152201,5,5
1,13,0.3,0.5125,1,0.833333,1,0.111111,-0.818182,0.342534,0.0264395,0.103111,1,0.0560337,5,5
1,13,0.375,0.58125,1,0.5,1,0.25,-0.648485,1.93854,0.00464853,0.103794,1,0.0797157,5,5
0,13,0.275,0.43125,1,0.833333,1,0.25,-0.575758,3.62941,0.00771775,0.102247,1,0.0689821,5,5
0,13,0.25,0.4125,1,0.666667,1,0,-0.769697,4.2363,0.00389442,0.102247,1,0.0637739,5,5
0,13,0.825,1.24375,1,0.833333,1,0.111111,-0.624242,7.75937,0.0815964,0.102372,1,0.143382,5,5
0,13,0.3,0.48125,1,0.5,1,0.111111,-0.575758,1.23813,0.0310613,0.102372,1,0.169274,5,5
0,13,0.225,0.325,1,0.5,1,0.428571,0.515152,0.403448,0.0358919,0.10717,1,0.0956156,5,5
1,13,0.35,0.46875,1,0.666667,1,0.111111,-0.842424,2.66941,0.0149954,0.102957,1,0.131031,5,5
1,13,0.325,0.38125,1,0.333333,1,0.111111,-0.030303,0.938861,0.0125393,0.105442,1,0.110356,5,5
1,13,0.375,0.46875,1,0.666667,1,0.25,-0.236364,3.22829,0.00760636,0.104658,1,0.107418,5,5
0,13,0.2,0.30625,1,0.666667,1,0.25,-0.50303,1.26216,0.0237667,0.103111,1,0.0722453,5,5
0,13,0.3,0.475,1,0.833333,1,0.111111,-0.842424,1.29638,0.0203947,0.10141,1,0.0724849,5,5
1,13,0.45,0.6,1,1,1,0.25,-0.224242,0.848544,0.00201304,0.105469,1,0.0952547,5,5
0,13,0.25,0.43125,1,1.16667,1,0.666667,0.272727,0.226923,0.0674074,0.103873,1,0.0818229,5,5
0,13,0.375,0.49375,1,0.666667,1,0.25,0.175758,2.90809,0.00830487,0.10717,1,0.151533,5,5
1,13,0.375,0.45625,1,1.16667,1,0.666667,0.369697,7.25446,0.0279319,0.106306,1,0.0999912,5,5
1,13,0.725,1,1,0.166667,1,0.25,-0.563636,0.820786,0.0615517,0.103873,1,0.192537,5,5
1,13,0.425,0.61875,1,1,1,0.428571,-0.0666667,0.484209,0.0202131,0.106306,1,0.134024,5,5
1,14,0.475,0.7125,1,1,1,0.111111,-0.939394,2.26986,0.0651391,0.101361,1,0.166328,5,5
1,14,0.65,0.875,1,1.16667,1,0.428571,0.236364,5.82156,0.0364815,0.104658,1,0.155857,5,5
0,14,1,1.46875,1,2.5,1,0.25,-0.272727,1.32719,0.0134839,0.104658,1,0.125868,5,5
0,14,0.675,1.1,1,0.833333,1,0.111111,-0.6,22.8719,0.0101715,0.103008,1,0.153135,5,5
0,14,0.275,0.40625,1,0.333333,1,0.25,-0.0424242,0.490017,0.0109062,0.103008,1,0.0549601,5,5
0,14,0.475,0.6625,1,0.666667,1,0.25,-0.442424,11.9043,0.0314163,0.104605,1,0.0849442,5,5
0,14,0.625,0.76875,1,0.833333,1,0.111111,-0.393939,2.33013,0.0340973,0.105469,1,0.189531,5,5
1,14,0.3,0.34375,1,0.833333,1,0.428571,-0.175758,5.29452,0.0362501,0.103873,1,0.0875512,5,5
1,14,0.5,0.6875,1,1.16667,1,0.25,-0.672727,6.29792,0.0297367,0.103008,1,0.159651,5,5
1,14,0.325,0.44375,1,0.5,1,0.111111,-0.406061,2.02933,0.00458655,0.105469,1,0.11142,5,5
0,14,0.4,0.5375,1,0.666667,1,0.111111,-0.757576,2.49937,0.00761342,0.103111,1,0.114814,5,5
0,14,0.325,0.475,1,0.833333,1,0.111111,-0.648485,0.233567,0.0061924,0.102372,1,0.0885714,5,5
0,14,0.225,0.38125,1,0.5,1,0.111111,-0.539394,2.43605,0.00512351,0.105469,1,0.0674334,5,5
0,14,0.275,0.30625,1,0.333333,1,0,-0.878788,1.05799,0.00264067,0.103111,1,0.0573993,5,5
1,14,0.375,0.5625,1,1.16667,1,0.25,-0.466667,4.32972,0.0464862,0.103794,1,0.208658,5,5
1,14,0.35,0.46875,1,0.833333,1,0.428571,0.309091,4.14139,0.022585,0.105469,1,0.130517,5,5
0,14,0.7,1.00625,1,0.666667,1,0.25,-0.551515,7.49495,0.00166342,0.104605,1,0.149548,5,5
0,14,0.3,0.475,1,0.333333,1,0.111111,-0.769697,6.42444,0.00231439,0.103794,1,0.106134,5,5
1,14,0.4,0.63125,1,0.5,1,0.666667,0.624242,1.98979,0.0129549,0.10717,1,0.116936,5,5
0,14,0.425,0.66875,1,0.666667,1,0.428571,-0.0787879,1.04346,0.0328696,0.103111,1,0.116259,5,5
0,14,0.325,0.55,1,1,1,0.428571,-0.212121,5.09185,0.0170831,0.103873,1,0.108886,5,5
1,14,0.325,0.48125,1,0.5,1,0.25,0.163636,2.00068,0.00262853,0.10717,1,0.0977395,5,5
0,14,0.525,0.78125,1,0.666667,1,0.428571,-0.0545455,12.7234,0.0324054,0.104658,1,0.139475,5,5
1,14,0.3,0.46875,0,0.833333,1,0.25,-0.345455,0.403326,0.0331506,0.105469,1,0.150313,5,5
0,14,0.475,0.5625,1,0.833333,1,0.111111,-0.50303,0.119029,0.0810873,0.104658,1,0.109842,5,5
0,14,0.475,0.7,1,1,1,0.25,-0.466667,1.60419,0.0216295,0.102247,1,0.157473,5,5
0,14,0.275,0.45625,1,0.833333,1,0.428571,-0.0787879,1.54446,0.00168662,0.105469,1,0.0646087,5,5
0,14,0.55,0.725,1,0.5,1,0.428571,-0.345455,5.27526,0.0599123,0.103873,1,0.145765,5,5
1,14,0.375,0.44375,1,0.666667,1,0.111111,-0.806061,0.657829,0.00334336,0.103008,1,0.119409,5,5
1,14,0.55,0.7125,1,0.666667,1,0.111111,-0.575758,3.50285,0.0135099,0.104605,1,0.176042,5,5
0,14,0.65,0.93125,1,0.5,1,0.111111,-0.757576,0.308462,0.0838468,0.101507,1,0.11265,5,5
1,14,0.325,0.48125,1,0.833333,1,0.25,-0.357576,1.17013,0.0748585,0.106306,1,0.180026,5,5
0,14,0.45,0.6125,1,1.16667,1,0.428571,0.127273,0.283107,0.0842617,0.105469,1,0.130085,5,5
0,14,0.35,0.525,1,0.666667,1,0.25,-0.684848,0.910067,0.0294498,0.104658,1,0.167746,5,5
0,14,0.525,0.7625,0,1.33333,1,0.111111,-0.878788,7.06199,0.0128884,0.100957,1,0.107074,5,5
1,14,0.2,0.38125,1,0.833333,1,0,-0.854545,0.262849,0.022173,0.101507,1,0.0574348,5,5
1,14,0.35,0.4875,1,0.666667,1,0.25,-0.321212,1.13305,0.0848745,0.103111,1,0.126633,5,5
0,14,0.525,0.79375,1,1,1,0.111111,-0.50303,0.664372,0.0646985,0.104658,1,0.121821,5,5
1,14,0.35,0.45625,1,0.666667,1,0.25,-0.50303,2.61621,0.0376109,0.104605,1,0.0841482,5,5
0,14,0.3,0.425,1,0.333333,0.6,0.666667,-0.371429,1.33999,0.0160055,0.169222,1,0.147805,5,5
0,14,0.375,0.49375,1,0.666667,1,0.25,-0.660606,4.94011,0.0290623,0.101654,1,0.0893733,5,5
0,14,0.4,0.4875,1,0.5,1,0.25,-0.466667,3.5812,0.0562837,0.102247,1,0.111734,5,5
0,14,0.375,0.59375,1,1.16667,1,0.25,-0.212121,0.552501,0.0193618,0.102372,1,0.143023,5,5
1,14,0.25,0.375,1,0.833333,0.8,1,0.714286,0.871152,0.0264406,0.12991,1,0.0869263,5,5
1,14,0.325,0.4375,1,0.833333,1,0.111111,-0.757576,4.80616,0.0127534,0.102957,1,0.117968,5,5
1,14,0.275,0.44375,1,1.33333,1,0.111111,-0.575758,6.41322,0.0144192,0.102957,1,0.0780008,5,5
1,14,0.625,1.01875,1,1.16667,1,0.25,-0.478788,5.60321,0.0210167,0.105469,1,0.268829,5,5
0,14,0.4,0.625,1,0.833333,1,0.111111,-0.575758,7.75446,0.00376996,0.103008,1,0.154022,5,5
0,14,0.325,0.49375,1,0.5,1,0.25,-0.6,4.09693,0.0189469,0.102247,1,0.0828637,5,5
0,14,0.275,0.3875,1,0.5,1,0.428571,-0.248485,0.41613,0.0199629,0.104605,1,0.0822618,5,5
0,14,0.25,0.375,1,0.666667,1,0.25,-0.309091,0.458426,0.0347861,0.104658,1,0.110467,5,5
0,14,0.575,0.875,1,1.16667,1,0.666667,0.612121,6.67209,0.120505,0.106306,1,0.192086,5,5
1,14,0.475,0.7,1,1.33333,1,0.111111,-0.369697,4.22835,0.045218,0.105469,1,0.161128,5,5
0,14,0.325,0.44375,1,0.833333,1,0.25,-0.127273,1.56972,0.00853788,0.105442,1,0.0886265,5,5
0,14,0.75,1.14375,1,1.33333,1,0.25,-0.163636,7.56615,0.20442,0.10717,1,0.20221,5,5
1,14,0.35,0.425,1,0.833333,1,0.25,0.0545455,3.81349,0.0599876,0.10717,1,0.11204,5,5
0,14,0.5,0.7375,1,0.666667,1,0.111111,-0.539394,0.956212,0.00309481,0.103111,1,0.122204,5,5
0,14,0.3,0.4,1,0.333333,1,0.111111,-0.454545,0.209719,0.048865,0.102957,1,0.0619521,5,5
0,14,0.25,0.34375,1,0.333333,1,0.25,-0.406061,7.15258,0.00202532,0.104658,1,0.0546447,5,5
0,14,0.275,0.35,1,0.833333,1,0.111111,-0.757576,0.182313,0.0258307,0.103111,1,0.057753,5,5
0,14,0.3,0.44375,1,1,1,0.428571,0.0787879,2.20369,0.0254019,0.105469,1,0.157449,5,5
0,14,0.45,0.5875,1,0.5,1,0.25,-0.321212,2.39295,0.0528826,0.103111,1,0.139349,5,5
1,14,0.4,0.51875,1,1,1,0.666667,0.418182,1.37218,0.00402713,0.106306,1,0.105495,5,5
0,14,0.425,0.6375,1,0.5,1,0.428571,0.309091,3.3478,0.0237134,0.106306,1,0.163534,5,5
1,14,0.525,0.70625,0,0.333333,1,0.25,-0.272727,3.53749,0.0104884,0.106306,1,0.121381,5,5
1,14,0.55,0.76875,1,1.16667,1,0.428571,0.418182,5.01262,0.124805,0.10717,1,0.156465,5,5
0,14,0.175,0.21875,1,0.5,1,0.25,-0.551515,0.574691,0.0159475,0.103111,1,0.0762493,5,5
0,14,0.35,0.55,1,0.666667,1,0.111111,-0.454545,5.10276,0.0114407,0.103111,1,0.112759,5,5
1,14,0.4,0.56875,1,0.5,1,0.25,-0.612121,3.27675,0.00115925,0.103873,1,0.120028,5,5
1,14,0.325,0.39375,1,0.333333,1,0.25,-0.418182,4.23343,0.0909035,0.104605,1,0.0865251,5,5
1,14,0.375,0.50625,1,1,1,0.111111,-0.878788,8.77403,0.0390046,0.102172,1,0.104821,5,5
1,14,0.375,0.4875,1,0.333333,1,0.25,-0.29697,2.04096,0.0259975,0.103111,1,0.131444,5,5
1,14,0.35,0.525,1,1,1,0.428571,0.10303,2.32778,0.0407973,0.105469,1,0.0923904,5,5
0,14,0.5,0.7,1,0.166667,1,0.111111,-0.29697,1.60099,0.0490477,0.10717,1,0.10986,5,5
0,14,0.3,0.4875,1,0.666667,1,0.428571,0.260606,0.275652,0.00107451,0.106306,1,0.0724542,5,5
0,14,0.35,0.5,1,0.833333,1,0.25,-0.575758,1.30361,0.00776127,0.104658,1,0.0793578,5,5
0,14,0.65,0.89375,1,1.83333,1,0.428571,-0.175758,13.0971,0.00302209,0.104605,1,0.143833,5,5
0,14,0.25,0.39375,1,0.5,1,0.25,-0.030303,0.069214,0.0420867,0.104658,1,0.0645549,5,5
1,14,0.425,0.6125,1,0.833333,1,0.428571,0.345455,1.15484,0.0498478,0.10717,1,0.12171,5,5
0,14,0.425,0.56875,1,0.333333,1,0.25,-0.406061,6.7433,0.00797739,0.104658,1,0.11278,5,5
