y,batch,x_q_toks,x_q_chars,x_qmark,x_q_ents,x_n_cand,x_js_overlap,x_rank_corr,x_sparse_margin,x_dense_margin,x_rrf_top1_mass,x_fuse_uniq,x_mean_q_overlap,x_ks,x_kd,x_n_nodes,x_n_edges,x_mean_deg,x_n_cc,x_n_q_seeds,x_seed_frac,x_lcc_frac
0,0,0.25,0.3625,1,0.833333,1,0.25,0.2,0.260156,0.0315157,0.10717,1,0.0731021,5,5,1,0.35,0.233333,0.6,0.5,0.3,0.5
0,0,0.45,0.6375,1,0.833333,1,0.666667,0.769697,1.7337,0.00172804,0.10717,1,0.119612,5,5,1,0.25,0.166667,0.6,0.666667,0.4,0.5
1,0,0.625,0.94375,1,0.166667,1,0.25,0.393939,5.08896,0.0712569,0.10717,1,0.133289,5,5,1,0.15,0.1,0.8,0.833333,0.5,0.3
1,0,0.325,0.49375,1,1,1,1,0.878788,0.240808,0.0109306,0.106306,1,0.128868,5,5,1,0.8,0.533333,0.4,1.16667,0.7,0.7
1,0,0.4,0.51875,1,1,1,0.25,0.187879,2.67717,0.0191397,0.106306,1,0.168224,5,5,1,0.2,0.133333,0.7,0.666667,0.4,0.4
1,0,0.45,0.49375,1,0.333333,1,0.25,0.115152,0.233487,0.0111574,0.10717,1,0.282642,5,5,1,0.25,0.166667,0.6,0.5,0.3,0.3
1,0,0.425,0.6625,1,0.333333,1,0.428571,0.587879,1.20662,0.0717007,0.10717,1,0.11953,5,5,1,0,0,1,0,0,0.1
0,0,0.375,0.55,1,0.5,1,0.428571,0.357576,1.0745,0.0429273,0.104605,1,0.105476,5,5,1,0.05,0.0333333,0.9,0.5,0.3,0.2
1,0,0.2,0.29375,1,0.833333,1,0.428571,0.309091,0.429158,0.0349113,0.105469,1,0.071347,5,5,1,0.2,0.133333,0.7,0.833333,0.5,0.3
0,0,0.275,0.35,1,1,1,0.428571,0.587879,2.83853,0.050593,0.10717,1,0.117812,5,5,1,0.15,0.1,0.8,0.833333,0.5,0.3
1,0,0.725,1.00625,1,0.833333,1,0.25,-0.115152,3.89049,0.134305,0.10717,1,0.189706,5,5,1,1.95,1.3,0.1,1.66667,1,1
1,0,0.425,0.61875,1,0.833333,1,0.428571,0.539394,1.41398,0.000902842,0.105469,1,0.144862,5,5,1,0.8,0.533333,0.4,1,0.6,0.7
1,0,0.55,0.775,1,1.33333,1,0.428571,0.806061,1.43691,0.0924402,0.10717,1,0.0978727,5,5,1,0.05,0.0333333,0.9,0.5,0.3,0.2
0,0,0.325,0.425,1,0.833333,1,0.666667,0.551515,0.85078,0.024582,0.10717,1,0.0678078,5,5,1,0.1,0.0666667,0.8,0.666667,0.4,0.2
0,0,0.325,0.60625,1,0.833333,1,1,0.830303,0.202091,0.0296827,0.106306,1,0.161734,5,5,1,0.1,0.0666667,0.8,0.666667,0.4,0.2
1,0,0.4,0.55,1,0.666667,1,1,0.769697,1.23148,0.092341,0.106306,1,0.122527,5,5,1,1.45,0.966667,0.2,1.5,0.9,0.9
1,0,0.55,0.7875,1,0.5,1,0.666667,0.660606,8.0667,0.158992,0.106306,1,0.203472,5,5,1,1.8,1.2,0.2,1.66667,1,0.9
0,0,0.225,0.38125,1,1,1,0.111111,-0.272727,0.542608,0.024523,0.103794,1,0.0703044,5,5,1,0.35,0.233333,0.6,1,0.6,0.5
0,0,0.55,0.9125,1,1.16667,1,0.666667,0.515152,10.0394,0.0549786,0.10717,1,0.16442,5,5,1,0.1,0.0666667,0.8,0.5,0.3,0.2
0,0,0.275,0.43125,1,1.16667,1,0.428571,-0.030303,3.42858,0.00465647,0.104605,1,0.093672,5,5,1,0.45,0.3,0.6,1,0.6,0.5
0,0,0.5,0.7,1,1,1,0.428571,0.345455,2.4239,0.0193561,0.106306,1,0.149825,5,5,1,0.05,0.0333333,0.9,0.333333,0.2,0.2
1,0,0.275,0.39375,1,0.666667,1,0.428571,0.551515,2.42417,0.0152961,0.106306,1,0.0725922,5,5,1,0.5,0.333333,0.3,0.333333,0.2,0.8
0,0,0.5,0.78125,1,0.833333,1,1,0.818182,5.49157,0.0668674,0.10717,1,0.120413,5,5,1,0.65,0.433333,0.4,1.16667,0.7,0.7
0,0,0.4,0.5875,1,1,1,0.428571,0.0666667,2.71814,0.0230906,0.106306,1,0.083648,5,5,1,0.55,0.366667,0.5,1,0.6,0.5
0,0,0.375,0.4625,1,0.666667,1,0.666667,0.333333,1.89507,0.0220354,0.104658,1,0.119517,5,5,1,0.15,0.1,0.7,0.833333,0.5,0.3
0,0,0.4,0.475,1,1,1,0.25,-0.212121,0.20438,0.0969065,0.104605,1,0.168511,5,5,1,0.3,0.2,0.7,1,0.6,0.4
0,0,0.675,1.0125,1,1.33333,1,0.25,-0.539394,1.18961,0.0252225,0.105469,1,0.276716,5,5,1,1.8,1.2,0.2,1.66667,1,0.9
1,0,0.225,0.35,1,0.5,0.2,1,1,1.87242,0.0356995,0.504065,0.4,0.0628518,5,5,0.2,0,0,0.2,0.333333,1,0.5
0,0,0.475,0.825,1,0.666667,1,0.428571,0.418182,5.27459,0.0144681,0.10717,1,0.158247,5,5,1,0.6,0.4,0.4,1.16667,0.7,0.6
1,0,0.45,0.58125,1,1,1,0.666667,0.721212,3.00199,0.0090381,0.106306,1,0.210284,5,5,1,0.4,0.266667,0.5,1.16667,0.7,0.4
1,0,0.25,0.3375,1,1,1,0.666667,0.551515,0.995048,0.0302429,0.10717,1,0.108039,5,5,1,0.9,0.6,0.2,1.5,0.9,0.9
0,0,0.35,0.4875,1,0.666667,1,0.428571,0.69697,0.536915,0.0849374,0.10717,1,0.126921,5,5,1,0.05,0.0333333,0.9,0.5,0.3,0.2
0,0,0.25,0.35625,0,0.666667,1,0.428571,0.260606,2.45315,0.0509594,0.105469,1,0.0905269,5,5,1,0.05,0.0333333,0.9,0.5,0.3,0.2
1,0,0.3,0.48125,1,1,1,0.25,0.284848,0.0598643,0.0360113,0.106306,1,0.0759072,5,5,1,0.2,0.133333,0.6,0.833333,0.5,0.5
1,0,0.275,0.40625,1,0.833333,1,0.25,-0.539394,3.29535,0.0690282,0.105469,1,0.0748732,5,5,1,0.25,0.166667,0.6,0.833333,0.5,0.4
1,0,0.475,0.6875,1,0.5,1,0.666667,0.733333,3.10732,0.000667612,0.10717,1,0.147517,5,5,1,0.05,0.0333333,0.9,1,0.6,0.2
1,0,0.475,0.68125,1,1,1,0.25,0.10303,2.27885,0.0988782,0.10717,1,0.140396,5,5,1,0,0,1,0.166667,0.1,0.1
1,0,0.425,0.64375,1,0.833333,1,0.666667,0.260606,2.99066,0.00595747,0.106306,1,0.142275,5,5,1,1.95,1.3,0.1,1.66667,1,1
1,0,0.35,0.575,1,1.5,1,0,-0.866667,0.2761,0.00620327,0.101654,1,0.0957486,5,5,1,0.9,0.6,0.3,1.33333,0.8,0.8
1,0,0.375,0.55625,1,0.333333,1,0.25,0.357576,3.10691,0.139867,0.10717,1,0.167719,5,5,1,0,0,1,0.333333,0.2,0.1
0,0,0.4,0.625,1,1.33333,1,0.428571,0.115152,6.94393,0.038991,0.106306,1,0.113103,5,5,1,0.25,0.166667,0.6,1,0.6,0.4
1,0,0.35,0.5625,1,0.5,1,0.428571,0.309091,1.23849,0.0368242,0.104658,1,0.148993,5,5,1,0.05,0.0333333,0.9,0.333333,0.2,0.2
0,0,0.625,0.8625,1,0.5,1,0.666667,0.587879,10.3444,0.0201144,0.10717,1,0.190275,5,5,1,0.15,0.1,0.7,0.5,0.3,0.2
1,0,0.325,0.4875,1,0.666667,1,0.25,-0.393939,1.83835,0.0348189,0.106306,1,0.0759561,5,5,1,0.6,0.4,0.5,1,0.6,0.6
0,0,0.625,0.93125,1,2,1,0.25,-0.127273,8.68879,0.0492593,0.105469,1,0.124871,5,5,1,0,0,1,0.333333,0.2,0.1
1,0,0.425,0.64375,1,0.666667,1,1,0.818182,0.502589,0.00158487,0.106306,1,0.229327,5,5,1,0.5,0.333333,0.4,1.33333,0.8,0.4
0,0,0.675,0.78125,1,0.5,1,0.666667,0.539394,3.60588,0.0415866,0.103873,1,0.116998,5,5,1,0.55,0.366667,0.4,1.33333,0.8,0.5
0,0,0.25,0.3625,1,0.333333,1,0.428571,0.127273,0.17367,0.00606179,0.105469,1,0.0640192,5,5,1,0.1,0.0666667,0.8,0.166667,0.1,0.2
0,0,0.2,0.2875,1,0.5,1,0.666667,0.6,0.959073,0.0179703,0.106306,1,0.0699259,5,5,1,1.8,1.2,0.2,1.66667,1,0.9
0,0,0.5,0.725,1,1.33333,1,0.25,-0.127273,5.15246,0.00744424,0.104658,1,0.16525,5,5,1,0.25,0.166667,0.6,0.5,0.3,0.3
1,0,0.825,1.11875,1,0.833333,1,0.25,0.163636,0.0564393,0.00786194,0.105469,1,0.268723,5,5,1,2.1,1.4,0.1,1.66667,1,1
1,0,0.45,0.59375,1,0.166667,1,0.428571,0.333333,0.216408,0.00126048,0.106306,1,0.152789,5,5,1,0,0,1,0.333333,0.2,0.1
0,0,0.325,0.4,1,0.333333,1,0.428571,0.430303,0.790963,0.0214274,0.10717,1,0.0939671,5,5,1,0.2,0.133333,0.6,0.333333,0.2,0.4
1,0,0.475,0.575,1,0.666667,1,0.666667,0.345455,0.430915,0.00483456,0.104605,1,0.18112,5,5,1,0.15,0.1,0.7,0.666667,0.4,0.3
0,0,0.325,0.5125,1,0.5,1,0.428571,0.29697,0.721811,0.0333632,0.105469,1,0.139004,5,5,1,0.7,0.466667,0.2,1,0.6,0.8
0,0,0.7,0.98125,0,1,1,0.666667,0.793939,1.26012,0.117575,0.10717,1,0.156125,5,5,1,1.05,0.7,0.4,1.33333,0.8,0.7
0,0,0.225,0.3375,1,0,1,0.111111,-0.50303,0.666825,0.0163893,0.103873,1,0.0923464,5,5,1,0.4,0.266667,0.6,0.833333,0.5,0.5
0,0,0.2,0.3,1,0.666667,1,0.428571,0.260606,1.29296,0.113462,0.106306,1,0.0911581,5,5,1,0.3,0.2,0.5,0.666667,0.4,0.4
0,0,0.45,0.60625,1,0.5,1,0.428571,0.175758,1.23992,0.0288262,0.104658,1,0.20083,5,5,1,0.15,0.1,0.8,1,0.6,0.3
0,0,0.15,0.2125,1,0.5,1,0.25,-0.10303,1.77981,0.0120852,0.106306,1,0.0858944,5,5,1,0.05,0.0333333,0.9,0.5,0.3,0.2
1,0,0.8,1.08125,1,1.16667,1,0.25,-0.115152,0.163676,0.000214774,0.104605,1,0.16889,5,5,1,1,0.666667,0.3,1.33333,0.8,0.8
1,0,0.475,0.625,1,0.5,1,0.428571,0.672727,0.59576,0.00960723,0.10717,1,0.160486,5,5,1,0.65,0.433333,0.3,0.833333,0.5,0.8
0,0,0.225,0.3125,1,0.833333,1,0.25,0.0424242,1.72453,0.0211084,0.105442,1,0.0753222,5,5,1,0.2,0.133333,0.6,0.5,0.3,0.3
1,0,0.45,0.59375,1,1.83333,1,0.428571,0.539394,2.96302,0.0739419,0.106306,1,0.243103,5,5,1,0.35,0.233333,0.6,0.666667,0.4,0.4
1,0,0.475,0.7375,1,0.5,1,0.428571,0.381818,4.34898,0.00067388,0.10717,1,0.116891,5,5,1,0,0,1,0.5,0.3,0.1
0,0,0.375,0.56875,1,0.833333,1,0.666667,0.6,0.705159,0.0164,0.105469,1,0.126724,5,5,1,0.3,0.2,0.7,0.5,0.3,0.4
0,0,0.425,0.6625,1,0.666667,1,0.428571,-0.575758,0.517481,0.00430958,0.103008,1,0.0959367,5,5,1,0.05,0.0333333,0.9,0.166667,0.1,0.2
0,0,0.775,1.06875,1,0.333333,1,0,-0.769697,0.225881,0.0175718,0.102372,1,0.191985,5,5,1,0.4,0.266667,0.5,0.833333,0.5,0.4
0,0,0.35,0.44375,0,0.666667,1,0.428571,-0.0545455,0.884774,0.00323361,0.104658,1,0.110141,5,5,1,0.35,0.233333,0.6,0.833333,0.5,0.4
1,0,0.675,0.85625,1,0.5,1,0.111111,-0.648485,4.84987,0.00681598,0.103873,1,0.187955,5,5,1,1.1,0.733333,0.3,1.5,0.9,0.7
1,0,0.675,1.0375,1,1.33333,1,0.25,0.575758,1.2461,0.115029,0.106306,1,0.27486,5,5,1,1.1,0.733333,0.3,1.66667,1,0.7
1,0,0.35,0.4875,0,0.5,1,0.666667,0.757576,6.81953,0.133487,0.10717,1,0.110431,5,5,1,1.5,1,0.2,1.33333,0.8,0.9
1,0,0.45,0.7625,1,0.666667,1,0.666667,0.612121,3.19713,0.0119452,0.10717,1,0.133211,5,5,1,0.35,0.233333,0.6,0.666667,0.4,0.4
0,0,0.475,0.69375,1,1.16667,1,0.25,0.2,5.13469,0.0122121,0.10717,1,0.203252,5,5,1,1.05,0.7,0.3,1.66667,1,0.7
0,0,0.325,0.6,1,0.666667,1,0.428571,0.151515,1.4203,0.0080325,0.10717,1,0.111046,5,5,1,1.4,0.933333,0.3,1.5,0.9,0.8
1,0,0.375,0.5875,1,1.33333,1,0.428571,0.454545,5.44111,0.0747289,0.105469,1,0.162983,5,5,1,0.5,0.333333,0.6,0.833333,0.5,0.5
0,0,0.375,0.50625,1,0.833333,1,0.25,0.369697,3.49106,0.0015977,0.10717,1,0.125577,5,5,1,0.05,0.0333333,0.9,0.666667,0.4,0.2
1,0,0.3,0.475,1,0.333333,1,0.25,-0.381818,0.715693,0.0409423,0.105469,1,0.0892257,5,5,1,1.1,0.733333,0.2,1.66667,1,0.9
1,0,0.25,0.4625,1,0.833333,1,0.25,0.151515,2.30591,0.0360149,0.106306,1,0.0840846,5,5,1,0.1,0.0666667,0.8,1,0.6,0.2
1,0,0.325,0.41875,1,0.666667,1,0.428571,0.29697,1.23783,0.0133979,0.10717,1,0.127676,5,5,1,1.8,1.2,0.2,1.5,0.9,0.9
1,1,0.375,0.525,1,0.833333,1,0.25,0.030303,0.168244,0.0333145,0.104658,1,0.231786,5,5,1,0.85,0.566667,0.4,1.16667,0.7,0.7
1,1,0.675,0.83125,1,1.66667,1,0.25,-0.0181818,0.036002,0.0544907,0.106306,1,0.120542,5,5,1,0.15,0.1,0.8,0.833333,0.5,0.3
1,1,0.425,0.66875,1,0.333333,1,0.25,-0.0787879,7.63651,0.0811269,0.10717,1,0.0704918,5,5,1,0.2,0.133333,0.6,0.833333,0.5,0.4
1,1,0.575,0.91875,1,0.666667,1,0.666667,0.769697,3.07796,0.00846955,0.106306,1,0.194753,5,5,1,0.15,0.1,0.8,0.833333,0.5,0.3
0,1,0.7,0.93125,1,1.33333,1,1,0.975758,4.11119,0.0437967,0.106306,1,0.133407,5,5,1,0.05,0.0333333,0.9,0.5,0.3,0.2
1,1,0.55,0.8625,1,0.666667,1,0.428571,0.636364,0.257804,0.01205,0.10717,1,0.157601,5,5,1,0.75,0.5,0.5,1,0.6,0.6
0,1,0.4,0.55625,1,0.5,1,0.25,0.00606061,0.42445,0.0263607,0.103794,1,0.179989,5,5,1,0.3,0.2,0.6,1,0.6,0.5
1,1,0.25,0.4125,1,1.16667,1,0.25,-0.175758,0.309592,0.047513,0.104658,1,0.115161,5,5,1,0.75,0.5,0.5,1,0.6,0.6
1,1,0.325,0.43125,1,0.5,1,0.428571,0.224242,1.08717,0.0383194,0.106306,1,0.144118,5,5,1,2.05,1.36667,0.1,1.66667,1,1
1,1,0.225,0.34375,1,0.833333,1,0.428571,0.515152,0.105227,0.0419667,0.10717,1,0.0814451,5,5,1,0.3,0.2,0.7,0.5,0.3,0.4
1,1,0.325,0.43125,1,0.333333,1,0.666667,0.515152,8.9329,0.0960646,0.10717,1,0.109259,5,5,1,0.15,0.1,0.8,0.833333,0.5,0.3
0,1,0.3,0.49375,1,0.833333,1,0.25,-0.151515,1.04446,0.00464201,0.105469,1,0.176852,5,5,1,1.05,0.7,0.4,1.16667,0.7,0.7
1,1,0.4,0.54375,1,0.5,1,0.428571,0.260606,0.696466,0.0556286,0.10717,1,0.171259,5,5,1,0.6,0.4,0.4,1,0.6,0.7
1,1,0.225,0.3375,1,0.5,1,0.25,0.151515,1.79685,0.0220102,0.10717,1,0.0866587,5,5,1,0.1,0.0666667,0.8,0.833333,0.5,0.3
1,1,0.55,0.9,1,0.333333,1,0.666667,0.575758,4.497,0.030513,0.10717,1,0.202956,5,5,1,0.3,0.2,0.5,1,0.6,0.6
0,1,0.175,0.2625,1,0.333333,1,0.428571,0.6,0.0531415,0.0322688,0.10717,1,0.10191,5,5,1,0.6,0.4,0.2,0.833333,0.5,0.9
0,1,0.35,0.475,1,0.5,1,0.666667,0.69697,0.560294,0.00273652,0.105469,1,0.105457,5,5,1,0,0,1,0.166667,0.1,0.1
1,1,0.3,0.44375,1,0.833333,1,0.666667,0.733333,0.96372,0.0179497,0.10717,1,0.0772893,5,5,1,0.25,0.166667,0.6,0.833333,0.5,0.3
1,1,0.425,0.59375,1,0.5,1,0.25,-0.0787879,6.10844,0.00482243,0.105469,1,0.205704,5,5,1,0.45,0.3,0.5,1,0.6,0.4
0,1,0.225,0.2875,1,0.5,1,0.428571,0.793939,0.0767913,0.0253412,0.106306,1,0.169264,5,5,1,0.75,0.5,0.2,1.16667,0.7,0.9
1,1,0.4,0.61875,1,0.5,1,0.428571,0.515152,3.67072,0.0866143,0.10717,1,0.104327,5,5,1,0.45,0.3,0.5,1.16667,0.7,0.6
0,1,0.35,0.4875,1,0.5,1,0.25,-0.272727,1.46321,0.014143,0.105469,1,0.0844923,5,5,1,0.05,0.0333333,0.9,0.166667,0.1,0.2
0,1,0.4,0.575,1,0.5,1,0.666667,0.648485,1.19256,0.00932259,0.106306,1,0.126128,5,5,1,0.05,0.0333333,0.9,0,0,0.2
1,1,0.45,0.68125,1,0.833333,1,0.428571,0.345455,1.31082,0.00563135,0.106306,1,0.18583,5,5,1,1.8,1.2,0.2,1.66667,1,0.9
1,1,0.675,0.9125,1,2,1,1,0.963636,2.4127,0.0219748,0.106306,1,0.304159,5,5,1,0.1,0.0666667,0.8,0.666667,0.4,0.2
1,1,0.325,0.46875,1,0.666667,1,1,0.890909,0.0812017,0.026042,0.106306,1,0.115538,5,5,1,0.3,0.2,0.7,0.833333,0.5,0.4
0,1,0.375,0.4125,1,0.333333,1,0.666667,0.684848,4.85707,0.0621046,0.10717,1,0.143546,5,5,1,0,0,1,0.333333,0.2,0.1
1,1,0.325,0.475,1,0.666667,1,0.25,-0.10303,3.75258,0.0649921,0.10717,1,0.0998472,5,5,1,1.4,0.933333,0.3,1.5,0.9,0.8
1,1,0.45,0.65,1,1,1,0.428571,0.648485,3.30801,0.0177367,0.10717,1,0.119144,5,5,1,0.3,0.2,0.7,0.833333,0.5,0.4
1,1,0.525,0.7375,1,0.833333,1,0.428571,-0.175758,3.68107,0.0063177,0.104658,1,0.15453,5,5,1,1.8,1.2,0.2,1.66667,1,0.9
1,1,0.45,0.5625,1,0.833333,1,0.428571,0.466667,2.85071,0.0125622,0.106306,1,0.176654,5,5,1,0.1,0.0666667,0.8,0.833333,0.5,0.2
1,1,0.3,0.425,1,0.166667,1,0.25,-0.0909091,2.85138,0.00500558,0.103873,1,0.0784441,5,5,1,0.2,0.133333,0.7,0.333333,0.2,0.4
1,1,0.525,0.6875,1,1.33333,1,0.428571,-0.0545455,2.91069,0.00656311,0.106306,1,0.205633,5,5,1,0.55,0.366667,0.5,0.833333,0.5,0.6
1,1,0.2,0.31875,1,0.833333,1,0.111111,-0.50303,2.74425,0.0235006,0.102957,1,0.0681624,5,5,1,0.05,0.0333333,0.9,0.333333,0.2,0.2
1,1,0.225,0.33125,1,0.5,1,0.428571,0.466667,0.556234,0.0623398,0.106306,1,0.087517,5,5,1,0.15,0.1,0.7,0.5,0.3,0.2
1,1,0.3,0.525,1,0.666667,1,0.428571,0.406061,0.552475,0.0335116,0.10717,1,0.0877436,5,5,1,1.8,1.2,0.2,1.5,0.9,0.9
1,1,0.375,0.525,1,0.166667,1,0.428571,0.345455,0.213643,0.0544111,0.10717,1,0.149312,5,5,1,0.3,0.2,0.5,1,0.6,0.4
0,1,0.325,0.5125,1,0.5,1,0.25,-0.0424242,2.08532,0.0382853,0.104658,1,0.0707266,5,5,1,0.1,0.0666667,0.8,0.5,0.3,0.3
0,1,0.275,0.3125,1,0.666667,1,0.111111,-0.454545,0.401363,0.000577364,0.103111,1,0.119777,5,5,1,0.05,0.0333333,0.9,0.5,0.3,0.2
0,1,0.2,0.3,1,0.833333,1,0.666667,0.660606,1.33996,0.0397294,0.105469,1,0.0682102,5,5,1,0.15,0.1,0.7,0.666667,0.4,0.3
0,1,0.225,0.31875,1,0.5,1,0.666667,0.757576,0.517256,0.0538413,0.10717,1,0.0909865,5,5,1,0.1,0.0666667,0.8,0.666667,0.4,0.2
1,1,0.425,0.625,1,1,1,0.25,-0.0666667,0.314341,0.0209333,0.105469,1,0.143699,5,5,1,0.35,0.233333,0.6,0.166667,0.1,0.5
0,1,0.575,0.88125,1,0.833333,1,0.666667,0.818182,5.98281,0.0587215,0.10717,1,0.133259,5,5,1,0.55,0.366667,0.5,1.16667,0.7,0.6
1,1,0.3,0.48125,1,0.333333,1,0.428571,0.757576,6.19244,0.0440091,0.106306,1,0.0971002,5,5,1,0.2,0.133333,0.7,0.333333,0.2,0.4
1,1,0.475,0.70625,1,1.5,1,0.666667,0.793939,2.90042,0.125558,0.10717,1,0.162409,5,5,1,0.1,0.0666667,0.8,0.833333,0.5,0.3
1,1,0.45,0.6,1,0.5,1,0.666667,0.745455,0.795021,0.000935193,0.105469,1,0.195794,5,5,1,0.75,0.5,0.5,0.333333,0.2,0.6
1,1,0.775,1.11875,1,1.33333,1,0.666667,0.624242,10.463,0.131643,0.10717,1,0.154587,5,5,1,0.05,0.0333333,0.9,0.666667,0.4,0.2
1,1,0.325,0.425,1,0.5,1,0.25,0.163636,3.70568,0.0286472,0.10717,1,0.114785,5,5,1,0.8,0.533333,0.3,0.833333,0.5,0.8
0,1,0.35,0.50625,1,1,1,0.666667,0.806061,1.71078,0.143926,0.10717,1,0.135935,5,5,1,0.25,0.166667,0.6,1.16667,0.7,0.3
1,1,0.375,0.5375,1,0.666667,1,0.666667,0.224242,0.937556,0.0353703,0.106306,1,0.114939,5,5,1,0.35,0.233333,0.6,0.333333,0.2,0.4
1,1,0.5,0.75,1,1.83333,1,0.428571,0.29697,8.65487,0.0168011,0.106306,1,0.185751,5,5,1,0.3,0.2,0.7,0.833333,0.5,0.4
0,1,0.3,0.43125,1,0.666667,1,0.25,-0.151515,0.171405,0.0144394,0.10717,1,0.0980901,5,5,1,1.2,0.8,0.3,1.5,0.9,0.8
0,1,0.4,0.51875,1,0.666667,1,0.666667,0.418182,6.35889,0.0108499,0.10717,1,0.169451,5,5,1,1.1,0.733333,0.2,1.33333,0.8,0.9
1,1,0.35,0.55,1,0.5,1,0.25,0.00606061,0.834635,0.0142046,0.10717,1,0.0777988,5,5,1,0.35,0.233333,0.6,0.166667,0.1,0.5
1,1,0.825,1.2375,1,1.83333,1,1,0.818182,7.87198,0.056604,0.10717,1,0.213481,5,5,1,0.15,0.1,0.7,0.833333,0.5,0.3
0,1,0.325,0.50625,1,0.333333,1,0.25,0.030303,0.0164231,0.00304056,0.10717,1,0.116179,5,5,1,0.05,0.0333333,0.9,0.166667,0.1,0.2
1,1,0.375,0.65,1,1,1,0.428571,0.648485,0.97033,0.0290244,0.106306,1,0.167586,5,5,1,2.25,1.5,0.1,1.66667,1,1
0,1,0.575,0.85625,1,1.5,1,0.666667,0.781818,0.87789,0.0488156,0.105469,1,0.121517,5,5,1,0.5,0.333333,0.6,1,0.6,0.5
0,1,0.45,0.5875,1,1,1,0.25,-0.10303,3.04058,0.0286755,0.104658,1,0.135528,5,5,1,0.9,0.6,0.4,1.16667,0.7,0.7
0,1,0.35,0.49375,1,0.833333,1,0.428571,0.284848,0.13546,0.0239632,0.106306,1,0.141092,5,5,1,0.55,0.366667,0.4,0.833333,0.5,0.5
0,1,0.225,0.4,1,0.833333,1,0.25,0.321212,1.19311,0.11498,0.10717,1,0.0995694,5,5,1,0,0,1,0.5,0.3,0.1
0,1,0.275,0.4,1,0.833333,1,0.25,0.0424242,0.196963,0.0640931,0.105469,1,0.0763861,5,5,1,0.5,0.333333,0.6,0.333333,0.2,0.5
1,1,0.225,0.3625,1,0.666667,1,0.666667,0.842424,1.5554,0.0577581,0.105469,1,0.079882,5,5,1,0.3,0.2,0.6,1.16667,0.7,0.3
1,1,0.575,0.89375,1,0.833333,1,0.666667,0.818182,1.70827,0.0368115,0.10717,1,0.134958,5,5,1,0.5,0.333333,0.3,0.333333,0.2,0.8
1,1,0.45,0.65,1,1.16667,1,0.666667,0.939394,1.23534,0.00249005,0.10717,1,0.119722,5,5,1,0.65,0.433333,0.4,1,0.6,0.7
1,1,0.25,0.30625,0,1,1,0.25,0.00606061,0.0366707,0.014147,0.104658,1,0.0835297,5,5,1,0.8,0.533333,0.4,1.33333,0.8,0.7
1,1,0.45,0.725,1,0.5,1,0.428571,0.490909,0.309653,0.077382,0.106306,1,0.108115,5,5,1,0.4,0.266667,0.5,1,0.6,0.4
1,1,0.6,0.65625,1,0.5,1,0.428571,0.187879,0.852191,0.000373209,0.105469,1,0.137498,5,5,1,1.05,0.7,0.4,1.33333,0.8,0.7
1,1,0.425,0.525,1,0.5,1,0.428571,0.187879,4.42655,0.0500349,0.105469,1,0.132915,5,5,1,0.35,0.233333,0.6,1,0.6,0.5
0,1,0.65,0.85,1,1.16667,1,0.428571,0.187879,0.531742,0.0278954,0.105469,1,0.237588,5,5,1,0.1,0.0666667,0.8,0.833333,0.5,0.3
0,1,0.25,0.36875,1,0.833333,1,0.666667,0.636364,3.61272,0.00187284,0.105469,1,0.09795,5,5,1,0.15,0.1,0.8,0.333333,0.2,0.3
0,1,0.95,1.4875,1,1.33333,1,0.428571,0.321212,2.04064,0.052159,0.10717,1,0.211929,5,5,1,0.55,0.366667,0.5,1.33333,0.8,0.6
1,1,0.475,0.61875,1,0.333333,1,0.666667,0.515152,0.569863,0.10511,0.10717,1,0.146792,5,5,1,0.75,0.5,0.5,1,0.6,0.6
1,1,0.6,0.75,1,1,1,0.666667,0.478788,1.14616,0.216455,0.106306,1,0.129925,5,5,1,0.3,0.2,0.7,0.666667,0.4,0.4
0,1,0.15,0.3,1,0.5,1,0.25,0.00606061,0.44088,0.0226526,0.105469,1,0.0832548,5,5,1,0.05,0.0333333,0.9,0.5,0.3,0.2
0,1,0.45,0.5875,1,0.333333,1,0.428571,0.684848,6.68959,0.0542432,0.10717,1,0.138117,5,5,1,0.9,0.6,0.3,1,0.6,0.6
0,1,0.45,0.60625,1,1,1,0.25,-0.369697,3.56134,0.001325,0.105469,1,0.132185,5,5,1,1.25,0.833333,0.1,1.5,0.9,1
1,1,0.3,0.475,1,1.16667,1,0.25,-0.030303,1.1507,0.0522023,0.106306,1,0.14698,5,5,1,0.1,0.0666667,0.8,0.666667,0.4,0.2
0,1,0.425,0.575,1,0.666667,1,0.25,0.187879,1.83134,0.0274002,0.10717,1,0.119572,5,5,1,0.45,0.3,0.4,1,0.6,0.7
0,1,0.575,0.7125,1,1.16667,1,0.428571,0.515152,11.4739,0.233999,0.10717,1,0.150358,5,5,1,0.35,0.233333,0.6,1.5,0.9,0.5
1,2,0.825,1.225,1,1.16667,1,0.428571,0.563636,9.00813,0.111101,0.10717,1,0.2311,5,5,1,0,0,1,0.166667,0.1,0.1
1,2,0.425,0.56875,1,1,1,0.25,-0.321212,3.70941,0.0648521,0.106306,1,0.115222,5,5,1,1.8,1.2,0.2,1.5,0.9,0.9
0,2,0.35,0.49375,1,1.16667,1,0.428571,0.418182,0.767685,0.00398743,0.106306,1,0.121658,5,5,1,1.2,0.8,0.3,1.33333,0.8,0.8
0,2,0.275,0.48125,1,1,1,0.25,0.163636,0.494227,0.0637175,0.106306,1,0.107535,5,5,1,0.5,0.333333,0.6,0.833333,0.5,0.5
0,2,0.225,0.2875,1,0.5,1,0.25,0.187879,1.44079,0.00778591,0.104658,1,0.0636006,5,5,1,0,0,1,0.166667,0.1,0.1
0,2,0.825,1.05625,1,1.33333,1,0.666667,0.745455,1.18675,0.0289761,0.105442,1,0.169927,5,5,1,0.1,0.0666667,0.8,1,0.6,0.2
0,2,0.2,0.3,0,0.666667,1,0.428571,0.624242,0.818408,0.0384079,0.10717,1,0.0360444,5,5,1,0,0,1,0.333333,0.2,0.1
1,2,0.5,0.75,1,2.16667,1,0.428571,-0.0545455,3.21481,0.12841,0.10717,1,0.214366,5,5,1,2.25,1.5,0.1,1.66667,1,1
1,2,0.375,0.68125,1,0.666667,1,0.666667,0.539394,1.05664,0.0796585,0.10717,1,0.149592,5,5,1,1.85,1.23333,0.1,1.66667,1,1
0,2,0.45,0.63125,1,0.666667,1,0.666667,0.793939,0.12591,0.0628715,0.10717,1,0.106828,5,5,1,0.15,0.1,0.8,0.333333,0.2,0.3
1,2,0.425,0.54375,1,0.5,1,0.428571,0.478788,0.548495,0.00691403,0.105469,1,0.114677,5,5,1,0.05,0.0333333,0.9,0.5,0.3,0.2
1,2,0.45,0.61875,1,0.666667,1,0.428571,-0.127273,0.750675,0.0907327,0.104605,1,0.156473,5,5,1,0.75,0.5,0.5,1.16667,0.7,0.6
1,2,0.45,0.53125,1,0.5,1,0.666667,0.745455,3.01314,0.00999247,0.105469,1,0.187277,5,5,1,0.4,0.266667,0.4,0.5,0.3,0.4
1,2,0.45,0.7,1,1.33333,1,0.666667,0.684848,3.95949,0.0988444,0.10717,1,0.161521,5,5,1,0.4,0.266667,0.4,1.16667,0.7,0.5
1,2,0.675,0.8875,1,1.83333,1,0.666667,0.284848,0.104218,0.0245415,0.103873,1,0.36037,5,5,1,0.2,0.133333,0.7,1,0.6,0.4
1,2,0.225,0.3125,1,0.666667,1,0.428571,0.284848,4.09981,0.104582,0.106306,1,0.0965345,5,5,1,0.35,0.233333,0.6,0.5,0.3,0.4
1,2,0.5,0.7,1,0.833333,1,0.666667,0.648485,3.94081,0.00910775,0.106306,1,0.145263,5,5,1,0,0,1,0.333333,0.2,0.1
0,2,0.55,0.85,1,0.833333,1,0.666667,0.587879,4.90543,0.0287847,0.10717,1,0.119687,5,5,1,0.35,0.233333,0.6,1,0.6,0.4
0,2,0.375,0.45,0,0.666667,1,0.428571,0.0666667,0.0821844,0.0298143,0.104605,1,0.189282,5,5,1,0,0,1,0.166667,0.1,0.1
1,2,0.3,0.4375,1,1,1,0.25,0.50303,0.519988,0.0664705,0.106306,1,0.114083,5,5,1,1,0.666667,0.2,1.66667,1,0.9
0,2,0.325,0.4875,1,0.5,1,0.666667,0.660606,0.314427,0.0438346,0.104658,1,0.102209,5,5,1,0.2,0.133333,0.7,0.833333,0.5,0.4
0,2,0.425,0.59375,1,0.666667,1,0.428571,0.624242,0.545172,0.0440336,0.10717,1,0.142133,5,5,1,0.2,0.133333,0.7,1,0.6,0.3
1,2,0.4,0.6,1,1.33333,1,0.428571,0.333333,2.52694,0.0281629,0.10717,1,0.0722317,5,5,1,0.1,0.0666667,0.8,0.833333,0.5,0.2
0,2,0.475,0.73125,1,1.66667,1,0.666667,0.224242,2.02734,0.0400915,0.105469,1,0.144556,5,5,1,0.5,0.333333,0.6,1,0.6,0.5
0,2,0.525,0.66875,1,0.833333,1,0.428571,0.115152,0.0567729,0.0689006,0.103873,1,0.141532,5,5,1,0.05,0.0333333,0.9,0.5,0.3,0.2
1,2,0.95,1.50625,1,1,1,0.666667,0.612121,0.00242787,0.0132921,0.10717,1,0.317753,5,5,1,1.05,0.7,0.4,1.16667,0.7,0.7
1,2,0.625,0.95,1,1.33333,1,0.25,-0.139394,4.07385,0.0468437,0.105469,1,0.110642,5,5,1,0.55,0.366667,0.5,1.16667,0.7,0.6
1,2,0.525,0.775,1,1,1,1,0.90303,7.46798,0.222306,0.10717,1,0.19091,5,5,1,0.05,0.0333333,0.9,0.5,0.3,0.2
1,2,0.375,0.6,1,1.33333,1,0.666667,0.793939,3.58773,0.110323,0.10717,1,0.126788,5,5,1,0.2,0.133333,0.7,1,0.6,0.3
1,2,0.425,0.53125,1,0.666667,1,0.666667,0.563636,2.61966,0.0151794,0.10717,1,0.127312,5,5,1,0.35,0.233333,0.5,1,0.6,0.3
1,2,0.425,0.6,1,0.666667,1,0.428571,0.2,0.440792,0.0311903,0.10717,1,0.116942,5,5,1,0.6,0.4,0.3,1.16667,0.7,0.5
1,2,0.6,0.85,1,2,1,0.25,-0.175758,21.6616,0.302425,0.10717,1,0.145568,5,5,1,0.2,0.133333,0.7,0.833333,0.5,0.3
0,2,0.35,0.5125,1,0.5,1,0.428571,0.733333,2.02335,0.0724753,0.10717,1,0.105245,5,5,1,0.05,0.0333333,0.9,0.666667,0.4,0.2
1,2,0.55,0.93125,1,0.666667,1,0.666667,0.248485,6.05531,0.0268974,0.105469,1,0.176571,5,5,1,0.05,0.0333333,0.9,0.666667,0.4,0.2
0,2,0.55,0.73125,1,0.5,1,0.428571,0.321212,5.95093,0.0882271,0.10717,1,0.115394,5,5,1,0.25,0.166667,0.5,1,0.6,0.6
1,2,0.4,0.55625,1,1.5,1,0.111111,-0.212121,3.58743,0.0324387,0.103794,1,0.0808622,5,5,1,0,0,1,0.333333,0.2,0.1
0,2,0.4,0.60625,1,1.16667,1,0.666667,0.660606,0.0572216,0.00455559,0.10717,1,0.138112,5,5,1,0.75,0.5,0.5,1.16667,0.7,0.6
0,2,0.25,0.46875,1,0.333333,1,0.25,-0.0666667,0.62862,0.0395401,0.103873,1,0.132561,5,5,1,0.15,0.1,0.8,0.5,0.3,0.3
0,2,0.425,0.54375,1,0.5,1,0.666667,0.69697,1.45042,0.0286652,0.105469,1,0.0684807,5,5,1,0.35,0.233333,0.6,0.833333,0.5,0.5
0,2,0.4,0.61875,1,0.166667,1,0.111111,-0.769697,0.720733,0.0505529,0.102147,1,0.0768931,5,5,1,1.8,1.2,0.2,1.5,0.9,0.9
1,2,0.4,0.61875,1,0.5,1,0.25,0.0424242,0.951375,0.0276288,0.106306,1,0.130267,5,5,1,0.3,0.2,0.5,1,0.6,0.4
1,2,0.325,0.5125,1,0.833333,1,0.666667,0.187879,6.08499,0.0474867,0.104658,1,0.162989,5,5,1,0.7,0.466667,0.3,0.666667,0.4,0.5
0,2,0.35,0.6125,1,0.5,1,0.25,0.0666667,1.52378,0.106729,0.10717,1,0.265439,5,5,1,1.8,1.2,0.2,0.333333,0.2,0.9
1,2,0.6,0.94375,1,1.83333,1,0.25,0.29697,2.67285,0.101258,0.10717,1,0.118131,5,5,1,0.55,0.366667,0.5,1.5,0.9,0.5
0,2,0.275,0.425,1,0.833333,1,0.25,-0.2,0.12008,0.0666468,0.103873,1,0.063829,5,5,1,0.75,0.5,0.5,1,0.6,0.6
0,2,0.325,0.4125,1,0.5,1,0.428571,-0.00606061,1.57786,0.0426745,0.106306,1,0.134828,5,5,1,0.35,0.233333,0.6,0.5,0.3,0.5
0,2,0.275,0.35,1,1.16667,1,0.25,0.0909091,4.21001,0.133921,0.10717,1,0.0999561,5,5,1,1.05,0.7,0.4,1.33333,0.8,0.7
0,2,0.325,0.475,1,1,1,0.666667,0.854545,0.887968,0.0933732,0.10717,1,0.162723,5,5,1,0.15,0.1,0.8,0.666667,0.4,0.3
1,2,0.325,0.5375,1,1,1,0.428571,0.551515,0.881874,0.0631332,0.106306,1,0.0704561,5,5,1,0.25,0.166667,0.5,0.833333,0.5,0.3
1,2,0.625,0.8625,1,1.16667,1,0.428571,0.0787879,0.00178645,0.0216962,0.106306,1,0.150626,5,5,1,0.75,0.5,0.3,0.666667,0.4,0.8
1,2,0.4,0.58125,1,0.5,1,0.428571,0.418182,1.04071,0.0792936,0.106306,1,0.133456,5,5,1,0.1,0.0666667,0.8,0.666667,0.4,0.2
1,2,0.525,0.7,1,1,1,0.428571,0.575758,2.21502,0.00157932,0.10717,1,0.11685,5,5,1,0.05,0.0333333,0.9,0.666667,0.4,0.2
0,2,0.3,0.48125,1,1.16667,1,0.428571,0.163636,1.98191,0.0549835,0.105442,1,0.119246,5,5,1,0.95,0.633333,0.4,1.33333,0.8,0.7
1,2,0.55,0.73125,1,1.16667,1,0.428571,-0.0181818,2.14497,0.0606802,0.105442,1,0.172475,5,5,1,0.3,0.2,0.7,0.666667,0.4,0.4
0,2,0.25,0.3625,1,1,1,0.428571,0.139394,2.92924,0.0129885,0.105442,1,0.0812026,5,5,1,0.35,0.233333,0.5,0.5,0.3,0.5
1,2,0.375,0.54375,1,0.5,1,0.428571,-0.0666667,0.311412,0.00839081,0.106306,1,0.148106,5,5,1,1.8,1.2,0.2,1.66667,1,0.9
0,2,0.375,0.5,1,0.333333,1,0.25,-0.212121,8.06563,0.0457474,0.104658,1,0.112157,5,5,1,0,0,1,0.333333,0.2,0.1
1,2,0.475,0.65,1,0.833333,1,0.428571,0.842424,10.3991,0.296606,0.10717,1,0.219109,5,5,1,0.2,0.133333,0.6,0.833333,0.5,0.3
1,2,0.35,0.50625,1,0.5,1,0.25,-0.260606,5.623,0.0382719,0.106306,1,0.131369,5,5,1,0,0,1,0.166667,0.1,0.1
1,2,0.425,0.725,1,0.666667,1,0.25,-0.260606,1.76952,0.0414603,0.104605,1,0.165964,5,5,1,0.6,0.4,0.5,1,0.6,0.6
1,2,0.3,0.5625,1,1,1,0.428571,0.393939,3.81658,0.00473266,0.10717,1,0.139105,5,5,1,0.2,0.133333,0.7,1,0.6,0.3
0,2,0.325,0.50625,1,0.666667,1,0.428571,-0.0787879,1.23584,0.0199001,0.105469,1,0.150612,5,5,1,0.05,0.0333333,0.9,0.333333,0.2,0.2
1,2,0.275,0.40625,1,0.666667,0.5,1,0.1,1.00453,0.0281637,0.203176,1,0.179534,5,5,0.5,0.15,0.2,0.3,0.666667,0.8,0.6
1,2,0.7,1.1,1,0.666667,1,0.666667,0.709091,5.73464,0.0387476,0.10717,1,0.17124,5,5,1,0.2,0.133333,0.7,0.833333,0.5,0.3
1,2,0.375,0.51875,1,0.833333,1,0.428571,0.430303,0.355358,0.0869336,0.106306,1,0.17403,5,5,1,0.2,0.133333,0.6,0.833333,0.5,0.4
0,2,0.725,1.0125,1,1,1,0.428571,0.29697,1.06483,0.0367809,0.105469,1,0.124362,5,5,1,0.25,0.166667,0.7,0.833333,0.5,0.4
0,2,0.275,0.35,1,1,1,0.428571,0.563636,0.290553,0.0617361,0.105469,1,0.0924034,5,5,1,0.15,0.1,0.8,0.5,0.3,0.3
1,2,0.4,0.6,1,1,1,0.666667,0.309091,1.3673,0.00248939,0.106306,1,0.145828,5,5,1,0.45,0.3,0.5,1,0.6,0.4
1,2,0.475,0.68125,1,1,1,0.666667,0.563636,8.15464,0.0927318,0.10717,1,0.121662,5,5,1,0,0,1,0.5,0.3,0.1
1,2,0.35,0.49375,1,0.5,1,0.25,-0.575758,1.23183,0.00929965,0.102372,1,0.125159,5,5,1,0.05,0.0333333,0.9,0.5,0.3,0.2
0,2,0.4,0.6375,1,0.833333,1,0.428571,0.672727,0.949544,0.0697762,0.10717,1,0.160366,5,5,1,0.65,0.433333,0.3,0.5,0.3,0.8
1,2,0.375,0.61875,1,0.5,1,0.428571,0.393939,1.56862,0.0598305,0.10717,1,0.133135,5,5,1,0.2,0.133333,0.7,0.5,0.3,0.4
0,2,0.775,1.05625,1,1.16667,1,0.666667,0.90303,10.0205,0.139473,0.10717,1,0.265203,5,5,1,0.45,0.3,0.5,1.33333,0.8,0.5
1,2,0.35,0.51875,1,1.33333,1,0.25,-0.236364,1.49237,0.000721627,0.105442,1,0.114263,5,5,1,1.1,0.733333,0.3,1.16667,0.7,0.7
0,2,0.35,0.5,1,0.666667,1,0.428571,0.0666667,2.33611,0.0906836,0.10717,1,0.092318,5,5,1,0.5,0.333333,0.6,1,0.6,0.5
1,2,0.475,0.65,1,1.16667,1,0.666667,0.6,2.09077,0.0223006,0.105469,1,0.15088,5,5,1,0.5,0.333333,0.6,0.833333,0.5,0.5
0,2,0.65,0.9125,1,0.666667,1,0.428571,0.878788,5.76904,0.00599791,0.106306,1,0.164101,5,5,1,0.05,0.0333333,0.9,0.666667,0.4,0.2
1,2,0.8,1.1,1,0,1,0.666667,0.709091,5.87682,0.151865,0.10717,1,0.118086,5,5,1,0.05,0.0333333,0.9,0.666667,0.4,0.2
0,2,0.6,0.8375,1,1,1,0.111111,-0.539394,0.869152,0.00255037,0.103794,1,0.150753,5,5,1,1.45,0.966667,0.2,1.66667,1,0.8
1,2,0.2,0.33125,1,0.5,0.2,1,1,0.0530665,0.0135498,0.504065,0.4,0.0737564,5,5,0.2,0,0,0.2,0.333333,1,0.5
0,3,0.6,0.8125,1,0.166667,1,0.666667,0.636364,4.63472,0.0130806,0.10717,1,0.135573,5,5,1,0.2,0.133333,0.7,0.166667,0.1,0.3
1,3,0.425,0.63125,1,0.333333,1,0.666667,0.660606,3.68367,0.0134967,0.10717,1,0.136514,5,5,1,0.25,0.166667,0.7,0.666667,0.4,0.4
1,3,0.5,0.8625,1,1.33333,1,0.25,-0.721212,4.0608,0.0395333,0.103008,1,0.181173,5,5,1,0,0,1,0.333333,0.2,0.1
1,3,0.45,0.625,1,0.5,1,0.666667,0.515152,1.43811,0.0292022,0.10717,1,0.136615,5,5,1,0.1,0.0666667,0.8,0.666667,0.4,0.2
0,3,0.2,0.31875,1,0.5,1,0.428571,0.151515,1.58067,0.0888748,0.105469,1,0.0462902,5,5,1,0,0,1,0.333333,0.2,0.1
0,3,0.475,0.56875,1,1,1,0.428571,0.636364,5.96213,0.14455,0.10717,1,0.204933,5,5,1,0.1,0.0666667,0.8,0.666667,0.4,0.2
1,3,0.475,0.60625,1,1,1,0.111111,-0.575758,1.03908,0.0194157,0.103111,1,0.112414,5,5,1,0.15,0.1,0.7,0.833333,0.5,0.2
0,3,0.2,0.29375,1,0.5,1,0.428571,0.454545,0.0782007,0.00713079,0.106306,1,0.112206,5,5,1,0.6,0.4,0.4,0.833333,0.5,0.4
0,3,0.3,0.475,1,1.16667,1,0.666667,0.963636,4.23137,0.109887,0.10717,1,0.0602115,5,5,1,0.1,0.0666667,0.8,0.666667,0.4,0.2
1,3,0.675,0.975,1,1.33333,1,0.428571,0.733333,6.24774,0.0923379,0.10717,1,0.141606,5,5,1,1,0.666667,0.3,1.33333,0.8,0.8
1,3,0.475,0.6125,1,1.16667,1,0.25,-0.212121,1.5365,0.00284994,0.104605,1,0.11709,5,5,1,1.1,0.733333,0.1,1.66667,1,1
1,3,0.175,0.26875,1,0.833333,1,0.428571,0.757576,0.449923,0.0652414,0.10717,1,0.118778,5,5,1,0.1,0.0666667,0.8,0.5,0.3,0.2
1,3,0.475,0.76875,1,1.16667,1,0.666667,0.418182,4.83867,0.0463364,0.106306,1,0.124894,5,5,1,0.3,0.2,0.7,0.833333,0.5,0.4
1,3,0.275,0.43125,1,0.833333,1,0.666667,0.551515,0.574493,0.0150542,0.105469,1,0.0804564,5,5,1,0.2,0.133333,0.7,0.5,0.3,0.4
1,3,0.55,0.75625,1,1,1,0.666667,0.830303,3.07614,0.0464616,0.10717,1,0.173674,5,5,1,0.2,0.133333,0.7,1,0.6,0.3
1,3,0.425,0.575,1,0.333333,1,0.25,-0.236364,4.18321,0.0175307,0.103794,1,0.123964,5,5,1,0.8,0.533333,0.4,1.33333,0.8,0.7
1,3,0.425,0.5375,1,0.833333,1,0.428571,-0.151515,1.53479,0.0930529,0.103873,1,0.206739,5,5,1,0.45,0.3,0.5,0.833333,0.5,0.6
1,3,0.65,1.0125,1,0.833333,1,0.666667,0.90303,12.2322,0.262663,0.10717,1,0.218124,5,5,1,0.45,0.3,0.4,1.33333,0.8,0.7
1,3,0.45,0.7,1,0.5,1,0.25,0.236364,0.66505,0.00708127,0.105469,1,0.169437,5,5,1,0.35,0.233333,0.5,1,0.6,0.4
1,3,0.2,0.35625,1,0.666667,1,0.428571,0.369697,1.4257,0.213938,0.10717,1,0.098435,5,5,1,0.05,0.0333333,0.9,0.5,0.3,0.2
0,3,0.425,0.60625,1,0.333333,1,0.428571,0.224242,2.10946,0.0470432,0.10717,1,0.118908,5,5,1,0.05,0.0333333,0.9,0.5,0.3,0.2
1,3,0.475,0.725,1,0.666667,1,0.666667,0.6,4.70074,0.128359,0.10717,1,0.182706,5,5,1,0.25,0.166667,0.6,0.833333,0.5,0.3
0,3,0.275,0.425,1,1.16667,1,0.111111,-0.660606,2.64834,0.0562714,0.102957,1,0.0817012,5,5,1,0.9,0.6,0.3,0.666667,0.4,0.6
1,3,0.7,1.10625,1,0.666667,1,0.428571,0.587879,2.84573,0.0345421,0.10717,1,0.191877,5,5,1,0.15,0.1,0.7,0.666667,0.4,0.3
0,3,0.575,0.76875,1,1,1,0.428571,0.357576,3.56854,0.0589485,0.106306,1,0.110913,5,5,1,0.4,0.266667,0.5,1,0.6,0.5
0,3,0.225,0.33125,1,0.333333,1,0.428571,0.0909091,0.166357,0.00390239,0.104658,1,0.0979344,5,5,1,0.05,0.0333333,0.9,0.166667,0.1,0.2
0,3,0.675,0.975,1,1.16667,1,0.428571,0.345455,1.30072,0.0601663,0.10717,1,0.192678,5,5,1,0.8,0.533333,0.4,1.16667,0.7,0.7
0,3,0.4,0.59375,1,0.5,1,0.428571,0.393939,6.54436,0.0330197,0.10717,1,0.12696,5,5,1,0.05,0.0333333,0.9,0.333333,0.2,0.2
1,3,0.6,0.88125,1,0.833333,1,0.666667,0.69697,1.21976,0.0338622,0.106306,1,0.221795,5,5,1,1.05,0.7,0.3,1.33333,0.8,0.8
1,3,0.35,0.55625,1,1,1,0.428571,0.466667,5.0884,0.0710011,0.10717,1,0.189169,5,5,1,0.15,0.1,0.7,0.5,0.3,0.3
0,3,0.425,0.625,1,1.33333,1,0.428571,0.272727,3.41687,0.067588,0.10717,1,0.192375,5,5,1,1.8,1.2,0.2,1.5,0.9,0.9
1,3,0.225,0.3875,1,0.5,1,0.25,-0.10303,0.209906,0.0500721,0.104658,1,0.0548594,5,5,1,0.1,0.0666667,0.8,0.833333,0.5,0.2
0,3,0.5,0.625,1,0.333333,1,0.25,0.381818,0.049951,0.0099271,0.10717,1,0.182157,5,5,1,0.65,0.433333,0.3,0.833333,0.5,0.7
1,3,0.425,0.58125,1,0.666667,1,0.666667,0.6,0.387114,0.0200641,0.10717,1,0.113111,5,5,1,0.2,0.133333,0.7,0.5,0.3,0.4
1,3,0.775,1.00625,1,0.833333,1,0.428571,0.466667,4.09252,0.0346046,0.10717,1,0.197934,5,5,1,0.05,0.0333333,0.9,0.666667,0.4,0.2
1,3,0.475,0.7625,1,0.833333,1,0.428571,0.660606,2.62407,0.0322271,0.106306,1,0.114078,5,5,1,0.15,0.1,0.8,0.833333,0.5,0.3
1,3,0.2,0.34375,1,0.666667,0.2,1,1,0.653271,0.0255126,0.504065,0.4,0.0663636,5,5,0.2,0,0,0.2,0.333333,1,0.5
1,3,0.45,0.6,1,0.666667,1,0.25,0.0787879,5.27094,0.00167786,0.105442,1,0.193167,5,5,1,0.15,0.1,0.7,0.166667,0.1,0.3
1,3,0.45,0.69375,1,0.833333,1,0.666667,0.733333,3.40116,0.0433721,0.10717,1,0.113512,5,5,1,0.25,0.166667,0.6,0.666667,0.4,0.3
0,3,0.25,0.35625,1,0.5,1,0.666667,0.830303,1.71317,0.00792119,0.106306,1,0.0722967,5,5,1,0.35,0.233333,0.6,1,0.6,0.4
0,3,0.35,0.50625,1,0.666667,1,0.666667,0.684848,0.18228,0.0174019,0.105469,1,0.0912633,5,5,1,0.25,0.166667,0.6,0.833333,0.5,0.4
1,3,0.475,0.7875,1,1,1,0.666667,0.672727,1.15061,0.188803,0.106306,1,0.187936,5,5,1,0.8,0.533333,0.4,1.33333,0.8,0.7
1,3,0.625,0.74375,1,0.833333,1,0.25,0.357576,0.613858,0.0214301,0.10717,1,0.145978,5,5,1,0.75,0.5,0.5,1.16667,0.7,0.6
1,3,0.325,0.4625,1,1,1,0.25,0.127273,0.0649192,0.00830839,0.106306,1,0.0942224,5,5,1,0.45,0.3,0.5,1.16667,0.7,0.6
0,3,0.4,0.43125,1,0.5,1,0.25,0.163636,10.671,0.0616781,0.106306,1,0.161166,5,5,1,0.3,0.2,0.7,0.833333,0.5,0.4
1,3,0.2,0.2875,1,0.833333,1,0.666667,0.745455,0.507259,0.062254,0.10717,1,0.0840337,5,5,1,1.1,0.733333,0.3,0.5,0.3,0.7
0,3,0.375,0.54375,1,0.666667,1,0.666667,0.466667,1.72081,0.0263901,0.106306,1,0.0943403,5,5,1,1.4,0.933333,0.3,1.33333,0.8,0.8
0,3,0.425,0.61875,1,0.833333,1,0.428571,0.442424,0.405114,0.0940649,0.106306,1,0.11178,5,5,1,0.55,0.366667,0.5,1.16667,0.7,0.6
1,3,0.3,0.43125,1,0.666667,1,0.25,0.127273,2.97456,0.0463752,0.106306,1,0.0979284,5,5,1,0.35,0.233333,0.6,0.5,0.3,0.5
1,3,0.4,0.5,0,1.16667,1,0.428571,0.660606,6.98976,0.153571,0.10717,1,0.142579,5,5,1,0.05,0.0333333,0.9,0.5,0.3,0.2
1,3,0.375,0.5375,1,0.666667,1,0.25,0.139394,3.84179,0.0391662,0.10717,1,0.120225,5,5,1,0.25,0.166667,0.6,0.833333,0.5,0.3
1,3,0.6,0.925,1,0.833333,1,0.428571,0.2,5.26743,0.0128926,0.103794,1,0.152815,5,5,1,1.5,1,0.2,1.5,0.9,0.9
0,3,0.35,0.54375,1,0.833333,1,0.428571,-0.10303,0.134357,0.0541106,0.104658,1,0.10856,5,5,1,0.2,0.133333,0.7,0.5,0.3,0.3
1,3,0.625,0.8875,1,1.5,1,0.666667,0.951515,7.46224,0.0526479,0.10717,1,0.177694,5,5,1,0.85,0.566667,0.4,1.33333,0.8,0.7
0,3,0.425,0.60625,1,1.16667,1,0.428571,0.381818,8.82473,0.111738,0.10717,1,0.0950881,5,5,1,0.05,0.0333333,0.9,0.5,0.3,0.2
1,3,0.55,0.7375,1,0.666667,1,0.428571,0.454545,4.04619,0.026052,0.104605,1,0.131842,5,5,1,0.15,0.1,0.7,0.333333,0.2,0.2
1,3,0.55,0.7125,1,0.666667,1,0.666667,0.636364,1.15267,0.018012,0.106306,1,0.184054,5,5,1,0.2,0.133333,0.7,0.833333,0.5,0.4
0,3,0.575,0.85,1,0.833333,1,1,0.915152,4.52233,0.0847157,0.10717,1,0.122475,5,5,1,0.2,0.133333,0.7,0.5,0.3,0.3
0,3,0.725,0.95,1,0.833333,1,0.25,0.151515,2.78373,0.0663756,0.106306,1,0.147662,5,5,1,0.25,0.166667,0.6,0.5,0.3,0.4
1,3,0.325,0.4375,1,0.666667,1,0.25,0.0545455,0.673263,0.0114614,0.104605,1,0.0706801,5,5,1,0.25,0.166667,0.6,1,0.6,0.4
0,3,0.3,0.4625,1,0.333333,1,0.428571,-0.0909091,0.321354,0.000557683,0.104605,1,0.0981001,5,5,1,0.15,0.1,0.7,0.833333,0.5,0.3
0,3,0.4,0.5625,1,0.666667,1,0.428571,0.115152,0.0660682,0.00346486,0.105442,1,0.10522,5,5,1,0.15,0.1,0.7,1,0.6,0.3
0,3,0.375,0.51875,1,0.833333,1,0.25,-0.139394,0.420427,0.00803432,0.102957,1,0.136004,5,5,1,0.4,0.266667,0.5,1.16667,0.7,0.6
0,3,0.35,0.48125,1,0.833333,1,0.666667,0.672727,2.35907,0.0442759,0.10717,1,0.139476,5,5,1,0.25,0.166667,0.6,0.833333,0.5,0.3
1,3,0.275,0.50625,1,1,1,0.666667,0.69697,6.89793,0.0174467,0.106306,1,0.080051,5,5,1,0,0,1,0.333333,0.2,0.1
0,3,0.35,0.475,1,0.333333,1,0.25,-0.0787879,2.42064,0.00772099,0.10717,1,0.11898,5,5,1,0.05,0.0333333,0.9,0.333333,0.2,0.2
0,3,0.225,0.31875,1,0.666667,1,0.666667,0.854545,0.203053,0.0562379,0.106306,1,0.0930378,5,5,1,0.25,0.166667,0.7,0.666667,0.4,0.4
1,3,0.65,0.90625,1,0.5,1,0.428571,0.442424,5.55904,0.0969844,0.106306,1,0.126048,5,5,1,0.3,0.2,0.7,0.833333,0.5,0.4
1,3,0.35,0.49375,1,0.666667,1,0.666667,0.660606,1.2397,0.0998455,0.10717,1,0.120574,5,5,1,0.2,0.133333,0.6,1,0.6,0.4
1,3,0.25,0.4,1,1.16667,1,0.428571,0.430303,2.04408,0.113977,0.106306,1,0.0872685,5,5,1,1.4,0.933333,0.3,1.5,0.9,0.8
0,3,0.525,0.7125,1,1,1,0.428571,-0.10303,2.00474,0.0035235,0.104658,1,0.143176,5,5,1,0.55,0.366667,0.5,1.16667,0.7,0.6
1,3,0.275,0.43125,1,0.833333,1,0.25,0.284848,1.0005,0.0246265,0.105469,1,0.0706105,5,5,1,0.1,0.0666667,0.8,0.5,0.3,0.2
0,3,0.25,0.4,1,0.666667,1,0.428571,0.127273,1.0189,0.0282675,0.105469,1,0.11353,5,5,1,0.1,0.0666667,0.8,0.666667,0.4,0.2
1,3,0.225,0.275,1,0.833333,1,0.428571,0.163636,2.42695,0.00726624,0.106306,1,0.0730132,5,5,1,0.05,0.0333333,0.9,0.333333,0.2,0.2
1,3,0.75,0.85,1,0.833333,1,0.428571,0.551515,3.70757,0.0451433,0.10717,1,0.129466,5,5,1,0.3,0.2,0.5,1.16667,0.7,0.5
0,3,0.25,0.3,1,0.166667,1,0.666667,0.6,6.7029,0.0465354,0.105469,1,0.167593,5,5,1,0,0,1,0.166667,0.1,0.1
1,3,0.35,0.55625,1,0.666667,1,1,0.866667,2.73704,0.0872875,0.10717,1,0.170701,5,5,1,0.2,0.133333,0.7,1,0.6,0.3
1,3,0.375,0.5875,1,0.666667,1,0.428571,0.381818,0.863447,0.0622979,0.10717,1,0.122467,5,5,1,0.25,0.166667,0.6,0.833333,0.5,0.3
0,3,0.275,0.4625,1,1.16667,1,0.428571,0.878788,0.621458,0.0632588,0.10717,1,0.113177,5,5,1,0.35,0.233333,0.6,0.833333,0.5,0.4
1,3,0.475,0.675,1,1.33333,1,0.666667,0.648485,1.72784,0.0683951,0.106306,1,0.146015,5,5,1,0.55,0.366667,0.5,1,0.6,0.6
0,4,0.225,0.28125,1,0.666667,1,0.428571,0.0545455,2.16158,0.00559653,0.105469,1,0.0780912,5,5,1,0.55,0.366667,0.5,1,0.6,0.5
1,4,0.45,0.7,1,0.5,1,0.428571,-0.030303,7.97808,0.0120272,0.103873,1,0.166249,5,5,1,0.85,0.566667,0.4,1.16667,0.7,0.7
1,4,0.375,0.48125,1,0.333333,1,0.25,-0.030303,0.389318,0.0165752,0.106306,1,0.20222,5,5,1,0.15,0.1,0.8,0.666667,0.4,0.3
1,4,0.375,0.4875,1,0.5,1,0.666667,0.721212,0.898899,0.0325155,0.106306,1,0.154513,5,5,1,0.2,0.133333,0.6,1.16667,0.7,0.3
1,4,0.75,1.10625,0,1,1,0.666667,0.781818,4.14369,0.0491399,0.10717,1,0.164228,5,5,1,0.55,0.366667,0.4,1.33333,0.8,0.7
1,4,0.225,0.375,1,0.666667,1,0.666667,0.672727,2.53931,0.0249869,0.106306,1,0.0860066,5,5,1,0.15,0.1,0.7,0.833333,0.5,0.2
0,4,0.4,0.625,1,0.833333,1,0.428571,0.333333,0.984537,0.0187319,0.105469,1,0.137452,5,5,1,0.1,0.0666667,0.8,0.5,0.3,0.2
0,4,0.4,0.54375,1,1.16667,1,0.428571,-0.175758,0.915992,0.0145968,0.103794,1,0.115125,5,5,1,0.3,0.2,0.6,0.5,0.3,0.5
1,4,0.3,0.50625,1,0.833333,1,0.666667,0.721212,1.50602,0.0117048,0.10717,1,0.107715,5,5,1,0.45,0.3,0.4,1.16667,0.7,0.6
0,4,0.35,0.51875,1,0.666667,1,0.428571,0.624242,2.23765,0.0431346,0.10717,1,0.109692,5,5,1,0.3,0.2,0.5,0.666667,0.4,0.5
0,4,0.2,0.2375,1,0.333333,1,0.428571,0.163636,0.36674,0.0071223,0.104658,1,0.0708084,5,5,1,0.2,0.133333,0.7,0.833333,0.5,0.3
1,4,0.525,0.76875,1,0.666667,1,0.428571,0.345455,5.40963,0.20171,0.10717,1,0.200528,5,5,1,0.6,0.4,0.3,0.833333,0.5,0.5
0,4,0.4,0.55,1,0.333333,1,0.666667,0.684848,1.39079,0.0181679,0.106306,1,0.122649,5,5,1,0.45,0.3,0.4,1.16667,0.7,0.5
1,4,0.425,0.6125,1,0.666667,1,0.428571,0.187879,0.498936,0.0890442,0.104658,1,0.119327,5,5,1,0.2,0.133333,0.6,0,0,0.4
0,4,0.3,0.4,1,0.833333,1,0.428571,0.0545455,0.523454,0.0182022,0.104605,1,0.0959499,5,5,1,1.25,0.833333,0.3,1.33333,0.8,0.8
0,4,0.4,0.5375,1,0.833333,1,0.666667,0.6,6.21859,0.0407854,0.10717,1,0.0858533,5,5,1,0.2,0.133333,0.7,0.833333,0.5,0.3
1,4,0.3,0.44375,1,0.833333,1,0.428571,0.2,3.42998,0.124456,0.10717,1,0.0784001,5,5,1,0.25,0.166667,0.6,0.833333,0.5,0.4
1,4,0.25,0.375,1,1.16667,1,0.25,-0.357576,1.22696,0.059483,0.104658,1,0.0618241,5,5,1,0.15,0.1,0.7,0.833333,0.5,0.2
1,4,0.325,0.45625,1,0.5,1,0.428571,0.721212,1.59367,0.122508,0.10717,1,0.164735,5,5,1,1.05,0.7,0.4,0.333333,0.2,0.7
1,4,0.375,0.59375,1,1,1,0.428571,0.29697,1.57714,0.0209964,0.105469,1,0.112892,5,5,1,0.4,0.266667,0.5,0.5,0.3,0.5
0,4,0.375,0.45625,1,0.666667,1,0.25,0.369697,6.00155,0.0101958,0.105469,1,0.104901,5,5,1,0,0,1,0.5,0.3,0.1
1,4,0.35,0.575,1,1,1,0.666667,0.830303,0.169838,0.103092,0.10717,1,0.198231,5,5,1,0.2,0.133333,0.7,0.333333,0.2,0.3
1,4,0.375,0.5375,1,1,1,1,0.69697,4.10704,0.0387283,0.105442,1,0.155584,5,5,1,0.75,0.5,0.2,1.66667,1,0.7
1,4,0.4,0.58125,1,1,1,0.428571,0.50303,0.664538,0.0198437,0.104605,1,0.100306,5,5,1,0.5,0.333333,0.4,1,0.6,0.6
1,4,0.425,0.60625,1,0.833333,1,0.428571,0.369697,8.26373,0.0800982,0.10717,1,0.143685,5,5,1,0.65,0.433333,0.3,0.833333,0.5,0.8
0,4,0.375,0.45625,1,0,1,0.428571,-0.333333,2.43828,0.0191977,0.103873,1,0.115139,5,5,1,0,0,1,0.166667,0.1,0.1
0,4,0.675,0.95,1,1.33333,1,0.666667,0.769697,6.12362,0.0466461,0.10717,1,0.20495,5,5,1,0.4,0.266667,0.5,1,0.6,0.6
1,4,0.35,0.4875,1,0.5,1,0.666667,0.636364,3.20369,0.126193,0.106306,1,0.191444,5,5,1,1.1,0.733333,0.3,1.33333,0.8,0.8
0,4,0.225,0.325,1,0.166667,1,0.666667,0.50303,1.10135,0.0615098,0.10717,1,0.098119,5,5,1,0.8,0.533333,0.4,1.16667,0.7,0.7
1,4,0.525,0.9125,1,0.5,1,0.428571,0.563636,3.98497,0.00458975,0.105469,1,0.125762,5,5,1,0.2,0.133333,0.7,1,0.6,0.3
1,4,0.475,0.65625,1,0.5,1,0.428571,0.575758,4.65555,0.00199726,0.106306,1,0.229563,5,5,1,0.65,0.433333,0.3,1.16667,0.7,0.8
0,4,0.3,0.41875,1,0.666667,1,0.428571,-0.0666667,0.248121,0.0156794,0.104605,1,0.108788,5,5,1,0.45,0.3,0.5,0.833333,0.5,0.6
0,4,0.275,0.4875,1,1.16667,1,0.666667,0.187879,0.348218,0.0174016,0.104605,1,0.119066,5,5,1,0.15,0.1,0.8,0.5,0.3,0.3
1,4,0.425,0.66875,1,0.333333,1,0.25,0.115152,5.62715,0.086014,0.10717,1,0.0982188,5,5,1,0,0,1,0.166667,0.1,0.1
0,4,0.275,0.39375,1,0.833333,1,0.666667,0.515152,3.72115,0.0123648,0.105469,1,0.136987,5,5,1,0.55,0.366667,0.4,1.33333,0.8,0.4
0,4,0.2,0.3,1,0.5,1,0.428571,0.115152,0.50643,0.0450198,0.10717,1,0.084861,5,5,1,0.4,0.266667,0.5,1,0.6,0.4
0,4,0.45,0.65625,1,0.5,1,0.428571,0.490909,3.12,0.0565551,0.106306,1,0.096378,5,5,1,1,0.666667,0.3,1.5,0.9,0.8
1,4,0.525,0.775,1,0.666667,1,0.428571,0.333333,4.30255,0.0759791,0.10717,1,0.117532,5,5,1,0.2,0.133333,0.7,1.16667,0.7,0.3
1,4,0.65,0.94375,1,1,1,0.428571,0.418182,6.36546,0.0833716,0.10717,1,0.0937512,5,5,1,0.15,0.1,0.7,1,0.6,0.3
0,4,0.425,0.60625,1,0.5,1,0.428571,0.0545455,1.03644,0.0172211,0.105469,1,0.128218,5,5,1,0.35,0.233333,0.6,1.16667,0.7,0.4
1,4,0.4,0.65,1,0.5,1,0.428571,0.418182,1.05312,0.109845,0.106306,1,0.167644,5,5,1,0.15,0.1,0.8,0.666667,0.4,0.3
0,4,0.275,0.3625,1,0.5,1,0.25,0.345455,1.56302,0.010588,0.105469,1,0.0697296,5,5,1,0.35,0.233333,0.5,1,0.6,0.6
1,4,0.425,0.575,1,0.666667,1,0.428571,0.0545455,7.683,0.00654904,0.104605,1,0.145057,5,5,1,1.25,0.833333,0.2,1.5,0.9,0.9
0,4,0.325,0.39375,1,0.5,1,0.666667,0.769697,1.29811,0.0276871,0.10717,1,0.0806239,5,5,1,0.2,0.133333,0.7,0.666667,0.4,0.4
0,4,0.375,0.58125,1,0.666667,1,0.666667,0.309091,1.21094,0.063169,0.106306,1,0.100971,5,5,1,0.4,0.266667,0.5,1,0.6,0.4
0,4,0.325,0.48125,1,0.666667,1,0.111111,-0.660606,1.51261,0.00469056,0.102957,1,0.192546,5,5,1,0.2,0.133333,0.7,0.833333,0.5,0.4
1,4,0.575,0.85625,1,0.833333,1,0.666667,0.721212,0.616133,0.040564,0.10717,1,0.203871,5,5,1,0.1,0.0666667,0.8,0.666667,0.4,0.2
0,4,0.375,0.54375,1,1,1,0.25,-0.248485,3.54281,0.00144335,0.104605,1,0.0916426,5,5,1,0,0,1,0.333333,0.2,0.1
0,4,0.675,1.03125,1,0.833333,1,0.25,0.115152,25.7432,0.356385,0.10717,1,0.154457,5,5,1,0.35,0.233333,0.6,1,0.6,0.5
1,4,0.25,0.4,1,0.5,1,0.25,0.212121,4.96934,0.121551,0.10717,1,0.133191,5,5,1,0.05,0.0333333,0.9,0.5,0.3,0.2
0,4,0.3,0.39375,1,0.666667,1,0.25,0.163636,0.422092,0.00153035,0.105469,1,0.0942763,5,5,1,0.1,0.0666667,0.8,0.666667,0.4,0.3
0,4,0.325,0.49375,1,1,1,0.111111,-0.69697,4.0368,0.0112414,0.103008,1,0.0584538,5,5,1,1.3,0.866667,0.2,1.66667,1,0.9
1,4,0.6,0.76875,1,1.16667,1,1,0.90303,11.711,0.0146819,0.10717,1,0.172186,5,5,1,0.7,0.466667,0.4,1.16667,0.7,0.7
0,4,0.3,0.4375,1,0.333333,1,0.428571,0.163636,3.62625,0.115942,0.10717,1,0.136595,5,5,1,0.05,0.0333333,0.9,0.5,0.3,0.2
0,4,0.325,0.4875,1,0.666667,1,0.25,-0.224242,1.71635,0.00528363,0.103111,1,0.0756401,5,5,1,0.3,0.2,0.6,1,0.6,0.5
1,4,0.5,0.625,1,0.666667,1,0.428571,0.29697,3.75031,0.0123325,0.104658,1,0.122166,5,5,1,1.45,0.966667,0.2,1.33333,0.8,0.9
1,4,0.4,0.625,1,0.5,1,0.25,-0.393939,1.33642,0.00998997,0.104658,1,0.117926,5,5,1,0.75,0.5,0.5,1.16667,0.7,0.6
1,4,0.3,0.55625,1,0.333333,1,0.428571,0.321212,0.489297,0.0338824,0.106306,1,0.0875284,5,5,1,0.05,0.0333333,0.9,0.666667,0.4,0.2
0,4,0.4,0.58125,1,0.833333,1,0.666667,0.745455,5.87632,0.0419481,0.10717,1,0.0955577,5,5,1,0.2,0.133333,0.7,0.666667,0.4,0.4
1,4,0.4,0.64375,1,1,1,0.666667,0.624242,3.79023,0.0899019,0.106306,1,0.108518,5,5,1,0.25,0.166667,0.6,1,0.6,0.5
0,4,0.325,0.4125,1,0.666667,1,0.666667,0.587879,2.30547,0.01303,0.104605,1,0.0867537,5,5,1,0.1,0.0666667,0.8,0.666667,0.4,0.2
0,4,0.45,0.5625,1,1.5,1,0.666667,0.90303,4.03883,0.0659524,0.10717,1,0.177289,5,5,1,1.05,0.7,0.4,1.5,0.9,0.7
0,4,0.525,0.7375,1,0.833333,1,0.428571,0.418182,11.1198,0.0527676,0.105469,1,0.12956,5,5,1,0.75,0.5,0.5,1.16667,0.7,0.6
0,4,0.4,0.59375,1,0.666667,1,0.25,-0.187879,3.29895,0.0214726,0.104605,1,0.175813,5,5,1,1.4,0.933333,0.3,1.5,0.9,0.8
1,4,0.425,0.625,1,1.5,1,0.25,0.0545455,4.90052,7.65186e-05,0.106306,1,0.118059,5,5,1,0.15,0.1,0.8,0.666667,0.4,0.3
1,4,0.7,0.89375,1,1.16667,1,0.428571,0.672727,4.65101,0.0784734,0.10717,1,0.185374,5,5,1,0.05,0.0333333,0.9,0.5,0.3,0.2
0,4,0.375,0.54375,1,0.5,1,0.428571,-0.0666667,0.727338,0.00599364,0.103111,1,0.0939003,5,5,1,0.4,0.266667,0.6,0.666667,0.4,0.5
0,4,0.4,0.45625,1,0.5,1,0.25,0.0787879,3.44691,0.021159,0.10717,1,0.194277,5,5,1,0.1,0.0666667,0.8,0.833333,0.5,0.2
1,4,0.5,0.65625,1,0.666667,1,0.428571,0.29697,0.554629,0.00303091,0.105469,1,0.162892,5,5,1,0.05,0.0333333,0.9,0.666667,0.4,0.2
1,4,0.45,0.61875,1,1.16667,1,0.428571,0.660606,6.51753,0.0406097,0.106306,1,0.175006,5,5,1,0,0,1,0.166667,0.1,0.1
0,4,0.225,0.3,1,0.666667,1,0.666667,0.636364,0.226436,0.0146859,0.106306,1,0.0642559,5,5,1,0.1,0.0666667,0.8,0.666667,0.4,0.2
1,4,0.45,0.64375,1,1.5,1,0.428571,0.466667,0.517964,0.00224433,0.104658,1,0.114174,5,5,1,0.5,0.333333,0.6,1.16667,0.7,0.5
1,4,0.425,0.575,1,0.5,1,0.25,-0.151515,4.15342,0.0183751,0.103873,1,0.11924,5,5,1,0,0,1,0.333333,0.2,0.1
0,4,0.25,0.375,1,0.666667,1,0.428571,-0.151515,1.70222,0.020537,0.104658,1,0.124066,5,5,1,0.4,0.266667,0.4,0.833333,0.5,0.5
0,4,0.35,0.5125,1,0.666667,1,0.428571,0.139394,0.241732,0.00242949,0.104605,1,0.115914,5,5,1,0.1,0.0666667,0.8,0.833333,0.5,0.2
0,4,0.375,0.6375,1,1.16667,1,0.428571,0.527273,0.301084,0.0355886,0.106306,1,0.110206,5,5,1,0.45,0.3,0.6,0.833333,0.5,0.5
1,4,0.525,0.775,1,1,1,1,0.793939,3.95522,0.0193616,0.106306,1,0.214683,5,5,1,0.3,0.2,0.6,0.5,0.3,0.3
0,4,0.325,0.48125,1,0.833333,1,0.25,0.0666667,2.36983,0.102827,0.10717,1,0.0804688,5,5,1,1.05,0.7,0.4,1.16667,0.7,0.7
1,4,0.5,0.75625,1,0.166667,1,0.428571,-0.030303,3.94744,0.0885062,0.105469,1,0.16858,5,5,1,0.2,0.133333,0.7,0.5,0.3,0.3
1,4,0.425,0.65,1,0.5,1,0.428571,0.175758,2.18217,0.035955,0.10717,1,0.109761,5,5,1,0.3,0.2,0.7,0.333333,0.2,0.4
0,5,0.55,0.9,1,1.5,1,0.25,0.236364,11.8707,0.0267761,0.10717,1,0.125527,5,5,1,0.9,0.6,0.2,1.5,0.9,0.9
1,5,0.275,0.425,1,0.833333,1,0.25,0.260606,3.38765,0.042524,0.10717,1,0.106612,5,5,1,0.45,0.3,0.5,1,0.6,0.5
0,5,0.25,0.4125,1,0.5,1,0.428571,0.0666667,0.678541,0.00243095,0.106306,1,0.122605,5,5,1,0.1,0.0666667,0.8,0.666667,0.4,0.3
0,5,0.425,0.65625,1,0.666667,1,0.428571,0.10303,0.174319,0.023191,0.10717,1,0.147922,5,5,1,0,0,1,0.333333,0.2,0.1
1,5,0.425,0.5875,1,0.666667,1,0.25,0.369697,2.20609,0.0878983,0.10717,1,0.148617,5,5,1,1.8,1.2,0.2,1.66667,1,0.9
0,5,0.375,0.5,1,0.5,1,0.666667,0.660606,0.634013,0.0304211,0.106306,1,0.123041,5,5,1,0,0,1,0.166667,0.1,0.1
1,5,0.2,0.3125,1,0.666667,1,0.25,-0.224242,0.904711,0.121663,0.103873,1,0.0488491,5,5,1,0.35,0.233333,0.5,1,0.6,0.6
0,5,0.325,0.475,0,0.666667,1,0.428571,-0.030303,2.12382,0.0810172,0.104605,1,0.0898801,5,5,1,0.75,0.5,0.5,1.16667,0.7,0.6
0,5,0.325,0.45625,1,0.333333,1,0.428571,0.357576,5.84049,0.0025071,0.104658,1,0.115257,5,5,1,0.7,0.466667,0.3,1.16667,0.7,0.5
1,5,0.5,0.63125,1,0.666667,1,0.666667,0.224242,0.447447,0.025649,0.105469,1,0.096462,5,5,1,0.15,0.1,0.8,0.166667,0.1,0.3
0,5,0.25,0.40625,1,0.833333,1,0.666667,0.866667,2.18655,0.0160565,0.10717,1,0.0909728,5,5,1,0.3,0.2,0.7,1,0.6,0.4
0,5,0.425,0.70625,1,0.833333,1,0.428571,0.563636,1.50538,0.0418978,0.10717,1,0.12839,5,5,1,0.05,0.0333333,0.9,0.5,0.3,0.2
1,5,0.275,0.4375,1,0.666667,1,0.428571,0.757576,4.05606,0.0163898,0.10717,1,0.105987,5,5,1,0.05,0.0333333,0.9,0.333333,0.2,0.2
1,5,0.425,0.53125,1,0.5,1,0.428571,0.187879,2.05058,0.0858959,0.106306,1,0.217151,5,5,1,0,0,1,0.166667,0.1,0.1
1,5,0.65,0.89375,1,0.833333,1,0.25,-0.248485,0.93413,0.0238015,0.105469,1,0.132685,5,5,1,0,0,1,0.333333,0.2,0.1
0,5,0.25,0.3875,1,1,1,0.25,0.0666667,0.00946629,0.0457951,0.106306,1,0.113933,5,5,1,0.2,0.133333,0.7,0.5,0.3,0.4
1,5,0.525,0.7,1,1,1,0.111111,-0.393939,2.45611,0.00743767,0.102957,1,0.109658,5,5,1,1.2,0.8,0.2,1.33333,0.8,0.9
1,5,0.275,0.4125,1,0.833333,1,0.666667,0.515152,1.21628,0.126722,0.10717,1,0.055066,5,5,1,1.15,0.766667,0.2,1.66667,1,0.8
1,5,0.425,0.64375,1,0.5,1,0.428571,0.0424242,2.69865,0.0110478,0.105469,1,0.126913,5,5,1,0.05,0.0333333,0.9,0.5,0.3,0.2
1,5,0.425,0.5625,1,0.833333,1,0.428571,0.490909,1.88539,0.0148721,0.10717,1,0.140618,5,5,1,0.5,0.333333,0.5,0.833333,0.5,0.5
0,5,0.35,0.53125,1,0.833333,1,0.666667,0.345455,0.64788,0.0154707,0.103873,1,0.100561,5,5,1,0,0,1,0.333333,0.2,0.1
0,5,0.35,0.4625,1,0.666667,1,0.25,-0.430303,1.47683,0.0193021,0.102372,1,0.101045,5,5,1,0.5,0.333333,0.4,1.16667,0.7,0.7
0,5,0.475,0.60625,1,0.5,1,0.25,-0.212121,0.64037,0.0367798,0.104605,1,0.133117,5,5,1,0.1,0.0666667,0.8,1,0.6,0.3
0,5,0.45,0.6625,1,1.33333,1,0.25,-0.587879,0.402176,0.0372752,0.103794,1,0.119934,5,5,1,2.25,1.5,0.1,1.33333,0.8,1
0,5,0.375,0.45,1,0.666667,1,0.428571,0.357576,0.566556,0.0405967,0.10717,1,0.146969,5,5,1,0.15,0.1,0.8,0.5,0.3,0.3
0,5,0.375,0.5,1,0.666667,1,0.428571,0.333333,1.88519,0.149605,0.10717,1,0.14609,5,5,1,1.5,1,0.1,1.5,0.9,1
1,5,0.35,0.575,1,1.16667,1,0.666667,0.612121,3.75068,0.0773589,0.106306,1,0.150328,5,5,1,0.4,0.266667,0.5,1.16667,0.7,0.6
0,5,0.325,0.5375,1,0.666667,1,0.25,0.151515,5.03999,0.00754395,0.105469,1,0.083322,5,5,1,1.05,0.7,0.4,1.16667,0.7,0.7
1,5,0.3,0.475,1,0.666667,1,0.25,-0.163636,0.18476,0.0475341,0.106306,1,0.136343,5,5,1,0.15,0.1,0.7,0.5,0.3,0.3
0,5,0.325,0.41875,1,0.5,1,0.25,-0.393939,0.213422,0.000587786,0.104605,1,0.149061,5,5,1,0.25,0.166667,0.7,0.833333,0.5,0.4
0,5,0.3,0.4,1,0.5,1,0.25,-0.030303,2.12876,0.00203427,0.105469,1,0.0834982,5,5,1,1.8,1.2,0.2,1.5,0.9,0.9
1,5,0.525,0.65,1,1.16667,1,0.666667,0.575758,1.33261,0.0596236,0.106306,1,0.125158,5,5,1,0.6,0.4,0.5,1,0.6,0.6
0,5,0.275,0.3875,1,0.833333,1,0.25,-0.0424242,2.5065,0.0138779,0.104605,1,0.0557289,5,5,1,0.2,0.133333,0.7,0.333333,0.2,0.3
1,5,0.25,0.36875,1,0.666667,1,0.666667,0.709091,1.07023,0.0546974,0.106306,1,0.0618634,5,5,1,0.2,0.133333,0.7,0.5,0.3,0.4
0,5,0.4,0.6125,1,1.16667,1,0.25,-0.50303,2.39197,0.00265436,0.105442,1,0.11279,5,5,1,1.3,0.866667,0.3,1.33333,0.8,0.8
0,5,0.3,0.4,1,0.5,1,0.428571,0.309091,1.24437,0.0206436,0.104605,1,0.169189,5,5,1,1.15,0.766667,0.1,1.66667,1,1
0,5,0.25,0.35625,1,0.5,1,0,-0.733333,0.454234,0.0218011,0.102247,1,0.106062,5,5,1,0.75,0.5,0.4,1.16667,0.7,0.7
0,5,0.675,0.95,1,0.666667,1,0.428571,0.0787879,3.32919,0.0994402,0.10717,1,0.201161,5,5,1,0.05,0.0333333,0.9,0.5,0.3,0.2
1,5,0.45,0.69375,1,0.166667,1,0.25,0.248485,13.6629,0.375823,0.10717,1,0.214992,5,5,1,0,0,1,0.5,0.3,0.1
1,5,0.425,0.675,1,0.5,1,0.428571,0.0787879,1.57075,0.00770077,0.104658,1,0.056601,5,5,1,0.05,0.0333333,0.9,0.333333,0.2,0.2
0,5,0.325,0.44375,1,0.666667,1,0.25,0.272727,0.289907,0.019845,0.106306,1,0.138889,5,5,1,0.5,0.333333,0.6,1,0.6,0.5
0,5,0.475,0.64375,1,1.33333,1,0.666667,0.624242,11.5507,0.167255,0.10717,1,0.173879,5,5,1,0.8,0.533333,0.4,1.33333,0.8,0.6
1,5,0.3,0.4625,1,0.5,1,0.666667,0.733333,2.39985,0.0685075,0.106306,1,0.132389,5,5,1,0.1,0.0666667,0.8,0.5,0.3,0.3
1,5,0.375,0.49375,1,0.833333,1,0.428571,0.769697,0.64945,0.0075321,0.10717,1,0.135564,5,5,1,0.05,0.0333333,0.9,0.666667,0.4,0.2
0,5,0.325,0.4625,1,0.833333,1,0.25,0.139394,4.90554,0.00931553,0.106306,1,0.075602,5,5,1,0.2,0.133333,0.7,0.833333,0.5,0.3
0,5,0.325,0.4375,1,0.333333,1,0.666667,0.660606,0.905367,0.00606041,0.105469,1,0.165173,5,5,1,0.2,0.133333,0.7,1,0.6,0.3
1,5,0.525,0.79375,1,1.16667,1,0.428571,-0.139394,0.305552,0.0382059,0.103873,1,0.193159,5,5,1,0.1,0.0666667,0.8,0.333333,0.2,0.3
1,5,0.475,0.8625,1,1.66667,1,0.666667,0.806061,0.793659,0.0434604,0.106306,1,0.161146,5,5,1,0.35,0.233333,0.6,1,0.6,0.4
0,5,0.45,0.63125,1,0.833333,1,0.111111,-0.345455,3.37792,0.0151634,0.105442,1,0.0960514,5,5,1,0.65,0.433333,0.5,1.16667,0.7,0.6
1,5,0.725,1.03125,1,1.33333,1,0.428571,0.418182,7.70711,0.100111,0.10717,1,0.229151,5,5,1,0.15,0.1,0.7,0.666667,0.4,0.2
1,5,0.375,0.5375,1,0.5,1,0.428571,0.454545,3.89282,0.0267055,0.106306,1,0.0869822,5,5,1,0.1,0.0666667,0.8,0.833333,0.5,0.3
1,5,0.45,0.6125,1,0.833333,1,0.25,-0.151515,6.06094,0.0121604,0.105469,1,0.136901,5,5,1,1.8,1.2,0.2,1.66667,1,0.9
1,5,0.475,0.7625,1,1.5,1,0.428571,0.0545455,2.90097,0.0225274,0.105442,1,0.135246,5,5,1,0,0,1,0.333333,0.2,0.1
0,5,0.325,0.4375,1,0.5,1,0.25,-0.539394,1.34647,0.0189576,0.104605,1,0.0899184,5,5,1,0.35,0.233333,0.6,0.666667,0.4,0.5
1,5,0.275,0.39375,1,0.833333,1,0.666667,0.818182,0.465858,0.0673773,0.10717,1,0.117129,5,5,1,0.15,0.1,0.8,0.666667,0.4,0.3
1,5,0.375,0.56875,1,0.666667,1,1,0.818182,0.0427549,0.0104867,0.106306,1,0.177233,5,5,1,0.4,0.266667,0.5,0.833333,0.5,0.5
1,5,0.25,0.2875,1,0.833333,1,0.666667,0.878788,6.17806,0.0192147,0.10717,1,0.0643663,5,5,1,0.2,0.133333,0.7,0.666667,0.4,0.3
0,5,0.325,0.5,1,0.166667,1,0.666667,0.272727,2.23623,0.0474449,0.105469,1,0.0809837,5,5,1,0.1,0.0666667,0.8,0.166667,0.1,0.2
1,5,0.3,0.48125,1,0.833333,1,1,0.878788,1.3589,0.128788,0.106306,1,0.0906329,5,5,1,1.05,0.7,0.4,1.5,0.9,0.7
1,5,0.575,0.74375,1,0.833333,1,0.428571,-0.29697,0.442129,0.0480045,0.104658,1,0.173259,5,5,1,1.35,0.9,0.1,1.5,0.9,1
0,5,0.2,0.3125,1,0.5,1,0.428571,0.454545,2.57277,0.0225714,0.106306,1,0.0887217,5,5,1,0.1,0.0666667,0.8,0.5,0.3,0.2
1,5,0.575,0.83125,1,0.833333,1,0.111111,-0.151515,13.6062,0.170214,0.10717,1,0.173047,5,5,1,1.8,1.2,0.2,1.5,0.9,0.9
0,5,0.35,0.43125,0,0.5,1,0.666667,0.878788,0.416885,0.0314728,0.10717,1,0.0994826,5,5,1,0.1,0.0666667,0.8,0,0,0.2
0,5,0.25,0.4375,1,0.833333,1,0.428571,0.212121,3.71708,0.0208458,0.106306,1,0.0962056,5,5,1,0.55,0.366667,0.5,1,0.6,0.6
1,5,0.375,0.53125,1,1.16667,1,0.428571,0.357576,1.46721,0.0146946,0.105469,1,0.100329,5,5,1,0.05,0.0333333,0.9,0.833333,0.5,0.2
0,5,0.275,0.54375,0,1.16667,1,0.25,-0.333333,2.0168,0.0183881,0.104658,1,0.0779847,5,5,1,0.2,0.133333,0.7,0.666667,0.4,0.3
1,5,0.15,0.26875,1,0.333333,0.2,1,1,1.92924,0.0554958,0.504065,0.4,0.02,5,5,0.2,0,0,0.2,0.166667,0.5,0.5
1,5,0.325,0.45,1,0.833333,1,0.25,-0.333333,3.56748,0.0396081,0.104658,1,0.0883756,5,5,1,2.25,1.5,0.1,1.66667,1,1
1,5,0.3,0.38125,1,0.666667,1,0.428571,0.551515,0.0834628,0.00373013,0.106306,1,0.144976,5,5,1,0.25,0.166667,0.6,0.833333,0.5,0.4
1,5,0.475,0.7375,1,1.16667,1,0.428571,0.151515,2.22946,0.0267447,0.10717,1,0.14254,5,5,1,0.35,0.233333,0.6,0.833333,0.5,0.5
1,5,0.35,0.5375,1,1,1,0.111111,-0.369697,4.79018,0.0279502,0.10717,1,0.117139,5,5,1,0,0,1,0.333333,0.2,0.1
1,5,0.525,0.6875,1,0.333333,1,0.428571,0.430303,10.4707,0.0443657,0.10717,1,0.119143,5,5,1,0,0,1,0.166667,0.1,0.1
0,5,0.3,0.4375,1,0.833333,1,0.666667,0.878788,0.902637,0.0281787,0.10717,1,0.0785851,5,5,1,0.35,0.233333,0.6,0.5,0.3,0.4
1,5,0.325,0.525,1,0.666667,1,0.666667,0.757576,4.13944,0.0985223,0.10717,1,0.114891,5,5,1,0.45,0.3,0.5,1,0.6,0.5
1,5,0.35,0.49375,1,0.5,1,0.666667,0.890909,3.55132,0.0877707,0.10717,1,0.115661,5,5,1,0.55,0.366667,0.4,0.666667,0.4,0.7
1,5,0.325,0.49375,0,0.5,1,0.666667,0.418182,6.72952,0.000569668,0.106306,1,0.163752,5,5,1,0.15,0.1,0.7,0.666667,0.4,0.2
0,5,0.4,0.575,1,0.5,1,0.428571,0.369697,0.90798,0.012466,0.106306,1,0.104619,5,5,1,0.15,0.1,0.8,0.5,0.3,0.3
1,5,0.275,0.35,1,0.833333,1,0.25,0.187879,2.3561,0.187208,0.10717,1,0.175481,5,5,1,0.15,0.1,0.7,1,0.6,0.2
0,5,0.325,0.4875,1,0.833333,1,0.25,-0.0787879,0.102622,0.044965,0.104605,1,0.0995384,5,5,1,0.3,0.2,0.7,0.833333,0.5,0.4
1,5,0.425,0.65,1,0.5,1,0.428571,0.478788,5.55604,0.0291263,0.10717,1,0.144167,5,5,1,0.05,0.0333333,0.9,0.5,0.3,0.2
1,6,0.5,0.675,1,1.5,1,1,0.781818,8.87766,0.128073,0.10717,1,0.212365,5,5,1,0.7,0.466667,0.3,1.33333,0.8,0.8
1,6,0.3,0.3375,1,0.333333,1,0.428571,-0.151515,0.613984,0.0115402,0.106306,1,0.143636,5,5,1,0.1,0.0666667,0.8,0.833333,0.5,0.2
1,6,0.375,0.53125,1,0.666667,1,0.666667,0.527273,2.5537,0.0581605,0.106306,1,0.0893542,5,5,1,0.5,0.333333,0.6,1.16667,0.7,0.5
1,6,0.275,0.35625,1,0.833333,1,0.25,-0.0545455,1.41977,0.0404868,0.105469,1,0.068588,5,5,1,0.35,0.233333,0.6,1.33333,0.8,0.4
0,6,0.525,0.74375,1,0.333333,1,0.666667,0.442424,3.95383,0.206663,0.10717,1,0.195068,5,5,1,0.2,0.133333,0.7,1,0.6,0.3
0,6,0.45,0.625,1,0.5,1,0.428571,0.0545455,0.931866,0.013504,0.10717,1,0.186229,5,5,1,0.05,0.0333333,0.9,0.333333,0.2,0.2
0,6,0.325,0.4,1,0.5,1,0.25,-0.187879,0.147035,0.0121938,0.104605,1,0.120623,5,5,1,0,0,1,0.5,0.3,0.1
1,6,0.45,0.66875,1,0.333333,1,0.428571,0.369697,2.944,0.00700913,0.104658,1,0.212662,5,5,1,0.65,0.433333,0.1,1,0.6,1
1,6,0.3,0.49375,1,0.166667,1,0.428571,0.624242,2.11495,0.026799,0.10717,1,0.104693,5,5,1,0.1,0.0666667,0.8,0.333333,0.2,0.2
1,6,0.525,0.76875,1,0.833333,1,0.666667,0.418182,1.64476,0.00540704,0.105442,1,0.136666,5,5,1,1.25,0.833333,0.3,1.33333,0.8,0.8
1,6,0.7,0.96875,1,1.83333,1,0.428571,0.309091,9.32809,0.251136,0.10717,1,0.230097,5,5,1,2.25,1.5,0.1,1.66667,1,1
0,6,0.3,0.39375,1,0.833333,1,0.666667,0.527273,0.903716,0.153645,0.106306,1,0.207006,5,5,1,0.65,0.433333,0.4,1.16667,0.7,0.7
1,6,0.375,0.48125,1,0.666667,1,0.428571,0.127273,0.607885,0.0258936,0.10717,1,0.103462,5,5,1,0.2,0.133333,0.7,0.833333,0.5,0.3
1,6,0.55,0.9,1,1,1,0.428571,0.345455,7.54313,0.0676813,0.106306,1,0.107934,5,5,1,0.55,0.366667,0.5,0.333333,0.2,0.5
1,6,0.425,0.6375,1,0.5,1,0.428571,0.0181818,2.74268,0.00271844,0.104605,1,0.0947658,5,5,1,0.75,0.5,0.5,1,0.6,0.6
0,6,0.35,0.58125,1,0.5,1,0.666667,0.345455,1.74626,0.0744247,0.106306,1,0.0923451,5,5,1,0,0,1,0.333333,0.2,0.1
0,6,0.5,0.675,1,0.666667,1,0.25,-0.163636,2.08989,0.0280494,0.10717,1,0.128762,5,5,1,0,0,1,0.166667,0.1,0.1
1,6,0.425,0.5875,1,1.16667,1,0.428571,0.224242,2.15485,0.0106218,0.105469,1,0.150959,5,5,1,1.2,0.8,0.2,1.33333,0.8,0.7
0,6,0.275,0.46875,1,0.5,1,0.428571,0.515152,9.67079,0.118755,0.10717,1,0.0633567,5,5,1,0.1,0.0666667,0.8,0.666667,0.4,0.2
1,6,0.275,0.3625,1,0.666667,1,0.428571,0.466667,2.50836,0.0123484,0.103794,1,0.104723,5,5,1,0.05,0.0333333,0.9,0.5,0.3,0.2
0,6,0.325,0.4,1,0.5,1,0.25,-0.187879,1.00078,0.0189573,0.105469,1,0.116158,5,5,1,0.05,0.0333333,0.9,0.666667,0.4,0.2
1,6,0.625,0.78125,1,0.166667,1,0.666667,0.563636,3.2266,0.197892,0.10717,1,0.229045,5,5,1,0.1,0.0666667,0.8,0.666667,0.4,0.3
0,6,0.375,0.525,1,0.5,1,0.428571,0.224242,0.78527,0.088621,0.10717,1,0.0946838,5,5,1,0.25,0.166667,0.6,0.5,0.3,0.3
0,6,0.6,0.88125,1,1,1,0.428571,0.393939,5.16069,0.127507,0.10717,1,0.15561,5,5,1,0.25,0.166667,0.6,0.666667,0.4,0.4
0,6,0.55,0.76875,1,1,1,0.428571,0.321212,2.72845,0.0413891,0.10717,1,0.109791,5,5,1,0.25,0.166667,0.7,0.833333,0.5,0.4
1,6,0.45,0.7125,1,0.666667,1,0.428571,0.587879,0.842854,0.010697,0.106306,1,0.172609,5,5,1,2.25,1.5,0.1,1.66667,1,1
1,6,0.325,0.45,1,0.666667,1,0.428571,0.539394,0.123993,0.00715067,0.106306,1,0.128864,5,5,1,0.15,0.1,0.8,0.833333,0.5,0.3
1,6,0.475,0.90625,1,0.5,1,0.666667,0.539394,4.22682,0.0121733,0.10717,1,0.120183,5,5,1,0.5,0.333333,0.6,1,0.6,0.5
0,6,0.425,0.64375,1,1,1,0.428571,-0.551515,8.72986,0.018826,0.102172,1,0.107461,5,5,1,1.4,0.933333,0.3,1.33333,0.8,0.8
1,6,0.225,0.3625,1,0.5,1,0.428571,0.0424242,0.696891,0.037446,0.105469,1,0.072874,5,5,1,0.55,0.366667,0.5,1,0.6,0.6
1,6,0.325,0.54375,1,0.5,1,0.25,0.260606,1.41295,0.0756063,0.10717,1,0.0967772,5,5,1,0.1,0.0666667,0.8,0.5,0.3,0.2
0,6,0.425,0.58125,1,0.666667,1,0.666667,0.806061,2.14451,0.0310996,0.105469,1,0.157537,5,5,1,0.15,0.1,0.8,0.5,0.3,0.3
0,6,0.55,0.83125,1,1.33333,1,0.428571,0.115152,1.43529,0.0288216,0.103873,1,0.146769,5,5,1,0.65,0.433333,0.2,1.16667,0.7,0.9
1,6,0.3,0.43125,1,0.833333,1,0.25,0.00606061,4.70929,0.0422548,0.105469,1,0.131228,5,5,1,0.3,0.2,0.6,0.333333,0.2,0.3
1,6,0.45,0.575,1,0.666667,1,0.428571,0.527273,1.26342,0.050337,0.106306,1,0.166528,5,5,1,0.15,0.1,0.8,0.5,0.3,0.3
0,6,0.45,0.54375,1,0.666667,1,0.666667,0.854545,1.64572,0.0527548,0.10717,1,0.10981,5,5,1,0.1,0.0666667,0.8,0.5,0.3,0.2
0,6,0.3,0.44375,1,0.833333,1,0.428571,0.369697,0.418034,0.0407733,0.106306,1,0.0702152,5,5,1,0,0,1,0.333333,0.2,0.1
1,6,0.375,0.61875,1,1.16667,1,0.428571,0.50303,2.71881,0.0693656,0.106306,1,0.132801,5,5,1,0.05,0.0333333,0.9,0.666667,0.4,0.2
0,6,0.325,0.55,1,0.666667,1,0.25,-0.139394,5.17064,0.00653994,0.103873,1,0.116531,5,5,1,0.1,0.0666667,0.8,0.333333,0.2,0.3
1,6,0.575,0.75625,1,0.666667,1,0.428571,-0.175758,10.3564,0.0778404,0.10717,1,0.215442,5,5,1,0.45,0.3,0.6,1,0.6,0.5
0,6,0.35,0.575,1,1,1,0.666667,0.757576,1.10068,0.00425609,0.106306,1,0.148369,5,5,1,0.4,0.266667,0.5,1.16667,0.7,0.5
1,6,0.525,0.79375,1,0.833333,1,0.666667,0.830303,4.71783,0.0581006,0.10717,1,0.111774,5,5,1,1.1,0.733333,0.2,1.66667,1,0.9
0,6,0.25,0.34375,1,0.666667,1,0.25,-0.00606061,0.753789,0.0779583,0.104658,1,0.0491786,5,5,1,1.45,0.966667,0.2,1.5,0.9,0.9
1,6,0.5,0.7375,1,0.5,1,0.428571,0.527273,4.40533,0.133349,0.10717,1,0.157596,5,5,1,0.1,0.0666667,0.8,0.333333,0.2,0.3
0,6,0.3,0.45625,1,0.5,1,0.428571,0.709091,1.11448,0.032275,0.106306,1,0.113067,5,5,1,0.2,0.133333,0.7,0.833333,0.5,0.3
1,6,0.175,0.3375,1,0.5,0.2,1,1,2.14682,0.114714,0.504065,0.4,0.0679429,5,5,0.2,0,0,0.2,0.333333,1,0.5
1,6,0.55,0.71875,1,0.833333,1,0.666667,0.842424,3.1169,0.0951853,0.10717,1,0.168982,5,5,1,0,0,1,0.166667,0.1,0.1
0,6,0.375,0.5625,1,0.166667,1,0.666667,0.6,2.96727,0.0228333,0.105469,1,0.115822,5,5,1,0.05,0.0333333,0.9,0.333333,0.2,0.2
0,6,0.225,0.31875,1,0.666667,1,0.666667,0.345455,0.138788,0.0253447,0.105442,1,0.101292,5,5,1,0.1,0.0666667,0.8,0.5,0.3,0.2
1,6,0.275,0.40625,1,0.333333,1,0.666667,0.672727,2.76338,0.0215426,0.10717,1,0.0950066,5,5,1,0.1,0.0666667,0.8,0.666667,0.4,0.2
0,6,0.35,0.5,1,1.33333,1,0.666667,0.587879,0.300395,0.121952,0.106306,1,0.115201,5,5,1,0.1,0.0666667,0.8,0.5,0.3,0.2
0,6,0.275,0.475,1,0.833333,1,0.666667,0.745455,2.27537,0.0204874,0.104658,1,0.0898486,5,5,1,0.3,0.2,0.6,0.833333,0.5,0.5
1,6,0.45,0.5625,1,0.333333,1,0.666667,0.757576,11.2446,0.0219256,0.10717,1,0.0950066,5,5,1,0.5,0.333333,0.4,1.16667,0.7,0.6
1,6,0.775,1.20625,1,1,1,0.666667,0.684848,0.943985,0.0290653,0.10717,1,0.183627,5,5,1,0.4,0.266667,0.5,1,0.6,0.6
1,6,0.75,1.125,1,2,1,0.666667,0.6,1.48635,0.0485273,0.106306,1,0.179466,5,5,1,1.2,0.8,0.2,1.5,0.9,0.9
0,6,0.3,0.49375,1,1,1,0.111111,-0.624242,2.89603,0.0302921,0.103794,1,0.0754044,5,5,1,0.25,0.166667,0.6,0.666667,0.4,0.3
0,6,0.425,0.675,1,1,1,0.428571,0.539394,1.58904,0.0597403,0.10717,1,0.18033,5,5,1,0.8,0.533333,0.4,1.5,0.9,0.7
1,6,0.425,0.56875,1,0.666667,1,0.666667,0.430303,0.232728,0.0211834,0.106306,1,0.147444,5,5,1,0.25,0.166667,0.6,1,0.6,0.4
0,6,0.45,0.65,1,0.833333,1,0.428571,0.418182,0.377007,0.0890127,0.106306,1,0.120248,5,5,1,0.55,0.366667,0.4,1.33333,0.8,0.5
0,6,0.525,0.75625,1,0.666667,1,0.428571,0.624242,6.24065,0.020009,0.10717,1,0.154602,5,5,1,0.15,0.1,0.7,0.666667,0.4,0.3
1,6,0.4,0.6125,1,1.16667,1,0.666667,0.248485,0.587029,0.0248214,0.104605,1,0.147869,5,5,1,0.85,0.566667,0.3,1.16667,0.7,0.7
1,6,0.475,0.6625,1,0.333333,1,0.428571,0.418182,0.569007,0.0138101,0.105442,1,0.112207,5,5,1,0.15,0.1,0.7,0.666667,0.4,0.3
0,6,0.3,0.43125,1,0.333333,1,0.25,0.0545455,5.49788,0.10305,0.10717,1,0.089511,5,5,1,0,0,1,0.166667,0.1,0.1
1,6,0.425,0.775,1,0.5,1,0.428571,0.260606,4.20639,0.135699,0.10717,1,0.126884,5,5,1,1.4,0.933333,0.1,1.66667,1,1
1,6,0.275,0.36875,1,0.5,1,0.666667,0.309091,0.595282,0.0401365,0.105442,1,0.0743778,5,5,1,0.1,0.0666667,0.8,0.333333,0.2,0.2
1,6,0.275,0.36875,1,0.5,1,0.25,0.0666667,3.10983,0.0116908,0.10717,1,0.087569,5,5,1,0.05,0.0333333,0.9,0.5,0.3,0.2
1,6,0.525,0.6625,1,0.333333,1,0.666667,0.539394,9.17645,0.0791054,0.106306,1,0.165931,5,5,1,1.35,0.9,0.2,1.5,0.9,0.9
1,6,0.35,0.53125,1,0.666667,1,0.666667,0.660606,2.31819,0.0575296,0.10717,1,0.137101,5,5,1,0.3,0.2,0.5,0.833333,0.5,0.4
0,6,0.525,0.65625,1,1,1,0.428571,0.357576,7.32944,0.00467186,0.10717,1,0.152714,5,5,1,0.1,0.0666667,0.8,0.333333,0.2,0.2
1,6,0.4,0.625,1,0.833333,1,0.666667,0.248485,1.79685,0.0986141,0.106306,1,0.256028,5,5,1,0.05,0.0333333,0.9,0.333333,0.2,0.2
1,6,0.875,1.2,1,1.33333,1,0.666667,0.624242,28.2779,0.239412,0.10717,1,0.195313,5,5,1,0.35,0.233333,0.6,1.16667,0.7,0.4
1,6,0.4,0.5625,1,0.333333,1,0.428571,0.151515,6.57451,0.103282,0.105469,1,0.113719,5,5,1,0.05,0.0333333,0.9,0.5,0.3,0.2
0,6,0.2,0.2875,1,1,1,0.428571,0.163636,1.09424,0.0123652,0.105469,1,0.099486,5,5,1,0.15,0.1,0.8,0.5,0.3,0.3
1,6,0.45,0.66875,1,0.666667,1,0.25,0.309091,0.703091,0.00841011,0.10717,1,0.159013,5,5,1,0,0,1,0.166667,0.1,0.1
0,6,0.25,0.29375,1,0.5,1,0.428571,-0.030303,0.639876,0.0213326,0.105469,1,0.0657775,5,5,1,0,0,1,0.5,0.3,0.1
1,6,0.275,0.375,0,0.833333,1,0.25,-0.29697,0.81154,0.0449401,0.103873,1,0.0849695,5,5,1,0.8,0.533333,0.4,1.33333,0.8,0.6
0,6,0.275,0.43125,1,0.5,1,0.25,-0.0545455,0.621377,0.0102631,0.104658,1,0.119761,5,5,1,0.5,0.333333,0.6,0.333333,0.2,0.5
0,6,0.225,0.325,1,0.833333,1,0.25,-0.10303,0.277603,0.00994323,0.106306,1,0.137274,5,5,1,0.8,0.533333,0.2,1.5,0.9,0.9
0,6,0.175,0.3,1,0.5,1,0.25,-0.115152,0.383682,0.0228857,0.103794,1,0.0791242,5,5,1,0.8,0.533333,0.4,1.16667,0.7,0.6
0,6,0.475,0.64375,1,0.666667,1,0.25,0.248485,2.08773,0.0106188,0.103794,1,0.111246,5,5,1,0.1,0.0666667,0.8,0.5,0.3,0.3
0,7,0.425,0.725,1,1.16667,1,0.25,-0.0181818,9.23873,0.09203,0.10717,1,0.107264,5,5,1,1.4,0.933333,0.3,1.33333,0.8,0.8
0,7,0.25,0.3375,1,1,1,0.25,-0.030303,1.75462,0.00235203,0.105469,1,0.127349,5,5,1,0.85,0.566667,0.3,1.33333,0.8,0.8
0,7,0.55,0.8375,1,1.33333,1,0.428571,0.212121,2.39109,0.0587287,0.10717,1,0.214589,5,5,1,1.1,0.733333,0.2,1.5,0.9,0.9
0,7,0.375,0.51875,1,0.666667,1,0.25,-0.212121,0.220499,0.0196824,0.105469,1,0.155291,5,5,1,1.8,1.2,0.2,1.5,0.9,0.9
0,7,0.3,0.425,1,0.5,1,0.428571,0.175758,0.62312,0.00300634,0.10717,1,0.100675,5,5,1,0.1,0.0666667,0.8,0.666667,0.4,0.2
0,7,0.2,0.275,1,0.833333,1,0.428571,0.539394,1.67131,0.127342,0.10717,1,0.0669089,5,5,1,0.55,0.366667,0.5,1.16667,0.7,0.5
1,7,0.8,1.15,1,1.16667,1,0.666667,0.709091,5.31883,0.00417587,0.105469,1,0.186332,5,5,1,0.1,0.0666667,0.8,0.666667,0.4,0.3
0,7,0.325,0.46875,1,0.5,1,0.428571,-0.115152,1.41622,0.00255361,0.105469,1,0.0919945,5,5,1,0,0,1,0.5,0.3,0.1
0,7,0.425,0.49375,1,0.666667,1,0.428571,0.345455,5.95896,0.0406335,0.106306,1,0.14223,5,5,1,0.15,0.1,0.7,0.833333,0.5,0.3
1,7,0.875,1.18125,1,1.5,1,0.25,0.357576,11.0021,0.0401731,0.10717,1,0.183089,5,5,1,0.1,0.0666667,0.8,0.833333,0.5,0.3
0,7,0.6,0.84375,1,0.666667,1,0.428571,0.29697,12.2682,0.269267,0.10717,1,0.206452,5,5,1,1.3,0.866667,0.2,1.5,0.9,0.9
0,7,0.55,0.68125,1,0.666667,1,0.666667,0.818182,5.12492,0.0352751,0.106306,1,0.130486,5,5,1,0.75,0.5,0.5,1.16667,0.7,0.6
0,7,0.3,0.5625,1,1,1,0.428571,0.442424,0.265775,0.114672,0.10717,1,0.102379,5,5,1,0.75,0.5,0.3,1,0.6,0.8
1,7,0.55,0.85,1,1.16667,1,0.666667,0.551515,8.72257,0.138639,0.10717,1,0.163665,5,5,1,0.9,0.6,0.3,1,0.6,0.6
1,7,0.25,0.43125,1,0.5,1,0.428571,0.381818,0.648532,0.0713127,0.10717,1,0.101775,5,5,1,0.25,0.166667,0.6,0.333333,0.2,0.4
1,7,0.775,1.19375,1,1.5,1,0.666667,0.878788,7.10937,0.10842,0.10717,1,0.263831,5,5,1,1.4,0.933333,0.3,1.33333,0.8,0.8
1,7,0.375,0.5,1,0.666667,1,0.428571,0.0787879,0.0708118,0.0124806,0.105442,1,0.132993,5,5,1,1.9,1.26667,0.1,1.66667,1,1
1,7,0.575,0.9125,1,0.5,1,0.428571,0.00606061,1.89765,0.0191039,0.10717,1,0.103271,5,5,1,0,0,1,0.166667,0.1,0.1
1,7,0.475,0.71875,1,0.833333,1,0.666667,0.781818,3.92996,0.0457371,0.106306,1,0.137872,5,5,1,0.05,0.0333333,0.9,0.5,0.3,0.2
0,7,0.625,0.73125,1,1,1,0.666667,0.69697,2.61114,0.0155725,0.106306,1,0.134341,5,5,1,1.05,0.7,0.2,1.66667,1,0.9
1,7,0.55,0.69375,1,1,1,0.428571,0.248485,2.60496,0.00511109,0.10717,1,0.187008,5,5,1,0.25,0.166667,0.6,0.833333,0.5,0.3
1,7,0.225,0.33125,1,0.5,1,0.666667,0.284848,0.475636,0.0179082,0.104658,1,0.0919284,5,5,1,0,0,1,0.166667,0.1,0.1
1,7,0.425,0.5875,1,0.833333,1,0.428571,0.272727,1.26749,0.0237903,0.104658,1,0.151622,5,5,1,0.25,0.166667,0.7,0.666667,0.4,0.4
1,7,0.275,0.43125,1,0.666667,1,0.111111,-0.866667,0.091967,0.0124975,0.102172,1,0.0789771,5,5,1,1.05,0.7,0.4,1.16667,0.7,0.7
0,7,0.425,0.6125,0,0.666667,1,0.428571,0.2,4.99899,0.121761,0.10717,1,0.0939356,5,5,1,0.1,0.0666667,0.8,0.333333,0.2,0.3
0,7,0.5,0.80625,1,0.666667,1,0.428571,0.539394,2.34516,0.0270613,0.10717,1,0.107402,5,5,1,0.3,0.2,0.5,0.666667,0.4,0.4
1,7,0.8,1.35625,1,1.5,1,0.666667,0.539394,0.200395,0.130842,0.106306,1,0.185414,5,5,1,0.65,0.433333,0.4,1.16667,0.7,0.7
0,7,0.375,0.48125,1,0.666667,1,0.428571,0.2,3.03809,0.0152278,0.105469,1,0.125939,5,5,1,1.05,0.7,0.4,1.16667,0.7,0.7
0,7,0.4,0.56875,1,1,1,0.111111,-0.769697,5.61279,0.00480291,0.103873,1,0.163982,5,5,1,0.5,0.333333,0.6,0.833333,0.5,0.5
1,7,0.425,0.61875,1,1,1,0.666667,0.757576,1.61086,0.0166342,0.105469,1,0.198934,5,5,1,1.9,1.26667,0.1,1.66667,1,1
1,7,0.7,1.1125,1,1,1,0.666667,0.709091,7.4215,0.0606902,0.10717,1,0.186502,5,5,1,0.05,0.0333333,0.9,0.166667,0.1,0.2
0,7,0.5,0.6,1,0.666667,1,0.666667,0.69697,8.49692,0.140844,0.10717,1,0.132606,5,5,1,0.2,0.133333,0.7,1,0.6,0.3
1,7,0.55,0.70625,1,1.5,1,0.428571,0.454545,2.70184,0.0157866,0.10717,1,0.111927,5,5,1,0.25,0.166667,0.6,1.33333,0.8,0.3
0,7,0.425,0.60625,1,1.16667,1,0.25,0.0545455,2.66065,0.00428636,0.105469,1,0.120858,5,5,1,0.1,0.0666667,0.8,0.5,0.3,0.2
1,7,0.325,0.40625,1,0.666667,1,0.666667,0.684848,5.74035,0.0617803,0.10717,1,0.102954,5,5,1,0.75,0.5,0.5,1.16667,0.7,0.6
0,7,0.225,0.34375,1,0.833333,1,0.25,-0.0545455,3.92762,0.028951,0.10717,1,0.0931598,5,5,1,0.15,0.1,0.8,0.333333,0.2,0.3
1,7,0.275,0.4875,1,0.5,1,0.666667,0.721212,3.52478,0.0697743,0.10717,1,0.0856963,5,5,1,0.15,0.1,0.8,0.333333,0.2,0.3
0,7,0.525,0.7625,1,1,1,0.428571,0.430303,4.87491,0.0539397,0.10717,1,0.146495,5,5,1,0,0,1,0.333333,0.2,0.1
1,7,0.45,0.625,1,0.333333,1,0.25,-0.454545,4.45114,0.0193616,0.103794,1,0.10127,5,5,1,0.95,0.633333,0.3,1,0.6,0.8
0,7,0.425,0.63125,0,0.666667,1,0.428571,0.224242,1.59931,0.0294225,0.106306,1,0.186981,5,5,1,0.05,0.0333333,0.9,0.5,0.3,0.2
0,7,0.4,0.53125,1,1,1,1,0.757576,1.63321,0.0879537,0.106306,1,0.177719,5,5,1,0.2,0.133333,0.7,0.833333,0.5,0.3
1,7,0.275,0.4125,1,0.166667,1,0.666667,0.381818,3.31006,0.0541997,0.10717,1,0.116618,5,5,1,0.5,0.333333,0.6,0.333333,0.2,0.5
0,7,0.325,0.56875,1,0.5,1,0.428571,0.612121,1.13211,0.0391632,0.106306,1,0.144105,5,5,1,0.55,0.366667,0.5,1.16667,0.7,0.6
1,7,0.425,0.7875,1,0.5,1,0.666667,0.721212,5.61107,0.0634831,0.106306,1,0.138872,5,5,1,0.05,0.0333333,0.9,0.333333,0.2,0.2
1,7,0.7,0.95625,1,0.666667,1,0.428571,0.69697,4.32238,0.00158121,0.106306,1,0.217657,5,5,1,0.5,0.333333,0.4,1,0.6,0.6
1,7,0.35,0.49375,1,0.833333,1,0.25,-0.030303,1.77086,0.0406103,0.10717,1,0.0769175,5,5,1,0.4,0.266667,0.6,0.833333,0.5,0.5
0,7,0.375,0.5,1,0.666667,1,1,0.745455,1.17283,0.00957116,0.105469,1,0.0891212,5,5,1,0.2,0.133333,0.7,0.833333,0.5,0.3
1,7,0.525,0.84375,1,0.666667,1,0.428571,0.6,3.86299,0.0690643,0.10717,1,0.166479,5,5,1,0,0,1,0.166667,0.1,0.1
0,7,0.4,0.54375,1,0.333333,1,0.428571,0.369697,0.434725,0.0579535,0.106306,1,0.139052,5,5,1,0.2,0.133333,0.7,0.833333,0.5,0.3
0,7,0.2,0.30625,1,0.833333,1,0.666667,0.490909,2.09702,0.0229038,0.106306,1,0.0795271,5,5,1,1.8,1.2,0.2,1.66667,1,0.9
1,7,0.175,0.30625,1,0.5,0.2,1,-1,1.43914,0.0160477,0.5,0.4,0.0797697,5,5,0.2,0,0,0.2,0.333333,1,0.5
1,7,0.3,0.45,1,1.16667,1,0.428571,0.0666667,0.369129,0.0191619,0.105469,1,0.0966414,5,5,1,0.75,0.5,0.4,1.16667,0.7,0.7
1,7,0.25,0.375,1,0.833333,1,0.25,0.0666667,2.98317,0.101913,0.10717,1,0.109492,5,5,1,1.1,0.733333,0.3,1.33333,0.8,0.8
0,7,0.3,0.4,1,0.5,1,0.25,0.321212,2.05419,0.0662555,0.106306,1,0.0703735,5,5,1,0.2,0.133333,0.7,0.666667,0.4,0.3
0,7,0.6,0.80625,1,0.833333,1,0.428571,-0.10303,0.564977,0.0217769,0.105469,1,0.269812,5,5,1,1.2,0.8,0.2,0.5,0.3,0.9
1,7,0.5,0.775,1,1.16667,1,0.666667,0.478788,6.54021,0.0638267,0.10717,1,0.129007,5,5,1,0.5,0.333333,0.6,1.16667,0.7,0.5
0,7,0.725,1.05625,1,0.833333,1,0.428571,0.212121,20.0769,0.0975863,0.10717,1,0.0932084,5,5,1,0.2,0.133333,0.7,1,0.6,0.4
1,7,0.375,0.54375,1,0.666667,1,0.666667,0.842424,2.89015,0.060866,0.10717,1,0.146547,5,5,1,0.15,0.1,0.8,0.666667,0.4,0.3
1,7,0.475,0.7375,1,1,1,0.666667,0.842424,6.32606,0.0589982,0.10717,1,0.151311,5,5,1,0,0,1,0.166667,0.1,0.1
0,7,0.3,0.3875,1,0.5,1,0.25,-0.272727,1.02723,0.0344307,0.103794,1,0.113001,5,5,1,0.35,0.233333,0.6,1,0.6,0.4
0,7,0.375,0.475,1,0.833333,1,0.666667,0.321212,2.62463,0.00762219,0.104658,1,0.14794,5,5,1,0.6,0.4,0.5,1.16667,0.7,0.6
1,7,0.575,0.90625,1,1.16667,1,0.666667,0.672727,1.38318,0.0722616,0.106306,1,0.16623,5,5,1,0.05,0.0333333,0.9,0.5,0.3,0.2
1,7,0.325,0.48125,1,1.16667,1,0.428571,0.0787879,4.05719,0.00615375,0.105442,1,0.122286,5,5,1,0.1,0.0666667,0.8,0.5,0.3,0.3
1,7,0.5,0.70625,1,0.833333,1,0.428571,0.10303,0.0131428,0.0277457,0.106306,1,0.167584,5,5,1,1.05,0.7,0.4,1.33333,0.8,0.7
1,7,0.275,0.4,0,0.833333,1,1,0.830303,0.75885,0.0568604,0.10717,1,0.111167,5,5,1,0.1,0.0666667,0.8,0.5,0.3,0.2
1,7,0.2,0.25625,1,0.333333,1,0.666667,0.527273,1.36624,0.0110663,0.105442,1,0.127883,5,5,1,0,0,1,0.333333,0.2,0.1
0,7,0.4,0.53125,1,0.5,1,0.428571,0.478788,0.427349,0.0328813,0.105469,1,0.14133,5,5,1,0.45,0.3,0.6,1,0.6,0.5
1,7,0.35,0.50625,1,0.666667,1,0.25,0.454545,1.87412,0.0406333,0.10717,1,0.159387,5,5,1,0,0,1,0.333333,0.2,0.1
1,7,0.35,0.63125,1,0.666667,1,0.428571,0.515152,0.348519,0.0137007,0.10717,1,0.0933478,5,5,1,0.1,0.0666667,0.8,0.833333,0.5,0.2
1,7,0.6,0.6875,1,0.333333,1,0.666667,0.478788,2.58563,0.0152963,0.10717,1,0.145672,5,5,1,0.25,0.166667,0.6,0.5,0.3,0.4
1,7,0.625,0.90625,1,0.833333,1,0.428571,0.406061,0.908902,0.0947399,0.10717,1,0.149807,5,5,1,0.35,0.233333,0.6,0.833333,0.5,0.5
0,7,0.325,0.525,1,0.166667,1,0.25,0.127273,0.0118371,0.046413,0.105469,1,0.127476,5,5,1,0,0,1,0.333333,0.2,0.1
1,7,0.425,0.775,1,0.833333,1,0.25,-0.369697,7.54589,0.00232597,0.103873,1,0.142575,5,5,1,0,0,1,0.333333,0.2,0.1
1,7,0.425,0.63125,1,0.5,1,0.666667,0.806061,6.45107,0.00236014,0.10717,1,0.163707,5,5,1,0.35,0.233333,0.5,0.666667,0.4,0.4
1,7,0.4,0.56875,1,1,1,0.666667,0.818182,2.79412,0.0518662,0.10717,1,0.210201,5,5,1,0.3,0.2,0.7,0.666667,0.4,0.4
0,7,0.6,0.7375,1,0.333333,1,0.428571,0.539394,5.25056,0.0132412,0.10717,1,0.12639,5,5,1,0.05,0.0333333,0.9,0.666667,0.4,0.2
0,7,0.5,0.6875,1,1,1,0.666667,0.406061,5.41993,0.0578221,0.10717,1,0.174429,5,5,1,0.35,0.233333,0.6,1,0.6,0.4
0,7,0.575,0.8125,1,0.666667,1,0.428571,0.284848,3.59086,0.021828,0.106306,1,0.181927,5,5,1,0.05,0.0333333,0.9,0.333333,0.2,0.2
1,7,0.65,0.86875,1,0.833333,1,0.666667,0.769697,2.18439,0.049734,0.10717,1,0.142776,5,5,1,0,0,1,0.333333,0.2,0.1
0,7,0.225,0.3625,1,0.5,1,0.428571,0.10303,1.65496,0.00875299,0.105442,1,0.0815164,5,5,1,0.15,0.1,0.7,0,0,0.2
0,8,0.25,0.43125,1,0.666667,1,0.428571,0.648485,4.69385,0.120817,0.10717,1,0.139744,5,5,1,0.25,0.166667,0.6,0.666667,0.4,0.4
1,8,0.3,0.45625,1,0.666667,1,0.666667,0.745455,0.0960963,0.0243062,0.10717,1,0.142485,5,5,1,0.1,0.0666667,0.8,0.5,0.3,0.3
0,8,0.325,0.4375,1,0.333333,1,0.428571,0.309091,2.0024,0.01651,0.106306,1,0.118907,5,5,1,0.2,0.133333,0.7,0.833333,0.5,0.3
0,8,0.475,0.71875,1,0.666667,1,0.666667,0.563636,1.79717,0.0500893,0.10717,1,0.171366,5,5,1,0.3,0.2,0.7,0.833333,0.5,0.4
1,8,0.35,0.575,1,0.666667,1,0.428571,0.369697,3.62141,0.251787,0.10717,1,0.11887,5,5,1,1.1,0.733333,0.3,1.5,0.9,0.8
0,8,0.375,0.58125,1,0.833333,1,0.428571,0.369697,0.311372,0.0123809,0.105469,1,0.122049,5,5,1,0.05,0.0333333,0.9,0.333333,0.2,0.2
1,8,0.35,0.65625,1,0.5,1,0.25,-0.0545455,0.572138,0.0264783,0.103873,1,0.0597404,5,5,1,0,0,1,0.333333,0.2,0.1
1,8,0.925,1.23125,1,1.33333,1,0.666667,0.842424,9.02915,0.00970687,0.10717,1,0.165406,5,5,1,0.15,0.1,0.7,1.16667,0.7,0.3
1,8,0.375,0.53125,1,1,1,1,0.830303,1.85479,0.029096,0.106306,1,0.131565,5,5,1,0.8,0.533333,0.4,1.33333,0.8,0.7
1,8,0.375,0.53125,1,0.833333,1,0.428571,0.490909,10.5467,0.0899493,0.10717,1,0.170361,5,5,1,0.05,0.0333333,0.9,0.5,0.3,0.2
0,8,0.325,0.5,1,0.166667,1,0.666667,0.587879,2.51978,0.0835688,0.105469,1,0.118804,5,5,1,0.05,0.0333333,0.9,0.166667,0.1,0.2
1,8,0.575,0.84375,1,1,1,0.428571,0.575758,0.0376206,0.0290513,0.106306,1,0.177872,5,5,1,0.15,0.1,0.8,0.5,0.3,0.3
1,8,0.3,0.375,1,0.666667,1,0.428571,-0.175758,0.954138,0.0553712,0.105469,1,0.0764742,5,5,1,1.05,0.7,0.4,1.5,0.9,0.7
1,8,0.275,0.38125,1,1,1,0.428571,0.612121,1.6734,0.00552034,0.10717,1,0.0879572,5,5,1,0.15,0.1,0.8,0.666667,0.4,0.3
1,8,0.375,0.6,1,0.833333,1,0.25,-0.00606061,0.803411,0.0473745,0.10717,1,0.0839639,5,5,1,1.05,0.7,0.4,1.16667,0.7,0.7
1,8,0.325,0.45,1,0.666667,1,1,0.793939,2.36318,0.183631,0.10717,1,0.121196,5,5,1,0.05,0.0333333,0.9,0.333333,0.2,0.2
1,8,0.3,0.50625,1,1,1,0.666667,0.769697,8.00569,0.0730063,0.10717,1,0.205573,5,5,1,0.05,0.0333333,0.9,0.5,0.3,0.2
1,8,0.425,0.625,1,1.33333,1,0.25,0.0181818,2.75063,0.0254302,0.106306,1,0.122185,5,5,1,0.3,0.2,0.7,1,0.6,0.4
0,8,0.375,0.6,1,0.5,1,0.111111,-0.539394,1.57722,0.0136917,0.104658,1,0.129351,5,5,1,1.1,0.733333,0.2,1.33333,0.8,0.9
1,8,0.375,0.55625,1,0.666667,1,0.428571,0.648485,1.05762,0.0781547,0.10717,1,0.127512,5,5,1,0,0,1,0.166667,0.1,0.1
1,8,0.25,0.35625,1,0.5,1,0.428571,0.478788,0.755621,0.0435428,0.10717,1,0.143092,5,5,1,0.8,0.533333,0.4,1.33333,0.8,0.6
0,8,0.325,0.45,1,0.666667,1,0.428571,0.490909,0.685069,0.00542655,0.10717,1,0.0981256,5,5,1,1,0.666667,0.4,1.33333,0.8,0.7
0,8,0.425,0.60625,1,0.333333,1,0.666667,0.69697,3.50751,0.122074,0.10717,1,0.254739,5,5,1,0.05,0.0333333,0.9,0.5,0.3,0.2
0,8,0.275,0.35625,1,0.5,1,0.666667,0.684848,6.06684,0.0437519,0.10717,1,0.0747966,5,5,1,0.15,0.1,0.8,0.5,0.3,0.3
0,8,0.625,0.79375,1,1,1,0.428571,0.284848,3.63557,0.020867,0.106306,1,0.150378,5,5,1,0,0,1,0.166667,0.1,0.1
1,8,0.575,0.8,1,0.5,1,0.666667,0.806061,9.96267,0.0540495,0.10717,1,0.132112,5,5,1,0.05,0.0333333,0.9,0,0,0.2
1,8,0.3,0.5375,1,1.33333,1,0.666667,0.636364,1.62455,0.13752,0.106306,1,0.0890244,5,5,1,0.3,0.2,0.5,0.833333,0.5,0.6
0,8,0.3,0.4125,1,0.666667,1,0.428571,0.563636,4.46321,0.0852516,0.10717,1,0.0873334,5,5,1,0.4,0.266667,0.5,1.16667,0.7,0.6
1,8,0.475,0.575,1,0.666667,1,0.666667,0.684848,1.25792,0.00868434,0.106306,1,0.12477,5,5,1,0.15,0.1,0.8,1,0.6,0.3
1,8,0.2,0.275,1,0.666667,1,0.428571,0.0666667,0.832668,0.0939538,0.10717,1,0.0655552,5,5,1,0.55,0.366667,0.4,0.5,0.3,0.6
1,8,0.425,0.6125,1,0.5,1,0.666667,0.672727,1.14975,0.0860034,0.10717,1,0.129389,5,5,1,0.15,0.1,0.8,0.666667,0.4,0.3
1,8,0.375,0.5,1,1.16667,1,0.111111,-0.466667,0.828919,0.0440651,0.103794,1,0.103159,5,5,1,0.4,0.266667,0.5,0.833333,0.5,0.6
1,8,0.525,0.81875,1,1,1,0.428571,0.454545,0.131361,0.0110721,0.106306,1,0.178642,5,5,1,0.15,0.1,0.8,1,0.6,0.3
0,8,0.35,0.46875,1,0.5,1,0.428571,0.321212,3.59941,0.00578167,0.104658,1,0.129841,5,5,1,0.2,0.133333,0.7,0.666667,0.4,0.4
1,8,0.375,0.5625,1,0.5,1,0.666667,0.854545,0.103599,0.0123647,0.10717,1,0.109593,5,5,1,0.95,0.633333,0.2,1.16667,0.7,0.9
0,8,0.5,0.7375,1,0.666667,1,0.428571,0.50303,9.77131,0.113376,0.10717,1,0.120139,5,5,1,0.7,0.466667,0.2,1.16667,0.7,0.9
0,8,0.275,0.375,1,0.5,1,0.111111,-0.442424,2.49822,0.0144813,0.102957,1,0.0660923,5,5,1,0.05,0.0333333,0.9,0.833333,0.5,0.2
0,8,0.325,0.5,1,0.333333,1,0.666667,0.684848,3.64187,0.0214805,0.10717,1,0.257982,5,5,1,1.15,0.766667,0.3,1.33333,0.8,0.8
1,8,0.4,0.58125,1,1,1,0.428571,0.466667,5.38285,0.129566,0.10717,1,0.0991788,5,5,1,0.6,0.4,0.4,1.33333,0.8,0.7
1,8,0.225,0.34375,1,0.666667,1,0.666667,0.684848,1.48454,0.0345639,0.104658,1,0.0810399,5,5,1,0.15,0.1,0.7,0.666667,0.4,0.3
0,8,0.55,0.65625,1,0.666667,1,0.25,0.29697,5.76527,0.0477475,0.106306,1,0.230532,5,5,1,0.05,0.0333333,0.9,0.333333,0.2,0.2
1,8,0.675,0.9,1,0.833333,1,0.428571,0.309091,5.97751,0.0326308,0.106306,1,0.132782,5,5,1,1.4,0.933333,0.3,1.33333,0.8,0.8
1,8,0.375,0.5,0,1,1,0.428571,0.357576,2.813,0.0498334,0.104605,1,0.125439,5,5,1,1.8,1.2,0.2,1.66667,1,0.9
0,8,0.325,0.4375,1,0.666667,1,0.428571,0.345455,0.00309545,0.0205228,0.104658,1,0.0803719,5,5,1,0.55,0.366667,0.5,0.833333,0.5,0.6
0,8,0.525,0.65625,1,0.833333,1,0.428571,0.272727,7.88329,0.0308754,0.10717,1,0.131873,5,5,1,0.5,0.333333,0.4,1.33333,0.8,0.7
1,8,0.5,0.775,1,1.33333,1,0.428571,0.29697,1.91533,0.0374531,0.105469,1,0.151032,5,5,1,0.45,0.3,0.6,0.833333,0.5,0.5
0,8,0.275,0.36875,1,0.5,1,0.666667,0.478788,3.69776,0.0580834,0.106306,1,0.0793731,5,5,1,0.1,0.0666667,0.8,0.833333,0.5,0.2
0,8,0.425,0.6,1,1.16667,1,0.428571,0.163636,2.28114,0.00671636,0.105469,1,0.147108,5,5,1,1.8,1.2,0.2,1.66667,1,0.9
0,8,0.45,0.65625,1,0.666667,1,0.666667,0.709091,1.6904,0.0771228,0.10717,1,0.146094,5,5,1,0.1,0.0666667,0.8,0.666667,0.4,0.2
1,8,0.475,0.66875,1,0.333333,1,0.428571,0.50303,1.34652,0.0158846,0.10717,1,0.145531,5,5,1,0,0,1,0.333333,0.2,0.1
1,8,0.775,1.19375,1,1.33333,1,0.428571,0.0424242,2.37693,0.017532,0.103873,1,0.196449,5,5,1,0.05,0.0333333,0.9,0.833333,0.5,0.2
0,8,0.2,0.3125,1,0.666667,1,0.428571,0.490909,3.77824,0.0241302,0.106306,1,0.0785494,5,5,1,0.15,0.1,0.7,0.5,0.3,0.3
0,8,0.3,0.4375,1,0.833333,1,0.666667,0.806061,7.97089,0.108904,0.10717,1,0.121759,5,5,1,1.8,1.2,0.2,1.5,0.9,0.9
1,8,0.4,0.6,1,0.5,1,0.25,0.393939,0.759273,0.0536509,0.10717,1,0.0813659,5,5,1,0.5,0.333333,0.4,1,0.6,0.6
1,8,0.65,0.95,1,0.833333,1,1,0.90303,1.49968,0.118342,0.10717,1,0.120255,5,5,1,0,0,1,0.166667,0.1,0.1
1,8,0.55,0.7625,1,1.5,1,0.428571,0.624242,1.73324,0.0706795,0.10717,1,0.131962,5,5,1,0.3,0.2,0.5,1.33333,0.8,0.5
1,8,0.375,0.50625,1,1.16667,1,0.666667,0.781818,1.04509,0.0557952,0.105469,1,0.128616,5,5,1,0.5,0.333333,0.6,1.16667,0.7,0.5
1,8,0.525,0.75,1,0.833333,1,0.428571,0.6,7.5829,0.0775952,0.10717,1,0.123585,5,5,1,0.85,0.566667,0.2,1.66667,1,0.7
0,8,0.325,0.5,1,0.833333,1,0.428571,0.0545455,0.822927,0.0041473,0.106306,1,0.103037,5,5,1,1.05,0.7,0.4,1.33333,0.8,0.7
0,8,0.35,0.5375,1,1.16667,1,0.428571,0.612121,6.47989,0.141914,0.10717,1,0.140562,5,5,1,0.15,0.1,0.7,0.666667,0.4,0.3
0,8,0.325,0.425,1,0.333333,1,0.25,-0.563636,0.813362,0.00287725,0.103873,1,0.0755624,5,5,1,0.15,0.1,0.7,0.833333,0.5,0.2
1,8,0.3,0.475,1,0.5,1,0.428571,0.50303,2.85091,0.219389,0.10717,1,0.149439,5,5,1,0.4,0.266667,0.4,1.16667,0.7,0.5
1,8,0.95,1.38125,1,2,1,0.428571,0.745455,14.6952,0.0879456,0.10717,1,0.21869,5,5,1,0.05,0.0333333,0.9,0.5,0.3,0.2
1,8,0.475,0.7875,1,0.166667,1,0.428571,0.369697,1.20591,0.0303575,0.10717,1,0.205936,5,5,1,0.65,0.433333,0.5,1,0.6,0.6
1,8,0.35,0.53125,1,0.5,1,0.666667,0.757576,5.35754,0.0118464,0.10717,1,0.090058,5,5,1,0,0,1,0.166667,0.1,0.1
1,8,0.325,0.5625,1,1.16667,1,0.25,0.139394,6.70718,0.105797,0.10717,1,0.0967537,5,5,1,1.15,0.766667,0.2,1.33333,0.8,0.9
0,8,0.45,0.75625,1,1.16667,1,0.666667,0.551515,0.0955362,0.0189131,0.105469,1,0.109569,5,5,1,0.1,0.0666667,0.8,0.333333,0.2,0.2
0,8,0.375,0.50625,1,1,1,0.25,0.2,3.35784,0.0926628,0.10717,1,0.110403,5,5,1,0.15,0.1,0.8,0.833333,0.5,0.3
1,8,0.4,0.60625,1,1,1,0.428571,0.636364,1.03744,0.121706,0.10717,1,0.147931,5,5,1,0.25,0.166667,0.6,0.833333,0.5,0.5
1,8,0.375,0.55,1,0.5,1,0.25,0.260606,8.30339,0.0445592,0.10717,1,0.0797411,5,5,1,0.05,0.0333333,0.9,0.833333,0.5,0.2
1,8,0.65,0.98125,1,0.666667,1,0.666667,0.90303,1.32146,0.0239716,0.106306,1,0.221718,5,5,1,0.5,0.333333,0.6,1,0.6,0.5
1,8,0.575,0.8375,0,1.16667,1,0.428571,0.672727,2.69836,0.097036,0.106306,1,0.175931,5,5,1,0.5,0.333333,0.6,1,0.6,0.5
1,8,0.55,0.91875,1,0.333333,1,0.428571,0.648485,10.791,0.101356,0.10717,1,0.180832,5,5,1,0.05,0.0333333,0.9,0.666667,0.4,0.2
1,8,0.475,0.6375,1,0.5,1,0.428571,0.454545,7.83336,0.159099,0.10717,1,0.169471,5,5,1,0.2,0.133333,0.6,1.16667,0.7,0.3
0,8,0.325,0.475,1,0.5,1,0.428571,0.575758,0.133705,0.103495,0.10717,1,0.127552,5,5,1,0.05,0.0333333,0.9,0.5,0.3,0.2
0,8,0.35,0.4375,1,0.333333,1,0.428571,-0.309091,3.6249,0.013571,0.104605,1,0.100463,5,5,1,0.35,0.233333,0.4,0.833333,0.5,0.7
0,8,0.4,0.60625,1,0.666667,1,0.666667,0.818182,0.975795,0.00563595,0.106306,1,0.0797878,5,5,1,0.15,0.1,0.8,0.833333,0.5,0.3
1,8,0.325,0.51875,1,0.666667,1,0.666667,0.842424,4.5985,0.040453,0.106306,1,0.120759,5,5,1,0.4,0.266667,0.5,0.833333,0.5,0.4
0,8,0.65,0.90625,1,0.833333,1,0.428571,0.236364,3.85823,0.0205267,0.10717,1,0.130673,5,5,1,0.35,0.233333,0.6,1,0.6,0.5
0,8,0.4,0.525,1,0.833333,1,0.25,-0.478788,1.38695,0.0379947,0.104658,1,0.134632,5,5,1,0.8,0.533333,0.4,1.33333,0.8,0.6
0,9,0.475,0.725,1,0.333333,1,0.666667,0.793939,13.8899,0.142557,0.10717,1,0.0930822,5,5,1,0.55,0.366667,0.5,0.833333,0.5,0.6
0,9,0.775,1.0625,1,1,1,0.428571,0.50303,3.30975,0.0165524,0.106306,1,0.16206,5,5,1,0.05,0.0333333,0.9,0.5,0.3,0.2
0,9,0.25,0.33125,1,0.833333,1,0.25,0.212121,0.902507,0.0849763,0.106306,1,0.0567168,5,5,1,0.2,0.133333,0.6,0.666667,0.4,0.3
1,9,0.3,0.44375,1,0.333333,1,0.428571,0.333333,5.75533,0.0158765,0.106306,1,0.132357,5,5,1,0,0,1,0.333333,0.2,0.1
1,9,0.55,0.79375,1,0.333333,1,0.111111,-0.757576,2.28107,0.0242885,0.102372,1,0.176524,5,5,1,0,0,1,0.333333,0.2,0.1
1,9,0.275,0.46875,1,0.5,1,0.25,-0.10303,0.463958,0.011946,0.103873,1,0.0820245,5,5,1,0,0,1,0.5,0.3,0.1
0,9,0.275,0.45,1,0.833333,1,0.666667,0.733333,1.18438,0.00915595,0.106306,1,0.0724714,5,5,1,0.4,0.266667,0.5,1,0.6,0.5
1,9,0.5,0.68125,1,0.666667,1,0.666667,0.709091,2.34387,0.0567801,0.106306,1,0.15763,5,5,1,0.3,0.2,0.5,1.16667,0.7,0.6
1,9,0.4,0.5375,1,0.833333,1,0.666667,0.769697,7.63117,0.108598,0.10717,1,0.11258,5,5,1,0.3,0.2,0.5,0.833333,0.5,0.5
0,9,0.225,0.34375,1,0.833333,1,0.666667,0.830303,2.87005,0.00916372,0.10717,1,0.0992141,5,5,1,0.05,0.0333333,0.9,0.5,0.3,0.2
0,9,0.475,0.6375,0,0.833333,1,0.428571,0.612121,6.24946,0.0572477,0.105469,1,0.176118,5,5,1,0.3,0.2,0.7,1,0.6,0.4
0,9,0.375,0.56875,1,0.333333,1,0.25,0.406061,2.46305,0.0946429,0.10717,1,0.15281,5,5,1,0.25,0.166667,0.6,0.833333,0.5,0.5
0,9,0.2,0.29375,1,0.333333,1,0.666667,0.284848,0.957409,0.0588844,0.104658,1,0.0827979,5,5,1,0.1,0.0666667,0.8,0.666667,0.4,0.2
1,9,0.5,0.65,1,1.5,1,0.666667,0.878788,1.72997,0.0356923,0.10717,1,0.259289,5,5,1,0.75,0.5,0.3,1.33333,0.8,0.8
1,9,0.6,0.8625,1,0.666667,1,0.428571,0.406061,2.79081,0.00991933,0.10717,1,0.191468,5,5,1,0.55,0.366667,0.5,0.666667,0.4,0.5
0,9,0.25,0.36875,1,0.833333,1,0.428571,0.224242,0.373957,0.0149272,0.106306,1,0.0850138,5,5,1,0.5,0.333333,0.4,1.16667,0.7,0.7
1,9,0.2,0.325,1,0.666667,1,0.25,0.127273,2.61124,0.00764767,0.104605,1,0.0813019,5,5,1,0.65,0.433333,0.3,0.833333,0.5,0.8
1,9,0.575,0.75,1,0.666667,1,0.428571,0.624242,8.76205,0.115909,0.10717,1,0.135203,5,5,1,0.05,0.0333333,0.9,0.5,0.3,0.2
0,9,0.45,0.66875,1,0.333333,1,0.428571,0.406061,0.00245547,0.0124498,0.106306,1,0.186839,5,5,1,0.2,0.133333,0.7,0.5,0.3,0.3
1,9,0.2,0.29375,1,0.666667,1,0.666667,0.224242,1.35467,0.00666218,0.106306,1,0.103204,5,5,1,0.2,0.133333,0.7,1,0.6,0.3
1,9,0.3,0.4125,1,1.16667,1,0.428571,0.490909,2.62728,0.0540746,0.10717,1,0.0928982,5,5,1,0.05,0.0333333,0.9,0.5,0.3,0.2
1,9,0.5,0.725,1,0.166667,1,0.25,0.0909091,1.58806,0.0289499,0.105469,1,0.160253,5,5,1,0.4,0.266667,0.5,1,0.6,0.6
1,9,0.575,0.9,1,0.666667,1,0.428571,0.672727,2.69431,0.0156386,0.106306,1,0.166856,5,5,1,0.2,0.133333,0.6,0.5,0.3,0.3
1,9,0.475,0.68125,1,0.666667,1,0.428571,0.672727,1.32305,0.0369279,0.10717,1,0.11643,5,5,1,0.1,0.0666667,0.8,0.666667,0.4,0.3
1,9,0.375,0.625,1,0.5,1,0.428571,0.127273,0.818851,0.0653861,0.10717,1,0.117114,5,5,1,0.8,0.533333,0.2,1,0.6,0.9
1,9,0.675,0.90625,1,1.66667,1,0.25,-0.0787879,1.1689,0.123674,0.106306,1,0.158492,5,5,1,0.35,0.233333,0.6,0.666667,0.4,0.5
1,9,0.65,0.8125,1,0.5,1,0.428571,0.369697,3.33593,0.0104398,0.106306,1,0.212846,5,5,1,0.95,0.633333,0.4,1.33333,0.8,0.7
0,9,0.375,0.4875,1,1,1,0.25,-0.393939,2.55552,0.0306093,0.104605,1,0.0953982,5,5,1,0.1,0.0666667,0.8,0.666667,0.4,0.2
1,9,0.425,0.65,1,1,1,0.428571,0.187879,0.467881,0.0015713,0.104658,1,0.108581,5,5,1,1.8,1.2,0.2,1.5,0.9,0.9
0,9,0.625,0.8125,1,0.666667,1,0.25,0.0666667,0.361986,0.124254,0.10717,1,0.223448,5,5,1,0.55,0.366667,0.5,1,0.6,0.6
0,9,0.3,0.41875,1,0.666667,1,0.428571,0.00606061,2.04004,0.0255993,0.105442,1,0.0634702,5,5,1,0.85,0.566667,0.3,0.5,0.3,0.8
0,9,0.4,0.49375,1,0.5,1,0.666667,0.6,0.520815,0.00494384,0.105469,1,0.0976911,5,5,1,0.15,0.1,0.8,0.833333,0.5,0.3
0,9,0.275,0.36875,1,0.833333,1,0.666667,0.769697,2.68889,0.00266566,0.104658,1,0.0817235,5,5,1,0.05,0.0333333,0.9,0.333333,0.2,0.2
1,9,0.375,0.575,1,0.5,1,0.666667,0.975758,5.03678,0.0224793,0.10717,1,0.178888,5,5,1,0.75,0.5,0.5,1.16667,0.7,0.6
1,9,0.225,0.425,1,0.666667,1,0.25,-0.0181818,0.241913,0.0484426,0.106306,1,0.0596455,5,5,1,0.2,0.133333,0.7,0.5,0.3,0.3
0,9,0.275,0.425,1,1,1,0.428571,0.369697,2.58734,0.0297266,0.10717,1,0.0631588,5,5,1,0.25,0.166667,0.5,0.5,0.3,0.5
1,9,0.375,0.53125,1,0.333333,1,0.428571,0.309091,3.37884,0.0010651,0.10717,1,0.137602,5,5,1,0.1,0.0666667,0.8,0.333333,0.2,0.2
0,9,0.625,0.86875,1,0.333333,1,0.428571,0.551515,10.0204,0.0678008,0.10717,1,0.174158,5,5,1,0.05,0.0333333,0.9,0.666667,0.4,0.2
1,9,0.425,0.6625,1,0.666667,1,0.666667,0.636364,9.25236,0.0473182,0.10717,1,0.191103,5,5,1,0.15,0.1,0.8,0.833333,0.5,0.3
0,9,0.275,0.38125,1,0.666667,1,0.25,0.29697,2.99503,0.0765115,0.106306,1,0.136306,5,5,1,0.5,0.333333,0.5,1.16667,0.7,0.6
1,9,0.4,0.525,1,0.666667,1,0.428571,0.575758,8.49724,0.106793,0.10717,1,0.203175,5,5,1,0,0,1,0.333333,0.2,0.1
1,9,0.4,0.5375,1,0.833333,1,0.428571,0.151515,3.96803,0.0327607,0.10717,1,0.139754,5,5,1,0.05,0.0333333,0.9,0.666667,0.4,0.2
1,9,0.375,0.6875,1,1.33333,1,0.428571,0.442424,1.34175,0.0475716,0.10717,1,0.0778907,5,5,1,0.2,0.133333,0.7,0.833333,0.5,0.4
0,9,0.4,0.51875,1,0.5,1,0.666667,0.333333,3.51547,0.0307005,0.106306,1,0.11901,5,5,1,0.15,0.1,0.7,0.5,0.3,0.4
1,9,0.35,0.475,1,0.666667,1,0.666667,0.660606,0.844806,0.0275763,0.106306,1,0.210753,5,5,1,0.65,0.433333,0.3,1.5,0.9,0.7
1,9,0.425,0.58125,1,0.166667,1,0.666667,0.127273,0.854683,0.00111781,0.105469,1,0.158764,5,5,1,0.35,0.233333,0.6,1.16667,0.7,0.4
0,9,0.3,0.4375,1,0.833333,1,0.25,0.393939,1.31277,0.0194201,0.106306,1,0.101093,5,5,1,0.4,0.266667,0.6,0.666667,0.4,0.5
1,9,0.45,0.61875,1,1.66667,1,0.428571,-0.0666667,0.810531,0.0281943,0.10717,1,0.137684,5,5,1,0.95,0.633333,0.2,1.5,0.9,0.9
1,9,0.575,0.825,1,1.83333,1,0.428571,-0.00606061,0.577974,0.0287979,0.104605,1,0.161316,5,5,1,0.25,0.166667,0.6,0.666667,0.4,0.5
0,9,0.25,0.3375,1,0.833333,1,0.111111,-0.50303,3.49471,0.0193097,0.103768,1,0.0913853,5,5,1,0.05,0.0333333,0.9,0.5,0.3,0.2
0,9,0.425,0.625,1,0.5,1,0.428571,-0.187879,1.03958,0.00677791,0.103111,1,0.0760406,5,5,1,0.05,0.0333333,0.9,0.5,0.3,0.2
1,9,0.75,0.9875,1,1.66667,1,0.428571,0.212121,3.11993,0.0547131,0.10717,1,0.200552,5,5,1,0.1,0.0666667,0.8,0.666667,0.4,0.3
0,9,0.275,0.33125,1,0.5,1,0.25,-0.236364,1.58585,0.0200452,0.104658,1,0.141379,5,5,1,0,0,1,0.166667,0.1,0.1
1,9,0.75,0.95625,1,1.33333,1,0.428571,0.563636,9.471,0.0418356,0.10717,1,0.120922,5,5,1,0,0,1,0.5,0.3,0.1
1,9,0.4,0.56875,1,1.16667,1,0.428571,0.50303,0.493771,0.0193101,0.106306,1,0.202963,5,5,1,0.8,0.533333,0.2,1.16667,0.7,0.9
1,9,0.425,0.64375,1,1.83333,1,0.428571,0.430303,11.0939,0.367631,0.10717,1,0.0982988,5,5,1,0.1,0.0666667,0.8,0.666667,0.4,0.3
1,9,0.35,0.46875,1,0.5,1,0.111111,-0.624242,2.13336,0.0178188,0.103873,1,0.0971254,5,5,1,0.15,0.1,0.8,0.666667,0.4,0.3
1,9,0.375,0.5,1,1.16667,1,0.428571,0.454545,1.37173,0.0168569,0.105469,1,0.145719,5,5,1,0.25,0.166667,0.6,1,0.6,0.4
0,9,0.55,0.73125,1,0.5,1,0.25,-0.030303,3.41931,0.0576437,0.104605,1,0.117688,5,5,1,0.15,0.1,0.8,0.666667,0.4,0.3
1,9,0.725,0.93125,1,1,1,0.666667,0.478788,7.5156,0.00173631,0.106306,1,0.238086,5,5,1,1.05,0.7,0.4,1.66667,1,0.7
0,9,0.4,0.58125,1,0.166667,1,0.428571,0.0909091,0.727097,0.0310181,0.104658,1,0.135125,5,5,1,0.05,0.0333333,0.9,0.333333,0.2,0.2
0,9,0.475,0.75,1,1.5,1,0.428571,0.260606,1.56631,0.00873309,0.106306,1,0.161834,5,5,1,0.4,0.266667,0.5,1.16667,0.7,0.5
1,9,0.325,0.4625,1,0.5,1,0.428571,0.6,1.16537,0.064458,0.105442,1,0.147016,5,5,1,1.4,0.933333,0.3,1.33333,0.8,0.8
0,9,0.2,0.3,1,0.666667,1,0.428571,-0.2,0.428929,0.0739018,0.106306,1,0.0705439,5,5,1,0.35,0.233333,0.6,1,0.6,0.5
1,9,0.375,0.625,1,0.333333,1,0.25,-0.321212,2.20648,0.0322797,0.104658,1,0.122843,5,5,1,0.6,0.4,0.4,1.16667,0.7,0.6
1,9,0.4,0.50625,1,0.666667,1,0.666667,0.672727,0.21867,0.01091,0.106306,1,0.116936,5,5,1,0.2,0.133333,0.7,1,0.6,0.3
0,9,0.225,0.33125,1,0.5,1,0.428571,0.163636,4.72709,0.0836264,0.106306,1,0.0988485,5,5,1,0.1,0.0666667,0.8,0.5,0.3,0.2
1,9,0.45,0.63125,0,1,1,0.428571,0.454545,1.7604,0.000185256,0.105469,1,0.141806,5,5,1,0.15,0.1,0.7,0.5,0.3,0.3
0,9,0.2,0.25625,1,0.333333,1,0.111111,-0.745455,1.05097,0.021104,0.103873,1,0.0921518,5,5,1,0.2,0.133333,0.7,1,0.6,0.3
0,9,0.475,0.6,1,0.833333,1,1,0.90303,1.42359,0.0760014,0.10717,1,0.173328,5,5,1,0.05,0.0333333,0.9,0.666667,0.4,0.2
0,9,0.425,0.575,1,0.333333,1,0.25,0.381818,5.68552,0.0475654,0.10717,1,0.126028,5,5,1,0.5,0.333333,0.6,1.33333,0.8,0.5
0,9,0.6,0.9625,1,0.666667,1,0.666667,0.29697,6.79071,0.0151753,0.104658,1,0.170501,5,5,1,0.05,0.0333333,0.9,0.5,0.3,0.2
0,9,0.425,0.525,1,0.666667,1,0.25,-0.0909091,0.0798416,0.0172327,0.103768,1,0.137908,5,5,1,0.05,0.0333333,0.9,0.333333,0.2,0.2
0,9,0.275,0.38125,1,0.333333,1,1,0.757576,2.51601,0.0319242,0.105469,1,0.187063,5,5,1,0.5,0.333333,0.6,1,0.6,0.5
1,9,0.45,0.65,1,0.833333,1,0.666667,0.672727,2.96863,0.0120156,0.106306,1,0.123962,5,5,1,0.7,0.466667,0.2,1.16667,0.7,0.9
0,9,0.475,0.7125,1,1.16667,1,0.111111,-0.490909,0.0193141,0.00225669,0.104658,1,0.161037,5,5,1,0.1,0.0666667,0.8,0.833333,0.5,0.2
0,9,0.375,0.51875,1,0.5,1,0.25,-0.369697,0.975414,0.033597,0.104605,1,0.113416,5,5,1,0,0,1,0.166667,0.1,0.1
1,9,0.3,0.39375,1,0.333333,1,0.25,0.139394,3.8012,0.0845413,0.104658,1,0.179324,5,5,1,0.3,0.2,0.7,0.666667,0.4,0.4
0,9,0.25,0.36875,1,0.833333,1,0.428571,0.00606061,1.01687,0.0102986,0.103873,1,0.0955398,5,5,1,0.25,0.166667,0.6,0.666667,0.4,0.4
0,9,0.225,0.31875,1,0.666667,1,0.666667,0.721212,1.35276,0.0675725,0.10717,1,0.0701495,5,5,1,0.5,0.333333,0.6,1,0.6,0.5
1,10,0.6,1.025,1,2,1,0.428571,0.490909,4.25869,0.0176044,0.10717,1,0.115807,5,5,1,1.1,0.733333,0.3,1.66667,1,0.7
0,10,0.55,0.85625,1,1.5,1,0.25,-0.0909091,0.838773,0.0641385,0.104658,1,0.124585,5,5,1,0.05,0.0333333,0.9,0.166667,0.1,0.2
1,10,0.5,0.8375,1,0.833333,1,0.666667,0.721212,7.38523,0.082131,0.10717,1,0.136839,5,5,1,1.05,0.7,0.4,1.5,0.9,0.7
1,10,0.45,0.675,1,0.833333,1,0.428571,-0.0787879,4.3218,0.0709811,0.10717,1,0.115173,5,5,1,0,0,1,0.5,0.3,0.1
0,10,0.3,0.33125,1,0.166667,1,0.428571,0.224242,0.31814,0.000211438,0.104605,1,0.0958617,5,5,1,0.15,0.1,0.8,0.666667,0.4,0.3
0,10,0.55,0.7625,1,0.5,1,0.428571,0.0666667,2.16266,0.00496944,0.105469,1,0.104662,5,5,1,0.25,0.166667,0.6,0.666667,0.4,0.5
1,10,0.325,0.43125,1,0.833333,1,0.666667,0.636364,7.7784,0.0558169,0.10717,1,0.0787737,5,5,1,0.55,0.366667,0.5,1,0.6,0.6
1,10,0.2,0.29375,1,0.666667,1,0.25,0.284848,0.987199,0.00209943,0.106306,1,0.0535571,5,5,1,0.75,0.5,0.5,1.16667,0.7,0.6
1,10,0.65,0.875,1,1,1,0.428571,0.236364,5.38704,0.0576302,0.106306,1,0.298735,5,5,1,0.8,0.533333,0.4,1.16667,0.7,0.6
1,10,0.35,0.48125,1,0.5,1,0.666667,0.684848,0.704362,0.0717046,0.10717,1,0.170771,5,5,1,0.15,0.1,0.8,0.666667,0.4,0.3
0,10,0.25,0.35625,1,0.666667,1,0.25,-0.357576,0.19526,0.0528645,0.103794,1,0.115809,5,5,1,0.5,0.333333,0.6,1.16667,0.7,0.5
1,10,0.4,0.55625,1,0.5,1,0.428571,0.212121,2.99712,0.0154972,0.103794,1,0.094307,5,5,1,0.8,0.533333,0.4,1,0.6,0.6
1,10,0.55,0.8,1,1.16667,1,1,0.915152,2.35495,0.0992516,0.10717,1,0.252836,5,5,1,0.55,0.366667,0.3,1,0.6,0.8
1,10,0.6,0.875,1,1,1,0.25,-0.2,1.55588,0.0379095,0.105469,1,0.131896,5,5,1,0.4,0.266667,0.5,1,0.6,0.6
0,10,0.35,0.48125,1,0.5,1,1,0.69697,2.52441,0.00612696,0.104658,1,0.195391,5,5,1,0.5,0.333333,0.3,0,0,0.8
1,10,0.575,0.80625,1,1,1,0.428571,0.684848,3.33635,0.0229911,0.10717,1,0.185806,5,5,1,0.15,0.1,0.8,0.5,0.3,0.3
1,10,0.4,0.60625,1,1.16667,1,0.25,0.0424242,1.37592,0.0404774,0.105442,1,0.133473,5,5,1,0,0,1,0.333333,0.2,0.1
0,10,0.35,0.38125,1,0.5,1,0.25,0.0424242,0.132851,0.0157037,0.105469,1,0.110273,5,5,1,0.5,0.333333,0.5,1,0.6,0.6
1,10,0.35,0.525,1,1,1,0.25,0.236364,0.609504,0.00762399,0.103873,1,0.0841875,5,5,1,0.05,0.0333333,0.9,0.5,0.3,0.2
1,10,0.325,0.60625,1,0.833333,1,0.666667,0.660606,2.39287,0.00992938,0.106306,1,0.111512,5,5,1,0.1,0.0666667,0.8,0,0,0.2
0,10,0.3,0.44375,1,0.166667,1,0.428571,0.321212,0.110789,0.00623532,0.105469,1,0.117811,5,5,1,0,0,1,0.166667,0.1,0.1
1,10,0.275,0.4,1,0.333333,1,0.25,0.175758,0.249093,0.0760405,0.106306,1,0.085424,5,5,1,1.4,0.933333,0.3,1.33333,0.8,0.8
1,10,0.25,0.40625,1,0.833333,1,0.666667,0.648485,0.349403,0.020375,0.106306,1,0.0970223,5,5,1,0.35,0.233333,0.5,0.833333,0.5,0.6
1,10,0.6,0.975,1,1,1,0.666667,0.830303,15.0732,0.146023,0.10717,1,0.170054,5,5,1,0.05,0.0333333,0.9,0.166667,0.1,0.2
1,10,0.7,1.01875,1,0.666667,1,1,0.854545,9.24876,0.114817,0.10717,1,0.209557,5,5,1,0,0,1,0.166667,0.1,0.1
1,10,0.2,0.3,1,0.5,0.8,0.428571,0.190476,0.590686,0.0123802,0.129876,1,0.0646942,5,5,0.8,0.4,0.333333,0.3,1,0.75,0.5
1,10,0.475,0.725,1,1,1,1,0.733333,0.0697507,0.0194977,0.105469,1,0.167629,5,5,1,0.15,0.1,0.7,0.833333,0.5,0.3
0,10,0.425,0.53125,1,0.5,1,0.428571,0.478788,3.7173,0.0748767,0.10717,1,0.129932,5,5,1,0.15,0.1,0.8,0.5,0.3,0.3
0,10,0.325,0.3625,1,0.833333,1,0.25,0.29697,0.58998,0.0819501,0.10717,1,0.0975502,5,5,1,0,0,1,0.333333,0.2,0.1
1,10,0.525,0.70625,1,1.16667,1,0.666667,0.272727,0.0393005,0.0500792,0.10717,1,0.0941321,5,5,1,0.75,0.5,0.4,1.16667,0.7,0.7
1,10,0.525,0.675,1,0.5,1,0.428571,0.612121,9.62527,0.0877028,0.10717,1,0.132151,5,5,1,0.8,0.533333,0.4,1.5,0.9,0.6
1,10,0.375,0.48125,1,0.5,1,0.666667,0.806061,0.471512,0.00805827,0.106306,1,0.0927706,5,5,1,0.45,0.3,0.5,1.33333,0.8,0.4
0,10,0.3,0.425,1,0.5,1,0.666667,0.345455,1.73061,0.0125801,0.105442,1,0.0714997,5,5,1,0.45,0.3,0.5,1,0.6,0.6
1,10,0.325,0.45,1,1,1,0.666667,0.50303,3.04705,0.0436594,0.106306,1,0.110354,5,5,1,1.8,1.2,0.2,1.66667,1,0.9
1,10,0.675,0.89375,1,1.33333,1,0.428571,0.345455,2.19467,0.0259435,0.106306,1,0.222455,5,5,1,0.4,0.266667,0.4,1.16667,0.7,0.3
1,10,0.25,0.4375,1,0.833333,1,0.25,0.393939,0.109738,0.0306245,0.106306,1,0.12456,5,5,1,0.2,0.133333,0.6,0.5,0.3,0.3
0,10,0.475,0.5875,1,0.833333,1,0.666667,0.539394,2.68825,0.0162722,0.105442,1,0.166892,5,5,1,0.25,0.166667,0.6,0.666667,0.4,0.5
0,10,0.375,0.55625,1,1,1,0.25,-0.127273,2.98398,0.165801,0.10717,1,0.113332,5,5,1,0,0,1,0.5,0.3,0.1
1,10,0.8,1.125,1,1.5,1,0.111111,-0.418182,7.20609,0.259591,0.10717,1,0.284416,5,5,1,0.95,0.633333,0.1,1.66667,1,1
1,10,0.5,0.7375,1,0.5,1,0.25,-0.0424242,1.53527,0.124196,0.10717,1,0.174981,5,5,1,0.55,0.366667,0.5,1,0.6,0.5
0,10,0.45,0.6875,1,1.33333,1,0.428571,0.648485,0.687783,0.0387986,0.106306,1,0.17467,5,5,1,0.6,0.4,0.4,1,0.6,0.7
1,10,0.3,0.375,1,0.5,1,0.428571,0.321212,2.32631,0.121232,0.10717,1,0.106415,5,5,1,0.05,0.0333333,0.9,0.5,0.3,0.2
1,10,0.4,0.6125,1,0.833333,1,0.666667,0.575758,0.105796,0.00425916,0.106306,1,0.258026,5,5,1,1.45,0.966667,0.2,1.5,0.9,0.9
0,10,0.4,0.525,1,0.833333,1,0.25,0.393939,1.99296,0.026627,0.106306,1,0.108335,5,5,1,0.05,0.0333333,0.9,0.666667,0.4,0.2
1,10,0.375,0.55,1,0.833333,1,0.25,0.139394,1.70593,0.00973546,0.105442,1,0.10487,5,5,1,0.15,0.1,0.7,0.833333,0.5,0.3
0,10,0.25,0.3,1,0.5,1,0.666667,0.709091,0.606156,0.0554249,0.10717,1,0.124063,5,5,1,0.3,0.2,0.7,0.666667,0.4,0.4
0,10,0.375,0.525,1,1.16667,1,0.428571,0.490909,6.45654,0.148995,0.10717,1,0.0863596,5,5,1,0.2,0.133333,0.7,0.833333,0.5,0.3
0,10,0.25,0.3375,1,0.666667,1,0.428571,0.381818,0.0522946,0.00054864,0.104658,1,0.0784926,5,5,1,0.75,0.5,0.5,1.16667,0.7,0.6
0,10,0.275,0.39375,1,0.666667,1,0.428571,0.478788,0.838386,0.0374045,0.106306,1,0.162005,5,5,1,0.2,0.133333,0.6,0.833333,0.5,0.2
0,10,0.25,0.34375,1,0.833333,1,0.25,-0.00606061,5.03338,0.0340056,0.10717,1,0.0826374,5,5,1,0.6,0.4,0.4,1,0.6,0.7
1,10,0.35,0.4625,1,0.833333,1,0.666667,0.357576,3.2916,0.014623,0.106306,1,0.133173,5,5,1,1.8,1.2,0.2,1.5,0.9,0.9
1,10,0.625,0.91875,1,1.16667,1,0.25,-0.0787879,4.48231,0.0655261,0.10717,1,0.157679,5,5,1,0.55,0.366667,0.5,1,0.6,0.6
1,10,0.625,0.8375,1,1.66667,1,1,0.818182,0.747924,0.00765944,0.10717,1,0.106582,5,5,1,0.45,0.3,0.5,1.5,0.9,0.4
0,10,0.225,0.3375,1,1,1,0.25,-0.381818,0.750001,0.0895147,0.105469,1,0.0876984,5,5,1,0.55,0.366667,0.5,1,0.6,0.5
0,10,0.325,0.475,1,0.333333,1,0.428571,0.248485,0.878868,0.000488476,0.106306,1,0.106147,5,5,1,0.1,0.0666667,0.8,0.833333,0.5,0.2
1,10,0.4,0.5625,1,0.833333,1,0.428571,0.369697,10.4621,0.00578557,0.106306,1,0.1056,5,5,1,0,0,1,0.5,0.3,0.1
0,10,0.35,0.44375,1,0.666667,1,0.428571,0.248485,0.205237,0.0935133,0.104658,1,0.116246,5,5,1,0.3,0.2,0.7,0.666667,0.4,0.4
1,10,1.05,1.625,1,0.666667,1,0.666667,0.745455,4.24617,0.00937423,0.10717,1,0.240203,5,5,1,0,0,1,0.5,0.3,0.1
1,10,0.35,0.5,1,0.666667,1,0.428571,0.490909,0.253928,0.00805127,0.10717,1,0.110081,5,5,1,0.1,0.0666667,0.8,0.666667,0.4,0.3
1,10,0.55,0.75,1,1.16667,1,0.428571,0.490909,0.679991,0.100134,0.106306,1,0.148865,5,5,1,1.8,1.2,0.2,1.5,0.9,0.9
0,10,0.325,0.50625,1,1.33333,1,0.25,-0.0909091,0.981408,0.0107256,0.103873,1,0.110731,5,5,1,0.4,0.266667,0.6,1.16667,0.7,0.5
1,10,0.425,0.6125,1,0.833333,1,0.25,0.030303,3.203,0.0444051,0.10717,1,0.0951115,5,5,1,0,0,1,0.166667,0.1,0.1
1,10,0.375,0.55625,1,0.833333,1,1,0.709091,2.90645,0.0110109,0.10717,1,0.0721926,5,5,1,0.6,0.4,0.5,1,0.6,0.6
1,10,0.325,0.53125,1,0.833333,1,0.666667,0.624242,0.772509,0.00277922,0.10717,1,0.0950593,5,5,1,0.45,0.3,0.5,0.666667,0.4,0.6
0,10,0.425,0.56875,1,0.833333,1,0.428571,0.563636,0.690373,0.0310097,0.106306,1,0.13081,5,5,1,0.15,0.1,0.8,0.5,0.3,0.3
0,10,0.45,0.6,1,0.666667,1,0.666667,0.248485,0.604427,0.0152039,0.104658,1,0.222906,5,5,1,0.35,0.233333,0.6,1,0.6,0.5
0,10,0.525,0.65,1,0.5,1,0.666667,0.345455,2.53225,0.0153105,0.105469,1,0.103964,5,5,1,0.15,0.1,0.7,0.833333,0.5,0.3
0,10,0.5,0.71875,1,1.16667,1,0.666667,0.50303,0.837504,0.0760457,0.106306,1,0.132852,5,5,1,0.65,0.433333,0.3,1.33333,0.8,0.8
0,10,0.4,0.625,1,1,1,0.25,-0.309091,0.461619,0.0143307,0.103873,1,0.0653521,5,5,1,0.15,0.1,0.8,0.5,0.3,0.3
0,10,0.4,0.55625,1,0.666667,1,0.666667,0.769697,0.0819048,0.0309576,0.10717,1,0.245073,5,5,1,0.25,0.166667,0.6,0.666667,0.4,0.4
0,10,0.25,0.3125,1,0.666667,1,0.428571,-0.030303,2.73101,0.000743881,0.104605,1,0.109016,5,5,1,1.4,0.933333,0.3,1.33333,0.8,0.8
0,10,0.525,0.725,1,0.666667,1,0.666667,0.769697,6.23414,0.0696185,0.10717,1,0.141008,5,5,1,0.45,0.3,0.4,1.16667,0.7,0.7
0,10,0.4,0.6,1,0.833333,1,0.428571,0.551515,4.90736,0.0170896,0.106306,1,0.144914,5,5,1,0.75,0.5,0.5,1,0.6,0.6
0,10,0.425,0.55,1,0.833333,1,0.25,-0.151515,0.579413,0.0231031,0.104658,1,0.154853,5,5,1,0.35,0.233333,0.5,0.666667,0.4,0.4
0,10,0.325,0.40625,1,0.666667,1,0.666667,0.6,0.838632,0.0172998,0.105469,1,0.115307,5,5,1,0.2,0.133333,0.7,0.833333,0.5,0.3
0,10,0.25,0.36875,1,0.5,1,0.666667,0.430303,3.14145,0.010937,0.10717,1,0.0737647,5,5,1,0,0,1,0.333333,0.2,0.1
1,10,0.375,0.6875,1,0.833333,1,0.666667,0.624242,0.267379,0.0316585,0.10717,1,0.189925,5,5,1,0.1,0.0666667,0.8,0.333333,0.2,0.2
1,10,0.275,0.38125,1,0.5,1,0.666667,0.660606,0.746649,0.0166389,0.105469,1,0.118173,5,5,1,1.05,0.7,0.4,1.16667,0.7,0.7
0,10,0.2,0.33125,1,0.5,1,0.428571,0.151515,1.11919,0.031671,0.106306,1,0.0507622,5,5,1,0.05,0.0333333,0.9,0.333333,0.2,0.2
0,10,0.35,0.50625,1,1.33333,1,0.25,-0.187879,3.79336,0.0208086,0.104658,1,0.166128,5,5,1,0.05,0.0333333,0.9,0.666667,0.4,0.2
0,11,0.45,0.63125,1,1.16667,1,0.428571,0.333333,6.92694,0.0313228,0.105469,1,0.153541,5,5,1,0.65,0.433333,0.3,1.16667,0.7,0.8
1,11,0.35,0.6125,1,1,1,0.428571,0.575758,0.0316168,0.0720896,0.10717,1,0.0613193,5,5,1,0.85,0.566667,0.3,1.5,0.9,0.8
0,11,0.35,0.48125,1,0.833333,1,0.111111,-0.454545,0.369791,0.00604744,0.105442,1,0.101517,5,5,1,0.5,0.333333,0.4,1.16667,0.7,0.7
0,11,0.35,0.45,1,0,1,0.428571,0.418182,2.99896,0.0582426,0.10717,1,0.109904,5,5,1,0,0,1,0.166667,0.1,0.1
0,11,0.375,0.4875,1,0.5,1,0.428571,0.0666667,0.820592,0.0362323,0.10717,1,0.151515,5,5,1,1.65,1.1,0.1,1.66667,1,1
1,11,0.325,0.5125,1,0.5,1,0.428571,0.224242,1.8772,0.042907,0.10717,1,0.124038,5,5,1,0,0,1,0.333333,0.2,0.1
0,11,0.4,0.60625,1,1.16667,1,0.428571,0.563636,7.93202,0.166445,0.10717,1,0.113685,5,5,1,0.1,0.0666667,0.8,0.5,0.3,0.2
0,11,0.3,0.43125,1,1,1,0.428571,0.0787879,1.08511,0.0616781,0.103873,1,0.135809,5,5,1,1.8,1.2,0.2,1.66667,1,0.9
0,11,0.425,0.70625,1,0.666667,1,1,0.987879,2.07085,0.0539412,0.10717,1,0.431835,5,5,1,0.45,0.3,0.4,1.5,0.9,0.5
0,11,0.325,0.49375,1,0.5,1,0.25,-0.551515,0.912589,0.00258431,0.103873,1,0.0917352,5,5,1,0.2,0.133333,0.6,1.16667,0.7,0.3
1,11,0.275,0.4125,1,0.5,1,0.428571,0.430303,0.145426,0.0900016,0.105442,1,0.122452,5,5,1,0,0,1,0.5,0.3,0.1
1,11,0.25,0.35625,1,0.666667,1,0.428571,0.187879,2.36817,0.0514777,0.10717,1,0.107427,5,5,1,0.1,0.0666667,0.8,0.5,0.3,0.2
0,11,0.2,0.25625,1,0.833333,1,0.428571,0.187879,3.19468,0.0405226,0.106306,1,0.0614882,5,5,1,0.8,0.533333,0.3,1.16667,0.7,0.8
1,11,0.175,0.275,1,0.5,0.4,1,1,2.27089,0.0786864,0.256066,0.8,0.0603433,5,5,0.4,0,0,0.4,0.166667,0.25,0.25
0,11,0.625,0.85625,1,2.66667,1,0.25,-0.139394,1.27627,0.0252918,0.10717,1,0.177678,5,5,1,0.35,0.233333,0.5,1.5,0.9,0.5
1,11,0.425,0.60625,1,1.16667,1,0.428571,0.478788,9.29811,0.131107,0.10717,1,0.113671,5,5,1,1.4,0.933333,0.3,1.66667,1,0.8
1,11,0.3,0.45625,1,0.666667,1,0.666667,0.139394,3.80108,0.0274483,0.106306,1,0.0827918,5,5,1,0.55,0.366667,0.5,1,0.6,0.5
0,11,0.275,0.36875,0,0.166667,1,0.428571,-0.309091,0.0362905,0.00365687,0.103794,1,0.108967,5,5,1,0.25,0.166667,0.5,0.5,0.3,0.4
1,11,0.275,0.41875,1,0.833333,1,0.428571,0.224242,0.336395,0.0536534,0.106306,1,0.128758,5,5,1,0.75,0.5,0.4,1.16667,0.7,0.7
0,11,0.225,0.4,1,0.833333,1,0.666667,0.793939,3.26434,0.0841544,0.10717,1,0.0766217,5,5,1,0.2,0.133333,0.6,0.666667,0.4,0.4
0,11,0.275,0.4125,1,0.833333,1,0.25,0.212121,4.1589,0.0307321,0.106306,1,0.0886806,5,5,1,0.15,0.1,0.8,0.333333,0.2,0.3
1,11,0.425,0.54375,1,1.33333,1,0.666667,0.709091,2.47363,0.143352,0.106306,1,0.144462,5,5,1,0.85,0.566667,0.3,1,0.6,0.7
0,11,0.35,0.5,1,1.5,1,0.25,0.127273,0.525235,0.00571312,0.103873,1,0.0907628,5,5,1,0.6,0.4,0.4,1.33333,0.8,0.6
1,11,0.225,0.375,1,0.333333,1,0.25,0.309091,1.70939,0.107644,0.10717,1,0.122422,5,5,1,0,0,1,0.166667,0.1,0.1
1,11,0.425,0.6875,1,0.5,1,0.666667,0.781818,0.442759,0.0228662,0.10717,1,0.0932814,5,5,1,0.15,0.1,0.8,0.5,0.3,0.3
0,11,0.45,0.5875,1,0.5,1,1,0.721212,9.66732,0.125445,0.10717,1,0.122823,5,5,1,0.2,0.133333,0.7,1,0.6,0.3
0,11,0.225,0.34375,1,0.5,1,0.25,-0.0787879,1.1226,0.00334674,0.10717,1,0.0562963,5,5,1,0.2,0.133333,0.7,0.666667,0.4,0.4
0,11,0.225,0.2875,1,0.333333,1,0.25,-0.0181818,1.20633,0.02318,0.103873,1,0.0607713,5,5,1,0,0,1,0.333333,0.2,0.1
1,11,0.2,0.28125,1,0.5,1,0.666667,0.527273,0.0836161,0.0399311,0.106306,1,0.0739961,5,5,1,0.05,0.0333333,0.9,0.333333,0.2,0.2
0,11,0.25,0.375,1,1,1,0.428571,0.648485,0.206478,0.0694507,0.10717,1,0.0874665,5,5,1,0.05,0.0333333,0.9,0.666667,0.4,0.2
0,11,0.275,0.45,0,0.333333,1,0.428571,-0.406061,0.335014,0.0154178,0.104658,1,0.0677342,5,5,1,0.2,0.133333,0.7,0.5,0.3,0.4
1,11,0.2,0.2875,1,0.5,0.6,0.666667,0.0857143,0.799813,0.0255335,0.171974,1,0.0868321,5,5,0.6,0.3,0.333333,0.3,0.833333,0.833333,0.666667
0,11,0.25,0.36875,1,0.333333,1,0.666667,0.660606,1.59518,0.00209684,0.10717,1,0.0906399,5,5,1,0.85,0.566667,0.4,1.33333,0.8,0.7
1,11,0.475,0.79375,1,0.5,1,0.25,-0.0666667,6.59472,0.0524652,0.10717,1,0.129049,5,5,1,0.15,0.1,0.8,0.833333,0.5,0.3
0,11,0.25,0.38125,1,0.666667,1,0.111111,-0.345455,4.69505,0.00899383,0.103873,1,0.0773586,5,5,1,0.6,0.4,0.5,1,0.6,0.6
1,11,0.525,0.825,0,1.16667,1,0.428571,0.381818,0.0985795,0.103266,0.106306,1,0.225807,5,5,1,0.2,0.133333,0.7,0.833333,0.5,0.3
1,11,0.525,0.8,1,1,1,1,0.866667,5.46339,0.0621354,0.10717,1,0.194185,5,5,1,0.25,0.166667,0.6,0.333333,0.2,0.4
0,11,0.325,0.56875,1,1.33333,1,1,0.830303,8.06453,0.144483,0.10717,1,0.0724822,5,5,1,0,0,1,0.333333,0.2,0.1
1,11,0.25,0.325,1,0.666667,1,0.111111,-0.6,1.31267,0.0199833,0.103794,1,0.0621534,5,5,1,0.65,0.433333,0.4,0.833333,0.5,0.7
0,11,0.4,0.54375,1,0.833333,1,0.666667,0.612121,2.42363,0.0783402,0.10717,1,0.13557,5,5,1,0.5,0.333333,0.6,1,0.6,0.5
1,11,0.275,0.3875,1,0.5,1,0.25,-0.612121,1.67303,0.0306728,0.102957,1,0.0383426,5,5,1,0.3,0.2,0.6,0.166667,0.1,0.5
0,11,0.35,0.5125,1,0.5,1,1,0.733333,4.73968,0.0903227,0.10717,1,0.130334,5,5,1,0.2,0.133333,0.7,0.833333,0.5,0.3
0,11,0.275,0.3875,1,0.5,1,0.428571,-0.0787879,3.33958,0.000505974,0.103873,1,0.108422,5,5,1,1.8,1.2,0.2,1.66667,1,0.9
1,11,0.25,0.3875,1,0.666667,1,0.428571,0.369697,1.98513,0.0139422,0.10717,1,0.146226,5,5,1,0.05,0.0333333,0.9,0.5,0.3,0.2
1,11,0.325,0.54375,1,0.5,1,0.666667,0.745455,2.99118,0.116322,0.10717,1,0.133772,5,5,1,2.25,1.5,0.1,1.66667,1,1
1,11,0.2,0.3125,1,0.5,0.2,1,1,0.0723052,0.0127573,0.504065,0.4,0.0789801,5,5,0.2,0,0,0.2,0.333333,1,0.5
0,11,0.475,0.625,1,0.333333,1,0.666667,0.660606,4.09319,0.137181,0.10717,1,0.0975662,5,5,1,0.15,0.1,0.8,0.666667,0.4,0.3
1,11,0.675,1.00625,1,1,1,1,0.915152,9.44531,0.0157178,0.105469,1,0.203633,5,5,1,0.4,0.266667,0.4,0.5,0.3,0.3
0,11,0.425,0.5125,1,1.33333,1,0,-0.660606,4.83176,0.0120908,0.103111,1,0.155695,5,5,1,1.4,0.933333,0.3,1.33333,0.8,0.8
0,11,0.275,0.4125,1,1,1,0.25,-0.369697,0.994753,0.0553605,0.103111,1,0.0807765,5,5,1,0.4,0.266667,0.5,0.833333,0.5,0.5
1,11,0.3,0.53125,1,1,1,0.428571,0.830303,1.60859,0.0149872,0.106306,1,0.0676764,5,5,1,0.3,0.2,0.7,0.833333,0.5,0.4
1,11,0.5,0.69375,1,1,1,0.25,-0.309091,1.18358,0.0314869,0.103873,1,0.26505,5,5,1,1.8,1.2,0.2,1.66667,1,0.9
1,11,0.525,0.7125,1,1,1,0.428571,0.745455,1.54065,0.0112835,0.106306,1,0.152953,5,5,1,1.8,1.2,0.2,1.5,0.9,0.9
1,11,0.35,0.56875,1,1,1,0.666667,0.563636,4.84929,0.0640886,0.10717,1,0.114951,5,5,1,0.15,0.1,0.7,0.333333,0.2,0.2
1,11,0.475,0.75625,1,1.16667,1,0.666667,0.709091,1.10452,0.0847029,0.106306,1,0.0967379,5,5,1,0.9,0.6,0.2,1.33333,0.8,0.9
1,11,0.4,0.55,0,0.833333,1,0.666667,0.90303,0.668925,0.00770431,0.10717,1,0.14757,5,5,1,0.2,0.133333,0.6,0.833333,0.5,0.3
0,11,0.3,0.4625,1,0.5,1,0.428571,0.757576,2.49135,0.0464233,0.10717,1,0.0814715,5,5,1,0.05,0.0333333,0.9,0.5,0.3,0.2
1,11,0.45,0.625,1,0.333333,1,0.25,-0.551515,0.0635601,0.0316021,0.104658,1,0.144528,5,5,1,0.05,0.0333333,0.9,0.5,0.3,0.2
0,11,0.45,0.64375,1,0.333333,1,0.428571,0.684848,0.326705,0.146193,0.10717,1,0.0739845,5,5,1,0.15,0.1,0.7,0.5,0.3,0.3
1,11,0.575,0.83125,1,0.666667,1,0.428571,0.369697,11.7245,0.0505358,0.10717,1,0.170839,5,5,1,0.55,0.366667,0.4,1.33333,0.8,0.5
0,11,0.525,0.675,0,0.833333,1,0.25,-0.00606061,7.31832,0.0448012,0.105469,1,0.153834,5,5,1,0.8,0.533333,0.3,1.33333,0.8,0.8
1,11,0.25,0.3875,1,1,1,0.666667,0.660606,1.3809,0.0163665,0.105469,1,0.0655128,5,5,1,0.6,0.4,0.5,1,0.6,0.6
1,11,0.425,0.65625,1,1,1,0.428571,0.418182,0.239433,0.171301,0.10717,1,0.172476,5,5,1,1.1,0.733333,0.3,1.16667,0.7,0.7
0,11,0.4,0.5,1,0.666667,1,0.428571,0.139394,2.46871,0.00170451,0.104658,1,0.0887602,5,5,1,0.6,0.4,0.4,0.666667,0.4,0.4
1,11,0.275,0.45,1,1,1,0.666667,0.636364,0.336732,0.00614237,0.10717,1,0.0648698,5,5,1,0.1,0.0666667,0.8,0.5,0.3,0.2
1,11,0.675,0.9125,1,0.833333,1,0.666667,0.818182,4.04595,0.0192185,0.106306,1,0.156721,5,5,1,1.9,1.26667,0.1,1.66667,1,1
1,11,0.35,0.46875,1,0.333333,1,0.666667,0.854545,5.40436,0.287233,0.10717,1,0.17208,5,5,1,0.05,0.0333333,0.9,0.5,0.3,0.2
1,11,0.6,0.8,1,0.833333,1,0.428571,0.539394,1.01135,0.00779513,0.10717,1,0.120464,5,5,1,0,0,1,0.333333,0.2,0.1
0,11,0.4,0.525,1,0.166667,1,0.25,0.236364,0.778718,0.0217326,0.103794,1,0.144069,5,5,1,0.15,0.1,0.8,0.5,0.3,0.3
1,11,0.35,0.55625,1,1,1,0.25,-0.0545455,4.57145,0.0529879,0.106306,1,0.105882,5,5,1,1.05,0.7,0.4,1.16667,0.7,0.7
0,11,0.275,0.425,1,1,1,0.111111,-0.575758,1.03913,0.00120728,0.103873,1,0.0758401,5,5,1,0.35,0.233333,0.6,1,0.6,0.5
1,11,0.575,0.80625,1,0.666667,1,0.428571,0.393939,2.76454,0.0532181,0.105469,1,0.159669,5,5,1,1.8,1.2,0.2,1.5,0.9,0.9
1,11,0.35,0.60625,1,0.833333,1,0.666667,0.672727,2.50023,0.0207767,0.105469,1,0.116792,5,5,1,0.6,0.4,0.2,1.33333,0.8,0.7
1,11,0.3,0.45,1,0.333333,1,0.666667,0.818182,2.40901,0.0297003,0.10717,1,0.0863319,5,5,1,0.5,0.333333,0.6,0.833333,0.5,0.5
0,11,0.3,0.4125,1,0.666667,1,0.111111,-0.454545,4.18655,0.0162257,0.103111,1,0.093588,5,5,1,0,0,1,0.333333,0.2,0.1
0,11,0.35,0.46875,1,0.666667,1,0.428571,0.284848,0.753074,0.0393208,0.10717,1,0.0823455,5,5,1,0.05,0.0333333,0.9,0.5,0.3,0.2
0,11,0.3,0.3875,1,0.833333,1,0.25,-0.357576,0.330234,0.0198572,0.102957,1,0.0860559,5,5,1,0.3,0.2,0.7,1,0.6,0.4
1,11,0.275,0.4,1,0.833333,1,0.25,0.260606,0.503962,0.0703124,0.105442,1,0.0690156,5,5,1,0.1,0.0666667,0.8,0.333333,0.2,0.2
0,11,0.25,0.36875,1,0.666667,1,0.428571,0.030303,2.25015,0.00921676,0.10717,1,0.0703912,5,5,1,1.2,0.8,0.2,1.33333,0.8,0.9
1,11,0.4,0.5375,1,1,1,0.428571,0.0545455,0.923657,0.0122899,0.103873,1,0.0954222,5,5,1,0.35,0.233333,0.6,0.833333,0.5,0.5
1,12,0.525,0.79375,1,0.833333,1,0.428571,0.430303,0.0524692,0.0435254,0.10717,1,0.231073,5,5,1,0.8,0.533333,0.4,1.16667,0.7,0.6
0,12,0.4,0.4875,1,0.666667,1,0.25,0.10303,1.02818,0.0707829,0.10717,1,0.147346,5,5,1,0.85,0.566667,0.4,1.16667,0.7,0.7
1,12,0.325,0.4625,1,0.833333,1,0.666667,0.781818,0.429046,0.0271858,0.105469,1,0.0962761,5,5,1,0.95,0.633333,0.3,1.33333,0.8,0.8
0,12,0.775,1.025,1,0.833333,1,0.666667,0.745455,13.7727,0.212561,0.10717,1,0.253041,5,5,1,0.2,0.133333,0.6,0.666667,0.4,0.4
1,12,0.425,0.525,1,1,1,1,0.806061,3.14893,0.0142194,0.106306,1,0.115444,5,5,1,0.35,0.233333,0.6,0.333333,0.2,0.4
1,12,0.375,0.625,1,0.833333,1,0.666667,0.866667,1.04296,0.03298,0.106306,1,0.13977,5,5,1,1.65,1.1,0.1,1.66667,1,1
0,12,0.375,0.4875,1,0.333333,1,0.428571,0.369697,0.528361,0.00328346,0.106306,1,0.118755,5,5,1,0,0,1,0.333333,0.2,0.1
0,12,0.3,0.45625,1,1,1,0.666667,0.575758,3.28473,0.0212695,0.10717,1,0.0894815,5,5,1,0.95,0.633333,0.2,1.33333,0.8,0.9
0,12,0.525,0.75625,1,0.833333,1,0.666667,0.769697,6.68776,0.0500782,0.10717,1,0.287824,5,5,1,0,0,1,0.5,0.3,0.1
1,12,0.55,0.74375,1,0.833333,1,0.428571,0.0909091,1.1187,0.00950543,0.106306,1,0.229341,5,5,1,0.3,0.2,0.6,0.833333,0.5,0.3
0,12,0.275,0.3875,1,0.5,1,0.428571,0.0787879,0.720575,0.0305118,0.104605,1,0.152034,5,5,1,0.05,0.0333333,0.9,0.5,0.3,0.2
0,12,0.35,0.5,1,0.833333,1,0.666667,0.333333,0.617543,0.0466761,0.106306,1,0.0965502,5,5,1,0.3,0.2,0.6,1,0.6,0.4
1,12,0.475,0.69375,1,1.33333,1,0.666667,0.539394,0.0741875,0.0231762,0.105469,1,0.099653,5,5,1,0.5,0.333333,0.4,1.33333,0.8,0.7
1,12,0.425,0.5625,1,0.666667,1,0.666667,0.587879,1.93538,0.0305995,0.105469,1,0.0962686,5,5,1,0.05,0.0333333,0.9,0.333333,0.2,0.2
1,12,0.55,0.85625,1,1.33333,1,0.428571,0.527273,3.05586,0.285663,0.10717,1,0.316914,5,5,1,0.3,0.2,0.5,1,0.6,0.6
1,12,0.5,0.64375,1,0.333333,1,0.666667,0.478788,5.61807,0.0416424,0.10717,1,0.126037,5,5,1,1.4,0.933333,0.3,1.33333,0.8,0.8
1,12,0.225,0.3375,1,1,1,0.25,0.187879,1.99434,0.00517697,0.103794,1,0.0821521,5,5,1,0.15,0.1,0.7,0.5,0.3,0.2
0,12,0.525,0.75,1,0.666667,1,0.25,0.357576,8.11102,0.111132,0.10717,1,0.0817166,5,5,1,0.15,0.1,0.8,0.5,0.3,0.3
1,12,0.9,1.3,1,2.33333,1,0.666667,0.442424,7.44783,0.00766072,0.105442,1,0.127057,5,5,1,0.2,0.133333,0.7,0.833333,0.5,0.3
1,12,0.225,0.35,1,0.833333,1,0.25,0.0909091,0.259699,0.00501948,0.10717,1,0.103943,5,5,1,0.35,0.233333,0.6,0.333333,0.2,0.5
0,12,0.475,0.60625,1,0.5,1,0.666667,0.660606,4.76668,0.0157109,0.10717,1,0.120202,5,5,1,0.15,0.1,0.8,0.5,0.3,0.3
1,12,0.375,0.5875,1,1.33333,1,0.428571,0.139394,4.33513,0.0170446,0.10717,1,0.128025,5,5,1,0.2,0.133333,0.7,0.5,0.3,0.3
1,12,0.9,1.325,1,0.833333,1,0.666667,0.587879,14.6981,0.0566698,0.106306,1,0.213744,5,5,1,0.55,0.366667,0.4,1.33333,0.8,0.5
1,12,0.425,0.6,1,1,1,0.428571,-0.151515,1.55649,0.0353391,0.103008,1,0.0944506,5,5,1,0,0,1,0.166667,0.1,0.1
1,12,0.275,0.375,1,0.666667,1,0.666667,0.660606,0.567128,0.0135546,0.10717,1,0.125593,5,5,1,0.35,0.233333,0.6,1,0.6,0.4
1,12,0.5,0.725,1,0.333333,1,0.666667,0.69697,3.52652,0.017051,0.10717,1,0.111885,5,5,1,0.8,0.533333,0.4,1.5,0.9,0.7
1,12,0.4,0.475,1,0.333333,1,0.666667,0.745455,3.67711,0.0131721,0.106306,1,0.18371,5,5,1,0.05,0.0333333,0.9,0.666667,0.4,0.2
1,12,0.5,0.76875,1,0.833333,1,0.666667,0.745455,10.4734,0.0181077,0.10717,1,0.218377,5,5,1,0.05,0.0333333,0.9,0.5,0.3,0.2
1,12,0.3,0.4875,1,0.833333,1,0.428571,0.175758,2.04269,0.0180653,0.105442,1,0.0769428,5,5,1,0.55,0.366667,0.4,1.33333,0.8,0.7
1,12,0.25,0.38125,1,1,1,0.25,-0.115152,0.930176,0.0378865,0.104605,1,0.117447,5,5,1,0.45,0.3,0.6,1,0.6,0.5
1,12,0.45,0.675,1,0.666667,1,1,0.854545,0.495824,0.0557643,0.10717,1,0.154026,5,5,1,0.05,0.0333333,0.9,0.666667,0.4,0.2
0,12,0.5,0.59375,1,0.333333,1,0.428571,-0.127273,1.63483,0.00945886,0.103873,1,0.168691,5,5,1,0.4,0.266667,0.5,1.33333,0.8,0.4
1,12,0.825,1,1,0.5,1,0.428571,0.6,1.12652,0.0565395,0.106306,1,0.260031,5,5,1,0.45,0.3,0.5,1.16667,0.7,0.6
0,12,0.5,0.7125,1,1.33333,1,0.25,-0.260606,1.06759,0.0577576,0.105469,1,0.131587,5,5,1,0.75,0.5,0.5,1,0.6,0.6
1,12,0.45,0.65625,1,1.16667,1,0.25,-0.0909091,2.0072,0.0142141,0.106306,1,0.155067,5,5,1,0,0,1,0.166667,0.1,0.1
1,12,0.55,0.7375,1,0.5,1,1,0.915152,0.0169156,0.03778,0.10717,1,0.163537,5,5,1,0.25,0.166667,0.6,0.833333,0.5,0.3
1,12,0.55,0.70625,1,0.666667,1,0.666667,0.612121,5.81718,0.137351,0.10717,1,0.253444,5,5,1,1.05,0.7,0.4,1.33333,0.8,0.7
0,12,0.55,0.8625,1,1.33333,1,0.25,-0.175758,7.45997,0.000817018,0.102247,1,0.112492,5,5,1,1.4,0.933333,0.3,1.5,0.9,0.8
0,12,0.225,0.4125,1,0.666667,1,0.666667,0.709091,0.0257348,0.0434774,0.106306,1,0.0727946,5,5,1,0.1,0.0666667,0.8,0.666667,0.4,0.2
1,12,0.3,0.4375,1,0.5,1,1,0.878788,0.461619,0.0285542,0.10717,1,0.116378,5,5,1,0.1,0.0666667,0.8,0.666667,0.4,0.3
0,12,0.375,0.55625,1,0.5,1,0.428571,0.151515,1.34519,0.147512,0.10717,1,0.225733,5,5,1,0.15,0.1,0.8,0.5,0.3,0.3
0,12,0.4,0.6,1,0.333333,1,0.25,-0.236364,3.91389,0.00292586,0.106306,1,0.145277,5,5,1,0.55,0.366667,0.5,1,0.6,0.6
1,12,0.35,0.39375,1,0.833333,1,0.428571,0.50303,0.85356,0.0136083,0.106306,1,0.110041,5,5,1,0.75,0.5,0.5,1.16667,0.7,0.6
1,12,0.525,0.88125,1,1.5,1,0.666667,0.927273,4.07446,0.0498973,0.10717,1,0.220536,5,5,1,0.25,0.166667,0.6,1,0.6,0.5
1,12,0.25,0.34375,1,0.666667,1,0.666667,0.721212,2.44946,0.107033,0.10717,1,0.159491,5,5,1,0.35,0.233333,0.5,1,0.6,0.6
0,12,0.275,0.44375,1,0.833333,1,0.666667,0.587879,0.716737,0.0445693,0.104658,1,0.0793853,5,5,1,0.5,0.333333,0.4,0.833333,0.5,0.6
0,12,0.425,0.65,1,1.33333,1,0.25,0.00606061,5.48071,0.0179261,0.105469,1,0.15377,5,5,1,0,0,1,0.166667,0.1,0.1
0,12,0.65,0.94375,1,1.33333,1,0.666667,0.50303,2.53725,0.0111821,0.10717,1,0.136426,5,5,1,0.3,0.2,0.6,0.5,0.3,0.5
0,12,0.275,0.36875,1,0.833333,1,0.428571,0.187879,2.19934,0.0511606,0.104658,1,0.0988491,5,5,1,0.45,0.3,0.5,1,0.6,0.6
1,12,0.55,0.8,1,0.666667,1,0.428571,0.442424,11.4636,0.0805118,0.10717,1,0.147122,5,5,1,0.25,0.166667,0.6,0.5,0.3,0.3
0,12,0.25,0.375,1,0.666667,1,0.428571,0.551515,0.341265,0.0347642,0.106306,1,0.150742,5,5,1,0.1,0.0666667,0.8,0.666667,0.4,0.2
1,12,0.475,0.675,1,1.16667,1,0.25,-0.0181818,11.8301,0.0098629,0.10717,1,0.157407,5,5,1,1.8,1.2,0.2,1.66667,1,0.9
0,12,0.35,0.5125,1,1,1,0.25,-0.0181818,6.81865,0.0853535,0.10717,1,0.0710412,5,5,1,1.8,1.2,0.2,1.5,0.9,0.9
1,12,0.225,0.35625,1,1,1,0.428571,-0.030303,1.24702,0.107415,0.104658,1,0.0821378,5,5,1,0.8,0.533333,0.4,1.16667,0.7,0.6
1,12,0.475,0.725,1,1.16667,1,0.25,-0.2,4.27277,0.0910988,0.105469,1,0.181293,5,5,1,0.75,0.5,0.3,1.16667,0.7,0.8
0,12,0.525,0.725,1,0.666667,1,0.666667,0.490909,0.366587,0.0107904,0.105469,1,0.10157,5,5,1,0.95,0.633333,0.3,1.5,0.9,0.7
0,12,0.225,0.35625,1,0.5,1,1,0.878788,1.80191,0.0466721,0.106306,1,0.12932,5,5,1,0.25,0.166667,0.6,0.333333,0.2,0.4
1,12,0.225,0.30625,1,0.166667,1,0.666667,0.6,0.188464,0.0182163,0.106306,1,0.0568742,5,5,1,0.5,0.333333,0.6,0.833333,0.5,0.5
0,12,0.425,0.59375,1,1.66667,1,0.25,-0.00606061,8.18913,0.0727981,0.10717,1,0.154496,5,5,1,0,0,1,0.333333,0.2,0.1
1,12,0.175,0.28125,1,0.5,1,0.666667,0.672727,2.14954,0.173961,0.10717,1,0.112771,5,5,1,0.3,0.2,0.7,0.833333,0.5,0.4
1,12,0.85,1.39375,1,1.33333,1,0.428571,0.551515,11.5906,0.0610937,0.10717,1,0.168328,5,5,1,0.15,0.1,0.8,0.5,0.3,0.3
0,12,0.3,0.43125,1,0.333333,1,0.428571,-0.139394,0.448655,0.00308725,0.105469,1,0.163046,5,5,1,0.05,0.0333333,0.9,0.333333,0.2,0.2
0,12,0.55,0.70625,1,1,1,0.428571,0.369697,2.19391,0.0827161,0.10717,1,0.175044,5,5,1,0.1,0.0666667,0.8,0.666667,0.4,0.3
1,12,0.225,0.325,1,0.833333,1,0.666667,0.781818,1.46507,0.025507,0.106306,1,0.0639453,5,5,1,0.05,0.0333333,0.9,0.333333,0.2,0.2
1,12,0.55,0.80625,1,1.16667,1,0.25,-0.29697,4.62513,0.0101492,0.104658,1,0.223779,5,5,1,1.8,1.2,0.2,0.166667,0.1,0.9
1,12,0.35,0.475,1,1.5,1,0.111111,-0.563636,0.594662,0.0270944,0.103111,1,0.0922492,5,5,1,0.5,0.333333,0.4,1,0.6,0.7
1,12,0.25,0.3875,0,1,1,0.428571,0.00606061,0.255759,0.0784048,0.105469,1,0.138574,5,5,1,0.75,0.5,0.5,1.16667,0.7,0.6
1,12,0.75,1.11875,1,1.5,1,0.428571,0.551515,15.0677,0.0386441,0.10717,1,0.220318,5,5,1,0.5,0.333333,0.6,1,0.6,0.5
0,12,0.25,0.3875,1,0.333333,1,0.25,0.29697,0.516911,0.0144135,0.10717,1,0.193547,5,5,1,1.05,0.7,0.4,1.16667,0.7,0.7
0,12,0.525,0.7875,1,0.5,1,0.428571,-0.163636,5.6634,0.123113,0.10717,1,0.202551,5,5,1,0.35,0.233333,0.6,1.16667,0.7,0.4
1,12,0.625,0.8375,1,1.66667,1,0.666667,0.393939,0.763005,0.0240021,0.105469,1,0.269732,5,5,1,0.35,0.233333,0.5,1,0.6,0.6
1,12,0.35,0.51875,1,0.833333,1,0.666667,0.454545,3.36931,0.0428902,0.10717,1,0.154,5,5,1,1.1,0.733333,0.3,1.33333,0.8,0.8
1,12,0.375,0.5375,1,1.33333,1,0.666667,0.818182,0.145082,0.0570213,0.105469,1,0.107123,5,5,1,0.6,0.4,0.4,1.16667,0.7,0.7
1,12,0.45,0.7125,1,0.666667,1,0.428571,0.321212,1.41177,0.0324545,0.106306,1,0.204109,5,5,1,0.05,0.0333333,0.9,0.5,0.3,0.2
0,12,0.3,0.4,1,0.833333,1,0.428571,0.612121,7.3621,0.0394986,0.10717,1,0.107947,5,5,1,0.8,0.533333,0.4,1,0.6,0.6
1,12,0.275,0.38125,1,0.833333,1,0.428571,0.50303,5.47637,0.0704494,0.10717,1,0.0582867,5,5,1,0.1,0.0666667,0.8,0.5,0.3,0.2
0,12,0.225,0.33125,1,0.833333,1,0.25,0.260606,1.19359,0.0204745,0.105469,1,0.0773055,5,5,1,1.05,0.7,0.4,0.333333,0.2,0.7
0,12,0.35,0.54375,1,0.666667,1,0.428571,0.466667,1.85247,0.0461657,0.106306,1,0.137949,5,5,1,0.2,0.133333,0.7,1.16667,0.7,0.3
1,12,0.8,1.26875,1,1,1,0.428571,0.163636,11.9128,0.0137241,0.106306,1,0.18838,5,5,1,0,0,1,0.166667,0.1,0.1
0,12,0.425,0.56875,1,0.833333,1,0.428571,0.369697,4.05963,0.00632386,0.105469,1,0.11707,5,5,1,0.05,0.0333333,0.9,0.5,0.3,0.2
1,13,0.325,0.39375,0,0.5,1,0.428571,0.636364,1.05459,0.0264696,0.106306,1,0.091164,5,5,1,0.25,0.166667,0.6,0.5,0.3,0.3
0,13,0.25,0.3625,1,0.666667,1,0.428571,0.515152,0.473146,0.0283263,0.106306,1,0.113703,5,5,1,0.85,0.566667,0.3,0.833333,0.5,0.8
1,13,0.325,0.4875,1,0.5,1,0.428571,-0.139394,1.25499,0.0346591,0.104605,1,0.117639,5,5,1,0,0,1,0.333333,0.2,0.1
1,13,0.6,0.8125,1,0.833333,1,0.428571,0.406061,1.4108,0.150074,0.10717,1,0.198849,5,5,1,1.85,1.23333,0.1,1.66667,1,1
1,13,0.4,0.675,1,0.166667,1,0.666667,0.781818,1.37234,0.0352527,0.106306,1,0.0827422,5,5,1,0.3,0.2,0.7,0.833333,0.5,0.4
1,13,0.45,0.8125,1,1.16667,1,0.25,0.0424242,2.23304,0.0955645,0.10717,1,0.149646,5,5,1,0.55,0.366667,0.5,1,0.6,0.6
1,13,0.425,0.875,1,0.5,1,0.666667,0.636364,3.39905,0.168842,0.10717,1,0.258887,5,5,1,0.05,0.0333333,0.9,0.5,0.3,0.2
0,13,0.475,0.84375,1,0.833333,1,0.25,-0.369697,0.994102,0.0247131,0.103873,1,0.159744,5,5,1,0.1,0.0666667,0.8,0.333333,0.2,0.2
1,13,0.525,0.74375,1,1.16667,1,0.666667,0.551515,5.88759,0.0478057,0.10717,1,0.127797,5,5,1,0.15,0.1,0.8,0.666667,0.4,0.3
1,13,0.25,0.35625,1,0.333333,1,0.428571,0.236364,0.18954,0.0100011,0.105469,1,0.0899131,5,5,1,0.35,0.233333,0.6,0.666667,0.4,0.4
1,13,0.225,0.30625,1,0.833333,1,0.428571,0.163636,1.4124,0.0737267,0.104658,1,0.0878518,5,5,1,0.2,0.133333,0.7,0.333333,0.2,0.3
1,13,0.175,0.2875,1,0.666667,1,0.428571,0.309091,0.166209,0.011535,0.105469,1,0.0676204,5,5,1,0.05,0.0333333,0.9,0.333333,0.2,0.2
0,13,0.45,0.625,1,0,1,0.666667,0.757576,2.81623,0.0118249,0.10717,1,0.145811,5,5,1,0.3,0.2,0.6,0.666667,0.4,0.4
1,13,0.275,0.425,1,0.833333,1,0.25,0.0666667,4.79706,0.117367,0.10717,1,0.0674547,5,5,1,1.1,0.733333,0.2,1.33333,0.8,0.9
1,13,0.2,0.3,1,0.333333,0.2,1,-1,0.463138,0.0589574,0.5,0.4,0.0917241,5,5,0.2,0,0,0.2,0.333333,1,0.5
1,13,0.325,0.49375,1,0.333333,1,0.666667,0.345455,1.2573,0.00172672,0.106306,1,0.0888886,5,5,1,0.1,0.0666667,0.8,0.5,0.3,0.3
1,13,0.4,0.66875,1,1.16667,1,0.428571,0.406061,5.89051,0.0354804,0.10717,1,0.107859,5,5,1,0.2,0.133333,0.7,1,0.6,0.3
0,13,0.325,0.4875,1,0.5,1,0.428571,0.406061,1.21695,0.0150167,0.10717,1,0.119216,5,5,1,0.15,0.1,0.8,0.666667,0.4,0.3
1,13,0.625,0.80625,1,0.666667,1,0.25,0.151515,10.925,0.0820079,0.10717,1,0.179442,5,5,1,0.15,0.1,0.8,0.833333,0.5,0.3
1,13,0.275,0.43125,1,0.5,1,0.428571,-0.0666667,4.9045,0.151072,0.103768,1,0.0722593,5,5,1,0.55,0.366667,0.5,1,0.6,0.6
0,13,0.4,0.6125,1,0.666667,1,0.666667,0.69697,5.00297,0.0134062,0.10717,1,0.128668,5,5,1,0.15,0.1,0.8,0.333333,0.2,0.3
1,13,0.325,0.5,1,1,1,0.666667,0.806061,6.11973,0.00598036,0.10717,1,0.113243,5,5,1,0.15,0.1,0.8,0.5,0.3,0.3
0,13,0.575,0.84375,1,0.666667,1,0.666667,0.563636,9.68271,0.208501,0.10717,1,0.193657,5,5,1,0.05,0.0333333,0.9,0.666667,0.4,0.2
0,13,0.425,0.49375,1,0.833333,1,0.428571,0.515152,7.57268,0.135453,0.10717,1,0.188473,5,5,1,0.45,0.3,0.4,1.33333,0.8,0.5
0,13,0.225,0.375,1,0.5,0.9,0.428571,0.4,0.321464,0.0808605,0.116334,1,0.104567,5,5,0.9,0.1,0.0740741,0.7,0.333333,0.222222,0.222222
1,13,0.675,1.01875,1,1.16667,1,0.25,0.29697,5.32886,0.00157478,0.106306,1,0.106789,5,5,1,0,0,1,0.666667,0.4,0.1
0,13,0.225,0.39375,1,0.833333,1,0.666667,0.575758,3.00378,0.0314027,0.104658,1,0.059388,5,5,1,0.85,0.566667,0.3,1,0.6,0.8
1,13,0.625,0.94375,1,1,1,0.666667,0.648485,0.495793,0.0201416,0.10717,1,0.216282,5,5,1,0,0,1,0.333333,0.2,0.1
0,13,0.4,0.55,1,1.33333,1,0.25,0.50303,4.52029,0.00599639,0.10717,1,0.198543,5,5,1,0.35,0.233333,0.6,1,0.6,0.4
0,13,0.375,0.5375,0,0.5,1,0.25,0.0181818,1.11367,0.0119923,0.105442,1,0.128466,5,5,1,0.15,0.1,0.8,0.833333,0.5,0.3
1,13,0.55,0.70625,1,1.16667,1,0.25,0.115152,13.4867,0.124139,0.10717,1,0.122336,5,5,1,1.4,0.933333,0.3,1.33333,0.8,0.8
1,13,0.35,0.50625,1,1.16667,1,0.666667,0.721212,1.44062,0.0728945,0.106306,1,0.131836,5,5,1,0.15,0.1,0.7,0.666667,0.4,0.2
1,13,0.45,0.7125,1,1.16667,1,0.666667,0.842424,7.55959,0.0185266,0.105469,1,0.159631,5,5,1,0,0,1,0.166667,0.1,0.1
1,13,0.225,0.325,1,0.5,1,0.428571,0.393939,0.291517,0.10569,0.105469,1,0.108906,5,5,1,0.25,0.166667,0.6,1,0.6,0.4
1,13,0.4,0.6125,1,1,1,1,0.733333,2.65764,0.0329561,0.10717,1,0.133163,5,5,1,0.6,0.4,0.5,1,0.6,0.6
0,13,0.55,0.8,1,1,1,0.666667,0.90303,6.01226,0.224955,0.10717,1,0.216449,5,5,1,0.2,0.133333,0.6,0.833333,0.5,0.2
0,13,0.225,0.30625,1,1,1,0.666667,0.515152,0.291721,0.0456433,0.105469,1,0.106887,5,5,1,0.2,0.133333,0.6,0.5,0.3,0.3
0,13,0.325,0.44375,1,0.833333,1,0.666667,0.757576,0.0365625,0.043535,0.106306,1,0.0907133,5,5,1,0.2,0.133333,0.7,0.666667,0.4,0.4
1,13,0.3,0.53125,1,1.16667,1,0.428571,0.418182,2.03158,0.143165,0.10717,1,0.149545,5,5,1,0.05,0.0333333,0.9,0.5,0.3,0.2
1,13,0.35,0.41875,1,0.5,1,0.428571,0.709091,6.36025,0.0702189,0.10717,1,0.110695,5,5,1,0.1,0.0666667,0.8,0.333333,0.2,0.3
0,13,0.3,0.45,1,0.5,1,0.428571,0.381818,3.45693,0.0130723,0.105469,1,0.0856513,5,5,1,0.65,0.433333,0.4,1,0.6,0.6
1,13,0.35,0.50625,1,0.5,1,1,0.69697,3.33393,0.0406882,0.10717,1,0.0946225,5,5,1,1.3,0.866667,0.1,1.5,0.9,1
1,13,0.525,0.75,1,1,1,1,0.733333,0.993304,0.0229107,0.106306,1,0.118243,5,5,1,0.15,0.1,0.7,0.666667,0.4,0.4
0,13,0.5,0.65625,1,1,1,0.428571,0.0909091,8.60789,0.0929323,0.10717,1,0.149058,5,5,1,0,0,1,0.333333,0.2,0.1
1,13,0.325,0.4875,1,0.833333,1,0.666667,0.309091,2.47637,0.106744,0.106306,1,0.123502,5,5,1,0.8,0.533333,0.3,0.333333,0.2,0.5
0,13,0.175,0.225,1,0.666667,1,0.666667,0.636364,0.426146,0.0226771,0.105469,1,0.0445591,5,5,1,0.45,0.3,0.5,1.16667,0.7,0.4
0,13,0.3,0.49375,1,0.833333,1,0.428571,0.0545455,0.305266,0.0394837,0.105442,1,0.126769,5,5,1,0.55,0.366667,0.5,0.5,0.3,0.5
1,13,0.425,0.65,1,0.5,1,0.428571,-0.2,6.50665,0.00716671,0.104605,1,0.140228,5,5,1,0.4,0.266667,0.4,1,0.6,0.6
1,13,0.7,0.96875,1,1.16667,1,0.666667,0.866667,4.57555,0.0906184,0.106306,1,0.326794,5,5,1,0.05,0.0333333,0.9,0.5,0.3,0.2
1,13,0.45,0.56875,1,0.833333,1,0.428571,0.515152,1.46629,0.0386541,0.106306,1,0.145257,5,5,1,0,0,1,0.166667,0.1,0.1
1,13,0.45,0.55,1,0.5,1,0.428571,0.563636,2.00729,0.0236925,0.10717,1,0.106565,5,5,1,0,0,1,0.333333,0.2,0.1
1,13,0.575,0.7125,1,0.666667,1,0.428571,0.563636,0.550515,0.0184089,0.105469,1,0.159817,5,5,1,0.15,0.1,0.7,1.16667,0.7,0.2
1,13,0.3,0.4125,1,0.5,1,0.666667,0.781818,2.37304,0.0309023,0.10717,1,0.0956726,5,5,1,0,0,1,0.5,0.3,0.1
1,13,0.225,0.41875,0,0.5,1,0.428571,0.151515,4.24882,0.0340776,0.105469,1,0.124669,5,5,1,0.1,0.0666667,0.8,0.333333,0.2,0.3
0,13,0.225,0.3625,1,0.666667,1,0.428571,0.309091,2.40874,0.104851,0.10717,1,0.0932486,5,5,1,0,0,1,0.166667,0.1,0.1
0,13,0.225,0.325,1,0.333333,1,1,0.878788,7.68108,0.0435417,0.10717,1,0.111336,5,5,1,1.05,0.7,0.4,1.33333,0.8,0.7
1,13,0.525,0.6125,1,1,1,0.25,-0.29697,5.7879,0.00724075,0.104605,1,0.156337,5,5,1,1.8,1.2,0.2,1.5,0.9,0.9
1,13,0.55,0.75625,1,1.33333,1,1,0.90303,1.26428,0.0173853,0.106306,1,0.168583,5,5,1,0.65,0.433333,0.2,1.5,0.9,0.9
1,13,0.375,0.55,1,0.5,1,0.428571,0.539394,0.191289,0.0702604,0.106306,1,0.0961446,5,5,1,0,0,1,0.166667,0.1,0.1
1,13,0.2,0.24375,1,0.5,1,0.25,0.10303,0.0161281,0.0314187,0.10717,1,0.0961145,5,5,1,0.2,0.133333,0.7,0.166667,0.1,0.4
0,13,0.275,0.325,0,0.333333,1,0.666667,0.866667,0.647538,0.0673555,0.10717,1,0.0918472,5,5,1,0.05,0.0333333,0.9,0.333333,0.2,0.2
0,13,0.25,0.40625,1,1,1,0.428571,0.284848,0.513185,0.0235402,0.105469,1,0.190285,5,5,1,0.15,0.1,0.7,0.666667,0.4,0.2
0,13,0.3,0.5125,1,0.833333,1,0.666667,0.818182,0.342534,0.0242298,0.106306,1,0.0665036,5,5,1,0.2,0.133333,0.7,1,0.6,0.3
1,13,0.375,0.58125,1,0.5,1,0.428571,0.648485,1.93854,0.0204516,0.106306,1,0.067477,5,5,1,0,0,1,0.333333,0.2,0.1
0,13,0.275,0.43125,1,0.833333,1,0.428571,0.575758,3.62941,0.0176635,0.10717,1,0.128483,5,5,1,0,0,1,0.5,0.3,0.1
1,13,0.25,0.4125,1,0.666667,1,1,0.769697,4.2363,0.0196244,0.106306,1,0.0575684,5,5,1,0.45,0.3,0.5,1,0.6,0.6
1,13,0.825,1.24375,1,0.833333,1,0.666667,0.624242,7.75937,0.0955717,0.106306,1,0.154856,5,5,1,0.1,0.0666667,0.8,0.5,0.3,0.2
0,13,0.3,0.48125,1,0.5,1,0.666667,0.575758,1.23813,0.0901773,0.10717,1,0.198981,5,5,1,1.1,0.733333,0.3,1.5,0.9,0.7
0,13,0.225,0.325,1,0.5,1,0.25,-0.515152,0.403448,0.0427981,0.105469,1,0.139616,5,5,1,0.55,0.366667,0.5,1.16667,0.7,0.5
1,13,0.35,0.46875,1,0.666667,1,0.666667,0.842424,2.66941,0.0110123,0.10717,1,0.128645,5,5,1,0.75,0.5,0.5,1,0.6,0.6
0,13,0.325,0.38125,1,0.333333,1,0.666667,0.030303,0.938861,0.000326465,0.103873,1,0.133192,5,5,1,0.05,0.0333333,0.9,0.166667,0.1,0.2
0,13,0.375,0.46875,1,0.666667,1,0.428571,0.236364,3.22829,0.100141,0.104605,1,0.103425,5,5,1,0.75,0.5,0.5,1.33333,0.8,0.6
1,13,0.2,0.30625,1,0.666667,1,0.428571,0.50303,1.26216,0.00182428,0.105469,1,0.0757809,5,5,1,0.1,0.0666667,0.8,0.5,0.3,0.3
1,13,0.3,0.475,1,0.833333,1,0.666667,0.842424,1.29638,0.0643304,0.106306,1,0.0670334,5,5,1,0.05,0.0333333,0.9,0.666667,0.4,0.2
0,13,0.45,0.6,1,1,1,0.428571,0.224242,0.848544,0.000329178,0.105469,1,0.110296,5,5,1,0.2,0.133333,0.7,0.333333,0.2,0.3
1,13,0.25,0.43125,1,1.16667,1,0.111111,-0.272727,0.226923,0.0438787,0.106306,1,0.0782112,5,5,1,1.4,0.933333,0.3,1.33333,0.8,0.8
0,13,0.375,0.49375,1,0.666667,1,0.428571,-0.175758,2.90809,0.041483,0.105469,1,0.1438,5,5,1,0.35,0.233333,0.6,1,0.6,0.4
0,13,0.375,0.45625,1,1.16667,1,0.111111,-0.369697,7.25446,0.0116681,0.106306,1,0.0994112,5,5,1,0.7,0.466667,0.2,1.33333,0.8,0.8
1,13,0.725,1,1,0.166667,1,0.428571,0.563636,0.820786,0.00730186,0.10717,1,0.180996,5,5,1,0.05,0.0333333,0.9,0.5,0.3,0.2
1,13,0.425,0.61875,1,1,1,0.25,0.0666667,0.484209,0.0180894,0.106306,1,0.195686,5,5,1,0.55,0.366667,0.5,1.33333,0.8,0.6
0,14,0.475,0.7125,1,1,1,0.666667,0.939394,2.26986,0.00326949,0.10717,1,0.204962,5,5,1,0.3,0.2,0.5,0.833333,0.5,0.5
1,14,0.65,0.875,1,1.16667,1,0.25,-0.236364,5.82156,0.10375,0.10717,1,0.161516,5,5,1,0.2,0.133333,0.7,0.5,0.3,0.3
1,14,1,1.46875,1,2.5,1,0.428571,0.272727,1.32719,0.0415782,0.106306,1,0.154808,5,5,1,1.05,0.7,0.4,1.33333,0.8,0.7
1,14,0.675,1.1,1,0.833333,1,0.666667,0.6,22.8719,0.284587,0.10717,1,0.206434,5,5,1,0.5,0.333333,0.4,0,0,0.4
1,14,0.275,0.40625,1,0.333333,1,0.428571,0.0424242,0.490017,0.00464502,0.105442,1,0.06155,5,5,1,0.05,0.0333333,0.9,0.666667,0.4,0.2
0,14,0.475,0.6625,1,0.666667,1,0.428571,0.442424,11.9043,0.00716153,0.10717,1,0.135431,5,5,1,0.9,0.6,0.3,1.16667,0.7,0.7
1,14,0.625,0.76875,1,0.833333,1,0.666667,0.393939,2.33013,0.0573148,0.106306,1,0.240457,5,5,1,1.1,0.733333,0.3,1.33333,0.8,0.8
1,14,0.3,0.34375,1,0.833333,1,0.25,0.175758,5.29452,0.00875435,0.106306,1,0.0995632,5,5,1,0.55,0.366667,0.5,1.16667,0.7,0.6
1,14,0.5,0.6875,1,1.16667,1,0.428571,0.672727,6.29792,0.0191782,0.10717,1,0.141561,5,5,1,0,0,1,0.666667,0.4,0.1
0,14,0.325,0.44375,1,0.5,1,0.666667,0.406061,2.02933,0.0940924,0.10717,1,0.122891,5,5,1,0.35,0.233333,0.4,0.833333,0.5,0.7
0,14,0.4,0.5375,1,0.666667,1,0.666667,0.757576,2.49937,0.173725,0.10717,1,0.149073,5,5,1,0.05,0.0333333,0.9,0.333333,0.2,0.2
0,14,0.325,0.475,1,0.833333,1,0.666667,0.648485,0.233567,0.0397093,0.10717,1,0.0837406,5,5,1,0.2,0.133333,0.6,1,0.6,0.4
0,14,0.225,0.38125,1,0.5,1,0.666667,0.539394,2.43605,0.0347137,0.105469,1,0.0925249,5,5,1,0.3,0.2,0.6,0.5,0.3,0.3
0,14,0.275,0.30625,1,0.333333,1,1,0.878788,1.05799,0.0327084,0.106306,1,0.0773372,5,5,1,0.15,0.1,0.7,0.833333,0.5,0.3
1,14,0.375,0.5625,1,1.16667,1,0.428571,0.466667,4.32972,0.034326,0.10717,1,0.267046,5,5,1,0.6,0.4,0.5,1.16667,0.7,0.6
0,14,0.35,0.46875,1,0.833333,1,0.25,-0.309091,4.14139,0.0434352,0.10717,1,0.138937,5,5,1,0.1,0.0666667,0.8,0.833333,0.5,0.2
1,14,0.7,1.00625,1,0.666667,1,0.428571,0.551515,7.49495,0.101313,0.10717,1,0.170551,5,5,1,0.15,0.1,0.8,0.5,0.3,0.3
1,14,0.3,0.475,1,0.333333,1,0.666667,0.769697,6.42444,0.0291198,0.10717,1,0.118713,5,5,1,0.35,0.233333,0.6,0.166667,0.1,0.4
0,14,0.4,0.63125,1,0.5,1,0.111111,-0.624242,1.98979,0.0141433,0.102372,1,0.110785,5,5,1,0.05,0.0333333,0.9,0.666667,0.4,0.2
1,14,0.425,0.66875,1,0.666667,1,0.25,0.0787879,1.04346,0.0219934,0.105442,1,0.128075,5,5,1,0.05,0.0333333,0.9,0.5,0.3,0.2
0,14,0.325,0.55,1,1,1,0.25,0.212121,5.09185,0.0280352,0.105469,1,0.107409,5,5,1,1,0.666667,0.4,1.33333,0.8,0.7
0,14,0.325,0.48125,1,0.5,1,0.428571,-0.163636,2.00068,0.0204523,0.105469,1,0.101744,5,5,1,0.1,0.0666667,0.8,1,0.6,0.2
1,14,0.525,0.78125,1,0.666667,1,0.25,0.0545455,12.7234,0.00151847,0.103873,1,0.132839,5,5,1,0.1,0.0666667,0.8,0.666667,0.4,0.2
1,14,0.3,0.46875,0,0.833333,1,0.428571,0.345455,0.403326,0.219038,0.10717,1,0.176339,5,5,1,0,0,1,0.166667,0.1,0.1
0,14,0.475,0.5625,1,0.833333,1,0.666667,0.50303,0.119029,0.00252454,0.106306,1,0.129541,5,5,1,0.9,0.6,0.3,1.33333,0.8,0.8
0,14,0.475,0.7,1,1,1,0.428571,0.466667,1.60419,0.0127817,0.106306,1,0.194101,5,5,1,0.5,0.333333,0.6,1.33333,0.8,0.5
1,14,0.275,0.45625,1,0.833333,1,0.25,0.0787879,1.54446,0.0154058,0.104658,1,0.0670992,5,5,1,0.4,0.266667,0.6,1,0.6,0.5
1,14,0.55,0.725,1,0.5,1,0.25,0.345455,5.27526,0.011248,0.10717,1,0.144669,5,5,1,0,0,1,0.5,0.3,0.1
1,14,0.375,0.44375,1,0.666667,1,0.666667,0.806061,0.657829,0.00526637,0.10717,1,0.105494,5,5,1,0.25,0.166667,0.6,0.666667,0.4,0.3
0,14,0.55,0.7125,1,0.666667,1,0.666667,0.575758,3.50285,0.0433346,0.10717,1,0.170929,5,5,1,0.4,0.266667,0.5,1,0.6,0.6
1,14,0.65,0.93125,1,0.5,1,0.666667,0.757576,0.308462,0.023418,0.106306,1,0.146196,5,5,1,0.7,0.466667,0.4,1.16667,0.7,0.7
0,14,0.325,0.48125,1,0.833333,1,0.428571,0.357576,1.17013,0.0183893,0.10717,1,0.199223,5,5,1,0.1,0.0666667,0.8,0.333333,0.2,0.2
1,14,0.45,0.6125,1,1.16667,1,0.25,-0.127273,0.283107,0.0436252,0.106306,1,0.116521,5,5,1,0.25,0.166667,0.6,0.833333,0.5,0.3
1,14,0.35,0.525,1,0.666667,1,0.428571,0.684848,0.910067,0.0534677,0.106306,1,0.209649,5,5,1,1.15,0.766667,0.2,1.5,0.9,0.8
0,14,0.525,0.7625,0,1.33333,1,0.666667,0.878788,7.06199,0.00544016,0.10717,1,0.17167,5,5,1,0.05,0.0333333,0.9,0.666667,0.4,0.2
1,14,0.2,0.38125,1,0.833333,1,1,0.854545,0.262849,0.126604,0.10717,1,0.0705595,5,5,1,0,0,1,0.333333,0.2,0.1
0,14,0.35,0.4875,1,0.666667,1,0.428571,0.321212,1.13305,0.0282148,0.10717,1,0.123032,5,5,1,0.6,0.4,0.4,0.833333,0.5,0.5
1,14,0.525,0.79375,1,1,1,0.666667,0.50303,0.664372,0.0557075,0.106306,1,0.112911,5,5,1,0.1,0.0666667,0.8,0.5,0.3,0.3
1,14,0.35,0.45625,1,0.666667,1,0.428571,0.50303,2.61621,0.0970183,0.10717,1,0.0812537,5,5,1,0.9,0.6,0.3,1.33333,0.8,0.8
1,14,0.3,0.425,1,0.333333,0.6,1,0.371429,1.33999,0.0356346,0.171974,1,0.167966,5,5,0.6,0.05,0.0555556,0.5,0.333333,0.333333,0.333333
1,14,0.375,0.49375,1,0.666667,1,0.428571,0.660606,4.94011,0.0236415,0.10717,1,0.0878524,5,5,1,0,0,1,0.5,0.3,0.1
0,14,0.4,0.4875,1,0.5,1,0.428571,0.466667,3.5812,0.0846337,0.10717,1,0.129266,5,5,1,0,0,1,0.166667,0.1,0.1
1,14,0.375,0.59375,1,1.16667,1,0.428571,0.212121,0.552501,0.0498903,0.104658,1,0.139579,5,5,1,0.7,0.466667,0.3,1.16667,0.7,0.8
0,14,0.25,0.375,1,0.833333,0.8,0.25,-0.714286,0.871152,0.0362465,0.128911,1,0.100943,5,5,0.8,0.1,0.0833333,0.6,0.666667,0.5,0.25
0,14,0.325,0.4375,1,0.833333,1,0.666667,0.757576,4.80616,0.0193313,0.106306,1,0.120461,5,5,1,0.35,0.233333,0.6,0.333333,0.2,0.4
1,14,0.275,0.44375,1,1.33333,1,0.666667,0.575758,6.41322,0.0147039,0.105469,1,0.0751876,5,5,1,0.25,0.166667,0.6,0.333333,0.2,0.5
0,14,0.625,1.01875,1,1.16667,1,0.428571,0.478788,5.60321,0.252391,0.10717,1,0.290426,5,5,1,0.2,0.133333,0.7,0.5,0.3,0.4
1,14,0.4,0.625,1,0.833333,1,0.666667,0.575758,7.75446,0.266716,0.10717,1,0.16816,5,5,1,0.5,0.333333,0.6,1.16667,0.7,0.5
1,14,0.325,0.49375,1,0.5,1,0.428571,0.6,4.09693,0.0149457,0.10717,1,0.0857764,5,5,1,0.05,0.0333333,0.9,0.5,0.3,0.2
0,14,0.275,0.3875,1,0.5,1,0.25,0.248485,0.41613,0.00679896,0.106306,1,0.0951617,5,5,1,0.5,0.333333,0.6,0.333333,0.2,0.5
0,14,0.25,0.375,1,0.666667,1,0.428571,0.309091,0.458426,0.154427,0.105469,1,0.137318,5,5,1,0.75,0.5,0.5,1,0.6,0.6
1,14,0.575,0.875,1,1.16667,1,0.111111,-0.612121,6.67209,0.013006,0.103768,1,0.230141,5,5,1,0.15,0.1,0.8,0.166667,0.1,0.3
1,14,0.475,0.7,1,1.33333,1,0.666667,0.369697,4.22835,0.0249848,0.103873,1,0.239816,5,5,1,0.3,0.2,0.7,1.16667,0.7,0.4
1,14,0.325,0.44375,1,0.833333,1,0.428571,0.127273,1.56972,0.0167078,0.105469,1,0.0892308,5,5,1,0.6,0.4,0.3,0.333333,0.2,0.8
1,14,0.75,1.14375,1,1.33333,1,0.428571,0.163636,7.56615,0.0237513,0.106306,1,0.306425,5,5,1,0.2,0.133333,0.7,0.333333,0.2,0.3
0,14,0.35,0.425,1,0.833333,1,0.428571,-0.0545455,3.81349,0.0271014,0.105469,1,0.125875,5,5,1,0.2,0.133333,0.7,0.5,0.3,0.3
1,14,0.5,0.7375,1,0.666667,1,0.666667,0.539394,0.956212,0.0848994,0.105469,1,0.17917,5,5,1,0,0,1,0.5,0.3,0.1
1,14,0.3,0.4,1,0.333333,1,0.666667,0.454545,0.209719,0.0711913,0.104658,1,0.0628057,5,5,1,0.1,0.0666667,0.8,0.5,0.3,0.3
0,14,0.25,0.34375,1,0.333333,1,0.428571,0.406061,7.15258,0.117343,0.10717,1,0.0538658,5,5,1,0.35,0.233333,0.5,1,0.6,0.3
1,14,0.275,0.35,1,0.833333,1,0.666667,0.757576,0.182313,0.0528377,0.106306,1,0.103645,5,5,1,0.35,0.233333,0.6,0.333333,0.2,0.4
0,14,0.3,0.44375,1,1,1,0.25,-0.0787879,2.20369,0.121698,0.10717,1,0.178539,5,5,1,0.5,0.333333,0.6,1,0.6,0.5
0,14,0.45,0.5875,1,0.5,1,0.428571,0.321212,2.39295,0.0715797,0.10717,1,0.175761,5,5,1,0.6,0.4,0.5,1.16667,0.7,0.6
0,14,0.4,0.51875,1,1,1,0.111111,-0.418182,1.37218,0.0138562,0.105469,1,0.0833121,5,5,1,0.5,0.333333,0.6,1,0.6,0.5
0,14,0.425,0.6375,1,0.5,1,0.25,-0.309091,3.3478,0.0183801,0.102247,1,0.190785,5,5,1,0.2,0.133333,0.7,0.5,0.3,0.3
1,14,0.525,0.70625,0,0.333333,1,0.428571,0.272727,3.53749,0.013949,0.105469,1,0.133027,5,5,1,0.5,0.333333,0.4,0.333333,0.2,0.4
1,14,0.55,0.76875,1,1.16667,1,0.25,-0.418182,5.01262,0.0614088,0.103768,1,0.186247,5,5,1,0.2,0.133333,0.7,1,0.6,0.3
0,14,0.175,0.21875,1,0.5,1,0.428571,0.551515,0.574691,0.00560494,0.106306,1,0.0776879,5,5,1,0.25,0.166667,0.7,0.666667,0.4,0.4
0,14,0.35,0.55,1,0.666667,1,0.666667,0.454545,5.10276,0.00641349,0.106306,1,0.119341,5,5,1,0.15,0.1,0.8,0.666667,0.4,0.3
0,14,0.4,0.56875,1,0.5,1,0.428571,0.612121,3.27675,0.0164801,0.106306,1,0.103908,5,5,1,0.1,0.0666667,0.8,0.333333,0.2,0.2
0,14,0.325,0.39375,1,0.333333,1,0.428571,0.418182,4.23343,0.00311922,0.106306,1,0.0824716,5,5,1,0,0,1,0.166667,0.1,0.1
0,14,0.375,0.50625,1,1,1,0.666667,0.878788,8.77403,0.0953749,0.10717,1,0.103629,5,5,1,0.05,0.0333333,0.9,0.333333,0.2,0.2
1,14,0.375,0.4875,1,0.333333,1,0.428571,0.29697,2.04096,0.0712367,0.10717,1,0.13762,5,5,1,1.4,0.933333,0.3,1.33333,0.8,0.8
1,14,0.35,0.525,1,1,1,0.25,-0.10303,2.32778,0.0448544,0.103873,1,0.094612,5,5,1,1.5,1,0.2,1.33333,0.8,0.9
1,14,0.5,0.7,1,0.166667,1,0.666667,0.29697,1.60099,0.047871,0.105469,1,0.1617,5,5,1,0,0,1,0.166667,0.1,0.1
0,14,0.3,0.4875,1,0.666667,1,0.25,-0.260606,0.275652,0.0185323,0.106306,1,0.0720086,5,5,1,0.25,0.166667,0.6,0.833333,0.5,0.4
1,14,0.35,0.5,1,0.833333,1,0.428571,0.575758,1.30361,0.0264685,0.106306,1,0.101704,5,5,1,0.25,0.166667,0.6,1.16667,0.7,0.4
1,14,0.65,0.89375,1,1.83333,1,0.25,0.175758,13.0971,0.130062,0.10717,1,0.185911,5,5,1,0,0,1,0.166667,0.1,0.1
0,14,0.25,0.39375,1,0.5,1,0.428571,0.030303,0.069214,0.0328227,0.105469,1,0.0850042,5,5,1,0.5,0.333333,0.6,1.16667,0.7,0.5
0,14,0.425,0.6125,1,0.833333,1,0.25,-0.345455,1.15484,0.000781888,0.103111,1,0.115282,5,5,1,0.5,0.333333,0.5,1,0.6,0.6
1,14,0.425,0.56875,1,0.333333,1,0.428571,0.406061,6.7433,0.131659,0.106306,1,0.157077,5,5,1,0,0,1,0.166667,0.1,0.1
