t_idx,dataset,question,knowledge,gold
0,hotpotqa,Were Scott Derrickson and Ed Wood of the same nationality?,"Ed Wood (film): Ed Wood is a 1994 American biographical period comedy-drama film directed and produced by Tim Burton, and starring Johnny Depp as cult filmmaker Ed Wood.  The film concerns the period in Wood's life when he made his best-known films as well as his relationship with actor Bela Lugosi, played by Martin Landau.  Sarah Jessica Parker, Patricia Arquette, Jeffrey Jones, Lisa Marie, and Bill Murray are among the supporting cast.
Scott Derrickson: Scott Derrickson (born July 16, 1966) is an American director, screenwriter and producer.  He lives in Los Angeles, California.  He is best known for directing horror films such as ""Sinister"", ""The Exorcism of Emily Rose"", and ""Deliver Us From Evil"", as well as the 2016 Marvel Cinematic Universe installment, ""Doctor Strange.""
Woodson, Arkansas: Woodson is a census-designated place (CDP) in Pulaski County, Arkansas, in the United States.  Its population was 403 at the 2010 census.  It is part of the Little Rock–North Little Rock–Conway Metropolitan Statistical Area.  Woodson and its accompanying Woodson Lake and Wood Hollow are the namesake for Ed Wood Sr., a prominent plantation owner, trader, and businessman at the turn of the 20th century.  Woodson is adjacent to the Wood Plantation, the largest of the plantations own by Ed Wood Sr.
Tyler Bates: Tyler Bates (born June 5, 1965) is an American musician, music producer, and composer for films, television, and video games.  Much of his work is in the action and horror film genres, with films like ""Dawn of the Dead, 300, Sucker Punch,"" and ""John Wick.""  He has collaborated with directors like Zack Snyder, Rob Zombie, Neil Marshall, William Friedkin, Scott Derrickson, and James Gunn.  With Gunn, he has scored every one of the director's films; including ""Guardians of the Galaxy"", which became one of the highest grossing domestic movies of 2014, and its 2017 sequel.  In addition, he is also the lead guitarist of the American rock band Marilyn Manson, and produced its albums ""The Pale Emperor"" and ""Heaven Upside Down"".
Ed Wood: Edward Davis Wood Jr. (October 10, 1924 – December 10, 1978) was an American filmmaker, actor, writer, producer, and director.
Deliver Us from Evil (2014 film): Deliver Us from Evil is a 2014 American supernatural horror film directed by Scott Derrickson and produced by Jerry Bruckheimer.  The film is officially based on a 2001 non-fiction book entitled ""Beware the Night"" by Ralph Sarchie and Lisa Collier Cool, and its marketing campaign",yes
1,hotpotqa,What government position was held by the woman who portrayed Corliss Archer in the film Kiss and Tell?,"Meet Corliss Archer: Meet Corliss Archer, a program from radio's Golden Age, ran from January 7, 1943 to September 30, 1956.  Although it was CBS's answer to NBC's popular ""A Date with Judy"", it was also broadcast by NBC in 1948 as a summer replacement for ""The Bob Hope Show"".  From October 3, 1952 to June 26, 1953, it aired on ABC, finally returning to CBS.  Despite the program's long run, fewer than 24 episodes are known to exist.
Shirley Temple: Shirley Temple Black (April 23, 1928 – February 10, 2014) was an American actress, singer, dancer, businesswoman, and diplomat who was Hollywood's number one box-office draw as a child actress from 1935 to 1938.  As an adult, she was named United States ambassador to Ghana and to Czechoslovakia and also served as Chief of Protocol of the United States.
Janet Waldo: Janet Marie Waldo (February 4, 1920 – June 12, 2016) was an American radio and voice actress.  She is best known in animation for voicing Judy Jetson, Nancy in ""Shazzan"", Penelope Pitstop, and Josie in ""Josie and the Pussycats"", and on radio as the title character in ""Meet Corliss Archer"".
Meet Corliss Archer (TV series): Meet Corliss Archer is an American television sitcom that aired on CBS (July 13, 1951 - August 10, 1951) and in syndication via the Ziv Company from April to December 1954.  The program was an adaptation of the radio series of the same name, which was based on a series of short stories by F. Hugh Herbert.
Lord High Treasurer: The post of Lord High Treasurer or Lord Treasurer was an English government position and has been a British government position since the Acts of Union of 1707.  A holder of the post would be the third-highest-ranked Great Officer of State, below the Lord High Steward and the Lord High Chancellor.
A Kiss for Corliss: A Kiss for Corliss is a 1949 American comedy film directed by Richard Wallace and written by Howard Dimsdale.  It stars Shirley Temple in her final starring role as well as her final film appearance.  It is a sequel to the 1945 film ""Kiss and Tell"".  ""A Kiss for Corliss"" was retitled ""Almost a Bride"" before release and this title appears in the title sequence.  The film was released on November 25, 1949, by United Artists.
Kiss and Tell (1945 film): Kiss and Tell is a 1945 American comedy film starring then 17-year-old Shirley Temple as Corliss Archer.  In the film, two teenage girls cause their respective parents much concern when they start to become interested in boys.  The parents' bickering abo",Chief of Protocol
2,hotpotqa,"What science fantasy young adult series, told in first person, has a set of companion books narrating the stories of enslaved worlds and alien species?","Andre Norton Award: The Andre Norton Award for Young Adult Science Fiction and Fantasy is an annual award presented by the Science Fiction and Fantasy Writers of America (SFWA) to the author of the best young adult or middle grade science fiction or fantasy book published in the United States in the preceding year.  It is named to honor prolific science fiction and fantasy author Andre Norton (1912–2005), and it was established by then SFWA president Catherine Asaro and the SFWA Young Adult Fiction committee and announced on February 20, 2005.  Any published young adult or middle grade science fiction or fantasy novel is eligible for the prize, including graphic novels.  There is no limit on word count.  The award is presented along with the Nebula Awards and follows the same rules for nominations and voting; as the awards are separate, works may be simultaneously nominated for both the Andre Norton award and a Nebula Award.
Victoria Hanley: Victoria Hanley is an American young adult fantasy novelist.  Her first three books, ""The Seer And The Sword"", ""The Healer's Keep"" and ""The Light Of The Oracle"" are companion books to one another.  Her newest book (released March 2012) is the sequel of a series, called ""Indigo Magic"", published by Egmont USA.  She's also published two non-fiction books through Cotton Wood Press; called ""Seize the Story: A Handbook For Teens Who Like To Write"", and ""Wild Ink: A Grownups Guide To Writing Fiction For Teens"".
The Hork-Bajir Chronicles: The Hork-Bajir Chronicles is the second companion book to the ""Animorphs"" series, written by K. A. Applegate.  With respect to continuity within the series, it takes place before book #23, ""The Pretender"", although the events told in the story occur between the time of ""The Ellimist Chronicles"" and ""The Andalite Chronicles"".  The book is introduced by Tobias, who flies to the valley of the free Hork-Bajir, where Jara Hamee tells him the story of how the Yeerks enslaved the Hork-Bajir, and how Aldrea, an Andalite, and her companion, Dak Hamee, a Hork-Bajir, tried to save their world from the invasion.  Jara Hamee's story is narrated from the points of view of Aldrea, Dak Hamee, and Esplin 9466, alternating in similar fashion to the ""Megamorphs"" books.
Shadowshaper: Shadowshaper is a 2015 American urban fantasy young adult novel written by Daniel José Older.  It follows Sierra Santiago, an Afro-Boricua teenager living in Brooklyn.  She is the granddaughter of a ""shadowshaper"", or a person who ",Animorphs
3,hotpotqa,Are the Laleli Mosque and Esma Sultan Mansion located in the same neighborhood?,"Esma Sultan (daughter of Abdülaziz): Esma Sultan (21 March 1873 – 7 May 1899) was an Ottoman princess, the daughter of Sultan Abdülaziz and his wife Gevheri Kadın, herself the daughter of Salih Bey Svatnba.  She was the half-sister of Abdülmecid II, the last Caliph of the Muslim world.
Djamaâ el Kebir: The Great Mosque of Algiers (Arabic: الجامع الكبير‎ ‎ , ""Jemaa Kebir"") or “Djama’a al-Kebir” (meaning Great Mosque) is a mosque in Algiers, Algeria, located very close to Algiers Harbor.  An inscription on the minbar (منبر) or the pulpit testifies to fact that the mosque was built in 1097.  It is also known by several other names such as Grand Mosque d'Alger, Djamaa al-Kebir, El Kebir Mosque and Jami Masjid.  It is one of the few remaining examples of Almoravid architecture.  It is the oldest mosque in Algiers and is said to be the oldest mosque in Algeria after Sidi Okba Mosque.  It was built under sultan Ali ibn Yusuf.  Its minaret dates from 1332 (1324 in some sources) and was built by the Ziyyanid Sultan of Tlemcen.  The gallery at the outside of the mosque was built in 1840.  Its construction was a consequence of a complete reconstruction of the street by the French.
Küçük Hüseyin Pasha: Küçük Hüseyin Pasha (1757 – 7 December 1803), also known as Tayazade Damat Küçük Hüseyin Pasha, was an Ottoman statesman and admiral who was Kapudan Pasha (Grand Admiral of the Ottoman Navy) from 11 March 1792 to 7 December 1803.  He was a ""damat"" (""bridegroom"") to the Ottoman dynasty after he married an Ottoman princess, Esma Sultan.
Esma Sultan (daughter of Abdul Hamid I): Esma Sultan (17 July 1778 – 4 June 1848) was an Ottoman princess, daughter of Sultan Abdul Hamid I, sister of Sultan Mustafa IV and Sultan Mahmud II.  She was the adoptive mother of Bezmiâlem Sultan and Rahime Perestu Sultan.
Sultan Ahmed Mosque: The Sultan Ahmed Mosque or Sultan Ahmet Mosque (Turkish: ""Sultan Ahmet Camii"" ) is a historic mosque located in Istanbul, Turkey.  A popular tourist site, the Sultan Ahmed Mosque continues to function as a mosque today; men still kneel in prayer on the mosque's lush red carpet after the call to prayer.  The Blue Mosque, as it is popularly known, was constructed between 1609 and 1616 during the rule of Ahmed I.  Its Külliye contains Ahmed's tomb, a madrasah and a hospice.  Hand-painted blue tiles adorn the mosque’s interior walls, and at night the mosque is bathed in blue as lights frame the mosque’s five main domes, six minarets and eight secondary domes.  ",no
4,hotpotqa,"The director of the romantic comedy ""Big Stone Gap"" is based in what New York city?","Just Another Romantic Wrestling Comedy: Just Another Romantic Wrestling Comedy is a 2006 film starring April Hunter and Joanie Laurer.  This Romantic comedy film was premiered at New Jersey and New York City on December 1, 2006 and was released on DVD in the United States and the United Kingdom on April 17, 2007.  After the film's DVD release ""Just Another Romantic Wrestling Comedy"" won an ""Honorable Mention"" award at the New Jersey International Festival awards.  The release is being handled by ""Victory Multimedia"".
Kingston Morning: Kingston Morning is Dave Eggar's 4th solo release recorded in Brooklyn, New York; Kingston, Jamaica; and Big Stone Gap, Virginia; and released by Domo Records.  ""Itsbynne Reel"" was nominated at the 53rd Grammy Awards for ""Best Instrumental Arrangement"".
Nola (film): Nola is a 2003 American romantic comedy film written and directed by Alan Hruska.  It depicts the struggle of a young woman trying to survive in New York City while looking for her birth father.  It premiered in New York City on July 23, 2004.
Adriana Trigiani: Adriana Trigiani is an Italian American best-selling author of sixteen books, television writer, film director, and entrepreneur based in Greenwich Village, New York City.  Trigiani has published a novel a year since 2000.
Great Eastern Conventions: Great Eastern Conventions, Inc. was an entertainment company which produced comic book conventions, most actively during the years 1987-1996.  In New York City, the Great Eastern shows filled the gap between the mid-1980s demise of the annual Comic Art Convention and Creation Conventions, and the establishment of promoter Michael Carbonaro's annual Big Apple Comic Con in 1996.  From 1993–1995, Great Eastern hosted two New York City shows annually at the Jacob K. Javits Convention Center.  Great Eastern also ran shows in New Jersey, Pennsylvania, Massachusetts, Oregon, Minnesota, and Texas.
New York Society of Model Engineers: The New York Society of Model Engineers (NYSME) was originally incorporated in 1926 in New York City.  There are published records that show the Society existed as early as 1905.  In its early years, the organization moved to and from various locations throughout Manhattan.  AT that time it was basically a gentlemen's club of members who were interested in all types of model building.  In 1926 the Society was formalized and incorporated under the laws of the State of New York.  This was done so that the Society could obtain a permit to use ","Greenwich Village, New York City"
5,hotpotqa,2014 S/S is the debut album of a South Korean boy group that was formed by who?,"List of awards and nominations received by Shinee: South Korean boy group Shinee have received several awards and nominations for their music work.  The group was formed by S.M. Entertainment in 2008 and released their first full-length album, ""The Shinee World"", on August 28, 2008, which won the Newcomer Album of the Year at the 23rd Golden Disk Awards.  The first single released from the album was ""Sanso Gateun Neo (Love Like Oxygen)"" and won first place on ""M Countdown"" on September 18, 2008 making it the group's first win on Korean music shows since debut.  Their second album ""Lucifer"" (2010) produced two singles, ""Lucifer"" and ""Hello"".  For their outstanding choreography the group was nominated for the Best Dance Performance Award at the Mnet Asian Music Awards in 2010. "" Lucifer"" also won the Disk Bonsang Award at the 25th Golden Disk Awards as well as the Popularity Award.  On March 21, 2012 the group released their fourth EP ""Sherlock"" for which the group was awarded another Disk Bonsang Award at the 27th Golden Disc Awards and the Bonsang Award at the 22nd Seoul Music Award.  Also following the success of the lead single it was also nominated for Song of the Year at the 2012 Mnet Asian Music Awards.
Cho Kyuhyun: Cho Kyu-hyun (born February 3, 1988), better known mononymously as Kyuhyun, is a South Korean singer and musical theatre actor.  He is best known as a member of South Korean boy group Super Junior, its sub-groups Super Junior-K.R.Y., Super Junior-M and a former member of the South Korean ballad group S.M. the Ballad.  He is one of the first four Korean artists to appear on Chinese postage stamps.
2014 S/S: 2014 S/S is the debut album of South Korean group WINNER.  It was released on August 12, 2014 by the group's record label, YG Entertainment.  The members were credited for writing the lyrics and composing the majority of the album's songs.
History (band): History (Korean: 히스토리 ) was a South Korean boy group formed by LOEN Entertainment in 2013.  They debuted on April 26, 2013 with ""Dreamer"", featuring the narration of their labelmate IU.  They were LOEN Entertainment's first boy group.  They officially disbanded on May 12, 2017.
Winner (band): Winner (Hangul: 위너), often stylized as WINNER, is a South Korean boy group formed in 2013 by YG Entertainment and debuted in 2014.  It currently consists of four members, Jinwoo, Seunghoon, Mino and Seungyoon.  Originally a five-piece group with Taehyun, who later departed from the group in Novembe",YG Entertainment
6,hotpotqa,Who was known by his stage name Aladin and helped organizations improve their performance as a consultant?,"James P. Comer: James P. Comer (born James Pierpont Comer, September 25, 1934 in East Chicago, Indiana) is currently the Maurice Falk Professor of Child Psychiatry at the Yale Child Study Center and has been since 1976.  He is also an associate dean at the Yale School of Medicine.  As one of the world's leading child psychiatrists, he is best known for his efforts to improve the scholastic performance of children from lower-income and minority backgrounds which led to the founding of the Comer School Development Program in 1968.  His program has been used in more than 600 schools in eighty-two school districts.  He is the author of ten books, including the autobiographical ""Maggie’s American Dream: The Life and Times of a Black Family"", 1988; ""Leave No Child Behind: Preparing Today's Youth for Tomorrow's World"", 2004; and his most recent book, ""What I Learned in School: Reflections on Race, Child Development, and School Reform"", 2009.  He has also written more than 150 articles for Parents (magazine) and more than 300 articles on children's health and development and race relations.  Dr. Comer has also served as a consultant to the Children's Television Workshop (Sesame Workshop) which produces Sesame Street and The Electric Company (1971 TV series).  He is a co-founder and past president of the Black Psychiatrists of America and has served on the board of several universities, foundations, and corporations.  He has also lectured and consulted widely not only across the United States at different universities, medical schools, and scientific associations, but also around the world in places such as London, Paris, Tokyo, Dakar, Senegal and Sydney, Australia.  For his work and scholarship, Dr. Comer has been awarded 47 honorary degrees and has been recognized by numerous organizations.
Method Man: Clifford Smith (born April 1, 1971), better known by his stage name Method Man, is an American rapper, record producer, and actor.  He is known as a member of the East Coast hip hop collective Wu-Tang Clan.  He is also one half of the hip hop duo Method Man & Redman.  He took his stage name from the 1979 film ""Method Man"".  In 1996, he won a Grammy Award for Best Rap Performance by a Duo or Group, for ""I'll Be There for You/You're All I Need to Get By"", with American R&B singer-songwriter Mary J. Blige.
Indriati Iskak: Indriati Gerald Bernardina (born 9 June 1942), also known by her stage name Indriati Iskak and after marriage as Indri Makki, is an Indonesian actre",Eenasul Fateh
7,hotpotqa,The arena where the Lewiston Maineiacs played their home games can seat how many people?,"Billings Bulls: The Billings Bulls were a junior ice hockey organization based in Billings, Montana.  They most recently played home games at the 550-seat Centennial Ice Arena and due to the arena's small size, the Bulls frequently sold out games.  They previously played their home games in the Metrapark which had a max capacity of 9,000 for hockey games.  However, a negotiating dispute with arena officials and local county commissioners resulted in the team losing its lease.
Robins Center: The Robins Center is a 7,201-seat multi-purpose arena in Richmond, Virginia.  Opened in 1972, the arena is home to the University of Richmond Spiders basketball.  It hosted the ECAC South (now known as the Colonial Athletic Association) men's basketball tournament in 1983.  It is named for E. Claiborne Robins Sr, class of 1931, who, along with his family, have been leading benefactors for the school.  The opening of the Robins Center returning Spider basketball to an on-campus facility for the first time since the mid-1940s when it outgrew Millhiser Gymnasium.  In the intervening decades, the Spiders played home games in numerous locations around the Richmond area, including the Richmond Coliseum (1971–1972), the Richmond Arena (1954–1971), the Benedictine High School gymnasium (1951–1954), Grays' Armory (1950–1951) and Blues' Armory (1947–1950).  The Robins Center arena serves as the location of the University of Richmond's commencement exercises and hosted a 1992 Presidential debate involving Bill Clinton, George H. W. Bush, and Ross Perot.
2011–12 QMJHL season: The 2011–12 QMJHL season was the 43rd season of the Quebec Major Junior Hockey League (QMJHL).  The regular season, which consisted of seventeen teams playing 68 games each, began in September 2011 and ended in March 2012.  This season was Blainville-Boisbriand Armada's first season in the league, as the team relocated to Boisbriand from Verdun where they played as the Montreal Junior Hockey Club from 2008 to 2011.  The league lost one of his charter teams when the Lewiston Maineiacs folded during after the previous season, the QMJHL later announce an expansion team to Sherbrooke for the 2012-2013 season.  In the playoffs, the Saint John Sea Dogs became the seventh team in league history to capture consecutive President's Cup championships.
Loan modification in the United States: Loan modification is the systematic alteration of mortgage loan agreements that help those having problems making the payments by re","3,677 seated"
8,hotpotqa,"Who is older, Annie Morton or Terry Richardson?","Annie Morton: Annie Morton (born October 8, 1970) is an American model born in Pennsylvania.  She has appeared on the covers of ""British Vogue"", ""ID"", ""Marie Claire"", and other magazines.  She has been photographed by Helmut Newton; Peter Lindbergh; Annie Leibovitz; Richard Avedon; Juergen Teller; Paul Jasmin, Mary Ellen Mark and Terry Richardson, and modeled for Donna Karan, Givenchy, Guerlain, Chanel, ""Harper's Bazaar"", ""Sports Illustrated"" and Victoria's Secret.  A long time vegetarian, an advocate for organic lifestyle choices and natural healthcare.  She co-founded Tsi-La Organics, a ""Green Luxury"" company that creates and sells vegan, organic perfume and skin care products.
Madonna (book): Madonna is a biography by English author Andrew Morton, chronicling the life of American recording artist Madonna.  The book was released in November 2001 by St. Martin's Press in the United States and in April 2002 by Michael O'Mara Books in the United Kingdom.  Morton decided to write a biography on Madonna in 2000.  The release was announced in April 2001 by St. Martin's Press.  President and publisher Sally Richardson described the biography to contain details about Madonna's ambitions, her relationships and her lifestyle.
Terry Richardson: Terrence ""Uncle Terry"" Richardson (born August 14, 1965) is an American fashion and portrait photographer who has shot advertising campaigns for Marc Jacobs, Aldo, Supreme, Sisley, Tom Ford, and Yves Saint Laurent among others.  He has also done work for magazines such as ""Rolling Stone"", ""GQ"", ""Vogue"", ""Vanity Fair"", ""Harper's Bazaar"", ""i-D"", and ""Vice"".
Lady Gaga x Terry Richardson: Lady Gaga x Terry Richardson is a photo-book by American singer Lady Gaga and American photographer Terry Richardson, released on November 22, 2011 by Grand Central Publishing.  The book features more than 350 pictures of Gaga as taken by Richardson during a ten-month period from Gaga's performance at The Monster Ball Tour till the 2011 Grammy Awards.  In addition to photographs, it includes a foreword written by the singer about her relationship with Richardson.  The duo had collaborated on other projects prior to the shooting of the book.
Gumbo (PJ Morton album): Gumbo is the fourth and first self-released studio album by American singer-songwriter PJ Morton.  It was released on April 14, 2017, by Morton Records, as the follow-up to his third studio album ""New Orleans"" (2013).  The record incorporates R&B styles with elements of older soul mu",Terry Richardson
9,hotpotqa,Are Local H and For Against both from the United States?,"Mendocino County GMO Ban: Mendocino County, California, was the first jurisdiction in the United States to ban the cultivation, production or distribution of genetically modified organisms (GMOs).  The ordinance, entitled Measure H, was passed by referendum on March 2, 2004.  Initiated by the group ""GMO Free Mendocino"", the campaign was a highly publicized grassroots effort by local farmers and environmental groups who contend that the potential risks of GMOs to human health and the ecosystem have not yet been fully understood.  The measure was met with opposition by several interest groups representing the biotechnology industry, The California Plant Health Association (now the Western Plant Health Association) and CropLife America, a Washington-based consortium whose clients represent some of the largest food distributors in the nation, including Monsanto, DuPont and Dow Chemical.  Since the enactment of the ordinance, Mendocino County has been added to an international list of ""GMO free zones.""  Pre-emptive statutes banning local municipalities from such ordinances have now become widespread with adoption in sixteen states.
United States Senate election in Illinois, 1978: The 1978 United States Senate election in Illinois took place on November 7, 1978.  Incumbent Republican United States Senator Charles H. Percy ran for re-election to a third term in the United States Senate.  Percy was opposed by Democratic nominee Alex Seith, an attorney who had been appointed to several local government positions.  Though Percy had been expected to coast to re-election over Seith, a first-time candidate, the election quickly became competitive.  In the last few days of the campaign, a desperate Percy ran a television advertisement that featured him apologizing and acknowledging that, ""I got your message and you're right.""  Percy's last-ditch effort appeared to have paid off, as he was able to edge out Seith to win what would end up being his third and final term in the Senate.
William H. Cook Water Tank House: The William H. Cook Water Tank House is a water tank house located southeast of Jerome, Idaho, United States.  The building was constructed circa 1915 and was used to store water for William H. Cook's farm.  The rectangular building was constructed with lava rock and contains a metal tank.  Although the stone craftsmanship in the building is similar to the work of local stonemason H. T. Pugh, the builder of the house has not been determined.
Amherst, Massachus",yes
10,hotpotqa,"What is the name of the fight song of the university whose main campus is in Lawrence, Kansas and whose branch campuses are in the Kansas City metropolitan area?","North Kansas City, Missouri: North Kansas City is a city in Clay County, Missouri, United States that despite the similarity in name to its larger counterpart, Kansas City, is an independent municipality part of the Kansas City metropolitan area.  The population was 4,208 at the 2010 census.  Originally a northern suburb across the Missouri River from Kansas City, Missouri, it is now almost completely surrounded by Kansas City, which has annexed far to the north of North Kansas City's northern city limits.  North Kansas City also adjoins the small municipality of Avondale.
University of Missouri–Kansas City: The University of Missouri–Kansas City (UMKC) is a public research university serving the greater Kansas City metropolitan area.  Located in Kansas City, Missouri, UMKC is one of four system campuses that collectively constitute the University of Missouri.  UMKC is spread across multiple locales; the main Volker Campus, home to the majority of university operations, is located in Kansas City's Rockhill neighborhood, east of the Country Club Plaza, and adjacent to both the Stowers Institute for Medical Research and the world-renowned Linda Hall Library.  In 2017 the University, in collaboration with Truman Medical Center, Children's Mercy Hospital, the Missouri Health Department, the Jackson County Medical Examiners Office, and the Missouri Department of Mental Health Behavioral Medicine, formed the UMKC Health Sciences District on Hospital Hill.  This district is a first-in-the-nation partnership between local and state governments, the university, and these nationally recognized healthcare faculties, designed to promote collaboration in research, innovation, education, grant funding, and community outreach, for the advancement of health and wellness in the greater Kansas City metropolitan area.  Also in 2017, the university announced plans to expand its metropolitan identity with the construction of a downtown Campus for the Arts, located near the Kauffman Center for the Performing Arts.  The university's enrollment as of 2015 exceeded more than 16,600 students.
Kansas City jazz: Kansas City jazz is a style of jazz that developed in Kansas City, Kansas and Kansas City, Missouri and the surrounding Kansas City Metropolitan Area during the 1930s and marked the transition from the structured big band style to the musical improvisation style of Bebop.  The hard-swinging, bluesy transition style is bracketed by Count Basie who in 1929 signed with the Benni",Kansas Song
11,hotpotqa,"What screenwriter with credits for ""Evolution"" co-wrote a film starring Nicolas Cage and Téa Leoni?","Ungod: Ungod is the debut album released in 1994 on Columbia Records by the American industrial rock band Stabbing Westward.  The album was recorded in six weeks of 1993 in Chiswick, England, and released on February 15, 1994.  With adequate album sales and touring with the likes of Depeche Mode a second album was warranted, ""Wither Blister Burn & Peel"".  The guitar line in the chorus of the song ""Ungod"" was later used in Filter's song ""Hey Man, Nice Shot.""  Stuart Zechman, who was also playing guitar for Filter at the time, took the riff and showed it to Stabbing Westward who ended up using it as well.  The song ""Nothing"" appeared in the ""Bad Boys"" movie starring Will Smith, Martin Lawrence and Téa Leoni, but was not featured on the official soundtrack album.  The song also accompanied the credits of the film ""Johnny Mnemonic"" and was included on the film's soundtrack, along with the song ""Lost"".  ""Lost"", ""Lies"" and ""Can't Happen Here"" were used in the film ""Mortal Kombat"", but Stabbing Westward refused to include it in the official soundtrack.  The ""Thread Mix"" of ""Violent Mood Swings"" was included in the Clerks soundtrack.
Season of the Witch (2011 film): Season of the Witch is a 2011 American historical fantasy adventure film starring Nicolas Cage and Ron Perlman and directed by Dominic Sena with extensive uncredited reshoots by Brett Ratner.  Cage and Perlman star as Teutonic Knights, who return from the Crusades to find their fatherland ruined by the Black Death.  Two church elders accuse a girl (Claire Foy) of being a witch responsible for the destruction; they command the two knights to transport the girl to a monastery so the monks can lift her curse from the land.  The film draws inspiration from the 1957 film ""The Seventh Seal"".  It reunited Sena and Cage who had previously worked together on ""Gone in 60 Seconds"".
Time to Kill (1989 film): Time to Kill (Italian: Tempo di uccidere ) is a 1989 Italian drama film starring Nicolas Cage and Italian actors Ricky Tognazzi and Giancarlo Giannini .  It is directed by Giuliano Montaldo.  The film is set in 1936, when Ethiopia was an Italian colony, and was filmed in Zimbabwe.  It is based on the novel with the same name written by Ennio Flaiano.
David Weissman: David Weissman is a screenwriter and director.  His film credits include ""The Family Man"" (2000), ""Evolution"" (2001), and """"When in Rome"""" (2010).
Deadfall (1993 film): Deadfall is a 1993 crime drama film directed by Christopher Coppola.  Coppola c",David Weissman
12,hotpotqa,What year did Guns N Roses perform a promo for a movie starring Arnold Schwarzenegger as a former New York Police detective?,"Arnold Schwarzenegger filmography: Arnold Schwarzenegger is an actor who has appeared in over 30 films, and has also ventured into directing and producing.  He began his acting career primarily with small roles in film and television.  For his first film role, he was credited as ""Arnold Strong"", but was credited with his birth name thereafter.  He has appeared mainly in action, and comedy films.  In addition to films and television, he has appeared in music videos for AC/DC, Bon Jovi, and Guns N' Roses.
Guns N' Roses discography: Guns N' Roses is an American hard rock band formed in Los Angeles, California in 1985 by members of Hollywood Rose and L.A. Guns.  The band has released six studio albums, two live albums, two compilation albums, two extended plays, seven video albums, eighteen singles, twenty four music videos and one video single.  Guns N' Roses signed a deal with Geffen Records in 1986, after the independently released EP ""Live ?! *@ Like a Suicide"" a year before.  Its debut studio album ""Appetite for Destruction"" was released in 1987, reached the top of the ""Billboard"" 200 and sold 18 million units in the United States and approximately 33 million units worldwide.
Hammerjack's: Hammerjacks Concert Hall and Nightclub was a large concert hall in downtown Baltimore through the 1980s and into the 1990s owned by Louis J. Principio III The club attracted many big-name national acts, but also showcased many rising stars in the music world.  The bands ranged from punk, glam, and heavy metal acts most commonly associated with the venue (e.g., Guns n Roses, Kix, Ratt, Skid Row or Extreme) to pop (e.g., Badfinger) and alternative rock groups (e.g., Goo Goo Dolls).  The club was often frequented by hard core patrons and musicians donning big hair, leather, lace, spandex, and heavy makeup, and was considered a ""hard rock shrine.""  Hamerjacks, however, attracted audiences with other attire as well.  It was torn down on June 12, 1997 to make way for M&T Bank Stadium parking lot.  Hammerjacks was billed as ""The largest nightclub on the east coast.""
Steven Adler: Steven Adler (born Michael Coletti; January 22, 1965) is an American musician.  He is best known as the former drummer and co-songwriter of the hard rock band Guns N' Roses, with whom he achieved worldwide success in the late 1980s.  Adler was fired from Guns N' Roses over his heroin addiction in 1990, following which he reformed his old band Road Crew and briefly joined BulletBoys, which both proved ",1999
13,hotpotqa,Are Random House Tower and 888 7th Avenue both used for real estate?,"Real estate benchmarking: Real estate benchmarking is the standard of measurement used to analyze the financial characteristics of a real estate investment property.  In the general sense, real estate benchmarking refers to the comparison of potential real estate investment properties against a predetermined framework of measurement.  In a narrow sense, the term real estate benchmarking refers to the specific real estate indicators used to measure the real estate properties.
Hounsfield Heights/Briar Hill, Calgary: Hounsfield Heights/Briar Hill is an inner suburban neighbourhood in northwest Calgary, Alberta, Canada.  Located north of the Hillhurst and West Hillhurst communities, the boundaries of the district are 16th Avenue N (Trans-Canada Highway)to the north; 14th Street W to the east; Lane north of 7th Avenue N to 19th Street W and 8th Avenue N to the south; and Crowchild Trail, 12th Avenue N, Juniper Road, and 22nd Street W to the west.  Lions Park C-Train station is located within the community.  The community is built on an escarpment and is popular for its views of downtown to the south and the Rocky Mountains to the west.
Villard (imprint): Villard, also known as Villard Books, is a publishing imprint of Random House, one of the largest publishing companies in the world.  It was founded in 1983.  Villard began as an independent imprint of Random House and is currently a sub-imprint of Ballantine Books, itself an imprint of Random House.  It was named after a Stanford White brownstone mansion on Madison Avenue that was the home of Random House for twenty years.
888 7th Avenue: 888 7th Avenue is a 628 ft (191m) tall modern-style office skyscraper in Midtown Manhattan which was completed in 1969 and has 46 floors.  Emery Roth & Sons designed the building, which is tied with Central Park Place for the 65th tallest building in New York City.  It currently carries the Vornado Realty Trust corporate headquarters.  Previously known as the Arlen Building, its namesake being the company responsible for its construction, Arlen Realty & Development Corporation.  The Red Eye Grill is located in the building at street level.
Random House Tower: The Random House Tower, also known as the Park Imperial Apartments, is a 52-story mixed-use tower in New York City, United States, that is used as the headquarters of book publisher Random House and a luxury apartment complex.  The book publisher entrance is on Broadway and goes up to 27 floors, while the apartment compl",no
14,hotpotqa,The football manager who recruited David Beckham managed Manchester United during what timeframe?,"Joshua Parlby: Joshua Parlby (born 1855 in Longton, Staffordshire) was an English football manager who managed Manchester City in the 1890s.
1996 FA Charity Shield: The 1996 FA Charity Shield (also known as the Littlewoods FA Charity Shield for sponsorship reasons) was the 74th FA Charity Shield, an annual football match played between the winners of the previous season's Premier League and FA Cup competitions.  The match was played on 11 August 1996 at Wembley Stadium and contested by Manchester United, who had won the Double of Premier League and FA Cup in 1995–96, and Newcastle United, who had finished as runners-up in the Premier League.  Manchester United won the match 4–0 with goals from Eric Cantona, Nicky Butt, David Beckham and Roy Keane.
Sir Matt Busby Sports Complex: The Sir Matt Busby Sports Complex is a public leisure centre located in Bellshill, North Lanarkshire, Scotland.  It is named in honour of Sir Matt Busby, the football manager who was born in Bellshill in 1909, managed Manchester United from 1945 to 1969 and died in 1994.
Ernest Mangnall: James Ernest Mangnall (4 January 1866 – 13 January 1932) was an English football manager who started his career with Burnley and managed Manchester United between 1903–1912 and then went on to manage Manchester City from 1912–1924, and is the only man to date to have managed both clubs.
David Beckham Academy: The David Beckham Academy was a football school founded by England international David Beckham in 2005.  In 2009 it operated in two locations: in London, United Kingdom, and in Los Angeles, California, United States.  The academy pulled out of the London site at the end of the lease in October 2009, and the California branch closed soon after.
1995–96 Manchester United F.C. season: The 1995–96 season was Manchester United's fourth season in the Premier League, and their 21st consecutive season in the top division of English football.  United finished the season by becoming the first English team to win the Double (league title and FA Cup) twice.  Their triumph was made all the more remarkable by the fact that Alex Ferguson had sold experienced players Paul Ince, Mark Hughes and Andrei Kanchelskis before the start of the season, and not made any major signings.  Instead, he had drafted in young players like Nicky Butt, David Beckham, Paul Scholes and the Neville brothers, Gary and Phil.
The Class of '92: The Class of '92 is a 2013 British documentary film, released on 1 December 2013.  The film ",from 1986 to 2013
15,hotpotqa,Brown State Fishing Lake is in a country that has a population of how many inhabitants ?,"Fishing Lake: Fishing Lake is a lake in the Canadian province of Saskatchewan.  The lake is located between highway 5 and highway 16, 22 km north of the town of Foam Lake, Saskatchewan, and 24 km east of the town of Wadena, Saskatchewan.  The lake does not have an effective outlet channel, and so is prone to flooding.  Record floods in 2007 resulted in a plan by the Government of Saskatchewan to lower the level of the lake by digging a drainage channel.  The Fishing Lake First Nation opposed this plan, and instead flood control berms were constructed.
Osage State Fishing Lake: Osage State Fishing Lake is located in northern Osage County, Kansas.  It is a mile east of US 75.  Scranton, Kansas, is to the lake's northwest and Overbrook, Kansas, is to the northeast.  Osage Lake is a freshwater man-made lake, constructed in 1955.  It has a surface area of 140 acres, The parkland in which the lake is contained has 366 acreas of land, mostly tall grass prairie with numerous wooded areas.  The lake is owned by the State of Kansas.
Brown State Fishing Lake: Brown State Fishing Lake (sometimes also known as Brown State Fishing Lake And Wildlife Area) is a protected area in Brown County, Kansas in the United States.  The lake is 62 acres (0.25 km²) in area and up to 13 feet (4 m) deep.  The area was formerly known as Brown County State Park, and is 8 miles (13 km) east of Hiawatha, Kansas.
Neosho State Fishing Lake: Neosho State Fishing Lake, also known as Lake McKinley is located in the state of Kansas.  Located 5 mi north on highway 59 and 4 mi east on 40th Rd from the city of Parsons, Kansas, USA.  Construction of this lake was completed in 1927.  The lake covers 92 acre of water.  There are 124 public use acres surrounding the lake.  Fishing, camping, and picnicking are popular activities.  The park has a shelter house, fishing piers, picnic tables, barbecue grills, vault toilets and water hydrant.  Below Lake McKinley dam is a catch and release youth fishing pond for anglers age 15 and under when with an accompanying adult.  The lake is operated by the Kansas Department of Wildlife and Parks.
Narrow Hills Provincial Park: Narrow Hills Provincial Park is provincial park in Saskatchewan, Canada.  It contains a series of recreational facilities and a variety of lakes within its boundaries.  These include the Gem Lakes, Lower Fishing Lake, Upper Fishing Lake and others.
Shawnee State Fishing Lake: Shawnee State Fishing Lake is approximately eight miles northwest of ","9,984"
16,hotpotqa,The Vermont Catamounts men's soccer team currently competes in a conference that was formerly known as what from 1988 to 1996?,"2010–11 Vermont Catamounts men's basketball team: The 2010–11 Vermont Catamounts men's basketball team represented the University of Vermont in the 2010–11 NCAA Division I men's basketball season.  The Catamounts won their third consecutive America East Conference regular season Championship but lost in the semifinals of the conference tournament to Stony Brook.  The Catamounts got invited to the National Invitation Tournament but lost in the first round to Cleveland State, 63–60.
2012–13 Vermont Catamounts men's basketball team: The 2012–13 Vermont Catamounts men's basketball team represented the University of Vermont during the 2012–13 NCAA Division I men's basketball season.  The Catamounts, led by second year head coach John Becker, played their home games at Patrick Gym and were members of the America East Conference.  They finished the season 21–12, 11–5 in America East play to finish in a tie for second place.  They advanced to the championship game of the America East Tournament where they lost to Albany.  They were invited to the 2013 College Basketball Invitational where they lost in the first round to Santa Clara.
2013–14 Vermont Catamounts men's basketball team: The 2013–14 Vermont Catamounts men's basketball team represented the University of Vermont during the 2013–14 NCAA Division I men's basketball season.  The Catamounts, led by third year head coach John Becker, played their home games at Patrick Gym and were members of the America East Conference.  They finished the season 22–11, 15–1 in America East play to win the America East regular season championship.  They advanced to the semifinals of the America East Conference Tournament where they lost to Albany.  As a regular season conference champion who failed to win their conference tournament, the received an automatic bid to the National Invitation Tournament where they lost in the first round to Georgia.
America East Conference: The America East Conference is a collegiate athletic conference affiliated with the NCAA Division I, whose members are located mainly in the Northeastern United States.  The conference was known as the Eastern College Athletic Conference-North from 1979 to 1988 and the North Atlantic Conference from 1988 to 1996.
Vermont Catamounts men's soccer: The Vermont Catamounts men's soccer team represents the University of Vermont in all NCAA Division I men's college soccer competitions.  The team competes in the America East Conference.
Vermont Catamounts men's ice hoc",the North Atlantic Conference
17,hotpotqa,Are Giuseppe Verdi and Ambroise Thomas both Opera composers ?,"Bernhard Bötel: Bernhard Bötel (1883–1953) was a German operatic tenor and actor who had an active career in Germany and Austria during the first half of the 20th century.  He made recordings for several record labels during the early years of the recording industry, including His Master's Voice, Odeon Records, Polydor Records, Tri-Ergon, and Vox Records.  On the stage he sang a variety of roles in operas and operettas from leading parts to comprimario roles.  His stage repertoire included Belmonte in Wolfgang Amadeus Mozart's ""Die Entführung aus dem Serail"", Chapelou in Adolphe Adam's ""Le postillon de Lonjumeau"", Count Almaviva in Gioachino Rossini's ""The Barber of Seville"", Daniel in Franz Lehár's ""The Merry Widow"", the Duke of Mantua in Giuseppe Verdi's ""Rigoletto"", Gabriel von Eisenstein in Johann Strauss II's ""Die Fledermaus"", Indigo in Strauss' ""Indigo und die vierzig Räuber"", Jeník in Bedřich Smetana's ""The Bartered Bride"", Paolino in Domenico Cimarosa's ""Il matrimonio segreto"", Pâris in Jacques Offenbach's ""La belle Hélène"", Pietro in Franz von Suppé's ""Boccaccio"", and Wilhelm Meister in Ambroise Thomas' ""Mignon"".
Giuseppe Verdi (film): Giuseppe Verdi is a 1938 Italian biographical film directed by Carmine Gallone and starring Fosco Giachetti, Gaby Morlay and Germana Paolieri.  The film portrays the life of the composer Giuseppe Verdi (1813-1901).  The casting of Giachetti as Verdi was intended to emphasise the composer's patriotism, as he had recently played patriotic roles in films such as ""The White Squadron"".  The film was made at the Cinecittà Studios in Rome.  The film is also known by the alternative title The Life of Giuseppe Verdi.
Parma Airport: Parma Airport (Italian: ""Aeroporto di Parma"" , IATA: PMF, ICAO: LIMP ) is located 1.3 NM northwest of Parma, a city in the Emilia-Romagna region of Italy.  The airport was opened on 5 May 1991.  It is also known as Giuseppe Verdi Airport or Parma ""Giuseppe Verdi"" Airport, named after Giuseppe Verdi.
Giuseppe Verdi: Giuseppe Fortunino Francesco Verdi (] ; 9 or 10 October 1813 – 27 January 1901) was an Italian opera composer.
Teatro Giuseppe Verdi: Teatro Giuseppe Verdi (the Giuseppe Verdi Theatre) is a small opera house located in a wing of the Rocca dei Marchesi Pallavicino on the Piazza Giuseppe Verdi in Busseto, Italy, a town closely associated with the life of the opera composer, Giuseppe Verdi.  From the 13th century, the “rocca” or “fortress” was the family’s palace; it is now the city hall a",yes
18,hotpotqa,Roger O. Egeberg was Assistant Secretary for Health and Scientific Affairs during the administration of a president that served during what years?,"United States Assistant Secretary of State: Assistant Secretary of State (A/S) is a title used for many executive positions in the United States Department of State, ranking below the Under Secretaries.  A set of six Assistant Secretaries reporting to the Under Secretary for Political Affairs manage diplomatic missions within their designated geographic regions, plus one Assistant Secretary dealing with international organizations.  Assistant Secretaries usually manage individual bureaus of the Department of State.  When the manager of a bureau or another agency holds a title other than Assistant Secretary, such as ""Director,"" it can be said to be of ""Assistant Secretary equivalent rank.""  Assistant Secretaries typically have a set of deputies, referred to as Deputy Assistant Secretaries (DAS).
Douglas J. Bennet: Douglas Joseph “Doug” Bennet, Jr. (born June 23, 1938) is a former national political official and college president.  He was the fifteenth president of Wesleyan University, in Middletown, Connecticut, from 1995 to 2007.  Before that, he served as Assistant Secretary of State for International Organization Affairs in the Clinton Administration (1993–95) and Assistant Secretary of State for Legislative Affairs in the Carter administration (1977–79), was the President and CEO of National Public Radio (1983–93), and ran the U.S. Agency for International Development under President Carter (1979–81).
Richard Nixon: Richard Milhous Nixon (January 9, 1913 – April 22, 1994) was the 37th President of the United States from 1969 until 1974, when he resigned from office, the only U.S. president to do so.  He had previously served as the 36th Vice President of the United States from 1953 to 1961, and prior to that as a U.S. Representative and also Senator from California.
Steven K. Galson: Steven Kenneth Galson (born 1956) is an American public health physician.  He is currently Senior Vice President for Global Regulatory Affairs at Amgen, the S. California-based innovative global biopharmaceutical company.  He is also Professor-at-Large at the Keck Graduate Institute for Applied Life Sciences in Clarmont, California.  He is a retired rear admiral in the United States Public Health Service Commissioned Corps and public health administrator who served as the acting Surgeon General of the United States from October 1, 2007 – October 1, 2009.  He served concurrently as acting Assistant Secretary for Health from January 22, 2009 to June 25, 2009, and as the Deput",1969 until 1974
19,hotpotqa,"Which writer was from England, Henry Roth or Robert Erskine Childers?","Asgard (yacht): Asgard is a 51 ft gaff rigged yacht.  She was owned by the English-born writer and Irish nationalist Erskine Childers and his wife Molly Childers.  She is most noted for her use in the Howth gun-running of 1914.
Henry Roth: Henry Roth (February 8, 1906 – October 13, 1995) was an American novelist and short story writer.
R509 road (Ireland): The R509 road, following part of the Childers Road (named after Erskine Childers), is a regional road in Ireland, running through the southeastern side of Limerick City.  It forms what is somewhat akin to an inner ring road (albeit mostly two-lane only).
Molly Childers: Mary Alden Osgood Childers, MBE (14 December 1875 – 1 January 1964) was an American-born Irish writer and Irish nationalist.  She was the daughter of Dr Hamilton Osgood and Margaret Cushing Osgood of Beacon Hill, Boston, Massachusetts.  Her older sister was Gretchen Osgood Warren.  Molly married the writer and Irish nationalist, Robert Erskine Childers.  Their son, Erskine Hamilton Childers, became the fourth President of Ireland.
Gretchen Osgood Warren: Gretchen Osgood Warren (19 March 1868 – September 1961), the wife of Fiske Warren, was an actress, singer and poet.  The daughter of Dr. Hamilton Osgood and Margaret Cushing Osgood of Beacon Hill, Boston, Massachusetts, her younger sister was Mary Alden Childers, the wife of writer and Irish nationalist Robert Erskine Childers.  Her nephew Erskine Hamilton Childers served as the fourth President of Ireland from 1973-74.
Robert Caesar Childers: Robert Caesar Childers (1838 – 25 July 1876) was a British Orientalist scholar, compiler of the first Pāli-English dictionary.  Childers was the husband of Anna Barton of Ireland.  He was the father of Irish nationalist Robert Erskine Childers and grandfather to the fourth President of Ireland, Erskine Hamilton Childers.
Robert Erskine Childers: Robert Erskine Childers DSC (25 June 1870 – 24 November 1922), universally known as Erskine Childers, was a British writer, whose works included the influential novel ""The Riddle of the Sands"", and a Fenian revolutionary who smuggled guns to Ireland in his sailing yacht ""Asgard"".  He was executed by the authorities of the nascent Irish Free State during the Irish Civil War.  He was the son of British Orientalist scholar Robert Caesar Childers; the cousin of Hugh Childers and Robert Barton; and the father of the fourth President of Ireland, Erskine Hamilton Childers.
Irish Bulletin: The Irish Bulletin was the",Robert Erskine Childers DSC
20,hotpotqa,Which other Mexican Formula One race car driver has held the podium besides the Force India driver born in 1990?,"2009 Singapore Grand Prix: The 2009 Singapore Grand Prix (formally the 2009 Formula 1 SingTel Singapore Grand Prix) was a Formula One motor race held at the Marina Bay Street Circuit in Singapore on 27 September 2009.  The 61-lap race was the fourteenth round of the 2009 Formula One season.  It was the second Singapore Grand Prix to be part of a Formula One Championship and the tenth Singapore Grand Prix overall.  It was also the second Formula One race to be held at night.  The race was won by McLaren-Mercedes driver and reigning World Champion Lewis Hamilton.  Toyota's Timo Glock finished second and 2008 race winner Fernando Alonso took third position, making this the only race of the season with neither a Brawn nor a Red Bull driver on the podium.  This was also the last race of 2009 for Glock, as he was injured during qualifying for the Japanese Grand Prix and was replaced by test driver Kamui Kobayashi.  Heikki Kovalainen scored his last ever World Championship points at this race.
Catharina Felser: Catharina Felser (born October 2, 1982) is a German race car driver born in Siegburg, North Rhine-Westphalia.  Catharina started her career in karting during 1997, moving up to Austrian Formula Ford in 2000.  Her performances there resulted in one race in German Formula Ford, also during 2000.  In 2001, she competed in German Formula BMW.
Michael James Lewis: Michael James Lewis is an American race car driver born on December 24, 1990 in Laguna Beach, California to parents Steve Lewis (Owner of the famed Nine Racing Midget Team & former owner of Performance Racing Industry) and Loretta Lewis.  As a young, up-and-coming Race Car Driver, Michael has competed in a diverse number of racing vehicles including Formula 3, Formula BMW, Ford Focus Midgets, Touring Cars, Late Model Stock Cars, Quarter Midgets, & Go-Karts.  Michael also officially tested a Formula One car for Scuderia Ferrari F1 in the F60 chassis on November 15, 2011 (as a result from his accomplishments in Formula 3 Italia).  Michael's passion for racing is paramount and he enjoys every aspect of his racing career.  The Laguna Beach, California native is known for his professionalism, work ethic, and he lives every day for motorsport.
Sergio Pérez: Sergio Pérez Mendoza (    ; born 26 January 1990) also known as ""Checo"" Pérez, is a Mexican racing driver, currently driving for Force India.
Eduardo Troconis: Eduardo Troconis (born in Veracruz, Veracruz) is a Mexican race car driver.  He is a two-time ",Pedro Rodríguez
21,hotpotqa,This singer of A Rather Blustery Day also voiced what hedgehog?,"Hip Hip Pooh-Ray!: ""Hip Hip Pooh-Ray!""  is a song from the 1968 musical film featurette ""Winnie the Pooh and the Blustery Day"".  It is sung by the cast as a release from the dramatic tension of the story.  The song is also incorporated into (and used as the promotional tagline for) the 1977 musical film ""The Many Adventures of Winnie the Pooh"" which is an amalgamation of three Winnie-the-Pooh featurettes including ""Blustery Day"".  In the song, Pooh and Piglet are hailed as heroes (Pooh for saving Piglet's life, and Piglet for giving Owl his grand home in the beech tree).
Heffalumps and Woozles: ""Heffalumps and Woozles"" is a song from the 1968 Walt Disney musical film featurette ""Winnie the Pooh and the Blustery Day"".  It was written by the Sherman Brothers, and performed by The Mellomen.  It is also in the 1977 full-length feature film ""The Many Adventures of Winnie the Pooh"".
The House That Jack Built (1967 film): The House That Jack Built is a 1967 National Film Board of Canada animated short based on the nursery rhyme ""This Is the House That Jack Built.""  Directed by Ron Tunis, written by and produced by Wolf Koenig, the eight-minute film was nominated for an Academy Award for Best Animated Short Film, losing to ""Winnie the Pooh and the Blustery Day"" at the 41st Academy Awards.  Jack is desperate to escape his nine-to-five life.  Mirroring the fairy tale, he trades his car for a handful of beans.
Kate Higgins: Catherine Davis ""Kate"" Higgins (born August 16, 1969 in Charlottesville, Virginia, U.S.), also known as Kate Davis, is an American voice actress, singer and jazz pianist.  Her major voice roles have been in English-language adaptations of Japanese anime, and is best known as the voice of Sakura Haruno in ""Naruto"".  She has also voiced C.C. in ""Code Geass"" and Saber in the original ""Fate/stay Night"".  In 2010, she voiced Miles ""Tails"" Prower in the video game series ""Sonic the Hedgehog"".  She also voices Kate, Stinky and Lilly in the ""Alpha and Omega"" sequels.  In 2014, She became the voice of Ami Mizuno / Sailor Mercury in the Viz English dub of ""Sailor Moon"".
The Wonderful Thing About Tiggers: ""The Wonderful Thing About Tiggers"" is the theme song and personal anthem of Tigger, a fictional tiger from the children's book series Winnie-the-Pooh.  Although Tigger's birthday is believed to be in October 1928, the year that ""The House at Pooh Corner"" was first published, on Tigger-related merchandise, Disney often indicates Tigger's birth year as 1968,",Sonic
22,hotpotqa,"Aside from the Apple Remote, what other device can control the program Apple Remote was originally designed to interact with?","Universal remote: A universal remote is a remote control that can be programmed to operate various brands of one or more types of consumer electronics devices.  Low-end universal remotes can only control a set number of devices determined by their manufacturer, while mid- and high-end universal remotes allow the user to program in new control codes to the remote.  Many remotes sold with various electronic include universal remote capabilities for other types of devices, which allow the remote to control other devices beyond the device it came with.  For example, a VCR remote may be programmed to operate various brands of televisions.
Remote control: In electronics, a remote control is a component of an electronic device used to operate the device wirelessly from a distance.  For example, in consumer electronics, a remote control can be used to operate devices such as a television set, DVD player, or other home appliance, from a short distance.  A remote control is primarily a convenience feature for the user, and can allow operation of devices that are out of convenient reach for direct operation of controls.  In some cases, remote controls allow a person to operate a device that they otherwise would not be able to reach, as when a garage door opener is triggered from outside or when a Digital Light Processing projector that is mounted on a high ceiling is controlled by a person from the floor level.
Apple Remote: The Apple Remote is a remote control device released in or after October 2005 by Apple Inc. for use with a number of its products which use infrared capabilities.  The device was originally designed to interact with the Front Row media program on the iSight iMac G5 and is compatible with some later desktop and portable Macintosh computers.  The first three generations of Apple TV used the Apple Remote as their primary control mechanism.  It has now been replaced with the Siri Remote in the fourth generation.  Prior to the Apple Remote, Apple produced several nameless IR remotes for products such as the Macintosh TV, TV tuner expansion boards, and the PowerCD drive.
Siri Remote: The Siri Remote is a remote control device released in tandem with the 4th Generation Apple TV at an Apple Keynote Address by CEO Tim Cook on October 26, 2015 by Apple Inc. The Remote is designed specifically to work with the always-on Siri capable Apple TV.  The device is a successor of the original Apple Remote.  It is also compatible with the Apple TV 4K.
NetSupport Man",keyboard function keys
23,hotpotqa,"Which performance act has a higher instrument to person ratio, Badly Drawn Boy or Wolf Alice? ","Wolf Alice: Wolf Alice are a four-piece alternative rock band from North London, formed initially as a two-person band in 2010.  Its members since 2012 are Ellie Rowsell (vocals, guitar), Joff Oddie (guitars, vocals), Theo Ellis (bass), and Joel Amey (drums, vocals).
Tom Rothrock: Tom Rothrock is an international record producer, composer, musician and owner of Bong Load Records.  Tom Rothrock has worked with James Blunt, Foo Fighters, Moby, Beck, Badly Drawn Boy, R. L. Burnside, Athlete, Sloan, Gwen Stefani, Motörhead, Elbow, Stevie Nicks, Poison, Elliott Smith, Richard Thompson, Yonder Mountain String Band.  Rothrock has also composed or contributed to soundtracks for notable motion pictures such as ""About A Boy"", ""Good Will Hunting"", ""Collateral"" and ""The SpongeBob SquarePants Movie"".
Badly Drawn Boy discography: The discography of English alternative music singer/songwriter Badly Drawn Boy (real name Damon Gough) includes eight studio albums (including two soundtracks), one compilation, six extended plays and twenty-one singles.  The first EP and several singles were released on Gough's own label ""Twisted Nerve"", which he started with like-minded Manchester musician Andy Votel.  Badly Drawn Boy rose in popularity in 1997 when he joined the likes of Thom Yorke, Richard Ashcroft, and Mike D on the celebrity-filled UNKLE album ""Psyence Fiction"".  Due to the mild UK chart success of the 1999 single ""Once Around the Block"", XL Recordings signed up Badly Drawn Boy to release the debut album ""The Hour of Bewilderbeast"" in 2000.  The album won critical praise and Britain's acclaimed Mercury Prize for Best Album.  The album caught the attention of author Nick Hornby who then asked Gough to score the film being made for his book ""About a Boy"".
Something to Talk About (Badly Drawn Boy song): ""Something to Talk About"" is a song by British musical artist Badly Drawn Boy from About a Boy.  It was released as a single on 30 July 2002.  It peaked at number 28 on the UK Singles Chart.
About a Boy (film): About a Boy is a 2002 British-American-French comedy-drama film produced by Jane Rosenthal, Robert De Niro, Brad Epstein, Tim Bevan and Eric Fellner, co-written and directed by brothers Chris Weitz and Paul Weitz with music by Badly Drawn Boy and written by Peter Hedges.  It is an adaptation of the 1998 novel of the same name by Nick Hornby.  The film stars are Hugh Grant, Nicholas Hoult, Toni Collette, and Rachel Weisz.  The film at times uses double voice-over narrat",Badly Drawn Boy
24,hotpotqa,What was the father of Kasper Schmeichel voted to be by the IFFHS in 1992?,"Gus Williams (musician): Kasper Gus Ntjalka Williams OAM, known as Gus Williams (20 June 1937 – 13 September 2010) was a country singer from Hermannsburg in Central Australia.  He was an Arrernte man, who was born in Alice Springs.  He was the father of country star Warren H Williams.
Kasper Hvidt: Kasper Hvidt (born 6 February 1976 in Copenhagen) is a Danish retired handball goalkeeper, who lastly played for KIF Kolding and previous Danish national team.  He was selected as the best keeper for the 2008 European Men's Handball Championship.  Hvidt was also voted as Goalkeeper of the Year March 20, 2009, second place was Thierry Omeyer from France.
Peter Schmeichel: Peter Bolesław Schmeichel MBE (] ; born 18 November 1963) is a Danish former professional footballer who played as a goalkeeper, and was voted the IFFHS World's Best Goalkeeper in 1992 and 1993.  He is best remembered for his most successful years at English club Manchester United, whom he captained to the 1999 UEFA Champions League to complete the Treble, and for winning UEFA Euro 1992 with Denmark.
Sommeren '92: Summer of '92 (Sommeren '92) is a Danish film directed by Kasper Barfoed.  The film is based on the 1992 UEFA European Football Championship, Denmark's greatest ever football triumph.  The team had qualified only after Yugoslavia was disqualified as a result of the breakup and warfare in that country.  The film examines the often difficult relationship between the team's coach Richard Møller Nielsen, and the Danish Football Association and leading players that nonetheless led to triumph in 1992.
Pelé: Edson Arantes do Nascimento (] ; born 23 October 1940), known as Pelé (] ), is a retired Brazilian professional footballer who played as a forward.  He is widely regarded as the greatest football player of all time.  In 1999, he was voted World Player of the Century by the International Federation of Football History & Statistics (IFFHS).  That same year, Pelé was elected Athlete of the Century by the International Olympic Committee.  According to the IFFHS, Pelé is the most successful league goal-scorer in the world, scoring 1281 goals in 1363 games, which included unofficial friendlies and tour games.  During his playing days, Pelé was for a period the best-paid athlete in the world.
IFFHS World's Best Club Coach: The IFFHS World's Best Club Coach is an association football award given annually, since 1996, to the most outstanding club coach as voted by the International Federation of F",World's Best Goalkeeper
25,hotpotqa,Who was the writer of These Boots Are Made for Walkin' and who died in 2007?,"Nancy Sinatra: Nancy Sandra Sinatra (born June 8, 1940) is an American singer and actress.  She is the elder daughter of Frank Sinatra and Nancy (Barbato) Sinatra, and is widely known for her 1966 signature hit ""These Boots Are Made for Walkin'"".
Kon Kan: Kon Kan is a Canadian synthpop project conceived and formed in 1988 by Barry Harris in Toronto, Ontario.  Kon Kan were awarded a 1990 Juno for the song ""I Beg Your Pardon"" and nominated for a 1991 Juno Award for the single ""Puss N' Boots/These Boots Are Made for Walkin'"".
Death of Abdul Wali: Abdul Wali was an Afghan man who died in US custody on June 21, 2003 at the age of 28.  At the time of his death, he had been held for three days at the US base 10 miles south of Asadabad, in Kunar Province, Afghanistan, on suspicion of involvement in a rocket attack on the same base.  The cause of his death was at first reported to be a heart attack, but this came into question when three members of the U.S. 82nd Airborne Division came forward to testify that CIA contractor David Passaro assaulted Wali.  Passaro, a former U.S. Army Ranger, allegedly beat Wali for two consecutive nights, causing grievous injuries including a fractured pelvis.  Prosecutors would charge that Passaro ordered soldiers not to allow Wali to sleep, limited his access to food and water and subjected him to two consecutive nights of interrogation and beatings.  Among other injuries, Wali suffered a suspected fractured pelvis that would have made it impossible for him to urinate.  Witnesses testified that during one session Passaro, while wearing combat boots, kicked Wali in the groin hard enough to lift him off the ground, threw Wali to the ground, beat Wali on the arms and legs with a heavy Maglite flashlight, and that Passaro also vigorously thrust a flashlight into Wali's abdomen.  After the second night of beatings, Wali begged the soldiers to kill him and moaned a phrase that meant, ""I'm dying.""  Wali died on his fourth day in custody.  He repeatedly denied any involvement in the rocket attacks.
Jim Shoulders: James A. Shoulders (May 13, 1928 – June 20, 2007) was an American professional rodeo cowboy and rancher.  He is commemorated at the ProRodeo Hall of Fame and at the time of his death, was the most successful contestant in the Professional Rodeo Cowboys Association (PRCA).  Known as the 'Babe Ruth of rodeo', Shoulders was a spokesperson for a number of commercial products such as Miller Lite, Justin Boots and Wrangler Jeans.  He was",Barton Lee Hazlewood
26,hotpotqa,"The 2011–12 VCU Rams men's basketball team, led by third year head coach Shaka Smart, represented Virginia Commonwealth University which was founded in what year?","2012–13 VCU Rams men's basketball team: The 2012–13 VCU Rams men's basketball team represented Virginia Commonwealth University during the 2012–13 NCAA Division I men's basketball season.  It was the 45th season of the University fielding a men's basketball program.  Led by fourth-year head coach Shaka Smart, they played their home games at the Stuart C. Siegel Center.  This was the Rams inaugural season in the Atlantic 10 Conference (A10), after spending the past 17 years in the Colonial Athletic Association (CAA).  They finished the season 27–9, 12–4 in A10 play to finish in second place.  They advanced to the championship game of the 2013 Atlantic 10 Tournament where they lost to Saint Louis.  They received an at-large bid to the 2013 NCAA Tournament, their third straight NCAA Tournament appearance, where they defeated Akron in the first round before losing in the third round to Michigan.
2009–10 VCU Rams men's basketball team: The 2009–10 VCU Rams men's basketball team represented Virginia Commonwealth University during the 2009–10 college basketball season.  This was head coach Shaka Smart's first season at VCU.  The Rams compete in the Colonial Athletic Association and played their home games at Stuart C. Siegel Center.  They finished the season 27–9, 11–7 in CAA play and lost in the semifinals of the 2010 CAA Men's Basketball Tournament.  They were champions of the 2010 College Basketball Invitational.
1995–96 VCU Rams men's basketball team: The 1995–96 VCU Rams men's basketball team represented Virginia Commonwealth University during the 1995–96 NCAA Division I men's basketball season.  It was the 28th season of the University fielding a men's basketball program, and the program's first season in the Colonial Athletic Association, after previously playing in the Metro Conference.  The Rams were coached by 7th year head coach, Sonny Smith.
Virginia Commonwealth University: Virginia Commonwealth University (VCU) is a public research university located in Richmond, Virginia.  VCU was founded in 1838 as the medical department of Hampden–Sydney College, becoming the Medical College of Virginia in 1854.  In 1968, the Virginia General Assembly merged MCV with the Richmond Professional Institute, founded in 1917, to create Virginia Commonwealth University.  In 2015, more than 31,000 students pursue 226 degree and certificate programs through VCU's 13 schools and one college.  The VCU Health System supports the university's health care education, research a",1838
27,hotpotqa,"Are both Dictyosperma, and Huernia described as a genus?","Dictyosperma: Dictyosperma is a monotypic genus of flowering plant in the palm family found in the Mascarene Islands in the Indian Ocean (Mauritius, Réunion and Rodrigues).  The sole species, Dictyosperma album, is widely cultivated in the tropics but has been farmed to near extinction in its native habitat.  It is commonly called princess palm or hurricane palm, the latter owing to its ability to withstand strong winds by easily shedding leaves.  It is closely related to, and resembles, palms in the ""Archontophoenix"" genus.  The genus is named from two Greek words meaning ""net"" and ""seed"" and the epithet is Latin for ""white"", the common color of the crownshaft at the top of the trunk.
Huernia: The genus Huernia (family Apocynaceae, subfamily Asclepiadoideae) consists of stem succulents from Eastern and Southern Africa, first described as a genus in 1810.  The flowers are five-lobed, usually somewhat more funnel- or bell-shaped than in the closely related genus ""Stapelia"", and often striped vividly in contrasting colours or tones, some glossy, others matt and wrinkled depending on the species concerned.  To pollinate, the flowers attract flies by emitting a scent similar to that of carrion.  The genus is considered close to the genera ""Stapelia"" and ""Hoodia"".  The name is in honour of Justin Heurnius (1587–1652) a Dutch missionary who is reputed to have been the first collector of South African Cape plants.  His name was actually mis-spelt by the collector.",yes
28,hotpotqa,Kaiser Ventures corporation was founded by an American industrialist who became known as the father of modern American shipbuilding?,"Edgar Kaiser Jr.: Edgar Fosburgh Kaiser Jr. (July 5, 1942 – January 11, 2012) was an American-Canadian financier and a former owner of the Denver Broncos American football team.  He was born in Portland, Oregon on July 5, 1942 and is the grandson of shipbuilding industrialist Henry J. Kaiser.  He earned a BA degree from Stanford University and an MBA degree from Harvard University.  Kaiser served as a White House Fellow and as a Special Assistant to President Lyndon B. Johnson, President Richard M. Nixon, and as a Special Assistant to U.S. Secretary of the Interior Walter J. Hickel.  He became a Canadian citizen in 1980.  He died on January 11, 2012.
Nutri Ventures – The Quest for the 7 Kingdoms: Nutri Ventures (also known as Nutri Ventures – The Quest for the 7 Kingdoms) (Portuguese: Nutri Ventures - Em Busca dos 7 Reinos) is a Portuguese TV series produced by the Nutri Ventures Corporation that is distributed through Hulu Kids.
Eagle Mountain Railroad: The Eagle Mountain Railroad (EMRR) was a private railroad in California, owned by the Kaiser Steel Corporation, and is owned today by Kaiser Steel's successor, Kaiser Ventures, Inc. of Ontario, California.
Neafie &amp; Levy: Neafie, Levy & Co., commonly known as Neafie & Levy, was a Philadelphia shipbuilding and engineering firm that existed from the middle of the 19th to the beginning of the 20th century.  Described as America's ""first specialist marine engineers"", Neafie & Levy was probably the first company in the United States to combine the building of iron ships with the manufacture of steam engines to power them.  The company was also the largest supplier of screw propellers to other North American shipbuilding firms in its early years, and at its peak in the early 1870s was Philadelphia's busiest and most heavily capitalized shipbuilder.
Kaiser Shipyards: The Kaiser Shipyards were seven major shipbuilding yards located on the United States west coast during World War II.  Kaiser ranked 20th among U.S. corporations in the value of wartime production contracts.  The shipyards were owned by the Kaiser Shipbuilding Company, a creation of American industrialist Henry J. Kaiser, (1882-1967), who established the shipbuilding company around 1939 in order to help meet the construction goals set by the United States Maritime Commission for merchant shipping.
Kaiser Ventures: Kaiser Ventures (formerly Kaiser Steel) corporation, headquartered in Ontario, California.  It was founded by Henry J. Kaiser to provid",Henry J. Kaiser
29,hotpotqa,"What is the name for the adventure in ""Tunnels and Trolls"", a game designed by Ken St. Andre?","St. Andre (Goa Assembly constituency): St. Andre Vidhan Sabha Constituency is one of the 40 Goa Legislative Assembly constituencies of the state of Goa in southern India.  St. Andre is also one of the 20 constituencies falling under the North Goa Lok Sabha constituency.
Tunnels &amp; Trolls: Tunnels & Trolls (abbreviated ""T&T"") is a fantasy role-playing game designed by Ken St. Andre and first published in 1975 by Flying Buffalo.  The second modern role-playing game published, it was written by Ken St. Andre to be a more accessible alternative to ""Dungeons & Dragons"" and is suitable for solitaire, group, and play-by-mail gameplay.
St. Andre's Parish: St. Andre's Parish is a former parish of the Roman Catholic Diocese of Portland, located Biddeford, Maine.  The parish was founded in 1860 to serve the city's large French-Canadian and French-American communities.  On July 1, 2008, St. Andres was merged into the newly formed Good Shepherd Parish, made up of Saint Joseph's Church in Biddeford, Saint Mary's Church in Biddeford, Most Holy Trinity Church in Saco, Notre Dame Church in Saco, Saint Margaret's Church in Old Orchard Beach, Saint Lukes in Old Orchard Beach, Saint Brendan's in Biddeford Pool,and St. Phillip's Church in Lyman.  Of those 8 Churches, only Saint Joseph, Most Holy Trinity, Saint Margaret, and Saint Philip remain open.  (St. Brendan's has always, and continues to serve as a summer chapel.)  The parish complex of four buildings, including the church, rectory, convent, and school, was listed on the National Register of Historic Places in 2015, at which time most of it stood vacant.
Jon St. Andre: Jon St. Andre (born December 8, 1939 in Ishpeming, Michigan) is an American former ski jumper who competed in the 1960 Winter Olympics.
Ken St. Andre: Kenneth Eugene St. Andre (born on April 28, 1947 in Ogden, Utah) is an American fantasy author and game designer, best known for his work with ""Tunnels & Trolls"" and ""Wasteland"".  He has been an active member of ""The Science Fiction and Fantasy Writers of America"" since 1989.
Mercenaries, Spies and Private Eyes: Mercenaries, Spies and Private Eyes (""MSPE"") is a tabletop role-playing game designed and written by Michael A. Stackpole and first published in April 1983 by Blade, a division of Flying Buffalo, Inc.  A second edition was later published by Sleuth Publications, but Flying Buffalo continues to distribute the game.  ""MSPE""'s mechanics are based on those of ""Tunnels and Trolls"", with the addition of",Arena of Khazan
30,hotpotqa,"When was Poison's album ""Shut Up, Make Love"" released?","All I Wanna Do Is Make Love to You: ""All I Wanna Do Is Make Love to You"" is a song by the rock band Heart.  It was composed by veteran songwriter and producer Robert John ""Mutt"" Lange and released as the lead single from the band's tenth studio album, ""Brigade"", as well as their first hit single of the 1990s.  The song was first recorded as ""All I Want to Do Is Make Love to You"" by Dobie Gray in 1979, though with different lyrics.
Be the One (Poison song): ""Be the One"" is a power ballad by American rock band Poison.  The song was released as the second single from their 2000 ""Crack a Smile...and More! "" album.  The single/sampler was released in February 2000 and featured five b-sides including the first single from the album ""Shut Up, Make Love"" and the four unplugged bonus tracks from the album: ""Every Rose Has Its Thorn"", ""Talk Dirty to Me"", ""Your Mama Don't Dance"" and ""Something to Believe In"".
Make Love: ""Make Love"" is a song performed by American recording artist and songwriter Keri Hilson.  It was written by Jamal ""Polow da Don"" Jones, Ester Dean and Jason Perry, and produced by Polow da Don and Perry for Hilson's debut studio album, ""In a Perfect World..."" (2009).  The song was sent for urban adult contemporary airplay on June 23, 2009 as the fifth single from the album.  Musically, ""Make Love"" is a downtempo R&B ballad.  The song received mixed reviews from music critics; some of them criticized its long length and Hilson's vocals, while others named it one of the album's standouts.
Make Love Not War (album): Make Love Not War is the 2004 debut album by Australian alternative rock band Cosmic Nomads recorded in Sydney, New South Wales at Damien Gerard Studios.  Cosmic Nomads worked with renowned engineer Russell Pilling who, with 25 years experience, has recorded The Vines, The Church (band), The Cruel Sea (band) and Jon Stevens.  A single and music video of the same name were released and distributed by MGM Sydney prior to the album release.  Pilling said ""Make Love Not War"" ""is a grower, once you listen to it a few times you begin to appreciate what it means"".
Greatest Hits (Dan Fogelberg album): Greatest Hits is a compilation album by American recording artist Dan Fogelberg.  It included two previously unreleased tracks, ""Missing You"" and ""Make Love Stay"", both of which were released as singles and peaked at chart positions #23 and #29 on the ""Billboard"" Hot 100 chart, respectively.  Both of the new songs made the Top 10 on the adult contempora",2000
31,hotpotqa,"Hayden is a singer-songwriter from Canada, but where does Buck-Tick hail from?","Atsushi Sakurai: Atsushi Sakurai (櫻井 敦司 , Sakurai Atsushi , born March 7, 1966 in Fujioka, Gunma) is a Japanese musician and singer-songwriter.  He has been the vocalist of the rock band Buck-Tick since 1985, previously being their drummer from 1983.  He released the solo album ""Ai no Wakusei"" in 2004 and was also a member of Schwein alongside Hisashi Imai (Buck-Tick), Sascha Konietzko (KMFDM) and Raymond Watts.  In 2015, he formed a solo project called The Mortal.
Hayden (musician): Paul Hayden Desser (born February 12, 1971) who records as Hayden, is a Canadian singer-songwriter from Thornhill, Ontario.
Alberta Hail Project: The Alberta Hail Project was a research project sponsored by the Alberta Research Council and Environment Canada to study hailstorm physics and dynamics in order to design and test means for suppressing hail.  It ran from 1956 until 1985.  The main instrument in this research was an S-band circularly polarized weather radar located at the Red Deer Industrial Airport in central Alberta, Canada.
Mild and Hazy: Mild and Hazy is a 7"" vinyl single by Canadian singer-songwriter Hayden.  It was released in 1996 on Hayden's own label, Hardwood Records as well as on Lunamoth.  The cover is a photograph of Hayden as a toddler.  The song ""Gouge Away"" is a cover of the Pixies, from their album ""Doolittle"".
Masami Tsuchiya: Masami Tsuchiya is a Japanese singer-songwriter and musician, coming to prominence in the late 1970s as the lead vocalist and guitarist in the group Ippu-Do.  His subsequent output includes solo work and collaborations.  Tsuchiya has worked with artists as diverse as English new wave rockers Japan and Bill Nelson, Japanese electronica composer Ryuichi Sakamoto, Duran Duran side-project Arcadia, and Japanese rock band Buck-Tick.
Buck-Tick: Buck-Tick (stylized as BUCK-TICK) is a Japanese rock band, formed in Fujioka, Gunma in 1983.  The group has consisted of Atsushi Sakurai (lead vocals), Hisashi Imai (guitar), Hidehiko Hoshino (guitar), Yutaka Higuchi (bass) and Toll Yagami (drums) since 1985.  In their three decade career, the band has released 20 studio albums, nearly all reaching the top ten on the charts, of which three in the late eighties and early nineties topped them.  They are commonly credited as one of the founders of the visual kei movement.
Hailstorm Alley: Hailstorm Alley is a colloquial term referring to an area of south and central Alberta, Canada where hail storms are frequently produced.  These storms frequen","Fujioka, Gunma"
32,hotpotqa,Which  French ace pilot and adventurer fly L'Oiseau Blanc,"François Coli: François Coli (June 5, 1881 – presumably on or after May 8, 1927) was a French pilot and navigator best known as the one-eyed flying partner of Charles Nungesser in their doomed attempt to fly the Atlantic Ocean on the aircraft known as ""L'Oiseau Blanc"".
Georges Madon: Georges Félix Madon (July 28, 1892 – November 11, 1924) was the fourth ranked French ace pilot of the First World War.  His lengthy career and wide variety of aviation experiences were remarkable.
W. E. Johns: William Earl Johns (5 February 189321 June 1968) was an English pilot and writer of adventure stories, usually written under the pen name Captain W. E. Johns.  He is best remembered as the creator of the ace pilot and adventurer Biggles.
Charles Nungesser: Charles Eugène Jules Marie Nungesser, MC (15 March 1892 – presumably on or after 8 May 1927) was a French ace pilot and adventurer, best remembered as a rival of Charles Lindbergh.  Nungesser was a renowned ace in France, ranking third highest in the country with 43 air combat victories during World War I.
Gervais Raoul Lufbery: Gervais Raoul Victor Lufbery (March 14, 1885 – May 19, 1918) was a French and American fighter pilot and flying ace in World War I. Because he served in both the French Air Force, and later the United States Army Air Service in World War I, he is sometimes listed alternately as a French ace or as an American ace.  Officially, all but one of his 17 combat victories came while flying in French units.
L'Oiseau bleu (Metzinger): L'Oiseau bleu (also known as The Blue Bird and Der Blaue Vogel) is a large oil painting created in 1912–1913 by the French artist and theorist Jean Metzinger (1883–1956); considered by Guillaume Apollinaire and André Salmon as a founder of Cubism, along with Georges Braque and Pablo Picasso.  ""L'Oiseau bleu"", one of Metzinger's most recognizable and frequently referenced works, was first exhibited in Paris at the Salon des Indépendants in the spring of 1913 (n. 2087), several months after the publication of the first (and only) Cubist manifesto, ""Du «Cubisme»"", written by Jean Metzinger and Albert Gleizes (1912).  It was subsequently exhibited at the 1913 in Berlin (titled ""Der blaue Vogel"", n. 287).  Apollinaire described ""L'Oiseau bleu"" as a 'very brilliant painting' and 'his most important work to date'.  ""L'Oiseau bleu"", acquired by the City of Paris in 1937, forms part of the permanent collection at the Musée d'Art Moderne de la Ville de Paris.
Levasseur PL.8: The Leva",Charles Eugène
33,hotpotqa,Are Freakonomics and In the Realm of the Hackers both American documentaries?,"Hackers (film): Hackers is a 1995 American crime film directed by Iain Softley and starring Jonny Lee Miller, Angelina Jolie, Renoly Santiago, Matthew Lillard, Jesse Bradford, Lorraine Bracco, and Fisher Stevens.  The film follows a group of high school hackers and their involvement in a corporate extortion conspiracy.  Made in the 1990s when the internet was unfamiliar to the general public, it reflects the ideals laid out in the Hacker Manifesto quoted in the film: ""This is our world now... the world of the electron and the switch [...] We exist without skin color, without nationality, without religious bias... and you call us criminals.  [...] Yes, I am a criminal.  My crime is that of curiosity.""  ""Hackers"" has achieved cult classic status.
Freakonomics Radio: Freakonomics Radio is an American public radio program which discusses socioeconomic issues for a general audience.  The show is a spin-off of the 2005 book ""Freakonomics"".  Journalist Stephen Dubner hosts the show, with economist Steven Levitt as a regular guest.  The show is also distributed as a podcast, and is among the most popular on iTunes.  Created in September 2010, it is a weekly podcast.  Twice a year, a series of one-hour ""Freakonomics Radio"" specials air on public-radio stations around the country.
Heidi Ewing: Heidi Ewing is a director, producer, and writer of documentary films.  She and Rachel Grady founded Loki Films in 2001, and have collaborated on several documentaries together.  She is best known as the co-director of ""Jesus Camp"", which was nominated for an Academy Award for best documentary in 2006.  Next came""12th & Delaware"" (HBO), which premiered at the 2010 Sundance Film Festival.  The film ""casts a heart-rending light on the abortion divide"" (LA Times) and was honored with a Peabody Award.  ""Detropia"", a poetic look at Ewing's home town, also won several awards, including Best Editing at Sundance 2012, Outstanding Direction and Outstanding Original Score, at the 2013 Cinema Eye Honors for Nonfiction Filmmaking and a News and Documentary Emmy for editing.  ""Norman Lear: Just Another Version of You"" was the opening night selection of the 2016 Sundance Film Festival and premiered on PBS American Masters on October 25, 2016.  Other films as a director include ""The Boys of Baraka"", ""Freakonomics"", and ""The Education of Mohammed Hussein"".
Shayne Workman: Shayne Workman (born December 5, 1978) is an American author, actor, theatre director and stage manager.  His first work, '",no
34,hotpotqa,"Which band, Letters to Cleo or Screaming Trees, had more members?","Letters to Cleo: Letters to Cleo are an alternative rock band from Boston, Massachusetts, best known for the 1994 single, ""Here & Now"", from their full-length debut album, ""Aurora Gory Alice"".  The band's members are Kay Hanley, Greg McKenna, Michael Eisenstein, Stacy Jones, Scott Riebling, and later, Tom Polce.
Truly: Truly is an American rock band formed in the wake of the grunge era.  It featured singer-guitarist Robert Roth, bassist Hiro Yamamoto, and drummer Mark Pickerel.  Yamamoto and Pickerel were founding members respectively of Soundgarden and Screaming Trees.  While not a commercially successful group like some of their Seattle contemporaries, the band lasted a decade with two studio albums to their name.
Change Has Come: Change Has Come was the only recording the Screaming Trees released through Sub Pop.  Released in 1990 the Screaming Trees then moved on to a major label, Epic Records, for their next three albums - ""Uncle Anesthesia"", ""Sweet Oblivion,"" and ""Dust"", as well as the ""Something About Today"" EP.
Jamboree (Beat Happening album): Jamboree is the second album by Beat Happening, released in 1988 through K Records/Rough Trade Records.  All songs were produced by Steve Fisk with assistance from Screaming Trees members Mark Lanegan and Gary Lee Conner (who plays a brief guitar solo on ""Midnight a Go-Go""), except ""Cat Walk,"" produced by Patrick Maley, and ""The This Many Boyfriends Club,"" recorded live by Rich Jensen.  The album marks a darker approach to the Twee pop for which the band is known, due largely to a thicker production than is present on the group's earlier recordings and the dominance of tracks written by Calvin Johnson, while Heather Lewis only provides vocals on two songs, the uncharacteristically brash ""In Between"" and the more typically understated ""Ask Me.""  At the time of the album's release, Calvin described Jamboree's sound as ""dark and sexy.""  Still, the band retained their emphasis on exuberance over musicianship, as Bret Lunsford stated in an interview that, while recording album opener ""Bewitched,"" his guitar string got stuck on a protruding screw and he continued to play through the song, hitting the string a bit harder until it became unstuck.
Gary Lee Conner: Gary Lee Conner (born Lee Gary Conner on August 22, 1962 in Fort Irwin, California, USA) was the lead guitarist for rock act Screaming Trees, along with his brother Van Conner, who was the band's bassist.  Conner began his career with Screaming Trees in 1985",Letters to Cleo
35,hotpotqa,Alexander Kerensky was defeated and destroyed by the Bolsheviks in the course of a civil war that ended when ?,"Socialist Revolutionary Party: The Socialist Revolutionary Party, or Party of Socialists-Revolutionaries (the SRs; Russian: Партия социалистов-революционеров (ПСР), эсеры , ""esery"") was a major political party in early 20th century Russia and a key player in the Russian Revolution.  Its general ideology was revolutionary socialism of democratic socialist and agrarian socialist forms.  After the February Revolution of 1917, it shared power with other liberal and democratic socialist forces within the Russian Provisional Government.  In November 1917, it won a plurality of the national vote in Russia's first-ever democratic elections (to the Russian Constituent Assembly), but the October Revolution had changed the political landscape and the Bolsheviks disbanded the Constituent Assembly in January 1918.  The SRs soon split into pro-Bolshevik and anti-Bolshevik factions.  The anti-Bolshevik faction of this party, known as the Right SRs, which remained loyal to the Provisional Government leader Alexander Kerensky was defeated and destroyed by the Bolsheviks in the course of the Russian Civil War and subsequent persecution.
Communism in Russia: Communism in Russia began after Tsar Nicholas II lost his power during the February Revolution.  The Provisional Government was established under Prince Lvov, however, the Bolsheviks refused to accept the government and revolted in October 1917, taking control of Russia.  Vladmir Lenin, their leader, rose to power and governed between 1917 and 1924.  The Bolsheviks formed the Russian Soviet Federative Socialist Republic, marking the beginning of the Russian Civil War between the revolutionary Reds and the counter-revolutionary Whites.  In 1922 the Communist Reds were victorious, and formed the Soviet Union.  Lenin died in 1924, starting a power struggle which ended with Joseph Stalin seizing power.  He was the leader of the Communist Party until 1953.  He encouraged political paranoia and conducted the Great Purge to remove opponents of his dominance.
Lavr Kornilov: Lavr Georgiyevich Kornilov (Russian: Лавр Гео́ргиевич Корни́лов , ] ; 18 August 1870 – 13 April 1918) was a military intelligence officer, explorer, and general in the Imperial Russian Army during World War I and the ensuing Russian Civil War.  He is today best remembered for the Kornilov Affair, an unsuccessful endeavor in August/September 1917 that purported to strengthen Alexander Kerensky's Provisional Government, but which led to Kerensky eventually havi",October 1922
36,hotpotqa,Seven Brief Lessons on Physics was written by an Italian physicist that has worked in France since what year?,"Guido Caldarelli: Guido Caldarelli (born in Rome on 8 April 1967) is an Italian physicist (statistical physics) and full professor in Theoretical Physics at IMT School for Advanced Studies Lucca.  He is married with two children and lives in Lucca.
Aldo Pontremoli: Aldo Pontremoli (] ; 19 January 1896 – 25 May 1928) was an Italian physicist who held a chair of theoretical physics at the University of Milan from 1926 and who founded and directed the Institute of Advanced Physics at the University of Milan from 1924 until his disappearance and presumed death in May 1928.  Pontremoli was one of the six men who disappeared with the airborne envelope of the airship ""Italia"" after it had crashed on the Arctic ice on 25 May 1928.
Enrico Fermi: Enrico Fermi ( ; ] ; 29 September 1901 – 28 November 1954) was an Italian physicist and the creator of the world's first nuclear reactor, the Chicago Pile-1.  He has been called the ""architect of the nuclear age"" and the ""architect of the atomic bomb"".  He was one of the very few physicists in history to excel both theoretically and experimentally.  Fermi held several patents related to the use of nuclear power, and was awarded the 1938 Nobel Prize in Physics for his work on induced radioactivity by neutron bombardment and the discovery of transuranic elements.  He made significant contributions to the development of quantum theory, nuclear and particle physics, and statistical mechanics.
Micropædia: The 12-volume Micropædia is one of the three parts of the 15th edition of ""Encyclopædia Britannica"", the other two being the one-volume ""Propædia"" and the 17-volume ""Macropædia"".  The name ""Micropædia"" is a neologism coined by Mortimer J. Adler from the ancient Greek words for ""small"" and ""instruction""; the best English translation is perhaps ""brief lessons"".
Claudio Pellegrini: Claudio Pellegrini (born in Rome on May 9, 1935) is an Italian physicist known for his pioneering work on X-ray free electron lasers and collective effects in relativistic particle beams.  He was educated at the Sapienza University of Rome where he received the Laurea in Fisica ""summa cum laude"" in 1958 and the Libera Docenza, in 1965.  From 1958 to 1978, he worked at the Laboratori Nazionali di Frascati for high energy and nuclear physics.  In the early 1960s, he was at the Nordic Institute for Theoretical Physics (NORDITA) in Copenhagen, working on an alternative formulation of the theory of general relativity using tetrad fields to obtain, among othe",2000
37,hotpotqa,"The Livesey Hal War Memorial commemorates the fallen of which war, that had over 60 million casualties?","Livesey Hall War Memorial: The Livesey Hall War Memorial commemorates the fallen of World War I and World War II who had been employed by the South Suburban Gas Company of London.  It is also a tribute to those employees who served in the wars.  The monument was designed and executed by British sculptor Sydney March, of the March family of artists.
Alamein Memorial: The Alamein Memorial is a Commonwealth War Graves Commission war memorial in the El Alamein War Cemetery, El Alamein, Egypt.  The memorial commemorates 11,866 Commonwealth forces members who died during World War II.  The memorial was designed by Hubert Worthington and unveiled by Viscount Montgomery of Alamein on 24 October 1954.
Rainham War Memorial: The Rainham War Memorial commemorates soldiers killed in both World Wars as well as civilian casualties of World War II.
Portsmouth Naval Memorial: The Portsmouth Naval Memorial, sometimes known as Southsea Naval Memorial, is a war memorial in Portsmouth, Hampshire, England, on Southsea Common beside Clarence Esplanade, between Clarence Pier and Southsea Castle.  The memorial commemorates approximately 25,000 British and Commonwealth sailors who were lost in the World Wars, around 10,000 sailors in the First World War and 15,000 in the Second World War.  The memorial features a central obelisk, with names of the dead on bronze plaques arranged around the memorial according to the year of death.
Freetown Memorial: The Freetown Memorial is a Commonwealth War Graves Commission war memorial located outside the Secretariate Building in Freetown, Sierra Leone.  The memorial generally commemorates Soldiers from Sierra Leone who died whilst serving with the Royal West African Frontier Force in West Africa and whose graves are not known.  The Freetown Memorial commemorates 1,109 First World War casualties and 247 from the Second World War.
Vietnam War Memorial, Hanoi: The War Memorial in Hanoi is located across the Ba Dinh Square, across the Ho Chi Minh Mausoleum and close to Hanoi Citadel.  Constructed in 1993 in a fusion of traditional Vietnamese and modernist architecture, the memorial commemorates men and women who sacrificed themselves during the Second Indochina War.  The war is known by many names, e.g. as the American War in Vietnam.  The memorial is a focal point for state functions, commemorating the war dead.
Tower Hill Memorial: The Tower Hill Memorial is a Commonwealth War Graves Commission war memorial on the south side of Trinity Square Gar",World War II
38,hotpotqa,Are both Elko Regional Airport and Gerald R. Ford International Airport located in Michigan?,"Grantley Adams International Airport: Grantley Adams International Airport (GAIA) (IATA: BGI, ICAO: TBPB) is the international airport of Barbados, located in Seawell, Christ Church.  It is the only designated port of entry for persons arriving and departing by air in Barbados and operates as a major gateway to the Eastern Caribbean.  The airport has direct service to destinations in the United States, Canada, Central America and Europe and serves as the second hub for LIAT.  In 2016, the airport was the 8th busiest airport in the Caribbean region; and the third busiest airport in the Lesser Antilles; after Queen Beatrix International Airport located in Aruba, and Pointe-à-Pitre International Airport located in the Republic of France within the island of Guadeloupe.  GAIA, also remains an important air-link for cruise ship passengers departing and arriving at the Port of Bridgetown, and a base of operations for the Regional Security System (RSS), and the Regional (Caribbean) Police Training Centre.
Pensacola International Airport: Pensacola International Airport (IATA: PNS, ICAO: KPNS, FAA LID: PNS) , formerly Pensacola Gulf Coast Regional Airport and Pensacola Regional Airport (Hagler Field), is a public use airport three nautical miles (6 km) northeast of the central business district of Pensacola, in Escambia County, Florida, United States.  It is owned by the City of Pensacola.  Despite the name, this airport does not offer direct international flights.  This airport is one of the five major airports in North Florida, others being: Northwest Florida Beaches International Airport, Destin-Fort Walton Beach Airport Tallahassee International Airport, and Jacksonville International Airport.
Elko Regional Airport: Elko Regional Airport (IATA: EKO, ICAO: KEKO, FAA LID: EKO) , formerly Elko Municipal Airport, is a mile west of downtown Elko, in Elko County, Nevada.
Gerald R. Ford International Airport: Gerald R. Ford International Airport (IATA: GRR, ICAO: KGRR, FAA LID: GRR) is a commercial airport in Cascade Township approximately 13 mi southeast of Grand Rapids, Michigan.  The facility is owned by the Kent County Board of Commissioners and managed by an independent authority.  The Federal Aviation Administration (FAA) National Plan of Integrated Airport Systems for 2017–2021 categorized it as a small hub primary commercial service facility.
Pre-Commissioning Unit: A pre-commissioning unit (PRECOMMUNIT) or (PCU) is used by the United States Navy to describe ",no
39,hotpotqa,Ralph Hefferline was a psychology professor at a university that is located in what city?,"Princeton Neuroscience Institute: The Princeton Neuroscience Institute (PNI) is a center for neuroscience research at Princeton University.  PNI was created in 2006 as a partnership of Princeton University's departments of Psychology and Molecular Biology.  This partnership was led by psychology professor Jonathan Cohen and molecular biology professor David Tank, who continue to serve as Co-Directors of the Institute.  In 2014, PNI moved into a dedicated research complex that houses both PNI and the Department of Psychology.  The building is 248,00 square feet, and was designed by Rafael Moneo to meet LEED Silver certification.
Stanley Coren: Stanley Coren (born 1942) is a psychology professor and neuropsychological researcher who has become best known to the general public for his best selling and award-winning books regarding the intelligence, mental abilities and history of dogs. Through television shows and media coverage that have been broadcast in Canada and the United States as well as overseas, he has become popular with dog owners, while continuing research and instruction in psychology at the University of British Columbia in Vancouver, British Columbia.  He also writes for ""Psychology Today"" in the award-winning regular feature series Canine Corner .
Abraham Maslow: Abraham Harold Maslow ( ; April 1, 1908 – June 8, 1970) was an American psychologist who was best known for creating Maslow's hierarchy of needs, a theory of psychological health predicated on fulfilling innate human needs in priority, culminating in self-actualization.  Maslow was a psychology professor at Alliant International University, Brandeis University, Brooklyn College, New School for Social Research, and Columbia University.  He stressed the importance of focusing on the positive qualities in people, as opposed to treating them as a ""bag of symptoms.""  A ""Review of General Psychology"" survey, published in 2002, ranked Maslow as the tenth most cited psychologist of the 20th century.
E. Mavis Hetherington: E. Mavis Hetherington (born November 27, 1926) is a retired psychology professor at the University of Virginia.  She is a leading researcher on the impacts of divorce, family as units, and the development of children.  Throughout her career she has published more than 200 articles and edited 13 books.  While a professor at the University of Virginia she helped improve their psychology department, making them a nationally ranked program.  Hetherington also introduced a new m",New York City
40,hotpotqa,Which dog's ancestors include Gordon and Irish Setters: the Manchester Terrier or the Scotch Collie?,"Teddy Roosevelt Terrier: The Teddy Roosevelt Terrier is a small to medium-sized American hunting terrier.  Lower-set with shorter legs, more muscular, and heavier bone density than its cousin the American Rat Terrier.  There is much diversity in the history of the Teddy Roosevelt Terrier breed and it shares a common early history with the American Rat Terrier, Fox Paulistinha and Tenterfield Terrier.  It is said the Rat Terrier background stems from the terriers or other dogs that were brought over by early English and other working class immigrants.  Since the breed was a farm, hunting and utility dog there was little to no planned breeding other than breeding dogs with agreeable traits to each other in order to produce the desired work ethic in the dog.  It is assumed that the Feist (dog), Bull Terrier, Smooth Fox Terrier, Manchester Terrier, Whippet, Italian Greyhound, the now extinct English White Terrier, Turnspit dog and or Wry Legged Terrier all share in the Teddy Roosevelt Terrier's ancestry.  These early Ratting Terriers were then most likely bred to the Beagle or Beagle cross bred dogs (for increased scenting ability) and other dogs.  Maximizing the influences from these various breeds provides the modern Teddy Roosevelt Terrier with a keen sense of awareness and prey drive, an acute sense of smell and a very high intellect.  Although they tend to be aloof with strangers they are devoted companion dogs with a strong desire to please and be near their owners side at all times.
Manchester Terrier: The Manchester Terrier is a breed of dog of the smooth-haired terrier type.
Feist (dog): A Feist is a small hunting dog, descended from the terriers brought over to the United States by English miners and other working class immigrants.  These terriers probably included crosses between the Smooth Fox Terrier, the Manchester Terrier and the now extinct English White Terrier.  These dogs were used as ratters, and gambling on their prowess in killing rats was a favorite hobby of their owners.  Some of these dogs have been crossed with Whippets or Italian Greyhounds (for speed) and Beagles (for hunting ability) - extending the family to include a larger variety of purpose than the original ratter, or Rat Terrier.
English Setter: The English Setter is a medium size breed of dog.  It is part of the Setter family, which includes the red Irish Setters, Irish Red and White Setters, and black-and-tan Gordon Setters.  The mainly white body coat is of medium length w",Scotch Collie
41,hotpotqa,Where is the company that Sachin Warrier worked for as a software engineer headquartered? ,"Lead programmer: A lead programmer is a software engineer in charge of one or more software projects.  Alternative titles include ""development lead"", ""technical lead"", ""lead software engineer"", ""software design engineer lead"" (SDE lead), ""software development manager"", ""software manager"", or ""lead application developer"".  When primarily contributing in a high-level enterprise software design role, the title ""software architect"" (or similar) is often used.
Sachin Bansal: Sachin Bansal (born 5 August 1981) is an Indian Software engineer and Internet entrepreneur known for co-founding India's e-commerce platform Flipkart.  Sachin is from Chandigarh and is an engineering graduate from Indian Institute of Technology Delhi.
William Connolley: William Michael Connolley (born 12 April 1964) is a British software engineer, writer, and blogger on climatology.  Until December 2007 he was Senior Scientific Officer in the Physical Sciences Division in the Antarctic Climate and the Earth System project at the British Antarctic Survey, where he worked as a climate modeller.  After this he became a software engineer for Cambridge Silicon Radio.
Wes McKinney: Wes McKinney is an American statistician, data scientist and businessman.  He was the CEO and founder of technology startup Datapad.  He is the main author of the open-source Pandas package for data analysis in the Python programming language, and has also written the textbook ""Python for Data Analysis"" on the topic.  He worked as a software engineer for Cloudera following their acquisition of Datapad in 2014.  He is now a software engineer at Two Sigma Investments.
Sachin Warrier: Sachin Warrier is a playback singer and composer in the Malayalam cinema industry from Kerala.  He became notable with the song ""Muthuchippi Poloru"" from the film Thattathin Marayathu.  He made his debut with the movie Malarvaadi Arts Club.  He was working as a software engineer in Tata Consultancy Services in Kochi.  Later he resigned from the job to concentrate more on music.  His latest work is as a composer for the movie Aanandam.
Muthuchippi Poloru: ""Muthuchippy Poloru"" is a Malayalam song composed by Shaan Rahman that featured in the film ""Thattathin Marayathu"".  Written by Anu Elizabeth Jose.  It was sung by Sachin Warrier and actress Remya Nambeesan.  The song was one of the most popular Malayalam songs of 2012 and won several awards.  It was later reused in the Telugu remake of ""Thattathin Marayathu"", ""Saheba Subramanyam"", as ""Mudd",Mumbai
42,hotpotqa,"A Japanese manga series based on a 16 year old high school student Ichitaka Seto, is written and illustrated by someone born in what year?","Manga Bible (series): Manga Bible (新約聖書 , Shinyaku Seisho ) is a five-volume manga series based on the Christian Bible created under the direction of the non-profit organization Next, a group formed by people from the manga industry.  Though first published in English, the books are originally written in Japanese and each volume is illustrated by a Japanese manga artist.  Each book is adapted from the Bible by Hidenori Kumai.  The first two books were illustrated by manga artist Kozumi Shinozawa, while the remaining three will be illustrated by a different artist.  The first book in the series, ""Manga Messiah"" was published in 2006 and covered the four gospels of the Bible: Matthew, Mark, Luke, and John.  ""Manga Metamorphosis"" (2008) covers the events in Acts and several of Paul's letters.  ""Manga Mutiny"" (2008, 2009) begins in Genesis and ends in Exodus.  ""Manga Melech"" (2010) picks up where ""Manga Mutiny"" left off and continues into the reign of David.  The fifth, and currently final book, ""Manga Messengers"" (2011) addresses events starting with the reign of King Solomon and takes stories from several of the major and minor prophets, and the Book of Esther and concludes with anticipation of a messiah.
Masakazu Katsura: Masakazu Katsura (桂 正和 , Katsura Masakazu , born December 10, 1962) is a Japanese manga artist, known for several works of manga, including ""Wing-man"", ""Shadow Lady"", ""DNA²"", ""Video Girl Ai"", ""I""s"", and ""Zetman"".  He has also worked as character designer for """", ""Tiger & Bunny"" and """".
Neuro: Supernatural Detective: Neuro: Supernatural Detective, known in Japan as Majin Tantei Nōgami Neuro (Japanese: 魔人探偵 脳噛ネウロ , lit.  ""Demon Detective Neuro Nōgami"") , is a Japanese manga series written and illustrated by Yūsei Matsui.  The series follows Neuro Nōgami, a demon who depends on mysteries for sustenance.  Having consumed all the mysteries in the demon world, Neuro travels to the human world in search of more.  There, Neuro recruits high school student Yako Katsuragi as a facade for a detective agency.  The supernatural-themed manga was created because Matsui considered himself unable to draw humans.
Haven't You Heard? I'm Sakamoto: Haven't You Heard?  I'm Sakamoto (坂本ですが?  , Sakamoto desu ga?  , lit.  ""I'm Sakamoto, You Know?"")  is a Japanese manga series written and illustrated by Nami Sano.  The manga follows a high school student named Sakamoto, who has a reputation for being the ""coolest"" person among the entire student body.  The series h",1962
43,hotpotqa,The battle in which Giuseppe Arimondi lost his life secured what for Ethiopia?,"First Italo-Ethiopian War: The First Italo-Ethiopian War was fought between Italy and Ethiopia from 1895 to 1896.  It originated from a disputed treaty which, the Italians claimed, turned the country into an Italian protectorate.  Italy was supported by the two other triple alliance members Germany and Austria.  Much to their surprise, they found that Ethiopian ruler Menelik II, rather than being opposed by some of his traditional enemies, was supported by them, so the Italian army, invading Ethiopia from Italian Eritrea in 1893, faced a more united front than they expected.  In addition, Ethiopia was supported by Russia, an Orthodox Christian nation like Ethiopia with military advisers, army training, and the sale of weapons for Ethiopian forces during the war.  Ethiopia was also supported diplomatically by the United Kingdom and France in order to prevent Italy from becoming a colonial competitor.  Full-scale war broke out in 1895, with Italian troops having initial success until Ethiopian troops counterattacked Italian positions and besieged the Italian fort of Meqele, forcing its surrender.  Italian defeat came about after the Battle of Adwa, where the Ethiopian army dealt the heavily outnumbered Italians a decisive blow and forced their retreat back into Eritrea.
Ethiopia–Japan relations: Ethiopia–Japan relations are the international relations between Ethiopia and Japan.  Both were nations with an ancient history which successfully repulsed European military advances to dominate them, Ethiopia at the Battle of Adwa, and Japan at the Battle of Tsushima, and as a result both nations considered each other potential allies prior to World War II.
Outline of Ethiopia: Ethiopia is a landlocked sovereign country located in the Horn of Africa.  Ethiopia is bordered by Eritrea to the north, Sudan to the west, South Sudan to the south-west, Kenya to the south, Somalia to the east and Djibouti to the north-east.  Ethiopia is one of the oldest countries in the world and Africa's second-most populous nation.  Ethiopia has yielded some of humanity's oldest traces, making the area important in the history of human evolution.  Recent studies claim that the vicinity of present-day Addis Ababa was the point from which human beings migrated around the world.  Ethiopian dynastic history traditionally began with the reign of Emperor Menelik I in 1000 BC.  The roots of the Ethiopian state are similarly deep, dating with unbroken continuity to at least the Aksumite Empire (",sovereignty
44,hotpotqa,Alfred Balk served as the secretary of the Committee on the Employment of Minority Groups in the News Media under which United States Vice President?,"Cynthia Hogan: Cynthia C. Hogan (born Cincinnati, Ohio about 1958) is the Vice President for Public Policy and Government Affairs at Apple.  Previously Hogan served as Senior Vice President of Public Policy and Government Affairs for the National Football League, and prior to that as the Counsel to the Vice President of the United States, Joe Biden, under President Barack Obama.  Hogan previously worked as Chief Counsel to Vice President Biden during his time in the United States Senate and served as Staff Director of the Senate Judiciary Committee.
Gerald Ford: Gerald Rudolph Ford Jr. (born Leslie Lynch King Jr.; July 14, 1913 – December 26, 2006) was an American politician who served as the 38th President of the United States from August 1974 to January 1977, following the resignation of Richard Nixon.  Prior to this he served eight months as the 40th Vice President of the United States, following the resignation of Spiro Agnew.  He was the first person appointed to the vice presidency under the terms of the 25th Amendment, and consequently the only person to have served as both Vice President and President of the United States without being elected to executive office.  Before his appointment to the vice presidency, Ford served 25 years as U.S. Representative from Michigan's 5th congressional district, the final nine of them as the House Minority Leader.
Nelson Rockefeller: Nelson Aldrich Rockefeller (July 8, 1908 – January 26, 1979) was an American businessman and politician.  He served as the 41st Vice President of the United States from 1974 to 1977, and previously as the 49th Governor of New York (1959–1973).  He also served as Assistant Secretary of State for American Republic Affairs for Presidents Franklin D. Roosevelt and Harry S. Truman as well as Under Secretary of Health, Education and Welfare under Dwight D. Eisenhower.  A member of the wealthy Rockefeller family, he was also a noted art collector, as well as administrator of Rockefeller Center in Manhattan, New York.
Robert Nyce: Robert E. Nyce is a former Republican member of the Pennsylvania House of Representatives.  A graduate of Northampton Area Senior High School, Northampton, PA and Moravian College, Bethlehem, PA for over twenty years he was a tax professional working at Lehigh Portland Cement Company, Allentown, PA from 1970 to 1973, Manager, Credit Taxes, Insurance and Payroll at Frick Company, Waynesboro, PA from 1973 to 1975, Senior Tax Accountant for Bethlehem Steel Corporation",Nelson Rockefeller
45,hotpotqa,"A medieval fortress in Dirleton, East Lothian, Scotland borders on the south side of what coastal area?","Lothian and Borders: Lothian and Borders is an area in south-east Scotland consisting of the East Lothian, City of Edinburgh, Midlothian, West Lothian areas (collectively known as Lothian) along with the Scottish Borders.
Scottish Borders: The Scottish Borders (Scots: ""The Mairches"" , ""The Marches"") is one of 32 council areas of Scotland.  It borders the City of Edinburgh, Dumfries and Galloway, East Lothian, Midlothian, South Lanarkshire, West Lothian and, to the south and east, Northumberland in England.  The administrative centre of the area is Newtown St Boswells.
Dirleton Kirk: Dirleton Kirk is situated to the north of the village green in Dirleton, in East Lothian, Scotland.  Dirleton village lies on the south shore of the Firth of Forth 21 miles east of Edinburgh and two miles west of North Berwick on the A198 road.  The church is at grid reference [ NT512842] .
Dirleton: Dirleton (Scottish Gaelic 'Duighreach') is a village and parish in East Lothian, Scotland approximately 20 mi east of Edinburgh on the A198.  It contains 7500 acre .  Dirleton lies between North Berwick (east), Gullane (west), Fenton Barns (south) and the Yellowcraigs nature reserve, Archerfield Estate and the Firth of Forth (north).  Gullane parish was joined to Dirleton parish in 1612 by an Act of Parliament because ""Golyn (as it was anciently spelt) is ane decaying toun, and Dirleton is ane thriven place.""
Haddington, East Lothian: The Royal Burgh of Haddington (Scots: ""Haidintoun"" ) is a town in East Lothian, Scotland.  It is the main administrative, cultural and geographical centre for East Lothian, which as a result of late-nineteenth century Scottish local government reforms, actually took the form of the county of Haddingtonshire for the period from 1889-1921.  It lies about 20 mi east of Edinburgh.  The name Haddington is Anglo-Saxon, dating from the sixth or seventh century AD when the area was incorporated into the kingdom of Bernicia.  The town, like the rest of the Lothian region, was ceded by King Edgar of England and became part of Scotland in the tenth century.  Haddington received burghal status, one of the earliest to do so, during the reign of David I (1124–1153), giving it trading rights which encouraged its growth into a market town.
Yellowcraigs: Yellowcraig, less commonly known as Broad Sands Bay, is a coastal area of forest, beach and grassland in East Lothian, south-east Scotland.  Yellowcraig is partly within the Firth of Forth Site of Special Scientific I",Yellowcraig
46,hotpotqa,Who is the writer of this song that was inspired by words on a tombstone and was the first track on the box set Back to Mono?,"Trash Box: Trash Box is a 5-CD box set of mid-1960s garage rock and psychedelic rock recordings, primarily by American bands.  This box set is similar to the earlier ""Pebbles Box"" (a 5-LP box set) and includes almost all of the same recordings in that box set (and in the same order), along with numerous bonus tracks at the end of each disc.  Supposedly, ""the Trash Box"" collects the first five volumes of the CDs in the Pebbles series (i.e., those released by AIP Records, not to be confused with the 4 earlier CDs that were issued by ESD Records).  However, as is generally true of the CD reissues of these five volumes (though not nearly to the same extent), the tracks differ significantly on all five discs as compared to both the original Pebbles LPs and the later Pebbles CDs in the corresponding volumes; and the surf rock rarities on ""Pebbles, Volume 4"" have been eschewed entirely.  Overall, there are 109 tracks in the box set (excluding the introduction and ending cuts) as compared to 101 songs on the individual CDs and 72 tracks in the ""Pebbles Box"".  Although most of the recordings on ""the Trash Box"" were released at some point on one of the individual Pebbles albums, several of the songs have not appeared elsewhere in the Pebbles series.  Inexplicably, one of these songs is the well-known hit ""I Fought the Law (but the Law Won)"" by the Bobby Fuller Four (on Disc Four) – which is also included in the ""Pebbles Box"" – in place of the much rarer ""Wine Wine Wine"" by Bobby Fuller that appears on ""Pebbles, Volume 2"".
Chrome, Smoke &amp; BBQ: Chrome, Smoke & BBQ is a box set by American blues-rock band ZZ Top, released in 2003.  At the time of release, this box set was notable for using the original mixes for all of the tracks from the band's first five albums for the first time on the CD format.  This box set, and the companion release ""Rancho Texicano"", were the only two CD releases which featured original mixes from ""ZZ Top's First Album"", ""Rio Grande Mud"", and ""Tejas"", aside from 1977's ""The Best of ZZ Top"" which features two tracks from ""Rio Grande Mud"" and one track from ""First Album"". "" Tres Hombres"" and ""Fandango! "" were reissued in their original mixes in 2006, and in 2013, Warner Brothers released the CD box set 'The Complete Studio Albums 1970-1990' which includes the first ten ZZ Top studio albums, all with the original mixes.
Back to Mono (1958–1969): Back to Mono (1958–1969) is a box set (4 compact discs or 5 vinyl LPs) compilation of the recorded ",Phil Spector
47,hotpotqa,What type of forum did a former Soviet statesman initiate?,"Nikolai Podgorny: Nikolai Viktorovich Podgorny (Russian: Никола́й Ви́кторович Подго́рный ; ] , Ukrainian: Микола Вікторович Підгорний ; 18 February [O.S. 5 February] 1903 – 11 January 1983) was a Soviet statesman during the Cold War.  He served as First Secretary of the Central Committee of the Communist Party of Ukraine from 1957 to 1963 and as Chairman of the Presidium of the Supreme Soviet from 1965 to 1977.  He was replaced as Chairman of the Presidium of the Supreme Soviet in 1977 by General Secretary Leonid Brezhnev.  That same year he lost his seat in the Political Bureau (Politburo) and was forced to resign from active politics.
Andrei Kirilenko (politician): Andrei Pavlovich Kirilenko (Russian: Андре́й Па́влович Кириле́нко ; ] ; 8 September [O.S. 26 August] 1906 – 12 May 1990) was a Soviet statesman from the start to the end of the Cold War.  In 1906, Kirilenko was born at Alexeyevka in Belgorod Oblast to a Ukrainian working-class family.  He graduated in the 1920s from a local vocational school, and again in the mid-to-late 1930s from the Rybinsk Aviation Technology Institute.  He became a member of the All-Union Communist Party (bolsheviks) in 1930.  As many like him, Kirilenko climbed up the Soviet hierarchy through the ""industrial ladder""; by the 1960s, he was Vice-Chairman of the Bureau of the Central Committee of the Russian Soviet Federative Socialist Republic (RSFSR).  After Nikita Khrushchev's forced resignation, Kirilenko became Leonid Brezhnev's ""chief lieutenant"" within the Central Committee.
MS Excelsior Neptune: MS ""Excelsior Neptune"" (originally, the ""Feliks Dzerzhinskiy"") was an ocean liner owned by the Soviet Union's Black Sea Shipping Company.  She was built in 1958 by VEB Mathias-Thesen Werft, Wismar, East Germany, as one of the Mikhail Kalinin series of ships.  It was named after Felix Dzerzhinsky, a Soviet statesman and founder of the Soviet secret police (Cheka).
Mikhail Suslov: Mikhail Andreyevich Suslov (Russian: Михаи́л Андре́евич Су́слов ; 21 November [O.S. 8 November] 1902 25 January 1982) was a Soviet statesman during the Cold War.  He served as Second Secretary of the Communist Party of the Soviet Union from 1965, and as unofficial Chief Ideologue of the Party until his death in 1982.  Suslov was responsible for party democracy and the power separation within the Communist Party.  His hardline attitude toward change made him one of the foremost anti-reformist Soviet leaders.
Ephraim Sklyansky: Ephraim Markovich Sklyans",Organizations could come together to address global issues
48,hotpotqa,Are Ferocactus and Silene both types of plant?,"Silene latifolia: Silene latifolia (formerly ""Melandrium album""), the white campion is a dioecious flowering plant in the family Caryophyllaceae, native to most of Europe, Western Asia and Northern Africa.  It is a herbaceous annual, occasionally biennial or a short-lived perennial plant, growing to between 40-80 centimetres tall.  It is also known in the USA as bladder campion but should not be confused with ""Silene vulgaris"", which is more generally called Bladder Campion.
Silene tomentosa: Silene tomentosa, the Gibraltar campion, is a very rare flowering plant of the genus ""Silene"" and the family Caryophyllaceae.  It is a woody-based perennial about 40cm high, with bilobed flowers ranging from pink to pale violet and is endemic to Gibraltar.
Silene conoidea: Silene conoidea is a species of flowering plant in the pink family known by the common names weed silene and large sand catchfly.  It is native to Eurasia, and it is known in other parts of the world, such as western North America, as a weed.  It is an annual herb growing up to a meter in height with a hairy, partially glandular stem.  The lance-shaped leaves are up to 12 centimeters long near the base of the plant and smaller farther up.  The flower is enclosed in an inflated, hairy, glandular calyx of fused sepals which is ridged with many veins.  It is open at the top, revealing five bright pink petals.
Silene: Silene is a genus of flowering plants in the family Caryophyllaceae.  Containing approximately 700 species, it is the largest genus in the family.  Common names include campion (which is shared with the related genus ""Lychnis"") and catchfly.  Many ""Silene"" species are widely distributed, particularly in the northern hemisphere.
Silene stenophylla: Silene stenophylla is a species of flowering plant in the family Caryophyllaceae.  Commonly called narrow-leafed campion, it is a species in the genus ""Silene"".  It grows in the Arctic tundra of far eastern Siberia and the mountains of Northern Japan.  Frozen samples, estimated via radiocarbon dating to be around 32,000 years old, were discovered in the same area as current living specimens, and in 2012 a team of scientists successfully regenerated a plant from the samples.
Silene menziesii: Silene menziesii is a species of flowering plant in the pink family known by the common names Menzies' campion and Menzies' catchfly.  It is native to western North America from Alaska through the western half of Canada to the southwestern United States.  It ",yes
49,hotpotqa,Which British first-generation jet-powered medium bomber was used in the South West Pacific theatre of World War II?,"No. 2 Squadron RAAF: No. 2 Squadron is a Royal Australian Air Force (RAAF) squadron that operates from RAAF Base Williamtown, near Newcastle, New South Wales.  From its formation in 1916 as part of the Australian Flying Corps, it has flown a variety of aircraft types including fighters, bombers, and Airborne Early Warning & Control (AEW&C).  During World War I, the squadron operated on the Western Front conducting fighter sweeps and ground-attack missions.  It was disbanded in mid-1919, following the end of hostilities.  The squadron was briefly re-raised in 1922 as part of the newly independent RAAF, but was disbanded after only a couple of months and not reformed until 1937.  It saw action as a bomber unit in the South West Pacific theatre of World War II and, equipped with English Electric Canberra jets, in the Malayan Emergency and the Vietnam War.  The squadron was again disbanded in 1982, following the retirement of the Canberra.  It was re-formed in 2000 to operate the Boeing 737 AEW&C ""Wedgetail"".  One of the six Boeing 737s was deployed to the Middle East in September 2014, as part of Australia's contribution to the military coalition against ISIS.
South West Pacific theatre of World War II: The South West Pacific theatre, during World War II, was a major theatre of the war between the Allies and Japan.  It included the Philippines, the Dutch East Indies (except for Sumatra), Borneo, Australia and its mandate Territory of New Guinea (including the Bismarck Archipelago) and the western part of the Solomon Islands.  This area was defined by the Allied powers' South West Pacific Area (SWPA) command.
English Electric Canberra: The English Electric Canberra is a British first-generation jet-powered medium bomber that was manufactured during the 1950s.  It was developed by English Electric during the mid-to-late 1940s in response to a 1944 Air Ministry requirement for a successor to the wartime de Havilland Mosquito fast-bomber.  Amongst the performance requirements for the type was the demand for an outstanding high altitude bombing capability in addition to flying at high speeds.  These were partly accomplished by making use of newly developed jet propulsion technology.  When the Canberra was introduced to service with the Royal Air Force (RAF), the type's first operator, in May 1951, it became the service's first jet-powered bomber aircraft.
Asiatic-Pacific Theater: The Asiatic-Pacific Theater, was the theater of operations of U.S. forces during Worl",English Electric Canberra
